cluster,gene,score,log2FoldChange,pValue,adjustedPValue,fractionInCluster,fractionOutsideCluster,rankWithinCluster,detectionDifference,topSourceLabel,isSharedCandidate,isDiseaseAssociatedCandidate,isUnexpectedConvergenceCandidate,isAnyCandidate
0,ENSG00000211592,49.355804,,2.1730859034257346e-272,4.346171806851469e-269,1.0,1.0,1,0.0,B cell,True,False,False,True
0,ENSG00000132465,39.825027,,9.083770441732836e-210,4.541885220866418e-207,1.0,1.0,2,0.0,B cell,True,False,False,True
0,ENSG00000211895,36.556988,,1.5838913872824294e-187,6.335565549129717e-185,1.0,1.0,3,0.0,B cell,True,False,False,True
0,ENSG00000170476,33.84528,,9.043744985400791e-169,1.808748997080158e-166,1.0,1.0,4,0.0,B cell,True,False,False,True
0,ENSG00000211896,32.618805,,2.7086714288145486e-160,4.514452381357581e-158,1.0,1.0,5,0.0,B cell,True,False,False,True
0,ENSG00000211677,31.149721,,3.957598364037009e-150,5.653711948624298e-148,1.0,1.0,6,0.0,B cell,True,False,False,True
0,ENSG00000211897,28.62532,,1.143698747718713e-132,1.4296234346483912e-130,1.0,1.0,7,0.0,B cell,True,False,False,True
0,ENSG00000211675,27.710533,,2.218133969617095e-126,2.609569376020112e-124,1.0,1.0,8,0.0,B cell,True,False,False,True
0,ENSG00000211679,26.87592,,1.1822009703081054e-120,1.3135566336756727e-118,1.0,1.0,9,0.0,B cell,True,False,False,True
0,ENSG00000253755,25.507093,,2.4351539255982336e-111,1.9481231404785868e-109,1.0,1.0,10,0.0,B cell,True,False,False,True
0,ENSG00000211892,25.281454,,8.144578338294321e-110,6.265060260226401e-108,1.0,1.0,11,0.0,B cell,True,False,False,True
0,ENSG00000099958,24.07931,,9.737820939893751e-102,6.71573857923707e-100,1.0,1.0,12,0.0,B cell,True,False,False,True
0,ENSG00000286848,22.564287,,1.0131230080047021e-91,5.195502605152319e-90,1.0,1.0,13,0.0,B cell,True,False,False,True
0,ENSG00000206560,18.205797,4.6152635,2.055405326178066e-64,6.228500988418383e-63,1.0,1.0,14,0.0,B cell,True,False,False,True
0,ENSG00000105369,16.776873,,5.697852051888073e-56,1.47996157191898e-54,1.0,1.0,15,0.0,B cell,True,False,False,True
0,ENSG00000211899,16.568632,,8.965052605710492e-55,2.2987314373616643e-53,1.0,1.0,16,0.0,B cell,True,False,False,True
0,ENSG00000183508,16.532558,7.3750634,1.304778508859834e-54,3.3032367312907193e-53,1.0,1.0,17,0.0,B cell,True,False,False,True
0,ENSG00000211890,16.272781,,4.316365533774767e-53,1.0277060794701826e-51,1.0,1.0,18,0.0,B cell,True,False,False,True
0,ENSG00000176533,15.634182,7.0848446,1.4529124079383692e-49,3.0913029956135514e-48,1.0,1.0,19,0.0,B cell,True,False,False,True
0,ENSG00000211893,14.728345,,1.1915689109131707e-44,2.1664889289330377e-43,1.0,1.0,20,0.0,B cell,True,False,False,True
0,ENSG00000255733,14.698986,,1.6596013404503004e-44,2.9902726854960367e-43,1.0,1.0,21,0.0,B cell,True,False,False,True
0,ENSG00000211673,13.836076,,5.123876124731232e-40,8.069096259419263e-39,1.0,1.0,22,0.0,B cell,True,False,False,True
0,ENSG00000211593,12.290406,,1.8107288072589966e-32,2.0694043511531387e-31,1.0,1.0,23,0.0,B cell,True,False,False,True
0,ENSG00000168421,11.992037,4.326936,4.070942966824186e-31,4.262767504527944e-30,1.0,1.0,24,0.0,B cell,True,False,False,True
0,ENSG00000090104,11.572423,3.177778,3.2585827255176875e-29,3.1636725490462986e-28,1.0,1.0,25,0.0,B cell,True,False,False,True
0,ENSG00000121101,11.122823,4.1904154,3.2385229361406805e-27,2.828404311039896e-26,1.0,1.0,26,0.0,B cell,True,False,False,True
0,ENSG00000211598,10.468113,,2.0002292299722526e-24,1.4707567867443034e-23,1.0,1.0,27,0.0,B cell,True,False,False,True
0,ENSG00000137265,9.898424,5.9652286,4.013232439820862e-22,2.589182219239266e-21,1.0,1.0,28,0.0,B cell,True,False,False,True
0,ENSG00000287092,9.49853,,1.4571772865221813e-20,8.546494349103704e-20,1.0,1.0,29,0.0,B cell,True,False,False,True
0,ENSG00000211642,9.243951,,1.3535370626325767e-19,7.585803276292477e-19,1.0,1.0,30,0.0,B cell,True,False,False,True
0,ENSG00000121895,9.03896,,7.709274294091249e-19,4.125134851830084e-18,1.0,1.0,31,0.0,B cell,True,False,False,True
0,ENSG00000100629,8.970618,5.137516,1.369677205472985e-18,7.189906590409371e-18,1.0,1.0,32,0.0,B cell,True,False,False,True
0,ENSG00000170819,8.487688,,7.357986225368181e-17,3.5374933775808566e-16,1.0,1.0,33,0.0,B cell,True,False,False,True
0,ENSG00000263961,8.150042,,1.0533312137912206e-15,4.734072870971778e-15,1.0,1.0,34,0.0,B cell,True,False,False,True
0,ENSG00000106415,8.149829,4.5188947,1.0458770380202227e-15,4.711157828919923e-15,1.0,1.0,35,0.0,B cell,True,False,False,True
0,ENSG00000188825,8.044549,3.9918287,2.364897697672967e-15,1.0441049437849743e-14,1.0,1.0,36,0.0,B cell,True,False,False,True
0,ENSG00000197329,8.040655,2.5822763,2.428821941631861e-15,1.0699656130536832e-14,1.0,1.0,37,0.0,B cell,True,False,False,True
0,ENSG00000257261,8.031961,,2.603225877340242e-15,1.1442751109187879e-14,1.0,1.0,38,0.0,B cell,True,False,False,True
0,ENSG00000187323,7.9162483,5.2502747,6.341590205960773e-15,2.698549023813095e-14,1.0,1.0,39,0.0,B cell,True,False,False,True
0,ENSG00000081189,7.8294425,2.4398742,1.2032424701924468e-14,5.045041803741915e-14,1.0,1.0,40,0.0,B cell,True,False,False,True
0,ENSG00000204388,7.728331,3.438569,2.5663514350100234e-14,1.0496324887566558e-13,1.0,1.0,41,0.0,B cell,True,False,False,True
0,ENSG00000273802,7.542637,,1.0151763178680218e-13,4.028477451857229e-13,1.0,1.0,42,0.0,B cell,True,False,False,True
0,ENSG00000211949,7.5377235,,1.0557705813541956e-13,4.1730062504118405e-13,1.0,1.0,43,0.0,B cell,True,False,False,True
0,ENSG00000243466,7.426144,,2.360626612626746e-13,9.132017843817197e-13,1.0,1.0,44,0.0,B cell,True,False,False,True
0,ENSG00000184588,7.2315884,2.3158164,9.24512480909126e-13,3.4172294249018043e-12,1.0,1.0,45,0.0,B cell,True,False,False,True
0,ENSG00000239951,7.2154517,,1.048131641625904e-12,3.846354648168455e-12,1.0,1.0,46,0.0,B cell,True,False,False,True
0,ENSG00000234883,7.04034,3.945173,3.499689758416032e-12,1.2279613187424673e-11,1.0,1.0,47,0.0,B cell,True,False,False,True
0,ENSG00000197253,6.99982,4.415947,4.615528588129279e-12,1.5998365990049492e-11,1.0,1.0,48,0.0,B cell,True,False,False,True
0,ENSG00000211685,6.833145,,1.4278592425472725e-11,4.7995268657051175e-11,1.0,1.0,49,0.0,B cell,True,False,False,True
0,ENSG00000023445,6.804659,3.8356655,1.7124807440143412e-11,5.736953916295951e-11,1.0,1.0,50,0.0,B cell,True,False,False,True
0,ENSG00000211648,6.7319627,,2.793415927100063e-11,9.280451585050043e-11,1.0,1.0,51,0.0,B cell,True,False,False,True
0,ENSG00000017427,6.6700873,4.8487782,4.169834558126575e-11,1.3626910320675084e-10,1.0,1.0,52,0.0,B cell,True,False,False,True
0,ENSG00000286122,6.6572423,4.902443,4.5268730966252776e-11,1.4769569646412e-10,1.0,1.0,53,0.0,B cell,True,False,False,True
0,ENSG00000035720,6.5609236,,8.478770451094688e-11,2.7132065443503003e-10,1.0,1.0,54,0.0,B cell,True,False,False,True
0,ENSG00000241351,6.5318346,,1.0244374606463202e-10,3.267743096160511e-10,1.0,1.0,55,0.0,B cell,True,False,False,True
0,ENSG00000211938,6.531604,,1.0263343372215605e-10,3.268580691788409e-10,1.0,1.0,56,0.0,B cell,True,False,False,True
0,ENSG00000211950,6.4296083,,1.9645120258264143e-10,6.158344908546752e-10,1.0,1.0,57,0.0,B cell,True,False,False,True
0,ENSG00000204389,6.3742895,2.9185517,2.757137968282165e-10,8.509685087290633e-10,1.0,1.0,58,0.0,B cell,True,False,False,True
0,ENSG00000270550,6.362058,,3.004320213888744e-10,9.244062196580752e-10,1.0,1.0,59,0.0,B cell,True,False,False,True
0,ENSG00000211959,6.284754,,4.863407223812026e-10,1.4759961225529668e-09,1.0,1.0,60,0.0,B cell,True,False,False,True
0,ENSG00000158373,6.250538,,5.983743201364171e-10,1.7915398806479553e-09,1.0,1.0,61,0.0,B cell,True,False,False,True
0,ENSG00000211653,6.245811,,6.18470047256844e-10,1.846179245542818e-09,1.0,1.0,62,0.0,B cell,True,False,False,True
0,ENSG00000122224,6.228095,,6.870880400305991e-10,2.0449048810434495e-09,1.0,1.0,63,0.0,B cell,True,False,False,True
0,ENSG00000244437,6.216258,,7.416725291117689e-10,2.1975482344052412e-09,1.0,1.0,64,0.0,B cell,True,False,False,True
0,ENSG00000211651,6.145966,,1.1392115607159324e-09,3.326165140776445e-09,1.0,1.0,65,0.0,B cell,True,False,False,True
0,ENSG00000256690,5.940284,,3.892597902378005e-09,1.0903635580890772e-08,1.0,1.0,66,0.0,B cell,True,False,False,True
0,ENSG00000117090,5.818606,,7.9214205991435e-09,2.1710900574171414e-08,1.0,1.0,67,0.0,B cell,True,False,False,True
0,ENSG00000154645,5.797667,,8.947465055494978e-09,2.441327436697129e-08,1.0,1.0,68,0.0,B cell,True,False,False,True
0,ENSG00000211666,5.7595677,,1.1158307636046534e-08,3.0157588205531174e-08,1.0,1.0,69,0.0,B cell,True,False,False,True
0,ENSG00000224373,5.7336082,,1.2953933067736416e-08,3.472904307704133e-08,1.0,1.0,70,0.0,B cell,True,False,False,True
0,ENSG00000211956,5.7240214,,1.3680672712160604e-08,3.6481793899094946e-08,1.0,1.0,71,0.0,B cell,True,False,False,True
0,ENSG00000058091,5.670218,2.2173321,1.8478262691190276e-08,4.875531053084506e-08,1.0,1.0,72,0.0,B cell,True,False,False,True
0,ENSG00000161405,5.6473384,7.852135,2.1038312538975055e-08,5.514629761199228e-08,1.0,1.0,73,0.0,B cell,True,False,False,True
0,ENSG00000153162,5.565644,3.0140202,3.329288736587112e-08,8.580641073678125e-08,1.0,1.0,74,0.0,B cell,True,False,False,True
0,ENSG00000211662,5.512754,,4.477503959496297e-08,1.1452947541837654e-07,1.0,1.0,75,0.0,B cell,True,False,False,True
0,ENSG00000270022,5.455656,5.56078,6.113331181475351e-08,1.5437705003725635e-07,1.0,1.0,76,0.0,B cell,True,False,False,True
0,ENSG00000171791,5.447062,2.5347753,6.392636535621746e-08,1.6082104492130178e-07,1.0,1.0,77,0.0,B cell,True,False,False,True
0,ENSG00000278196,5.442774,,6.572808378814497e-08,1.6514593916619338e-07,1.0,1.0,78,0.0,B cell,True,False,False,True
0,ENSG00000165591,5.4327526,,6.921043964806437e-08,1.7324265243570556e-07,1.0,1.0,79,0.0,B cell,True,False,False,True
0,ENSG00000211966,5.289141,,1.5042851994335664e-07,3.686973528023447e-07,1.0,1.0,80,0.0,B cell,True,False,False,True
0,ENSG00000211943,5.264079,,1.7185913885772835e-07,4.196804367710094e-07,1.0,1.0,81,0.0,B cell,True,False,False,True
0,ENSG00000265451,5.2618837,4.7455425,1.7351253036951457e-07,4.232012935841819e-07,1.0,1.0,82,0.0,B cell,True,False,False,True
0,ENSG00000211660,5.2539706,,1.8123824832666466e-07,4.415060860576484e-07,1.0,1.0,83,0.0,B cell,True,False,False,True
0,ENSG00000012223,5.1897526,,2.538060112446192e-07,6.057422702735542e-07,1.0,1.0,84,0.0,B cell,True,False,False,True
0,ENSG00000211644,5.164264,,2.9023919714390453e-07,6.902240122328289e-07,1.0,1.0,85,0.0,B cell,True,False,False,True
0,ENSG00000211945,5.0876117,,4.3158847106084283e-07,1.0166984006144708e-06,1.0,1.0,86,0.0,B cell,True,False,False,True
0,ENSG00000135074,5.0350714,3.13706,5.630259580748669e-07,1.3078419467476583e-06,1.0,1.0,87,0.0,B cell,True,False,False,True
0,ENSG00000285646,5.0251565,5.7543736,5.928537771462998e-07,1.3739369111154108e-06,1.0,1.0,88,0.0,B cell,True,False,False,True
0,ENSG00000211964,4.995537,,6.90272355376209e-07,1.594162483547827e-06,1.0,1.0,89,0.0,B cell,True,False,False,True
0,ENSG00000164691,4.9525657,2.771119,8.542901857835289e-07,1.950434214117646e-06,1.0,1.0,90,0.0,B cell,True,False,False,True
0,ENSG00000211955,4.9265037,,9.76740331023825e-07,2.2148306825937075e-06,1.0,1.0,91,0.0,B cell,True,False,False,True
0,ENSG00000211947,4.8999257,,1.1148286148714808e-06,2.5222366852295944e-06,1.0,1.0,92,0.0,B cell,True,False,False,True
0,ENSG00000211668,4.872868,,1.27488040353839e-06,2.868122392662295e-06,1.0,1.0,93,0.0,B cell,True,False,False,True
0,ENSG00000048052,4.863617,5.0756817,1.330756628386746e-06,2.9871080322934817e-06,1.0,1.0,94,0.0,B cell,True,False,False,True
0,ENSG00000211935,4.8487124,,1.436289274264393e-06,3.2095849704232247e-06,1.0,1.0,95,0.0,B cell,True,False,False,True
0,ENSG00000157680,4.818408,,1.6650953685299856e-06,3.679768770232013e-06,1.0,1.0,96,0.0,B cell,True,False,False,True
0,ENSG00000280411,4.7051167,,2.887448306530108e-06,6.2498881093725285e-06,1.0,1.0,97,0.0,B cell,True,False,False,True
0,ENSG00000091409,4.700079,,2.95228149340804e-06,6.383311337098465e-06,1.0,1.0,98,0.0,B cell,True,False,False,True
0,ENSG00000172236,4.6650352,4.218353,3.4895708246407335e-06,7.456347915899003e-06,1.0,1.0,99,0.0,B cell,True,False,False,True
0,ENSG00000124813,4.626688,,4.186505459612879e-06,8.88854662338191e-06,1.0,1.0,100,0.0,B cell,True,False,False,True
1,ENSG00000081237,107.269424,,0.0,0.0,1.0,1.0,1,0.0,"CD4-positive, alpha-beta T cell",True,True,False,True
1,ENSG00000010810,84.51258,,0.0,0.0,1.0,1.0,2,0.0,"CD4-positive, alpha-beta T cell",True,True,False,True
1,ENSG00000168685,79.29065,,0.0,0.0,1.0,1.0,3,0.0,"CD4-positive, alpha-beta T cell",True,True,False,True
1,ENSG00000075884,78.59563,,0.0,0.0,1.0,1.0,4,0.0,"CD4-positive, alpha-beta T cell",True,True,False,True
1,ENSG00000116824,78.05933,,0.0,0.0,1.0,1.0,5,0.0,"CD4-positive, alpha-beta T cell",True,True,False,True
1,ENSG00000008517,74.749374,,0.0,0.0,1.0,1.0,6,0.0,"CD4-positive, alpha-beta T cell",True,True,False,True
1,ENSG00000141293,73.03541,,0.0,0.0,1.0,1.0,7,0.0,"CD4-positive, alpha-beta T cell",True,True,False,True
1,ENSG00000127152,72.128296,,0.0,0.0,1.0,1.0,8,0.0,"CD4-positive, alpha-beta T cell",True,True,False,True
1,ENSG00000153283,70.99545,,0.0,0.0,1.0,1.0,9,0.0,"CD4-positive, alpha-beta T cell",True,True,False,True
1,ENSG00000121966,70.96142,,0.0,0.0,1.0,1.0,10,0.0,"CD4-positive, alpha-beta T cell",True,True,False,True
1,ENSG00000167286,70.49532,,0.0,0.0,1.0,1.0,11,0.0,"CD4-positive, alpha-beta T cell",True,True,False,True
1,ENSG00000110848,68.251816,,0.0,0.0,1.0,1.0,12,0.0,"CD4-positive, alpha-beta T cell",True,True,False,True
1,ENSG00000198851,66.828575,,0.0,0.0,1.0,1.0,13,0.0,"CD4-positive, alpha-beta T cell",True,True,False,True
1,ENSG00000113263,66.13055,,0.0,0.0,1.0,1.0,14,0.0,"CD4-positive, alpha-beta T cell",True,True,False,True
1,ENSG00000138378,63.74986,,0.0,0.0,1.0,1.0,15,0.0,"CD4-positive, alpha-beta T cell",True,True,False,True
1,ENSG00000152495,63.43725,,0.0,0.0,1.0,1.0,16,0.0,"CD4-positive, alpha-beta T cell",True,True,False,True
1,ENSG00000118503,62.767113,,0.0,0.0,1.0,1.0,17,0.0,"CD4-positive, alpha-beta T cell",True,True,False,True
1,ENSG00000168421,61.459473,,0.0,0.0,1.0,1.0,18,0.0,"CD4-positive, alpha-beta T cell",True,True,False,True
1,ENSG00000185811,61.010338,,0.0,0.0,1.0,1.0,19,0.0,"CD4-positive, alpha-beta T cell",True,True,False,True
1,ENSG00000082074,60.098713,,0.0,0.0,1.0,1.0,20,0.0,"CD4-positive, alpha-beta T cell",True,True,False,True
1,ENSG00000277734,59.54623,,0.0,0.0,1.0,1.0,21,0.0,"CD4-positive, alpha-beta T cell",True,True,False,True
1,ENSG00000211772,58.55957,,0.0,0.0,1.0,1.0,22,0.0,"CD4-positive, alpha-beta T cell",True,True,False,True
1,ENSG00000135842,57.349255,,0.0,0.0,1.0,1.0,23,0.0,"CD4-positive, alpha-beta T cell",True,True,False,True
1,ENSG00000198821,56.71007,,0.0,0.0,1.0,1.0,24,0.0,"CD4-positive, alpha-beta T cell",True,True,False,True
1,ENSG00000122862,56.467773,4.022705,0.0,0.0,1.0,1.0,25,0.0,"CD4-positive, alpha-beta T cell",True,True,False,True
1,ENSG00000155307,56.275364,5.5465083,0.0,0.0,1.0,1.0,26,0.0,"CD4-positive, alpha-beta T cell",True,True,False,True
1,ENSG00000107742,56.273262,,0.0,0.0,1.0,1.0,27,0.0,"CD4-positive, alpha-beta T cell",True,True,False,True
1,ENSG00000101445,55.453506,,0.0,0.0,1.0,1.0,28,0.0,"CD4-positive, alpha-beta T cell",True,True,False,True
1,ENSG00000152270,54.83866,,0.0,0.0,1.0,1.0,29,0.0,"CD4-positive, alpha-beta T cell",True,True,False,True
1,ENSG00000227507,54.458954,,0.0,0.0,1.0,1.0,30,0.0,"CD4-positive, alpha-beta T cell",True,True,False,True
1,ENSG00000164674,53.975643,7.201073,0.0,0.0,1.0,1.0,31,0.0,"CD4-positive, alpha-beta T cell",True,True,False,True
1,ENSG00000172673,53.768078,,0.0,0.0,1.0,1.0,32,0.0,"CD4-positive, alpha-beta T cell",True,True,False,True
1,ENSG00000186469,52.669575,,0.0,0.0,1.0,1.0,33,0.0,"CD4-positive, alpha-beta T cell",True,True,False,True
1,ENSG00000160654,52.653976,,0.0,0.0,1.0,1.0,34,0.0,"CD4-positive, alpha-beta T cell",True,True,False,True
1,ENSG00000163600,51.809135,,0.0,0.0,1.0,1.0,35,0.0,"CD4-positive, alpha-beta T cell",True,True,False,True
1,ENSG00000105939,50.830795,,0.0,0.0,1.0,1.0,36,0.0,"CD4-positive, alpha-beta T cell",True,True,False,True
1,ENSG00000145703,49.876724,8.532646,0.0,0.0,1.0,1.0,37,0.0,"CD4-positive, alpha-beta T cell",True,True,False,True
1,ENSG00000013725,49.61275,,0.0,0.0,1.0,1.0,38,0.0,"CD4-positive, alpha-beta T cell",True,True,False,True
1,ENSG00000124203,48.595493,,0.0,0.0,1.0,1.0,39,0.0,"CD4-positive, alpha-beta T cell",True,True,False,True
1,ENSG00000090104,47.384872,,0.0,0.0,1.0,1.0,40,0.0,"CD4-positive, alpha-beta T cell",True,True,False,True
1,ENSG00000257242,46.965046,8.97382,0.0,0.0,1.0,1.0,41,0.0,"CD4-positive, alpha-beta T cell",True,True,False,True
1,ENSG00000115232,46.185047,,0.0,0.0,1.0,1.0,42,0.0,"CD4-positive, alpha-beta T cell",True,True,False,True
1,ENSG00000156127,45.464268,,0.0,0.0,1.0,1.0,43,0.0,"CD4-positive, alpha-beta T cell",True,True,False,True
1,ENSG00000065675,44.301285,,0.0,0.0,1.0,1.0,44,0.0,"CD4-positive, alpha-beta T cell",True,True,False,True
1,ENSG00000211751,44.062733,,0.0,0.0,1.0,1.0,45,0.0,"CD4-positive, alpha-beta T cell",True,True,False,True
1,ENSG00000020633,43.868988,,0.0,0.0,1.0,1.0,46,0.0,"CD4-positive, alpha-beta T cell",True,True,False,True
1,ENSG00000069667,43.156647,,0.0,0.0,1.0,1.0,47,0.0,"CD4-positive, alpha-beta T cell",True,True,False,True
1,ENSG00000171791,42.674892,,0.0,0.0,1.0,1.0,48,0.0,"CD4-positive, alpha-beta T cell",True,True,False,True
1,ENSG00000109452,42.479786,,0.0,0.0,1.0,1.0,49,0.0,"CD4-positive, alpha-beta T cell",True,True,False,True
1,ENSG00000134242,42.37789,,0.0,0.0,1.0,1.0,50,0.0,"CD4-positive, alpha-beta T cell",True,True,False,True
1,ENSG00000135127,42.090454,,0.0,0.0,1.0,1.0,51,0.0,"CD4-positive, alpha-beta T cell",True,True,False,True
1,ENSG00000079335,41.62429,,0.0,0.0,1.0,1.0,52,0.0,"CD4-positive, alpha-beta T cell",True,True,False,True
1,ENSG00000135905,41.51438,6.3400984,0.0,0.0,1.0,1.0,53,0.0,"CD4-positive, alpha-beta T cell",True,True,False,True
1,ENSG00000234663,41.32625,,0.0,0.0,1.0,1.0,54,0.0,"CD4-positive, alpha-beta T cell",True,True,False,True
1,ENSG00000183508,41.14106,,0.0,0.0,1.0,1.0,55,0.0,"CD4-positive, alpha-beta T cell",True,True,False,True
1,ENSG00000161405,40.331074,,0.0,0.0,1.0,1.0,56,0.0,"CD4-positive, alpha-beta T cell",True,True,False,True
1,ENSG00000271503,39.796078,,1.398185739174804e-308,4.262761399923183e-308,1.0,1.0,57,0.0,"CD4-positive, alpha-beta T cell",True,True,False,True
1,ENSG00000146285,39.71339,,3.3259362923496754e-305,1.0048145898337389e-304,1.0,1.0,58,0.0,"CD4-positive, alpha-beta T cell",True,True,False,True
1,ENSG00000059804,39.616947,5.3931394,2.8016029125301235e-306,8.489705795545828e-306,1.0,1.0,59,0.0,"CD4-positive, alpha-beta T cell",True,True,False,True
1,ENSG00000154217,38.678577,7.4871273,2.1186480528197098e-293,6.222167556005022e-293,1.0,1.0,60,0.0,"CD4-positive, alpha-beta T cell",True,True,False,True
1,ENSG00000023445,37.61185,,4.031353248638071e-278,1.1485336890706757e-277,1.0,1.0,61,0.0,"CD4-positive, alpha-beta T cell",True,True,False,True
1,ENSG00000111796,37.354187,,9.709891345797324e-274,2.74678680220575e-273,1.0,1.0,62,0.0,"CD4-positive, alpha-beta T cell",True,True,False,True
1,ENSG00000164691,37.015415,,5.949165141906046e-270,1.6711138039061928e-269,1.0,1.0,63,0.0,"CD4-positive, alpha-beta T cell",True,True,False,True
1,ENSG00000173762,36.958004,,4.3818721956367975e-269,1.2291366607676852e-268,1.0,1.0,64,0.0,"CD4-positive, alpha-beta T cell",True,True,False,True
1,ENSG00000168675,36.5874,4.6476912,4.6890315629864883e-265,1.3079585949753106e-264,1.0,1.0,65,0.0,"CD4-positive, alpha-beta T cell",True,True,False,True
1,ENSG00000112182,36.32936,,3.9290570315466254e-261,1.0898909934942096e-260,1.0,1.0,66,0.0,"CD4-positive, alpha-beta T cell",True,True,False,True
1,ENSG00000163599,36.30154,,1.8606805133623965e-259,5.1400014181281665e-259,1.0,1.0,67,0.0,"CD4-positive, alpha-beta T cell",True,True,False,True
1,ENSG00000111913,36.283684,,2.7305149903518473e-261,7.595312907793734e-261,1.0,1.0,68,0.0,"CD4-positive, alpha-beta T cell",True,True,False,True
1,ENSG00000174946,36.17775,,4.736366580052482e-258,1.3011996099045282e-257,1.0,1.0,69,0.0,"CD4-positive, alpha-beta T cell",True,True,False,True
1,ENSG00000205045,35.53199,,2.3008134911579692e-250,6.226829475393693e-250,1.0,1.0,70,0.0,"CD4-positive, alpha-beta T cell",True,True,False,True
1,ENSG00000228655,35.44714,,3.3332909657143094e-249,9.008894501930566e-249,1.0,1.0,71,0.0,"CD4-positive, alpha-beta T cell",True,True,False,True
1,ENSG00000182162,34.933163,,6.474414128030294e-243,1.7288155215034163e-242,1.0,1.0,72,0.0,"CD4-positive, alpha-beta T cell",True,True,False,True
1,ENSG00000175779,34.865776,,1.6441221536342895e-241,4.384325743024772e-241,1.0,1.0,73,0.0,"CD4-positive, alpha-beta T cell",True,True,False,True
1,ENSG00000135074,34.49355,,2.9188592455683803e-237,7.721849856001006e-237,1.0,1.0,74,0.0,"CD4-positive, alpha-beta T cell",True,True,False,True
1,ENSG00000132002,34.278442,,1.2342385626077914e-235,3.26086806501398e-235,1.0,1.0,75,0.0,"CD4-positive, alpha-beta T cell",True,True,False,True
1,ENSG00000196154,33.626053,6.8159523,2.403160390461609e-229,6.2992408662165374e-229,1.0,1.0,76,0.0,"CD4-positive, alpha-beta T cell",True,True,False,True
1,ENSG00000158050,33.536686,,2.919196248388994e-226,7.611985002318106e-226,1.0,1.0,77,0.0,"CD4-positive, alpha-beta T cell",True,True,False,True
1,ENSG00000130844,33.35421,4.25887,2.491692340455412e-224,6.471928157027044e-224,1.0,1.0,78,0.0,"CD4-positive, alpha-beta T cell",True,True,False,True
1,ENSG00000163564,32.705223,,1.0114852272858563e-215,2.6035655785993727e-215,1.0,1.0,79,0.0,"CD4-positive, alpha-beta T cell",True,True,False,True
1,ENSG00000106952,32.53852,,3.681035079547472e-213,9.378433323687827e-213,1.0,1.0,80,0.0,"CD4-positive, alpha-beta T cell",True,True,False,True
1,ENSG00000184588,32.535034,4.373299,1.1011385906673995e-214,2.8234322837625627e-214,1.0,1.0,81,0.0,"CD4-positive, alpha-beta T cell",True,True,False,True
1,ENSG00000117090,32.394497,,1.9936189519433143e-211,5.059946578536331e-211,1.0,1.0,82,0.0,"CD4-positive, alpha-beta T cell",True,True,False,True
1,ENSG00000198286,32.247883,,1.9749986636007627e-210,4.987370362628189e-210,1.0,1.0,83,0.0,"CD4-positive, alpha-beta T cell",True,True,False,True
1,ENSG00000165929,32.241055,,1.6712931671747974e-210,4.225772862641712e-210,1.0,1.0,84,0.0,"CD4-positive, alpha-beta T cell",True,True,False,True
1,ENSG00000253980,31.407528,,8.88550681621121e-200,2.202108256805752e-199,1.0,1.0,85,0.0,"CD4-positive, alpha-beta T cell",True,True,False,True
1,ENSG00000169508,31.353222,10.433935,3.826350503625853e-200,9.494666262098891e-200,1.0,1.0,86,0.0,"CD4-positive, alpha-beta T cell",True,True,False,True
1,ENSG00000100351,30.818516,,2.9234577371836375e-193,7.174129416401564e-193,1.0,1.0,87,0.0,"CD4-positive, alpha-beta T cell",True,True,False,True
1,ENSG00000120875,30.59827,,9.732510705013579e-191,2.3737830987838e-190,1.0,1.0,88,0.0,"CD4-positive, alpha-beta T cell",True,True,False,True
1,ENSG00000168209,30.57558,,3.514469999813297e-191,8.582344321888394e-191,1.0,1.0,89,0.0,"CD4-positive, alpha-beta T cell",True,True,False,True
1,ENSG00000227240,30.317564,,2.684467917976705e-187,6.492062679508357e-187,1.0,1.0,90,0.0,"CD4-positive, alpha-beta T cell",True,True,False,True
1,ENSG00000184613,30.165373,,1.0792406440555619e-185,2.600579865194125e-185,1.0,1.0,91,0.0,"CD4-positive, alpha-beta T cell",True,True,False,True
1,ENSG00000124813,29.998947,,4.919059319080715e-184,1.181046655241468e-183,1.0,1.0,92,0.0,"CD4-positive, alpha-beta T cell",True,True,False,True
1,ENSG00000171310,29.96111,3.1970506,1.3987887767022895e-184,3.362473020918965e-184,1.0,1.0,93,0.0,"CD4-positive, alpha-beta T cell",True,True,False,True
1,ENSG00000101096,29.719864,,2.5743808963520856e-181,6.144107151198295e-181,1.0,1.0,94,0.0,"CD4-positive, alpha-beta T cell",True,True,False,True
1,ENSG00000237499,29.590036,,2.5076907101386102e-179,5.9635926519348636e-179,1.0,1.0,95,0.0,"CD4-positive, alpha-beta T cell",True,True,False,True
1,ENSG00000112486,29.562525,,1.0125482873111022e-178,2.4022497919599102e-178,1.0,1.0,96,0.0,"CD4-positive, alpha-beta T cell",True,True,False,True
1,ENSG00000056558,29.420576,,1.680220690600768e-177,3.9721529328623355e-177,1.0,1.0,97,0.0,"CD4-positive, alpha-beta T cell",True,True,False,True
1,ENSG00000148516,28.905907,5.06701,1.0842116167249315e-172,2.5302488138271448e-172,1.0,1.0,98,0.0,"CD4-positive, alpha-beta T cell",True,True,False,True
1,ENSG00000172215,28.61062,,2.4562045461128686e-168,5.659457479522739e-168,1.0,1.0,99,0.0,"CD4-positive, alpha-beta T cell",True,True,False,True
1,ENSG00000138795,28.564732,,7.163257371225959e-168,1.6448352172734693e-167,1.0,1.0,100,0.0,"CD4-positive, alpha-beta T cell",True,True,False,True
3,ENSG00000164104,24.764992,,1.0778499027606183e-51,6.632922478526882e-51,1.0,1.0,1,0.0,"CD4-positive, alpha-beta T cell",True,False,False,True
3,ENSG00000081237,21.364563,5.0124803,5.355799792041287e-45,2.950853879912555e-44,1.0,1.0,2,0.0,"CD4-positive, alpha-beta T cell",True,False,False,True
3,ENSG00000148773,18.785154,,3.058520755097263e-39,1.5141191856917142e-38,1.0,1.0,3,0.0,"CD4-positive, alpha-beta T cell",True,False,False,True
3,ENSG00000117632,18.620104,,6.978065818211927e-39,3.4459584287466305e-38,1.0,1.0,4,0.0,"CD4-positive, alpha-beta T cell",True,False,False,True
3,ENSG00000131747,18.066315,,1.2798752602853158e-37,6.133659301429514e-37,1.0,1.0,5,0.0,"CD4-positive, alpha-beta T cell",True,False,False,True
3,ENSG00000167286,16.415096,,8.366917629454869e-34,3.6940033684127454e-33,1.0,1.0,6,0.0,"CD4-positive, alpha-beta T cell",True,False,False,True
3,ENSG00000137804,16.129538,,4.170268871296976e-33,1.8171106193015147e-32,1.0,1.0,7,0.0,"CD4-positive, alpha-beta T cell",True,False,False,True
3,ENSG00000123416,16.050976,,5.949172438853485e-33,2.5809858736891475e-32,1.0,1.0,8,0.0,"CD4-positive, alpha-beta T cell",True,False,False,True
3,ENSG00000116824,15.99693,,8.189442957823257e-33,3.529932309406576e-32,1.0,1.0,9,0.0,"CD4-positive, alpha-beta T cell",True,False,False,True
3,ENSG00000117724,15.922377,,1.3020632107332034e-32,5.576287840399157e-32,1.0,1.0,10,0.0,"CD4-positive, alpha-beta T cell",True,False,False,True
3,ENSG00000075884,15.461755,5.3171034,1.488794068348956e-31,6.242323137731472e-31,1.0,1.0,11,0.0,"CD4-positive, alpha-beta T cell",True,False,False,True
3,ENSG00000171848,14.848828,,5.08927789469362e-30,2.0562738968459072e-29,1.0,1.0,12,0.0,"CD4-positive, alpha-beta T cell",True,False,False,True
3,ENSG00000066279,14.561275,,2.57043048779415e-29,1.02817219511766e-28,1.0,1.0,13,0.0,"CD4-positive, alpha-beta T cell",True,False,False,True
3,ENSG00000141293,14.280659,6.5248175,1.1759401962815704e-28,4.6115301814963545e-28,1.0,1.0,14,0.0,"CD4-positive, alpha-beta T cell",True,False,False,True
3,ENSG00000197061,13.973103,,7.114377979299904e-28,2.7154114424808794e-27,1.0,1.0,15,0.0,"CD4-positive, alpha-beta T cell",True,False,False,True
3,ENSG00000008517,13.583327,,6.3669657603880545e-27,2.3581354668103906e-26,1.0,1.0,16,0.0,"CD4-positive, alpha-beta T cell",True,False,False,True
3,ENSG00000160654,13.259484,,4.162970914028831e-26,1.5110602228779789e-25,1.0,1.0,17,0.0,"CD4-positive, alpha-beta T cell",True,False,False,True
3,ENSG00000211772,13.180699,,6.498866275315798e-26,2.341933792906594e-25,1.0,1.0,18,0.0,"CD4-positive, alpha-beta T cell",True,False,False,True
3,ENSG00000198851,13.1194515,,9.13430849331562e-26,3.279823516450851e-25,1.0,1.0,19,0.0,"CD4-positive, alpha-beta T cell",True,False,False,True
3,ENSG00000164611,12.872292,,3.924748658287692e-25,1.3942268768339935e-24,1.0,1.0,20,0.0,"CD4-positive, alpha-beta T cell",True,False,False,True
3,ENSG00000153283,12.648327,8.340991,1.3840324714460661e-24,4.822412792495004e-24,1.0,1.0,21,0.0,"CD4-positive, alpha-beta T cell",True,False,False,True
3,ENSG00000277734,11.858322,10.070711,1.3703558045254167e-22,4.567852681751389e-22,1.0,1.0,22,0.0,"CD4-positive, alpha-beta T cell",True,False,False,True
3,ENSG00000166803,11.842817,,1.525720078888833e-22,5.068837471391471e-22,1.0,1.0,23,0.0,"CD4-positive, alpha-beta T cell",True,False,False,True
3,ENSG00000127152,11.473798,7.8642955,1.2715355373407642e-21,4.141809567885226e-21,1.0,1.0,24,0.0,"CD4-positive, alpha-beta T cell",True,False,False,True
3,ENSG00000089685,11.456341,,1.4426773282674692e-21,4.684017299569705e-21,1.0,1.0,25,0.0,"CD4-positive, alpha-beta T cell",True,False,False,True
3,ENSG00000088325,11.316975,,3.240534417133076e-21,1.040299973397456e-20,1.0,1.0,26,0.0,"CD4-positive, alpha-beta T cell",True,False,False,True
3,ENSG00000187837,11.271803,,4.172677148470279e-21,1.3331236896071179e-20,1.0,1.0,27,0.0,"CD4-positive, alpha-beta T cell",True,False,False,True
3,ENSG00000198821,11.079162,6.3138742,1.2476546522528348e-20,3.954531385904389e-20,1.0,1.0,28,0.0,"CD4-positive, alpha-beta T cell",True,False,False,True
3,ENSG00000152495,10.936442,,2.904454397090341e-20,9.09062409104958e-20,1.0,1.0,29,0.0,"CD4-positive, alpha-beta T cell",True,False,False,True
3,ENSG00000134242,10.909606,6.4671593,3.391213328911475e-20,1.0548097446069906e-19,1.0,1.0,30,0.0,"CD4-positive, alpha-beta T cell",True,False,False,True
3,ENSG00000124575,10.892976,,3.791554349959873e-20,1.1720415301266996e-19,1.0,1.0,31,0.0,"CD4-positive, alpha-beta T cell",True,False,False,True
3,ENSG00000020633,10.828068,5.9920545,5.423838745993746e-20,1.6586662831785155e-19,1.0,1.0,32,0.0,"CD4-positive, alpha-beta T cell",True,False,False,True
3,ENSG00000172673,10.731936,7.6346483,9.553431295901887e-20,2.8949791805763295e-19,1.0,1.0,33,0.0,"CD4-positive, alpha-beta T cell",True,False,False,True
3,ENSG00000213145,10.690607,4.7266865,1.1597026029339618e-19,3.5036332414923314e-19,1.0,1.0,34,0.0,"CD4-positive, alpha-beta T cell",True,False,False,True
3,ENSG00000010810,10.689175,4.4102135,1.1944943591329946e-19,3.603301234187012e-19,1.0,1.0,35,0.0,"CD4-positive, alpha-beta T cell",True,False,False,True
3,ENSG00000080824,10.632827,,1.6100088076111945e-19,4.82761261652532e-19,1.0,1.0,36,0.0,"CD4-positive, alpha-beta T cell",True,False,False,True
3,ENSG00000186469,10.619175,5.425738,1.8137330552233572e-19,5.422221390802263e-19,1.0,1.0,37,0.0,"CD4-positive, alpha-beta T cell",True,False,False,True
3,ENSG00000168421,10.43523,5.88183,5.284351204874097e-19,1.5611081846009149e-18,1.0,1.0,38,0.0,"CD4-positive, alpha-beta T cell",True,False,False,True
3,ENSG00000082074,10.4307785,5.9429955,5.373544848934241e-19,1.5851164746118705e-18,1.0,1.0,39,0.0,"CD4-positive, alpha-beta T cell",True,False,False,True
3,ENSG00000126787,10.337426,,9.525530374750015e-19,2.781176751751829e-18,1.0,1.0,40,0.0,"CD4-positive, alpha-beta T cell",True,False,False,True
3,ENSG00000156127,10.206575,12.0842495,2.0082189225275453e-18,5.787374416505895e-18,1.0,1.0,41,0.0,"CD4-positive, alpha-beta T cell",True,False,False,True
3,ENSG00000152270,10.173157,5.204657,2.406399947365034e-18,6.924891934863407e-18,1.0,1.0,42,0.0,"CD4-positive, alpha-beta T cell",True,False,False,True
3,ENSG00000175063,10.029307,,5.640923727247471e-18,1.6093933601276667e-17,1.0,1.0,43,0.0,"CD4-positive, alpha-beta T cell",True,False,False,True
3,ENSG00000115232,9.888375,6.600556,1.2517711691279902e-17,3.546093963535383e-17,1.0,1.0,44,0.0,"CD4-positive, alpha-beta T cell",True,False,False,True
3,ENSG00000123975,9.872394,,1.3765714550228682e-17,3.888619929443131e-17,1.0,1.0,45,0.0,"CD4-positive, alpha-beta T cell",True,False,False,True
3,ENSG00000271503,9.863958,8.391117,1.4409159216775312e-17,4.064642938441555e-17,1.0,1.0,46,0.0,"CD4-positive, alpha-beta T cell",True,False,False,True
3,ENSG00000135842,9.8227215,4.7034287,1.7996978413388388e-17,5.062441185200671e-17,1.0,1.0,47,0.0,"CD4-positive, alpha-beta T cell",True,False,False,True
3,ENSG00000184357,9.789837,,2.2415565175225664e-17,6.296507071692603e-17,1.0,1.0,48,0.0,"CD4-positive, alpha-beta T cell",True,False,False,True
3,ENSG00000185811,9.763485,5.2554526,2.5403215389426937e-17,7.125726616950053e-17,1.0,1.0,49,0.0,"CD4-positive, alpha-beta T cell",True,False,False,True
3,ENSG00000234663,9.758603,8.613457,2.6577979908409467e-17,7.434399974380271e-17,1.0,1.0,50,0.0,"CD4-positive, alpha-beta T cell",True,False,False,True
3,ENSG00000138778,9.632551,,5.521050790324531e-17,1.5209506309433969e-16,1.0,1.0,51,0.0,"CD4-positive, alpha-beta T cell",True,False,False,True
3,ENSG00000139734,9.629027,,5.621362460816403e-17,1.5464545971984605e-16,1.0,1.0,52,0.0,"CD4-positive, alpha-beta T cell",True,False,False,True
3,ENSG00000170312,9.4432125,,1.6317858449159744e-16,4.446282956174317e-16,1.0,1.0,53,0.0,"CD4-positive, alpha-beta T cell",True,False,False,True
3,ENSG00000161405,9.319916,10.693272,3.2724478595425333e-16,8.868422383584102e-16,1.0,1.0,54,0.0,"CD4-positive, alpha-beta T cell",True,False,False,True
3,ENSG00000235162,9.214278,,5.926140288633578e-16,1.5973423958581073e-15,1.0,1.0,55,0.0,"CD4-positive, alpha-beta T cell",True,False,False,True
3,ENSG00000110848,9.168971,4.782584,7.59339660166976e-16,2.035763163986531e-15,1.0,1.0,56,0.0,"CD4-positive, alpha-beta T cell",True,False,False,True
3,ENSG00000026025,9.1496725,3.8340476,8.148423573277776e-16,2.1816395109177444e-15,1.0,1.0,57,0.0,"CD4-positive, alpha-beta T cell",True,False,False,True
3,ENSG00000168298,9.1313095,,9.612882682648983e-16,2.566857859185309e-15,1.0,1.0,58,0.0,"CD4-positive, alpha-beta T cell",True,False,False,True
3,ENSG00000163599,9.045114,9.256557,1.5706082620720248e-15,4.166069660668501e-15,1.0,1.0,59,0.0,"CD4-positive, alpha-beta T cell",True,False,False,True
3,ENSG00000145649,8.939904,7.6652117,2.837673357114781e-15,7.507072373319526e-15,1.0,1.0,60,0.0,"CD4-positive, alpha-beta T cell",True,False,False,True
3,ENSG00000105939,8.8092,4.415831,5.825053637940989e-15,1.52888546927585e-14,1.0,1.0,61,0.0,"CD4-positive, alpha-beta T cell",True,False,False,True
3,ENSG00000188312,8.789277,,6.629403721126332e-15,1.7377205035717775e-14,1.0,1.0,62,0.0,"CD4-positive, alpha-beta T cell",True,False,False,True
3,ENSG00000182481,8.686329,,1.1840883559665037e-14,3.091614506439958e-14,1.0,1.0,63,0.0,"CD4-positive, alpha-beta T cell",True,False,False,True
3,ENSG00000168675,8.6626215,3.7759693,1.3316828167216694e-14,3.467924001879347e-14,1.0,1.0,64,0.0,"CD4-positive, alpha-beta T cell",True,False,False,True
3,ENSG00000163600,8.55705,7.1701913,2.4443973513080483e-14,6.29188507415199e-14,1.0,1.0,65,0.0,"CD4-positive, alpha-beta T cell",True,False,False,True
3,ENSG00000205045,8.521608,7.5787387,2.9812549118628376e-14,7.654056256387261e-14,1.0,1.0,66,0.0,"CD4-positive, alpha-beta T cell",True,False,False,True
3,ENSG00000113263,8.482561,6.1049786,3.68587461453244e-14,9.426789295479387e-14,1.0,1.0,67,0.0,"CD4-positive, alpha-beta T cell",True,False,False,True
3,ENSG00000101445,8.47816,4.7785535,3.7646834188952096e-14,9.616049601264903e-14,1.0,1.0,68,0.0,"CD4-positive, alpha-beta T cell",True,False,False,True
3,ENSG00000120875,8.468577,,4.012292976003279e-14,1.0222402486632558e-13,1.0,1.0,69,0.0,"CD4-positive, alpha-beta T cell",True,False,False,True
3,ENSG00000138378,8.460343,4.5195923,4.1512641468446036e-14,1.0563013096296702e-13,1.0,1.0,70,0.0,"CD4-positive, alpha-beta T cell",True,False,False,True
3,ENSG00000135127,8.417256,7.4936657,5.331144678866812e-14,1.3530824058037594e-13,1.0,1.0,71,0.0,"CD4-positive, alpha-beta T cell",True,False,False,True
3,ENSG00000155307,8.307433,3.3166199,9.617818522471067e-14,2.431812521484467e-13,1.0,1.0,72,0.0,"CD4-positive, alpha-beta T cell",True,False,False,True
3,ENSG00000211751,8.145481,9.632666,2.4011613896732994e-13,6.010416494801751e-13,1.0,1.0,73,0.0,"CD4-positive, alpha-beta T cell",True,False,False,True
3,ENSG00000175779,8.078867,7.8466325,3.4734662160747296e-13,8.62972972937821e-13,1.0,1.0,74,0.0,"CD4-positive, alpha-beta T cell",True,False,False,True
3,ENSG00000286522,8.057174,,3.932009898170693e-13,9.756848382557552e-13,1.0,1.0,75,0.0,"CD4-positive, alpha-beta T cell",True,False,False,True
3,ENSG00000072571,8.042645,,4.2548101329903506e-13,1.0531708249976115e-12,1.0,1.0,76,0.0,"CD4-positive, alpha-beta T cell",True,False,False,True
3,ENSG00000135905,7.98194,4.075442,5.850226437352844e-13,1.4445003549019367e-12,1.0,1.0,77,0.0,"CD4-positive, alpha-beta T cell",True,False,False,True
3,ENSG00000196154,7.9687376,4.2768188,6.219490995396803e-13,1.5318943338415772e-12,1.0,1.0,78,0.0,"CD4-positive, alpha-beta T cell",True,False,False,True
3,ENSG00000090104,7.877826,4.3485465,1.0388510166858073e-12,2.539978035906619e-12,1.0,1.0,79,0.0,"CD4-positive, alpha-beta T cell",True,False,False,True
3,ENSG00000107742,7.77811,7.1985936,1.7920803779301092e-12,4.3391776705329524e-12,1.0,1.0,80,0.0,"CD4-positive, alpha-beta T cell",True,False,False,True
3,ENSG00000171310,7.729717,3.2136323,2.305720565597176e-12,5.569373346853083e-12,1.0,1.0,81,0.0,"CD4-positive, alpha-beta T cell",True,False,False,True
3,ENSG00000124813,7.6880207,,2.9231550326462793e-12,7.0268149823227865e-12,1.0,1.0,82,0.0,"CD4-positive, alpha-beta T cell",True,False,False,True
3,ENSG00000100351,7.68689,7.5827403,2.9453408891413446e-12,7.071646792656289e-12,1.0,1.0,83,0.0,"CD4-positive, alpha-beta T cell",True,False,False,True
3,ENSG00000111537,7.6648636,7.751617,3.3283081027538572e-12,7.971995455697862e-12,1.0,1.0,84,0.0,"CD4-positive, alpha-beta T cell",True,False,False,True
3,ENSG00000101096,7.6128163,5.170363,4.368623162041767e-12,1.0438765022799921e-11,1.0,1.0,85,0.0,"CD4-positive, alpha-beta T cell",True,False,False,True
3,ENSG00000124203,7.607279,5.65956,4.5216733013287945e-12,1.0778720622953026e-11,1.0,1.0,86,0.0,"CD4-positive, alpha-beta T cell",True,False,False,True
3,ENSG00000100453,7.5320277,6.9279747,6.793741360103859e-12,1.6079861207346412e-11,1.0,1.0,87,0.0,"CD4-positive, alpha-beta T cell",True,False,False,True
3,ENSG00000118503,7.5138025,3.9298077,7.422721074117379e-12,1.75478039577243e-11,1.0,1.0,88,0.0,"CD4-positive, alpha-beta T cell",True,False,False,True
3,ENSG00000148516,7.493833,4.153895,8.245869931607325e-12,1.9447806442470107e-11,1.0,1.0,89,0.0,"CD4-positive, alpha-beta T cell",True,False,False,True
3,ENSG00000173762,7.456542,,1.0152813916406821e-11,2.3804956427683053e-11,1.0,1.0,90,0.0,"CD4-positive, alpha-beta T cell",True,False,False,True
3,ENSG00000013725,7.354999,7.410391,1.7496091906549817e-11,4.0688585829185616e-11,1.0,1.0,91,0.0,"CD4-positive, alpha-beta T cell",True,False,False,True
3,ENSG00000135074,7.3110023,5.7965603,2.205453325587818e-11,5.1052160314532824e-11,1.0,1.0,92,0.0,"CD4-positive, alpha-beta T cell",True,False,False,True
3,ENSG00000109452,7.191523,11.460126,4.133141904825825e-11,9.468824524228695e-11,1.0,1.0,93,0.0,"CD4-positive, alpha-beta T cell",True,False,False,True
3,ENSG00000125148,7.1526093,5.7028637,5.025208758190384e-11,1.1473079356599049e-10,1.0,1.0,94,0.0,"CD4-positive, alpha-beta T cell",True,False,False,True
3,ENSG00000145703,7.03794,3.7307074,9.2595677272605e-11,2.0901958752281037e-10,1.0,1.0,95,0.0,"CD4-positive, alpha-beta T cell",True,False,False,True
3,ENSG00000198899,7.024292,,9.714095833420825e-11,2.1903260052809076e-10,1.0,1.0,96,0.0,"CD4-positive, alpha-beta T cell",True,False,False,True
3,ENSG00000137265,7.011342,6.953446,1.0720170852285927e-10,2.409027157817062e-10,1.0,1.0,97,0.0,"CD4-positive, alpha-beta T cell",True,False,False,True
3,ENSG00000166501,7.008512,4.456249,1.0795665519153506e-10,2.4232694768021337e-10,1.0,1.0,98,0.0,"CD4-positive, alpha-beta T cell",True,False,False,True
3,ENSG00000134057,6.9549627,,1.440820674633671e-10,3.2233124712162664e-10,1.0,1.0,99,0.0,"CD4-positive, alpha-beta T cell",True,False,False,True
3,ENSG00000076641,6.8711014,3.56432,2.203158321196317e-10,4.890473520968517e-10,1.0,1.0,100,0.0,"CD4-positive, alpha-beta T cell",True,False,False,True
4,ENSG00000105374,94.92667,,0.0,0.0,1.0,1.0,1,0.0,"CD8-positive, alpha-beta T cell",True,True,True,True
4,ENSG00000115523,87.99314,,0.0,0.0,1.0,1.0,2,0.0,"CD8-positive, alpha-beta T cell",True,True,True,True
4,ENSG00000198821,82.749954,,0.0,0.0,1.0,1.0,3,0.0,"CD8-positive, alpha-beta T cell",True,True,True,True
4,ENSG00000081237,70.9305,5.991448,0.0,0.0,1.0,1.0,4,0.0,"CD8-positive, alpha-beta T cell",True,True,True,True
4,ENSG00000271503,70.2699,,0.0,0.0,1.0,1.0,5,0.0,"CD8-positive, alpha-beta T cell",True,True,True,True
4,ENSG00000134539,69.07692,,0.0,0.0,1.0,1.0,6,0.0,"CD8-positive, alpha-beta T cell",True,True,True,True
4,ENSG00000077984,67.69715,,0.0,0.0,1.0,1.0,7,0.0,"CD8-positive, alpha-beta T cell",True,True,True,True
4,ENSG00000100453,65.73981,,0.0,0.0,1.0,1.0,8,0.0,"CD8-positive, alpha-beta T cell",True,True,True,True
4,ENSG00000180644,62.527004,,0.0,0.0,1.0,1.0,9,0.0,"CD8-positive, alpha-beta T cell",True,True,True,True
4,ENSG00000010810,61.10373,6.771276,0.0,0.0,1.0,1.0,10,0.0,"CD8-positive, alpha-beta T cell",True,True,True,True
4,ENSG00000136250,58.382286,15.136799,0.0,0.0,1.0,1.0,11,0.0,"CD8-positive, alpha-beta T cell",True,True,True,True
4,ENSG00000164674,57.312756,7.000051,0.0,0.0,1.0,1.0,12,0.0,"CD8-positive, alpha-beta T cell",True,True,True,True
4,ENSG00000145649,53.313942,,0.0,0.0,1.0,1.0,13,0.0,"CD8-positive, alpha-beta T cell",True,True,True,True
4,ENSG00000172543,52.32895,,0.0,0.0,1.0,1.0,14,0.0,"CD8-positive, alpha-beta T cell",True,True,True,True
4,ENSG00000275302,51.84174,,0.0,0.0,1.0,1.0,15,0.0,"CD8-positive, alpha-beta T cell",True,True,True,True
4,ENSG00000186469,50.34111,,0.0,0.0,1.0,1.0,16,0.0,"CD8-positive, alpha-beta T cell",True,True,True,True
4,ENSG00000020633,48.39722,,0.0,0.0,1.0,1.0,17,0.0,"CD8-positive, alpha-beta T cell",True,True,True,True
4,ENSG00000122862,48.374725,3.9275677,0.0,0.0,1.0,1.0,18,0.0,"CD8-positive, alpha-beta T cell",True,True,True,True
4,ENSG00000150045,48.362095,,0.0,0.0,1.0,1.0,19,0.0,"CD8-positive, alpha-beta T cell",True,True,True,True
4,ENSG00000138378,47.847214,8.365957,0.0,0.0,1.0,1.0,20,0.0,"CD8-positive, alpha-beta T cell",True,True,True,True
4,ENSG00000141293,47.79543,,0.0,0.0,1.0,1.0,21,0.0,"CD8-positive, alpha-beta T cell",True,True,True,True
4,ENSG00000137441,47.513508,,0.0,0.0,1.0,1.0,22,0.0,"CD8-positive, alpha-beta T cell",True,True,True,True
4,ENSG00000173762,46.12257,,0.0,0.0,1.0,1.0,23,0.0,"CD8-positive, alpha-beta T cell",True,True,True,True
4,ENSG00000213809,45.166756,,0.0,0.0,1.0,1.0,24,0.0,"CD8-positive, alpha-beta T cell",True,True,True,True
4,ENSG00000100450,44.64509,,0.0,0.0,1.0,1.0,25,0.0,"CD8-positive, alpha-beta T cell",True,True,True,True
4,ENSG00000163564,42.557987,,2.449978086462393e-290,1.4714583101876234e-289,1.0,1.0,26,0.0,"CD8-positive, alpha-beta T cell",True,True,True,True
4,ENSG00000111796,42.247765,,3.311297108849519e-287,1.9307854862096322e-286,1.0,1.0,27,0.0,"CD8-positive, alpha-beta T cell",True,True,True,True
4,ENSG00000154217,40.938007,6.75418,1.67063805086722e-275,9.129169676870055e-275,1.0,1.0,28,0.0,"CD8-positive, alpha-beta T cell",True,True,True,True
4,ENSG00000159674,38.93064,,2.199867896021913e-253,1.1138571625427408e-252,1.0,1.0,29,0.0,"CD8-positive, alpha-beta T cell",True,True,True,True
4,ENSG00000198286,38.557552,,6.862419725942279e-250,3.3972374880902373e-249,1.0,1.0,30,0.0,"CD8-positive, alpha-beta T cell",True,True,True,True
4,ENSG00000164483,38.07089,,6.770108673162678e-245,3.2785029894250255e-244,1.0,1.0,31,0.0,"CD8-positive, alpha-beta T cell",True,True,True,True
4,ENSG00000110848,37.355434,7.4454827,6.93131586871027e-239,3.2694886173161655e-238,1.0,1.0,32,0.0,"CD8-positive, alpha-beta T cell",True,True,True,True
4,ENSG00000145703,37.169716,5.554916,5.091307406962843e-237,2.3625556412820613e-236,1.0,1.0,33,0.0,"CD8-positive, alpha-beta T cell",True,True,True,True
4,ENSG00000185201,36.349854,,1.4150280533291637e-229,6.345417279502976e-229,1.0,1.0,34,0.0,"CD8-positive, alpha-beta T cell",True,True,True,True
4,ENSG00000158050,35.967552,,1.967390863381957e-224,8.743959392808698e-224,1.0,1.0,35,0.0,"CD8-positive, alpha-beta T cell",True,True,True,True
4,ENSG00000115738,35.315968,6.7990603,1.9081108661768839e-218,8.278138248055896e-218,1.0,1.0,36,0.0,"CD8-positive, alpha-beta T cell",True,True,True,True
4,ENSG00000140563,34.64033,,2.2088180968854694e-211,9.241916723370165e-211,1.0,1.0,37,0.0,"CD8-positive, alpha-beta T cell",True,True,True,True
4,ENSG00000211751,32.93929,,1.2784869583822562e-194,4.8797212151994514e-194,1.0,1.0,38,0.0,"CD8-positive, alpha-beta T cell",True,True,True,True
4,ENSG00000169554,32.73499,3.4876547,6.228473957540355e-194,2.372751983824897e-193,1.0,1.0,39,0.0,"CD8-positive, alpha-beta T cell",True,True,True,True
4,ENSG00000134242,32.546227,,7.129908192563352e-191,2.6804166137456213e-190,1.0,1.0,40,0.0,"CD8-positive, alpha-beta T cell",True,True,True,True
4,ENSG00000153283,32.290066,,1.2608351817812587e-188,4.7046088872435027e-188,1.0,1.0,41,0.0,"CD8-positive, alpha-beta T cell",True,True,True,True
4,ENSG00000211829,32.21436,,4.3012612212557194e-187,1.5930597115761923e-186,1.0,1.0,42,0.0,"CD8-positive, alpha-beta T cell",True,True,True,True
4,ENSG00000074966,31.872597,,5.121014953412646e-184,1.8655792180009642e-183,1.0,1.0,43,0.0,"CD8-positive, alpha-beta T cell",True,True,True,True
4,ENSG00000075884,31.46101,4.6586785,1.8389548824833137e-181,6.591236137933024e-181,1.0,1.0,44,0.0,"CD8-positive, alpha-beta T cell",True,True,True,True
4,ENSG00000185811,31.178808,6.909349,3.846725127335863e-178,1.3665098143289033e-177,1.0,1.0,45,0.0,"CD8-positive, alpha-beta T cell",True,True,True,True
4,ENSG00000205045,31.030527,,3.19090679701524e-176,1.1196164200053474e-175,1.0,1.0,46,0.0,"CD8-positive, alpha-beta T cell",True,True,True,True
4,ENSG00000185697,30.826918,,3.99265022345402e-174,1.386336883143757e-173,1.0,1.0,47,0.0,"CD8-positive, alpha-beta T cell",True,True,True,True
4,ENSG00000008517,30.696985,,1.0756150798084377e-173,3.7218514872264276e-173,1.0,1.0,48,0.0,"CD8-positive, alpha-beta T cell",True,True,True,True
4,ENSG00000146285,30.448101,,9.298883923826737e-171,3.173680520077385e-170,1.0,1.0,49,0.0,"CD8-positive, alpha-beta T cell",True,True,True,True
4,ENSG00000101445,30.03425,6.1459265,3.477612601241526e-167,1.1689454121820257e-166,1.0,1.0,50,0.0,"CD8-positive, alpha-beta T cell",True,True,True,True
4,ENSG00000104490,29.618431,5.6829844,2.4420827213770582e-163,8.086366627076351e-163,1.0,1.0,51,0.0,"CD8-positive, alpha-beta T cell",True,True,True,True
4,ENSG00000115232,29.454908,,7.7357300519569965e-162,2.5280163568486917e-161,1.0,1.0,52,0.0,"CD8-positive, alpha-beta T cell",True,True,True,True
4,ENSG00000145287,29.366482,,5.059554250235084e-161,1.6400500000762024e-160,1.0,1.0,53,0.0,"CD8-positive, alpha-beta T cell",True,True,True,True
4,ENSG00000121966,29.170805,4.8803563,1.620263031611737e-159,5.201486457822591e-159,1.0,1.0,54,0.0,"CD8-positive, alpha-beta T cell",True,True,True,True
4,ENSG00000182162,29.119087,,2.0867322262183144e-158,6.677543123898607e-158,1.0,1.0,55,0.0,"CD8-positive, alpha-beta T cell",True,True,True,True
4,ENSG00000134215,28.776787,7.6708255,1.6234771180196526e-155,5.137585816517888e-155,1.0,1.0,56,0.0,"CD8-positive, alpha-beta T cell",True,True,True,True
4,ENSG00000205810,28.756516,,7.834683707828662e-155,2.467616915851547e-154,1.0,1.0,57,0.0,"CD8-positive, alpha-beta T cell",True,True,True,True
4,ENSG00000205809,28.733189,,1.216801275318422e-154,3.820412167404778e-154,1.0,1.0,58,0.0,"CD8-positive, alpha-beta T cell",True,True,True,True
4,ENSG00000101082,28.55262,,4.460582935924547e-153,1.3809854290788072e-152,1.0,1.0,59,0.0,"CD8-positive, alpha-beta T cell",True,True,True,True
4,ENSG00000156475,28.130335,,2.310680375115476e-149,7.077122128990738e-149,1.0,1.0,60,0.0,"CD8-positive, alpha-beta T cell",True,True,True,True
4,ENSG00000132359,28.12262,,2.8927928272327775e-149,8.832955197657337e-149,1.0,1.0,61,0.0,"CD8-positive, alpha-beta T cell",True,True,True,True
4,ENSG00000245648,28.096107,,5.390122982666697e-149,1.640828914053789e-148,1.0,1.0,62,0.0,"CD8-positive, alpha-beta T cell",True,True,True,True
4,ENSG00000245164,28.058735,,1.1809544816470257e-148,3.589527299838984e-148,1.0,1.0,63,0.0,"CD8-positive, alpha-beta T cell",True,True,True,True
4,ENSG00000169583,27.229658,,3.0016129973166015e-141,8.880511826380478e-141,1.0,1.0,64,0.0,"CD8-positive, alpha-beta T cell",True,True,True,True
4,ENSG00000166501,27.0873,5.936695,1.9290687189131175e-140,5.682087537299315e-140,1.0,1.0,65,0.0,"CD8-positive, alpha-beta T cell",True,True,True,True
4,ENSG00000069702,27.03665,5.723743,8.289881301073026e-140,2.431050234918776e-139,1.0,1.0,66,0.0,"CD8-positive, alpha-beta T cell",True,True,True,True
4,ENSG00000111913,26.961658,7.6098804,2.2581345484569123e-139,6.612399849068558e-139,1.0,1.0,67,0.0,"CD8-positive, alpha-beta T cell",True,True,True,True
4,ENSG00000170962,26.91289,,2.1724479843742043e-138,6.324448280565369e-138,1.0,1.0,68,0.0,"CD8-positive, alpha-beta T cell",True,True,True,True
4,ENSG00000198574,26.700155,,2.1322419428897796e-136,6.171467273197626e-136,1.0,1.0,69,0.0,"CD8-positive, alpha-beta T cell",True,True,True,True
4,ENSG00000101096,26.456469,7.768752,1.1319119437393427e-134,3.2340341249695505e-134,1.0,1.0,70,0.0,"CD8-positive, alpha-beta T cell",True,True,True,True
4,ENSG00000149294,26.453287,,2.684362663992041e-134,7.647756877470203e-134,1.0,1.0,71,0.0,"CD8-positive, alpha-beta T cell",True,True,True,True
4,ENSG00000211772,25.960806,,1.976617192898809e-130,5.528999140975689e-130,1.0,1.0,72,0.0,"CD8-positive, alpha-beta T cell",True,True,True,True
4,ENSG00000189430,25.744755,,4.2509821329667084e-128,1.1710694581175505e-127,1.0,1.0,73,0.0,"CD8-positive, alpha-beta T cell",True,True,True,True
4,ENSG00000277632,25.6473,6.9025645,1.7023500245858156e-127,4.663972670098125e-127,1.0,1.0,74,0.0,"CD8-positive, alpha-beta T cell",True,True,True,True
4,ENSG00000034053,25.564129,,1.2356822163185996e-126,3.376180918903278e-126,1.0,1.0,75,0.0,"CD8-positive, alpha-beta T cell",True,True,True,True
4,ENSG00000161405,25.366905,,3.700753407204912e-125,1.0056395128274217e-124,1.0,1.0,76,0.0,"CD8-positive, alpha-beta T cell",True,True,True,True
4,ENSG00000236790,25.246452,,6.70587801583219e-124,1.8148519663957213e-123,1.0,1.0,77,0.0,"CD8-positive, alpha-beta T cell",True,True,True,True
4,ENSG00000235576,25.20918,,1.083250771849381e-123,2.923753770173768e-123,1.0,1.0,78,0.0,"CD8-positive, alpha-beta T cell",True,True,True,True
4,ENSG00000065675,24.738626,,8.544110744026731e-120,2.2814714937321046e-119,1.0,1.0,79,0.0,"CD8-positive, alpha-beta T cell",True,True,True,True
4,ENSG00000168209,24.643328,,3.605908004498747e-119,9.590180863028583e-119,1.0,1.0,80,0.0,"CD8-positive, alpha-beta T cell",True,True,True,True
4,ENSG00000164691,24.38912,7.2437587,7.00582013264763e-117,1.841214226714226e-116,1.0,1.0,81,0.0,"CD8-positive, alpha-beta T cell",True,True,True,True
4,ENSG00000143185,24.264648,,1.3978342043783564e-115,3.6544685081787093e-115,1.0,1.0,82,0.0,"CD8-positive, alpha-beta T cell",True,True,True,True
4,ENSG00000011600,24.168318,2.8519514,7.908377424331995e-116,2.0729691806899068e-115,1.0,1.0,83,0.0,"CD8-positive, alpha-beta T cell",True,True,True,True
4,ENSG00000171476,24.114637,4.357831,7.810748746432715e-115,2.0367011072836284e-114,1.0,1.0,84,0.0,"CD8-positive, alpha-beta T cell",True,True,True,True
4,ENSG00000113263,23.961607,8.408313,2.2529071696590514e-113,5.806461777471782e-113,1.0,1.0,85,0.0,"CD8-positive, alpha-beta T cell",True,True,True,True
4,ENSG00000115956,23.817938,6.0538917,3.3267170860218566e-112,8.5191218592109e-112,1.0,1.0,86,0.0,"CD8-positive, alpha-beta T cell",True,True,True,True
4,ENSG00000276241,23.44509,,8.530087196384279e-109,2.1622527747488667e-108,1.0,1.0,87,0.0,"CD8-positive, alpha-beta T cell",True,True,True,True
4,ENSG00000105939,23.334621,4.620135,2.6225892600057837e-108,6.606018287168221e-108,1.0,1.0,88,0.0,"CD8-positive, alpha-beta T cell",True,True,True,True
4,ENSG00000235162,23.254225,,1.7044319431440117e-107,4.282492319457316e-107,1.0,1.0,89,0.0,"CD8-positive, alpha-beta T cell",True,True,True,True
4,ENSG00000286122,22.558043,,1.0894026765532359e-101,2.693208100255219e-101,1.0,1.0,90,0.0,"CD8-positive, alpha-beta T cell",True,True,True,True
4,ENSG00000111537,21.330292,,4.848954490344357e-92,1.1572683747838561e-91,1.0,1.0,91,0.0,"CD8-positive, alpha-beta T cell",True,True,True,True
4,ENSG00000134545,21.067158,,5.5996326027117175e-90,1.3222272969803347e-89,1.0,1.0,92,0.0,"CD8-positive, alpha-beta T cell",True,True,True,True
4,ENSG00000082074,20.967604,5.808724,1.488806081534405e-89,3.511335097958503e-89,1.0,1.0,93,0.0,"CD8-positive, alpha-beta T cell",True,True,True,True
4,ENSG00000276070,20.797304,9.18318,5.414692940557708e-88,1.2680779720275664e-87,1.0,1.0,94,0.0,"CD8-positive, alpha-beta T cell",True,True,True,True
4,ENSG00000198851,20.599268,,1.350669895935514e-86,3.137444589861821e-86,1.0,1.0,95,0.0,"CD8-positive, alpha-beta T cell",True,True,True,True
4,ENSG00000196154,20.470587,4.0030155,4.817687603429335e-86,1.1152054637567907e-85,1.0,1.0,96,0.0,"CD8-positive, alpha-beta T cell",True,True,True,True
4,ENSG00000118503,20.219744,3.5912206,6.698419405573303e-84,1.5363347260489228e-83,1.0,1.0,97,0.0,"CD8-positive, alpha-beta T cell",True,True,True,True
4,ENSG00000116824,19.731537,,3.2552701345878587e-80,7.356542677034708e-80,1.0,1.0,98,0.0,"CD8-positive, alpha-beta T cell",True,True,True,True
4,ENSG00000171310,19.676672,2.8597605,7.08157010706394e-80,1.598548556899309e-79,1.0,1.0,99,0.0,"CD8-positive, alpha-beta T cell",True,True,True,True
4,ENSG00000168421,19.43152,4.9415364,5.20572518069361e-78,1.1698258833019348e-77,1.0,1.0,100,0.0,"CD8-positive, alpha-beta T cell",True,True,True,True
5,ENSG00000271503,140.80408,,0.0,0.0,1.0,1.0,1,0.0,"CD4-positive, alpha-beta T cell",True,True,False,True
5,ENSG00000081237,81.479614,6.1644616,0.0,0.0,1.0,1.0,2,0.0,"CD4-positive, alpha-beta T cell",True,True,False,True
5,ENSG00000008517,79.28229,,0.0,0.0,1.0,1.0,3,0.0,"CD4-positive, alpha-beta T cell",True,True,False,True
5,ENSG00000167286,68.42295,,0.0,0.0,1.0,1.0,4,0.0,"CD4-positive, alpha-beta T cell",True,True,False,True
5,ENSG00000105374,67.23718,,0.0,0.0,1.0,1.0,5,0.0,"CD4-positive, alpha-beta T cell",True,True,False,True
5,ENSG00000010810,63.05423,6.4489517,0.0,0.0,1.0,1.0,6,0.0,"CD4-positive, alpha-beta T cell",True,True,False,True
5,ENSG00000145649,60.598606,,0.0,0.0,1.0,1.0,7,0.0,"CD4-positive, alpha-beta T cell",True,True,False,True
5,ENSG00000198851,60.193115,,0.0,0.0,1.0,1.0,8,0.0,"CD4-positive, alpha-beta T cell",True,True,False,True
5,ENSG00000077984,57.922016,,0.0,0.0,1.0,1.0,9,0.0,"CD4-positive, alpha-beta T cell",True,True,False,True
5,ENSG00000121966,56.43999,9.003656,0.0,0.0,1.0,1.0,10,0.0,"CD4-positive, alpha-beta T cell",True,True,False,True
5,ENSG00000122862,55.747875,3.9879947,0.0,0.0,1.0,1.0,11,0.0,"CD4-positive, alpha-beta T cell",True,True,False,True
5,ENSG00000116824,55.100822,,0.0,0.0,1.0,1.0,12,0.0,"CD4-positive, alpha-beta T cell",True,True,False,True
5,ENSG00000110848,52.94024,,0.0,0.0,1.0,1.0,13,0.0,"CD4-positive, alpha-beta T cell",True,True,False,True
5,ENSG00000153563,52.11712,,0.0,0.0,1.0,1.0,14,0.0,"CD4-positive, alpha-beta T cell",True,True,False,True
5,ENSG00000275302,49.491806,11.037907,0.0,0.0,1.0,1.0,15,0.0,"CD4-positive, alpha-beta T cell",True,True,False,True
5,ENSG00000164674,48.153797,5.899555,0.0,0.0,1.0,1.0,16,0.0,"CD4-positive, alpha-beta T cell",True,True,False,True
5,ENSG00000020633,47.397488,,0.0,0.0,1.0,1.0,17,0.0,"CD4-positive, alpha-beta T cell",True,True,False,True
5,ENSG00000211772,47.25748,,0.0,0.0,1.0,1.0,18,0.0,"CD4-positive, alpha-beta T cell",True,True,False,True
5,ENSG00000153283,46.631233,,0.0,0.0,1.0,1.0,19,0.0,"CD4-positive, alpha-beta T cell",True,True,False,True
5,ENSG00000160654,45.859997,,0.0,0.0,1.0,1.0,20,0.0,"CD4-positive, alpha-beta T cell",True,True,False,True
5,ENSG00000213809,43.095646,,1.5770920613508193e-306,6.668465375690568e-306,1.0,1.0,21,0.0,"CD4-positive, alpha-beta T cell",True,True,False,True
5,ENSG00000158050,43.068203,,7.815703241822664e-307,3.3187699540648256e-306,1.0,1.0,22,0.0,"CD4-positive, alpha-beta T cell",True,True,False,True
5,ENSG00000172543,42.28526,,6.368398139963828e-298,2.642488854756775e-297,1.0,1.0,23,0.0,"CD4-positive, alpha-beta T cell",True,True,False,True
5,ENSG00000172116,42.216476,,2.135000770606556e-296,8.732109491233357e-296,1.0,1.0,24,0.0,"CD4-positive, alpha-beta T cell",True,True,False,True
5,ENSG00000186469,42.113705,7.7192464,1.1126569810552151e-297,4.597756120062872e-297,1.0,1.0,25,0.0,"CD4-positive, alpha-beta T cell",True,True,False,True
5,ENSG00000141293,41.930943,,8.19554864820892e-296,3.3383090216736943e-295,1.0,1.0,26,0.0,"CD4-positive, alpha-beta T cell",True,True,False,True
5,ENSG00000173762,40.93257,,2.5317251271917625e-283,9.870273400357749e-283,1.0,1.0,27,0.0,"CD4-positive, alpha-beta T cell",True,True,False,True
5,ENSG00000277734,40.863712,,1.246311962952757e-282,4.849462890866758e-282,1.0,1.0,28,0.0,"CD4-positive, alpha-beta T cell",True,True,False,True
5,ENSG00000138378,40.581158,6.697124,9.197118379553078e-281,3.564774565718247e-280,1.0,1.0,29,0.0,"CD4-positive, alpha-beta T cell",True,True,False,True
5,ENSG00000100450,40.549744,,8.793379622866448e-279,3.382069085717864e-278,1.0,1.0,30,0.0,"CD4-positive, alpha-beta T cell",True,True,False,True
5,ENSG00000100453,39.211918,,9.172290291295966e-265,3.4288935668396133e-264,1.0,1.0,31,0.0,"CD4-positive, alpha-beta T cell",True,True,False,True
5,ENSG00000118503,38.87136,5.517892,8.34191498888522e-263,3.095330237063162e-262,1.0,1.0,32,0.0,"CD4-positive, alpha-beta T cell",True,True,False,True
5,ENSG00000172673,38.324463,,1.3886022381539363e-255,5.040298505095958e-255,1.0,1.0,33,0.0,"CD4-positive, alpha-beta T cell",True,True,False,True
5,ENSG00000134242,38.03144,,1.8127295531873853e-252,6.520609903551745e-252,1.0,1.0,34,0.0,"CD4-positive, alpha-beta T cell",True,True,False,True
5,ENSG00000127152,37.5086,,3.614710512817797e-247,1.266098253176111e-246,1.0,1.0,35,0.0,"CD4-positive, alpha-beta T cell",True,True,False,True
5,ENSG00000136250,37.410458,6.277511,2.188786372534746e-246,7.639743010592482e-246,1.0,1.0,36,0.0,"CD4-positive, alpha-beta T cell",True,True,False,True
5,ENSG00000101445,37.14917,7.156467,1.6739370702638e-243,5.792169793300346e-243,1.0,1.0,37,0.0,"CD4-positive, alpha-beta T cell",True,True,False,True
5,ENSG00000113088,36.888474,,1.5121985115181492e-239,5.161087070027813e-239,1.0,1.0,38,0.0,"CD4-positive, alpha-beta T cell",True,True,False,True
5,ENSG00000235576,36.799225,,7.612290676423221e-239,2.5936254434150667e-238,1.0,1.0,39,0.0,"CD4-positive, alpha-beta T cell",True,True,False,True
5,ENSG00000115738,35.44046,6.7744317,7.550684048222109e-226,2.500226506033811e-225,1.0,1.0,40,0.0,"CD4-positive, alpha-beta T cell",True,True,False,True
5,ENSG00000082074,34.718388,,1.2626811472939936e-218,4.0996141145908886e-218,1.0,1.0,41,0.0,"CD4-positive, alpha-beta T cell",True,True,False,True
5,ENSG00000196154,34.357403,5.487647,1.3940389838743815e-216,4.475245534107164e-216,1.0,1.0,42,0.0,"CD4-positive, alpha-beta T cell",True,True,False,True
5,ENSG00000198821,34.3326,,1.408961967427095e-214,4.487140023653169e-214,1.0,1.0,43,0.0,"CD4-positive, alpha-beta T cell",True,True,False,True
5,ENSG00000168421,33.744076,8.295279,3.598631473574915e-208,1.1280976406190955e-207,1.0,1.0,44,0.0,"CD4-positive, alpha-beta T cell",True,True,False,True
5,ENSG00000180644,33.452694,,1.4300691920635466e-204,4.441208671004803e-204,1.0,1.0,45,0.0,"CD4-positive, alpha-beta T cell",True,True,False,True
5,ENSG00000090104,32.582523,5.5226026,4.855029511154911e-196,1.4557809628650409e-195,1.0,1.0,46,0.0,"CD4-positive, alpha-beta T cell",True,True,False,True
5,ENSG00000213145,32.53058,5.1769886,3.1201896553257605e-197,9.398161612426989e-197,1.0,1.0,47,0.0,"CD4-positive, alpha-beta T cell",True,True,False,True
5,ENSG00000152495,32.488804,,4.900500927464651e-195,1.462836097750642e-194,1.0,1.0,48,0.0,"CD4-positive, alpha-beta T cell",True,True,False,True
5,ENSG00000211751,32.45549,,1.9358586404014357e-194,5.770070463193548e-194,1.0,1.0,49,0.0,"CD4-positive, alpha-beta T cell",True,True,False,True
5,ENSG00000075884,32.446327,4.5225124,7.251904216421244e-196,2.1712288073117497e-195,1.0,1.0,50,0.0,"CD4-positive, alpha-beta T cell",True,True,False,True
5,ENSG00000115232,30.965681,,4.444324509150521e-180,1.2679955803567821e-179,1.0,1.0,51,0.0,"CD4-positive, alpha-beta T cell",True,True,False,True
5,ENSG00000146285,30.812506,,3.708495289578163e-178,1.055048446537173e-177,1.0,1.0,52,0.0,"CD4-positive, alpha-beta T cell",True,True,False,True
5,ENSG00000185811,30.357054,6.5047374,3.0741212081841117e-174,8.671710037190723e-174,1.0,1.0,53,0.0,"CD4-positive, alpha-beta T cell",True,True,False,True
5,ENSG00000134539,30.356382,,1.0342786813085659e-173,2.9134610741086364e-173,1.0,1.0,54,0.0,"CD4-positive, alpha-beta T cell",True,True,False,True
5,ENSG00000161405,29.820257,,1.429792245617967e-168,3.993833088318343e-168,1.0,1.0,55,0.0,"CD4-positive, alpha-beta T cell",True,True,False,True
5,ENSG00000183508,29.377136,,2.6461552636889355e-164,7.249740448462837e-164,1.0,1.0,56,0.0,"CD4-positive, alpha-beta T cell",True,True,False,True
5,ENSG00000113263,29.348759,,3.492528476194446e-164,9.555481467016269e-164,1.0,1.0,57,0.0,"CD4-positive, alpha-beta T cell",True,True,False,True
5,ENSG00000155307,29.147951,3.5591831,5.216771291736049e-163,1.421463567230531e-162,1.0,1.0,58,0.0,"CD4-positive, alpha-beta T cell",True,True,False,True
5,ENSG00000164691,28.899092,,9.224878705401322e-160,2.4965842233833077e-159,1.0,1.0,59,0.0,"CD4-positive, alpha-beta T cell",True,True,False,True
5,ENSG00000154217,28.878906,4.795097,3.278987300167026e-160,8.898201628675784e-160,1.0,1.0,60,0.0,"CD4-positive, alpha-beta T cell",True,True,False,True
5,ENSG00000132002,28.44882,,1.0562696005112654e-155,2.8204795741288796e-155,1.0,1.0,61,0.0,"CD4-positive, alpha-beta T cell",True,True,False,True
5,ENSG00000107742,27.742205,,6.639677602987641e-149,1.7381354981643038e-148,1.0,1.0,62,0.0,"CD4-positive, alpha-beta T cell",True,True,False,True
5,ENSG00000245648,27.57072,,5.642852227721486e-147,1.4675818537637156e-146,1.0,1.0,63,0.0,"CD4-positive, alpha-beta T cell",True,True,False,True
5,ENSG00000135842,27.46874,5.016257,1.3571594367139687e-146,3.520517345561527e-146,1.0,1.0,64,0.0,"CD4-positive, alpha-beta T cell",True,True,False,True
5,ENSG00000105939,27.440077,5.0304337,2.1804969492926167e-146,5.641647992995127e-146,1.0,1.0,65,0.0,"CD4-positive, alpha-beta T cell",True,True,False,True
5,ENSG00000111537,27.110981,,1.075818671866994e-142,2.754977392745183e-142,1.0,1.0,66,0.0,"CD4-positive, alpha-beta T cell",True,True,False,True
5,ENSG00000256039,26.975187,,2.346157036921194e-141,5.962279636394394e-141,1.0,1.0,67,0.0,"CD4-positive, alpha-beta T cell",True,True,False,True
5,ENSG00000013725,26.778915,,7.54139021069607e-140,1.9092127115686255e-139,1.0,1.0,68,0.0,"CD4-positive, alpha-beta T cell",True,True,False,True
5,ENSG00000164483,26.72071,,2.576803895645163e-139,6.4906899134638875e-139,1.0,1.0,69,0.0,"CD4-positive, alpha-beta T cell",True,True,False,True
5,ENSG00000152270,26.690405,4.910522,2.0594647571106114e-139,5.194110358412639e-139,1.0,1.0,70,0.0,"CD4-positive, alpha-beta T cell",True,True,False,True
5,ENSG00000145703,25.879103,3.977461,3.630038637240013e-132,8.832210796204411e-132,1.0,1.0,71,0.0,"CD4-positive, alpha-beta T cell",True,True,False,True
5,ENSG00000234663,25.763851,,1.1040739917081394e-130,2.6700701129580155e-130,1.0,1.0,72,0.0,"CD4-positive, alpha-beta T cell",True,True,False,True
5,ENSG00000163564,25.238459,,4.9974766437675254e-126,1.1927151894433234e-125,1.0,1.0,73,0.0,"CD4-positive, alpha-beta T cell",True,True,False,True
5,ENSG00000109943,25.046585,,4.01497825998943e-124,9.514166492865947e-124,1.0,1.0,74,0.0,"CD4-positive, alpha-beta T cell",True,True,False,True
5,ENSG00000065675,24.807709,,2.582429760462591e-122,6.069165124471425e-122,1.0,1.0,75,0.0,"CD4-positive, alpha-beta T cell",True,True,False,True
5,ENSG00000168685,24.655504,6.3777304,4.588281161666065e-121,1.0745389137391253e-120,1.0,1.0,76,0.0,"CD4-positive, alpha-beta T cell",True,True,False,True
5,ENSG00000101082,24.539127,,8.543486277414247e-120,1.989170262494586e-119,1.0,1.0,77,0.0,"CD4-positive, alpha-beta T cell",True,True,False,True
5,ENSG00000227191,23.981768,,6.338636586398283e-115,1.4521504207098013e-114,1.0,1.0,78,0.0,"CD4-positive, alpha-beta T cell",True,True,False,True
5,ENSG00000168209,23.945274,,5.351834363471677e-115,1.2274849457503845e-114,1.0,1.0,79,0.0,"CD4-positive, alpha-beta T cell",True,True,False,True
5,ENSG00000205045,23.692526,,1.1651044847424991e-112,2.6449591027071494e-112,1.0,1.0,80,0.0,"CD4-positive, alpha-beta T cell",True,True,False,True
5,ENSG00000176083,23.394495,,6.601348917998653e-110,1.4918302639544978e-109,1.0,1.0,81,0.0,"CD4-positive, alpha-beta T cell",True,True,False,True
5,ENSG00000172215,23.163834,,4.947565861565067e-108,1.1080774605968797e-107,1.0,1.0,82,0.0,"CD4-positive, alpha-beta T cell",True,True,False,True
5,ENSG00000124203,23.121555,6.8616433,7.709831834330606e-108,1.7247945938099787e-107,1.0,1.0,83,0.0,"CD4-positive, alpha-beta T cell",True,True,False,True
5,ENSG00000235162,23.051548,,2.4444112202749617e-107,5.456275045256611e-107,1.0,1.0,84,0.0,"CD4-positive, alpha-beta T cell",True,True,False,True
5,ENSG00000143185,22.88401,,1.0665643600016005e-105,2.375421737197328e-105,1.0,1.0,85,0.0,"CD4-positive, alpha-beta T cell",True,True,False,True
5,ENSG00000115523,22.848255,,1.5381673401923135e-105,3.4219518135535336e-105,1.0,1.0,86,0.0,"CD4-positive, alpha-beta T cell",True,True,False,True
5,ENSG00000100351,22.490446,,1.3791821242297478e-102,3.034504123717817e-102,1.0,1.0,87,0.0,"CD4-positive, alpha-beta T cell",True,True,False,True
5,ENSG00000120875,21.952131,,3.576457156461988e-98,7.766465052034719e-98,1.0,1.0,88,0.0,"CD4-positive, alpha-beta T cell",True,True,False,True
5,ENSG00000164104,21.868309,,1.2254212932586828e-97,2.646698257578148e-97,1.0,1.0,89,0.0,"CD4-positive, alpha-beta T cell",True,True,False,True
5,ENSG00000156475,21.810034,8.589406,4.557218578174206e-97,9.821591763306477e-97,1.0,1.0,90,0.0,"CD4-positive, alpha-beta T cell",True,True,False,True
5,ENSG00000181847,21.677353,,6.203275979235888e-96,1.3340378449969652e-95,1.0,1.0,91,0.0,"CD4-positive, alpha-beta T cell",True,True,False,True
5,ENSG00000101096,21.620373,5.8475833,1.1251409583088953e-95,2.411877724134824e-95,1.0,1.0,92,0.0,"CD4-positive, alpha-beta T cell",True,True,False,True
5,ENSG00000174946,21.58517,,3.242202682315759e-95,6.920389930236412e-95,1.0,1.0,93,0.0,"CD4-positive, alpha-beta T cell",True,True,False,True
5,ENSG00000270240,21.461607,,3.544646086509947e-94,7.541800184063717e-94,1.0,1.0,94,0.0,"CD4-positive, alpha-beta T cell",True,True,False,True
5,ENSG00000213626,21.198997,,2.6033731117037977e-92,5.521470014218023e-92,1.0,1.0,95,0.0,"CD4-positive, alpha-beta T cell",True,True,False,True
5,ENSG00000182162,21.161022,,6.309367651280408e-92,1.3324958080845634e-91,1.0,1.0,96,0.0,"CD4-positive, alpha-beta T cell",True,True,False,True
5,ENSG00000135127,21.07117,,3.348137205659711e-91,7.048709906652024e-91,1.0,1.0,97,0.0,"CD4-positive, alpha-beta T cell",True,True,False,True
5,ENSG00000130844,20.804548,3.290038,2.663642403751072e-89,5.5434805489096196e-89,1.0,1.0,98,0.0,"CD4-positive, alpha-beta T cell",True,True,False,True
5,ENSG00000059804,20.454811,3.3704603,1.1990586509391254e-86,2.4773939068990194e-86,1.0,1.0,99,0.0,"CD4-positive, alpha-beta T cell",True,True,False,True
5,ENSG00000198286,20.4062,,4.012668420553242e-86,8.282081363370985e-86,1.0,1.0,100,0.0,"CD4-positive, alpha-beta T cell",True,True,False,True
6,ENSG00000019582,60.30081,4.5214167,0.0,0.0,1.0,1.0,1,0.0,B cell,True,False,False,True
6,ENSG00000204287,59.207104,4.611822,0.0,0.0,1.0,1.0,2,0.0,B cell,True,False,False,True
6,ENSG00000153064,57.11795,,0.0,0.0,1.0,1.0,3,0.0,B cell,True,False,False,True
6,ENSG00000156738,52.03184,,0.0,0.0,1.0,1.0,4,0.0,B cell,True,False,False,True
6,ENSG00000105369,47.46594,,5.441854887136932e-290,4.711562672845829e-289,1.0,1.0,5,0.0,B cell,True,False,False,True
6,ENSG00000121966,46.61528,6.9271812,9.321784842965238e-286,7.833432641147259e-285,1.0,1.0,6,0.0,B cell,True,False,False,True
6,ENSG00000081189,44.435963,7.037937,7.210355597863878e-268,5.401015429111518e-267,1.0,1.0,7,0.0,B cell,True,False,False,True
6,ENSG00000112149,41.57533,6.5249705,3.4824143544127583e-245,2.2910620752715513e-244,1.0,1.0,8,0.0,B cell,True,False,False,True
6,ENSG00000211592,41.169647,8.102182,6.4911898174953316e-242,4.147725123000212e-241,1.0,1.0,9,0.0,B cell,True,False,False,True
6,ENSG00000042980,41.16842,,5.9723245082115604e-241,3.756178935982113e-240,1.0,1.0,10,0.0,B cell,True,False,False,True
6,ENSG00000223865,41.15971,4.574484,3.148194018555083e-244,2.0643895203639888e-243,1.0,1.0,11,0.0,B cell,True,False,False,True
6,ENSG00000196735,40.894398,5.3939867,6.566946763239889e-241,4.117208002031278e-240,1.0,1.0,12,0.0,B cell,True,False,False,True
6,ENSG00000196126,40.6501,3.8578756,1.7024489571061294e-241,1.0774993399405883e-240,1.0,1.0,13,0.0,B cell,True,False,False,True
6,ENSG00000176533,40.196056,,3.177350867139364e-233,1.896925890829471e-232,1.0,1.0,14,0.0,B cell,True,False,False,True
6,ENSG00000138639,38.269073,7.918589,1.0749603298794e-218,5.972001832663333e-218,1.0,1.0,15,0.0,B cell,True,False,False,True
6,ENSG00000144218,37.659534,5.984417,2.770938138133781e-214,1.5018634895034044e-213,1.0,1.0,16,0.0,B cell,True,False,False,True
6,ENSG00000231389,37.473297,4.1691027,2.131347267627074e-214,1.1583409063190622e-213,1.0,1.0,17,0.0,B cell,True,False,False,True
6,ENSG00000075884,36.783577,5.231847,6.973594094095996e-208,3.660679314486087e-207,1.0,1.0,18,0.0,B cell,True,False,False,True
6,ENSG00000166501,35.23844,7.2222347,2.0070490568952896e-194,9.60310553538416e-194,1.0,1.0,19,0.0,B cell,True,False,False,True
6,ENSG00000253535,34.526657,,8.561062549962148e-188,3.963454884241735e-187,1.0,1.0,20,0.0,B cell,True,False,False,True
6,ENSG00000136573,34.242268,,1.906336177907396e-185,8.68490286062595e-185,1.0,1.0,21,0.0,B cell,True,False,False,True
6,ENSG00000179344,32.938187,4.50478,1.0989338892367345e-176,4.7779734314640634e-176,1.0,1.0,22,0.0,B cell,True,False,False,True
6,ENSG00000164330,32.223423,12.228221,8.338965433777201e-170,3.4964215655250315e-169,1.0,1.0,23,0.0,B cell,True,False,False,True
6,ENSG00000110848,31.926586,6.909202,9.610604463528153e-168,3.996093332028338e-167,1.0,1.0,24,0.0,B cell,True,False,False,True
6,ENSG00000227507,30.57445,,8.889849928357535e-157,3.534731581851903e-156,1.0,1.0,25,0.0,B cell,True,False,False,True
6,ENSG00000122224,30.277847,,3.79399824635654e-154,1.4762639090881479e-153,1.0,1.0,26,0.0,B cell,True,False,False,True
6,ENSG00000168421,29.856552,7.14885,2.3670418393743587e-151,9.000159085073607e-151,1.0,1.0,27,0.0,B cell,True,False,False,True
6,ENSG00000112182,28.839878,,3.7826323235599714e-143,1.3830465534040115e-142,1.0,1.0,28,0.0,B cell,True,False,False,True
6,ENSG00000211899,28.500269,,2.8159844218508223e-140,1.0111254656555914e-139,1.0,1.0,29,0.0,B cell,True,False,False,True
6,ENSG00000145416,28.25784,7.363655,1.2975777573054298e-138,4.6013395649128713e-138,1.0,1.0,30,0.0,B cell,True,False,False,True
6,ENSG00000196092,27.723612,,2.9967682372207347e-134,1.0405445268127552e-133,1.0,1.0,31,0.0,B cell,True,False,False,True
6,ENSG00000128218,27.68187,,6.35186579420919e-134,2.1978774374426262e-133,1.0,1.0,32,0.0,B cell,True,False,False,True
6,ENSG00000169508,25.565456,6.465898,3.8196504677271775e-118,1.2262120281628177e-117,1.0,1.0,33,0.0,B cell,True,False,False,True
6,ENSG00000111913,24.32837,6.663131,4.2334872045536003e-109,1.3127092107142946e-108,1.0,1.0,34,0.0,B cell,True,False,False,True
6,ENSG00000121895,24.253565,,3.2788794133460813e-108,1.0119998189339757e-107,1.0,1.0,35,0.0,B cell,True,False,False,True
6,ENSG00000171791,23.132013,5.5879374,2.898084797152765e-100,8.523778815155191e-100,1.0,1.0,36,0.0,B cell,True,False,False,True
6,ENSG00000128815,23.003145,7.403178,3.725272690232888e-99,1.0892610205359322e-98,1.0,1.0,37,0.0,B cell,True,False,False,True
6,ENSG00000102445,22.97146,,7.1875247987888256e-99,2.098547386507686e-98,1.0,1.0,38,0.0,B cell,True,False,False,True
6,ENSG00000211895,22.483501,5.2712617,1.311483425418225e-95,3.763223602347848e-95,1.0,1.0,39,0.0,B cell,True,False,False,True
6,ENSG00000263961,22.483494,,2.289815500256141e-95,6.551689557242177e-95,1.0,1.0,40,0.0,B cell,True,False,False,True
6,ENSG00000126353,22.254854,,9.120319993002652e-94,2.58000565572918e-93,1.0,1.0,41,0.0,B cell,True,False,False,True
6,ENSG00000234184,22.046055,,3.1458286528768905e-92,8.836597339541827e-92,1.0,1.0,42,0.0,B cell,True,False,False,True
6,ENSG00000198286,21.98551,11.408057,5.1379227480057635e-92,1.4412125520352773e-91,1.0,1.0,43,0.0,B cell,True,False,False,True
6,ENSG00000035720,21.915699,,2.4830776115118607e-91,6.935970981876706e-91,1.0,1.0,44,0.0,B cell,True,False,False,True
6,ENSG00000198840,21.52578,,1.7551438620113227e-89,4.855169742769911e-89,1.0,1.0,45,0.0,B cell,True,False,False,True
6,ENSG00000120278,21.139286,5.4678903,3.948940197784563e-86,1.0672811345363683e-85,1.0,1.0,46,0.0,B cell,True,False,False,True
6,ENSG00000188404,21.139044,,5.539585333347437e-86,1.4951647323474863e-85,1.0,1.0,47,0.0,B cell,True,False,False,True
6,ENSG00000167483,20.857544,,5.821287751276918e-84,1.550276365186929e-83,1.0,1.0,48,0.0,B cell,True,False,False,True
6,ENSG00000211677,20.783821,12.697499,1.4565908331544734e-83,3.8687671531327316e-83,1.0,1.0,49,0.0,B cell,True,False,False,True
6,ENSG00000164691,20.32465,5.9515133,1.646980611409698e-80,4.339869858787083e-80,1.0,1.0,50,0.0,B cell,True,False,False,True
6,ENSG00000184588,20.288754,3.8872008,2.3114546827020147e-80,6.082775480794775e-80,1.0,1.0,51,0.0,B cell,True,False,False,True
6,ENSG00000161405,20.13965,,3.219300755840639e-79,8.40548500219488e-79,1.0,1.0,52,0.0,B cell,True,False,False,True
6,ENSG00000101445,19.22923,4.5089984,3.289397602970182e-73,8.275214095522471e-73,1.0,1.0,53,0.0,B cell,True,False,False,True
6,ENSG00000130844,18.659733,3.7537408,1.8305542594278903e-69,4.503208510277713e-69,1.0,1.0,54,0.0,B cell,True,False,False,True
6,ENSG00000141682,17.96712,,5.6595153298213665e-65,1.3653836742632971e-64,1.0,1.0,55,0.0,B cell,True,False,False,True
6,ENSG00000116741,17.873793,4.529894,2.139355068352068e-64,5.148868997237228e-64,1.0,1.0,56,0.0,B cell,True,False,False,True
6,ENSG00000158517,17.867924,7.1426234,2.2923928266189398e-64,5.510559679372451e-64,1.0,1.0,57,0.0,B cell,True,False,False,True
6,ENSG00000082293,17.752752,,1.5447861788077703e-63,3.7000866558269944e-63,1.0,1.0,58,0.0,B cell,True,False,False,True
6,ENSG00000023445,17.549723,5.8567405,2.1546689862065465e-62,5.13016425287273e-62,1.0,1.0,59,0.0,B cell,True,False,False,True
6,ENSG00000081237,17.401756,2.8142407,1.187585998886333e-61,2.8075319122608347e-61,1.0,1.0,60,0.0,B cell,True,False,False,True
6,ENSG00000257242,17.351187,3.8311198,3.680908948284545e-61,8.660962231257754e-61,1.0,1.0,61,0.0,B cell,True,False,False,True
6,ENSG00000228655,17.10843,,1.2985541000600278e-59,3.0269326341725587e-59,1.0,1.0,62,0.0,B cell,True,False,False,True
6,ENSG00000211679,16.655264,,7.850405379515741e-57,1.8005516925494821e-56,1.0,1.0,63,0.0,B cell,True,False,False,True
6,ENSG00000211896,16.351517,6.978904,4.704483494646302e-55,1.065568175457826e-54,1.0,1.0,64,0.0,B cell,True,False,False,True
6,ENSG00000197943,16.180721,7.7754617,3.9091005787380976e-54,8.794377005035091e-54,1.0,1.0,65,0.0,B cell,True,False,False,True
6,ENSG00000170542,16.099237,4.3819923,1.4426118200761523e-53,3.238185903650174e-53,1.0,1.0,66,0.0,B cell,True,False,False,True
6,ENSG00000211898,16.023645,,4.950296831293842e-53,1.108689099953828e-52,1.0,1.0,67,0.0,B cell,True,False,False,True
6,ENSG00000112486,15.992074,,7.124193682130537e-53,1.5937793472327822e-52,1.0,1.0,68,0.0,B cell,True,False,False,True
6,ENSG00000125726,15.704088,,3.5173365586675525e-51,7.773119466668623e-51,1.0,1.0,69,0.0,B cell,True,False,False,True
6,ENSG00000137265,15.4993105,9.551154,5.214956483950462e-50,1.1461442821869146e-49,1.0,1.0,70,0.0,B cell,True,False,False,True
6,ENSG00000080824,15.004609,,2.587448968253493e-47,5.582414170989197e-47,1.0,1.0,71,0.0,B cell,True,False,False,True
6,ENSG00000058091,14.940315,3.6033351,6.57241967697461e-47,1.410390488621161e-46,1.0,1.0,72,0.0,B cell,True,False,False,True
6,ENSG00000198899,14.865881,,1.1884616996689843e-46,2.5421640634630683e-46,1.0,1.0,73,0.0,B cell,True,False,False,True
6,ENSG00000211897,14.643865,4.564198,2.976107414836243e-45,6.305312319568313e-45,1.0,1.0,74,0.0,B cell,True,False,False,True
6,ENSG00000105939,14.640243,3.6583333,2.98266889415152e-45,6.312526760109038e-45,1.0,1.0,75,0.0,B cell,True,False,False,True
6,ENSG00000059804,14.308039,3.0166986,1.9131721215768607e-43,3.994096287216828e-43,1.0,1.0,76,0.0,B cell,True,False,False,True
6,ENSG00000048052,14.156337,,1.4074739702144842e-42,2.923102741878472e-42,1.0,1.0,77,0.0,B cell,True,False,False,True
6,ENSG00000135074,13.982346,5.286007,1.2269995378562456e-41,2.540371713988086e-41,1.0,1.0,78,0.0,B cell,True,False,False,True
6,ENSG00000216863,13.944403,,2.1654994462250078e-41,4.460349013851715e-41,1.0,1.0,79,0.0,B cell,True,False,False,True
6,ENSG00000198886,13.896107,,2.406073727505933e-41,4.950768986637723e-41,1.0,1.0,80,0.0,B cell,True,False,False,True
6,ENSG00000125740,13.744962,3.46272,2.0122466164020467e-40,4.1150237554234085e-40,1.0,1.0,81,0.0,B cell,True,False,False,True
6,ENSG00000100721,13.71328,,3.6605070424118214e-40,7.447623687511336e-40,1.0,1.0,82,0.0,B cell,True,False,False,True
6,ENSG00000196628,13.625788,3.2819,8.48774209908053e-40,1.7251508331464492e-39,1.0,1.0,83,0.0,B cell,True,False,False,True
6,ENSG00000120694,13.603083,,1.1960252910676755e-39,2.4235568208058267e-39,1.0,1.0,84,0.0,B cell,True,False,False,True
6,ENSG00000090104,13.603072,3.2589102,1.2064678444136232e-39,2.442242600027577e-39,1.0,1.0,85,0.0,B cell,True,False,False,True
6,ENSG00000211675,13.525968,8.331944,3.330310076615515e-39,6.721110144531816e-39,1.0,1.0,86,0.0,B cell,True,False,False,True
6,ENSG00000255733,13.488953,,5.203977603308181e-39,1.0481324477962097e-38,1.0,1.0,87,0.0,B cell,True,False,False,True
6,ENSG00000211890,13.366616,,2.2844609131703678e-38,4.5689218263407356e-38,1.0,1.0,88,0.0,B cell,True,False,False,True
6,ENSG00000132465,13.112942,5.214363,4.282659306789915e-37,8.497339894424433e-37,1.0,1.0,89,0.0,B cell,True,False,False,True
6,ENSG00000185760,13.039669,,1.0233923723548166e-36,2.0245150788423672e-36,1.0,1.0,90,0.0,B cell,True,False,False,True
6,ENSG00000182162,12.914076,,4.2379877315289235e-36,8.309779865742987e-36,1.0,1.0,91,0.0,B cell,True,False,False,True
6,ENSG00000197061,12.577121,,1.995828672622685e-34,3.864140702076834e-34,1.0,1.0,92,0.0,B cell,True,False,False,True
6,ENSG00000164236,12.430362,,1.1156913102728781e-33,2.1559252372422766e-33,1.0,1.0,93,0.0,B cell,True,False,False,True
6,ENSG00000184305,12.360173,,2.3295399087289065e-33,4.4885162017898006e-33,1.0,1.0,94,0.0,B cell,True,False,False,True
6,ENSG00000162804,12.290985,6.0648823,5.072225730855816e-33,9.754280251645801e-33,1.0,1.0,95,0.0,B cell,True,False,False,True
6,ENSG00000132002,12.201909,6.584259,1.3159840652698916e-32,2.5258811233587167e-32,1.0,1.0,96,0.0,B cell,True,False,False,True
6,ENSG00000198938,11.959518,,1.5583968409416083e-31,2.957109755107416e-31,1.0,1.0,97,0.0,B cell,True,False,False,True
6,ENSG00000123975,11.779872,,1.3881545263123614e-30,2.616690907280606e-30,1.0,1.0,98,0.0,B cell,True,False,False,True
6,ENSG00000203710,11.665602,5.9161835,4.8529635314375975e-30,9.104997244723447e-30,1.0,1.0,99,0.0,B cell,True,False,False,True
6,ENSG00000109684,11.640205,10.435688,6.384813483389706e-30,1.1945394730382986e-29,1.0,1.0,100,0.0,B cell,True,False,False,True
7,ENSG00000120594,21.370071,4.481146,5.573813382244873e-67,1.311485501704676e-65,1.0,1.0,1,0.0,macrophage,True,False,False,True
7,ENSG00000260314,19.881195,4.7926617,1.1802643008444304e-60,2.384372324938243e-59,1.0,1.0,2,0.0,macrophage,True,False,False,True
7,ENSG00000018280,18.357956,4.7830477,3.2243639448079587e-54,5.75779275858564e-53,1.0,1.0,3,0.0,macrophage,True,False,False,True
7,ENSG00000188641,17.95474,4.1245046,1.5535562497403566e-52,2.7255372802462395e-51,1.0,1.0,4,0.0,macrophage,True,False,False,True
7,ENSG00000183023,17.698448,4.9125404,2.0117744896292027e-51,3.409787270557971e-50,1.0,1.0,5,0.0,macrophage,True,False,False,True
7,ENSG00000148655,17.388292,3.9000256,3.6002971191790803e-50,5.7604753906865285e-49,1.0,1.0,6,0.0,macrophage,True,False,False,True
7,ENSG00000132170,16.495434,5.4557176,2.2872987902634514e-46,3.492059221776262e-45,1.0,1.0,7,0.0,macrophage,True,False,False,True
7,ENSG00000169554,15.837913,3.6256697,1.0996981640256957e-43,1.570997377179565e-42,1.0,1.0,8,0.0,macrophage,True,False,False,True
7,ENSG00000038945,15.599432,4.428296,1.1461804536078893e-42,1.580938556700537e-41,1.0,1.0,9,0.0,macrophage,True,False,False,True
7,ENSG00000185565,14.504277,5.230796,3.651162437422319e-38,4.3466219493122845e-37,1.0,1.0,10,0.0,macrophage,True,False,False,True
7,ENSG00000173482,14.224559,3.5165813,4.430777239273999e-37,5.122285825750288e-36,1.0,1.0,11,0.0,macrophage,True,False,False,True
7,ENSG00000157827,13.926388,4.6384706,7.592525068429964e-36,8.530927043179735e-35,1.0,1.0,12,0.0,macrophage,True,False,False,True
7,ENSG00000188906,13.245749,4.080813,3.86359722223341e-33,4.003727691433585e-32,1.0,1.0,13,0.0,macrophage,True,False,False,True
7,ENSG00000168878,12.597894,2.9949706,1.2234127377052085e-30,1.187779356995348e-29,1.0,1.0,14,0.0,macrophage,True,False,False,True
7,ENSG00000145819,12.577493,3.3076878,1.5111181128101819e-30,1.4529981853944057e-29,1.0,1.0,15,0.0,macrophage,True,False,False,True
7,ENSG00000116016,12.181399,3.4171805,5.0477593474410414e-29,4.717532100412188e-28,1.0,1.0,16,0.0,macrophage,True,False,False,True
7,ENSG00000128512,11.978689,2.903618,2.9726550884681177e-28,2.702413716789198e-27,1.0,1.0,17,0.0,macrophage,True,False,False,True
7,ENSG00000248905,11.831806,4.813173,1.1386743645653815e-27,1.0076764288189217e-26,1.0,1.0,18,0.0,macrophage,True,False,False,True
7,ENSG00000144724,11.357704,3.5020702,6.361687090447338e-26,5.214497615120769e-25,1.0,1.0,19,0.0,macrophage,True,False,False,True
7,ENSG00000151726,11.330766,3.7530236,8.218803808128257e-26,6.709227598472047e-25,1.0,1.0,20,0.0,macrophage,True,False,False,True
7,ENSG00000019169,11.058023,3.6240535,8.261572861158053e-25,6.505175481226813e-24,1.0,1.0,21,0.0,macrophage,True,False,False,True
7,ENSG00000144331,11.041844,3.7804027,9.574338384466095e-25,7.479951862864137e-24,1.0,1.0,22,0.0,macrophage,True,False,False,True
7,ENSG00000239268,10.962597,5.1995263,1.910660360264563e-24,1.4754134056097013e-23,1.0,1.0,23,0.0,macrophage,True,False,False,True
7,ENSG00000261371,10.936283,3.2836537,2.293316704147367e-24,1.7506234382804328e-23,1.0,1.0,24,0.0,macrophage,True,False,False,True
7,ENSG00000165168,10.908448,3.9190214,2.923125599142968e-24,2.20613252765507e-23,1.0,1.0,25,0.0,macrophage,True,False,False,True
7,ENSG00000245532,10.800018,2.9041169,6.729894459155301e-24,4.930325611102785e-23,1.0,1.0,26,0.0,macrophage,True,False,False,True
7,ENSG00000170017,10.764956,5.355759,9.503182743130793e-24,6.886364306616516e-23,1.0,1.0,27,0.0,macrophage,True,False,False,True
7,ENSG00000186417,10.685949,5.475186,1.913480260083145e-23,1.3716704373355879e-22,1.0,1.0,28,0.0,macrophage,True,False,False,True
7,ENSG00000151474,10.586659,4.1421313,4.245728623865523e-23,3.0218709066658524e-22,1.0,1.0,29,0.0,macrophage,True,False,False,True
7,ENSG00000175471,10.46007,3.695578,1.1791084181282913e-22,8.274445039496782e-22,1.0,1.0,30,0.0,macrophage,True,False,False,True
7,ENSG00000156113,10.438199,5.6310105,1.4525921630512e-22,1.0157987154204194e-21,1.0,1.0,31,0.0,macrophage,True,False,False,True
7,ENSG00000085276,10.395142,4.096458,1.9770144533093599e-22,1.3634582436616274e-21,1.0,1.0,32,0.0,macrophage,True,False,False,True
7,ENSG00000169744,10.370614,3.149829,2.435660707463846e-22,1.6569120458937727e-21,1.0,1.0,33,0.0,macrophage,True,False,False,True
7,ENSG00000137491,10.345746,4.3340144,3.0688678526164016e-22,2.0596428541049676e-21,1.0,1.0,34,0.0,macrophage,True,False,False,True
7,ENSG00000173391,10.32824,3.5688052,3.484230310638925e-22,2.3228202070926166e-21,1.0,1.0,35,0.0,macrophage,True,False,False,True
7,ENSG00000117114,10.310131,4.1834726,4.0204285922551053e-22,2.671381124421997e-21,1.0,1.0,36,0.0,macrophage,True,False,False,True
7,ENSG00000064989,10.1021805,3.6641378,2.161602893750945e-21,1.394582512097384e-20,1.0,1.0,37,0.0,macrophage,True,False,False,True
7,ENSG00000105835,10.061737,2.84679,2.9103943756522735e-21,1.8596769173496955e-20,1.0,1.0,38,0.0,macrophage,True,False,False,True
7,ENSG00000168484,9.909486,2.919833,9.913167382619315e-21,6.234696467056172e-20,1.0,1.0,39,0.0,macrophage,True,False,False,True
7,ENSG00000115919,9.856095,4.3432016,1.5370889465459584e-20,9.636921294958987e-20,1.0,1.0,40,0.0,macrophage,True,False,False,True
7,ENSG00000172264,9.845654,3.9826257,1.6721008453827603e-20,1.0450630283642252e-19,1.0,1.0,41,0.0,macrophage,True,False,False,True
7,ENSG00000104447,9.833259,4.8781576,1.8461107210842667e-20,1.1466526217914698e-19,1.0,1.0,42,0.0,macrophage,True,False,False,True
7,ENSG00000079215,9.770901,5.084586,3.059949691400574e-20,1.8830459639388147e-19,1.0,1.0,43,0.0,macrophage,True,False,False,True
7,ENSG00000145416,9.607777,4.8210406,1.0960060066188907e-19,6.602445823005366e-19,1.0,1.0,44,0.0,macrophage,True,False,False,True
7,ENSG00000076641,9.489955,3.7679043,2.7113626064375205e-19,1.6235704230164794e-18,1.0,1.0,45,0.0,macrophage,True,False,False,True
7,ENSG00000101336,9.46601,3.9897897,3.268072270697804e-19,1.9452811135105977e-18,1.0,1.0,46,0.0,macrophage,True,False,False,True
7,ENSG00000231535,9.421791,4.709146,4.621860612401061e-19,2.742943983620808e-18,1.0,1.0,47,0.0,macrophage,True,False,False,True
7,ENSG00000158270,9.378306,4.0662575,6.458630094350689e-19,3.821674612041828e-18,1.0,1.0,48,0.0,macrophage,True,False,False,True
7,ENSG00000198682,9.030753,3.2191267,8.93928342024843e-18,5.0362160114075665e-17,1.0,1.0,49,0.0,macrophage,True,False,False,True
7,ENSG00000196782,9.008452,4.3161635,1.0562832059653306e-17,5.91755297459569e-17,1.0,1.0,50,0.0,macrophage,True,False,False,True
7,ENSG00000047936,8.968568,3.6735961,1.434633175230323e-17,7.970184306835128e-17,1.0,1.0,51,0.0,macrophage,True,False,False,True
7,ENSG00000184005,8.950135,3.380793,1.6383367485553188e-17,9.076657886733068e-17,1.0,1.0,52,0.0,macrophage,True,False,False,True
7,ENSG00000081803,8.934323,3.7770164,1.8362996116473016e-17,1.0117353232216538e-16,1.0,1.0,53,0.0,macrophage,True,False,False,True
7,ENSG00000038427,8.926658,5.2141237,1.966160567012008e-17,1.0803080038527516e-16,1.0,1.0,54,0.0,macrophage,True,False,False,True
7,ENSG00000112394,8.896963,3.9515655,2.4586905664387833e-17,1.3398858672690916e-16,1.0,1.0,55,0.0,macrophage,True,False,False,True
7,ENSG00000135905,8.832953,3.5591142,3.919670657377549e-17,2.1244827411260425e-16,1.0,1.0,56,0.0,macrophage,True,False,False,True
7,ENSG00000144218,8.747743,3.5596814,7.333407205203442e-17,3.921608131124836e-16,1.0,1.0,57,0.0,macrophage,True,False,False,True
7,ENSG00000165140,8.711912,3.469855,9.56108505017981e-17,5.072193660572843e-16,1.0,1.0,58,0.0,macrophage,True,False,False,True
7,ENSG00000216490,8.660926,3.162774,1.3873863213145112e-16,7.282867828422631e-16,1.0,1.0,59,0.0,macrophage,True,False,False,True
7,ENSG00000127329,8.520995,3.3132734,3.847434811412229e-16,1.9883384038306093e-15,1.0,1.0,60,0.0,macrophage,True,False,False,True
7,ENSG00000003436,8.425458,3.1257315,7.596464034908141e-16,3.895622582004175e-15,1.0,1.0,61,0.0,macrophage,True,False,False,True
7,ENSG00000112137,8.404692,2.7621806,8.856375947615584e-16,4.53011557422792e-15,1.0,1.0,62,0.0,macrophage,True,False,False,True
7,ENSG00000154127,8.357622,4.485603,1.2489848358585616e-15,6.340024547505389e-15,1.0,1.0,63,0.0,macrophage,True,False,False,True
7,ENSG00000184384,8.354428,3.593472,1.2724245134372416e-15,6.42638643150122e-15,1.0,1.0,64,0.0,macrophage,True,False,False,True
7,ENSG00000173369,8.349179,3.2329044,1.327804039915597e-15,6.689189117962706e-15,1.0,1.0,65,0.0,macrophage,True,False,False,True
7,ENSG00000110799,8.314442,3.3484592,1.696586396220616e-15,8.504192462258726e-15,1.0,1.0,66,0.0,macrophage,True,False,False,True
7,ENSG00000189283,8.302514,5.42732,1.8449218003876716e-15,9.224609001938357e-15,1.0,1.0,67,0.0,macrophage,True,False,False,True
7,ENSG00000100234,8.141199,2.7973223,5.730521806598052e-15,2.822917146107415e-14,1.0,1.0,68,0.0,macrophage,True,False,False,True
7,ENSG00000122852,8.073398,3.1437342,9.259128921253986e-15,4.5387886868892086e-14,1.0,1.0,69,0.0,macrophage,True,False,False,True
7,ENSG00000171310,8.027494,2.6436403,1.274020109755226e-14,6.21473224270842e-14,1.0,1.0,70,0.0,macrophage,True,False,False,True
7,ENSG00000174640,7.9168105,3.6545157,2.7637075191371704e-14,1.3287055380467166e-13,1.0,1.0,71,0.0,macrophage,True,False,False,True
7,ENSG00000185532,7.9155097,2.7907593,2.7589158107978737e-14,1.3287055380467166e-13,1.0,1.0,72,0.0,macrophage,True,False,False,True
7,ENSG00000113448,7.8928423,3.408767,3.228278051188214e-14,1.5427865156692744e-13,1.0,1.0,73,0.0,macrophage,True,False,False,True
7,ENSG00000004799,7.8574624,3.2573047,4.146182534552559e-14,1.96968291427675e-13,1.0,1.0,74,0.0,macrophage,True,False,False,True
7,ENSG00000112232,7.7944665,3.3671007,6.373895409490428e-14,3.013662132146775e-13,1.0,1.0,75,0.0,macrophage,True,False,False,True
7,ENSG00000137393,7.7780213,3.2455783,7.140842812565012e-14,3.3683220813985905e-13,1.0,1.0,76,0.0,macrophage,True,False,False,True
7,ENSG00000011600,7.7353687,2.669333,9.489066215059147e-14,4.444527501198664e-13,1.0,1.0,77,0.0,macrophage,True,False,False,True
7,ENSG00000090382,7.7212267,2.7378316,1.0432021361282909e-13,4.874776337048088e-13,1.0,1.0,78,0.0,macrophage,True,False,False,True
7,ENSG00000136237,7.7167096,3.072422,1.0778969214467405e-13,5.025160472945178e-13,1.0,1.0,79,0.0,macrophage,True,False,False,True
7,ENSG00000109906,7.7104077,2.388965,1.1221316054036358e-13,5.219216769319236e-13,1.0,1.0,80,0.0,macrophage,True,False,False,True
7,ENSG00000253496,7.6922326,5.421348,1.2899106374278255e-13,5.944288651741131e-13,1.0,1.0,81,0.0,macrophage,True,False,False,True
7,ENSG00000240583,7.651259,3.6121943,1.680885367524028e-13,7.728208586317369e-13,1.0,1.0,82,0.0,macrophage,True,False,False,True
7,ENSG00000151276,7.625889,3.0324178,1.971068555125036e-13,9.041598876720348e-13,1.0,1.0,83,0.0,macrophage,True,False,False,True
7,ENSG00000158869,7.6240115,2.80386,2.0122841111074863e-13,9.209538265938153e-13,1.0,1.0,84,0.0,macrophage,True,False,False,True
7,ENSG00000170396,7.5808268,5.1025295,2.7205048602764023e-13,1.2394099591236457e-12,1.0,1.0,85,0.0,macrophage,True,False,False,True
7,ENSG00000182667,7.544446,3.3885422,3.4468705829040263e-13,1.5632066135619166e-12,1.0,1.0,86,0.0,macrophage,True,False,False,True
7,ENSG00000122641,7.531743,4.550399,3.7635472945895057e-13,1.699118417421899e-12,1.0,1.0,87,0.0,macrophage,True,False,False,True
7,ENSG00000134769,7.472079,4.357802,5.592615194883457e-13,2.4800954301035288e-12,1.0,1.0,88,0.0,macrophage,True,False,False,True
7,ENSG00000144642,7.413845,2.8046112,8.105392092025703e-13,3.5785395549782354e-12,1.0,1.0,89,0.0,macrophage,True,False,False,True
7,ENSG00000182985,7.3606186,3.657058,1.1578559360260913e-12,5.078315508886365e-12,1.0,1.0,90,0.0,macrophage,True,False,False,True
7,ENSG00000130208,7.3446918,3.0059252,1.2874839586631322e-12,5.622200692852106e-12,1.0,1.0,91,0.0,macrophage,True,False,False,True
7,ENSG00000196549,7.3283315,5.0522017,1.4410138722057332e-12,6.2789275477374e-12,1.0,1.0,92,0.0,macrophage,True,False,False,True
7,ENSG00000198814,7.3088093,3.356407,1.6240272452650832e-12,7.0609880228916655e-12,1.0,1.0,93,0.0,macrophage,True,False,False,True
7,ENSG00000196628,7.272898,3.1717892,2.0418057920119033e-12,8.858159618272898e-12,1.0,1.0,94,0.0,macrophage,True,False,False,True
7,ENSG00000152128,7.2516704,3.3974452,2.3603266481706577e-12,1.0195795456460725e-11,1.0,1.0,95,0.0,macrophage,True,False,False,True
7,ENSG00000135218,7.238715,3.4792168,2.5663312540221758e-12,1.1037983888267423e-11,1.0,1.0,96,0.0,macrophage,True,False,False,True
7,ENSG00000185303,7.229405,3.0148435,2.7134142183329536e-12,1.1645554585119973e-11,1.0,1.0,97,0.0,macrophage,True,False,False,True
7,ENSG00000129226,7.222169,2.9675403,2.8480311254044168e-12,1.219713544070414e-11,1.0,1.0,98,0.0,macrophage,True,False,False,True
7,ENSG00000184113,7.210729,3.4395015,3.0716023760983053e-12,1.3126505880761987e-11,1.0,1.0,99,0.0,macrophage,True,False,False,True
7,ENSG00000128815,7.205853,4.515112,3.1878819368658593e-12,1.353665365972764e-11,1.0,1.0,100,0.0,macrophage,True,False,False,True
8,ENSG00000168878,227.3503,,0.0,0.0,1.0,1.0,1,0.0,pulmonary alveolar type 2 cell,True,False,True,True
8,ENSG00000168484,94.299675,,0.0,0.0,1.0,1.0,2,0.0,pulmonary alveolar type 2 cell,True,False,True,True
8,ENSG00000122852,88.7442,,0.0,0.0,1.0,1.0,3,0.0,pulmonary alveolar type 2 cell,True,False,True,True
8,ENSG00000144331,82.04564,,0.0,0.0,1.0,1.0,4,0.0,pulmonary alveolar type 2 cell,True,False,True,True
8,ENSG00000188906,81.53309,,0.0,0.0,1.0,1.0,5,0.0,pulmonary alveolar type 2 cell,True,False,True,True
8,ENSG00000157765,81.29559,,0.0,0.0,1.0,1.0,6,0.0,pulmonary alveolar type 2 cell,True,False,True,True
8,ENSG00000185303,80.844124,,0.0,0.0,1.0,1.0,7,0.0,pulmonary alveolar type 2 cell,True,False,True,True
8,ENSG00000113448,80.24028,,0.0,0.0,1.0,1.0,8,0.0,pulmonary alveolar type 2 cell,True,False,True,True
8,ENSG00000131400,80.228165,,0.0,0.0,1.0,1.0,9,0.0,pulmonary alveolar type 2 cell,True,False,True,True
8,ENSG00000167972,78.553795,,0.0,0.0,1.0,1.0,10,0.0,pulmonary alveolar type 2 cell,True,False,True,True
8,ENSG00000172264,75.48596,,0.0,0.0,1.0,1.0,11,0.0,pulmonary alveolar type 2 cell,True,False,True,True
8,ENSG00000151150,72.61967,,0.0,0.0,1.0,1.0,12,0.0,pulmonary alveolar type 2 cell,True,False,True,True
8,ENSG00000047936,71.98919,,0.0,0.0,1.0,1.0,13,0.0,pulmonary alveolar type 2 cell,True,False,True,True
8,ENSG00000153093,67.46817,,0.0,0.0,1.0,1.0,14,0.0,pulmonary alveolar type 2 cell,True,False,True,True
8,ENSG00000078081,67.333336,,0.0,0.0,1.0,1.0,15,0.0,pulmonary alveolar type 2 cell,True,False,True,True
8,ENSG00000085276,67.06678,,0.0,0.0,1.0,1.0,16,0.0,pulmonary alveolar type 2 cell,True,False,True,True
8,ENSG00000185499,65.78673,,0.0,0.0,1.0,1.0,17,0.0,pulmonary alveolar type 2 cell,True,False,True,True
8,ENSG00000150672,64.42754,,0.0,0.0,1.0,1.0,18,0.0,pulmonary alveolar type 2 cell,True,False,True,True
8,ENSG00000049759,62.565563,,0.0,0.0,1.0,1.0,19,0.0,pulmonary alveolar type 2 cell,True,False,True,True
8,ENSG00000152128,61.378155,,0.0,0.0,1.0,1.0,20,0.0,pulmonary alveolar type 2 cell,True,False,True,True
8,ENSG00000171476,59.804928,,0.0,0.0,1.0,1.0,21,0.0,pulmonary alveolar type 2 cell,True,False,True,True
8,ENSG00000178568,59.228607,,0.0,0.0,1.0,1.0,22,0.0,pulmonary alveolar type 2 cell,True,False,True,True
8,ENSG00000144218,58.38519,,0.0,0.0,1.0,1.0,23,0.0,pulmonary alveolar type 2 cell,True,False,True,True
8,ENSG00000133661,58.28687,,0.0,0.0,1.0,1.0,24,0.0,pulmonary alveolar type 2 cell,True,False,True,True
8,ENSG00000158321,57.83492,,0.0,0.0,1.0,1.0,25,0.0,pulmonary alveolar type 2 cell,True,False,True,True
8,ENSG00000182985,55.84566,,0.0,0.0,1.0,1.0,26,0.0,pulmonary alveolar type 2 cell,True,False,True,True
8,ENSG00000144724,55.629425,6.5277433,0.0,0.0,1.0,1.0,27,0.0,pulmonary alveolar type 2 cell,True,False,True,True
8,ENSG00000164741,55.4791,6.001859,0.0,0.0,1.0,1.0,28,0.0,pulmonary alveolar type 2 cell,True,False,True,True
8,ENSG00000064042,53.47467,6.330312,0.0,0.0,1.0,1.0,29,0.0,pulmonary alveolar type 2 cell,True,False,True,True
8,ENSG00000069122,51.47471,8.176032,0.0,0.0,1.0,1.0,30,0.0,pulmonary alveolar type 2 cell,True,False,True,True
8,ENSG00000163629,51.286392,,0.0,0.0,1.0,1.0,31,0.0,pulmonary alveolar type 2 cell,True,False,True,True
8,ENSG00000196260,51.0822,,0.0,0.0,1.0,1.0,32,0.0,pulmonary alveolar type 2 cell,True,False,True,True
8,ENSG00000245532,50.284946,4.4411435,0.0,0.0,1.0,1.0,33,0.0,pulmonary alveolar type 2 cell,True,False,True,True
8,ENSG00000090530,50.121647,,0.0,0.0,1.0,1.0,34,0.0,pulmonary alveolar type 2 cell,True,False,True,True
8,ENSG00000273540,49.289642,,0.0,0.0,1.0,1.0,35,0.0,pulmonary alveolar type 2 cell,True,False,True,True
8,ENSG00000138821,49.270138,7.6366205,0.0,0.0,1.0,1.0,36,0.0,pulmonary alveolar type 2 cell,True,False,True,True
8,ENSG00000162551,48.76081,,0.0,0.0,1.0,1.0,37,0.0,pulmonary alveolar type 2 cell,True,False,True,True
8,ENSG00000155657,48.072006,,0.0,0.0,1.0,1.0,38,0.0,pulmonary alveolar type 2 cell,True,False,True,True
8,ENSG00000131018,47.169697,4.850795,0.0,0.0,1.0,1.0,39,0.0,pulmonary alveolar type 2 cell,True,False,True,True
8,ENSG00000096088,46.619568,,0.0,0.0,1.0,1.0,40,0.0,pulmonary alveolar type 2 cell,True,False,True,True
8,ENSG00000153823,45.27049,7.466005,0.0,0.0,1.0,1.0,41,0.0,pulmonary alveolar type 2 cell,True,False,True,True
8,ENSG00000081026,45.121414,,0.0,0.0,1.0,1.0,42,0.0,pulmonary alveolar type 2 cell,True,False,True,True
8,ENSG00000081803,44.89815,8.394493,0.0,0.0,1.0,1.0,43,0.0,pulmonary alveolar type 2 cell,True,False,True,True
8,ENSG00000156076,43.899483,,0.0,0.0,1.0,1.0,44,0.0,pulmonary alveolar type 2 cell,True,False,True,True
8,ENSG00000112137,43.859825,4.938666,0.0,0.0,1.0,1.0,45,0.0,pulmonary alveolar type 2 cell,True,False,True,True
8,ENSG00000078114,43.74415,,0.0,0.0,1.0,1.0,46,0.0,pulmonary alveolar type 2 cell,True,False,True,True
8,ENSG00000236039,43.61877,,0.0,0.0,1.0,1.0,47,0.0,pulmonary alveolar type 2 cell,True,False,True,True
8,ENSG00000136153,43.526936,,0.0,0.0,1.0,1.0,48,0.0,pulmonary alveolar type 2 cell,True,False,True,True
8,ENSG00000138771,43.402348,,0.0,0.0,1.0,1.0,49,0.0,pulmonary alveolar type 2 cell,True,False,True,True
8,ENSG00000152894,43.231075,,0.0,0.0,1.0,1.0,50,0.0,pulmonary alveolar type 2 cell,True,False,True,True
8,ENSG00000119535,43.161453,,0.0,0.0,1.0,1.0,51,0.0,pulmonary alveolar type 2 cell,True,False,True,True
8,ENSG00000134532,42.228794,,0.0,0.0,1.0,1.0,52,0.0,pulmonary alveolar type 2 cell,True,False,True,True
8,ENSG00000127954,41.709446,,0.0,0.0,1.0,1.0,53,0.0,pulmonary alveolar type 2 cell,True,False,True,True
8,ENSG00000003436,41.5522,5.4443984,0.0,0.0,1.0,1.0,54,0.0,pulmonary alveolar type 2 cell,True,False,True,True
8,ENSG00000198846,41.26734,7.930487,7.706662214934766e-308,8.757570698789508e-307,1.0,1.0,55,0.0,pulmonary alveolar type 2 cell,True,False,True,True
8,ENSG00000125730,41.12845,,1.0267013566479673e-306,1.1601145272858388e-305,1.0,1.0,56,0.0,pulmonary alveolar type 2 cell,True,False,True,True
8,ENSG00000189377,39.858276,,1.6379293210805075e-290,1.742478001149476e-289,1.0,1.0,57,0.0,pulmonary alveolar type 2 cell,True,False,True,True
8,ENSG00000176907,39.57142,,2.0218318953879096e-286,2.1282441004083258e-285,1.0,1.0,58,0.0,pulmonary alveolar type 2 cell,True,False,True,True
8,ENSG00000185532,39.467182,4.4185305,6.2517851471555e-288,6.615645658365609e-287,1.0,1.0,59,0.0,pulmonary alveolar type 2 cell,True,False,True,True
8,ENSG00000173482,39.062943,3.8807912,6.198154254146283e-283,6.456410681402378e-282,1.0,1.0,60,0.0,pulmonary alveolar type 2 cell,True,False,True,True
8,ENSG00000163492,38.99432,,1.0660783359734781e-278,1.099049830900493e-277,1.0,1.0,61,0.0,pulmonary alveolar type 2 cell,True,False,True,True
8,ENSG00000151276,38.826157,5.3405113,2.4895130982825693e-280,2.579806319463802e-279,1.0,1.0,62,0.0,pulmonary alveolar type 2 cell,True,False,True,True
8,ENSG00000157551,38.822296,,4.403817977473562e-277,4.470881195404631e-276,1.0,1.0,63,0.0,pulmonary alveolar type 2 cell,True,False,True,True
8,ENSG00000013588,38.760437,,2.4049540268674435e-278,2.4666195147358394e-277,1.0,1.0,64,0.0,pulmonary alveolar type 2 cell,True,False,True,True
8,ENSG00000164161,38.54419,,1.4652618051261744e-273,1.4726249297750497e-272,1.0,1.0,65,0.0,pulmonary alveolar type 2 cell,True,False,True,True
8,ENSG00000136237,37.928383,5.3630643,9.821350830746507e-268,9.67620771502119e-267,1.0,1.0,66,0.0,pulmonary alveolar type 2 cell,True,False,True,True
8,ENSG00000074527,37.78148,,7.571298490116374e-265,7.315264241658333e-264,1.0,1.0,67,0.0,pulmonary alveolar type 2 cell,True,False,True,True
8,ENSG00000148655,37.736343,3.5551505,8.917659656526533e-267,8.742803584829934e-266,1.0,1.0,68,0.0,pulmonary alveolar type 2 cell,True,False,True,True
8,ENSG00000165084,37.472775,6.8664207,1.627009438334959e-261,1.5495327984142467e-260,1.0,1.0,69,0.0,pulmonary alveolar type 2 cell,True,False,True,True
8,ENSG00000124107,37.020466,,1.4441951108577382e-257,1.3372176952386464e-256,1.0,1.0,70,0.0,pulmonary alveolar type 2 cell,True,False,True,True
8,ENSG00000151623,36.924904,,1.39583946781886e-255,1.2864879887731429e-254,1.0,1.0,71,0.0,pulmonary alveolar type 2 cell,True,False,True,True
8,ENSG00000158966,36.743916,,1.1503361089773495e-252,1.0270858115869193e-251,1.0,1.0,72,0.0,pulmonary alveolar type 2 cell,True,False,True,True
8,ENSG00000129538,36.372227,8.28297,3.3207139436884014e-249,2.900186850382883e-248,1.0,1.0,73,0.0,pulmonary alveolar type 2 cell,True,False,True,True
8,ENSG00000114805,35.308754,,4.175423113266368e-236,3.494077919051353e-235,1.0,1.0,74,0.0,pulmonary alveolar type 2 cell,True,False,True,True
8,ENSG00000153707,35.100983,,9.034697020079803e-234,7.466691752132068e-233,1.0,1.0,75,0.0,pulmonary alveolar type 2 cell,True,False,True,True
8,ENSG00000128573,35.087948,,4.9260693481332753e-234,4.088024355297324e-233,1.0,1.0,76,0.0,pulmonary alveolar type 2 cell,True,False,True,True
8,ENSG00000080493,34.5037,,5.751338550410943e-227,4.528613031819641e-226,1.0,1.0,77,0.0,pulmonary alveolar type 2 cell,True,False,True,True
8,ENSG00000189283,34.474293,,1.3651389414171375e-227,1.0834436042993154e-226,1.0,1.0,78,0.0,pulmonary alveolar type 2 cell,True,False,True,True
8,ENSG00000133424,34.395607,,5.016709998381514e-226,3.919304686235558e-225,1.0,1.0,79,0.0,pulmonary alveolar type 2 cell,True,False,True,True
8,ENSG00000066405,34.39044,,2.5688256215980757e-225,1.9760197089215968e-224,1.0,1.0,80,0.0,pulmonary alveolar type 2 cell,True,False,True,True
8,ENSG00000109339,33.22214,,2.5550959787399212e-213,1.885679689106953e-212,1.0,1.0,81,0.0,pulmonary alveolar type 2 cell,True,False,True,True
8,ENSG00000163082,32.95665,,2.869888701902771e-209,2.0721218064279934e-208,1.0,1.0,82,0.0,pulmonary alveolar type 2 cell,True,False,True,True
8,ENSG00000184349,32.87571,,4.0910106244285803e-209,2.9326241035330324e-208,1.0,1.0,83,0.0,pulmonary alveolar type 2 cell,True,False,True,True
8,ENSG00000187908,32.63491,,2.8807716066891332e-205,2.0075063461248313e-204,1.0,1.0,84,0.0,pulmonary alveolar type 2 cell,True,False,True,True
8,ENSG00000179399,32.616096,5.185095,5.744903188256699e-206,4.0457064706033085e-205,1.0,1.0,85,0.0,pulmonary alveolar type 2 cell,True,False,True,True
8,ENSG00000184156,32.49642,,4.241265867112445e-204,2.93513208796709e-203,1.0,1.0,86,0.0,pulmonary alveolar type 2 cell,True,False,True,True
8,ENSG00000188641,32.177086,3.0601432,2.3020934516296805e-202,1.5713948475287922e-201,1.0,1.0,87,0.0,pulmonary alveolar type 2 cell,True,False,True,True
8,ENSG00000173467,31.510117,6.656308,3.78375643433362e-194,2.489313443640539e-193,1.0,1.0,88,0.0,pulmonary alveolar type 2 cell,True,False,True,True
8,ENSG00000001626,31.164326,,1.6388147534467134e-189,1.0641654243160476e-188,1.0,1.0,89,0.0,pulmonary alveolar type 2 cell,True,False,True,True
8,ENSG00000253438,30.921165,,2.661730278646039e-187,1.7007861205406001e-186,1.0,1.0,90,0.0,pulmonary alveolar type 2 cell,True,False,True,True
8,ENSG00000116285,30.35446,,1.1730074366289154e-181,7.308457549089815e-181,1.0,1.0,91,0.0,pulmonary alveolar type 2 cell,True,False,True,True
8,ENSG00000184305,30.288183,,3.596874968885448e-181,2.2271671633965624e-180,1.0,1.0,92,0.0,pulmonary alveolar type 2 cell,True,False,True,True
8,ENSG00000197249,30.27356,4.7480884,1.0978464236431808e-180,6.755977991650344e-180,1.0,1.0,93,0.0,pulmonary alveolar type 2 cell,True,False,True,True
8,ENSG00000171885,30.21893,,1.1802157249535106e-179,7.218444800938903e-179,1.0,1.0,94,0.0,pulmonary alveolar type 2 cell,True,False,True,True
8,ENSG00000184226,29.979559,,4.971025676786254e-177,3.0219001074688476e-176,1.0,1.0,95,0.0,pulmonary alveolar type 2 cell,True,False,True,True
8,ENSG00000250722,29.888538,,8.742346414811101e-177,5.298391766552183e-176,1.0,1.0,96,0.0,pulmonary alveolar type 2 cell,True,False,True,True
8,ENSG00000090339,29.827774,5.0229006,4.944230760225319e-176,2.9695079640992903e-175,1.0,1.0,97,0.0,pulmonary alveolar type 2 cell,True,False,True,True
8,ENSG00000268104,29.311777,,4.9143814385262604e-170,2.832496506355193e-169,1.0,1.0,98,0.0,pulmonary alveolar type 2 cell,True,False,True,True
8,ENSG00000106415,29.108438,,1.196707563484525e-168,6.87762967519842e-168,1.0,1.0,99,0.0,pulmonary alveolar type 2 cell,True,False,True,True
8,ENSG00000166741,28.994196,,2.9763094040270107e-167,1.686294279901989e-166,1.0,1.0,100,0.0,pulmonary alveolar type 2 cell,True,False,True,True
9,ENSG00000087086,155.01147,,0.0,0.0,1.0,1.0,1,0.0,macrophage,True,True,False,True
9,ENSG00000204287,134.38733,,0.0,0.0,1.0,1.0,2,0.0,macrophage,True,True,False,True
9,ENSG00000167996,131.68092,,0.0,0.0,1.0,1.0,3,0.0,macrophage,True,True,False,True
9,ENSG00000019582,130.01746,8.867857,0.0,0.0,1.0,1.0,4,0.0,macrophage,True,True,False,True
9,ENSG00000216490,126.81935,,0.0,0.0,1.0,1.0,5,0.0,macrophage,True,True,False,True
9,ENSG00000011600,125.86581,,0.0,0.0,1.0,1.0,6,0.0,macrophage,True,True,False,True
9,ENSG00000130208,119.92909,,0.0,0.0,1.0,1.0,7,0.0,macrophage,True,True,False,True
9,ENSG00000117984,118.492386,,0.0,0.0,1.0,1.0,8,0.0,macrophage,True,True,False,True
9,ENSG00000026025,112.57019,,0.0,0.0,1.0,1.0,9,0.0,macrophage,True,True,False,True
9,ENSG00000173372,109.325294,,0.0,0.0,1.0,1.0,10,0.0,macrophage,True,True,False,True
9,ENSG00000090382,106.35098,,0.0,0.0,1.0,1.0,11,0.0,macrophage,True,True,False,True
9,ENSG00000196126,104.83256,8.9835,0.0,0.0,1.0,1.0,12,0.0,macrophage,True,True,False,True
9,ENSG00000173369,104.66096,,0.0,0.0,1.0,1.0,13,0.0,macrophage,True,True,False,True
9,ENSG00000158869,103.348915,,0.0,0.0,1.0,1.0,14,0.0,macrophage,True,True,False,True
9,ENSG00000129226,101.18338,,0.0,0.0,1.0,1.0,15,0.0,macrophage,True,True,False,True
9,ENSG00000231389,100.215126,,0.0,0.0,1.0,1.0,16,0.0,macrophage,True,True,False,True
9,ENSG00000019169,96.520935,,0.0,0.0,1.0,1.0,17,0.0,macrophage,True,True,False,True
9,ENSG00000101439,92.99168,,0.0,0.0,1.0,1.0,18,0.0,macrophage,True,True,False,True
9,ENSG00000223865,92.08445,,0.0,0.0,1.0,1.0,19,0.0,macrophage,True,True,False,True
9,ENSG00000159189,87.78926,,0.0,0.0,1.0,1.0,20,0.0,macrophage,True,True,False,True
9,ENSG00000130203,87.02589,,0.0,0.0,1.0,1.0,21,0.0,macrophage,True,True,False,True
9,ENSG00000196154,86.99355,,0.0,0.0,1.0,1.0,22,0.0,macrophage,True,True,False,True
9,ENSG00000165140,85.24635,,0.0,0.0,1.0,1.0,23,0.0,macrophage,True,True,False,True
9,ENSG00000179344,83.69258,,0.0,0.0,1.0,1.0,24,0.0,macrophage,True,True,False,True
9,ENSG00000197249,82.624954,,0.0,0.0,1.0,1.0,25,0.0,macrophage,True,True,False,True
9,ENSG00000260314,80.93242,8.024441,0.0,0.0,1.0,1.0,26,0.0,macrophage,True,True,False,True
9,ENSG00000170323,80.37284,,0.0,0.0,1.0,1.0,27,0.0,macrophage,True,True,False,True
9,ENSG00000197956,79.79443,,0.0,0.0,1.0,1.0,28,0.0,macrophage,True,True,False,True
9,ENSG00000038945,77.87078,,0.0,0.0,1.0,1.0,29,0.0,macrophage,True,True,False,True
9,ENSG00000213145,74.13676,,0.0,0.0,1.0,1.0,30,0.0,macrophage,True,True,False,True
9,ENSG00000183019,73.99509,,0.0,0.0,1.0,1.0,31,0.0,macrophage,True,True,False,True
9,ENSG00000173391,73.67257,,0.0,0.0,1.0,1.0,32,0.0,macrophage,True,True,False,True
9,ENSG00000196735,72.93251,,0.0,0.0,1.0,1.0,33,0.0,macrophage,True,True,False,True
9,ENSG00000164687,69.9571,,0.0,0.0,1.0,1.0,34,0.0,macrophage,True,True,False,True
9,ENSG00000018280,69.789474,7.454394,0.0,0.0,1.0,1.0,35,0.0,macrophage,True,True,False,True
9,ENSG00000204472,68.88783,,0.0,0.0,1.0,1.0,36,0.0,macrophage,True,True,False,True
9,ENSG00000198502,66.56735,,0.0,0.0,1.0,1.0,37,0.0,macrophage,True,True,False,True
9,ENSG00000132170,65.98179,,0.0,0.0,1.0,1.0,38,0.0,macrophage,True,True,False,True
9,ENSG00000100097,64.244354,,0.0,0.0,1.0,1.0,39,0.0,macrophage,True,True,False,True
9,ENSG00000136235,61.54701,,0.0,0.0,1.0,1.0,40,0.0,macrophage,True,True,False,True
9,ENSG00000135047,60.339993,,0.0,0.0,1.0,1.0,41,0.0,macrophage,True,True,False,True
9,ENSG00000204482,59.337673,,0.0,0.0,1.0,1.0,42,0.0,macrophage,True,True,False,True
9,ENSG00000115414,58.997868,,0.0,0.0,1.0,1.0,43,0.0,macrophage,True,True,False,True
9,ENSG00000165168,57.18829,,0.0,0.0,1.0,1.0,44,0.0,macrophage,True,True,False,True
9,ENSG00000275385,55.896378,,0.0,0.0,1.0,1.0,45,0.0,macrophage,True,True,False,True
9,ENSG00000104918,52.788403,,0.0,0.0,1.0,1.0,46,0.0,macrophage,True,True,False,True
9,ENSG00000122641,49.12169,,0.0,0.0,1.0,1.0,47,0.0,macrophage,True,True,False,True
9,ENSG00000126709,47.91533,,0.0,0.0,1.0,1.0,48,0.0,macrophage,True,True,False,True
9,ENSG00000197766,47.798668,,0.0,0.0,1.0,1.0,49,0.0,macrophage,True,True,False,True
9,ENSG00000120594,47.06933,3.7129564,0.0,0.0,1.0,1.0,50,0.0,macrophage,True,True,False,True
9,ENSG00000163220,46.37989,,0.0,0.0,1.0,1.0,51,0.0,macrophage,True,True,False,True
9,ENSG00000102760,45.997093,4.0819497,0.0,0.0,1.0,1.0,52,0.0,macrophage,True,True,False,True
9,ENSG00000163563,45.45771,,0.0,0.0,1.0,1.0,53,0.0,macrophage,True,True,False,True
9,ENSG00000101336,43.95787,6.801698,0.0,0.0,1.0,1.0,54,0.0,macrophage,True,True,False,True
9,ENSG00000198848,43.652657,,0.0,0.0,1.0,1.0,55,0.0,macrophage,True,True,False,True
9,ENSG00000140749,43.531136,,0.0,0.0,1.0,1.0,56,0.0,macrophage,True,True,False,True
9,ENSG00000143226,43.101917,6.800896,0.0,0.0,1.0,1.0,57,0.0,macrophage,True,True,False,True
9,ENSG00000186417,42.671345,,0.0,0.0,1.0,1.0,58,0.0,macrophage,True,True,False,True
9,ENSG00000185565,42.57418,5.9909697,0.0,0.0,1.0,1.0,59,0.0,macrophage,True,True,False,True
9,ENSG00000137491,42.17172,6.2270284,0.0,0.0,1.0,1.0,60,0.0,macrophage,True,True,False,True
9,ENSG00000011422,41.690296,6.8278723,0.0,0.0,1.0,1.0,61,0.0,macrophage,True,True,False,True
9,ENSG00000140379,41.083473,6.61672,0.0,0.0,1.0,1.0,62,0.0,macrophage,True,True,False,True
9,ENSG00000123416,40.916622,,0.0,0.0,1.0,1.0,63,0.0,macrophage,True,True,False,True
9,ENSG00000135046,40.28127,,0.0,0.0,1.0,1.0,64,0.0,macrophage,True,True,False,True
9,ENSG00000138207,40.24005,,2.32265179979367e-310,1.262310760757433e-309,1.0,1.0,65,0.0,macrophage,True,True,False,True
9,ENSG00000163734,40.100098,,5.7189421886273e-311,3.13366695267246e-310,1.0,1.0,66,0.0,macrophage,True,True,False,True
9,ENSG00000197405,40.02152,6.702115,8.6694497986363e-311,4.7244958030716e-310,1.0,1.0,67,0.0,macrophage,True,True,False,True
9,ENSG00000196549,39.38797,,4.556802237315959e-300,2.3671699934108876e-299,1.0,1.0,68,0.0,macrophage,True,True,False,True
9,ENSG00000176046,39.11263,,7.939170831827526e-298,4.0713696573474486e-297,1.0,1.0,69,0.0,macrophage,True,True,False,True
9,ENSG00000257764,38.77805,,9.02111456900089e-292,4.488116700995467e-291,1.0,1.0,70,0.0,macrophage,True,True,False,True
9,ENSG00000143546,38.042538,,3.787772831670744e-285,1.825432689961804e-284,1.0,1.0,71,0.0,macrophage,True,True,False,True
9,ENSG00000121552,38.03641,,4.577334168860897e-284,2.1901120425171756e-283,1.0,1.0,72,0.0,macrophage,True,True,False,True
9,ENSG00000123342,36.232662,7.694363,4.722331592438287e-259,2.0666659047869965e-258,1.0,1.0,73,0.0,macrophage,True,True,False,True
9,ENSG00000183023,35.45921,3.54863,5.4488474459277045e-251,2.32360232235723e-250,1.0,1.0,74,0.0,macrophage,True,True,False,True
9,ENSG00000122862,35.16763,2.525135,2.2670302935640627e-250,9.606060565949418e-250,1.0,1.0,75,0.0,macrophage,True,True,False,True
9,ENSG00000239268,34.696537,6.144131,8.090035377656093e-240,3.3292326657020957e-239,1.0,1.0,76,0.0,macrophage,True,True,False,True
9,ENSG00000100292,34.330124,,2.3907887060272506e-235,9.738446867728109e-235,1.0,1.0,77,0.0,macrophage,True,True,False,True
9,ENSG00000198763,34.186028,,6.126615198129935e-236,2.5057730871697076e-235,1.0,1.0,78,0.0,macrophage,True,True,False,True
9,ENSG00000130066,33.71612,,2.097149946645839e-231,8.388599786583356e-231,1.0,1.0,79,0.0,macrophage,True,True,False,True
9,ENSG00000115919,33.066227,6.603028,1.0396625412931985e-220,4.021905382178718e-220,1.0,1.0,80,0.0,macrophage,True,True,False,True
9,ENSG00000114013,32.71707,5.0536456,5.3412395991636724e-216,2.015562112891952e-215,1.0,1.0,81,0.0,macrophage,True,True,False,True
9,ENSG00000135114,32.082016,,6.392545916582266e-208,2.3545288827190666e-207,1.0,1.0,82,0.0,macrophage,True,True,False,True
9,ENSG00000166825,32.02573,8.261535,1.826944730442593e-207,6.679871043665788e-207,1.0,1.0,83,0.0,macrophage,True,True,False,True
9,ENSG00000120708,31.883833,,4.1531251513877714e-206,1.5020344127984706e-205,1.0,1.0,84,0.0,macrophage,True,True,False,True
9,ENSG00000112149,31.21908,3.817092,6.118557811772359e-199,2.1356222728699332e-198,1.0,1.0,85,0.0,macrophage,True,True,False,True
9,ENSG00000151474,30.641384,4.3286223,7.920662701522396e-192,2.7125557196994505e-191,1.0,1.0,86,0.0,macrophage,True,True,False,True
9,ENSG00000151726,30.564919,3.6505165,2.3362130516696563e-191,7.98705316810139e-191,1.0,1.0,87,0.0,macrophage,True,True,False,True
9,ENSG00000234906,30.202496,,1.3996313532929767e-185,4.720510466418134e-185,1.0,1.0,88,0.0,macrophage,True,True,False,True
9,ENSG00000198938,29.637047,,3.5865357787004364e-182,1.1895641057049539e-181,1.0,1.0,89,0.0,macrophage,True,True,False,True
9,ENSG00000169554,29.49595,2.4354725,9.165480551535421e-180,3.019927694080864e-179,1.0,1.0,90,0.0,macrophage,True,True,False,True
9,ENSG00000117009,28.71552,7.9589257,1.2307596891864755e-169,3.9071736164650017e-169,1.0,1.0,91,0.0,macrophage,True,True,False,True
9,ENSG00000182853,28.699812,,7.119267768686909e-170,2.2636781458463937e-169,1.0,1.0,92,0.0,macrophage,True,True,False,True
9,ENSG00000157827,28.510445,3.7058234,3.692788820541818e-168,1.1630830930840372e-167,1.0,1.0,93,0.0,macrophage,True,True,False,True
9,ENSG00000112394,28.003769,4.175768,3.460776849552642e-162,1.051907857006882e-161,1.0,1.0,94,0.0,macrophage,True,True,False,True
9,ENSG00000253496,26.903465,,4.064763686647822e-150,1.1646887354291755e-149,1.0,1.0,95,0.0,macrophage,True,True,False,True
9,ENSG00000110077,26.880573,4.541941,2.3234494566443566e-150,6.666999875593563e-150,1.0,1.0,96,0.0,macrophage,True,True,False,True
9,ENSG00000140678,26.809456,4.161991,9.791265646448758e-150,2.7975044704139307e-149,1.0,1.0,97,0.0,macrophage,True,True,False,True
9,ENSG00000185215,26.80229,,1.2107365818537826e-149,3.4444852968813166e-149,1.0,1.0,98,0.0,macrophage,True,True,False,True
9,ENSG00000204103,26.4736,7.9145923,4.14377124581736e-146,1.1574780016249609e-145,1.0,1.0,99,0.0,macrophage,True,True,False,True
9,ENSG00000121769,26.357733,,2.616278867985393e-144,7.227289690567384e-144,1.0,1.0,100,0.0,macrophage,True,True,False,True
10,ENSG00000038945,38.28594,6.4130535,2.523423713333157e-155,2.9513727641323474e-154,1.0,1.0,1,0.0,macrophage,False,False,False,False
10,ENSG00000018280,36.939995,5.925948,1.8804705361895367e-149,2.0329411202049043e-148,1.0,1.0,2,0.0,macrophage,False,False,False,False
10,ENSG00000117984,33.724056,6.3675976,1.1848380263322876e-134,1.077125478483898e-133,1.0,1.0,3,0.0,macrophage,False,False,False,False
10,ENSG00000129226,32.39763,5.736648,2.128020909861893e-128,1.7659924563169237e-127,1.0,1.0,4,0.0,macrophage,False,False,False,False
10,ENSG00000130203,30.818117,6.1347566,1.04774473749901e-120,8.059574903838539e-120,1.0,1.0,5,0.0,macrophage,False,False,False,False
10,ENSG00000087086,30.576624,,1.0328455264901243e-119,7.884316996107819e-119,1.0,1.0,6,0.0,macrophage,False,False,False,False
10,ENSG00000216490,30.461054,4.7801867,1.9520278045223974e-119,1.478808942819998e-118,1.0,1.0,7,0.0,macrophage,False,False,False,False
10,ENSG00000173372,29.793346,5.5106373,9.981015512679987e-116,7.338981994617638e-115,1.0,1.0,8,0.0,macrophage,False,False,False,False
10,ENSG00000011600,29.682142,4.6615405,1.6822347216869846e-115,1.2324063895142746e-114,1.0,1.0,9,0.0,macrophage,False,False,False,False
10,ENSG00000136235,29.646542,6.23515,5.87169831770035e-115,4.270326049236618e-114,1.0,1.0,10,0.0,macrophage,False,False,False,False
10,ENSG00000019169,29.055824,5.6450205,4.183153402988473e-112,2.915089479434476e-111,1.0,1.0,11,0.0,macrophage,False,False,False,False
10,ENSG00000204287,28.66852,4.1753697,1.2902412436333239e-110,8.86763741328745e-110,1.0,1.0,12,0.0,macrophage,False,False,False,False
10,ENSG00000120594,28.648935,4.3479805,2.077350390076873e-110,1.4036151284303197e-109,1.0,1.0,13,0.0,macrophage,False,False,False,False
10,ENSG00000132170,28.600304,6.3419676,9.995740337192884e-110,6.641687931689624e-109,1.0,1.0,14,0.0,macrophage,False,False,False,False
10,ENSG00000260314,27.971378,5.147725,9.317094922211719e-107,6.050061637799818e-106,1.0,1.0,15,0.0,macrophage,False,False,False,False
10,ENSG00000196126,27.808254,4.0240054,1.999849194416244e-106,1.2902252867201574e-105,1.0,1.0,16,0.0,macrophage,False,False,False,False
10,ENSG00000130208,27.756372,5.463783,1.0546153628943093e-105,6.760354890348136e-105,1.0,1.0,17,0.0,macrophage,False,False,False,False
10,ENSG00000173369,27.583298,5.5981193,8.461159907546534e-105,5.3721650206644657e-104,1.0,1.0,18,0.0,macrophage,False,False,False,False
10,ENSG00000158869,27.329199,4.6592307,7.358703678914525e-104,4.599189799321578e-103,1.0,1.0,19,0.0,macrophage,False,False,False,False
10,ENSG00000169554,27.233147,3.6740894,1.1161170448830452e-103,6.910941454384181e-103,1.0,1.0,20,0.0,macrophage,False,False,False,False
10,ENSG00000090382,26.447731,4.496989,1.7871391318056155e-99,1.0481754438742613e-98,1.0,1.0,21,0.0,macrophage,False,False,False,False
10,ENSG00000157827,25.901752,5.1999826,1.466735635290772e-96,8.171229165965304e-96,1.0,1.0,22,0.0,macrophage,False,False,False,False
10,ENSG00000026025,25.534103,4.705626,2.592321410756891e-95,1.416569076916334e-94,1.0,1.0,23,0.0,macrophage,False,False,False,False
10,ENSG00000167996,25.352873,,5.254750853688681e-94,2.810027194485926e-93,1.0,1.0,24,0.0,macrophage,False,False,False,False
10,ENSG00000183023,25.061787,4.8370857,2.6958656287897683e-92,1.4040966816613377e-91,1.0,1.0,25,0.0,macrophage,False,False,False,False
10,ENSG00000176046,25.037453,,5.6632163401595725e-92,2.9419305663166613e-91,1.0,1.0,26,0.0,macrophage,False,False,False,False
10,ENSG00000019582,24.826662,3.3808029,9.585324632294973e-92,4.940888985719059e-91,1.0,1.0,27,0.0,macrophage,False,False,False,False
10,ENSG00000122641,23.835464,7.636094,5.749969842405668e-86,2.738080877336032e-85,1.0,1.0,28,0.0,macrophage,False,False,False,False
10,ENSG00000135047,23.82101,7.39702,5.510799463297685e-86,2.6304532044380364e-85,1.0,1.0,29,0.0,macrophage,False,False,False,False
10,ENSG00000165140,23.567408,5.3129597,9.187300959312823e-85,4.313286835358133e-84,1.0,1.0,30,0.0,macrophage,False,False,False,False
10,ENSG00000179344,23.41306,4.496298,4.091957873004541e-84,1.907672668067385e-83,1.0,1.0,31,0.0,macrophage,False,False,False,False
10,ENSG00000231389,23.084848,3.8851702,1.3386454369876865e-82,6.126523739074081e-82,1.0,1.0,32,0.0,macrophage,False,False,False,False
10,ENSG00000223865,22.466253,4.030158,2.085437759574879e-79,9.26861226477724e-79,1.0,1.0,33,0.0,macrophage,False,False,False,False
10,ENSG00000159189,22.438614,5.199746,4.3680146000241385e-79,1.937035299345516e-78,1.0,1.0,34,0.0,macrophage,False,False,False,False
10,ENSG00000197249,22.136515,4.488949,1.0573574912830673e-77,4.607222184239945e-77,1.0,1.0,35,0.0,macrophage,False,False,False,False
10,ENSG00000196735,21.893988,4.404651,1.8454911520861992e-76,7.937596353058921e-76,1.0,1.0,36,0.0,macrophage,False,False,False,False
10,ENSG00000275385,21.803207,6.268833,9.065033758438814e-76,3.8411159993384806e-75,1.0,1.0,37,0.0,macrophage,False,False,False,False
10,ENSG00000204472,20.849604,4.4924107,3.3741218943146307e-71,1.3605330219010609e-70,1.0,1.0,38,0.0,macrophage,False,False,False,False
10,ENSG00000231079,20.828508,,5.100403749163895e-71,2.0524763578124326e-70,1.0,1.0,39,0.0,macrophage,False,False,False,False
10,ENSG00000148655,20.708344,3.4574027,1.422696825555846e-70,5.7021916855945727e-70,1.0,1.0,40,0.0,macrophage,False,False,False,False
10,ENSG00000151474,20.513865,5.0647693,2.0618171500878045e-69,8.117390354676396e-69,1.0,1.0,41,0.0,macrophage,False,False,False,False
10,ENSG00000115919,20.438976,5.392383,4.455921753863629e-69,1.7440006864436904e-68,1.0,1.0,42,0.0,macrophage,False,False,False,False
10,ENSG00000137491,20.098135,5.3652296,2.694138479325191e-67,1.0322369652586939e-66,1.0,1.0,43,0.0,macrophage,False,False,False,False
10,ENSG00000173391,19.939972,4.7053156,1.5227206436773333e-66,5.778825972209994e-66,1.0,1.0,44,0.0,macrophage,False,False,False,False
10,ENSG00000170323,19.790527,6.001703,9.752426981749526e-66,3.625437539683838e-65,1.0,1.0,45,0.0,macrophage,False,False,False,False
10,ENSG00000151726,19.611925,4.411712,5.7844000766735805e-65,2.12661767524764e-64,1.0,1.0,46,0.0,macrophage,False,False,False,False
10,ENSG00000145416,19.572529,5.3155036,9.650884895121852e-65,3.522220764643011e-64,1.0,1.0,47,0.0,macrophage,False,False,False,False
10,ENSG00000196549,19.027023,7.7155976,6.162053298889387e-62,2.1929015298538745e-61,1.0,1.0,48,0.0,macrophage,False,False,False,False
10,ENSG00000100097,18.91302,8.873504,1.2601223095739849e-61,4.460609945394637e-61,1.0,1.0,49,0.0,macrophage,False,False,False,False
10,ENSG00000165168,18.81909,4.911095,5.605747012242315e-61,1.966928776225374e-60,1.0,1.0,50,0.0,macrophage,False,False,False,False
10,ENSG00000185565,18.689627,5.3169384,2.61424139555386e-60,9.045817977695015e-60,1.0,1.0,51,0.0,macrophage,False,False,False,False
10,ENSG00000198886,18.602118,,3.0109608307440777e-60,1.0382623554289923e-59,1.0,1.0,52,0.0,macrophage,False,False,False,False
10,ENSG00000143226,18.411522,4.5293865,5.024554386985021e-59,1.7207378037619936e-58,1.0,1.0,53,0.0,macrophage,False,False,False,False
10,ENSG00000197766,18.286507,4.984979,1.8320358793143503e-58,6.242030253200512e-58,1.0,1.0,54,0.0,macrophage,False,False,False,False
10,ENSG00000198848,18.047102,5.9780893,3.759104142392115e-57,1.269967615673012e-56,1.0,1.0,55,0.0,macrophage,False,False,False,False
10,ENSG00000239268,17.89902,6.0860596,2.0421363917414327e-56,6.807121305804776e-56,1.0,1.0,56,0.0,macrophage,False,False,False,False
10,ENSG00000101439,17.851309,8.074702,1.990339067830208e-56,6.645539458531579e-56,1.0,1.0,57,0.0,macrophage,False,False,False,False
10,ENSG00000081237,17.590357,2.908061,2.3541807513692372e-55,7.756773480623516e-55,1.0,1.0,58,0.0,macrophage,False,False,False,False
10,ENSG00000164687,17.58072,,5.6439922572708135e-55,1.8504892646789552e-54,1.0,1.0,59,0.0,macrophage,False,False,False,False
10,ENSG00000198502,17.347322,4.300854,7.865254685512788e-54,2.537178930810577e-53,1.0,1.0,60,0.0,macrophage,False,False,False,False
10,ENSG00000197405,16.833063,4.277176,2.1835037089830512e-51,6.844839213113013e-51,1.0,1.0,61,0.0,macrophage,False,False,False,False
10,ENSG00000101336,16.650402,4.2419863,1.7125583023547716e-50,5.335072593005519e-50,1.0,1.0,62,0.0,macrophage,False,False,False,False
10,ENSG00000185215,16.091345,11.455899,8.101009014191314e-48,2.469819821399791e-47,1.0,1.0,63,0.0,macrophage,False,False,False,False
10,ENSG00000196154,16.085941,4.573212,7.546625373636518e-48,2.304313091186723e-47,1.0,1.0,64,0.0,macrophage,False,False,False,False
10,ENSG00000140379,16.026262,4.078287,1.49265567723674e-47,4.523199021929515e-47,1.0,1.0,65,0.0,macrophage,False,False,False,False
10,ENSG00000163563,15.9745245,4.404188,2.805850863669091e-47,8.476890826794837e-47,1.0,1.0,66,0.0,macrophage,False,False,False,False
10,ENSG00000180509,15.743177,5.0799713,3.808839649938053e-46,1.1369670596830008e-45,1.0,1.0,67,0.0,macrophage,False,False,False,False
10,ENSG00000126709,15.728625,6.8781347,4.01669775924197e-46,1.1972273499976065e-45,1.0,1.0,68,0.0,macrophage,False,False,False,False
10,ENSG00000103569,15.647098,4.190659,9.210019767740171e-46,2.7208330185347623e-45,1.0,1.0,69,0.0,macrophage,False,False,False,False
10,ENSG00000183019,15.488211,4.629056,5.675190982163289e-45,1.656990067784902e-44,1.0,1.0,70,0.0,macrophage,False,False,False,False
10,ENSG00000075223,15.370557,,2.0702175713529773e-44,6.018074335328422e-44,1.0,1.0,71,0.0,macrophage,False,False,False,False
10,ENSG00000115414,15.3477125,4.319934,2.5407723733866274e-44,7.36455760401921e-44,1.0,1.0,72,0.0,macrophage,False,False,False,False
10,ENSG00000128815,15.152482,5.261734,2.1291469428836898e-43,6.118238341619798e-43,1.0,1.0,73,0.0,macrophage,False,False,False,False
10,ENSG00000156113,15.004146,5.9155517,1.0710178060148888e-42,3.051332780669199e-42,1.0,1.0,74,0.0,macrophage,False,False,False,False
10,ENSG00000119917,14.979073,,1.4180324451354149e-42,4.028501264589247e-42,1.0,1.0,75,0.0,macrophage,False,False,False,False
10,ENSG00000198814,14.955615,4.1932955,1.587895300827498e-42,4.504667520078009e-42,1.0,1.0,76,0.0,macrophage,False,False,False,False
10,ENSG00000166825,14.81153,4.7572756,7.689575996546768e-42,2.172196609194002e-41,1.0,1.0,77,0.0,macrophage,False,False,False,False
10,ENSG00000188641,14.767963,2.726462,1.0246950040253888e-41,2.8824050746143147e-41,1.0,1.0,78,0.0,macrophage,False,False,False,False
10,ENSG00000105855,14.758987,,1.4109848010022832e-41,3.9523383781576557e-41,1.0,1.0,79,0.0,macrophage,False,False,False,False
10,ENSG00000198763,14.719932,,1.4099475431570138e-41,3.9523383781576557e-41,1.0,1.0,80,0.0,macrophage,False,False,False,False
10,ENSG00000253496,14.719578,6.857437,2.2642083974416735e-41,6.324604462127579e-41,1.0,1.0,81,0.0,macrophage,False,False,False,False
10,ENSG00000158270,14.543084,4.596972,1.360868573885109e-40,3.748949239352917e-40,1.0,1.0,82,0.0,macrophage,False,False,False,False
10,ENSG00000158517,14.348005,6.689896,1.03651259585809e-39,2.8281380514545427e-39,1.0,1.0,83,0.0,macrophage,False,False,False,False
10,ENSG00000100292,14.301692,7.993013,1.6168704918540953e-39,4.3877082546922533e-39,1.0,1.0,84,0.0,macrophage,False,False,False,False
10,ENSG00000076641,14.186575,3.7942936,5.0904403537009794e-39,1.370239664522471e-38,1.0,1.0,85,0.0,macrophage,False,False,False,False
10,ENSG00000114013,14.133688,4.1368766,9.059332866126671e-39,2.432035668758838e-38,1.0,1.0,86,0.0,macrophage,False,False,False,False
10,ENSG00000135905,14.062389,3.9344158,1.8583456370773075e-38,4.962204638390675e-38,1.0,1.0,87,0.0,macrophage,False,False,False,False
10,ENSG00000186417,13.623379,5.528403,1.852622196669389e-36,4.830827109959293e-36,1.0,1.0,88,0.0,macrophage,False,False,False,False
10,ENSG00000140105,13.55218,5.1076922,3.580569852792667e-36,9.30018143582511e-36,1.0,1.0,89,0.0,macrophage,False,False,False,False
10,ENSG00000198899,13.454725,,6.971566957039534e-36,1.8014384901910939e-35,1.0,1.0,90,0.0,macrophage,False,False,False,False
10,ENSG00000011422,13.364857,3.5949297,2.0255151988059538e-35,5.186978742140727e-35,1.0,1.0,91,0.0,macrophage,False,False,False,False
10,ENSG00000269028,13.257002,,6.641336178070958e-35,1.6877601469049447e-34,1.0,1.0,92,0.0,macrophage,False,False,False,False
10,ENSG00000121552,13.249126,,6.860838260235304e-35,1.741329507673935e-34,1.0,1.0,93,0.0,macrophage,False,False,False,False
10,ENSG00000163734,13.215058,4.138943,1.012323836013943e-34,2.5660933739263447e-34,1.0,1.0,94,0.0,macrophage,False,False,False,False
10,ENSG00000117009,13.168829,5.2135415,1.7562737900739641e-34,4.4350348234191015e-34,1.0,1.0,95,0.0,macrophage,False,False,False,False
10,ENSG00000151914,12.924018,6.0277505,1.768102343513713e-33,4.4092327768421774e-33,1.0,1.0,96,0.0,macrophage,False,False,False,False
10,ENSG00000154127,12.65117,5.1323895,2.861240027831237e-32,7.021447921058251e-32,1.0,1.0,97,0.0,macrophage,False,False,False,False
10,ENSG00000228716,12.421748,,2.443680776121624e-31,5.924074608779694e-31,1.0,1.0,98,0.0,macrophage,False,False,False,False
10,ENSG00000145703,12.403909,3.1663706,2.89836694250722e-31,7.009351735204885e-31,1.0,1.0,99,0.0,macrophage,False,False,False,False
10,ENSG00000130066,12.28834,4.578584,8.041734622222472e-31,1.928473530508986e-30,1.0,1.0,100,0.0,macrophage,False,False,False,False
13,ENSG00000163751,59.690243,,4.844005004037208e-300,6.05500625504651e-298,1.0,1.0,1,0.0,basophil,True,False,False,True
13,ENSG00000197253,53.57374,,1.742011576346733e-269,1.9355684181630365e-267,1.0,1.0,2,0.0,basophil,True,False,False,True
13,ENSG00000172236,49.519573,,3.915254997845778e-248,3.728814283662645e-246,1.0,1.0,3,0.0,basophil,True,False,False,True
13,ENSG00000185052,47.11537,14.538588,2.8163961507974176e-235,2.449040131128189e-233,1.0,1.0,4,0.0,basophil,True,False,False,True
13,ENSG00000163106,44.18564,,9.941556798233284e-219,7.10111199873806e-217,1.0,1.0,5,0.0,basophil,True,False,False,True
13,ENSG00000157404,40.80179,,2.751902852691574e-199,1.7754211952848863e-197,1.0,1.0,6,0.0,basophil,True,False,False,True
13,ENSG00000149534,40.461884,,3.002249573065023e-197,1.8764059831656393e-195,1.0,1.0,7,0.0,basophil,True,False,False,True
13,ENSG00000122862,36.514507,4.420176,1.4447365981131838e-175,7.6038768321746525e-174,1.0,1.0,8,0.0,basophil,True,False,False,True
13,ENSG00000165646,34.735207,,4.864591602249984e-163,2.3164721915476114e-161,1.0,1.0,9,0.0,basophil,True,False,False,True
13,ENSG00000155307,32.471394,5.3193307,7.091099614999905e-150,3.0174891978723e-148,1.0,1.0,10,0.0,basophil,True,False,False,True
13,ENSG00000179348,31.272312,,8.609453046193049e-142,3.248850206110584e-140,1.0,1.0,11,0.0,basophil,True,False,False,True
13,ENSG00000110848,30.45443,7.657001,5.264497022667096e-137,1.8801775080953913e-135,1.0,1.0,12,0.0,basophil,True,False,False,True
13,ENSG00000127074,30.05097,,3.36708385845089e-134,1.1610633994658242e-132,1.0,1.0,13,0.0,basophil,True,False,False,True
13,ENSG00000164120,28.59455,,2.8667886119813595e-125,8.820888036865723e-124,1.0,1.0,14,0.0,basophil,True,False,False,True
13,ENSG00000115604,26.854614,8.291579,1.9152505373959713e-114,5.247261746290332e-113,1.0,1.0,15,0.0,basophil,True,False,False,True
13,ENSG00000140287,26.624645,,6.515145980551354e-113,1.7608502650138796e-111,1.0,1.0,16,0.0,basophil,True,False,False,True
13,ENSG00000213316,26.427422,,1.0140018600426376e-111,2.633771065045812e-110,1.0,1.0,17,0.0,basophil,True,False,False,True
13,ENSG00000263961,26.08438,,1.380237895404519e-109,3.494273152922833e-108,1.0,1.0,18,0.0,basophil,True,False,False,True
13,ENSG00000148848,25.818922,,5.817266528144401e-108,1.418845494669366e-106,1.0,1.0,19,0.0,basophil,True,False,False,True
13,ENSG00000026025,24.595789,4.90442,4.716333996512e-101,9.825695826066666e-100,1.0,1.0,20,0.0,basophil,True,False,False,True
13,ENSG00000090104,22.259233,5.5241327,2.6977521988601786e-86,4.459094543570543e-85,1.0,1.0,21,0.0,basophil,True,False,False,True
13,ENSG00000168421,21.94403,6.5481844,2.0762198755139226e-84,3.321951800822276e-83,1.0,1.0,22,0.0,basophil,True,False,False,True
13,ENSG00000233968,21.381704,,6.920957519177911e-81,1.0813996123715487e-79,1.0,1.0,23,0.0,basophil,True,False,False,True
13,ENSG00000164674,21.281412,4.6214633,1.7664164488839533e-80,2.6968190059296996e-79,1.0,1.0,24,0.0,basophil,True,False,False,True
13,ENSG00000125740,21.103554,5.6436577,2.169057759220657e-79,3.2617409913092586e-78,1.0,1.0,25,0.0,basophil,True,False,False,True
13,ENSG00000138395,20.822868,,1.4373397279444731e-77,2.0533424684921043e-76,1.0,1.0,26,0.0,basophil,True,False,False,True
13,ENSG00000135046,20.046122,5.455961,3.073128548199067e-73,4.0171615009138134e-72,1.0,1.0,27,0.0,basophil,True,False,False,True
13,ENSG00000196782,19.655382,5.734019,7.128125496295566e-71,8.58810300758502e-70,1.0,1.0,28,0.0,basophil,True,False,False,True
13,ENSG00000075884,19.641056,4.2618313,7.027672962171393e-71,8.518391469298658e-70,1.0,1.0,29,0.0,basophil,True,False,False,True
13,ENSG00000169554,19.496119,3.1571922,4.481736360123597e-70,5.303830011980588e-69,1.0,1.0,30,0.0,basophil,True,False,False,True
13,ENSG00000100351,19.415089,,2.3135861548046296e-69,2.705948719069742e-68,1.0,1.0,31,0.0,basophil,True,False,False,True
13,ENSG00000120885,19.228426,,2.169674229449756e-68,2.4796276907997208e-67,1.0,1.0,32,0.0,basophil,True,False,False,True
13,ENSG00000116741,18.924963,5.4443107,1.3712475162391654e-66,1.5151906256786358e-65,1.0,1.0,33,0.0,basophil,True,False,False,True
13,ENSG00000041353,18.610691,,9.74641499749371e-65,1.0368526593078415e-63,1.0,1.0,34,0.0,basophil,True,False,False,True
13,ENSG00000163618,18.282415,,7.419611930939206e-63,7.419611930939206e-62,1.0,1.0,35,0.0,basophil,True,False,False,True
13,ENSG00000196154,18.218128,4.569842,9.574323788756015e-63,9.52669033707066e-62,1.0,1.0,36,0.0,basophil,True,False,False,True
13,ENSG00000076641,18.152218,4.532419,3.189290476096791e-62,3.142158104528858e-61,1.0,1.0,37,0.0,basophil,True,False,False,True
13,ENSG00000182667,18.105238,4.7601733,6.0041655202080065e-62,5.886436784517653e-61,1.0,1.0,38,0.0,basophil,True,False,False,True
13,ENSG00000158869,18.07163,3.5493243,7.054783230798919e-62,6.816215681931323e-61,1.0,1.0,39,0.0,basophil,True,False,False,True
13,ENSG00000172137,17.898115,,1.0902204032179434e-60,1.0432731131272187e-59,1.0,1.0,40,0.0,basophil,True,False,False,True
13,ENSG00000173926,17.85191,7.2621193,1.7312225839964302e-60,1.6487834133299334e-59,1.0,1.0,41,0.0,basophil,True,False,False,True
13,ENSG00000095917,17.010544,,8.982329897246936e-56,7.677205040381997e-55,1.0,1.0,42,0.0,basophil,True,False,False,True
13,ENSG00000206560,16.899218,4.3805776,2.977751072266342e-55,2.4814592268886183e-54,1.0,1.0,43,0.0,basophil,True,False,False,True
13,ENSG00000059804,16.778795,4.0288258,1.2666981374155926e-54,1.0340392958494634e-53,1.0,1.0,44,0.0,basophil,True,False,False,True
13,ENSG00000285280,16.682047,7.247019,5.1344135953185693e-54,4.1075308762548555e-53,1.0,1.0,45,0.0,basophil,True,False,False,True
13,ENSG00000109321,16.60795,6.128005,1.2532957455768684e-53,9.907476249619513e-53,1.0,1.0,46,0.0,basophil,True,False,False,True
13,ENSG00000171408,16.44459,,9.862830359693457e-53,7.616085219840507e-52,1.0,1.0,47,0.0,basophil,True,False,False,True
13,ENSG00000179639,16.121574,,5.619645243218894e-51,4.087014722341013e-50,1.0,1.0,48,0.0,basophil,True,False,False,True
13,ENSG00000104043,16.002966,10.673114,2.3153892973480493e-50,1.6421200690411696e-49,1.0,1.0,49,0.0,basophil,True,False,False,True
13,ENSG00000240521,15.9227915,,6.51131218836105e-50,4.5533651666860495e-49,1.0,1.0,50,0.0,basophil,True,False,False,True
13,ENSG00000127507,15.499823,6.1255665,1.0219664493364672e-47,6.858835230446089e-47,1.0,1.0,51,0.0,basophil,True,False,False,True
13,ENSG00000243797,15.435105,,2.341912745301367e-47,1.5407320692772152e-46,1.0,1.0,52,0.0,basophil,True,False,False,True
13,ENSG00000168952,15.4328785,6.1738133,2.140701489028576e-47,1.413004283187179e-46,1.0,1.0,53,0.0,basophil,True,False,False,True
13,ENSG00000118515,15.369629,4.5661645,4.453726553941599e-47,2.9014505237404555e-46,1.0,1.0,54,0.0,basophil,True,False,False,True
13,ENSG00000173068,14.973284,4.8099356,5.114865030612839e-45,3.147609249607901e-44,1.0,1.0,55,0.0,basophil,True,False,False,True
13,ENSG00000174944,14.831311,12.013913,3.005667067807532e-44,1.8216164047318378e-43,1.0,1.0,56,0.0,basophil,True,False,False,True
13,ENSG00000285534,14.770507,7.2986197,6.118876931196442e-44,3.675001159877743e-43,1.0,1.0,57,0.0,basophil,True,False,False,True
13,ENSG00000100906,14.53742,4.45002,8.089342713457894e-43,4.744482529887328e-42,1.0,1.0,58,0.0,basophil,True,False,False,True
13,ENSG00000135905,14.210614,3.8807857,3.5790656319913114e-41,2.0451803611378923e-40,1.0,1.0,59,0.0,basophil,True,False,False,True
13,ENSG00000141293,14.205644,4.848049,3.731218107519053e-41,2.1200102883630985e-40,1.0,1.0,60,0.0,basophil,True,False,False,True
13,ENSG00000140563,14.008624,4.995577,3.6273994962149916e-40,2.015221942341662e-39,1.0,1.0,61,0.0,basophil,True,False,False,True
13,ENSG00000167996,13.906968,,9.806593060128232e-40,5.344192403339636e-39,1.0,1.0,62,0.0,basophil,True,False,False,True
13,ENSG00000130844,13.49005,3.6015718,1.2520269213895853e-37,6.371638276791783e-37,1.0,1.0,63,0.0,basophil,True,False,False,True
13,ENSG00000111728,13.476676,,1.5494771315971116e-37,7.845453830871452e-37,1.0,1.0,64,0.0,basophil,True,False,False,True
13,ENSG00000184371,13.390111,8.512666,4.0492088977793544e-37,2.019555559989703e-36,1.0,1.0,65,0.0,basophil,True,False,False,True
13,ENSG00000196189,13.165297,6.442851,4.753782216011813e-36,2.2965131478317938e-35,1.0,1.0,66,0.0,basophil,True,False,False,True
13,ENSG00000170345,13.0974655,3.3468897,9.012898599589189e-36,4.322733141289779e-35,1.0,1.0,67,0.0,basophil,True,False,False,True
13,ENSG00000166501,13.074984,4.3464427,1.1759327362108596e-35,5.613044086925344e-35,1.0,1.0,68,0.0,basophil,True,False,False,True
13,ENSG00000148488,13.041052,5.39848,1.8223947515812647e-35,8.636941950622107e-35,1.0,1.0,69,0.0,basophil,True,False,False,True
13,ENSG00000112149,13.020483,3.5073006,2.1451778460210097e-35,1.0142684851163166e-34,1.0,1.0,70,0.0,basophil,True,False,False,True
13,ENSG00000119508,12.897798,4.418573,8.434181225013749e-35,3.886719458531682e-34,1.0,1.0,71,0.0,basophil,True,False,False,True
13,ENSG00000073756,12.890314,11.033011,9.360025883334316e-35,4.303460176245663e-34,1.0,1.0,72,0.0,basophil,True,False,False,True
13,ENSG00000148655,12.812804,2.5424817,1.9235582109378516e-34,8.783370826200236e-34,1.0,1.0,73,0.0,basophil,True,False,False,True
13,ENSG00000035720,12.732636,,5.218880639743245e-34,2.361484452372509e-33,1.0,1.0,74,0.0,basophil,True,False,False,True
13,ENSG00000123358,12.723275,3.9045107,5.350471667380735e-34,2.415562829517262e-33,1.0,1.0,75,0.0,basophil,True,False,False,True
13,ENSG00000100448,12.432571,,1.2719011463038654e-32,5.554153477309457e-32,1.0,1.0,76,0.0,basophil,True,False,False,True
13,ENSG00000172572,12.227785,5.68735,1.0420708871547483e-31,4.3692699671058625e-31,1.0,1.0,77,0.0,basophil,True,False,False,True
13,ENSG00000011600,12.038063,2.3223586,6.324725750080218e-31,2.5974233059877692e-30,1.0,1.0,78,0.0,basophil,True,False,False,True
13,ENSG00000156127,12.01576,,9.311725309541188e-31,3.8084766092192996e-30,1.0,1.0,79,0.0,basophil,True,False,False,True
13,ENSG00000161405,11.9390745,,2.0252734451889253e-30,8.216119453099088e-30,1.0,1.0,80,0.0,basophil,True,False,False,True
13,ENSG00000115896,11.770252,4.0148516,1.1271060223295055e-29,4.463786227047546e-29,1.0,1.0,81,0.0,basophil,True,False,False,True
13,ENSG00000023445,11.657881,5.691695,3.564299179017807e-29,1.3977643839285518e-28,1.0,1.0,82,0.0,basophil,True,False,False,True
13,ENSG00000118503,11.54372,3.4166229,1.0825524821828352e-28,4.155671716632764e-28,1.0,1.0,83,0.0,basophil,True,False,False,True
13,ENSG00000165029,11.316334,3.5860927,1.0462272021455033e-27,3.9258056365684924e-27,1.0,1.0,84,0.0,basophil,True,False,False,True
13,ENSG00000145703,11.217306,3.199828,2.7482477273541383e-27,1.0178695286496808e-26,1.0,1.0,85,0.0,basophil,True,False,False,True
13,ENSG00000043462,11.200563,3.7380266,3.253779558114183e-27,1.1984455094343215e-26,1.0,1.0,86,0.0,basophil,True,False,False,True
13,ENSG00000171310,11.009237,2.563077,2.0594537355364255e-26,7.475331163471599e-26,1.0,1.0,87,0.0,basophil,True,False,False,True
13,ENSG00000137491,11.001563,3.7806883,2.3198848124319082e-26,8.375035423941907e-26,1.0,1.0,88,0.0,basophil,True,False,False,True
13,ENSG00000175471,10.976506,3.1593153,2.850163484963835e-26,1.0252386636560557e-25,1.0,1.0,89,0.0,basophil,True,False,False,True
13,ENSG00000117632,10.548141,,1.7197142379694707e-24,5.879364916134943e-24,1.0,1.0,90,0.0,basophil,True,False,False,True
13,ENSG00000185630,10.345353,,1.1306131970612308e-23,3.7375642878057216e-23,1.0,1.0,91,0.0,basophil,True,False,False,True
13,ENSG00000204389,10.187039,4.194913,4.858012337282719e-23,1.564577242281069e-22,1.0,1.0,92,0.0,basophil,True,False,False,True
13,ENSG00000184305,10.097631,,1.0911586860064569e-22,3.475027662440945e-22,1.0,1.0,93,0.0,basophil,True,False,False,True
13,ENSG00000109684,9.932223,9.74582,5.007247765235097e-22,1.5454468411219435e-21,1.0,1.0,94,0.0,basophil,True,False,False,True
13,ENSG00000182132,9.877868,6.6652274,8.12453218384871e-22,2.480773185908003e-21,1.0,1.0,95,0.0,basophil,True,False,False,True
13,ENSG00000204388,9.82257,4.191208,1.297031607611422e-21,3.9363629973032536e-21,1.0,1.0,96,0.0,basophil,True,False,False,True
13,ENSG00000198763,9.81598,,1.3256958601632856e-21,4.011182632869245e-21,1.0,1.0,97,0.0,basophil,True,False,False,True
13,ENSG00000228655,9.800539,,1.5939804680249658e-21,4.793926219623957e-21,1.0,1.0,98,0.0,basophil,True,False,False,True
13,ENSG00000198795,9.571606,4.9664907,1.1888539600381139e-20,3.491494743136898e-20,1.0,1.0,99,0.0,basophil,True,False,False,True
13,ENSG00000186652,9.539208,,1.6084083504886284e-20,4.7029483932416036e-20,1.0,1.0,100,0.0,basophil,True,False,False,True
14,ENSG00000122786,75.36594,,0.0,0.0,1.0,1.0,1,0.0,adventitial cell,True,False,True,True
14,ENSG00000164692,70.64374,,0.0,0.0,1.0,1.0,2,0.0,adventitial cell,True,False,True,True
14,ENSG00000185532,67.12175,8.149532,0.0,0.0,1.0,1.0,3,0.0,adventitial cell,True,False,True,True
14,ENSG00000196569,66.84523,,0.0,0.0,1.0,1.0,4,0.0,adventitial cell,True,False,True,True
14,ENSG00000011465,65.867615,,0.0,0.0,1.0,1.0,5,0.0,adventitial cell,True,False,True,True
14,ENSG00000163359,64.3436,,0.0,0.0,1.0,1.0,6,0.0,adventitial cell,True,False,True,True
14,ENSG00000144642,62.038414,7.8851113,0.0,0.0,1.0,1.0,7,0.0,adventitial cell,True,False,True,True
14,ENSG00000145147,59.728962,,0.0,0.0,1.0,1.0,8,0.0,adventitial cell,True,False,True,True
14,ENSG00000204262,56.790718,,0.0,0.0,1.0,1.0,9,0.0,adventitial cell,True,False,True,True
14,ENSG00000142173,56.40813,,0.0,0.0,1.0,1.0,10,0.0,adventitial cell,True,False,True,True
14,ENSG00000115414,55.87803,7.9053125,0.0,0.0,1.0,1.0,11,0.0,adventitial cell,True,False,True,True
14,ENSG00000077942,55.333725,,0.0,0.0,1.0,1.0,12,0.0,adventitial cell,True,False,True,True
14,ENSG00000168542,54.567966,,0.0,0.0,1.0,1.0,13,0.0,adventitial cell,True,False,True,True
14,ENSG00000139329,53.617332,,0.0,0.0,1.0,1.0,14,0.0,adventitial cell,True,False,True,True
14,ENSG00000140937,53.422523,,0.0,0.0,1.0,1.0,15,0.0,adventitial cell,True,False,True,True
14,ENSG00000185565,52.138607,7.2563677,0.0,0.0,1.0,1.0,16,0.0,adventitial cell,True,False,True,True
14,ENSG00000173068,51.001804,,0.0,0.0,1.0,1.0,17,0.0,adventitial cell,True,False,True,True
14,ENSG00000142156,50.687542,,0.0,0.0,1.0,1.0,18,0.0,adventitial cell,True,False,True,True
14,ENSG00000185008,49.889484,,0.0,0.0,1.0,1.0,19,0.0,adventitial cell,True,False,True,True
14,ENSG00000175899,49.5933,9.593673,0.0,0.0,1.0,1.0,20,0.0,adventitial cell,True,False,True,True
14,ENSG00000087245,49.450058,,0.0,0.0,1.0,1.0,21,0.0,adventitial cell,True,False,True,True
14,ENSG00000108821,49.090412,,0.0,0.0,1.0,1.0,22,0.0,adventitial cell,True,False,True,True
14,ENSG00000122870,48.956062,,0.0,0.0,1.0,1.0,23,0.0,adventitial cell,True,False,True,True
14,ENSG00000151914,48.948147,,0.0,0.0,1.0,1.0,24,0.0,adventitial cell,True,False,True,True
14,ENSG00000120594,48.87744,4.410354,0.0,0.0,1.0,1.0,25,0.0,adventitial cell,True,False,True,True
14,ENSG00000166147,48.402718,,0.0,0.0,1.0,1.0,26,0.0,adventitial cell,True,False,True,True
14,ENSG00000154175,47.421703,,0.0,0.0,1.0,1.0,27,0.0,adventitial cell,True,False,True,True
14,ENSG00000152583,47.100113,9.161665,0.0,0.0,1.0,1.0,28,0.0,adventitial cell,True,False,True,True
14,ENSG00000069667,46.947304,,0.0,0.0,1.0,1.0,29,0.0,adventitial cell,True,False,True,True
14,ENSG00000151067,46.831005,,0.0,0.0,1.0,1.0,30,0.0,adventitial cell,True,False,True,True
14,ENSG00000196616,46.44534,,0.0,0.0,1.0,1.0,31,0.0,adventitial cell,True,False,True,True
14,ENSG00000106538,46.340992,,0.0,0.0,1.0,1.0,32,0.0,adventitial cell,True,False,True,True
14,ENSG00000100234,45.85143,5.607402,0.0,0.0,1.0,1.0,33,0.0,adventitial cell,True,False,True,True
14,ENSG00000113140,45.568874,,0.0,0.0,1.0,1.0,34,0.0,adventitial cell,True,False,True,True
14,ENSG00000112769,45.23729,,0.0,0.0,1.0,1.0,35,0.0,adventitial cell,True,False,True,True
14,ENSG00000255248,44.45289,,0.0,0.0,1.0,1.0,36,0.0,adventitial cell,True,False,True,True
14,ENSG00000130635,44.329933,,0.0,0.0,1.0,1.0,37,0.0,adventitial cell,True,False,True,True
14,ENSG00000134853,44.2645,,0.0,0.0,1.0,1.0,38,0.0,adventitial cell,True,False,True,True
14,ENSG00000169946,44.159756,,0.0,0.0,1.0,1.0,39,0.0,adventitial cell,True,False,True,True
14,ENSG00000144724,44.1301,5.4513993,0.0,0.0,1.0,1.0,40,0.0,adventitial cell,True,False,True,True
14,ENSG00000121440,44.0452,,0.0,0.0,1.0,1.0,41,0.0,adventitial cell,True,False,True,True
14,ENSG00000184347,43.89152,,0.0,0.0,1.0,1.0,42,0.0,adventitial cell,True,False,True,True
14,ENSG00000049540,42.920395,,0.0,0.0,1.0,1.0,43,0.0,adventitial cell,True,False,True,True
14,ENSG00000112936,41.757114,,0.0,0.0,1.0,1.0,44,0.0,adventitial cell,True,False,True,True
14,ENSG00000136546,41.62075,,0.0,0.0,1.0,1.0,45,0.0,adventitial cell,True,False,True,True
14,ENSG00000214548,41.13411,,1.8762384099670957e-305,2.330730944058504e-304,1.0,1.0,46,0.0,adventitial cell,True,False,True,True
14,ENSG00000166482,41.047245,,3.254090555038114e-304,3.9927491472860294e-303,1.0,1.0,47,0.0,adventitial cell,True,False,True,True
14,ENSG00000143341,40.93271,,1.7582192297655838e-303,2.1441697923970533e-302,1.0,1.0,48,0.0,adventitial cell,True,False,True,True
14,ENSG00000183580,40.919487,,5.667281338195205e-305,6.996643627401489e-304,1.0,1.0,49,0.0,adventitial cell,True,False,True,True
14,ENSG00000183287,40.666264,,8.082234259584624e-300,9.737631638053765e-299,1.0,1.0,50,0.0,adventitial cell,True,False,True,True
14,ENSG00000111341,40.313015,,5.247223096793372e-296,6.284099517117811e-295,1.0,1.0,51,0.0,adventitial cell,True,False,True,True
14,ENSG00000154864,40.08556,,1.100587191567607e-292,1.2872364813656222e-291,1.0,1.0,52,0.0,adventitial cell,True,False,True,True
14,ENSG00000049323,39.964314,,5.672516487442078e-292,6.595949404002416e-291,1.0,1.0,53,0.0,adventitial cell,True,False,True,True
14,ENSG00000185630,39.859913,,1.552668600465949e-291,1.7949926016947388e-290,1.0,1.0,54,0.0,adventitial cell,True,False,True,True
14,ENSG00000000971,39.768482,,2.985932426366087e-289,3.412494201561242e-288,1.0,1.0,55,0.0,adventitial cell,True,False,True,True
14,ENSG00000183722,39.59402,7.0156937,7.995771493801626e-289,9.08610397022912e-288,1.0,1.0,56,0.0,adventitial cell,True,False,True,True
14,ENSG00000038427,39.46586,,1.363834788030863e-287,1.541056257661992e-286,1.0,1.0,57,0.0,adventitial cell,True,False,True,True
14,ENSG00000077943,39.442482,,5.3293116633365356e-285,5.921457403707261e-284,1.0,1.0,58,0.0,adventitial cell,True,False,True,True
14,ENSG00000164741,39.335133,4.5094943,1.6907530409276087e-286,1.8891095429358755e-285,1.0,1.0,59,0.0,adventitial cell,True,False,True,True
14,ENSG00000116132,39.316383,,3.235692878329796e-283,3.536276369759341e-282,1.0,1.0,60,0.0,adventitial cell,True,False,True,True
14,ENSG00000183098,39.293972,,1.5965019664816434e-283,1.7543977653644435e-282,1.0,1.0,61,0.0,adventitial cell,True,False,True,True
14,ENSG00000103196,39.254887,,8.038367567460086e-283,8.643405986516222e-282,1.0,1.0,62,0.0,adventitial cell,True,False,True,True
14,ENSG00000182168,39.175396,,7.3605409613361e-282,7.830362724825637e-281,1.0,1.0,63,0.0,adventitial cell,True,False,True,True
14,ENSG00000169855,39.15729,,4.154899206228036e-282,4.4437424665540494e-281,1.0,1.0,64,0.0,adventitial cell,True,False,True,True
14,ENSG00000196628,38.9806,5.5463495,4.360757461834402e-283,4.714332391172326e-282,1.0,1.0,65,0.0,adventitial cell,True,False,True,True
14,ENSG00000166741,38.91241,,2.8608589135540762e-279,3.01143043532008e-278,1.0,1.0,66,0.0,adventitial cell,True,False,True,True
14,ENSG00000140285,38.81978,,2.966772801387797e-277,3.0903883347789554e-276,1.0,1.0,67,0.0,adventitial cell,True,False,True,True
14,ENSG00000106624,38.78555,,5.909262450847172e-277,6.123588031965981e-276,1.0,1.0,68,0.0,adventitial cell,True,False,True,True
14,ENSG00000129116,38.549873,,7.829456883767619e-276,8.071605034811978e-275,1.0,1.0,69,0.0,adventitial cell,True,False,True,True
14,ENSG00000187391,38.437576,,2.6616380762868044e-274,2.7298852064480048e-273,1.0,1.0,70,0.0,adventitial cell,True,False,True,True
14,ENSG00000165124,38.214973,,4.542573846781989e-270,4.611750098255827e-269,1.0,1.0,71,0.0,adventitial cell,True,False,True,True
14,ENSG00000091986,38.18793,,6.627478509564314e-270,6.660782421672677e-269,1.0,1.0,72,0.0,adventitial cell,True,False,True,True
14,ENSG00000150636,38.172523,,6.211848976319341e-270,6.274594925575092e-269,1.0,1.0,73,0.0,adventitial cell,True,False,True,True
14,ENSG00000172260,38.102367,,3.651921678169401e-269,3.651921678169401e-268,1.0,1.0,74,0.0,adventitial cell,True,False,True,True
14,ENSG00000131016,37.390526,,1.0986737642366714e-261,1.0718768431577282e-260,1.0,1.0,75,0.0,adventitial cell,True,False,True,True
14,ENSG00000142871,37.03765,,1.0082577283212525e-256,9.467208716631478e-256,1.0,1.0,76,0.0,adventitial cell,True,False,True,True
14,ENSG00000140416,37.03408,,9.507380619932685e-258,9.0546482094597e-257,1.0,1.0,77,0.0,adventitial cell,True,False,True,True
14,ENSG00000165995,36.625782,,1.499323027371348e-251,1.381864541356081e-250,1.0,1.0,78,0.0,adventitial cell,True,False,True,True
14,ENSG00000198626,36.545433,,1.1773072897782477e-250,1.080098430989218e-249,1.0,1.0,79,0.0,adventitial cell,True,False,True,True
14,ENSG00000141338,36.12507,,1.9255404897585554e-245,1.7192325801415675e-244,1.0,1.0,80,0.0,adventitial cell,True,False,True,True
14,ENSG00000187955,35.988087,,7.834047640766045e-244,6.871971614707057e-243,1.0,1.0,81,0.0,adventitial cell,True,False,True,True
14,ENSG00000135298,35.905506,,4.615566966791164e-243,3.996161876009666e-242,1.0,1.0,82,0.0,adventitial cell,True,False,True,True
14,ENSG00000067798,35.864597,,4.194290716781443e-243,3.6472093189403853e-242,1.0,1.0,83,0.0,adventitial cell,True,False,True,True
14,ENSG00000198467,35.81229,,1.05106915426215e-242,9.02205282628455e-242,1.0,1.0,84,0.0,adventitial cell,True,False,True,True
14,ENSG00000003436,35.409836,4.523048,7.131373842189351e-240,6.043537154397755e-239,1.0,1.0,85,0.0,adventitial cell,True,False,True,True
14,ENSG00000250722,35.3476,,3.292504928551855e-237,2.7437541071265458e-236,1.0,1.0,86,0.0,adventitial cell,True,False,True,True
14,ENSG00000182197,35.346916,,1.878136628648361e-238,1.578266074494421e-237,1.0,1.0,87,0.0,adventitial cell,True,False,True,True
14,ENSG00000150672,35.18262,4.9820304,3.7656663908827944e-236,3.1121209842006567e-235,1.0,1.0,88,0.0,adventitial cell,True,False,True,True
14,ENSG00000182492,35.15263,,2.74996634967296e-234,2.2633467898542883e-233,1.0,1.0,89,0.0,adventitial cell,True,False,True,True
14,ENSG00000163453,34.941875,6.950667,2.2446258639643287e-233,1.8398572655445316e-232,1.0,1.0,90,0.0,adventitial cell,True,False,True,True
14,ENSG00000151388,34.823032,,2.0621646117067275e-230,1.6697689163617227e-229,1.0,1.0,91,0.0,adventitial cell,True,False,True,True
14,ENSG00000162804,34.789143,,9.291925295022006e-231,7.554410808960981e-230,1.0,1.0,92,0.0,adventitial cell,True,False,True,True
14,ENSG00000079102,34.583866,,2.7711028553681774e-228,2.234760367232401e-227,1.0,1.0,93,0.0,adventitial cell,True,False,True,True
14,ENSG00000146555,34.245613,,7.950837172435533e-225,6.335328424251421e-224,1.0,1.0,94,0.0,adventitial cell,True,False,True,True
14,ENSG00000170624,34.142532,,6.140581007713988e-223,4.8542142353470265e-222,1.0,1.0,95,0.0,adventitial cell,True,False,True,True
14,ENSG00000132386,33.94575,,1.5875852792411091e-220,1.2451649248949876e-219,1.0,1.0,96,0.0,adventitial cell,True,False,True,True
14,ENSG00000147257,33.88224,,6.134105864006444e-220,4.773623240471941e-219,1.0,1.0,97,0.0,adventitial cell,True,False,True,True
14,ENSG00000154654,33.77234,,1.4482012273839478e-218,1.1078137700817347e-217,1.0,1.0,98,0.0,adventitial cell,True,False,True,True
14,ENSG00000107317,33.51563,,1.0643071290271728e-215,8.032506634167342e-215,1.0,1.0,99,0.0,adventitial cell,True,False,True,True
14,ENSG00000134532,33.38253,,6.57136923517727e-216,4.978310026649446e-215,1.0,1.0,100,0.0,adventitial cell,True,False,True,True
17,ENSG00000123416,48.072525,,1.6136635311200713e-226,8.492965953263533e-225,1.0,1.0,1,0.0,basal cell,True,False,True,True
17,ENSG00000131747,32.007267,,1.9509398191767817e-139,3.0967298717091775e-138,1.0,1.0,2,0.0,basal cell,True,False,True,True
17,ENSG00000117724,31.345348,,1.0845593557068432e-135,1.681487373188904e-134,1.0,1.0,3,0.0,basal cell,True,False,True,True
17,ENSG00000166803,31.158045,,1.221826421969233e-134,1.879732956875743e-133,1.0,1.0,4,0.0,basal cell,True,False,True,True
17,ENSG00000148773,30.897732,,3.895635346622778e-133,5.858098265598162e-132,1.0,1.0,5,0.0,basal cell,True,False,True,True
17,ENSG00000117632,30.521101,,3.3437132592253847e-131,4.917225381213801e-130,1.0,1.0,6,0.0,basal cell,True,False,True,True
17,ENSG00000164611,30.113012,,1.0181868056273034e-128,1.4756330516337728e-127,1.0,1.0,7,0.0,basal cell,True,False,True,True
17,ENSG00000088325,29.217659,,1.6379460630722993e-123,2.2592359490652405e-122,1.0,1.0,8,0.0,basal cell,True,False,True,True
17,ENSG00000123975,28.090439,,3.320490390875416e-117,4.176717472799265e-116,1.0,1.0,9,0.0,basal cell,True,False,True,True
17,ENSG00000164104,27.43671,,1.6482936531885547e-113,1.939169003751241e-112,1.0,1.0,10,0.0,basal cell,True,False,True,True
17,ENSG00000089685,27.408602,,4.2623479299841823e-113,4.985202257291441e-112,1.0,1.0,11,0.0,basal cell,True,False,True,True
17,ENSG00000137804,27.1702,,9.042283534366652e-112,1.0453506976146418e-110,1.0,1.0,12,0.0,basal cell,True,False,True,True
17,ENSG00000197061,26.499605,,5.999059478327509e-108,6.592373053107152e-107,1.0,1.0,13,0.0,basal cell,True,False,True,True
17,ENSG00000175063,25.811419,,7.018625930728788e-104,7.235696835802875e-103,1.0,1.0,14,0.0,basal cell,True,False,True,True
17,ENSG00000188229,25.0604,,4.555739790536928e-100,4.359559608169309e-99,1.0,1.0,15,0.0,basal cell,True,False,True,True
17,ENSG00000134057,24.479774,,3.2697018879773165e-96,2.9456773765561413e-95,1.0,1.0,16,0.0,basal cell,True,False,True,True
17,ENSG00000171848,24.325642,,2.3797921285028086e-95,2.1248144004489363e-94,1.0,1.0,17,0.0,basal cell,True,False,True,True
17,ENSG00000011426,23.56538,,5.692534532603484e-91,4.907357355692659e-90,1.0,1.0,18,0.0,basal cell,True,False,True,True
17,ENSG00000066279,23.28311,,2.368252784153998e-89,1.9901283900453763e-88,1.0,1.0,19,0.0,basal cell,True,False,True,True
17,ENSG00000170312,23.124685,,1.8882072847612527e-88,1.5605018882324402e-87,1.0,1.0,20,0.0,basal cell,True,False,True,True
17,ENSG00000139734,22.400476,,2.2860048897084854e-84,1.7929450115360673e-83,1.0,1.0,21,0.0,basal cell,True,False,True,True
17,ENSG00000111057,22.370981,,2.8398985394868383e-84,2.2186707339740923e-83,1.0,1.0,22,0.0,basal cell,True,False,True,True
17,ENSG00000126787,21.666683,,3.811786208728944e-80,2.844616573678316e-79,1.0,1.0,23,0.0,basal cell,True,False,True,True
17,ENSG00000117399,21.238407,,9.993396166199567e-78,7.11273748483955e-77,1.0,1.0,24,0.0,basal cell,True,False,True,True
17,ENSG00000182481,21.0193,,1.4128332156097222e-76,9.914619056910331e-76,1.0,1.0,25,0.0,basal cell,True,False,True,True
17,ENSG00000072571,20.804764,,2.7017688114012057e-75,1.850526583151511e-74,1.0,1.0,26,0.0,basal cell,True,False,True,True
17,ENSG00000138778,20.295485,,1.8283769396204786e-72,1.1911250420980317e-71,1.0,1.0,27,0.0,basal cell,True,False,True,True
17,ENSG00000198886,20.12364,,5.58010290959133e-72,3.5884906171005343e-71,1.0,1.0,28,0.0,basal cell,True,False,True,True
17,ENSG00000080824,19.046978,,5.642765834752399e-66,3.3488224538589908e-65,1.0,1.0,29,0.0,basal cell,True,False,True,True
17,ENSG00000125148,18.884817,7.5981274,7.059268918756982e-65,4.104226115556385e-64,1.0,1.0,30,0.0,basal cell,True,False,True,True
17,ENSG00000166851,18.666712,,1.8075961792681377e-63,1.0241338126165086e-62,1.0,1.0,31,0.0,basal cell,True,False,True,True
17,ENSG00000149948,18.32071,,1.3064866674169153e-61,7.218158383518869e-61,1.0,1.0,32,0.0,basal cell,True,False,True,True
17,ENSG00000087586,18.081385,,2.5867201153337907e-60,1.394458283198809e-59,1.0,1.0,33,0.0,basal cell,True,False,True,True
17,ENSG00000170421,17.636349,,5.320147237010332e-58,2.728280634364273e-57,1.0,1.0,34,0.0,basal cell,True,False,True,True
17,ENSG00000198938,17.445868,,2.746882820424554e-57,1.3908267445187613e-56,1.0,1.0,35,0.0,basal cell,True,False,True,True
17,ENSG00000267374,17.310217,,3.1913476436408607e-56,1.579875071109337e-55,1.0,1.0,36,0.0,basal cell,True,False,True,True
17,ENSG00000171345,17.193615,,1.1158504588652785e-55,5.483294638158616e-55,1.0,1.0,37,0.0,basal cell,True,False,True,True
17,ENSG00000171877,16.81368,,1.2980595474898741e-53,6.137397387658979e-53,1.0,1.0,38,0.0,basal cell,True,False,True,True
17,ENSG00000135480,16.189056,,2.0623145707191362e-50,9.331740139000615e-50,1.0,1.0,39,0.0,basal cell,True,False,True,True
17,ENSG00000181649,16.108173,,5.783521751704504e-50,2.593507511975114e-49,1.0,1.0,40,0.0,basal cell,True,False,True,True
17,ENSG00000105974,15.861994,6.3088393,9.190239476781163e-49,4.0485636461591026e-48,1.0,1.0,41,0.0,basal cell,True,False,True,True
17,ENSG00000197956,15.605436,,1.4333711749831993e-47,6.178324030099997e-47,1.0,1.0,42,0.0,basal cell,True,False,True,True
17,ENSG00000198899,15.40341,,1.5334701990745714e-46,6.525405102444985e-46,1.0,1.0,43,0.0,basal cell,True,False,True,True
17,ENSG00000140416,15.124854,,4.7750404311220613e-45,1.9813445772290712e-44,1.0,1.0,44,0.0,basal cell,True,False,True,True
17,ENSG00000198727,15.097154,,4.5852546210918326e-45,1.906550778000762e-44,1.0,1.0,45,0.0,basal cell,True,False,True,True
17,ENSG00000107984,15.0481415,,1.4137909646619505e-44,5.818069813423665e-44,1.0,1.0,46,0.0,basal cell,True,False,True,True
17,ENSG00000100097,14.72773,9.925866,4.501367345955478e-43,1.804155248879951e-42,1.0,1.0,47,0.0,basal cell,True,False,True,True
17,ENSG00000091409,14.48494,,7.386538202486519e-42,2.896681648033929e-41,1.0,1.0,48,0.0,basal cell,True,False,True,True
17,ENSG00000171889,14.344845,,3.7702081342387886e-41,1.4727375524370269e-40,1.0,1.0,49,0.0,basal cell,True,False,True,True
17,ENSG00000175793,14.304515,,5.94968283358424e-41,2.310556440226889e-40,1.0,1.0,50,0.0,basal cell,True,False,True,True
17,ENSG00000148671,14.14518,,3.1646110975947822e-40,1.2171581144595315e-39,1.0,1.0,51,0.0,basal cell,True,False,True,True
17,ENSG00000189334,14.114404,,4.973388982906842e-40,1.9091704348970602e-39,1.0,1.0,52,0.0,basal cell,True,False,True,True
17,ENSG00000167644,13.925153,,3.664088952175279e-39,1.3800711684276002e-38,1.0,1.0,53,0.0,basal cell,True,False,True,True
17,ENSG00000196754,13.77584,,2.0523948446807237e-38,7.686872077455895e-38,1.0,1.0,54,0.0,basal cell,True,False,True,True
17,ENSG00000125968,13.46784,,5.05858732222704e-37,1.859774750818765e-36,1.0,1.0,55,0.0,basal cell,True,False,True,True
17,ENSG00000235162,13.195588,,9.654253492303345e-36,3.472753054785376e-35,1.0,1.0,56,0.0,basal cell,True,False,True,True
17,ENSG00000230937,13.1936865,,1.0804032681495294e-35,3.8793654152586336e-35,1.0,1.0,57,0.0,basal cell,True,False,True,True
17,ENSG00000186081,13.134918,,2.0481843160323367e-35,7.328029753246285e-35,1.0,1.0,58,0.0,basal cell,True,False,True,True
17,ENSG00000249867,12.8639,,3.6264435961699263e-34,1.2591818042256689e-33,1.0,1.0,59,0.0,basal cell,True,False,True,True
17,ENSG00000198467,12.468335,,1.9552909575393496e-32,6.605712694389694e-32,1.0,1.0,60,0.0,basal cell,True,False,True,True
17,ENSG00000122786,12.409236,,3.3823506409005137e-32,1.1350169935907764e-31,1.0,1.0,61,0.0,basal cell,True,False,True,True
17,ENSG00000151012,12.3546295,,6.798954319763059e-32,2.270101609269803e-31,1.0,1.0,62,0.0,basal cell,True,False,True,True
17,ENSG00000184357,12.200421,,3.411044024687642e-31,1.1220539554893559e-30,1.0,1.0,63,0.0,basal cell,True,False,True,True
17,ENSG00000205420,12.197314,,3.4812067539907578e-31,1.1432534495864558e-30,1.0,1.0,64,0.0,basal cell,True,False,True,True
17,ENSG00000128422,12.070274,,1.2273069342536534e-30,3.978304487045878e-30,1.0,1.0,65,0.0,basal cell,True,False,True,True
17,ENSG00000117318,11.989031,,2.601958760976042e-30,8.379899391227188e-30,1.0,1.0,66,0.0,basal cell,True,False,True,True
17,ENSG00000242265,11.918957,,5.722469579456669e-30,1.831190265426134e-29,1.0,1.0,67,0.0,basal cell,True,False,True,True
17,ENSG00000134363,11.730481,,3.729259174231538e-29,1.1801453083011196e-28,1.0,1.0,68,0.0,basal cell,True,False,True,True
17,ENSG00000137440,11.682021,,6.035412589824884e-29,1.9039156434778814e-28,1.0,1.0,69,0.0,basal cell,True,False,True,True
17,ENSG00000131711,11.672298,,6.476574373671969e-29,2.0398659444636124e-28,1.0,1.0,70,0.0,basal cell,True,False,True,True
17,ENSG00000167779,11.666504,,6.670524505785436e-29,2.0976492156557973e-28,1.0,1.0,71,0.0,basal cell,True,False,True,True
17,ENSG00000115380,11.550578,4.752651,2.098460938548902e-28,6.5372614908065485e-28,1.0,1.0,72,0.0,basal cell,True,False,True,True
17,ENSG00000150687,11.366637,,1.2117613015986972e-27,3.7284963126113754e-27,1.0,1.0,73,0.0,basal cell,True,False,True,True
17,ENSG00000105825,11.332643,,1.8125245401599456e-27,5.525989451707151e-27,1.0,1.0,74,0.0,basal cell,True,False,True,True
17,ENSG00000186847,11.265333,,3.5057762222834625e-27,1.0607492351841037e-26,1.0,1.0,75,0.0,basal cell,True,False,True,True
17,ENSG00000164171,11.2368555,,4.266258815624589e-27,1.285017715549575e-26,1.0,1.0,76,0.0,basal cell,True,False,True,True
17,ENSG00000089356,11.212962,,5.465018686467702e-27,1.6436146425466774e-26,1.0,1.0,77,0.0,basal cell,True,False,True,True
17,ENSG00000157168,10.933374,,8.109863142743675e-26,2.3958236758474668e-25,1.0,1.0,78,0.0,basal cell,True,False,True,True
17,ENSG00000188312,10.55083,,2.757804466057735e-24,7.959031648074272e-24,1.0,1.0,79,0.0,basal cell,True,False,True,True
17,ENSG00000169760,10.537348,,3.2518600168402064e-24,9.371354515389645e-24,1.0,1.0,80,0.0,basal cell,True,False,True,True
17,ENSG00000114315,10.470498,,5.832505294508837e-24,1.6736026670039706e-23,1.0,1.0,81,0.0,basal cell,True,False,True,True
17,ENSG00000124766,10.43955,,7.521314874195339e-24,2.1520214232318568e-23,1.0,1.0,82,0.0,basal cell,True,False,True,True
17,ENSG00000154277,10.315147,,2.4910427469969388e-23,7.046797021207747e-23,1.0,1.0,83,0.0,basal cell,True,False,True,True
17,ENSG00000287001,10.3105,,2.602981887016217e-23,7.353056178011912e-23,1.0,1.0,84,0.0,basal cell,True,False,True,True
17,ENSG00000124575,10.271835,,3.6270288732908987e-23,1.0202612864390714e-22,1.0,1.0,85,0.0,basal cell,True,False,True,True
17,ENSG00000164161,9.840483,4.4437785,1.6775265034665795e-21,4.467447412693954e-21,1.0,1.0,86,0.0,basal cell,True,False,True,True
17,ENSG00000124610,9.754803,,3.592716329798907e-21,9.504540555023563e-21,1.0,1.0,87,0.0,basal cell,True,False,True,True
17,ENSG00000106366,9.699113,4.8056517,5.685976708403772e-21,1.4982810825833392e-20,1.0,1.0,88,0.0,basal cell,True,False,True,True
17,ENSG00000196611,9.467566,,4.184715760014511e-20,1.0785349896944616e-19,1.0,1.0,89,0.0,basal cell,True,False,True,True
17,ENSG00000152952,9.376455,,8.800577464930956e-20,2.250787075429912e-19,1.0,1.0,90,0.0,basal cell,True,False,True,True
17,ENSG00000198695,9.33511,,1.2387998191898203e-19,3.160203620382195e-19,1.0,1.0,91,0.0,basal cell,True,False,True,True
17,ENSG00000164283,9.333946,8.770922,1.2977872738089696e-19,3.302257694170406e-19,1.0,1.0,92,0.0,basal cell,True,False,True,True
17,ENSG00000075213,9.326113,,1.3687039528848929e-19,3.478281964129334e-19,1.0,1.0,93,0.0,basal cell,True,False,True,True
17,ENSG00000073282,9.1758795,,4.799341487407856e-19,1.21195492106259e-18,1.0,1.0,94,0.0,basal cell,True,False,True,True
17,ENSG00000058085,9.130895,,6.950817280427996e-19,1.7530434502970985e-18,1.0,1.0,95,0.0,basal cell,True,False,True,True
17,ENSG00000049192,9.111392,,8.179035466874827e-19,2.049883575657851e-18,1.0,1.0,96,0.0,basal cell,True,False,True,True
17,ENSG00000171388,9.078293,,1.0916402613234726e-18,2.7256935363881962e-18,1.0,1.0,97,0.0,basal cell,True,False,True,True
17,ENSG00000286522,9.049,,1.3910727576162158e-18,3.4517934432164162e-18,1.0,1.0,98,0.0,basal cell,True,False,True,True
17,ENSG00000069482,8.946032,,3.226541139682355e-18,7.98648796951078e-18,1.0,1.0,99,0.0,basal cell,True,False,True,True
17,ENSG00000187837,8.939987,,3.3149244065892426e-18,8.195115961901712e-18,1.0,1.0,100,0.0,basal cell,True,False,True,True
20,ENSG00000049759,53.488297,7.9422927,0.0,0.0,1.0,1.0,1,0.0,respiratory tract goblet cell,True,False,True,True
20,ENSG00000120549,53.29542,,0.0,0.0,1.0,1.0,2,0.0,respiratory tract goblet cell,True,False,True,True
20,ENSG00000085276,51.753788,8.389168,0.0,0.0,1.0,1.0,3,0.0,respiratory tract goblet cell,True,False,True,True
20,ENSG00000013588,51.03507,,0.0,0.0,1.0,1.0,4,0.0,respiratory tract goblet cell,True,False,True,True
20,ENSG00000136153,50.093163,,0.0,0.0,1.0,1.0,5,0.0,respiratory tract goblet cell,True,False,True,True
20,ENSG00000152894,47.3063,,0.0,0.0,1.0,1.0,6,0.0,respiratory tract goblet cell,True,False,True,True
20,ENSG00000227036,43.256042,,8.9212797597287e-311,1.636932066005275e-309,1.0,1.0,7,0.0,respiratory tract goblet cell,True,False,True,True
20,ENSG00000151150,43.17419,,0.0,0.0,1.0,1.0,8,0.0,respiratory tract goblet cell,True,False,True,True
20,ENSG00000171345,42.221607,,1.316585161426175e-301,2.3302392237631414e-300,1.0,1.0,9,0.0,respiratory tract goblet cell,True,False,True,True
20,ENSG00000170017,41.147655,,8.938170128083097e-291,1.5022134669047222e-289,1.0,1.0,10,0.0,respiratory tract goblet cell,True,False,True,True
20,ENSG00000081026,40.53287,7.7827773,4.373251210602221e-282,7.053630984842292e-281,1.0,1.0,11,0.0,respiratory tract goblet cell,True,False,True,True
20,ENSG00000163435,39.847343,,3.390126799369573e-274,5.338782361211926e-273,1.0,1.0,12,0.0,respiratory tract goblet cell,True,False,True,True
20,ENSG00000184292,38.60191,,5.935673041233947e-261,8.859213494379025e-260,1.0,1.0,13,0.0,respiratory tract goblet cell,True,False,True,True
20,ENSG00000185499,37.974842,,4.948129873517314e-254,7.330562775581206e-253,1.0,1.0,14,0.0,respiratory tract goblet cell,True,False,True,True
20,ENSG00000107249,37.38441,,1.659763623990491e-247,2.321347725860826e-246,1.0,1.0,15,0.0,respiratory tract goblet cell,True,False,True,True
20,ENSG00000189283,37.347828,,3.9104240934169065e-248,5.546700841726109e-247,1.0,1.0,16,0.0,respiratory tract goblet cell,True,False,True,True
20,ENSG00000116285,37.26832,,4.729299780212611e-246,6.5231721106380845e-245,1.0,1.0,17,0.0,respiratory tract goblet cell,True,False,True,True
20,ENSG00000184349,37.131027,,1.1263227567142223e-244,1.5324119138969012e-243,1.0,1.0,18,0.0,respiratory tract goblet cell,True,False,True,True
20,ENSG00000103534,37.105904,,7.961872741644717e-245,1.0906674988554408e-243,1.0,1.0,19,0.0,respiratory tract goblet cell,True,False,True,True
20,ENSG00000101443,37.08752,,1.9293663585199323e-244,2.6072518358377466e-243,1.0,1.0,20,0.0,respiratory tract goblet cell,True,False,True,True
20,ENSG00000135480,36.31839,,1.9170951745336598e-236,2.5060067640962873e-235,1.0,1.0,21,0.0,respiratory tract goblet cell,True,False,True,True
20,ENSG00000189143,35.639473,,1.1717198754136496e-228,1.4926367839664324e-227,1.0,1.0,22,0.0,respiratory tract goblet cell,True,False,True,True
20,ENSG00000170421,35.339703,,7.00900674548209e-226,8.706840677617503e-225,1.0,1.0,23,0.0,respiratory tract goblet cell,True,False,True,True
20,ENSG00000138771,34.62442,6.673041,4.0064240439893084e-218,4.915857722686268e-217,1.0,1.0,24,0.0,respiratory tract goblet cell,True,False,True,True
20,ENSG00000138696,34.428295,,2.3089940805096267e-215,2.7652623718678164e-214,1.0,1.0,25,0.0,respiratory tract goblet cell,True,False,True,True
20,ENSG00000111057,33.918278,,3.364854907340505e-211,3.982076813420716e-210,1.0,1.0,26,0.0,respiratory tract goblet cell,True,False,True,True
20,ENSG00000168878,33.288815,3.9983299,1.9049487441508127e-204,2.202252883411344e-203,1.0,1.0,27,0.0,respiratory tract goblet cell,True,False,True,True
20,ENSG00000163629,33.27021,,2.3347210484770995e-204,2.683587412042643e-203,1.0,1.0,28,0.0,respiratory tract goblet cell,True,False,True,True
20,ENSG00000151276,33.126614,4.783693,9.741959058780957e-204,1.1070408021341999e-202,1.0,1.0,29,0.0,respiratory tract goblet cell,True,False,True,True
20,ENSG00000245532,32.783173,3.57975,3.5657942393829606e-201,4.0065103813291695e-200,1.0,1.0,30,0.0,respiratory tract goblet cell,True,False,True,True
20,ENSG00000183742,32.758278,,1.2143368968146663e-198,1.3344361503457872e-197,1.0,1.0,31,0.0,respiratory tract goblet cell,True,False,True,True
20,ENSG00000124766,32.38054,,5.9116932795621974e-195,6.35665944038946e-194,1.0,1.0,32,0.0,respiratory tract goblet cell,True,False,True,True
20,ENSG00000183049,32.350304,5.646515,3.7585965492266655e-195,4.0854310317681147e-194,1.0,1.0,33,0.0,respiratory tract goblet cell,True,False,True,True
20,ENSG00000165895,32.09795,,8.902951055040192e-192,9.471224526638502e-191,1.0,1.0,34,0.0,respiratory tract goblet cell,True,False,True,True
20,ENSG00000145113,31.931519,,4.772222092262851e-190,5.023391676066159e-189,1.0,1.0,35,0.0,respiratory tract goblet cell,True,False,True,True
20,ENSG00000162896,31.502308,,7.44753259633425e-186,7.67786865601469e-185,1.0,1.0,36,0.0,respiratory tract goblet cell,True,False,True,True
20,ENSG00000163082,31.027122,,3.093830450896793e-181,3.109377337584717e-180,1.0,1.0,37,0.0,respiratory tract goblet cell,True,False,True,True
20,ENSG00000189377,30.96675,,9.673984042367703e-181,9.625854768525078e-180,1.0,1.0,38,0.0,respiratory tract goblet cell,True,False,True,True
20,ENSG00000144642,30.88672,3.9876401,4.5641373046817676e-181,4.564137304681768e-180,1.0,1.0,39,0.0,respiratory tract goblet cell,True,False,True,True
20,ENSG00000184305,30.407202,,2.6291678900484784e-175,2.552590184513086e-174,1.0,1.0,40,0.0,respiratory tract goblet cell,True,False,True,True
20,ENSG00000184903,30.405682,,7.381670217576204e-176,7.272581495148969e-175,1.0,1.0,41,0.0,respiratory tract goblet cell,True,False,True,True
20,ENSG00000146555,29.782343,,3.2115482589828e-169,3.015538271345352e-168,1.0,1.0,42,0.0,respiratory tract goblet cell,True,False,True,True
20,ENSG00000124107,29.772861,,3.488003101183738e-169,3.259815982414709e-168,1.0,1.0,43,0.0,respiratory tract goblet cell,True,False,True,True
20,ENSG00000236039,29.76526,8.93614,1.6050939255482167e-168,1.4931106284169459e-167,1.0,1.0,44,0.0,respiratory tract goblet cell,True,False,True,True
20,ENSG00000086548,29.550781,,1.992288647289038e-166,1.8447117104528128e-165,1.0,1.0,45,0.0,respiratory tract goblet cell,True,False,True,True
20,ENSG00000113448,29.058397,4.6258283,1.0228577799206596e-162,9.214934954240177e-162,1.0,1.0,46,0.0,respiratory tract goblet cell,True,False,True,True
20,ENSG00000172264,28.957815,4.889373,3.831960622061042e-161,3.3761767595251475e-160,1.0,1.0,47,0.0,respiratory tract goblet cell,True,False,True,True
20,ENSG00000177694,28.730509,,4.1971073012311955e-159,3.6655958962717865e-158,1.0,1.0,48,0.0,respiratory tract goblet cell,True,False,True,True
20,ENSG00000182197,28.62301,,1.2433377868929655e-158,1.076482932374862e-157,1.0,1.0,49,0.0,respiratory tract goblet cell,True,False,True,True
20,ENSG00000078114,28.609903,5.2796884,2.5236987090845464e-158,2.1756023354177124e-157,1.0,1.0,50,0.0,respiratory tract goblet cell,True,False,True,True
20,ENSG00000178568,28.493082,5.525096,1.1101262321588691e-156,9.48825839452025e-156,1.0,1.0,51,0.0,respiratory tract goblet cell,True,False,True,True
20,ENSG00000157765,28.29998,5.7382965,8.024714818304689e-155,6.715242525777983e-154,1.0,1.0,52,0.0,respiratory tract goblet cell,True,False,True,True
20,ENSG00000047457,27.947184,,3.9928733109497386e-151,3.2330957983398693e-150,1.0,1.0,53,0.0,respiratory tract goblet cell,True,False,True,True
20,ENSG00000081803,27.549055,4.4919667,3.3628640530858404e-148,2.668939724671302e-147,1.0,1.0,54,0.0,respiratory tract goblet cell,True,False,True,True
20,ENSG00000166833,27.46933,4.658869,2.80390806500301e-147,2.207801625986622e-146,1.0,1.0,55,0.0,respiratory tract goblet cell,True,False,True,True
20,ENSG00000117525,27.231394,,1.3659441659117008e-144,1.0629915688028802e-143,1.0,1.0,56,0.0,respiratory tract goblet cell,True,False,True,True
20,ENSG00000179104,26.877708,,1.1763882176893833e-141,8.945918005242458e-141,1.0,1.0,57,0.0,respiratory tract goblet cell,True,False,True,True
20,ENSG00000151623,26.194046,7.046553,2.9572566834263725e-135,2.2069079727062485e-134,1.0,1.0,58,0.0,respiratory tract goblet cell,True,False,True,True
20,ENSG00000161055,25.845829,,5.916935122471272e-132,4.226382230336623e-131,1.0,1.0,59,0.0,respiratory tract goblet cell,True,False,True,True
20,ENSG00000167644,25.732752,,4.819250035306066e-131,3.4179078264582025e-130,1.0,1.0,60,0.0,respiratory tract goblet cell,True,False,True,True
20,ENSG00000089356,25.520672,,2.2059582337168397e-129,1.5534917138850984e-128,1.0,1.0,61,0.0,respiratory tract goblet cell,True,False,True,True
20,ENSG00000106541,25.374802,,7.253134759255318e-128,5.036899138371748e-127,1.0,1.0,62,0.0,respiratory tract goblet cell,True,False,True,True
20,ENSG00000127954,25.361008,7.9117136,1.7223095959206085e-127,1.1919097549623588e-126,1.0,1.0,63,0.0,respiratory tract goblet cell,True,False,True,True
20,ENSG00000158966,25.283258,,8.429027350758488e-127,5.79314594553848e-126,1.0,1.0,64,0.0,respiratory tract goblet cell,True,False,True,True
20,ENSG00000189334,24.876766,,1.3079261547926037e-123,8.807583533956929e-123,1.0,1.0,65,0.0,respiratory tract goblet cell,True,False,True,True
20,ENSG00000130513,24.86339,,4.464977697043848e-123,2.986607155213276e-122,1.0,1.0,66,0.0,respiratory tract goblet cell,True,False,True,True
20,ENSG00000165591,24.445126,,1.236418418452185e-119,8.134331700343322e-119,1.0,1.0,67,0.0,respiratory tract goblet cell,True,False,True,True
20,ENSG00000164265,24.275358,7.605958,9.611760565053972e-118,6.201135848421918e-117,1.0,1.0,68,0.0,respiratory tract goblet cell,True,False,True,True
20,ENSG00000133424,24.253345,,4.839058389168083e-118,3.1422457072520022e-117,1.0,1.0,69,0.0,respiratory tract goblet cell,True,False,True,True
20,ENSG00000165272,24.054735,,3.550337756673371e-116,2.2541827026497593e-115,1.0,1.0,70,0.0,respiratory tract goblet cell,True,False,True,True
20,ENSG00000064042,23.46544,3.4839103,2.081836695849668e-111,1.289062969566358e-110,1.0,1.0,71,0.0,respiratory tract goblet cell,True,False,True,True
20,ENSG00000109339,23.387197,,1.0577089765598867e-110,6.508978317291611e-110,1.0,1.0,72,0.0,respiratory tract goblet cell,True,False,True,True
20,ENSG00000154556,23.168394,6.5344877,1.001663047677484e-108,6.08913706794823e-108,1.0,1.0,73,0.0,respiratory tract goblet cell,True,False,True,True
20,ENSG00000236318,23.008732,,5.435571492995884e-107,3.2068268395255954e-106,1.0,1.0,74,0.0,respiratory tract goblet cell,True,False,True,True
20,ENSG00000273118,22.679781,,2.2630526678922996e-104,1.3234226128025144e-103,1.0,1.0,75,0.0,respiratory tract goblet cell,True,False,True,True
20,ENSG00000230937,22.603918,,9.445517662159774e-104,5.491580036139403e-103,1.0,1.0,76,0.0,respiratory tract goblet cell,True,False,True,True
20,ENSG00000173467,22.50656,5.389135,5.186597445350804e-103,3.006723156725104e-102,1.0,1.0,77,0.0,respiratory tract goblet cell,True,False,True,True
20,ENSG00000186153,22.355442,5.033981,4.2537711804652815e-102,2.4517413143892113e-101,1.0,1.0,78,0.0,respiratory tract goblet cell,True,False,True,True
20,ENSG00000171889,22.16436,,4.343886101518936e-100,2.4541729387112634e-99,1.0,1.0,79,0.0,respiratory tract goblet cell,True,False,True,True
20,ENSG00000164171,22.133066,,6.103141572480871e-100,3.4383896182990825e-99,1.0,1.0,80,0.0,respiratory tract goblet cell,True,False,True,True
20,ENSG00000105855,21.837582,,1.4530620942692783e-97,8.02796737165347e-97,1.0,1.0,81,0.0,respiratory tract goblet cell,True,False,True,True
20,ENSG00000187720,21.808508,7.252186,1.8333847339868973e-97,1.010129330020329e-96,1.0,1.0,82,0.0,respiratory tract goblet cell,True,False,True,True
20,ENSG00000161798,21.734146,,1.2852531871971875e-96,7.0232414600939216e-96,1.0,1.0,83,0.0,respiratory tract goblet cell,True,False,True,True
20,ENSG00000226383,21.67942,,3.026390071322576e-96,1.63588652503923e-95,1.0,1.0,84,0.0,respiratory tract goblet cell,True,False,True,True
20,ENSG00000185630,21.564043,,1.4037385752179452e-95,7.526748392589518e-95,1.0,1.0,85,0.0,respiratory tract goblet cell,True,False,True,True
20,ENSG00000140563,21.4096,4.938715,2.514951499858947e-94,1.3271511872606582e-93,1.0,1.0,86,0.0,respiratory tract goblet cell,True,False,True,True
20,ENSG00000213853,21.362057,4.42205,4.7585924535571586e-94,2.4914096615482505e-93,1.0,1.0,87,0.0,respiratory tract goblet cell,True,False,True,True
20,ENSG00000099204,21.054413,4.5930433,1.4054790599497428e-91,7.244737422421355e-91,1.0,1.0,88,0.0,respiratory tract goblet cell,True,False,True,True
20,ENSG00000142973,21.003347,,5.039482257606359e-91,2.577740285220644e-90,1.0,1.0,89,0.0,respiratory tract goblet cell,True,False,True,True
20,ENSG00000074527,20.77619,15.586311,3.343529231946038e-89,1.667595626905755e-88,1.0,1.0,90,0.0,respiratory tract goblet cell,True,False,True,True
20,ENSG00000184384,20.692635,3.4451299,8.133511782500005e-89,4.016549028395064e-88,1.0,1.0,91,0.0,respiratory tract goblet cell,True,False,True,True
20,ENSG00000184254,20.66103,,3.690330780750887e-88,1.817896936330486e-87,1.0,1.0,92,0.0,respiratory tract goblet cell,True,False,True,True
20,ENSG00000110195,20.628878,,6.351252014284039e-88,3.113358830531392e-87,1.0,1.0,93,0.0,respiratory tract goblet cell,True,False,True,True
20,ENSG00000171476,20.586248,4.020219,1.0384261957542231e-87,5.077878707844612e-87,1.0,1.0,94,0.0,respiratory tract goblet cell,True,False,True,True
20,ENSG00000154080,20.561098,,1.745053582245435e-87,8.51245649875822e-87,1.0,1.0,95,0.0,respiratory tract goblet cell,True,False,True,True
20,ENSG00000232931,20.44099,,1.750801938590634e-86,8.417317012454971e-86,1.0,1.0,96,0.0,respiratory tract goblet cell,True,False,True,True
20,ENSG00000080493,20.430273,,2.2148866939746146e-86,1.0622957764866256e-85,1.0,1.0,97,0.0,respiratory tract goblet cell,True,False,True,True
20,ENSG00000174501,20.349255,,8.770222153984027e-86,4.156503390513757e-85,1.0,1.0,98,0.0,respiratory tract goblet cell,True,False,True,True
20,ENSG00000162949,20.330626,,1.3866119473966263e-85,6.556084857667264e-85,1.0,1.0,99,0.0,respiratory tract goblet cell,True,False,True,True
20,ENSG00000035664,20.229088,4.330778,5.484491555131272e-85,2.587024318458147e-84,1.0,1.0,100,0.0,respiratory tract goblet cell,True,False,True,True
21,ENSG00000111057,17.524168,,1.4998449867313468e-63,1.2656919719251871e-62,1.0,1.0,1,0.0,plasma cell,True,False,True,True
21,ENSG00000135480,16.712404,,2.3546674146243148e-58,1.725031072984846e-57,1.0,1.0,2,0.0,plasma cell,True,False,True,True
21,ENSG00000167644,15.24358,,2.1013792888819135e-49,1.1939655050465418e-48,1.0,1.0,3,0.0,plasma cell,True,False,True,True
21,ENSG00000171345,14.711554,,2.4064033496336503e-46,1.2665280787545528e-45,1.0,1.0,4,0.0,plasma cell,True,False,True,True
21,ENSG00000101443,13.702333,,1.0187409019355202e-40,4.673123403373946e-40,1.0,1.0,5,0.0,plasma cell,True,False,True,True
21,ENSG00000170421,13.662471,,1.7253836659110833e-40,7.87846422790449e-40,1.0,1.0,6,0.0,plasma cell,True,False,True,True
21,ENSG00000189334,12.690432,,2.1804139785261098e-35,8.774301724451145e-35,1.0,1.0,7,0.0,plasma cell,True,False,True,True
21,ENSG00000197956,12.33825,,1.2059193974076597e-33,4.6922933751270806e-33,1.0,1.0,8,0.0,plasma cell,True,False,True,True
21,ENSG00000196754,11.762329,,8.113596535192632e-31,2.846875977260573e-30,1.0,1.0,9,0.0,plasma cell,True,False,True,True
21,ENSG00000124107,10.6151,,1.4119628327096843e-25,4.351195170137702e-25,1.0,1.0,10,0.0,plasma cell,True,False,True,True
21,ENSG00000181649,10.548548,,2.8382696501602015e-25,8.666472214229623e-25,1.0,1.0,11,0.0,plasma cell,True,False,True,True
21,ENSG00000175793,10.540229,,3.077262964166343e-25,9.381899280994949e-25,1.0,1.0,12,0.0,plasma cell,True,False,True,True
21,ENSG00000164265,10.081168,3.7674198,2.803298788309086e-23,8.078670859680363e-23,1.0,1.0,13,0.0,plasma cell,True,False,True,True
21,ENSG00000106541,9.769617,,5.344776009378047e-22,1.4950422403854676e-21,1.0,1.0,14,0.0,plasma cell,True,False,True,True
21,ENSG00000184292,9.583902,,2.9719923986827587e-21,8.187306883423578e-21,1.0,1.0,15,0.0,plasma cell,True,False,True,True
21,ENSG00000169715,9.522084,,5.3032008408247785e-21,1.443047847843477e-20,1.0,1.0,16,0.0,plasma cell,True,False,True,True
21,ENSG00000148671,9.202995,,9.353665003800528e-20,2.4614907904738233e-19,1.0,1.0,17,0.0,plasma cell,True,False,True,True
21,ENSG00000130513,9.1253,,1.8777858235198976e-19,4.883708253627822e-19,1.0,1.0,18,0.0,plasma cell,True,False,True,True
21,ENSG00000148346,9.066957,,3.129971314535081e-19,8.087781174509253e-19,1.0,1.0,19,0.0,plasma cell,True,False,True,True
21,ENSG00000161055,9.051559,,3.578492926984203e-19,9.234820456733426e-19,1.0,1.0,20,0.0,plasma cell,True,False,True,True
21,ENSG00000167996,8.969853,,7.076211082899853e-19,1.8074613238569226e-18,1.0,1.0,21,0.0,plasma cell,True,False,True,True
21,ENSG00000189143,8.500111,,3.928220413837593e-17,9.569355453928363e-17,1.0,1.0,22,0.0,plasma cell,True,False,True,True
21,ENSG00000242265,8.463753,,5.35981392995068e-17,1.296206512684566e-16,1.0,1.0,23,0.0,plasma cell,True,False,True,True
21,ENSG00000162366,8.427124,,7.238319195649041e-17,1.7441733001563956e-16,1.0,1.0,24,0.0,plasma cell,True,False,True,True
21,ENSG00000128422,8.131761,,7.813683146758993e-16,1.823496650352157e-15,1.0,1.0,25,0.0,plasma cell,True,False,True,True
21,ENSG00000196260,7.9384527,3.9464285,3.5785736316887605e-15,8.179596872431452e-15,1.0,1.0,26,0.0,plasma cell,True,False,True,True
21,ENSG00000189377,7.852199,,6.972498106579363e-15,1.577488259407096e-14,1.0,1.0,27,0.0,plasma cell,True,False,True,True
21,ENSG00000148677,7.7148256,,2.0104050527108025e-14,4.477516821182189e-14,1.0,1.0,28,0.0,plasma cell,True,False,True,True
21,ENSG00000280441,7.483569,,1.1261361371572413e-13,2.456131160648291e-13,1.0,1.0,29,0.0,plasma cell,True,False,True,True
21,ENSG00000163993,7.4225607,,1.7681799795664518e-13,3.823091847711247e-13,1.0,1.0,30,0.0,plasma cell,True,False,True,True
21,ENSG00000269028,7.151332,,1.2470310742819442e-12,2.642014987885475e-12,1.0,1.0,31,0.0,plasma cell,True,False,True,True
21,ENSG00000231079,7.1469584,,1.2858395018575383e-12,2.7213534430847372e-12,1.0,1.0,32,0.0,plasma cell,True,False,True,True
21,ENSG00000187134,7.0355587,,2.8228455330967505e-12,5.887060548689782e-12,1.0,1.0,33,0.0,plasma cell,True,False,True,True
21,ENSG00000282885,7.02704,,2.9986091426663627e-12,6.2341146417180095e-12,1.0,1.0,34,0.0,plasma cell,True,False,True,True
21,ENSG00000164266,7.0185137,,3.1871893064367757e-12,6.6192924328905e-12,1.0,1.0,35,0.0,plasma cell,True,False,True,True
21,ENSG00000162896,6.948788,,5.136971352379358e-12,1.06465727510453e-11,1.0,1.0,36,0.0,plasma cell,True,False,True,True
21,ENSG00000256618,6.7457275,,2.0575307533745502e-11,4.1692619115998995e-11,1.0,1.0,37,0.0,plasma cell,True,False,True,True
21,ENSG00000206172,6.563866,,6.887569665758634e-11,1.3830461176222156e-10,1.0,1.0,38,0.0,plasma cell,True,False,True,True
21,ENSG00000089356,6.551815,,7.396416602767626e-11,1.482247816185897e-10,1.0,1.0,39,0.0,plasma cell,True,False,True,True
21,ENSG00000267795,6.517609,,9.254300861630012e-11,1.8434862274163373e-10,1.0,1.0,40,0.0,plasma cell,True,False,True,True
21,ENSG00000110195,6.467859,4.5239477,1.279711481698561e-10,2.546689515818032e-10,1.0,1.0,41,0.0,plasma cell,True,False,True,True
21,ENSG00000086548,6.40988,,1.857168936377843e-10,3.677562250253154e-10,1.0,1.0,42,0.0,plasma cell,True,False,True,True
21,ENSG00000125144,6.399763,,1.9879932830646646e-10,3.9288404803649495e-10,1.0,1.0,43,0.0,plasma cell,True,False,True,True
21,ENSG00000222031,6.235153,,5.635907184105023e-10,1.0986173848157938e-09,1.0,1.0,44,0.0,plasma cell,True,False,True,True
21,ENSG00000176153,6.1393304,,1.0214176806546375e-09,1.9604945885885558e-09,1.0,1.0,45,0.0,plasma cell,True,False,True,True
21,ENSG00000188536,6.134471,,1.0536881682848284e-09,2.018074114791857e-09,1.0,1.0,46,0.0,plasma cell,True,False,True,True
21,ENSG00000187193,5.921989,,3.800369102707034e-09,7.157003959900252e-09,1.0,1.0,47,0.0,plasma cell,True,False,True,True
21,ENSG00000057149,5.89246,,4.53435410263421e-09,8.523221997432725e-09,1.0,1.0,48,0.0,plasma cell,True,False,True,True
21,ENSG00000233926,5.8735824,,5.0844434263557736e-09,9.548250565926335e-09,1.0,1.0,49,0.0,plasma cell,True,False,True,True
21,ENSG00000255823,5.8413568,,6.140211447999561e-09,1.1509299808808923e-08,1.0,1.0,50,0.0,plasma cell,True,False,True,True
21,ENSG00000087086,5.837521,,6.246019449169005e-09,1.1674802708727111e-08,1.0,1.0,51,0.0,plasma cell,True,False,True,True
21,ENSG00000228716,5.811704,,7.302180355008199e-09,1.3636191139137627e-08,1.0,1.0,52,0.0,plasma cell,True,False,True,True
21,ENSG00000244734,5.7827826,,8.679611397359602e-09,1.6133106686542012e-08,1.0,1.0,53,0.0,plasma cell,True,False,True,True
21,ENSG00000149021,5.760607,,9.843073537456357e-09,1.826173198043851e-08,1.0,1.0,54,0.0,plasma cell,True,False,True,True
21,ENSG00000154277,5.6007533,-1.7706592,2.471408902028249e-08,4.538859324202477e-08,1.0,1.0,55,0.0,plasma cell,True,False,True,True
21,ENSG00000107984,5.4551167,,5.5831637320735246e-08,1.0114427050857834e-07,1.0,1.0,56,0.0,plasma cell,True,False,True,True
21,ENSG00000160862,5.425355,,6.580676570695132e-08,1.1899957632360095e-07,1.0,1.0,57,0.0,plasma cell,True,False,True,True
21,ENSG00000124766,5.1754236,-4.9574943,2.527940802306165e-07,4.450600004060149e-07,1.0,1.0,58,0.0,plasma cell,True,False,True,True
21,ENSG00000116717,5.03595,,5.235390397287112e-07,9.144786720152162e-07,1.0,1.0,59,0.0,plasma cell,True,False,True,True
21,ENSG00000287001,5.0131807,,5.889083597234943e-07,1.025079825454298e-06,1.0,1.0,60,0.0,plasma cell,True,False,True,True
21,ENSG00000095596,4.9337096,,8.826254440340126e-07,1.5323358403368274e-06,1.0,1.0,61,0.0,plasma cell,True,False,True,True
21,ENSG00000151632,4.919521,,9.473481905825559e-07,1.640429767242521e-06,1.0,1.0,62,0.0,plasma cell,True,False,True,True
21,ENSG00000171476,4.8341765,1.7944351,1.4502222291298656e-06,2.4853851398969418e-06,1.0,1.0,63,0.0,plasma cell,True,False,True,True
21,ENSG00000233290,4.767875,,2.0142949831030166e-06,3.434433048768997e-06,1.0,1.0,64,0.0,plasma cell,True,False,True,True
21,ENSG00000161798,4.6598735,,3.3980593886145933e-06,5.7545459587037994e-06,1.0,1.0,65,0.0,plasma cell,True,False,True,True
21,ENSG00000114315,4.5096946,,6.91146654192993e-06,1.1557636357742357e-05,1.0,1.0,66,0.0,plasma cell,True,False,True,True
21,ENSG00000171401,4.495434,,7.388129437226166e-06,1.2334105905218976e-05,1.0,1.0,67,0.0,plasma cell,True,False,True,True
21,ENSG00000125148,4.4483914,3.7400835,9.17626920165975e-06,1.5242972095780317e-05,1.0,1.0,68,0.0,plasma cell,True,False,True,True
21,ENSG00000165272,4.432502,,9.877323742340235e-06,1.636673362442458e-05,1.0,1.0,69,0.0,plasma cell,True,False,True,True
21,ENSG00000065054,4.3076577,,1.7387860165548006e-05,2.855149452470937e-05,1.0,1.0,70,0.0,plasma cell,True,False,True,True
21,ENSG00000158578,4.3040805,,1.7697882111481062e-05,2.9036722086105107e-05,1.0,1.0,71,0.0,plasma cell,True,False,True,True
21,ENSG00000205358,4.2683187,,2.0737414855519324e-05,3.3967919501260155e-05,1.0,1.0,72,0.0,plasma cell,True,False,True,True
21,ENSG00000143320,4.2669187,,2.0861448537994885e-05,3.411520611282892e-05,1.0,1.0,73,0.0,plasma cell,True,False,True,True
21,ENSG00000273149,4.2537,,2.2118000660694712e-05,3.614052395538352e-05,1.0,1.0,74,0.0,plasma cell,True,False,True,True
21,ENSG00000255829,4.22358,,2.5270388534583698e-05,4.1190527358734633e-05,1.0,1.0,75,0.0,plasma cell,True,False,True,True
21,ENSG00000187837,4.2174416,,2.594140222977098e-05,4.2249840765099314e-05,1.0,1.0,76,0.0,plasma cell,True,False,True,True
21,ENSG00000278996,4.204005,,2.7526339668090784e-05,4.475827588307445e-05,1.0,1.0,77,0.0,plasma cell,True,False,True,True
21,ENSG00000169877,4.203961,,2.755528620971742e-05,4.4768945913432044e-05,1.0,1.0,78,0.0,plasma cell,True,False,True,True
21,ENSG00000137440,4.1943517,,2.869371020475291e-05,4.649738411081999e-05,1.0,1.0,79,0.0,plasma cell,True,False,True,True
21,ENSG00000133710,4.1943183,,2.8712134688431346e-05,4.649738411081999e-05,1.0,1.0,80,0.0,plasma cell,True,False,True,True
21,ENSG00000181350,4.1579304,,3.3646972010811645e-05,5.4225579388898705e-05,1.0,1.0,81,0.0,plasma cell,True,False,True,True
21,ENSG00000117525,4.1080713,,4.1683229123515104e-05,6.69610106401849e-05,1.0,1.0,82,0.0,plasma cell,True,False,True,True
21,ENSG00000131400,4.043455,1.6092453,5.487814221847085e-05,8.780502754955335e-05,1.0,1.0,83,0.0,plasma cell,True,False,True,True
21,ENSG00000233041,4.023879,,5.968487954118995e-05,9.528930051029406e-05,1.0,1.0,84,0.0,plasma cell,True,False,True,True
21,ENSG00000163435,3.9287548,,8.859491749051065e-05,0.00014073855042178024,1.0,1.0,85,0.0,plasma cell,True,False,True,True
21,ENSG00000167755,3.917753,-4.9278502,9.280996207034402e-05,0.0001472005742590706,1.0,1.0,86,0.0,plasma cell,True,False,True,True
21,ENSG00000130600,3.8876266,,0.0001049558715350653,0.0001660694169858628,1.0,1.0,87,0.0,plasma cell,True,False,True,True
21,ENSG00000196611,3.8694997,,0.00011296182284233106,0.00017859576733965385,1.0,1.0,88,0.0,plasma cell,True,False,True,True
21,ENSG00000069482,3.8297968,-3.4839919,0.00013273578435913044,0.00020952767854637798,1.0,1.0,89,0.0,plasma cell,True,False,True,True
21,ENSG00000160182,3.823712,,0.0001360453667574228,0.00021458259740918421,1.0,1.0,90,0.0,plasma cell,True,False,True,True
21,ENSG00000178776,3.7978878,,0.00015087945755967602,0.00023704549498770782,1.0,1.0,91,0.0,plasma cell,True,False,True,True
21,ENSG00000206177,3.7927618,,0.00015404380470574892,0.00024182700895721964,1.0,1.0,92,0.0,plasma cell,True,False,True,True
21,ENSG00000272398,3.7821293,-5.3040957,0.00016053864256425666,0.0002516279664016562,1.0,1.0,93,0.0,plasma cell,True,False,True,True
21,ENSG00000198417,3.7637334,,0.0001728221783793128,0.00027024578323582923,1.0,1.0,94,0.0,plasma cell,True,False,True,True
21,ENSG00000160180,3.760908,,0.00017473977127516345,0.0002730308926174429,1.0,1.0,95,0.0,plasma cell,True,False,True,True
21,ENSG00000253998,3.756616,,0.00017787220886214896,0.0002777083666856346,1.0,1.0,96,0.0,plasma cell,True,False,True,True
21,ENSG00000125999,3.6207333,-2.2914145,0.0003018405398334578,0.00046616299588178817,1.0,1.0,97,0.0,plasma cell,True,False,True,True
21,ENSG00000175197,3.6106315,,0.00031387359683876493,0.00048437283462772365,1.0,1.0,98,0.0,plasma cell,True,False,True,True
21,ENSG00000108551,3.5821717,,0.0003498957507343598,0.0005387155515540567,1.0,1.0,99,0.0,plasma cell,True,False,True,True
21,ENSG00000151012,3.5772133,,0.0003564595138860107,0.0005479777308009388,1.0,1.0,100,0.0,plasma cell,True,False,True,True
23,ENSG00000171345,68.733604,,0.0,0.0,1.0,1.0,1,0.0,basal cell,True,False,True,True
23,ENSG00000197956,47.676853,,5.776463978812122e-231,9.547874345144004e-230,1.0,1.0,2,0.0,basal cell,True,False,True,True
23,ENSG00000184292,47.248436,,5.0235953818548214e-225,7.728608279776648e-224,1.0,1.0,3,0.0,basal cell,True,False,True,True
23,ENSG00000167644,45.968212,,1.3164771910668287e-218,1.979664948972675e-217,1.0,1.0,4,0.0,basal cell,True,False,True,True
23,ENSG00000111057,41.600357,,1.0662744074159861e-195,1.3083121563386333e-194,1.0,1.0,5,0.0,basal cell,True,False,True,True
23,ENSG00000170421,41.096138,,6.473336836442352e-193,7.706353376717086e-192,1.0,1.0,6,0.0,basal cell,True,False,True,True
23,ENSG00000135480,40.17027,,1.52815495027651e-187,1.7464628003160116e-186,1.0,1.0,7,0.0,basal cell,True,False,True,True
23,ENSG00000189143,38.661568,,3.4112171301536384e-179,3.667975408767353e-178,1.0,1.0,8,0.0,basal cell,True,False,True,True
23,ENSG00000189334,32.289326,,7.0247482621278135e-143,5.734488377247195e-142,1.0,1.0,9,0.0,basal cell,True,False,True,True
23,ENSG00000089356,32.200478,,1.1279656067181433e-142,9.170452087139377e-142,1.0,1.0,10,0.0,basal cell,True,False,True,True
23,ENSG00000101443,31.535597,,8.200545186107883e-139,6.508369195323716e-138,1.0,1.0,11,0.0,basal cell,True,False,True,True
23,ENSG00000163435,31.381498,,6.312629170788366e-138,4.931741539678411e-137,1.0,1.0,12,0.0,basal cell,True,False,True,True
23,ENSG00000106541,30.299988,,1.69849965358592e-131,1.2675370549148657e-130,1.0,1.0,13,0.0,basal cell,True,False,True,True
23,ENSG00000272398,30.247164,,3.7358431099348005e-131,2.777578520397621e-130,1.0,1.0,14,0.0,basal cell,True,False,True,True
23,ENSG00000117525,29.571712,,3.8301225598209234e-127,2.7260658788761023e-126,1.0,1.0,15,0.0,basal cell,True,False,True,True
23,ENSG00000196754,29.52944,,7.3472333940533355e-127,5.210803825569741e-126,1.0,1.0,16,0.0,basal cell,True,False,True,True
23,ENSG00000124107,28.94396,,1.0906023922447701e-123,7.600016670695261e-123,1.0,1.0,17,0.0,basal cell,True,False,True,True
23,ENSG00000181649,28.664518,,8.701434812345682e-122,5.959886857771015e-121,1.0,1.0,18,0.0,basal cell,True,False,True,True
23,ENSG00000148346,28.065237,,2.947481917008864e-118,1.9781757832274257e-117,1.0,1.0,19,0.0,basal cell,True,False,True,True
23,ENSG00000013588,27.77345,,6.579457217447045e-117,4.3572564353953943e-116,1.0,1.0,20,0.0,basal cell,True,False,True,True
23,ENSG00000128422,27.741386,,2.546613979852664e-116,1.6482938380923392e-115,1.0,1.0,21,0.0,basal cell,True,False,True,True
23,ENSG00000124766,27.598364,,1.1052118358072486e-115,7.10747161290835e-115,1.0,1.0,22,0.0,basal cell,True,False,True,True
23,ENSG00000175793,27.205406,,3.184341658829418e-113,2.00273060303737e-112,1.0,1.0,23,0.0,basal cell,True,False,True,True
23,ENSG00000227036,25.93134,,7.639822470174054e-106,4.507269893907996e-105,1.0,1.0,24,0.0,basal cell,True,False,True,True
23,ENSG00000189377,25.886984,,1.4487316540754524e-105,8.496959847949866e-105,1.0,1.0,25,0.0,basal cell,True,False,True,True
23,ENSG00000163993,25.328505,,4.774892351465887e-102,2.7207363826016452e-101,1.0,1.0,26,0.0,basal cell,True,False,True,True
23,ENSG00000117472,25.174604,,1.5561722907664813e-101,8.841888015718643e-101,1.0,1.0,27,0.0,basal cell,True,False,True,True
23,ENSG00000130066,24.89727,6.203337,2.2073606094217176e-100,1.2366165879113264e-99,1.0,1.0,28,0.0,basal cell,True,False,True,True
23,ENSG00000136153,24.733082,5.675075,4.4873648181429225e-99,2.4723773102715828e-98,1.0,1.0,29,0.0,basal cell,True,False,True,True
23,ENSG00000145113,23.607334,,3.842342731861445e-92,2.0383781070882996e-91,1.0,1.0,30,0.0,basal cell,True,False,True,True
23,ENSG00000125968,23.530312,,8.903833477025498e-92,4.711023003717195e-91,1.0,1.0,31,0.0,basal cell,True,False,True,True
23,ENSG00000169908,23.418482,,4.398403920516193e-91,2.3028292777571694e-90,1.0,1.0,32,0.0,basal cell,True,False,True,True
23,ENSG00000115963,23.221998,,5.1992214418803846e-90,2.6800110525156623e-89,1.0,1.0,33,0.0,basal cell,True,False,True,True
23,ENSG00000185499,23.036272,,5.520118793777931e-89,2.816387139682618e-88,1.0,1.0,34,0.0,basal cell,True,False,True,True
23,ENSG00000198938,23.010199,,1.8636140817697992e-89,9.53255284792736e-89,1.0,1.0,35,0.0,basal cell,True,False,True,True
23,ENSG00000184254,22.870356,,9.861374798346891e-88,4.91839142062189e-87,1.0,1.0,36,0.0,basal cell,True,False,True,True
23,ENSG00000166920,22.557205,,6.306618652884577e-86,3.091479731806165e-85,1.0,1.0,37,0.0,basal cell,True,False,True,True
23,ENSG00000165272,21.962984,,1.4857739229204662e-82,7.160356255038392e-82,1.0,1.0,38,0.0,basal cell,True,False,True,True
23,ENSG00000198727,21.410192,,5.501466257577771e-80,2.59503125357442e-79,1.0,1.0,39,0.0,basal cell,True,False,True,True
23,ENSG00000114315,21.387827,,2.7070911287852705e-79,1.2591121529233816e-78,1.0,1.0,40,0.0,basal cell,True,False,True,True
23,ENSG00000086548,21.170631,,5.76366702654436e-78,2.649961851284763e-77,1.0,1.0,41,0.0,basal cell,True,False,True,True
23,ENSG00000121552,21.059883,,2.5653293416678025e-77,1.166058791667183e-76,1.0,1.0,42,0.0,basal cell,True,False,True,True
23,ENSG00000135046,20.76091,5.6139936,8.094371595410482e-76,3.629763047269274e-75,1.0,1.0,43,0.0,basal cell,True,False,True,True
23,ENSG00000146674,20.488981,,4.448730756323129e-74,1.9469281209291592e-73,1.0,1.0,44,0.0,basal cell,True,False,True,True
23,ENSG00000183742,20.331066,,2.7406418677664987e-73,1.1941794630790843e-72,1.0,1.0,45,0.0,basal cell,True,False,True,True
23,ENSG00000148671,20.314632,,3.688597715874581e-73,1.6037381373367743e-72,1.0,1.0,46,0.0,basal cell,True,False,True,True
23,ENSG00000130513,19.970768,,3.779607120731443e-71,1.6152167182613005e-70,1.0,1.0,47,0.0,basal cell,True,False,True,True
23,ENSG00000198886,19.74879,,1.6460790330441834e-70,6.960165044584285e-70,1.0,1.0,48,0.0,basal cell,True,False,True,True
23,ENSG00000205420,19.745872,,7.265566713501947e-70,3.0656399635029313e-69,1.0,1.0,49,0.0,basal cell,True,False,True,True
23,ENSG00000108244,19.64613,,2.6575672302834326e-69,1.1096314113918299e-68,1.0,1.0,50,0.0,basal cell,True,False,True,True
23,ENSG00000057149,19.566404,,7.136566698360203e-69,2.967387400565573e-68,1.0,1.0,51,0.0,basal cell,True,False,True,True
23,ENSG00000137440,19.451887,,3.132952910435057e-68,1.2866336387823642e-67,1.0,1.0,52,0.0,basal cell,True,False,True,True
23,ENSG00000114638,19.145493,,1.6568528950105854e-66,6.680858447623328e-66,1.0,1.0,53,0.0,basal cell,True,False,True,True
23,ENSG00000105388,19.00218,,1.0419461287259713e-65,4.167784514903885e-65,1.0,1.0,54,0.0,basal cell,True,False,True,True
23,ENSG00000163220,18.81764,,9.462517160174994e-65,3.681913291896885e-64,1.0,1.0,55,0.0,basal cell,True,False,True,True
23,ENSG00000164171,18.782381,,1.2457592412860769e-64,4.8378999661595224e-64,1.0,1.0,56,0.0,basal cell,True,False,True,True
23,ENSG00000230937,18.698446,,3.659836014462169e-64,1.4103414313919727e-63,1.0,1.0,57,0.0,basal cell,True,False,True,True
23,ENSG00000116717,18.618328,,1.0766905475686166e-63,4.125251140109642e-63,1.0,1.0,58,0.0,basal cell,True,False,True,True
23,ENSG00000116285,18.411196,,1.3749358138671346e-62,5.188437033460886e-62,1.0,1.0,59,0.0,basal cell,True,False,True,True
23,ENSG00000171346,18.25306,,1.210038762675707e-61,4.489939750188152e-61,1.0,1.0,60,0.0,basal cell,True,False,True,True
23,ENSG00000268104,18.085571,,9.632672144345905e-61,3.53492555755813e-60,1.0,1.0,61,0.0,basal cell,True,False,True,True
23,ENSG00000143320,17.911592,,9.543380833859925e-60,3.451493972462903e-59,1.0,1.0,62,0.0,basal cell,True,False,True,True
23,ENSG00000198899,17.8559,,8.4619582351881e-60,3.0714911924457716e-59,1.0,1.0,63,0.0,basal cell,True,False,True,True
23,ENSG00000171401,17.79105,,4.447326649824967e-59,1.5997577877068226e-58,1.0,1.0,64,0.0,basal cell,True,False,True,True
23,ENSG00000163082,17.506466,,1.0909136561089416e-57,3.8684881422302895e-57,1.0,1.0,65,0.0,basal cell,True,False,True,True
23,ENSG00000169469,17.344309,,1.1326917431905344e-56,3.9604606405263438e-56,1.0,1.0,66,0.0,basal cell,True,False,True,True
23,ENSG00000267795,16.903605,,2.043205737624966e-54,6.985318761110994e-54,1.0,1.0,67,0.0,basal cell,True,False,True,True
23,ENSG00000170477,16.826395,,6.354577111572687e-54,2.1687976490009174e-53,1.0,1.0,68,0.0,basal cell,True,False,True,True
23,ENSG00000105855,16.55299,,1.5006916941842885e-52,5.027442861588907e-52,1.0,1.0,69,0.0,basal cell,True,False,True,True
23,ENSG00000151632,16.353052,,1.8099478912047062e-51,6.013115917623609e-51,1.0,1.0,70,0.0,basal cell,True,False,True,True
23,ENSG00000171889,16.141293,,2.106799409448331e-50,6.862538792991307e-50,1.0,1.0,71,0.0,basal cell,True,False,True,True
23,ENSG00000187193,15.759882,,1.9725342861014548e-48,6.352767427057825e-48,1.0,1.0,72,0.0,basal cell,True,False,True,True
23,ENSG00000117984,15.688795,3.0116456,2.194639063404326e-48,7.056717245673074e-48,1.0,1.0,73,0.0,basal cell,True,False,True,True
23,ENSG00000115457,15.632254,,8.605501701136724e-48,2.758173622159206e-47,1.0,1.0,74,0.0,basal cell,True,False,True,True
23,ENSG00000122861,15.62508,,1.0348312436715692e-47,3.3114599797490213e-47,1.0,1.0,75,0.0,basal cell,True,False,True,True
23,ENSG00000133710,15.463688,,7.222938649072589e-47,2.2857400788204396e-46,1.0,1.0,76,0.0,basal cell,True,False,True,True
23,ENSG00000065054,15.313163,,3.3494084989868223e-46,1.048328168696971e-45,1.0,1.0,77,0.0,basal cell,True,False,True,True
23,ENSG00000041353,15.169302,,1.932820575249183e-45,5.974715843119576e-45,1.0,1.0,78,0.0,basal cell,True,False,True,True
23,ENSG00000186081,15.108468,,4.2761304002224574e-45,1.315732430837679e-44,1.0,1.0,79,0.0,basal cell,True,False,True,True
23,ENSG00000137331,15.090634,,4.051433158338267e-45,1.2485156111982332e-44,1.0,1.0,80,0.0,basal cell,True,False,True,True
23,ENSG00000058085,15.078099,,5.904853532647475e-45,1.81130476461579e-44,1.0,1.0,81,0.0,basal cell,True,False,True,True
23,ENSG00000120549,15.007997,,1.0175660794040696e-44,3.1023356079392365e-44,1.0,1.0,82,0.0,basal cell,True,False,True,True
23,ENSG00000173432,14.981313,,1.8109439680382024e-44,5.487708994055158e-44,1.0,1.0,83,0.0,basal cell,True,False,True,True
23,ENSG00000137501,14.879103,,5.373182054555601e-44,1.6233178412554684e-43,1.0,1.0,84,0.0,basal cell,True,False,True,True
23,ENSG00000181143,14.873966,,5.926585769105082e-44,1.7878086784630716e-43,1.0,1.0,85,0.0,basal cell,True,False,True,True
23,ENSG00000136689,14.862233,6.995307,6.922269386596294e-44,2.081885529803397e-43,1.0,1.0,86,0.0,basal cell,True,False,True,True
23,ENSG00000162366,14.840615,,9.69386179510236e-44,2.9023538308689696e-43,1.0,1.0,87,0.0,basal cell,True,False,True,True
23,ENSG00000075673,14.760044,,2.4342711401752543e-43,7.255651684576019e-43,1.0,1.0,88,0.0,basal cell,True,False,True,True
23,ENSG00000134827,14.6992445,,4.9545505889465476e-43,1.465843369510813e-42,1.0,1.0,89,0.0,basal cell,True,False,True,True
23,ENSG00000198840,14.537801,,2.0634382470442012e-42,6.024637217647302e-42,1.0,1.0,90,0.0,basal cell,True,False,True,True
23,ENSG00000121858,14.490476,,4.482735902174096e-42,1.3031209017947954e-41,1.0,1.0,91,0.0,basal cell,True,False,True,True
23,ENSG00000167996,14.462815,,3.641029519465725e-42,1.0615246412436517e-41,1.0,1.0,92,0.0,basal cell,True,False,True,True
23,ENSG00000161798,14.339442,,2.8487657551436717e-41,8.221546190890827e-41,1.0,1.0,93,0.0,basal cell,True,False,True,True
23,ENSG00000136155,14.326247,5.1262217,3.108273963166908e-41,8.957561853506939e-41,1.0,1.0,94,0.0,basal cell,True,False,True,True
23,ENSG00000167653,14.297621,,4.5070615730241643e-41,1.2914216541616517e-40,1.0,1.0,95,0.0,basal cell,True,False,True,True
23,ENSG00000163209,14.23517,,9.49670828968553e-41,2.7133452256244374e-40,1.0,1.0,96,0.0,basal cell,True,False,True,True
23,ENSG00000141682,14.177079,,1.5363509031277706e-40,4.358442278376654e-40,1.0,1.0,97,0.0,basal cell,True,False,True,True
23,ENSG00000182463,14.073234,,4.910596688674306e-40,1.3891362627084319e-39,1.0,1.0,98,0.0,basal cell,True,False,True,True
23,ENSG00000129451,14.053282,,7.009096913523437e-40,1.9743934967671653e-39,1.0,1.0,99,0.0,basal cell,True,False,True,True
23,ENSG00000167656,13.625876,,7.90167244363787e-38,2.1827824429938867e-37,1.0,1.0,100,0.0,basal cell,True,False,True,True
24,ENSG00000204287,79.20197,6.0080857,0.0,0.0,1.0,1.0,1,0.0,macrophage,True,False,True,True
24,ENSG00000019582,70.645035,5.400366,0.0,0.0,1.0,1.0,2,0.0,macrophage,True,False,True,True
24,ENSG00000196126,69.37426,5.83226,0.0,0.0,1.0,1.0,3,0.0,macrophage,True,False,True,True
24,ENSG00000223865,67.193016,7.1803775,0.0,0.0,1.0,1.0,4,0.0,macrophage,True,False,True,True
24,ENSG00000231389,65.23629,6.781372,0.0,0.0,1.0,1.0,5,0.0,macrophage,True,False,True,True
24,ENSG00000011600,61.153965,5.2255435,0.0,0.0,1.0,1.0,6,0.0,macrophage,True,False,True,True
24,ENSG00000179344,56.782585,6.9880004,0.0,0.0,1.0,1.0,7,0.0,macrophage,True,False,True,True
24,ENSG00000196735,56.310425,7.573505,0.0,0.0,1.0,1.0,8,0.0,macrophage,True,False,True,True
24,ENSG00000122862,53.48058,4.239345,0.0,0.0,1.0,1.0,9,0.0,macrophage,True,False,True,True
24,ENSG00000204472,50.274742,6.866491,0.0,0.0,1.0,1.0,10,0.0,macrophage,True,False,True,True
24,ENSG00000101439,50.268715,,0.0,0.0,1.0,1.0,11,0.0,macrophage,True,False,True,True
24,ENSG00000158869,49.496544,5.19385,0.0,0.0,1.0,1.0,12,0.0,macrophage,True,False,True,True
24,ENSG00000216490,48.894096,5.2211757,0.0,0.0,1.0,1.0,13,0.0,macrophage,True,False,True,True
24,ENSG00000090382,46.10666,5.6286,1.6612558548480278e-307,1.3237098445004204e-306,1.0,1.0,14,0.0,macrophage,True,False,True,True
24,ENSG00000026025,44.827026,5.5487437,2.5172430546789537e-300,1.928921880980041e-299,1.0,1.0,15,0.0,macrophage,True,False,True,True
24,ENSG00000110077,44.086586,9.366646,5.678023123368531e-287,4.084908721847864e-286,1.0,1.0,16,0.0,macrophage,True,False,True,True
24,ENSG00000204482,42.178543,6.4900193,9.259115719113932e-271,6.1116275373689314e-270,1.0,1.0,17,0.0,macrophage,True,False,True,True
24,ENSG00000169508,40.03738,10.90448,4.302320283124272e-250,2.6889501769526705e-249,1.0,1.0,18,0.0,macrophage,True,False,True,True
24,ENSG00000114013,38.791904,7.612155,9.792969200565e-239,5.777562950185841e-238,1.0,1.0,19,0.0,macrophage,True,False,True,True
24,ENSG00000112149,38.25064,5.655278,1.1385023918153442e-234,6.65790872406634e-234,1.0,1.0,20,0.0,macrophage,True,False,True,True
24,ENSG00000100097,37.971207,,5.153902170576446e-234,2.987769374247215e-233,1.0,1.0,21,0.0,macrophage,True,False,True,True
24,ENSG00000167996,37.61899,,2.1482264212546094e-233,1.2381708479853658e-232,1.0,1.0,22,0.0,macrophage,True,False,True,True
24,ENSG00000198223,37.602478,8.937994,8.740702412560235e-228,4.896752051854473e-227,1.0,1.0,23,0.0,macrophage,True,False,True,True
24,ENSG00000183023,36.967834,4.886722,4.353072177359381e-223,2.3530119877618275e-222,1.0,1.0,24,0.0,macrophage,True,False,True,True
24,ENSG00000198502,36.898956,5.7923255,3.41665350079055e-222,1.8369104842959943e-221,1.0,1.0,25,0.0,macrophage,True,False,True,True
24,ENSG00000163563,33.181705,6.529482,2.0465906711595138e-188,9.496940469417698e-188,1.0,1.0,26,0.0,macrophage,True,False,True,True
24,ENSG00000196154,32.86899,5.501753,3.110752825636708e-187,1.436837332857602e-186,1.0,1.0,27,0.0,macrophage,True,False,True,True
24,ENSG00000090104,32.535213,5.523676,8.902247245060043e-183,4.0464760204818375e-182,1.0,1.0,28,0.0,macrophage,True,False,True,True
24,ENSG00000140749,32.46042,6.7048655,6.195018021221552e-182,2.7968478651113103e-181,1.0,1.0,29,0.0,macrophage,True,False,True,True
24,ENSG00000011422,32.16287,5.708818,7.982980357796666e-180,3.5479912701318516e-179,1.0,1.0,30,0.0,macrophage,True,False,True,True
24,ENSG00000087086,32.152164,,3.5538481165493795e-182,1.6080760708368233e-181,1.0,1.0,31,0.0,macrophage,True,False,True,True
24,ENSG00000120594,31.635265,3.465249,4.9463336180491596e-176,2.174212579362268e-175,1.0,1.0,32,0.0,macrophage,True,False,True,True
24,ENSG00000143226,30.996895,5.3588,2.7014906992001643e-169,1.1745611735652888e-168,1.0,1.0,33,0.0,macrophage,True,False,True,True
24,ENSG00000116741,30.5263,5.711364,4.1208042775568756e-165,1.746103507439354e-164,1.0,1.0,34,0.0,macrophage,True,False,True,True
24,ENSG00000118515,30.142315,5.786277,7.552889253081937e-162,3.1668298755060532e-161,1.0,1.0,35,0.0,macrophage,True,False,True,True
24,ENSG00000130066,30.105383,7.366264,8.693304982229897e-163,3.652649152197436e-162,1.0,1.0,36,0.0,macrophage,True,False,True,True
24,ENSG00000115956,28.088799,6.538504,3.0570953340546654e-144,1.1780714196742448e-143,1.0,1.0,37,0.0,macrophage,True,False,True,True
24,ENSG00000081237,27.772987,3.2742586,6.812569977679309e-143,2.6101800680763634e-142,1.0,1.0,38,0.0,macrophage,True,False,True,True
24,ENSG00000165168,26.399353,4.3514433,3.3642671492731682e-130,1.210168039306895e-129,1.0,1.0,39,0.0,macrophage,True,False,True,True
24,ENSG00000155307,26.253363,3.5610704,2.9727176745165905e-129,1.0616848837559253e-128,1.0,1.0,40,0.0,macrophage,True,False,True,True
24,ENSG00000115919,25.993444,5.15745,6.917831395945669e-127,2.4358561253329822e-126,1.0,1.0,41,0.0,macrophage,True,False,True,True
24,ENSG00000170542,25.592382,5.6435046,2.3115752828587847e-123,8.04026185342186e-123,1.0,1.0,42,0.0,macrophage,True,False,True,True
24,ENSG00000129226,25.503462,3.7992723,3.9502722128831094e-123,1.3692451344482183e-122,1.0,1.0,43,0.0,macrophage,True,False,True,True
24,ENSG00000101336,25.499578,4.3530693,7.023576182132855e-123,2.4261057623947686e-122,1.0,1.0,44,0.0,macrophage,True,False,True,True
24,ENSG00000119508,24.910788,5.4477305,8.878297483305298e-118,3.009592367222135e-117,1.0,1.0,45,0.0,macrophage,True,False,True,True
24,ENSG00000173391,24.87237,4.1664467,1.3142809217962325e-117,4.43265066373097e-117,1.0,1.0,46,0.0,macrophage,True,False,True,True
24,ENSG00000105835,24.804321,3.244921,1.704892312870225e-117,5.740378157812205e-117,1.0,1.0,47,0.0,macrophage,True,False,True,True
24,ENSG00000170345,24.605455,3.7364044,7.730552981163284e-116,2.5811529152465053e-115,1.0,1.0,48,0.0,macrophage,True,False,True,True
24,ENSG00000169554,24.588726,2.8448913,8.310826805343847e-116,2.7702756017812825e-115,1.0,1.0,49,0.0,macrophage,True,False,True,True
24,ENSG00000173372,23.939295,3.7870052,2.957143818269678e-110,9.523812619226016e-110,1.0,1.0,50,0.0,macrophage,True,False,True,True
24,ENSG00000123416,23.937822,,2.7054650652517004e-110,8.72730666210226e-110,1.0,1.0,51,0.0,macrophage,True,False,True,True
24,ENSG00000168675,23.905127,3.5482256,3.859071739089663e-110,1.2408590800931393e-109,1.0,1.0,52,0.0,macrophage,True,False,True,True
24,ENSG00000166920,23.878014,,1.4837912156550021e-109,4.748131890096007e-109,1.0,1.0,53,0.0,macrophage,True,False,True,True
24,ENSG00000170458,23.707157,5.1476297,2.889941320674555e-108,9.203634779218327e-108,1.0,1.0,54,0.0,macrophage,True,False,True,True
24,ENSG00000158481,23.651688,,1.590140440558747e-107,5.0480648906626886e-107,1.0,1.0,55,0.0,macrophage,True,False,True,True
24,ENSG00000120708,23.592505,,2.2904170779724417e-107,7.259642085491099e-107,1.0,1.0,56,0.0,macrophage,True,False,True,True
24,ENSG00000184588,23.230413,3.8734086,8.845345464644004e-105,2.7728355688539196e-104,1.0,1.0,57,0.0,macrophage,True,False,True,True
24,ENSG00000043462,22.857618,4.453006,7.105813157006395e-102,2.1897729297400292e-101,1.0,1.0,58,0.0,macrophage,True,False,True,True
24,ENSG00000121966,22.836365,3.7739642,6.550591263245644e-102,2.0280468307262056e-101,1.0,1.0,59,0.0,macrophage,True,False,True,True
24,ENSG00000171310,22.79547,3.160714,1.752346086306193e-101,5.391834111711364e-101,1.0,1.0,60,0.0,macrophage,True,False,True,True
24,ENSG00000159189,22.622162,4.562613,7.273531413683544e-100,2.2311446054244e-99,1.0,1.0,61,0.0,macrophage,True,False,True,True
24,ENSG00000109321,22.533827,6.1702075,3.857702027811272e-99,1.179725390767973e-98,1.0,1.0,62,0.0,macrophage,True,False,True,True
24,ENSG00000198814,22.28271,4.3392644,2.0614586464117728e-97,6.275368786641622e-97,1.0,1.0,63,0.0,macrophage,True,False,True,True
24,ENSG00000257764,22.129726,5.2516565,5.0393177716848645e-96,1.527065991419656e-95,1.0,1.0,64,0.0,macrophage,True,False,True,True
24,ENSG00000140379,22.026026,4.3300667,1.8877407449054416e-95,5.668891125842167e-95,1.0,1.0,65,0.0,macrophage,True,False,True,True
24,ENSG00000130844,22.022652,3.817153,2.202528809870563e-95,6.594397634343003e-95,1.0,1.0,66,0.0,macrophage,True,False,True,True
24,ENSG00000145416,21.631824,4.9383965,2.0792889345566267e-92,6.151742409930848e-92,1.0,1.0,67,0.0,macrophage,True,False,True,True
24,ENSG00000135905,21.371393,3.709633,1.1807081651497245e-90,3.472671073969778e-90,1.0,1.0,68,0.0,macrophage,True,False,True,True
24,ENSG00000121101,21.240301,5.089285,1.8369621059383186e-89,5.371234227889821e-89,1.0,1.0,69,0.0,macrophage,True,False,True,True
24,ENSG00000173369,21.233562,3.6381328,1.6582115038229644e-89,4.8556705822048736e-89,1.0,1.0,70,0.0,macrophage,True,False,True,True
24,ENSG00000213145,21.116892,4.302136,7.889501708496005e-89,2.300146270698544e-88,1.0,1.0,71,0.0,macrophage,True,False,True,True
24,ENSG00000179639,20.956522,,3.5172830602385717e-87,1.0195023363010352e-86,1.0,1.0,72,0.0,macrophage,True,False,True,True
24,ENSG00000158488,20.867151,,1.6121696580471464e-86,4.666192932119093e-86,1.0,1.0,73,0.0,macrophage,True,False,True,True
24,ENSG00000104043,20.399893,,2.8387994717264853e-83,8.204622750654582e-83,1.0,1.0,74,0.0,macrophage,True,False,True,True
24,ENSG00000260314,20.256964,3.0424616,1.972557094689283e-82,5.684602578355282e-82,1.0,1.0,75,0.0,macrophage,True,False,True,True
24,ENSG00000176788,20.226765,,3.4502038743796284e-82,9.914378949366748e-82,1.0,1.0,76,0.0,macrophage,True,False,True,True
24,ENSG00000160307,20.19404,,1.085221040883505e-81,3.105067355889857e-81,1.0,1.0,77,0.0,macrophage,True,False,True,True
24,ENSG00000162711,20.191238,5.6660256,8.738778752108298e-82,2.503948066506675e-81,1.0,1.0,78,0.0,macrophage,True,False,True,True
24,ENSG00000138185,19.73186,4.8057046,1.4899999652734866e-78,4.1971830007703847e-78,1.0,1.0,79,0.0,macrophage,True,False,True,True
24,ENSG00000140678,19.399218,4.0000463,2.6530970878827048e-76,7.379964083122962e-76,1.0,1.0,80,0.0,macrophage,True,False,True,True
24,ENSG00000059804,19.355757,3.4041224,4.262128947874764e-76,1.1806451379154472e-75,1.0,1.0,81,0.0,macrophage,True,False,True,True
24,ENSG00000204103,19.296787,5.2907314,1.539909669943562e-75,4.2421753992935593e-75,1.0,1.0,82,0.0,macrophage,True,False,True,True
24,ENSG00000082074,19.119843,5.042068,1.7139624312572745e-74,4.708687997959545e-74,1.0,1.0,83,0.0,macrophage,True,False,True,True
24,ENSG00000103489,18.982697,4.6620913,2.1369664412447312e-73,5.846693409698307e-73,1.0,1.0,84,0.0,macrophage,True,False,True,True
24,ENSG00000115738,18.777945,4.100733,4.5193975771298443e-72,1.2280971676983273e-71,1.0,1.0,85,0.0,macrophage,True,False,True,True
24,ENSG00000125538,18.763973,5.2785325,7.523946633702369e-72,2.0390099278326202e-71,1.0,1.0,86,0.0,macrophage,True,False,True,True
24,ENSG00000100906,18.123009,3.8759518,1.0825268038966538e-67,2.8867381437244103e-67,1.0,1.0,87,0.0,macrophage,True,False,True,True
24,ENSG00000124762,18.104725,,1.855524650553745e-67,4.9414770986784154e-67,1.0,1.0,88,0.0,macrophage,True,False,True,True
24,ENSG00000081189,17.856325,3.3135083,7.3711897283174e-66,1.9526330406138807e-65,1.0,1.0,89,0.0,macrophage,True,False,True,True
24,ENSG00000115232,17.838852,5.27489,9.679710057628203e-66,2.5607698565153976e-65,1.0,1.0,90,0.0,macrophage,True,False,True,True
24,ENSG00000164104,17.66799,,1.4875923803535217e-64,3.8993247191442244e-64,1.0,1.0,91,0.0,macrophage,True,False,True,True
24,ENSG00000124491,17.504322,6.144608,2.0801985374352367e-63,5.410139239103346e-63,1.0,1.0,92,0.0,macrophage,True,False,True,True
24,ENSG00000127507,17.496464,4.8811064,2.123851153001893e-63,5.516496501303618e-63,1.0,1.0,93,0.0,macrophage,True,False,True,True
24,ENSG00000112394,17.467274,3.9033337,3.3237387595697235e-63,8.599582819067849e-63,1.0,1.0,94,0.0,macrophage,True,False,True,True
24,ENSG00000085265,17.447863,8.218271,4.870756977685361e-63,1.258593534285623e-62,1.0,1.0,95,0.0,macrophage,True,False,True,True
24,ENSG00000138678,17.432442,,6.268166916700297e-63,1.61759146237427e-62,1.0,1.0,96,0.0,macrophage,True,False,True,True
24,ENSG00000151726,17.002937,3.0183666,2.5498562191054765e-60,6.529721431768186e-60,1.0,1.0,97,0.0,macrophage,True,False,True,True
24,ENSG00000102970,16.870285,,2.7913797558982207e-59,7.093722378394462e-59,1.0,1.0,98,0.0,macrophage,True,False,True,True
24,ENSG00000198938,16.832472,,1.6662074411859537e-59,4.245114499836825e-59,1.0,1.0,99,0.0,macrophage,True,False,True,True
24,ENSG00000197249,16.77078,2.8694806,6.487821535589169e-59,1.6466552120784692e-58,1.0,1.0,100,0.0,macrophage,True,False,True,True
26,ENSG00000011600,82.88161,6.994225,0.0,0.0,1.0,1.0,1,0.0,macrophage,True,False,False,True
26,ENSG00000216490,80.62175,,0.0,0.0,1.0,1.0,2,0.0,macrophage,True,False,False,True
26,ENSG00000087086,80.51485,,0.0,0.0,1.0,1.0,3,0.0,macrophage,True,False,False,True
26,ENSG00000158869,78.414825,8.652303,0.0,0.0,1.0,1.0,4,0.0,macrophage,True,False,False,True
26,ENSG00000117984,74.266266,,0.0,0.0,1.0,1.0,5,0.0,macrophage,True,False,False,True
26,ENSG00000204287,72.32095,5.2545214,0.0,0.0,1.0,1.0,6,0.0,macrophage,True,False,False,True
26,ENSG00000129226,70.8425,,0.0,0.0,1.0,1.0,7,0.0,macrophage,True,False,False,True
26,ENSG00000167996,70.682465,,0.0,0.0,1.0,1.0,8,0.0,macrophage,True,False,False,True
26,ENSG00000011422,64.37018,,0.0,0.0,1.0,1.0,9,0.0,macrophage,True,False,False,True
26,ENSG00000018280,63.70994,6.8735447,0.0,0.0,1.0,1.0,10,0.0,macrophage,True,False,False,True
26,ENSG00000026025,63.03907,,0.0,0.0,1.0,1.0,11,0.0,macrophage,True,False,False,True
26,ENSG00000019582,62.777023,4.534274,0.0,0.0,1.0,1.0,12,0.0,macrophage,True,False,False,True
26,ENSG00000169554,62.215168,4.691522,0.0,0.0,1.0,1.0,13,0.0,macrophage,True,False,False,True
26,ENSG00000135047,61.837082,,0.0,0.0,1.0,1.0,14,0.0,macrophage,True,False,False,True
26,ENSG00000196126,61.51856,4.867641,0.0,0.0,1.0,1.0,15,0.0,macrophage,True,False,False,True
26,ENSG00000090382,59.877914,5.982742,0.0,0.0,1.0,1.0,16,0.0,macrophage,True,False,False,True
26,ENSG00000122862,57.824757,4.0040092,0.0,0.0,1.0,1.0,17,0.0,macrophage,True,False,False,True
26,ENSG00000260314,57.369633,5.767323,0.0,0.0,1.0,1.0,18,0.0,macrophage,True,False,False,True
26,ENSG00000130066,56.806545,,0.0,0.0,1.0,1.0,19,0.0,macrophage,True,False,False,True
26,ENSG00000173391,55.092766,7.74852,0.0,0.0,1.0,1.0,20,0.0,macrophage,True,False,False,True
26,ENSG00000204472,55.07756,8.54011,0.0,0.0,1.0,1.0,21,0.0,macrophage,True,False,False,True
26,ENSG00000136235,55.035137,,0.0,0.0,1.0,1.0,22,0.0,macrophage,True,False,False,True
26,ENSG00000038945,54.60354,5.8449364,0.0,0.0,1.0,1.0,23,0.0,macrophage,True,False,False,True
26,ENSG00000115919,53.997875,,0.0,0.0,1.0,1.0,24,0.0,macrophage,True,False,False,True
26,ENSG00000112149,53.175476,7.3055463,0.0,0.0,1.0,1.0,25,0.0,macrophage,True,False,False,True
26,ENSG00000130208,52.76059,6.530975,0.0,0.0,1.0,1.0,26,0.0,macrophage,True,False,False,True
26,ENSG00000223865,52.549324,5.1152277,0.0,0.0,1.0,1.0,27,0.0,macrophage,True,False,False,True
26,ENSG00000120594,52.45096,4.351309,0.0,0.0,1.0,1.0,28,0.0,macrophage,True,False,False,True
26,ENSG00000173372,52.28088,5.8891273,0.0,0.0,1.0,1.0,29,0.0,macrophage,True,False,False,True
26,ENSG00000165168,52.232376,8.836206,0.0,0.0,1.0,1.0,30,0.0,macrophage,True,False,False,True
26,ENSG00000130203,51.947445,,0.0,0.0,1.0,1.0,31,0.0,macrophage,True,False,False,True
26,ENSG00000112096,51.386757,,0.0,0.0,1.0,1.0,32,0.0,macrophage,True,False,False,True
26,ENSG00000151726,51.141632,7.09811,0.0,0.0,1.0,1.0,33,0.0,macrophage,True,False,False,True
26,ENSG00000163734,49.56137,,0.0,0.0,1.0,1.0,34,0.0,macrophage,True,False,False,True
26,ENSG00000143226,49.40227,,0.0,0.0,1.0,1.0,35,0.0,macrophage,True,False,False,True
26,ENSG00000019169,49.32984,6.572119,0.0,0.0,1.0,1.0,36,0.0,macrophage,True,False,False,True
26,ENSG00000179344,49.312748,5.509232,0.0,0.0,1.0,1.0,37,0.0,macrophage,True,False,False,True
26,ENSG00000204103,48.11239,,0.0,0.0,1.0,1.0,38,0.0,macrophage,True,False,False,True
26,ENSG00000100097,48.056,,0.0,0.0,1.0,1.0,39,0.0,macrophage,True,False,False,True
26,ENSG00000140379,47.829315,,0.0,0.0,1.0,1.0,40,0.0,macrophage,True,False,False,True
26,ENSG00000173369,47.65955,5.5642567,0.0,0.0,1.0,1.0,41,0.0,macrophage,True,False,False,True
26,ENSG00000277632,47.521076,,0.0,0.0,1.0,1.0,42,0.0,macrophage,True,False,False,True
26,ENSG00000231389,47.486187,4.6202393,0.0,0.0,1.0,1.0,43,0.0,macrophage,True,False,False,True
26,ENSG00000170458,47.368465,,0.0,0.0,1.0,1.0,44,0.0,macrophage,True,False,False,True
26,ENSG00000197405,47.058723,,0.0,0.0,1.0,1.0,45,0.0,macrophage,True,False,False,True
26,ENSG00000101439,46.623554,,0.0,0.0,1.0,1.0,46,0.0,macrophage,True,False,False,True
26,ENSG00000159189,46.255714,8.076615,0.0,0.0,1.0,1.0,47,0.0,macrophage,True,False,False,True
26,ENSG00000183023,46.114296,5.059038,0.0,0.0,1.0,1.0,48,0.0,macrophage,True,False,False,True
26,ENSG00000140678,45.588673,,0.0,0.0,1.0,1.0,49,0.0,macrophage,True,False,False,True
26,ENSG00000112394,44.85064,,0.0,0.0,1.0,1.0,50,0.0,macrophage,True,False,False,True
26,ENSG00000169429,44.650135,,0.0,0.0,1.0,1.0,51,0.0,macrophage,True,False,False,True
26,ENSG00000196735,44.323627,5.5573807,0.0,0.0,1.0,1.0,52,0.0,macrophage,True,False,False,True
26,ENSG00000105835,44.183628,4.3089237,0.0,0.0,1.0,1.0,53,0.0,macrophage,True,False,False,True
26,ENSG00000165029,42.789833,,0.0,0.0,1.0,1.0,54,0.0,macrophage,True,False,False,True
26,ENSG00000198814,42.51131,10.435016,0.0,0.0,1.0,1.0,55,0.0,macrophage,True,False,False,True
26,ENSG00000123342,42.115616,,0.0,0.0,1.0,1.0,56,0.0,macrophage,True,False,False,True
26,ENSG00000101336,42.047432,7.166348,0.0,0.0,1.0,1.0,57,0.0,macrophage,True,False,False,True
26,ENSG00000125538,41.53746,,0.0,0.0,1.0,1.0,58,0.0,macrophage,True,False,False,True
26,ENSG00000165140,41.26466,6.02883,0.0,0.0,1.0,1.0,59,0.0,macrophage,True,False,False,True
26,ENSG00000103569,40.99099,,0.0,0.0,1.0,1.0,60,0.0,macrophage,True,False,False,True
26,ENSG00000166920,39.865314,,5.3491898395156086e-301,2.414984126192148e-300,1.0,1.0,61,0.0,macrophage,True,False,False,True
26,ENSG00000198502,39.794994,5.432908,2.210090567040835e-301,1.0023086471840523e-300,1.0,1.0,62,0.0,macrophage,True,False,False,True
26,ENSG00000081041,39.620148,,4.768443761241787e-298,2.1240284014440032e-297,1.0,1.0,63,0.0,macrophage,True,False,False,True
26,ENSG00000137491,39.40716,6.977913,8.404227086676477e-295,3.6860645117002094e-294,1.0,1.0,64,0.0,macrophage,True,False,False,True
26,ENSG00000115956,39.32929,,2.0940610593720283e-294,9.164381003816317e-294,1.0,1.0,65,0.0,macrophage,True,False,False,True
26,ENSG00000114013,39.3056,7.388208,1.0080899133731182e-293,4.4021393597079396e-293,1.0,1.0,66,0.0,macrophage,True,False,False,True
26,ENSG00000118515,39.089115,8.019956,6.262181207673869e-292,2.6934112721177935e-291,1.0,1.0,67,0.0,macrophage,True,False,False,True
26,ENSG00000120708,39.0072,,1.2648485942993614e-289,5.3938106366710505e-289,1.0,1.0,68,0.0,macrophage,True,False,False,True
26,ENSG00000118785,38.261917,,4.896710550333068e-279,2.0276234162869845e-278,1.0,1.0,69,0.0,macrophage,True,False,False,True
26,ENSG00000140749,38.08564,,5.140670533715406e-278,2.1198641376146004e-277,1.0,1.0,70,0.0,macrophage,True,False,False,True
26,ENSG00000110077,38.020573,10.278261,4.463783953607869e-277,1.829419653117979e-276,1.0,1.0,71,0.0,macrophage,True,False,False,True
26,ENSG00000198223,37.7976,,3.313556737946862e-274,1.336111587881799e-273,1.0,1.0,72,0.0,macrophage,True,False,False,True
26,ENSG00000132170,37.46223,5.040315,7.841144612712224e-271,3.1427433317483863e-270,1.0,1.0,73,0.0,macrophage,True,False,False,True
26,ENSG00000275385,37.35206,6.830042,2.0356579960606042e-268,8.126379225790835e-268,1.0,1.0,74,0.0,macrophage,True,False,False,True
26,ENSG00000166825,37.037415,,1.5608872480934024e-264,6.145225386194498e-264,1.0,1.0,75,0.0,macrophage,True,False,False,True
26,ENSG00000164687,36.66876,,3.5835079665410983e-261,1.3943610764751356e-260,1.0,1.0,76,0.0,macrophage,True,False,False,True
26,ENSG00000204482,36.629845,5.11333,2.8932655012452873e-261,1.1279787529221392e-260,1.0,1.0,77,0.0,macrophage,True,False,False,True
26,ENSG00000137331,36.372444,,8.406192309234671e-257,3.208470347036134e-256,1.0,1.0,78,0.0,macrophage,True,False,False,True
26,ENSG00000196154,36.208595,7.005955,3.463215887598574e-257,1.3243655401906592e-256,1.0,1.0,79,0.0,macrophage,True,False,False,True
26,ENSG00000163220,36.04016,,6.977065664413387e-255,2.6378320092300143e-254,1.0,1.0,80,0.0,macrophage,True,False,False,True
26,ENSG00000079215,35.99336,,3.08606435673373e-251,1.1472358203471116e-250,1.0,1.0,81,0.0,macrophage,True,False,False,True
26,ENSG00000100600,35.429905,,2.3491079163289908e-244,8.450028476003564e-244,1.0,1.0,82,0.0,macrophage,True,False,False,True
26,ENSG00000100906,35.14092,6.610476,7.299453069869765e-243,2.611611116232474e-242,1.0,1.0,83,0.0,macrophage,True,False,False,True
26,ENSG00000248905,34.75435,6.1226606,8.568771789982338e-237,3.001321117331817e-236,1.0,1.0,84,0.0,macrophage,True,False,False,True
26,ENSG00000124882,34.74742,,5.194237943353392e-236,1.8161671130606264e-235,1.0,1.0,85,0.0,macrophage,True,False,False,True
26,ENSG00000117009,33.618023,,1.5351285286433347e-222,5.168782924725032e-222,1.0,1.0,86,0.0,macrophage,True,False,False,True
26,ENSG00000128512,33.500153,3.013899,3.9374541052660574e-223,1.3302209815088031e-222,1.0,1.0,87,0.0,macrophage,True,False,False,True
26,ENSG00000157827,33.4645,4.560247,4.431507155855172e-222,1.4895822372622426e-221,1.0,1.0,88,0.0,macrophage,True,False,False,True
26,ENSG00000100292,33.26034,,1.2293360340705314e-218,4.0841728706662173e-218,1.0,1.0,89,0.0,macrophage,True,False,False,True
26,ENSG00000171310,33.01166,3.5655012,7.445662005640848e-217,2.4532658997169187e-216,1.0,1.0,90,0.0,macrophage,True,False,False,True
26,ENSG00000156113,32.979477,,3.062566395547371e-215,1.0024767252200888e-214,1.0,1.0,91,0.0,macrophage,True,False,False,True
26,ENSG00000197249,32.91057,4.157428,4.143197214273466e-216,1.3628938204846927e-215,1.0,1.0,92,0.0,macrophage,True,False,False,True
26,ENSG00000175471,32.293083,4.6321187,3.3567270180497705e-208,1.0793334463182542e-207,1.0,1.0,93,0.0,macrophage,True,False,False,True
26,ENSG00000043462,32.277443,5.8666487,5.901619258160253e-208,1.891544634025722e-207,1.0,1.0,94,0.0,macrophage,True,False,False,True
26,ENSG00000248323,32.038097,,2.930171063619587e-204,9.302130360697101e-204,1.0,1.0,95,0.0,macrophage,True,False,False,True
26,ENSG00000143546,31.393301,,3.43395761641013e-198,1.0664464647236429e-197,1.0,1.0,96,0.0,macrophage,True,False,False,True
26,ENSG00000185215,31.334564,,1.0688510852113315e-196,3.293840016059573e-196,1.0,1.0,97,0.0,macrophage,True,False,False,True
26,ENSG00000163563,30.732267,5.1699243,2.1410990223678936e-190,6.498024347095277e-190,1.0,1.0,98,0.0,macrophage,True,False,False,True
26,ENSG00000276085,30.647068,,3.064090562771614e-188,9.24310878664137e-188,1.0,1.0,99,0.0,macrophage,True,False,False,True
26,ENSG00000162711,30.516027,,5.379248117242944e-187,1.603352642993426e-186,1.0,1.0,100,0.0,macrophage,True,False,False,True
31,ENSG00000196754,102.36689,,0.0,0.0,1.0,1.0,1,0.0,basal cell,True,False,False,True
31,ENSG00000171345,100.78661,,0.0,0.0,1.0,1.0,2,0.0,basal cell,True,False,False,True
31,ENSG00000230937,81.38039,,0.0,0.0,1.0,1.0,3,0.0,basal cell,True,False,False,True
31,ENSG00000128422,81.26365,,0.0,0.0,1.0,1.0,4,0.0,basal cell,True,False,False,True
31,ENSG00000186081,72.51383,,0.0,0.0,1.0,1.0,5,0.0,basal cell,True,False,False,True
31,ENSG00000184292,72.05407,,0.0,0.0,1.0,1.0,6,0.0,basal cell,True,False,False,True
31,ENSG00000089356,65.18811,,0.0,0.0,1.0,1.0,7,0.0,basal cell,True,False,False,True
31,ENSG00000175793,63.581005,,0.0,0.0,1.0,1.0,8,0.0,basal cell,True,False,False,True
31,ENSG00000198938,63.216038,,0.0,0.0,1.0,1.0,9,0.0,basal cell,True,False,False,True
31,ENSG00000167644,56.07482,,0.0,0.0,1.0,1.0,10,0.0,basal cell,True,False,False,True
31,ENSG00000125968,54.13838,,0.0,0.0,1.0,1.0,11,0.0,basal cell,True,False,False,True
31,ENSG00000198727,53.497917,,0.0,0.0,1.0,1.0,12,0.0,basal cell,True,False,False,True
31,ENSG00000189334,52.086075,,0.0,0.0,1.0,1.0,13,0.0,basal cell,True,False,False,True
31,ENSG00000115457,52.044647,,0.0,0.0,1.0,1.0,14,0.0,basal cell,True,False,False,True
31,ENSG00000171346,50.310734,,0.0,0.0,1.0,1.0,15,0.0,basal cell,True,False,False,True
31,ENSG00000164171,49.49379,,0.0,0.0,1.0,1.0,16,0.0,basal cell,True,False,False,True
31,ENSG00000165272,49.082577,,0.0,0.0,1.0,1.0,17,0.0,basal cell,True,False,False,True
31,ENSG00000170421,48.334213,,0.0,0.0,1.0,1.0,18,0.0,basal cell,True,False,False,True
31,ENSG00000227036,46.7398,,0.0,0.0,1.0,1.0,19,0.0,basal cell,True,False,False,True
31,ENSG00000120549,46.30128,,0.0,0.0,1.0,1.0,20,0.0,basal cell,True,False,False,True
31,ENSG00000111057,45.24685,,1.1002357229110215e-302,7.384132368530346e-302,1.0,1.0,21,0.0,basal cell,True,False,False,True
31,ENSG00000171889,44.609486,,4.594848721444082e-294,3.00316909898306e-293,1.0,1.0,22,0.0,basal cell,True,False,False,True
31,ENSG00000198886,44.54849,,3.467500913602282e-307,2.391379940415367e-306,1.0,1.0,23,0.0,basal cell,True,False,False,True
31,ENSG00000117525,43.457592,,3.09260314670877e-284,1.963557553465886e-283,1.0,1.0,24,0.0,basal cell,True,False,False,True
31,ENSG00000073282,42.63764,,1.0183138394596692e-275,6.344634513767409e-275,1.0,1.0,25,0.0,basal cell,True,False,False,True
31,ENSG00000205420,41.916702,,1.1466145935144662e-268,6.949179354633128e-268,1.0,1.0,26,0.0,basal cell,True,False,False,True
31,ENSG00000197956,41.91568,,4.871068373186366e-276,3.044417733241479e-275,1.0,1.0,27,0.0,basal cell,True,False,False,True
31,ENSG00000198899,40.868885,,6.999666766054981e-267,4.229405900939566e-266,1.0,1.0,28,0.0,basal cell,True,False,False,True
31,ENSG00000058085,39.444637,,3.662013821494951e-246,2.0925793265685435e-245,1.0,1.0,29,0.0,basal cell,True,False,False,True
31,ENSG00000121552,39.158607,,5.981495143388432e-244,3.408259340962069e-243,1.0,1.0,30,0.0,basal cell,True,False,False,True
31,ENSG00000137440,37.797195,,8.953965764864292e-231,4.960645853110411e-230,1.0,1.0,31,0.0,basal cell,True,False,False,True
31,ENSG00000151914,37.36782,,9.043499290579114e-229,4.9689556541643477e-228,1.0,1.0,32,0.0,basal cell,True,False,False,True
31,ENSG00000187193,36.94228,,3.164060161415641e-224,1.714937756864846e-223,1.0,1.0,33,0.0,basal cell,True,False,False,True
31,ENSG00000115963,36.778156,,4.964243451740507e-223,2.6546756426419823e-222,1.0,1.0,34,0.0,basal cell,True,False,False,True
31,ENSG00000091409,36.484783,,6.542198608900876e-220,3.434224991549016e-219,1.0,1.0,35,0.0,basal cell,True,False,False,True
31,ENSG00000272398,36.31251,,1.1611501398977886e-218,6.079320104176904e-218,1.0,1.0,36,0.0,basal cell,True,False,False,True
31,ENSG00000151632,35.106068,,1.6890957577449002e-206,8.382609219577669e-206,1.0,1.0,37,0.0,basal cell,True,False,False,True
31,ENSG00000116717,35.049263,,9.966551406015235e-207,4.970848581553733e-206,1.0,1.0,38,0.0,basal cell,True,False,False,True
31,ENSG00000124766,34.97515,,2.006769356870232e-206,9.934501766684317e-206,1.0,1.0,39,0.0,basal cell,True,False,False,True
31,ENSG00000114315,34.758827,,8.367622625236783e-204,4.0619527306974676e-203,1.0,1.0,40,0.0,basal cell,True,False,False,True
31,ENSG00000181649,33.999214,,1.0172182224894695e-196,4.832390605650687e-196,1.0,1.0,41,0.0,basal cell,True,False,False,True
31,ENSG00000146674,33.88458,,1.92737518842289e-195,9.091392398221178e-195,1.0,1.0,42,0.0,basal cell,True,False,False,True
31,ENSG00000129116,33.866703,,2.9263070767354787e-196,1.3835967265888787e-195,1.0,1.0,43,0.0,basal cell,True,False,False,True
31,ENSG00000137331,32.98849,,6.401468060262889e-189,2.9364532386527016e-188,1.0,1.0,44,0.0,basal cell,True,False,False,True
31,ENSG00000152894,32.163956,,2.0905255713530534e-181,9.416781852941682e-181,1.0,1.0,45,0.0,basal cell,True,False,False,True
31,ENSG00000182463,32.08358,,2.603605608645658e-180,1.170159824110408e-179,1.0,1.0,46,0.0,basal cell,True,False,False,True
31,ENSG00000108602,32.047863,,6.0109092590237105e-179,2.695475004046507e-178,1.0,1.0,47,0.0,basal cell,True,False,False,True
31,ENSG00000134757,31.914755,,1.4450815827507256e-177,6.451257065851453e-177,1.0,1.0,48,0.0,basal cell,True,False,False,True
31,ENSG00000148671,31.749844,,3.645073760818914e-177,1.6200327825861838e-176,1.0,1.0,49,0.0,basal cell,True,False,False,True
31,ENSG00000101443,31.533453,,8.812805408633559e-176,3.890863315070004e-175,1.0,1.0,50,0.0,basal cell,True,False,False,True
31,ENSG00000169851,31.319273,,6.3603879215405316e-173,2.7653860528437097e-172,1.0,1.0,51,0.0,basal cell,True,False,False,True
31,ENSG00000167779,30.926893,,3.724094148101793e-169,1.6017609239147496e-168,1.0,1.0,52,0.0,basal cell,True,False,False,True
31,ENSG00000198840,30.190868,,6.500265353207585e-165,2.7543497259354174e-164,1.0,1.0,53,0.0,basal cell,True,False,False,True
31,ENSG00000124107,29.742218,,2.9781682663066986e-160,1.228110625281113e-159,1.0,1.0,54,0.0,basal cell,True,False,False,True
31,ENSG00000053747,29.608555,6.368645,2.5609605638955857e-158,1.0495740015965516e-157,1.0,1.0,55,0.0,basal cell,True,False,False,True
31,ENSG00000013588,29.531326,,5.367722605882914e-158,2.1953875688682675e-157,1.0,1.0,56,0.0,basal cell,True,False,False,True
31,ENSG00000176153,29.07808,,7.066402785249445e-153,2.826561114099778e-152,1.0,1.0,57,0.0,basal cell,True,False,False,True
31,ENSG00000125148,28.24968,,1.0178161482262054e-146,3.991435875396884e-146,1.0,1.0,58,0.0,basal cell,True,False,False,True
31,ENSG00000144824,28.11204,,3.5444318283447005e-145,1.3711535119321859e-144,1.0,1.0,59,0.0,basal cell,True,False,False,True
31,ENSG00000184254,27.183285,,5.1352061281188245e-137,1.89491001037595e-136,1.0,1.0,60,0.0,basal cell,True,False,False,True
31,ENSG00000187134,27.168886,,6.648294988558416e-137,2.448727435933118e-136,1.0,1.0,61,0.0,basal cell,True,False,False,True
31,ENSG00000105974,27.136467,8.311355,2.508630304955676e-137,9.29122335168769e-137,1.0,1.0,62,0.0,basal cell,True,False,False,True
31,ENSG00000156804,26.862541,,2.4951413719361844e-134,9.056774489786513e-134,1.0,1.0,63,0.0,basal cell,True,False,False,True
31,ENSG00000075223,26.734423,,1.6545723038066892e-133,5.973185212298517e-133,1.0,1.0,64,0.0,basal cell,True,False,False,True
31,ENSG00000197641,26.378498,,5.861416040649209e-130,2.082208184955314e-129,1.0,1.0,65,0.0,basal cell,True,False,False,True
31,ENSG00000186847,26.330387,,1.570575132901816e-129,5.569415364900057e-129,1.0,1.0,66,0.0,basal cell,True,False,False,True
31,ENSG00000077942,26.073092,,2.557956945445822e-128,9.054714851135654e-128,1.0,1.0,67,0.0,basal cell,True,False,False,True
31,ENSG00000140416,25.74087,,3.80990868544109e-125,1.3344688915730611e-124,1.0,1.0,68,0.0,basal cell,True,False,False,True
31,ENSG00000041982,25.687874,,1.8141872304804836e-124,6.332241642165737e-124,1.0,1.0,69,0.0,basal cell,True,False,False,True
31,ENSG00000135480,25.42943,,1.422819065432487e-122,4.948935879765171e-122,1.0,1.0,70,0.0,basal cell,True,False,False,True
31,ENSG00000105855,25.35157,,3.404594296356101e-122,1.1821507973458686e-121,1.0,1.0,71,0.0,basal cell,True,False,False,True
31,ENSG00000176406,25.319006,,2.451710025432636e-121,8.439621430060709e-121,1.0,1.0,72,0.0,basal cell,True,False,False,True
31,ENSG00000116285,25.227402,,4.132296612829309e-121,1.420033200284986e-120,1.0,1.0,73,0.0,basal cell,True,False,False,True
31,ENSG00000157483,25.174324,,6.131312361984797e-121,2.1033661619158826e-120,1.0,1.0,74,0.0,basal cell,True,False,False,True
31,ENSG00000163629,25.132189,,1.1550890349997217e-120,3.935567410561233e-120,1.0,1.0,75,0.0,basal cell,True,False,False,True
31,ENSG00000112319,24.982874,,6.8673862328805e-119,2.316150500128331e-118,1.0,1.0,76,0.0,basal cell,True,False,False,True
31,ENSG00000132386,24.969524,,7.895758832494929e-119,2.6585046574057e-118,1.0,1.0,77,0.0,basal cell,True,False,False,True
31,ENSG00000178934,24.390888,,8.863828795012203e-114,2.910945417081183e-113,1.0,1.0,78,0.0,basal cell,True,False,False,True
31,ENSG00000122861,24.26248,,6.230570164861871e-113,2.0428098901186466e-112,1.0,1.0,79,0.0,basal cell,True,False,False,True
31,ENSG00000057149,24.21147,,1.6084618155428988e-112,5.265014126163335e-112,1.0,1.0,80,0.0,basal cell,True,False,False,True
31,ENSG00000108244,23.824415,,2.1934408836365825e-109,7.075615753666395e-109,1.0,1.0,81,0.0,basal cell,True,False,False,True
31,ENSG00000169715,23.757914,,2.0227066733980205e-109,6.53540120645564e-109,1.0,1.0,82,0.0,basal cell,True,False,False,True
31,ENSG00000113361,23.701397,,2.344997371753519e-108,7.516017217158716e-108,1.0,1.0,83,0.0,basal cell,True,False,False,True
31,ENSG00000149948,23.691736,,2.3810528675643672e-108,7.619369176205975e-108,1.0,1.0,84,0.0,basal cell,True,False,False,True
31,ENSG00000164687,23.587246,,7.439659160771748e-108,2.373097020979824e-107,1.0,1.0,85,0.0,basal cell,True,False,False,True
31,ENSG00000171401,23.455507,,2.0195204996573135e-106,6.370727128256509e-106,1.0,1.0,86,0.0,basal cell,True,False,False,True
31,ENSG00000134363,23.366259,,1.0233368005044045e-105,3.2029320829558826e-105,1.0,1.0,87,0.0,basal cell,True,False,False,True
31,ENSG00000163453,23.345858,4.032883,1.7906122247420249e-106,5.657542574224407e-106,1.0,1.0,88,0.0,basal cell,True,False,False,True
31,ENSG00000117472,23.291782,,5.634519575695786e-106,1.769079929574815e-105,1.0,1.0,89,0.0,basal cell,True,False,False,True
31,ENSG00000145934,23.283733,,4.0245919674372336e-105,1.2537669680489823e-104,1.0,1.0,90,0.0,basal cell,True,False,False,True
31,ENSG00000143320,23.047966,,2.558320477638167e-103,7.908254954059248e-103,1.0,1.0,91,0.0,basal cell,True,False,False,True
31,ENSG00000198467,22.637411,,1.2831983388192533e-100,3.930163365449474e-100,1.0,1.0,92,0.0,basal cell,True,False,False,True
31,ENSG00000184349,22.37692,,9.04151042795703e-99,2.7481794613851155e-98,1.0,1.0,93,0.0,basal cell,True,False,False,True
31,ENSG00000106541,21.96809,,2.2646449570511663e-95,6.770239034532635e-95,1.0,1.0,94,0.0,basal cell,True,False,False,True
31,ENSG00000176046,21.9257,,2.8708918519461848e-95,8.569826423719955e-95,1.0,1.0,95,0.0,basal cell,True,False,False,True
31,ENSG00000075213,21.755903,,1.3321550595191519e-93,3.935465463867509e-93,1.0,1.0,96,0.0,basal cell,True,False,False,True
31,ENSG00000120738,21.753716,,6.904757715784396e-94,2.0458541380101913e-93,1.0,1.0,97,0.0,basal cell,True,False,False,True
31,ENSG00000189143,21.689606,,3.648085229533846e-93,1.072966243980543e-92,1.0,1.0,98,0.0,basal cell,True,False,False,True
31,ENSG00000154080,21.664682,,3.714234115085519e-93,1.0908176549443521e-92,1.0,1.0,99,0.0,basal cell,True,False,False,True
31,ENSG00000104419,21.192844,7.765716,1.9268840239688986e-89,5.577088347232702e-89,1.0,1.0,100,0.0,basal cell,True,False,False,True
32,ENSG00000102265,14.85095,,4.6746887296788755e-29,3.3036669467695233e-28,1.0,1.0,1,0.0,basal cell,False,False,False,False
32,ENSG00000125730,13.718252,,2.0380832094966168e-26,1.3724466057216273e-25,1.0,1.0,2,0.0,basal cell,False,False,False,False
32,ENSG00000116690,13.532939,,5.616901705781489e-26,3.719802454159926e-25,1.0,1.0,3,0.0,basal cell,False,False,False,False
32,ENSG00000179914,13.359076,,1.442055945102887e-25,9.333695437559139e-25,1.0,1.0,4,0.0,basal cell,False,False,False,False
32,ENSG00000125148,13.023182,8.090505,8.546618493524813e-25,5.426424440333215e-24,1.0,1.0,5,0.0,basal cell,False,False,False,False
32,ENSG00000188257,12.786586,,3.260156597007155e-24,2.031250216203835e-23,1.0,1.0,6,0.0,basal cell,False,False,False,False
32,ENSG00000169908,12.345289,,3.618381839731513e-23,2.1996242186817705e-22,1.0,1.0,7,0.0,basal cell,False,False,False,False
32,ENSG00000243649,11.640943,,1.7826866180645695e-21,1.0579742540442549e-20,1.0,1.0,8,0.0,basal cell,False,False,False,False
32,ENSG00000257017,11.492371,,4.0633630948534716e-21,2.3902135852079244e-20,1.0,1.0,9,0.0,basal cell,False,False,False,False
32,ENSG00000142089,11.268203,,1.36892450284943e-20,7.958863388659476e-20,1.0,1.0,10,0.0,basal cell,False,False,False,False
32,ENSG00000091986,10.433735,,1.4290984649144328e-18,7.98379030678454e-18,1.0,1.0,11,0.0,basal cell,False,False,False,False
32,ENSG00000105509,9.75923,,5.992480540770779e-17,3.187489649346159e-16,1.0,1.0,12,0.0,basal cell,False,False,False,False
32,ENSG00000280441,9.663498,,9.957534600100596e-17,5.254635672876304e-16,1.0,1.0,13,0.0,basal cell,False,False,False,False
32,ENSG00000131459,9.480436,,2.7794864234356204e-16,1.4514289417418384e-15,1.0,1.0,14,0.0,basal cell,False,False,False,False
32,ENSG00000169715,9.394346,10.998771,4.4364020727399945e-16,2.3046244533714258e-15,1.0,1.0,15,0.0,basal cell,False,False,False,False
32,ENSG00000105835,9.28691,4.0337315,7.880635865113174e-16,4.062183435625348e-15,1.0,1.0,16,0.0,basal cell,False,False,False,False
32,ENSG00000172137,8.935249,,5.505221449319584e-15,2.7804148733937295e-14,1.0,1.0,17,0.0,basal cell,False,False,False,False
32,ENSG00000170345,8.685991,3.8968422,2.078627259862046e-14,1.036721825367604e-13,1.0,1.0,18,0.0,basal cell,False,False,False,False
32,ENSG00000118849,8.613351,,3.150690392441804e-14,1.5597477190305964e-13,1.0,1.0,19,0.0,basal cell,False,False,False,False
32,ENSG00000111341,8.584162,5.4234138,3.6620015600169734e-14,1.8083958321071474e-13,1.0,1.0,20,0.0,basal cell,False,False,False,False
32,ENSG00000111057,8.386637,,1.0667192356747097e-13,5.128457863820719e-13,1.0,1.0,21,0.0,basal cell,False,False,False,False
32,ENSG00000166741,8.285929,6.679099,1.8312339611612023e-13,8.720161719815248e-13,1.0,1.0,22,0.0,basal cell,False,False,False,False
32,ENSG00000105825,7.9555264,,1.0724455213327802e-12,4.9765453426115084e-12,1.0,1.0,23,0.0,basal cell,False,False,False,False
32,ENSG00000170421,7.773786,,2.7891796522994767e-12,1.2620722408594918e-11,1.0,1.0,24,0.0,basal cell,False,False,False,False
32,ENSG00000112096,7.748176,5.3419127,3.1829544437103024e-12,1.4305413230158663e-11,1.0,1.0,25,0.0,basal cell,False,False,False,False
32,ENSG00000106538,7.6675777,8.248977,4.8861770110226974e-12,2.1862089534777168e-11,1.0,1.0,26,0.0,basal cell,False,False,False,False
32,ENSG00000109321,7.5435147,5.504054,9.312774653081282e-12,4.139746723709483e-11,1.0,1.0,27,0.0,basal cell,False,False,False,False
32,ENSG00000137331,7.5138154,,1.088128350656095e-11,4.8147272152924556e-11,1.0,1.0,28,0.0,basal cell,False,False,False,False
32,ENSG00000255248,7.4354935,7.844794,1.6421086729530326e-11,7.202231021723827e-11,1.0,1.0,29,0.0,basal cell,False,False,False,False
32,ENSG00000102854,7.42863,,1.7025674428912514e-11,7.451061019217731e-11,1.0,1.0,30,0.0,basal cell,False,False,False,False
32,ENSG00000100906,7.418391,4.4733806,1.7749779756651996e-11,7.734108826427885e-11,1.0,1.0,31,0.0,basal cell,False,False,False,False
32,ENSG00000115380,7.4085875,6.381275,1.8848089381099382e-11,8.19482147004321e-11,1.0,1.0,32,0.0,basal cell,False,False,False,False
32,ENSG00000108691,7.4068155,6.7145367,1.900959503021095e-11,8.247112811371344e-11,1.0,1.0,33,0.0,basal cell,False,False,False,False
32,ENSG00000116285,7.1914864,10.712516,5.7761553971669835e-11,2.4527199138713303e-10,1.0,1.0,34,0.0,basal cell,False,False,False,False
32,ENSG00000154175,7.1653376,6.165928,6.614829846599792e-11,2.79696822266376e-10,1.0,1.0,35,0.0,basal cell,False,False,False,False
32,ENSG00000078328,7.0846176,,1.0003962746302859e-10,4.2210813275539487e-10,1.0,1.0,36,0.0,basal cell,False,False,False,False
32,ENSG00000000971,7.0718536,,1.0656506084044549e-10,4.4775235647246005e-10,1.0,1.0,37,0.0,basal cell,False,False,False,False
32,ENSG00000115594,7.012949,5.608226,1.4375365299234543e-10,6.027406834060605e-10,1.0,1.0,38,0.0,basal cell,False,False,False,False
32,ENSG00000148671,6.9430084,,2.0491706604109493e-10,8.538211085045622e-10,1.0,1.0,39,0.0,basal cell,False,False,False,False
32,ENSG00000169946,6.920623,5.4750395,2.296415328632436e-10,9.508966164109466e-10,1.0,1.0,40,0.0,basal cell,False,False,False,False
32,ENSG00000137573,6.8855495,10.357865,2.747107090134109e-10,1.1304967449111559e-09,1.0,1.0,41,0.0,basal cell,False,False,False,False
32,ENSG00000144810,6.836033,5.247832,3.519398312935258e-10,1.4335634675907365e-09,1.0,1.0,42,0.0,basal cell,False,False,False,False
32,ENSG00000138821,6.749458,5.1263084,5.435674802415777e-10,2.2006780576582094e-09,1.0,1.0,43,0.0,basal cell,False,False,False,False
32,ENSG00000142173,6.7492,,5.4349055038984e-10,2.2006780576582094e-09,1.0,1.0,44,0.0,basal cell,False,False,False,False
32,ENSG00000184254,6.681053,,7.659808497134129e-10,3.0824179062914e-09,1.0,1.0,45,0.0,basal cell,False,False,False,False
32,ENSG00000163638,6.64845,5.8713713,9.003174948838403e-10,3.608486953442246e-09,1.0,1.0,46,0.0,basal cell,False,False,False,False
32,ENSG00000162692,6.5155277,,1.7415714933036541e-09,6.8431099933345935e-09,1.0,1.0,47,0.0,basal cell,False,False,False,False
32,ENSG00000141753,6.4022593,,3.031148288859593e-09,1.1771449665474146e-08,1.0,1.0,48,0.0,basal cell,False,False,False,False
32,ENSG00000101439,6.384532,6.8084006,3.2851231229503003e-09,1.2733035360272481e-08,1.0,1.0,49,0.0,basal cell,False,False,False,False
32,ENSG00000124212,6.238802,7.324389,6.7242571036474384e-09,2.5763437178725815e-08,1.0,1.0,50,0.0,basal cell,False,False,False,False
32,ENSG00000109472,6.208441,,7.781861854442408e-09,2.964518801692346e-08,1.0,1.0,51,0.0,basal cell,False,False,False,False
32,ENSG00000122786,6.1755724,,9.073430588674934e-09,3.4499736078611917e-08,1.0,1.0,52,0.0,basal cell,False,False,False,False
32,ENSG00000205364,6.1136622,6.1251802,1.2269613399668728e-08,4.630042792327822e-08,1.0,1.0,53,0.0,basal cell,False,False,False,False
32,ENSG00000118515,6.0736437,4.6297603,1.4833332893783287e-08,5.586942709522895e-08,1.0,1.0,54,0.0,basal cell,False,False,False,False
32,ENSG00000120885,6.0554233,,1.615347726560073e-08,6.049991485243717e-08,1.0,1.0,55,0.0,basal cell,False,False,False,False
32,ENSG00000136244,5.9817142,,2.302347121612407e-08,8.495745836208144e-08,1.0,1.0,56,0.0,basal cell,False,False,False,False
32,ENSG00000113140,5.913867,5.79461,3.164557775746328e-08,1.1570595158121859e-07,1.0,1.0,57,0.0,basal cell,False,False,False,False
32,ENSG00000205038,5.807788,6.360547,5.2153829672183556e-08,1.88280973545789e-07,1.0,1.0,58,0.0,basal cell,False,False,False,False
32,ENSG00000026025,5.789647,3.615124,5.632378093292e-08,2.0296857993845046e-07,1.0,1.0,59,0.0,basal cell,False,False,False,False
32,ENSG00000106809,5.711476,,8.163736266365003e-08,2.916786886988166e-07,1.0,1.0,60,0.0,basal cell,False,False,False,False
32,ENSG00000108821,5.695989,,8.756363882894605e-08,3.1216983539731214e-07,1.0,1.0,61,0.0,basal cell,False,False,False,False
32,ENSG00000112541,5.67973,,9.44800213340847e-08,3.362278339291271e-07,1.0,1.0,62,0.0,basal cell,False,False,False,False
32,ENSG00000204442,5.6774592,,9.542896769232148e-08,3.39001661429206e-07,1.0,1.0,63,0.0,basal cell,False,False,False,False
32,ENSG00000128918,5.6574006,6.536823,1.0472725944336857e-07,3.7006098743239777e-07,1.0,1.0,64,0.0,basal cell,False,False,False,False
32,ENSG00000075223,5.6198144,,1.244105490728023e-07,4.380653136366278e-07,1.0,1.0,65,0.0,basal cell,False,False,False,False
32,ENSG00000142156,5.6052933,,1.329293020938083e-07,4.6723832018913286e-07,1.0,1.0,66,0.0,basal cell,False,False,False,False
32,ENSG00000123358,5.587154,4.119113,1.443012317830756e-07,5.063201115195635e-07,1.0,1.0,67,0.0,basal cell,False,False,False,False
32,ENSG00000152952,5.5038457,,2.11317897253365e-07,7.337426987964063e-07,1.0,1.0,68,0.0,basal cell,False,False,False,False
32,ENSG00000185201,5.5017047,5.521298,2.1281819625289674e-07,7.376713908245987e-07,1.0,1.0,69,0.0,basal cell,False,False,False,False
32,ENSG00000154734,5.481698,7.53231,2.3357260938303977e-07,8.068138493369249e-07,1.0,1.0,70,0.0,basal cell,False,False,False,False
32,ENSG00000163739,5.460609,,2.5688849653943464e-07,8.827783386234868e-07,1.0,1.0,71,0.0,basal cell,False,False,False,False
32,ENSG00000165949,5.4376316,5.4865537,2.8431068021287083e-07,9.736667130577767e-07,1.0,1.0,72,0.0,basal cell,False,False,False,False
32,ENSG00000183783,5.401773,,3.3525633046339206e-07,1.1422702911870257e-06,1.0,1.0,73,0.0,basal cell,False,False,False,False
32,ENSG00000112769,5.35766,4.87044,4.0774144125315486e-07,1.3775048690984963e-06,1.0,1.0,74,0.0,basal cell,False,False,False,False
32,ENSG00000182621,5.315482,6.2034283,4.922184336747231e-07,1.6545157434444473e-06,1.0,1.0,75,0.0,basal cell,False,False,False,False
32,ENSG00000185070,5.266428,10.941328,6.127258968283607e-07,2.0492504910647515e-06,1.0,1.0,76,0.0,basal cell,False,False,False,False
32,ENSG00000173926,5.208673,5.87924,7.902265400586125e-07,2.6340884668620413e-06,1.0,1.0,77,0.0,basal cell,False,False,False,False
32,ENSG00000198467,5.183293,,8.825572650640048e-07,2.936962612525806e-06,1.0,1.0,78,0.0,basal cell,False,False,False,False
32,ENSG00000124107,5.1678505,,9.425261096364173e-07,3.1261230833712016e-06,1.0,1.0,79,0.0,basal cell,False,False,False,False
32,ENSG00000130066,5.162926,4.764676,9.624209145484245e-07,3.1763066486746685e-06,1.0,1.0,80,0.0,basal cell,False,False,False,False
32,ENSG00000162631,5.016612,,1.8243587666459511e-06,5.89453559497884e-06,1.0,1.0,81,0.0,basal cell,False,False,False,False
32,ENSG00000173068,4.994639,4.747742,2.003679824351506e-06,6.463483304359696e-06,1.0,1.0,82,0.0,basal cell,False,False,False,False
32,ENSG00000172201,4.9924192,,2.023319228065115e-06,6.505849607926415e-06,1.0,1.0,83,0.0,basal cell,False,False,False,False
32,ENSG00000124762,4.975097,,2.1781130202198175e-06,6.981131475063517e-06,1.0,1.0,84,0.0,basal cell,False,False,False,False
32,ENSG00000286533,4.9643097,5.8791323,2.282791834818695e-06,7.293264647983051e-06,1.0,1.0,85,0.0,basal cell,False,False,False,False
32,ENSG00000211937,4.9515767,,2.4122210523208354e-06,7.670019244263388e-06,1.0,1.0,86,0.0,basal cell,False,False,False,False
32,ENSG00000196616,4.888993,5.7932014,3.144766503327821e-06,9.951792732050066e-06,1.0,1.0,87,0.0,basal cell,False,False,False,False
32,ENSG00000250722,4.884227,6.452119,3.2079509834598976e-06,1.0135706108878033e-05,1.0,1.0,88,0.0,basal cell,False,False,False,False
32,ENSG00000149021,4.871328,,3.3809091173424e-06,1.0665328445875078e-05,1.0,1.0,89,0.0,basal cell,False,False,False,False
32,ENSG00000140563,4.8685813,5.108971,3.4286515974674834e-06,1.0781923262476363e-05,1.0,1.0,90,0.0,basal cell,False,False,False,False
32,ENSG00000169760,4.8652625,,3.478279544438271e-06,1.0920814896195513e-05,1.0,1.0,91,0.0,basal cell,False,False,False,False
32,ENSG00000164692,4.859063,,3.5666604748459115e-06,1.1180753839642356e-05,1.0,1.0,92,0.0,basal cell,False,False,False,False
32,ENSG00000165966,4.8365006,6.905252,3.928605679023632e-06,1.2238646975151503e-05,1.0,1.0,93,0.0,basal cell,False,False,False,False
32,ENSG00000197632,4.824208,,4.13798721117711e-06,1.2870877795263172e-05,1.0,1.0,94,0.0,basal cell,False,False,False,False
32,ENSG00000105974,4.823263,5.1181045,4.144674948790753e-06,1.2871661331648302e-05,1.0,1.0,95,0.0,basal cell,False,False,False,False
32,ENSG00000142871,4.7980237,,4.613756846357234e-06,1.4261999525061e-05,1.0,1.0,96,0.0,basal cell,False,False,False,False
32,ENSG00000081041,4.779004,4.3995194,4.994233546739262e-06,1.536687245150542e-05,1.0,1.0,97,0.0,basal cell,False,False,False,False
32,ENSG00000211945,4.676603,,7.65430130510709e-06,2.3230049484391776e-05,1.0,1.0,98,0.0,basal cell,False,False,False,False
32,ENSG00000244437,4.6530213,,8.435042907868772e-06,2.5483513316824085e-05,1.0,1.0,99,0.0,basal cell,False,False,False,False
32,ENSG00000285744,4.6511197,5.835465,8.497865621833463e-06,2.5600785732707145e-05,1.0,1.0,100,0.0,basal cell,False,False,False,False
34,ENSG00000105835,77.20851,7.781529,0.0,0.0,1.0,1.0,1,0.0,intermediate monocyte,True,True,True,True
34,ENSG00000122862,68.991425,5.4743876,0.0,0.0,1.0,1.0,2,0.0,intermediate monocyte,True,True,True,True
34,ENSG00000143546,61.113853,,0.0,0.0,1.0,1.0,3,0.0,intermediate monocyte,True,True,True,True
34,ENSG00000158869,61.067196,6.421641,0.0,0.0,1.0,1.0,4,0.0,intermediate monocyte,True,True,True,True
34,ENSG00000163220,59.5836,,0.0,0.0,1.0,1.0,5,0.0,intermediate monocyte,True,True,True,True
34,ENSG00000130066,59.574898,,0.0,0.0,1.0,1.0,6,0.0,intermediate monocyte,True,True,True,True
34,ENSG00000011600,58.799736,5.3810406,0.0,0.0,1.0,1.0,7,0.0,intermediate monocyte,True,True,True,True
34,ENSG00000167996,56.785225,,0.0,0.0,1.0,1.0,8,0.0,intermediate monocyte,True,True,True,True
34,ENSG00000155307,50.63812,6.251695,0.0,0.0,1.0,1.0,9,0.0,intermediate monocyte,True,True,True,True
34,ENSG00000204482,49.29455,12.042498,0.0,0.0,1.0,1.0,10,0.0,intermediate monocyte,True,True,True,True
34,ENSG00000011422,48.112877,,0.0,0.0,1.0,1.0,11,0.0,intermediate monocyte,True,True,True,True
34,ENSG00000204472,47.88009,7.8159757,0.0,0.0,1.0,1.0,12,0.0,intermediate monocyte,True,True,True,True
34,ENSG00000087086,46.227596,,0.0,0.0,1.0,1.0,13,0.0,intermediate monocyte,True,True,True,True
34,ENSG00000112096,45.546658,,0.0,0.0,1.0,1.0,14,0.0,intermediate monocyte,True,True,True,True
34,ENSG00000151726,45.219967,7.296928,0.0,0.0,1.0,1.0,15,0.0,intermediate monocyte,True,True,True,True
34,ENSG00000216490,44.83268,5.1126175,0.0,0.0,1.0,1.0,16,0.0,intermediate monocyte,True,True,True,True
34,ENSG00000085265,44.105076,,0.0,0.0,1.0,1.0,17,0.0,intermediate monocyte,True,True,True,True
34,ENSG00000169554,44.011105,4.3647585,0.0,0.0,1.0,1.0,18,0.0,intermediate monocyte,True,True,True,True
34,ENSG00000140379,43.994427,15.537986,0.0,0.0,1.0,1.0,19,0.0,intermediate monocyte,True,True,True,True
34,ENSG00000197405,43.269096,10.435484,1.194242289587068e-305,8.530302068479058e-305,1.0,1.0,20,0.0,intermediate monocyte,True,True,True,True
34,ENSG00000090382,43.064552,5.4640303,5.361684790969118e-305,3.816145758696882e-304,1.0,1.0,21,0.0,intermediate monocyte,True,True,True,True
34,ENSG00000101336,42.150433,9.177701,1.7462015438724622e-293,1.1919464463293258e-292,1.0,1.0,22,0.0,intermediate monocyte,True,True,True,True
34,ENSG00000018280,40.662678,5.233172,7.456099877149973e-279,4.779551203301264e-278,1.0,1.0,23,0.0,intermediate monocyte,True,True,True,True
34,ENSG00000196154,40.364906,7.5655127,6.501842861837306e-277,4.076390508988907e-276,1.0,1.0,24,0.0,intermediate monocyte,True,True,True,True
34,ENSG00000038427,39.397324,,2.603530841905209e-264,1.5360063964042532e-263,1.0,1.0,25,0.0,intermediate monocyte,True,True,True,True
34,ENSG00000145819,39.019768,4.91443,2.382283075528847e-261,1.3890863414162374e-260,1.0,1.0,26,0.0,intermediate monocyte,True,True,True,True
34,ENSG00000043462,38.913296,9.546932,2.0716573792844347e-259,1.2009607995851795e-258,1.0,1.0,27,0.0,intermediate monocyte,True,True,True,True
34,ENSG00000081237,38.447605,4.428513,6.499138813840968e-257,3.724434850338663e-256,1.0,1.0,28,0.0,intermediate monocyte,True,True,True,True
34,ENSG00000103569,37.469444,,9.777584905741468e-244,5.299504013952015e-243,1.0,1.0,29,0.0,intermediate monocyte,True,True,True,True
34,ENSG00000163563,37.225323,11.460348,1.9590682588977208e-241,1.0448364047454512e-240,1.0,1.0,30,0.0,intermediate monocyte,True,True,True,True
34,ENSG00000197249,37.086735,5.0530887,9.010750016272196e-242,4.8444892560603207e-241,1.0,1.0,31,0.0,intermediate monocyte,True,True,True,True
34,ENSG00000119535,37.028084,,3.3788564202948014e-239,1.7830376888099216e-238,1.0,1.0,32,0.0,intermediate monocyte,True,True,True,True
34,ENSG00000198814,36.618484,8.206268,2.5360134157241734e-235,1.3038629386756676e-234,1.0,1.0,33,0.0,intermediate monocyte,True,True,True,True
34,ENSG00000185201,36.257603,,9.304159922345263e-232,4.6872342178061777e-231,1.0,1.0,34,0.0,intermediate monocyte,True,True,True,True
34,ENSG00000116741,35.357635,7.173482,1.719969807270788e-222,8.209879748309251e-222,1.0,1.0,35,0.0,intermediate monocyte,True,True,True,True
34,ENSG00000140678,34.85272,7.904167,4.5024175642253725e-217,2.1039334412268095e-216,1.0,1.0,36,0.0,intermediate monocyte,True,True,True,True
34,ENSG00000115956,34.60623,,1.6139377325724487e-214,7.454677748602534e-214,1.0,1.0,37,0.0,intermediate monocyte,True,True,True,True
34,ENSG00000170345,33.84933,4.4890857,1.5303326798796438e-208,6.816626636434938e-208,1.0,1.0,38,0.0,intermediate monocyte,True,True,True,True
34,ENSG00000127507,33.763206,,7.575246472514673e-206,3.344479678814425e-205,1.0,1.0,39,0.0,intermediate monocyte,True,True,True,True
34,ENSG00000245532,33.71261,3.9482157,8.419794602427263e-208,3.733833526575283e-207,1.0,1.0,40,0.0,intermediate monocyte,True,True,True,True
34,ENSG00000163221,33.538696,,2.219119346920871e-203,9.690477497471051e-203,1.0,1.0,41,0.0,intermediate monocyte,True,True,True,True
34,ENSG00000115590,33.29308,,5.012367290973016e-201,2.1698559701181887e-200,1.0,1.0,42,0.0,intermediate monocyte,True,True,True,True
34,ENSG00000166501,33.10301,8.708844,8.631044122925917e-200,3.6884803944127846e-199,1.0,1.0,43,0.0,intermediate monocyte,True,True,True,True
34,ENSG00000176788,32.922848,,1.0142115625597324e-197,4.3066308388948293e-197,1.0,1.0,44,0.0,intermediate monocyte,True,True,True,True
34,ENSG00000123689,31.63432,,9.863244628761352e-185,3.945297851504541e-184,1.0,1.0,45,0.0,intermediate monocyte,True,True,True,True
34,ENSG00000170458,31.177649,6.6782618,1.2133723407511848e-180,4.7490111183999406e-180,1.0,1.0,46,0.0,intermediate monocyte,True,True,True,True
34,ENSG00000125538,30.888351,,1.2074376316224341e-177,4.661921357615575e-177,1.0,1.0,47,0.0,intermediate monocyte,True,True,True,True
34,ENSG00000082074,30.868639,,6.617597653094062e-178,2.55999909210602e-177,1.0,1.0,48,0.0,intermediate monocyte,True,True,True,True
34,ENSG00000169429,30.506426,,4.832005738663899e-174,1.8233983919486413e-173,1.0,1.0,49,0.0,intermediate monocyte,True,True,True,True
34,ENSG00000137393,29.934088,5.5144,1.4245623145279309e-168,5.276156720473818e-168,1.0,1.0,50,0.0,intermediate monocyte,True,True,True,True
34,ENSG00000143226,29.871204,5.6926284,4.908120447489556e-168,1.811114556269209e-167,1.0,1.0,51,0.0,intermediate monocyte,True,True,True,True
34,ENSG00000102265,29.255503,,1.3216767310965917e-162,4.762799030978709e-162,1.0,1.0,52,0.0,intermediate monocyte,True,True,True,True
34,ENSG00000115919,29.133377,6.4611063,3.9641279260997676e-161,1.41575997360706e-160,1.0,1.0,53,0.0,intermediate monocyte,True,True,True,True
34,ENSG00000184588,28.826395,5.0762258,3.335916775307764e-158,1.1725542268217096e-157,1.0,1.0,54,0.0,intermediate monocyte,True,True,True,True
34,ENSG00000165168,28.708656,4.882205,3.61988937147094e-157,1.2634866916128938e-156,1.0,1.0,55,0.0,intermediate monocyte,True,True,True,True
34,ENSG00000128383,28.689205,,2.1405864847464766e-156,7.458489493890162e-156,1.0,1.0,56,0.0,intermediate monocyte,True,True,True,True
34,ENSG00000162711,28.418621,,5.33348237972884e-154,1.8391318550789103e-153,1.0,1.0,57,0.0,intermediate monocyte,True,True,True,True
34,ENSG00000059804,28.324347,4.651389,1.0887922568063171e-153,3.747993999333278e-153,1.0,1.0,58,0.0,intermediate monocyte,True,True,True,True
34,ENSG00000197329,28.166534,4.987027,5.416876428296864e-152,1.851923565229697e-151,1.0,1.0,59,0.0,intermediate monocyte,True,True,True,True
34,ENSG00000175471,28.015602,5.036361,1.2073373557891204e-150,4.0926690026749844e-150,1.0,1.0,60,0.0,intermediate monocyte,True,True,True,True
34,ENSG00000166523,27.899178,,4.081712728606732e-149,1.3743140500359366e-148,1.0,1.0,61,0.0,intermediate monocyte,True,True,True,True
34,ENSG00000111913,27.88539,,2.2828387972208966e-149,7.71229323385438e-149,1.0,1.0,62,0.0,intermediate monocyte,True,True,True,True
34,ENSG00000248323,27.84634,,1.0412220274454003e-148,3.499905974606388e-148,1.0,1.0,63,0.0,intermediate monocyte,True,True,True,True
34,ENSG00000137801,27.255781,7.088354,1.9805877648361216e-143,6.493730376511874e-143,1.0,1.0,64,0.0,intermediate monocyte,True,True,True,True
34,ENSG00000186431,26.897776,,6.285050196811614e-140,2.004800700737357e-139,1.0,1.0,65,0.0,intermediate monocyte,True,True,True,True
34,ENSG00000183023,26.72631,3.8203351,5.669713245025218e-139,1.7942130522231702e-138,1.0,1.0,66,0.0,intermediate monocyte,True,True,True,True
34,ENSG00000124882,26.168093,,1.6321416645788604e-133,5.029712371583545e-133,1.0,1.0,67,0.0,intermediate monocyte,True,True,True,True
34,ENSG00000100906,26.094091,5.42595,2.750853462930128e-133,8.46416450132347e-133,1.0,1.0,68,0.0,intermediate monocyte,True,True,True,True
34,ENSG00000188641,24.852959,3.049317,1.8230664848660593e-122,5.369857098279998e-122,1.0,1.0,69,0.0,intermediate monocyte,True,True,True,True
34,ENSG00000101439,24.847046,,1.983243068531738e-122,5.833067848622758e-122,1.0,1.0,70,0.0,intermediate monocyte,True,True,True,True
34,ENSG00000158517,24.45606,,1.4603631354482057e-118,4.2146122235157455e-118,1.0,1.0,71,0.0,intermediate monocyte,True,True,True,True
34,ENSG00000110077,24.08439,5.16224,1.6101382790006888e-115,4.587288544161507e-115,1.0,1.0,72,0.0,intermediate monocyte,True,True,True,True
34,ENSG00000128512,23.948195,3.1911578,1.6304302629551e-114,4.599239105656135e-114,1.0,1.0,73,0.0,intermediate monocyte,True,True,True,True
34,ENSG00000198223,23.788208,5.7143536,6.053068890565168e-113,1.686091612970799e-112,1.0,1.0,74,0.0,intermediate monocyte,True,True,True,True
34,ENSG00000140749,23.660067,5.5122457,6.790618950994911e-112,1.883666838001362e-111,1.0,1.0,75,0.0,intermediate monocyte,True,True,True,True
34,ENSG00000076641,23.638775,4.4172945,8.648239724960894e-112,2.3956342728423532e-111,1.0,1.0,76,0.0,intermediate monocyte,True,True,True,True
34,ENSG00000112149,23.199722,3.993785,3.3607643202103762e-108,9.046471925196168e-108,1.0,1.0,77,0.0,intermediate monocyte,True,True,True,True
34,ENSG00000121552,22.656279,,1.1944386212194917e-103,3.1227153495934425e-103,1.0,1.0,78,0.0,intermediate monocyte,True,True,True,True
34,ENSG00000128918,22.335526,,7.949260133681502e-101,2.056729659426003e-100,1.0,1.0,79,0.0,intermediate monocyte,True,True,True,True
34,ENSG00000253736,22.236732,4.9800725,3.480160032501126e-100,8.95794088159878e-100,1.0,1.0,80,0.0,intermediate monocyte,True,True,True,True
34,ENSG00000118503,22.193071,4.054406,5.943453367087305e-100,1.5259187078529668e-99,1.0,1.0,81,0.0,intermediate monocyte,True,True,True,True
34,ENSG00000204103,22.147427,6.31985,1.905227972634123e-99,4.878944872302492e-99,1.0,1.0,82,0.0,intermediate monocyte,True,True,True,True
34,ENSG00000183486,21.78096,,1.8547085710601618e-96,4.665933512101036e-96,1.0,1.0,83,0.0,intermediate monocyte,True,True,True,True
34,ENSG00000158825,21.583649,,8.661058098681899e-95,2.170691252802481e-94,1.0,1.0,84,0.0,intermediate monocyte,True,True,True,True
34,ENSG00000146592,21.46432,7.1885843,5.676053859907772e-94,1.4190134649769432e-93,1.0,1.0,85,0.0,intermediate monocyte,True,True,True,True
34,ENSG00000166825,21.279144,5.636676,1.6967360364106855e-92,4.215493258163193e-92,1.0,1.0,86,0.0,intermediate monocyte,True,True,True,True
34,ENSG00000109321,21.255474,5.8973875,2.280688959291217e-92,5.6522650787886425e-92,1.0,1.0,87,0.0,intermediate monocyte,True,True,True,True
34,ENSG00000203710,21.016115,,2.3591152955718437e-90,5.789239989133358e-90,1.0,1.0,88,0.0,intermediate monocyte,True,True,True,True
34,ENSG00000188404,20.674116,,9.535106318605517e-88,2.308742450025549e-87,1.0,1.0,89,0.0,intermediate monocyte,True,True,True,True
34,ENSG00000257764,20.6436,4.744453,1.4001125584548396e-87,3.386003768935525e-87,1.0,1.0,90,0.0,intermediate monocyte,True,True,True,True
34,ENSG00000170542,20.334997,4.893769,2.8473672123631436e-85,6.803744832408944e-85,1.0,1.0,91,0.0,intermediate monocyte,True,True,True,True
34,ENSG00000123610,20.331692,,4.017547565552263e-85,9.576990621101937e-85,1.0,1.0,92,0.0,intermediate monocyte,True,True,True,True
34,ENSG00000185215,19.843493,,1.5677004079713695e-81,3.6800479060360784e-81,1.0,1.0,93,0.0,intermediate monocyte,True,True,True,True
34,ENSG00000114013,19.697039,4.3825183,1.9306987165032796e-80,4.505714624278365e-80,1.0,1.0,94,0.0,intermediate monocyte,True,True,True,True
34,ENSG00000145416,19.692684,4.9189696,2.0183936223697823e-80,4.704880238624202e-80,1.0,1.0,95,0.0,intermediate monocyte,True,True,True,True
34,ENSG00000120594,19.534594,2.494493,1.8041440383452864e-79,4.1810985824919734e-79,1.0,1.0,96,0.0,intermediate monocyte,True,True,True,True
34,ENSG00000075884,19.438276,3.7192767,1.2273687718864248e-78,2.8280386448995963e-78,1.0,1.0,97,0.0,intermediate monocyte,True,True,True,True
34,ENSG00000162747,19.265364,,3.8490489465504274e-77,8.787782982991843e-77,1.0,1.0,98,0.0,intermediate monocyte,True,True,True,True
34,ENSG00000286076,19.12178,,4.168705863033269e-76,9.442142385126317e-76,1.0,1.0,99,0.0,intermediate monocyte,True,True,True,True
34,ENSG00000197766,18.75927,4.51331,1.0461384076440335e-73,2.345601810861062e-73,1.0,1.0,100,0.0,intermediate monocyte,True,True,True,True
35,ENSG00000075884,21.860106,6.619003,1.31038655252654e-51,1.5326158509082338e-50,1.0,1.0,1,0.0,"CD4-positive, alpha-beta T cell",False,False,False,False
35,ENSG00000141293,19.313154,8.529113,5.717349010705426e-45,5.894174237840645e-44,1.0,1.0,2,0.0,"CD4-positive, alpha-beta T cell",False,False,False,False
35,ENSG00000081237,17.007544,4.804902,9.085462710500786e-39,8.004812960793644e-38,1.0,1.0,3,0.0,"CD4-positive, alpha-beta T cell",False,False,False,False
35,ENSG00000144642,15.201265,4.9876857,1.0914918565341406e-33,8.494100050849343e-33,1.0,1.0,4,0.0,"CD4-positive, alpha-beta T cell",False,False,False,False
35,ENSG00000185532,15.014533,5.0270863,3.7917660751566846e-33,2.916743134735911e-32,1.0,1.0,5,0.0,"CD4-positive, alpha-beta T cell",False,False,False,False
35,ENSG00000188641,14.9720745,4.1643004,4.891491553382848e-33,3.733963017849502e-32,1.0,1.0,6,0.0,"CD4-positive, alpha-beta T cell",False,False,False,False
35,ENSG00000113448,13.83486,4.967422,8.493920903284589e-30,6.132794876017754e-29,1.0,1.0,7,0.0,"CD4-positive, alpha-beta T cell",False,False,False,False
35,ENSG00000111913,13.427011,7.5060496,1.3648581682935654e-28,9.511206747690352e-28,1.0,1.0,8,0.0,"CD4-positive, alpha-beta T cell",False,False,False,False
35,ENSG00000188906,13.271029,4.7945065,3.71142582189244e-28,2.559604015098234e-27,1.0,1.0,9,0.0,"CD4-positive, alpha-beta T cell",False,False,False,False
35,ENSG00000136250,13.013833,6.31138,2.0890649763146774e-27,1.416315238179442e-26,1.0,1.0,10,0.0,"CD4-positive, alpha-beta T cell",False,False,False,False
35,ENSG00000198821,12.937983,7.8355,3.457243869069544e-27,2.3125377050632402e-26,1.0,1.0,11,0.0,"CD4-positive, alpha-beta T cell",False,False,False,False
35,ENSG00000169744,12.93741,4.9636707,3.3936435682189726e-27,2.2776131330328673e-26,1.0,1.0,12,0.0,"CD4-positive, alpha-beta T cell",False,False,False,False
35,ENSG00000010810,12.688409,4.844597,1.7357299993289272e-26,1.1419276311374522e-25,1.0,1.0,13,0.0,"CD4-positive, alpha-beta T cell",False,False,False,False
35,ENSG00000151150,12.495169,6.0622497,6.118766491200905e-26,3.973224994286302e-25,1.0,1.0,14,0.0,"CD4-positive, alpha-beta T cell",False,False,False,False
35,ENSG00000185565,12.345273,4.715084,1.661585973784802e-25,1.0617162771787874e-24,1.0,1.0,15,0.0,"CD4-positive, alpha-beta T cell",False,False,False,False
35,ENSG00000135905,12.269102,5.532562,2.818107458470041e-25,1.7949729034841025e-24,1.0,1.0,16,0.0,"CD4-positive, alpha-beta T cell",False,False,False,False
35,ENSG00000117114,12.173083,5.9455824,5.303245396112751e-25,3.3458961489670355e-24,1.0,1.0,17,0.0,"CD4-positive, alpha-beta T cell",False,False,False,False
35,ENSG00000198846,12.098579,6.352817,8.762469406834409e-25,5.493711226855429e-24,1.0,1.0,18,0.0,"CD4-positive, alpha-beta T cell",False,False,False,False
35,ENSG00000085276,11.598649,5.2256665,2.2628448542751843e-23,1.3755895770669814e-22,1.0,1.0,19,0.0,"CD4-positive, alpha-beta T cell",False,False,False,False
35,ENSG00000172673,11.242397,8.6085005,2.4319135500624767e-22,1.4421608828953975e-21,1.0,1.0,20,0.0,"CD4-positive, alpha-beta T cell",False,False,False,False
35,ENSG00000182667,11.118557,5.3469024,5.375465253778261e-22,3.1252704963827098e-21,1.0,1.0,21,0.0,"CD4-positive, alpha-beta T cell",False,False,False,False
35,ENSG00000064989,11.078665,5.1625824,6.97850501113587e-22,4.033817925512063e-21,1.0,1.0,22,0.0,"CD4-positive, alpha-beta T cell",False,False,False,False
35,ENSG00000185811,11.017303,6.330504,1.0463852910327707e-21,5.996477312508715e-21,1.0,1.0,23,0.0,"CD4-positive, alpha-beta T cell",False,False,False,False
35,ENSG00000104490,10.689384,5.967468,8.836576960537897e-21,5.0207823639419874e-20,1.0,1.0,24,0.0,"CD4-positive, alpha-beta T cell",False,False,False,False
35,ENSG00000164483,10.688833,9.936931,8.946461155437943e-21,5.068816518661724e-20,1.0,1.0,25,0.0,"CD4-positive, alpha-beta T cell",False,False,False,False
35,ENSG00000173482,10.643152,3.8587852,1.1609737218549008e-20,6.559173569801699e-20,1.0,1.0,26,0.0,"CD4-positive, alpha-beta T cell",False,False,False,False
35,ENSG00000069667,10.522214,5.9407516,2.572357391167955e-20,1.44514460177975e-19,1.0,1.0,27,0.0,"CD4-positive, alpha-beta T cell",False,False,False,False
35,ENSG00000182621,10.422362,7.691431,4.9541587568710626e-20,2.744686291895326e-19,1.0,1.0,28,0.0,"CD4-positive, alpha-beta T cell",False,False,False,False
35,ENSG00000184903,10.395567,6.813691,5.812050694978262e-20,3.202231787866811e-19,1.0,1.0,29,0.0,"CD4-positive, alpha-beta T cell",False,False,False,False
35,ENSG00000171310,10.382981,4.126768,6.307961972422613e-20,3.465913171660776e-19,1.0,1.0,30,0.0,"CD4-positive, alpha-beta T cell",False,False,False,False
35,ENSG00000144724,10.186541,3.9921274,2.1917256267455047e-19,1.1911552319269046e-18,1.0,1.0,31,0.0,"CD4-positive, alpha-beta T cell",False,False,False,False
35,ENSG00000168878,9.973022,2.8962095,8.360477066617025e-19,4.458921102195747e-18,1.0,1.0,32,0.0,"CD4-positive, alpha-beta T cell",False,False,False,False
35,ENSG00000115232,9.697148,6.893728,5.137501078120439e-18,2.682768187008062e-17,1.0,1.0,33,0.0,"CD4-positive, alpha-beta T cell",False,False,False,False
35,ENSG00000154217,9.592115,4.861732,9.877154925841288e-18,5.1309895718656046e-17,1.0,1.0,34,0.0,"CD4-positive, alpha-beta T cell",False,False,False,False
35,ENSG00000145703,9.573019,4.761169,1.1201131649906314e-17,5.803695155391872e-17,1.0,1.0,35,0.0,"CD4-positive, alpha-beta T cell",False,False,False,False
35,ENSG00000145147,9.546222,5.98567,1.3291532868299478e-17,6.869009234263296e-17,1.0,1.0,36,0.0,"CD4-positive, alpha-beta T cell",False,False,False,False
35,ENSG00000112232,9.530671,5.0500555,1.4650691573258578e-17,7.532489240749912e-17,1.0,1.0,37,0.0,"CD4-positive, alpha-beta T cell",False,False,False,False
35,ENSG00000082074,9.487416,6.150436,1.9220830109008392e-17,9.856835953337637e-17,1.0,1.0,38,0.0,"CD4-positive, alpha-beta T cell",False,False,False,False
35,ENSG00000176771,9.408433,4.7746415,3.152978569570216e-17,1.608662535495008e-16,1.0,1.0,39,0.0,"CD4-positive, alpha-beta T cell",False,False,False,False
35,ENSG00000128512,9.323259,3.206483,5.3047688712906476e-17,2.68595892217248e-16,1.0,1.0,40,0.0,"CD4-positive, alpha-beta T cell",False,False,False,False
35,ENSG00000148516,9.2586775,5.080541,8.067971377580422e-17,4.064469207849079e-16,1.0,1.0,41,0.0,"CD4-positive, alpha-beta T cell",False,False,False,False
35,ENSG00000182010,9.230441,6.0108714,9.698087472083687e-17,4.873410789991803e-16,1.0,1.0,42,0.0,"CD4-positive, alpha-beta T cell",False,False,False,False
35,ENSG00000185008,9.089562,7.00044,2.326057751782514e-16,1.1572426625783652e-15,1.0,1.0,43,0.0,"CD4-positive, alpha-beta T cell",False,False,False,False
35,ENSG00000131018,9.082437,3.8111768,2.4063807727834803e-16,1.1942336341357224e-15,1.0,1.0,44,0.0,"CD4-positive, alpha-beta T cell",False,False,False,False
35,ENSG00000134532,9.051774,5.594544,2.916911477950726e-16,1.4404501125682597e-15,1.0,1.0,45,0.0,"CD4-positive, alpha-beta T cell",False,False,False,False
35,ENSG00000134215,8.902025,5.9431314,7.437735584740871e-16,3.645948816049446e-15,1.0,1.0,46,0.0,"CD4-positive, alpha-beta T cell",False,False,False,False
35,ENSG00000245532,8.798037,2.6599565,1.307355504835166e-15,6.377343926025199e-15,1.0,1.0,47,0.0,"CD4-positive, alpha-beta T cell",False,False,False,False
35,ENSG00000065675,8.721694,7.0722814,2.2624833575755277e-15,1.0956335872036454e-14,1.0,1.0,48,0.0,"CD4-positive, alpha-beta T cell",False,False,False,False
35,ENSG00000158321,8.607441,4.9474764,4.489925910159354e-15,2.153441683529666e-14,1.0,1.0,49,0.0,"CD4-positive, alpha-beta T cell",False,False,False,False
35,ENSG00000171791,8.549283,5.964193,6.4743315215913196e-15,3.0977662782733585e-14,1.0,1.0,50,0.0,"CD4-positive, alpha-beta T cell",False,False,False,False
35,ENSG00000196628,8.4639635,4.331731,1.0726059090589502e-14,5.1198372747443923e-14,1.0,1.0,51,0.0,"CD4-positive, alpha-beta T cell",False,False,False,False
35,ENSG00000080298,8.452298,4.5955873,1.1552781784235328e-14,5.4882573796842416e-14,1.0,1.0,52,0.0,"CD4-positive, alpha-beta T cell",False,False,False,False
35,ENSG00000127152,8.394743,7.4288673,1.649205664542701e-14,7.816140590249767e-14,1.0,1.0,53,0.0,"CD4-positive, alpha-beta T cell",False,False,False,False
35,ENSG00000186469,8.3815775,5.086888,1.7804130404853093e-14,8.418028560214228e-14,1.0,1.0,54,0.0,"CD4-positive, alpha-beta T cell",False,False,False,False
35,ENSG00000144331,8.274175,3.8758235,3.3830011541300245e-14,1.5662042380231597e-13,1.0,1.0,55,0.0,"CD4-positive, alpha-beta T cell",False,False,False,False
35,ENSG00000205045,8.268673,7.62952,3.532318431473163e-14,1.6315558574933778e-13,1.0,1.0,56,0.0,"CD4-positive, alpha-beta T cell",False,False,False,False
35,ENSG00000196569,8.255713,4.4451895,3.788915502105726e-14,1.7460440101869706e-13,1.0,1.0,57,0.0,"CD4-positive, alpha-beta T cell",False,False,False,False
35,ENSG00000138378,8.251536,4.7878785,3.892820845545265e-14,1.7856976355712224e-13,1.0,1.0,58,0.0,"CD4-positive, alpha-beta T cell",False,False,False,False
35,ENSG00000109452,8.197903,,5.380490869919397e-14,2.4568451460819167e-13,1.0,1.0,59,0.0,"CD4-positive, alpha-beta T cell",False,False,False,False
35,ENSG00000169554,8.172949,3.2174623,6.192350200573093e-14,2.8147046366241335e-13,1.0,1.0,60,0.0,"CD4-positive, alpha-beta T cell",False,False,False,False
35,ENSG00000156475,8.048725,7.4229975,1.3146932354642178e-13,5.869166229750973e-13,1.0,1.0,61,0.0,"CD4-positive, alpha-beta T cell",False,False,False,False
35,ENSG00000152270,7.997105,4.6575394,1.771848809919356e-13,7.874883599641583e-13,1.0,1.0,62,0.0,"CD4-positive, alpha-beta T cell",False,False,False,False
35,ENSG00000233237,7.864313,5.064632,3.886960995434056e-13,1.7048074541377438e-12,1.0,1.0,63,0.0,"CD4-positive, alpha-beta T cell",False,False,False,False
35,ENSG00000186153,7.852494,5.154164,4.148323870718841e-13,1.8075485275463358e-12,1.0,1.0,64,0.0,"CD4-positive, alpha-beta T cell",False,False,False,False
35,ENSG00000182985,7.804211,4.8831096,5.520207005819023e-13,2.40009000253001e-12,1.0,1.0,65,0.0,"CD4-positive, alpha-beta T cell",False,False,False,False
35,ENSG00000140563,7.797515,5.635861,5.75366863294132e-13,2.496168604312937e-12,1.0,1.0,66,0.0,"CD4-positive, alpha-beta T cell",False,False,False,False
35,ENSG00000161405,7.687697,10.71957,1.0947484247840712e-12,4.688430084728356e-12,1.0,1.0,67,0.0,"CD4-positive, alpha-beta T cell",False,False,False,False
35,ENSG00000179399,7.669317,4.197698,1.2120267910198114e-12,5.179601671024835e-12,1.0,1.0,68,0.0,"CD4-positive, alpha-beta T cell",False,False,False,False
35,ENSG00000245164,7.667321,,1.2345934739228324e-12,5.264790933572846e-12,1.0,1.0,69,0.0,"CD4-positive, alpha-beta T cell",False,False,False,False
35,ENSG00000198286,7.631896,7.0710235,1.5131181275643922e-12,6.438800542827201e-12,1.0,1.0,70,0.0,"CD4-positive, alpha-beta T cell",False,False,False,False
35,ENSG00000166501,7.615884,5.23901,1.6565872273906371e-12,7.034340668325423e-12,1.0,1.0,71,0.0,"CD4-positive, alpha-beta T cell",False,False,False,False
35,ENSG00000100351,7.5755167,8.461755,2.1007903732653713e-12,8.882834559261612e-12,1.0,1.0,72,0.0,"CD4-positive, alpha-beta T cell",False,False,False,False
35,ENSG00000064042,7.532731,3.7870634,2.662481806611632e-12,1.1186898347107699e-11,1.0,1.0,73,0.0,"CD4-positive, alpha-beta T cell",False,False,False,False
35,ENSG00000184384,7.4366226,4.091447,4.625365877652867e-12,1.9312592391034935e-11,1.0,1.0,74,0.0,"CD4-positive, alpha-beta T cell",False,False,False,False
35,ENSG00000276644,7.3709903,5.255261,6.775124813920264e-12,2.805434705557045e-11,1.0,1.0,75,0.0,"CD4-positive, alpha-beta T cell",False,False,False,False
35,ENSG00000081803,7.3424983,4.4003906,7.938451049202557e-12,3.2735880615268276e-11,1.0,1.0,76,0.0,"CD4-positive, alpha-beta T cell",False,False,False,False
35,ENSG00000152894,7.319789,8.072195,9.016022260666169e-12,3.7026785464748124e-11,1.0,1.0,77,0.0,"CD4-positive, alpha-beta T cell",False,False,False,False
35,ENSG00000153283,7.299613,7.2109857,1.0158835708046666e-11,4.163457257396175e-11,1.0,1.0,78,0.0,"CD4-positive, alpha-beta T cell",False,False,False,False
35,ENSG00000144218,7.2946305,4.0589175,1.0410679227846981e-11,4.257946514456843e-11,1.0,1.0,79,0.0,"CD4-positive, alpha-beta T cell",False,False,False,False
35,ENSG00000120594,7.085818,2.8484294,3.362418898430216e-11,1.3558140719476676e-10,1.0,1.0,80,0.0,"CD4-positive, alpha-beta T cell",False,False,False,False
35,ENSG00000168484,6.9340577,2.516218,7.756374571967536e-11,3.1025498287870144e-10,1.0,1.0,81,0.0,"CD4-positive, alpha-beta T cell",False,False,False,False
35,ENSG00000104447,6.894903,5.133558,9.772168546522209e-11,3.893294241642314e-10,1.0,1.0,82,0.0,"CD4-positive, alpha-beta T cell",False,False,False,False
35,ENSG00000163637,6.880625,4.2527437,1.0577660678075826e-10,4.189172545772604e-10,1.0,1.0,83,0.0,"CD4-positive, alpha-beta T cell",False,False,False,False
35,ENSG00000163564,6.8422585,10.046248,1.3092630781897154e-10,5.16474587057087e-10,1.0,1.0,84,0.0,"CD4-positive, alpha-beta T cell",False,False,False,False
35,ENSG00000136237,6.8333054,4.05895,1.371088279211362e-10,5.387380271950341e-10,1.0,1.0,85,0.0,"CD4-positive, alpha-beta T cell",False,False,False,False
35,ENSG00000069702,6.828958,4.819251,1.4064101368057022e-10,5.515333869826283e-10,1.0,1.0,86,0.0,"CD4-positive, alpha-beta T cell",False,False,False,False
35,ENSG00000124203,6.8120008,5.8815536,1.5454923693055758e-10,6.048893813329064e-10,1.0,1.0,87,0.0,"CD4-positive, alpha-beta T cell",False,False,False,False
35,ENSG00000164741,6.767688,3.3215318,1.9572840170033371e-10,7.571698324964553e-10,1.0,1.0,88,0.0,"CD4-positive, alpha-beta T cell",False,False,False,False
35,ENSG00000169946,6.7092705,4.6026154,2.700393687124657e-10,1.0366194576294269e-09,1.0,1.0,89,0.0,"CD4-positive, alpha-beta T cell",False,False,False,False
35,ENSG00000234663,6.696654,7.759171,2.898658724547198e-10,1.1105972124701907e-09,1.0,1.0,90,0.0,"CD4-positive, alpha-beta T cell",False,False,False,False
35,ENSG00000079335,6.6587124,5.0188966,3.5534613903334447e-10,1.3511260039290666e-09,1.0,1.0,91,0.0,"CD4-positive, alpha-beta T cell",False,False,False,False
35,ENSG00000183580,6.570227,4.821307,5.712530953242795e-10,2.151612411767531e-09,1.0,1.0,92,0.0,"CD4-positive, alpha-beta T cell",False,False,False,False
35,ENSG00000150672,6.56089,3.5832553,5.998878985861024e-10,2.246771155753192e-09,1.0,1.0,93,0.0,"CD4-positive, alpha-beta T cell",False,False,False,False
35,ENSG00000145819,6.540936,3.067221,6.674251503716179e-10,2.4811343879985794e-09,1.0,1.0,94,0.0,"CD4-positive, alpha-beta T cell",False,False,False,False
35,ENSG00000076641,6.4716196,3.9116814,9.689678489166206e-10,3.582136225200076e-09,1.0,1.0,95,0.0,"CD4-positive, alpha-beta T cell",False,False,False,False
35,ENSG00000106415,6.454932,5.7431903,1.0593347756146334e-09,3.894613145642035e-09,1.0,1.0,96,0.0,"CD4-positive, alpha-beta T cell",False,False,False,False
35,ENSG00000165929,6.4338255,5.931172,1.1860726311503747e-09,4.3525601143133014e-09,1.0,1.0,97,0.0,"CD4-positive, alpha-beta T cell",False,False,False,False
35,ENSG00000173068,6.4133606,4.687983,1.3215915059409527e-09,4.8409945272562365e-09,1.0,1.0,98,0.0,"CD4-positive, alpha-beta T cell",False,False,False,False
35,ENSG00000140718,6.3948455,4.173266,1.4553075477784014e-09,5.313370015598773e-09,1.0,1.0,99,0.0,"CD4-positive, alpha-beta T cell",False,False,False,False
35,ENSG00000172264,6.3940415,3.666542,1.4585200692818632e-09,5.313370015598773e-09,1.0,1.0,100,0.0,"CD4-positive, alpha-beta T cell",False,False,False,False
36,ENSG00000169744,97.06126,,0.0,0.0,1.0,1.0,1,0.0,capillary endothelial cell,True,True,False,True
36,ENSG00000116016,96.71465,,0.0,0.0,1.0,1.0,2,0.0,capillary endothelial cell,True,True,False,True
36,ENSG00000196628,96.595116,,0.0,0.0,1.0,1.0,3,0.0,capillary endothelial cell,True,True,False,True
36,ENSG00000261371,91.649506,,0.0,0.0,1.0,1.0,4,0.0,capillary endothelial cell,True,True,False,True
36,ENSG00000064989,84.629684,,0.0,0.0,1.0,1.0,5,0.0,capillary endothelial cell,True,True,False,True
36,ENSG00000110799,81.7405,,0.0,0.0,1.0,1.0,6,0.0,capillary endothelial cell,True,True,False,True
36,ENSG00000173482,74.214066,8.36949,0.0,0.0,1.0,1.0,7,0.0,capillary endothelial cell,True,True,False,True
36,ENSG00000172889,73.92249,,0.0,0.0,1.0,1.0,8,0.0,capillary endothelial cell,True,True,False,True
36,ENSG00000127329,73.61583,,0.0,0.0,1.0,1.0,9,0.0,capillary endothelial cell,True,True,False,True
36,ENSG00000117114,67.893654,,0.0,0.0,1.0,1.0,10,0.0,capillary endothelial cell,True,True,False,True
36,ENSG00000157554,65.41942,,0.0,0.0,1.0,1.0,11,0.0,capillary endothelial cell,True,True,False,True
36,ENSG00000100234,64.881454,,0.0,0.0,1.0,1.0,12,0.0,capillary endothelial cell,True,True,False,True
36,ENSG00000184113,64.844154,,0.0,0.0,1.0,1.0,13,0.0,capillary endothelial cell,True,True,False,True
36,ENSG00000003436,63.31533,,0.0,0.0,1.0,1.0,14,0.0,capillary endothelial cell,True,True,False,True
36,ENSG00000174640,62.297886,,0.0,0.0,1.0,1.0,15,0.0,capillary endothelial cell,True,True,False,True
36,ENSG00000148516,61.868027,,0.0,0.0,1.0,1.0,16,0.0,capillary endothelial cell,True,True,False,True
36,ENSG00000152583,60.243126,,0.0,0.0,1.0,1.0,17,0.0,capillary endothelial cell,True,True,False,True
36,ENSG00000105974,59.93819,,0.0,0.0,1.0,1.0,18,0.0,capillary endothelial cell,True,True,False,True
36,ENSG00000162618,59.746807,,0.0,0.0,1.0,1.0,19,0.0,capillary endothelial cell,True,True,False,True
36,ENSG00000144724,59.217537,,0.0,0.0,1.0,1.0,20,0.0,capillary endothelial cell,True,True,False,True
36,ENSG00000110328,58.821663,,0.0,0.0,1.0,1.0,21,0.0,capillary endothelial cell,True,True,False,True
36,ENSG00000102755,58.530846,,0.0,0.0,1.0,1.0,22,0.0,capillary endothelial cell,True,True,False,True
36,ENSG00000184005,58.016983,,0.0,0.0,1.0,1.0,23,0.0,capillary endothelial cell,True,True,False,True
36,ENSG00000120278,56.895927,,0.0,0.0,1.0,1.0,24,0.0,capillary endothelial cell,True,True,False,True
36,ENSG00000128512,56.736286,4.401622,0.0,0.0,1.0,1.0,25,0.0,capillary endothelial cell,True,True,False,True
36,ENSG00000164035,56.466858,,0.0,0.0,1.0,1.0,26,0.0,capillary endothelial cell,True,True,False,True
36,ENSG00000179776,56.191887,,0.0,0.0,1.0,1.0,27,0.0,capillary endothelial cell,True,True,False,True
36,ENSG00000047617,55.980694,,0.0,0.0,1.0,1.0,28,0.0,capillary endothelial cell,True,True,False,True
36,ENSG00000240583,54.212902,,0.0,0.0,1.0,1.0,29,0.0,capillary endothelial cell,True,True,False,True
36,ENSG00000118946,54.080303,,0.0,0.0,1.0,1.0,30,0.0,capillary endothelial cell,True,True,False,True
36,ENSG00000165949,53.794693,,0.0,0.0,1.0,1.0,31,0.0,capillary endothelial cell,True,True,False,True
36,ENSG00000127920,53.428772,,0.0,0.0,1.0,1.0,32,0.0,capillary endothelial cell,True,True,False,True
36,ENSG00000151276,52.618755,,0.0,0.0,1.0,1.0,33,0.0,capillary endothelial cell,True,True,False,True
36,ENSG00000183580,52.495163,,0.0,0.0,1.0,1.0,34,0.0,capillary endothelial cell,True,True,False,True
36,ENSG00000134871,51.67906,,0.0,0.0,1.0,1.0,35,0.0,capillary endothelial cell,True,True,False,True
36,ENSG00000136237,51.52872,,0.0,0.0,1.0,1.0,36,0.0,capillary endothelial cell,True,True,False,True
36,ENSG00000122679,51.170967,,0.0,0.0,1.0,1.0,37,0.0,capillary endothelial cell,True,True,False,True
36,ENSG00000091428,51.005554,,0.0,0.0,1.0,1.0,38,0.0,capillary endothelial cell,True,True,False,True
36,ENSG00000169908,50.329376,,0.0,0.0,1.0,1.0,39,0.0,capillary endothelial cell,True,True,False,True
36,ENSG00000267107,50.2949,,0.0,0.0,1.0,1.0,40,0.0,capillary endothelial cell,True,True,False,True
36,ENSG00000113140,49.970795,,0.0,0.0,1.0,1.0,41,0.0,capillary endothelial cell,True,True,False,True
36,ENSG00000125810,49.378586,,0.0,0.0,1.0,1.0,42,0.0,capillary endothelial cell,True,True,False,True
36,ENSG00000113594,49.242256,,0.0,0.0,1.0,1.0,43,0.0,capillary endothelial cell,True,True,False,True
36,ENSG00000131477,49.137913,,0.0,0.0,1.0,1.0,44,0.0,capillary endothelial cell,True,True,False,True
36,ENSG00000168952,48.573853,,0.0,0.0,1.0,1.0,45,0.0,capillary endothelial cell,True,True,False,True
36,ENSG00000046889,48.47404,,0.0,0.0,1.0,1.0,46,0.0,capillary endothelial cell,True,True,False,True
36,ENSG00000120156,48.085526,,0.0,0.0,1.0,1.0,47,0.0,capillary endothelial cell,True,True,False,True
36,ENSG00000117461,47.646664,,0.0,0.0,1.0,1.0,48,0.0,capillary endothelial cell,True,True,False,True
36,ENSG00000134531,47.549614,,0.0,0.0,1.0,1.0,49,0.0,capillary endothelial cell,True,True,False,True
36,ENSG00000144642,47.511314,6.004118,0.0,0.0,1.0,1.0,50,0.0,capillary endothelial cell,True,True,False,True
36,ENSG00000276644,47.1009,,0.0,0.0,1.0,1.0,51,0.0,capillary endothelial cell,True,True,False,True
36,ENSG00000081803,46.970295,,0.0,0.0,1.0,1.0,52,0.0,capillary endothelial cell,True,True,False,True
36,ENSG00000150687,46.875683,,0.0,0.0,1.0,1.0,53,0.0,capillary endothelial cell,True,True,False,True
36,ENSG00000141753,46.48114,,0.0,0.0,1.0,1.0,54,0.0,capillary endothelial cell,True,True,False,True
36,ENSG00000176435,46.267128,,0.0,0.0,1.0,1.0,55,0.0,capillary endothelial cell,True,True,False,True
36,ENSG00000187498,46.165546,,0.0,0.0,1.0,1.0,56,0.0,capillary endothelial cell,True,True,False,True
36,ENSG00000175899,45.729843,6.4128585,0.0,0.0,1.0,1.0,57,0.0,capillary endothelial cell,True,True,False,True
36,ENSG00000069122,45.223667,,0.0,0.0,1.0,1.0,58,0.0,capillary endothelial cell,True,True,False,True
36,ENSG00000165810,45.110264,,0.0,0.0,1.0,1.0,59,0.0,capillary endothelial cell,True,True,False,True
36,ENSG00000126785,44.459587,,0.0,0.0,1.0,1.0,60,0.0,capillary endothelial cell,True,True,False,True
36,ENSG00000122786,44.307343,,0.0,0.0,1.0,1.0,61,0.0,capillary endothelial cell,True,True,False,True
36,ENSG00000138411,44.147423,,0.0,0.0,1.0,1.0,62,0.0,capillary endothelial cell,True,True,False,True
36,ENSG00000168497,44.07371,,0.0,0.0,1.0,1.0,63,0.0,capillary endothelial cell,True,True,False,True
36,ENSG00000233237,44.062077,,0.0,0.0,1.0,1.0,64,0.0,capillary endothelial cell,True,True,False,True
36,ENSG00000142089,43.763847,,0.0,0.0,1.0,1.0,65,0.0,capillary endothelial cell,True,True,False,True
36,ENSG00000163072,43.398342,,0.0,0.0,1.0,1.0,66,0.0,capillary endothelial cell,True,True,False,True
36,ENSG00000109906,43.375706,4.527724,0.0,0.0,1.0,1.0,67,0.0,capillary endothelial cell,True,True,False,True
36,ENSG00000156298,43.038456,,0.0,0.0,1.0,1.0,68,0.0,capillary endothelial cell,True,True,False,True
36,ENSG00000137834,42.972397,,0.0,0.0,1.0,1.0,69,0.0,capillary endothelial cell,True,True,False,True
36,ENSG00000133687,42.326942,,0.0,0.0,1.0,1.0,70,0.0,capillary endothelial cell,True,True,False,True
36,ENSG00000099260,41.921177,,0.0,0.0,1.0,1.0,71,0.0,capillary endothelial cell,True,True,False,True
36,ENSG00000183722,41.67642,,0.0,0.0,1.0,1.0,72,0.0,capillary endothelial cell,True,True,False,True
36,ENSG00000166265,41.61421,,0.0,0.0,1.0,1.0,73,0.0,capillary endothelial cell,True,True,False,True
36,ENSG00000142748,41.481182,,0.0,0.0,1.0,1.0,74,0.0,capillary endothelial cell,True,True,False,True
36,ENSG00000106366,40.727524,,0.0,0.0,1.0,1.0,75,0.0,capillary endothelial cell,True,True,False,True
36,ENSG00000166292,40.41589,,5.5630059244214e-311,4.55984092165685e-310,1.0,1.0,76,0.0,capillary endothelial cell,True,True,False,True
36,ENSG00000095637,40.401657,7.3347707,0.0,0.0,1.0,1.0,77,0.0,capillary endothelial cell,True,True,False,True
36,ENSG00000134138,40.019016,,4.534223864534364e-307,3.686360865475093e-306,1.0,1.0,78,0.0,capillary endothelial cell,True,True,False,True
36,ENSG00000163638,39.834213,,6.826191559570881e-304,5.460953247656705e-303,1.0,1.0,79,0.0,capillary endothelial cell,True,True,False,True
36,ENSG00000268388,39.74604,,4.084005145347213e-302,3.215752082950561e-301,1.0,1.0,80,0.0,capillary endothelial cell,True,True,False,True
36,ENSG00000150938,39.61923,,2.503347971641139e-302,1.9867841044770943e-301,1.0,1.0,81,0.0,capillary endothelial cell,True,True,False,True
36,ENSG00000081189,39.58704,6.066526,3.3310717171479386e-302,2.633258274425248e-301,1.0,1.0,82,0.0,capillary endothelial cell,True,True,False,True
36,ENSG00000148655,39.420372,3.7142155,3.538652433195077e-301,2.764572213433654e-300,1.0,1.0,83,0.0,capillary endothelial cell,True,True,False,True
36,ENSG00000163453,39.371616,,1.3578736723648073e-299,1.0445182095113903e-298,1.0,1.0,84,0.0,capillary endothelial cell,True,True,False,True
36,ENSG00000165507,39.156048,,1.348445667673727e-294,1.0176948435273412e-293,1.0,1.0,85,0.0,capillary endothelial cell,True,True,False,True
36,ENSG00000156049,39.039577,,1.1311314346123813e-293,8.504747628664521e-293,1.0,1.0,86,0.0,capillary endothelial cell,True,True,False,True
36,ENSG00000172985,39.031513,,1.4500072206621882e-293,1.0861477308330998e-292,1.0,1.0,87,0.0,capillary endothelial cell,True,True,False,True
36,ENSG00000120549,38.725334,,1.9921090485427604e-290,1.4701911797363545e-289,1.0,1.0,88,0.0,capillary endothelial cell,True,True,False,True
36,ENSG00000125266,37.747795,,2.1116292773890885e-276,1.4976094165880062e-275,1.0,1.0,89,0.0,capillary endothelial cell,True,True,False,True
36,ENSG00000168309,37.53359,,3.341031968348434e-273,2.352839414329883e-272,1.0,1.0,90,0.0,capillary endothelial cell,True,True,False,True
36,ENSG00000160145,37.389076,,3.348044413887262e-272,2.341289799921162e-271,1.0,1.0,91,0.0,capillary endothelial cell,True,True,False,True
36,ENSG00000101333,37.181892,,1.3546043188551549e-269,9.342098750725207e-269,1.0,1.0,92,0.0,capillary endothelial cell,True,True,False,True
36,ENSG00000182621,36.997322,,7.462629546830157e-268,5.128955015003544e-267,1.0,1.0,93,0.0,capillary endothelial cell,True,True,False,True
36,ENSG00000121858,36.8295,,4.822089165824204e-265,3.280332765866805e-264,1.0,1.0,94,0.0,capillary endothelial cell,True,True,False,True
36,ENSG00000092421,36.736954,,2.4573650101539127e-263,1.6603817636175085e-262,1.0,1.0,95,0.0,capillary endothelial cell,True,True,False,True
36,ENSG00000144218,36.52182,7.8650045,1.5779421682115995e-261,1.059021589403758e-260,1.0,1.0,96,0.0,capillary endothelial cell,True,True,False,True
36,ENSG00000124440,36.470448,,4.761776174999895e-260,3.15349415562907e-259,1.0,1.0,97,0.0,capillary endothelial cell,True,True,False,True
36,ENSG00000137033,36.244255,,4.749117607759271e-257,3.114175480497883e-256,1.0,1.0,98,0.0,capillary endothelial cell,True,True,False,True
36,ENSG00000091409,36.017673,,8.055174970749755e-255,5.2306330978894515e-254,1.0,1.0,99,0.0,capillary endothelial cell,True,True,False,True
36,ENSG00000154529,35.97897,,4.8468265975704944e-254,3.1269849016583835e-253,1.0,1.0,100,0.0,capillary endothelial cell,True,True,False,True
38,ENSG00000213853,73.329865,,0.0,0.0,1.0,1.0,1,0.0,pulmonary alveolar type 1 cell,True,False,False,True
38,ENSG00000136153,66.7611,,0.0,0.0,1.0,1.0,2,0.0,pulmonary alveolar type 1 cell,True,False,False,True
38,ENSG00000176771,59.63255,15.425324,0.0,0.0,1.0,1.0,3,0.0,pulmonary alveolar type 1 cell,True,False,False,True
38,ENSG00000064042,57.546165,8.333485,0.0,0.0,1.0,1.0,4,0.0,pulmonary alveolar type 1 cell,True,False,False,True
38,ENSG00000013588,54.44166,,0.0,0.0,1.0,1.0,5,0.0,pulmonary alveolar type 1 cell,True,False,False,True
38,ENSG00000049759,53.77543,8.104282,0.0,0.0,1.0,1.0,6,0.0,pulmonary alveolar type 1 cell,True,False,False,True
38,ENSG00000053747,51.454155,,0.0,0.0,1.0,1.0,7,0.0,pulmonary alveolar type 1 cell,True,False,False,True
38,ENSG00000182985,49.812275,11.159909,0.0,0.0,1.0,1.0,8,0.0,pulmonary alveolar type 1 cell,True,False,False,True
38,ENSG00000078114,49.159462,,0.0,0.0,1.0,1.0,9,0.0,pulmonary alveolar type 1 cell,True,False,False,True
38,ENSG00000151276,48.40137,7.490382,3.0545165615854e-310,2.106563145920953e-308,1.0,1.0,10,0.0,pulmonary alveolar type 1 cell,True,False,False,True
38,ENSG00000105974,47.892235,,7.773687334120868e-305,5.0152821510457216e-303,1.0,1.0,11,0.0,pulmonary alveolar type 1 cell,True,False,False,True
38,ENSG00000257894,47.58015,,3.5044662871812776e-301,2.0025521641035874e-299,1.0,1.0,12,0.0,pulmonary alveolar type 1 cell,True,False,False,True
38,ENSG00000112782,47.284725,13.679488,6.71709038340868e-299,3.6308596667073944e-297,1.0,1.0,13,0.0,pulmonary alveolar type 1 cell,True,False,False,True
38,ENSG00000112232,46.901207,10.373989,5.694542183706668e-296,2.847271091853334e-294,1.0,1.0,14,0.0,pulmonary alveolar type 1 cell,True,False,False,True
38,ENSG00000136155,45.406757,,2.4751308835982603e-283,1.0761438624340262e-281,1.0,1.0,15,0.0,pulmonary alveolar type 1 cell,True,False,False,True
38,ENSG00000169031,44.77654,,4.654272303696658e-278,1.8617089214786633e-276,1.0,1.0,16,0.0,pulmonary alveolar type 1 cell,True,False,False,True
38,ENSG00000182010,44.623043,,8.898199407272522e-277,3.422384387412508e-275,1.0,1.0,17,0.0,pulmonary alveolar type 1 cell,True,False,False,True
38,ENSG00000144642,44.468887,6.369498,1.4428998505625844e-277,5.6584307865199394e-276,1.0,1.0,18,0.0,pulmonary alveolar type 1 cell,True,False,False,True
38,ENSG00000185483,43.96463,,1.4939421876173683e-271,5.637517689122145e-270,1.0,1.0,19,0.0,pulmonary alveolar type 1 cell,True,False,False,True
38,ENSG00000035664,43.90489,,4.276102227599074e-271,1.5837415657774347e-269,1.0,1.0,20,0.0,pulmonary alveolar type 1 cell,True,False,False,True
38,ENSG00000081026,42.87825,10.254026,4.271666075035385e-263,1.498830201766802e-261,1.0,1.0,21,0.0,pulmonary alveolar type 1 cell,True,False,False,True
38,ENSG00000138821,40.970722,7.9148264,6.944866668211065e-247,2.10450505097305e-245,1.0,1.0,22,0.0,pulmonary alveolar type 1 cell,True,False,False,True
38,ENSG00000179399,40.736446,8.264978,8.8838073469532e-245,2.5750166223052754e-243,1.0,1.0,23,0.0,pulmonary alveolar type 1 cell,True,False,False,True
38,ENSG00000138771,39.24465,8.686948,1.5509131294356607e-232,4.191657106582867e-231,1.0,1.0,24,0.0,pulmonary alveolar type 1 cell,True,False,False,True
38,ENSG00000170017,38.95662,,3.1275238352782294e-231,8.340063560741944e-230,1.0,1.0,25,0.0,pulmonary alveolar type 1 cell,True,False,False,True
38,ENSG00000117069,38.883244,,8.075814708970451e-229,2.0976142101221953e-227,1.0,1.0,26,0.0,pulmonary alveolar type 1 cell,True,False,False,True
38,ENSG00000204305,38.652905,,8.1984850620506e-227,2.075565838493823e-225,1.0,1.0,27,0.0,pulmonary alveolar type 1 cell,True,False,False,True
38,ENSG00000151914,38.31864,,3.2835903423156465e-225,8.1076304748534475e-224,1.0,1.0,28,0.0,pulmonary alveolar type 1 cell,True,False,False,True
38,ENSG00000150625,38.081993,11.750189,3.091034366612346e-222,7.539108211249623e-221,1.0,1.0,29,0.0,pulmonary alveolar type 1 cell,True,False,False,True
38,ENSG00000078018,37.867115,,1.8318934681615295e-220,4.3103375721447756e-219,1.0,1.0,30,0.0,pulmonary alveolar type 1 cell,True,False,False,True
38,ENSG00000182667,37.58724,10.169328,5.084482696969854e-218,1.1555642493113306e-216,1.0,1.0,31,0.0,pulmonary alveolar type 1 cell,True,False,False,True
38,ENSG00000112137,37.017838,5.851605,6.867933716167226e-214,1.4612624928015376e-212,1.0,1.0,32,0.0,pulmonary alveolar type 1 cell,True,False,False,True
38,ENSG00000166833,35.678,7.200903,1.168885340437275e-202,2.125246073522318e-201,1.0,1.0,33,0.0,pulmonary alveolar type 1 cell,True,False,False,True
38,ENSG00000249364,35.213463,,4.118693523860247e-198,7.101195730793529e-197,1.0,1.0,34,0.0,pulmonary alveolar type 1 cell,True,False,False,True
38,ENSG00000171476,34.75323,7.229058,9.943432806215696e-195,1.6711651775152432e-193,1.0,1.0,35,0.0,pulmonary alveolar type 1 cell,True,False,False,True
38,ENSG00000254951,34.41474,,1.9930333261963824e-191,3.188853321914212e-190,1.0,1.0,36,0.0,pulmonary alveolar type 1 cell,True,False,False,True
38,ENSG00000144810,34.032497,7.8789735,1.6917284183778272e-188,2.6641392415398854e-187,1.0,1.0,37,0.0,pulmonary alveolar type 1 cell,True,False,False,True
38,ENSG00000111799,33.86483,,7.044081617320003e-187,1.0837048642030774e-185,1.0,1.0,38,0.0,pulmonary alveolar type 1 cell,True,False,False,True
38,ENSG00000164741,33.738186,5.206932,1.1488847098808292e-186,1.754022457833327e-185,1.0,1.0,39,0.0,pulmonary alveolar type 1 cell,True,False,False,True
38,ENSG00000135480,33.554592,,7.957915417229205e-185,1.196679010109655e-183,1.0,1.0,40,0.0,pulmonary alveolar type 1 cell,True,False,False,True
38,ENSG00000144824,33.45505,,1.0657653759059386e-183,1.590694590904386e-182,1.0,1.0,41,0.0,pulmonary alveolar type 1 cell,True,False,False,True
38,ENSG00000011201,33.359894,,1.034115068633606e-182,1.5320223239016384e-181,1.0,1.0,42,0.0,pulmonary alveolar type 1 cell,True,False,False,True
38,ENSG00000066405,32.995495,,1.1768740326158068e-179,1.657569060022263e-178,1.0,1.0,43,0.0,pulmonary alveolar type 1 cell,True,False,False,True
38,ENSG00000099204,32.14763,7.5668435,2.3164046629453406e-173,3.047900872296501e-172,1.0,1.0,44,0.0,pulmonary alveolar type 1 cell,True,False,False,True
38,ENSG00000112902,31.59974,,3.554159763151322e-168,4.442699703939152e-167,1.0,1.0,45,0.0,pulmonary alveolar type 1 cell,True,False,False,True
38,ENSG00000135063,31.484833,,3.488083553534961e-167,4.2537604311401964e-166,1.0,1.0,46,0.0,pulmonary alveolar type 1 cell,True,False,False,True
38,ENSG00000085276,30.936842,6.1027517,1.4064848865873018e-163,1.6354475425433742e-162,1.0,1.0,47,0.0,pulmonary alveolar type 1 cell,True,False,False,True
38,ENSG00000020577,29.68602,6.806523,8.083575833189225e-153,8.420391492905443e-152,1.0,1.0,48,0.0,pulmonary alveolar type 1 cell,True,False,False,True
38,ENSG00000128512,29.425135,3.8088949,3.1311497532913225e-151,3.2279894363828067e-150,1.0,1.0,49,0.0,pulmonary alveolar type 1 cell,True,False,False,True
38,ENSG00000134871,28.788927,6.4307294,1.3083854514094192e-145,1.3083854514094192e-144,1.0,1.0,50,0.0,pulmonary alveolar type 1 cell,True,False,False,True
38,ENSG00000142973,27.810251,,1.3110108866911198e-137,1.2368027232935094e-136,1.0,1.0,51,0.0,pulmonary alveolar type 1 cell,True,False,False,True
38,ENSG00000286494,27.492357,,7.351686035525607e-135,6.775747498180282e-134,1.0,1.0,52,0.0,pulmonary alveolar type 1 cell,True,False,False,True
38,ENSG00000198682,26.287395,4.949327,1.0353339050258177e-125,8.556478553932378e-125,1.0,1.0,53,0.0,pulmonary alveolar type 1 cell,True,False,False,True
38,ENSG00000182197,25.840345,,2.0606026900308847e-122,1.655102562273803e-121,1.0,1.0,54,0.0,pulmonary alveolar type 1 cell,True,False,False,True
38,ENSG00000168878,25.814274,3.535168,2.1578884395200675e-122,1.726310751616054e-121,1.0,1.0,55,0.0,pulmonary alveolar type 1 cell,True,False,False,True
38,ENSG00000100234,25.796593,4.320445,4.383679117353196e-122,3.451715840435588e-121,1.0,1.0,56,0.0,pulmonary alveolar type 1 cell,True,False,False,True
38,ENSG00000055813,25.293005,7.0632434,8.78995195138772e-118,6.633926001047337e-117,1.0,1.0,57,0.0,pulmonary alveolar type 1 cell,True,False,False,True
38,ENSG00000171885,25.01772,,1.313721792665466e-115,9.695363783508975e-115,1.0,1.0,58,0.0,pulmonary alveolar type 1 cell,True,False,False,True
38,ENSG00000185532,24.947271,3.9576328,1.18959983973713e-115,8.811850664719482e-115,1.0,1.0,59,0.0,pulmonary alveolar type 1 cell,True,False,False,True
38,ENSG00000110328,24.801462,5.068172,3.011797901867128e-114,2.1903984740851842e-113,1.0,1.0,60,0.0,pulmonary alveolar type 1 cell,True,False,False,True
38,ENSG00000157168,24.69482,,3.363568108350763e-113,2.411159934301622e-112,1.0,1.0,61,0.0,pulmonary alveolar type 1 cell,True,False,False,True
38,ENSG00000225689,24.60638,,1.562515903640176e-112,1.108167307546224e-111,1.0,1.0,62,0.0,pulmonary alveolar type 1 cell,True,False,False,True
38,ENSG00000185737,24.169561,6.457424,2.994234455916571e-109,2.0721345715685617e-108,1.0,1.0,63,0.0,pulmonary alveolar type 1 cell,True,False,False,True
38,ENSG00000106415,23.474014,10.615501,4.036664625830463e-104,2.6469931972658775e-103,1.0,1.0,64,0.0,pulmonary alveolar type 1 cell,True,False,False,True
38,ENSG00000179104,23.333403,,4.471776432853142e-103,2.9037509304241183e-102,1.0,1.0,65,0.0,pulmonary alveolar type 1 cell,True,False,False,True
38,ENSG00000165029,22.560038,5.250957,2.455814879083189e-97,1.5396958489549772e-96,1.0,1.0,66,0.0,pulmonary alveolar type 1 cell,True,False,False,True
38,ENSG00000086548,22.287558,,3.003356668171693e-95,1.8539238692417858e-94,1.0,1.0,67,0.0,pulmonary alveolar type 1 cell,True,False,False,True
38,ENSG00000101335,22.093258,,6.608312275508403e-94,4.0294587045782945e-93,1.0,1.0,68,0.0,pulmonary alveolar type 1 cell,True,False,False,True
38,ENSG00000107742,21.36724,,1.1380348576690912e-88,6.55927871855384e-88,1.0,1.0,69,0.0,pulmonary alveolar type 1 cell,True,False,False,True
38,ENSG00000187498,21.327913,5.2902584,1.8920926609017327e-88,1.0842937884823683e-87,1.0,1.0,70,0.0,pulmonary alveolar type 1 cell,True,False,False,True
38,ENSG00000173482,21.228231,3.241125,6.170831961227071e-88,3.506154523424472e-87,1.0,1.0,71,0.0,pulmonary alveolar type 1 cell,True,False,False,True
38,ENSG00000187720,21.192461,7.769044,1.7064257882968799e-87,9.668134777886005e-87,1.0,1.0,72,0.0,pulmonary alveolar type 1 cell,True,False,False,True
38,ENSG00000162687,20.973661,,8.506873738812079e-86,4.7657555959731535e-85,1.0,1.0,73,0.0,pulmonary alveolar type 1 cell,True,False,False,True
38,ENSG00000144278,20.880777,,4.043831499328497e-85,2.221885439191482e-84,1.0,1.0,74,0.0,pulmonary alveolar type 1 cell,True,False,False,True
38,ENSG00000233766,19.955147,9.118241,9.922494191945662e-79,4.973681299220883e-78,1.0,1.0,75,0.0,pulmonary alveolar type 1 cell,True,False,False,True
38,ENSG00000090339,19.937132,4.5415587,1.0014515969311688e-78,5.007257984655844e-78,1.0,1.0,76,0.0,pulmonary alveolar type 1 cell,True,False,False,True
38,ENSG00000187391,19.925303,5.7077894,1.275736089393071e-78,6.362773513182398e-78,1.0,1.0,77,0.0,pulmonary alveolar type 1 cell,True,False,False,True
38,ENSG00000094963,19.515863,6.6241827,9.318773385621872e-76,4.523676400787317e-75,1.0,1.0,78,0.0,pulmonary alveolar type 1 cell,True,False,False,True
38,ENSG00000090530,19.401821,5.5852365,5.133998619638694e-75,2.4742162022355153e-74,1.0,1.0,79,0.0,pulmonary alveolar type 1 cell,True,False,False,True
38,ENSG00000114854,18.95543,,6.098101563405557e-72,2.8231951682433136e-71,1.0,1.0,80,0.0,pulmonary alveolar type 1 cell,True,False,False,True
38,ENSG00000115896,18.819086,4.8207345,3.893181446353719e-71,1.781776405653876e-70,1.0,1.0,81,0.0,pulmonary alveolar type 1 cell,True,False,False,True
38,ENSG00000148677,18.800188,,6.4663832596245765e-71,2.945960482744682e-70,1.0,1.0,82,0.0,pulmonary alveolar type 1 cell,True,False,False,True
38,ENSG00000005108,18.79708,,5.8838699586187795e-71,2.6866986112414517e-70,1.0,1.0,83,0.0,pulmonary alveolar type 1 cell,True,False,False,True
38,ENSG00000144619,18.676012,5.6515713,3.784037316490048e-70,1.7122340798597502e-69,1.0,1.0,84,0.0,pulmonary alveolar type 1 cell,True,False,False,True
38,ENSG00000103534,18.569172,8.6001,1.4934717805421396e-69,6.712232721537706e-69,1.0,1.0,85,0.0,pulmonary alveolar type 1 cell,True,False,False,True
38,ENSG00000139734,18.531982,,3.6194888432557344e-69,1.6158432335963098e-68,1.0,1.0,86,0.0,pulmonary alveolar type 1 cell,True,False,False,True
38,ENSG00000184903,18.285126,7.5565815,1.0771648775560392e-67,4.703776757886634e-67,1.0,1.0,87,0.0,pulmonary alveolar type 1 cell,True,False,False,True
38,ENSG00000131018,18.053848,3.1628983,3.226533342882802e-66,1.381812994810622e-65,1.0,1.0,88,0.0,pulmonary alveolar type 1 cell,True,False,False,True
38,ENSG00000116285,17.951506,,1.744725501536284e-65,7.392904667526627e-65,1.0,1.0,89,0.0,pulmonary alveolar type 1 cell,True,False,False,True
38,ENSG00000154175,17.753315,4.695998,3.4864902265571336e-64,1.4436812532327678e-63,1.0,1.0,90,0.0,pulmonary alveolar type 1 cell,True,False,False,True
38,ENSG00000165895,17.52764,,9.582016537680453e-63,3.8793589221378353e-62,1.0,1.0,91,0.0,pulmonary alveolar type 1 cell,True,False,False,True
38,ENSG00000148671,17.511972,,1.1890606022148606e-62,4.804285261474184e-62,1.0,1.0,92,0.0,pulmonary alveolar type 1 cell,True,False,False,True
38,ENSG00000169583,17.414091,,5.541635872154687e-62,2.2122298890837074e-61,1.0,1.0,93,0.0,pulmonary alveolar type 1 cell,True,False,False,True
38,ENSG00000196260,17.336082,7.1969643,1.6040688614330698e-61,6.352747966071564e-61,1.0,1.0,94,0.0,pulmonary alveolar type 1 cell,True,False,False,True
38,ENSG00000141338,17.16877,9.075169,1.9108380548093126e-60,7.464211151598877e-60,1.0,1.0,95,0.0,pulmonary alveolar type 1 cell,True,False,False,True
38,ENSG00000110195,17.00911,,1.8516234996768901e-59,7.149125481377954e-59,1.0,1.0,96,0.0,pulmonary alveolar type 1 cell,True,False,False,True
38,ENSG00000111057,16.861122,,1.3564088365785347e-58,5.1870318798414324e-58,1.0,1.0,97,0.0,pulmonary alveolar type 1 cell,True,False,False,True
38,ENSG00000129538,16.248938,4.5704403,7.35890717119601e-55,2.675966244071276e-54,1.0,1.0,98,0.0,pulmonary alveolar type 1 cell,True,False,False,True
38,ENSG00000069122,16.147635,3.6298327,2.821817105509408e-54,1.013219786538387e-53,1.0,1.0,99,0.0,pulmonary alveolar type 1 cell,True,False,False,True
38,ENSG00000198947,16.125637,4.5590835,3.9888935897878576e-54,1.4297109640816694e-53,1.0,1.0,100,0.0,pulmonary alveolar type 1 cell,True,False,False,True
39,ENSG00000119917,26.260845,,1.7556969534049659e-69,1.0640587596393733e-67,1.0,1.0,1,0.0,macrophage,True,False,True,True
39,ENSG00000187608,22.34244,,2.5681513375835627e-58,1.194488994224913e-56,1.0,1.0,2,0.0,macrophage,True,False,True,True
39,ENSG00000119922,18.464117,,1.8313667462901685e-46,6.910817910528937e-45,1.0,1.0,3,0.0,macrophage,True,False,True,True
39,ENSG00000140105,16.98292,7.6845546,8.412189044357083e-42,2.7136093691474464e-40,1.0,1.0,4,0.0,macrophage,True,False,True,True
39,ENSG00000142089,16.888733,,1.5419399569171293e-41,4.895047482276601e-40,1.0,1.0,5,0.0,macrophage,True,False,True,True
39,ENSG00000121858,16.665115,,8.717229233493719e-41,2.6822243795365292e-39,1.0,1.0,6,0.0,macrophage,True,False,True,True
39,ENSG00000185745,16.613558,,1.3399220905459508e-40,4.060369971351366e-39,1.0,1.0,7,0.0,macrophage,True,False,True,True
39,ENSG00000126709,16.06356,9.800984,7.442292978436219e-39,2.067303605121172e-37,1.0,1.0,8,0.0,macrophage,True,False,True,True
39,ENSG00000137959,16.021637,,1.0383462706725677e-38,2.844784303212514e-37,1.0,1.0,9,0.0,macrophage,True,False,True,True
39,ENSG00000165949,14.92287,8.108033,3.4187392781392264e-35,7.9505564607889e-34,1.0,1.0,10,0.0,macrophage,True,False,True,True
39,ENSG00000134321,14.247699,,5.372521254630748e-33,1.1553809149743544e-31,1.0,1.0,11,0.0,macrophage,True,False,True,True
39,ENSG00000183486,13.999648,,3.3510178335257536e-32,6.9093151206716565e-31,1.0,1.0,12,0.0,macrophage,True,False,True,True
39,ENSG00000107201,12.805524,,2.2629580344967126e-28,4.152216577058188e-27,1.0,1.0,13,0.0,macrophage,True,False,True,True
39,ENSG00000130066,12.245704,5.656271,1.2331965757508807e-26,2.0051976841477733e-25,1.0,1.0,14,0.0,macrophage,True,False,True,True
39,ENSG00000125148,11.848296,6.9145637,2.3419059886903715e-25,3.575428990366979e-24,1.0,1.0,15,0.0,macrophage,True,False,True,True
39,ENSG00000169245,11.695481,,7.594390073483644e-25,1.10867008372024e-23,1.0,1.0,16,0.0,macrophage,True,False,True,True
39,ENSG00000112096,11.381881,5.4397044,7.030920379133965e-24,9.697821212598571e-23,1.0,1.0,17,0.0,macrophage,True,False,True,True
39,ENSG00000176046,11.329481,9.973436,1.0420268725919596e-23,1.4274340720437803e-22,1.0,1.0,18,0.0,macrophage,True,False,True,True
39,ENSG00000231079,11.145455,,3.8551289141989365e-23,5.0725380449986e-22,1.0,1.0,19,0.0,macrophage,True,False,True,True
39,ENSG00000131203,10.321115,,1.3626555316336695e-20,1.612610096607893e-19,1.0,1.0,20,0.0,macrophage,True,False,True,True
39,ENSG00000197956,10.277207,,1.6802097626755578e-20,1.953732282180881e-19,1.0,1.0,21,0.0,macrophage,True,False,True,True
39,ENSG00000138646,9.859465,,3.347985918204404e-19,3.580733602357651e-18,1.0,1.0,22,0.0,macrophage,True,False,True,True
39,ENSG00000166920,9.326248,,1.2616181853753684e-17,1.249126916213236e-16,1.0,1.0,23,0.0,macrophage,True,False,True,True
39,ENSG00000167996,9.16486,,3.529681399557484e-17,3.426875145201441e-16,1.0,1.0,24,0.0,macrophage,True,False,True,True
39,ENSG00000228716,9.147087,,4.1167151230678406e-17,3.948419613251088e-16,1.0,1.0,25,0.0,macrophage,True,False,True,True
39,ENSG00000115963,8.885917,,2.3715694663331116e-16,2.2111093818156863e-15,1.0,1.0,26,0.0,macrophage,True,False,True,True
39,ENSG00000135114,8.646935,11.981677,1.1520974238430949e-15,1.0332712321462734e-14,1.0,1.0,27,0.0,macrophage,True,False,True,True
39,ENSG00000171345,8.5002,,2.9542833231161885e-15,2.5578210589750548e-14,1.0,1.0,28,0.0,macrophage,True,False,True,True
39,ENSG00000135480,8.1692,,2.4657315990715328e-14,2.0128421216910472e-13,1.0,1.0,29,0.0,macrophage,True,False,True,True
39,ENSG00000269028,8.16155,,2.582453735985453e-14,2.0995558829150022e-13,1.0,1.0,30,0.0,macrophage,True,False,True,True
39,ENSG00000169248,8.153713,,2.7608807611738085e-14,2.2355309807075373e-13,1.0,1.0,31,0.0,macrophage,True,False,True,True
39,ENSG00000146674,8.016344,,6.524807493857562e-14,5.117496073613773e-13,1.0,1.0,32,0.0,macrophage,True,False,True,True
39,ENSG00000243649,7.945141,,1.0240279283349289e-13,7.907551570153891e-13,1.0,1.0,33,0.0,macrophage,True,False,True,True
39,ENSG00000169429,7.48595,5.781049,1.7171306157458472e-12,1.226521868389891e-11,1.0,1.0,34,0.0,macrophage,True,False,True,True
39,ENSG00000128422,7.424983,,2.4955908016414514e-12,1.7574583110151067e-11,1.0,1.0,35,0.0,macrophage,True,False,True,True
39,ENSG00000135679,7.4121585,,2.686352854675464e-12,1.8851598980178698e-11,1.0,1.0,36,0.0,macrophage,True,False,True,True
39,ENSG00000233926,7.1121025,,1.614992152182348e-11,1.0802623091520723e-10,1.0,1.0,37,0.0,macrophage,True,False,True,True
39,ENSG00000198886,6.981495,,3.3953748725758914e-11,2.2485926308449612e-10,1.0,1.0,38,0.0,macrophage,True,False,True,True
39,ENSG00000124766,6.8994985,,5.541199745387874e-11,3.621699179992075e-10,1.0,1.0,39,0.0,macrophage,True,False,True,True
39,ENSG00000198727,6.804851,,9.357478893156043e-11,6.017671313926716e-10,1.0,1.0,40,0.0,macrophage,True,False,True,True
39,ENSG00000184292,6.776913,,1.1233279860590052e-10,7.109670797841805e-10,1.0,1.0,41,0.0,macrophage,True,False,True,True
39,ENSG00000137331,6.767469,,1.179966220700931e-10,7.444581834075274e-10,1.0,1.0,42,0.0,macrophage,True,False,True,True
39,ENSG00000108700,6.289405,,1.7187510550835663e-09,9.992738692346316e-09,1.0,1.0,43,0.0,macrophage,True,False,True,True
39,ENSG00000108691,6.268886,5.2553606,1.914117366237038e-09,1.1096332557895872e-08,1.0,1.0,44,0.0,macrophage,True,False,True,True
39,ENSG00000198899,6.242777,,2.1786611418296016e-09,1.2593417004795386e-08,1.0,1.0,45,0.0,macrophage,True,False,True,True
39,ENSG00000268104,6.2087703,,2.6563097211789262e-09,1.526614782286739e-08,1.0,1.0,46,0.0,macrophage,True,False,True,True
39,ENSG00000135047,6.159526,4.7564397,3.4547808893094667e-09,1.9629436871076517e-08,1.0,1.0,47,0.0,macrophage,True,False,True,True
39,ENSG00000148346,6.136148,,3.927835852855128e-09,2.219116301048095e-08,1.0,1.0,48,0.0,macrophage,True,False,True,True
39,ENSG00000173432,6.130277,,4.056162764676724e-09,2.2851621209446337e-08,1.0,1.0,49,0.0,macrophage,True,False,True,True
39,ENSG00000285744,6.1282144,4.325866,4.08758269235551e-09,2.296394770986242e-08,1.0,1.0,50,0.0,macrophage,True,False,True,True
39,ENSG00000047457,6.1138916,,4.4216155416917405e-09,2.4701762802747152e-08,1.0,1.0,51,0.0,macrophage,True,False,True,True
39,ENSG00000164171,6.0393214,,6.573570378363046e-09,3.62180186135705e-08,1.0,1.0,52,0.0,macrophage,True,False,True,True
39,ENSG00000196754,6.006517,,7.818069612672994e-09,4.248950876452714e-08,1.0,1.0,53,0.0,macrophage,True,False,True,True
39,ENSG00000116717,5.9895597,,8.562651982089897e-09,4.6410037843305677e-08,1.0,1.0,54,0.0,macrophage,True,False,True,True
39,ENSG00000102265,5.9222403,,1.2165296288045765e-08,6.488158020291075e-08,1.0,1.0,55,0.0,macrophage,True,False,True,True
39,ENSG00000182197,5.910413,5.16254,1.2929270455182898e-08,6.877271518714308e-08,1.0,1.0,56,0.0,macrophage,True,False,True,True
39,ENSG00000171889,5.867577,,1.624487568807251e-08,8.52749379951313e-08,1.0,1.0,57,0.0,macrophage,True,False,True,True
39,ENSG00000141682,5.8149533,,2.1330385646209413e-08,1.1109575857400735e-07,1.0,1.0,58,0.0,macrophage,True,False,True,True
39,ENSG00000227036,5.780686,,2.5448167489255248e-08,1.315150774638514e-07,1.0,1.0,59,0.0,macrophage,True,False,True,True
39,ENSG00000087086,5.750985,,2.9509113115489438e-08,1.5132878520763814e-07,1.0,1.0,60,0.0,macrophage,True,False,True,True
39,ENSG00000255823,5.7159104,,3.5388486105843075e-08,1.8055350054001567e-07,1.0,1.0,61,0.0,macrophage,True,False,True,True
39,ENSG00000152952,5.7019563,,3.814075039125318e-08,1.9360787000636132e-07,1.0,1.0,62,0.0,macrophage,True,False,True,True
39,ENSG00000185201,5.6646843,5.1775823,4.606095924457497e-08,2.3030479622287485e-07,1.0,1.0,63,0.0,macrophage,True,False,True,True
39,ENSG00000134339,5.6589637,,4.753573540645842e-08,2.370859621269747e-07,1.0,1.0,64,0.0,macrophage,True,False,True,True
39,ENSG00000175197,5.6280384,,5.5565273542956496e-08,2.764441469798831e-07,1.0,1.0,65,0.0,macrophage,True,False,True,True
39,ENSG00000163993,5.61283,,6.002657505881556e-08,2.971612626674038e-07,1.0,1.0,66,0.0,macrophage,True,False,True,True
39,ENSG00000189334,5.610763,,6.053996937303547e-08,2.989628117186937e-07,1.0,1.0,67,0.0,macrophage,True,False,True,True
39,ENSG00000138755,5.6051874,,6.247135290002115e-08,3.0774065467990717e-07,1.0,1.0,68,0.0,macrophage,True,False,True,True
39,ENSG00000124762,5.600899,,6.352532505823648e-08,3.121637594999335e-07,1.0,1.0,69,0.0,macrophage,True,False,True,True
39,ENSG00000136689,5.599784,5.8634067,6.409210044935465e-08,3.1417696298703263e-07,1.0,1.0,70,0.0,macrophage,True,False,True,True
39,ENSG00000130513,5.5759625,,7.217877897184937e-08,3.5295246441002137e-07,1.0,1.0,71,0.0,macrophage,True,False,True,True
39,ENSG00000106541,5.5393677,,8.672191931095609e-08,4.199608683339278e-07,1.0,1.0,72,0.0,macrophage,True,False,True,True
39,ENSG00000000971,5.525399,,9.282392555781671e-08,4.4734421955574317e-07,1.0,1.0,73,0.0,macrophage,True,False,True,True
39,ENSG00000117525,5.4904103,,1.1075989267587198e-07,5.274280603612952e-07,1.0,1.0,74,0.0,macrophage,True,False,True,True
39,ENSG00000044574,5.4229155,,1.5427932921809182e-07,7.209314449443543e-07,1.0,1.0,75,0.0,macrophage,True,False,True,True
39,ENSG00000259354,5.407514,4.7038884,1.669951044339129e-07,7.785319554028574e-07,1.0,1.0,76,0.0,macrophage,True,False,True,True
39,ENSG00000169715,5.3921957,6.9895377,1.79668759672882e-07,8.337297432616335e-07,1.0,1.0,77,0.0,macrophage,True,False,True,True
39,ENSG00000187837,5.39101,,1.809639233750991e-07,8.377959415513848e-07,1.0,1.0,78,0.0,macrophage,True,False,True,True
39,ENSG00000182853,5.294091,,2.90842623925732e-07,1.3250233436252027e-06,1.0,1.0,79,0.0,macrophage,True,False,True,True
39,ENSG00000125144,5.2700143,7.387818,3.2668470746213947e-07,1.4815632991480248e-06,1.0,1.0,80,0.0,macrophage,True,False,True,True
39,ENSG00000258667,5.2600975,,3.4225892025205747e-07,1.5486828970681332e-06,1.0,1.0,81,0.0,macrophage,True,False,True,True
39,ENSG00000156804,5.2249837,,4.0560190320501665e-07,1.818842615269133e-06,1.0,1.0,82,0.0,macrophage,True,False,True,True
39,ENSG00000267458,5.221772,,4.1210251477421766e-07,1.8438591265065668e-06,1.0,1.0,83,0.0,macrophage,True,False,True,True
39,ENSG00000145113,5.187057,,4.865024434016837e-07,2.1574387733999277e-06,1.0,1.0,84,0.0,macrophage,True,False,True,True
39,ENSG00000198695,5.12873,,6.406405756280264e-07,2.7914622031722286e-06,1.0,1.0,85,0.0,macrophage,True,False,True,True
39,ENSG00000280441,5.10046,,7.324485411511621e-07,3.1707729054162863e-06,1.0,1.0,86,0.0,macrophage,True,False,True,True
39,ENSG00000111057,5.066348,,8.601216775825919e-07,3.6757336648828713e-06,1.0,1.0,87,0.0,macrophage,True,False,True,True
39,ENSG00000151012,5.0504227,,9.279707171570292e-07,3.940427673702884e-06,1.0,1.0,88,0.0,macrophage,True,False,True,True
39,ENSG00000105855,5.0419626,,9.657269686462236e-07,4.08341212958234e-06,1.0,1.0,89,0.0,macrophage,True,False,True,True
39,ENSG00000168298,5.038376,,9.822044268692456e-07,4.137551287330586e-06,1.0,1.0,90,0.0,macrophage,True,False,True,True
39,ENSG00000136153,5.0341263,3.6530237,1.0002982765823422e-06,4.194122752965796e-06,1.0,1.0,91,0.0,macrophage,True,False,True,True
39,ENSG00000125730,4.9924235,,1.2170376707713667e-06,5.070990294880694e-06,1.0,1.0,92,0.0,macrophage,True,False,True,True
39,ENSG00000189377,4.981869,,1.2777814116759974e-06,5.3097925498534165e-06,1.0,1.0,93,0.0,macrophage,True,False,True,True
39,ENSG00000198959,4.9814153,4.0820403,1.2796600045146733e-06,5.3097925498534165e-06,1.0,1.0,94,0.0,macrophage,True,False,True,True
39,ENSG00000198938,4.9554105,,1.4358914382078265e-06,5.896884756500314e-06,1.0,1.0,95,0.0,macrophage,True,False,True,True
39,ENSG00000090339,4.954505,2.7947528,1.4476770323800699e-06,5.933102591721597e-06,1.0,1.0,96,0.0,macrophage,True,False,True,True
39,ENSG00000256618,4.9537563,,1.4565430961973854e-06,5.95723147728992e-06,1.0,1.0,97,0.0,macrophage,True,False,True,True
39,ENSG00000118849,4.949406,,1.486362176627705e-06,6.054428418035459e-06,1.0,1.0,98,0.0,macrophage,True,False,True,True
39,ENSG00000181649,4.9145837,,1.743025491196692e-06,7.071097327369947e-06,1.0,1.0,99,0.0,macrophage,True,False,True,True
39,ENSG00000048052,4.8983502,6.145977,1.8777745223006712e-06,7.571671460889803e-06,1.0,1.0,100,0.0,macrophage,True,False,True,True
43,ENSG00000105519,54.716496,,0.0,0.0,1.0,1.0,1,0.0,lung multiciliated epithelial cell,True,True,False,True
43,ENSG00000174844,53.997128,,0.0,0.0,1.0,1.0,2,0.0,lung multiciliated epithelial cell,True,True,False,True
43,ENSG00000124107,50.663,,0.0,0.0,1.0,1.0,3,0.0,lung multiciliated epithelial cell,True,True,False,True
43,ENSG00000154080,49.94638,,0.0,0.0,1.0,1.0,4,0.0,lung multiciliated epithelial cell,True,True,False,True
43,ENSG00000197826,48.690945,,0.0,0.0,1.0,1.0,5,0.0,lung multiciliated epithelial cell,True,True,False,True
43,ENSG00000101443,48.45011,,0.0,0.0,1.0,1.0,6,0.0,lung multiciliated epithelial cell,True,True,False,True
43,ENSG00000124237,48.000114,,0.0,0.0,1.0,1.0,7,0.0,lung multiciliated epithelial cell,True,True,False,True
43,ENSG00000133640,47.763916,,0.0,0.0,1.0,1.0,8,0.0,lung multiciliated epithelial cell,True,True,False,True
43,ENSG00000144451,46.9776,,0.0,0.0,1.0,1.0,9,0.0,lung multiciliated epithelial cell,True,True,False,True
43,ENSG00000157423,46.382347,,0.0,0.0,1.0,1.0,10,0.0,lung multiciliated epithelial cell,True,True,False,True
43,ENSG00000160188,46.362206,,0.0,0.0,1.0,1.0,11,0.0,lung multiciliated epithelial cell,True,True,False,True
43,ENSG00000104237,45.878647,,0.0,0.0,1.0,1.0,12,0.0,lung multiciliated epithelial cell,True,True,False,True
43,ENSG00000186094,43.111618,,4.848159102007907e-307,2.6206265416258957e-305,1.0,1.0,13,0.0,lung multiciliated epithelial cell,True,True,False,True
43,ENSG00000128536,43.058083,,1.8195701672827498e-306,9.57668509096184e-305,1.0,1.0,14,0.0,lung multiciliated epithelial cell,True,True,False,True
43,ENSG00000164972,42.103992,,3.4140374151495563e-295,1.5879243791393287e-293,1.0,1.0,15,0.0,lung multiciliated epithelial cell,True,True,False,True
43,ENSG00000186952,41.52287,,1.1452036884824965e-289,5.0897941710333176e-288,1.0,1.0,16,0.0,lung multiciliated epithelial cell,True,True,False,True
43,ENSG00000130413,40.79099,,7.717583039937587e-282,3.2840778893351436e-280,1.0,1.0,17,0.0,lung multiciliated epithelial cell,True,True,False,True
43,ENSG00000039139,40.785786,,1.062504538886902e-281,4.427102245362092e-280,1.0,1.0,18,0.0,lung multiciliated epithelial cell,True,True,False,True
43,ENSG00000117472,40.76317,,3.410189403666532e-281,1.3640757614666126e-279,1.0,1.0,19,0.0,lung multiciliated epithelial cell,True,True,False,True
43,ENSG00000007174,40.753693,,3.167631668322945e-281,1.2929108850297735e-279,1.0,1.0,20,0.0,lung multiciliated epithelial cell,True,True,False,True
43,ENSG00000112530,40.174095,,5.971315463787953e-275,2.3416923387403736e-273,1.0,1.0,21,0.0,lung multiciliated epithelial cell,True,True,False,True
43,ENSG00000159713,39.2048,,3.567207502662416e-264,1.297166364604515e-262,1.0,1.0,22,0.0,lung multiciliated epithelial cell,True,True,False,True
43,ENSG00000155761,38.966457,,6.506507064290772e-262,2.3237525229609897e-260,1.0,1.0,23,0.0,lung multiciliated epithelial cell,True,True,False,True
43,ENSG00000118997,38.670357,,6.724943047823338e-259,2.359629139587136e-257,1.0,1.0,24,0.0,lung multiciliated epithelial cell,True,True,False,True
43,ENSG00000186973,38.374077,,4.2113925441259573e-255,1.4037975147086524e-253,1.0,1.0,25,0.0,lung multiciliated epithelial cell,True,True,False,True
43,ENSG00000197748,38.34214,,2.933988803491974e-255,9.945724757599913e-254,1.0,1.0,26,0.0,lung multiciliated epithelial cell,True,True,False,True
43,ENSG00000188817,38.13326,,1.2447745767243696e-252,3.9516653229345066e-251,1.0,1.0,27,0.0,lung multiciliated epithelial cell,True,True,False,True
43,ENSG00000173947,38.131157,,1.4968964691108275e-252,4.677801465971336e-251,1.0,1.0,28,0.0,lung multiciliated epithelial cell,True,True,False,True
43,ENSG00000105877,37.55701,,4.181375202776777e-247,1.2481717023214258e-245,1.0,1.0,29,0.0,lung multiciliated epithelial cell,True,True,False,True
43,ENSG00000168589,37.142063,,3.8383847058260435e-242,1.0812351284017024e-240,1.0,1.0,30,0.0,lung multiciliated epithelial cell,True,True,False,True
43,ENSG00000188596,37.115997,,2.2082232737547212e-242,6.309209353584919e-241,1.0,1.0,31,0.0,lung multiciliated epithelial cell,True,True,False,True
43,ENSG00000115423,36.732994,,2.6682493185003617e-238,7.211484644595571e-237,1.0,1.0,32,0.0,lung multiciliated epithelial cell,True,True,False,True
43,ENSG00000170959,36.379055,,1.408418483049043e-234,3.706364429076429e-233,1.0,1.0,33,0.0,lung multiciliated epithelial cell,True,True,False,True
43,ENSG00000103534,36.2039,,2.9895006941580092e-233,7.665386395276946e-232,1.0,1.0,34,0.0,lung multiciliated epithelial cell,True,True,False,True
43,ENSG00000163491,35.734055,,6.493264986685851e-228,1.6032753053545313e-226,1.0,1.0,35,0.0,lung multiciliated epithelial cell,True,True,False,True
43,ENSG00000165309,35.711987,,2.1890711027190243e-227,5.339197811509815e-226,1.0,1.0,36,0.0,lung multiciliated epithelial cell,True,True,False,True
43,ENSG00000149021,35.605312,,3.798234082549976e-227,9.152371283252954e-226,1.0,1.0,37,0.0,lung multiciliated epithelial cell,True,True,False,True
43,ENSG00000179902,35.48752,,7.624010606885447e-225,1.7730257225314993e-223,1.0,1.0,38,0.0,lung multiciliated epithelial cell,True,True,False,True
43,ENSG00000120262,35.34086,,1.4235138957100086e-223,3.2724457372643875e-222,1.0,1.0,39,0.0,lung multiciliated epithelial cell,True,True,False,True
43,ENSG00000177989,35.156197,,1.2597402028969768e-221,2.8308768604426442e-220,1.0,1.0,40,0.0,lung multiciliated epithelial cell,True,True,False,True
43,ENSG00000109339,35.04093,,2.6941160520137403e-221,5.921134180249979e-220,1.0,1.0,41,0.0,lung multiciliated epithelial cell,True,True,False,True
43,ENSG00000215217,35.033203,,3.757125189796564e-220,8.079839117842072e-219,1.0,1.0,42,0.0,lung multiciliated epithelial cell,True,True,False,True
43,ENSG00000171345,35.004356,,1.950743300912385e-221,4.3349851131386335e-220,1.0,1.0,43,0.0,lung multiciliated epithelial cell,True,True,False,True
43,ENSG00000188229,34.942375,,7.09655010610933e-220,1.5099042778956022e-218,1.0,1.0,44,0.0,lung multiciliated epithelial cell,True,True,False,True
43,ENSG00000160345,34.834812,,4.4123945828125304e-218,8.824789165625061e-217,1.0,1.0,45,0.0,lung multiciliated epithelial cell,True,True,False,True
43,ENSG00000173467,34.822617,12.109773,1.8910825091380246e-218,3.8593520594653565e-217,1.0,1.0,46,0.0,lung multiciliated epithelial cell,True,True,False,True
43,ENSG00000161055,34.749184,,1.7442856902690974e-218,3.596465340761026e-217,1.0,1.0,47,0.0,lung multiciliated epithelial cell,True,True,False,True
43,ENSG00000178965,34.701355,,5.437680011234763e-217,1.066211766908777e-215,1.0,1.0,48,0.0,lung multiciliated epithelial cell,True,True,False,True
43,ENSG00000188010,34.411007,,8.25437176465686e-214,1.587379185510935e-212,1.0,1.0,49,0.0,lung multiciliated epithelial cell,True,True,False,True
43,ENSG00000272398,34.232704,,2.9263381040353627e-212,5.573977341019738e-211,1.0,1.0,50,0.0,lung multiciliated epithelial cell,True,True,False,True
43,ENSG00000089356,34.204277,,3.179728036368061e-212,5.999486861071812e-211,1.0,1.0,51,0.0,lung multiciliated epithelial cell,True,True,False,True
43,ENSG00000160472,33.802246,,1.3140071310631572e-207,2.3891038746602857e-206,1.0,1.0,52,0.0,lung multiciliated epithelial cell,True,True,False,True
43,ENSG00000147400,33.57631,,2.3470893067218855e-205,4.19123090486051e-204,1.0,1.0,53,0.0,lung multiciliated epithelial cell,True,True,False,True
43,ENSG00000174776,33.49315,,7.579169737998466e-205,1.341445971327162e-203,1.0,1.0,54,0.0,lung multiciliated epithelial cell,True,True,False,True
43,ENSG00000203780,33.461594,,2.3750229548422767e-204,4.1667069383197833e-203,1.0,1.0,55,0.0,lung multiciliated epithelial cell,True,True,False,True
43,ENSG00000166959,33.34496,,4.9616953868764363e-203,8.554647218752477e-202,1.0,1.0,56,0.0,lung multiciliated epithelial cell,True,True,False,True
43,ENSG00000165164,32.62974,,5.620278048438477e-196,9.064964594255608e-195,1.0,1.0,57,0.0,lung multiciliated epithelial cell,True,True,False,True
43,ENSG00000179869,32.422665,,6.8525616653306e-194,1.0791435693434015e-192,1.0,1.0,58,0.0,lung multiciliated epithelial cell,True,True,False,True
43,ENSG00000183644,32.3906,,2.7579734352976546e-193,4.309333492652586e-192,1.0,1.0,59,0.0,lung multiciliated epithelial cell,True,True,False,True
43,ENSG00000158486,32.22811,,5.8461419943509324e-192,8.994064606693742e-191,1.0,1.0,60,0.0,lung multiciliated epithelial cell,True,True,False,True
43,ENSG00000137473,32.106804,,1.1342853705369238e-190,1.7186141977832178e-189,1.0,1.0,61,0.0,lung multiciliated epithelial cell,True,True,False,True
43,ENSG00000169064,31.823645,,7.370285315078741e-188,1.1000425843401106e-186,1.0,1.0,62,0.0,lung multiciliated epithelial cell,True,True,False,True
43,ENSG00000145491,31.77569,,3.3491483793380665e-187,4.9617013027230614e-186,1.0,1.0,63,0.0,lung multiciliated epithelial cell,True,True,False,True
43,ENSG00000106541,31.668037,,1.3865602676713892e-186,2.0390592171638077e-185,1.0,1.0,64,0.0,lung multiciliated epithelial cell,True,True,False,True
43,ENSG00000277639,31.63539,,8.189539650031266e-186,1.1955532335812066e-184,1.0,1.0,65,0.0,lung multiciliated epithelial cell,True,True,False,True
43,ENSG00000162814,31.440992,,4.604512033086075e-184,6.625197169908022e-183,1.0,1.0,66,0.0,lung multiciliated epithelial cell,True,True,False,True
43,ENSG00000267795,31.213259,,9.812940498753452e-182,1.3724392305948883e-180,1.0,1.0,67,0.0,lung multiciliated epithelial cell,True,True,False,True
43,ENSG00000118492,31.103783,,9.353951975786211e-181,1.2991599966369738e-179,1.0,1.0,68,0.0,lung multiciliated epithelial cell,True,True,False,True
43,ENSG00000154099,31.0272,,5.0585176191878245e-180,6.929476190668253e-179,1.0,1.0,69,0.0,lung multiciliated epithelial cell,True,True,False,True
43,ENSG00000152582,31.02269,,4.637925378439756e-180,6.397138453020352e-179,1.0,1.0,70,0.0,lung multiciliated epithelial cell,True,True,False,True
43,ENSG00000197057,30.819843,,3.934148716117367e-178,5.316417183942389e-177,1.0,1.0,71,0.0,lung multiciliated epithelial cell,True,True,False,True
43,ENSG00000034239,30.686024,,1.7508825303807037e-176,2.350177893128461e-175,1.0,1.0,72,0.0,lung multiciliated epithelial cell,True,True,False,True
43,ENSG00000258752,30.61373,,9.706258709417967e-176,1.28559718005536e-174,1.0,1.0,73,0.0,lung multiciliated epithelial cell,True,True,False,True
43,ENSG00000160401,30.500957,,8.110178786868193e-175,1.0601540897866919e-173,1.0,1.0,74,0.0,lung multiciliated epithelial cell,True,True,False,True
43,ENSG00000125999,30.361494,,7.531874122221123e-174,9.718547254478869e-173,1.0,1.0,75,0.0,lung multiciliated epithelial cell,True,True,False,True
43,ENSG00000152611,30.357307,,3.0066811536490226e-173,3.80592551094813e-172,1.0,1.0,76,0.0,lung multiciliated epithelial cell,True,True,False,True
43,ENSG00000080298,30.289978,5.5579915,2.0905882099305575e-173,2.663169694179054e-172,1.0,1.0,77,0.0,lung multiciliated epithelial cell,True,True,False,True
43,ENSG00000153789,30.271627,,1.972750979335957e-172,2.4814477727496314e-171,1.0,1.0,78,0.0,lung multiciliated epithelial cell,True,True,False,True
43,ENSG00000188659,30.225769,,4.2274043239721427e-172,5.284255404965178e-171,1.0,1.0,79,0.0,lung multiciliated epithelial cell,True,True,False,True
43,ENSG00000167858,30.187305,,1.1258017260823496e-171,1.3985114609718628e-170,1.0,1.0,80,0.0,lung multiciliated epithelial cell,True,True,False,True
43,ENSG00000243955,29.967579,,1.5011938666136005e-169,1.7978369660043122e-168,1.0,1.0,81,0.0,lung multiciliated epithelial cell,True,True,False,True
43,ENSG00000153930,29.964453,,1.0585535860183751e-169,1.275365766287199e-168,1.0,1.0,82,0.0,lung multiciliated epithelial cell,True,True,False,True
43,ENSG00000004838,29.916973,,5.184763559997387e-169,6.17233757142546e-168,1.0,1.0,83,0.0,lung multiciliated epithelial cell,True,True,False,True
43,ENSG00000186710,29.483402,,7.063685001965886e-165,8.21358721158824e-164,1.0,1.0,84,0.0,lung multiciliated epithelial cell,True,True,False,True
43,ENSG00000115457,29.297888,,1.8998968985220497e-163,2.1837895385310917e-162,1.0,1.0,85,0.0,lung multiciliated epithelial cell,True,True,False,True
43,ENSG00000162004,29.225342,,2.2181423562855574e-162,2.5206163139608607e-161,1.0,1.0,86,0.0,lung multiciliated epithelial cell,True,True,False,True
43,ENSG00000152936,29.011156,,1.73033999289434e-160,1.93334077418362e-159,1.0,1.0,87,0.0,lung multiciliated epithelial cell,True,True,False,True
43,ENSG00000203778,28.718569,,1.421774995907811e-157,1.571022094925758e-156,1.0,1.0,88,0.0,lung multiciliated epithelial cell,True,True,False,True
43,ENSG00000169126,28.36839,,2.3200259251545363e-154,2.4946515324242324e-153,1.0,1.0,89,0.0,lung multiciliated epithelial cell,True,True,False,True
43,ENSG00000185681,28.344767,,5.248119796035093e-154,5.612962348700634e-153,1.0,1.0,90,0.0,lung multiciliated epithelial cell,True,True,False,True
43,ENSG00000228412,28.062067,,1.3995116975147926e-151,1.4654572748845995e-150,1.0,1.0,91,0.0,lung multiciliated epithelial cell,True,True,False,True
43,ENSG00000156042,28.020187,,3.660055389759122e-151,3.8125576976657524e-150,1.0,1.0,92,0.0,lung multiciliated epithelial cell,True,True,False,True
43,ENSG00000172361,28.018623,,5.6302935966597556e-151,5.83450113643498e-150,1.0,1.0,93,0.0,lung multiciliated epithelial cell,True,True,False,True
43,ENSG00000183346,27.933979,,2.8601327750069337e-150,2.9485904896978694e-149,1.0,1.0,94,0.0,lung multiciliated epithelial cell,True,True,False,True
43,ENSG00000142973,27.886187,,5.518843558999301e-150,5.631473019387041e-149,1.0,1.0,95,0.0,lung multiciliated epithelial cell,True,True,False,True
43,ENSG00000163879,27.781178,,9.08665138845209e-149,9.22502679030669e-148,1.0,1.0,96,0.0,lung multiciliated epithelial cell,True,True,False,True
43,ENSG00000204711,27.530167,,1.9052343494714964e-146,1.9244791408802992e-145,1.0,1.0,97,0.0,lung multiciliated epithelial cell,True,True,False,True
43,ENSG00000163435,27.36355,,2.922173586639086e-145,2.936857876019182e-144,1.0,1.0,98,0.0,lung multiciliated epithelial cell,True,True,False,True
43,ENSG00000197653,27.251917,,5.987305888760499e-144,5.9575182972741285e-143,1.0,1.0,99,0.0,lung multiciliated epithelial cell,True,True,False,True
43,ENSG00000186409,27.148779,,4.0632043129046574e-143,4.0031569585267556e-142,1.0,1.0,100,0.0,lung multiciliated epithelial cell,True,True,False,True
44,ENSG00000174844,136.88927,,0.0,0.0,1.0,1.0,1,0.0,lung multiciliated epithelial cell,True,True,False,True
44,ENSG00000133640,125.57258,,0.0,0.0,1.0,1.0,2,0.0,lung multiciliated epithelial cell,True,True,False,True
44,ENSG00000157423,123.13957,,0.0,0.0,1.0,1.0,3,0.0,lung multiciliated epithelial cell,True,True,False,True
44,ENSG00000197826,121.202034,,0.0,0.0,1.0,1.0,4,0.0,lung multiciliated epithelial cell,True,True,False,True
44,ENSG00000104237,121.022736,,0.0,0.0,1.0,1.0,5,0.0,lung multiciliated epithelial cell,True,True,False,True
44,ENSG00000144451,114.72504,,0.0,0.0,1.0,1.0,6,0.0,lung multiciliated epithelial cell,True,True,False,True
44,ENSG00000186094,114.685394,,0.0,0.0,1.0,1.0,7,0.0,lung multiciliated epithelial cell,True,True,False,True
44,ENSG00000128536,112.6937,,0.0,0.0,1.0,1.0,8,0.0,lung multiciliated epithelial cell,True,True,False,True
44,ENSG00000154080,109.75636,,0.0,0.0,1.0,1.0,9,0.0,lung multiciliated epithelial cell,True,True,False,True
44,ENSG00000007174,107.672195,,0.0,0.0,1.0,1.0,10,0.0,lung multiciliated epithelial cell,True,True,False,True
44,ENSG00000186952,107.57752,,0.0,0.0,1.0,1.0,11,0.0,lung multiciliated epithelial cell,True,True,False,True
44,ENSG00000130413,105.52822,,0.0,0.0,1.0,1.0,12,0.0,lung multiciliated epithelial cell,True,True,False,True
44,ENSG00000197748,105.26172,,0.0,0.0,1.0,1.0,13,0.0,lung multiciliated epithelial cell,True,True,False,True
44,ENSG00000155761,105.151306,,0.0,0.0,1.0,1.0,14,0.0,lung multiciliated epithelial cell,True,True,False,True
44,ENSG00000112530,104.55122,,0.0,0.0,1.0,1.0,15,0.0,lung multiciliated epithelial cell,True,True,False,True
44,ENSG00000118997,103.221886,,0.0,0.0,1.0,1.0,16,0.0,lung multiciliated epithelial cell,True,True,False,True
44,ENSG00000105877,98.36284,,0.0,0.0,1.0,1.0,17,0.0,lung multiciliated epithelial cell,True,True,False,True
44,ENSG00000188596,97.23812,,0.0,0.0,1.0,1.0,18,0.0,lung multiciliated epithelial cell,True,True,False,True
44,ENSG00000160188,96.19187,,0.0,0.0,1.0,1.0,19,0.0,lung multiciliated epithelial cell,True,True,False,True
44,ENSG00000039139,94.673904,,0.0,0.0,1.0,1.0,20,0.0,lung multiciliated epithelial cell,True,True,False,True
44,ENSG00000109339,94.20375,,0.0,0.0,1.0,1.0,21,0.0,lung multiciliated epithelial cell,True,True,False,True
44,ENSG00000170959,94.128365,,0.0,0.0,1.0,1.0,22,0.0,lung multiciliated epithelial cell,True,True,False,True
44,ENSG00000115423,93.83716,,0.0,0.0,1.0,1.0,23,0.0,lung multiciliated epithelial cell,True,True,False,True
44,ENSG00000163491,92.70826,,0.0,0.0,1.0,1.0,24,0.0,lung multiciliated epithelial cell,True,True,False,True
44,ENSG00000165309,91.64176,,0.0,0.0,1.0,1.0,25,0.0,lung multiciliated epithelial cell,True,True,False,True
44,ENSG00000080298,90.09414,,0.0,0.0,1.0,1.0,26,0.0,lung multiciliated epithelial cell,True,True,False,True
44,ENSG00000178965,89.56487,,0.0,0.0,1.0,1.0,27,0.0,lung multiciliated epithelial cell,True,True,False,True
44,ENSG00000158486,88.57309,,0.0,0.0,1.0,1.0,28,0.0,lung multiciliated epithelial cell,True,True,False,True
44,ENSG00000120262,86.28872,,0.0,0.0,1.0,1.0,29,0.0,lung multiciliated epithelial cell,True,True,False,True
44,ENSG00000165164,85.70172,,0.0,0.0,1.0,1.0,30,0.0,lung multiciliated epithelial cell,True,True,False,True
44,ENSG00000174776,85.54501,,0.0,0.0,1.0,1.0,31,0.0,lung multiciliated epithelial cell,True,True,False,True
44,ENSG00000154099,85.04928,,0.0,0.0,1.0,1.0,32,0.0,lung multiciliated epithelial cell,True,True,False,True
44,ENSG00000105519,84.85967,,0.0,0.0,1.0,1.0,33,0.0,lung multiciliated epithelial cell,True,True,False,True
44,ENSG00000203780,84.57465,,0.0,0.0,1.0,1.0,34,0.0,lung multiciliated epithelial cell,True,True,False,True
44,ENSG00000162814,83.31402,,0.0,0.0,1.0,1.0,35,0.0,lung multiciliated epithelial cell,True,True,False,True
44,ENSG00000160401,82.756966,,0.0,0.0,1.0,1.0,36,0.0,lung multiciliated epithelial cell,True,True,False,True
44,ENSG00000169064,82.47275,,0.0,0.0,1.0,1.0,37,0.0,lung multiciliated epithelial cell,True,True,False,True
44,ENSG00000152582,82.36437,,0.0,0.0,1.0,1.0,38,0.0,lung multiciliated epithelial cell,True,True,False,True
44,ENSG00000118492,81.7154,,0.0,0.0,1.0,1.0,39,0.0,lung multiciliated epithelial cell,True,True,False,True
44,ENSG00000153930,81.56236,,0.0,0.0,1.0,1.0,40,0.0,lung multiciliated epithelial cell,True,True,False,True
44,ENSG00000137473,81.477165,,0.0,0.0,1.0,1.0,41,0.0,lung multiciliated epithelial cell,True,True,False,True
44,ENSG00000197057,80.04408,,0.0,0.0,1.0,1.0,42,0.0,lung multiciliated epithelial cell,True,True,False,True
44,ENSG00000103534,79.505615,,0.0,0.0,1.0,1.0,43,0.0,lung multiciliated epithelial cell,True,True,False,True
44,ENSG00000168038,78.57771,,0.0,0.0,1.0,1.0,44,0.0,lung multiciliated epithelial cell,True,True,False,True
44,ENSG00000166959,78.08384,,0.0,0.0,1.0,1.0,45,0.0,lung multiciliated epithelial cell,True,True,False,True
44,ENSG00000188817,76.68875,,0.0,0.0,1.0,1.0,46,0.0,lung multiciliated epithelial cell,True,True,False,True
44,ENSG00000188659,75.763084,,0.0,0.0,1.0,1.0,47,0.0,lung multiciliated epithelial cell,True,True,False,True
44,ENSG00000167858,75.299934,,0.0,0.0,1.0,1.0,48,0.0,lung multiciliated epithelial cell,True,True,False,True
44,ENSG00000152936,74.5708,,0.0,0.0,1.0,1.0,49,0.0,lung multiciliated epithelial cell,True,True,False,True
44,ENSG00000163075,73.0502,,0.0,0.0,1.0,1.0,50,0.0,lung multiciliated epithelial cell,True,True,False,True
44,ENSG00000175267,72.9127,,0.0,0.0,1.0,1.0,51,0.0,lung multiciliated epithelial cell,True,True,False,True
44,ENSG00000156042,72.256836,,0.0,0.0,1.0,1.0,52,0.0,lung multiciliated epithelial cell,True,True,False,True
44,ENSG00000186710,70.76039,,0.0,0.0,1.0,1.0,53,0.0,lung multiciliated epithelial cell,True,True,False,True
44,ENSG00000168589,70.189156,,0.0,0.0,1.0,1.0,54,0.0,lung multiciliated epithelial cell,True,True,False,True
44,ENSG00000122735,69.87727,,0.0,0.0,1.0,1.0,55,0.0,lung multiciliated epithelial cell,True,True,False,True
44,ENSG00000169126,69.44704,,0.0,0.0,1.0,1.0,56,0.0,lung multiciliated epithelial cell,True,True,False,True
44,ENSG00000151150,69.289825,,0.0,0.0,1.0,1.0,57,0.0,lung multiciliated epithelial cell,True,True,False,True
44,ENSG00000117472,69.08628,,0.0,0.0,1.0,1.0,58,0.0,lung multiciliated epithelial cell,True,True,False,True
44,ENSG00000228412,69.000404,,0.0,0.0,1.0,1.0,59,0.0,lung multiciliated epithelial cell,True,True,False,True
44,ENSG00000186409,68.47966,,0.0,0.0,1.0,1.0,60,0.0,lung multiciliated epithelial cell,True,True,False,True
44,ENSG00000197653,68.416214,,0.0,0.0,1.0,1.0,61,0.0,lung multiciliated epithelial cell,True,True,False,True
44,ENSG00000142621,68.000824,,0.0,0.0,1.0,1.0,62,0.0,lung multiciliated epithelial cell,True,True,False,True
44,ENSG00000168658,67.72127,,0.0,0.0,1.0,1.0,63,0.0,lung multiciliated epithelial cell,True,True,False,True
44,ENSG00000183346,66.99644,,0.0,0.0,1.0,1.0,64,0.0,lung multiciliated epithelial cell,True,True,False,True
44,ENSG00000124237,66.975,,0.0,0.0,1.0,1.0,65,0.0,lung multiciliated epithelial cell,True,True,False,True
44,ENSG00000185261,65.91777,,0.0,0.0,1.0,1.0,66,0.0,lung multiciliated epithelial cell,True,True,False,True
44,ENSG00000145491,65.858665,,0.0,0.0,1.0,1.0,67,0.0,lung multiciliated epithelial cell,True,True,False,True
44,ENSG00000114204,65.41904,,0.0,0.0,1.0,1.0,68,0.0,lung multiciliated epithelial cell,True,True,False,True
44,ENSG00000034239,65.36544,,0.0,0.0,1.0,1.0,69,0.0,lung multiciliated epithelial cell,True,True,False,True
44,ENSG00000171811,64.85937,,0.0,0.0,1.0,1.0,70,0.0,lung multiciliated epithelial cell,True,True,False,True
44,ENSG00000118307,64.75911,,0.0,0.0,1.0,1.0,71,0.0,lung multiciliated epithelial cell,True,True,False,True
44,ENSG00000171595,64.10826,,0.0,0.0,1.0,1.0,72,0.0,lung multiciliated epithelial cell,True,True,False,True
44,ENSG00000203734,63.882004,,0.0,0.0,1.0,1.0,73,0.0,lung multiciliated epithelial cell,True,True,False,True
44,ENSG00000159713,63.765293,,0.0,0.0,1.0,1.0,74,0.0,lung multiciliated epithelial cell,True,True,False,True
44,ENSG00000173947,63.696117,,0.0,0.0,1.0,1.0,75,0.0,lung multiciliated epithelial cell,True,True,False,True
44,ENSG00000198947,63.23653,,0.0,0.0,1.0,1.0,76,0.0,lung multiciliated epithelial cell,True,True,False,True
44,ENSG00000131018,63.030888,5.1848516,0.0,0.0,1.0,1.0,77,0.0,lung multiciliated epithelial cell,True,True,False,True
44,ENSG00000089101,62.830696,,0.0,0.0,1.0,1.0,78,0.0,lung multiciliated epithelial cell,True,True,False,True
44,ENSG00000259925,62.69955,,0.0,0.0,1.0,1.0,79,0.0,lung multiciliated epithelial cell,True,True,False,True
44,ENSG00000164972,62.61658,,0.0,0.0,1.0,1.0,80,0.0,lung multiciliated epithelial cell,True,True,False,True
44,ENSG00000215217,62.4713,,0.0,0.0,1.0,1.0,81,0.0,lung multiciliated epithelial cell,True,True,False,True
44,ENSG00000186973,61.875217,,0.0,0.0,1.0,1.0,82,0.0,lung multiciliated epithelial cell,True,True,False,True
44,ENSG00000277639,61.028885,,0.0,0.0,1.0,1.0,83,0.0,lung multiciliated epithelial cell,True,True,False,True
44,ENSG00000153789,60.964912,,0.0,0.0,1.0,1.0,84,0.0,lung multiciliated epithelial cell,True,True,False,True
44,ENSG00000177989,60.85818,,0.0,0.0,1.0,1.0,85,0.0,lung multiciliated epithelial cell,True,True,False,True
44,ENSG00000284862,60.76488,,0.0,0.0,1.0,1.0,86,0.0,lung multiciliated epithelial cell,True,True,False,True
44,ENSG00000170017,60.367092,,0.0,0.0,1.0,1.0,87,0.0,lung multiciliated epithelial cell,True,True,False,True
44,ENSG00000179869,59.841675,,0.0,0.0,1.0,1.0,88,0.0,lung multiciliated epithelial cell,True,True,False,True
44,ENSG00000231028,59.370243,,0.0,0.0,1.0,1.0,89,0.0,lung multiciliated epithelial cell,True,True,False,True
44,ENSG00000162004,59.28445,,0.0,0.0,1.0,1.0,90,0.0,lung multiciliated epithelial cell,True,True,False,True
44,ENSG00000204711,58.72266,,0.0,0.0,1.0,1.0,91,0.0,lung multiciliated epithelial cell,True,True,False,True
44,ENSG00000196482,58.195522,,0.0,0.0,1.0,1.0,92,0.0,lung multiciliated epithelial cell,True,True,False,True
44,ENSG00000182329,57.830685,,0.0,0.0,1.0,1.0,93,0.0,lung multiciliated epithelial cell,True,True,False,True
44,ENSG00000114805,57.621174,,0.0,0.0,1.0,1.0,94,0.0,lung multiciliated epithelial cell,True,True,False,True
44,ENSG00000179902,57.49335,,0.0,0.0,1.0,1.0,95,0.0,lung multiciliated epithelial cell,True,True,False,True
44,ENSG00000180509,57.302166,,0.0,0.0,1.0,1.0,96,0.0,lung multiciliated epithelial cell,True,True,False,True
44,ENSG00000172361,57.28423,,0.0,0.0,1.0,1.0,97,0.0,lung multiciliated epithelial cell,True,True,False,True
44,ENSG00000173467,57.2039,,0.0,0.0,1.0,1.0,98,0.0,lung multiciliated epithelial cell,True,True,False,True
44,ENSG00000165084,57.153378,,0.0,0.0,1.0,1.0,99,0.0,lung multiciliated epithelial cell,True,True,False,True
44,ENSG00000004838,57.047962,,0.0,0.0,1.0,1.0,100,0.0,lung multiciliated epithelial cell,True,True,False,True
45,ENSG00000101443,113.135155,,0.0,0.0,1.0,1.0,1,0.0,respiratory tract goblet cell,True,False,False,True
45,ENSG00000124107,96.85869,,0.0,0.0,1.0,1.0,2,0.0,respiratory tract goblet cell,True,False,False,True
45,ENSG00000125999,77.93723,,0.0,0.0,1.0,1.0,3,0.0,respiratory tract goblet cell,True,False,False,True
45,ENSG00000171345,75.1088,,0.0,0.0,1.0,1.0,4,0.0,respiratory tract goblet cell,True,False,False,True
45,ENSG00000189377,70.83205,,0.0,0.0,1.0,1.0,5,0.0,respiratory tract goblet cell,True,False,False,True
45,ENSG00000148346,70.423195,,0.0,0.0,1.0,1.0,6,0.0,respiratory tract goblet cell,True,False,False,True
45,ENSG00000162896,66.918335,,0.0,0.0,1.0,1.0,7,0.0,respiratory tract goblet cell,True,False,False,True
45,ENSG00000161055,62.47367,,0.0,0.0,1.0,1.0,8,0.0,respiratory tract goblet cell,True,False,False,True
45,ENSG00000135480,56.572666,,0.0,0.0,1.0,1.0,9,0.0,respiratory tract goblet cell,True,False,False,True
45,ENSG00000106541,54.328705,,0.0,0.0,1.0,1.0,10,0.0,respiratory tract goblet cell,True,False,False,True
45,ENSG00000163435,51.368984,,0.0,0.0,1.0,1.0,11,0.0,respiratory tract goblet cell,True,False,False,True
45,ENSG00000184292,50.639088,,0.0,0.0,1.0,1.0,12,0.0,respiratory tract goblet cell,True,False,False,True
45,ENSG00000047457,50.387623,,0.0,0.0,1.0,1.0,13,0.0,respiratory tract goblet cell,True,False,False,True
45,ENSG00000185499,49.184666,,0.0,0.0,1.0,1.0,14,0.0,respiratory tract goblet cell,True,False,False,True
45,ENSG00000117472,47.175,,0.0,0.0,1.0,1.0,15,0.0,respiratory tract goblet cell,True,False,False,True
45,ENSG00000089356,45.82581,,6.040368010589475e-308,7.064757907122192e-307,1.0,1.0,16,0.0,respiratory tract goblet cell,True,False,False,True
45,ENSG00000145113,44.967503,,6.313214459580312e-298,7.014682732867013e-297,1.0,1.0,17,0.0,respiratory tract goblet cell,True,False,False,True
45,ENSG00000111057,44.37141,,1.6438076398718867e-294,1.7675350966364373e-293,1.0,1.0,18,0.0,respiratory tract goblet cell,True,False,False,True
45,ENSG00000227036,42.84149,,1.4333658063743395e-278,1.426234633208298e-277,1.0,1.0,19,0.0,respiratory tract goblet cell,True,False,False,True
45,ENSG00000125730,42.83906,,1.0046539734566267e-278,1.009702485886057e-277,1.0,1.0,20,0.0,respiratory tract goblet cell,True,False,False,True
45,ENSG00000149021,41.39928,,1.550827120959232e-264,1.4359510379252147e-263,1.0,1.0,21,0.0,respiratory tract goblet cell,True,False,False,True
45,ENSG00000189143,40.585075,,6.420280033259852e-258,5.784036065999867e-257,1.0,1.0,22,0.0,respiratory tract goblet cell,True,False,False,True
45,ENSG00000197956,40.46304,,1.2180734919851006e-260,1.1073395381682732e-259,1.0,1.0,23,0.0,respiratory tract goblet cell,True,False,False,True
45,ENSG00000103534,40.13518,,1.7866668418816083e-254,1.588148303894763e-253,1.0,1.0,24,0.0,respiratory tract goblet cell,True,False,False,True
45,ENSG00000167644,39.989388,,8.750584070959054e-253,7.70976570128551e-252,1.0,1.0,25,0.0,respiratory tract goblet cell,True,False,False,True
45,ENSG00000163739,39.053474,,1.0799930811241279e-242,8.88883194340846e-242,1.0,1.0,26,0.0,respiratory tract goblet cell,True,False,False,True
45,ENSG00000130066,38.89912,9.269183,6.857226416910408e-246,5.762375140260848e-245,1.0,1.0,27,0.0,respiratory tract goblet cell,True,False,False,True
45,ENSG00000120549,38.77617,,6.238661873353949e-243,5.155918903598305e-242,1.0,1.0,28,0.0,respiratory tract goblet cell,True,False,False,True
45,ENSG00000163993,38.397575,,1.0442644306123666e-236,8.3208321164332e-236,1.0,1.0,29,0.0,respiratory tract goblet cell,True,False,False,True
45,ENSG00000118849,37.25108,,4.932438338272676e-226,3.736695710812633e-225,1.0,1.0,30,0.0,respiratory tract goblet cell,True,False,False,True
45,ENSG00000154080,37.11625,,8.905076337362662e-226,6.69554611831779e-225,1.0,1.0,31,0.0,respiratory tract goblet cell,True,False,False,True
45,ENSG00000243649,36.236748,,9.377282131824796e-217,6.74624613800345e-216,1.0,1.0,32,0.0,respiratory tract goblet cell,True,False,False,True
45,ENSG00000173432,36.189167,,3.170114873604116e-216,2.2724837803613732e-215,1.0,1.0,33,0.0,respiratory tract goblet cell,True,False,False,True
45,ENSG00000197446,35.86801,,3.9160028402883865e-213,2.7577484790763286e-212,1.0,1.0,34,0.0,respiratory tract goblet cell,True,False,False,True
45,ENSG00000117525,35.83948,,1.0556561460399112e-213,7.486923021559654e-213,1.0,1.0,35,0.0,respiratory tract goblet cell,True,False,False,True
45,ENSG00000170421,35.812576,,2.56238402039231e-214,1.8237608686066264e-213,1.0,1.0,36,0.0,respiratory tract goblet cell,True,False,False,True
45,ENSG00000138696,35.708214,,2.835446566951911e-212,1.9897870645276566e-211,1.0,1.0,37,0.0,respiratory tract goblet cell,True,False,False,True
45,ENSG00000013588,35.697857,,3.5862861131053386e-213,2.5344778184490025e-212,1.0,1.0,38,0.0,respiratory tract goblet cell,True,False,False,True
45,ENSG00000181143,35.527317,,1.7063411294902186e-210,1.1727430443231743e-209,1.0,1.0,39,0.0,respiratory tract goblet cell,True,False,False,True
45,ENSG00000184254,35.517467,,2.7583492664067013e-210,1.8892803194566446e-209,1.0,1.0,40,0.0,respiratory tract goblet cell,True,False,False,True
45,ENSG00000263639,35.315834,,4.107143714452911e-208,2.7939753159543612e-207,1.0,1.0,41,0.0,respiratory tract goblet cell,True,False,False,True
45,ENSG00000124766,34.966335,,4.5952042072947825e-206,3.094413607605914e-205,1.0,1.0,42,0.0,respiratory tract goblet cell,True,False,False,True
45,ENSG00000187134,34.923588,,5.522714664390961e-205,3.6818097762606405e-204,1.0,1.0,43,0.0,respiratory tract goblet cell,True,False,False,True
45,ENSG00000182853,34.534416,,3.704809143593982e-201,2.4373744365749885e-200,1.0,1.0,44,0.0,respiratory tract goblet cell,True,False,False,True
45,ENSG00000198183,34.361797,,1.9213866289307882e-199,1.2558082542031296e-198,1.0,1.0,45,0.0,respiratory tract goblet cell,True,False,False,True
45,ENSG00000086548,34.093113,,1.3344596355899137e-197,8.609417003805895e-197,1.0,1.0,46,0.0,respiratory tract goblet cell,True,False,False,True
45,ENSG00000057149,33.905125,,1.3769416868105615e-195,8.742486900384518e-195,1.0,1.0,47,0.0,respiratory tract goblet cell,True,False,False,True
45,ENSG00000170017,33.739986,8.392713,3.2301090664830612e-196,2.0639674546217643e-195,1.0,1.0,48,0.0,respiratory tract goblet cell,True,False,False,True
45,ENSG00000165092,32.593704,,2.1914044158601158e-184,1.3241114295227285e-183,1.0,1.0,49,0.0,respiratory tract goblet cell,True,False,False,True
45,ENSG00000161798,32.477642,,1.0601041883177036e-182,6.32898022876241e-182,1.0,1.0,50,0.0,respiratory tract goblet cell,True,False,False,True
45,ENSG00000162949,32.0181,,1.47106989747319e-178,8.653352338077587e-178,1.0,1.0,51,0.0,respiratory tract goblet cell,True,False,False,True
45,ENSG00000121858,31.390762,,3.6503622110659405e-174,2.1039551648795045e-173,1.0,1.0,52,0.0,respiratory tract goblet cell,True,False,False,True
45,ENSG00000272398,31.347239,,2.0147383182739685e-173,1.1545778328217583e-172,1.0,1.0,53,0.0,respiratory tract goblet cell,True,False,False,True
45,ENSG00000136153,30.93362,5.716579,1.17770203385485e-170,6.65368380708955e-170,1.0,1.0,54,0.0,respiratory tract goblet cell,True,False,False,True
45,ENSG00000273118,30.329966,,5.833549533252697e-164,3.187731985383987e-163,1.0,1.0,55,0.0,respiratory tract goblet cell,True,False,False,True
45,ENSG00000134339,30.130766,,5.846681912613012e-162,3.1518500876620014e-161,1.0,1.0,56,0.0,respiratory tract goblet cell,True,False,False,True
45,ENSG00000189334,30.034231,,3.981536777255458e-162,2.152182041759707e-161,1.0,1.0,57,0.0,respiratory tract goblet cell,True,False,False,True
45,ENSG00000182463,29.882467,,1.6236860851705245e-160,8.706091609493429e-160,1.0,1.0,58,0.0,respiratory tract goblet cell,True,False,False,True
45,ENSG00000243955,29.818665,,1.2842458738662067e-159,6.849311327286436e-159,1.0,1.0,59,0.0,respiratory tract goblet cell,True,False,False,True
45,ENSG00000125968,29.488718,,2.9481943876819006e-157,1.5516812566746845e-156,1.0,1.0,60,0.0,respiratory tract goblet cell,True,False,False,True
45,ENSG00000165272,29.187517,,1.7474891019331537e-154,9.077865464587811e-154,1.0,1.0,61,0.0,respiratory tract goblet cell,True,False,False,True
45,ENSG00000114315,28.739735,,1.9536791795474678e-150,9.993243885153289e-150,1.0,1.0,62,0.0,respiratory tract goblet cell,True,False,False,True
45,ENSG00000079841,28.657682,,2.949542763896582e-149,1.4859157500738447e-148,1.0,1.0,63,0.0,respiratory tract goblet cell,True,False,False,True
45,ENSG00000167653,28.529688,,3.52799904785379e-148,1.763999523926895e-147,1.0,1.0,64,0.0,respiratory tract goblet cell,True,False,False,True
45,ENSG00000151632,28.489164,,4.6320217901458144e-148,2.3102353068058923e-147,1.0,1.0,65,0.0,respiratory tract goblet cell,True,False,False,True
45,ENSG00000150687,28.107428,,4.282191360912698e-145,2.1094538723707872e-144,1.0,1.0,66,0.0,respiratory tract goblet cell,True,False,False,True
45,ENSG00000142973,28.077345,,5.3584481233111546e-145,2.626690256525076e-144,1.0,1.0,67,0.0,respiratory tract goblet cell,True,False,False,True
45,ENSG00000268104,27.914106,,4.51575956918822e-143,2.197449912013732e-142,1.0,1.0,68,0.0,respiratory tract goblet cell,True,False,False,True
45,ENSG00000174501,27.771004,,6.0869456725649975e-142,2.947673449184018e-141,1.0,1.0,69,0.0,respiratory tract goblet cell,True,False,False,True
45,ENSG00000183742,27.661388,,4.1506743704896225e-141,2.0003249978263241e-140,1.0,1.0,70,0.0,respiratory tract goblet cell,True,False,False,True
45,ENSG00000117983,27.243984,,3.5040100367110985e-137,1.6412224996304911e-136,1.0,1.0,71,0.0,respiratory tract goblet cell,True,False,False,True
45,ENSG00000120885,27.094635,,1.6440638871245102e-136,7.682541528619207e-136,1.0,1.0,72,0.0,respiratory tract goblet cell,True,False,False,True
45,ENSG00000075673,27.030315,,1.9306267350396553e-135,8.979659232742582e-135,1.0,1.0,73,0.0,respiratory tract goblet cell,True,False,False,True
45,ENSG00000184349,26.04256,,7.348604962360017e-128,3.2660466499377856e-127,1.0,1.0,74,0.0,respiratory tract goblet cell,True,False,False,True
45,ENSG00000110195,25.984499,,5.442460280718021e-127,2.408168265804434e-126,1.0,1.0,75,0.0,respiratory tract goblet cell,True,False,False,True
45,ENSG00000214814,25.960392,,1.598921066052355e-126,7.059254154756534e-126,1.0,1.0,76,0.0,respiratory tract goblet cell,True,False,False,True
45,ENSG00000163082,25.753275,,2.670262022555421e-125,1.173741548376009e-124,1.0,1.0,77,0.0,respiratory tract goblet cell,True,False,False,True
45,ENSG00000232931,25.690884,,1.5558858620016872e-124,6.794261406120905e-124,1.0,1.0,78,0.0,respiratory tract goblet cell,True,False,False,True
45,ENSG00000065054,25.585459,,4.462323048568704e-124,1.9401404558994363e-123,1.0,1.0,79,0.0,respiratory tract goblet cell,True,False,False,True
45,ENSG00000196754,25.162527,,1.2106348452284815e-120,5.086701030371771e-120,1.0,1.0,80,0.0,respiratory tract goblet cell,True,False,False,True
45,ENSG00000107249,24.95724,,5.869280169907267e-119,2.4353859626171234e-118,1.0,1.0,81,0.0,respiratory tract goblet cell,True,False,False,True
45,ENSG00000127324,24.800205,,3.9667638291485204e-117,1.6357788986179466e-116,1.0,1.0,82,0.0,respiratory tract goblet cell,True,False,False,True
45,ENSG00000197353,24.65838,,6.162631136129998e-116,2.530854676028747e-115,1.0,1.0,83,0.0,respiratory tract goblet cell,True,False,False,True
45,ENSG00000146674,24.573769,,1.5736612894292274e-115,6.449431514054211e-115,1.0,1.0,84,0.0,respiratory tract goblet cell,True,False,False,True
45,ENSG00000128422,24.479244,,7.404609698402215e-115,3.0100039424399248e-114,1.0,1.0,85,0.0,respiratory tract goblet cell,True,False,False,True
45,ENSG00000198938,24.376572,,1.0263479696693774e-114,4.146860483512636e-114,1.0,1.0,86,0.0,respiratory tract goblet cell,True,False,False,True
45,ENSG00000196136,24.219765,,1.90387516777758e-112,7.61550067111032e-112,1.0,1.0,87,0.0,respiratory tract goblet cell,True,False,False,True
45,ENSG00000115963,24.106306,,4.790800716562123e-112,1.90111139546116e-111,1.0,1.0,88,0.0,respiratory tract goblet cell,True,False,False,True
45,ENSG00000163220,23.99455,,3.682090902293702e-111,1.4553718981398034e-110,1.0,1.0,89,0.0,respiratory tract goblet cell,True,False,False,True
45,ENSG00000127954,23.73111,5.8780026,5.247765507226698e-109,2.049908401260429e-108,1.0,1.0,90,0.0,respiratory tract goblet cell,True,False,False,True
45,ENSG00000152669,23.71166,,1.8130963533447635e-108,7.068601767425979e-108,1.0,1.0,91,0.0,respiratory tract goblet cell,True,False,False,True
45,ENSG00000130513,23.642366,,4.330575476903855e-108,1.6817768842345064e-107,1.0,1.0,92,0.0,respiratory tract goblet cell,True,False,False,True
45,ENSG00000124102,23.592402,,1.619985072678442e-107,6.266866818872115e-107,1.0,1.0,93,0.0,respiratory tract goblet cell,True,False,False,True
45,ENSG00000101439,23.319473,,8.244244846095038e-107,3.183106118183412e-106,1.0,1.0,94,0.0,respiratory tract goblet cell,True,False,False,True
45,ENSG00000228918,23.28586,,3.972786454897313e-105,1.5163307079760737e-104,1.0,1.0,95,0.0,respiratory tract goblet cell,True,False,False,True
45,ENSG00000183049,23.256783,4.358013,1.6777384106154802e-105,6.415825662009484e-105,1.0,1.0,96,0.0,respiratory tract goblet cell,True,False,False,True
45,ENSG00000049759,23.114641,3.836942,1.5288522537287555e-104,5.791107021699832e-104,1.0,1.0,97,0.0,respiratory tract goblet cell,True,False,False,True
45,ENSG00000145287,22.796999,,1.2438220603376837e-101,4.6324843960435146e-101,1.0,1.0,98,0.0,respiratory tract goblet cell,True,False,False,True
45,ENSG00000198727,22.762764,,8.498431201057556e-102,3.1710564183050585e-101,1.0,1.0,99,0.0,respiratory tract goblet cell,True,False,False,True
45,ENSG00000162366,22.676565,,1.7976174122271677e-100,6.633274583864087e-100,1.0,1.0,100,0.0,respiratory tract goblet cell,True,False,False,True
49,ENSG00000167996,25.606016,,1.1341815444576898e-39,4.1168114136395274e-39,1.0,1.0,1,0.0,macrophage,False,False,False,False
49,ENSG00000026025,22.478588,5.9975867,1.0172940529668532e-35,3.4898595299034417e-35,1.0,1.0,2,0.0,macrophage,False,False,False,False
49,ENSG00000087086,19.71343,,6.057048607077254e-32,1.985917576090903e-31,1.0,1.0,3,0.0,macrophage,False,False,False,False
49,ENSG00000216490,18.734531,5.54947,1.7885151113080403e-30,5.723248356185729e-30,1.0,1.0,4,0.0,macrophage,False,False,False,False
49,ENSG00000158869,18.099524,5.4806976,1.5897090902542724e-29,4.9834140760322014e-29,1.0,1.0,5,0.0,macrophage,False,False,False,False
49,ENSG00000129226,15.316013,5.770918,4.109360919117823e-25,1.2157872541768707e-24,1.0,1.0,6,0.0,macrophage,False,False,False,False
49,ENSG00000011600,15.110911,4.234649,8.189207182303524e-25,2.412137608925928e-24,1.0,1.0,7,0.0,macrophage,False,False,False,False
49,ENSG00000204472,13.624249,5.4575505,3.0903967022504065e-22,8.742282043141178e-22,1.0,1.0,8,0.0,macrophage,False,False,False,False
49,ENSG00000090382,13.322625,4.9646344,1.0413226814246034e-21,2.908722573811741e-21,1.0,1.0,9,0.0,macrophage,False,False,False,False
49,ENSG00000100097,12.993933,8.148838,3.87533460183036e-21,1.0779790269347314e-20,1.0,1.0,10,0.0,macrophage,False,False,False,False
49,ENSG00000169554,11.704462,4.5643196,8.818093925088772e-19,2.3800523414544593e-18,1.0,1.0,11,0.0,macrophage,False,False,False,False
49,ENSG00000204287,11.493837,4.2133164,2.1340810462055994e-18,5.6908827898815986e-18,1.0,1.0,12,0.0,macrophage,False,False,False,False
49,ENSG00000122862,11.34861,4.198328,3.986148524896187e-18,1.0587379880202355e-17,1.0,1.0,13,0.0,macrophage,False,False,False,False
49,ENSG00000011422,11.229346,5.938374,6.752231756337825e-18,1.7868245357591218e-17,1.0,1.0,14,0.0,macrophage,False,False,False,False
49,ENSG00000112149,10.736859,5.4795756,5.679591372989633e-17,1.4771368980467187e-16,1.0,1.0,15,0.0,macrophage,False,False,False,False
49,ENSG00000018280,10.335878,4.6321054,3.23344560705805e-16,8.301529158043774e-16,1.0,1.0,16,0.0,macrophage,False,False,False,False
49,ENSG00000140678,10.158158,5.695041,7.098865734544477e-16,1.8017425722194104e-15,1.0,1.0,17,0.0,macrophage,False,False,False,False
49,ENSG00000117984,10.133269,5.32512,7.862519032409599e-16,1.9905111474454683e-15,1.0,1.0,18,0.0,macrophage,False,False,False,False
49,ENSG00000165168,10.115587,5.511923,8.563626209273675e-16,2.1652657924838624e-15,1.0,1.0,19,0.0,macrophage,False,False,False,False
49,ENSG00000228716,9.997635,,1.3495064409974653e-15,3.4078445479733975e-15,1.0,1.0,20,0.0,macrophage,False,False,False,False
49,ENSG00000140379,9.871457,6.019114,2.511686679831079e-15,6.3187086285058595e-15,1.0,1.0,21,0.0,macrophage,False,False,False,False
49,ENSG00000198899,9.838356,,2.7707763085405705e-15,6.961749518946158e-15,1.0,1.0,22,0.0,macrophage,False,False,False,False
49,ENSG00000103569,9.581223,7.024076,9.083000299193008e-15,2.256646037066586e-14,1.0,1.0,23,0.0,macrophage,False,False,False,False
49,ENSG00000143226,9.480263,5.5009947,1.4092904477499376e-14,3.4840307731766076e-14,1.0,1.0,24,0.0,macrophage,False,False,False,False
49,ENSG00000140749,9.457349,6.1028104,1.5633867352907885e-14,3.8602141612118235e-14,1.0,1.0,25,0.0,macrophage,False,False,False,False
49,ENSG00000115956,9.372304,6.672723,2.2794302127362844e-14,5.5663741458761524e-14,1.0,1.0,26,0.0,macrophage,False,False,False,False
49,ENSG00000198938,9.366696,,2.1958761156542288e-14,5.375461727427733e-14,1.0,1.0,27,0.0,macrophage,False,False,False,False
49,ENSG00000163220,9.101726,,7.558543860447252e-14,1.8301558984133782e-13,1.0,1.0,28,0.0,macrophage,False,False,False,False
49,ENSG00000151726,9.061467,5.1755133,9.021734761095285e-14,2.179162985771808e-13,1.0,1.0,29,0.0,macrophage,False,False,False,False
49,ENSG00000197249,8.916206,3.974301,1.680710809294188e-13,4.0450320319956386e-13,1.0,1.0,30,0.0,macrophage,False,False,False,False
49,ENSG00000169429,8.736777,7.9369073,3.833276249511273e-13,9.12684821312208e-13,1.0,1.0,31,0.0,macrophage,False,False,False,False
49,ENSG00000166825,8.642245,6.006046,5.822085544835512e-13,1.376379561426835e-12,1.0,1.0,32,0.0,macrophage,False,False,False,False
49,ENSG00000135047,8.602465,7.095676,6.95888349874468e-13,1.6412461081945e-12,1.0,1.0,33,0.0,macrophage,False,False,False,False
49,ENSG00000112096,8.493074,6.3358355,1.1312508850929722e-12,2.649299496704853e-12,1.0,1.0,34,0.0,macrophage,False,False,False,False
49,ENSG00000196154,8.449271,4.9093633,1.3521470575139756e-12,3.162917093599943e-12,1.0,1.0,35,0.0,macrophage,False,False,False,False
49,ENSG00000165029,8.438048,5.679748,1.4438141453316912e-12,3.3733975358217082e-12,1.0,1.0,36,0.0,macrophage,False,False,False,False
49,ENSG00000105835,8.398152,4.3537674,1.7158742010481952e-12,4.004373864756582e-12,1.0,1.0,37,0.0,macrophage,False,False,False,False
49,ENSG00000166920,8.31344,12.062933,2.5209102599430177e-12,5.8557729615401105e-12,1.0,1.0,38,0.0,macrophage,False,False,False,False
49,ENSG00000115919,8.279676,5.683469,2.913003149179589e-12,6.743062845323123e-12,1.0,1.0,39,0.0,macrophage,False,False,False,False
49,ENSG00000130066,8.246225,5.931004,3.344452581778177e-12,7.723908964845675e-12,1.0,1.0,40,0.0,macrophage,False,False,False,False
49,ENSG00000101336,8.231419,5.240611,3.610214654750713e-12,8.328061487314217e-12,1.0,1.0,41,0.0,macrophage,False,False,False,False
49,ENSG00000204482,8.113543,4.483793,6.0489568760260666e-12,1.3873754302812078e-11,1.0,1.0,42,0.0,macrophage,False,False,False,False
49,ENSG00000197405,8.08201,4.990979,6.991136079919154e-12,1.6016348407604018e-11,1.0,1.0,43,0.0,macrophage,False,False,False,False
49,ENSG00000120708,8.015242,,9.450184252135343e-12,2.1600421147737924e-11,1.0,1.0,44,0.0,macrophage,False,False,False,False
49,ENSG00000183023,8.009422,4.691973,9.679715002766927e-12,2.2074606619764942e-11,1.0,1.0,45,0.0,macrophage,False,False,False,False
49,ENSG00000196126,7.990003,3.4732802,1.043060058873948e-11,2.3732879610328736e-11,1.0,1.0,46,0.0,macrophage,False,False,False,False
49,ENSG00000231079,7.900621,,1.5377457849666253e-11,3.4830029104566824e-11,1.0,1.0,47,0.0,macrophage,False,False,False,False
49,ENSG00000102265,7.8620076,,1.861486153205943e-11,4.2067483688269895e-11,1.0,1.0,48,0.0,macrophage,False,False,False,False
49,ENSG00000101439,7.8454695,6.903029,1.9629057841703987e-11,4.4309385647187327e-11,1.0,1.0,49,0.0,macrophage,False,False,False,False
49,ENSG00000198223,7.808985,5.307144,2.351074341037477e-11,5.295212479814138e-11,1.0,1.0,50,0.0,macrophage,False,False,False,False
49,ENSG00000231389,7.5501504,3.9514997,7.357278004573434e-11,1.6331360720473772e-10,1.0,1.0,51,0.0,macrophage,False,False,False,False
49,ENSG00000081237,7.4417377,2.965993,1.15779705974602e-10,2.5530254900684014e-10,1.0,1.0,52,0.0,macrophage,False,False,False,False
49,ENSG00000173391,7.3926625,4.5177307,1.4779510428260513e-10,3.255398772744607e-10,1.0,1.0,53,0.0,macrophage,False,False,False,False
49,ENSG00000135046,7.3521852,4.771754,1.7485609459040064e-10,3.8261727481488104e-10,1.0,1.0,54,0.0,macrophage,False,False,False,False
49,ENSG00000143546,7.347603,6.3553414,1.8063280227704424e-10,3.9439476479703986e-10,1.0,1.0,55,0.0,macrophage,False,False,False,False
49,ENSG00000198840,7.28504,,2.3047527121736875e-10,5.021247738940496e-10,1.0,1.0,56,0.0,macrophage,False,False,False,False
49,ENSG00000204103,7.194574,6.201709,3.5372524523359616e-10,7.672998812008594e-10,1.0,1.0,57,0.0,macrophage,False,False,False,False
49,ENSG00000170458,7.1473813,5.301961,4.3440774371227256e-10,9.372335355173086e-10,1.0,1.0,58,0.0,macrophage,False,False,False,False
49,ENSG00000038427,7.1337476,6.51429,4.615114672895591e-10,9.924977791173314e-10,1.0,1.0,59,0.0,macrophage,False,False,False,False
49,ENSG00000198814,7.0908093,5.0830545,5.560800116088897e-10,1.1933047459418234e-09,1.0,1.0,60,0.0,macrophage,False,False,False,False
49,ENSG00000171310,7.036917,3.6755507,7.009330744612196e-10,1.4961218238233074e-09,1.0,1.0,61,0.0,macrophage,False,False,False,False
49,ENSG00000118515,6.9617805,5.080151,9.763372476980036e-10,2.0751057336833233e-09,1.0,1.0,62,0.0,macrophage,False,False,False,False
49,ENSG00000223865,6.7743855,3.8046768,2.1985551508682766e-09,4.638302006051217e-09,1.0,1.0,63,0.0,macrophage,False,False,False,False
49,ENSG00000120594,6.7497373,3.557688,2.4469087868906446e-09,5.140564678341691e-09,1.0,1.0,64,0.0,macrophage,False,False,False,False
49,ENSG00000136235,6.7432137,5.1134734,2.5263664122345823e-09,5.301923215602481e-09,1.0,1.0,65,0.0,macrophage,False,False,False,False
49,ENSG00000136689,6.734012,8.537197,2.6355001740536168e-09,5.519372092258883e-09,1.0,1.0,66,0.0,macrophage,False,False,False,False
49,ENSG00000277632,6.6631017,6.503195,3.5784510965340774e-09,7.439607269301616e-09,1.0,1.0,67,0.0,macrophage,False,False,False,False
49,ENSG00000043462,6.655182,4.5959706,3.6836749944680496e-09,7.650415357150675e-09,1.0,1.0,68,0.0,macrophage,False,False,False,False
49,ENSG00000019582,6.6421785,2.8478107,3.86339737451668e-09,8.015347250034606e-09,1.0,1.0,69,0.0,macrophage,False,False,False,False
49,ENSG00000115738,6.5236163,4.474324,6.482171695633316e-09,1.3379095347024388e-08,1.0,1.0,70,0.0,macrophage,False,False,False,False
49,ENSG00000198763,6.5203085,,6.4903866767970864e-09,1.3382240570715642e-08,1.0,1.0,71,0.0,macrophage,False,False,False,False
49,ENSG00000198886,6.477708,,7.837438974996248e-09,1.6126417644025198e-08,1.0,1.0,72,0.0,macrophage,False,False,False,False
49,ENSG00000176788,6.443713,,9.167996897009916e-09,1.8806147481045982e-08,1.0,1.0,73,0.0,macrophage,False,False,False,False
49,ENSG00000125538,6.3803596,6.767136,1.205239851540697e-08,2.4647031728848613e-08,1.0,1.0,74,0.0,macrophage,False,False,False,False
49,ENSG00000165140,6.361591,4.952506,1.3037135148789236e-08,2.6606398262835175e-08,1.0,1.0,75,0.0,macrophage,False,False,False,False
49,ENSG00000110077,6.3254333,4.530946,1.5176512075484156e-08,3.0877949288879264e-08,1.0,1.0,76,0.0,macrophage,False,False,False,False
49,ENSG00000058091,6.168493,4.142746,2.9519716139420876e-08,5.963579018064824e-08,1.0,1.0,77,0.0,macrophage,False,False,False,False
49,ENSG00000102760,6.1246796,3.178331,3.546187362932011e-08,7.132870721022042e-08,1.0,1.0,78,0.0,macrophage,False,False,False,False
49,ENSG00000255823,6.1242347,,3.5486031837084655e-08,7.132870721022042e-08,1.0,1.0,79,0.0,macrophage,False,False,False,False
49,ENSG00000124882,6.0804253,7.232649,4.3008523895861315e-08,8.618942664501265e-08,1.0,1.0,80,0.0,macrophage,False,False,False,False
49,ENSG00000128512,6.04733,3.0879834,4.9193587302979147e-08,9.838717460595829e-08,1.0,1.0,81,0.0,macrophage,False,False,False,False
49,ENSG00000127507,5.922743,4.8449836,8.308366828564778e-08,1.653406334042742e-07,1.0,1.0,82,0.0,macrophage,False,False,False,False
49,ENSG00000179344,5.9006214,3.6060672,9.10000866803543e-08,1.8073502816356363e-07,1.0,1.0,83,0.0,macrophage,False,False,False,False
49,ENSG00000100906,5.83837,4.715365,1.1814095191204747e-07,2.3417433481079776e-07,1.0,1.0,84,0.0,macrophage,False,False,False,False
49,ENSG00000175471,5.675281,3.9574385,2.3189549268425882e-07,4.560383336956909e-07,1.0,1.0,85,0.0,macrophage,False,False,False,False
49,ENSG00000128815,5.6659374,3.893666,2.397578426961673e-07,4.705747648599947e-07,1.0,1.0,86,0.0,macrophage,False,False,False,False
49,ENSG00000185215,5.628294,7.452703,2.81317043050767e-07,5.499844438920176e-07,1.0,1.0,87,0.0,macrophage,False,False,False,False
49,ENSG00000166523,5.6150947,5.781436,2.975613112846201e-07,5.811744361027736e-07,1.0,1.0,88,0.0,macrophage,False,False,False,False
49,ENSG00000085265,5.6103315,6.606014,3.036006634386522e-07,5.923915384168823e-07,1.0,1.0,89,0.0,macrophage,False,False,False,False
49,ENSG00000019169,5.5923896,3.9546702,3.2624398471574473e-07,6.359531865803991e-07,1.0,1.0,90,0.0,macrophage,False,False,False,False
49,ENSG00000163563,5.527111,4.057325,4.2536995938369694e-07,8.267637694532496e-07,1.0,1.0,91,0.0,macrophage,False,False,False,False
49,ENSG00000166501,5.5045576,4.5835853,4.666505569747504e-07,9.061175863587386e-07,1.0,1.0,92,0.0,macrophage,False,False,False,False
49,ENSG00000183019,5.4874854,4.469256,5.00620796012596e-07,9.71136364718906e-07,1.0,1.0,93,0.0,macrophage,False,False,False,False
49,ENSG00000114013,5.4049954,4.006159,6.990996764069519e-07,1.3470128639825664e-06,1.0,1.0,94,0.0,macrophage,False,False,False,False
49,ENSG00000164687,5.365951,9.191687,8.191566897934342e-07,1.5722777155344226e-06,1.0,1.0,95,0.0,macrophage,False,False,False,False
49,ENSG00000100292,5.28739,7.487222,1.124384142696639e-06,2.1498740778138414e-06,1.0,1.0,96,0.0,macrophage,False,False,False,False
49,ENSG00000170542,5.218781,5.000194,1.4787894373415144e-06,2.81942695393997e-06,1.0,1.0,97,0.0,macrophage,False,False,False,False
49,ENSG00000154127,5.217299,4.4679523,1.4835376050828102e-06,2.8257859144434476e-06,1.0,1.0,98,0.0,macrophage,False,False,False,False
49,ENSG00000137331,5.2168164,,1.4900172380854487e-06,2.83542766524348e-06,1.0,1.0,99,0.0,macrophage,False,False,False,False
49,ENSG00000158517,5.2074633,5.5007486,1.5446843992791089e-06,2.936662356043933e-06,1.0,1.0,100,0.0,macrophage,False,False,False,False
52,ENSG00000185532,55.103752,6.2773366,0.0,0.0,1.0,1.0,1,0.0,macrophage,False,False,False,False
52,ENSG00000144642,52.451412,6.158777,0.0,0.0,1.0,1.0,2,0.0,macrophage,False,False,False,False
52,ENSG00000144724,52.26245,6.308505,0.0,0.0,1.0,1.0,3,0.0,macrophage,False,False,False,False
52,ENSG00000085276,47.922153,7.533093,0.0,0.0,1.0,1.0,4,0.0,macrophage,False,False,False,False
52,ENSG00000172264,46.987316,7.1563354,2.82708679000856e-309,1.1308347160034236e-307,1.0,1.0,5,0.0,macrophage,False,False,False,False
52,ENSG00000113448,46.212246,6.4604783,2.9696902496894805e-304,1.1421885575728771e-302,1.0,1.0,6,0.0,macrophage,False,False,False,False
52,ENSG00000064042,44.538383,6.0710177,4.495404743488745e-288,1.550139566720257e-286,1.0,1.0,7,0.0,macrophage,False,False,False,False
52,ENSG00000185565,43.11188,5.7781734,1.7739206691463584e-275,5.54350209108237e-274,1.0,1.0,8,0.0,macrophage,False,False,False,False
52,ENSG00000158321,42.87593,7.6257696,1.3427941646428932e-273,4.131674352747364e-272,1.0,1.0,9,0.0,macrophage,False,False,False,False
52,ENSG00000134532,42.635933,,4.628449627711946e-271,1.3613087140329253e-269,1.0,1.0,10,0.0,macrophage,False,False,False,False
52,ENSG00000184903,42.612762,,1.0773348255410714e-271,3.264650986488095e-270,1.0,1.0,11,0.0,macrophage,False,False,False,False
52,ENSG00000188906,41.67805,5.596243,5.878972527486722e-262,1.5677260073297926e-260,1.0,1.0,12,0.0,macrophage,False,False,False,False
52,ENSG00000173482,41.531628,4.609823,4.795520152355715e-262,1.2960865276637068e-260,1.0,1.0,13,0.0,macrophage,False,False,False,False
52,ENSG00000150672,41.4861,5.9869604,1.800001263787336e-260,4.736845431019305e-259,1.0,1.0,14,0.0,macrophage,False,False,False,False
52,ENSG00000148655,40.937614,4.292957,8.099942342166172e-257,2.076908292863121e-255,1.0,1.0,15,0.0,macrophage,False,False,False,False
52,ENSG00000144331,40.7921,5.9381347,7.729604359739433e-254,1.9324010899348582e-252,1.0,1.0,16,0.0,macrophage,False,False,False,False
52,ENSG00000151276,40.605194,5.7764034,1.0428242893170694e-253,2.574874788437208e-252,1.0,1.0,17,0.0,macrophage,False,False,False,False
52,ENSG00000120594,40.258022,4.2563677,9.014610246065295e-251,2.1721952400157336e-249,1.0,1.0,18,0.0,macrophage,False,False,False,False
52,ENSG00000196569,39.94589,6.746953,4.081215633887779e-246,9.069368075306175e-245,1.0,1.0,19,0.0,macrophage,False,False,False,False
52,ENSG00000151150,39.90247,9.429001,2.4819479192890262e-247,5.577411054582082e-246,1.0,1.0,20,0.0,macrophage,False,False,False,False
52,ENSG00000186153,39.308197,7.6120324,7.2631813190662185e-242,1.5619744772185415e-240,1.0,1.0,21,0.0,macrophage,False,False,False,False
52,ENSG00000188641,38.81394,4.4277096,6.213213957638067e-237,1.2944195745079306e-235,1.0,1.0,22,0.0,macrophage,False,False,False,False
52,ENSG00000182985,38.666138,7.3052998,5.9233547264508524e-235,1.2213102528764646e-233,1.0,1.0,23,0.0,macrophage,False,False,False,False
52,ENSG00000081803,38.417374,6.3421593,3.4469581194354843e-233,6.89391623887097e-232,1.0,1.0,24,0.0,macrophage,False,False,False,False
52,ENSG00000182197,37.919632,,2.9645413557856045e-229,5.646745439591627e-228,1.0,1.0,25,0.0,macrophage,False,False,False,False
52,ENSG00000128512,37.79747,3.8619232,9.122462348126093e-229,1.7212193109671871e-227,1.0,1.0,26,0.0,macrophage,False,False,False,False
52,ENSG00000164741,37.703262,5.1299314,9.697117099413583e-227,1.8125452522268378e-225,1.0,1.0,27,0.0,macrophage,False,False,False,False
52,ENSG00000081026,37.282036,6.7874856,4.7981587295043e-223,8.885479128711666e-222,1.0,1.0,28,0.0,macrophage,False,False,False,False
52,ENSG00000168878,36.532238,3.7866733,8.45532878826372e-218,1.5514364749107743e-216,1.0,1.0,29,0.0,macrophage,False,False,False,False
52,ENSG00000145147,36.42384,10.184471,1.0964064663615093e-214,1.9578686899312666e-213,1.0,1.0,30,0.0,macrophage,False,False,False,False
52,ENSG00000178568,36.139927,6.8244066,1.625760711309192e-212,2.8522117742266526e-211,1.0,1.0,31,0.0,macrophage,False,False,False,False
52,ENSG00000078114,35.88729,7.0682826,1.682367867927439e-210,2.8514709625888795e-209,1.0,1.0,32,0.0,macrophage,False,False,False,False
52,ENSG00000152894,35.859104,,8.517107039890673e-211,1.455915733314645e-209,1.0,1.0,33,0.0,macrophage,False,False,False,False
52,ENSG00000185483,35.65196,,8.733888899466078e-208,1.4436179999117483e-206,1.0,1.0,34,0.0,macrophage,False,False,False,False
52,ENSG00000179104,35.356514,,1.2466689527303924e-205,2.0437195946399876e-204,1.0,1.0,35,0.0,macrophage,False,False,False,False
52,ENSG00000179399,35.27393,6.205216,1.5743259910279311e-204,2.559879660208018e-203,1.0,1.0,36,0.0,macrophage,False,False,False,False
52,ENSG00000117114,35.181274,6.2857537,3.53866903663963e-204,5.707530704257468e-203,1.0,1.0,37,0.0,macrophage,False,False,False,False
52,ENSG00000153707,34.83843,9.956955,1.0818694066316367e-200,1.7309910506106187e-199,1.0,1.0,38,0.0,macrophage,False,False,False,False
52,ENSG00000151914,34.3872,,7.274253858914208e-198,1.1546434696689218e-196,1.0,1.0,39,0.0,macrophage,False,False,False,False
52,ENSG00000169744,34.3821,4.599611,2.3516816223985284e-197,3.7034356258244546e-196,1.0,1.0,40,0.0,macrophage,False,False,False,False
52,ENSG00000189283,34.304478,,7.381760653325469e-197,1.1534001020821045e-195,1.0,1.0,41,0.0,macrophage,False,False,False,False
52,ENSG00000144218,34.063065,5.4312963,1.5098442974792733e-194,2.287642874968596e-193,1.0,1.0,42,0.0,macrophage,False,False,False,False
52,ENSG00000187391,34.03106,7.34228,6.513953875949705e-194,9.795419362330385e-193,1.0,1.0,43,0.0,macrophage,False,False,False,False
52,ENSG00000176771,33.773537,6.0174847,1.829039836666374e-191,2.689764465685844e-190,1.0,1.0,44,0.0,macrophage,False,False,False,False
52,ENSG00000157827,33.765697,4.747139,2.484832727253033e-192,3.6812336700044936e-191,1.0,1.0,45,0.0,macrophage,False,False,False,False
52,ENSG00000049759,32.82389,5.1922956,4.938409564316398e-184,7.0048362614417e-183,1.0,1.0,46,0.0,macrophage,False,False,False,False
52,ENSG00000196628,32.817844,5.1667223,4.655546779620254e-184,6.65078111374322e-183,1.0,1.0,47,0.0,macrophage,False,False,False,False
52,ENSG00000169946,32.609642,6.5468144,2.713252167730578e-181,3.768405788514692e-180,1.0,1.0,48,0.0,macrophage,False,False,False,False
52,ENSG00000182667,32.23158,6.3493843,8.634774031005225e-178,1.1747991878918674e-176,1.0,1.0,49,0.0,macrophage,False,False,False,False
52,ENSG00000166833,32.129402,5.7891307,1.8754234786451618e-177,2.5173469512015596e-176,1.0,1.0,50,0.0,macrophage,False,False,False,False
52,ENSG00000196782,32.11963,6.461174,1.4680565376589828e-177,1.9838601860256526e-176,1.0,1.0,51,0.0,macrophage,False,False,False,False
52,ENSG00000047936,32.105442,5.6689324,6.840526168068333e-177,9.120701557424444e-176,1.0,1.0,52,0.0,macrophage,False,False,False,False
52,ENSG00000173068,31.827122,6.514601,1.5106243560344446e-174,1.974672360829339e-173,1.0,1.0,53,0.0,macrophage,False,False,False,False
52,ENSG00000151067,31.440624,7.133389,4.875821461762273e-171,6.251053156105478e-170,1.0,1.0,54,0.0,macrophage,False,False,False,False
52,ENSG00000183098,31.369131,,2.727319385211123e-170,3.4523030192545865e-169,1.0,1.0,55,0.0,macrophage,False,False,False,False
52,ENSG00000153823,30.920204,5.2602386,7.291468860666603e-167,9.057725292753545e-166,1.0,1.0,56,0.0,macrophage,False,False,False,False
52,ENSG00000177694,30.906073,,5.707154265119485e-167,7.133942831399357e-166,1.0,1.0,57,0.0,macrophage,False,False,False,False
52,ENSG00000184384,30.877737,4.7497864,2.2523946917530436e-167,2.833200870129615e-166,1.0,1.0,58,0.0,macrophage,False,False,False,False
52,ENSG00000138639,30.387922,5.994915,1.5049662740472592e-162,1.835324724447877e-161,1.0,1.0,59,0.0,macrophage,False,False,False,False
52,ENSG00000183580,30.32486,6.9371495,6.781368162994359e-162,8.21984019756892e-161,1.0,1.0,60,0.0,macrophage,False,False,False,False
52,ENSG00000185630,30.238638,,5.198795998858726e-161,6.189042855784198e-160,1.0,1.0,61,0.0,macrophage,False,False,False,False
52,ENSG00000185008,30.178577,,3.015751544369303e-160,3.5689367388985836e-159,1.0,1.0,62,0.0,macrophage,False,False,False,False
52,ENSG00000144810,30.009977,5.8266788,7.039245190331199e-159,8.233035310328888e-158,1.0,1.0,63,0.0,macrophage,False,False,False,False
52,ENSG00000170017,29.837925,7.747279,2.987277762332737e-158,3.4735787934101596e-157,1.0,1.0,64,0.0,macrophage,False,False,False,False
52,ENSG00000163637,29.778059,5.1047153,3.92372978533565e-157,4.484262611812172e-156,1.0,1.0,65,0.0,macrophage,False,False,False,False
52,ENSG00000183722,29.724905,5.377581,8.370047664948952e-157,9.511417801078354e-156,1.0,1.0,66,0.0,macrophage,False,False,False,False
52,ENSG00000112232,29.589285,5.5733395,2.3451030271010736e-155,2.6349472214618804e-154,1.0,1.0,67,0.0,macrophage,False,False,False,False
52,ENSG00000121440,29.373276,,2.729570448365682e-153,3.0160999429455047e-152,1.0,1.0,68,0.0,macrophage,False,False,False,False
52,ENSG00000136153,29.301746,6.0435057,1.8642607571115964e-153,2.071400841235107e-152,1.0,1.0,69,0.0,macrophage,False,False,False,False
52,ENSG00000138821,29.087376,5.4469466,4.2712321517008815e-151,4.617548272109061e-150,1.0,1.0,70,0.0,macrophage,False,False,False,False
52,ENSG00000112137,28.99557,4.143791,1.2214645239145099e-150,1.2994303445899042e-149,1.0,1.0,71,0.0,macrophage,False,False,False,False
52,ENSG00000131018,28.978601,3.7235024,5.8124221879452085e-151,6.24991633112388e-150,1.0,1.0,72,0.0,macrophage,False,False,False,False
52,ENSG00000069667,28.955172,6.3092847,1.3975733753737914e-150,1.4789136247341706e-149,1.0,1.0,73,0.0,macrophage,False,False,False,False
52,ENSG00000136237,28.498775,4.779017,2.1296574087886846e-146,2.1955231018440046e-145,1.0,1.0,74,0.0,macrophage,False,False,False,False
52,ENSG00000150636,28.461113,6.2715025,9.97251279907461e-146,1.0124378476217878e-144,1.0,1.0,75,0.0,macrophage,False,False,False,False
52,ENSG00000187720,28.42752,10.06059,9.415001273895799e-146,9.60714415703653e-145,1.0,1.0,76,0.0,macrophage,False,False,False,False
52,ENSG00000273540,28.387245,6.062565,4.1516346462543336e-145,4.172497131913903e-144,1.0,1.0,77,0.0,macrophage,False,False,False,False
52,ENSG00000245532,28.35995,3.6463413,4.106685067266982e-146,4.2119846843763916e-145,1.0,1.0,78,0.0,macrophage,False,False,False,False
52,ENSG00000189337,28.134146,,3.2252925641745014e-143,3.1466268918775626e-142,1.0,1.0,79,0.0,macrophage,False,False,False,False
52,ENSG00000146555,28.000671,,3.5295190296064605e-142,3.4267175044722914e-141,1.0,1.0,80,0.0,macrophage,False,False,False,False
52,ENSG00000169855,27.939342,,1.9484473600330446e-141,1.8735070769548504e-140,1.0,1.0,81,0.0,macrophage,False,False,False,False
52,ENSG00000047648,27.822754,4.7722535,1.3079233146006674e-140,1.2516012579910694e-139,1.0,1.0,82,0.0,macrophage,False,False,False,False
52,ENSG00000184349,27.719812,,7.001769608831121e-140,6.60544302719917e-139,1.0,1.0,83,0.0,macrophage,False,False,False,False
52,ENSG00000248905,27.578358,5.1622863,1.3120160529352621e-138,1.231939955807758e-137,1.0,1.0,84,0.0,macrophage,False,False,False,False
52,ENSG00000135298,27.094309,,2.370099268914256e-134,2.1644742181865354e-133,1.0,1.0,85,0.0,macrophage,False,False,False,False
52,ENSG00000183023,27.047615,3.8196533,1.6689044995638967e-134,1.531105045471465e-133,1.0,1.0,86,0.0,macrophage,False,False,False,False
52,ENSG00000167972,26.868109,5.289384,1.1075011391727506e-132,9.97748774029505e-132,1.0,1.0,87,0.0,macrophage,False,False,False,False
52,ENSG00000165995,26.541052,,7.646232042717768e-130,6.796650704638016e-129,1.0,1.0,88,0.0,macrophage,False,False,False,False
52,ENSG00000138771,26.536308,5.476647,3.984722370767539e-130,3.557787831042445e-129,1.0,1.0,89,0.0,macrophage,False,False,False,False
52,ENSG00000184005,26.137903,4.3282394,6.0583521034278605e-127,5.361373542856514e-126,1.0,1.0,90,0.0,macrophage,False,False,False,False
52,ENSG00000079102,26.023064,6.2046723,1.0238526217597395e-125,9.020727945019732e-125,1.0,1.0,91,0.0,macrophage,False,False,False,False
52,ENSG00000090530,25.989637,6.143817,1.74607897204426e-125,1.5183295409080523e-124,1.0,1.0,92,0.0,macrophage,False,False,False,False
52,ENSG00000021645,25.801966,6.788539,4.690984844705273e-124,4.02659643322341e-123,1.0,1.0,93,0.0,macrophage,False,False,False,False
52,ENSG00000233237,25.774803,5.390646,6.62112078356662e-124,5.659077592791983e-123,1.0,1.0,94,0.0,macrophage,False,False,False,False
52,ENSG00000165084,25.633165,5.087377,1.046817025097105e-122,8.759975105415105e-122,1.0,1.0,95,0.0,macrophage,False,False,False,False
52,ENSG00000184347,25.614473,,2.1895405420518904e-122,1.8246171183765754e-121,1.0,1.0,96,0.0,macrophage,False,False,False,False
52,ENSG00000154654,25.527473,10.588394,1.2504296366689617e-121,1.0249423251384932e-120,1.0,1.0,97,0.0,macrophage,False,False,False,False
52,ENSG00000151623,25.512968,6.6027646,7.178748118549424e-122,5.9084346654727765e-121,1.0,1.0,98,0.0,macrophage,False,False,False,False
52,ENSG00000053747,25.498428,6.7970586,1.3916691088418107e-121,1.13605641538107e-120,1.0,1.0,99,0.0,macrophage,False,False,False,False
52,ENSG00000153093,25.4514,5.5385666,3.338407619320838e-121,2.7141525360332016e-120,1.0,1.0,100,0.0,macrophage,False,False,False,False
54,ENSG00000168878,60.002018,5.7321477,5.213731687581893e-140,6.0274354769732864e-139,1.0,1.0,1,0.0,pulmonary alveolar type 2 cell,False,False,False,False
54,ENSG00000085276,42.875576,7.9476156,1.3355772652255292e-108,1.2253002433261736e-107,1.0,1.0,2,0.0,pulmonary alveolar type 2 cell,False,False,False,False
54,ENSG00000113448,40.67176,7.93487,5.362981486256454e-104,4.746001315271198e-103,1.0,1.0,3,0.0,pulmonary alveolar type 2 cell,False,False,False,False
54,ENSG00000151150,37.84642,8.849265,5.491391411564015e-98,4.5761595096366795e-97,1.0,1.0,4,0.0,pulmonary alveolar type 2 cell,False,False,False,False
54,ENSG00000049759,30.131119,7.3213925,1.001399589198678e-79,7.230321943672765e-79,1.0,1.0,5,0.0,pulmonary alveolar type 2 cell,False,False,False,False
54,ENSG00000245532,28.27688,5.3934603,4.1492863905924907e-75,2.891488773932049e-74,1.0,1.0,6,0.0,pulmonary alveolar type 2 cell,False,False,False,False
54,ENSG00000197943,26.85841,10.976438,4.444648817552143e-71,2.933761595743989e-70,1.0,1.0,7,0.0,pulmonary alveolar type 2 cell,False,False,False,False
54,ENSG00000047936,26.24415,9.561744,2.570398259100966e-69,1.6476911917313884e-68,1.0,1.0,8,0.0,pulmonary alveolar type 2 cell,False,False,False,False
54,ENSG00000078114,26.024307,7.581251,8.013991201672822e-69,5.072146330172672e-68,1.0,1.0,9,0.0,pulmonary alveolar type 2 cell,False,False,False,False
54,ENSG00000188906,24.370415,7.9140844,4.1882400288133694e-64,2.5460425707072154e-63,1.0,1.0,10,0.0,pulmonary alveolar type 2 cell,False,False,False,False
54,ENSG00000178568,24.234018,8.12392,9.740251611864445e-64,5.88534840596039e-63,1.0,1.0,11,0.0,pulmonary alveolar type 2 cell,False,False,False,False
54,ENSG00000064042,24.00379,6.3060727,3.7752886711955327e-63,2.2471956376163887e-62,1.0,1.0,12,0.0,pulmonary alveolar type 2 cell,False,False,False,False
54,ENSG00000144724,23.50452,6.371869,1.0707646503697263e-61,6.280144576948541e-61,1.0,1.0,13,0.0,pulmonary alveolar type 2 cell,False,False,False,False
54,ENSG00000148655,23.155336,4.6553893,8.595167828662949e-61,5.011759666858862e-60,1.0,1.0,14,0.0,pulmonary alveolar type 2 cell,False,False,False,False
54,ENSG00000134532,22.944427,8.352646,4.9561546348121607e-60,2.8648292686775494e-59,1.0,1.0,15,0.0,pulmonary alveolar type 2 cell,False,False,False,False
54,ENSG00000144331,22.908203,8.090526,6.919615125916659e-60,3.976790302250953e-59,1.0,1.0,16,0.0,pulmonary alveolar type 2 cell,False,False,False,False
54,ENSG00000158321,22.550655,7.3678203,6.727647414378842e-59,3.8116982517727154e-58,1.0,1.0,17,0.0,pulmonary alveolar type 2 cell,False,False,False,False
54,ENSG00000152128,21.658808,8.918251,3.4663035794173282e-56,1.888993776249225e-55,1.0,1.0,18,0.0,pulmonary alveolar type 2 cell,False,False,False,False
54,ENSG00000144218,21.269125,6.6994395,4.523317623592715e-55,2.4450365532933593e-54,1.0,1.0,19,0.0,pulmonary alveolar type 2 cell,False,False,False,False
54,ENSG00000152894,20.830853,,9.362363772373426e-54,5.006611642980442e-53,1.0,1.0,20,0.0,pulmonary alveolar type 2 cell,False,False,False,False
54,ENSG00000189283,20.482487,8.35347,1.0458246838773823e-52,5.489893353687046e-52,1.0,1.0,21,0.0,pulmonary alveolar type 2 cell,False,False,False,False
54,ENSG00000151276,20.404766,5.775855,1.6383350959724279e-52,8.555274652597534e-52,1.0,1.0,22,0.0,pulmonary alveolar type 2 cell,False,False,False,False
54,ENSG00000179399,20.313692,8.39437,3.9687174846942175e-52,2.0670403566115715e-51,1.0,1.0,23,0.0,pulmonary alveolar type 2 cell,False,False,False,False
54,ENSG00000153093,19.97435,7.9737983,4.2340567440716375e-51,2.171311150805968e-50,1.0,1.0,24,0.0,pulmonary alveolar type 2 cell,False,False,False,False
54,ENSG00000138771,19.49265,7.4650187,1.2535783914899599e-49,6.299388901959597e-49,1.0,1.0,25,0.0,pulmonary alveolar type 2 cell,False,False,False,False
54,ENSG00000173482,19.394432,4.7486243,2.115863733086257e-49,1.0552936324619734e-48,1.0,1.0,26,0.0,pulmonary alveolar type 2 cell,False,False,False,False
54,ENSG00000172264,19.348843,7.2428756,3.525259727996409e-49,1.7538605611922434e-48,1.0,1.0,27,0.0,pulmonary alveolar type 2 cell,False,False,False,False
54,ENSG00000081026,19.295368,6.9263244,4.8852325479590506e-49,2.4184319544351736e-48,1.0,1.0,28,0.0,pulmonary alveolar type 2 cell,False,False,False,False
54,ENSG00000170017,19.10539,7.1578994,1.7223250485402158e-48,8.442769845785372e-48,1.0,1.0,29,0.0,pulmonary alveolar type 2 cell,False,False,False,False
54,ENSG00000131018,18.918406,5.736968,7.31242852441621e-48,3.5411276147293998e-47,1.0,1.0,30,0.0,pulmonary alveolar type 2 cell,False,False,False,False
54,ENSG00000155657,18.806597,8.999642,1.7929806953655177e-47,8.578855001748889e-47,1.0,1.0,31,0.0,pulmonary alveolar type 2 cell,False,False,False,False
54,ENSG00000188641,18.718655,4.466662,2.748240135631654e-47,1.3118091339530567e-46,1.0,1.0,32,0.0,pulmonary alveolar type 2 cell,False,False,False,False
54,ENSG00000182985,18.649422,7.009643,5.140429685804179e-47,2.442009351925976e-46,1.0,1.0,33,0.0,pulmonary alveolar type 2 cell,False,False,False,False
54,ENSG00000236039,18.474615,9.351941,1.948771832432915e-46,9.214051217176904e-46,1.0,1.0,34,0.0,pulmonary alveolar type 2 cell,False,False,False,False
54,ENSG00000167972,18.346672,7.57419,4.7856178103165176e-46,2.2362700048208027e-45,1.0,1.0,35,0.0,pulmonary alveolar type 2 cell,False,False,False,False
54,ENSG00000164741,18.335318,5.6584587,4.827312850408303e-46,2.2504955013558522e-45,1.0,1.0,36,0.0,pulmonary alveolar type 2 cell,False,False,False,False
54,ENSG00000136153,18.211617,6.7673388,1.156834082125656e-45,5.368139592230422e-45,1.0,1.0,37,0.0,pulmonary alveolar type 2 cell,False,False,False,False
54,ENSG00000150672,18.080202,6.721631,3.222289764758647e-45,1.4713651893875102e-44,1.0,1.0,38,0.0,pulmonary alveolar type 2 cell,False,False,False,False
54,ENSG00000185532,17.753988,4.9223504,2.9910358200792655e-44,1.33827106043815e-43,1.0,1.0,39,0.0,pulmonary alveolar type 2 cell,False,False,False,False
54,ENSG00000090530,17.540443,9.041002,1.7003565039821987e-43,7.490557286265193e-43,1.0,1.0,40,0.0,pulmonary alveolar type 2 cell,False,False,False,False
54,ENSG00000081803,17.440855,6.096479,3.167560714426472e-43,1.383214285775752e-42,1.0,1.0,41,0.0,pulmonary alveolar type 2 cell,False,False,False,False
54,ENSG00000184349,17.209528,,1.831341163273308e-42,7.89371191066081e-42,1.0,1.0,42,0.0,pulmonary alveolar type 2 cell,False,False,False,False
54,ENSG00000184903,16.344767,7.52391,9.634200428924945e-40,3.989316947795009e-39,1.0,1.0,43,0.0,pulmonary alveolar type 2 cell,False,False,False,False
54,ENSG00000163492,16.283926,9.662587,1.7055172342654998e-39,7.01858944142181e-39,1.0,1.0,44,0.0,pulmonary alveolar type 2 cell,False,False,False,False
54,ENSG00000133424,15.953384,9.384273,1.828098729070677e-38,7.476886417466982e-38,1.0,1.0,45,0.0,pulmonary alveolar type 2 cell,False,False,False,False
54,ENSG00000184156,15.930939,9.095944,2.2772574578567933e-38,9.275997791677367e-38,1.0,1.0,46,0.0,pulmonary alveolar type 2 cell,False,False,False,False
54,ENSG00000165084,15.899262,6.8483667,2.808056172197664e-38,1.1368648470435886e-37,1.0,1.0,47,0.0,pulmonary alveolar type 2 cell,False,False,False,False
54,ENSG00000069122,15.852384,5.9791174,3.85643293169079e-38,1.5550132789075764e-37,1.0,1.0,48,0.0,pulmonary alveolar type 2 cell,False,False,False,False
54,ENSG00000136237,15.824428,6.2649446,4.823632885277743e-38,1.937201961958933e-37,1.0,1.0,49,0.0,pulmonary alveolar type 2 cell,False,False,False,False
54,ENSG00000187720,15.614805,7.7132516,2.242296018679667e-37,8.827937081416014e-37,1.0,1.0,50,0.0,pulmonary alveolar type 2 cell,False,False,False,False
54,ENSG00000198846,15.522888,6.8345227,4.529187564830972e-37,1.772676150618776e-36,1.0,1.0,51,0.0,pulmonary alveolar type 2 cell,False,False,False,False
54,ENSG00000206560,15.508358,6.2353096,4.999559404011703e-37,1.9529528921920716e-36,1.0,1.0,52,0.0,pulmonary alveolar type 2 cell,False,False,False,False
54,ENSG00000144810,15.121966,7.2068777,8.889530986096962e-36,3.3800498045996055e-35,1.0,1.0,53,0.0,pulmonary alveolar type 2 cell,False,False,False,False
54,ENSG00000163629,14.947076,,3.169704439519892e-35,1.1983759695727379e-34,1.0,1.0,54,0.0,pulmonary alveolar type 2 cell,False,False,False,False
54,ENSG00000109339,14.738656,7.643729,1.4353698494383388e-34,5.355857647157981e-34,1.0,1.0,55,0.0,pulmonary alveolar type 2 cell,False,False,False,False
54,ENSG00000107249,14.727297,,1.599488037754137e-34,5.957124907836637e-34,1.0,1.0,56,0.0,pulmonary alveolar type 2 cell,False,False,False,False
54,ENSG00000153707,14.724584,7.5292487,1.669824127553626e-34,6.207524637745822e-34,1.0,1.0,57,0.0,pulmonary alveolar type 2 cell,False,False,False,False
54,ENSG00000112137,14.473278,4.7541165,1.0293542749745633e-33,3.756767426914465e-33,1.0,1.0,58,0.0,pulmonary alveolar type 2 cell,False,False,False,False
54,ENSG00000253438,14.239462,8.487413,6.034835696839951e-33,2.1708042074963854e-32,1.0,1.0,59,0.0,pulmonary alveolar type 2 cell,False,False,False,False
54,ENSG00000140563,14.067731,6.811304,2.132345425310475e-32,7.60194447526016e-32,1.0,1.0,60,0.0,pulmonary alveolar type 2 cell,False,False,False,False
54,ENSG00000179104,14.004566,,3.3811837771884373e-32,1.1990013394285237e-31,1.0,1.0,61,0.0,pulmonary alveolar type 2 cell,False,False,False,False
54,ENSG00000225689,13.91964,8.200789,6.522426449554566e-32,2.300679523652404e-31,1.0,1.0,62,0.0,pulmonary alveolar type 2 cell,False,False,False,False
54,ENSG00000162551,13.587176,8.116568,7.666648727756843e-31,2.657417236657485e-30,1.0,1.0,63,0.0,pulmonary alveolar type 2 cell,False,False,False,False
54,ENSG00000103534,13.344913,7.5741105,4.3857841540157105e-30,1.5123393634536934e-29,1.0,1.0,64,0.0,pulmonary alveolar type 2 cell,False,False,False,False
54,ENSG00000166833,13.051076,5.346797,3.8057000324834176e-29,1.2922580755461521e-28,1.0,1.0,65,0.0,pulmonary alveolar type 2 cell,False,False,False,False
54,ENSG00000080493,13.035702,,4.455248091319408e-29,1.5102535902777653e-28,1.0,1.0,66,0.0,pulmonary alveolar type 2 cell,False,False,False,False
54,ENSG00000151623,12.732674,6.354356,3.997756980233179e-28,1.3392820704298758e-27,1.0,1.0,67,0.0,pulmonary alveolar type 2 cell,False,False,False,False
54,ENSG00000153823,12.7191515,5.3840933,4.454540222354032e-28,1.4898127833959976e-27,1.0,1.0,68,0.0,pulmonary alveolar type 2 cell,False,False,False,False
54,ENSG00000184305,12.644144,,7.65426827584051e-28,2.5429462710433588e-27,1.0,1.0,69,0.0,pulmonary alveolar type 2 cell,False,False,False,False
54,ENSG00000248905,12.494262,5.043993,2.2834528808995906e-27,7.499024239407522e-27,1.0,1.0,70,0.0,pulmonary alveolar type 2 cell,False,False,False,False
54,ENSG00000106415,12.351618,7.0905323,6.572342126051255e-27,2.1408280540883568e-26,1.0,1.0,71,0.0,pulmonary alveolar type 2 cell,False,False,False,False
54,ENSG00000170579,11.87445,9.284936,2.172950421337081e-25,6.80109678039775e-25,1.0,1.0,72,0.0,pulmonary alveolar type 2 cell,False,False,False,False
54,ENSG00000035664,11.793739,6.0879283,3.837581722068841e-25,1.1936490581862648e-24,1.0,1.0,73,0.0,pulmonary alveolar type 2 cell,False,False,False,False
54,ENSG00000114805,11.699448,6.6412206,7.592768821884699e-25,2.3580027397157452e-24,1.0,1.0,74,0.0,pulmonary alveolar type 2 cell,False,False,False,False
54,ENSG00000273540,11.650154,6.738693,1.0978291743149209e-24,3.4041214707439405e-24,1.0,1.0,75,0.0,pulmonary alveolar type 2 cell,False,False,False,False
54,ENSG00000177694,11.601027,,1.517360234158836e-24,4.675994558270681e-24,1.0,1.0,76,0.0,pulmonary alveolar type 2 cell,False,False,False,False
54,ENSG00000176728,11.520089,5.9508724,2.7625432655921925e-24,8.487076084768641e-24,1.0,1.0,77,0.0,pulmonary alveolar type 2 cell,False,False,False,False
54,ENSG00000157827,11.494073,4.120615,3.2023012431530723e-24,9.823009948322308e-24,1.0,1.0,78,0.0,pulmonary alveolar type 2 cell,False,False,False,False
54,ENSG00000189337,11.492835,9.426919,3.3822060340550776e-24,1.035897713339993e-23,1.0,1.0,79,0.0,pulmonary alveolar type 2 cell,False,False,False,False
54,ENSG00000182197,11.334048,6.707624,1.0261927759388164e-23,3.119126978537436e-23,1.0,1.0,80,0.0,pulmonary alveolar type 2 cell,False,False,False,False
54,ENSG00000157765,11.267323,5.1559916,1.672453234675287e-23,5.075730605994801e-23,1.0,1.0,81,0.0,pulmonary alveolar type 2 cell,False,False,False,False
54,ENSG00000144642,11.217239,4.349915,2.3765232733203636e-23,7.179828620303214e-23,1.0,1.0,82,0.0,pulmonary alveolar type 2 cell,False,False,False,False
54,ENSG00000128573,10.972208,6.4479876,1.3921570386769385e-22,4.1433245198718407e-22,1.0,1.0,83,0.0,pulmonary alveolar type 2 cell,False,False,False,False
54,ENSG00000183049,10.921877,5.551992,2.0027833395354747e-22,5.942977268651261e-22,1.0,1.0,84,0.0,pulmonary alveolar type 2 cell,False,False,False,False
54,ENSG00000163637,10.872852,4.2339892,2.7686075159439905e-22,8.203281528722935e-22,1.0,1.0,85,0.0,pulmonary alveolar type 2 cell,False,False,False,False
54,ENSG00000187391,10.862834,5.798407,3.042222089889644e-22,9.00065707067942e-22,1.0,1.0,86,0.0,pulmonary alveolar type 2 cell,False,False,False,False
54,ENSG00000183722,10.595578,4.938416,2.0033520884249144e-21,5.840676642638235e-21,1.0,1.0,87,0.0,pulmonary alveolar type 2 cell,False,False,False,False
54,ENSG00000163082,10.562836,,2.5823966303800116e-21,7.496071496023256e-21,1.0,1.0,88,0.0,pulmonary alveolar type 2 cell,False,False,False,False
54,ENSG00000172348,10.547565,7.825811,2.87797471185229e-21,8.341955686528377e-21,1.0,1.0,89,0.0,pulmonary alveolar type 2 cell,False,False,False,False
54,ENSG00000109906,10.516352,3.489185,3.451949576763844e-21,9.976732880820359e-21,1.0,1.0,90,0.0,pulmonary alveolar type 2 cell,False,False,False,False
54,ENSG00000156076,10.491016,6.2963457,4.260115370747896e-21,1.2259324807907617e-20,1.0,1.0,91,0.0,pulmonary alveolar type 2 cell,False,False,False,False
54,ENSG00000185483,10.476149,7.515342,4.679136406575188e-21,1.344579427176778e-20,1.0,1.0,92,0.0,pulmonary alveolar type 2 cell,False,False,False,False
54,ENSG00000231079,10.380595,,8.995981923308575e-21,2.573957631847947e-20,1.0,1.0,93,0.0,pulmonary alveolar type 2 cell,False,False,False,False
54,ENSG00000020577,10.219874,5.632027,2.8264798068280137e-20,8.029772178488675e-20,1.0,1.0,94,0.0,pulmonary alveolar type 2 cell,False,False,False,False
54,ENSG00000241684,10.092165,5.08632,6.853283914372624e-20,1.9196873709727238e-19,1.0,1.0,95,0.0,pulmonary alveolar type 2 cell,False,False,False,False
54,ENSG00000165929,9.9400425,5.934814,1.9376779818711663e-19,5.382438838531018e-19,1.0,1.0,96,0.0,pulmonary alveolar type 2 cell,False,False,False,False
54,ENSG00000186153,9.876795,5.2005343,2.9864107034180903e-19,8.272605826642909e-19,1.0,1.0,97,0.0,pulmonary alveolar type 2 cell,False,False,False,False
54,ENSG00000039139,9.860163,5.730868,3.394611104225992e-19,9.390348836033173e-19,1.0,1.0,98,0.0,pulmonary alveolar type 2 cell,False,False,False,False
54,ENSG00000138639,9.706559,4.6864977,9.585396263037283e-19,2.6261359624759675e-18,1.0,1.0,99,0.0,pulmonary alveolar type 2 cell,False,False,False,False
54,ENSG00000003436,9.631763,4.375762,1.6150381831143592e-18,4.394661722760161e-18,1.0,1.0,100,0.0,pulmonary alveolar type 2 cell,False,False,False,False
59,ENSG00000138722,43.832676,,3.3285498316790603e-211,3.32854983167906e-209,1.0,1.0,1,0.0,endothelial cell of lymphatic vessel,True,False,False,True
59,ENSG00000003436,43.29741,7.3368006,2.913734493587136e-209,2.7749852319877483e-207,1.0,1.0,2,0.0,endothelial cell of lymphatic vessel,True,False,False,True
59,ENSG00000205038,34.01906,,2.0266047946912052e-155,9.885877047274171e-154,1.0,1.0,3,0.0,endothelial cell of lymphatic vessel,True,False,False,True
59,ENSG00000169744,33.831955,5.7752156,6.209389231601562e-155,2.956852015048363e-153,1.0,1.0,4,0.0,endothelial cell of lymphatic vessel,True,False,False,True
59,ENSG00000163453,33.73981,7.022987,2.1740079040798056e-154,1.011166467013863e-152,1.0,1.0,5,0.0,endothelial cell of lymphatic vessel,True,False,False,True
59,ENSG00000137077,33.135437,,3.6708955712327754e-150,1.5295398213469898e-148,1.0,1.0,6,0.0,endothelial cell of lymphatic vessel,True,False,False,True
59,ENSG00000160145,32.95624,9.9788685,2.8470070720652342e-149,1.1620437028837691e-147,1.0,1.0,7,0.0,endothelial cell of lymphatic vessel,True,False,False,True
59,ENSG00000131016,31.145609,,1.699725704114722e-138,6.070448943266865e-137,1.0,1.0,8,0.0,endothelial cell of lymphatic vessel,True,False,False,True
59,ENSG00000151276,30.7361,5.928744,1.4941697191253595e-136,5.152309376294343e-135,1.0,1.0,9,0.0,endothelial cell of lymphatic vessel,True,False,False,True
59,ENSG00000126785,29.788965,9.176782,2.701302303977139e-130,8.44156969992856e-129,1.0,1.0,10,0.0,endothelial cell of lymphatic vessel,True,False,False,True
59,ENSG00000184005,29.352888,6.4656234,7.747427593920163e-128,2.312664953409004e-126,1.0,1.0,11,0.0,endothelial cell of lymphatic vessel,True,False,False,True
59,ENSG00000169946,29.24901,7.473183,3.557597245357961e-127,1.0311876073501336e-125,1.0,1.0,12,0.0,endothelial cell of lymphatic vessel,True,False,False,True
59,ENSG00000198795,28.3002,,2.5650343975777326e-121,6.750090519941401e-120,1.0,1.0,13,0.0,endothelial cell of lymphatic vessel,True,False,False,True
59,ENSG00000196628,27.976791,5.7018065,8.017975781573677e-120,2.082591112097059e-118,1.0,1.0,14,0.0,endothelial cell of lymphatic vessel,True,False,False,True
59,ENSG00000064989,27.972876,5.678996,1.2715874808346537e-119,3.2192088122396295e-118,1.0,1.0,15,0.0,endothelial cell of lymphatic vessel,True,False,False,True
59,ENSG00000117707,27.707253,,1.1904481903643742e-117,2.8685498562996967e-116,1.0,1.0,16,0.0,endothelial cell of lymphatic vessel,True,False,False,True
59,ENSG00000112769,27.64677,8.343818,1.8334183679112298e-117,4.365281828360071e-116,1.0,1.0,17,0.0,endothelial cell of lymphatic vessel,True,False,False,True
59,ENSG00000127920,26.998486,,1.688359249658779e-113,3.5544405255974295e-112,1.0,1.0,18,0.0,endothelial cell of lymphatic vessel,True,False,False,True
59,ENSG00000168497,26.850843,9.7554245,1.2425914230061085e-112,2.588732131262726e-111,1.0,1.0,19,0.0,endothelial cell of lymphatic vessel,True,False,False,True
59,ENSG00000249797,26.49096,12.815629,2.3419153313963987e-110,4.731142083629089e-109,1.0,1.0,20,0.0,endothelial cell of lymphatic vessel,True,False,False,True
59,ENSG00000183580,25.9504,7.61524,2.674744198413439e-107,4.953229997061924e-106,1.0,1.0,21,0.0,endothelial cell of lymphatic vessel,True,False,False,True
59,ENSG00000184349,25.222948,,7.057715579863577e-103,1.2168475137695822e-101,1.0,1.0,22,0.0,endothelial cell of lymphatic vessel,True,False,False,True
59,ENSG00000154529,24.990583,,2.1039363432131293e-101,3.5659938020561513e-100,1.0,1.0,23,0.0,endothelial cell of lymphatic vessel,True,False,False,True
59,ENSG00000135218,24.89515,7.1827335,7.452941865489769e-101,1.2217937484409458e-99,1.0,1.0,24,0.0,endothelial cell of lymphatic vessel,True,False,False,True
59,ENSG00000075213,24.687252,,1.519683095336738e-99,2.3745048364636534e-98,1.0,1.0,25,0.0,endothelial cell of lymphatic vessel,True,False,False,True
59,ENSG00000153993,24.557903,,9.794759367644911e-99,1.4953831095641085e-97,1.0,1.0,26,0.0,endothelial cell of lymphatic vessel,True,False,False,True
59,ENSG00000122786,24.433926,,1.8830336641597152e-98,2.853081309332902e-97,1.0,1.0,27,0.0,endothelial cell of lymphatic vessel,True,False,False,True
59,ENSG00000189056,24.26926,,5.253577122507872e-97,7.841159884340108e-96,1.0,1.0,28,0.0,endothelial cell of lymphatic vessel,True,False,False,True
59,ENSG00000150625,23.943419,7.576203,3.8749950613477616e-95,5.698522149040826e-94,1.0,1.0,29,0.0,endothelial cell of lymphatic vessel,True,False,False,True
59,ENSG00000100234,23.805641,4.567661,1.3690055519913772e-94,1.9985482510823025e-93,1.0,1.0,30,0.0,endothelial cell of lymphatic vessel,True,False,False,True
59,ENSG00000185070,23.644957,,2.650389601501542e-93,3.786270859287917e-92,1.0,1.0,31,0.0,endothelial cell of lymphatic vessel,True,False,False,True
59,ENSG00000160180,23.54455,,9.95274136555478e-93,1.4117363639084795e-91,1.0,1.0,32,0.0,endothelial cell of lymphatic vessel,True,False,False,True
59,ENSG00000157554,23.378756,5.8802843,7.28945061975111e-92,1.0054414647932565e-90,1.0,1.0,33,0.0,endothelial cell of lymphatic vessel,True,False,False,True
59,ENSG00000153721,22.59856,,3.7161009368011378e-87,4.67434080100772e-86,1.0,1.0,34,0.0,endothelial cell of lymphatic vessel,True,False,False,True
59,ENSG00000182463,22.190775,,8.117937268509276e-85,9.899923498182045e-84,1.0,1.0,35,0.0,endothelial cell of lymphatic vessel,True,False,False,True
59,ENSG00000148516,21.609587,5.058273,1.539257206883868e-81,1.7898339614928698e-80,1.0,1.0,36,0.0,endothelial cell of lymphatic vessel,True,False,False,True
59,ENSG00000184113,21.506624,6.170254,9.160983725379356e-81,1.0235736006010455e-79,1.0,1.0,37,0.0,endothelial cell of lymphatic vessel,True,False,False,True
59,ENSG00000224063,21.075802,8.518824,3.1856455402403216e-78,3.4439411245841315e-77,1.0,1.0,38,0.0,endothelial cell of lymphatic vessel,True,False,False,True
59,ENSG00000147408,20.965477,7.375153,1.2975880908505977e-77,1.3658822008953661e-76,1.0,1.0,39,0.0,endothelial cell of lymphatic vessel,True,False,False,True
59,ENSG00000120278,20.965199,6.4265623,1.2542329778737317e-77,1.3272306644166473e-76,1.0,1.0,40,0.0,endothelial cell of lymphatic vessel,True,False,False,True
59,ENSG00000144642,20.917437,4.2341933,1.5134832897504612e-77,1.5765450934900637e-76,1.0,1.0,41,0.0,endothelial cell of lymphatic vessel,True,False,False,True
59,ENSG00000092421,20.817007,10.920913,1.0507359377059256e-76,1.0560160177949e-75,1.0,1.0,42,0.0,endothelial cell of lymphatic vessel,True,False,False,True
59,ENSG00000127329,20.814255,4.7572556,8.180245062131235e-77,8.26287380013256e-76,1.0,1.0,43,0.0,endothelial cell of lymphatic vessel,True,False,False,True
59,ENSG00000102271,20.672104,,8.142008298730808e-76,8.101500794757022e-75,1.0,1.0,44,0.0,endothelial cell of lymphatic vessel,True,False,False,True
59,ENSG00000185532,20.654846,4.3412247,6.278811192996393e-76,6.278811192996394e-75,1.0,1.0,45,0.0,endothelial cell of lymphatic vessel,True,False,False,True
59,ENSG00000183722,20.309664,5.1871233,6.895617738339773e-74,6.59867726156916e-73,1.0,1.0,46,0.0,endothelial cell of lymphatic vessel,True,False,False,True
59,ENSG00000171408,20.270239,,1.5078946497292154e-73,1.4360901425992527e-72,1.0,1.0,47,0.0,endothelial cell of lymphatic vessel,True,False,False,True
59,ENSG00000172889,20.110865,5.785731,1.068103778734124e-72,9.982278305926393e-72,1.0,1.0,48,0.0,endothelial cell of lymphatic vessel,True,False,False,True
59,ENSG00000148655,20.041225,3.4415698,1.9086111301888522e-72,1.767232527952641e-71,1.0,1.0,49,0.0,endothelial cell of lymphatic vessel,True,False,False,True
59,ENSG00000158270,19.841032,5.08897,3.8140679246263585e-71,3.4516451806573375e-70,1.0,1.0,50,0.0,endothelial cell of lymphatic vessel,True,False,False,True
59,ENSG00000172554,19.798952,11.990084,8.159667750821992e-71,7.318087668898648e-70,1.0,1.0,51,0.0,endothelial cell of lymphatic vessel,True,False,False,True
59,ENSG00000105974,19.782427,6.969265,6.676217200114131e-71,6.014610090192911e-70,1.0,1.0,52,0.0,endothelial cell of lymphatic vessel,True,False,False,True
59,ENSG00000154864,19.745798,,1.492626485637797e-70,1.3327022193194616e-69,1.0,1.0,53,0.0,endothelial cell of lymphatic vessel,True,False,False,True
59,ENSG00000081189,19.625307,4.5745797,5.754184300637301e-70,5.047530088278334e-69,1.0,1.0,54,0.0,endothelial cell of lymphatic vessel,True,False,False,True
59,ENSG00000134215,19.43575,6.2787447,7.895735507254574e-69,6.806668540736702e-68,1.0,1.0,55,0.0,endothelial cell of lymphatic vessel,True,False,False,True
59,ENSG00000173482,19.23516,3.5210235,7.859761408606436e-68,6.6891586456225e-67,1.0,1.0,56,0.0,endothelial cell of lymphatic vessel,True,False,False,True
59,ENSG00000151914,18.910055,7.5317607,5.56850480561495e-66,4.602070087285082e-65,1.0,1.0,57,0.0,endothelial cell of lymphatic vessel,True,False,False,True
59,ENSG00000261371,18.887228,3.603896,7.793500505509396e-66,6.388115168450325e-65,1.0,1.0,58,0.0,endothelial cell of lymphatic vessel,True,False,False,True
59,ENSG00000133800,18.485294,,2.1439425520666023e-63,1.7083207586188066e-62,1.0,1.0,59,0.0,endothelial cell of lymphatic vessel,True,False,False,True
59,ENSG00000166741,18.419096,6.7570915,4.1531557927239895e-63,3.283127108872719e-62,1.0,1.0,60,0.0,endothelial cell of lymphatic vessel,True,False,False,True
59,ENSG00000182050,18.26422,,3.6646376830449585e-62,2.840804405461208e-61,1.0,1.0,61,0.0,endothelial cell of lymphatic vessel,True,False,False,True
59,ENSG00000026025,18.228106,4.2039676,3.0358571320529983e-62,2.3625347331151737e-61,1.0,1.0,62,0.0,endothelial cell of lymphatic vessel,True,False,False,True
59,ENSG00000005108,18.172426,15.385317,1.0610597552382785e-61,8.130726093779912e-61,1.0,1.0,63,0.0,endothelial cell of lymphatic vessel,True,False,False,True
59,ENSG00000115380,18.164892,7.328006,1.2017321182629902e-61,9.173527620328168e-61,1.0,1.0,64,0.0,endothelial cell of lymphatic vessel,True,False,False,True
59,ENSG00000223786,18.10742,,2.7318514442081024e-61,2.0617746748740393e-60,1.0,1.0,65,0.0,endothelial cell of lymphatic vessel,True,False,False,True
59,ENSG00000148671,18.098297,,2.606749082399255e-61,1.9748099109085265e-60,1.0,1.0,66,0.0,endothelial cell of lymphatic vessel,True,False,False,True
59,ENSG00000113657,17.995264,8.549878,1.0022877014964914e-60,7.451953170977631e-60,1.0,1.0,67,0.0,endothelial cell of lymphatic vessel,True,False,False,True
59,ENSG00000164330,17.971882,6.688703,1.3236015811390042e-60,9.768277351579367e-60,1.0,1.0,68,0.0,endothelial cell of lymphatic vessel,True,False,False,True
59,ENSG00000150938,17.880259,5.2909408,3.7003932789125923e-60,2.6911951119364307e-59,1.0,1.0,69,0.0,endothelial cell of lymphatic vessel,True,False,False,True
59,ENSG00000150687,17.73993,,2.269655148579301e-59,1.621182248985215e-58,1.0,1.0,70,0.0,endothelial cell of lymphatic vessel,True,False,False,True
59,ENSG00000168477,17.555824,6.35033,2.6756303743782005e-58,1.8776353504408424e-57,1.0,1.0,71,0.0,endothelial cell of lymphatic vessel,True,False,False,True
59,ENSG00000267107,17.326029,6.2968225,4.73206558701173e-57,3.252278753959952e-56,1.0,1.0,72,0.0,endothelial cell of lymphatic vessel,True,False,False,True
59,ENSG00000169908,17.167473,,3.0471549796941664e-56,2.051956215282267e-55,1.0,1.0,73,0.0,endothelial cell of lymphatic vessel,True,False,False,True
59,ENSG00000091879,17.02564,,2.131984447534415e-55,1.402621347062115e-54,1.0,1.0,74,0.0,endothelial cell of lymphatic vessel,True,False,False,True
59,ENSG00000101333,16.973314,,3.680825845063107e-55,2.4136562918446607e-54,1.0,1.0,75,0.0,endothelial cell of lymphatic vessel,True,False,False,True
59,ENSG00000099204,16.888086,5.295147,9.355911490922397e-55,6.07526720189766e-54,1.0,1.0,76,0.0,endothelial cell of lymphatic vessel,True,False,False,True
59,ENSG00000134871,16.853996,4.4835634,1.37277333131497e-54,8.885264280355793e-54,1.0,1.0,77,0.0,endothelial cell of lymphatic vessel,True,False,False,True
59,ENSG00000135636,16.679382,6.1959925,1.430446689874216e-53,9.053460062495039e-53,1.0,1.0,78,0.0,endothelial cell of lymphatic vessel,True,False,False,True
59,ENSG00000138411,16.512543,5.1141253,1.0579661677553432e-52,6.5916895187248795e-52,1.0,1.0,79,0.0,endothelial cell of lymphatic vessel,True,False,False,True
59,ENSG00000131477,16.491484,6.181093,1.4353176560163972e-52,8.887415826726917e-52,1.0,1.0,80,0.0,endothelial cell of lymphatic vessel,True,False,False,True
59,ENSG00000134531,16.391426,4.9140844,4.447885272025799e-52,2.720419126621284e-51,1.0,1.0,81,0.0,endothelial cell of lymphatic vessel,True,False,False,True
59,ENSG00000187720,16.2993,6.562127,1.3969194006954156e-51,8.466178186032822e-51,1.0,1.0,82,0.0,endothelial cell of lymphatic vessel,True,False,False,True
59,ENSG00000179776,16.173824,4.9740396,6.554308368316551e-51,3.8897972512264394e-50,1.0,1.0,83,0.0,endothelial cell of lymphatic vessel,True,False,False,True
59,ENSG00000128052,16.161093,7.7304435,8.252010379066383e-51,4.85412375239199e-50,1.0,1.0,84,0.0,endothelial cell of lymphatic vessel,True,False,False,True
59,ENSG00000197943,16.157272,,8.197870357902242e-51,4.836501686078019e-50,1.0,1.0,85,0.0,endothelial cell of lymphatic vessel,True,False,False,True
59,ENSG00000069667,16.094086,5.1152062,1.4939287266631384e-50,8.736425302123615e-50,1.0,1.0,86,0.0,endothelial cell of lymphatic vessel,True,False,False,True
59,ENSG00000133687,16.076385,5.3840804,2.211387028453059e-50,1.2894385005557194e-49,1.0,1.0,87,0.0,endothelial cell of lymphatic vessel,True,False,False,True
59,ENSG00000198010,16.073378,,2.510557641601771e-50,1.455395734261896e-49,1.0,1.0,88,0.0,endothelial cell of lymphatic vessel,True,False,False,True
59,ENSG00000144824,16.070904,,2.3235686825852873e-50,1.3509120247588878e-49,1.0,1.0,89,0.0,endothelial cell of lymphatic vessel,True,False,False,True
59,ENSG00000120885,16.04177,,3.111113980836854e-50,1.7879965407108356e-49,1.0,1.0,90,0.0,endothelial cell of lymphatic vessel,True,False,False,True
59,ENSG00000067113,16.025673,6.595789,3.966352128100173e-50,2.272981162235056e-49,1.0,1.0,91,0.0,endothelial cell of lymphatic vessel,True,False,False,True
59,ENSG00000141753,15.9959955,,5.474785800126066e-50,3.1284490286434665e-49,1.0,1.0,92,0.0,endothelial cell of lymphatic vessel,True,False,False,True
59,ENSG00000038295,15.720938,9.396164,1.6605344377392036e-48,9.411416629149377e-48,1.0,1.0,93,0.0,endothelial cell of lymphatic vessel,True,False,False,True
59,ENSG00000187498,15.705151,4.360963,1.6611150350448652e-48,9.411416629149377e-48,1.0,1.0,94,0.0,endothelial cell of lymphatic vessel,True,False,False,True
59,ENSG00000107249,15.593257,,6.650542529747714e-48,3.7362598481728736e-47,1.0,1.0,95,0.0,endothelial cell of lymphatic vessel,True,False,False,True
59,ENSG00000173926,15.452337,6.3284125,3.795490506555288e-47,2.0740385281722884e-46,1.0,1.0,96,0.0,endothelial cell of lymphatic vessel,True,False,False,True
59,ENSG00000163638,15.430119,5.368884,5.017229948455643e-47,2.726755406769371e-46,1.0,1.0,97,0.0,endothelial cell of lymphatic vessel,True,False,False,True
59,ENSG00000020577,15.397676,4.6903014,6.997689210795159e-47,3.772339197194156e-46,1.0,1.0,98,0.0,endothelial cell of lymphatic vessel,True,False,False,True
59,ENSG00000110328,15.375073,4.2631135,9.004644983046251e-47,4.841206980132393e-46,1.0,1.0,99,0.0,endothelial cell of lymphatic vessel,True,False,False,True
59,ENSG00000134138,15.2464485,,4.205538656236834e-46,2.236988646934486e-45,1.0,1.0,100,0.0,endothelial cell of lymphatic vessel,True,False,False,True
60,ENSG00000122786,75.7239,,0.0,0.0,1.0,1.0,1,0.0,pericyte,True,False,True,True
60,ENSG00000185532,56.082035,7.05989,0.0,0.0,1.0,1.0,2,0.0,pericyte,True,False,True,True
60,ENSG00000152583,47.953205,8.710849,2.8626914334569597e-298,1.3314843876543997e-296,1.0,1.0,3,0.0,pericyte,True,False,True,True
60,ENSG00000163453,45.27585,9.61801,6.447095322317867e-277,2.528272675418771e-275,1.0,1.0,4,0.0,pericyte,True,False,True,True
60,ENSG00000107796,43.877625,,1.1689852487899563e-264,3.896617495966521e-263,1.0,1.0,5,0.0,pericyte,True,False,True,True
60,ENSG00000140416,42.30545,,6.626811950106259e-253,1.9781528209272414e-251,1.0,1.0,6,0.0,pericyte,True,False,True,True
60,ENSG00000198467,41.664524,,5.283314200308311e-247,1.4882575212136087e-245,1.0,1.0,7,0.0,pericyte,True,False,True,True
60,ENSG00000101335,41.16925,,4.759272103721109e-243,1.2361745723950933e-241,1.0,1.0,8,0.0,pericyte,True,False,True,True
60,ENSG00000134871,41.048958,8.301296,7.864269106224101e-243,2.0164792580061798e-241,1.0,1.0,9,0.0,pericyte,True,False,True,True
60,ENSG00000149591,38.83849,,3.8755317305313687e-224,8.909268346049123e-223,1.0,1.0,10,0.0,pericyte,True,False,True,True
60,ENSG00000151067,38.061527,10.917976,4.0534597606438117e-218,8.908702770645739e-217,1.0,1.0,11,0.0,pericyte,True,False,True,True
60,ENSG00000183722,37.447205,7.6935806,1.7728771461220166e-213,3.732372939204245e-212,1.0,1.0,12,0.0,pericyte,True,False,True,True
60,ENSG00000142173,36.981224,,2.518573977164456e-209,5.088028236695871e-208,1.0,1.0,13,0.0,pericyte,True,False,True,True
60,ENSG00000133392,36.915745,,1.6791090433751026e-208,3.3582180867502056e-207,1.0,1.0,14,0.0,pericyte,True,False,True,True
60,ENSG00000187498,36.5296,8.5553465,7.617863293083917e-206,1.4791967559386249e-204,1.0,1.0,15,0.0,pericyte,True,False,True,True
60,ENSG00000175899,36.520206,5.9572754,2.923630370674102e-206,5.73260856994922e-205,1.0,1.0,16,0.0,pericyte,True,False,True,True
60,ENSG00000134532,36.500404,9.483454,2.73886632800292e-206,5.423497679213704e-205,1.0,1.0,17,0.0,pericyte,True,False,True,True
60,ENSG00000113721,35.501415,,4.528748607409441e-197,8.159907400737731e-196,1.0,1.0,18,0.0,pericyte,True,False,True,True
60,ENSG00000164330,35.306057,,1.1083816022688882e-195,1.9617373491484748e-194,1.0,1.0,19,0.0,pericyte,True,False,True,True
60,ENSG00000167641,34.41663,,2.824086161829701e-188,4.786586714965596e-187,1.0,1.0,20,0.0,pericyte,True,False,True,True
60,ENSG00000131711,33.537754,,2.2744799880432052e-181,3.7286557181036147e-180,1.0,1.0,21,0.0,pericyte,True,False,True,True
60,ENSG00000172572,33.435127,,1.7236078370275081e-180,2.8026143691504197e-179,1.0,1.0,22,0.0,pericyte,True,False,True,True
60,ENSG00000182492,33.22733,,8.59415532078622e-179,1.3750648513257952e-177,1.0,1.0,23,0.0,pericyte,True,False,True,True
60,ENSG00000164692,32.0772,,7.643861194997618e-170,1.1494528112778374e-168,1.0,1.0,24,0.0,pericyte,True,False,True,True
60,ENSG00000113140,32.063477,,1.0852727936474991e-169,1.6198101397723868e-168,1.0,1.0,25,0.0,pericyte,True,False,True,True
60,ENSG00000144642,31.457659,4.777064,9.348322711942884e-166,1.3647186440792533e-164,1.0,1.0,26,0.0,pericyte,True,False,True,True
60,ENSG00000213949,31.193113,7.072364,8.72722454178042e-163,1.2557157614072548e-161,1.0,1.0,27,0.0,pericyte,True,False,True,True
60,ENSG00000111341,30.4016,7.3213162,2.01059146137723e-156,2.6807886151696397e-155,1.0,1.0,28,0.0,pericyte,True,False,True,True
60,ENSG00000163431,30.333666,,1.5764191527297222e-155,2.0742357272759503e-154,1.0,1.0,29,0.0,pericyte,True,False,True,True
60,ENSG00000249669,29.889914,,4.863713066122706e-152,6.316510475484034e-151,1.0,1.0,30,0.0,pericyte,True,False,True,True
60,ENSG00000241684,29.286871,6.4039583,1.5113904206767936e-147,1.8319883886991438e-146,1.0,1.0,31,0.0,pericyte,True,False,True,True
60,ENSG00000109452,28.93875,,6.696179591331281e-145,7.786255338757303e-144,1.0,1.0,32,0.0,pericyte,True,False,True,True
60,ENSG00000198626,28.622805,7.5337834,3.3115084485457136e-142,3.784581084052244e-141,1.0,1.0,33,0.0,pericyte,True,False,True,True
60,ENSG00000172348,28.296265,,1.4972559533419269e-139,1.6363453041988273e-138,1.0,1.0,34,0.0,pericyte,True,False,True,True
60,ENSG00000172403,27.61008,,3.509405518972275e-134,3.67477017693432e-133,1.0,1.0,35,0.0,pericyte,True,False,True,True
60,ENSG00000103196,27.574203,,5.881560667717608e-134,6.063464605894442e-133,1.0,1.0,36,0.0,pericyte,True,False,True,True
60,ENSG00000142156,27.45571,,3.9558572896203154e-133,4.057289527815708e-132,1.0,1.0,37,0.0,pericyte,True,False,True,True
60,ENSG00000154553,27.335863,7.973355,3.728626178420884e-132,3.785407287736938e-131,1.0,1.0,38,0.0,pericyte,True,False,True,True
60,ENSG00000116962,27.291662,,9.012683686602222e-132,9.1037208955578e-131,1.0,1.0,39,0.0,pericyte,True,False,True,True
60,ENSG00000143248,27.112719,,2.521967082215715e-130,2.509419982304194e-129,1.0,1.0,40,0.0,pericyte,True,False,True,True
60,ENSG00000144619,26.919233,7.896628,6.270765569680371e-129,6.08812191231104e-128,1.0,1.0,41,0.0,pericyte,True,False,True,True
60,ENSG00000164741,26.839792,4.529049,1.082840581812607e-128,1.0462227843600069e-127,1.0,1.0,42,0.0,pericyte,True,False,True,True
60,ENSG00000154734,26.439144,,3.232367629782439e-125,3.0068536090999432e-124,1.0,1.0,43,0.0,pericyte,True,False,True,True
60,ENSG00000198947,25.985983,7.0162907,6.847754348239499e-122,6.2536569390315056e-121,1.0,1.0,44,0.0,pericyte,True,False,True,True
60,ENSG00000058866,25.903234,,4.6151636986035315e-121,4.176618731767902e-120,1.0,1.0,45,0.0,pericyte,True,False,True,True
60,ENSG00000121068,25.882511,,5.843917825677974e-121,5.2647908339441214e-120,1.0,1.0,46,0.0,pericyte,True,False,True,True
60,ENSG00000105974,25.853039,9.47148,3.655196975554426e-121,3.322906341413115e-120,1.0,1.0,47,0.0,pericyte,True,False,True,True
60,ENSG00000152402,25.823973,,1.857487011426714e-120,1.6510995657126347e-119,1.0,1.0,48,0.0,pericyte,True,False,True,True
60,ENSG00000165995,25.727324,,8.132373286420608e-120,7.19679051895629e-119,1.0,1.0,49,0.0,pericyte,True,False,True,True
60,ENSG00000150636,24.991354,7.0172315,2.9208011003894353e-114,2.4964111969140473e-113,1.0,1.0,50,0.0,pericyte,True,False,True,True
60,ENSG00000184347,24.794512,,8.770740202858442e-113,7.464459747113567e-112,1.0,1.0,51,0.0,pericyte,True,False,True,True
60,ENSG00000163017,24.467325,,3.165383065359873e-110,2.6378192211332275e-109,1.0,1.0,52,0.0,pericyte,True,False,True,True
60,ENSG00000131055,24.344215,,2.623614399376425e-109,2.1417260403072857e-108,1.0,1.0,53,0.0,pericyte,True,False,True,True
60,ENSG00000198759,24.325703,,3.522552313374789e-109,2.8638636694103974e-108,1.0,1.0,54,0.0,pericyte,True,False,True,True
60,ENSG00000164176,24.29736,,4.2067571103960078e-109,3.406281061049399e-108,1.0,1.0,55,0.0,pericyte,True,False,True,True
60,ENSG00000204262,24.216177,,1.4488956997401012e-108,1.159116559792081e-107,1.0,1.0,56,0.0,pericyte,True,False,True,True
60,ENSG00000187955,24.158587,,5.161902184992405e-108,4.096747765866988e-107,1.0,1.0,57,0.0,pericyte,True,False,True,True
60,ENSG00000182168,23.001152,,1.478120525778573e-99,1.0749967460207805e-98,1.0,1.0,58,0.0,pericyte,True,False,True,True
60,ENSG00000049323,22.97732,,2.1866975076909055e-99,1.578842965841809e-98,1.0,1.0,59,0.0,pericyte,True,False,True,True
60,ENSG00000130176,22.953974,,4.081485747857029e-99,2.936320681911531e-98,1.0,1.0,60,0.0,pericyte,True,False,True,True
60,ENSG00000144724,22.946293,3.9751093,1.533907462166984e-99,1.1115271464978146e-98,1.0,1.0,61,0.0,pericyte,True,False,True,True
60,ENSG00000185633,22.810795,,4.3832648392664515e-98,3.108698467564859e-97,1.0,1.0,62,0.0,pericyte,True,False,True,True
60,ENSG00000148671,22.721455,,1.5591423697928903e-97,1.0979875843611903e-96,1.0,1.0,63,0.0,pericyte,True,False,True,True
60,ENSG00000142089,22.691011,,1.473099057366407e-97,1.0410594044992275e-96,1.0,1.0,64,0.0,pericyte,True,False,True,True
60,ENSG00000095637,22.67561,5.489226,3.1909594309434934e-97,2.231440161498947e-96,1.0,1.0,65,0.0,pericyte,True,False,True,True
60,ENSG00000100234,22.62402,3.8233256,3.6823931000194734e-97,2.5661275958323857e-96,1.0,1.0,66,0.0,pericyte,True,False,True,True
60,ENSG00000168542,22.506031,,4.830401176919038e-96,3.3313111564958884e-95,1.0,1.0,67,0.0,pericyte,True,False,True,True
60,ENSG00000118473,22.453743,8.521085,1.3990267377283552e-95,9.582374915947638e-95,1.0,1.0,68,0.0,pericyte,True,False,True,True
60,ENSG00000137672,22.379168,,5.068413276788559e-95,3.4362123910430905e-94,1.0,1.0,69,0.0,pericyte,True,False,True,True
60,ENSG00000165895,22.213396,,6.219733534258762e-94,4.146489022839175e-93,1.0,1.0,70,0.0,pericyte,True,False,True,True
60,ENSG00000109472,22.211138,,7.923151743425181e-94,5.2645526534386585e-93,1.0,1.0,71,0.0,pericyte,True,False,True,True
60,ENSG00000081189,21.976181,4.4094367,2.282291500993932e-92,1.491693791499302e-91,1.0,1.0,72,0.0,pericyte,True,False,True,True
60,ENSG00000150938,21.972408,5.759088,2.6565116443903223e-92,1.7306264784301776e-91,1.0,1.0,73,0.0,pericyte,True,False,True,True
60,ENSG00000109846,21.888018,,1.6399798778123268e-91,1.0614756490694673e-90,1.0,1.0,74,0.0,pericyte,True,False,True,True
60,ENSG00000121440,21.861807,,2.1431182158252866e-91,1.3826569134356688e-90,1.0,1.0,75,0.0,pericyte,True,False,True,True
60,ENSG00000131097,21.846294,,3.4722892160490695e-91,2.2329834186810733e-90,1.0,1.0,76,0.0,pericyte,True,False,True,True
60,ENSG00000003436,21.78926,4.229139,4.180800099977892e-91,2.680000064088392e-90,1.0,1.0,77,0.0,pericyte,True,False,True,True
60,ENSG00000211445,21.740488,5.383601,1.4636632376019602e-90,9.322695780904205e-90,1.0,1.0,78,0.0,pericyte,True,False,True,True
60,ENSG00000153956,21.657606,,5.70672642493347e-90,3.611852167679411e-89,1.0,1.0,79,0.0,pericyte,True,False,True,True
60,ENSG00000131016,21.6339,,7.226383874144864e-90,4.544895518330103e-89,1.0,1.0,80,0.0,pericyte,True,False,True,True
60,ENSG00000112769,21.559725,6.2597055,2.5334849480687935e-89,1.5735931354464554e-88,1.0,1.0,81,0.0,pericyte,True,False,True,True
60,ENSG00000106624,21.371256,13.339578,6.620701529679989e-88,4.0868527960987585e-87,1.0,1.0,82,0.0,pericyte,True,False,True,True
60,ENSG00000117318,21.33781,,9.361920228555494e-88,5.761181679111073e-87,1.0,1.0,83,0.0,pericyte,True,False,True,True
60,ENSG00000172201,21.071941,,8.372366961347746e-86,5.0284486254340816e-85,1.0,1.0,84,0.0,pericyte,True,False,True,True
60,ENSG00000011465,20.952553,9.971643,3.6362945120302566e-85,2.177421863491172e-84,1.0,1.0,85,0.0,pericyte,True,False,True,True
60,ENSG00000164949,20.941168,,6.476713418523954e-85,3.866694578223256e-84,1.0,1.0,86,0.0,pericyte,True,False,True,True
60,ENSG00000100097,20.80686,,3.2036515929083664e-84,1.9069354719692656e-83,1.0,1.0,87,0.0,pericyte,True,False,True,True
60,ENSG00000047648,20.756744,4.3884673,9.792049807556365e-84,5.777020535431484e-83,1.0,1.0,88,0.0,pericyte,True,False,True,True
60,ENSG00000115461,20.744429,,1.466966296912728e-83,8.629213511251342e-83,1.0,1.0,89,0.0,pericyte,True,False,True,True
60,ENSG00000182621,20.577757,,1.8228695459094988e-82,1.0598078755287783e-81,1.0,1.0,90,0.0,pericyte,True,False,True,True
60,ENSG00000112562,20.552464,,3.5432059310625976e-82,2.048095913909016e-81,1.0,1.0,91,0.0,pericyte,True,False,True,True
60,ENSG00000183807,20.54921,,3.772590636678051e-82,2.174403825174669e-81,1.0,1.0,92,0.0,pericyte,True,False,True,True
60,ENSG00000160145,20.468971,5.942514,1.0298509424670002e-81,5.868096538273505e-81,1.0,1.0,93,0.0,pericyte,True,False,True,True
60,ENSG00000141052,20.386003,,4.99025399729881e-81,2.8114107027035547e-80,1.0,1.0,94,0.0,pericyte,True,False,True,True
60,ENSG00000106538,20.228252,,4.343136973626734e-80,2.4331299572138565e-79,1.0,1.0,95,0.0,pericyte,True,False,True,True
60,ENSG00000156218,20.213268,,6.894534352357491e-80,3.8516951689148e-79,1.0,1.0,96,0.0,pericyte,True,False,True,True
60,ENSG00000077943,20.182735,7.8214097,1.092742725438078e-79,6.070792919100433e-79,1.0,1.0,97,0.0,pericyte,True,False,True,True
60,ENSG00000113361,20.115536,,3.2053511738256934e-79,1.7660337045871588e-78,1.0,1.0,98,0.0,pericyte,True,False,True,True
60,ENSG00000129116,20.110456,,2.5190315877336866e-79,1.3955853671654773e-78,1.0,1.0,99,0.0,pericyte,True,False,True,True
60,ENSG00000112902,20.106134,,3.1817163623782596e-79,1.7578543438553921e-78,1.0,1.0,100,0.0,pericyte,True,False,True,True
66,ENSG00000087086,208.11752,,0.0,0.0,1.0,1.0,1,0.0,macrophage,False,False,False,False
66,ENSG00000168484,152.1059,6.5586286,0.0,0.0,1.0,1.0,2,0.0,macrophage,False,False,False,False
66,ENSG00000130208,104.610825,6.3864994,0.0,0.0,1.0,1.0,3,0.0,macrophage,False,False,False,False
66,ENSG00000161055,102.42583,,0.0,0.0,1.0,1.0,4,0.0,macrophage,False,False,False,False
66,ENSG00000204287,93.64512,4.665255,0.0,0.0,1.0,1.0,5,0.0,macrophage,False,False,False,False
66,ENSG00000167996,86.66258,,0.0,0.0,1.0,1.0,6,0.0,macrophage,False,False,False,False
66,ENSG00000168878,81.82626,4.337498,1.3942174875644778e-288,2.534940886480869e-286,1.0,1.0,7,0.0,macrophage,False,False,False,False
66,ENSG00000173369,79.16159,6.974828,1.2831167001567216e-259,2.138527833594536e-257,1.0,1.0,8,0.0,macrophage,False,False,False,False
66,ENSG00000117984,74.6552,5.8333793,7.950966217520338e-259,1.2232255719262058e-256,1.0,1.0,9,0.0,macrophage,False,False,False,False
66,ENSG00000198502,70.24421,6.3796754,4.7817976627901156e-240,6.375730217053488e-238,1.0,1.0,10,0.0,macrophage,False,False,False,False
66,ENSG00000122852,68.1136,6.6733966,2.4829359800432836e-233,2.7588177556036485e-231,1.0,1.0,11,0.0,macrophage,False,False,False,False
66,ENSG00000149021,67.15204,,1.3492238152413168e-233,1.5873221355780197e-231,1.0,1.0,12,0.0,macrophage,False,False,False,False
66,ENSG00000011600,65.87321,4.84935,3.079908763837938e-234,3.8498859547974226e-232,1.0,1.0,13,0.0,macrophage,False,False,False,False
66,ENSG00000185303,64.35605,7.2193,3.688946372331794e-222,3.5132822593636136e-220,1.0,1.0,14,0.0,macrophage,False,False,False,False
66,ENSG00000019582,62.82249,4.067606,1.2617772216119767e-230,1.3281865490652387e-228,1.0,1.0,15,0.0,macrophage,False,False,False,False
66,ENSG00000173372,61.60309,6.0568485,3.925328060549137e-216,3.56848005504467e-214,1.0,1.0,16,0.0,macrophage,False,False,False,False
66,ENSG00000213145,53.489716,5.400047,9.27541880024981e-199,8.065581565434617e-197,1.0,1.0,17,0.0,macrophage,False,False,False,False
66,ENSG00000101439,53.328323,10.485894,4.330777995921653e-197,3.6089816632680445e-195,1.0,1.0,18,0.0,macrophage,False,False,False,False
66,ENSG00000275385,51.780968,6.778409,6.887043411309552e-186,5.297725701007348e-184,1.0,1.0,19,0.0,macrophage,False,False,False,False
66,ENSG00000260314,50.51928,5.483826,9.302538704433616e-183,6.415543934092149e-181,1.0,1.0,20,0.0,macrophage,False,False,False,False
66,ENSG00000163220,48.623398,,3.818898367408045e-177,2.2464108043576733e-175,1.0,1.0,21,0.0,macrophage,False,False,False,False
66,ENSG00000170323,48.57859,6.3879976,2.551165413082458e-176,1.4578088074756902e-174,1.0,1.0,22,0.0,macrophage,False,False,False,False
66,ENSG00000124107,48.54529,,2.307171756281578e-182,1.5381145041877187e-180,1.0,1.0,23,0.0,macrophage,False,False,False,False
66,ENSG00000026025,47.380005,4.6764975,3.1427821434987996e-181,1.9642388396867498e-179,1.0,1.0,24,0.0,macrophage,False,False,False,False
66,ENSG00000120594,45.9475,4.874333,3.3399384319377537e-168,1.8053721253717588e-166,1.0,1.0,25,0.0,macrophage,False,False,False,False
66,ENSG00000198840,44.931576,,1.5253373261631332e-174,8.474096256461852e-173,1.0,1.0,26,0.0,macrophage,False,False,False,False
66,ENSG00000115414,44.36781,5.340495,1.715936987834771e-163,8.579684939173855e-162,1.0,1.0,27,0.0,macrophage,False,False,False,False
66,ENSG00000196126,43.808407,3.895122,9.719145904187031e-164,4.98417738676258e-162,1.0,1.0,28,0.0,macrophage,False,False,False,False
66,ENSG00000165140,42.514595,6.174145,2.885047291818006e-155,1.4073401423502466e-153,1.0,1.0,29,0.0,macrophage,False,False,False,False
66,ENSG00000038945,42.383156,5.877092,1.3321197521562e-154,6.34342739122e-153,1.0,1.0,30,0.0,macrophage,False,False,False,False
66,ENSG00000185565,41.502834,6.7365594,3.6976953647955624e-151,1.6807706203616194e-149,1.0,1.0,31,0.0,macrophage,False,False,False,False
66,ENSG00000186417,39.54881,9.950339,1.8595864481130995e-143,7.91313382175787e-142,1.0,1.0,32,0.0,macrophage,False,False,False,False
66,ENSG00000130203,38.991943,5.2679543,1.714862623692837e-143,7.455924450838422e-142,1.0,1.0,33,0.0,macrophage,False,False,False,False
66,ENSG00000100097,36.17264,9.265153,5.350449130956107e-134,2.1401796523824427e-132,1.0,1.0,34,0.0,macrophage,False,False,False,False
66,ENSG00000196154,35.469875,4.640906,3.3187400392411504e-133,1.301466682055353e-131,1.0,1.0,35,0.0,macrophage,False,False,False,False
66,ENSG00000197956,35.256466,,1.29895112456263e-137,5.412296352344292e-136,1.0,1.0,36,0.0,macrophage,False,False,False,False
66,ENSG00000155307,34.8349,4.468543,2.402687683450009e-127,9.066745975283053e-126,1.0,1.0,37,0.0,macrophage,False,False,False,False
66,ENSG00000198938,34.07219,,2.602065586612024e-130,1.0007944563892399e-128,1.0,1.0,38,0.0,macrophage,False,False,False,False
66,ENSG00000132170,34.020107,5.5987096,2.89985274370117e-123,1.0356616941789892e-121,1.0,1.0,39,0.0,macrophage,False,False,False,False
66,ENSG00000125999,32.953274,,1.0499822236594406e-119,3.6206283574463468e-118,1.0,1.0,40,0.0,macrophage,False,False,False,False
66,ENSG00000018280,32.58283,5.185457,1.7191237255478035e-117,5.827538052704418e-116,1.0,1.0,41,0.0,macrophage,False,False,False,False
66,ENSG00000183023,31.603168,4.7744203,1.1150904829800634e-113,3.716968276600211e-112,1.0,1.0,42,0.0,macrophage,False,False,False,False
66,ENSG00000158869,31.232327,4.125295,4.7999658836530537e-113,1.5737593061157553e-111,1.0,1.0,43,0.0,macrophage,False,False,False,False
66,ENSG00000173391,31.09865,5.313981,2.161174333623247e-111,6.971530108462088e-110,1.0,1.0,44,0.0,macrophage,False,False,False,False
66,ENSG00000109321,30.973091,5.9190197,2.8394815346345204e-111,9.014227094077843e-110,1.0,1.0,45,0.0,macrophage,False,False,False,False
66,ENSG00000223865,30.303713,3.9520998,4.076144394229263e-109,1.2737951231966448e-107,1.0,1.0,46,0.0,macrophage,False,False,False,False
66,ENSG00000239268,30.19326,6.608289,2.2932762535695883e-107,6.845600756924144e-106,1.0,1.0,47,0.0,macrophage,False,False,False,False
66,ENSG00000129226,29.397455,4.83679,1.3545509055174184e-104,3.9839732515218186e-103,1.0,1.0,48,0.0,macrophage,False,False,False,False
66,ENSG00000245532,29.20738,3.0222788,1.320097472745917e-107,4.000295371957324e-106,1.0,1.0,49,0.0,macrophage,False,False,False,False
66,ENSG00000198886,28.190596,,4.25323774313629e-101,1.2152107837532257e-99,1.0,1.0,50,0.0,macrophage,False,False,False,False
66,ENSG00000143546,27.122583,5.466352,3.005214046299756e-95,7.908458016578306e-94,1.0,1.0,51,0.0,macrophage,False,False,False,False
66,ENSG00000216490,26.8874,4.0475507,3.4545430064570157e-94,8.972838977810431e-93,1.0,1.0,52,0.0,macrophage,False,False,False,False
66,ENSG00000131400,26.46227,5.127181,6.0710555081220554e-92,1.5369760780055835e-90,1.0,1.0,53,0.0,macrophage,False,False,False,False
66,ENSG00000170017,26.34313,5.999757,7.412263067525496e-92,1.853065766881374e-90,1.0,1.0,54,0.0,macrophage,False,False,False,False
66,ENSG00000096088,26.285076,7.2638226,8.796850868711821e-91,2.1720619428918076e-89,1.0,1.0,55,0.0,macrophage,False,False,False,False
66,ENSG00000234906,26.053818,8.7886505,1.0358657409258302e-89,2.4663470022043574e-88,1.0,1.0,56,0.0,macrophage,False,False,False,False
66,ENSG00000019169,26.031616,4.5516176,4.773753518590188e-90,1.1503020526723344e-88,1.0,1.0,57,0.0,macrophage,False,False,False,False
66,ENSG00000183019,25.807854,5.9914093,8.794895213636856e-89,2.069387109091025e-87,1.0,1.0,58,0.0,macrophage,False,False,False,False
66,ENSG00000122641,25.653625,6.809503,4.555748154441609e-88,1.0472984263084158e-86,1.0,1.0,59,0.0,macrophage,False,False,False,False
66,ENSG00000090382,25.42055,3.4789948,3.494146785203473e-88,8.125922756287147e-87,1.0,1.0,60,0.0,macrophage,False,False,False,False
66,ENSG00000151726,25.232592,4.59879,1.6371278933617433e-86,3.72074521218578e-85,1.0,1.0,61,0.0,macrophage,False,False,False,False
66,ENSG00000169554,24.917505,3.1625402,1.0679810931516924e-85,2.3472111937399833e-84,1.0,1.0,62,0.0,macrophage,False,False,False,False
66,ENSG00000198763,24.908785,,4.4734251125015194e-86,9.940944694447822e-85,1.0,1.0,63,0.0,macrophage,False,False,False,False
66,ENSG00000231389,24.754171,3.5925295,7.436522862125248e-85,1.6166354048098367e-83,1.0,1.0,64,0.0,macrophage,False,False,False,False
66,ENSG00000183049,24.682934,5.1819515,3.876850239750397e-84,8.161789978421889e-83,1.0,1.0,65,0.0,macrophage,False,False,False,False
66,ENSG00000157827,24.318121,4.5185556,1.5482848853160736e-82,3.1923399697238635e-81,1.0,1.0,66,0.0,macrophage,False,False,False,False
66,ENSG00000188641,24.19076,3.3550045,3.132304339701049e-82,6.39245783612459e-81,1.0,1.0,67,0.0,macrophage,False,False,False,False
66,ENSG00000197249,23.511034,4.4074035,5.735394797867614e-79,1.1357217421520029e-77,1.0,1.0,68,0.0,macrophage,False,False,False,False
66,ENSG00000176046,23.12376,11.618534,4.06764393653493e-77,7.747893212447486e-76,1.0,1.0,69,0.0,macrophage,False,False,False,False
66,ENSG00000179344,22.923279,4.1169605,2.3276722443879866e-76,4.3918344233735597e-75,1.0,1.0,70,0.0,macrophage,False,False,False,False
66,ENSG00000105835,22.223934,2.9495502,6.059249670461115e-74,1.122083272307614e-72,1.0,1.0,71,0.0,macrophage,False,False,False,False
66,ENSG00000076641,21.657707,4.54327,1.436989054376288e-70,2.589169467344663e-69,1.0,1.0,72,0.0,macrophage,False,False,False,False
66,ENSG00000130844,21.022562,4.020035,8.480045303046062e-68,1.5008929739904534e-66,1.0,1.0,73,0.0,macrophage,False,False,False,False
66,ENSG00000198899,20.759705,,1.5369812036641025e-67,2.696458252042285e-66,1.0,1.0,74,0.0,macrophage,False,False,False,False
66,ENSG00000231079,20.32822,,4.9324617451943215e-65,8.431558538793712e-64,1.0,1.0,75,0.0,macrophage,False,False,False,False
66,ENSG00000204472,20.26663,4.1808233,2.0428883704993264e-64,3.37667499256087e-63,1.0,1.0,76,0.0,macrophage,False,False,False,False
66,ENSG00000115590,20.16112,6.787359,9.36893151430645e-64,1.5358904121813853e-62,1.0,1.0,77,0.0,macrophage,False,False,False,False
66,ENSG00000248905,19.842812,4.5123477,1.8992893035661295e-62,3.0633698444614993e-61,1.0,1.0,78,0.0,macrophage,False,False,False,False
66,ENSG00000112394,19.491665,4.537953,7.838285596550311e-61,1.234375684496112e-59,1.0,1.0,79,0.0,macrophage,False,False,False,False
66,ENSG00000136235,19.37668,4.5890527,2.4719513152137282e-60,3.8624239300214504e-59,1.0,1.0,80,0.0,macrophage,False,False,False,False
66,ENSG00000137801,19.310547,4.658256,4.062490822491046e-60,6.298435383707048e-59,1.0,1.0,81,0.0,macrophage,False,False,False,False
66,ENSG00000151474,19.248554,4.627174,9.839128209492278e-60,1.513712032229581e-58,1.0,1.0,82,0.0,macrophage,False,False,False,False
66,ENSG00000257764,18.907465,4.488833,2.9404448961468115e-58,4.388723725592256e-57,1.0,1.0,83,0.0,macrophage,False,False,False,False
66,ENSG00000148655,18.346838,2.7557647,5.059666189909254e-56,7.440685573395962e-55,1.0,1.0,84,0.0,macrophage,False,False,False,False
66,ENSG00000164120,18.220842,7.167344,3.882876806720633e-55,5.586873103195157e-54,1.0,1.0,85,0.0,macrophage,False,False,False,False
66,ENSG00000197405,18.197912,5.0091805,5.114275660039157e-55,7.306108085770224e-54,1.0,1.0,86,0.0,macrophage,False,False,False,False
66,ENSG00000144331,18.02997,3.434375,1.812110264488883e-54,2.552267978153356e-53,1.0,1.0,87,0.0,macrophage,False,False,False,False
66,ENSG00000196735,17.87639,3.719446,9.889433155719874e-54,1.3735323827388715e-52,1.0,1.0,88,0.0,macrophage,False,False,False,False
66,ENSG00000231535,17.611132,5.344118,2.0622492521103337e-52,2.8444817270487365e-51,1.0,1.0,89,0.0,macrophage,False,False,False,False
66,ENSG00000198848,17.31758,5.056556,4.026083595625581e-51,5.404139054530981e-50,1.0,1.0,90,0.0,macrophage,False,False,False,False
66,ENSG00000130066,17.107943,4.5998,9.381244371760136e-51,1.2425489234119386e-49,1.0,1.0,91,0.0,macrophage,False,False,False,False
66,ENSG00000004799,17.038473,4.2178316,6.313704740581053e-50,8.253208811217063e-49,1.0,1.0,92,0.0,macrophage,False,False,False,False
66,ENSG00000170345,16.94878,3.1839132,8.634011661507146e-50,1.1213002157801488e-48,1.0,1.0,93,0.0,macrophage,False,False,False,False
66,ENSG00000196260,16.905466,5.910116,2.430027442737588e-49,3.1355192809517265e-48,1.0,1.0,94,0.0,macrophage,False,False,False,False
66,ENSG00000285534,16.711992,6.4033937,2.070005838250144e-48,2.6202605547470175e-47,1.0,1.0,95,0.0,macrophage,False,False,False,False
66,ENSG00000038427,16.578285,5.122593,5.481154358396466e-48,6.894533784146498e-47,1.0,1.0,96,0.0,macrophage,False,False,False,False
66,ENSG00000198727,16.17942,,1.62456121168264e-47,2.0056311255341235e-46,1.0,1.0,97,0.0,macrophage,False,False,False,False
66,ENSG00000188906,15.989504,2.982045,1.7691576143494963e-45,2.1187516339514926e-44,1.0,1.0,98,0.0,macrophage,False,False,False,False
66,ENSG00000145416,15.946297,4.985631,4.004735892674996e-45,4.711453991382349e-44,1.0,1.0,99,0.0,macrophage,False,False,False,False
66,ENSG00000123342,15.635374,4.8047004,9.092667356126617e-44,1.0332576541052974e-42,1.0,1.0,100,0.0,macrophage,False,False,False,False
