srxAccession,cluster,nClusterCells,studyAccession,diseaseArea,diseased,nCells,proportion
ERX11662338,0,1,PRJEB68315,Lung Cancer,False,154,0.006493506493506494
ERX11662338,1,48,PRJEB68315,Lung Cancer,False,154,0.3116883116883117
ERX11662338,13,1,PRJEB68315,Lung Cancer,False,154,0.006493506493506494
ERX11662338,17,1,PRJEB68315,Lung Cancer,False,154,0.006493506493506494
ERX11662338,20,1,PRJEB68315,Lung Cancer,False,154,0.006493506493506494
ERX11662338,24,10,PRJEB68315,Lung Cancer,False,154,0.06493506493506493
ERX11662338,26,5,PRJEB68315,Lung Cancer,False,154,0.032467532467532464
ERX11662338,34,4,PRJEB68315,Lung Cancer,False,154,0.025974025974025976
ERX11662338,4,16,PRJEB68315,Lung Cancer,False,154,0.1038961038961039
ERX11662338,43,3,PRJEB68315,Lung Cancer,False,154,0.01948051948051948
ERX11662338,44,3,PRJEB68315,Lung Cancer,False,154,0.01948051948051948
ERX11662338,5,7,PRJEB68315,Lung Cancer,False,154,0.045454545454545456
ERX11662338,6,3,PRJEB68315,Lung Cancer,False,154,0.01948051948051948
ERX11662338,8,1,PRJEB68315,Lung Cancer,False,154,0.006493506493506494
ERX11662338,9,50,PRJEB68315,Lung Cancer,False,154,0.3246753246753247
ERX11662359,0,1,PRJEB68315,Lung Cancer,False,350,0.002857142857142857
ERX11662359,1,65,PRJEB68315,Lung Cancer,False,350,0.18571428571428572
ERX11662359,13,5,PRJEB68315,Lung Cancer,False,350,0.014285714285714285
ERX11662359,20,8,PRJEB68315,Lung Cancer,False,350,0.022857142857142857
ERX11662359,21,4,PRJEB68315,Lung Cancer,False,350,0.011428571428571429
ERX11662359,24,23,PRJEB68315,Lung Cancer,False,350,0.06571428571428571
ERX11662359,26,41,PRJEB68315,Lung Cancer,False,350,0.11714285714285715
ERX11662359,3,1,PRJEB68315,Lung Cancer,False,350,0.002857142857142857
ERX11662359,34,24,PRJEB68315,Lung Cancer,False,350,0.06857142857142857
ERX11662359,36,8,PRJEB68315,Lung Cancer,False,350,0.022857142857142857
ERX11662359,38,2,PRJEB68315,Lung Cancer,False,350,0.005714285714285714
ERX11662359,4,20,PRJEB68315,Lung Cancer,False,350,0.05714285714285714
ERX11662359,43,1,PRJEB68315,Lung Cancer,False,350,0.002857142857142857
ERX11662359,44,7,PRJEB68315,Lung Cancer,False,350,0.02
ERX11662359,45,2,PRJEB68315,Lung Cancer,False,350,0.005714285714285714
ERX11662359,5,11,PRJEB68315,Lung Cancer,False,350,0.03142857142857143
ERX11662359,59,3,PRJEB68315,Lung Cancer,False,350,0.008571428571428572
ERX11662359,6,6,PRJEB68315,Lung Cancer,False,350,0.017142857142857144
ERX11662359,7,7,PRJEB68315,Lung Cancer,False,350,0.02
ERX11662359,8,19,PRJEB68315,Lung Cancer,False,350,0.054285714285714284
ERX11662359,9,92,PRJEB68315,Lung Cancer,False,350,0.26285714285714284
ERX11662361,0,1,PRJEB68315,Lung Cancer,False,59,0.01694915254237288
ERX11662361,1,14,PRJEB68315,Lung Cancer,False,59,0.23728813559322035
ERX11662361,24,5,PRJEB68315,Lung Cancer,False,59,0.0847457627118644
ERX11662361,34,11,PRJEB68315,Lung Cancer,False,59,0.1864406779661017
ERX11662361,4,23,PRJEB68315,Lung Cancer,False,59,0.3898305084745763
ERX11662361,5,2,PRJEB68315,Lung Cancer,False,59,0.03389830508474576
ERX11662361,6,3,PRJEB68315,Lung Cancer,False,59,0.05084745762711865
ERX11662362,0,38,PRJEB68315,Lung Cancer,True,404,0.09405940594059406
ERX11662362,1,114,PRJEB68315,Lung Cancer,True,404,0.28217821782178215
ERX11662362,13,3,PRJEB68315,Lung Cancer,True,404,0.007425742574257425
ERX11662362,24,15,PRJEB68315,Lung Cancer,True,404,0.03712871287128713
ERX11662362,26,11,PRJEB68315,Lung Cancer,True,404,0.027227722772277228
ERX11662362,34,13,PRJEB68315,Lung Cancer,True,404,0.03217821782178218
ERX11662362,4,24,PRJEB68315,Lung Cancer,True,404,0.0594059405940594
ERX11662362,5,62,PRJEB68315,Lung Cancer,True,404,0.15346534653465346
ERX11662362,6,124,PRJEB68315,Lung Cancer,True,404,0.3069306930693069
ERX11662366,0,9,PRJEB68315,Lung Cancer,True,233,0.03862660944206009
ERX11662366,1,65,PRJEB68315,Lung Cancer,True,233,0.27896995708154504
ERX11662366,13,3,PRJEB68315,Lung Cancer,True,233,0.012875536480686695
ERX11662366,21,1,PRJEB68315,Lung Cancer,True,233,0.004291845493562232
ERX11662366,24,29,PRJEB68315,Lung Cancer,True,233,0.12446351931330472
ERX11662366,26,8,PRJEB68315,Lung Cancer,True,233,0.034334763948497854
ERX11662366,3,6,PRJEB68315,Lung Cancer,True,233,0.02575107296137339
ERX11662366,34,13,PRJEB68315,Lung Cancer,True,233,0.055793991416309016
ERX11662366,4,11,PRJEB68315,Lung Cancer,True,233,0.04721030042918455
ERX11662366,5,14,PRJEB68315,Lung Cancer,True,233,0.060085836909871244
ERX11662366,6,72,PRJEB68315,Lung Cancer,True,233,0.3090128755364807
ERX11662366,9,2,PRJEB68315,Lung Cancer,True,233,0.008583690987124463
ERX11662371,1,3,PRJEB68315,Lung Cancer,True,29,0.10344827586206896
ERX11662371,21,2,PRJEB68315,Lung Cancer,True,29,0.06896551724137931
ERX11662371,24,1,PRJEB68315,Lung Cancer,True,29,0.034482758620689655
ERX11662371,34,2,PRJEB68315,Lung Cancer,True,29,0.06896551724137931
ERX11662371,4,11,PRJEB68315,Lung Cancer,True,29,0.3793103448275862
ERX11662371,43,4,PRJEB68315,Lung Cancer,True,29,0.13793103448275862
ERX11662371,59,1,PRJEB68315,Lung Cancer,True,29,0.034482758620689655
ERX11662371,8,4,PRJEB68315,Lung Cancer,True,29,0.13793103448275862
ERX11662371,9,1,PRJEB68315,Lung Cancer,True,29,0.034482758620689655
ERX11662373,1,2,PRJEB68315,Lung Cancer,False,30,0.06666666666666667
ERX11662373,24,4,PRJEB68315,Lung Cancer,False,30,0.13333333333333333
ERX11662373,34,15,PRJEB68315,Lung Cancer,False,30,0.5
ERX11662373,4,7,PRJEB68315,Lung Cancer,False,30,0.23333333333333334
ERX11662373,6,2,PRJEB68315,Lung Cancer,False,30,0.06666666666666667
ERX11662375,1,2,PRJEB68315,Lung Cancer,True,56,0.03571428571428571
ERX11662375,20,1,PRJEB68315,Lung Cancer,True,56,0.017857142857142856
ERX11662375,21,1,PRJEB68315,Lung Cancer,True,56,0.017857142857142856
ERX11662375,24,2,PRJEB68315,Lung Cancer,True,56,0.03571428571428571
ERX11662375,26,9,PRJEB68315,Lung Cancer,True,56,0.16071428571428573
ERX11662375,34,2,PRJEB68315,Lung Cancer,True,56,0.03571428571428571
ERX11662375,43,1,PRJEB68315,Lung Cancer,True,56,0.017857142857142856
ERX11662375,44,10,PRJEB68315,Lung Cancer,True,56,0.17857142857142858
ERX11662375,45,1,PRJEB68315,Lung Cancer,True,56,0.017857142857142856
ERX11662375,6,1,PRJEB68315,Lung Cancer,True,56,0.017857142857142856
ERX11662375,9,26,PRJEB68315,Lung Cancer,True,56,0.4642857142857143
ERX11662377,1,13,PRJEB68315,Lung Cancer,True,289,0.04498269896193772
ERX11662377,13,1,PRJEB68315,Lung Cancer,True,289,0.0034602076124567475
ERX11662377,20,21,PRJEB68315,Lung Cancer,True,289,0.0726643598615917
ERX11662377,21,1,PRJEB68315,Lung Cancer,True,289,0.0034602076124567475
ERX11662377,23,2,PRJEB68315,Lung Cancer,True,289,0.006920415224913495
ERX11662377,24,71,PRJEB68315,Lung Cancer,True,289,0.24567474048442905
ERX11662377,26,96,PRJEB68315,Lung Cancer,True,289,0.33217993079584773
ERX11662377,3,1,PRJEB68315,Lung Cancer,True,289,0.0034602076124567475
ERX11662377,34,10,PRJEB68315,Lung Cancer,True,289,0.03460207612456748
ERX11662377,35,1,PRJEB68315,Lung Cancer,True,289,0.0034602076124567475
ERX11662377,4,6,PRJEB68315,Lung Cancer,True,289,0.020761245674740483
ERX11662377,43,8,PRJEB68315,Lung Cancer,True,289,0.02768166089965398
ERX11662377,44,9,PRJEB68315,Lung Cancer,True,289,0.031141868512110725
ERX11662377,5,16,PRJEB68315,Lung Cancer,True,289,0.05536332179930796
ERX11662377,9,33,PRJEB68315,Lung Cancer,True,289,0.11418685121107267
ERX11662378,1,34,PRJEB68315,Lung Cancer,False,314,0.10828025477707007
ERX11662378,13,3,PRJEB68315,Lung Cancer,False,314,0.009554140127388535
ERX11662378,14,2,PRJEB68315,Lung Cancer,False,314,0.006369426751592357
ERX11662378,17,1,PRJEB68315,Lung Cancer,False,314,0.0031847133757961785
ERX11662378,20,7,PRJEB68315,Lung Cancer,False,314,0.022292993630573247
ERX11662378,21,5,PRJEB68315,Lung Cancer,False,314,0.01592356687898089
ERX11662378,23,62,PRJEB68315,Lung Cancer,False,314,0.19745222929936307
ERX11662378,24,47,PRJEB68315,Lung Cancer,False,314,0.14968152866242038
ERX11662378,26,13,PRJEB68315,Lung Cancer,False,314,0.041401273885350316
ERX11662378,3,40,PRJEB68315,Lung Cancer,False,314,0.12738853503184713
ERX11662378,31,1,PRJEB68315,Lung Cancer,False,314,0.0031847133757961785
ERX11662378,34,3,PRJEB68315,Lung Cancer,False,314,0.009554140127388535
ERX11662378,39,8,PRJEB68315,Lung Cancer,False,314,0.025477707006369428
ERX11662378,4,1,PRJEB68315,Lung Cancer,False,314,0.0031847133757961785
ERX11662378,43,1,PRJEB68315,Lung Cancer,False,314,0.0031847133757961785
ERX11662378,45,1,PRJEB68315,Lung Cancer,False,314,0.0031847133757961785
ERX11662378,5,64,PRJEB68315,Lung Cancer,False,314,0.20382165605095542
ERX11662378,59,1,PRJEB68315,Lung Cancer,False,314,0.0031847133757961785
ERX11662378,6,17,PRJEB68315,Lung Cancer,False,314,0.054140127388535034
ERX11662378,8,1,PRJEB68315,Lung Cancer,False,314,0.0031847133757961785
ERX11662378,9,2,PRJEB68315,Lung Cancer,False,314,0.006369426751592357
ERX11662382,1,6,PRJEB68315,Lung Cancer,False,13,0.46153846153846156
ERX11662382,24,1,PRJEB68315,Lung Cancer,False,13,0.07692307692307693
ERX11662382,38,2,PRJEB68315,Lung Cancer,False,13,0.15384615384615385
ERX11662382,4,4,PRJEB68315,Lung Cancer,False,13,0.3076923076923077
ERX11662384,1,8,PRJEB68315,Lung Cancer,False,28,0.2857142857142857
ERX11662384,24,4,PRJEB68315,Lung Cancer,False,28,0.14285714285714285
ERX11662384,26,1,PRJEB68315,Lung Cancer,False,28,0.03571428571428571
ERX11662384,4,10,PRJEB68315,Lung Cancer,False,28,0.35714285714285715
ERX11662384,5,1,PRJEB68315,Lung Cancer,False,28,0.03571428571428571
ERX11662384,9,4,PRJEB68315,Lung Cancer,False,28,0.14285714285714285
ERX11876748,14,42,PRJEB71931,Lung Cancer,True,85,0.49411764705882355
ERX11876748,17,1,PRJEB71931,Lung Cancer,True,85,0.011764705882352941
ERX11876748,20,15,PRJEB71931,Lung Cancer,True,85,0.17647058823529413
ERX11876748,23,1,PRJEB71931,Lung Cancer,True,85,0.011764705882352941
ERX11876748,36,3,PRJEB71931,Lung Cancer,True,85,0.03529411764705882
ERX11876748,59,1,PRJEB71931,Lung Cancer,True,85,0.011764705882352941
ERX11876748,60,21,PRJEB71931,Lung Cancer,True,85,0.24705882352941178
ERX11876748,8,1,PRJEB71931,Lung Cancer,True,85,0.011764705882352941
ERX11876750,0,1,PRJEB71931,Lung Cancer,True,60,0.016666666666666666
ERX11876750,14,21,PRJEB71931,Lung Cancer,True,60,0.35
ERX11876750,17,2,PRJEB71931,Lung Cancer,True,60,0.03333333333333333
ERX11876750,20,2,PRJEB71931,Lung Cancer,True,60,0.03333333333333333
ERX11876750,36,8,PRJEB71931,Lung Cancer,True,60,0.13333333333333333
ERX11876750,60,26,PRJEB71931,Lung Cancer,True,60,0.43333333333333335
ERX11876751,14,20,PRJEB71931,Lung Cancer,True,48,0.4166666666666667
ERX11876751,17,2,PRJEB71931,Lung Cancer,True,48,0.041666666666666664
ERX11876751,33,1,PRJEB71931,Lung Cancer,True,48,0.020833333333333332
ERX11876751,36,4,PRJEB71931,Lung Cancer,True,48,0.08333333333333333
ERX11876751,52,1,PRJEB71931,Lung Cancer,True,48,0.020833333333333332
ERX11876751,60,20,PRJEB71931,Lung Cancer,True,48,0.4166666666666667
ERX11876752,13,1,PRJEB71931,Lung Cancer,True,67,0.014925373134328358
ERX11876752,14,15,PRJEB71931,Lung Cancer,True,67,0.22388059701492538
ERX11876752,17,2,PRJEB71931,Lung Cancer,True,67,0.029850746268656716
ERX11876752,20,3,PRJEB71931,Lung Cancer,True,67,0.04477611940298507
ERX11876752,21,2,PRJEB71931,Lung Cancer,True,67,0.029850746268656716
ERX11876752,33,1,PRJEB71931,Lung Cancer,True,67,0.014925373134328358
ERX11876752,34,4,PRJEB71931,Lung Cancer,True,67,0.05970149253731343
ERX11876752,36,13,PRJEB71931,Lung Cancer,True,67,0.19402985074626866
ERX11876752,60,26,PRJEB71931,Lung Cancer,True,67,0.3880597014925373
ERX11876753,14,13,PRJEB71931,Lung Cancer,True,35,0.37142857142857144
ERX11876753,20,1,PRJEB71931,Lung Cancer,True,35,0.02857142857142857
ERX11876753,33,3,PRJEB71931,Lung Cancer,True,35,0.08571428571428572
ERX11876753,36,2,PRJEB71931,Lung Cancer,True,35,0.05714285714285714
ERX11876753,60,16,PRJEB71931,Lung Cancer,True,35,0.45714285714285713
ERX11876754,0,3,PRJEB71931,Lung Cancer,True,69,0.043478260869565216
ERX11876754,1,1,PRJEB71931,Lung Cancer,True,69,0.014492753623188406
ERX11876754,14,12,PRJEB71931,Lung Cancer,True,69,0.17391304347826086
ERX11876754,17,1,PRJEB71931,Lung Cancer,True,69,0.014492753623188406
ERX11876754,20,4,PRJEB71931,Lung Cancer,True,69,0.057971014492753624
ERX11876754,21,3,PRJEB71931,Lung Cancer,True,69,0.043478260869565216
ERX11876754,34,3,PRJEB71931,Lung Cancer,True,69,0.043478260869565216
ERX11876754,36,23,PRJEB71931,Lung Cancer,True,69,0.3333333333333333
ERX11876754,4,1,PRJEB71931,Lung Cancer,True,69,0.014492753623188406
ERX11876754,60,14,PRJEB71931,Lung Cancer,True,69,0.2028985507246377
ERX11876754,8,4,PRJEB71931,Lung Cancer,True,69,0.057971014492753624
ERX11876755,13,1,PRJEB71931,Lung Cancer,False,63,0.015873015873015872
ERX11876755,14,29,PRJEB71931,Lung Cancer,False,63,0.4603174603174603
ERX11876755,20,3,PRJEB71931,Lung Cancer,False,63,0.047619047619047616
ERX11876755,23,1,PRJEB71931,Lung Cancer,False,63,0.015873015873015872
ERX11876755,32,3,PRJEB71931,Lung Cancer,False,63,0.047619047619047616
ERX11876755,34,2,PRJEB71931,Lung Cancer,False,63,0.031746031746031744
ERX11876755,36,11,PRJEB71931,Lung Cancer,False,63,0.1746031746031746
ERX11876755,44,1,PRJEB71931,Lung Cancer,False,63,0.015873015873015872
ERX11876755,45,2,PRJEB71931,Lung Cancer,False,63,0.031746031746031744
ERX11876755,52,1,PRJEB71931,Lung Cancer,False,63,0.015873015873015872
ERX11876755,59,5,PRJEB71931,Lung Cancer,False,63,0.07936507936507936
ERX11876755,60,1,PRJEB71931,Lung Cancer,False,63,0.015873015873015872
ERX11876755,8,3,PRJEB71931,Lung Cancer,False,63,0.047619047619047616
ERX11876756,0,2,PRJEB71931,Lung Cancer,True,57,0.03508771929824561
ERX11876756,14,22,PRJEB71931,Lung Cancer,True,57,0.38596491228070173
ERX11876756,20,2,PRJEB71931,Lung Cancer,True,57,0.03508771929824561
ERX11876756,36,18,PRJEB71931,Lung Cancer,True,57,0.3157894736842105
ERX11876756,6,1,PRJEB71931,Lung Cancer,True,57,0.017543859649122806
ERX11876756,60,11,PRJEB71931,Lung Cancer,True,57,0.19298245614035087
ERX11876756,8,1,PRJEB71931,Lung Cancer,True,57,0.017543859649122806
ERX11876757,14,26,PRJEB71931,Lung Cancer,True,56,0.4642857142857143
ERX11876757,17,3,PRJEB71931,Lung Cancer,True,56,0.05357142857142857
ERX11876757,20,1,PRJEB71931,Lung Cancer,True,56,0.017857142857142856
ERX11876757,23,4,PRJEB71931,Lung Cancer,True,56,0.07142857142857142
ERX11876757,24,1,PRJEB71931,Lung Cancer,True,56,0.017857142857142856
ERX11876757,26,2,PRJEB71931,Lung Cancer,True,56,0.03571428571428571
ERX11876757,33,1,PRJEB71931,Lung Cancer,True,56,0.017857142857142856
ERX11876757,34,1,PRJEB71931,Lung Cancer,True,56,0.017857142857142856
ERX11876757,36,3,PRJEB71931,Lung Cancer,True,56,0.05357142857142857
ERX11876757,4,3,PRJEB71931,Lung Cancer,True,56,0.05357142857142857
ERX11876757,60,10,PRJEB71931,Lung Cancer,True,56,0.17857142857142858
ERX11876757,9,1,PRJEB71931,Lung Cancer,True,56,0.017857142857142856
ERX11876758,13,2,PRJEB71931,Lung Cancer,True,67,0.029850746268656716
ERX11876758,14,10,PRJEB71931,Lung Cancer,True,67,0.14925373134328357
ERX11876758,17,2,PRJEB71931,Lung Cancer,True,67,0.029850746268656716
ERX11876758,20,2,PRJEB71931,Lung Cancer,True,67,0.029850746268656716
ERX11876758,23,4,PRJEB71931,Lung Cancer,True,67,0.05970149253731343
ERX11876758,26,4,PRJEB71931,Lung Cancer,True,67,0.05970149253731343
ERX11876758,33,2,PRJEB71931,Lung Cancer,True,67,0.029850746268656716
ERX11876758,36,28,PRJEB71931,Lung Cancer,True,67,0.417910447761194
ERX11876758,59,1,PRJEB71931,Lung Cancer,True,67,0.014925373134328358
ERX11876758,60,10,PRJEB71931,Lung Cancer,True,67,0.14925373134328357
ERX11876758,8,1,PRJEB71931,Lung Cancer,True,67,0.014925373134328358
ERX11876758,9,1,PRJEB71931,Lung Cancer,True,67,0.014925373134328358
ERX11876759,14,13,PRJEB71931,Lung Cancer,True,43,0.3023255813953488
ERX11876759,17,6,PRJEB71931,Lung Cancer,True,43,0.13953488372093023
ERX11876759,20,3,PRJEB71931,Lung Cancer,True,43,0.06976744186046512
ERX11876759,52,1,PRJEB71931,Lung Cancer,True,43,0.023255813953488372
ERX11876759,60,20,PRJEB71931,Lung Cancer,True,43,0.46511627906976744
ERX11876760,13,1,PRJEB71931,Lung Cancer,False,40,0.025
ERX11876760,14,1,PRJEB71931,Lung Cancer,False,40,0.025
ERX11876760,17,6,PRJEB71931,Lung Cancer,False,40,0.15
ERX11876760,21,1,PRJEB71931,Lung Cancer,False,40,0.025
ERX11876760,32,3,PRJEB71931,Lung Cancer,False,40,0.075
ERX11876760,34,4,PRJEB71931,Lung Cancer,False,40,0.1
ERX11876760,36,14,PRJEB71931,Lung Cancer,False,40,0.35
ERX11876760,4,4,PRJEB71931,Lung Cancer,False,40,0.1
ERX11876760,59,3,PRJEB71931,Lung Cancer,False,40,0.075
ERX11876760,60,3,PRJEB71931,Lung Cancer,False,40,0.075
ERX11876763,1,20,PRJEB71931,Lung Cancer,True,26,0.7692307692307693
ERX11876763,5,6,PRJEB71931,Lung Cancer,True,26,0.23076923076923078
ERX11876764,1,31,PRJEB71931,Lung Cancer,True,44,0.7045454545454546
ERX11876764,24,2,PRJEB71931,Lung Cancer,True,44,0.045454545454545456
ERX11876764,3,1,PRJEB71931,Lung Cancer,True,44,0.022727272727272728
ERX11876764,5,10,PRJEB71931,Lung Cancer,True,44,0.22727272727272727
ERX11876765,1,4,PRJEB71931,Lung Cancer,True,18,0.2222222222222222
ERX11876765,5,9,PRJEB71931,Lung Cancer,True,18,0.5
ERX11876765,6,5,PRJEB71931,Lung Cancer,True,18,0.2777777777777778
ERX11876766,0,2,PRJEB71931,Lung Cancer,True,10,0.2
ERX11876766,21,1,PRJEB71931,Lung Cancer,True,10,0.1
ERX11876766,24,1,PRJEB71931,Lung Cancer,True,10,0.1
ERX11876766,5,5,PRJEB71931,Lung Cancer,True,10,0.5
ERX11876766,6,1,PRJEB71931,Lung Cancer,True,10,0.1
ERX11876767,1,7,PRJEB71931,Lung Cancer,True,23,0.30434782608695654
ERX11876767,4,1,PRJEB71931,Lung Cancer,True,23,0.043478260869565216
ERX11876767,5,7,PRJEB71931,Lung Cancer,True,23,0.30434782608695654
ERX11876767,6,8,PRJEB71931,Lung Cancer,True,23,0.34782608695652173
ERX11876768,14,1,PRJEB71931,Lung Cancer,True,29,0.034482758620689655
ERX11876768,17,1,PRJEB71931,Lung Cancer,True,29,0.034482758620689655
ERX11876768,20,3,PRJEB71931,Lung Cancer,True,29,0.10344827586206896
ERX11876768,21,3,PRJEB71931,Lung Cancer,True,29,0.10344827586206896
ERX11876768,33,18,PRJEB71931,Lung Cancer,True,29,0.6206896551724138
ERX11876768,60,3,PRJEB71931,Lung Cancer,True,29,0.10344827586206896
ERX11876769,14,9,PRJEB71931,Lung Cancer,True,64,0.140625
ERX11876769,17,2,PRJEB71931,Lung Cancer,True,64,0.03125
ERX11876769,20,1,PRJEB71931,Lung Cancer,True,64,0.015625
ERX11876769,21,1,PRJEB71931,Lung Cancer,True,64,0.015625
ERX11876769,36,3,PRJEB71931,Lung Cancer,True,64,0.046875
ERX11876769,60,48,PRJEB71931,Lung Cancer,True,64,0.75
ERX11876770,14,3,PRJEB71931,Lung Cancer,False,28,0.10714285714285714
ERX11876770,20,7,PRJEB71931,Lung Cancer,False,28,0.25
ERX11876770,21,2,PRJEB71931,Lung Cancer,False,28,0.07142857142857142
ERX11876770,24,1,PRJEB71931,Lung Cancer,False,28,0.03571428571428571
ERX11876770,26,2,PRJEB71931,Lung Cancer,False,28,0.07142857142857142
ERX11876770,32,1,PRJEB71931,Lung Cancer,False,28,0.03571428571428571
ERX11876770,36,7,PRJEB71931,Lung Cancer,False,28,0.25
ERX11876770,60,1,PRJEB71931,Lung Cancer,False,28,0.03571428571428571
ERX11876770,8,4,PRJEB71931,Lung Cancer,False,28,0.14285714285714285
ERX11876771,14,23,PRJEB71931,Lung Cancer,True,55,0.41818181818181815
ERX11876771,17,3,PRJEB71931,Lung Cancer,True,55,0.05454545454545454
ERX11876771,20,3,PRJEB71931,Lung Cancer,True,55,0.05454545454545454
ERX11876771,21,2,PRJEB71931,Lung Cancer,True,55,0.03636363636363636
ERX11876771,24,1,PRJEB71931,Lung Cancer,True,55,0.01818181818181818
ERX11876771,36,15,PRJEB71931,Lung Cancer,True,55,0.2727272727272727
ERX11876771,39,1,PRJEB71931,Lung Cancer,True,55,0.01818181818181818
ERX11876771,52,1,PRJEB71931,Lung Cancer,True,55,0.01818181818181818
ERX11876771,59,1,PRJEB71931,Lung Cancer,True,55,0.01818181818181818
ERX11876771,60,5,PRJEB71931,Lung Cancer,True,55,0.09090909090909091
ERX11876772,14,43,PRJEB71931,Lung Cancer,True,72,0.5972222222222222
ERX11876772,17,2,PRJEB71931,Lung Cancer,True,72,0.027777777777777776
ERX11876772,20,1,PRJEB71931,Lung Cancer,True,72,0.013888888888888888
ERX11876772,32,1,PRJEB71931,Lung Cancer,True,72,0.013888888888888888
ERX11876772,33,3,PRJEB71931,Lung Cancer,True,72,0.041666666666666664
ERX11876772,36,4,PRJEB71931,Lung Cancer,True,72,0.05555555555555555
ERX11876772,59,1,PRJEB71931,Lung Cancer,True,72,0.013888888888888888
ERX11876772,60,17,PRJEB71931,Lung Cancer,True,72,0.2361111111111111
ERX8831396,17,31,PRJEB51720,Lung Cancer,True,50,0.62
ERX8831396,20,2,PRJEB51720,Lung Cancer,True,50,0.04
ERX8831396,21,2,PRJEB51720,Lung Cancer,True,50,0.04
ERX8831396,23,1,PRJEB51720,Lung Cancer,True,50,0.02
ERX8831396,31,12,PRJEB51720,Lung Cancer,True,50,0.24
ERX8831396,52,2,PRJEB51720,Lung Cancer,True,50,0.04
SRX10048373,0,14,PRJNA669824,IPF / Pulmonary Fibrosis,True,128,0.109375
SRX10048373,1,9,PRJNA669824,IPF / Pulmonary Fibrosis,True,128,0.0703125
SRX10048373,13,4,PRJNA669824,IPF / Pulmonary Fibrosis,True,128,0.03125
SRX10048373,14,30,PRJNA669824,IPF / Pulmonary Fibrosis,True,128,0.234375
SRX10048373,20,12,PRJNA669824,IPF / Pulmonary Fibrosis,True,128,0.09375
SRX10048373,21,5,PRJNA669824,IPF / Pulmonary Fibrosis,True,128,0.0390625
SRX10048373,24,3,PRJNA669824,IPF / Pulmonary Fibrosis,True,128,0.0234375
SRX10048373,26,5,PRJNA669824,IPF / Pulmonary Fibrosis,True,128,0.0390625
SRX10048373,34,3,PRJNA669824,IPF / Pulmonary Fibrosis,True,128,0.0234375
SRX10048373,36,23,PRJNA669824,IPF / Pulmonary Fibrosis,True,128,0.1796875
SRX10048373,43,1,PRJNA669824,IPF / Pulmonary Fibrosis,True,128,0.0078125
SRX10048373,45,1,PRJNA669824,IPF / Pulmonary Fibrosis,True,128,0.0078125
SRX10048373,52,1,PRJNA669824,IPF / Pulmonary Fibrosis,True,128,0.0078125
SRX10048373,59,3,PRJNA669824,IPF / Pulmonary Fibrosis,True,128,0.0234375
SRX10048373,6,2,PRJNA669824,IPF / Pulmonary Fibrosis,True,128,0.015625
SRX10048373,60,10,PRJNA669824,IPF / Pulmonary Fibrosis,True,128,0.078125
SRX10048373,8,1,PRJNA669824,IPF / Pulmonary Fibrosis,True,128,0.0078125
SRX10048373,9,1,PRJNA669824,IPF / Pulmonary Fibrosis,True,128,0.0078125
SRX10048375,0,2,PRJNA669824,IPF / Pulmonary Fibrosis,True,141,0.014184397163120567
SRX10048375,1,1,PRJNA669824,IPF / Pulmonary Fibrosis,True,141,0.0070921985815602835
SRX10048375,13,1,PRJNA669824,IPF / Pulmonary Fibrosis,True,141,0.0070921985815602835
SRX10048375,14,57,PRJNA669824,IPF / Pulmonary Fibrosis,True,141,0.40425531914893614
SRX10048375,20,1,PRJNA669824,IPF / Pulmonary Fibrosis,True,141,0.0070921985815602835
SRX10048375,26,5,PRJNA669824,IPF / Pulmonary Fibrosis,True,141,0.03546099290780142
SRX10048375,34,3,PRJNA669824,IPF / Pulmonary Fibrosis,True,141,0.02127659574468085
SRX10048375,36,17,PRJNA669824,IPF / Pulmonary Fibrosis,True,141,0.12056737588652482
SRX10048375,4,1,PRJNA669824,IPF / Pulmonary Fibrosis,True,141,0.0070921985815602835
SRX10048375,45,1,PRJNA669824,IPF / Pulmonary Fibrosis,True,141,0.0070921985815602835
SRX10048375,52,2,PRJNA669824,IPF / Pulmonary Fibrosis,True,141,0.014184397163120567
SRX10048375,60,50,PRJNA669824,IPF / Pulmonary Fibrosis,True,141,0.3546099290780142
SRX10048376,0,2,PRJNA669824,IPF / Pulmonary Fibrosis,True,54,0.037037037037037035
SRX10048376,1,5,PRJNA669824,IPF / Pulmonary Fibrosis,True,54,0.09259259259259259
SRX10048376,13,1,PRJNA669824,IPF / Pulmonary Fibrosis,True,54,0.018518518518518517
SRX10048376,14,9,PRJNA669824,IPF / Pulmonary Fibrosis,True,54,0.16666666666666666
SRX10048376,20,6,PRJNA669824,IPF / Pulmonary Fibrosis,True,54,0.1111111111111111
SRX10048376,21,3,PRJNA669824,IPF / Pulmonary Fibrosis,True,54,0.05555555555555555
SRX10048376,26,5,PRJNA669824,IPF / Pulmonary Fibrosis,True,54,0.09259259259259259
SRX10048376,34,2,PRJNA669824,IPF / Pulmonary Fibrosis,True,54,0.037037037037037035
SRX10048376,36,7,PRJNA669824,IPF / Pulmonary Fibrosis,True,54,0.12962962962962962
SRX10048376,38,2,PRJNA669824,IPF / Pulmonary Fibrosis,True,54,0.037037037037037035
SRX10048376,43,2,PRJNA669824,IPF / Pulmonary Fibrosis,True,54,0.037037037037037035
SRX10048376,44,1,PRJNA669824,IPF / Pulmonary Fibrosis,True,54,0.018518518518518517
SRX10048376,45,2,PRJNA669824,IPF / Pulmonary Fibrosis,True,54,0.037037037037037035
SRX10048376,60,5,PRJNA669824,IPF / Pulmonary Fibrosis,True,54,0.09259259259259259
SRX10048376,8,1,PRJNA669824,IPF / Pulmonary Fibrosis,True,54,0.018518518518518517
SRX10048376,9,1,PRJNA669824,IPF / Pulmonary Fibrosis,True,54,0.018518518518518517
SRX10048377,0,1,PRJNA669824,IPF / Pulmonary Fibrosis,,179,0.00558659217877095
SRX10048377,1,4,PRJNA669824,IPF / Pulmonary Fibrosis,,179,0.0223463687150838
SRX10048377,13,2,PRJNA669824,IPF / Pulmonary Fibrosis,,179,0.0111731843575419
SRX10048377,14,8,PRJNA669824,IPF / Pulmonary Fibrosis,,179,0.0446927374301676
SRX10048377,20,6,PRJNA669824,IPF / Pulmonary Fibrosis,,179,0.0335195530726257
SRX10048377,21,7,PRJNA669824,IPF / Pulmonary Fibrosis,,179,0.03910614525139665
SRX10048377,24,1,PRJNA669824,IPF / Pulmonary Fibrosis,,179,0.00558659217877095
SRX10048377,26,13,PRJNA669824,IPF / Pulmonary Fibrosis,,179,0.07262569832402235
SRX10048377,34,7,PRJNA669824,IPF / Pulmonary Fibrosis,,179,0.03910614525139665
SRX10048377,36,23,PRJNA669824,IPF / Pulmonary Fibrosis,,179,0.12849162011173185
SRX10048377,38,7,PRJNA669824,IPF / Pulmonary Fibrosis,,179,0.03910614525139665
SRX10048377,43,2,PRJNA669824,IPF / Pulmonary Fibrosis,,179,0.0111731843575419
SRX10048377,44,1,PRJNA669824,IPF / Pulmonary Fibrosis,,179,0.00558659217877095
SRX10048377,45,4,PRJNA669824,IPF / Pulmonary Fibrosis,,179,0.0223463687150838
SRX10048377,59,1,PRJNA669824,IPF / Pulmonary Fibrosis,,179,0.00558659217877095
SRX10048377,60,5,PRJNA669824,IPF / Pulmonary Fibrosis,,179,0.027932960893854747
SRX10048377,7,5,PRJNA669824,IPF / Pulmonary Fibrosis,,179,0.027932960893854747
SRX10048377,8,64,PRJNA669824,IPF / Pulmonary Fibrosis,,179,0.3575418994413408
SRX10048377,9,18,PRJNA669824,IPF / Pulmonary Fibrosis,,179,0.1005586592178771
SRX10048379,1,6,PRJNA669824,IPF / Pulmonary Fibrosis,True,183,0.03278688524590164
SRX10048379,13,1,PRJNA669824,IPF / Pulmonary Fibrosis,True,183,0.00546448087431694
SRX10048379,14,34,PRJNA669824,IPF / Pulmonary Fibrosis,True,183,0.18579234972677597
SRX10048379,17,1,PRJNA669824,IPF / Pulmonary Fibrosis,True,183,0.00546448087431694
SRX10048379,20,7,PRJNA669824,IPF / Pulmonary Fibrosis,True,183,0.03825136612021858
SRX10048379,21,1,PRJNA669824,IPF / Pulmonary Fibrosis,True,183,0.00546448087431694
SRX10048379,24,4,PRJNA669824,IPF / Pulmonary Fibrosis,True,183,0.02185792349726776
SRX10048379,26,3,PRJNA669824,IPF / Pulmonary Fibrosis,True,183,0.01639344262295082
SRX10048379,34,1,PRJNA669824,IPF / Pulmonary Fibrosis,True,183,0.00546448087431694
SRX10048379,36,26,PRJNA669824,IPF / Pulmonary Fibrosis,True,183,0.14207650273224043
SRX10048379,38,1,PRJNA669824,IPF / Pulmonary Fibrosis,True,183,0.00546448087431694
SRX10048379,4,3,PRJNA669824,IPF / Pulmonary Fibrosis,True,183,0.01639344262295082
SRX10048379,43,17,PRJNA669824,IPF / Pulmonary Fibrosis,True,183,0.09289617486338798
SRX10048379,44,27,PRJNA669824,IPF / Pulmonary Fibrosis,True,183,0.14754098360655737
SRX10048379,45,10,PRJNA669824,IPF / Pulmonary Fibrosis,True,183,0.0546448087431694
SRX10048379,52,1,PRJNA669824,IPF / Pulmonary Fibrosis,True,183,0.00546448087431694
SRX10048379,60,23,PRJNA669824,IPF / Pulmonary Fibrosis,True,183,0.12568306010928962
SRX10048379,8,9,PRJNA669824,IPF / Pulmonary Fibrosis,True,183,0.04918032786885246
SRX10048379,9,8,PRJNA669824,IPF / Pulmonary Fibrosis,True,183,0.04371584699453552
SRX10048381,1,2,PRJNA669824,COVID-19 / SARS-CoV-2,,135,0.014814814814814815
SRX10048381,14,20,PRJNA669824,COVID-19 / SARS-CoV-2,,135,0.14814814814814814
SRX10048381,21,4,PRJNA669824,COVID-19 / SARS-CoV-2,,135,0.02962962962962963
SRX10048381,24,1,PRJNA669824,COVID-19 / SARS-CoV-2,,135,0.007407407407407408
SRX10048381,26,2,PRJNA669824,COVID-19 / SARS-CoV-2,,135,0.014814814814814815
SRX10048381,36,41,PRJNA669824,COVID-19 / SARS-CoV-2,,135,0.3037037037037037
SRX10048381,38,13,PRJNA669824,COVID-19 / SARS-CoV-2,,135,0.0962962962962963
SRX10048381,4,4,PRJNA669824,COVID-19 / SARS-CoV-2,,135,0.02962962962962963
SRX10048381,52,1,PRJNA669824,COVID-19 / SARS-CoV-2,,135,0.007407407407407408
SRX10048381,59,1,PRJNA669824,COVID-19 / SARS-CoV-2,,135,0.007407407407407408
SRX10048381,60,3,PRJNA669824,COVID-19 / SARS-CoV-2,,135,0.022222222222222223
SRX10048381,7,2,PRJNA669824,COVID-19 / SARS-CoV-2,,135,0.014814814814814815
SRX10048381,8,39,PRJNA669824,COVID-19 / SARS-CoV-2,,135,0.28888888888888886
SRX10048381,9,2,PRJNA669824,COVID-19 / SARS-CoV-2,,135,0.014814814814814815
SRX10048384,0,1,PRJNA669824,COVID-19 / SARS-CoV-2,,88,0.011363636363636364
SRX10048384,1,5,PRJNA669824,COVID-19 / SARS-CoV-2,,88,0.056818181818181816
SRX10048384,14,10,PRJNA669824,COVID-19 / SARS-CoV-2,,88,0.11363636363636363
SRX10048384,17,1,PRJNA669824,COVID-19 / SARS-CoV-2,,88,0.011363636363636364
SRX10048384,20,1,PRJNA669824,COVID-19 / SARS-CoV-2,,88,0.011363636363636364
SRX10048384,21,3,PRJNA669824,COVID-19 / SARS-CoV-2,,88,0.03409090909090909
SRX10048384,26,1,PRJNA669824,COVID-19 / SARS-CoV-2,,88,0.011363636363636364
SRX10048384,31,1,PRJNA669824,COVID-19 / SARS-CoV-2,,88,0.011363636363636364
SRX10048384,34,4,PRJNA669824,COVID-19 / SARS-CoV-2,,88,0.045454545454545456
SRX10048384,36,16,PRJNA669824,COVID-19 / SARS-CoV-2,,88,0.18181818181818182
SRX10048384,38,4,PRJNA669824,COVID-19 / SARS-CoV-2,,88,0.045454545454545456
SRX10048384,43,4,PRJNA669824,COVID-19 / SARS-CoV-2,,88,0.045454545454545456
SRX10048384,44,14,PRJNA669824,COVID-19 / SARS-CoV-2,,88,0.1590909090909091
SRX10048384,45,3,PRJNA669824,COVID-19 / SARS-CoV-2,,88,0.03409090909090909
SRX10048384,59,1,PRJNA669824,COVID-19 / SARS-CoV-2,,88,0.011363636363636364
SRX10048384,6,5,PRJNA669824,COVID-19 / SARS-CoV-2,,88,0.056818181818181816
SRX10048384,60,5,PRJNA669824,COVID-19 / SARS-CoV-2,,88,0.056818181818181816
SRX10048384,8,8,PRJNA669824,COVID-19 / SARS-CoV-2,,88,0.09090909090909091
SRX10048384,9,1,PRJNA669824,COVID-19 / SARS-CoV-2,,88,0.011363636363636364
SRX10048385,0,4,PRJNA669824,IPF / Pulmonary Fibrosis,True,124,0.03225806451612903
SRX10048385,1,5,PRJNA669824,IPF / Pulmonary Fibrosis,True,124,0.04032258064516129
SRX10048385,13,3,PRJNA669824,IPF / Pulmonary Fibrosis,True,124,0.024193548387096774
SRX10048385,14,20,PRJNA669824,IPF / Pulmonary Fibrosis,True,124,0.16129032258064516
SRX10048385,20,8,PRJNA669824,IPF / Pulmonary Fibrosis,True,124,0.06451612903225806
SRX10048385,21,1,PRJNA669824,IPF / Pulmonary Fibrosis,True,124,0.008064516129032258
SRX10048385,24,1,PRJNA669824,IPF / Pulmonary Fibrosis,True,124,0.008064516129032258
SRX10048385,26,7,PRJNA669824,IPF / Pulmonary Fibrosis,True,124,0.056451612903225805
SRX10048385,34,6,PRJNA669824,IPF / Pulmonary Fibrosis,True,124,0.04838709677419355
SRX10048385,35,7,PRJNA669824,IPF / Pulmonary Fibrosis,True,124,0.056451612903225805
SRX10048385,36,22,PRJNA669824,IPF / Pulmonary Fibrosis,True,124,0.1774193548387097
SRX10048385,38,3,PRJNA669824,IPF / Pulmonary Fibrosis,True,124,0.024193548387096774
SRX10048385,43,2,PRJNA669824,IPF / Pulmonary Fibrosis,True,124,0.016129032258064516
SRX10048385,44,9,PRJNA669824,IPF / Pulmonary Fibrosis,True,124,0.07258064516129033
SRX10048385,45,3,PRJNA669824,IPF / Pulmonary Fibrosis,True,124,0.024193548387096774
SRX10048385,52,3,PRJNA669824,IPF / Pulmonary Fibrosis,True,124,0.024193548387096774
SRX10048385,59,2,PRJNA669824,IPF / Pulmonary Fibrosis,True,124,0.016129032258064516
SRX10048385,6,3,PRJNA669824,IPF / Pulmonary Fibrosis,True,124,0.024193548387096774
SRX10048385,60,2,PRJNA669824,IPF / Pulmonary Fibrosis,True,124,0.016129032258064516
SRX10048385,8,7,PRJNA669824,IPF / Pulmonary Fibrosis,True,124,0.056451612903225805
SRX10048385,9,6,PRJNA669824,IPF / Pulmonary Fibrosis,True,124,0.04838709677419355
SRX10048388,0,1,PRJNA669824,COVID-19 / SARS-CoV-2,,118,0.00847457627118644
SRX10048388,1,6,PRJNA669824,COVID-19 / SARS-CoV-2,,118,0.05084745762711865
SRX10048388,14,11,PRJNA669824,COVID-19 / SARS-CoV-2,,118,0.09322033898305085
SRX10048388,17,1,PRJNA669824,COVID-19 / SARS-CoV-2,,118,0.00847457627118644
SRX10048388,20,1,PRJNA669824,COVID-19 / SARS-CoV-2,,118,0.00847457627118644
SRX10048388,21,6,PRJNA669824,COVID-19 / SARS-CoV-2,,118,0.05084745762711865
SRX10048388,26,14,PRJNA669824,COVID-19 / SARS-CoV-2,,118,0.11864406779661017
SRX10048388,34,1,PRJNA669824,COVID-19 / SARS-CoV-2,,118,0.00847457627118644
SRX10048388,36,19,PRJNA669824,COVID-19 / SARS-CoV-2,,118,0.16101694915254236
SRX10048388,38,15,PRJNA669824,COVID-19 / SARS-CoV-2,,118,0.1271186440677966
SRX10048388,4,2,PRJNA669824,COVID-19 / SARS-CoV-2,,118,0.01694915254237288
SRX10048388,52,3,PRJNA669824,COVID-19 / SARS-CoV-2,,118,0.025423728813559324
SRX10048388,59,1,PRJNA669824,COVID-19 / SARS-CoV-2,,118,0.00847457627118644
SRX10048388,60,1,PRJNA669824,COVID-19 / SARS-CoV-2,,118,0.00847457627118644
SRX10048388,7,1,PRJNA669824,COVID-19 / SARS-CoV-2,,118,0.00847457627118644
SRX10048388,8,35,PRJNA669824,COVID-19 / SARS-CoV-2,,118,0.2966101694915254
SRX10048389,0,1,PRJNA669824,COVID-19 / SARS-CoV-2,True,112,0.008928571428571428
SRX10048389,1,4,PRJNA669824,COVID-19 / SARS-CoV-2,True,112,0.03571428571428571
SRX10048389,14,12,PRJNA669824,COVID-19 / SARS-CoV-2,True,112,0.10714285714285714
SRX10048389,21,4,PRJNA669824,COVID-19 / SARS-CoV-2,True,112,0.03571428571428571
SRX10048389,24,1,PRJNA669824,COVID-19 / SARS-CoV-2,True,112,0.008928571428571428
SRX10048389,26,7,PRJNA669824,COVID-19 / SARS-CoV-2,True,112,0.0625
SRX10048389,34,2,PRJNA669824,COVID-19 / SARS-CoV-2,True,112,0.017857142857142856
SRX10048389,35,1,PRJNA669824,COVID-19 / SARS-CoV-2,True,112,0.008928571428571428
SRX10048389,36,26,PRJNA669824,COVID-19 / SARS-CoV-2,True,112,0.23214285714285715
SRX10048389,38,16,PRJNA669824,COVID-19 / SARS-CoV-2,True,112,0.14285714285714285
SRX10048389,43,1,PRJNA669824,COVID-19 / SARS-CoV-2,True,112,0.008928571428571428
SRX10048389,44,1,PRJNA669824,COVID-19 / SARS-CoV-2,True,112,0.008928571428571428
SRX10048389,59,3,PRJNA669824,COVID-19 / SARS-CoV-2,True,112,0.026785714285714284
SRX10048389,60,5,PRJNA669824,COVID-19 / SARS-CoV-2,True,112,0.044642857142857144
SRX10048389,7,3,PRJNA669824,COVID-19 / SARS-CoV-2,True,112,0.026785714285714284
SRX10048389,8,25,PRJNA669824,COVID-19 / SARS-CoV-2,True,112,0.22321428571428573
SRX10048390,1,4,PRJNA669824,IPF / Pulmonary Fibrosis,,134,0.029850746268656716
SRX10048390,13,2,PRJNA669824,IPF / Pulmonary Fibrosis,,134,0.014925373134328358
SRX10048390,14,11,PRJNA669824,IPF / Pulmonary Fibrosis,,134,0.08208955223880597
SRX10048390,2,1,PRJNA669824,IPF / Pulmonary Fibrosis,,134,0.007462686567164179
SRX10048390,20,17,PRJNA669824,IPF / Pulmonary Fibrosis,,134,0.12686567164179105
SRX10048390,21,4,PRJNA669824,IPF / Pulmonary Fibrosis,,134,0.029850746268656716
SRX10048390,24,1,PRJNA669824,IPF / Pulmonary Fibrosis,,134,0.007462686567164179
SRX10048390,26,13,PRJNA669824,IPF / Pulmonary Fibrosis,,134,0.09701492537313433
SRX10048390,34,5,PRJNA669824,IPF / Pulmonary Fibrosis,,134,0.03731343283582089
SRX10048390,36,30,PRJNA669824,IPF / Pulmonary Fibrosis,,134,0.22388059701492538
SRX10048390,38,13,PRJNA669824,IPF / Pulmonary Fibrosis,,134,0.09701492537313433
SRX10048390,43,2,PRJNA669824,IPF / Pulmonary Fibrosis,,134,0.014925373134328358
SRX10048390,44,3,PRJNA669824,IPF / Pulmonary Fibrosis,,134,0.022388059701492536
SRX10048390,45,1,PRJNA669824,IPF / Pulmonary Fibrosis,,134,0.007462686567164179
SRX10048390,52,4,PRJNA669824,IPF / Pulmonary Fibrosis,,134,0.029850746268656716
SRX10048390,6,1,PRJNA669824,IPF / Pulmonary Fibrosis,,134,0.007462686567164179
SRX10048390,60,4,PRJNA669824,IPF / Pulmonary Fibrosis,,134,0.029850746268656716
SRX10048390,7,1,PRJNA669824,IPF / Pulmonary Fibrosis,,134,0.007462686567164179
SRX10048390,8,16,PRJNA669824,IPF / Pulmonary Fibrosis,,134,0.11940298507462686
SRX10048390,9,1,PRJNA669824,IPF / Pulmonary Fibrosis,,134,0.007462686567164179
SRX10048391,0,1,PRJNA669824,COVID-19 / SARS-CoV-2,True,239,0.0041841004184100415
SRX10048391,1,3,PRJNA669824,COVID-19 / SARS-CoV-2,True,239,0.012552301255230125
SRX10048391,14,12,PRJNA669824,COVID-19 / SARS-CoV-2,True,239,0.0502092050209205
SRX10048391,17,1,PRJNA669824,COVID-19 / SARS-CoV-2,True,239,0.0041841004184100415
SRX10048391,20,4,PRJNA669824,COVID-19 / SARS-CoV-2,True,239,0.016736401673640166
SRX10048391,24,3,PRJNA669824,COVID-19 / SARS-CoV-2,True,239,0.012552301255230125
SRX10048391,26,7,PRJNA669824,COVID-19 / SARS-CoV-2,True,239,0.029288702928870293
SRX10048391,32,1,PRJNA669824,COVID-19 / SARS-CoV-2,True,239,0.0041841004184100415
SRX10048391,35,1,PRJNA669824,COVID-19 / SARS-CoV-2,True,239,0.0041841004184100415
SRX10048391,36,25,PRJNA669824,COVID-19 / SARS-CoV-2,True,239,0.10460251046025104
SRX10048391,38,11,PRJNA669824,COVID-19 / SARS-CoV-2,True,239,0.04602510460251046
SRX10048391,52,131,PRJNA669824,COVID-19 / SARS-CoV-2,True,239,0.5481171548117155
SRX10048391,59,3,PRJNA669824,COVID-19 / SARS-CoV-2,True,239,0.012552301255230125
SRX10048391,6,2,PRJNA669824,COVID-19 / SARS-CoV-2,True,239,0.008368200836820083
SRX10048391,60,5,PRJNA669824,COVID-19 / SARS-CoV-2,True,239,0.02092050209205021
SRX10048391,7,3,PRJNA669824,COVID-19 / SARS-CoV-2,True,239,0.012552301255230125
SRX10048391,8,17,PRJNA669824,COVID-19 / SARS-CoV-2,True,239,0.07112970711297072
SRX10048391,9,9,PRJNA669824,COVID-19 / SARS-CoV-2,True,239,0.03765690376569038
SRX10048393,1,1,PRJNA669824,COVID-19 / SARS-CoV-2,True,23,0.043478260869565216
SRX10048393,10,1,PRJNA669824,COVID-19 / SARS-CoV-2,True,23,0.043478260869565216
SRX10048393,14,4,PRJNA669824,COVID-19 / SARS-CoV-2,True,23,0.17391304347826086
SRX10048393,20,2,PRJNA669824,COVID-19 / SARS-CoV-2,True,23,0.08695652173913043
SRX10048393,21,1,PRJNA669824,COVID-19 / SARS-CoV-2,True,23,0.043478260869565216
SRX10048393,36,3,PRJNA669824,COVID-19 / SARS-CoV-2,True,23,0.13043478260869565
SRX10048393,38,7,PRJNA669824,COVID-19 / SARS-CoV-2,True,23,0.30434782608695654
SRX10048393,4,1,PRJNA669824,COVID-19 / SARS-CoV-2,True,23,0.043478260869565216
SRX10048393,44,1,PRJNA669824,COVID-19 / SARS-CoV-2,True,23,0.043478260869565216
SRX10048393,60,1,PRJNA669824,COVID-19 / SARS-CoV-2,True,23,0.043478260869565216
SRX10048393,9,1,PRJNA669824,COVID-19 / SARS-CoV-2,True,23,0.043478260869565216
SRX10048395,0,5,PRJNA669824,COVID-19 / SARS-CoV-2,True,91,0.054945054945054944
SRX10048395,1,5,PRJNA669824,COVID-19 / SARS-CoV-2,True,91,0.054945054945054944
SRX10048395,13,1,PRJNA669824,COVID-19 / SARS-CoV-2,True,91,0.01098901098901099
SRX10048395,14,29,PRJNA669824,COVID-19 / SARS-CoV-2,True,91,0.31868131868131866
SRX10048395,20,2,PRJNA669824,COVID-19 / SARS-CoV-2,True,91,0.02197802197802198
SRX10048395,21,2,PRJNA669824,COVID-19 / SARS-CoV-2,True,91,0.02197802197802198
SRX10048395,24,1,PRJNA669824,COVID-19 / SARS-CoV-2,True,91,0.01098901098901099
SRX10048395,26,8,PRJNA669824,COVID-19 / SARS-CoV-2,True,91,0.08791208791208792
SRX10048395,3,1,PRJNA669824,COVID-19 / SARS-CoV-2,True,91,0.01098901098901099
SRX10048395,32,1,PRJNA669824,COVID-19 / SARS-CoV-2,True,91,0.01098901098901099
SRX10048395,35,2,PRJNA669824,COVID-19 / SARS-CoV-2,True,91,0.02197802197802198
SRX10048395,36,17,PRJNA669824,COVID-19 / SARS-CoV-2,True,91,0.18681318681318682
SRX10048395,52,6,PRJNA669824,COVID-19 / SARS-CoV-2,True,91,0.06593406593406594
SRX10048395,59,1,PRJNA669824,COVID-19 / SARS-CoV-2,True,91,0.01098901098901099
SRX10048395,60,2,PRJNA669824,COVID-19 / SARS-CoV-2,True,91,0.02197802197802198
SRX10048395,8,5,PRJNA669824,COVID-19 / SARS-CoV-2,True,91,0.054945054945054944
SRX10048395,9,3,PRJNA669824,COVID-19 / SARS-CoV-2,True,91,0.03296703296703297
SRX10048396,1,2,PRJNA669824,COVID-19 / SARS-CoV-2,True,43,0.046511627906976744
SRX10048396,14,14,PRJNA669824,COVID-19 / SARS-CoV-2,True,43,0.32558139534883723
SRX10048396,34,1,PRJNA669824,COVID-19 / SARS-CoV-2,True,43,0.023255813953488372
SRX10048396,36,14,PRJNA669824,COVID-19 / SARS-CoV-2,True,43,0.32558139534883723
SRX10048396,38,3,PRJNA669824,COVID-19 / SARS-CoV-2,True,43,0.06976744186046512
SRX10048396,4,1,PRJNA669824,COVID-19 / SARS-CoV-2,True,43,0.023255813953488372
SRX10048396,59,2,PRJNA669824,COVID-19 / SARS-CoV-2,True,43,0.046511627906976744
SRX10048396,6,1,PRJNA669824,COVID-19 / SARS-CoV-2,True,43,0.023255813953488372
SRX10048396,9,5,PRJNA669824,COVID-19 / SARS-CoV-2,True,43,0.11627906976744186
SRX10048397,1,2,PRJNA669824,COVID-19 / SARS-CoV-2,True,18,0.1111111111111111
SRX10048397,14,2,PRJNA669824,COVID-19 / SARS-CoV-2,True,18,0.1111111111111111
SRX10048397,21,2,PRJNA669824,COVID-19 / SARS-CoV-2,True,18,0.1111111111111111
SRX10048397,26,1,PRJNA669824,COVID-19 / SARS-CoV-2,True,18,0.05555555555555555
SRX10048397,34,1,PRJNA669824,COVID-19 / SARS-CoV-2,True,18,0.05555555555555555
SRX10048397,36,6,PRJNA669824,COVID-19 / SARS-CoV-2,True,18,0.3333333333333333
SRX10048397,60,2,PRJNA669824,COVID-19 / SARS-CoV-2,True,18,0.1111111111111111
SRX10048397,8,2,PRJNA669824,COVID-19 / SARS-CoV-2,True,18,0.1111111111111111
SRX10075291,1,1,PRJNA701396,Other,False,65,0.015384615384615385
SRX10075291,17,5,PRJNA701396,Other,False,65,0.07692307692307693
SRX10075291,20,9,PRJNA701396,Other,False,65,0.13846153846153847
SRX10075291,21,6,PRJNA701396,Other,False,65,0.09230769230769231
SRX10075291,23,9,PRJNA701396,Other,False,65,0.13846153846153847
SRX10075291,24,1,PRJNA701396,Other,False,65,0.015384615384615385
SRX10075291,31,8,PRJNA701396,Other,False,65,0.12307692307692308
SRX10075291,43,4,PRJNA701396,Other,False,65,0.06153846153846154
SRX10075291,44,2,PRJNA701396,Other,False,65,0.03076923076923077
SRX10075291,45,20,PRJNA701396,Other,False,65,0.3076923076923077
SRX10100445,17,4,PRJNA701930,Other,False,232,0.017241379310344827
SRX10100445,20,18,PRJNA701930,Other,False,232,0.07758620689655173
SRX10100445,21,6,PRJNA701930,Other,False,232,0.02586206896551724
SRX10100445,23,63,PRJNA701930,Other,False,232,0.27155172413793105
SRX10100445,31,57,PRJNA701930,Other,False,232,0.24568965517241378
SRX10100445,43,61,PRJNA701930,Other,False,232,0.2629310344827586
SRX10100445,44,12,PRJNA701930,Other,False,232,0.05172413793103448
SRX10100445,45,10,PRJNA701930,Other,False,232,0.04310344827586207
SRX10100445,52,1,PRJNA701930,Other,False,232,0.004310344827586207
SRX10100446,17,1,PRJNA701930,COVID-19 / SARS-CoV-2,True,97,0.010309278350515464
SRX10100446,20,5,PRJNA701930,COVID-19 / SARS-CoV-2,True,97,0.05154639175257732
SRX10100446,21,6,PRJNA701930,COVID-19 / SARS-CoV-2,True,97,0.061855670103092786
SRX10100446,23,6,PRJNA701930,COVID-19 / SARS-CoV-2,True,97,0.061855670103092786
SRX10100446,31,6,PRJNA701930,COVID-19 / SARS-CoV-2,True,97,0.061855670103092786
SRX10100446,39,1,PRJNA701930,COVID-19 / SARS-CoV-2,True,97,0.010309278350515464
SRX10100446,43,11,PRJNA701930,COVID-19 / SARS-CoV-2,True,97,0.1134020618556701
SRX10100446,44,28,PRJNA701930,COVID-19 / SARS-CoV-2,True,97,0.28865979381443296
SRX10100446,45,29,PRJNA701930,COVID-19 / SARS-CoV-2,True,97,0.29896907216494845
SRX10100446,52,4,PRJNA701930,COVID-19 / SARS-CoV-2,True,97,0.041237113402061855
SRX10100447,17,1,PRJNA701930,COVID-19 / SARS-CoV-2,True,168,0.005952380952380952
SRX10100447,20,12,PRJNA701930,COVID-19 / SARS-CoV-2,True,168,0.07142857142857142
SRX10100447,21,6,PRJNA701930,COVID-19 / SARS-CoV-2,True,168,0.03571428571428571
SRX10100447,23,12,PRJNA701930,COVID-19 / SARS-CoV-2,True,168,0.07142857142857142
SRX10100447,31,20,PRJNA701930,COVID-19 / SARS-CoV-2,True,168,0.11904761904761904
SRX10100447,39,1,PRJNA701930,COVID-19 / SARS-CoV-2,True,168,0.005952380952380952
SRX10100447,43,23,PRJNA701930,COVID-19 / SARS-CoV-2,True,168,0.13690476190476192
SRX10100447,44,45,PRJNA701930,COVID-19 / SARS-CoV-2,True,168,0.26785714285714285
SRX10100447,45,46,PRJNA701930,COVID-19 / SARS-CoV-2,True,168,0.27380952380952384
SRX10100447,52,2,PRJNA701930,COVID-19 / SARS-CoV-2,True,168,0.011904761904761904
SRX10100448,17,5,PRJNA701930,COVID-19 / SARS-CoV-2,True,279,0.017921146953405017
SRX10100448,20,41,PRJNA701930,COVID-19 / SARS-CoV-2,True,279,0.14695340501792115
SRX10100448,21,6,PRJNA701930,COVID-19 / SARS-CoV-2,True,279,0.021505376344086023
SRX10100448,23,8,PRJNA701930,COVID-19 / SARS-CoV-2,True,279,0.02867383512544803
SRX10100448,31,110,PRJNA701930,COVID-19 / SARS-CoV-2,True,279,0.3942652329749104
SRX10100448,39,10,PRJNA701930,COVID-19 / SARS-CoV-2,True,279,0.035842293906810034
SRX10100448,43,41,PRJNA701930,COVID-19 / SARS-CoV-2,True,279,0.14695340501792115
SRX10100448,44,34,PRJNA701930,COVID-19 / SARS-CoV-2,True,279,0.12186379928315412
SRX10100448,45,22,PRJNA701930,COVID-19 / SARS-CoV-2,True,279,0.07885304659498207
SRX10100448,52,2,PRJNA701930,COVID-19 / SARS-CoV-2,True,279,0.007168458781362007
SRX10152685,1,16,PRJNA704098,COPD,True,58,0.27586206896551724
SRX10152685,14,1,PRJNA704098,COPD,True,58,0.017241379310344827
SRX10152685,20,1,PRJNA704098,COPD,True,58,0.017241379310344827
SRX10152685,24,3,PRJNA704098,COPD,True,58,0.05172413793103448
SRX10152685,31,1,PRJNA704098,COPD,True,58,0.017241379310344827
SRX10152685,34,1,PRJNA704098,COPD,True,58,0.017241379310344827
SRX10152685,36,4,PRJNA704098,COPD,True,58,0.06896551724137931
SRX10152685,38,1,PRJNA704098,COPD,True,58,0.017241379310344827
SRX10152685,4,1,PRJNA704098,COPD,True,58,0.017241379310344827
SRX10152685,43,1,PRJNA704098,COPD,True,58,0.017241379310344827
SRX10152685,44,7,PRJNA704098,COPD,True,58,0.1206896551724138
SRX10152685,45,3,PRJNA704098,COPD,True,58,0.05172413793103448
SRX10152685,5,4,PRJNA704098,COPD,True,58,0.06896551724137931
SRX10152685,6,12,PRJNA704098,COPD,True,58,0.20689655172413793
SRX10152685,8,1,PRJNA704098,COPD,True,58,0.017241379310344827
SRX10152685,9,1,PRJNA704098,COPD,True,58,0.017241379310344827
SRX10327363,20,5,PRJNA713903,Other,False,26,0.19230769230769232
SRX10327363,21,1,PRJNA713903,Other,False,26,0.038461538461538464
SRX10327363,23,1,PRJNA713903,Other,False,26,0.038461538461538464
SRX10327363,31,2,PRJNA713903,Other,False,26,0.07692307692307693
SRX10327363,43,3,PRJNA713903,Other,False,26,0.11538461538461539
SRX10327363,44,14,PRJNA713903,Other,False,26,0.5384615384615384
SRX10327367,17,1,PRJNA713903,Other,False,65,0.015384615384615385
SRX10327367,20,8,PRJNA713903,Other,False,65,0.12307692307692308
SRX10327367,21,2,PRJNA713903,Other,False,65,0.03076923076923077
SRX10327367,23,6,PRJNA713903,Other,False,65,0.09230769230769231
SRX10327367,31,24,PRJNA713903,Other,False,65,0.36923076923076925
SRX10327367,39,1,PRJNA713903,Other,False,65,0.015384615384615385
SRX10327367,43,2,PRJNA713903,Other,False,65,0.03076923076923077
SRX10327367,44,13,PRJNA713903,Other,False,65,0.2
SRX10327367,45,8,PRJNA713903,Other,False,65,0.12307692307692308
SRX10327369,17,1,PRJNA713903,Other,False,41,0.024390243902439025
SRX10327369,20,19,PRJNA713903,Other,False,41,0.4634146341463415
SRX10327369,21,2,PRJNA713903,Other,False,41,0.04878048780487805
SRX10327369,31,4,PRJNA713903,Other,False,41,0.0975609756097561
SRX10327369,43,7,PRJNA713903,Other,False,41,0.17073170731707318
SRX10327369,44,7,PRJNA713903,Other,False,41,0.17073170731707318
SRX10327369,45,1,PRJNA713903,Other,False,41,0.024390243902439025
SRX10335835,1,29,PRJNA714138,Lung Cancer,True,70,0.4142857142857143
SRX10335835,21,22,PRJNA714138,Lung Cancer,True,70,0.3142857142857143
SRX10335835,31,2,PRJNA714138,Lung Cancer,True,70,0.02857142857142857
SRX10335835,4,3,PRJNA714138,Lung Cancer,True,70,0.04285714285714286
SRX10335835,5,12,PRJNA714138,Lung Cancer,True,70,0.17142857142857143
SRX10335835,52,1,PRJNA714138,Lung Cancer,True,70,0.014285714285714285
SRX10335835,6,1,PRJNA714138,Lung Cancer,True,70,0.014285714285714285
SRX10425170,1,1,PRJNA716656,Pulmonary Hypertension,True,45,0.022222222222222223
SRX10425170,13,3,PRJNA716656,Pulmonary Hypertension,True,45,0.06666666666666667
SRX10425170,14,2,PRJNA716656,Pulmonary Hypertension,True,45,0.044444444444444446
SRX10425170,24,1,PRJNA716656,Pulmonary Hypertension,True,45,0.022222222222222223
SRX10425170,26,8,PRJNA716656,Pulmonary Hypertension,True,45,0.17777777777777778
SRX10425170,36,12,PRJNA716656,Pulmonary Hypertension,True,45,0.26666666666666666
SRX10425170,5,1,PRJNA716656,Pulmonary Hypertension,True,45,0.022222222222222223
SRX10425170,60,3,PRJNA716656,Pulmonary Hypertension,True,45,0.06666666666666667
SRX10425170,8,5,PRJNA716656,Pulmonary Hypertension,True,45,0.1111111111111111
SRX10425170,9,9,PRJNA716656,Pulmonary Hypertension,True,45,0.2
SRX11143428,14,10,PRJNA634136,Lung Cancer,True,265,0.03773584905660377
SRX11143428,17,116,PRJNA634136,Lung Cancer,True,265,0.4377358490566038
SRX11143428,20,6,PRJNA634136,Lung Cancer,True,265,0.022641509433962263
SRX11143428,21,85,PRJNA634136,Lung Cancer,True,265,0.32075471698113206
SRX11143428,23,4,PRJNA634136,Lung Cancer,True,265,0.01509433962264151
SRX11143428,31,14,PRJNA634136,Lung Cancer,True,265,0.052830188679245285
SRX11143428,45,1,PRJNA634136,Lung Cancer,True,265,0.0037735849056603774
SRX11143428,52,27,PRJNA634136,Lung Cancer,True,265,0.1018867924528302
SRX11143428,65,2,PRJNA634136,Lung Cancer,True,265,0.007547169811320755
SRX11438984,1,2,PRJNA746455,COVID-19 / SARS-CoV-2,True,36,0.05555555555555555
SRX11438984,13,2,PRJNA746455,COVID-19 / SARS-CoV-2,True,36,0.05555555555555555
SRX11438984,14,6,PRJNA746455,COVID-19 / SARS-CoV-2,True,36,0.16666666666666666
SRX11438984,20,3,PRJNA746455,COVID-19 / SARS-CoV-2,True,36,0.08333333333333333
SRX11438984,21,8,PRJNA746455,COVID-19 / SARS-CoV-2,True,36,0.2222222222222222
SRX11438984,31,1,PRJNA746455,COVID-19 / SARS-CoV-2,True,36,0.027777777777777776
SRX11438984,36,1,PRJNA746455,COVID-19 / SARS-CoV-2,True,36,0.027777777777777776
SRX11438984,38,1,PRJNA746455,COVID-19 / SARS-CoV-2,True,36,0.027777777777777776
SRX11438984,43,1,PRJNA746455,COVID-19 / SARS-CoV-2,True,36,0.027777777777777776
SRX11438984,44,1,PRJNA746455,COVID-19 / SARS-CoV-2,True,36,0.027777777777777776
SRX11438984,5,1,PRJNA746455,COVID-19 / SARS-CoV-2,True,36,0.027777777777777776
SRX11438984,52,1,PRJNA746455,COVID-19 / SARS-CoV-2,True,36,0.027777777777777776
SRX11438984,60,2,PRJNA746455,COVID-19 / SARS-CoV-2,True,36,0.05555555555555555
SRX11438984,8,6,PRJNA746455,COVID-19 / SARS-CoV-2,True,36,0.16666666666666666
SRX11438985,14,7,PRJNA746455,COVID-19 / SARS-CoV-2,,41,0.17073170731707318
SRX11438985,20,3,PRJNA746455,COVID-19 / SARS-CoV-2,,41,0.07317073170731707
SRX11438985,21,17,PRJNA746455,COVID-19 / SARS-CoV-2,,41,0.4146341463414634
SRX11438985,36,6,PRJNA746455,COVID-19 / SARS-CoV-2,,41,0.14634146341463414
SRX11438985,38,1,PRJNA746455,COVID-19 / SARS-CoV-2,,41,0.024390243902439025
SRX11438985,43,1,PRJNA746455,COVID-19 / SARS-CoV-2,,41,0.024390243902439025
SRX11438985,44,1,PRJNA746455,COVID-19 / SARS-CoV-2,,41,0.024390243902439025
SRX11438985,52,1,PRJNA746455,COVID-19 / SARS-CoV-2,,41,0.024390243902439025
SRX11438985,60,2,PRJNA746455,COVID-19 / SARS-CoV-2,,41,0.04878048780487805
SRX11438985,8,1,PRJNA746455,COVID-19 / SARS-CoV-2,,41,0.024390243902439025
SRX11438985,9,1,PRJNA746455,COVID-19 / SARS-CoV-2,,41,0.024390243902439025
SRX11438986,21,2,PRJNA746455,Other,False,4,0.5
SRX11438986,36,2,PRJNA746455,Other,False,4,0.5
SRX11438987,1,2,PRJNA746455,COVID-19 / SARS-CoV-2,True,10,0.2
SRX11438987,21,3,PRJNA746455,COVID-19 / SARS-CoV-2,True,10,0.3
SRX11438987,36,1,PRJNA746455,COVID-19 / SARS-CoV-2,True,10,0.1
SRX11438987,4,1,PRJNA746455,COVID-19 / SARS-CoV-2,True,10,0.1
SRX11438987,44,1,PRJNA746455,COVID-19 / SARS-CoV-2,True,10,0.1
SRX11438987,5,1,PRJNA746455,COVID-19 / SARS-CoV-2,True,10,0.1
SRX11438987,9,1,PRJNA746455,COVID-19 / SARS-CoV-2,True,10,0.1
SRX11438988,1,15,PRJNA746455,Other,False,39,0.38461538461538464
SRX11438988,14,1,PRJNA746455,Other,False,39,0.02564102564102564
SRX11438988,20,2,PRJNA746455,Other,False,39,0.05128205128205128
SRX11438988,21,2,PRJNA746455,Other,False,39,0.05128205128205128
SRX11438988,31,1,PRJNA746455,Other,False,39,0.02564102564102564
SRX11438988,36,2,PRJNA746455,Other,False,39,0.05128205128205128
SRX11438988,4,2,PRJNA746455,Other,False,39,0.05128205128205128
SRX11438988,43,1,PRJNA746455,Other,False,39,0.02564102564102564
SRX11438988,45,1,PRJNA746455,Other,False,39,0.02564102564102564
SRX11438988,5,9,PRJNA746455,Other,False,39,0.23076923076923078
SRX11438988,60,1,PRJNA746455,Other,False,39,0.02564102564102564
SRX11438988,8,2,PRJNA746455,Other,False,39,0.05128205128205128
SRX11438989,1,13,PRJNA746455,COVID-19 / SARS-CoV-2,True,30,0.43333333333333335
SRX11438989,14,3,PRJNA746455,COVID-19 / SARS-CoV-2,True,30,0.1
SRX11438989,3,1,PRJNA746455,COVID-19 / SARS-CoV-2,True,30,0.03333333333333333
SRX11438989,36,7,PRJNA746455,COVID-19 / SARS-CoV-2,True,30,0.23333333333333334
SRX11438989,4,1,PRJNA746455,COVID-19 / SARS-CoV-2,True,30,0.03333333333333333
SRX11438989,44,1,PRJNA746455,COVID-19 / SARS-CoV-2,True,30,0.03333333333333333
SRX11438989,5,1,PRJNA746455,COVID-19 / SARS-CoV-2,True,30,0.03333333333333333
SRX11438989,6,1,PRJNA746455,COVID-19 / SARS-CoV-2,True,30,0.03333333333333333
SRX11438989,60,1,PRJNA746455,COVID-19 / SARS-CoV-2,True,30,0.03333333333333333
SRX11438989,8,1,PRJNA746455,COVID-19 / SARS-CoV-2,True,30,0.03333333333333333
SRX11438990,1,7,PRJNA746455,COVID-19 / SARS-CoV-2,True,37,0.1891891891891892
SRX11438990,14,1,PRJNA746455,COVID-19 / SARS-CoV-2,True,37,0.02702702702702703
SRX11438990,24,2,PRJNA746455,COVID-19 / SARS-CoV-2,True,37,0.05405405405405406
SRX11438990,26,6,PRJNA746455,COVID-19 / SARS-CoV-2,True,37,0.16216216216216217
SRX11438990,3,1,PRJNA746455,COVID-19 / SARS-CoV-2,True,37,0.02702702702702703
SRX11438990,4,4,PRJNA746455,COVID-19 / SARS-CoV-2,True,37,0.10810810810810811
SRX11438990,5,7,PRJNA746455,COVID-19 / SARS-CoV-2,True,37,0.1891891891891892
SRX11438990,6,2,PRJNA746455,COVID-19 / SARS-CoV-2,True,37,0.05405405405405406
SRX11438990,60,1,PRJNA746455,COVID-19 / SARS-CoV-2,True,37,0.02702702702702703
SRX11438990,9,6,PRJNA746455,COVID-19 / SARS-CoV-2,True,37,0.16216216216216217
SRX11438991,1,3,PRJNA746455,COVID-19 / SARS-CoV-2,True,37,0.08108108108108109
SRX11438991,14,3,PRJNA746455,COVID-19 / SARS-CoV-2,True,37,0.08108108108108109
SRX11438991,20,3,PRJNA746455,COVID-19 / SARS-CoV-2,True,37,0.08108108108108109
SRX11438991,21,1,PRJNA746455,COVID-19 / SARS-CoV-2,True,37,0.02702702702702703
SRX11438991,24,2,PRJNA746455,COVID-19 / SARS-CoV-2,True,37,0.05405405405405406
SRX11438991,26,2,PRJNA746455,COVID-19 / SARS-CoV-2,True,37,0.05405405405405406
SRX11438991,34,2,PRJNA746455,COVID-19 / SARS-CoV-2,True,37,0.05405405405405406
SRX11438991,36,2,PRJNA746455,COVID-19 / SARS-CoV-2,True,37,0.05405405405405406
SRX11438991,39,1,PRJNA746455,COVID-19 / SARS-CoV-2,True,37,0.02702702702702703
SRX11438991,4,6,PRJNA746455,COVID-19 / SARS-CoV-2,True,37,0.16216216216216217
SRX11438991,43,1,PRJNA746455,COVID-19 / SARS-CoV-2,True,37,0.02702702702702703
SRX11438991,44,2,PRJNA746455,COVID-19 / SARS-CoV-2,True,37,0.05405405405405406
SRX11438991,45,1,PRJNA746455,COVID-19 / SARS-CoV-2,True,37,0.02702702702702703
SRX11438991,60,5,PRJNA746455,COVID-19 / SARS-CoV-2,True,37,0.13513513513513514
SRX11438991,8,2,PRJNA746455,COVID-19 / SARS-CoV-2,True,37,0.05405405405405406
SRX11438991,9,1,PRJNA746455,COVID-19 / SARS-CoV-2,True,37,0.02702702702702703
SRX11438992,1,9,PRJNA746455,COVID-19 / SARS-CoV-2,True,21,0.42857142857142855
SRX11438992,24,2,PRJNA746455,COVID-19 / SARS-CoV-2,True,21,0.09523809523809523
SRX11438992,26,1,PRJNA746455,COVID-19 / SARS-CoV-2,True,21,0.047619047619047616
SRX11438992,31,1,PRJNA746455,COVID-19 / SARS-CoV-2,True,21,0.047619047619047616
SRX11438992,34,1,PRJNA746455,COVID-19 / SARS-CoV-2,True,21,0.047619047619047616
SRX11438992,36,2,PRJNA746455,COVID-19 / SARS-CoV-2,True,21,0.09523809523809523
SRX11438992,4,2,PRJNA746455,COVID-19 / SARS-CoV-2,True,21,0.09523809523809523
SRX11438992,5,2,PRJNA746455,COVID-19 / SARS-CoV-2,True,21,0.09523809523809523
SRX11438992,8,1,PRJNA746455,COVID-19 / SARS-CoV-2,True,21,0.047619047619047616
SRX11438994,52,1,PRJNA746455,COVID-19 / SARS-CoV-2,True,1,1.0
SRX11987892,14,5,PRJNA759630,Lung Cancer,True,18,0.2777777777777778
SRX11987892,36,9,PRJNA759630,Lung Cancer,True,18,0.5
SRX11987892,4,1,PRJNA759630,Lung Cancer,True,18,0.05555555555555555
SRX11987892,6,1,PRJNA759630,Lung Cancer,True,18,0.05555555555555555
SRX11987892,60,2,PRJNA759630,Lung Cancer,True,18,0.1111111111111111
SRX11987893,14,2,PRJNA759630,Lung Cancer,False,4,0.5
SRX11987893,36,2,PRJNA759630,Lung Cancer,False,4,0.5
SRX11987894,0,1,PRJNA759630,Lung Cancer,True,1,1.0
SRX11987895,0,11,PRJNA759630,Lung Cancer,False,41,0.2682926829268293
SRX11987895,1,1,PRJNA759630,Lung Cancer,False,41,0.024390243902439025
SRX11987895,14,4,PRJNA759630,Lung Cancer,False,41,0.0975609756097561
SRX11987895,20,1,PRJNA759630,Lung Cancer,False,41,0.024390243902439025
SRX11987895,21,1,PRJNA759630,Lung Cancer,False,41,0.024390243902439025
SRX11987895,31,1,PRJNA759630,Lung Cancer,False,41,0.024390243902439025
SRX11987895,32,3,PRJNA759630,Lung Cancer,False,41,0.07317073170731707
SRX11987895,34,1,PRJNA759630,Lung Cancer,False,41,0.024390243902439025
SRX11987895,36,10,PRJNA759630,Lung Cancer,False,41,0.24390243902439024
SRX11987895,38,1,PRJNA759630,Lung Cancer,False,41,0.024390243902439025
SRX11987895,5,1,PRJNA759630,Lung Cancer,False,41,0.024390243902439025
SRX11987895,59,3,PRJNA759630,Lung Cancer,False,41,0.07317073170731707
SRX11987895,6,2,PRJNA759630,Lung Cancer,False,41,0.04878048780487805
SRX11987895,60,1,PRJNA759630,Lung Cancer,False,41,0.024390243902439025
SRX11987896,0,3,PRJNA759630,Lung Cancer,True,23,0.13043478260869565
SRX11987896,14,9,PRJNA759630,Lung Cancer,True,23,0.391304347826087
SRX11987896,36,9,PRJNA759630,Lung Cancer,True,23,0.391304347826087
SRX11987896,38,1,PRJNA759630,Lung Cancer,True,23,0.043478260869565216
SRX11987896,59,1,PRJNA759630,Lung Cancer,True,23,0.043478260869565216
SRX11987897,14,5,PRJNA759630,Lung Cancer,False,33,0.15151515151515152
SRX11987897,36,24,PRJNA759630,Lung Cancer,False,33,0.7272727272727273
SRX11987897,60,4,PRJNA759630,Lung Cancer,False,33,0.12121212121212122
SRX11987898,13,1,PRJNA759630,Lung Cancer,True,39,0.02564102564102564
SRX11987898,14,12,PRJNA759630,Lung Cancer,True,39,0.3076923076923077
SRX11987898,17,5,PRJNA759630,Lung Cancer,True,39,0.1282051282051282
SRX11987898,21,1,PRJNA759630,Lung Cancer,True,39,0.02564102564102564
SRX11987898,23,1,PRJNA759630,Lung Cancer,True,39,0.02564102564102564
SRX11987898,31,9,PRJNA759630,Lung Cancer,True,39,0.23076923076923078
SRX11987898,4,4,PRJNA759630,Lung Cancer,True,39,0.10256410256410256
SRX11987898,5,3,PRJNA759630,Lung Cancer,True,39,0.07692307692307693
SRX11987898,60,3,PRJNA759630,Lung Cancer,True,39,0.07692307692307693
SRX11987899,36,28,PRJNA759630,Lung Cancer,False,28,1.0
SRX11987900,36,16,PRJNA759630,Lung Cancer,True,16,1.0
SRX11987901,0,1,PRJNA759630,Other,False,19,0.05263157894736842
SRX11987901,14,1,PRJNA759630,Other,False,19,0.05263157894736842
SRX11987901,20,1,PRJNA759630,Other,False,19,0.05263157894736842
SRX11987901,36,16,PRJNA759630,Other,False,19,0.8421052631578947
SRX11987902,0,3,PRJNA759630,Lung Cancer,True,18,0.16666666666666666
SRX11987902,36,11,PRJNA759630,Lung Cancer,True,18,0.6111111111111112
SRX11987902,6,1,PRJNA759630,Lung Cancer,True,18,0.05555555555555555
SRX11987902,60,3,PRJNA759630,Lung Cancer,True,18,0.16666666666666666
SRX11987903,24,1,PRJNA759630,Lung Cancer,True,33,0.030303030303030304
SRX11987903,36,16,PRJNA759630,Lung Cancer,True,33,0.48484848484848486
SRX11987903,4,5,PRJNA759630,Lung Cancer,True,33,0.15151515151515152
SRX11987903,5,1,PRJNA759630,Lung Cancer,True,33,0.030303030303030304
SRX11987903,60,10,PRJNA759630,Lung Cancer,True,33,0.30303030303030304
SRX11987904,0,11,PRJNA759630,Lung Cancer,True,31,0.3548387096774194
SRX11987904,1,2,PRJNA759630,Lung Cancer,True,31,0.06451612903225806
SRX11987904,13,1,PRJNA759630,Lung Cancer,True,31,0.03225806451612903
SRX11987904,14,2,PRJNA759630,Lung Cancer,True,31,0.06451612903225806
SRX11987904,36,2,PRJNA759630,Lung Cancer,True,31,0.06451612903225806
SRX11987904,4,2,PRJNA759630,Lung Cancer,True,31,0.06451612903225806
SRX11987904,5,1,PRJNA759630,Lung Cancer,True,31,0.03225806451612903
SRX11987904,6,1,PRJNA759630,Lung Cancer,True,31,0.03225806451612903
SRX11987904,60,9,PRJNA759630,Lung Cancer,True,31,0.2903225806451613
SRX11987905,0,2,PRJNA759630,Lung Cancer,False,22,0.09090909090909091
SRX11987905,14,1,PRJNA759630,Lung Cancer,False,22,0.045454545454545456
SRX11987905,24,3,PRJNA759630,Lung Cancer,False,22,0.13636363636363635
SRX11987905,36,6,PRJNA759630,Lung Cancer,False,22,0.2727272727272727
SRX11987905,6,1,PRJNA759630,Lung Cancer,False,22,0.045454545454545456
SRX11987905,60,9,PRJNA759630,Lung Cancer,False,22,0.4090909090909091
SRX11987906,0,12,PRJNA759630,Lung Cancer,True,37,0.32432432432432434
SRX11987906,1,2,PRJNA759630,Lung Cancer,True,37,0.05405405405405406
SRX11987906,21,2,PRJNA759630,Lung Cancer,True,37,0.05405405405405406
SRX11987906,36,8,PRJNA759630,Lung Cancer,True,37,0.21621621621621623
SRX11987906,4,2,PRJNA759630,Lung Cancer,True,37,0.05405405405405406
SRX11987906,59,3,PRJNA759630,Lung Cancer,True,37,0.08108108108108109
SRX11987906,6,5,PRJNA759630,Lung Cancer,True,37,0.13513513513513514
SRX11987906,60,3,PRJNA759630,Lung Cancer,True,37,0.08108108108108109
SRX11987907,0,1,PRJNA759630,Lung Cancer,False,16,0.0625
SRX11987907,36,13,PRJNA759630,Lung Cancer,False,16,0.8125
SRX11987907,60,2,PRJNA759630,Lung Cancer,False,16,0.125
SRX11987908,0,3,PRJNA759630,Lung Cancer,True,28,0.10714285714285714
SRX11987908,13,1,PRJNA759630,Lung Cancer,True,28,0.03571428571428571
SRX11987908,14,3,PRJNA759630,Lung Cancer,True,28,0.10714285714285714
SRX11987908,21,3,PRJNA759630,Lung Cancer,True,28,0.10714285714285714
SRX11987908,36,7,PRJNA759630,Lung Cancer,True,28,0.25
SRX11987908,4,1,PRJNA759630,Lung Cancer,True,28,0.03571428571428571
SRX11987908,52,1,PRJNA759630,Lung Cancer,True,28,0.03571428571428571
SRX11987908,59,1,PRJNA759630,Lung Cancer,True,28,0.03571428571428571
SRX11987908,60,8,PRJNA759630,Lung Cancer,True,28,0.2857142857142857
SRX11987909,0,1,PRJNA759630,Lung Cancer,True,30,0.03333333333333333
SRX11987909,14,16,PRJNA759630,Lung Cancer,True,30,0.5333333333333333
SRX11987909,31,5,PRJNA759630,Lung Cancer,True,30,0.16666666666666666
SRX11987909,36,2,PRJNA759630,Lung Cancer,True,30,0.06666666666666667
SRX11987909,59,4,PRJNA759630,Lung Cancer,True,30,0.13333333333333333
SRX11987909,60,2,PRJNA759630,Lung Cancer,True,30,0.06666666666666667
SRX11987910,14,4,PRJNA759630,Lung Cancer,False,13,0.3076923076923077
SRX11987910,36,6,PRJNA759630,Lung Cancer,False,13,0.46153846153846156
SRX11987910,60,2,PRJNA759630,Lung Cancer,False,13,0.15384615384615385
SRX11987910,8,1,PRJNA759630,Lung Cancer,False,13,0.07692307692307693
SRX11987911,14,2,PRJNA759630,Other,False,17,0.11764705882352941
SRX11987911,36,14,PRJNA759630,Other,False,17,0.8235294117647058
SRX11987911,59,1,PRJNA759630,Other,False,17,0.058823529411764705
SRX11987912,0,1,PRJNA759630,Lung Cancer,True,18,0.05555555555555555
SRX11987912,1,1,PRJNA759630,Lung Cancer,True,18,0.05555555555555555
SRX11987912,14,2,PRJNA759630,Lung Cancer,True,18,0.1111111111111111
SRX11987912,20,1,PRJNA759630,Lung Cancer,True,18,0.05555555555555555
SRX11987912,21,1,PRJNA759630,Lung Cancer,True,18,0.05555555555555555
SRX11987912,36,2,PRJNA759630,Lung Cancer,True,18,0.1111111111111111
SRX11987912,4,5,PRJNA759630,Lung Cancer,True,18,0.2777777777777778
SRX11987912,5,4,PRJNA759630,Lung Cancer,True,18,0.2222222222222222
SRX11987912,59,1,PRJNA759630,Lung Cancer,True,18,0.05555555555555555
SRX11987915,0,1,PRJNA759630,Lung Cancer,True,39,0.02564102564102564
SRX11987915,14,3,PRJNA759630,Lung Cancer,True,39,0.07692307692307693
SRX11987915,31,1,PRJNA759630,Lung Cancer,True,39,0.02564102564102564
SRX11987915,36,25,PRJNA759630,Lung Cancer,True,39,0.6410256410256411
SRX11987915,4,1,PRJNA759630,Lung Cancer,True,39,0.02564102564102564
SRX11987915,59,3,PRJNA759630,Lung Cancer,True,39,0.07692307692307693
SRX11987915,6,1,PRJNA759630,Lung Cancer,True,39,0.02564102564102564
SRX11987915,60,4,PRJNA759630,Lung Cancer,True,39,0.10256410256410256
SRX11987916,14,3,PRJNA759630,Lung Cancer,False,11,0.2727272727272727
SRX11987916,36,5,PRJNA759630,Lung Cancer,False,11,0.45454545454545453
SRX11987916,60,3,PRJNA759630,Lung Cancer,False,11,0.2727272727272727
SRX11987918,36,6,PRJNA759630,Lung Cancer,False,7,0.8571428571428571
SRX11987918,6,1,PRJNA759630,Lung Cancer,False,7,0.14285714285714285
SRX12150516,1,3,PRJNA762558,COPD,True,48,0.0625
SRX12150516,24,3,PRJNA762558,COPD,True,48,0.0625
SRX12150516,26,8,PRJNA762558,COPD,True,48,0.16666666666666666
SRX12150516,34,2,PRJNA762558,COPD,True,48,0.041666666666666664
SRX12150516,5,1,PRJNA762558,COPD,True,48,0.020833333333333332
SRX12150516,9,31,PRJNA762558,COPD,True,48,0.6458333333333334
SRX12150517,21,1,PRJNA762558,COPD,True,25,0.04
SRX12150517,24,2,PRJNA762558,COPD,True,25,0.08
SRX12150517,26,8,PRJNA762558,COPD,True,25,0.32
SRX12150517,34,4,PRJNA762558,COPD,True,25,0.16
SRX12150517,9,10,PRJNA762558,COPD,True,25,0.4
SRX12457896,17,1,PRJNA768255,Other,False,34,0.029411764705882353
SRX12457896,20,1,PRJNA768255,Other,False,34,0.029411764705882353
SRX12457896,23,10,PRJNA768255,Other,False,34,0.29411764705882354
SRX12457896,31,10,PRJNA768255,Other,False,34,0.29411764705882354
SRX12457896,39,4,PRJNA768255,Other,False,34,0.11764705882352941
SRX12457896,43,1,PRJNA768255,Other,False,34,0.029411764705882353
SRX12457896,44,6,PRJNA768255,Other,False,34,0.17647058823529413
SRX12457896,45,1,PRJNA768255,Other,False,34,0.029411764705882353
SRX12457898,17,4,PRJNA768255,Other,False,24,0.16666666666666666
SRX12457898,21,1,PRJNA768255,Other,False,24,0.041666666666666664
SRX12457898,23,3,PRJNA768255,Other,False,24,0.125
SRX12457898,31,13,PRJNA768255,Other,False,24,0.5416666666666666
SRX12457898,43,1,PRJNA768255,Other,False,24,0.041666666666666664
SRX12457898,44,1,PRJNA768255,Other,False,24,0.041666666666666664
SRX12457898,45,1,PRJNA768255,Other,False,24,0.041666666666666664
SRX12457899,17,3,PRJNA768255,Other,False,38,0.07894736842105263
SRX12457899,20,5,PRJNA768255,Other,False,38,0.13157894736842105
SRX12457899,21,1,PRJNA768255,Other,False,38,0.02631578947368421
SRX12457899,23,3,PRJNA768255,Other,False,38,0.07894736842105263
SRX12457899,31,20,PRJNA768255,Other,False,38,0.5263157894736842
SRX12457899,43,3,PRJNA768255,Other,False,38,0.07894736842105263
SRX12457899,45,3,PRJNA768255,Other,False,38,0.07894736842105263
SRX12457900,17,4,PRJNA768255,Other,False,22,0.18181818181818182
SRX12457900,20,2,PRJNA768255,Other,False,22,0.09090909090909091
SRX12457900,23,3,PRJNA768255,Other,False,22,0.13636363636363635
SRX12457900,31,8,PRJNA768255,Other,False,22,0.36363636363636365
SRX12457900,44,1,PRJNA768255,Other,False,22,0.045454545454545456
SRX12457900,45,4,PRJNA768255,Other,False,22,0.18181818181818182
SRX12457901,17,1,PRJNA768255,Other,False,33,0.030303030303030304
SRX12457901,20,7,PRJNA768255,Other,False,33,0.21212121212121213
SRX12457901,31,10,PRJNA768255,Other,False,33,0.30303030303030304
SRX12457901,39,2,PRJNA768255,Other,False,33,0.06060606060606061
SRX12457901,43,1,PRJNA768255,Other,False,33,0.030303030303030304
SRX12457901,44,6,PRJNA768255,Other,False,33,0.18181818181818182
SRX12457901,45,4,PRJNA768255,Other,False,33,0.12121212121212122
SRX12457901,52,2,PRJNA768255,Other,False,33,0.06060606060606061
SRX12457902,17,1,PRJNA768255,Other,False,65,0.015384615384615385
SRX12457902,20,7,PRJNA768255,Other,False,65,0.1076923076923077
SRX12457902,21,1,PRJNA768255,Other,False,65,0.015384615384615385
SRX12457902,23,6,PRJNA768255,Other,False,65,0.09230769230769231
SRX12457902,31,22,PRJNA768255,Other,False,65,0.3384615384615385
SRX12457902,39,6,PRJNA768255,Other,False,65,0.09230769230769231
SRX12457902,43,1,PRJNA768255,Other,False,65,0.015384615384615385
SRX12457902,44,7,PRJNA768255,Other,False,65,0.1076923076923077
SRX12457902,45,13,PRJNA768255,Other,False,65,0.2
SRX12457902,52,1,PRJNA768255,Other,False,65,0.015384615384615385
SRX12457903,17,1,PRJNA768255,Other,False,25,0.04
SRX12457903,20,4,PRJNA768255,Other,False,25,0.16
SRX12457903,23,3,PRJNA768255,Other,False,25,0.12
SRX12457903,31,6,PRJNA768255,Other,False,25,0.24
SRX12457903,39,6,PRJNA768255,Other,False,25,0.24
SRX12457903,43,1,PRJNA768255,Other,False,25,0.04
SRX12457903,44,1,PRJNA768255,Other,False,25,0.04
SRX12457903,45,2,PRJNA768255,Other,False,25,0.08
SRX12457903,52,1,PRJNA768255,Other,False,25,0.04
SRX12457904,20,6,PRJNA768255,Other,False,13,0.46153846153846156
SRX12457904,31,3,PRJNA768255,Other,False,13,0.23076923076923078
SRX12457904,43,1,PRJNA768255,Other,False,13,0.07692307692307693
SRX12457904,44,1,PRJNA768255,Other,False,13,0.07692307692307693
SRX12457904,45,2,PRJNA768255,Other,False,13,0.15384615384615385
SRX12457905,17,1,PRJNA768255,Other,False,32,0.03125
SRX12457905,20,19,PRJNA768255,Other,False,32,0.59375
SRX12457905,21,1,PRJNA768255,Other,False,32,0.03125
SRX12457905,23,1,PRJNA768255,Other,False,32,0.03125
SRX12457905,31,6,PRJNA768255,Other,False,32,0.1875
SRX12457905,45,3,PRJNA768255,Other,False,32,0.09375
SRX12457905,52,1,PRJNA768255,Other,False,32,0.03125
SRX12509392,14,12,PRJNA769143,Other,False,102,0.11764705882352941
SRX12509392,17,18,PRJNA769143,Other,False,102,0.17647058823529413
SRX12509392,21,4,PRJNA769143,Other,False,102,0.0392156862745098
SRX12509392,36,42,PRJNA769143,Other,False,102,0.4117647058823529
SRX12509392,52,4,PRJNA769143,Other,False,102,0.0392156862745098
SRX12509392,59,22,PRJNA769143,Other,False,102,0.21568627450980393
SRX12509393,14,14,PRJNA769143,Other,False,110,0.12727272727272726
SRX12509393,17,10,PRJNA769143,Other,False,110,0.09090909090909091
SRX12509393,21,1,PRJNA769143,Other,False,110,0.00909090909090909
SRX12509393,36,75,PRJNA769143,Other,False,110,0.6818181818181818
SRX12509393,59,9,PRJNA769143,Other,False,110,0.08181818181818182
SRX12509393,60,1,PRJNA769143,Other,False,110,0.00909090909090909
SRX12509394,14,19,PRJNA769143,Pulmonary Hypertension,False,170,0.11176470588235295
SRX12509394,17,35,PRJNA769143,Pulmonary Hypertension,False,170,0.20588235294117646
SRX12509394,21,24,PRJNA769143,Pulmonary Hypertension,False,170,0.1411764705882353
SRX12509394,31,11,PRJNA769143,Pulmonary Hypertension,False,170,0.06470588235294118
SRX12509394,36,74,PRJNA769143,Pulmonary Hypertension,False,170,0.43529411764705883
SRX12509394,52,6,PRJNA769143,Pulmonary Hypertension,False,170,0.03529411764705882
SRX12509394,60,1,PRJNA769143,Pulmonary Hypertension,False,170,0.0058823529411764705
SRX12509395,14,8,PRJNA769143,Pulmonary Hypertension,True,89,0.0898876404494382
SRX12509395,17,16,PRJNA769143,Pulmonary Hypertension,True,89,0.1797752808988764
SRX12509395,21,3,PRJNA769143,Pulmonary Hypertension,True,89,0.033707865168539325
SRX12509395,36,35,PRJNA769143,Pulmonary Hypertension,True,89,0.39325842696629215
SRX12509395,52,11,PRJNA769143,Pulmonary Hypertension,True,89,0.12359550561797752
SRX12509395,59,16,PRJNA769143,Pulmonary Hypertension,True,89,0.1797752808988764
SRX12509396,14,27,PRJNA769143,Pulmonary Hypertension,True,156,0.17307692307692307
SRX12509396,17,33,PRJNA769143,Pulmonary Hypertension,True,156,0.21153846153846154
SRX12509396,21,17,PRJNA769143,Pulmonary Hypertension,True,156,0.10897435897435898
SRX12509396,31,14,PRJNA769143,Pulmonary Hypertension,True,156,0.08974358974358974
SRX12509396,36,59,PRJNA769143,Pulmonary Hypertension,True,156,0.3782051282051282
SRX12509396,52,5,PRJNA769143,Pulmonary Hypertension,True,156,0.03205128205128205
SRX12509396,59,1,PRJNA769143,Pulmonary Hypertension,True,156,0.00641025641025641
SRX12509397,14,6,PRJNA769143,Pulmonary Hypertension,True,143,0.04195804195804196
SRX12509397,17,21,PRJNA769143,Pulmonary Hypertension,True,143,0.14685314685314685
SRX12509397,21,2,PRJNA769143,Pulmonary Hypertension,True,143,0.013986013986013986
SRX12509397,31,6,PRJNA769143,Pulmonary Hypertension,True,143,0.04195804195804196
SRX12509397,36,101,PRJNA769143,Pulmonary Hypertension,True,143,0.7062937062937062
SRX12509397,59,4,PRJNA769143,Pulmonary Hypertension,True,143,0.027972027972027972
SRX12509397,60,3,PRJNA769143,Pulmonary Hypertension,True,143,0.02097902097902098
SRX12708356,26,1,PRJNA773094,COVID-19 / SARS-CoV-2,True,7,0.14285714285714285
SRX12708356,34,3,PRJNA773094,COVID-19 / SARS-CoV-2,True,7,0.42857142857142855
SRX12708356,9,3,PRJNA773094,COVID-19 / SARS-CoV-2,True,7,0.42857142857142855
SRX12708362,1,1,PRJNA773094,COVID-19 / SARS-CoV-2,True,6,0.16666666666666666
SRX12708362,26,1,PRJNA773094,COVID-19 / SARS-CoV-2,True,6,0.16666666666666666
SRX12708362,34,4,PRJNA773094,COVID-19 / SARS-CoV-2,True,6,0.6666666666666666
SRX12868711,1,9,PRJNA773987,Lung Cancer,False,120,0.075
SRX12868711,13,5,PRJNA773987,Lung Cancer,False,120,0.041666666666666664
SRX12868711,14,1,PRJNA773987,Lung Cancer,False,120,0.008333333333333333
SRX12868711,20,2,PRJNA773987,Lung Cancer,False,120,0.016666666666666666
SRX12868711,21,1,PRJNA773987,Lung Cancer,False,120,0.008333333333333333
SRX12868711,24,3,PRJNA773987,Lung Cancer,False,120,0.025
SRX12868711,26,5,PRJNA773987,Lung Cancer,False,120,0.041666666666666664
SRX12868711,34,4,PRJNA773987,Lung Cancer,False,120,0.03333333333333333
SRX12868711,36,5,PRJNA773987,Lung Cancer,False,120,0.041666666666666664
SRX12868711,38,1,PRJNA773987,Lung Cancer,False,120,0.008333333333333333
SRX12868711,4,37,PRJNA773987,Lung Cancer,False,120,0.30833333333333335
SRX12868711,43,2,PRJNA773987,Lung Cancer,False,120,0.016666666666666666
SRX12868711,44,6,PRJNA773987,Lung Cancer,False,120,0.05
SRX12868711,45,4,PRJNA773987,Lung Cancer,False,120,0.03333333333333333
SRX12868711,5,24,PRJNA773987,Lung Cancer,False,120,0.2
SRX12868711,59,2,PRJNA773987,Lung Cancer,False,120,0.016666666666666666
SRX12868711,60,4,PRJNA773987,Lung Cancer,False,120,0.03333333333333333
SRX12868711,9,5,PRJNA773987,Lung Cancer,False,120,0.041666666666666664
SRX12868712,0,1,PRJNA773987,Lung Cancer,True,60,0.016666666666666666
SRX12868712,1,5,PRJNA773987,Lung Cancer,True,60,0.08333333333333333
SRX12868712,14,3,PRJNA773987,Lung Cancer,True,60,0.05
SRX12868712,20,9,PRJNA773987,Lung Cancer,True,60,0.15
SRX12868712,24,9,PRJNA773987,Lung Cancer,True,60,0.15
SRX12868712,26,5,PRJNA773987,Lung Cancer,True,60,0.08333333333333333
SRX12868712,36,4,PRJNA773987,Lung Cancer,True,60,0.06666666666666667
SRX12868712,4,1,PRJNA773987,Lung Cancer,True,60,0.016666666666666666
SRX12868712,44,6,PRJNA773987,Lung Cancer,True,60,0.1
SRX12868712,5,1,PRJNA773987,Lung Cancer,True,60,0.016666666666666666
SRX12868712,6,8,PRJNA773987,Lung Cancer,True,60,0.13333333333333333
SRX12868712,60,2,PRJNA773987,Lung Cancer,True,60,0.03333333333333333
SRX12868712,8,3,PRJNA773987,Lung Cancer,True,60,0.05
SRX12868712,9,3,PRJNA773987,Lung Cancer,True,60,0.05
SRX12868713,1,36,PRJNA773987,Lung Cancer,True,139,0.2589928057553957
SRX12868713,13,14,PRJNA773987,Lung Cancer,True,139,0.10071942446043165
SRX12868713,14,1,PRJNA773987,Lung Cancer,True,139,0.007194244604316547
SRX12868713,20,17,PRJNA773987,Lung Cancer,True,139,0.1223021582733813
SRX12868713,21,1,PRJNA773987,Lung Cancer,True,139,0.007194244604316547
SRX12868713,24,10,PRJNA773987,Lung Cancer,True,139,0.07194244604316546
SRX12868713,26,5,PRJNA773987,Lung Cancer,True,139,0.03597122302158273
SRX12868713,34,1,PRJNA773987,Lung Cancer,True,139,0.007194244604316547
SRX12868713,36,1,PRJNA773987,Lung Cancer,True,139,0.007194244604316547
SRX12868713,4,2,PRJNA773987,Lung Cancer,True,139,0.014388489208633094
SRX12868713,43,5,PRJNA773987,Lung Cancer,True,139,0.03597122302158273
SRX12868713,44,8,PRJNA773987,Lung Cancer,True,139,0.05755395683453238
SRX12868713,45,2,PRJNA773987,Lung Cancer,True,139,0.014388489208633094
SRX12868713,5,7,PRJNA773987,Lung Cancer,True,139,0.050359712230215826
SRX12868713,6,4,PRJNA773987,Lung Cancer,True,139,0.02877697841726619
SRX12868713,7,1,PRJNA773987,Lung Cancer,True,139,0.007194244604316547
SRX12868713,8,22,PRJNA773987,Lung Cancer,True,139,0.15827338129496402
SRX12868713,9,2,PRJNA773987,Lung Cancer,True,139,0.014388489208633094
SRX12868714,0,1,PRJNA773987,Lung Cancer,False,106,0.009433962264150943
SRX12868714,1,24,PRJNA773987,Lung Cancer,False,106,0.22641509433962265
SRX12868714,14,2,PRJNA773987,Lung Cancer,False,106,0.018867924528301886
SRX12868714,21,1,PRJNA773987,Lung Cancer,False,106,0.009433962264150943
SRX12868714,24,4,PRJNA773987,Lung Cancer,False,106,0.03773584905660377
SRX12868714,26,4,PRJNA773987,Lung Cancer,False,106,0.03773584905660377
SRX12868714,34,6,PRJNA773987,Lung Cancer,False,106,0.05660377358490566
SRX12868714,36,2,PRJNA773987,Lung Cancer,False,106,0.018867924528301886
SRX12868714,4,31,PRJNA773987,Lung Cancer,False,106,0.29245283018867924
SRX12868714,43,2,PRJNA773987,Lung Cancer,False,106,0.018867924528301886
SRX12868714,44,8,PRJNA773987,Lung Cancer,False,106,0.07547169811320754
SRX12868714,45,3,PRJNA773987,Lung Cancer,False,106,0.02830188679245283
SRX12868714,5,11,PRJNA773987,Lung Cancer,False,106,0.10377358490566038
SRX12868714,6,2,PRJNA773987,Lung Cancer,False,106,0.018867924528301886
SRX12868714,60,1,PRJNA773987,Lung Cancer,False,106,0.009433962264150943
SRX12868714,8,1,PRJNA773987,Lung Cancer,False,106,0.009433962264150943
SRX12868714,9,3,PRJNA773987,Lung Cancer,False,106,0.02830188679245283
SRX12868715,1,43,PRJNA773987,Lung Cancer,True,89,0.48314606741573035
SRX12868715,13,5,PRJNA773987,Lung Cancer,True,89,0.056179775280898875
SRX12868715,14,2,PRJNA773987,Lung Cancer,True,89,0.02247191011235955
SRX12868715,20,5,PRJNA773987,Lung Cancer,True,89,0.056179775280898875
SRX12868715,21,2,PRJNA773987,Lung Cancer,True,89,0.02247191011235955
SRX12868715,24,14,PRJNA773987,Lung Cancer,True,89,0.15730337078651685
SRX12868715,26,5,PRJNA773987,Lung Cancer,True,89,0.056179775280898875
SRX12868715,3,1,PRJNA773987,Lung Cancer,True,89,0.011235955056179775
SRX12868715,34,1,PRJNA773987,Lung Cancer,True,89,0.011235955056179775
SRX12868715,4,6,PRJNA773987,Lung Cancer,True,89,0.06741573033707865
SRX12868715,45,1,PRJNA773987,Lung Cancer,True,89,0.011235955056179775
SRX12868715,5,1,PRJNA773987,Lung Cancer,True,89,0.011235955056179775
SRX12868715,8,1,PRJNA773987,Lung Cancer,True,89,0.011235955056179775
SRX12868715,9,2,PRJNA773987,Lung Cancer,True,89,0.02247191011235955
SRX12868716,1,14,PRJNA773987,Lung Cancer,False,112,0.125
SRX12868716,13,3,PRJNA773987,Lung Cancer,False,112,0.026785714285714284
SRX12868716,20,2,PRJNA773987,Lung Cancer,False,112,0.017857142857142856
SRX12868716,24,8,PRJNA773987,Lung Cancer,False,112,0.07142857142857142
SRX12868716,26,9,PRJNA773987,Lung Cancer,False,112,0.08035714285714286
SRX12868716,34,9,PRJNA773987,Lung Cancer,False,112,0.08035714285714286
SRX12868716,36,1,PRJNA773987,Lung Cancer,False,112,0.008928571428571428
SRX12868716,38,1,PRJNA773987,Lung Cancer,False,112,0.008928571428571428
SRX12868716,4,26,PRJNA773987,Lung Cancer,False,112,0.23214285714285715
SRX12868716,43,7,PRJNA773987,Lung Cancer,False,112,0.0625
SRX12868716,44,12,PRJNA773987,Lung Cancer,False,112,0.10714285714285714
SRX12868716,45,2,PRJNA773987,Lung Cancer,False,112,0.017857142857142856
SRX12868716,5,6,PRJNA773987,Lung Cancer,False,112,0.05357142857142857
SRX12868716,9,12,PRJNA773987,Lung Cancer,False,112,0.10714285714285714
SRX12868717,0,1,PRJNA773987,Lung Cancer,True,100,0.01
SRX12868717,1,13,PRJNA773987,Lung Cancer,True,100,0.13
SRX12868717,13,6,PRJNA773987,Lung Cancer,True,100,0.06
SRX12868717,14,1,PRJNA773987,Lung Cancer,True,100,0.01
SRX12868717,20,44,PRJNA773987,Lung Cancer,True,100,0.44
SRX12868717,21,1,PRJNA773987,Lung Cancer,True,100,0.01
SRX12868717,23,4,PRJNA773987,Lung Cancer,True,100,0.04
SRX12868717,24,5,PRJNA773987,Lung Cancer,True,100,0.05
SRX12868717,26,6,PRJNA773987,Lung Cancer,True,100,0.06
SRX12868717,36,1,PRJNA773987,Lung Cancer,True,100,0.01
SRX12868717,43,6,PRJNA773987,Lung Cancer,True,100,0.06
SRX12868717,6,1,PRJNA773987,Lung Cancer,True,100,0.01
SRX12868717,8,7,PRJNA773987,Lung Cancer,True,100,0.07
SRX12868717,9,4,PRJNA773987,Lung Cancer,True,100,0.04
SRX12868719,0,1,PRJNA773987,Lung Cancer,True,79,0.012658227848101266
SRX12868719,1,27,PRJNA773987,Lung Cancer,True,79,0.34177215189873417
SRX12868719,13,3,PRJNA773987,Lung Cancer,True,79,0.0379746835443038
SRX12868719,20,2,PRJNA773987,Lung Cancer,True,79,0.02531645569620253
SRX12868719,24,5,PRJNA773987,Lung Cancer,True,79,0.06329113924050633
SRX12868719,26,2,PRJNA773987,Lung Cancer,True,79,0.02531645569620253
SRX12868719,34,2,PRJNA773987,Lung Cancer,True,79,0.02531645569620253
SRX12868719,36,1,PRJNA773987,Lung Cancer,True,79,0.012658227848101266
SRX12868719,38,1,PRJNA773987,Lung Cancer,True,79,0.012658227848101266
SRX12868719,4,2,PRJNA773987,Lung Cancer,True,79,0.02531645569620253
SRX12868719,5,14,PRJNA773987,Lung Cancer,True,79,0.17721518987341772
SRX12868719,8,12,PRJNA773987,Lung Cancer,True,79,0.1518987341772152
SRX12868719,9,7,PRJNA773987,Lung Cancer,True,79,0.08860759493670886
SRX12868720,1,17,PRJNA773987,Lung Cancer,False,161,0.10559006211180125
SRX12868720,13,3,PRJNA773987,Lung Cancer,False,161,0.018633540372670808
SRX12868720,20,6,PRJNA773987,Lung Cancer,False,161,0.037267080745341616
SRX12868720,21,1,PRJNA773987,Lung Cancer,False,161,0.006211180124223602
SRX12868720,24,6,PRJNA773987,Lung Cancer,False,161,0.037267080745341616
SRX12868720,26,6,PRJNA773987,Lung Cancer,False,161,0.037267080745341616
SRX12868720,34,5,PRJNA773987,Lung Cancer,False,161,0.031055900621118012
SRX12868720,36,2,PRJNA773987,Lung Cancer,False,161,0.012422360248447204
SRX12868720,4,18,PRJNA773987,Lung Cancer,False,161,0.11180124223602485
SRX12868720,43,15,PRJNA773987,Lung Cancer,False,161,0.09316770186335403
SRX12868720,44,21,PRJNA773987,Lung Cancer,False,161,0.13043478260869565
SRX12868720,45,15,PRJNA773987,Lung Cancer,False,161,0.09316770186335403
SRX12868720,5,18,PRJNA773987,Lung Cancer,False,161,0.11180124223602485
SRX12868720,52,1,PRJNA773987,Lung Cancer,False,161,0.006211180124223602
SRX12868720,6,1,PRJNA773987,Lung Cancer,False,161,0.006211180124223602
SRX12868720,9,26,PRJNA773987,Lung Cancer,False,161,0.16149068322981366
SRX12868721,1,16,PRJNA773987,Lung Cancer,True,90,0.17777777777777778
SRX12868721,13,3,PRJNA773987,Lung Cancer,True,90,0.03333333333333333
SRX12868721,14,1,PRJNA773987,Lung Cancer,True,90,0.011111111111111112
SRX12868721,20,14,PRJNA773987,Lung Cancer,True,90,0.15555555555555556
SRX12868721,21,3,PRJNA773987,Lung Cancer,True,90,0.03333333333333333
SRX12868721,24,1,PRJNA773987,Lung Cancer,True,90,0.011111111111111112
SRX12868721,26,9,PRJNA773987,Lung Cancer,True,90,0.1
SRX12868721,34,1,PRJNA773987,Lung Cancer,True,90,0.011111111111111112
SRX12868721,36,2,PRJNA773987,Lung Cancer,True,90,0.022222222222222223
SRX12868721,38,2,PRJNA773987,Lung Cancer,True,90,0.022222222222222223
SRX12868721,4,6,PRJNA773987,Lung Cancer,True,90,0.06666666666666667
SRX12868721,44,1,PRJNA773987,Lung Cancer,True,90,0.011111111111111112
SRX12868721,5,3,PRJNA773987,Lung Cancer,True,90,0.03333333333333333
SRX12868721,8,20,PRJNA773987,Lung Cancer,True,90,0.2222222222222222
SRX12868721,9,8,PRJNA773987,Lung Cancer,True,90,0.08888888888888889
SRX13198725,0,5,PRJNA782639,Lung Cancer,True,149,0.03355704697986577
SRX13198725,1,46,PRJNA782639,Lung Cancer,True,149,0.3087248322147651
SRX13198725,13,9,PRJNA782639,Lung Cancer,True,149,0.06040268456375839
SRX13198725,14,1,PRJNA782639,Lung Cancer,True,149,0.006711409395973154
SRX13198725,17,2,PRJNA782639,Lung Cancer,True,149,0.013422818791946308
SRX13198725,20,1,PRJNA782639,Lung Cancer,True,149,0.006711409395973154
SRX13198725,21,10,PRJNA782639,Lung Cancer,True,149,0.06711409395973154
SRX13198725,23,6,PRJNA782639,Lung Cancer,True,149,0.040268456375838924
SRX13198725,24,2,PRJNA782639,Lung Cancer,True,149,0.013422818791946308
SRX13198725,26,5,PRJNA782639,Lung Cancer,True,149,0.03355704697986577
SRX13198725,3,1,PRJNA782639,Lung Cancer,True,149,0.006711409395973154
SRX13198725,38,1,PRJNA782639,Lung Cancer,True,149,0.006711409395973154
SRX13198725,4,6,PRJNA782639,Lung Cancer,True,149,0.040268456375838924
SRX13198725,43,1,PRJNA782639,Lung Cancer,True,149,0.006711409395973154
SRX13198725,44,2,PRJNA782639,Lung Cancer,True,149,0.013422818791946308
SRX13198725,5,40,PRJNA782639,Lung Cancer,True,149,0.2684563758389262
SRX13198725,6,4,PRJNA782639,Lung Cancer,True,149,0.026845637583892617
SRX13198725,8,6,PRJNA782639,Lung Cancer,True,149,0.040268456375838924
SRX13198725,9,1,PRJNA782639,Lung Cancer,True,149,0.006711409395973154
SRX13198726,0,8,PRJNA782639,Lung Cancer,True,201,0.03980099502487562
SRX13198726,1,83,PRJNA782639,Lung Cancer,True,201,0.4129353233830846
SRX13198726,13,5,PRJNA782639,Lung Cancer,True,201,0.024875621890547265
SRX13198726,17,2,PRJNA782639,Lung Cancer,True,201,0.009950248756218905
SRX13198726,20,1,PRJNA782639,Lung Cancer,True,201,0.004975124378109453
SRX13198726,21,3,PRJNA782639,Lung Cancer,True,201,0.014925373134328358
SRX13198726,24,6,PRJNA782639,Lung Cancer,True,201,0.029850746268656716
SRX13198726,26,11,PRJNA782639,Lung Cancer,True,201,0.05472636815920398
SRX13198726,3,2,PRJNA782639,Lung Cancer,True,201,0.009950248756218905
SRX13198726,34,12,PRJNA782639,Lung Cancer,True,201,0.05970149253731343
SRX13198726,38,1,PRJNA782639,Lung Cancer,True,201,0.004975124378109453
SRX13198726,4,7,PRJNA782639,Lung Cancer,True,201,0.03482587064676617
SRX13198726,44,3,PRJNA782639,Lung Cancer,True,201,0.014925373134328358
SRX13198726,5,28,PRJNA782639,Lung Cancer,True,201,0.13930348258706468
SRX13198726,6,19,PRJNA782639,Lung Cancer,True,201,0.0945273631840796
SRX13198726,8,2,PRJNA782639,Lung Cancer,True,201,0.009950248756218905
SRX13198726,9,8,PRJNA782639,Lung Cancer,True,201,0.03980099502487562
SRX13198727,0,7,PRJNA782639,Lung Cancer,True,208,0.03365384615384615
SRX13198727,1,39,PRJNA782639,Lung Cancer,True,208,0.1875
SRX13198727,13,2,PRJNA782639,Lung Cancer,True,208,0.009615384615384616
SRX13198727,14,6,PRJNA782639,Lung Cancer,True,208,0.028846153846153848
SRX13198727,20,2,PRJNA782639,Lung Cancer,True,208,0.009615384615384616
SRX13198727,24,6,PRJNA782639,Lung Cancer,True,208,0.028846153846153848
SRX13198727,26,3,PRJNA782639,Lung Cancer,True,208,0.014423076923076924
SRX13198727,34,5,PRJNA782639,Lung Cancer,True,208,0.02403846153846154
SRX13198727,35,1,PRJNA782639,Lung Cancer,True,208,0.004807692307692308
SRX13198727,36,28,PRJNA782639,Lung Cancer,True,208,0.1346153846153846
SRX13198727,38,2,PRJNA782639,Lung Cancer,True,208,0.009615384615384616
SRX13198727,4,22,PRJNA782639,Lung Cancer,True,208,0.10576923076923077
SRX13198727,5,1,PRJNA782639,Lung Cancer,True,208,0.004807692307692308
SRX13198727,59,1,PRJNA782639,Lung Cancer,True,208,0.004807692307692308
SRX13198727,6,73,PRJNA782639,Lung Cancer,True,208,0.35096153846153844
SRX13198727,60,2,PRJNA782639,Lung Cancer,True,208,0.009615384615384616
SRX13198727,7,1,PRJNA782639,Lung Cancer,True,208,0.004807692307692308
SRX13198727,8,4,PRJNA782639,Lung Cancer,True,208,0.019230769230769232
SRX13198727,9,3,PRJNA782639,Lung Cancer,True,208,0.014423076923076924
SRX13198729,0,62,PRJNA782639,Lung Cancer,True,223,0.27802690582959644
SRX13198729,1,53,PRJNA782639,Lung Cancer,True,223,0.23766816143497757
SRX13198729,13,15,PRJNA782639,Lung Cancer,True,223,0.06726457399103139
SRX13198729,14,6,PRJNA782639,Lung Cancer,True,223,0.026905829596412557
SRX13198729,20,1,PRJNA782639,Lung Cancer,True,223,0.004484304932735426
SRX13198729,21,1,PRJNA782639,Lung Cancer,True,223,0.004484304932735426
SRX13198729,24,8,PRJNA782639,Lung Cancer,True,223,0.03587443946188341
SRX13198729,26,2,PRJNA782639,Lung Cancer,True,223,0.008968609865470852
SRX13198729,3,1,PRJNA782639,Lung Cancer,True,223,0.004484304932735426
SRX13198729,31,1,PRJNA782639,Lung Cancer,True,223,0.004484304932735426
SRX13198729,32,1,PRJNA782639,Lung Cancer,True,223,0.004484304932735426
SRX13198729,36,3,PRJNA782639,Lung Cancer,True,223,0.013452914798206279
SRX13198729,4,8,PRJNA782639,Lung Cancer,True,223,0.03587443946188341
SRX13198729,43,1,PRJNA782639,Lung Cancer,True,223,0.004484304932735426
SRX13198729,44,2,PRJNA782639,Lung Cancer,True,223,0.008968609865470852
SRX13198729,45,2,PRJNA782639,Lung Cancer,True,223,0.008968609865470852
SRX13198729,5,17,PRJNA782639,Lung Cancer,True,223,0.07623318385650224
SRX13198729,6,25,PRJNA782639,Lung Cancer,True,223,0.11210762331838565
SRX13198729,60,1,PRJNA782639,Lung Cancer,True,223,0.004484304932735426
SRX13198729,7,1,PRJNA782639,Lung Cancer,True,223,0.004484304932735426
SRX13198729,8,2,PRJNA782639,Lung Cancer,True,223,0.008968609865470852
SRX13198729,9,10,PRJNA782639,Lung Cancer,True,223,0.04484304932735426
SRX13198730,1,22,PRJNA782639,Lung Cancer,True,105,0.20952380952380953
SRX13198730,13,9,PRJNA782639,Lung Cancer,True,105,0.08571428571428572
SRX13198730,20,1,PRJNA782639,Lung Cancer,True,105,0.009523809523809525
SRX13198730,21,4,PRJNA782639,Lung Cancer,True,105,0.0380952380952381
SRX13198730,24,1,PRJNA782639,Lung Cancer,True,105,0.009523809523809525
SRX13198730,26,20,PRJNA782639,Lung Cancer,True,105,0.19047619047619047
SRX13198730,3,1,PRJNA782639,Lung Cancer,True,105,0.009523809523809525
SRX13198730,34,4,PRJNA782639,Lung Cancer,True,105,0.0380952380952381
SRX13198730,38,1,PRJNA782639,Lung Cancer,True,105,0.009523809523809525
SRX13198730,4,12,PRJNA782639,Lung Cancer,True,105,0.11428571428571428
SRX13198730,44,1,PRJNA782639,Lung Cancer,True,105,0.009523809523809525
SRX13198730,5,11,PRJNA782639,Lung Cancer,True,105,0.10476190476190476
SRX13198730,6,1,PRJNA782639,Lung Cancer,True,105,0.009523809523809525
SRX13198730,8,7,PRJNA782639,Lung Cancer,True,105,0.06666666666666667
SRX13198730,9,10,PRJNA782639,Lung Cancer,True,105,0.09523809523809523
SRX13198732,0,7,PRJNA782639,Lung Cancer,True,149,0.04697986577181208
SRX13198732,1,17,PRJNA782639,Lung Cancer,True,149,0.11409395973154363
SRX13198732,13,38,PRJNA782639,Lung Cancer,True,149,0.2550335570469799
SRX13198732,14,1,PRJNA782639,Lung Cancer,True,149,0.006711409395973154
SRX13198732,20,1,PRJNA782639,Lung Cancer,True,149,0.006711409395973154
SRX13198732,24,16,PRJNA782639,Lung Cancer,True,149,0.10738255033557047
SRX13198732,26,5,PRJNA782639,Lung Cancer,True,149,0.03355704697986577
SRX13198732,34,8,PRJNA782639,Lung Cancer,True,149,0.053691275167785234
SRX13198732,36,2,PRJNA782639,Lung Cancer,True,149,0.013422818791946308
SRX13198732,4,16,PRJNA782639,Lung Cancer,True,149,0.10738255033557047
SRX13198732,5,24,PRJNA782639,Lung Cancer,True,149,0.1610738255033557
SRX13198732,6,2,PRJNA782639,Lung Cancer,True,149,0.013422818791946308
SRX13198732,8,2,PRJNA782639,Lung Cancer,True,149,0.013422818791946308
SRX13198732,9,10,PRJNA782639,Lung Cancer,True,149,0.06711409395973154
SRX13426726,20,5,PRJNA789499,Other,False,31,0.16129032258064516
SRX13426726,23,3,PRJNA789499,Other,False,31,0.0967741935483871
SRX13426726,31,2,PRJNA789499,Other,False,31,0.06451612903225806
SRX13426726,43,4,PRJNA789499,Other,False,31,0.12903225806451613
SRX13426726,44,12,PRJNA789499,Other,False,31,0.3870967741935484
SRX13426726,45,5,PRJNA789499,Other,False,31,0.16129032258064516
SRX13426727,20,12,PRJNA789499,Other,False,35,0.34285714285714286
SRX13426727,23,7,PRJNA789499,Other,False,35,0.2
SRX13426727,31,6,PRJNA789499,Other,False,35,0.17142857142857143
SRX13426727,43,1,PRJNA789499,Other,False,35,0.02857142857142857
SRX13426727,44,5,PRJNA789499,Other,False,35,0.14285714285714285
SRX13426727,45,4,PRJNA789499,Other,False,35,0.11428571428571428
SRX13789893,17,38,PRJNA797244,Other,False,192,0.19791666666666666
SRX13789893,20,4,PRJNA797244,Other,False,192,0.020833333333333332
SRX13789893,21,17,PRJNA797244,Other,False,192,0.08854166666666667
SRX13789893,23,47,PRJNA797244,Other,False,192,0.24479166666666666
SRX13789893,31,75,PRJNA797244,Other,False,192,0.390625
SRX13789893,45,1,PRJNA797244,Other,False,192,0.005208333333333333
SRX13789893,52,10,PRJNA797244,Other,False,192,0.052083333333333336
SRX13789894,17,40,PRJNA797244,Other,False,201,0.19900497512437812
SRX13789894,20,2,PRJNA797244,Other,False,201,0.009950248756218905
SRX13789894,21,25,PRJNA797244,Other,False,201,0.12437810945273632
SRX13789894,23,47,PRJNA797244,Other,False,201,0.23383084577114427
SRX13789894,31,74,PRJNA797244,Other,False,201,0.3681592039800995
SRX13789894,39,1,PRJNA797244,Other,False,201,0.004975124378109453
SRX13789894,45,2,PRJNA797244,Other,False,201,0.009950248756218905
SRX13789894,52,10,PRJNA797244,Other,False,201,0.04975124378109453
SRX14098301,1,1,PRJNA804479,COPD,True,186,0.005376344086021506
SRX14098301,13,5,PRJNA804479,COPD,True,186,0.026881720430107527
SRX14098301,14,5,PRJNA804479,COPD,True,186,0.026881720430107527
SRX14098301,20,7,PRJNA804479,COPD,True,186,0.03763440860215054
SRX14098301,21,2,PRJNA804479,COPD,True,186,0.010752688172043012
SRX14098301,24,8,PRJNA804479,COPD,True,186,0.043010752688172046
SRX14098301,26,30,PRJNA804479,COPD,True,186,0.16129032258064516
SRX14098301,31,3,PRJNA804479,COPD,True,186,0.016129032258064516
SRX14098301,34,5,PRJNA804479,COPD,True,186,0.026881720430107527
SRX14098301,43,2,PRJNA804479,COPD,True,186,0.010752688172043012
SRX14098301,44,2,PRJNA804479,COPD,True,186,0.010752688172043012
SRX14098301,45,1,PRJNA804479,COPD,True,186,0.005376344086021506
SRX14098301,6,1,PRJNA804479,COPD,True,186,0.005376344086021506
SRX14098301,8,5,PRJNA804479,COPD,True,186,0.026881720430107527
SRX14098301,9,109,PRJNA804479,COPD,True,186,0.5860215053763441
SRX14098302,13,7,PRJNA804479,COPD,True,65,0.1076923076923077
SRX14098302,21,1,PRJNA804479,COPD,True,65,0.015384615384615385
SRX14098302,24,1,PRJNA804479,COPD,True,65,0.015384615384615385
SRX14098302,26,18,PRJNA804479,COPD,True,65,0.27692307692307694
SRX14098302,32,1,PRJNA804479,COPD,True,65,0.015384615384615385
SRX14098302,34,19,PRJNA804479,COPD,True,65,0.2923076923076923
SRX14098302,36,3,PRJNA804479,COPD,True,65,0.046153846153846156
SRX14098302,4,1,PRJNA804479,COPD,True,65,0.015384615384615385
SRX14098302,6,1,PRJNA804479,COPD,True,65,0.015384615384615385
SRX14098302,8,3,PRJNA804479,COPD,True,65,0.046153846153846156
SRX14098302,9,10,PRJNA804479,COPD,True,65,0.15384615384615385
SRX14098303,0,18,PRJNA804479,COPD,True,183,0.09836065573770492
SRX14098303,1,8,PRJNA804479,COPD,True,183,0.04371584699453552
SRX14098303,13,16,PRJNA804479,COPD,True,183,0.08743169398907104
SRX14098303,14,4,PRJNA804479,COPD,True,183,0.02185792349726776
SRX14098303,21,22,PRJNA804479,COPD,True,183,0.12021857923497267
SRX14098303,24,7,PRJNA804479,COPD,True,183,0.03825136612021858
SRX14098303,26,6,PRJNA804479,COPD,True,183,0.03278688524590164
SRX14098303,32,1,PRJNA804479,COPD,True,183,0.00546448087431694
SRX14098303,34,26,PRJNA804479,COPD,True,183,0.14207650273224043
SRX14098303,36,3,PRJNA804479,COPD,True,183,0.01639344262295082
SRX14098303,38,1,PRJNA804479,COPD,True,183,0.00546448087431694
SRX14098303,4,7,PRJNA804479,COPD,True,183,0.03825136612021858
SRX14098303,5,4,PRJNA804479,COPD,True,183,0.02185792349726776
SRX14098303,6,4,PRJNA804479,COPD,True,183,0.02185792349726776
SRX14098303,60,1,PRJNA804479,COPD,True,183,0.00546448087431694
SRX14098303,7,1,PRJNA804479,COPD,True,183,0.00546448087431694
SRX14098303,8,11,PRJNA804479,COPD,True,183,0.060109289617486336
SRX14098303,9,43,PRJNA804479,COPD,True,183,0.23497267759562843
SRX14098305,1,2,PRJNA804479,COPD,True,33,0.06060606060606061
SRX14098305,36,10,PRJNA804479,COPD,True,33,0.30303030303030304
SRX14098305,43,3,PRJNA804479,COPD,True,33,0.09090909090909091
SRX14098305,44,5,PRJNA804479,COPD,True,33,0.15151515151515152
SRX14098305,59,1,PRJNA804479,COPD,True,33,0.030303030303030304
SRX14098305,8,7,PRJNA804479,COPD,True,33,0.21212121212121213
SRX14098305,9,5,PRJNA804479,COPD,True,33,0.15151515151515152
SRX14098306,0,2,PRJNA804479,COPD,True,132,0.015151515151515152
SRX14098306,1,5,PRJNA804479,COPD,True,132,0.03787878787878788
SRX14098306,14,2,PRJNA804479,COPD,True,132,0.015151515151515152
SRX14098306,20,1,PRJNA804479,COPD,True,132,0.007575757575757576
SRX14098306,21,3,PRJNA804479,COPD,True,132,0.022727272727272728
SRX14098306,23,2,PRJNA804479,COPD,True,132,0.015151515151515152
SRX14098306,24,1,PRJNA804479,COPD,True,132,0.007575757575757576
SRX14098306,26,2,PRJNA804479,COPD,True,132,0.015151515151515152
SRX14098306,34,2,PRJNA804479,COPD,True,132,0.015151515151515152
SRX14098306,36,45,PRJNA804479,COPD,True,132,0.3409090909090909
SRX14098306,38,7,PRJNA804479,COPD,True,132,0.05303030303030303
SRX14098306,4,11,PRJNA804479,COPD,True,132,0.08333333333333333
SRX14098306,43,7,PRJNA804479,COPD,True,132,0.05303030303030303
SRX14098306,44,3,PRJNA804479,COPD,True,132,0.022727272727272728
SRX14098306,45,3,PRJNA804479,COPD,True,132,0.022727272727272728
SRX14098306,5,6,PRJNA804479,COPD,True,132,0.045454545454545456
SRX14098306,59,2,PRJNA804479,COPD,True,132,0.015151515151515152
SRX14098306,6,2,PRJNA804479,COPD,True,132,0.015151515151515152
SRX14098306,60,15,PRJNA804479,COPD,True,132,0.11363636363636363
SRX14098306,8,9,PRJNA804479,COPD,True,132,0.06818181818181818
SRX14098306,9,2,PRJNA804479,COPD,True,132,0.015151515151515152
SRX14589431,0,6,PRJNA819093,COVID-19 / SARS-CoV-2,True,48,0.125
SRX14589431,1,21,PRJNA819093,COVID-19 / SARS-CoV-2,True,48,0.4375
SRX14589431,17,2,PRJNA819093,COVID-19 / SARS-CoV-2,True,48,0.041666666666666664
SRX14589431,21,2,PRJNA819093,COVID-19 / SARS-CoV-2,True,48,0.041666666666666664
SRX14589431,26,5,PRJNA819093,COVID-19 / SARS-CoV-2,True,48,0.10416666666666667
SRX14589431,34,1,PRJNA819093,COVID-19 / SARS-CoV-2,True,48,0.020833333333333332
SRX14589431,4,4,PRJNA819093,COVID-19 / SARS-CoV-2,True,48,0.08333333333333333
SRX14589431,5,6,PRJNA819093,COVID-19 / SARS-CoV-2,True,48,0.125
SRX14589431,6,1,PRJNA819093,COVID-19 / SARS-CoV-2,True,48,0.020833333333333332
SRX14589432,1,2,PRJNA819093,COVID-19 / SARS-CoV-2,True,12,0.16666666666666666
SRX14589432,26,3,PRJNA819093,COVID-19 / SARS-CoV-2,True,12,0.25
SRX14589432,34,4,PRJNA819093,COVID-19 / SARS-CoV-2,True,12,0.3333333333333333
SRX14589432,4,1,PRJNA819093,COVID-19 / SARS-CoV-2,True,12,0.08333333333333333
SRX14589432,9,2,PRJNA819093,COVID-19 / SARS-CoV-2,True,12,0.16666666666666666
SRX14589433,1,34,PRJNA819093,COVID-19 / SARS-CoV-2,True,79,0.43037974683544306
SRX14589433,17,3,PRJNA819093,COVID-19 / SARS-CoV-2,True,79,0.0379746835443038
SRX14589433,21,1,PRJNA819093,COVID-19 / SARS-CoV-2,True,79,0.012658227848101266
SRX14589433,24,6,PRJNA819093,COVID-19 / SARS-CoV-2,True,79,0.0759493670886076
SRX14589433,26,5,PRJNA819093,COVID-19 / SARS-CoV-2,True,79,0.06329113924050633
SRX14589433,3,3,PRJNA819093,COVID-19 / SARS-CoV-2,True,79,0.0379746835443038
SRX14589433,34,12,PRJNA819093,COVID-19 / SARS-CoV-2,True,79,0.1518987341772152
SRX14589433,4,2,PRJNA819093,COVID-19 / SARS-CoV-2,True,79,0.02531645569620253
SRX14589433,5,9,PRJNA819093,COVID-19 / SARS-CoV-2,True,79,0.11392405063291139
SRX14589433,6,2,PRJNA819093,COVID-19 / SARS-CoV-2,True,79,0.02531645569620253
SRX14589433,9,2,PRJNA819093,COVID-19 / SARS-CoV-2,True,79,0.02531645569620253
SRX14767852,20,17,PRJNA667491,Cystic Fibrosis,True,61,0.2786885245901639
SRX14767852,21,3,PRJNA667491,Cystic Fibrosis,True,61,0.04918032786885246
SRX14767852,23,2,PRJNA667491,Cystic Fibrosis,True,61,0.03278688524590164
SRX14767852,31,16,PRJNA667491,Cystic Fibrosis,True,61,0.26229508196721313
SRX14767852,43,10,PRJNA667491,Cystic Fibrosis,True,61,0.16393442622950818
SRX14767852,44,8,PRJNA667491,Cystic Fibrosis,True,61,0.13114754098360656
SRX14767852,45,5,PRJNA667491,Cystic Fibrosis,True,61,0.08196721311475409
SRX14767853,20,28,PRJNA667491,Cystic Fibrosis,True,78,0.358974358974359
SRX14767853,21,6,PRJNA667491,Cystic Fibrosis,True,78,0.07692307692307693
SRX14767853,31,6,PRJNA667491,Cystic Fibrosis,True,78,0.07692307692307693
SRX14767853,38,8,PRJNA667491,Cystic Fibrosis,True,78,0.10256410256410256
SRX14767853,43,12,PRJNA667491,Cystic Fibrosis,True,78,0.15384615384615385
SRX14767853,44,12,PRJNA667491,Cystic Fibrosis,True,78,0.15384615384615385
SRX14767853,45,6,PRJNA667491,Cystic Fibrosis,True,78,0.07692307692307693
SRX14767854,20,4,PRJNA667491,Cystic Fibrosis,True,24,0.16666666666666666
SRX14767854,21,1,PRJNA667491,Cystic Fibrosis,True,24,0.041666666666666664
SRX14767854,31,6,PRJNA667491,Cystic Fibrosis,True,24,0.25
SRX14767854,43,3,PRJNA667491,Cystic Fibrosis,True,24,0.125
SRX14767854,44,6,PRJNA667491,Cystic Fibrosis,True,24,0.25
SRX14767854,45,4,PRJNA667491,Cystic Fibrosis,True,24,0.16666666666666666
SRX14767855,17,1,PRJNA667491,Cystic Fibrosis,True,54,0.018518518518518517
SRX14767855,20,14,PRJNA667491,Cystic Fibrosis,True,54,0.25925925925925924
SRX14767855,21,1,PRJNA667491,Cystic Fibrosis,True,54,0.018518518518518517
SRX14767855,31,11,PRJNA667491,Cystic Fibrosis,True,54,0.2037037037037037
SRX14767855,43,5,PRJNA667491,Cystic Fibrosis,True,54,0.09259259259259259
SRX14767855,44,4,PRJNA667491,Cystic Fibrosis,True,54,0.07407407407407407
SRX14767855,45,18,PRJNA667491,Cystic Fibrosis,True,54,0.3333333333333333
SRX14891756,0,1,PRJNA827791,Lung Cancer,True,113,0.008849557522123894
SRX14891756,1,13,PRJNA827791,Lung Cancer,True,113,0.11504424778761062
SRX14891756,13,44,PRJNA827791,Lung Cancer,True,113,0.3893805309734513
SRX14891756,20,2,PRJNA827791,Lung Cancer,True,113,0.017699115044247787
SRX14891756,21,2,PRJNA827791,Lung Cancer,True,113,0.017699115044247787
SRX14891756,3,1,PRJNA827791,Lung Cancer,True,113,0.008849557522123894
SRX14891756,31,8,PRJNA827791,Lung Cancer,True,113,0.07079646017699115
SRX14891756,36,1,PRJNA827791,Lung Cancer,True,113,0.008849557522123894
SRX14891756,4,4,PRJNA827791,Lung Cancer,True,113,0.035398230088495575
SRX14891756,44,1,PRJNA827791,Lung Cancer,True,113,0.008849557522123894
SRX14891756,5,6,PRJNA827791,Lung Cancer,True,113,0.05309734513274336
SRX14891756,52,2,PRJNA827791,Lung Cancer,True,113,0.017699115044247787
SRX14891756,6,2,PRJNA827791,Lung Cancer,True,113,0.017699115044247787
SRX14891756,60,1,PRJNA827791,Lung Cancer,True,113,0.008849557522123894
SRX14891756,8,25,PRJNA827791,Lung Cancer,True,113,0.22123893805309736
SRX14891759,1,18,PRJNA827791,Lung Cancer,True,101,0.1782178217821782
SRX14891759,21,2,PRJNA827791,Lung Cancer,True,101,0.019801980198019802
SRX14891759,24,2,PRJNA827791,Lung Cancer,True,101,0.019801980198019802
SRX14891759,26,1,PRJNA827791,Lung Cancer,True,101,0.009900990099009901
SRX14891759,34,5,PRJNA827791,Lung Cancer,True,101,0.04950495049504951
SRX14891759,4,23,PRJNA827791,Lung Cancer,True,101,0.22772277227722773
SRX14891759,43,1,PRJNA827791,Lung Cancer,True,101,0.009900990099009901
SRX14891759,44,2,PRJNA827791,Lung Cancer,True,101,0.019801980198019802
SRX14891759,5,16,PRJNA827791,Lung Cancer,True,101,0.15841584158415842
SRX14891759,6,2,PRJNA827791,Lung Cancer,True,101,0.019801980198019802
SRX14891759,8,24,PRJNA827791,Lung Cancer,True,101,0.2376237623762376
SRX14891759,9,5,PRJNA827791,Lung Cancer,True,101,0.04950495049504951
SRX14891760,0,2,PRJNA827791,Lung Cancer,True,85,0.023529411764705882
SRX14891760,1,34,PRJNA827791,Lung Cancer,True,85,0.4
SRX14891760,13,1,PRJNA827791,Lung Cancer,True,85,0.011764705882352941
SRX14891760,14,5,PRJNA827791,Lung Cancer,True,85,0.058823529411764705
SRX14891760,17,1,PRJNA827791,Lung Cancer,True,85,0.011764705882352941
SRX14891760,20,12,PRJNA827791,Lung Cancer,True,85,0.1411764705882353
SRX14891760,21,9,PRJNA827791,Lung Cancer,True,85,0.10588235294117647
SRX14891760,24,2,PRJNA827791,Lung Cancer,True,85,0.023529411764705882
SRX14891760,26,4,PRJNA827791,Lung Cancer,True,85,0.047058823529411764
SRX14891760,3,1,PRJNA827791,Lung Cancer,True,85,0.011764705882352941
SRX14891760,34,1,PRJNA827791,Lung Cancer,True,85,0.011764705882352941
SRX14891760,36,1,PRJNA827791,Lung Cancer,True,85,0.011764705882352941
SRX14891760,5,10,PRJNA827791,Lung Cancer,True,85,0.11764705882352941
SRX14891760,59,1,PRJNA827791,Lung Cancer,True,85,0.011764705882352941
SRX14891760,6,1,PRJNA827791,Lung Cancer,True,85,0.011764705882352941
SRX14891761,0,1,PRJNA827791,Lung Cancer,True,86,0.011627906976744186
SRX14891761,1,7,PRJNA827791,Lung Cancer,True,86,0.08139534883720931
SRX14891761,13,1,PRJNA827791,Lung Cancer,True,86,0.011627906976744186
SRX14891761,14,2,PRJNA827791,Lung Cancer,True,86,0.023255813953488372
SRX14891761,20,3,PRJNA827791,Lung Cancer,True,86,0.03488372093023256
SRX14891761,21,2,PRJNA827791,Lung Cancer,True,86,0.023255813953488372
SRX14891761,24,1,PRJNA827791,Lung Cancer,True,86,0.011627906976744186
SRX14891761,26,2,PRJNA827791,Lung Cancer,True,86,0.023255813953488372
SRX14891761,34,1,PRJNA827791,Lung Cancer,True,86,0.011627906976744186
SRX14891761,36,3,PRJNA827791,Lung Cancer,True,86,0.03488372093023256
SRX14891761,38,3,PRJNA827791,Lung Cancer,True,86,0.03488372093023256
SRX14891761,4,29,PRJNA827791,Lung Cancer,True,86,0.3372093023255814
SRX14891761,43,1,PRJNA827791,Lung Cancer,True,86,0.011627906976744186
SRX14891761,44,1,PRJNA827791,Lung Cancer,True,86,0.011627906976744186
SRX14891761,5,4,PRJNA827791,Lung Cancer,True,86,0.046511627906976744
SRX14891761,59,2,PRJNA827791,Lung Cancer,True,86,0.023255813953488372
SRX14891761,7,1,PRJNA827791,Lung Cancer,True,86,0.011627906976744186
SRX14891761,8,2,PRJNA827791,Lung Cancer,True,86,0.023255813953488372
SRX14891761,9,20,PRJNA827791,Lung Cancer,True,86,0.23255813953488372
SRX14891762,0,19,PRJNA827791,Lung Cancer,True,113,0.168141592920354
SRX14891762,1,35,PRJNA827791,Lung Cancer,True,113,0.30973451327433627
SRX14891762,13,2,PRJNA827791,Lung Cancer,True,113,0.017699115044247787
SRX14891762,14,1,PRJNA827791,Lung Cancer,True,113,0.008849557522123894
SRX14891762,17,1,PRJNA827791,Lung Cancer,True,113,0.008849557522123894
SRX14891762,20,12,PRJNA827791,Lung Cancer,True,113,0.10619469026548672
SRX14891762,21,4,PRJNA827791,Lung Cancer,True,113,0.035398230088495575
SRX14891762,24,9,PRJNA827791,Lung Cancer,True,113,0.07964601769911504
SRX14891762,26,2,PRJNA827791,Lung Cancer,True,113,0.017699115044247787
SRX14891762,3,2,PRJNA827791,Lung Cancer,True,113,0.017699115044247787
SRX14891762,34,1,PRJNA827791,Lung Cancer,True,113,0.008849557522123894
SRX14891762,36,3,PRJNA827791,Lung Cancer,True,113,0.02654867256637168
SRX14891762,4,1,PRJNA827791,Lung Cancer,True,113,0.008849557522123894
SRX14891762,43,1,PRJNA827791,Lung Cancer,True,113,0.008849557522123894
SRX14891762,5,7,PRJNA827791,Lung Cancer,True,113,0.061946902654867256
SRX14891762,6,8,PRJNA827791,Lung Cancer,True,113,0.07079646017699115
SRX14891762,7,1,PRJNA827791,Lung Cancer,True,113,0.008849557522123894
SRX14891762,9,4,PRJNA827791,Lung Cancer,True,113,0.035398230088495575
SRX14891763,1,11,PRJNA827791,Lung Cancer,True,106,0.10377358490566038
SRX14891763,13,3,PRJNA827791,Lung Cancer,True,106,0.02830188679245283
SRX14891763,14,2,PRJNA827791,Lung Cancer,True,106,0.018867924528301886
SRX14891763,20,4,PRJNA827791,Lung Cancer,True,106,0.03773584905660377
SRX14891763,21,1,PRJNA827791,Lung Cancer,True,106,0.009433962264150943
SRX14891763,24,2,PRJNA827791,Lung Cancer,True,106,0.018867924528301886
SRX14891763,26,4,PRJNA827791,Lung Cancer,True,106,0.03773584905660377
SRX14891763,34,7,PRJNA827791,Lung Cancer,True,106,0.0660377358490566
SRX14891763,36,2,PRJNA827791,Lung Cancer,True,106,0.018867924528301886
SRX14891763,38,3,PRJNA827791,Lung Cancer,True,106,0.02830188679245283
SRX14891763,4,13,PRJNA827791,Lung Cancer,True,106,0.12264150943396226
SRX14891763,43,1,PRJNA827791,Lung Cancer,True,106,0.009433962264150943
SRX14891763,44,2,PRJNA827791,Lung Cancer,True,106,0.018867924528301886
SRX14891763,5,9,PRJNA827791,Lung Cancer,True,106,0.08490566037735849
SRX14891763,8,1,PRJNA827791,Lung Cancer,True,106,0.009433962264150943
SRX14891763,9,41,PRJNA827791,Lung Cancer,True,106,0.3867924528301887
SRX14891764,1,39,PRJNA827791,Lung Cancer,True,101,0.38613861386138615
SRX14891764,13,1,PRJNA827791,Lung Cancer,True,101,0.009900990099009901
SRX14891764,14,4,PRJNA827791,Lung Cancer,True,101,0.039603960396039604
SRX14891764,20,19,PRJNA827791,Lung Cancer,True,101,0.18811881188118812
SRX14891764,24,3,PRJNA827791,Lung Cancer,True,101,0.0297029702970297
SRX14891764,26,8,PRJNA827791,Lung Cancer,True,101,0.07920792079207921
SRX14891764,3,1,PRJNA827791,Lung Cancer,True,101,0.009900990099009901
SRX14891764,36,2,PRJNA827791,Lung Cancer,True,101,0.019801980198019802
SRX14891764,4,1,PRJNA827791,Lung Cancer,True,101,0.009900990099009901
SRX14891764,43,1,PRJNA827791,Lung Cancer,True,101,0.009900990099009901
SRX14891764,44,1,PRJNA827791,Lung Cancer,True,101,0.009900990099009901
SRX14891764,5,11,PRJNA827791,Lung Cancer,True,101,0.10891089108910891
SRX14891764,52,1,PRJNA827791,Lung Cancer,True,101,0.009900990099009901
SRX14891764,6,4,PRJNA827791,Lung Cancer,True,101,0.039603960396039604
SRX14891764,60,1,PRJNA827791,Lung Cancer,True,101,0.009900990099009901
SRX14891764,8,1,PRJNA827791,Lung Cancer,True,101,0.009900990099009901
SRX14891764,9,3,PRJNA827791,Lung Cancer,True,101,0.0297029702970297
SRX14891765,1,20,PRJNA827791,Lung Cancer,True,59,0.3389830508474576
SRX14891765,14,1,PRJNA827791,Lung Cancer,True,59,0.01694915254237288
SRX14891765,20,8,PRJNA827791,Lung Cancer,True,59,0.13559322033898305
SRX14891765,21,1,PRJNA827791,Lung Cancer,True,59,0.01694915254237288
SRX14891765,24,9,PRJNA827791,Lung Cancer,True,59,0.15254237288135594
SRX14891765,26,6,PRJNA827791,Lung Cancer,True,59,0.1016949152542373
SRX14891765,34,3,PRJNA827791,Lung Cancer,True,59,0.05084745762711865
SRX14891765,4,1,PRJNA827791,Lung Cancer,True,59,0.01694915254237288
SRX14891765,44,1,PRJNA827791,Lung Cancer,True,59,0.01694915254237288
SRX14891765,5,3,PRJNA827791,Lung Cancer,True,59,0.05084745762711865
SRX14891765,6,2,PRJNA827791,Lung Cancer,True,59,0.03389830508474576
SRX14891765,9,4,PRJNA827791,Lung Cancer,True,59,0.06779661016949153
SRX14891767,1,52,PRJNA827791,Lung Cancer,True,106,0.49056603773584906
SRX14891767,13,2,PRJNA827791,Lung Cancer,True,106,0.018867924528301886
SRX14891767,14,2,PRJNA827791,Lung Cancer,True,106,0.018867924528301886
SRX14891767,20,5,PRJNA827791,Lung Cancer,True,106,0.04716981132075472
SRX14891767,21,8,PRJNA827791,Lung Cancer,True,106,0.07547169811320754
SRX14891767,24,7,PRJNA827791,Lung Cancer,True,106,0.0660377358490566
SRX14891767,26,1,PRJNA827791,Lung Cancer,True,106,0.009433962264150943
SRX14891767,3,1,PRJNA827791,Lung Cancer,True,106,0.009433962264150943
SRX14891767,34,1,PRJNA827791,Lung Cancer,True,106,0.009433962264150943
SRX14891767,36,1,PRJNA827791,Lung Cancer,True,106,0.009433962264150943
SRX14891767,4,4,PRJNA827791,Lung Cancer,True,106,0.03773584905660377
SRX14891767,5,12,PRJNA827791,Lung Cancer,True,106,0.11320754716981132
SRX14891767,52,1,PRJNA827791,Lung Cancer,True,106,0.009433962264150943
SRX14891767,6,3,PRJNA827791,Lung Cancer,True,106,0.02830188679245283
SRX14891767,60,3,PRJNA827791,Lung Cancer,True,106,0.02830188679245283
SRX14891767,9,3,PRJNA827791,Lung Cancer,True,106,0.02830188679245283
SRX14891769,1,12,PRJNA827791,Lung Cancer,True,155,0.07741935483870968
SRX14891769,13,1,PRJNA827791,Lung Cancer,True,155,0.0064516129032258064
SRX14891769,14,3,PRJNA827791,Lung Cancer,True,155,0.01935483870967742
SRX14891769,20,2,PRJNA827791,Lung Cancer,True,155,0.012903225806451613
SRX14891769,24,7,PRJNA827791,Lung Cancer,True,155,0.04516129032258064
SRX14891769,26,1,PRJNA827791,Lung Cancer,True,155,0.0064516129032258064
SRX14891769,31,1,PRJNA827791,Lung Cancer,True,155,0.0064516129032258064
SRX14891769,32,1,PRJNA827791,Lung Cancer,True,155,0.0064516129032258064
SRX14891769,34,32,PRJNA827791,Lung Cancer,True,155,0.2064516129032258
SRX14891769,36,5,PRJNA827791,Lung Cancer,True,155,0.03225806451612903
SRX14891769,38,5,PRJNA827791,Lung Cancer,True,155,0.03225806451612903
SRX14891769,4,23,PRJNA827791,Lung Cancer,True,155,0.14838709677419354
SRX14891769,43,6,PRJNA827791,Lung Cancer,True,155,0.03870967741935484
SRX14891769,44,2,PRJNA827791,Lung Cancer,True,155,0.012903225806451613
SRX14891769,5,9,PRJNA827791,Lung Cancer,True,155,0.05806451612903226
SRX14891769,59,1,PRJNA827791,Lung Cancer,True,155,0.0064516129032258064
SRX14891769,6,5,PRJNA827791,Lung Cancer,True,155,0.03225806451612903
SRX14891769,60,3,PRJNA827791,Lung Cancer,True,155,0.01935483870967742
SRX14891769,7,5,PRJNA827791,Lung Cancer,True,155,0.03225806451612903
SRX14891769,8,13,PRJNA827791,Lung Cancer,True,155,0.08387096774193549
SRX14891769,9,18,PRJNA827791,Lung Cancer,True,155,0.11612903225806452
SRX16217004,0,45,PRJNA858410,Lung Cancer,True,137,0.3284671532846715
SRX16217004,1,37,PRJNA858410,Lung Cancer,True,137,0.27007299270072993
SRX16217004,3,1,PRJNA858410,Lung Cancer,True,137,0.0072992700729927005
SRX16217004,4,12,PRJNA858410,Lung Cancer,True,137,0.08759124087591241
SRX16217004,5,19,PRJNA858410,Lung Cancer,True,137,0.1386861313868613
SRX16217004,6,23,PRJNA858410,Lung Cancer,True,137,0.1678832116788321
SRX16757152,1,1,PRJNA864822,Other,False,249,0.004016064257028112
SRX16757152,14,47,PRJNA864822,Other,False,249,0.18875502008032127
SRX16757152,24,11,PRJNA864822,Other,False,249,0.04417670682730924
SRX16757152,26,25,PRJNA864822,Other,False,249,0.10040160642570281
SRX16757152,34,14,PRJNA864822,Other,False,249,0.05622489959839357
SRX16757152,36,10,PRJNA864822,Other,False,249,0.040160642570281124
SRX16757152,4,3,PRJNA864822,Other,False,249,0.012048192771084338
SRX16757152,45,1,PRJNA864822,Other,False,249,0.004016064257028112
SRX16757152,5,6,PRJNA864822,Other,False,249,0.024096385542168676
SRX16757152,52,4,PRJNA864822,Other,False,249,0.01606425702811245
SRX16757152,59,2,PRJNA864822,Other,False,249,0.008032128514056224
SRX16757152,6,1,PRJNA864822,Other,False,249,0.004016064257028112
SRX16757152,60,117,PRJNA864822,Other,False,249,0.46987951807228917
SRX16757152,7,1,PRJNA864822,Other,False,249,0.004016064257028112
SRX16757152,9,6,PRJNA864822,Other,False,249,0.024096385542168676
SRX16757153,1,1,PRJNA864822,Other,False,3,0.3333333333333333
SRX16757153,21,1,PRJNA864822,Other,False,3,0.3333333333333333
SRX16757153,34,1,PRJNA864822,Other,False,3,0.3333333333333333
SRX16757154,1,7,PRJNA864822,Other,False,66,0.10606060606060606
SRX16757154,13,1,PRJNA864822,Other,False,66,0.015151515151515152
SRX16757154,14,8,PRJNA864822,Other,False,66,0.12121212121212122
SRX16757154,21,1,PRJNA864822,Other,False,66,0.015151515151515152
SRX16757154,24,1,PRJNA864822,Other,False,66,0.015151515151515152
SRX16757154,26,2,PRJNA864822,Other,False,66,0.030303030303030304
SRX16757154,34,10,PRJNA864822,Other,False,66,0.15151515151515152
SRX16757154,36,14,PRJNA864822,Other,False,66,0.21212121212121213
SRX16757154,38,2,PRJNA864822,Other,False,66,0.030303030303030304
SRX16757154,4,7,PRJNA864822,Other,False,66,0.10606060606060606
SRX16757154,5,2,PRJNA864822,Other,False,66,0.030303030303030304
SRX16757154,52,1,PRJNA864822,Other,False,66,0.015151515151515152
SRX16757154,59,1,PRJNA864822,Other,False,66,0.015151515151515152
SRX16757154,6,1,PRJNA864822,Other,False,66,0.015151515151515152
SRX16757154,60,7,PRJNA864822,Other,False,66,0.10606060606060606
SRX16757154,8,1,PRJNA864822,Other,False,66,0.015151515151515152
SRX16757155,1,2,PRJNA864822,Pulmonary Hypertension,True,8,0.25
SRX16757155,14,1,PRJNA864822,Pulmonary Hypertension,True,8,0.125
SRX16757155,26,1,PRJNA864822,Pulmonary Hypertension,True,8,0.125
SRX16757155,36,1,PRJNA864822,Pulmonary Hypertension,True,8,0.125
SRX16757155,5,1,PRJNA864822,Pulmonary Hypertension,True,8,0.125
SRX16757155,8,1,PRJNA864822,Pulmonary Hypertension,True,8,0.125
SRX16757155,9,1,PRJNA864822,Pulmonary Hypertension,True,8,0.125
SRX16757156,1,13,PRJNA864822,Pulmonary Hypertension,True,48,0.2708333333333333
SRX16757156,13,2,PRJNA864822,Pulmonary Hypertension,True,48,0.041666666666666664
SRX16757156,14,3,PRJNA864822,Pulmonary Hypertension,True,48,0.0625
SRX16757156,24,2,PRJNA864822,Pulmonary Hypertension,True,48,0.041666666666666664
SRX16757156,26,5,PRJNA864822,Pulmonary Hypertension,True,48,0.10416666666666667
SRX16757156,34,2,PRJNA864822,Pulmonary Hypertension,True,48,0.041666666666666664
SRX16757156,36,5,PRJNA864822,Pulmonary Hypertension,True,48,0.10416666666666667
SRX16757156,4,2,PRJNA864822,Pulmonary Hypertension,True,48,0.041666666666666664
SRX16757156,5,8,PRJNA864822,Pulmonary Hypertension,True,48,0.16666666666666666
SRX16757156,60,5,PRJNA864822,Pulmonary Hypertension,True,48,0.10416666666666667
SRX16757156,9,1,PRJNA864822,Pulmonary Hypertension,True,48,0.020833333333333332
SRX16757157,1,26,PRJNA864822,Pulmonary Hypertension,True,114,0.22807017543859648
SRX16757157,13,1,PRJNA864822,Pulmonary Hypertension,True,114,0.008771929824561403
SRX16757157,14,11,PRJNA864822,Pulmonary Hypertension,True,114,0.09649122807017543
SRX16757157,20,1,PRJNA864822,Pulmonary Hypertension,True,114,0.008771929824561403
SRX16757157,24,5,PRJNA864822,Pulmonary Hypertension,True,114,0.043859649122807015
SRX16757157,26,39,PRJNA864822,Pulmonary Hypertension,True,114,0.34210526315789475
SRX16757157,34,1,PRJNA864822,Pulmonary Hypertension,True,114,0.008771929824561403
SRX16757157,36,4,PRJNA864822,Pulmonary Hypertension,True,114,0.03508771929824561
SRX16757157,5,19,PRJNA864822,Pulmonary Hypertension,True,114,0.16666666666666666
SRX16757157,6,1,PRJNA864822,Pulmonary Hypertension,True,114,0.008771929824561403
SRX16757157,60,3,PRJNA864822,Pulmonary Hypertension,True,114,0.02631578947368421
SRX16757157,9,3,PRJNA864822,Pulmonary Hypertension,True,114,0.02631578947368421
SRX17035588,1,4,PRJNA868764,Lung Cancer,False,10,0.4
SRX17035588,4,3,PRJNA868764,Lung Cancer,False,10,0.3
SRX17035588,5,2,PRJNA868764,Lung Cancer,False,10,0.2
SRX17035588,9,1,PRJNA868764,Lung Cancer,False,10,0.1
SRX17035589,1,4,PRJNA868764,Lung Cancer,False,26,0.15384615384615385
SRX17035589,4,15,PRJNA868764,Lung Cancer,False,26,0.5769230769230769
SRX17035589,5,7,PRJNA868764,Lung Cancer,False,26,0.2692307692307692
SRX17035590,1,5,PRJNA868764,Lung Cancer,False,16,0.3125
SRX17035590,4,2,PRJNA868764,Lung Cancer,False,16,0.125
SRX17035590,5,8,PRJNA868764,Lung Cancer,False,16,0.5
SRX17035590,9,1,PRJNA868764,Lung Cancer,False,16,0.0625
SRX17412777,0,2,PRJNA563828,Other,False,110,0.01818181818181818
SRX17412777,1,5,PRJNA563828,Other,False,110,0.045454545454545456
SRX17412777,24,6,PRJNA563828,Other,False,110,0.05454545454545454
SRX17412777,26,48,PRJNA563828,Other,False,110,0.43636363636363634
SRX17412777,34,6,PRJNA563828,Other,False,110,0.05454545454545454
SRX17412777,4,2,PRJNA563828,Other,False,110,0.01818181818181818
SRX17412777,44,1,PRJNA563828,Other,False,110,0.00909090909090909
SRX17412777,8,24,PRJNA563828,Other,False,110,0.21818181818181817
SRX17412777,9,16,PRJNA563828,Other,False,110,0.14545454545454545
SRX17412778,1,1,PRJNA563828,IPF / Pulmonary Fibrosis,False,48,0.020833333333333332
SRX17412778,14,1,PRJNA563828,IPF / Pulmonary Fibrosis,False,48,0.020833333333333332
SRX17412778,24,2,PRJNA563828,IPF / Pulmonary Fibrosis,False,48,0.041666666666666664
SRX17412778,26,15,PRJNA563828,IPF / Pulmonary Fibrosis,False,48,0.3125
SRX17412778,31,1,PRJNA563828,IPF / Pulmonary Fibrosis,False,48,0.020833333333333332
SRX17412778,34,6,PRJNA563828,IPF / Pulmonary Fibrosis,False,48,0.125
SRX17412778,36,5,PRJNA563828,IPF / Pulmonary Fibrosis,False,48,0.10416666666666667
SRX17412778,4,2,PRJNA563828,IPF / Pulmonary Fibrosis,False,48,0.041666666666666664
SRX17412778,43,3,PRJNA563828,IPF / Pulmonary Fibrosis,False,48,0.0625
SRX17412778,44,1,PRJNA563828,IPF / Pulmonary Fibrosis,False,48,0.020833333333333332
SRX17412778,5,1,PRJNA563828,IPF / Pulmonary Fibrosis,False,48,0.020833333333333332
SRX17412778,8,1,PRJNA563828,IPF / Pulmonary Fibrosis,False,48,0.020833333333333332
SRX17412778,9,9,PRJNA563828,IPF / Pulmonary Fibrosis,False,48,0.1875
SRX17412779,26,6,PRJNA563828,Other,False,10,0.6
SRX17412779,34,2,PRJNA563828,Other,False,10,0.2
SRX17412779,9,2,PRJNA563828,Other,False,10,0.2
SRX17412780,1,1,PRJNA563828,IPF / Pulmonary Fibrosis,False,59,0.01694915254237288
SRX17412780,21,4,PRJNA563828,IPF / Pulmonary Fibrosis,False,59,0.06779661016949153
SRX17412780,24,2,PRJNA563828,IPF / Pulmonary Fibrosis,False,59,0.03389830508474576
SRX17412780,26,27,PRJNA563828,IPF / Pulmonary Fibrosis,False,59,0.4576271186440678
SRX17412780,34,16,PRJNA563828,IPF / Pulmonary Fibrosis,False,59,0.2711864406779661
SRX17412780,4,2,PRJNA563828,IPF / Pulmonary Fibrosis,False,59,0.03389830508474576
SRX17412780,59,1,PRJNA563828,IPF / Pulmonary Fibrosis,False,59,0.01694915254237288
SRX17412780,9,6,PRJNA563828,IPF / Pulmonary Fibrosis,False,59,0.1016949152542373
SRX17412781,1,5,PRJNA563828,IPF / Pulmonary Fibrosis,False,98,0.05102040816326531
SRX17412781,21,1,PRJNA563828,IPF / Pulmonary Fibrosis,False,98,0.01020408163265306
SRX17412781,24,7,PRJNA563828,IPF / Pulmonary Fibrosis,False,98,0.07142857142857142
SRX17412781,26,67,PRJNA563828,IPF / Pulmonary Fibrosis,False,98,0.6836734693877551
SRX17412781,34,9,PRJNA563828,IPF / Pulmonary Fibrosis,False,98,0.09183673469387756
SRX17412781,4,2,PRJNA563828,IPF / Pulmonary Fibrosis,False,98,0.02040816326530612
SRX17412781,52,1,PRJNA563828,IPF / Pulmonary Fibrosis,False,98,0.01020408163265306
SRX17412781,9,6,PRJNA563828,IPF / Pulmonary Fibrosis,False,98,0.061224489795918366
SRX17412782,24,1,PRJNA563828,Other,False,4,0.25
SRX17412782,36,1,PRJNA563828,Other,False,4,0.25
SRX17412782,38,2,PRJNA563828,Other,False,4,0.5
SRX17412783,1,5,PRJNA563828,Other,False,104,0.04807692307692308
SRX17412783,14,3,PRJNA563828,Other,False,104,0.028846153846153848
SRX17412783,24,7,PRJNA563828,Other,False,104,0.0673076923076923
SRX17412783,26,16,PRJNA563828,Other,False,104,0.15384615384615385
SRX17412783,34,12,PRJNA563828,Other,False,104,0.11538461538461539
SRX17412783,36,2,PRJNA563828,Other,False,104,0.019230769230769232
SRX17412783,4,9,PRJNA563828,Other,False,104,0.08653846153846154
SRX17412783,44,1,PRJNA563828,Other,False,104,0.009615384615384616
SRX17412783,5,10,PRJNA563828,Other,False,104,0.09615384615384616
SRX17412783,59,1,PRJNA563828,Other,False,104,0.009615384615384616
SRX17412783,6,1,PRJNA563828,Other,False,104,0.009615384615384616
SRX17412783,8,1,PRJNA563828,Other,False,104,0.009615384615384616
SRX17412783,9,36,PRJNA563828,Other,False,104,0.34615384615384615
SRX17412784,1,6,PRJNA563828,Other,False,31,0.1935483870967742
SRX17412784,13,1,PRJNA563828,Other,False,31,0.03225806451612903
SRX17412784,24,3,PRJNA563828,Other,False,31,0.0967741935483871
SRX17412784,26,3,PRJNA563828,Other,False,31,0.0967741935483871
SRX17412784,4,3,PRJNA563828,Other,False,31,0.0967741935483871
SRX17412784,5,5,PRJNA563828,Other,False,31,0.16129032258064516
SRX17412784,6,2,PRJNA563828,Other,False,31,0.06451612903225806
SRX17412784,9,8,PRJNA563828,Other,False,31,0.25806451612903225
SRX17412785,14,1,PRJNA563828,Other,False,19,0.05263157894736842
SRX17412785,26,2,PRJNA563828,Other,False,19,0.10526315789473684
SRX17412785,38,1,PRJNA563828,Other,False,19,0.05263157894736842
SRX17412785,8,5,PRJNA563828,Other,False,19,0.2631578947368421
SRX17412785,9,10,PRJNA563828,Other,False,19,0.5263157894736842
SRX17412786,0,1,PRJNA563828,IPF / Pulmonary Fibrosis,False,35,0.02857142857142857
SRX17412786,1,1,PRJNA563828,IPF / Pulmonary Fibrosis,False,35,0.02857142857142857
SRX17412786,20,1,PRJNA563828,IPF / Pulmonary Fibrosis,False,35,0.02857142857142857
SRX17412786,26,11,PRJNA563828,IPF / Pulmonary Fibrosis,False,35,0.3142857142857143
SRX17412786,34,8,PRJNA563828,IPF / Pulmonary Fibrosis,False,35,0.22857142857142856
SRX17412786,4,2,PRJNA563828,IPF / Pulmonary Fibrosis,False,35,0.05714285714285714
SRX17412786,59,1,PRJNA563828,IPF / Pulmonary Fibrosis,False,35,0.02857142857142857
SRX17412786,9,10,PRJNA563828,IPF / Pulmonary Fibrosis,False,35,0.2857142857142857
SRX17412788,1,15,PRJNA563828,Other,False,119,0.12605042016806722
SRX17412788,14,4,PRJNA563828,Other,False,119,0.03361344537815126
SRX17412788,20,1,PRJNA563828,Other,False,119,0.008403361344537815
SRX17412788,21,2,PRJNA563828,Other,False,119,0.01680672268907563
SRX17412788,24,2,PRJNA563828,Other,False,119,0.01680672268907563
SRX17412788,26,18,PRJNA563828,Other,False,119,0.15126050420168066
SRX17412788,34,27,PRJNA563828,Other,False,119,0.226890756302521
SRX17412788,36,3,PRJNA563828,Other,False,119,0.025210084033613446
SRX17412788,4,5,PRJNA563828,Other,False,119,0.04201680672268908
SRX17412788,44,1,PRJNA563828,Other,False,119,0.008403361344537815
SRX17412788,5,3,PRJNA563828,Other,False,119,0.025210084033613446
SRX17412788,6,1,PRJNA563828,Other,False,119,0.008403361344537815
SRX17412788,8,1,PRJNA563828,Other,False,119,0.008403361344537815
SRX17412788,9,36,PRJNA563828,Other,False,119,0.3025210084033613
SRX17412789,0,1,PRJNA563828,Other,False,61,0.01639344262295082
SRX17412789,1,1,PRJNA563828,Other,False,61,0.01639344262295082
SRX17412789,26,20,PRJNA563828,Other,False,61,0.32786885245901637
SRX17412789,4,2,PRJNA563828,Other,False,61,0.03278688524590164
SRX17412789,44,1,PRJNA563828,Other,False,61,0.01639344262295082
SRX17412789,59,1,PRJNA563828,Other,False,61,0.01639344262295082
SRX17412789,60,1,PRJNA563828,Other,False,61,0.01639344262295082
SRX17412789,9,34,PRJNA563828,Other,False,61,0.5573770491803278
SRX17412790,24,1,PRJNA563828,Other,False,47,0.02127659574468085
SRX17412790,26,9,PRJNA563828,Other,False,47,0.19148936170212766
SRX17412790,34,4,PRJNA563828,Other,False,47,0.0851063829787234
SRX17412790,6,1,PRJNA563828,Other,False,47,0.02127659574468085
SRX17412790,9,32,PRJNA563828,Other,False,47,0.6808510638297872
SRX17412791,0,1,PRJNA563828,Other,False,77,0.012987012987012988
SRX17412791,1,22,PRJNA563828,Other,False,77,0.2857142857142857
SRX17412791,13,1,PRJNA563828,Other,False,77,0.012987012987012988
SRX17412791,24,1,PRJNA563828,Other,False,77,0.012987012987012988
SRX17412791,26,11,PRJNA563828,Other,False,77,0.14285714285714285
SRX17412791,34,16,PRJNA563828,Other,False,77,0.2077922077922078
SRX17412791,4,7,PRJNA563828,Other,False,77,0.09090909090909091
SRX17412791,5,3,PRJNA563828,Other,False,77,0.03896103896103896
SRX17412791,9,15,PRJNA563828,Other,False,77,0.19480519480519481
SRX17412792,1,1,PRJNA563828,IPF / Pulmonary Fibrosis,False,24,0.041666666666666664
SRX17412792,21,1,PRJNA563828,IPF / Pulmonary Fibrosis,False,24,0.041666666666666664
SRX17412792,24,3,PRJNA563828,IPF / Pulmonary Fibrosis,False,24,0.125
SRX17412792,26,13,PRJNA563828,IPF / Pulmonary Fibrosis,False,24,0.5416666666666666
SRX17412792,34,3,PRJNA563828,IPF / Pulmonary Fibrosis,False,24,0.125
SRX17412792,59,1,PRJNA563828,IPF / Pulmonary Fibrosis,False,24,0.041666666666666664
SRX17412792,9,2,PRJNA563828,IPF / Pulmonary Fibrosis,False,24,0.08333333333333333
SRX17412793,26,8,PRJNA563828,Other,False,24,0.3333333333333333
SRX17412793,32,1,PRJNA563828,Other,False,24,0.041666666666666664
SRX17412793,34,3,PRJNA563828,Other,False,24,0.125
SRX17412793,5,1,PRJNA563828,Other,False,24,0.041666666666666664
SRX17412793,9,11,PRJNA563828,Other,False,24,0.4583333333333333
SRX17412794,14,1,PRJNA563828,Other,False,43,0.023255813953488372
SRX17412794,17,1,PRJNA563828,Other,False,43,0.023255813953488372
SRX17412794,21,4,PRJNA563828,Other,False,43,0.09302325581395349
SRX17412794,24,1,PRJNA563828,Other,False,43,0.023255813953488372
SRX17412794,26,21,PRJNA563828,Other,False,43,0.4883720930232558
SRX17412794,34,2,PRJNA563828,Other,False,43,0.046511627906976744
SRX17412794,38,1,PRJNA563828,Other,False,43,0.023255813953488372
SRX17412794,4,3,PRJNA563828,Other,False,43,0.06976744186046512
SRX17412794,44,3,PRJNA563828,Other,False,43,0.06976744186046512
SRX17412794,59,1,PRJNA563828,Other,False,43,0.023255813953488372
SRX17412794,6,1,PRJNA563828,Other,False,43,0.023255813953488372
SRX17412794,8,1,PRJNA563828,Other,False,43,0.023255813953488372
SRX17412794,9,3,PRJNA563828,Other,False,43,0.06976744186046512
SRX17412795,24,2,PRJNA563828,IPF / Pulmonary Fibrosis,False,22,0.09090909090909091
SRX17412795,26,4,PRJNA563828,IPF / Pulmonary Fibrosis,False,22,0.18181818181818182
SRX17412795,34,3,PRJNA563828,IPF / Pulmonary Fibrosis,False,22,0.13636363636363635
SRX17412795,38,1,PRJNA563828,IPF / Pulmonary Fibrosis,False,22,0.045454545454545456
SRX17412795,9,12,PRJNA563828,IPF / Pulmonary Fibrosis,False,22,0.5454545454545454
SRX17412796,14,2,PRJNA563828,Other,False,17,0.11764705882352941
SRX17412796,20,1,PRJNA563828,Other,False,17,0.058823529411764705
SRX17412796,26,2,PRJNA563828,Other,False,17,0.11764705882352941
SRX17412796,34,3,PRJNA563828,Other,False,17,0.17647058823529413
SRX17412796,38,1,PRJNA563828,Other,False,17,0.058823529411764705
SRX17412796,4,1,PRJNA563828,Other,False,17,0.058823529411764705
SRX17412796,6,1,PRJNA563828,Other,False,17,0.058823529411764705
SRX17412796,9,6,PRJNA563828,Other,False,17,0.35294117647058826
SRX17412797,26,4,PRJNA563828,Other,False,8,0.5
SRX17412797,44,1,PRJNA563828,Other,False,8,0.125
SRX17412797,9,3,PRJNA563828,Other,False,8,0.375
SRX17412798,0,1,PRJNA563828,IPF / Pulmonary Fibrosis,False,23,0.043478260869565216
SRX17412798,14,1,PRJNA563828,IPF / Pulmonary Fibrosis,False,23,0.043478260869565216
SRX17412798,24,1,PRJNA563828,IPF / Pulmonary Fibrosis,False,23,0.043478260869565216
SRX17412798,26,4,PRJNA563828,IPF / Pulmonary Fibrosis,False,23,0.17391304347826086
SRX17412798,3,1,PRJNA563828,IPF / Pulmonary Fibrosis,False,23,0.043478260869565216
SRX17412798,34,3,PRJNA563828,IPF / Pulmonary Fibrosis,False,23,0.13043478260869565
SRX17412798,6,1,PRJNA563828,IPF / Pulmonary Fibrosis,False,23,0.043478260869565216
SRX17412798,9,11,PRJNA563828,IPF / Pulmonary Fibrosis,False,23,0.4782608695652174
SRX17412799,0,1,PRJNA563828,Other,False,13,0.07692307692307693
SRX17412799,24,1,PRJNA563828,Other,False,13,0.07692307692307693
SRX17412799,26,1,PRJNA563828,Other,False,13,0.07692307692307693
SRX17412799,34,4,PRJNA563828,Other,False,13,0.3076923076923077
SRX17412799,38,2,PRJNA563828,Other,False,13,0.15384615384615385
SRX17412799,4,1,PRJNA563828,Other,False,13,0.07692307692307693
SRX17412799,59,2,PRJNA563828,Other,False,13,0.15384615384615385
SRX17412799,8,1,PRJNA563828,Other,False,13,0.07692307692307693
SRX17412800,26,2,PRJNA563828,IPF / Pulmonary Fibrosis,False,15,0.13333333333333333
SRX17412800,34,7,PRJNA563828,IPF / Pulmonary Fibrosis,False,15,0.4666666666666667
SRX17412800,4,4,PRJNA563828,IPF / Pulmonary Fibrosis,False,15,0.26666666666666666
SRX17412800,5,1,PRJNA563828,IPF / Pulmonary Fibrosis,False,15,0.06666666666666667
SRX17412800,9,1,PRJNA563828,IPF / Pulmonary Fibrosis,False,15,0.06666666666666667
SRX17412801,0,1,PRJNA563828,Other,False,13,0.07692307692307693
SRX17412801,1,1,PRJNA563828,Other,False,13,0.07692307692307693
SRX17412801,21,2,PRJNA563828,Other,False,13,0.15384615384615385
SRX17412801,24,1,PRJNA563828,Other,False,13,0.07692307692307693
SRX17412801,26,1,PRJNA563828,Other,False,13,0.07692307692307693
SRX17412801,4,1,PRJNA563828,Other,False,13,0.07692307692307693
SRX17412801,5,2,PRJNA563828,Other,False,13,0.15384615384615385
SRX17412801,9,4,PRJNA563828,Other,False,13,0.3076923076923077
SRX17412802,26,2,PRJNA563828,IPF / Pulmonary Fibrosis,False,5,0.4
SRX17412802,34,2,PRJNA563828,IPF / Pulmonary Fibrosis,False,5,0.4
SRX17412802,4,1,PRJNA563828,IPF / Pulmonary Fibrosis,False,5,0.2
SRX17412803,1,1,PRJNA563828,Other,False,8,0.125
SRX17412803,26,1,PRJNA563828,Other,False,8,0.125
SRX17412803,34,4,PRJNA563828,Other,False,8,0.5
SRX17412803,9,2,PRJNA563828,Other,False,8,0.25
SRX17412805,1,7,PRJNA563828,COPD,True,60,0.11666666666666667
SRX17412805,14,2,PRJNA563828,COPD,True,60,0.03333333333333333
SRX17412805,24,7,PRJNA563828,COPD,True,60,0.11666666666666667
SRX17412805,26,6,PRJNA563828,COPD,True,60,0.1
SRX17412805,32,1,PRJNA563828,COPD,True,60,0.016666666666666666
SRX17412805,34,1,PRJNA563828,COPD,True,60,0.016666666666666666
SRX17412805,36,3,PRJNA563828,COPD,True,60,0.05
SRX17412805,4,5,PRJNA563828,COPD,True,60,0.08333333333333333
SRX17412805,5,4,PRJNA563828,COPD,True,60,0.06666666666666667
SRX17412805,59,1,PRJNA563828,COPD,True,60,0.016666666666666666
SRX17412805,6,1,PRJNA563828,COPD,True,60,0.016666666666666666
SRX17412805,9,22,PRJNA563828,COPD,True,60,0.36666666666666664
SRX17412806,1,1,PRJNA563828,COPD,True,29,0.034482758620689655
SRX17412806,14,2,PRJNA563828,COPD,True,29,0.06896551724137931
SRX17412806,21,1,PRJNA563828,COPD,True,29,0.034482758620689655
SRX17412806,24,4,PRJNA563828,COPD,True,29,0.13793103448275862
SRX17412806,26,4,PRJNA563828,COPD,True,29,0.13793103448275862
SRX17412806,34,1,PRJNA563828,COPD,True,29,0.034482758620689655
SRX17412806,36,2,PRJNA563828,COPD,True,29,0.06896551724137931
SRX17412806,4,1,PRJNA563828,COPD,True,29,0.034482758620689655
SRX17412806,59,1,PRJNA563828,COPD,True,29,0.034482758620689655
SRX17412806,9,12,PRJNA563828,COPD,True,29,0.41379310344827586
SRX17412807,0,2,PRJNA563828,COPD,True,132,0.015151515151515152
SRX17412807,1,4,PRJNA563828,COPD,True,132,0.030303030303030304
SRX17412807,20,2,PRJNA563828,COPD,True,132,0.015151515151515152
SRX17412807,21,3,PRJNA563828,COPD,True,132,0.022727272727272728
SRX17412807,24,11,PRJNA563828,COPD,True,132,0.08333333333333333
SRX17412807,26,2,PRJNA563828,COPD,True,132,0.015151515151515152
SRX17412807,34,3,PRJNA563828,COPD,True,132,0.022727272727272728
SRX17412807,36,1,PRJNA563828,COPD,True,132,0.007575757575757576
SRX17412807,38,2,PRJNA563828,COPD,True,132,0.015151515151515152
SRX17412807,4,3,PRJNA563828,COPD,True,132,0.022727272727272728
SRX17412807,44,1,PRJNA563828,COPD,True,132,0.007575757575757576
SRX17412807,5,2,PRJNA563828,COPD,True,132,0.015151515151515152
SRX17412807,6,1,PRJNA563828,COPD,True,132,0.007575757575757576
SRX17412807,9,95,PRJNA563828,COPD,True,132,0.7196969696969697
SRX17412808,1,14,PRJNA563828,COPD,True,71,0.19718309859154928
SRX17412808,14,1,PRJNA563828,COPD,True,71,0.014084507042253521
SRX17412808,21,1,PRJNA563828,COPD,True,71,0.014084507042253521
SRX17412808,24,9,PRJNA563828,COPD,True,71,0.1267605633802817
SRX17412808,26,1,PRJNA563828,COPD,True,71,0.014084507042253521
SRX17412808,3,1,PRJNA563828,COPD,True,71,0.014084507042253521
SRX17412808,34,22,PRJNA563828,COPD,True,71,0.30985915492957744
SRX17412808,36,1,PRJNA563828,COPD,True,71,0.014084507042253521
SRX17412808,4,5,PRJNA563828,COPD,True,71,0.07042253521126761
SRX17412808,43,1,PRJNA563828,COPD,True,71,0.014084507042253521
SRX17412808,5,3,PRJNA563828,COPD,True,71,0.04225352112676056
SRX17412808,59,2,PRJNA563828,COPD,True,71,0.028169014084507043
SRX17412808,9,10,PRJNA563828,COPD,True,71,0.14084507042253522
SRX17412809,0,1,PRJNA563828,COPD,True,48,0.020833333333333332
SRX17412809,1,3,PRJNA563828,COPD,True,48,0.0625
SRX17412809,24,2,PRJNA563828,COPD,True,48,0.041666666666666664
SRX17412809,26,9,PRJNA563828,COPD,True,48,0.1875
SRX17412809,34,3,PRJNA563828,COPD,True,48,0.0625
SRX17412809,36,2,PRJNA563828,COPD,True,48,0.041666666666666664
SRX17412809,4,5,PRJNA563828,COPD,True,48,0.10416666666666667
SRX17412809,43,1,PRJNA563828,COPD,True,48,0.020833333333333332
SRX17412809,44,1,PRJNA563828,COPD,True,48,0.020833333333333332
SRX17412809,5,1,PRJNA563828,COPD,True,48,0.020833333333333332
SRX17412809,9,20,PRJNA563828,COPD,True,48,0.4166666666666667
SRX17412810,1,22,PRJNA563828,IPF / Pulmonary Fibrosis,True,76,0.2894736842105263
SRX17412810,24,1,PRJNA563828,IPF / Pulmonary Fibrosis,True,76,0.013157894736842105
SRX17412810,26,3,PRJNA563828,IPF / Pulmonary Fibrosis,True,76,0.039473684210526314
SRX17412810,34,3,PRJNA563828,IPF / Pulmonary Fibrosis,True,76,0.039473684210526314
SRX17412810,4,9,PRJNA563828,IPF / Pulmonary Fibrosis,True,76,0.11842105263157894
SRX17412810,43,1,PRJNA563828,IPF / Pulmonary Fibrosis,True,76,0.013157894736842105
SRX17412810,44,1,PRJNA563828,IPF / Pulmonary Fibrosis,True,76,0.013157894736842105
SRX17412810,45,1,PRJNA563828,IPF / Pulmonary Fibrosis,True,76,0.013157894736842105
SRX17412810,5,10,PRJNA563828,IPF / Pulmonary Fibrosis,True,76,0.13157894736842105
SRX17412810,6,1,PRJNA563828,IPF / Pulmonary Fibrosis,True,76,0.013157894736842105
SRX17412810,9,24,PRJNA563828,IPF / Pulmonary Fibrosis,True,76,0.3157894736842105
SRX17412811,1,12,PRJNA563828,COPD,True,71,0.16901408450704225
SRX17412811,20,1,PRJNA563828,COPD,True,71,0.014084507042253521
SRX17412811,21,1,PRJNA563828,COPD,True,71,0.014084507042253521
SRX17412811,24,3,PRJNA563828,COPD,True,71,0.04225352112676056
SRX17412811,26,1,PRJNA563828,COPD,True,71,0.014084507042253521
SRX17412811,32,1,PRJNA563828,COPD,True,71,0.014084507042253521
SRX17412811,34,15,PRJNA563828,COPD,True,71,0.2112676056338028
SRX17412811,4,15,PRJNA563828,COPD,True,71,0.2112676056338028
SRX17412811,43,1,PRJNA563828,COPD,True,71,0.014084507042253521
SRX17412811,44,2,PRJNA563828,COPD,True,71,0.028169014084507043
SRX17412811,5,6,PRJNA563828,COPD,True,71,0.08450704225352113
SRX17412811,6,1,PRJNA563828,COPD,True,71,0.014084507042253521
SRX17412811,9,12,PRJNA563828,COPD,True,71,0.16901408450704225
SRX17412812,1,5,PRJNA563828,COPD,True,32,0.15625
SRX17412812,24,6,PRJNA563828,COPD,True,32,0.1875
SRX17412812,26,1,PRJNA563828,COPD,True,32,0.03125
SRX17412812,3,1,PRJNA563828,COPD,True,32,0.03125
SRX17412812,34,2,PRJNA563828,COPD,True,32,0.0625
SRX17412812,4,3,PRJNA563828,COPD,True,32,0.09375
SRX17412812,44,2,PRJNA563828,COPD,True,32,0.0625
SRX17412812,6,2,PRJNA563828,COPD,True,32,0.0625
SRX17412812,9,10,PRJNA563828,COPD,True,32,0.3125
SRX17412813,0,1,PRJNA563828,COPD,True,35,0.02857142857142857
SRX17412813,1,6,PRJNA563828,COPD,True,35,0.17142857142857143
SRX17412813,14,1,PRJNA563828,COPD,True,35,0.02857142857142857
SRX17412813,24,2,PRJNA563828,COPD,True,35,0.05714285714285714
SRX17412813,26,6,PRJNA563828,COPD,True,35,0.17142857142857143
SRX17412813,32,1,PRJNA563828,COPD,True,35,0.02857142857142857
SRX17412813,34,5,PRJNA563828,COPD,True,35,0.14285714285714285
SRX17412813,36,1,PRJNA563828,COPD,True,35,0.02857142857142857
SRX17412813,4,1,PRJNA563828,COPD,True,35,0.02857142857142857
SRX17412813,6,4,PRJNA563828,COPD,True,35,0.11428571428571428
SRX17412813,9,7,PRJNA563828,COPD,True,35,0.2
SRX17412814,1,3,PRJNA563828,COPD,True,28,0.10714285714285714
SRX17412814,24,2,PRJNA563828,COPD,True,28,0.07142857142857142
SRX17412814,26,3,PRJNA563828,COPD,True,28,0.10714285714285714
SRX17412814,34,10,PRJNA563828,COPD,True,28,0.35714285714285715
SRX17412814,38,2,PRJNA563828,COPD,True,28,0.07142857142857142
SRX17412814,4,1,PRJNA563828,COPD,True,28,0.03571428571428571
SRX17412814,5,2,PRJNA563828,COPD,True,28,0.07142857142857142
SRX17412814,6,1,PRJNA563828,COPD,True,28,0.03571428571428571
SRX17412814,60,1,PRJNA563828,COPD,True,28,0.03571428571428571
SRX17412814,9,3,PRJNA563828,COPD,True,28,0.10714285714285714
SRX17412815,1,2,PRJNA563828,COPD,True,23,0.08695652173913043
SRX17412815,24,1,PRJNA563828,COPD,True,23,0.043478260869565216
SRX17412815,26,2,PRJNA563828,COPD,True,23,0.08695652173913043
SRX17412815,34,3,PRJNA563828,COPD,True,23,0.13043478260869565
SRX17412815,36,1,PRJNA563828,COPD,True,23,0.043478260869565216
SRX17412815,9,14,PRJNA563828,COPD,True,23,0.6086956521739131
SRX17412816,0,2,PRJNA563828,COPD,True,39,0.05128205128205128
SRX17412816,14,1,PRJNA563828,COPD,True,39,0.02564102564102564
SRX17412816,20,1,PRJNA563828,COPD,True,39,0.02564102564102564
SRX17412816,24,2,PRJNA563828,COPD,True,39,0.05128205128205128
SRX17412816,26,6,PRJNA563828,COPD,True,39,0.15384615384615385
SRX17412816,34,4,PRJNA563828,COPD,True,39,0.10256410256410256
SRX17412816,4,1,PRJNA563828,COPD,True,39,0.02564102564102564
SRX17412816,43,1,PRJNA563828,COPD,True,39,0.02564102564102564
SRX17412816,5,2,PRJNA563828,COPD,True,39,0.05128205128205128
SRX17412816,6,3,PRJNA563828,COPD,True,39,0.07692307692307693
SRX17412816,8,2,PRJNA563828,COPD,True,39,0.05128205128205128
SRX17412816,9,14,PRJNA563828,COPD,True,39,0.358974358974359
SRX17412817,0,1,PRJNA563828,COPD,True,40,0.025
SRX17412817,1,3,PRJNA563828,COPD,True,40,0.075
SRX17412817,13,2,PRJNA563828,COPD,True,40,0.05
SRX17412817,24,5,PRJNA563828,COPD,True,40,0.125
SRX17412817,26,11,PRJNA563828,COPD,True,40,0.275
SRX17412817,34,6,PRJNA563828,COPD,True,40,0.15
SRX17412817,4,1,PRJNA563828,COPD,True,40,0.025
SRX17412817,6,9,PRJNA563828,COPD,True,40,0.225
SRX17412817,9,2,PRJNA563828,COPD,True,40,0.05
SRX17412818,13,3,PRJNA563828,COPD,True,14,0.21428571428571427
SRX17412818,14,1,PRJNA563828,COPD,True,14,0.07142857142857142
SRX17412818,24,2,PRJNA563828,COPD,True,14,0.14285714285714285
SRX17412818,26,2,PRJNA563828,COPD,True,14,0.14285714285714285
SRX17412818,34,1,PRJNA563828,COPD,True,14,0.07142857142857142
SRX17412818,4,1,PRJNA563828,COPD,True,14,0.07142857142857142
SRX17412818,5,1,PRJNA563828,COPD,True,14,0.07142857142857142
SRX17412818,9,3,PRJNA563828,COPD,True,14,0.21428571428571427
SRX17412819,60,1,PRJNA563828,COPD,True,3,0.3333333333333333
SRX17412819,9,2,PRJNA563828,COPD,True,3,0.6666666666666666
SRX17412820,0,2,PRJNA563828,COPD,True,45,0.044444444444444446
SRX17412820,1,10,PRJNA563828,COPD,True,45,0.2222222222222222
SRX17412820,14,1,PRJNA563828,COPD,True,45,0.022222222222222223
SRX17412820,24,1,PRJNA563828,COPD,True,45,0.022222222222222223
SRX17412820,26,1,PRJNA563828,COPD,True,45,0.022222222222222223
SRX17412820,34,8,PRJNA563828,COPD,True,45,0.17777777777777778
SRX17412820,36,3,PRJNA563828,COPD,True,45,0.06666666666666667
SRX17412820,38,3,PRJNA563828,COPD,True,45,0.06666666666666667
SRX17412820,4,4,PRJNA563828,COPD,True,45,0.08888888888888889
SRX17412820,5,10,PRJNA563828,COPD,True,45,0.2222222222222222
SRX17412820,60,1,PRJNA563828,COPD,True,45,0.022222222222222223
SRX17412820,8,1,PRJNA563828,COPD,True,45,0.022222222222222223
SRX17412821,0,2,PRJNA563828,COPD,True,38,0.05263157894736842
SRX17412821,1,8,PRJNA563828,COPD,True,38,0.21052631578947367
SRX17412821,24,3,PRJNA563828,COPD,True,38,0.07894736842105263
SRX17412821,26,2,PRJNA563828,COPD,True,38,0.05263157894736842
SRX17412821,34,3,PRJNA563828,COPD,True,38,0.07894736842105263
SRX17412821,4,1,PRJNA563828,COPD,True,38,0.02631578947368421
SRX17412821,6,3,PRJNA563828,COPD,True,38,0.07894736842105263
SRX17412821,8,1,PRJNA563828,COPD,True,38,0.02631578947368421
SRX17412821,9,15,PRJNA563828,COPD,True,38,0.39473684210526316
SRX17412823,24,3,PRJNA563828,IPF / Pulmonary Fibrosis,True,24,0.125
SRX17412823,26,11,PRJNA563828,IPF / Pulmonary Fibrosis,True,24,0.4583333333333333
SRX17412823,34,3,PRJNA563828,IPF / Pulmonary Fibrosis,True,24,0.125
SRX17412823,4,1,PRJNA563828,IPF / Pulmonary Fibrosis,True,24,0.041666666666666664
SRX17412823,44,1,PRJNA563828,IPF / Pulmonary Fibrosis,True,24,0.041666666666666664
SRX17412823,6,1,PRJNA563828,IPF / Pulmonary Fibrosis,True,24,0.041666666666666664
SRX17412823,9,4,PRJNA563828,IPF / Pulmonary Fibrosis,True,24,0.16666666666666666
SRX17412824,1,1,PRJNA563828,IPF / Pulmonary Fibrosis,True,72,0.013888888888888888
SRX17412824,13,1,PRJNA563828,IPF / Pulmonary Fibrosis,True,72,0.013888888888888888
SRX17412824,14,1,PRJNA563828,IPF / Pulmonary Fibrosis,True,72,0.013888888888888888
SRX17412824,20,1,PRJNA563828,IPF / Pulmonary Fibrosis,True,72,0.013888888888888888
SRX17412824,23,2,PRJNA563828,IPF / Pulmonary Fibrosis,True,72,0.027777777777777776
SRX17412824,24,12,PRJNA563828,IPF / Pulmonary Fibrosis,True,72,0.16666666666666666
SRX17412824,26,22,PRJNA563828,IPF / Pulmonary Fibrosis,True,72,0.3055555555555556
SRX17412824,34,7,PRJNA563828,IPF / Pulmonary Fibrosis,True,72,0.09722222222222222
SRX17412824,36,1,PRJNA563828,IPF / Pulmonary Fibrosis,True,72,0.013888888888888888
SRX17412824,4,8,PRJNA563828,IPF / Pulmonary Fibrosis,True,72,0.1111111111111111
SRX17412824,43,1,PRJNA563828,IPF / Pulmonary Fibrosis,True,72,0.013888888888888888
SRX17412824,44,5,PRJNA563828,IPF / Pulmonary Fibrosis,True,72,0.06944444444444445
SRX17412824,5,1,PRJNA563828,IPF / Pulmonary Fibrosis,True,72,0.013888888888888888
SRX17412824,9,9,PRJNA563828,IPF / Pulmonary Fibrosis,True,72,0.125
SRX17412825,1,2,PRJNA563828,IPF / Pulmonary Fibrosis,True,39,0.05128205128205128
SRX17412825,14,4,PRJNA563828,IPF / Pulmonary Fibrosis,True,39,0.10256410256410256
SRX17412825,24,6,PRJNA563828,IPF / Pulmonary Fibrosis,True,39,0.15384615384615385
SRX17412825,26,13,PRJNA563828,IPF / Pulmonary Fibrosis,True,39,0.3333333333333333
SRX17412825,31,1,PRJNA563828,IPF / Pulmonary Fibrosis,True,39,0.02564102564102564
SRX17412825,34,4,PRJNA563828,IPF / Pulmonary Fibrosis,True,39,0.10256410256410256
SRX17412825,36,2,PRJNA563828,IPF / Pulmonary Fibrosis,True,39,0.05128205128205128
SRX17412825,44,1,PRJNA563828,IPF / Pulmonary Fibrosis,True,39,0.02564102564102564
SRX17412825,45,1,PRJNA563828,IPF / Pulmonary Fibrosis,True,39,0.02564102564102564
SRX17412825,6,1,PRJNA563828,IPF / Pulmonary Fibrosis,True,39,0.02564102564102564
SRX17412825,9,4,PRJNA563828,IPF / Pulmonary Fibrosis,True,39,0.10256410256410256
SRX17412826,1,3,PRJNA563828,IPF / Pulmonary Fibrosis,True,44,0.06818181818181818
SRX17412826,24,4,PRJNA563828,IPF / Pulmonary Fibrosis,True,44,0.09090909090909091
SRX17412826,26,6,PRJNA563828,IPF / Pulmonary Fibrosis,True,44,0.13636363636363635
SRX17412826,34,3,PRJNA563828,IPF / Pulmonary Fibrosis,True,44,0.06818181818181818
SRX17412826,38,1,PRJNA563828,IPF / Pulmonary Fibrosis,True,44,0.022727272727272728
SRX17412826,4,3,PRJNA563828,IPF / Pulmonary Fibrosis,True,44,0.06818181818181818
SRX17412826,44,3,PRJNA563828,IPF / Pulmonary Fibrosis,True,44,0.06818181818181818
SRX17412826,5,7,PRJNA563828,IPF / Pulmonary Fibrosis,True,44,0.1590909090909091
SRX17412826,6,2,PRJNA563828,IPF / Pulmonary Fibrosis,True,44,0.045454545454545456
SRX17412826,9,12,PRJNA563828,IPF / Pulmonary Fibrosis,True,44,0.2727272727272727
SRX17412827,1,4,PRJNA563828,IPF / Pulmonary Fibrosis,True,82,0.04878048780487805
SRX17412827,14,1,PRJNA563828,IPF / Pulmonary Fibrosis,True,82,0.012195121951219513
SRX17412827,20,1,PRJNA563828,IPF / Pulmonary Fibrosis,True,82,0.012195121951219513
SRX17412827,21,1,PRJNA563828,IPF / Pulmonary Fibrosis,True,82,0.012195121951219513
SRX17412827,24,9,PRJNA563828,IPF / Pulmonary Fibrosis,True,82,0.10975609756097561
SRX17412827,26,26,PRJNA563828,IPF / Pulmonary Fibrosis,True,82,0.3170731707317073
SRX17412827,31,1,PRJNA563828,IPF / Pulmonary Fibrosis,True,82,0.012195121951219513
SRX17412827,34,4,PRJNA563828,IPF / Pulmonary Fibrosis,True,82,0.04878048780487805
SRX17412827,36,1,PRJNA563828,IPF / Pulmonary Fibrosis,True,82,0.012195121951219513
SRX17412827,4,4,PRJNA563828,IPF / Pulmonary Fibrosis,True,82,0.04878048780487805
SRX17412827,43,2,PRJNA563828,IPF / Pulmonary Fibrosis,True,82,0.024390243902439025
SRX17412827,44,3,PRJNA563828,IPF / Pulmonary Fibrosis,True,82,0.036585365853658534
SRX17412827,5,3,PRJNA563828,IPF / Pulmonary Fibrosis,True,82,0.036585365853658534
SRX17412827,6,8,PRJNA563828,IPF / Pulmonary Fibrosis,True,82,0.0975609756097561
SRX17412827,9,14,PRJNA563828,IPF / Pulmonary Fibrosis,True,82,0.17073170731707318
SRX17412828,1,2,PRJNA563828,IPF / Pulmonary Fibrosis,True,72,0.027777777777777776
SRX17412828,14,1,PRJNA563828,IPF / Pulmonary Fibrosis,True,72,0.013888888888888888
SRX17412828,24,11,PRJNA563828,IPF / Pulmonary Fibrosis,True,72,0.1527777777777778
SRX17412828,26,12,PRJNA563828,IPF / Pulmonary Fibrosis,True,72,0.16666666666666666
SRX17412828,31,1,PRJNA563828,IPF / Pulmonary Fibrosis,True,72,0.013888888888888888
SRX17412828,34,11,PRJNA563828,IPF / Pulmonary Fibrosis,True,72,0.1527777777777778
SRX17412828,36,5,PRJNA563828,IPF / Pulmonary Fibrosis,True,72,0.06944444444444445
SRX17412828,4,2,PRJNA563828,IPF / Pulmonary Fibrosis,True,72,0.027777777777777776
SRX17412828,5,1,PRJNA563828,IPF / Pulmonary Fibrosis,True,72,0.013888888888888888
SRX17412828,59,1,PRJNA563828,IPF / Pulmonary Fibrosis,True,72,0.013888888888888888
SRX17412828,9,25,PRJNA563828,IPF / Pulmonary Fibrosis,True,72,0.3472222222222222
SRX17412829,1,5,PRJNA563828,IPF / Pulmonary Fibrosis,True,61,0.08196721311475409
SRX17412829,13,2,PRJNA563828,IPF / Pulmonary Fibrosis,True,61,0.03278688524590164
SRX17412829,20,1,PRJNA563828,IPF / Pulmonary Fibrosis,True,61,0.01639344262295082
SRX17412829,23,1,PRJNA563828,IPF / Pulmonary Fibrosis,True,61,0.01639344262295082
SRX17412829,24,9,PRJNA563828,IPF / Pulmonary Fibrosis,True,61,0.14754098360655737
SRX17412829,26,5,PRJNA563828,IPF / Pulmonary Fibrosis,True,61,0.08196721311475409
SRX17412829,34,3,PRJNA563828,IPF / Pulmonary Fibrosis,True,61,0.04918032786885246
SRX17412829,36,1,PRJNA563828,IPF / Pulmonary Fibrosis,True,61,0.01639344262295082
SRX17412829,4,6,PRJNA563828,IPF / Pulmonary Fibrosis,True,61,0.09836065573770492
SRX17412829,43,1,PRJNA563828,IPF / Pulmonary Fibrosis,True,61,0.01639344262295082
SRX17412829,44,4,PRJNA563828,IPF / Pulmonary Fibrosis,True,61,0.06557377049180328
SRX17412829,5,2,PRJNA563828,IPF / Pulmonary Fibrosis,True,61,0.03278688524590164
SRX17412829,6,4,PRJNA563828,IPF / Pulmonary Fibrosis,True,61,0.06557377049180328
SRX17412829,9,17,PRJNA563828,IPF / Pulmonary Fibrosis,True,61,0.2786885245901639
SRX17412830,1,4,PRJNA563828,IPF / Pulmonary Fibrosis,True,49,0.08163265306122448
SRX17412830,13,1,PRJNA563828,IPF / Pulmonary Fibrosis,True,49,0.02040816326530612
SRX17412830,21,1,PRJNA563828,IPF / Pulmonary Fibrosis,True,49,0.02040816326530612
SRX17412830,24,5,PRJNA563828,IPF / Pulmonary Fibrosis,True,49,0.10204081632653061
SRX17412830,26,16,PRJNA563828,IPF / Pulmonary Fibrosis,True,49,0.32653061224489793
SRX17412830,34,3,PRJNA563828,IPF / Pulmonary Fibrosis,True,49,0.061224489795918366
SRX17412830,36,1,PRJNA563828,IPF / Pulmonary Fibrosis,True,49,0.02040816326530612
SRX17412830,4,4,PRJNA563828,IPF / Pulmonary Fibrosis,True,49,0.08163265306122448
SRX17412830,5,2,PRJNA563828,IPF / Pulmonary Fibrosis,True,49,0.04081632653061224
SRX17412830,6,1,PRJNA563828,IPF / Pulmonary Fibrosis,True,49,0.02040816326530612
SRX17412830,8,1,PRJNA563828,IPF / Pulmonary Fibrosis,True,49,0.02040816326530612
SRX17412830,9,10,PRJNA563828,IPF / Pulmonary Fibrosis,True,49,0.20408163265306123
SRX17412831,1,2,PRJNA563828,IPF / Pulmonary Fibrosis,True,65,0.03076923076923077
SRX17412831,20,2,PRJNA563828,IPF / Pulmonary Fibrosis,True,65,0.03076923076923077
SRX17412831,24,3,PRJNA563828,IPF / Pulmonary Fibrosis,True,65,0.046153846153846156
SRX17412831,26,24,PRJNA563828,IPF / Pulmonary Fibrosis,True,65,0.36923076923076925
SRX17412831,34,8,PRJNA563828,IPF / Pulmonary Fibrosis,True,65,0.12307692307692308
SRX17412831,43,1,PRJNA563828,IPF / Pulmonary Fibrosis,True,65,0.015384615384615385
SRX17412831,44,4,PRJNA563828,IPF / Pulmonary Fibrosis,True,65,0.06153846153846154
SRX17412831,5,2,PRJNA563828,IPF / Pulmonary Fibrosis,True,65,0.03076923076923077
SRX17412831,6,1,PRJNA563828,IPF / Pulmonary Fibrosis,True,65,0.015384615384615385
SRX17412831,60,1,PRJNA563828,IPF / Pulmonary Fibrosis,True,65,0.015384615384615385
SRX17412831,9,17,PRJNA563828,IPF / Pulmonary Fibrosis,True,65,0.26153846153846155
SRX17412832,1,2,PRJNA563828,IPF / Pulmonary Fibrosis,True,43,0.046511627906976744
SRX17412832,24,2,PRJNA563828,IPF / Pulmonary Fibrosis,True,43,0.046511627906976744
SRX17412832,26,16,PRJNA563828,IPF / Pulmonary Fibrosis,True,43,0.37209302325581395
SRX17412832,31,1,PRJNA563828,IPF / Pulmonary Fibrosis,True,43,0.023255813953488372
SRX17412832,34,1,PRJNA563828,IPF / Pulmonary Fibrosis,True,43,0.023255813953488372
SRX17412832,4,1,PRJNA563828,IPF / Pulmonary Fibrosis,True,43,0.023255813953488372
SRX17412832,43,2,PRJNA563828,IPF / Pulmonary Fibrosis,True,43,0.046511627906976744
SRX17412832,44,8,PRJNA563828,IPF / Pulmonary Fibrosis,True,43,0.18604651162790697
SRX17412832,5,2,PRJNA563828,IPF / Pulmonary Fibrosis,True,43,0.046511627906976744
SRX17412832,6,3,PRJNA563828,IPF / Pulmonary Fibrosis,True,43,0.06976744186046512
SRX17412832,9,5,PRJNA563828,IPF / Pulmonary Fibrosis,True,43,0.11627906976744186
SRX17412833,26,8,PRJNA563828,IPF / Pulmonary Fibrosis,True,16,0.5
SRX17412833,43,4,PRJNA563828,IPF / Pulmonary Fibrosis,True,16,0.25
SRX17412833,44,4,PRJNA563828,IPF / Pulmonary Fibrosis,True,16,0.25
SRX17412834,1,1,PRJNA563828,IPF / Pulmonary Fibrosis,True,53,0.018867924528301886
SRX17412834,24,5,PRJNA563828,IPF / Pulmonary Fibrosis,True,53,0.09433962264150944
SRX17412834,26,16,PRJNA563828,IPF / Pulmonary Fibrosis,True,53,0.3018867924528302
SRX17412834,34,5,PRJNA563828,IPF / Pulmonary Fibrosis,True,53,0.09433962264150944
SRX17412834,4,2,PRJNA563828,IPF / Pulmonary Fibrosis,True,53,0.03773584905660377
SRX17412834,43,1,PRJNA563828,IPF / Pulmonary Fibrosis,True,53,0.018867924528301886
SRX17412834,44,6,PRJNA563828,IPF / Pulmonary Fibrosis,True,53,0.11320754716981132
SRX17412834,5,2,PRJNA563828,IPF / Pulmonary Fibrosis,True,53,0.03773584905660377
SRX17412834,6,3,PRJNA563828,IPF / Pulmonary Fibrosis,True,53,0.05660377358490566
SRX17412834,9,12,PRJNA563828,IPF / Pulmonary Fibrosis,True,53,0.22641509433962265
SRX17412835,1,7,PRJNA563828,IPF / Pulmonary Fibrosis,True,95,0.07368421052631578
SRX17412835,13,1,PRJNA563828,IPF / Pulmonary Fibrosis,True,95,0.010526315789473684
SRX17412835,14,1,PRJNA563828,IPF / Pulmonary Fibrosis,True,95,0.010526315789473684
SRX17412835,20,3,PRJNA563828,IPF / Pulmonary Fibrosis,True,95,0.031578947368421054
SRX17412835,24,13,PRJNA563828,IPF / Pulmonary Fibrosis,True,95,0.1368421052631579
SRX17412835,26,25,PRJNA563828,IPF / Pulmonary Fibrosis,True,95,0.2631578947368421
SRX17412835,34,4,PRJNA563828,IPF / Pulmonary Fibrosis,True,95,0.042105263157894736
SRX17412835,36,1,PRJNA563828,IPF / Pulmonary Fibrosis,True,95,0.010526315789473684
SRX17412835,4,7,PRJNA563828,IPF / Pulmonary Fibrosis,True,95,0.07368421052631578
SRX17412835,43,2,PRJNA563828,IPF / Pulmonary Fibrosis,True,95,0.021052631578947368
SRX17412835,44,1,PRJNA563828,IPF / Pulmonary Fibrosis,True,95,0.010526315789473684
SRX17412835,5,11,PRJNA563828,IPF / Pulmonary Fibrosis,True,95,0.11578947368421053
SRX17412835,6,3,PRJNA563828,IPF / Pulmonary Fibrosis,True,95,0.031578947368421054
SRX17412835,9,16,PRJNA563828,IPF / Pulmonary Fibrosis,True,95,0.16842105263157894
SRX17412836,1,2,PRJNA563828,IPF / Pulmonary Fibrosis,True,133,0.015037593984962405
SRX17412836,13,1,PRJNA563828,IPF / Pulmonary Fibrosis,True,133,0.007518796992481203
SRX17412836,14,7,PRJNA563828,IPF / Pulmonary Fibrosis,True,133,0.05263157894736842
SRX17412836,20,1,PRJNA563828,IPF / Pulmonary Fibrosis,True,133,0.007518796992481203
SRX17412836,21,1,PRJNA563828,IPF / Pulmonary Fibrosis,True,133,0.007518796992481203
SRX17412836,24,10,PRJNA563828,IPF / Pulmonary Fibrosis,True,133,0.07518796992481203
SRX17412836,26,41,PRJNA563828,IPF / Pulmonary Fibrosis,True,133,0.3082706766917293
SRX17412836,31,1,PRJNA563828,IPF / Pulmonary Fibrosis,True,133,0.007518796992481203
SRX17412836,34,11,PRJNA563828,IPF / Pulmonary Fibrosis,True,133,0.08270676691729323
SRX17412836,36,5,PRJNA563828,IPF / Pulmonary Fibrosis,True,133,0.03759398496240601
SRX17412836,4,2,PRJNA563828,IPF / Pulmonary Fibrosis,True,133,0.015037593984962405
SRX17412836,44,7,PRJNA563828,IPF / Pulmonary Fibrosis,True,133,0.05263157894736842
SRX17412836,5,3,PRJNA563828,IPF / Pulmonary Fibrosis,True,133,0.022556390977443608
SRX17412836,59,1,PRJNA563828,IPF / Pulmonary Fibrosis,True,133,0.007518796992481203
SRX17412836,60,5,PRJNA563828,IPF / Pulmonary Fibrosis,True,133,0.03759398496240601
SRX17412836,8,4,PRJNA563828,IPF / Pulmonary Fibrosis,True,133,0.03007518796992481
SRX17412836,9,31,PRJNA563828,IPF / Pulmonary Fibrosis,True,133,0.23308270676691728
SRX17412837,1,3,PRJNA563828,IPF / Pulmonary Fibrosis,True,34,0.08823529411764706
SRX17412837,21,1,PRJNA563828,IPF / Pulmonary Fibrosis,True,34,0.029411764705882353
SRX17412837,26,13,PRJNA563828,IPF / Pulmonary Fibrosis,True,34,0.38235294117647056
SRX17412837,34,4,PRJNA563828,IPF / Pulmonary Fibrosis,True,34,0.11764705882352941
SRX17412837,36,2,PRJNA563828,IPF / Pulmonary Fibrosis,True,34,0.058823529411764705
SRX17412837,4,2,PRJNA563828,IPF / Pulmonary Fibrosis,True,34,0.058823529411764705
SRX17412837,5,1,PRJNA563828,IPF / Pulmonary Fibrosis,True,34,0.029411764705882353
SRX17412837,6,1,PRJNA563828,IPF / Pulmonary Fibrosis,True,34,0.029411764705882353
SRX17412837,9,7,PRJNA563828,IPF / Pulmonary Fibrosis,True,34,0.20588235294117646
SRX17412839,0,1,PRJNA563828,IPF / Pulmonary Fibrosis,True,56,0.017857142857142856
SRX17412839,1,2,PRJNA563828,IPF / Pulmonary Fibrosis,True,56,0.03571428571428571
SRX17412839,14,5,PRJNA563828,IPF / Pulmonary Fibrosis,True,56,0.08928571428571429
SRX17412839,21,2,PRJNA563828,IPF / Pulmonary Fibrosis,True,56,0.03571428571428571
SRX17412839,24,2,PRJNA563828,IPF / Pulmonary Fibrosis,True,56,0.03571428571428571
SRX17412839,26,22,PRJNA563828,IPF / Pulmonary Fibrosis,True,56,0.39285714285714285
SRX17412839,34,3,PRJNA563828,IPF / Pulmonary Fibrosis,True,56,0.05357142857142857
SRX17412839,36,3,PRJNA563828,IPF / Pulmonary Fibrosis,True,56,0.05357142857142857
SRX17412839,5,7,PRJNA563828,IPF / Pulmonary Fibrosis,True,56,0.125
SRX17412839,6,2,PRJNA563828,IPF / Pulmonary Fibrosis,True,56,0.03571428571428571
SRX17412839,9,7,PRJNA563828,IPF / Pulmonary Fibrosis,True,56,0.125
SRX17412840,24,2,PRJNA563828,IPF / Pulmonary Fibrosis,True,33,0.06060606060606061
SRX17412840,26,4,PRJNA563828,IPF / Pulmonary Fibrosis,True,33,0.12121212121212122
SRX17412840,34,3,PRJNA563828,IPF / Pulmonary Fibrosis,True,33,0.09090909090909091
SRX17412840,4,1,PRJNA563828,IPF / Pulmonary Fibrosis,True,33,0.030303030303030304
SRX17412840,44,2,PRJNA563828,IPF / Pulmonary Fibrosis,True,33,0.06060606060606061
SRX17412840,9,21,PRJNA563828,IPF / Pulmonary Fibrosis,True,33,0.6363636363636364
SRX17412841,1,4,PRJNA563828,IPF / Pulmonary Fibrosis,True,44,0.09090909090909091
SRX17412841,13,1,PRJNA563828,IPF / Pulmonary Fibrosis,True,44,0.022727272727272728
SRX17412841,20,1,PRJNA563828,IPF / Pulmonary Fibrosis,True,44,0.022727272727272728
SRX17412841,24,5,PRJNA563828,IPF / Pulmonary Fibrosis,True,44,0.11363636363636363
SRX17412841,26,12,PRJNA563828,IPF / Pulmonary Fibrosis,True,44,0.2727272727272727
SRX17412841,43,1,PRJNA563828,IPF / Pulmonary Fibrosis,True,44,0.022727272727272728
SRX17412841,44,4,PRJNA563828,IPF / Pulmonary Fibrosis,True,44,0.09090909090909091
SRX17412841,45,2,PRJNA563828,IPF / Pulmonary Fibrosis,True,44,0.045454545454545456
SRX17412841,5,1,PRJNA563828,IPF / Pulmonary Fibrosis,True,44,0.022727272727272728
SRX17412841,52,1,PRJNA563828,IPF / Pulmonary Fibrosis,True,44,0.022727272727272728
SRX17412841,6,1,PRJNA563828,IPF / Pulmonary Fibrosis,True,44,0.022727272727272728
SRX17412841,9,11,PRJNA563828,IPF / Pulmonary Fibrosis,True,44,0.25
SRX17412842,1,5,PRJNA563828,IPF / Pulmonary Fibrosis,True,36,0.1388888888888889
SRX17412842,14,6,PRJNA563828,IPF / Pulmonary Fibrosis,True,36,0.16666666666666666
SRX17412842,20,1,PRJNA563828,IPF / Pulmonary Fibrosis,True,36,0.027777777777777776
SRX17412842,24,2,PRJNA563828,IPF / Pulmonary Fibrosis,True,36,0.05555555555555555
SRX17412842,26,6,PRJNA563828,IPF / Pulmonary Fibrosis,True,36,0.16666666666666666
SRX17412842,34,2,PRJNA563828,IPF / Pulmonary Fibrosis,True,36,0.05555555555555555
SRX17412842,36,4,PRJNA563828,IPF / Pulmonary Fibrosis,True,36,0.1111111111111111
SRX17412842,4,1,PRJNA563828,IPF / Pulmonary Fibrosis,True,36,0.027777777777777776
SRX17412842,43,1,PRJNA563828,IPF / Pulmonary Fibrosis,True,36,0.027777777777777776
SRX17412842,59,1,PRJNA563828,IPF / Pulmonary Fibrosis,True,36,0.027777777777777776
SRX17412842,60,2,PRJNA563828,IPF / Pulmonary Fibrosis,True,36,0.05555555555555555
SRX17412842,9,5,PRJNA563828,IPF / Pulmonary Fibrosis,True,36,0.1388888888888889
SRX17412843,1,6,PRJNA563828,IPF / Pulmonary Fibrosis,True,51,0.11764705882352941
SRX17412843,14,8,PRJNA563828,IPF / Pulmonary Fibrosis,True,51,0.1568627450980392
SRX17412843,20,2,PRJNA563828,IPF / Pulmonary Fibrosis,True,51,0.0392156862745098
SRX17412843,21,1,PRJNA563828,IPF / Pulmonary Fibrosis,True,51,0.0196078431372549
SRX17412843,24,2,PRJNA563828,IPF / Pulmonary Fibrosis,True,51,0.0392156862745098
SRX17412843,26,6,PRJNA563828,IPF / Pulmonary Fibrosis,True,51,0.11764705882352941
SRX17412843,31,2,PRJNA563828,IPF / Pulmonary Fibrosis,True,51,0.0392156862745098
SRX17412843,34,4,PRJNA563828,IPF / Pulmonary Fibrosis,True,51,0.0784313725490196
SRX17412843,36,5,PRJNA563828,IPF / Pulmonary Fibrosis,True,51,0.09803921568627451
SRX17412843,43,1,PRJNA563828,IPF / Pulmonary Fibrosis,True,51,0.0196078431372549
SRX17412843,5,1,PRJNA563828,IPF / Pulmonary Fibrosis,True,51,0.0196078431372549
SRX17412843,59,1,PRJNA563828,IPF / Pulmonary Fibrosis,True,51,0.0196078431372549
SRX17412843,60,2,PRJNA563828,IPF / Pulmonary Fibrosis,True,51,0.0392156862745098
SRX17412843,9,10,PRJNA563828,IPF / Pulmonary Fibrosis,True,51,0.19607843137254902
SRX17412844,1,1,PRJNA563828,IPF / Pulmonary Fibrosis,True,31,0.03225806451612903
SRX17412844,14,1,PRJNA563828,IPF / Pulmonary Fibrosis,True,31,0.03225806451612903
SRX17412844,24,8,PRJNA563828,IPF / Pulmonary Fibrosis,True,31,0.25806451612903225
SRX17412844,26,8,PRJNA563828,IPF / Pulmonary Fibrosis,True,31,0.25806451612903225
SRX17412844,34,3,PRJNA563828,IPF / Pulmonary Fibrosis,True,31,0.0967741935483871
SRX17412844,36,1,PRJNA563828,IPF / Pulmonary Fibrosis,True,31,0.03225806451612903
SRX17412844,38,1,PRJNA563828,IPF / Pulmonary Fibrosis,True,31,0.03225806451612903
SRX17412844,4,1,PRJNA563828,IPF / Pulmonary Fibrosis,True,31,0.03225806451612903
SRX17412844,44,1,PRJNA563828,IPF / Pulmonary Fibrosis,True,31,0.03225806451612903
SRX17412844,5,1,PRJNA563828,IPF / Pulmonary Fibrosis,True,31,0.03225806451612903
SRX17412844,9,5,PRJNA563828,IPF / Pulmonary Fibrosis,True,31,0.16129032258064516
SRX17412845,1,2,PRJNA563828,IPF / Pulmonary Fibrosis,True,55,0.03636363636363636
SRX17412845,14,2,PRJNA563828,IPF / Pulmonary Fibrosis,True,55,0.03636363636363636
SRX17412845,20,1,PRJNA563828,IPF / Pulmonary Fibrosis,True,55,0.01818181818181818
SRX17412845,24,5,PRJNA563828,IPF / Pulmonary Fibrosis,True,55,0.09090909090909091
SRX17412845,26,15,PRJNA563828,IPF / Pulmonary Fibrosis,True,55,0.2727272727272727
SRX17412845,31,1,PRJNA563828,IPF / Pulmonary Fibrosis,True,55,0.01818181818181818
SRX17412845,34,1,PRJNA563828,IPF / Pulmonary Fibrosis,True,55,0.01818181818181818
SRX17412845,36,3,PRJNA563828,IPF / Pulmonary Fibrosis,True,55,0.05454545454545454
SRX17412845,4,1,PRJNA563828,IPF / Pulmonary Fibrosis,True,55,0.01818181818181818
SRX17412845,44,2,PRJNA563828,IPF / Pulmonary Fibrosis,True,55,0.03636363636363636
SRX17412845,5,1,PRJNA563828,IPF / Pulmonary Fibrosis,True,55,0.01818181818181818
SRX17412845,6,1,PRJNA563828,IPF / Pulmonary Fibrosis,True,55,0.01818181818181818
SRX17412845,9,20,PRJNA563828,IPF / Pulmonary Fibrosis,True,55,0.36363636363636365
SRX17412846,14,1,PRJNA563828,IPF / Pulmonary Fibrosis,True,15,0.06666666666666667
SRX17412846,21,1,PRJNA563828,IPF / Pulmonary Fibrosis,True,15,0.06666666666666667
SRX17412846,26,3,PRJNA563828,IPF / Pulmonary Fibrosis,True,15,0.2
SRX17412846,4,2,PRJNA563828,IPF / Pulmonary Fibrosis,True,15,0.13333333333333333
SRX17412846,44,1,PRJNA563828,IPF / Pulmonary Fibrosis,True,15,0.06666666666666667
SRX17412846,6,2,PRJNA563828,IPF / Pulmonary Fibrosis,True,15,0.13333333333333333
SRX17412846,9,5,PRJNA563828,IPF / Pulmonary Fibrosis,True,15,0.3333333333333333
SRX17412847,1,3,PRJNA563828,IPF / Pulmonary Fibrosis,True,50,0.06
SRX17412847,21,1,PRJNA563828,IPF / Pulmonary Fibrosis,True,50,0.02
SRX17412847,24,3,PRJNA563828,IPF / Pulmonary Fibrosis,True,50,0.06
SRX17412847,26,16,PRJNA563828,IPF / Pulmonary Fibrosis,True,50,0.32
SRX17412847,34,6,PRJNA563828,IPF / Pulmonary Fibrosis,True,50,0.12
SRX17412847,36,2,PRJNA563828,IPF / Pulmonary Fibrosis,True,50,0.04
SRX17412847,4,2,PRJNA563828,IPF / Pulmonary Fibrosis,True,50,0.04
SRX17412847,44,3,PRJNA563828,IPF / Pulmonary Fibrosis,True,50,0.06
SRX17412847,5,1,PRJNA563828,IPF / Pulmonary Fibrosis,True,50,0.02
SRX17412847,6,1,PRJNA563828,IPF / Pulmonary Fibrosis,True,50,0.02
SRX17412847,60,2,PRJNA563828,IPF / Pulmonary Fibrosis,True,50,0.04
SRX17412847,9,10,PRJNA563828,IPF / Pulmonary Fibrosis,True,50,0.2
SRX17412848,14,1,PRJNA563828,IPF / Pulmonary Fibrosis,True,42,0.023809523809523808
SRX17412848,20,1,PRJNA563828,IPF / Pulmonary Fibrosis,True,42,0.023809523809523808
SRX17412848,21,1,PRJNA563828,IPF / Pulmonary Fibrosis,True,42,0.023809523809523808
SRX17412848,24,6,PRJNA563828,IPF / Pulmonary Fibrosis,True,42,0.14285714285714285
SRX17412848,26,7,PRJNA563828,IPF / Pulmonary Fibrosis,True,42,0.16666666666666666
SRX17412848,34,1,PRJNA563828,IPF / Pulmonary Fibrosis,True,42,0.023809523809523808
SRX17412848,4,8,PRJNA563828,IPF / Pulmonary Fibrosis,True,42,0.19047619047619047
SRX17412848,5,4,PRJNA563828,IPF / Pulmonary Fibrosis,True,42,0.09523809523809523
SRX17412848,6,1,PRJNA563828,IPF / Pulmonary Fibrosis,True,42,0.023809523809523808
SRX17412848,9,12,PRJNA563828,IPF / Pulmonary Fibrosis,True,42,0.2857142857142857
SRX17412849,1,2,PRJNA563828,IPF / Pulmonary Fibrosis,True,14,0.14285714285714285
SRX17412849,14,1,PRJNA563828,IPF / Pulmonary Fibrosis,True,14,0.07142857142857142
SRX17412849,24,1,PRJNA563828,IPF / Pulmonary Fibrosis,True,14,0.07142857142857142
SRX17412849,34,1,PRJNA563828,IPF / Pulmonary Fibrosis,True,14,0.07142857142857142
SRX17412849,36,4,PRJNA563828,IPF / Pulmonary Fibrosis,True,14,0.2857142857142857
SRX17412849,4,2,PRJNA563828,IPF / Pulmonary Fibrosis,True,14,0.14285714285714285
SRX17412849,43,1,PRJNA563828,IPF / Pulmonary Fibrosis,True,14,0.07142857142857142
SRX17412849,44,1,PRJNA563828,IPF / Pulmonary Fibrosis,True,14,0.07142857142857142
SRX17412849,9,1,PRJNA563828,IPF / Pulmonary Fibrosis,True,14,0.07142857142857142
SRX17412850,14,4,PRJNA563828,IPF / Pulmonary Fibrosis,True,57,0.07017543859649122
SRX17412850,20,2,PRJNA563828,IPF / Pulmonary Fibrosis,True,57,0.03508771929824561
SRX17412850,21,1,PRJNA563828,IPF / Pulmonary Fibrosis,True,57,0.017543859649122806
SRX17412850,24,1,PRJNA563828,IPF / Pulmonary Fibrosis,True,57,0.017543859649122806
SRX17412850,26,7,PRJNA563828,IPF / Pulmonary Fibrosis,True,57,0.12280701754385964
SRX17412850,31,1,PRJNA563828,IPF / Pulmonary Fibrosis,True,57,0.017543859649122806
SRX17412850,34,1,PRJNA563828,IPF / Pulmonary Fibrosis,True,57,0.017543859649122806
SRX17412850,4,1,PRJNA563828,IPF / Pulmonary Fibrosis,True,57,0.017543859649122806
SRX17412850,5,1,PRJNA563828,IPF / Pulmonary Fibrosis,True,57,0.017543859649122806
SRX17412850,59,1,PRJNA563828,IPF / Pulmonary Fibrosis,True,57,0.017543859649122806
SRX17412850,9,37,PRJNA563828,IPF / Pulmonary Fibrosis,True,57,0.6491228070175439
SRX17412851,1,1,PRJNA563828,IPF / Pulmonary Fibrosis,True,44,0.022727272727272728
SRX17412851,13,1,PRJNA563828,IPF / Pulmonary Fibrosis,True,44,0.022727272727272728
SRX17412851,14,5,PRJNA563828,IPF / Pulmonary Fibrosis,True,44,0.11363636363636363
SRX17412851,20,3,PRJNA563828,IPF / Pulmonary Fibrosis,True,44,0.06818181818181818
SRX17412851,21,1,PRJNA563828,IPF / Pulmonary Fibrosis,True,44,0.022727272727272728
SRX17412851,24,1,PRJNA563828,IPF / Pulmonary Fibrosis,True,44,0.022727272727272728
SRX17412851,26,17,PRJNA563828,IPF / Pulmonary Fibrosis,True,44,0.38636363636363635
SRX17412851,31,4,PRJNA563828,IPF / Pulmonary Fibrosis,True,44,0.09090909090909091
SRX17412851,34,1,PRJNA563828,IPF / Pulmonary Fibrosis,True,44,0.022727272727272728
SRX17412851,36,5,PRJNA563828,IPF / Pulmonary Fibrosis,True,44,0.11363636363636363
SRX17412851,44,1,PRJNA563828,IPF / Pulmonary Fibrosis,True,44,0.022727272727272728
SRX17412851,59,2,PRJNA563828,IPF / Pulmonary Fibrosis,True,44,0.045454545454545456
SRX17412851,6,1,PRJNA563828,IPF / Pulmonary Fibrosis,True,44,0.022727272727272728
SRX17412851,9,1,PRJNA563828,IPF / Pulmonary Fibrosis,True,44,0.022727272727272728
SRX17412852,20,1,PRJNA563828,IPF / Pulmonary Fibrosis,True,19,0.05263157894736842
SRX17412852,26,7,PRJNA563828,IPF / Pulmonary Fibrosis,True,19,0.3684210526315789
SRX17412852,32,1,PRJNA563828,IPF / Pulmonary Fibrosis,True,19,0.05263157894736842
SRX17412852,34,3,PRJNA563828,IPF / Pulmonary Fibrosis,True,19,0.15789473684210525
SRX17412852,36,1,PRJNA563828,IPF / Pulmonary Fibrosis,True,19,0.05263157894736842
SRX17412852,5,1,PRJNA563828,IPF / Pulmonary Fibrosis,True,19,0.05263157894736842
SRX17412852,60,1,PRJNA563828,IPF / Pulmonary Fibrosis,True,19,0.05263157894736842
SRX17412852,9,4,PRJNA563828,IPF / Pulmonary Fibrosis,True,19,0.21052631578947367
SRX17412853,1,2,PRJNA563828,IPF / Pulmonary Fibrosis,True,58,0.034482758620689655
SRX17412853,14,1,PRJNA563828,IPF / Pulmonary Fibrosis,True,58,0.017241379310344827
SRX17412853,24,5,PRJNA563828,IPF / Pulmonary Fibrosis,True,58,0.08620689655172414
SRX17412853,26,13,PRJNA563828,IPF / Pulmonary Fibrosis,True,58,0.22413793103448276
SRX17412853,31,1,PRJNA563828,IPF / Pulmonary Fibrosis,True,58,0.017241379310344827
SRX17412853,34,3,PRJNA563828,IPF / Pulmonary Fibrosis,True,58,0.05172413793103448
SRX17412853,4,2,PRJNA563828,IPF / Pulmonary Fibrosis,True,58,0.034482758620689655
SRX17412853,44,2,PRJNA563828,IPF / Pulmonary Fibrosis,True,58,0.034482758620689655
SRX17412853,5,9,PRJNA563828,IPF / Pulmonary Fibrosis,True,58,0.15517241379310345
SRX17412853,7,1,PRJNA563828,IPF / Pulmonary Fibrosis,True,58,0.017241379310344827
SRX17412853,8,1,PRJNA563828,IPF / Pulmonary Fibrosis,True,58,0.017241379310344827
SRX17412853,9,18,PRJNA563828,IPF / Pulmonary Fibrosis,True,58,0.3103448275862069
SRX17412854,1,3,PRJNA563828,IPF / Pulmonary Fibrosis,True,83,0.03614457831325301
SRX17412854,10,1,PRJNA563828,IPF / Pulmonary Fibrosis,True,83,0.012048192771084338
SRX17412854,14,1,PRJNA563828,IPF / Pulmonary Fibrosis,True,83,0.012048192771084338
SRX17412854,17,1,PRJNA563828,IPF / Pulmonary Fibrosis,True,83,0.012048192771084338
SRX17412854,21,4,PRJNA563828,IPF / Pulmonary Fibrosis,True,83,0.04819277108433735
SRX17412854,24,6,PRJNA563828,IPF / Pulmonary Fibrosis,True,83,0.07228915662650602
SRX17412854,26,7,PRJNA563828,IPF / Pulmonary Fibrosis,True,83,0.08433734939759036
SRX17412854,32,1,PRJNA563828,IPF / Pulmonary Fibrosis,True,83,0.012048192771084338
SRX17412854,34,7,PRJNA563828,IPF / Pulmonary Fibrosis,True,83,0.08433734939759036
SRX17412854,4,7,PRJNA563828,IPF / Pulmonary Fibrosis,True,83,0.08433734939759036
SRX17412854,43,5,PRJNA563828,IPF / Pulmonary Fibrosis,True,83,0.060240963855421686
SRX17412854,45,2,PRJNA563828,IPF / Pulmonary Fibrosis,True,83,0.024096385542168676
SRX17412854,5,3,PRJNA563828,IPF / Pulmonary Fibrosis,True,83,0.03614457831325301
SRX17412854,7,1,PRJNA563828,IPF / Pulmonary Fibrosis,True,83,0.012048192771084338
SRX17412854,9,34,PRJNA563828,IPF / Pulmonary Fibrosis,True,83,0.40963855421686746
SRX17664572,14,11,PRJNA882878,Cystic Fibrosis,True,52,0.21153846153846154
SRX17664572,20,1,PRJNA882878,Cystic Fibrosis,True,52,0.019230769230769232
SRX17664572,21,2,PRJNA882878,Cystic Fibrosis,True,52,0.038461538461538464
SRX17664572,24,3,PRJNA882878,Cystic Fibrosis,True,52,0.057692307692307696
SRX17664572,26,17,PRJNA882878,Cystic Fibrosis,True,52,0.3269230769230769
SRX17664572,34,2,PRJNA882878,Cystic Fibrosis,True,52,0.038461538461538464
SRX17664572,52,3,PRJNA882878,Cystic Fibrosis,True,52,0.057692307692307696
SRX17664572,8,1,PRJNA882878,Cystic Fibrosis,True,52,0.019230769230769232
SRX17664572,9,12,PRJNA882878,Cystic Fibrosis,True,52,0.23076923076923078
SRX17689195,1,3,PRJNA883741,Other,False,32,0.09375
SRX17689195,26,14,PRJNA883741,Other,False,32,0.4375
SRX17689195,36,1,PRJNA883741,Other,False,32,0.03125
SRX17689195,4,2,PRJNA883741,Other,False,32,0.0625
SRX17689195,5,3,PRJNA883741,Other,False,32,0.09375
SRX17689195,59,1,PRJNA883741,Other,False,32,0.03125
SRX17689195,6,2,PRJNA883741,Other,False,32,0.0625
SRX17689195,9,6,PRJNA883741,Other,False,32,0.1875
SRX17689196,1,6,PRJNA883741,Other,False,47,0.1276595744680851
SRX17689196,14,1,PRJNA883741,Other,False,47,0.02127659574468085
SRX17689196,26,5,PRJNA883741,Other,False,47,0.10638297872340426
SRX17689196,34,5,PRJNA883741,Other,False,47,0.10638297872340426
SRX17689196,36,9,PRJNA883741,Other,False,47,0.19148936170212766
SRX17689196,4,5,PRJNA883741,Other,False,47,0.10638297872340426
SRX17689196,5,5,PRJNA883741,Other,False,47,0.10638297872340426
SRX17689196,8,2,PRJNA883741,Other,False,47,0.0425531914893617
SRX17689196,9,9,PRJNA883741,Other,False,47,0.19148936170212766
SRX17689197,0,1,PRJNA883741,IPF / Pulmonary Fibrosis,True,70,0.014285714285714285
SRX17689197,1,11,PRJNA883741,IPF / Pulmonary Fibrosis,True,70,0.15714285714285714
SRX17689197,13,6,PRJNA883741,IPF / Pulmonary Fibrosis,True,70,0.08571428571428572
SRX17689197,14,10,PRJNA883741,IPF / Pulmonary Fibrosis,True,70,0.14285714285714285
SRX17689197,21,1,PRJNA883741,IPF / Pulmonary Fibrosis,True,70,0.014285714285714285
SRX17689197,24,4,PRJNA883741,IPF / Pulmonary Fibrosis,True,70,0.05714285714285714
SRX17689197,26,8,PRJNA883741,IPF / Pulmonary Fibrosis,True,70,0.11428571428571428
SRX17689197,31,1,PRJNA883741,IPF / Pulmonary Fibrosis,True,70,0.014285714285714285
SRX17689197,36,13,PRJNA883741,IPF / Pulmonary Fibrosis,True,70,0.18571428571428572
SRX17689197,4,4,PRJNA883741,IPF / Pulmonary Fibrosis,True,70,0.05714285714285714
SRX17689197,44,1,PRJNA883741,IPF / Pulmonary Fibrosis,True,70,0.014285714285714285
SRX17689197,5,4,PRJNA883741,IPF / Pulmonary Fibrosis,True,70,0.05714285714285714
SRX17689197,6,1,PRJNA883741,IPF / Pulmonary Fibrosis,True,70,0.014285714285714285
SRX17689197,60,1,PRJNA883741,IPF / Pulmonary Fibrosis,True,70,0.014285714285714285
SRX17689197,9,4,PRJNA883741,IPF / Pulmonary Fibrosis,True,70,0.05714285714285714
SRX17689198,0,1,PRJNA883741,IPF / Pulmonary Fibrosis,True,38,0.02631578947368421
SRX17689198,1,3,PRJNA883741,IPF / Pulmonary Fibrosis,True,38,0.07894736842105263
SRX17689198,13,1,PRJNA883741,IPF / Pulmonary Fibrosis,True,38,0.02631578947368421
SRX17689198,14,2,PRJNA883741,IPF / Pulmonary Fibrosis,True,38,0.05263157894736842
SRX17689198,20,6,PRJNA883741,IPF / Pulmonary Fibrosis,True,38,0.15789473684210525
SRX17689198,24,1,PRJNA883741,IPF / Pulmonary Fibrosis,True,38,0.02631578947368421
SRX17689198,26,7,PRJNA883741,IPF / Pulmonary Fibrosis,True,38,0.18421052631578946
SRX17689198,36,7,PRJNA883741,IPF / Pulmonary Fibrosis,True,38,0.18421052631578946
SRX17689198,43,1,PRJNA883741,IPF / Pulmonary Fibrosis,True,38,0.02631578947368421
SRX17689198,44,2,PRJNA883741,IPF / Pulmonary Fibrosis,True,38,0.05263157894736842
SRX17689198,45,3,PRJNA883741,IPF / Pulmonary Fibrosis,True,38,0.07894736842105263
SRX17689198,59,1,PRJNA883741,IPF / Pulmonary Fibrosis,True,38,0.02631578947368421
SRX17689198,60,2,PRJNA883741,IPF / Pulmonary Fibrosis,True,38,0.05263157894736842
SRX17689198,9,1,PRJNA883741,IPF / Pulmonary Fibrosis,True,38,0.02631578947368421
SRX17689199,1,5,PRJNA883741,IPF / Pulmonary Fibrosis,True,20,0.25
SRX17689199,14,1,PRJNA883741,IPF / Pulmonary Fibrosis,True,20,0.05
SRX17689199,20,2,PRJNA883741,IPF / Pulmonary Fibrosis,True,20,0.1
SRX17689199,36,1,PRJNA883741,IPF / Pulmonary Fibrosis,True,20,0.05
SRX17689199,4,3,PRJNA883741,IPF / Pulmonary Fibrosis,True,20,0.15
SRX17689199,60,1,PRJNA883741,IPF / Pulmonary Fibrosis,True,20,0.05
SRX17689199,8,2,PRJNA883741,IPF / Pulmonary Fibrosis,True,20,0.1
SRX17689199,9,5,PRJNA883741,IPF / Pulmonary Fibrosis,True,20,0.25
SRX17689200,1,3,PRJNA883741,IPF / Pulmonary Fibrosis,True,46,0.06521739130434782
SRX17689200,14,2,PRJNA883741,IPF / Pulmonary Fibrosis,True,46,0.043478260869565216
SRX17689200,20,4,PRJNA883741,IPF / Pulmonary Fibrosis,True,46,0.08695652173913043
SRX17689200,24,4,PRJNA883741,IPF / Pulmonary Fibrosis,True,46,0.08695652173913043
SRX17689200,26,13,PRJNA883741,IPF / Pulmonary Fibrosis,True,46,0.2826086956521739
SRX17689200,31,2,PRJNA883741,IPF / Pulmonary Fibrosis,True,46,0.043478260869565216
SRX17689200,36,6,PRJNA883741,IPF / Pulmonary Fibrosis,True,46,0.13043478260869565
SRX17689200,44,6,PRJNA883741,IPF / Pulmonary Fibrosis,True,46,0.13043478260869565
SRX17689200,45,2,PRJNA883741,IPF / Pulmonary Fibrosis,True,46,0.043478260869565216
SRX17689200,5,1,PRJNA883741,IPF / Pulmonary Fibrosis,True,46,0.021739130434782608
SRX17689200,60,1,PRJNA883741,IPF / Pulmonary Fibrosis,True,46,0.021739130434782608
SRX17689200,7,1,PRJNA883741,IPF / Pulmonary Fibrosis,True,46,0.021739130434782608
SRX17689200,8,1,PRJNA883741,IPF / Pulmonary Fibrosis,True,46,0.021739130434782608
SRX17689201,1,5,PRJNA883741,IPF / Pulmonary Fibrosis,True,55,0.09090909090909091
SRX17689201,14,2,PRJNA883741,IPF / Pulmonary Fibrosis,True,55,0.03636363636363636
SRX17689201,20,1,PRJNA883741,IPF / Pulmonary Fibrosis,True,55,0.01818181818181818
SRX17689201,24,1,PRJNA883741,IPF / Pulmonary Fibrosis,True,55,0.01818181818181818
SRX17689201,26,16,PRJNA883741,IPF / Pulmonary Fibrosis,True,55,0.2909090909090909
SRX17689201,34,1,PRJNA883741,IPF / Pulmonary Fibrosis,True,55,0.01818181818181818
SRX17689201,36,10,PRJNA883741,IPF / Pulmonary Fibrosis,True,55,0.18181818181818182
SRX17689201,4,5,PRJNA883741,IPF / Pulmonary Fibrosis,True,55,0.09090909090909091
SRX17689201,43,1,PRJNA883741,IPF / Pulmonary Fibrosis,True,55,0.01818181818181818
SRX17689201,44,2,PRJNA883741,IPF / Pulmonary Fibrosis,True,55,0.03636363636363636
SRX17689201,45,2,PRJNA883741,IPF / Pulmonary Fibrosis,True,55,0.03636363636363636
SRX17689201,5,3,PRJNA883741,IPF / Pulmonary Fibrosis,True,55,0.05454545454545454
SRX17689201,6,1,PRJNA883741,IPF / Pulmonary Fibrosis,True,55,0.01818181818181818
SRX17689201,60,2,PRJNA883741,IPF / Pulmonary Fibrosis,True,55,0.03636363636363636
SRX17689201,9,3,PRJNA883741,IPF / Pulmonary Fibrosis,True,55,0.05454545454545454
SRX17689202,1,5,PRJNA883741,Other,False,62,0.08064516129032258
SRX17689202,13,1,PRJNA883741,Other,False,62,0.016129032258064516
SRX17689202,14,2,PRJNA883741,Other,False,62,0.03225806451612903
SRX17689202,20,1,PRJNA883741,Other,False,62,0.016129032258064516
SRX17689202,21,2,PRJNA883741,Other,False,62,0.03225806451612903
SRX17689202,24,1,PRJNA883741,Other,False,62,0.016129032258064516
SRX17689202,26,1,PRJNA883741,Other,False,62,0.016129032258064516
SRX17689202,34,3,PRJNA883741,Other,False,62,0.04838709677419355
SRX17689202,36,6,PRJNA883741,Other,False,62,0.0967741935483871
SRX17689202,38,2,PRJNA883741,Other,False,62,0.03225806451612903
SRX17689202,43,1,PRJNA883741,Other,False,62,0.016129032258064516
SRX17689202,44,4,PRJNA883741,Other,False,62,0.06451612903225806
SRX17689202,45,1,PRJNA883741,Other,False,62,0.016129032258064516
SRX17689202,5,1,PRJNA883741,Other,False,62,0.016129032258064516
SRX17689202,59,2,PRJNA883741,Other,False,62,0.03225806451612903
SRX17689202,6,2,PRJNA883741,Other,False,62,0.03225806451612903
SRX17689202,60,1,PRJNA883741,Other,False,62,0.016129032258064516
SRX17689202,8,1,PRJNA883741,Other,False,62,0.016129032258064516
SRX17689202,9,25,PRJNA883741,Other,False,62,0.4032258064516129
SRX17689203,0,1,PRJNA883741,IPF / Pulmonary Fibrosis,True,42,0.023809523809523808
SRX17689203,1,8,PRJNA883741,IPF / Pulmonary Fibrosis,True,42,0.19047619047619047
SRX17689203,13,3,PRJNA883741,IPF / Pulmonary Fibrosis,True,42,0.07142857142857142
SRX17689203,14,2,PRJNA883741,IPF / Pulmonary Fibrosis,True,42,0.047619047619047616
SRX17689203,24,2,PRJNA883741,IPF / Pulmonary Fibrosis,True,42,0.047619047619047616
SRX17689203,26,2,PRJNA883741,IPF / Pulmonary Fibrosis,True,42,0.047619047619047616
SRX17689203,34,2,PRJNA883741,IPF / Pulmonary Fibrosis,True,42,0.047619047619047616
SRX17689203,36,3,PRJNA883741,IPF / Pulmonary Fibrosis,True,42,0.07142857142857142
SRX17689203,4,4,PRJNA883741,IPF / Pulmonary Fibrosis,True,42,0.09523809523809523
SRX17689203,44,1,PRJNA883741,IPF / Pulmonary Fibrosis,True,42,0.023809523809523808
SRX17689203,5,7,PRJNA883741,IPF / Pulmonary Fibrosis,True,42,0.16666666666666666
SRX17689203,9,7,PRJNA883741,IPF / Pulmonary Fibrosis,True,42,0.16666666666666666
SRX17689204,0,1,PRJNA883741,IPF / Pulmonary Fibrosis,True,35,0.02857142857142857
SRX17689204,1,7,PRJNA883741,IPF / Pulmonary Fibrosis,True,35,0.2
SRX17689204,13,2,PRJNA883741,IPF / Pulmonary Fibrosis,True,35,0.05714285714285714
SRX17689204,14,2,PRJNA883741,IPF / Pulmonary Fibrosis,True,35,0.05714285714285714
SRX17689204,26,5,PRJNA883741,IPF / Pulmonary Fibrosis,True,35,0.14285714285714285
SRX17689204,31,1,PRJNA883741,IPF / Pulmonary Fibrosis,True,35,0.02857142857142857
SRX17689204,34,2,PRJNA883741,IPF / Pulmonary Fibrosis,True,35,0.05714285714285714
SRX17689204,36,1,PRJNA883741,IPF / Pulmonary Fibrosis,True,35,0.02857142857142857
SRX17689204,5,4,PRJNA883741,IPF / Pulmonary Fibrosis,True,35,0.11428571428571428
SRX17689204,9,10,PRJNA883741,IPF / Pulmonary Fibrosis,True,35,0.2857142857142857
SRX17689205,0,1,PRJNA883741,IPF / Pulmonary Fibrosis,True,35,0.02857142857142857
SRX17689205,1,4,PRJNA883741,IPF / Pulmonary Fibrosis,True,35,0.11428571428571428
SRX17689205,13,2,PRJNA883741,IPF / Pulmonary Fibrosis,True,35,0.05714285714285714
SRX17689205,14,6,PRJNA883741,IPF / Pulmonary Fibrosis,True,35,0.17142857142857143
SRX17689205,20,1,PRJNA883741,IPF / Pulmonary Fibrosis,True,35,0.02857142857142857
SRX17689205,24,1,PRJNA883741,IPF / Pulmonary Fibrosis,True,35,0.02857142857142857
SRX17689205,26,6,PRJNA883741,IPF / Pulmonary Fibrosis,True,35,0.17142857142857143
SRX17689205,31,1,PRJNA883741,IPF / Pulmonary Fibrosis,True,35,0.02857142857142857
SRX17689205,36,3,PRJNA883741,IPF / Pulmonary Fibrosis,True,35,0.08571428571428572
SRX17689205,43,1,PRJNA883741,IPF / Pulmonary Fibrosis,True,35,0.02857142857142857
SRX17689205,44,1,PRJNA883741,IPF / Pulmonary Fibrosis,True,35,0.02857142857142857
SRX17689205,45,5,PRJNA883741,IPF / Pulmonary Fibrosis,True,35,0.14285714285714285
SRX17689205,60,1,PRJNA883741,IPF / Pulmonary Fibrosis,True,35,0.02857142857142857
SRX17689205,9,2,PRJNA883741,IPF / Pulmonary Fibrosis,True,35,0.05714285714285714
SRX17689206,1,2,PRJNA883741,Other,False,24,0.08333333333333333
SRX17689206,13,1,PRJNA883741,Other,False,24,0.041666666666666664
SRX17689206,26,6,PRJNA883741,Other,False,24,0.25
SRX17689206,34,6,PRJNA883741,Other,False,24,0.25
SRX17689206,38,1,PRJNA883741,Other,False,24,0.041666666666666664
SRX17689206,4,2,PRJNA883741,Other,False,24,0.08333333333333333
SRX17689206,5,1,PRJNA883741,Other,False,24,0.041666666666666664
SRX17689206,8,3,PRJNA883741,Other,False,24,0.125
SRX17689206,9,2,PRJNA883741,Other,False,24,0.08333333333333333
SRX17689207,1,1,PRJNA883741,Other,False,42,0.023809523809523808
SRX17689207,14,5,PRJNA883741,Other,False,42,0.11904761904761904
SRX17689207,21,2,PRJNA883741,Other,False,42,0.047619047619047616
SRX17689207,24,1,PRJNA883741,Other,False,42,0.023809523809523808
SRX17689207,26,3,PRJNA883741,Other,False,42,0.07142857142857142
SRX17689207,34,6,PRJNA883741,Other,False,42,0.14285714285714285
SRX17689207,36,8,PRJNA883741,Other,False,42,0.19047619047619047
SRX17689207,38,1,PRJNA883741,Other,False,42,0.023809523809523808
SRX17689207,4,1,PRJNA883741,Other,False,42,0.023809523809523808
SRX17689207,43,2,PRJNA883741,Other,False,42,0.047619047619047616
SRX17689207,5,1,PRJNA883741,Other,False,42,0.023809523809523808
SRX17689207,60,2,PRJNA883741,Other,False,42,0.047619047619047616
SRX17689207,7,1,PRJNA883741,Other,False,42,0.023809523809523808
SRX17689207,8,3,PRJNA883741,Other,False,42,0.07142857142857142
SRX17689207,9,5,PRJNA883741,Other,False,42,0.11904761904761904
SRX17689208,1,2,PRJNA883741,IPF / Pulmonary Fibrosis,True,29,0.06896551724137931
SRX17689208,14,3,PRJNA883741,IPF / Pulmonary Fibrosis,True,29,0.10344827586206896
SRX17689208,21,2,PRJNA883741,IPF / Pulmonary Fibrosis,True,29,0.06896551724137931
SRX17689208,24,2,PRJNA883741,IPF / Pulmonary Fibrosis,True,29,0.06896551724137931
SRX17689208,36,5,PRJNA883741,IPF / Pulmonary Fibrosis,True,29,0.1724137931034483
SRX17689208,4,2,PRJNA883741,IPF / Pulmonary Fibrosis,True,29,0.06896551724137931
SRX17689208,44,3,PRJNA883741,IPF / Pulmonary Fibrosis,True,29,0.10344827586206896
SRX17689208,5,1,PRJNA883741,IPF / Pulmonary Fibrosis,True,29,0.034482758620689655
SRX17689208,6,1,PRJNA883741,IPF / Pulmonary Fibrosis,True,29,0.034482758620689655
SRX17689208,60,3,PRJNA883741,IPF / Pulmonary Fibrosis,True,29,0.10344827586206896
SRX17689208,9,5,PRJNA883741,IPF / Pulmonary Fibrosis,True,29,0.1724137931034483
SRX17689209,1,6,PRJNA883741,IPF / Pulmonary Fibrosis,False,41,0.14634146341463414
SRX17689209,14,6,PRJNA883741,IPF / Pulmonary Fibrosis,False,41,0.14634146341463414
SRX17689209,21,2,PRJNA883741,IPF / Pulmonary Fibrosis,False,41,0.04878048780487805
SRX17689209,24,4,PRJNA883741,IPF / Pulmonary Fibrosis,False,41,0.0975609756097561
SRX17689209,34,2,PRJNA883741,IPF / Pulmonary Fibrosis,False,41,0.04878048780487805
SRX17689209,36,6,PRJNA883741,IPF / Pulmonary Fibrosis,False,41,0.14634146341463414
SRX17689209,4,1,PRJNA883741,IPF / Pulmonary Fibrosis,False,41,0.024390243902439025
SRX17689209,44,1,PRJNA883741,IPF / Pulmonary Fibrosis,False,41,0.024390243902439025
SRX17689209,59,1,PRJNA883741,IPF / Pulmonary Fibrosis,False,41,0.024390243902439025
SRX17689209,6,6,PRJNA883741,IPF / Pulmonary Fibrosis,False,41,0.14634146341463414
SRX17689209,8,5,PRJNA883741,IPF / Pulmonary Fibrosis,False,41,0.12195121951219512
SRX17689209,9,1,PRJNA883741,IPF / Pulmonary Fibrosis,False,41,0.024390243902439025
SRX17689210,1,2,PRJNA883741,IPF / Pulmonary Fibrosis,True,36,0.05555555555555555
SRX17689210,14,8,PRJNA883741,IPF / Pulmonary Fibrosis,True,36,0.2222222222222222
SRX17689210,20,2,PRJNA883741,IPF / Pulmonary Fibrosis,True,36,0.05555555555555555
SRX17689210,26,5,PRJNA883741,IPF / Pulmonary Fibrosis,True,36,0.1388888888888889
SRX17689210,31,2,PRJNA883741,IPF / Pulmonary Fibrosis,True,36,0.05555555555555555
SRX17689210,36,5,PRJNA883741,IPF / Pulmonary Fibrosis,True,36,0.1388888888888889
SRX17689210,44,3,PRJNA883741,IPF / Pulmonary Fibrosis,True,36,0.08333333333333333
SRX17689210,5,2,PRJNA883741,IPF / Pulmonary Fibrosis,True,36,0.05555555555555555
SRX17689210,59,2,PRJNA883741,IPF / Pulmonary Fibrosis,True,36,0.05555555555555555
SRX17689210,6,1,PRJNA883741,IPF / Pulmonary Fibrosis,True,36,0.027777777777777776
SRX17689210,60,2,PRJNA883741,IPF / Pulmonary Fibrosis,True,36,0.05555555555555555
SRX17689210,9,2,PRJNA883741,IPF / Pulmonary Fibrosis,True,36,0.05555555555555555
SRX17689211,1,2,PRJNA883741,Other,False,31,0.06451612903225806
SRX17689211,26,1,PRJNA883741,Other,False,31,0.03225806451612903
SRX17689211,34,5,PRJNA883741,Other,False,31,0.16129032258064516
SRX17689211,36,4,PRJNA883741,Other,False,31,0.12903225806451613
SRX17689211,4,2,PRJNA883741,Other,False,31,0.06451612903225806
SRX17689211,5,2,PRJNA883741,Other,False,31,0.06451612903225806
SRX17689211,59,1,PRJNA883741,Other,False,31,0.03225806451612903
SRX17689211,60,1,PRJNA883741,Other,False,31,0.03225806451612903
SRX17689211,7,1,PRJNA883741,Other,False,31,0.03225806451612903
SRX17689211,8,4,PRJNA883741,Other,False,31,0.12903225806451613
SRX17689211,9,8,PRJNA883741,Other,False,31,0.25806451612903225
SRX17689212,0,3,PRJNA883741,Other,False,29,0.10344827586206896
SRX17689212,14,2,PRJNA883741,Other,False,29,0.06896551724137931
SRX17689212,21,2,PRJNA883741,Other,False,29,0.06896551724137931
SRX17689212,24,1,PRJNA883741,Other,False,29,0.034482758620689655
SRX17689212,26,1,PRJNA883741,Other,False,29,0.034482758620689655
SRX17689212,34,2,PRJNA883741,Other,False,29,0.06896551724137931
SRX17689212,36,6,PRJNA883741,Other,False,29,0.20689655172413793
SRX17689212,4,4,PRJNA883741,Other,False,29,0.13793103448275862
SRX17689212,43,1,PRJNA883741,Other,False,29,0.034482758620689655
SRX17689212,44,2,PRJNA883741,Other,False,29,0.06896551724137931
SRX17689212,5,2,PRJNA883741,Other,False,29,0.06896551724137931
SRX17689212,59,1,PRJNA883741,Other,False,29,0.034482758620689655
SRX17689212,6,1,PRJNA883741,Other,False,29,0.034482758620689655
SRX17689212,9,1,PRJNA883741,Other,False,29,0.034482758620689655
SRX17772371,1,1,PRJNA886085,Other,False,74,0.013513513513513514
SRX17772371,14,4,PRJNA886085,Other,False,74,0.05405405405405406
SRX17772371,17,29,PRJNA886085,Other,False,74,0.3918918918918919
SRX17772371,20,6,PRJNA886085,Other,False,74,0.08108108108108109
SRX17772371,21,15,PRJNA886085,Other,False,74,0.20270270270270271
SRX17772371,23,6,PRJNA886085,Other,False,74,0.08108108108108109
SRX17772371,26,1,PRJNA886085,Other,False,74,0.013513513513513514
SRX17772371,31,6,PRJNA886085,Other,False,74,0.08108108108108109
SRX17772371,34,3,PRJNA886085,Other,False,74,0.04054054054054054
SRX17772371,45,1,PRJNA886085,Other,False,74,0.013513513513513514
SRX17772371,52,2,PRJNA886085,Other,False,74,0.02702702702702703
SRX18096300,14,1,PRJNA896321,Other,False,18,0.05555555555555555
SRX18096300,20,1,PRJNA896321,Other,False,18,0.05555555555555555
SRX18096300,21,1,PRJNA896321,Other,False,18,0.05555555555555555
SRX18096300,24,2,PRJNA896321,Other,False,18,0.1111111111111111
SRX18096300,26,8,PRJNA896321,Other,False,18,0.4444444444444444
SRX18096300,34,2,PRJNA896321,Other,False,18,0.1111111111111111
SRX18096300,38,1,PRJNA896321,Other,False,18,0.05555555555555555
SRX18096300,43,1,PRJNA896321,Other,False,18,0.05555555555555555
SRX18096300,9,1,PRJNA896321,Other,False,18,0.05555555555555555
SRX18248062,1,3,PRJNA901260,Lung Cancer,True,137,0.021897810218978103
SRX18248062,10,1,PRJNA901260,Lung Cancer,True,137,0.0072992700729927005
SRX18248062,13,2,PRJNA901260,Lung Cancer,True,137,0.014598540145985401
SRX18248062,20,1,PRJNA901260,Lung Cancer,True,137,0.0072992700729927005
SRX18248062,21,1,PRJNA901260,Lung Cancer,True,137,0.0072992700729927005
SRX18248062,24,3,PRJNA901260,Lung Cancer,True,137,0.021897810218978103
SRX18248062,26,58,PRJNA901260,Lung Cancer,True,137,0.4233576642335766
SRX18248062,34,1,PRJNA901260,Lung Cancer,True,137,0.0072992700729927005
SRX18248062,36,1,PRJNA901260,Lung Cancer,True,137,0.0072992700729927005
SRX18248062,43,7,PRJNA901260,Lung Cancer,True,137,0.051094890510948905
SRX18248062,44,12,PRJNA901260,Lung Cancer,True,137,0.08759124087591241
SRX18248062,45,2,PRJNA901260,Lung Cancer,True,137,0.014598540145985401
SRX18248062,5,3,PRJNA901260,Lung Cancer,True,137,0.021897810218978103
SRX18248062,9,42,PRJNA901260,Lung Cancer,True,137,0.30656934306569344
SRX18248063,1,7,PRJNA901260,Lung Cancer,True,83,0.08433734939759036
SRX18248063,20,4,PRJNA901260,Lung Cancer,True,83,0.04819277108433735
SRX18248063,24,7,PRJNA901260,Lung Cancer,True,83,0.08433734939759036
SRX18248063,26,13,PRJNA901260,Lung Cancer,True,83,0.1566265060240964
SRX18248063,34,11,PRJNA901260,Lung Cancer,True,83,0.13253012048192772
SRX18248063,36,2,PRJNA901260,Lung Cancer,True,83,0.024096385542168676
SRX18248063,4,1,PRJNA901260,Lung Cancer,True,83,0.012048192771084338
SRX18248063,43,1,PRJNA901260,Lung Cancer,True,83,0.012048192771084338
SRX18248063,45,1,PRJNA901260,Lung Cancer,True,83,0.012048192771084338
SRX18248063,5,3,PRJNA901260,Lung Cancer,True,83,0.03614457831325301
SRX18248063,6,7,PRJNA901260,Lung Cancer,True,83,0.08433734939759036
SRX18248063,8,11,PRJNA901260,Lung Cancer,True,83,0.13253012048192772
SRX18248063,9,15,PRJNA901260,Lung Cancer,True,83,0.18072289156626506
SRX18248064,1,7,PRJNA901260,Lung Cancer,True,232,0.03017241379310345
SRX18248064,13,1,PRJNA901260,Lung Cancer,True,232,0.004310344827586207
SRX18248064,14,6,PRJNA901260,Lung Cancer,True,232,0.02586206896551724
SRX18248064,20,1,PRJNA901260,Lung Cancer,True,232,0.004310344827586207
SRX18248064,24,3,PRJNA901260,Lung Cancer,True,232,0.01293103448275862
SRX18248064,26,15,PRJNA901260,Lung Cancer,True,232,0.06465517241379311
SRX18248064,31,1,PRJNA901260,Lung Cancer,True,232,0.004310344827586207
SRX18248064,34,5,PRJNA901260,Lung Cancer,True,232,0.021551724137931036
SRX18248064,36,7,PRJNA901260,Lung Cancer,True,232,0.03017241379310345
SRX18248064,38,1,PRJNA901260,Lung Cancer,True,232,0.004310344827586207
SRX18248064,4,13,PRJNA901260,Lung Cancer,True,232,0.05603448275862069
SRX18248064,43,3,PRJNA901260,Lung Cancer,True,232,0.01293103448275862
SRX18248064,45,1,PRJNA901260,Lung Cancer,True,232,0.004310344827586207
SRX18248064,5,12,PRJNA901260,Lung Cancer,True,232,0.05172413793103448
SRX18248064,6,1,PRJNA901260,Lung Cancer,True,232,0.004310344827586207
SRX18248064,7,12,PRJNA901260,Lung Cancer,True,232,0.05172413793103448
SRX18248064,8,2,PRJNA901260,Lung Cancer,True,232,0.008620689655172414
SRX18248064,9,141,PRJNA901260,Lung Cancer,True,232,0.6077586206896551
SRX18248065,0,5,PRJNA901260,Lung Cancer,True,129,0.03875968992248062
SRX18248065,1,43,PRJNA901260,Lung Cancer,True,129,0.3333333333333333
SRX18248065,13,1,PRJNA901260,Lung Cancer,True,129,0.007751937984496124
SRX18248065,14,10,PRJNA901260,Lung Cancer,True,129,0.07751937984496124
SRX18248065,17,3,PRJNA901260,Lung Cancer,True,129,0.023255813953488372
SRX18248065,20,2,PRJNA901260,Lung Cancer,True,129,0.015503875968992248
SRX18248065,21,10,PRJNA901260,Lung Cancer,True,129,0.07751937984496124
SRX18248065,23,3,PRJNA901260,Lung Cancer,True,129,0.023255813953488372
SRX18248065,24,2,PRJNA901260,Lung Cancer,True,129,0.015503875968992248
SRX18248065,26,3,PRJNA901260,Lung Cancer,True,129,0.023255813953488372
SRX18248065,36,2,PRJNA901260,Lung Cancer,True,129,0.015503875968992248
SRX18248065,4,3,PRJNA901260,Lung Cancer,True,129,0.023255813953488372
SRX18248065,45,1,PRJNA901260,Lung Cancer,True,129,0.007751937984496124
SRX18248065,5,14,PRJNA901260,Lung Cancer,True,129,0.10852713178294573
SRX18248065,52,17,PRJNA901260,Lung Cancer,True,129,0.13178294573643412
SRX18248065,6,3,PRJNA901260,Lung Cancer,True,129,0.023255813953488372
SRX18248065,60,5,PRJNA901260,Lung Cancer,True,129,0.03875968992248062
SRX18248065,8,2,PRJNA901260,Lung Cancer,True,129,0.015503875968992248
SRX18248066,1,13,PRJNA901260,Lung Cancer,True,96,0.13541666666666666
SRX18248066,13,14,PRJNA901260,Lung Cancer,True,96,0.14583333333333334
SRX18248066,14,9,PRJNA901260,Lung Cancer,True,96,0.09375
SRX18248066,24,8,PRJNA901260,Lung Cancer,True,96,0.08333333333333333
SRX18248066,26,5,PRJNA901260,Lung Cancer,True,96,0.052083333333333336
SRX18248066,34,4,PRJNA901260,Lung Cancer,True,96,0.041666666666666664
SRX18248066,36,6,PRJNA901260,Lung Cancer,True,96,0.0625
SRX18248066,38,2,PRJNA901260,Lung Cancer,True,96,0.020833333333333332
SRX18248066,4,9,PRJNA901260,Lung Cancer,True,96,0.09375
SRX18248066,44,1,PRJNA901260,Lung Cancer,True,96,0.010416666666666666
SRX18248066,5,6,PRJNA901260,Lung Cancer,True,96,0.0625
SRX18248066,60,3,PRJNA901260,Lung Cancer,True,96,0.03125
SRX18248066,66,1,PRJNA901260,Lung Cancer,True,96,0.010416666666666666
SRX18248066,8,5,PRJNA901260,Lung Cancer,True,96,0.052083333333333336
SRX18248066,9,10,PRJNA901260,Lung Cancer,True,96,0.10416666666666667
SRX18248067,0,2,PRJNA901260,Lung Cancer,True,35,0.05714285714285714
SRX18248067,1,7,PRJNA901260,Lung Cancer,True,35,0.2
SRX18248067,14,1,PRJNA901260,Lung Cancer,True,35,0.02857142857142857
SRX18248067,20,1,PRJNA901260,Lung Cancer,True,35,0.02857142857142857
SRX18248067,23,6,PRJNA901260,Lung Cancer,True,35,0.17142857142857143
SRX18248067,24,3,PRJNA901260,Lung Cancer,True,35,0.08571428571428572
SRX18248067,26,3,PRJNA901260,Lung Cancer,True,35,0.08571428571428572
SRX18248067,34,3,PRJNA901260,Lung Cancer,True,35,0.08571428571428572
SRX18248067,38,1,PRJNA901260,Lung Cancer,True,35,0.02857142857142857
SRX18248067,5,2,PRJNA901260,Lung Cancer,True,35,0.05714285714285714
SRX18248067,59,1,PRJNA901260,Lung Cancer,True,35,0.02857142857142857
SRX18248067,6,1,PRJNA901260,Lung Cancer,True,35,0.02857142857142857
SRX18248067,60,2,PRJNA901260,Lung Cancer,True,35,0.05714285714285714
SRX18248067,8,2,PRJNA901260,Lung Cancer,True,35,0.05714285714285714
SRX18248068,1,3,PRJNA901260,Lung Cancer,True,35,0.08571428571428572
SRX18248068,13,1,PRJNA901260,Lung Cancer,True,35,0.02857142857142857
SRX18248068,14,1,PRJNA901260,Lung Cancer,True,35,0.02857142857142857
SRX18248068,26,2,PRJNA901260,Lung Cancer,True,35,0.05714285714285714
SRX18248068,38,1,PRJNA901260,Lung Cancer,True,35,0.02857142857142857
SRX18248068,4,5,PRJNA901260,Lung Cancer,True,35,0.14285714285714285
SRX18248068,43,4,PRJNA901260,Lung Cancer,True,35,0.11428571428571428
SRX18248068,5,3,PRJNA901260,Lung Cancer,True,35,0.08571428571428572
SRX18248068,6,1,PRJNA901260,Lung Cancer,True,35,0.02857142857142857
SRX18248068,8,8,PRJNA901260,Lung Cancer,True,35,0.22857142857142856
SRX18248068,9,6,PRJNA901260,Lung Cancer,True,35,0.17142857142857143
SRX18248069,1,15,PRJNA901260,Lung Cancer,True,100,0.15
SRX18248069,13,5,PRJNA901260,Lung Cancer,True,100,0.05
SRX18248069,14,1,PRJNA901260,Lung Cancer,True,100,0.01
SRX18248069,20,16,PRJNA901260,Lung Cancer,True,100,0.16
SRX18248069,21,4,PRJNA901260,Lung Cancer,True,100,0.04
SRX18248069,24,13,PRJNA901260,Lung Cancer,True,100,0.13
SRX18248069,26,20,PRJNA901260,Lung Cancer,True,100,0.2
SRX18248069,34,1,PRJNA901260,Lung Cancer,True,100,0.01
SRX18248069,36,2,PRJNA901260,Lung Cancer,True,100,0.02
SRX18248069,38,1,PRJNA901260,Lung Cancer,True,100,0.01
SRX18248069,4,1,PRJNA901260,Lung Cancer,True,100,0.01
SRX18248069,5,3,PRJNA901260,Lung Cancer,True,100,0.03
SRX18248069,6,11,PRJNA901260,Lung Cancer,True,100,0.11
SRX18248069,9,7,PRJNA901260,Lung Cancer,True,100,0.07
SRX18248070,1,2,PRJNA901260,Lung Cancer,True,105,0.01904761904761905
SRX18248070,13,1,PRJNA901260,Lung Cancer,True,105,0.009523809523809525
SRX18248070,20,1,PRJNA901260,Lung Cancer,True,105,0.009523809523809525
SRX18248070,21,1,PRJNA901260,Lung Cancer,True,105,0.009523809523809525
SRX18248070,24,4,PRJNA901260,Lung Cancer,True,105,0.0380952380952381
SRX18248070,26,54,PRJNA901260,Lung Cancer,True,105,0.5142857142857142
SRX18248070,34,1,PRJNA901260,Lung Cancer,True,105,0.009523809523809525
SRX18248070,4,5,PRJNA901260,Lung Cancer,True,105,0.047619047619047616
SRX18248070,44,1,PRJNA901260,Lung Cancer,True,105,0.009523809523809525
SRX18248070,5,3,PRJNA901260,Lung Cancer,True,105,0.02857142857142857
SRX18248070,9,32,PRJNA901260,Lung Cancer,True,105,0.3047619047619048
SRX19693844,17,3,PRJNA945417,Other,False,104,0.028846153846153848
SRX19693844,20,1,PRJNA945417,Other,False,104,0.009615384615384616
SRX19693844,21,8,PRJNA945417,Other,False,104,0.07692307692307693
SRX19693844,23,10,PRJNA945417,Other,False,104,0.09615384615384616
SRX19693844,31,31,PRJNA945417,Other,False,104,0.2980769230769231
SRX19693844,43,8,PRJNA945417,Other,False,104,0.07692307692307693
SRX19693844,44,10,PRJNA945417,Other,False,104,0.09615384615384616
SRX19693844,45,33,PRJNA945417,Other,False,104,0.3173076923076923
SRX19693846,17,4,PRJNA945417,Other,False,92,0.043478260869565216
SRX19693846,20,7,PRJNA945417,Other,False,92,0.07608695652173914
SRX19693846,21,4,PRJNA945417,Other,False,92,0.043478260869565216
SRX19693846,23,14,PRJNA945417,Other,False,92,0.15217391304347827
SRX19693846,31,34,PRJNA945417,Other,False,92,0.3695652173913043
SRX19693846,33,1,PRJNA945417,Other,False,92,0.010869565217391304
SRX19693846,4,1,PRJNA945417,Other,False,92,0.010869565217391304
SRX19693846,43,12,PRJNA945417,Other,False,92,0.13043478260869565
SRX19693846,44,4,PRJNA945417,Other,False,92,0.043478260869565216
SRX19693846,45,10,PRJNA945417,Other,False,92,0.10869565217391304
SRX19693846,5,1,PRJNA945417,Other,False,92,0.010869565217391304
SRX19704116,24,4,PRJNA945854,Other,False,8,0.5
SRX19704116,34,1,PRJNA945854,Other,False,8,0.125
SRX19704116,36,2,PRJNA945854,Other,False,8,0.25
SRX19704116,9,1,PRJNA945854,Other,False,8,0.125
SRX19704117,1,4,PRJNA945854,IPF / Pulmonary Fibrosis,True,32,0.125
SRX19704117,20,2,PRJNA945854,IPF / Pulmonary Fibrosis,True,32,0.0625
SRX19704117,21,4,PRJNA945854,IPF / Pulmonary Fibrosis,True,32,0.125
SRX19704117,23,1,PRJNA945854,IPF / Pulmonary Fibrosis,True,32,0.03125
SRX19704117,31,2,PRJNA945854,IPF / Pulmonary Fibrosis,True,32,0.0625
SRX19704117,34,2,PRJNA945854,IPF / Pulmonary Fibrosis,True,32,0.0625
SRX19704117,36,1,PRJNA945854,IPF / Pulmonary Fibrosis,True,32,0.03125
SRX19704117,4,3,PRJNA945854,IPF / Pulmonary Fibrosis,True,32,0.09375
SRX19704117,44,3,PRJNA945854,IPF / Pulmonary Fibrosis,True,32,0.09375
SRX19704117,45,1,PRJNA945854,IPF / Pulmonary Fibrosis,True,32,0.03125
SRX19704117,5,6,PRJNA945854,IPF / Pulmonary Fibrosis,True,32,0.1875
SRX19704117,59,1,PRJNA945854,IPF / Pulmonary Fibrosis,True,32,0.03125
SRX19704117,6,1,PRJNA945854,IPF / Pulmonary Fibrosis,True,32,0.03125
SRX19704117,8,1,PRJNA945854,IPF / Pulmonary Fibrosis,True,32,0.03125
SRX19704118,1,1,PRJNA945854,Interstitial Lung Disease,True,60,0.016666666666666666
SRX19704118,14,2,PRJNA945854,Interstitial Lung Disease,True,60,0.03333333333333333
SRX19704118,20,2,PRJNA945854,Interstitial Lung Disease,True,60,0.03333333333333333
SRX19704118,21,2,PRJNA945854,Interstitial Lung Disease,True,60,0.03333333333333333
SRX19704118,24,4,PRJNA945854,Interstitial Lung Disease,True,60,0.06666666666666667
SRX19704118,26,8,PRJNA945854,Interstitial Lung Disease,True,60,0.13333333333333333
SRX19704118,34,2,PRJNA945854,Interstitial Lung Disease,True,60,0.03333333333333333
SRX19704118,36,13,PRJNA945854,Interstitial Lung Disease,True,60,0.21666666666666667
SRX19704118,4,2,PRJNA945854,Interstitial Lung Disease,True,60,0.03333333333333333
SRX19704118,43,6,PRJNA945854,Interstitial Lung Disease,True,60,0.1
SRX19704118,44,7,PRJNA945854,Interstitial Lung Disease,True,60,0.11666666666666667
SRX19704118,45,2,PRJNA945854,Interstitial Lung Disease,True,60,0.03333333333333333
SRX19704118,5,4,PRJNA945854,Interstitial Lung Disease,True,60,0.06666666666666667
SRX19704118,59,2,PRJNA945854,Interstitial Lung Disease,True,60,0.03333333333333333
SRX19704118,7,1,PRJNA945854,Interstitial Lung Disease,True,60,0.016666666666666666
SRX19704118,9,2,PRJNA945854,Interstitial Lung Disease,True,60,0.03333333333333333
SRX19704122,1,1,PRJNA945854,IPF / Pulmonary Fibrosis,True,46,0.021739130434782608
SRX19704122,20,1,PRJNA945854,IPF / Pulmonary Fibrosis,True,46,0.021739130434782608
SRX19704122,21,2,PRJNA945854,IPF / Pulmonary Fibrosis,True,46,0.043478260869565216
SRX19704122,23,1,PRJNA945854,IPF / Pulmonary Fibrosis,True,46,0.021739130434782608
SRX19704122,24,7,PRJNA945854,IPF / Pulmonary Fibrosis,True,46,0.15217391304347827
SRX19704122,26,4,PRJNA945854,IPF / Pulmonary Fibrosis,True,46,0.08695652173913043
SRX19704122,31,2,PRJNA945854,IPF / Pulmonary Fibrosis,True,46,0.043478260869565216
SRX19704122,34,2,PRJNA945854,IPF / Pulmonary Fibrosis,True,46,0.043478260869565216
SRX19704122,36,5,PRJNA945854,IPF / Pulmonary Fibrosis,True,46,0.10869565217391304
SRX19704122,43,4,PRJNA945854,IPF / Pulmonary Fibrosis,True,46,0.08695652173913043
SRX19704122,44,10,PRJNA945854,IPF / Pulmonary Fibrosis,True,46,0.21739130434782608
SRX19704122,45,3,PRJNA945854,IPF / Pulmonary Fibrosis,True,46,0.06521739130434782
SRX19704122,5,1,PRJNA945854,IPF / Pulmonary Fibrosis,True,46,0.021739130434782608
SRX19704122,6,1,PRJNA945854,IPF / Pulmonary Fibrosis,True,46,0.021739130434782608
SRX19704122,9,2,PRJNA945854,IPF / Pulmonary Fibrosis,True,46,0.043478260869565216
SRX19704123,13,1,PRJNA945854,Other,False,25,0.04
SRX19704123,14,1,PRJNA945854,Other,False,25,0.04
SRX19704123,20,2,PRJNA945854,Other,False,25,0.08
SRX19704123,26,4,PRJNA945854,Other,False,25,0.16
SRX19704123,44,1,PRJNA945854,Other,False,25,0.04
SRX19704123,45,1,PRJNA945854,Other,False,25,0.04
SRX19704123,8,12,PRJNA945854,Other,False,25,0.48
SRX19704123,9,3,PRJNA945854,Other,False,25,0.12
SRX19704126,1,2,PRJNA945854,IPF / Pulmonary Fibrosis,True,35,0.05714285714285714
SRX19704126,13,1,PRJNA945854,IPF / Pulmonary Fibrosis,True,35,0.02857142857142857
SRX19704126,14,2,PRJNA945854,IPF / Pulmonary Fibrosis,True,35,0.05714285714285714
SRX19704126,20,4,PRJNA945854,IPF / Pulmonary Fibrosis,True,35,0.11428571428571428
SRX19704126,21,1,PRJNA945854,IPF / Pulmonary Fibrosis,True,35,0.02857142857142857
SRX19704126,24,1,PRJNA945854,IPF / Pulmonary Fibrosis,True,35,0.02857142857142857
SRX19704126,26,6,PRJNA945854,IPF / Pulmonary Fibrosis,True,35,0.17142857142857143
SRX19704126,34,2,PRJNA945854,IPF / Pulmonary Fibrosis,True,35,0.05714285714285714
SRX19704126,36,8,PRJNA945854,IPF / Pulmonary Fibrosis,True,35,0.22857142857142856
SRX19704126,39,1,PRJNA945854,IPF / Pulmonary Fibrosis,True,35,0.02857142857142857
SRX19704126,45,3,PRJNA945854,IPF / Pulmonary Fibrosis,True,35,0.08571428571428572
SRX19704126,59,1,PRJNA945854,IPF / Pulmonary Fibrosis,True,35,0.02857142857142857
SRX19704126,9,3,PRJNA945854,IPF / Pulmonary Fibrosis,True,35,0.08571428571428572
SRX19704127,1,2,PRJNA945854,IPF / Pulmonary Fibrosis,True,45,0.044444444444444446
SRX19704127,13,1,PRJNA945854,IPF / Pulmonary Fibrosis,True,45,0.022222222222222223
SRX19704127,14,1,PRJNA945854,IPF / Pulmonary Fibrosis,True,45,0.022222222222222223
SRX19704127,20,4,PRJNA945854,IPF / Pulmonary Fibrosis,True,45,0.08888888888888889
SRX19704127,24,3,PRJNA945854,IPF / Pulmonary Fibrosis,True,45,0.06666666666666667
SRX19704127,26,9,PRJNA945854,IPF / Pulmonary Fibrosis,True,45,0.2
SRX19704127,31,2,PRJNA945854,IPF / Pulmonary Fibrosis,True,45,0.044444444444444446
SRX19704127,34,7,PRJNA945854,IPF / Pulmonary Fibrosis,True,45,0.15555555555555556
SRX19704127,36,2,PRJNA945854,IPF / Pulmonary Fibrosis,True,45,0.044444444444444446
SRX19704127,44,1,PRJNA945854,IPF / Pulmonary Fibrosis,True,45,0.022222222222222223
SRX19704127,45,1,PRJNA945854,IPF / Pulmonary Fibrosis,True,45,0.022222222222222223
SRX19704127,6,3,PRJNA945854,IPF / Pulmonary Fibrosis,True,45,0.06666666666666667
SRX19704127,9,9,PRJNA945854,IPF / Pulmonary Fibrosis,True,45,0.2
SRX19704128,20,1,PRJNA945854,Interstitial Lung Disease,True,35,0.02857142857142857
SRX19704128,24,3,PRJNA945854,Interstitial Lung Disease,True,35,0.08571428571428572
SRX19704128,26,12,PRJNA945854,Interstitial Lung Disease,True,35,0.34285714285714286
SRX19704128,34,5,PRJNA945854,Interstitial Lung Disease,True,35,0.14285714285714285
SRX19704128,36,1,PRJNA945854,Interstitial Lung Disease,True,35,0.02857142857142857
SRX19704128,38,1,PRJNA945854,Interstitial Lung Disease,True,35,0.02857142857142857
SRX19704128,7,1,PRJNA945854,Interstitial Lung Disease,True,35,0.02857142857142857
SRX19704128,8,3,PRJNA945854,Interstitial Lung Disease,True,35,0.08571428571428572
SRX19704128,9,8,PRJNA945854,Interstitial Lung Disease,True,35,0.22857142857142856
SRX19704129,20,2,PRJNA945854,Interstitial Lung Disease,True,24,0.08333333333333333
SRX19704129,24,4,PRJNA945854,Interstitial Lung Disease,True,24,0.16666666666666666
SRX19704129,26,10,PRJNA945854,Interstitial Lung Disease,True,24,0.4166666666666667
SRX19704129,34,2,PRJNA945854,Interstitial Lung Disease,True,24,0.08333333333333333
SRX19704129,8,2,PRJNA945854,Interstitial Lung Disease,True,24,0.08333333333333333
SRX19704129,9,4,PRJNA945854,Interstitial Lung Disease,True,24,0.16666666666666666
SRX19704130,20,2,PRJNA945854,Other,False,26,0.07692307692307693
SRX19704130,21,2,PRJNA945854,Other,False,26,0.07692307692307693
SRX19704130,26,6,PRJNA945854,Other,False,26,0.23076923076923078
SRX19704130,31,1,PRJNA945854,Other,False,26,0.038461538461538464
SRX19704130,34,2,PRJNA945854,Other,False,26,0.07692307692307693
SRX19704130,38,1,PRJNA945854,Other,False,26,0.038461538461538464
SRX19704130,44,1,PRJNA945854,Other,False,26,0.038461538461538464
SRX19704130,45,1,PRJNA945854,Other,False,26,0.038461538461538464
SRX19704130,8,1,PRJNA945854,Other,False,26,0.038461538461538464
SRX19704130,9,9,PRJNA945854,Other,False,26,0.34615384615384615
SRX19704134,1,11,PRJNA945854,Other,False,40,0.275
SRX19704134,14,2,PRJNA945854,Other,False,40,0.05
SRX19704134,20,1,PRJNA945854,Other,False,40,0.025
SRX19704134,26,2,PRJNA945854,Other,False,40,0.05
SRX19704134,36,2,PRJNA945854,Other,False,40,0.05
SRX19704134,38,6,PRJNA945854,Other,False,40,0.15
SRX19704134,4,4,PRJNA945854,Other,False,40,0.1
SRX19704134,43,1,PRJNA945854,Other,False,40,0.025
SRX19704134,44,3,PRJNA945854,Other,False,40,0.075
SRX19704134,5,4,PRJNA945854,Other,False,40,0.1
SRX19704134,60,1,PRJNA945854,Other,False,40,0.025
SRX19704134,8,3,PRJNA945854,Other,False,40,0.075
SRX19704135,1,14,PRJNA945854,Other,False,100,0.14
SRX19704135,14,3,PRJNA945854,Other,False,100,0.03
SRX19704135,20,2,PRJNA945854,Other,False,100,0.02
SRX19704135,23,1,PRJNA945854,Other,False,100,0.01
SRX19704135,24,1,PRJNA945854,Other,False,100,0.01
SRX19704135,26,2,PRJNA945854,Other,False,100,0.02
SRX19704135,34,8,PRJNA945854,Other,False,100,0.08
SRX19704135,36,26,PRJNA945854,Other,False,100,0.26
SRX19704135,38,2,PRJNA945854,Other,False,100,0.02
SRX19704135,4,11,PRJNA945854,Other,False,100,0.11
SRX19704135,43,2,PRJNA945854,Other,False,100,0.02
SRX19704135,44,1,PRJNA945854,Other,False,100,0.01
SRX19704135,45,1,PRJNA945854,Other,False,100,0.01
SRX19704135,5,7,PRJNA945854,Other,False,100,0.07
SRX19704135,6,2,PRJNA945854,Other,False,100,0.02
SRX19704135,60,2,PRJNA945854,Other,False,100,0.02
SRX19704135,8,15,PRJNA945854,Other,False,100,0.15
SRX19704136,1,11,PRJNA945854,Other,False,96,0.11458333333333333
SRX19704136,13,2,PRJNA945854,Other,False,96,0.020833333333333332
SRX19704136,14,3,PRJNA945854,Other,False,96,0.03125
SRX19704136,20,1,PRJNA945854,Other,False,96,0.010416666666666666
SRX19704136,26,6,PRJNA945854,Other,False,96,0.0625
SRX19704136,34,2,PRJNA945854,Other,False,96,0.020833333333333332
SRX19704136,36,12,PRJNA945854,Other,False,96,0.125
SRX19704136,38,8,PRJNA945854,Other,False,96,0.08333333333333333
SRX19704136,4,9,PRJNA945854,Other,False,96,0.09375
SRX19704136,44,3,PRJNA945854,Other,False,96,0.03125
SRX19704136,5,9,PRJNA945854,Other,False,96,0.09375
SRX19704136,59,1,PRJNA945854,Other,False,96,0.010416666666666666
SRX19704136,60,1,PRJNA945854,Other,False,96,0.010416666666666666
SRX19704136,7,1,PRJNA945854,Other,False,96,0.010416666666666666
SRX19704136,8,21,PRJNA945854,Other,False,96,0.21875
SRX19704136,9,6,PRJNA945854,Other,False,96,0.0625
SRX19704137,1,7,PRJNA945854,Other,False,64,0.109375
SRX19704137,20,1,PRJNA945854,Other,False,64,0.015625
SRX19704137,34,2,PRJNA945854,Other,False,64,0.03125
SRX19704137,36,29,PRJNA945854,Other,False,64,0.453125
SRX19704137,4,3,PRJNA945854,Other,False,64,0.046875
SRX19704137,44,1,PRJNA945854,Other,False,64,0.015625
SRX19704137,45,1,PRJNA945854,Other,False,64,0.015625
SRX19704137,5,1,PRJNA945854,Other,False,64,0.015625
SRX19704137,59,1,PRJNA945854,Other,False,64,0.015625
SRX19704137,6,1,PRJNA945854,Other,False,64,0.015625
SRX19704137,8,16,PRJNA945854,Other,False,64,0.25
SRX19704137,9,1,PRJNA945854,Other,False,64,0.015625
SRX19704138,1,1,PRJNA945854,Other,False,137,0.0072992700729927005
SRX19704138,14,7,PRJNA945854,Other,False,137,0.051094890510948905
SRX19704138,20,3,PRJNA945854,Other,False,137,0.021897810218978103
SRX19704138,21,7,PRJNA945854,Other,False,137,0.051094890510948905
SRX19704138,23,1,PRJNA945854,Other,False,137,0.0072992700729927005
SRX19704138,24,1,PRJNA945854,Other,False,137,0.0072992700729927005
SRX19704138,26,1,PRJNA945854,Other,False,137,0.0072992700729927005
SRX19704138,32,2,PRJNA945854,Other,False,137,0.014598540145985401
SRX19704138,34,4,PRJNA945854,Other,False,137,0.029197080291970802
SRX19704138,36,22,PRJNA945854,Other,False,137,0.16058394160583941
SRX19704138,38,6,PRJNA945854,Other,False,137,0.043795620437956206
SRX19704138,4,1,PRJNA945854,Other,False,137,0.0072992700729927005
SRX19704138,43,11,PRJNA945854,Other,False,137,0.08029197080291971
SRX19704138,44,5,PRJNA945854,Other,False,137,0.0364963503649635
SRX19704138,45,4,PRJNA945854,Other,False,137,0.029197080291970802
SRX19704138,5,1,PRJNA945854,Other,False,137,0.0072992700729927005
SRX19704138,59,11,PRJNA945854,Other,False,137,0.08029197080291971
SRX19704138,60,3,PRJNA945854,Other,False,137,0.021897810218978103
SRX19704138,7,4,PRJNA945854,Other,False,137,0.029197080291970802
SRX19704138,8,17,PRJNA945854,Other,False,137,0.12408759124087591
SRX19704138,9,25,PRJNA945854,Other,False,137,0.18248175182481752
SRX19704139,1,2,PRJNA945854,IPF / Pulmonary Fibrosis,False,85,0.023529411764705882
SRX19704139,14,6,PRJNA945854,IPF / Pulmonary Fibrosis,False,85,0.07058823529411765
SRX19704139,21,1,PRJNA945854,IPF / Pulmonary Fibrosis,False,85,0.011764705882352941
SRX19704139,24,2,PRJNA945854,IPF / Pulmonary Fibrosis,False,85,0.023529411764705882
SRX19704139,36,38,PRJNA945854,IPF / Pulmonary Fibrosis,False,85,0.4470588235294118
SRX19704139,38,12,PRJNA945854,IPF / Pulmonary Fibrosis,False,85,0.1411764705882353
SRX19704139,4,5,PRJNA945854,IPF / Pulmonary Fibrosis,False,85,0.058823529411764705
SRX19704139,5,1,PRJNA945854,IPF / Pulmonary Fibrosis,False,85,0.011764705882352941
SRX19704139,59,3,PRJNA945854,IPF / Pulmonary Fibrosis,False,85,0.03529411764705882
SRX19704139,60,1,PRJNA945854,IPF / Pulmonary Fibrosis,False,85,0.011764705882352941
SRX19704139,7,1,PRJNA945854,IPF / Pulmonary Fibrosis,False,85,0.011764705882352941
SRX19704139,8,6,PRJNA945854,IPF / Pulmonary Fibrosis,False,85,0.07058823529411765
SRX19704139,9,7,PRJNA945854,IPF / Pulmonary Fibrosis,False,85,0.08235294117647059
SRX19704141,1,2,PRJNA945854,IPF / Pulmonary Fibrosis,False,187,0.0106951871657754
SRX19704141,13,1,PRJNA945854,IPF / Pulmonary Fibrosis,False,187,0.0053475935828877
SRX19704141,14,8,PRJNA945854,IPF / Pulmonary Fibrosis,False,187,0.0427807486631016
SRX19704141,17,1,PRJNA945854,IPF / Pulmonary Fibrosis,False,187,0.0053475935828877
SRX19704141,20,2,PRJNA945854,IPF / Pulmonary Fibrosis,False,187,0.0106951871657754
SRX19704141,21,6,PRJNA945854,IPF / Pulmonary Fibrosis,False,187,0.03208556149732621
SRX19704141,26,2,PRJNA945854,IPF / Pulmonary Fibrosis,False,187,0.0106951871657754
SRX19704141,31,1,PRJNA945854,IPF / Pulmonary Fibrosis,False,187,0.0053475935828877
SRX19704141,34,4,PRJNA945854,IPF / Pulmonary Fibrosis,False,187,0.0213903743315508
SRX19704141,36,13,PRJNA945854,IPF / Pulmonary Fibrosis,False,187,0.06951871657754011
SRX19704141,38,8,PRJNA945854,IPF / Pulmonary Fibrosis,False,187,0.0427807486631016
SRX19704141,43,22,PRJNA945854,IPF / Pulmonary Fibrosis,False,187,0.11764705882352941
SRX19704141,44,10,PRJNA945854,IPF / Pulmonary Fibrosis,False,187,0.053475935828877004
SRX19704141,45,17,PRJNA945854,IPF / Pulmonary Fibrosis,False,187,0.09090909090909091
SRX19704141,5,3,PRJNA945854,IPF / Pulmonary Fibrosis,False,187,0.016042780748663103
SRX19704141,59,9,PRJNA945854,IPF / Pulmonary Fibrosis,False,187,0.0481283422459893
SRX19704141,60,2,PRJNA945854,IPF / Pulmonary Fibrosis,False,187,0.0106951871657754
SRX19704141,7,7,PRJNA945854,IPF / Pulmonary Fibrosis,False,187,0.0374331550802139
SRX19704141,8,46,PRJNA945854,IPF / Pulmonary Fibrosis,False,187,0.24598930481283424
SRX19704141,9,23,PRJNA945854,IPF / Pulmonary Fibrosis,False,187,0.12299465240641712
SRX19704142,1,13,PRJNA945854,IPF / Pulmonary Fibrosis,True,112,0.11607142857142858
SRX19704142,14,1,PRJNA945854,IPF / Pulmonary Fibrosis,True,112,0.008928571428571428
SRX19704142,20,2,PRJNA945854,IPF / Pulmonary Fibrosis,True,112,0.017857142857142856
SRX19704142,21,6,PRJNA945854,IPF / Pulmonary Fibrosis,True,112,0.05357142857142857
SRX19704142,24,3,PRJNA945854,IPF / Pulmonary Fibrosis,True,112,0.026785714285714284
SRX19704142,26,4,PRJNA945854,IPF / Pulmonary Fibrosis,True,112,0.03571428571428571
SRX19704142,31,1,PRJNA945854,IPF / Pulmonary Fibrosis,True,112,0.008928571428571428
SRX19704142,36,7,PRJNA945854,IPF / Pulmonary Fibrosis,True,112,0.0625
SRX19704142,38,2,PRJNA945854,IPF / Pulmonary Fibrosis,True,112,0.017857142857142856
SRX19704142,4,3,PRJNA945854,IPF / Pulmonary Fibrosis,True,112,0.026785714285714284
SRX19704142,43,29,PRJNA945854,IPF / Pulmonary Fibrosis,True,112,0.25892857142857145
SRX19704142,44,27,PRJNA945854,IPF / Pulmonary Fibrosis,True,112,0.24107142857142858
SRX19704142,45,5,PRJNA945854,IPF / Pulmonary Fibrosis,True,112,0.044642857142857144
SRX19704142,5,4,PRJNA945854,IPF / Pulmonary Fibrosis,True,112,0.03571428571428571
SRX19704142,6,1,PRJNA945854,IPF / Pulmonary Fibrosis,True,112,0.008928571428571428
SRX19704142,9,4,PRJNA945854,IPF / Pulmonary Fibrosis,True,112,0.03571428571428571
SRX19704143,0,1,PRJNA945854,IPF / Pulmonary Fibrosis,True,154,0.006493506493506494
SRX19704143,1,12,PRJNA945854,IPF / Pulmonary Fibrosis,True,154,0.07792207792207792
SRX19704143,14,1,PRJNA945854,IPF / Pulmonary Fibrosis,True,154,0.006493506493506494
SRX19704143,20,1,PRJNA945854,IPF / Pulmonary Fibrosis,True,154,0.006493506493506494
SRX19704143,21,7,PRJNA945854,IPF / Pulmonary Fibrosis,True,154,0.045454545454545456
SRX19704143,24,5,PRJNA945854,IPF / Pulmonary Fibrosis,True,154,0.032467532467532464
SRX19704143,26,11,PRJNA945854,IPF / Pulmonary Fibrosis,True,154,0.07142857142857142
SRX19704143,31,1,PRJNA945854,IPF / Pulmonary Fibrosis,True,154,0.006493506493506494
SRX19704143,32,1,PRJNA945854,IPF / Pulmonary Fibrosis,True,154,0.006493506493506494
SRX19704143,34,1,PRJNA945854,IPF / Pulmonary Fibrosis,True,154,0.006493506493506494
SRX19704143,36,12,PRJNA945854,IPF / Pulmonary Fibrosis,True,154,0.07792207792207792
SRX19704143,38,2,PRJNA945854,IPF / Pulmonary Fibrosis,True,154,0.012987012987012988
SRX19704143,4,4,PRJNA945854,IPF / Pulmonary Fibrosis,True,154,0.025974025974025976
SRX19704143,43,36,PRJNA945854,IPF / Pulmonary Fibrosis,True,154,0.23376623376623376
SRX19704143,44,23,PRJNA945854,IPF / Pulmonary Fibrosis,True,154,0.14935064935064934
SRX19704143,45,2,PRJNA945854,IPF / Pulmonary Fibrosis,True,154,0.012987012987012988
SRX19704143,5,3,PRJNA945854,IPF / Pulmonary Fibrosis,True,154,0.01948051948051948
SRX19704143,59,1,PRJNA945854,IPF / Pulmonary Fibrosis,True,154,0.006493506493506494
SRX19704143,6,2,PRJNA945854,IPF / Pulmonary Fibrosis,True,154,0.012987012987012988
SRX19704143,60,1,PRJNA945854,IPF / Pulmonary Fibrosis,True,154,0.006493506493506494
SRX19704143,9,27,PRJNA945854,IPF / Pulmonary Fibrosis,True,154,0.17532467532467533
SRX19704147,24,5,PRJNA945854,IPF / Pulmonary Fibrosis,True,34,0.14705882352941177
SRX19704147,26,2,PRJNA945854,IPF / Pulmonary Fibrosis,True,34,0.058823529411764705
SRX19704147,34,1,PRJNA945854,IPF / Pulmonary Fibrosis,True,34,0.029411764705882353
SRX19704147,36,2,PRJNA945854,IPF / Pulmonary Fibrosis,True,34,0.058823529411764705
SRX19704147,43,1,PRJNA945854,IPF / Pulmonary Fibrosis,True,34,0.029411764705882353
SRX19704147,44,1,PRJNA945854,IPF / Pulmonary Fibrosis,True,34,0.029411764705882353
SRX19704147,8,1,PRJNA945854,IPF / Pulmonary Fibrosis,True,34,0.029411764705882353
SRX19704147,9,21,PRJNA945854,IPF / Pulmonary Fibrosis,True,34,0.6176470588235294
SRX19704148,20,1,PRJNA945854,IPF / Pulmonary Fibrosis,True,71,0.014084507042253521
SRX19704148,24,3,PRJNA945854,IPF / Pulmonary Fibrosis,True,71,0.04225352112676056
SRX19704148,26,33,PRJNA945854,IPF / Pulmonary Fibrosis,True,71,0.4647887323943662
SRX19704148,34,3,PRJNA945854,IPF / Pulmonary Fibrosis,True,71,0.04225352112676056
SRX19704148,45,3,PRJNA945854,IPF / Pulmonary Fibrosis,True,71,0.04225352112676056
SRX19704148,9,28,PRJNA945854,IPF / Pulmonary Fibrosis,True,71,0.39436619718309857
SRX19704149,0,1,PRJNA945854,IPF / Pulmonary Fibrosis,True,34,0.029411764705882353
SRX19704149,10,1,PRJNA945854,IPF / Pulmonary Fibrosis,True,34,0.029411764705882353
SRX19704149,24,6,PRJNA945854,IPF / Pulmonary Fibrosis,True,34,0.17647058823529413
SRX19704149,26,10,PRJNA945854,IPF / Pulmonary Fibrosis,True,34,0.29411764705882354
SRX19704149,9,16,PRJNA945854,IPF / Pulmonary Fibrosis,True,34,0.47058823529411764
SRX19704150,24,4,PRJNA945854,IPF / Pulmonary Fibrosis,True,18,0.2222222222222222
SRX19704150,34,3,PRJNA945854,IPF / Pulmonary Fibrosis,True,18,0.16666666666666666
SRX19704150,9,11,PRJNA945854,IPF / Pulmonary Fibrosis,True,18,0.6111111111111112
SRX19704151,1,3,PRJNA945854,IPF / Pulmonary Fibrosis,True,54,0.05555555555555555
SRX19704151,13,1,PRJNA945854,IPF / Pulmonary Fibrosis,True,54,0.018518518518518517
SRX19704151,14,2,PRJNA945854,IPF / Pulmonary Fibrosis,True,54,0.037037037037037035
SRX19704151,20,2,PRJNA945854,IPF / Pulmonary Fibrosis,True,54,0.037037037037037035
SRX19704151,24,8,PRJNA945854,IPF / Pulmonary Fibrosis,True,54,0.14814814814814814
SRX19704151,26,14,PRJNA945854,IPF / Pulmonary Fibrosis,True,54,0.25925925925925924
SRX19704151,31,1,PRJNA945854,IPF / Pulmonary Fibrosis,True,54,0.018518518518518517
SRX19704151,32,2,PRJNA945854,IPF / Pulmonary Fibrosis,True,54,0.037037037037037035
SRX19704151,34,2,PRJNA945854,IPF / Pulmonary Fibrosis,True,54,0.037037037037037035
SRX19704151,4,1,PRJNA945854,IPF / Pulmonary Fibrosis,True,54,0.018518518518518517
SRX19704151,43,1,PRJNA945854,IPF / Pulmonary Fibrosis,True,54,0.018518518518518517
SRX19704151,44,5,PRJNA945854,IPF / Pulmonary Fibrosis,True,54,0.09259259259259259
SRX19704151,45,1,PRJNA945854,IPF / Pulmonary Fibrosis,True,54,0.018518518518518517
SRX19704151,59,1,PRJNA945854,IPF / Pulmonary Fibrosis,True,54,0.018518518518518517
SRX19704151,6,1,PRJNA945854,IPF / Pulmonary Fibrosis,True,54,0.018518518518518517
SRX19704151,60,1,PRJNA945854,IPF / Pulmonary Fibrosis,True,54,0.018518518518518517
SRX19704151,9,8,PRJNA945854,IPF / Pulmonary Fibrosis,True,54,0.14814814814814814
SRX19704152,0,4,PRJNA945854,IPF / Pulmonary Fibrosis,True,65,0.06153846153846154
SRX19704152,1,2,PRJNA945854,IPF / Pulmonary Fibrosis,True,65,0.03076923076923077
SRX19704152,21,2,PRJNA945854,IPF / Pulmonary Fibrosis,True,65,0.03076923076923077
SRX19704152,23,1,PRJNA945854,IPF / Pulmonary Fibrosis,True,65,0.015384615384615385
SRX19704152,24,4,PRJNA945854,IPF / Pulmonary Fibrosis,True,65,0.06153846153846154
SRX19704152,26,3,PRJNA945854,IPF / Pulmonary Fibrosis,True,65,0.046153846153846156
SRX19704152,31,3,PRJNA945854,IPF / Pulmonary Fibrosis,True,65,0.046153846153846156
SRX19704152,34,5,PRJNA945854,IPF / Pulmonary Fibrosis,True,65,0.07692307692307693
SRX19704152,43,1,PRJNA945854,IPF / Pulmonary Fibrosis,True,65,0.015384615384615385
SRX19704152,44,7,PRJNA945854,IPF / Pulmonary Fibrosis,True,65,0.1076923076923077
SRX19704152,45,1,PRJNA945854,IPF / Pulmonary Fibrosis,True,65,0.015384615384615385
SRX19704152,60,3,PRJNA945854,IPF / Pulmonary Fibrosis,True,65,0.046153846153846156
SRX19704152,8,1,PRJNA945854,IPF / Pulmonary Fibrosis,True,65,0.015384615384615385
SRX19704152,9,28,PRJNA945854,IPF / Pulmonary Fibrosis,True,65,0.4307692307692308
SRX19704153,1,3,PRJNA945854,Other,False,39,0.07692307692307693
SRX19704153,13,1,PRJNA945854,Other,False,39,0.02564102564102564
SRX19704153,17,1,PRJNA945854,Other,False,39,0.02564102564102564
SRX19704153,20,1,PRJNA945854,Other,False,39,0.02564102564102564
SRX19704153,24,1,PRJNA945854,Other,False,39,0.02564102564102564
SRX19704153,34,3,PRJNA945854,Other,False,39,0.07692307692307693
SRX19704153,36,6,PRJNA945854,Other,False,39,0.15384615384615385
SRX19704153,38,3,PRJNA945854,Other,False,39,0.07692307692307693
SRX19704153,4,12,PRJNA945854,Other,False,39,0.3076923076923077
SRX19704153,45,2,PRJNA945854,Other,False,39,0.05128205128205128
SRX19704153,5,3,PRJNA945854,Other,False,39,0.07692307692307693
SRX19704153,6,1,PRJNA945854,Other,False,39,0.02564102564102564
SRX19704153,8,2,PRJNA945854,Other,False,39,0.05128205128205128
SRX19704155,1,3,PRJNA945854,Other,False,14,0.21428571428571427
SRX19704155,21,1,PRJNA945854,Other,False,14,0.07142857142857142
SRX19704155,26,2,PRJNA945854,Other,False,14,0.14285714285714285
SRX19704155,34,1,PRJNA945854,Other,False,14,0.07142857142857142
SRX19704155,38,1,PRJNA945854,Other,False,14,0.07142857142857142
SRX19704155,4,1,PRJNA945854,Other,False,14,0.07142857142857142
SRX19704155,44,1,PRJNA945854,Other,False,14,0.07142857142857142
SRX19704155,59,1,PRJNA945854,Other,False,14,0.07142857142857142
SRX19704155,8,2,PRJNA945854,Other,False,14,0.14285714285714285
SRX19704155,9,1,PRJNA945854,Other,False,14,0.07142857142857142
SRX19704158,1,2,PRJNA945854,IPF / Pulmonary Fibrosis,True,160,0.0125
SRX19704158,13,1,PRJNA945854,IPF / Pulmonary Fibrosis,True,160,0.00625
SRX19704158,14,3,PRJNA945854,IPF / Pulmonary Fibrosis,True,160,0.01875
SRX19704158,20,8,PRJNA945854,IPF / Pulmonary Fibrosis,True,160,0.05
SRX19704158,23,4,PRJNA945854,IPF / Pulmonary Fibrosis,True,160,0.025
SRX19704158,24,8,PRJNA945854,IPF / Pulmonary Fibrosis,True,160,0.05
SRX19704158,26,6,PRJNA945854,IPF / Pulmonary Fibrosis,True,160,0.0375
SRX19704158,31,1,PRJNA945854,IPF / Pulmonary Fibrosis,True,160,0.00625
SRX19704158,32,1,PRJNA945854,IPF / Pulmonary Fibrosis,True,160,0.00625
SRX19704158,34,6,PRJNA945854,IPF / Pulmonary Fibrosis,True,160,0.0375
SRX19704158,36,41,PRJNA945854,IPF / Pulmonary Fibrosis,True,160,0.25625
SRX19704158,38,1,PRJNA945854,IPF / Pulmonary Fibrosis,True,160,0.00625
SRX19704158,4,8,PRJNA945854,IPF / Pulmonary Fibrosis,True,160,0.05
SRX19704158,43,7,PRJNA945854,IPF / Pulmonary Fibrosis,True,160,0.04375
SRX19704158,44,4,PRJNA945854,IPF / Pulmonary Fibrosis,True,160,0.025
SRX19704158,45,5,PRJNA945854,IPF / Pulmonary Fibrosis,True,160,0.03125
SRX19704158,5,6,PRJNA945854,IPF / Pulmonary Fibrosis,True,160,0.0375
SRX19704158,59,1,PRJNA945854,IPF / Pulmonary Fibrosis,True,160,0.00625
SRX19704158,6,3,PRJNA945854,IPF / Pulmonary Fibrosis,True,160,0.01875
SRX19704158,7,5,PRJNA945854,IPF / Pulmonary Fibrosis,True,160,0.03125
SRX19704158,8,9,PRJNA945854,IPF / Pulmonary Fibrosis,True,160,0.05625
SRX19704158,9,30,PRJNA945854,IPF / Pulmonary Fibrosis,True,160,0.1875
SRX19704159,13,1,PRJNA945854,IPF / Pulmonary Fibrosis,True,167,0.005988023952095809
SRX19704159,14,7,PRJNA945854,IPF / Pulmonary Fibrosis,True,167,0.041916167664670656
SRX19704159,17,1,PRJNA945854,IPF / Pulmonary Fibrosis,True,167,0.005988023952095809
SRX19704159,20,11,PRJNA945854,IPF / Pulmonary Fibrosis,True,167,0.0658682634730539
SRX19704159,21,1,PRJNA945854,IPF / Pulmonary Fibrosis,True,167,0.005988023952095809
SRX19704159,23,4,PRJNA945854,IPF / Pulmonary Fibrosis,True,167,0.023952095808383235
SRX19704159,24,6,PRJNA945854,IPF / Pulmonary Fibrosis,True,167,0.03592814371257485
SRX19704159,26,31,PRJNA945854,IPF / Pulmonary Fibrosis,True,167,0.18562874251497005
SRX19704159,31,4,PRJNA945854,IPF / Pulmonary Fibrosis,True,167,0.023952095808383235
SRX19704159,34,1,PRJNA945854,IPF / Pulmonary Fibrosis,True,167,0.005988023952095809
SRX19704159,36,17,PRJNA945854,IPF / Pulmonary Fibrosis,True,167,0.10179640718562874
SRX19704159,39,1,PRJNA945854,IPF / Pulmonary Fibrosis,True,167,0.005988023952095809
SRX19704159,43,25,PRJNA945854,IPF / Pulmonary Fibrosis,True,167,0.1497005988023952
SRX19704159,44,28,PRJNA945854,IPF / Pulmonary Fibrosis,True,167,0.16766467065868262
SRX19704159,45,16,PRJNA945854,IPF / Pulmonary Fibrosis,True,167,0.09580838323353294
SRX19704159,60,1,PRJNA945854,IPF / Pulmonary Fibrosis,True,167,0.005988023952095809
SRX19704159,7,1,PRJNA945854,IPF / Pulmonary Fibrosis,True,167,0.005988023952095809
SRX19704159,9,11,PRJNA945854,IPF / Pulmonary Fibrosis,True,167,0.0658682634730539
SRX19704160,1,7,PRJNA945854,IPF / Pulmonary Fibrosis,True,64,0.109375
SRX19704160,13,1,PRJNA945854,IPF / Pulmonary Fibrosis,True,64,0.015625
SRX19704160,14,2,PRJNA945854,IPF / Pulmonary Fibrosis,True,64,0.03125
SRX19704160,20,4,PRJNA945854,IPF / Pulmonary Fibrosis,True,64,0.0625
SRX19704160,24,3,PRJNA945854,IPF / Pulmonary Fibrosis,True,64,0.046875
SRX19704160,26,5,PRJNA945854,IPF / Pulmonary Fibrosis,True,64,0.078125
SRX19704160,34,7,PRJNA945854,IPF / Pulmonary Fibrosis,True,64,0.109375
SRX19704160,36,4,PRJNA945854,IPF / Pulmonary Fibrosis,True,64,0.0625
SRX19704160,4,2,PRJNA945854,IPF / Pulmonary Fibrosis,True,64,0.03125
SRX19704160,43,2,PRJNA945854,IPF / Pulmonary Fibrosis,True,64,0.03125
SRX19704160,44,3,PRJNA945854,IPF / Pulmonary Fibrosis,True,64,0.046875
SRX19704160,45,3,PRJNA945854,IPF / Pulmonary Fibrosis,True,64,0.046875
SRX19704160,5,13,PRJNA945854,IPF / Pulmonary Fibrosis,True,64,0.203125
SRX19704160,52,1,PRJNA945854,IPF / Pulmonary Fibrosis,True,64,0.015625
SRX19704160,8,3,PRJNA945854,IPF / Pulmonary Fibrosis,True,64,0.046875
SRX19704160,9,4,PRJNA945854,IPF / Pulmonary Fibrosis,True,64,0.0625
SRX19704161,1,3,PRJNA945854,IPF / Pulmonary Fibrosis,True,77,0.03896103896103896
SRX19704161,14,4,PRJNA945854,IPF / Pulmonary Fibrosis,True,77,0.05194805194805195
SRX19704161,20,3,PRJNA945854,IPF / Pulmonary Fibrosis,True,77,0.03896103896103896
SRX19704161,23,1,PRJNA945854,IPF / Pulmonary Fibrosis,True,77,0.012987012987012988
SRX19704161,24,1,PRJNA945854,IPF / Pulmonary Fibrosis,True,77,0.012987012987012988
SRX19704161,26,6,PRJNA945854,IPF / Pulmonary Fibrosis,True,77,0.07792207792207792
SRX19704161,36,12,PRJNA945854,IPF / Pulmonary Fibrosis,True,77,0.15584415584415584
SRX19704161,4,2,PRJNA945854,IPF / Pulmonary Fibrosis,True,77,0.025974025974025976
SRX19704161,43,3,PRJNA945854,IPF / Pulmonary Fibrosis,True,77,0.03896103896103896
SRX19704161,44,28,PRJNA945854,IPF / Pulmonary Fibrosis,True,77,0.36363636363636365
SRX19704161,45,8,PRJNA945854,IPF / Pulmonary Fibrosis,True,77,0.1038961038961039
SRX19704161,5,3,PRJNA945854,IPF / Pulmonary Fibrosis,True,77,0.03896103896103896
SRX19704161,6,3,PRJNA945854,IPF / Pulmonary Fibrosis,True,77,0.03896103896103896
SRX19704162,1,5,PRJNA945854,IPF / Pulmonary Fibrosis,True,94,0.05319148936170213
SRX19704162,13,1,PRJNA945854,IPF / Pulmonary Fibrosis,True,94,0.010638297872340425
SRX19704162,14,1,PRJNA945854,IPF / Pulmonary Fibrosis,True,94,0.010638297872340425
SRX19704162,20,5,PRJNA945854,IPF / Pulmonary Fibrosis,True,94,0.05319148936170213
SRX19704162,21,2,PRJNA945854,IPF / Pulmonary Fibrosis,True,94,0.02127659574468085
SRX19704162,23,1,PRJNA945854,IPF / Pulmonary Fibrosis,True,94,0.010638297872340425
SRX19704162,24,6,PRJNA945854,IPF / Pulmonary Fibrosis,True,94,0.06382978723404255
SRX19704162,26,10,PRJNA945854,IPF / Pulmonary Fibrosis,True,94,0.10638297872340426
SRX19704162,34,9,PRJNA945854,IPF / Pulmonary Fibrosis,True,94,0.09574468085106383
SRX19704162,36,2,PRJNA945854,IPF / Pulmonary Fibrosis,True,94,0.02127659574468085
SRX19704162,4,10,PRJNA945854,IPF / Pulmonary Fibrosis,True,94,0.10638297872340426
SRX19704162,43,9,PRJNA945854,IPF / Pulmonary Fibrosis,True,94,0.09574468085106383
SRX19704162,44,4,PRJNA945854,IPF / Pulmonary Fibrosis,True,94,0.0425531914893617
SRX19704162,45,5,PRJNA945854,IPF / Pulmonary Fibrosis,True,94,0.05319148936170213
SRX19704162,5,6,PRJNA945854,IPF / Pulmonary Fibrosis,True,94,0.06382978723404255
SRX19704162,6,1,PRJNA945854,IPF / Pulmonary Fibrosis,True,94,0.010638297872340425
SRX19704162,8,3,PRJNA945854,IPF / Pulmonary Fibrosis,True,94,0.031914893617021274
SRX19704162,9,14,PRJNA945854,IPF / Pulmonary Fibrosis,True,94,0.14893617021276595
SRX19704163,1,1,PRJNA945854,Interstitial Lung Disease,True,39,0.02564102564102564
SRX19704163,20,1,PRJNA945854,Interstitial Lung Disease,True,39,0.02564102564102564
SRX19704163,23,1,PRJNA945854,Interstitial Lung Disease,True,39,0.02564102564102564
SRX19704163,24,1,PRJNA945854,Interstitial Lung Disease,True,39,0.02564102564102564
SRX19704163,26,3,PRJNA945854,Interstitial Lung Disease,True,39,0.07692307692307693
SRX19704163,31,3,PRJNA945854,Interstitial Lung Disease,True,39,0.07692307692307693
SRX19704163,34,6,PRJNA945854,Interstitial Lung Disease,True,39,0.15384615384615385
SRX19704163,36,9,PRJNA945854,Interstitial Lung Disease,True,39,0.23076923076923078
SRX19704163,4,1,PRJNA945854,Interstitial Lung Disease,True,39,0.02564102564102564
SRX19704163,43,1,PRJNA945854,Interstitial Lung Disease,True,39,0.02564102564102564
SRX19704163,44,2,PRJNA945854,Interstitial Lung Disease,True,39,0.05128205128205128
SRX19704163,45,3,PRJNA945854,Interstitial Lung Disease,True,39,0.07692307692307693
SRX19704163,5,1,PRJNA945854,Interstitial Lung Disease,True,39,0.02564102564102564
SRX19704163,59,1,PRJNA945854,Interstitial Lung Disease,True,39,0.02564102564102564
SRX19704163,6,1,PRJNA945854,Interstitial Lung Disease,True,39,0.02564102564102564
SRX19704163,60,1,PRJNA945854,Interstitial Lung Disease,True,39,0.02564102564102564
SRX19704163,8,2,PRJNA945854,Interstitial Lung Disease,True,39,0.05128205128205128
SRX19704163,9,1,PRJNA945854,Interstitial Lung Disease,True,39,0.02564102564102564
SRX19704164,1,1,PRJNA945854,IPF / Pulmonary Fibrosis,True,180,0.005555555555555556
SRX19704164,14,1,PRJNA945854,IPF / Pulmonary Fibrosis,True,180,0.005555555555555556
SRX19704164,17,1,PRJNA945854,IPF / Pulmonary Fibrosis,True,180,0.005555555555555556
SRX19704164,20,19,PRJNA945854,IPF / Pulmonary Fibrosis,True,180,0.10555555555555556
SRX19704164,21,13,PRJNA945854,IPF / Pulmonary Fibrosis,True,180,0.07222222222222222
SRX19704164,23,4,PRJNA945854,IPF / Pulmonary Fibrosis,True,180,0.022222222222222223
SRX19704164,24,7,PRJNA945854,IPF / Pulmonary Fibrosis,True,180,0.03888888888888889
SRX19704164,26,11,PRJNA945854,IPF / Pulmonary Fibrosis,True,180,0.06111111111111111
SRX19704164,31,2,PRJNA945854,IPF / Pulmonary Fibrosis,True,180,0.011111111111111112
SRX19704164,34,1,PRJNA945854,IPF / Pulmonary Fibrosis,True,180,0.005555555555555556
SRX19704164,36,8,PRJNA945854,IPF / Pulmonary Fibrosis,True,180,0.044444444444444446
SRX19704164,38,1,PRJNA945854,IPF / Pulmonary Fibrosis,True,180,0.005555555555555556
SRX19704164,43,33,PRJNA945854,IPF / Pulmonary Fibrosis,True,180,0.18333333333333332
SRX19704164,44,22,PRJNA945854,IPF / Pulmonary Fibrosis,True,180,0.12222222222222222
SRX19704164,45,23,PRJNA945854,IPF / Pulmonary Fibrosis,True,180,0.12777777777777777
SRX19704164,6,1,PRJNA945854,IPF / Pulmonary Fibrosis,True,180,0.005555555555555556
SRX19704164,7,3,PRJNA945854,IPF / Pulmonary Fibrosis,True,180,0.016666666666666666
SRX19704164,8,2,PRJNA945854,IPF / Pulmonary Fibrosis,True,180,0.011111111111111112
SRX19704164,9,27,PRJNA945854,IPF / Pulmonary Fibrosis,True,180,0.15
SRX19704165,1,3,PRJNA945854,IPF / Pulmonary Fibrosis,True,36,0.08333333333333333
SRX19704165,20,3,PRJNA945854,IPF / Pulmonary Fibrosis,True,36,0.08333333333333333
SRX19704165,21,1,PRJNA945854,IPF / Pulmonary Fibrosis,True,36,0.027777777777777776
SRX19704165,24,1,PRJNA945854,IPF / Pulmonary Fibrosis,True,36,0.027777777777777776
SRX19704165,26,4,PRJNA945854,IPF / Pulmonary Fibrosis,True,36,0.1111111111111111
SRX19704165,31,1,PRJNA945854,IPF / Pulmonary Fibrosis,True,36,0.027777777777777776
SRX19704165,34,2,PRJNA945854,IPF / Pulmonary Fibrosis,True,36,0.05555555555555555
SRX19704165,36,11,PRJNA945854,IPF / Pulmonary Fibrosis,True,36,0.3055555555555556
SRX19704165,44,4,PRJNA945854,IPF / Pulmonary Fibrosis,True,36,0.1111111111111111
SRX19704165,45,3,PRJNA945854,IPF / Pulmonary Fibrosis,True,36,0.08333333333333333
SRX19704165,5,1,PRJNA945854,IPF / Pulmonary Fibrosis,True,36,0.027777777777777776
SRX19704165,7,1,PRJNA945854,IPF / Pulmonary Fibrosis,True,36,0.027777777777777776
SRX19704165,9,1,PRJNA945854,IPF / Pulmonary Fibrosis,True,36,0.027777777777777776
SRX19704166,1,4,PRJNA945854,IPF / Pulmonary Fibrosis,True,22,0.18181818181818182
SRX19704166,20,2,PRJNA945854,IPF / Pulmonary Fibrosis,True,22,0.09090909090909091
SRX19704166,34,6,PRJNA945854,IPF / Pulmonary Fibrosis,True,22,0.2727272727272727
SRX19704166,36,2,PRJNA945854,IPF / Pulmonary Fibrosis,True,22,0.09090909090909091
SRX19704166,45,2,PRJNA945854,IPF / Pulmonary Fibrosis,True,22,0.09090909090909091
SRX19704166,5,2,PRJNA945854,IPF / Pulmonary Fibrosis,True,22,0.09090909090909091
SRX19704166,59,1,PRJNA945854,IPF / Pulmonary Fibrosis,True,22,0.045454545454545456
SRX19704166,8,1,PRJNA945854,IPF / Pulmonary Fibrosis,True,22,0.045454545454545456
SRX19704166,9,2,PRJNA945854,IPF / Pulmonary Fibrosis,True,22,0.09090909090909091
SRX19704167,13,1,PRJNA945854,IPF / Pulmonary Fibrosis,False,11,0.09090909090909091
SRX19704167,36,1,PRJNA945854,IPF / Pulmonary Fibrosis,False,11,0.09090909090909091
SRX19704167,38,2,PRJNA945854,IPF / Pulmonary Fibrosis,False,11,0.18181818181818182
SRX19704167,44,1,PRJNA945854,IPF / Pulmonary Fibrosis,False,11,0.09090909090909091
SRX19704167,8,4,PRJNA945854,IPF / Pulmonary Fibrosis,False,11,0.36363636363636365
SRX19704167,9,2,PRJNA945854,IPF / Pulmonary Fibrosis,False,11,0.18181818181818182
SRX19704168,26,1,PRJNA945854,Other,False,18,0.05555555555555555
SRX19704168,34,5,PRJNA945854,Other,False,18,0.2777777777777778
SRX19704168,36,1,PRJNA945854,Other,False,18,0.05555555555555555
SRX19704168,43,1,PRJNA945854,Other,False,18,0.05555555555555555
SRX19704168,8,8,PRJNA945854,Other,False,18,0.4444444444444444
SRX19704168,9,2,PRJNA945854,Other,False,18,0.1111111111111111
SRX19704169,0,1,PRJNA945854,Interstitial Lung Disease,True,74,0.013513513513513514
SRX19704169,1,1,PRJNA945854,Interstitial Lung Disease,True,74,0.013513513513513514
SRX19704169,14,4,PRJNA945854,Interstitial Lung Disease,True,74,0.05405405405405406
SRX19704169,24,5,PRJNA945854,Interstitial Lung Disease,True,74,0.06756756756756757
SRX19704169,26,23,PRJNA945854,Interstitial Lung Disease,True,74,0.3108108108108108
SRX19704169,34,3,PRJNA945854,Interstitial Lung Disease,True,74,0.04054054054054054
SRX19704169,36,1,PRJNA945854,Interstitial Lung Disease,True,74,0.013513513513513514
SRX19704169,38,1,PRJNA945854,Interstitial Lung Disease,True,74,0.013513513513513514
SRX19704169,4,2,PRJNA945854,Interstitial Lung Disease,True,74,0.02702702702702703
SRX19704169,8,1,PRJNA945854,Interstitial Lung Disease,True,74,0.013513513513513514
SRX19704169,9,32,PRJNA945854,Interstitial Lung Disease,True,74,0.43243243243243246
SRX19704170,0,2,PRJNA945854,Interstitial Lung Disease,True,99,0.020202020202020204
SRX19704170,1,1,PRJNA945854,Interstitial Lung Disease,True,99,0.010101010101010102
SRX19704170,13,3,PRJNA945854,Interstitial Lung Disease,True,99,0.030303030303030304
SRX19704170,14,1,PRJNA945854,Interstitial Lung Disease,True,99,0.010101010101010102
SRX19704170,20,2,PRJNA945854,Interstitial Lung Disease,True,99,0.020202020202020204
SRX19704170,24,6,PRJNA945854,Interstitial Lung Disease,True,99,0.06060606060606061
SRX19704170,26,23,PRJNA945854,Interstitial Lung Disease,True,99,0.23232323232323232
SRX19704170,34,3,PRJNA945854,Interstitial Lung Disease,True,99,0.030303030303030304
SRX19704170,36,1,PRJNA945854,Interstitial Lung Disease,True,99,0.010101010101010102
SRX19704170,4,2,PRJNA945854,Interstitial Lung Disease,True,99,0.020202020202020204
SRX19704170,44,1,PRJNA945854,Interstitial Lung Disease,True,99,0.010101010101010102
SRX19704170,45,1,PRJNA945854,Interstitial Lung Disease,True,99,0.010101010101010102
SRX19704170,9,53,PRJNA945854,Interstitial Lung Disease,True,99,0.5353535353535354
SRX19704171,1,2,PRJNA945854,Interstitial Lung Disease,True,91,0.02197802197802198
SRX19704171,13,1,PRJNA945854,Interstitial Lung Disease,True,91,0.01098901098901099
SRX19704171,24,1,PRJNA945854,Interstitial Lung Disease,True,91,0.01098901098901099
SRX19704171,26,8,PRJNA945854,Interstitial Lung Disease,True,91,0.08791208791208792
SRX19704171,34,51,PRJNA945854,Interstitial Lung Disease,True,91,0.5604395604395604
SRX19704171,36,4,PRJNA945854,Interstitial Lung Disease,True,91,0.04395604395604396
SRX19704171,38,1,PRJNA945854,Interstitial Lung Disease,True,91,0.01098901098901099
SRX19704171,4,7,PRJNA945854,Interstitial Lung Disease,True,91,0.07692307692307693
SRX19704171,5,1,PRJNA945854,Interstitial Lung Disease,True,91,0.01098901098901099
SRX19704171,8,9,PRJNA945854,Interstitial Lung Disease,True,91,0.0989010989010989
SRX19704171,9,6,PRJNA945854,Interstitial Lung Disease,True,91,0.06593406593406594
SRX19704172,0,1,PRJNA945854,Other,False,93,0.010752688172043012
SRX19704172,1,6,PRJNA945854,Other,False,93,0.06451612903225806
SRX19704172,20,6,PRJNA945854,Other,False,93,0.06451612903225806
SRX19704172,21,3,PRJNA945854,Other,False,93,0.03225806451612903
SRX19704172,23,1,PRJNA945854,Other,False,93,0.010752688172043012
SRX19704172,24,4,PRJNA945854,Other,False,93,0.043010752688172046
SRX19704172,26,9,PRJNA945854,Other,False,93,0.0967741935483871
SRX19704172,31,2,PRJNA945854,Other,False,93,0.021505376344086023
SRX19704172,32,1,PRJNA945854,Other,False,93,0.010752688172043012
SRX19704172,34,5,PRJNA945854,Other,False,93,0.053763440860215055
SRX19704172,36,15,PRJNA945854,Other,False,93,0.16129032258064516
SRX19704172,38,1,PRJNA945854,Other,False,93,0.010752688172043012
SRX19704172,4,6,PRJNA945854,Other,False,93,0.06451612903225806
SRX19704172,43,2,PRJNA945854,Other,False,93,0.021505376344086023
SRX19704172,44,7,PRJNA945854,Other,False,93,0.07526881720430108
SRX19704172,45,3,PRJNA945854,Other,False,93,0.03225806451612903
SRX19704172,5,7,PRJNA945854,Other,False,93,0.07526881720430108
SRX19704172,7,2,PRJNA945854,Other,False,93,0.021505376344086023
SRX19704172,8,8,PRJNA945854,Other,False,93,0.08602150537634409
SRX19704172,9,4,PRJNA945854,Other,False,93,0.043010752688172046
SRX19704173,1,1,PRJNA945854,Other,False,262,0.003816793893129771
SRX19704173,14,5,PRJNA945854,Other,False,262,0.019083969465648856
SRX19704173,17,1,PRJNA945854,Other,False,262,0.003816793893129771
SRX19704173,20,3,PRJNA945854,Other,False,262,0.011450381679389313
SRX19704173,21,5,PRJNA945854,Other,False,262,0.019083969465648856
SRX19704173,26,2,PRJNA945854,Other,False,262,0.007633587786259542
SRX19704173,34,3,PRJNA945854,Other,False,262,0.011450381679389313
SRX19704173,36,18,PRJNA945854,Other,False,262,0.06870229007633588
SRX19704173,38,9,PRJNA945854,Other,False,262,0.03435114503816794
SRX19704173,4,1,PRJNA945854,Other,False,262,0.003816793893129771
SRX19704173,43,80,PRJNA945854,Other,False,262,0.3053435114503817
SRX19704173,44,11,PRJNA945854,Other,False,262,0.04198473282442748
SRX19704173,45,27,PRJNA945854,Other,False,262,0.10305343511450382
SRX19704173,5,1,PRJNA945854,Other,False,262,0.003816793893129771
SRX19704173,60,1,PRJNA945854,Other,False,262,0.003816793893129771
SRX19704173,7,5,PRJNA945854,Other,False,262,0.019083969465648856
SRX19704173,8,39,PRJNA945854,Other,False,262,0.14885496183206107
SRX19704173,9,50,PRJNA945854,Other,False,262,0.19083969465648856
SRX19704174,1,10,PRJNA945854,Other,False,136,0.07352941176470588
SRX19704174,14,2,PRJNA945854,Other,False,136,0.014705882352941176
SRX19704174,20,4,PRJNA945854,Other,False,136,0.029411764705882353
SRX19704174,21,2,PRJNA945854,Other,False,136,0.014705882352941176
SRX19704174,24,5,PRJNA945854,Other,False,136,0.03676470588235294
SRX19704174,26,9,PRJNA945854,Other,False,136,0.0661764705882353
SRX19704174,34,7,PRJNA945854,Other,False,136,0.051470588235294115
SRX19704174,36,37,PRJNA945854,Other,False,136,0.27205882352941174
SRX19704174,38,8,PRJNA945854,Other,False,136,0.058823529411764705
SRX19704174,4,3,PRJNA945854,Other,False,136,0.022058823529411766
SRX19704174,43,5,PRJNA945854,Other,False,136,0.03676470588235294
SRX19704174,44,9,PRJNA945854,Other,False,136,0.0661764705882353
SRX19704174,45,2,PRJNA945854,Other,False,136,0.014705882352941176
SRX19704174,5,3,PRJNA945854,Other,False,136,0.022058823529411766
SRX19704174,59,1,PRJNA945854,Other,False,136,0.007352941176470588
SRX19704174,60,1,PRJNA945854,Other,False,136,0.007352941176470588
SRX19704174,7,2,PRJNA945854,Other,False,136,0.014705882352941176
SRX19704174,8,19,PRJNA945854,Other,False,136,0.13970588235294118
SRX19704174,9,7,PRJNA945854,Other,False,136,0.051470588235294115
SRX19704175,14,8,PRJNA945854,Other,False,197,0.04060913705583756
SRX19704175,20,4,PRJNA945854,Other,False,197,0.02030456852791878
SRX19704175,21,2,PRJNA945854,Other,False,197,0.01015228426395939
SRX19704175,24,6,PRJNA945854,Other,False,197,0.030456852791878174
SRX19704175,26,1,PRJNA945854,Other,False,197,0.005076142131979695
SRX19704175,34,8,PRJNA945854,Other,False,197,0.04060913705583756
SRX19704175,36,49,PRJNA945854,Other,False,197,0.24873096446700507
SRX19704175,38,28,PRJNA945854,Other,False,197,0.14213197969543148
SRX19704175,4,2,PRJNA945854,Other,False,197,0.01015228426395939
SRX19704175,43,6,PRJNA945854,Other,False,197,0.030456852791878174
SRX19704175,44,16,PRJNA945854,Other,False,197,0.08121827411167512
SRX19704175,45,6,PRJNA945854,Other,False,197,0.030456852791878174
SRX19704175,5,4,PRJNA945854,Other,False,197,0.02030456852791878
SRX19704175,59,6,PRJNA945854,Other,False,197,0.030456852791878174
SRX19704175,60,4,PRJNA945854,Other,False,197,0.02030456852791878
SRX19704175,7,4,PRJNA945854,Other,False,197,0.02030456852791878
SRX19704175,8,29,PRJNA945854,Other,False,197,0.14720812182741116
SRX19704175,9,14,PRJNA945854,Other,False,197,0.07106598984771574
SRX19704176,1,12,PRJNA945854,Other,False,148,0.08108108108108109
SRX19704176,14,5,PRJNA945854,Other,False,148,0.033783783783783786
SRX19704176,20,4,PRJNA945854,Other,False,148,0.02702702702702703
SRX19704176,24,2,PRJNA945854,Other,False,148,0.013513513513513514
SRX19704176,26,26,PRJNA945854,Other,False,148,0.17567567567567569
SRX19704176,34,3,PRJNA945854,Other,False,148,0.02027027027027027
SRX19704176,36,29,PRJNA945854,Other,False,148,0.19594594594594594
SRX19704176,38,3,PRJNA945854,Other,False,148,0.02027027027027027
SRX19704176,4,4,PRJNA945854,Other,False,148,0.02702702702702703
SRX19704176,44,3,PRJNA945854,Other,False,148,0.02027027027027027
SRX19704176,45,1,PRJNA945854,Other,False,148,0.006756756756756757
SRX19704176,5,7,PRJNA945854,Other,False,148,0.0472972972972973
SRX19704176,59,6,PRJNA945854,Other,False,148,0.04054054054054054
SRX19704176,7,2,PRJNA945854,Other,False,148,0.013513513513513514
SRX19704176,8,26,PRJNA945854,Other,False,148,0.17567567567567569
SRX19704176,9,15,PRJNA945854,Other,False,148,0.10135135135135136
SRX19704177,0,1,PRJNA945854,Other,False,195,0.005128205128205128
SRX19704177,1,1,PRJNA945854,Other,False,195,0.005128205128205128
SRX19704177,14,8,PRJNA945854,Other,False,195,0.041025641025641026
SRX19704177,20,1,PRJNA945854,Other,False,195,0.005128205128205128
SRX19704177,21,7,PRJNA945854,Other,False,195,0.035897435897435895
SRX19704177,24,1,PRJNA945854,Other,False,195,0.005128205128205128
SRX19704177,26,3,PRJNA945854,Other,False,195,0.015384615384615385
SRX19704177,32,1,PRJNA945854,Other,False,195,0.005128205128205128
SRX19704177,34,4,PRJNA945854,Other,False,195,0.020512820512820513
SRX19704177,36,21,PRJNA945854,Other,False,195,0.1076923076923077
SRX19704177,38,4,PRJNA945854,Other,False,195,0.020512820512820513
SRX19704177,43,33,PRJNA945854,Other,False,195,0.16923076923076924
SRX19704177,44,11,PRJNA945854,Other,False,195,0.05641025641025641
SRX19704177,45,7,PRJNA945854,Other,False,195,0.035897435897435895
SRX19704177,59,4,PRJNA945854,Other,False,195,0.020512820512820513
SRX19704177,60,1,PRJNA945854,Other,False,195,0.005128205128205128
SRX19704177,7,9,PRJNA945854,Other,False,195,0.046153846153846156
SRX19704177,8,55,PRJNA945854,Other,False,195,0.28205128205128205
SRX19704177,9,23,PRJNA945854,Other,False,195,0.11794871794871795
SRX19704178,1,1,PRJNA945854,Other,False,259,0.003861003861003861
SRX19704178,13,2,PRJNA945854,Other,False,259,0.007722007722007722
SRX19704178,14,63,PRJNA945854,Other,False,259,0.24324324324324326
SRX19704178,20,1,PRJNA945854,Other,False,259,0.003861003861003861
SRX19704178,21,4,PRJNA945854,Other,False,259,0.015444015444015444
SRX19704178,24,2,PRJNA945854,Other,False,259,0.007722007722007722
SRX19704178,26,1,PRJNA945854,Other,False,259,0.003861003861003861
SRX19704178,34,3,PRJNA945854,Other,False,259,0.011583011583011582
SRX19704178,36,46,PRJNA945854,Other,False,259,0.1776061776061776
SRX19704178,38,12,PRJNA945854,Other,False,259,0.04633204633204633
SRX19704178,4,4,PRJNA945854,Other,False,259,0.015444015444015444
SRX19704178,43,33,PRJNA945854,Other,False,259,0.1274131274131274
SRX19704178,44,12,PRJNA945854,Other,False,259,0.04633204633204633
SRX19704178,45,5,PRJNA945854,Other,False,259,0.019305019305019305
SRX19704178,59,1,PRJNA945854,Other,False,259,0.003861003861003861
SRX19704178,6,1,PRJNA945854,Other,False,259,0.003861003861003861
SRX19704178,60,13,PRJNA945854,Other,False,259,0.05019305019305019
SRX19704178,7,5,PRJNA945854,Other,False,259,0.019305019305019305
SRX19704178,8,26,PRJNA945854,Other,False,259,0.10038610038610038
SRX19704178,9,24,PRJNA945854,Other,False,259,0.09266409266409266
SRX19704179,0,1,PRJNA945854,IPF / Pulmonary Fibrosis,False,96,0.010416666666666666
SRX19704179,1,4,PRJNA945854,IPF / Pulmonary Fibrosis,False,96,0.041666666666666664
SRX19704179,13,2,PRJNA945854,IPF / Pulmonary Fibrosis,False,96,0.020833333333333332
SRX19704179,14,5,PRJNA945854,IPF / Pulmonary Fibrosis,False,96,0.052083333333333336
SRX19704179,20,6,PRJNA945854,IPF / Pulmonary Fibrosis,False,96,0.0625
SRX19704179,21,1,PRJNA945854,IPF / Pulmonary Fibrosis,False,96,0.010416666666666666
SRX19704179,23,1,PRJNA945854,IPF / Pulmonary Fibrosis,False,96,0.010416666666666666
SRX19704179,24,2,PRJNA945854,IPF / Pulmonary Fibrosis,False,96,0.020833333333333332
SRX19704179,26,3,PRJNA945854,IPF / Pulmonary Fibrosis,False,96,0.03125
SRX19704179,34,1,PRJNA945854,IPF / Pulmonary Fibrosis,False,96,0.010416666666666666
SRX19704179,36,14,PRJNA945854,IPF / Pulmonary Fibrosis,False,96,0.14583333333333334
SRX19704179,38,13,PRJNA945854,IPF / Pulmonary Fibrosis,False,96,0.13541666666666666
SRX19704179,4,1,PRJNA945854,IPF / Pulmonary Fibrosis,False,96,0.010416666666666666
SRX19704179,44,3,PRJNA945854,IPF / Pulmonary Fibrosis,False,96,0.03125
SRX19704179,45,2,PRJNA945854,IPF / Pulmonary Fibrosis,False,96,0.020833333333333332
SRX19704179,5,3,PRJNA945854,IPF / Pulmonary Fibrosis,False,96,0.03125
SRX19704179,59,3,PRJNA945854,IPF / Pulmonary Fibrosis,False,96,0.03125
SRX19704179,60,1,PRJNA945854,IPF / Pulmonary Fibrosis,False,96,0.010416666666666666
SRX19704179,8,29,PRJNA945854,IPF / Pulmonary Fibrosis,False,96,0.3020833333333333
SRX19704179,9,1,PRJNA945854,IPF / Pulmonary Fibrosis,False,96,0.010416666666666666
SRX19704180,0,1,PRJNA945854,IPF / Pulmonary Fibrosis,True,144,0.006944444444444444
SRX19704180,1,1,PRJNA945854,IPF / Pulmonary Fibrosis,True,144,0.006944444444444444
SRX19704180,14,1,PRJNA945854,IPF / Pulmonary Fibrosis,True,144,0.006944444444444444
SRX19704180,20,12,PRJNA945854,IPF / Pulmonary Fibrosis,True,144,0.08333333333333333
SRX19704180,21,1,PRJNA945854,IPF / Pulmonary Fibrosis,True,144,0.006944444444444444
SRX19704180,23,2,PRJNA945854,IPF / Pulmonary Fibrosis,True,144,0.013888888888888888
SRX19704180,24,5,PRJNA945854,IPF / Pulmonary Fibrosis,True,144,0.034722222222222224
SRX19704180,26,8,PRJNA945854,IPF / Pulmonary Fibrosis,True,144,0.05555555555555555
SRX19704180,31,9,PRJNA945854,IPF / Pulmonary Fibrosis,True,144,0.0625
SRX19704180,34,3,PRJNA945854,IPF / Pulmonary Fibrosis,True,144,0.020833333333333332
SRX19704180,36,9,PRJNA945854,IPF / Pulmonary Fibrosis,True,144,0.0625
SRX19704180,4,2,PRJNA945854,IPF / Pulmonary Fibrosis,True,144,0.013888888888888888
SRX19704180,43,25,PRJNA945854,IPF / Pulmonary Fibrosis,True,144,0.1736111111111111
SRX19704180,44,47,PRJNA945854,IPF / Pulmonary Fibrosis,True,144,0.3263888888888889
SRX19704180,45,6,PRJNA945854,IPF / Pulmonary Fibrosis,True,144,0.041666666666666664
SRX19704180,6,1,PRJNA945854,IPF / Pulmonary Fibrosis,True,144,0.006944444444444444
SRX19704180,8,3,PRJNA945854,IPF / Pulmonary Fibrosis,True,144,0.020833333333333332
SRX19704180,9,8,PRJNA945854,IPF / Pulmonary Fibrosis,True,144,0.05555555555555555
SRX19704181,1,1,PRJNA945854,IPF / Pulmonary Fibrosis,True,179,0.00558659217877095
SRX19704181,13,1,PRJNA945854,IPF / Pulmonary Fibrosis,True,179,0.00558659217877095
SRX19704181,14,1,PRJNA945854,IPF / Pulmonary Fibrosis,True,179,0.00558659217877095
SRX19704181,17,1,PRJNA945854,IPF / Pulmonary Fibrosis,True,179,0.00558659217877095
SRX19704181,20,10,PRJNA945854,IPF / Pulmonary Fibrosis,True,179,0.055865921787709494
SRX19704181,21,9,PRJNA945854,IPF / Pulmonary Fibrosis,True,179,0.05027932960893855
SRX19704181,23,2,PRJNA945854,IPF / Pulmonary Fibrosis,True,179,0.0111731843575419
SRX19704181,24,8,PRJNA945854,IPF / Pulmonary Fibrosis,True,179,0.0446927374301676
SRX19704181,26,7,PRJNA945854,IPF / Pulmonary Fibrosis,True,179,0.03910614525139665
SRX19704181,31,6,PRJNA945854,IPF / Pulmonary Fibrosis,True,179,0.0335195530726257
SRX19704181,32,3,PRJNA945854,IPF / Pulmonary Fibrosis,True,179,0.01675977653631285
SRX19704181,36,15,PRJNA945854,IPF / Pulmonary Fibrosis,True,179,0.08379888268156424
SRX19704181,4,1,PRJNA945854,IPF / Pulmonary Fibrosis,True,179,0.00558659217877095
SRX19704181,43,31,PRJNA945854,IPF / Pulmonary Fibrosis,True,179,0.17318435754189945
SRX19704181,44,52,PRJNA945854,IPF / Pulmonary Fibrosis,True,179,0.2905027932960894
SRX19704181,45,18,PRJNA945854,IPF / Pulmonary Fibrosis,True,179,0.1005586592178771
SRX19704181,7,1,PRJNA945854,IPF / Pulmonary Fibrosis,True,179,0.00558659217877095
SRX19704181,9,12,PRJNA945854,IPF / Pulmonary Fibrosis,True,179,0.0670391061452514
SRX19704186,1,2,PRJNA945854,IPF / Pulmonary Fibrosis,True,109,0.01834862385321101
SRX19704186,14,2,PRJNA945854,IPF / Pulmonary Fibrosis,True,109,0.01834862385321101
SRX19704186,20,6,PRJNA945854,IPF / Pulmonary Fibrosis,True,109,0.05504587155963303
SRX19704186,23,2,PRJNA945854,IPF / Pulmonary Fibrosis,True,109,0.01834862385321101
SRX19704186,24,12,PRJNA945854,IPF / Pulmonary Fibrosis,True,109,0.11009174311926606
SRX19704186,26,5,PRJNA945854,IPF / Pulmonary Fibrosis,True,109,0.045871559633027525
SRX19704186,34,11,PRJNA945854,IPF / Pulmonary Fibrosis,True,109,0.10091743119266056
SRX19704186,36,10,PRJNA945854,IPF / Pulmonary Fibrosis,True,109,0.09174311926605505
SRX19704186,4,13,PRJNA945854,IPF / Pulmonary Fibrosis,True,109,0.11926605504587157
SRX19704186,43,4,PRJNA945854,IPF / Pulmonary Fibrosis,True,109,0.03669724770642202
SRX19704186,44,2,PRJNA945854,IPF / Pulmonary Fibrosis,True,109,0.01834862385321101
SRX19704186,45,6,PRJNA945854,IPF / Pulmonary Fibrosis,True,109,0.05504587155963303
SRX19704186,5,4,PRJNA945854,IPF / Pulmonary Fibrosis,True,109,0.03669724770642202
SRX19704186,59,4,PRJNA945854,IPF / Pulmonary Fibrosis,True,109,0.03669724770642202
SRX19704186,6,4,PRJNA945854,IPF / Pulmonary Fibrosis,True,109,0.03669724770642202
SRX19704186,7,3,PRJNA945854,IPF / Pulmonary Fibrosis,True,109,0.027522935779816515
SRX19704186,8,3,PRJNA945854,IPF / Pulmonary Fibrosis,True,109,0.027522935779816515
SRX19704186,9,16,PRJNA945854,IPF / Pulmonary Fibrosis,True,109,0.14678899082568808
SRX19704187,0,1,PRJNA945854,IPF / Pulmonary Fibrosis,True,144,0.006944444444444444
SRX19704187,1,1,PRJNA945854,IPF / Pulmonary Fibrosis,True,144,0.006944444444444444
SRX19704187,13,3,PRJNA945854,IPF / Pulmonary Fibrosis,True,144,0.020833333333333332
SRX19704187,17,1,PRJNA945854,IPF / Pulmonary Fibrosis,True,144,0.006944444444444444
SRX19704187,20,12,PRJNA945854,IPF / Pulmonary Fibrosis,True,144,0.08333333333333333
SRX19704187,21,5,PRJNA945854,IPF / Pulmonary Fibrosis,True,144,0.034722222222222224
SRX19704187,23,1,PRJNA945854,IPF / Pulmonary Fibrosis,True,144,0.006944444444444444
SRX19704187,24,10,PRJNA945854,IPF / Pulmonary Fibrosis,True,144,0.06944444444444445
SRX19704187,26,20,PRJNA945854,IPF / Pulmonary Fibrosis,True,144,0.1388888888888889
SRX19704187,31,5,PRJNA945854,IPF / Pulmonary Fibrosis,True,144,0.034722222222222224
SRX19704187,34,8,PRJNA945854,IPF / Pulmonary Fibrosis,True,144,0.05555555555555555
SRX19704187,36,11,PRJNA945854,IPF / Pulmonary Fibrosis,True,144,0.0763888888888889
SRX19704187,43,13,PRJNA945854,IPF / Pulmonary Fibrosis,True,144,0.09027777777777778
SRX19704187,44,21,PRJNA945854,IPF / Pulmonary Fibrosis,True,144,0.14583333333333334
SRX19704187,45,13,PRJNA945854,IPF / Pulmonary Fibrosis,True,144,0.09027777777777778
SRX19704187,59,1,PRJNA945854,IPF / Pulmonary Fibrosis,True,144,0.006944444444444444
SRX19704187,6,3,PRJNA945854,IPF / Pulmonary Fibrosis,True,144,0.020833333333333332
SRX19704187,7,1,PRJNA945854,IPF / Pulmonary Fibrosis,True,144,0.006944444444444444
SRX19704187,9,14,PRJNA945854,IPF / Pulmonary Fibrosis,True,144,0.09722222222222222
SRX19704188,1,4,PRJNA945854,IPF / Pulmonary Fibrosis,True,92,0.043478260869565216
SRX19704188,20,1,PRJNA945854,IPF / Pulmonary Fibrosis,True,92,0.010869565217391304
SRX19704188,21,1,PRJNA945854,IPF / Pulmonary Fibrosis,True,92,0.010869565217391304
SRX19704188,24,6,PRJNA945854,IPF / Pulmonary Fibrosis,True,92,0.06521739130434782
SRX19704188,26,6,PRJNA945854,IPF / Pulmonary Fibrosis,True,92,0.06521739130434782
SRX19704188,31,2,PRJNA945854,IPF / Pulmonary Fibrosis,True,92,0.021739130434782608
SRX19704188,34,2,PRJNA945854,IPF / Pulmonary Fibrosis,True,92,0.021739130434782608
SRX19704188,36,11,PRJNA945854,IPF / Pulmonary Fibrosis,True,92,0.11956521739130435
SRX19704188,38,2,PRJNA945854,IPF / Pulmonary Fibrosis,True,92,0.021739130434782608
SRX19704188,4,2,PRJNA945854,IPF / Pulmonary Fibrosis,True,92,0.021739130434782608
SRX19704188,43,17,PRJNA945854,IPF / Pulmonary Fibrosis,True,92,0.18478260869565216
SRX19704188,44,22,PRJNA945854,IPF / Pulmonary Fibrosis,True,92,0.2391304347826087
SRX19704188,59,1,PRJNA945854,IPF / Pulmonary Fibrosis,True,92,0.010869565217391304
SRX19704188,6,8,PRJNA945854,IPF / Pulmonary Fibrosis,True,92,0.08695652173913043
SRX19704188,60,2,PRJNA945854,IPF / Pulmonary Fibrosis,True,92,0.021739130434782608
SRX19704188,9,5,PRJNA945854,IPF / Pulmonary Fibrosis,True,92,0.05434782608695652
SRX19704189,1,1,PRJNA945854,Interstitial Lung Disease,True,198,0.005050505050505051
SRX19704189,14,9,PRJNA945854,Interstitial Lung Disease,True,198,0.045454545454545456
SRX19704189,17,1,PRJNA945854,Interstitial Lung Disease,True,198,0.005050505050505051
SRX19704189,20,3,PRJNA945854,Interstitial Lung Disease,True,198,0.015151515151515152
SRX19704189,21,10,PRJNA945854,Interstitial Lung Disease,True,198,0.050505050505050504
SRX19704189,23,5,PRJNA945854,Interstitial Lung Disease,True,198,0.025252525252525252
SRX19704189,24,9,PRJNA945854,Interstitial Lung Disease,True,198,0.045454545454545456
SRX19704189,26,2,PRJNA945854,Interstitial Lung Disease,True,198,0.010101010101010102
SRX19704189,31,2,PRJNA945854,Interstitial Lung Disease,True,198,0.010101010101010102
SRX19704189,32,4,PRJNA945854,Interstitial Lung Disease,True,198,0.020202020202020204
SRX19704189,34,4,PRJNA945854,Interstitial Lung Disease,True,198,0.020202020202020204
SRX19704189,36,12,PRJNA945854,Interstitial Lung Disease,True,198,0.06060606060606061
SRX19704189,38,1,PRJNA945854,Interstitial Lung Disease,True,198,0.005050505050505051
SRX19704189,43,34,PRJNA945854,Interstitial Lung Disease,True,198,0.1717171717171717
SRX19704189,44,4,PRJNA945854,Interstitial Lung Disease,True,198,0.020202020202020204
SRX19704189,45,7,PRJNA945854,Interstitial Lung Disease,True,198,0.03535353535353535
SRX19704189,59,2,PRJNA945854,Interstitial Lung Disease,True,198,0.010101010101010102
SRX19704189,7,3,PRJNA945854,Interstitial Lung Disease,True,198,0.015151515151515152
SRX19704189,8,61,PRJNA945854,Interstitial Lung Disease,True,198,0.30808080808080807
SRX19704189,9,24,PRJNA945854,Interstitial Lung Disease,True,198,0.12121212121212122
SRX19704191,13,1,PRJNA945854,Other,False,25,0.04
SRX19704191,26,6,PRJNA945854,Other,False,25,0.24
SRX19704191,34,7,PRJNA945854,Other,False,25,0.28
SRX19704191,7,1,PRJNA945854,Other,False,25,0.04
SRX19704191,8,5,PRJNA945854,Other,False,25,0.2
SRX19704191,9,5,PRJNA945854,Other,False,25,0.2
SRX19704192,26,2,PRJNA945854,Other,False,6,0.3333333333333333
SRX19704192,36,1,PRJNA945854,Other,False,6,0.16666666666666666
SRX19704192,9,3,PRJNA945854,Other,False,6,0.5
SRX19704193,13,3,PRJNA945854,Interstitial Lung Disease,True,87,0.034482758620689655
SRX19704193,14,5,PRJNA945854,Interstitial Lung Disease,True,87,0.05747126436781609
SRX19704193,24,3,PRJNA945854,Interstitial Lung Disease,True,87,0.034482758620689655
SRX19704193,26,1,PRJNA945854,Interstitial Lung Disease,True,87,0.011494252873563218
SRX19704193,32,52,PRJNA945854,Interstitial Lung Disease,True,87,0.5977011494252874
SRX19704193,34,7,PRJNA945854,Interstitial Lung Disease,True,87,0.08045977011494253
SRX19704193,36,7,PRJNA945854,Interstitial Lung Disease,True,87,0.08045977011494253
SRX19704193,43,1,PRJNA945854,Interstitial Lung Disease,True,87,0.011494252873563218
SRX19704193,59,4,PRJNA945854,Interstitial Lung Disease,True,87,0.04597701149425287
SRX19704193,60,1,PRJNA945854,Interstitial Lung Disease,True,87,0.011494252873563218
SRX19704193,8,3,PRJNA945854,Interstitial Lung Disease,True,87,0.034482758620689655
SRX19704194,0,14,PRJNA945854,Interstitial Lung Disease,True,108,0.12962962962962962
SRX19704194,12,43,PRJNA945854,Interstitial Lung Disease,True,108,0.39814814814814814
SRX19704194,13,3,PRJNA945854,Interstitial Lung Disease,True,108,0.027777777777777776
SRX19704194,14,4,PRJNA945854,Interstitial Lung Disease,True,108,0.037037037037037035
SRX19704194,17,1,PRJNA945854,Interstitial Lung Disease,True,108,0.009259259259259259
SRX19704194,20,5,PRJNA945854,Interstitial Lung Disease,True,108,0.046296296296296294
SRX19704194,21,1,PRJNA945854,Interstitial Lung Disease,True,108,0.009259259259259259
SRX19704194,23,1,PRJNA945854,Interstitial Lung Disease,True,108,0.009259259259259259
SRX19704194,24,6,PRJNA945854,Interstitial Lung Disease,True,108,0.05555555555555555
SRX19704194,26,11,PRJNA945854,Interstitial Lung Disease,True,108,0.10185185185185185
SRX19704194,31,2,PRJNA945854,Interstitial Lung Disease,True,108,0.018518518518518517
SRX19704194,36,4,PRJNA945854,Interstitial Lung Disease,True,108,0.037037037037037035
SRX19704194,38,1,PRJNA945854,Interstitial Lung Disease,True,108,0.009259259259259259
SRX19704194,44,2,PRJNA945854,Interstitial Lung Disease,True,108,0.018518518518518517
SRX19704194,45,1,PRJNA945854,Interstitial Lung Disease,True,108,0.009259259259259259
SRX19704194,6,1,PRJNA945854,Interstitial Lung Disease,True,108,0.009259259259259259
SRX19704194,60,2,PRJNA945854,Interstitial Lung Disease,True,108,0.018518518518518517
SRX19704194,8,2,PRJNA945854,Interstitial Lung Disease,True,108,0.018518518518518517
SRX19704194,9,4,PRJNA945854,Interstitial Lung Disease,True,108,0.037037037037037035
SRX19704196,1,1,PRJNA945854,IPF / Pulmonary Fibrosis,True,68,0.014705882352941176
SRX19704196,21,1,PRJNA945854,IPF / Pulmonary Fibrosis,True,68,0.014705882352941176
SRX19704196,24,2,PRJNA945854,IPF / Pulmonary Fibrosis,True,68,0.029411764705882353
SRX19704196,26,23,PRJNA945854,IPF / Pulmonary Fibrosis,True,68,0.3382352941176471
SRX19704196,34,2,PRJNA945854,IPF / Pulmonary Fibrosis,True,68,0.029411764705882353
SRX19704196,43,1,PRJNA945854,IPF / Pulmonary Fibrosis,True,68,0.014705882352941176
SRX19704196,45,1,PRJNA945854,IPF / Pulmonary Fibrosis,True,68,0.014705882352941176
SRX19704196,9,37,PRJNA945854,IPF / Pulmonary Fibrosis,True,68,0.5441176470588235
SRX19704197,13,1,PRJNA945854,IPF / Pulmonary Fibrosis,True,54,0.018518518518518517
SRX19704197,14,4,PRJNA945854,IPF / Pulmonary Fibrosis,True,54,0.07407407407407407
SRX19704197,20,1,PRJNA945854,IPF / Pulmonary Fibrosis,True,54,0.018518518518518517
SRX19704197,23,1,PRJNA945854,IPF / Pulmonary Fibrosis,True,54,0.018518518518518517
SRX19704197,24,2,PRJNA945854,IPF / Pulmonary Fibrosis,True,54,0.037037037037037035
SRX19704197,26,32,PRJNA945854,IPF / Pulmonary Fibrosis,True,54,0.5925925925925926
SRX19704197,34,6,PRJNA945854,IPF / Pulmonary Fibrosis,True,54,0.1111111111111111
SRX19704197,36,2,PRJNA945854,IPF / Pulmonary Fibrosis,True,54,0.037037037037037035
SRX19704197,6,1,PRJNA945854,IPF / Pulmonary Fibrosis,True,54,0.018518518518518517
SRX19704197,60,1,PRJNA945854,IPF / Pulmonary Fibrosis,True,54,0.018518518518518517
SRX19704197,9,3,PRJNA945854,IPF / Pulmonary Fibrosis,True,54,0.05555555555555555
SRX19704199,13,1,PRJNA945854,Other,False,69,0.014492753623188406
SRX19704199,20,1,PRJNA945854,Other,False,69,0.014492753623188406
SRX19704199,21,2,PRJNA945854,Other,False,69,0.028985507246376812
SRX19704199,24,9,PRJNA945854,Other,False,69,0.13043478260869565
SRX19704199,26,6,PRJNA945854,Other,False,69,0.08695652173913043
SRX19704199,34,25,PRJNA945854,Other,False,69,0.36231884057971014
SRX19704199,43,2,PRJNA945854,Other,False,69,0.028985507246376812
SRX19704199,44,1,PRJNA945854,Other,False,69,0.014492753623188406
SRX19704199,5,1,PRJNA945854,Other,False,69,0.014492753623188406
SRX19704199,9,21,PRJNA945854,Other,False,69,0.30434782608695654
SRX19704200,13,3,PRJNA945854,Other,False,39,0.07692307692307693
SRX19704200,24,4,PRJNA945854,Other,False,39,0.10256410256410256
SRX19704200,26,9,PRJNA945854,Other,False,39,0.23076923076923078
SRX19704200,32,1,PRJNA945854,Other,False,39,0.02564102564102564
SRX19704200,34,3,PRJNA945854,Other,False,39,0.07692307692307693
SRX19704200,43,1,PRJNA945854,Other,False,39,0.02564102564102564
SRX19704200,44,2,PRJNA945854,Other,False,39,0.05128205128205128
SRX19704200,9,16,PRJNA945854,Other,False,39,0.41025641025641024
SRX19704201,0,2,PRJNA945854,Other,False,24,0.08333333333333333
SRX19704201,24,1,PRJNA945854,Other,False,24,0.041666666666666664
SRX19704201,26,7,PRJNA945854,Other,False,24,0.2916666666666667
SRX19704201,34,9,PRJNA945854,Other,False,24,0.375
SRX19704201,8,1,PRJNA945854,Other,False,24,0.041666666666666664
SRX19704201,9,4,PRJNA945854,Other,False,24,0.16666666666666666
SRX19704202,26,2,PRJNA945854,Other,False,12,0.16666666666666666
SRX19704202,34,4,PRJNA945854,Other,False,12,0.3333333333333333
SRX19704202,36,5,PRJNA945854,Other,False,12,0.4166666666666667
SRX19704202,9,1,PRJNA945854,Other,False,12,0.08333333333333333
SRX19727425,1,16,PRJNA946652,COPD,,61,0.26229508196721313
SRX19727425,21,2,PRJNA946652,COPD,,61,0.03278688524590164
SRX19727425,26,6,PRJNA946652,COPD,,61,0.09836065573770492
SRX19727425,34,2,PRJNA946652,COPD,,61,0.03278688524590164
SRX19727425,4,16,PRJNA946652,COPD,,61,0.26229508196721313
SRX19727425,5,15,PRJNA946652,COPD,,61,0.2459016393442623
SRX19727425,6,1,PRJNA946652,COPD,,61,0.01639344262295082
SRX19727425,9,3,PRJNA946652,COPD,,61,0.04918032786885246
SRX19727426,1,3,PRJNA946652,COPD,,20,0.15
SRX19727426,20,3,PRJNA946652,COPD,,20,0.15
SRX19727426,21,1,PRJNA946652,COPD,,20,0.05
SRX19727426,34,4,PRJNA946652,COPD,,20,0.2
SRX19727426,4,4,PRJNA946652,COPD,,20,0.2
SRX19727426,44,1,PRJNA946652,COPD,,20,0.05
SRX19727426,5,3,PRJNA946652,COPD,,20,0.15
SRX19727426,59,1,PRJNA946652,COPD,,20,0.05
SRX19727427,1,4,PRJNA946652,COPD,,20,0.2
SRX19727427,24,1,PRJNA946652,COPD,,20,0.05
SRX19727427,34,1,PRJNA946652,COPD,,20,0.05
SRX19727427,4,10,PRJNA946652,COPD,,20,0.5
SRX19727427,45,1,PRJNA946652,COPD,,20,0.05
SRX19727427,5,3,PRJNA946652,COPD,,20,0.15
SRX19727428,1,1,PRJNA946652,COPD,True,51,0.0196078431372549
SRX19727428,20,2,PRJNA946652,COPD,True,51,0.0392156862745098
SRX19727428,24,8,PRJNA946652,COPD,True,51,0.1568627450980392
SRX19727428,26,3,PRJNA946652,COPD,True,51,0.058823529411764705
SRX19727428,34,24,PRJNA946652,COPD,True,51,0.47058823529411764
SRX19727428,4,5,PRJNA946652,COPD,True,51,0.09803921568627451
SRX19727428,44,1,PRJNA946652,COPD,True,51,0.0196078431372549
SRX19727428,5,4,PRJNA946652,COPD,True,51,0.0784313725490196
SRX19727428,6,1,PRJNA946652,COPD,True,51,0.0196078431372549
SRX19727428,9,2,PRJNA946652,COPD,True,51,0.0392156862745098
SRX19727429,1,20,PRJNA946652,COPD,True,48,0.4166666666666667
SRX19727429,24,1,PRJNA946652,COPD,True,48,0.020833333333333332
SRX19727429,26,2,PRJNA946652,COPD,True,48,0.041666666666666664
SRX19727429,34,1,PRJNA946652,COPD,True,48,0.020833333333333332
SRX19727429,4,14,PRJNA946652,COPD,True,48,0.2916666666666667
SRX19727429,5,8,PRJNA946652,COPD,True,48,0.16666666666666666
SRX19727429,6,1,PRJNA946652,COPD,True,48,0.020833333333333332
SRX19727429,9,1,PRJNA946652,COPD,True,48,0.020833333333333332
SRX19727430,1,14,PRJNA946652,COPD,True,41,0.34146341463414637
SRX19727430,14,1,PRJNA946652,COPD,True,41,0.024390243902439025
SRX19727430,21,1,PRJNA946652,COPD,True,41,0.024390243902439025
SRX19727430,24,5,PRJNA946652,COPD,True,41,0.12195121951219512
SRX19727430,26,1,PRJNA946652,COPD,True,41,0.024390243902439025
SRX19727430,4,8,PRJNA946652,COPD,True,41,0.1951219512195122
SRX19727430,5,11,PRJNA946652,COPD,True,41,0.2682926829268293
SRX19727431,1,7,PRJNA946652,COPD,True,27,0.25925925925925924
SRX19727431,24,3,PRJNA946652,COPD,True,27,0.1111111111111111
SRX19727431,38,1,PRJNA946652,COPD,True,27,0.037037037037037035
SRX19727431,4,6,PRJNA946652,COPD,True,27,0.2222222222222222
SRX19727431,5,5,PRJNA946652,COPD,True,27,0.18518518518518517
SRX19727431,6,1,PRJNA946652,COPD,True,27,0.037037037037037035
SRX19727431,9,4,PRJNA946652,COPD,True,27,0.14814814814814814
SRX19727432,1,4,PRJNA946652,COPD,True,33,0.12121212121212122
SRX19727432,14,1,PRJNA946652,COPD,True,33,0.030303030303030304
SRX19727432,24,1,PRJNA946652,COPD,True,33,0.030303030303030304
SRX19727432,26,3,PRJNA946652,COPD,True,33,0.09090909090909091
SRX19727432,34,9,PRJNA946652,COPD,True,33,0.2727272727272727
SRX19727432,38,1,PRJNA946652,COPD,True,33,0.030303030303030304
SRX19727432,4,4,PRJNA946652,COPD,True,33,0.12121212121212122
SRX19727432,44,2,PRJNA946652,COPD,True,33,0.06060606060606061
SRX19727432,5,6,PRJNA946652,COPD,True,33,0.18181818181818182
SRX19727432,8,1,PRJNA946652,COPD,True,33,0.030303030303030304
SRX19727432,9,1,PRJNA946652,COPD,True,33,0.030303030303030304
SRX19727433,1,13,PRJNA946652,COPD,,52,0.25
SRX19727433,14,1,PRJNA946652,COPD,,52,0.019230769230769232
SRX19727433,20,2,PRJNA946652,COPD,,52,0.038461538461538464
SRX19727433,21,2,PRJNA946652,COPD,,52,0.038461538461538464
SRX19727433,24,1,PRJNA946652,COPD,,52,0.019230769230769232
SRX19727433,26,5,PRJNA946652,COPD,,52,0.09615384615384616
SRX19727433,34,3,PRJNA946652,COPD,,52,0.057692307692307696
SRX19727433,4,8,PRJNA946652,COPD,,52,0.15384615384615385
SRX19727433,5,14,PRJNA946652,COPD,,52,0.2692307692307692
SRX19727433,6,1,PRJNA946652,COPD,,52,0.019230769230769232
SRX19727433,9,2,PRJNA946652,COPD,,52,0.038461538461538464
SRX19727434,1,8,PRJNA946652,COPD,True,26,0.3076923076923077
SRX19727434,13,1,PRJNA946652,COPD,True,26,0.038461538461538464
SRX19727434,24,2,PRJNA946652,COPD,True,26,0.07692307692307693
SRX19727434,26,1,PRJNA946652,COPD,True,26,0.038461538461538464
SRX19727434,4,8,PRJNA946652,COPD,True,26,0.3076923076923077
SRX19727434,5,4,PRJNA946652,COPD,True,26,0.15384615384615385
SRX19727434,6,1,PRJNA946652,COPD,True,26,0.038461538461538464
SRX19727434,8,1,PRJNA946652,COPD,True,26,0.038461538461538464
SRX19727435,1,10,PRJNA946652,COPD,True,20,0.5
SRX19727435,24,1,PRJNA946652,COPD,True,20,0.05
SRX19727435,4,2,PRJNA946652,COPD,True,20,0.1
SRX19727435,5,6,PRJNA946652,COPD,True,20,0.3
SRX19727435,6,1,PRJNA946652,COPD,True,20,0.05
SRX19727436,1,6,PRJNA946652,COPD,True,13,0.46153846153846156
SRX19727436,20,1,PRJNA946652,COPD,True,13,0.07692307692307693
SRX19727436,4,4,PRJNA946652,COPD,True,13,0.3076923076923077
SRX19727436,5,2,PRJNA946652,COPD,True,13,0.15384615384615385
SRX19730932,14,8,PRJNA934540,Lung Cancer,True,9,0.8888888888888888
SRX19730932,60,1,PRJNA934540,Lung Cancer,True,9,0.1111111111111111
SRX19730933,14,9,PRJNA934540,Lung Cancer,True,22,0.4090909090909091
SRX19730933,21,1,PRJNA934540,Lung Cancer,True,22,0.045454545454545456
SRX19730933,39,3,PRJNA934540,Lung Cancer,True,22,0.13636363636363635
SRX19730933,60,2,PRJNA934540,Lung Cancer,True,22,0.09090909090909091
SRX19730933,9,7,PRJNA934540,Lung Cancer,True,22,0.3181818181818182
SRX19730934,14,54,PRJNA934540,Lung Cancer,True,65,0.8307692307692308
SRX19730934,21,2,PRJNA934540,Lung Cancer,True,65,0.03076923076923077
SRX19730934,31,2,PRJNA934540,Lung Cancer,True,65,0.03076923076923077
SRX19730934,39,3,PRJNA934540,Lung Cancer,True,65,0.046153846153846156
SRX19730934,52,4,PRJNA934540,Lung Cancer,True,65,0.06153846153846154
SRX19730935,14,32,PRJNA934540,Lung Cancer,True,63,0.5079365079365079
SRX19730935,17,2,PRJNA934540,Lung Cancer,True,63,0.031746031746031744
SRX19730935,21,1,PRJNA934540,Lung Cancer,True,63,0.015873015873015872
SRX19730935,39,13,PRJNA934540,Lung Cancer,True,63,0.20634920634920634
SRX19730935,52,6,PRJNA934540,Lung Cancer,True,63,0.09523809523809523
SRX19730935,9,9,PRJNA934540,Lung Cancer,True,63,0.14285714285714285
SRX19730968,14,18,PRJNA934540,Lung Cancer,True,34,0.5294117647058824
SRX19730968,17,1,PRJNA934540,Lung Cancer,True,34,0.029411764705882353
SRX19730968,21,2,PRJNA934540,Lung Cancer,True,34,0.058823529411764705
SRX19730968,52,1,PRJNA934540,Lung Cancer,True,34,0.029411764705882353
SRX19730968,60,12,PRJNA934540,Lung Cancer,True,34,0.35294117647058826
SRX19730969,14,2,PRJNA934540,Lung Cancer,True,9,0.2222222222222222
SRX19730969,26,1,PRJNA934540,Lung Cancer,True,9,0.1111111111111111
SRX19730969,52,2,PRJNA934540,Lung Cancer,True,9,0.2222222222222222
SRX19730969,60,1,PRJNA934540,Lung Cancer,True,9,0.1111111111111111
SRX19730969,9,3,PRJNA934540,Lung Cancer,True,9,0.3333333333333333
SRX19780677,1,14,PRJNA949104,COVID-19 / SARS-CoV-2,True,154,0.09090909090909091
SRX19780677,13,1,PRJNA949104,COVID-19 / SARS-CoV-2,True,154,0.006493506493506494
SRX19780677,24,20,PRJNA949104,COVID-19 / SARS-CoV-2,True,154,0.12987012987012986
SRX19780677,26,53,PRJNA949104,COVID-19 / SARS-CoV-2,True,154,0.34415584415584416
SRX19780677,3,1,PRJNA949104,COVID-19 / SARS-CoV-2,True,154,0.006493506493506494
SRX19780677,4,5,PRJNA949104,COVID-19 / SARS-CoV-2,True,154,0.032467532467532464
SRX19780677,43,2,PRJNA949104,COVID-19 / SARS-CoV-2,True,154,0.012987012987012988
SRX19780677,5,22,PRJNA949104,COVID-19 / SARS-CoV-2,True,154,0.14285714285714285
SRX19780677,9,36,PRJNA949104,COVID-19 / SARS-CoV-2,True,154,0.23376623376623376
SRX19780678,1,4,PRJNA949104,COVID-19 / SARS-CoV-2,True,81,0.04938271604938271
SRX19780678,24,3,PRJNA949104,COVID-19 / SARS-CoV-2,True,81,0.037037037037037035
SRX19780678,26,20,PRJNA949104,COVID-19 / SARS-CoV-2,True,81,0.24691358024691357
SRX19780678,34,3,PRJNA949104,COVID-19 / SARS-CoV-2,True,81,0.037037037037037035
SRX19780678,4,1,PRJNA949104,COVID-19 / SARS-CoV-2,True,81,0.012345679012345678
SRX19780678,5,1,PRJNA949104,COVID-19 / SARS-CoV-2,True,81,0.012345679012345678
SRX19780678,9,49,PRJNA949104,COVID-19 / SARS-CoV-2,True,81,0.6049382716049383
SRX19780680,24,2,PRJNA949104,COVID-19 / SARS-CoV-2,True,48,0.041666666666666664
SRX19780680,26,8,PRJNA949104,COVID-19 / SARS-CoV-2,True,48,0.16666666666666666
SRX19780680,34,1,PRJNA949104,COVID-19 / SARS-CoV-2,True,48,0.020833333333333332
SRX19780680,44,1,PRJNA949104,COVID-19 / SARS-CoV-2,True,48,0.020833333333333332
SRX19780680,5,1,PRJNA949104,COVID-19 / SARS-CoV-2,True,48,0.020833333333333332
SRX19780680,9,35,PRJNA949104,COVID-19 / SARS-CoV-2,True,48,0.7291666666666666
SRX19780681,24,2,PRJNA949104,COVID-19 / SARS-CoV-2,True,71,0.028169014084507043
SRX19780681,26,6,PRJNA949104,COVID-19 / SARS-CoV-2,True,71,0.08450704225352113
SRX19780681,34,3,PRJNA949104,COVID-19 / SARS-CoV-2,True,71,0.04225352112676056
SRX19780681,44,1,PRJNA949104,COVID-19 / SARS-CoV-2,True,71,0.014084507042253521
SRX19780681,5,1,PRJNA949104,COVID-19 / SARS-CoV-2,True,71,0.014084507042253521
SRX19780681,9,58,PRJNA949104,COVID-19 / SARS-CoV-2,True,71,0.8169014084507042
SRX19780682,1,6,PRJNA949104,COVID-19 / SARS-CoV-2,True,53,0.11320754716981132
SRX19780682,24,2,PRJNA949104,COVID-19 / SARS-CoV-2,True,53,0.03773584905660377
SRX19780682,26,12,PRJNA949104,COVID-19 / SARS-CoV-2,True,53,0.22641509433962265
SRX19780682,34,1,PRJNA949104,COVID-19 / SARS-CoV-2,True,53,0.018867924528301886
SRX19780682,5,2,PRJNA949104,COVID-19 / SARS-CoV-2,True,53,0.03773584905660377
SRX19780682,9,30,PRJNA949104,COVID-19 / SARS-CoV-2,True,53,0.5660377358490566
SRX19780683,1,4,PRJNA949104,COVID-19 / SARS-CoV-2,True,40,0.1
SRX19780683,21,1,PRJNA949104,COVID-19 / SARS-CoV-2,True,40,0.025
SRX19780683,24,4,PRJNA949104,COVID-19 / SARS-CoV-2,True,40,0.1
SRX19780683,26,17,PRJNA949104,COVID-19 / SARS-CoV-2,True,40,0.425
SRX19780683,34,1,PRJNA949104,COVID-19 / SARS-CoV-2,True,40,0.025
SRX19780683,39,1,PRJNA949104,COVID-19 / SARS-CoV-2,True,40,0.025
SRX19780683,6,1,PRJNA949104,COVID-19 / SARS-CoV-2,True,40,0.025
SRX19780683,9,11,PRJNA949104,COVID-19 / SARS-CoV-2,True,40,0.275
SRX19780684,1,3,PRJNA949104,COVID-19 / SARS-CoV-2,True,77,0.03896103896103896
SRX19780684,24,2,PRJNA949104,COVID-19 / SARS-CoV-2,True,77,0.025974025974025976
SRX19780684,26,5,PRJNA949104,COVID-19 / SARS-CoV-2,True,77,0.06493506493506493
SRX19780684,34,4,PRJNA949104,COVID-19 / SARS-CoV-2,True,77,0.05194805194805195
SRX19780684,4,1,PRJNA949104,COVID-19 / SARS-CoV-2,True,77,0.012987012987012988
SRX19780684,5,3,PRJNA949104,COVID-19 / SARS-CoV-2,True,77,0.03896103896103896
SRX19780684,9,59,PRJNA949104,COVID-19 / SARS-CoV-2,True,77,0.7662337662337663
SRX19780685,1,2,PRJNA949104,COVID-19 / SARS-CoV-2,True,7,0.2857142857142857
SRX19780685,21,3,PRJNA949104,COVID-19 / SARS-CoV-2,True,7,0.42857142857142855
SRX19780685,26,2,PRJNA949104,COVID-19 / SARS-CoV-2,True,7,0.2857142857142857
SRX19780686,1,13,PRJNA949104,COVID-19 / SARS-CoV-2,True,39,0.3333333333333333
SRX19780686,17,1,PRJNA949104,COVID-19 / SARS-CoV-2,True,39,0.02564102564102564
SRX19780686,21,4,PRJNA949104,COVID-19 / SARS-CoV-2,True,39,0.10256410256410256
SRX19780686,24,2,PRJNA949104,COVID-19 / SARS-CoV-2,True,39,0.05128205128205128
SRX19780686,26,7,PRJNA949104,COVID-19 / SARS-CoV-2,True,39,0.1794871794871795
SRX19780686,34,1,PRJNA949104,COVID-19 / SARS-CoV-2,True,39,0.02564102564102564
SRX19780686,43,1,PRJNA949104,COVID-19 / SARS-CoV-2,True,39,0.02564102564102564
SRX19780686,5,1,PRJNA949104,COVID-19 / SARS-CoV-2,True,39,0.02564102564102564
SRX19780686,9,9,PRJNA949104,COVID-19 / SARS-CoV-2,True,39,0.23076923076923078
SRX19780688,17,1,PRJNA949104,COVID-19 / SARS-CoV-2,True,47,0.02127659574468085
SRX19780688,21,11,PRJNA949104,COVID-19 / SARS-CoV-2,True,47,0.23404255319148937
SRX19780688,26,26,PRJNA949104,COVID-19 / SARS-CoV-2,True,47,0.5531914893617021
SRX19780688,34,9,PRJNA949104,COVID-19 / SARS-CoV-2,True,47,0.19148936170212766
SRX19780690,17,1,PRJNA949104,COVID-19 / SARS-CoV-2,True,43,0.023255813953488372
SRX19780690,21,14,PRJNA949104,COVID-19 / SARS-CoV-2,True,43,0.32558139534883723
SRX19780690,26,23,PRJNA949104,COVID-19 / SARS-CoV-2,True,43,0.5348837209302325
SRX19780690,34,5,PRJNA949104,COVID-19 / SARS-CoV-2,True,43,0.11627906976744186
SRX19780691,21,8,PRJNA949104,COVID-19 / SARS-CoV-2,True,22,0.36363636363636365
SRX19780691,24,1,PRJNA949104,COVID-19 / SARS-CoV-2,True,22,0.045454545454545456
SRX19780691,26,12,PRJNA949104,COVID-19 / SARS-CoV-2,True,22,0.5454545454545454
SRX19780691,34,1,PRJNA949104,COVID-19 / SARS-CoV-2,True,22,0.045454545454545456
SRX19836241,1,11,PRJNA950922,Other,False,271,0.04059040590405904
SRX19836241,13,4,PRJNA950922,Other,False,271,0.014760147601476014
SRX19836241,14,101,PRJNA950922,Other,False,271,0.3726937269372694
SRX19836241,21,1,PRJNA950922,Other,False,271,0.0036900369003690036
SRX19836241,24,5,PRJNA950922,Other,False,271,0.01845018450184502
SRX19836241,26,28,PRJNA950922,Other,False,271,0.1033210332103321
SRX19836241,34,23,PRJNA950922,Other,False,271,0.08487084870848709
SRX19836241,36,26,PRJNA950922,Other,False,271,0.0959409594095941
SRX19836241,4,5,PRJNA950922,Other,False,271,0.01845018450184502
SRX19836241,45,1,PRJNA950922,Other,False,271,0.0036900369003690036
SRX19836241,5,2,PRJNA950922,Other,False,271,0.007380073800738007
SRX19836241,59,4,PRJNA950922,Other,False,271,0.014760147601476014
SRX19836241,6,1,PRJNA950922,Other,False,271,0.0036900369003690036
SRX19836241,60,50,PRJNA950922,Other,False,271,0.18450184501845018
SRX19836241,8,2,PRJNA950922,Other,False,271,0.007380073800738007
SRX19836241,9,7,PRJNA950922,Other,False,271,0.025830258302583026
SRX19836242,1,5,PRJNA950922,Other,False,40,0.125
SRX19836242,14,3,PRJNA950922,Other,False,40,0.075
SRX19836242,24,1,PRJNA950922,Other,False,40,0.025
SRX19836242,26,2,PRJNA950922,Other,False,40,0.05
SRX19836242,34,4,PRJNA950922,Other,False,40,0.1
SRX19836242,36,10,PRJNA950922,Other,False,40,0.25
SRX19836242,38,1,PRJNA950922,Other,False,40,0.025
SRX19836242,4,10,PRJNA950922,Other,False,40,0.25
SRX19836242,60,4,PRJNA950922,Other,False,40,0.1
SRX19836243,1,5,PRJNA950922,IPF / Pulmonary Fibrosis,True,22,0.22727272727272727
SRX19836243,24,3,PRJNA950922,IPF / Pulmonary Fibrosis,True,22,0.13636363636363635
SRX19836243,26,1,PRJNA950922,IPF / Pulmonary Fibrosis,True,22,0.045454545454545456
SRX19836243,36,2,PRJNA950922,IPF / Pulmonary Fibrosis,True,22,0.09090909090909091
SRX19836243,4,1,PRJNA950922,IPF / Pulmonary Fibrosis,True,22,0.045454545454545456
SRX19836243,60,3,PRJNA950922,IPF / Pulmonary Fibrosis,True,22,0.13636363636363635
SRX19836243,8,1,PRJNA950922,IPF / Pulmonary Fibrosis,True,22,0.045454545454545456
SRX19836243,9,6,PRJNA950922,IPF / Pulmonary Fibrosis,True,22,0.2727272727272727
SRX19836244,0,1,PRJNA950922,IPF / Pulmonary Fibrosis,True,193,0.0051813471502590676
SRX19836244,1,52,PRJNA950922,IPF / Pulmonary Fibrosis,True,193,0.2694300518134715
SRX19836244,10,1,PRJNA950922,IPF / Pulmonary Fibrosis,True,193,0.0051813471502590676
SRX19836244,13,2,PRJNA950922,IPF / Pulmonary Fibrosis,True,193,0.010362694300518135
SRX19836244,14,6,PRJNA950922,IPF / Pulmonary Fibrosis,True,193,0.031088082901554404
SRX19836244,24,10,PRJNA950922,IPF / Pulmonary Fibrosis,True,193,0.05181347150259067
SRX19836244,26,33,PRJNA950922,IPF / Pulmonary Fibrosis,True,193,0.17098445595854922
SRX19836244,34,2,PRJNA950922,IPF / Pulmonary Fibrosis,True,193,0.010362694300518135
SRX19836244,36,11,PRJNA950922,IPF / Pulmonary Fibrosis,True,193,0.05699481865284974
SRX19836244,4,7,PRJNA950922,IPF / Pulmonary Fibrosis,True,193,0.03626943005181347
SRX19836244,5,33,PRJNA950922,IPF / Pulmonary Fibrosis,True,193,0.17098445595854922
SRX19836244,60,23,PRJNA950922,IPF / Pulmonary Fibrosis,True,193,0.11917098445595854
SRX19836244,9,12,PRJNA950922,IPF / Pulmonary Fibrosis,True,193,0.06217616580310881
SRX19836245,0,1,PRJNA950922,IPF / Pulmonary Fibrosis,True,66,0.015151515151515152
SRX19836245,1,20,PRJNA950922,IPF / Pulmonary Fibrosis,True,66,0.30303030303030304
SRX19836245,14,3,PRJNA950922,IPF / Pulmonary Fibrosis,True,66,0.045454545454545456
SRX19836245,24,5,PRJNA950922,IPF / Pulmonary Fibrosis,True,66,0.07575757575757576
SRX19836245,26,11,PRJNA950922,IPF / Pulmonary Fibrosis,True,66,0.16666666666666666
SRX19836245,34,2,PRJNA950922,IPF / Pulmonary Fibrosis,True,66,0.030303030303030304
SRX19836245,36,14,PRJNA950922,IPF / Pulmonary Fibrosis,True,66,0.21212121212121213
SRX19836245,4,2,PRJNA950922,IPF / Pulmonary Fibrosis,True,66,0.030303030303030304
SRX19836245,5,3,PRJNA950922,IPF / Pulmonary Fibrosis,True,66,0.045454545454545456
SRX19836245,52,1,PRJNA950922,IPF / Pulmonary Fibrosis,True,66,0.015151515151515152
SRX19836245,6,1,PRJNA950922,IPF / Pulmonary Fibrosis,True,66,0.015151515151515152
SRX19836245,60,3,PRJNA950922,IPF / Pulmonary Fibrosis,True,66,0.045454545454545456
SRX19844813,10,1,PRJNA945854,Other,False,16,0.0625
SRX19844813,26,9,PRJNA945854,Other,False,16,0.5625
SRX19844813,34,2,PRJNA945854,Other,False,16,0.125
SRX19844813,60,1,PRJNA945854,Other,False,16,0.0625
SRX19844813,8,2,PRJNA945854,Other,False,16,0.125
SRX19844813,9,1,PRJNA945854,Other,False,16,0.0625
SRX19844814,24,4,PRJNA945854,Other,False,100,0.04
SRX19844814,26,4,PRJNA945854,Other,False,100,0.04
SRX19844814,34,2,PRJNA945854,Other,False,100,0.02
SRX19844814,44,1,PRJNA945854,Other,False,100,0.01
SRX19844814,66,1,PRJNA945854,Other,False,100,0.01
SRX19844814,8,3,PRJNA945854,Other,False,100,0.03
SRX19844814,9,85,PRJNA945854,Other,False,100,0.85
SRX19844815,13,1,PRJNA945854,Other,False,69,0.014492753623188406
SRX19844815,24,4,PRJNA945854,Other,False,69,0.057971014492753624
SRX19844815,26,9,PRJNA945854,Other,False,69,0.13043478260869565
SRX19844815,34,40,PRJNA945854,Other,False,69,0.5797101449275363
SRX19844815,36,4,PRJNA945854,Other,False,69,0.057971014492753624
SRX19844815,4,1,PRJNA945854,Other,False,69,0.014492753623188406
SRX19844815,44,2,PRJNA945854,Other,False,69,0.028985507246376812
SRX19844815,9,8,PRJNA945854,Other,False,69,0.11594202898550725
SRX19844816,24,2,PRJNA945854,Other,False,23,0.08695652173913043
SRX19844816,26,8,PRJNA945854,Other,False,23,0.34782608695652173
SRX19844816,34,5,PRJNA945854,Other,False,23,0.21739130434782608
SRX19844816,44,1,PRJNA945854,Other,False,23,0.043478260869565216
SRX19844816,8,6,PRJNA945854,Other,False,23,0.2608695652173913
SRX19844816,9,1,PRJNA945854,Other,False,23,0.043478260869565216
SRX19844817,0,1,PRJNA945854,Other,False,20,0.05
SRX19844817,26,4,PRJNA945854,Other,False,20,0.2
SRX19844817,34,1,PRJNA945854,Other,False,20,0.05
SRX19844817,36,1,PRJNA945854,Other,False,20,0.05
SRX19844817,8,1,PRJNA945854,Other,False,20,0.05
SRX19844817,9,12,PRJNA945854,Other,False,20,0.6
SRX19844818,0,1,PRJNA945854,Interstitial Lung Disease,True,50,0.02
SRX19844818,17,1,PRJNA945854,Interstitial Lung Disease,True,50,0.02
SRX19844818,24,5,PRJNA945854,Interstitial Lung Disease,True,50,0.1
SRX19844818,26,17,PRJNA945854,Interstitial Lung Disease,True,50,0.34
SRX19844818,31,1,PRJNA945854,Interstitial Lung Disease,True,50,0.02
SRX19844818,32,1,PRJNA945854,Interstitial Lung Disease,True,50,0.02
SRX19844818,34,2,PRJNA945854,Interstitial Lung Disease,True,50,0.04
SRX19844818,44,4,PRJNA945854,Interstitial Lung Disease,True,50,0.08
SRX19844818,45,3,PRJNA945854,Interstitial Lung Disease,True,50,0.06
SRX19844818,5,1,PRJNA945854,Interstitial Lung Disease,True,50,0.02
SRX19844818,59,1,PRJNA945854,Interstitial Lung Disease,True,50,0.02
SRX19844818,60,1,PRJNA945854,Interstitial Lung Disease,True,50,0.02
SRX19844818,9,12,PRJNA945854,Interstitial Lung Disease,True,50,0.24
SRX19844819,1,1,PRJNA945854,Interstitial Lung Disease,True,56,0.017857142857142856
SRX19844819,20,2,PRJNA945854,Interstitial Lung Disease,True,56,0.03571428571428571
SRX19844819,24,12,PRJNA945854,Interstitial Lung Disease,True,56,0.21428571428571427
SRX19844819,26,15,PRJNA945854,Interstitial Lung Disease,True,56,0.26785714285714285
SRX19844819,34,4,PRJNA945854,Interstitial Lung Disease,True,56,0.07142857142857142
SRX19844819,36,3,PRJNA945854,Interstitial Lung Disease,True,56,0.05357142857142857
SRX19844819,44,1,PRJNA945854,Interstitial Lung Disease,True,56,0.017857142857142856
SRX19844819,45,2,PRJNA945854,Interstitial Lung Disease,True,56,0.03571428571428571
SRX19844819,60,1,PRJNA945854,Interstitial Lung Disease,True,56,0.017857142857142856
SRX19844819,7,1,PRJNA945854,Interstitial Lung Disease,True,56,0.017857142857142856
SRX19844819,8,4,PRJNA945854,Interstitial Lung Disease,True,56,0.07142857142857142
SRX19844819,9,10,PRJNA945854,Interstitial Lung Disease,True,56,0.17857142857142858
SRX19844820,13,4,PRJNA945854,IPF / Pulmonary Fibrosis,True,107,0.037383177570093455
SRX19844820,14,1,PRJNA945854,IPF / Pulmonary Fibrosis,True,107,0.009345794392523364
SRX19844820,20,6,PRJNA945854,IPF / Pulmonary Fibrosis,True,107,0.056074766355140186
SRX19844820,21,1,PRJNA945854,IPF / Pulmonary Fibrosis,True,107,0.009345794392523364
SRX19844820,24,6,PRJNA945854,IPF / Pulmonary Fibrosis,True,107,0.056074766355140186
SRX19844820,26,3,PRJNA945854,IPF / Pulmonary Fibrosis,True,107,0.028037383177570093
SRX19844820,34,3,PRJNA945854,IPF / Pulmonary Fibrosis,True,107,0.028037383177570093
SRX19844820,44,3,PRJNA945854,IPF / Pulmonary Fibrosis,True,107,0.028037383177570093
SRX19844820,66,2,PRJNA945854,IPF / Pulmonary Fibrosis,True,107,0.018691588785046728
SRX19844820,8,1,PRJNA945854,IPF / Pulmonary Fibrosis,True,107,0.009345794392523364
SRX19844820,9,77,PRJNA945854,IPF / Pulmonary Fibrosis,True,107,0.719626168224299
SRX19844821,1,1,PRJNA945854,IPF / Pulmonary Fibrosis,True,139,0.007194244604316547
SRX19844821,13,4,PRJNA945854,IPF / Pulmonary Fibrosis,True,139,0.02877697841726619
SRX19844821,14,1,PRJNA945854,IPF / Pulmonary Fibrosis,True,139,0.007194244604316547
SRX19844821,20,3,PRJNA945854,IPF / Pulmonary Fibrosis,True,139,0.02158273381294964
SRX19844821,21,1,PRJNA945854,IPF / Pulmonary Fibrosis,True,139,0.007194244604316547
SRX19844821,24,7,PRJNA945854,IPF / Pulmonary Fibrosis,True,139,0.050359712230215826
SRX19844821,26,12,PRJNA945854,IPF / Pulmonary Fibrosis,True,139,0.08633093525179857
SRX19844821,31,1,PRJNA945854,IPF / Pulmonary Fibrosis,True,139,0.007194244604316547
SRX19844821,34,7,PRJNA945854,IPF / Pulmonary Fibrosis,True,139,0.050359712230215826
SRX19844821,36,2,PRJNA945854,IPF / Pulmonary Fibrosis,True,139,0.014388489208633094
SRX19844821,44,3,PRJNA945854,IPF / Pulmonary Fibrosis,True,139,0.02158273381294964
SRX19844821,45,6,PRJNA945854,IPF / Pulmonary Fibrosis,True,139,0.04316546762589928
SRX19844821,6,1,PRJNA945854,IPF / Pulmonary Fibrosis,True,139,0.007194244604316547
SRX19844821,60,1,PRJNA945854,IPF / Pulmonary Fibrosis,True,139,0.007194244604316547
SRX19844821,66,52,PRJNA945854,IPF / Pulmonary Fibrosis,True,139,0.37410071942446044
SRX19844821,8,8,PRJNA945854,IPF / Pulmonary Fibrosis,True,139,0.05755395683453238
SRX19844821,9,29,PRJNA945854,IPF / Pulmonary Fibrosis,True,139,0.20863309352517986
SRX19844822,13,2,PRJNA945854,IPF / Pulmonary Fibrosis,True,77,0.025974025974025976
SRX19844822,14,1,PRJNA945854,IPF / Pulmonary Fibrosis,True,77,0.012987012987012988
SRX19844822,20,1,PRJNA945854,IPF / Pulmonary Fibrosis,True,77,0.012987012987012988
SRX19844822,23,1,PRJNA945854,IPF / Pulmonary Fibrosis,True,77,0.012987012987012988
SRX19844822,24,1,PRJNA945854,IPF / Pulmonary Fibrosis,True,77,0.012987012987012988
SRX19844822,26,5,PRJNA945854,IPF / Pulmonary Fibrosis,True,77,0.06493506493506493
SRX19844822,34,5,PRJNA945854,IPF / Pulmonary Fibrosis,True,77,0.06493506493506493
SRX19844822,36,7,PRJNA945854,IPF / Pulmonary Fibrosis,True,77,0.09090909090909091
SRX19844822,5,1,PRJNA945854,IPF / Pulmonary Fibrosis,True,77,0.012987012987012988
SRX19844822,52,1,PRJNA945854,IPF / Pulmonary Fibrosis,True,77,0.012987012987012988
SRX19844822,7,1,PRJNA945854,IPF / Pulmonary Fibrosis,True,77,0.012987012987012988
SRX19844822,8,1,PRJNA945854,IPF / Pulmonary Fibrosis,True,77,0.012987012987012988
SRX19844822,9,50,PRJNA945854,IPF / Pulmonary Fibrosis,True,77,0.6493506493506493
SRX19844823,1,2,PRJNA945854,IPF / Pulmonary Fibrosis,True,100,0.02
SRX19844823,13,25,PRJNA945854,IPF / Pulmonary Fibrosis,True,100,0.25
SRX19844823,14,1,PRJNA945854,IPF / Pulmonary Fibrosis,True,100,0.01
SRX19844823,20,2,PRJNA945854,IPF / Pulmonary Fibrosis,True,100,0.02
SRX19844823,21,1,PRJNA945854,IPF / Pulmonary Fibrosis,True,100,0.01
SRX19844823,26,5,PRJNA945854,IPF / Pulmonary Fibrosis,True,100,0.05
SRX19844823,31,4,PRJNA945854,IPF / Pulmonary Fibrosis,True,100,0.04
SRX19844823,36,8,PRJNA945854,IPF / Pulmonary Fibrosis,True,100,0.08
SRX19844823,45,3,PRJNA945854,IPF / Pulmonary Fibrosis,True,100,0.03
SRX19844823,5,1,PRJNA945854,IPF / Pulmonary Fibrosis,True,100,0.01
SRX19844823,52,1,PRJNA945854,IPF / Pulmonary Fibrosis,True,100,0.01
SRX19844823,59,1,PRJNA945854,IPF / Pulmonary Fibrosis,True,100,0.01
SRX19844823,6,1,PRJNA945854,IPF / Pulmonary Fibrosis,True,100,0.01
SRX19844823,8,1,PRJNA945854,IPF / Pulmonary Fibrosis,True,100,0.01
SRX19844823,9,44,PRJNA945854,IPF / Pulmonary Fibrosis,True,100,0.44
SRX19844824,20,1,PRJNA945854,IPF / Pulmonary Fibrosis,True,26,0.038461538461538464
SRX19844824,24,1,PRJNA945854,IPF / Pulmonary Fibrosis,True,26,0.038461538461538464
SRX19844824,26,9,PRJNA945854,IPF / Pulmonary Fibrosis,True,26,0.34615384615384615
SRX19844824,31,1,PRJNA945854,IPF / Pulmonary Fibrosis,True,26,0.038461538461538464
SRX19844824,43,2,PRJNA945854,IPF / Pulmonary Fibrosis,True,26,0.07692307692307693
SRX19844824,45,1,PRJNA945854,IPF / Pulmonary Fibrosis,True,26,0.038461538461538464
SRX19844824,9,11,PRJNA945854,IPF / Pulmonary Fibrosis,True,26,0.4230769230769231
SRX19844825,20,2,PRJNA945854,IPF / Pulmonary Fibrosis,True,16,0.125
SRX19844825,24,1,PRJNA945854,IPF / Pulmonary Fibrosis,True,16,0.0625
SRX19844825,26,4,PRJNA945854,IPF / Pulmonary Fibrosis,True,16,0.25
SRX19844825,31,1,PRJNA945854,IPF / Pulmonary Fibrosis,True,16,0.0625
SRX19844825,34,1,PRJNA945854,IPF / Pulmonary Fibrosis,True,16,0.0625
SRX19844825,43,2,PRJNA945854,IPF / Pulmonary Fibrosis,True,16,0.125
SRX19844825,44,3,PRJNA945854,IPF / Pulmonary Fibrosis,True,16,0.1875
SRX19844825,45,1,PRJNA945854,IPF / Pulmonary Fibrosis,True,16,0.0625
SRX19844825,6,1,PRJNA945854,IPF / Pulmonary Fibrosis,True,16,0.0625
SRX19844828,1,1,PRJNA945854,IPF / Pulmonary Fibrosis,False,134,0.007462686567164179
SRX19844828,14,5,PRJNA945854,IPF / Pulmonary Fibrosis,False,134,0.03731343283582089
SRX19844828,17,1,PRJNA945854,IPF / Pulmonary Fibrosis,False,134,0.007462686567164179
SRX19844828,20,2,PRJNA945854,IPF / Pulmonary Fibrosis,False,134,0.014925373134328358
SRX19844828,21,1,PRJNA945854,IPF / Pulmonary Fibrosis,False,134,0.007462686567164179
SRX19844828,24,3,PRJNA945854,IPF / Pulmonary Fibrosis,False,134,0.022388059701492536
SRX19844828,26,1,PRJNA945854,IPF / Pulmonary Fibrosis,False,134,0.007462686567164179
SRX19844828,31,1,PRJNA945854,IPF / Pulmonary Fibrosis,False,134,0.007462686567164179
SRX19844828,34,3,PRJNA945854,IPF / Pulmonary Fibrosis,False,134,0.022388059701492536
SRX19844828,36,9,PRJNA945854,IPF / Pulmonary Fibrosis,False,134,0.06716417910447761
SRX19844828,38,8,PRJNA945854,IPF / Pulmonary Fibrosis,False,134,0.05970149253731343
SRX19844828,4,2,PRJNA945854,IPF / Pulmonary Fibrosis,False,134,0.014925373134328358
SRX19844828,43,3,PRJNA945854,IPF / Pulmonary Fibrosis,False,134,0.022388059701492536
SRX19844828,44,3,PRJNA945854,IPF / Pulmonary Fibrosis,False,134,0.022388059701492536
SRX19844828,45,7,PRJNA945854,IPF / Pulmonary Fibrosis,False,134,0.05223880597014925
SRX19844828,5,5,PRJNA945854,IPF / Pulmonary Fibrosis,False,134,0.03731343283582089
SRX19844828,59,5,PRJNA945854,IPF / Pulmonary Fibrosis,False,134,0.03731343283582089
SRX19844828,7,2,PRJNA945854,IPF / Pulmonary Fibrosis,False,134,0.014925373134328358
SRX19844828,8,58,PRJNA945854,IPF / Pulmonary Fibrosis,False,134,0.43283582089552236
SRX19844828,9,14,PRJNA945854,IPF / Pulmonary Fibrosis,False,134,0.1044776119402985
SRX19844829,1,3,PRJNA945854,Other,False,29,0.10344827586206896
SRX19844829,14,1,PRJNA945854,Other,False,29,0.034482758620689655
SRX19844829,20,1,PRJNA945854,Other,False,29,0.034482758620689655
SRX19844829,26,3,PRJNA945854,Other,False,29,0.10344827586206896
SRX19844829,34,1,PRJNA945854,Other,False,29,0.034482758620689655
SRX19844829,36,15,PRJNA945854,Other,False,29,0.5172413793103449
SRX19844829,38,3,PRJNA945854,Other,False,29,0.10344827586206896
SRX19844829,8,2,PRJNA945854,Other,False,29,0.06896551724137931
SRX19844830,1,3,PRJNA945854,IPF / Pulmonary Fibrosis,True,22,0.13636363636363635
SRX19844830,13,1,PRJNA945854,IPF / Pulmonary Fibrosis,True,22,0.045454545454545456
SRX19844830,20,1,PRJNA945854,IPF / Pulmonary Fibrosis,True,22,0.045454545454545456
SRX19844830,21,1,PRJNA945854,IPF / Pulmonary Fibrosis,True,22,0.045454545454545456
SRX19844830,24,1,PRJNA945854,IPF / Pulmonary Fibrosis,True,22,0.045454545454545456
SRX19844830,31,1,PRJNA945854,IPF / Pulmonary Fibrosis,True,22,0.045454545454545456
SRX19844830,36,5,PRJNA945854,IPF / Pulmonary Fibrosis,True,22,0.22727272727272727
SRX19844830,4,4,PRJNA945854,IPF / Pulmonary Fibrosis,True,22,0.18181818181818182
SRX19844830,43,1,PRJNA945854,IPF / Pulmonary Fibrosis,True,22,0.045454545454545456
SRX19844830,45,1,PRJNA945854,IPF / Pulmonary Fibrosis,True,22,0.045454545454545456
SRX19844830,5,2,PRJNA945854,IPF / Pulmonary Fibrosis,True,22,0.09090909090909091
SRX19844830,8,1,PRJNA945854,IPF / Pulmonary Fibrosis,True,22,0.045454545454545456
SRX19844831,1,7,PRJNA945854,IPF / Pulmonary Fibrosis,True,42,0.16666666666666666
SRX19844831,21,3,PRJNA945854,IPF / Pulmonary Fibrosis,True,42,0.07142857142857142
SRX19844831,24,1,PRJNA945854,IPF / Pulmonary Fibrosis,True,42,0.023809523809523808
SRX19844831,34,3,PRJNA945854,IPF / Pulmonary Fibrosis,True,42,0.07142857142857142
SRX19844831,38,1,PRJNA945854,IPF / Pulmonary Fibrosis,True,42,0.023809523809523808
SRX19844831,4,12,PRJNA945854,IPF / Pulmonary Fibrosis,True,42,0.2857142857142857
SRX19844831,5,13,PRJNA945854,IPF / Pulmonary Fibrosis,True,42,0.30952380952380953
SRX19844831,6,1,PRJNA945854,IPF / Pulmonary Fibrosis,True,42,0.023809523809523808
SRX19844831,9,1,PRJNA945854,IPF / Pulmonary Fibrosis,True,42,0.023809523809523808
SRX19844832,1,26,PRJNA945854,IPF / Pulmonary Fibrosis,True,67,0.3880597014925373
SRX19844832,17,1,PRJNA945854,IPF / Pulmonary Fibrosis,True,67,0.014925373134328358
SRX19844832,21,1,PRJNA945854,IPF / Pulmonary Fibrosis,True,67,0.014925373134328358
SRX19844832,24,7,PRJNA945854,IPF / Pulmonary Fibrosis,True,67,0.1044776119402985
SRX19844832,26,1,PRJNA945854,IPF / Pulmonary Fibrosis,True,67,0.014925373134328358
SRX19844832,34,3,PRJNA945854,IPF / Pulmonary Fibrosis,True,67,0.04477611940298507
SRX19844832,4,9,PRJNA945854,IPF / Pulmonary Fibrosis,True,67,0.13432835820895522
SRX19844832,44,1,PRJNA945854,IPF / Pulmonary Fibrosis,True,67,0.014925373134328358
SRX19844832,5,14,PRJNA945854,IPF / Pulmonary Fibrosis,True,67,0.208955223880597
SRX19844832,6,2,PRJNA945854,IPF / Pulmonary Fibrosis,True,67,0.029850746268656716
SRX19844832,8,1,PRJNA945854,IPF / Pulmonary Fibrosis,True,67,0.014925373134328358
SRX19844832,9,1,PRJNA945854,IPF / Pulmonary Fibrosis,True,67,0.014925373134328358
SRX19844833,1,1,PRJNA945854,IPF / Pulmonary Fibrosis,True,124,0.008064516129032258
SRX19844833,13,1,PRJNA945854,IPF / Pulmonary Fibrosis,True,124,0.008064516129032258
SRX19844833,14,3,PRJNA945854,IPF / Pulmonary Fibrosis,True,124,0.024193548387096774
SRX19844833,17,1,PRJNA945854,IPF / Pulmonary Fibrosis,True,124,0.008064516129032258
SRX19844833,20,15,PRJNA945854,IPF / Pulmonary Fibrosis,True,124,0.12096774193548387
SRX19844833,21,2,PRJNA945854,IPF / Pulmonary Fibrosis,True,124,0.016129032258064516
SRX19844833,23,4,PRJNA945854,IPF / Pulmonary Fibrosis,True,124,0.03225806451612903
SRX19844833,24,5,PRJNA945854,IPF / Pulmonary Fibrosis,True,124,0.04032258064516129
SRX19844833,26,3,PRJNA945854,IPF / Pulmonary Fibrosis,True,124,0.024193548387096774
SRX19844833,31,7,PRJNA945854,IPF / Pulmonary Fibrosis,True,124,0.056451612903225805
SRX19844833,34,4,PRJNA945854,IPF / Pulmonary Fibrosis,True,124,0.03225806451612903
SRX19844833,36,23,PRJNA945854,IPF / Pulmonary Fibrosis,True,124,0.18548387096774194
SRX19844833,38,1,PRJNA945854,IPF / Pulmonary Fibrosis,True,124,0.008064516129032258
SRX19844833,4,2,PRJNA945854,IPF / Pulmonary Fibrosis,True,124,0.016129032258064516
SRX19844833,43,8,PRJNA945854,IPF / Pulmonary Fibrosis,True,124,0.06451612903225806
SRX19844833,44,14,PRJNA945854,IPF / Pulmonary Fibrosis,True,124,0.11290322580645161
SRX19844833,45,18,PRJNA945854,IPF / Pulmonary Fibrosis,True,124,0.14516129032258066
SRX19844833,5,5,PRJNA945854,IPF / Pulmonary Fibrosis,True,124,0.04032258064516129
SRX19844833,59,3,PRJNA945854,IPF / Pulmonary Fibrosis,True,124,0.024193548387096774
SRX19844833,7,1,PRJNA945854,IPF / Pulmonary Fibrosis,True,124,0.008064516129032258
SRX19844833,9,3,PRJNA945854,IPF / Pulmonary Fibrosis,True,124,0.024193548387096774
SRX19844834,0,1,PRJNA945854,IPF / Pulmonary Fibrosis,True,34,0.029411764705882353
SRX19844834,13,1,PRJNA945854,IPF / Pulmonary Fibrosis,True,34,0.029411764705882353
SRX19844834,14,2,PRJNA945854,IPF / Pulmonary Fibrosis,True,34,0.058823529411764705
SRX19844834,24,2,PRJNA945854,IPF / Pulmonary Fibrosis,True,34,0.058823529411764705
SRX19844834,26,13,PRJNA945854,IPF / Pulmonary Fibrosis,True,34,0.38235294117647056
SRX19844834,34,6,PRJNA945854,IPF / Pulmonary Fibrosis,True,34,0.17647058823529413
SRX19844834,36,4,PRJNA945854,IPF / Pulmonary Fibrosis,True,34,0.11764705882352941
SRX19844834,44,1,PRJNA945854,IPF / Pulmonary Fibrosis,True,34,0.029411764705882353
SRX19844834,6,1,PRJNA945854,IPF / Pulmonary Fibrosis,True,34,0.029411764705882353
SRX19844834,9,3,PRJNA945854,IPF / Pulmonary Fibrosis,True,34,0.08823529411764706
SRX19844835,1,1,PRJNA945854,IPF / Pulmonary Fibrosis,True,20,0.05
SRX19844835,20,1,PRJNA945854,IPF / Pulmonary Fibrosis,True,20,0.05
SRX19844835,26,11,PRJNA945854,IPF / Pulmonary Fibrosis,True,20,0.55
SRX19844835,31,1,PRJNA945854,IPF / Pulmonary Fibrosis,True,20,0.05
SRX19844835,34,2,PRJNA945854,IPF / Pulmonary Fibrosis,True,20,0.1
SRX19844835,36,1,PRJNA945854,IPF / Pulmonary Fibrosis,True,20,0.05
SRX19844835,44,2,PRJNA945854,IPF / Pulmonary Fibrosis,True,20,0.1
SRX19844835,9,1,PRJNA945854,IPF / Pulmonary Fibrosis,True,20,0.05
SRX19844836,13,1,PRJNA945854,Interstitial Lung Disease,True,50,0.02
SRX19844836,20,3,PRJNA945854,Interstitial Lung Disease,True,50,0.06
SRX19844836,21,1,PRJNA945854,Interstitial Lung Disease,True,50,0.02
SRX19844836,24,11,PRJNA945854,Interstitial Lung Disease,True,50,0.22
SRX19844836,26,10,PRJNA945854,Interstitial Lung Disease,True,50,0.2
SRX19844836,34,8,PRJNA945854,Interstitial Lung Disease,True,50,0.16
SRX19844836,36,1,PRJNA945854,Interstitial Lung Disease,True,50,0.02
SRX19844836,43,1,PRJNA945854,Interstitial Lung Disease,True,50,0.02
SRX19844836,44,7,PRJNA945854,Interstitial Lung Disease,True,50,0.14
SRX19844836,45,1,PRJNA945854,Interstitial Lung Disease,True,50,0.02
SRX19844836,8,1,PRJNA945854,Interstitial Lung Disease,True,50,0.02
SRX19844836,9,5,PRJNA945854,Interstitial Lung Disease,True,50,0.1
SRX19844837,0,1,PRJNA945854,Interstitial Lung Disease,True,71,0.014084507042253521
SRX19844837,1,3,PRJNA945854,Interstitial Lung Disease,True,71,0.04225352112676056
SRX19844837,20,6,PRJNA945854,Interstitial Lung Disease,True,71,0.08450704225352113
SRX19844837,21,1,PRJNA945854,Interstitial Lung Disease,True,71,0.014084507042253521
SRX19844837,24,2,PRJNA945854,Interstitial Lung Disease,True,71,0.028169014084507043
SRX19844837,26,12,PRJNA945854,Interstitial Lung Disease,True,71,0.16901408450704225
SRX19844837,34,2,PRJNA945854,Interstitial Lung Disease,True,71,0.028169014084507043
SRX19844837,36,2,PRJNA945854,Interstitial Lung Disease,True,71,0.028169014084507043
SRX19844837,43,4,PRJNA945854,Interstitial Lung Disease,True,71,0.056338028169014086
SRX19844837,44,3,PRJNA945854,Interstitial Lung Disease,True,71,0.04225352112676056
SRX19844837,45,5,PRJNA945854,Interstitial Lung Disease,True,71,0.07042253521126761
SRX19844837,6,1,PRJNA945854,Interstitial Lung Disease,True,71,0.014084507042253521
SRX19844837,60,2,PRJNA945854,Interstitial Lung Disease,True,71,0.028169014084507043
SRX19844837,66,1,PRJNA945854,Interstitial Lung Disease,True,71,0.014084507042253521
SRX19844837,9,26,PRJNA945854,Interstitial Lung Disease,True,71,0.36619718309859156
SRX19844838,20,14,PRJNA945854,Interstitial Lung Disease,True,47,0.2978723404255319
SRX19844838,21,3,PRJNA945854,Interstitial Lung Disease,True,47,0.06382978723404255
SRX19844838,24,5,PRJNA945854,Interstitial Lung Disease,True,47,0.10638297872340426
SRX19844838,26,5,PRJNA945854,Interstitial Lung Disease,True,47,0.10638297872340426
SRX19844838,31,1,PRJNA945854,Interstitial Lung Disease,True,47,0.02127659574468085
SRX19844838,43,3,PRJNA945854,Interstitial Lung Disease,True,47,0.06382978723404255
SRX19844838,44,4,PRJNA945854,Interstitial Lung Disease,True,47,0.0851063829787234
SRX19844838,45,1,PRJNA945854,Interstitial Lung Disease,True,47,0.02127659574468085
SRX19844838,5,1,PRJNA945854,Interstitial Lung Disease,True,47,0.02127659574468085
SRX19844838,9,10,PRJNA945854,Interstitial Lung Disease,True,47,0.2127659574468085
SRX19844839,20,8,PRJNA945854,Interstitial Lung Disease,True,59,0.13559322033898305
SRX19844839,21,1,PRJNA945854,Interstitial Lung Disease,True,59,0.01694915254237288
SRX19844839,23,1,PRJNA945854,Interstitial Lung Disease,True,59,0.01694915254237288
SRX19844839,24,4,PRJNA945854,Interstitial Lung Disease,True,59,0.06779661016949153
SRX19844839,26,5,PRJNA945854,Interstitial Lung Disease,True,59,0.0847457627118644
SRX19844839,34,9,PRJNA945854,Interstitial Lung Disease,True,59,0.15254237288135594
SRX19844839,36,3,PRJNA945854,Interstitial Lung Disease,True,59,0.05084745762711865
SRX19844839,44,4,PRJNA945854,Interstitial Lung Disease,True,59,0.06779661016949153
SRX19844839,52,1,PRJNA945854,Interstitial Lung Disease,True,59,0.01694915254237288
SRX19844839,6,1,PRJNA945854,Interstitial Lung Disease,True,59,0.01694915254237288
SRX19844839,8,2,PRJNA945854,Interstitial Lung Disease,True,59,0.03389830508474576
SRX19844839,9,20,PRJNA945854,Interstitial Lung Disease,True,59,0.3389830508474576
SRX19844840,21,2,PRJNA945854,IPF / Pulmonary Fibrosis,False,10,0.2
SRX19844840,34,2,PRJNA945854,IPF / Pulmonary Fibrosis,False,10,0.2
SRX19844840,36,4,PRJNA945854,IPF / Pulmonary Fibrosis,False,10,0.4
SRX19844840,9,2,PRJNA945854,IPF / Pulmonary Fibrosis,False,10,0.2
SRX19844841,45,1,PRJNA945854,Other,False,3,0.3333333333333333
SRX19844841,5,2,PRJNA945854,Other,False,3,0.6666666666666666
SRX19844842,34,2,PRJNA945854,IPF / Pulmonary Fibrosis,False,3,0.6666666666666666
SRX19844842,36,1,PRJNA945854,IPF / Pulmonary Fibrosis,False,3,0.3333333333333333
SRX19844843,26,3,PRJNA945854,Other,False,8,0.375
SRX19844843,36,3,PRJNA945854,Other,False,8,0.375
SRX19844843,5,1,PRJNA945854,Other,False,8,0.125
SRX19844843,9,1,PRJNA945854,Other,False,8,0.125
SRX19844844,17,1,PRJNA945854,Other,False,10,0.1
SRX19844844,26,1,PRJNA945854,Other,False,10,0.1
SRX19844844,34,1,PRJNA945854,Other,False,10,0.1
SRX19844844,4,1,PRJNA945854,Other,False,10,0.1
SRX19844844,44,1,PRJNA945854,Other,False,10,0.1
SRX19844844,5,1,PRJNA945854,Other,False,10,0.1
SRX19844844,9,4,PRJNA945854,Other,False,10,0.4
SRX19844845,1,1,PRJNA945854,Other,False,6,0.16666666666666666
SRX19844845,21,1,PRJNA945854,Other,False,6,0.16666666666666666
SRX19844845,26,2,PRJNA945854,Other,False,6,0.3333333333333333
SRX19844845,4,2,PRJNA945854,Other,False,6,0.3333333333333333
SRX19844846,1,3,PRJNA945854,IPF / Pulmonary Fibrosis,True,24,0.125
SRX19844846,34,5,PRJNA945854,IPF / Pulmonary Fibrosis,True,24,0.20833333333333334
SRX19844846,36,5,PRJNA945854,IPF / Pulmonary Fibrosis,True,24,0.20833333333333334
SRX19844846,4,8,PRJNA945854,IPF / Pulmonary Fibrosis,True,24,0.3333333333333333
SRX19844846,5,3,PRJNA945854,IPF / Pulmonary Fibrosis,True,24,0.125
SRX19844847,1,3,PRJNA945854,IPF / Pulmonary Fibrosis,True,10,0.3
SRX19844847,20,1,PRJNA945854,IPF / Pulmonary Fibrosis,True,10,0.1
SRX19844847,21,2,PRJNA945854,IPF / Pulmonary Fibrosis,True,10,0.2
SRX19844847,24,2,PRJNA945854,IPF / Pulmonary Fibrosis,True,10,0.2
SRX19844847,43,1,PRJNA945854,IPF / Pulmonary Fibrosis,True,10,0.1
SRX19844847,9,1,PRJNA945854,IPF / Pulmonary Fibrosis,True,10,0.1
SRX19844848,0,1,PRJNA945854,IPF / Pulmonary Fibrosis,True,14,0.07142857142857142
SRX19844848,1,6,PRJNA945854,IPF / Pulmonary Fibrosis,True,14,0.42857142857142855
SRX19844848,36,1,PRJNA945854,IPF / Pulmonary Fibrosis,True,14,0.07142857142857142
SRX19844848,4,1,PRJNA945854,IPF / Pulmonary Fibrosis,True,14,0.07142857142857142
SRX19844848,5,4,PRJNA945854,IPF / Pulmonary Fibrosis,True,14,0.2857142857142857
SRX19844848,6,1,PRJNA945854,IPF / Pulmonary Fibrosis,True,14,0.07142857142857142
SRX19844849,1,3,PRJNA945854,IPF / Pulmonary Fibrosis,True,8,0.375
SRX19844849,21,1,PRJNA945854,IPF / Pulmonary Fibrosis,True,8,0.125
SRX19844849,36,1,PRJNA945854,IPF / Pulmonary Fibrosis,True,8,0.125
SRX19844849,5,1,PRJNA945854,IPF / Pulmonary Fibrosis,True,8,0.125
SRX19844849,6,1,PRJNA945854,IPF / Pulmonary Fibrosis,True,8,0.125
SRX19844849,9,1,PRJNA945854,IPF / Pulmonary Fibrosis,True,8,0.125
SRX19844850,20,2,PRJNA945854,IPF / Pulmonary Fibrosis,True,6,0.3333333333333333
SRX19844850,21,1,PRJNA945854,IPF / Pulmonary Fibrosis,True,6,0.16666666666666666
SRX19844850,26,1,PRJNA945854,IPF / Pulmonary Fibrosis,True,6,0.16666666666666666
SRX19844850,44,1,PRJNA945854,IPF / Pulmonary Fibrosis,True,6,0.16666666666666666
SRX19844850,9,1,PRJNA945854,IPF / Pulmonary Fibrosis,True,6,0.16666666666666666
SRX19907927,31,2,PRJNA953399,Other,False,9,0.2222222222222222
SRX19907927,43,1,PRJNA953399,Other,False,9,0.1111111111111111
SRX19907927,44,3,PRJNA953399,Other,False,9,0.3333333333333333
SRX19907927,45,3,PRJNA953399,Other,False,9,0.3333333333333333
SRX19910910,1,6,PRJNA953640,Lung Cancer,False,66,0.09090909090909091
SRX19910910,13,1,PRJNA953640,Lung Cancer,False,66,0.015151515151515152
SRX19910910,14,8,PRJNA953640,Lung Cancer,False,66,0.12121212121212122
SRX19910910,20,1,PRJNA953640,Lung Cancer,False,66,0.015151515151515152
SRX19910910,26,3,PRJNA953640,Lung Cancer,False,66,0.045454545454545456
SRX19910910,34,10,PRJNA953640,Lung Cancer,False,66,0.15151515151515152
SRX19910910,36,6,PRJNA953640,Lung Cancer,False,66,0.09090909090909091
SRX19910910,38,8,PRJNA953640,Lung Cancer,False,66,0.12121212121212122
SRX19910910,4,4,PRJNA953640,Lung Cancer,False,66,0.06060606060606061
SRX19910910,59,2,PRJNA953640,Lung Cancer,False,66,0.030303030303030304
SRX19910910,8,16,PRJNA953640,Lung Cancer,False,66,0.24242424242424243
SRX19910910,9,1,PRJNA953640,Lung Cancer,False,66,0.015151515151515152
SRX19910912,1,4,PRJNA953640,Lung Cancer,False,75,0.05333333333333334
SRX19910912,13,1,PRJNA953640,Lung Cancer,False,75,0.013333333333333334
SRX19910912,14,4,PRJNA953640,Lung Cancer,False,75,0.05333333333333334
SRX19910912,17,1,PRJNA953640,Lung Cancer,False,75,0.013333333333333334
SRX19910912,20,2,PRJNA953640,Lung Cancer,False,75,0.02666666666666667
SRX19910912,24,2,PRJNA953640,Lung Cancer,False,75,0.02666666666666667
SRX19910912,26,1,PRJNA953640,Lung Cancer,False,75,0.013333333333333334
SRX19910912,34,3,PRJNA953640,Lung Cancer,False,75,0.04
SRX19910912,36,17,PRJNA953640,Lung Cancer,False,75,0.22666666666666666
SRX19910912,38,19,PRJNA953640,Lung Cancer,False,75,0.25333333333333335
SRX19910912,4,3,PRJNA953640,Lung Cancer,False,75,0.04
SRX19910912,44,4,PRJNA953640,Lung Cancer,False,75,0.05333333333333334
SRX19910912,59,1,PRJNA953640,Lung Cancer,False,75,0.013333333333333334
SRX19910912,7,1,PRJNA953640,Lung Cancer,False,75,0.013333333333333334
SRX19910912,8,12,PRJNA953640,Lung Cancer,False,75,0.16
SRX19910914,1,1,PRJNA953640,Lung Cancer,False,96,0.010416666666666666
SRX19910914,13,1,PRJNA953640,Lung Cancer,False,96,0.010416666666666666
SRX19910914,14,4,PRJNA953640,Lung Cancer,False,96,0.041666666666666664
SRX19910914,20,2,PRJNA953640,Lung Cancer,False,96,0.020833333333333332
SRX19910914,26,8,PRJNA953640,Lung Cancer,False,96,0.08333333333333333
SRX19910914,34,1,PRJNA953640,Lung Cancer,False,96,0.010416666666666666
SRX19910914,36,13,PRJNA953640,Lung Cancer,False,96,0.13541666666666666
SRX19910914,38,10,PRJNA953640,Lung Cancer,False,96,0.10416666666666667
SRX19910914,52,7,PRJNA953640,Lung Cancer,False,96,0.07291666666666667
SRX19910914,59,3,PRJNA953640,Lung Cancer,False,96,0.03125
SRX19910914,60,1,PRJNA953640,Lung Cancer,False,96,0.010416666666666666
SRX19910914,8,39,PRJNA953640,Lung Cancer,False,96,0.40625
SRX19910914,9,6,PRJNA953640,Lung Cancer,False,96,0.0625
SRX19910918,1,1,PRJNA953640,Lung Cancer,False,66,0.015151515151515152
SRX19910918,14,4,PRJNA953640,Lung Cancer,False,66,0.06060606060606061
SRX19910918,21,2,PRJNA953640,Lung Cancer,False,66,0.030303030303030304
SRX19910918,23,1,PRJNA953640,Lung Cancer,False,66,0.015151515151515152
SRX19910918,26,2,PRJNA953640,Lung Cancer,False,66,0.030303030303030304
SRX19910918,36,5,PRJNA953640,Lung Cancer,False,66,0.07575757575757576
SRX19910918,38,16,PRJNA953640,Lung Cancer,False,66,0.24242424242424243
SRX19910918,5,1,PRJNA953640,Lung Cancer,False,66,0.015151515151515152
SRX19910918,7,1,PRJNA953640,Lung Cancer,False,66,0.015151515151515152
SRX19910918,8,23,PRJNA953640,Lung Cancer,False,66,0.3484848484848485
SRX19910918,9,10,PRJNA953640,Lung Cancer,False,66,0.15151515151515152
SRX19910919,1,1,PRJNA953640,Lung Cancer,False,46,0.021739130434782608
SRX19910919,14,3,PRJNA953640,Lung Cancer,False,46,0.06521739130434782
SRX19910919,20,1,PRJNA953640,Lung Cancer,False,46,0.021739130434782608
SRX19910919,26,1,PRJNA953640,Lung Cancer,False,46,0.021739130434782608
SRX19910919,32,1,PRJNA953640,Lung Cancer,False,46,0.021739130434782608
SRX19910919,34,2,PRJNA953640,Lung Cancer,False,46,0.043478260869565216
SRX19910919,36,6,PRJNA953640,Lung Cancer,False,46,0.13043478260869565
SRX19910919,38,9,PRJNA953640,Lung Cancer,False,46,0.1956521739130435
SRX19910919,4,3,PRJNA953640,Lung Cancer,False,46,0.06521739130434782
SRX19910919,43,1,PRJNA953640,Lung Cancer,False,46,0.021739130434782608
SRX19910919,44,6,PRJNA953640,Lung Cancer,False,46,0.13043478260869565
SRX19910919,59,1,PRJNA953640,Lung Cancer,False,46,0.021739130434782608
SRX19910919,8,6,PRJNA953640,Lung Cancer,False,46,0.13043478260869565
SRX19910919,9,5,PRJNA953640,Lung Cancer,False,46,0.10869565217391304
SRX19910921,1,1,PRJNA953640,Lung Cancer,False,30,0.03333333333333333
SRX19910921,14,1,PRJNA953640,Lung Cancer,False,30,0.03333333333333333
SRX19910921,20,6,PRJNA953640,Lung Cancer,False,30,0.2
SRX19910921,36,4,PRJNA953640,Lung Cancer,False,30,0.13333333333333333
SRX19910921,38,4,PRJNA953640,Lung Cancer,False,30,0.13333333333333333
SRX19910921,4,1,PRJNA953640,Lung Cancer,False,30,0.03333333333333333
SRX19910921,7,1,PRJNA953640,Lung Cancer,False,30,0.03333333333333333
SRX19910921,8,7,PRJNA953640,Lung Cancer,False,30,0.23333333333333334
SRX19910921,9,5,PRJNA953640,Lung Cancer,False,30,0.16666666666666666
SRX19910923,20,1,PRJNA953640,Lung Cancer,False,22,0.045454545454545456
SRX19910923,36,2,PRJNA953640,Lung Cancer,False,22,0.09090909090909091
SRX19910923,38,12,PRJNA953640,Lung Cancer,False,22,0.5454545454545454
SRX19910923,8,7,PRJNA953640,Lung Cancer,False,22,0.3181818181818182
SRX19910925,1,2,PRJNA953640,Other,False,79,0.02531645569620253
SRX19910925,14,1,PRJNA953640,Other,False,79,0.012658227848101266
SRX19910925,20,2,PRJNA953640,Other,False,79,0.02531645569620253
SRX19910925,26,2,PRJNA953640,Other,False,79,0.02531645569620253
SRX19910925,35,1,PRJNA953640,Other,False,79,0.012658227848101266
SRX19910925,36,12,PRJNA953640,Other,False,79,0.1518987341772152
SRX19910925,38,27,PRJNA953640,Other,False,79,0.34177215189873417
SRX19910925,52,3,PRJNA953640,Other,False,79,0.0379746835443038
SRX19910925,59,2,PRJNA953640,Other,False,79,0.02531645569620253
SRX19910925,7,1,PRJNA953640,Other,False,79,0.012658227848101266
SRX19910925,8,21,PRJNA953640,Other,False,79,0.26582278481012656
SRX19910925,9,5,PRJNA953640,Other,False,79,0.06329113924050633
SRX19910927,1,1,PRJNA953640,Lung Cancer,False,60,0.016666666666666666
SRX19910927,14,3,PRJNA953640,Lung Cancer,False,60,0.05
SRX19910927,20,1,PRJNA953640,Lung Cancer,False,60,0.016666666666666666
SRX19910927,34,3,PRJNA953640,Lung Cancer,False,60,0.05
SRX19910927,36,5,PRJNA953640,Lung Cancer,False,60,0.08333333333333333
SRX19910927,38,16,PRJNA953640,Lung Cancer,False,60,0.26666666666666666
SRX19910927,4,3,PRJNA953640,Lung Cancer,False,60,0.05
SRX19910927,6,1,PRJNA953640,Lung Cancer,False,60,0.016666666666666666
SRX19910927,8,21,PRJNA953640,Lung Cancer,False,60,0.35
SRX19910927,9,6,PRJNA953640,Lung Cancer,False,60,0.1
SRX19910929,1,1,PRJNA953640,Lung Cancer,False,34,0.029411764705882353
SRX19910929,21,1,PRJNA953640,Lung Cancer,False,34,0.029411764705882353
SRX19910929,26,1,PRJNA953640,Lung Cancer,False,34,0.029411764705882353
SRX19910929,36,2,PRJNA953640,Lung Cancer,False,34,0.058823529411764705
SRX19910929,38,14,PRJNA953640,Lung Cancer,False,34,0.4117647058823529
SRX19910929,8,14,PRJNA953640,Lung Cancer,False,34,0.4117647058823529
SRX19910929,9,1,PRJNA953640,Lung Cancer,False,34,0.029411764705882353
SRX19910932,0,1,PRJNA953640,Lung Cancer,False,51,0.0196078431372549
SRX19910932,1,2,PRJNA953640,Lung Cancer,False,51,0.0392156862745098
SRX19910932,14,5,PRJNA953640,Lung Cancer,False,51,0.09803921568627451
SRX19910932,20,2,PRJNA953640,Lung Cancer,False,51,0.0392156862745098
SRX19910932,24,1,PRJNA953640,Lung Cancer,False,51,0.0196078431372549
SRX19910932,26,1,PRJNA953640,Lung Cancer,False,51,0.0196078431372549
SRX19910932,36,2,PRJNA953640,Lung Cancer,False,51,0.0392156862745098
SRX19910932,38,23,PRJNA953640,Lung Cancer,False,51,0.45098039215686275
SRX19910932,59,1,PRJNA953640,Lung Cancer,False,51,0.0196078431372549
SRX19910932,6,1,PRJNA953640,Lung Cancer,False,51,0.0196078431372549
SRX19910932,8,9,PRJNA953640,Lung Cancer,False,51,0.17647058823529413
SRX19910932,9,3,PRJNA953640,Lung Cancer,False,51,0.058823529411764705
SRX19910933,14,2,PRJNA953640,Lung Cancer,False,66,0.030303030303030304
SRX19910933,20,2,PRJNA953640,Lung Cancer,False,66,0.030303030303030304
SRX19910933,21,6,PRJNA953640,Lung Cancer,False,66,0.09090909090909091
SRX19910933,36,5,PRJNA953640,Lung Cancer,False,66,0.07575757575757576
SRX19910933,38,9,PRJNA953640,Lung Cancer,False,66,0.13636363636363635
SRX19910933,4,1,PRJNA953640,Lung Cancer,False,66,0.015151515151515152
SRX19910933,60,1,PRJNA953640,Lung Cancer,False,66,0.015151515151515152
SRX19910933,8,31,PRJNA953640,Lung Cancer,False,66,0.4696969696969697
SRX19910933,9,9,PRJNA953640,Lung Cancer,False,66,0.13636363636363635
SRX19910935,1,2,PRJNA953640,Lung Cancer,False,68,0.029411764705882353
SRX19910935,14,3,PRJNA953640,Lung Cancer,False,68,0.04411764705882353
SRX19910935,20,4,PRJNA953640,Lung Cancer,False,68,0.058823529411764705
SRX19910935,24,1,PRJNA953640,Lung Cancer,False,68,0.014705882352941176
SRX19910935,26,5,PRJNA953640,Lung Cancer,False,68,0.07352941176470588
SRX19910935,36,19,PRJNA953640,Lung Cancer,False,68,0.27941176470588236
SRX19910935,38,16,PRJNA953640,Lung Cancer,False,68,0.23529411764705882
SRX19910935,4,4,PRJNA953640,Lung Cancer,False,68,0.058823529411764705
SRX19910935,44,1,PRJNA953640,Lung Cancer,False,68,0.014705882352941176
SRX19910935,52,1,PRJNA953640,Lung Cancer,False,68,0.014705882352941176
SRX19910935,8,11,PRJNA953640,Lung Cancer,False,68,0.16176470588235295
SRX19910935,9,1,PRJNA953640,Lung Cancer,False,68,0.014705882352941176
SRX19910941,1,3,PRJNA953640,Lung Cancer,False,121,0.024793388429752067
SRX19910941,13,1,PRJNA953640,Lung Cancer,False,121,0.008264462809917356
SRX19910941,14,12,PRJNA953640,Lung Cancer,False,121,0.09917355371900827
SRX19910941,20,1,PRJNA953640,Lung Cancer,False,121,0.008264462809917356
SRX19910941,21,2,PRJNA953640,Lung Cancer,False,121,0.01652892561983471
SRX19910941,32,3,PRJNA953640,Lung Cancer,False,121,0.024793388429752067
SRX19910941,34,3,PRJNA953640,Lung Cancer,False,121,0.024793388429752067
SRX19910941,36,10,PRJNA953640,Lung Cancer,False,121,0.08264462809917356
SRX19910941,38,13,PRJNA953640,Lung Cancer,False,121,0.10743801652892562
SRX19910941,4,4,PRJNA953640,Lung Cancer,False,121,0.03305785123966942
SRX19910941,52,24,PRJNA953640,Lung Cancer,False,121,0.19834710743801653
SRX19910941,60,1,PRJNA953640,Lung Cancer,False,121,0.008264462809917356
SRX19910941,7,5,PRJNA953640,Lung Cancer,False,121,0.04132231404958678
SRX19910941,8,34,PRJNA953640,Lung Cancer,False,121,0.2809917355371901
SRX19910941,9,5,PRJNA953640,Lung Cancer,False,121,0.04132231404958678
SRX20407493,0,4,PRJNA973717,Lung Cancer,True,115,0.034782608695652174
SRX20407493,1,31,PRJNA973717,Lung Cancer,True,115,0.26956521739130435
SRX20407493,13,6,PRJNA973717,Lung Cancer,True,115,0.05217391304347826
SRX20407493,14,4,PRJNA973717,Lung Cancer,True,115,0.034782608695652174
SRX20407493,24,4,PRJNA973717,Lung Cancer,True,115,0.034782608695652174
SRX20407493,26,3,PRJNA973717,Lung Cancer,True,115,0.02608695652173913
SRX20407493,34,4,PRJNA973717,Lung Cancer,True,115,0.034782608695652174
SRX20407493,36,23,PRJNA973717,Lung Cancer,True,115,0.2
SRX20407493,38,1,PRJNA973717,Lung Cancer,True,115,0.008695652173913044
SRX20407493,4,21,PRJNA973717,Lung Cancer,True,115,0.1826086956521739
SRX20407493,5,5,PRJNA973717,Lung Cancer,True,115,0.043478260869565216
SRX20407493,60,2,PRJNA973717,Lung Cancer,True,115,0.017391304347826087
SRX20407493,7,1,PRJNA973717,Lung Cancer,True,115,0.008695652173913044
SRX20407493,8,6,PRJNA973717,Lung Cancer,True,115,0.05217391304347826
SRX20407494,0,10,PRJNA973717,Lung Cancer,True,135,0.07407407407407407
SRX20407494,1,13,PRJNA973717,Lung Cancer,True,135,0.0962962962962963
SRX20407494,13,12,PRJNA973717,Lung Cancer,True,135,0.08888888888888889
SRX20407494,14,11,PRJNA973717,Lung Cancer,True,135,0.08148148148148149
SRX20407494,21,3,PRJNA973717,Lung Cancer,True,135,0.022222222222222223
SRX20407494,24,4,PRJNA973717,Lung Cancer,True,135,0.02962962962962963
SRX20407494,26,1,PRJNA973717,Lung Cancer,True,135,0.007407407407407408
SRX20407494,34,6,PRJNA973717,Lung Cancer,True,135,0.044444444444444446
SRX20407494,35,3,PRJNA973717,Lung Cancer,True,135,0.022222222222222223
SRX20407494,36,28,PRJNA973717,Lung Cancer,True,135,0.2074074074074074
SRX20407494,38,5,PRJNA973717,Lung Cancer,True,135,0.037037037037037035
SRX20407494,4,25,PRJNA973717,Lung Cancer,True,135,0.18518518518518517
SRX20407494,44,1,PRJNA973717,Lung Cancer,True,135,0.007407407407407408
SRX20407494,5,5,PRJNA973717,Lung Cancer,True,135,0.037037037037037035
SRX20407494,52,1,PRJNA973717,Lung Cancer,True,135,0.007407407407407408
SRX20407494,6,1,PRJNA973717,Lung Cancer,True,135,0.007407407407407408
SRX20407494,60,2,PRJNA973717,Lung Cancer,True,135,0.014814814814814815
SRX20407494,7,1,PRJNA973717,Lung Cancer,True,135,0.007407407407407408
SRX20407494,8,1,PRJNA973717,Lung Cancer,True,135,0.007407407407407408
SRX20407494,9,2,PRJNA973717,Lung Cancer,True,135,0.014814814814814815
SRX20407496,1,4,PRJNA973717,Lung Cancer,True,105,0.0380952380952381
SRX20407496,13,41,PRJNA973717,Lung Cancer,True,105,0.3904761904761905
SRX20407496,21,1,PRJNA973717,Lung Cancer,True,105,0.009523809523809525
SRX20407496,26,17,PRJNA973717,Lung Cancer,True,105,0.1619047619047619
SRX20407496,36,10,PRJNA973717,Lung Cancer,True,105,0.09523809523809523
SRX20407496,38,2,PRJNA973717,Lung Cancer,True,105,0.01904761904761905
SRX20407496,5,1,PRJNA973717,Lung Cancer,True,105,0.009523809523809525
SRX20407496,7,4,PRJNA973717,Lung Cancer,True,105,0.0380952380952381
SRX20407496,8,1,PRJNA973717,Lung Cancer,True,105,0.009523809523809525
SRX20407496,9,24,PRJNA973717,Lung Cancer,True,105,0.22857142857142856
SRX20407497,0,1,PRJNA973717,Lung Cancer,True,159,0.006289308176100629
SRX20407497,1,33,PRJNA973717,Lung Cancer,True,159,0.20754716981132076
SRX20407497,13,16,PRJNA973717,Lung Cancer,True,159,0.10062893081761007
SRX20407497,14,7,PRJNA973717,Lung Cancer,True,159,0.0440251572327044
SRX20407497,20,11,PRJNA973717,Lung Cancer,True,159,0.06918238993710692
SRX20407497,21,4,PRJNA973717,Lung Cancer,True,159,0.025157232704402517
SRX20407497,24,2,PRJNA973717,Lung Cancer,True,159,0.012578616352201259
SRX20407497,26,2,PRJNA973717,Lung Cancer,True,159,0.012578616352201259
SRX20407497,34,1,PRJNA973717,Lung Cancer,True,159,0.006289308176100629
SRX20407497,36,10,PRJNA973717,Lung Cancer,True,159,0.06289308176100629
SRX20407497,38,1,PRJNA973717,Lung Cancer,True,159,0.006289308176100629
SRX20407497,39,5,PRJNA973717,Lung Cancer,True,159,0.031446540880503145
SRX20407497,4,31,PRJNA973717,Lung Cancer,True,159,0.1949685534591195
SRX20407497,5,25,PRJNA973717,Lung Cancer,True,159,0.15723270440251572
SRX20407497,59,1,PRJNA973717,Lung Cancer,True,159,0.006289308176100629
SRX20407497,6,2,PRJNA973717,Lung Cancer,True,159,0.012578616352201259
SRX20407497,60,1,PRJNA973717,Lung Cancer,True,159,0.006289308176100629
SRX20407497,8,6,PRJNA973717,Lung Cancer,True,159,0.03773584905660377
SRX20407498,0,4,PRJNA973717,Lung Cancer,True,120,0.03333333333333333
SRX20407498,1,43,PRJNA973717,Lung Cancer,True,120,0.35833333333333334
SRX20407498,13,5,PRJNA973717,Lung Cancer,True,120,0.041666666666666664
SRX20407498,14,6,PRJNA973717,Lung Cancer,True,120,0.05
SRX20407498,20,14,PRJNA973717,Lung Cancer,True,120,0.11666666666666667
SRX20407498,21,2,PRJNA973717,Lung Cancer,True,120,0.016666666666666666
SRX20407498,24,4,PRJNA973717,Lung Cancer,True,120,0.03333333333333333
SRX20407498,34,2,PRJNA973717,Lung Cancer,True,120,0.016666666666666666
SRX20407498,36,5,PRJNA973717,Lung Cancer,True,120,0.041666666666666664
SRX20407498,38,1,PRJNA973717,Lung Cancer,True,120,0.008333333333333333
SRX20407498,4,3,PRJNA973717,Lung Cancer,True,120,0.025
SRX20407498,43,1,PRJNA973717,Lung Cancer,True,120,0.008333333333333333
SRX20407498,5,13,PRJNA973717,Lung Cancer,True,120,0.10833333333333334
SRX20407498,6,3,PRJNA973717,Lung Cancer,True,120,0.025
SRX20407498,8,8,PRJNA973717,Lung Cancer,True,120,0.06666666666666667
SRX20407498,9,6,PRJNA973717,Lung Cancer,True,120,0.05
SRX20407499,0,3,PRJNA973717,Lung Cancer,True,107,0.028037383177570093
SRX20407499,1,32,PRJNA973717,Lung Cancer,True,107,0.29906542056074764
SRX20407499,13,7,PRJNA973717,Lung Cancer,True,107,0.06542056074766354
SRX20407499,14,2,PRJNA973717,Lung Cancer,True,107,0.018691588785046728
SRX20407499,20,5,PRJNA973717,Lung Cancer,True,107,0.04672897196261682
SRX20407499,21,1,PRJNA973717,Lung Cancer,True,107,0.009345794392523364
SRX20407499,24,2,PRJNA973717,Lung Cancer,True,107,0.018691588785046728
SRX20407499,26,1,PRJNA973717,Lung Cancer,True,107,0.009345794392523364
SRX20407499,34,3,PRJNA973717,Lung Cancer,True,107,0.028037383177570093
SRX20407499,36,1,PRJNA973717,Lung Cancer,True,107,0.009345794392523364
SRX20407499,38,2,PRJNA973717,Lung Cancer,True,107,0.018691588785046728
SRX20407499,4,13,PRJNA973717,Lung Cancer,True,107,0.12149532710280374
SRX20407499,5,8,PRJNA973717,Lung Cancer,True,107,0.07476635514018691
SRX20407499,6,3,PRJNA973717,Lung Cancer,True,107,0.028037383177570093
SRX20407499,8,23,PRJNA973717,Lung Cancer,True,107,0.21495327102803738
SRX20407499,9,1,PRJNA973717,Lung Cancer,True,107,0.009345794392523364
SRX20811742,21,1,PRJNA988459,COVID-19 / SARS-CoV-2,True,2,0.5
SRX20811742,9,1,PRJNA988459,COVID-19 / SARS-CoV-2,True,2,0.5
SRX20811743,1,1,PRJNA988459,COVID-19 / SARS-CoV-2,True,57,0.017543859649122806
SRX20811743,16,8,PRJNA988459,COVID-19 / SARS-CoV-2,True,57,0.14035087719298245
SRX20811743,21,1,PRJNA988459,COVID-19 / SARS-CoV-2,True,57,0.017543859649122806
SRX20811743,24,1,PRJNA988459,COVID-19 / SARS-CoV-2,True,57,0.017543859649122806
SRX20811743,26,17,PRJNA988459,COVID-19 / SARS-CoV-2,True,57,0.2982456140350877
SRX20811743,27,2,PRJNA988459,COVID-19 / SARS-CoV-2,True,57,0.03508771929824561
SRX20811743,31,2,PRJNA988459,COVID-19 / SARS-CoV-2,True,57,0.03508771929824561
SRX20811743,34,9,PRJNA988459,COVID-19 / SARS-CoV-2,True,57,0.15789473684210525
SRX20811743,39,1,PRJNA988459,COVID-19 / SARS-CoV-2,True,57,0.017543859649122806
SRX20811743,43,8,PRJNA988459,COVID-19 / SARS-CoV-2,True,57,0.14035087719298245
SRX20811743,5,2,PRJNA988459,COVID-19 / SARS-CoV-2,True,57,0.03508771929824561
SRX20811743,9,5,PRJNA988459,COVID-19 / SARS-CoV-2,True,57,0.08771929824561403
SRX20811744,0,1,PRJNA988459,COVID-19 / SARS-CoV-2,True,12,0.08333333333333333
SRX20811744,17,1,PRJNA988459,COVID-19 / SARS-CoV-2,True,12,0.08333333333333333
SRX20811744,24,1,PRJNA988459,COVID-19 / SARS-CoV-2,True,12,0.08333333333333333
SRX20811744,26,4,PRJNA988459,COVID-19 / SARS-CoV-2,True,12,0.3333333333333333
SRX20811744,34,2,PRJNA988459,COVID-19 / SARS-CoV-2,True,12,0.16666666666666666
SRX20811744,39,1,PRJNA988459,COVID-19 / SARS-CoV-2,True,12,0.08333333333333333
SRX20811744,4,1,PRJNA988459,COVID-19 / SARS-CoV-2,True,12,0.08333333333333333
SRX20811744,45,1,PRJNA988459,COVID-19 / SARS-CoV-2,True,12,0.08333333333333333
SRX20811745,24,1,PRJNA988459,COVID-19 / SARS-CoV-2,True,19,0.05263157894736842
SRX20811745,26,11,PRJNA988459,COVID-19 / SARS-CoV-2,True,19,0.5789473684210527
SRX20811745,34,3,PRJNA988459,COVID-19 / SARS-CoV-2,True,19,0.15789473684210525
SRX20811745,5,1,PRJNA988459,COVID-19 / SARS-CoV-2,True,19,0.05263157894736842
SRX20811745,9,3,PRJNA988459,COVID-19 / SARS-CoV-2,True,19,0.15789473684210525
SRX20811747,26,5,PRJNA988459,COVID-19 / SARS-CoV-2,True,8,0.625
SRX20811747,34,2,PRJNA988459,COVID-19 / SARS-CoV-2,True,8,0.25
SRX20811747,9,1,PRJNA988459,COVID-19 / SARS-CoV-2,True,8,0.125
SRX20811748,1,2,PRJNA988459,COVID-19 / SARS-CoV-2,True,24,0.08333333333333333
SRX20811748,13,1,PRJNA988459,COVID-19 / SARS-CoV-2,True,24,0.041666666666666664
SRX20811748,21,1,PRJNA988459,COVID-19 / SARS-CoV-2,True,24,0.041666666666666664
SRX20811748,24,1,PRJNA988459,COVID-19 / SARS-CoV-2,True,24,0.041666666666666664
SRX20811748,26,3,PRJNA988459,COVID-19 / SARS-CoV-2,True,24,0.125
SRX20811748,34,2,PRJNA988459,COVID-19 / SARS-CoV-2,True,24,0.08333333333333333
SRX20811748,39,1,PRJNA988459,COVID-19 / SARS-CoV-2,True,24,0.041666666666666664
SRX20811748,43,1,PRJNA988459,COVID-19 / SARS-CoV-2,True,24,0.041666666666666664
SRX20811748,44,5,PRJNA988459,COVID-19 / SARS-CoV-2,True,24,0.20833333333333334
SRX20811748,45,1,PRJNA988459,COVID-19 / SARS-CoV-2,True,24,0.041666666666666664
SRX20811748,5,1,PRJNA988459,COVID-19 / SARS-CoV-2,True,24,0.041666666666666664
SRX20811748,9,5,PRJNA988459,COVID-19 / SARS-CoV-2,True,24,0.20833333333333334
SRX20811749,1,3,PRJNA988459,COVID-19 / SARS-CoV-2,True,27,0.1111111111111111
SRX20811749,24,1,PRJNA988459,COVID-19 / SARS-CoV-2,True,27,0.037037037037037035
SRX20811749,26,4,PRJNA988459,COVID-19 / SARS-CoV-2,True,27,0.14814814814814814
SRX20811749,3,3,PRJNA988459,COVID-19 / SARS-CoV-2,True,27,0.1111111111111111
SRX20811749,39,1,PRJNA988459,COVID-19 / SARS-CoV-2,True,27,0.037037037037037035
SRX20811749,4,2,PRJNA988459,COVID-19 / SARS-CoV-2,True,27,0.07407407407407407
SRX20811749,5,5,PRJNA988459,COVID-19 / SARS-CoV-2,True,27,0.18518518518518517
SRX20811749,9,8,PRJNA988459,COVID-19 / SARS-CoV-2,True,27,0.2962962962962963
SRX20811750,0,3,PRJNA988459,COVID-19 / SARS-CoV-2,True,35,0.08571428571428572
SRX20811750,1,11,PRJNA988459,COVID-19 / SARS-CoV-2,True,35,0.3142857142857143
SRX20811750,17,3,PRJNA988459,COVID-19 / SARS-CoV-2,True,35,0.08571428571428572
SRX20811750,24,1,PRJNA988459,COVID-19 / SARS-CoV-2,True,35,0.02857142857142857
SRX20811750,26,3,PRJNA988459,COVID-19 / SARS-CoV-2,True,35,0.08571428571428572
SRX20811750,3,1,PRJNA988459,COVID-19 / SARS-CoV-2,True,35,0.02857142857142857
SRX20811750,5,5,PRJNA988459,COVID-19 / SARS-CoV-2,True,35,0.14285714285714285
SRX20811750,9,8,PRJNA988459,COVID-19 / SARS-CoV-2,True,35,0.22857142857142856
SRX20811751,1,1,PRJNA988459,COVID-19 / SARS-CoV-2,True,49,0.02040816326530612
SRX20811751,24,2,PRJNA988459,COVID-19 / SARS-CoV-2,True,49,0.04081632653061224
SRX20811751,26,26,PRJNA988459,COVID-19 / SARS-CoV-2,True,49,0.5306122448979592
SRX20811751,34,16,PRJNA988459,COVID-19 / SARS-CoV-2,True,49,0.32653061224489793
SRX20811751,5,1,PRJNA988459,COVID-19 / SARS-CoV-2,True,49,0.02040816326530612
SRX20811751,9,3,PRJNA988459,COVID-19 / SARS-CoV-2,True,49,0.061224489795918366
SRX20811753,1,4,PRJNA988459,COVID-19 / SARS-CoV-2,True,37,0.10810810810810811
SRX20811753,21,4,PRJNA988459,COVID-19 / SARS-CoV-2,True,37,0.10810810810810811
SRX20811753,24,2,PRJNA988459,COVID-19 / SARS-CoV-2,True,37,0.05405405405405406
SRX20811753,26,9,PRJNA988459,COVID-19 / SARS-CoV-2,True,37,0.24324324324324326
SRX20811753,34,15,PRJNA988459,COVID-19 / SARS-CoV-2,True,37,0.40540540540540543
SRX20811753,9,3,PRJNA988459,COVID-19 / SARS-CoV-2,True,37,0.08108108108108109
SRX20811754,1,1,PRJNA988459,COVID-19 / SARS-CoV-2,True,20,0.05
SRX20811754,24,2,PRJNA988459,COVID-19 / SARS-CoV-2,True,20,0.1
SRX20811754,26,8,PRJNA988459,COVID-19 / SARS-CoV-2,True,20,0.4
SRX20811754,34,6,PRJNA988459,COVID-19 / SARS-CoV-2,True,20,0.3
SRX20811754,9,3,PRJNA988459,COVID-19 / SARS-CoV-2,True,20,0.15
SRX20811755,24,2,PRJNA988459,COVID-19 / SARS-CoV-2,True,5,0.4
SRX20811755,26,3,PRJNA988459,COVID-19 / SARS-CoV-2,True,5,0.6
SRX20811756,0,3,PRJNA988459,COVID-19 / SARS-CoV-2,True,56,0.05357142857142857
SRX20811756,1,12,PRJNA988459,COVID-19 / SARS-CoV-2,True,56,0.21428571428571427
SRX20811756,17,17,PRJNA988459,COVID-19 / SARS-CoV-2,True,56,0.30357142857142855
SRX20811756,24,4,PRJNA988459,COVID-19 / SARS-CoV-2,True,56,0.07142857142857142
SRX20811756,3,5,PRJNA988459,COVID-19 / SARS-CoV-2,True,56,0.08928571428571429
SRX20811756,4,3,PRJNA988459,COVID-19 / SARS-CoV-2,True,56,0.05357142857142857
SRX20811756,5,8,PRJNA988459,COVID-19 / SARS-CoV-2,True,56,0.14285714285714285
SRX20811756,6,2,PRJNA988459,COVID-19 / SARS-CoV-2,True,56,0.03571428571428571
SRX20811756,9,2,PRJNA988459,COVID-19 / SARS-CoV-2,True,56,0.03571428571428571
SRX20811757,1,2,PRJNA988459,COVID-19 / SARS-CoV-2,True,11,0.18181818181818182
SRX20811757,21,1,PRJNA988459,COVID-19 / SARS-CoV-2,True,11,0.09090909090909091
SRX20811757,23,1,PRJNA988459,COVID-19 / SARS-CoV-2,True,11,0.09090909090909091
SRX20811757,26,3,PRJNA988459,COVID-19 / SARS-CoV-2,True,11,0.2727272727272727
SRX20811757,34,4,PRJNA988459,COVID-19 / SARS-CoV-2,True,11,0.36363636363636365
SRX20811764,1,2,PRJNA988459,COVID-19 / SARS-CoV-2,True,9,0.2222222222222222
SRX20811764,24,1,PRJNA988459,COVID-19 / SARS-CoV-2,True,9,0.1111111111111111
SRX20811764,26,1,PRJNA988459,COVID-19 / SARS-CoV-2,True,9,0.1111111111111111
SRX20811764,5,1,PRJNA988459,COVID-19 / SARS-CoV-2,True,9,0.1111111111111111
SRX20811764,9,4,PRJNA988459,COVID-19 / SARS-CoV-2,True,9,0.4444444444444444
SRX21256826,0,2,PRJNA1002309,Lung Cancer,True,50,0.04
SRX21256826,1,2,PRJNA1002309,Lung Cancer,True,50,0.04
SRX21256826,14,1,PRJNA1002309,Lung Cancer,True,50,0.02
SRX21256826,17,3,PRJNA1002309,Lung Cancer,True,50,0.06
SRX21256826,20,7,PRJNA1002309,Lung Cancer,True,50,0.14
SRX21256826,21,3,PRJNA1002309,Lung Cancer,True,50,0.06
SRX21256826,23,5,PRJNA1002309,Lung Cancer,True,50,0.1
SRX21256826,24,3,PRJNA1002309,Lung Cancer,True,50,0.06
SRX21256826,26,9,PRJNA1002309,Lung Cancer,True,50,0.18
SRX21256826,34,7,PRJNA1002309,Lung Cancer,True,50,0.14
SRX21256826,4,1,PRJNA1002309,Lung Cancer,True,50,0.02
SRX21256826,44,1,PRJNA1002309,Lung Cancer,True,50,0.02
SRX21256826,5,1,PRJNA1002309,Lung Cancer,True,50,0.02
SRX21256826,9,5,PRJNA1002309,Lung Cancer,True,50,0.1
SRX21460093,1,10,PRJNA1008237,Lung Cancer,False,142,0.07042253521126761
SRX21460093,14,2,PRJNA1008237,Lung Cancer,False,142,0.014084507042253521
SRX21460093,20,24,PRJNA1008237,Lung Cancer,False,142,0.16901408450704225
SRX21460093,21,2,PRJNA1008237,Lung Cancer,False,142,0.014084507042253521
SRX21460093,24,2,PRJNA1008237,Lung Cancer,False,142,0.014084507042253521
SRX21460093,26,4,PRJNA1008237,Lung Cancer,False,142,0.028169014084507043
SRX21460093,34,3,PRJNA1008237,Lung Cancer,False,142,0.02112676056338028
SRX21460093,36,12,PRJNA1008237,Lung Cancer,False,142,0.08450704225352113
SRX21460093,38,9,PRJNA1008237,Lung Cancer,False,142,0.06338028169014084
SRX21460093,4,15,PRJNA1008237,Lung Cancer,False,142,0.1056338028169014
SRX21460093,43,1,PRJNA1008237,Lung Cancer,False,142,0.007042253521126761
SRX21460093,44,7,PRJNA1008237,Lung Cancer,False,142,0.04929577464788732
SRX21460093,45,1,PRJNA1008237,Lung Cancer,False,142,0.007042253521126761
SRX21460093,59,28,PRJNA1008237,Lung Cancer,False,142,0.19718309859154928
SRX21460093,60,3,PRJNA1008237,Lung Cancer,False,142,0.02112676056338028
SRX21460093,8,17,PRJNA1008237,Lung Cancer,False,142,0.11971830985915492
SRX21460093,9,2,PRJNA1008237,Lung Cancer,False,142,0.014084507042253521
SRX21460094,1,17,PRJNA1008237,Lung Cancer,False,158,0.10759493670886076
SRX21460094,14,2,PRJNA1008237,Lung Cancer,False,158,0.012658227848101266
SRX21460094,20,21,PRJNA1008237,Lung Cancer,False,158,0.13291139240506328
SRX21460094,21,2,PRJNA1008237,Lung Cancer,False,158,0.012658227848101266
SRX21460094,24,4,PRJNA1008237,Lung Cancer,False,158,0.02531645569620253
SRX21460094,26,5,PRJNA1008237,Lung Cancer,False,158,0.03164556962025317
SRX21460094,32,1,PRJNA1008237,Lung Cancer,False,158,0.006329113924050633
SRX21460094,34,6,PRJNA1008237,Lung Cancer,False,158,0.0379746835443038
SRX21460094,36,23,PRJNA1008237,Lung Cancer,False,158,0.14556962025316456
SRX21460094,38,10,PRJNA1008237,Lung Cancer,False,158,0.06329113924050633
SRX21460094,4,14,PRJNA1008237,Lung Cancer,False,158,0.08860759493670886
SRX21460094,43,2,PRJNA1008237,Lung Cancer,False,158,0.012658227848101266
SRX21460094,44,7,PRJNA1008237,Lung Cancer,False,158,0.04430379746835443
SRX21460094,5,6,PRJNA1008237,Lung Cancer,False,158,0.0379746835443038
SRX21460094,59,14,PRJNA1008237,Lung Cancer,False,158,0.08860759493670886
SRX21460094,60,2,PRJNA1008237,Lung Cancer,False,158,0.012658227848101266
SRX21460094,7,2,PRJNA1008237,Lung Cancer,False,158,0.012658227848101266
SRX21460094,8,6,PRJNA1008237,Lung Cancer,False,158,0.0379746835443038
SRX21460094,9,14,PRJNA1008237,Lung Cancer,False,158,0.08860759493670886
SRX21460095,0,1,PRJNA1008237,Other,False,183,0.00546448087431694
SRX21460095,1,6,PRJNA1008237,Other,False,183,0.03278688524590164
SRX21460095,14,7,PRJNA1008237,Other,False,183,0.03825136612021858
SRX21460095,20,12,PRJNA1008237,Other,False,183,0.06557377049180328
SRX21460095,21,5,PRJNA1008237,Other,False,183,0.0273224043715847
SRX21460095,24,3,PRJNA1008237,Other,False,183,0.01639344262295082
SRX21460095,26,1,PRJNA1008237,Other,False,183,0.00546448087431694
SRX21460095,34,3,PRJNA1008237,Other,False,183,0.01639344262295082
SRX21460095,36,35,PRJNA1008237,Other,False,183,0.1912568306010929
SRX21460095,38,7,PRJNA1008237,Other,False,183,0.03825136612021858
SRX21460095,4,8,PRJNA1008237,Other,False,183,0.04371584699453552
SRX21460095,43,24,PRJNA1008237,Other,False,183,0.13114754098360656
SRX21460095,44,12,PRJNA1008237,Other,False,183,0.06557377049180328
SRX21460095,45,8,PRJNA1008237,Other,False,183,0.04371584699453552
SRX21460095,5,2,PRJNA1008237,Other,False,183,0.01092896174863388
SRX21460095,52,6,PRJNA1008237,Other,False,183,0.03278688524590164
SRX21460095,59,25,PRJNA1008237,Other,False,183,0.1366120218579235
SRX21460095,60,8,PRJNA1008237,Other,False,183,0.04371584699453552
SRX21460095,7,1,PRJNA1008237,Other,False,183,0.00546448087431694
SRX21460095,8,3,PRJNA1008237,Other,False,183,0.01639344262295082
SRX21460095,9,6,PRJNA1008237,Other,False,183,0.03278688524590164
SRX21460097,1,20,PRJNA1008237,Lung Cancer,False,120,0.16666666666666666
SRX21460097,14,2,PRJNA1008237,Lung Cancer,False,120,0.016666666666666666
SRX21460097,2,1,PRJNA1008237,Lung Cancer,False,120,0.008333333333333333
SRX21460097,20,4,PRJNA1008237,Lung Cancer,False,120,0.03333333333333333
SRX21460097,21,1,PRJNA1008237,Lung Cancer,False,120,0.008333333333333333
SRX21460097,24,3,PRJNA1008237,Lung Cancer,False,120,0.025
SRX21460097,26,1,PRJNA1008237,Lung Cancer,False,120,0.008333333333333333
SRX21460097,32,14,PRJNA1008237,Lung Cancer,False,120,0.11666666666666667
SRX21460097,34,4,PRJNA1008237,Lung Cancer,False,120,0.03333333333333333
SRX21460097,36,6,PRJNA1008237,Lung Cancer,False,120,0.05
SRX21460097,38,1,PRJNA1008237,Lung Cancer,False,120,0.008333333333333333
SRX21460097,4,9,PRJNA1008237,Lung Cancer,False,120,0.075
SRX21460097,44,11,PRJNA1008237,Lung Cancer,False,120,0.09166666666666666
SRX21460097,45,6,PRJNA1008237,Lung Cancer,False,120,0.05
SRX21460097,5,4,PRJNA1008237,Lung Cancer,False,120,0.03333333333333333
SRX21460097,52,2,PRJNA1008237,Lung Cancer,False,120,0.016666666666666666
SRX21460097,59,22,PRJNA1008237,Lung Cancer,False,120,0.18333333333333332
SRX21460097,6,3,PRJNA1008237,Lung Cancer,False,120,0.025
SRX21460097,8,4,PRJNA1008237,Lung Cancer,False,120,0.03333333333333333
SRX21460097,9,2,PRJNA1008237,Lung Cancer,False,120,0.016666666666666666
SRX21460106,0,3,PRJNA1008237,Lung Cancer,False,228,0.013157894736842105
SRX21460106,1,12,PRJNA1008237,Lung Cancer,False,228,0.05263157894736842
SRX21460106,13,1,PRJNA1008237,Lung Cancer,False,228,0.0043859649122807015
SRX21460106,14,8,PRJNA1008237,Lung Cancer,False,228,0.03508771929824561
SRX21460106,20,12,PRJNA1008237,Lung Cancer,False,228,0.05263157894736842
SRX21460106,21,11,PRJNA1008237,Lung Cancer,False,228,0.04824561403508772
SRX21460106,24,2,PRJNA1008237,Lung Cancer,False,228,0.008771929824561403
SRX21460106,26,2,PRJNA1008237,Lung Cancer,False,228,0.008771929824561403
SRX21460106,32,1,PRJNA1008237,Lung Cancer,False,228,0.0043859649122807015
SRX21460106,34,6,PRJNA1008237,Lung Cancer,False,228,0.02631578947368421
SRX21460106,36,27,PRJNA1008237,Lung Cancer,False,228,0.11842105263157894
SRX21460106,38,50,PRJNA1008237,Lung Cancer,False,228,0.21929824561403508
SRX21460106,4,11,PRJNA1008237,Lung Cancer,False,228,0.04824561403508772
SRX21460106,43,3,PRJNA1008237,Lung Cancer,False,228,0.013157894736842105
SRX21460106,44,2,PRJNA1008237,Lung Cancer,False,228,0.008771929824561403
SRX21460106,5,15,PRJNA1008237,Lung Cancer,False,228,0.06578947368421052
SRX21460106,52,1,PRJNA1008237,Lung Cancer,False,228,0.0043859649122807015
SRX21460106,59,29,PRJNA1008237,Lung Cancer,False,228,0.12719298245614036
SRX21460106,60,4,PRJNA1008237,Lung Cancer,False,228,0.017543859649122806
SRX21460106,7,1,PRJNA1008237,Lung Cancer,False,228,0.0043859649122807015
SRX21460106,8,22,PRJNA1008237,Lung Cancer,False,228,0.09649122807017543
SRX21460106,9,5,PRJNA1008237,Lung Cancer,False,228,0.021929824561403508
SRX21460107,1,11,PRJNA1008237,Lung Cancer,False,154,0.07142857142857142
SRX21460107,14,3,PRJNA1008237,Lung Cancer,False,154,0.01948051948051948
SRX21460107,20,23,PRJNA1008237,Lung Cancer,False,154,0.14935064935064934
SRX21460107,21,4,PRJNA1008237,Lung Cancer,False,154,0.025974025974025976
SRX21460107,24,2,PRJNA1008237,Lung Cancer,False,154,0.012987012987012988
SRX21460107,26,5,PRJNA1008237,Lung Cancer,False,154,0.032467532467532464
SRX21460107,31,1,PRJNA1008237,Lung Cancer,False,154,0.006493506493506494
SRX21460107,34,5,PRJNA1008237,Lung Cancer,False,154,0.032467532467532464
SRX21460107,36,3,PRJNA1008237,Lung Cancer,False,154,0.01948051948051948
SRX21460107,38,11,PRJNA1008237,Lung Cancer,False,154,0.07142857142857142
SRX21460107,4,12,PRJNA1008237,Lung Cancer,False,154,0.07792207792207792
SRX21460107,43,5,PRJNA1008237,Lung Cancer,False,154,0.032467532467532464
SRX21460107,44,4,PRJNA1008237,Lung Cancer,False,154,0.025974025974025976
SRX21460107,45,3,PRJNA1008237,Lung Cancer,False,154,0.01948051948051948
SRX21460107,5,5,PRJNA1008237,Lung Cancer,False,154,0.032467532467532464
SRX21460107,52,2,PRJNA1008237,Lung Cancer,False,154,0.012987012987012988
SRX21460107,59,10,PRJNA1008237,Lung Cancer,False,154,0.06493506493506493
SRX21460107,60,4,PRJNA1008237,Lung Cancer,False,154,0.025974025974025976
SRX21460107,7,1,PRJNA1008237,Lung Cancer,False,154,0.006493506493506494
SRX21460107,8,25,PRJNA1008237,Lung Cancer,False,154,0.16233766233766234
SRX21460107,9,15,PRJNA1008237,Lung Cancer,False,154,0.09740259740259741
SRX21460108,1,8,PRJNA1008237,Other,False,131,0.061068702290076333
SRX21460108,14,2,PRJNA1008237,Other,False,131,0.015267175572519083
SRX21460108,20,5,PRJNA1008237,Other,False,131,0.03816793893129771
SRX21460108,21,2,PRJNA1008237,Other,False,131,0.015267175572519083
SRX21460108,24,6,PRJNA1008237,Other,False,131,0.04580152671755725
SRX21460108,26,21,PRJNA1008237,Other,False,131,0.16030534351145037
SRX21460108,34,1,PRJNA1008237,Other,False,131,0.007633587786259542
SRX21460108,36,19,PRJNA1008237,Other,False,131,0.1450381679389313
SRX21460108,38,26,PRJNA1008237,Other,False,131,0.1984732824427481
SRX21460108,4,8,PRJNA1008237,Other,False,131,0.061068702290076333
SRX21460108,43,1,PRJNA1008237,Other,False,131,0.007633587786259542
SRX21460108,44,3,PRJNA1008237,Other,False,131,0.022900763358778626
SRX21460108,45,1,PRJNA1008237,Other,False,131,0.007633587786259542
SRX21460108,52,5,PRJNA1008237,Other,False,131,0.03816793893129771
SRX21460108,59,10,PRJNA1008237,Other,False,131,0.07633587786259542
SRX21460108,6,1,PRJNA1008237,Other,False,131,0.007633587786259542
SRX21460108,7,1,PRJNA1008237,Other,False,131,0.007633587786259542
SRX21460108,8,6,PRJNA1008237,Other,False,131,0.04580152671755725
SRX21460108,9,5,PRJNA1008237,Other,False,131,0.03816793893129771
SRX21460115,1,7,PRJNA1008237,Lung Cancer,False,170,0.041176470588235294
SRX21460115,14,1,PRJNA1008237,Lung Cancer,False,170,0.0058823529411764705
SRX21460115,20,44,PRJNA1008237,Lung Cancer,False,170,0.25882352941176473
SRX21460115,21,10,PRJNA1008237,Lung Cancer,False,170,0.058823529411764705
SRX21460115,26,3,PRJNA1008237,Lung Cancer,False,170,0.01764705882352941
SRX21460115,31,1,PRJNA1008237,Lung Cancer,False,170,0.0058823529411764705
SRX21460115,34,3,PRJNA1008237,Lung Cancer,False,170,0.01764705882352941
SRX21460115,36,15,PRJNA1008237,Lung Cancer,False,170,0.08823529411764706
SRX21460115,38,12,PRJNA1008237,Lung Cancer,False,170,0.07058823529411765
SRX21460115,4,17,PRJNA1008237,Lung Cancer,False,170,0.1
SRX21460115,43,2,PRJNA1008237,Lung Cancer,False,170,0.011764705882352941
SRX21460115,44,8,PRJNA1008237,Lung Cancer,False,170,0.047058823529411764
SRX21460115,45,2,PRJNA1008237,Lung Cancer,False,170,0.011764705882352941
SRX21460115,5,3,PRJNA1008237,Lung Cancer,False,170,0.01764705882352941
SRX21460115,59,17,PRJNA1008237,Lung Cancer,False,170,0.1
SRX21460115,7,1,PRJNA1008237,Lung Cancer,False,170,0.0058823529411764705
SRX21460115,8,16,PRJNA1008237,Lung Cancer,False,170,0.09411764705882353
SRX21460115,9,8,PRJNA1008237,Lung Cancer,False,170,0.047058823529411764
SRX21460116,1,11,PRJNA1008237,Lung Cancer,False,148,0.07432432432432433
SRX21460116,14,1,PRJNA1008237,Lung Cancer,False,148,0.006756756756756757
SRX21460116,20,6,PRJNA1008237,Lung Cancer,False,148,0.04054054054054054
SRX21460116,21,1,PRJNA1008237,Lung Cancer,False,148,0.006756756756756757
SRX21460116,24,5,PRJNA1008237,Lung Cancer,False,148,0.033783783783783786
SRX21460116,26,1,PRJNA1008237,Lung Cancer,False,148,0.006756756756756757
SRX21460116,34,3,PRJNA1008237,Lung Cancer,False,148,0.02027027027027027
SRX21460116,36,13,PRJNA1008237,Lung Cancer,False,148,0.08783783783783784
SRX21460116,38,30,PRJNA1008237,Lung Cancer,False,148,0.20270270270270271
SRX21460116,4,13,PRJNA1008237,Lung Cancer,False,148,0.08783783783783784
SRX21460116,43,1,PRJNA1008237,Lung Cancer,False,148,0.006756756756756757
SRX21460116,44,5,PRJNA1008237,Lung Cancer,False,148,0.033783783783783786
SRX21460116,45,4,PRJNA1008237,Lung Cancer,False,148,0.02702702702702703
SRX21460116,5,7,PRJNA1008237,Lung Cancer,False,148,0.0472972972972973
SRX21460116,52,1,PRJNA1008237,Lung Cancer,False,148,0.006756756756756757
SRX21460116,59,24,PRJNA1008237,Lung Cancer,False,148,0.16216216216216217
SRX21460116,60,1,PRJNA1008237,Lung Cancer,False,148,0.006756756756756757
SRX21460116,8,10,PRJNA1008237,Lung Cancer,False,148,0.06756756756756757
SRX21460116,9,11,PRJNA1008237,Lung Cancer,False,148,0.07432432432432433
SRX21460117,1,9,PRJNA1008237,Lung Cancer,False,133,0.06766917293233082
SRX21460117,14,3,PRJNA1008237,Lung Cancer,False,133,0.022556390977443608
SRX21460117,20,13,PRJNA1008237,Lung Cancer,False,133,0.09774436090225563
SRX21460117,21,2,PRJNA1008237,Lung Cancer,False,133,0.015037593984962405
SRX21460117,24,3,PRJNA1008237,Lung Cancer,False,133,0.022556390977443608
SRX21460117,26,3,PRJNA1008237,Lung Cancer,False,133,0.022556390977443608
SRX21460117,36,10,PRJNA1008237,Lung Cancer,False,133,0.07518796992481203
SRX21460117,38,9,PRJNA1008237,Lung Cancer,False,133,0.06766917293233082
SRX21460117,4,4,PRJNA1008237,Lung Cancer,False,133,0.03007518796992481
SRX21460117,43,1,PRJNA1008237,Lung Cancer,False,133,0.007518796992481203
SRX21460117,44,1,PRJNA1008237,Lung Cancer,False,133,0.007518796992481203
SRX21460117,45,3,PRJNA1008237,Lung Cancer,False,133,0.022556390977443608
SRX21460117,5,3,PRJNA1008237,Lung Cancer,False,133,0.022556390977443608
SRX21460117,59,5,PRJNA1008237,Lung Cancer,False,133,0.03759398496240601
SRX21460117,60,1,PRJNA1008237,Lung Cancer,False,133,0.007518796992481203
SRX21460117,8,59,PRJNA1008237,Lung Cancer,False,133,0.44360902255639095
SRX21460117,9,4,PRJNA1008237,Lung Cancer,False,133,0.03007518796992481
SRX21460119,1,7,PRJNA1008237,Lung Cancer,False,136,0.051470588235294115
SRX21460119,14,1,PRJNA1008237,Lung Cancer,False,136,0.007352941176470588
SRX21460119,20,9,PRJNA1008237,Lung Cancer,False,136,0.0661764705882353
SRX21460119,21,11,PRJNA1008237,Lung Cancer,False,136,0.08088235294117647
SRX21460119,24,2,PRJNA1008237,Lung Cancer,False,136,0.014705882352941176
SRX21460119,26,1,PRJNA1008237,Lung Cancer,False,136,0.007352941176470588
SRX21460119,34,2,PRJNA1008237,Lung Cancer,False,136,0.014705882352941176
SRX21460119,36,11,PRJNA1008237,Lung Cancer,False,136,0.08088235294117647
SRX21460119,38,3,PRJNA1008237,Lung Cancer,False,136,0.022058823529411766
SRX21460119,4,1,PRJNA1008237,Lung Cancer,False,136,0.007352941176470588
SRX21460119,43,4,PRJNA1008237,Lung Cancer,False,136,0.029411764705882353
SRX21460119,44,8,PRJNA1008237,Lung Cancer,False,136,0.058823529411764705
SRX21460119,45,7,PRJNA1008237,Lung Cancer,False,136,0.051470588235294115
SRX21460119,5,16,PRJNA1008237,Lung Cancer,False,136,0.11764705882352941
SRX21460119,52,2,PRJNA1008237,Lung Cancer,False,136,0.014705882352941176
SRX21460119,59,18,PRJNA1008237,Lung Cancer,False,136,0.1323529411764706
SRX21460119,6,2,PRJNA1008237,Lung Cancer,False,136,0.014705882352941176
SRX21460119,60,1,PRJNA1008237,Lung Cancer,False,136,0.007352941176470588
SRX21460119,7,1,PRJNA1008237,Lung Cancer,False,136,0.007352941176470588
SRX21460119,8,16,PRJNA1008237,Lung Cancer,False,136,0.11764705882352941
SRX21460119,9,13,PRJNA1008237,Lung Cancer,False,136,0.09558823529411764
SRX21460120,1,3,PRJNA1008237,Lung Cancer,False,119,0.025210084033613446
SRX21460120,14,1,PRJNA1008237,Lung Cancer,False,119,0.008403361344537815
SRX21460120,20,7,PRJNA1008237,Lung Cancer,False,119,0.058823529411764705
SRX21460120,21,1,PRJNA1008237,Lung Cancer,False,119,0.008403361344537815
SRX21460120,24,2,PRJNA1008237,Lung Cancer,False,119,0.01680672268907563
SRX21460120,26,1,PRJNA1008237,Lung Cancer,False,119,0.008403361344537815
SRX21460120,34,4,PRJNA1008237,Lung Cancer,False,119,0.03361344537815126
SRX21460120,36,18,PRJNA1008237,Lung Cancer,False,119,0.15126050420168066
SRX21460120,38,31,PRJNA1008237,Lung Cancer,False,119,0.2605042016806723
SRX21460120,4,13,PRJNA1008237,Lung Cancer,False,119,0.1092436974789916
SRX21460120,44,3,PRJNA1008237,Lung Cancer,False,119,0.025210084033613446
SRX21460120,45,1,PRJNA1008237,Lung Cancer,False,119,0.008403361344537815
SRX21460120,5,2,PRJNA1008237,Lung Cancer,False,119,0.01680672268907563
SRX21460120,52,1,PRJNA1008237,Lung Cancer,False,119,0.008403361344537815
SRX21460120,59,16,PRJNA1008237,Lung Cancer,False,119,0.13445378151260504
SRX21460120,60,6,PRJNA1008237,Lung Cancer,False,119,0.05042016806722689
SRX21460120,8,7,PRJNA1008237,Lung Cancer,False,119,0.058823529411764705
SRX21460120,9,2,PRJNA1008237,Lung Cancer,False,119,0.01680672268907563
SRX21460121,1,13,PRJNA1008237,Lung Cancer,False,68,0.19117647058823528
SRX21460121,14,1,PRJNA1008237,Lung Cancer,False,68,0.014705882352941176
SRX21460121,2,1,PRJNA1008237,Lung Cancer,False,68,0.014705882352941176
SRX21460121,20,10,PRJNA1008237,Lung Cancer,False,68,0.14705882352941177
SRX21460121,24,2,PRJNA1008237,Lung Cancer,False,68,0.029411764705882353
SRX21460121,3,1,PRJNA1008237,Lung Cancer,False,68,0.014705882352941176
SRX21460121,34,8,PRJNA1008237,Lung Cancer,False,68,0.11764705882352941
SRX21460121,36,2,PRJNA1008237,Lung Cancer,False,68,0.029411764705882353
SRX21460121,38,4,PRJNA1008237,Lung Cancer,False,68,0.058823529411764705
SRX21460121,4,6,PRJNA1008237,Lung Cancer,False,68,0.08823529411764706
SRX21460121,44,1,PRJNA1008237,Lung Cancer,False,68,0.014705882352941176
SRX21460121,52,1,PRJNA1008237,Lung Cancer,False,68,0.014705882352941176
SRX21460121,59,3,PRJNA1008237,Lung Cancer,False,68,0.04411764705882353
SRX21460121,6,1,PRJNA1008237,Lung Cancer,False,68,0.014705882352941176
SRX21460121,60,2,PRJNA1008237,Lung Cancer,False,68,0.029411764705882353
SRX21460121,8,11,PRJNA1008237,Lung Cancer,False,68,0.16176470588235295
SRX21460121,9,1,PRJNA1008237,Lung Cancer,False,68,0.014705882352941176
SRX21897874,1,46,PRJNA1021137,Lung Cancer,True,66,0.696969696969697
SRX21897874,21,3,PRJNA1021137,Lung Cancer,True,66,0.045454545454545456
SRX21897874,4,6,PRJNA1021137,Lung Cancer,True,66,0.09090909090909091
SRX21897874,5,11,PRJNA1021137,Lung Cancer,True,66,0.16666666666666666
SRX21897876,1,83,PRJNA1021137,Lung Cancer,True,119,0.6974789915966386
SRX21897876,17,1,PRJNA1021137,Lung Cancer,True,119,0.008403361344537815
SRX21897876,21,7,PRJNA1021137,Lung Cancer,True,119,0.058823529411764705
SRX21897876,4,3,PRJNA1021137,Lung Cancer,True,119,0.025210084033613446
SRX21897876,5,25,PRJNA1021137,Lung Cancer,True,119,0.21008403361344538
SRX22226492,1,8,PRJNA1032112,COVID-19 / SARS-CoV-2,True,40,0.2
SRX22226492,10,7,PRJNA1032112,COVID-19 / SARS-CoV-2,True,40,0.175
SRX22226492,13,1,PRJNA1032112,COVID-19 / SARS-CoV-2,True,40,0.025
SRX22226492,14,1,PRJNA1032112,COVID-19 / SARS-CoV-2,True,40,0.025
SRX22226492,17,1,PRJNA1032112,COVID-19 / SARS-CoV-2,True,40,0.025
SRX22226492,20,1,PRJNA1032112,COVID-19 / SARS-CoV-2,True,40,0.025
SRX22226492,21,2,PRJNA1032112,COVID-19 / SARS-CoV-2,True,40,0.05
SRX22226492,23,1,PRJNA1032112,COVID-19 / SARS-CoV-2,True,40,0.025
SRX22226492,24,1,PRJNA1032112,COVID-19 / SARS-CoV-2,True,40,0.025
SRX22226492,26,2,PRJNA1032112,COVID-19 / SARS-CoV-2,True,40,0.05
SRX22226492,34,1,PRJNA1032112,COVID-19 / SARS-CoV-2,True,40,0.025
SRX22226492,36,5,PRJNA1032112,COVID-19 / SARS-CoV-2,True,40,0.125
SRX22226492,4,3,PRJNA1032112,COVID-19 / SARS-CoV-2,True,40,0.075
SRX22226492,45,1,PRJNA1032112,COVID-19 / SARS-CoV-2,True,40,0.025
SRX22226492,5,1,PRJNA1032112,COVID-19 / SARS-CoV-2,True,40,0.025
SRX22226492,59,1,PRJNA1032112,COVID-19 / SARS-CoV-2,True,40,0.025
SRX22226492,6,2,PRJNA1032112,COVID-19 / SARS-CoV-2,True,40,0.05
SRX22226492,9,1,PRJNA1032112,COVID-19 / SARS-CoV-2,True,40,0.025
SRX22226494,1,3,PRJNA1032112,COVID-19 / SARS-CoV-2,True,35,0.08571428571428572
SRX22226494,10,3,PRJNA1032112,COVID-19 / SARS-CoV-2,True,35,0.08571428571428572
SRX22226494,14,3,PRJNA1032112,COVID-19 / SARS-CoV-2,True,35,0.08571428571428572
SRX22226494,17,1,PRJNA1032112,COVID-19 / SARS-CoV-2,True,35,0.02857142857142857
SRX22226494,21,3,PRJNA1032112,COVID-19 / SARS-CoV-2,True,35,0.08571428571428572
SRX22226494,34,1,PRJNA1032112,COVID-19 / SARS-CoV-2,True,35,0.02857142857142857
SRX22226494,36,4,PRJNA1032112,COVID-19 / SARS-CoV-2,True,35,0.11428571428571428
SRX22226494,4,8,PRJNA1032112,COVID-19 / SARS-CoV-2,True,35,0.22857142857142856
SRX22226494,5,6,PRJNA1032112,COVID-19 / SARS-CoV-2,True,35,0.17142857142857143
SRX22226494,59,1,PRJNA1032112,COVID-19 / SARS-CoV-2,True,35,0.02857142857142857
SRX22226494,7,1,PRJNA1032112,COVID-19 / SARS-CoV-2,True,35,0.02857142857142857
SRX22226494,8,1,PRJNA1032112,COVID-19 / SARS-CoV-2,True,35,0.02857142857142857
SRX22226496,1,7,PRJNA1032112,COVID-19 / SARS-CoV-2,True,45,0.15555555555555556
SRX22226496,10,2,PRJNA1032112,COVID-19 / SARS-CoV-2,True,45,0.044444444444444446
SRX22226496,17,2,PRJNA1032112,COVID-19 / SARS-CoV-2,True,45,0.044444444444444446
SRX22226496,20,2,PRJNA1032112,COVID-19 / SARS-CoV-2,True,45,0.044444444444444446
SRX22226496,21,3,PRJNA1032112,COVID-19 / SARS-CoV-2,True,45,0.06666666666666667
SRX22226496,23,3,PRJNA1032112,COVID-19 / SARS-CoV-2,True,45,0.06666666666666667
SRX22226496,24,1,PRJNA1032112,COVID-19 / SARS-CoV-2,True,45,0.022222222222222223
SRX22226496,31,1,PRJNA1032112,COVID-19 / SARS-CoV-2,True,45,0.022222222222222223
SRX22226496,36,3,PRJNA1032112,COVID-19 / SARS-CoV-2,True,45,0.06666666666666667
SRX22226496,39,5,PRJNA1032112,COVID-19 / SARS-CoV-2,True,45,0.1111111111111111
SRX22226496,4,8,PRJNA1032112,COVID-19 / SARS-CoV-2,True,45,0.17777777777777778
SRX22226496,45,1,PRJNA1032112,COVID-19 / SARS-CoV-2,True,45,0.022222222222222223
SRX22226496,5,3,PRJNA1032112,COVID-19 / SARS-CoV-2,True,45,0.06666666666666667
SRX22226496,6,1,PRJNA1032112,COVID-19 / SARS-CoV-2,True,45,0.022222222222222223
SRX22226496,9,3,PRJNA1032112,COVID-19 / SARS-CoV-2,True,45,0.06666666666666667
SRX22226498,1,4,PRJNA1032112,COVID-19 / SARS-CoV-2,True,27,0.14814814814814814
SRX22226498,10,2,PRJNA1032112,COVID-19 / SARS-CoV-2,True,27,0.07407407407407407
SRX22226498,14,2,PRJNA1032112,COVID-19 / SARS-CoV-2,True,27,0.07407407407407407
SRX22226498,21,1,PRJNA1032112,COVID-19 / SARS-CoV-2,True,27,0.037037037037037035
SRX22226498,23,2,PRJNA1032112,COVID-19 / SARS-CoV-2,True,27,0.07407407407407407
SRX22226498,24,1,PRJNA1032112,COVID-19 / SARS-CoV-2,True,27,0.037037037037037035
SRX22226498,26,1,PRJNA1032112,COVID-19 / SARS-CoV-2,True,27,0.037037037037037035
SRX22226498,36,2,PRJNA1032112,COVID-19 / SARS-CoV-2,True,27,0.07407407407407407
SRX22226498,39,4,PRJNA1032112,COVID-19 / SARS-CoV-2,True,27,0.14814814814814814
SRX22226498,4,1,PRJNA1032112,COVID-19 / SARS-CoV-2,True,27,0.037037037037037035
SRX22226498,45,1,PRJNA1032112,COVID-19 / SARS-CoV-2,True,27,0.037037037037037035
SRX22226498,5,5,PRJNA1032112,COVID-19 / SARS-CoV-2,True,27,0.18518518518518517
SRX22226498,8,1,PRJNA1032112,COVID-19 / SARS-CoV-2,True,27,0.037037037037037035
SRX22226500,1,3,PRJNA1032112,COVID-19 / SARS-CoV-2,True,15,0.2
SRX22226500,14,2,PRJNA1032112,COVID-19 / SARS-CoV-2,True,15,0.13333333333333333
SRX22226500,21,1,PRJNA1032112,COVID-19 / SARS-CoV-2,True,15,0.06666666666666667
SRX22226500,34,1,PRJNA1032112,COVID-19 / SARS-CoV-2,True,15,0.06666666666666667
SRX22226500,36,2,PRJNA1032112,COVID-19 / SARS-CoV-2,True,15,0.13333333333333333
SRX22226500,5,2,PRJNA1032112,COVID-19 / SARS-CoV-2,True,15,0.13333333333333333
SRX22226500,59,1,PRJNA1032112,COVID-19 / SARS-CoV-2,True,15,0.06666666666666667
SRX22226500,8,2,PRJNA1032112,COVID-19 / SARS-CoV-2,True,15,0.13333333333333333
SRX22226500,9,1,PRJNA1032112,COVID-19 / SARS-CoV-2,True,15,0.06666666666666667
SRX22226501,21,4,PRJNA1032112,COVID-19 / SARS-CoV-2,True,6,0.6666666666666666
SRX22226501,36,1,PRJNA1032112,COVID-19 / SARS-CoV-2,True,6,0.16666666666666666
SRX22226501,60,1,PRJNA1032112,COVID-19 / SARS-CoV-2,True,6,0.16666666666666666
SRX22226502,0,6,PRJNA1032112,COVID-19 / SARS-CoV-2,True,37,0.16216216216216217
SRX22226502,1,1,PRJNA1032112,COVID-19 / SARS-CoV-2,True,37,0.02702702702702703
SRX22226502,14,3,PRJNA1032112,COVID-19 / SARS-CoV-2,True,37,0.08108108108108109
SRX22226502,21,18,PRJNA1032112,COVID-19 / SARS-CoV-2,True,37,0.4864864864864865
SRX22226502,24,2,PRJNA1032112,COVID-19 / SARS-CoV-2,True,37,0.05405405405405406
SRX22226502,31,1,PRJNA1032112,COVID-19 / SARS-CoV-2,True,37,0.02702702702702703
SRX22226502,36,3,PRJNA1032112,COVID-19 / SARS-CoV-2,True,37,0.08108108108108109
SRX22226502,4,1,PRJNA1032112,COVID-19 / SARS-CoV-2,True,37,0.02702702702702703
SRX22226502,5,1,PRJNA1032112,COVID-19 / SARS-CoV-2,True,37,0.02702702702702703
SRX22226502,52,1,PRJNA1032112,COVID-19 / SARS-CoV-2,True,37,0.02702702702702703
SRX22226504,1,2,PRJNA1032112,COVID-19 / SARS-CoV-2,True,21,0.09523809523809523
SRX22226504,13,1,PRJNA1032112,COVID-19 / SARS-CoV-2,True,21,0.047619047619047616
SRX22226504,14,2,PRJNA1032112,COVID-19 / SARS-CoV-2,True,21,0.09523809523809523
SRX22226504,21,3,PRJNA1032112,COVID-19 / SARS-CoV-2,True,21,0.14285714285714285
SRX22226504,34,2,PRJNA1032112,COVID-19 / SARS-CoV-2,True,21,0.09523809523809523
SRX22226504,36,2,PRJNA1032112,COVID-19 / SARS-CoV-2,True,21,0.09523809523809523
SRX22226504,39,1,PRJNA1032112,COVID-19 / SARS-CoV-2,True,21,0.047619047619047616
SRX22226504,4,3,PRJNA1032112,COVID-19 / SARS-CoV-2,True,21,0.14285714285714285
SRX22226504,45,1,PRJNA1032112,COVID-19 / SARS-CoV-2,True,21,0.047619047619047616
SRX22226504,5,1,PRJNA1032112,COVID-19 / SARS-CoV-2,True,21,0.047619047619047616
SRX22226504,60,2,PRJNA1032112,COVID-19 / SARS-CoV-2,True,21,0.09523809523809523
SRX22226504,9,1,PRJNA1032112,COVID-19 / SARS-CoV-2,True,21,0.047619047619047616
SRX22226505,1,1,PRJNA1032112,COVID-19 / SARS-CoV-2,True,49,0.02040816326530612
SRX22226505,14,3,PRJNA1032112,COVID-19 / SARS-CoV-2,True,49,0.061224489795918366
SRX22226505,21,4,PRJNA1032112,COVID-19 / SARS-CoV-2,True,49,0.08163265306122448
SRX22226505,26,24,PRJNA1032112,COVID-19 / SARS-CoV-2,True,49,0.4897959183673469
SRX22226505,31,1,PRJNA1032112,COVID-19 / SARS-CoV-2,True,49,0.02040816326530612
SRX22226505,36,3,PRJNA1032112,COVID-19 / SARS-CoV-2,True,49,0.061224489795918366
SRX22226505,4,2,PRJNA1032112,COVID-19 / SARS-CoV-2,True,49,0.04081632653061224
SRX22226505,43,2,PRJNA1032112,COVID-19 / SARS-CoV-2,True,49,0.04081632653061224
SRX22226505,45,1,PRJNA1032112,COVID-19 / SARS-CoV-2,True,49,0.02040816326530612
SRX22226505,5,1,PRJNA1032112,COVID-19 / SARS-CoV-2,True,49,0.02040816326530612
SRX22226505,6,1,PRJNA1032112,COVID-19 / SARS-CoV-2,True,49,0.02040816326530612
SRX22226505,60,1,PRJNA1032112,COVID-19 / SARS-CoV-2,True,49,0.02040816326530612
SRX22226505,9,5,PRJNA1032112,COVID-19 / SARS-CoV-2,True,49,0.10204081632653061
SRX22538049,17,1,PRJNA1010235,Other,False,87,0.011494252873563218
SRX22538049,20,14,PRJNA1010235,Other,False,87,0.16091954022988506
SRX22538049,21,8,PRJNA1010235,Other,False,87,0.09195402298850575
SRX22538049,23,12,PRJNA1010235,Other,False,87,0.13793103448275862
SRX22538049,31,27,PRJNA1010235,Other,False,87,0.3103448275862069
SRX22538049,43,7,PRJNA1010235,Other,False,87,0.08045977011494253
SRX22538049,44,9,PRJNA1010235,Other,False,87,0.10344827586206896
SRX22538049,45,9,PRJNA1010235,Other,False,87,0.10344827586206896
SRX22556482,17,1,PRJNA1041762,IPF / Pulmonary Fibrosis,True,9,0.1111111111111111
SRX22556482,36,7,PRJNA1041762,IPF / Pulmonary Fibrosis,True,9,0.7777777777777778
SRX22556482,59,1,PRJNA1041762,IPF / Pulmonary Fibrosis,True,9,0.1111111111111111
SRX22556483,14,1,PRJNA1041762,IPF / Pulmonary Fibrosis,True,2,0.5
SRX22556483,36,1,PRJNA1041762,IPF / Pulmonary Fibrosis,True,2,0.5
SRX22556484,17,3,PRJNA1041762,IPF / Pulmonary Fibrosis,True,13,0.23076923076923078
SRX22556484,31,3,PRJNA1041762,IPF / Pulmonary Fibrosis,True,13,0.23076923076923078
SRX22556484,36,5,PRJNA1041762,IPF / Pulmonary Fibrosis,True,13,0.38461538461538464
SRX22556484,52,1,PRJNA1041762,IPF / Pulmonary Fibrosis,True,13,0.07692307692307693
SRX22556484,59,1,PRJNA1041762,IPF / Pulmonary Fibrosis,True,13,0.07692307692307693
SRX22556485,21,1,PRJNA1041762,IPF / Pulmonary Fibrosis,,10,0.1
SRX22556485,31,1,PRJNA1041762,IPF / Pulmonary Fibrosis,,10,0.1
SRX22556485,36,3,PRJNA1041762,IPF / Pulmonary Fibrosis,,10,0.3
SRX22556485,52,3,PRJNA1041762,IPF / Pulmonary Fibrosis,,10,0.3
SRX22556485,59,2,PRJNA1041762,IPF / Pulmonary Fibrosis,,10,0.2
SRX22558193,0,1,PRJNA1041779,Other,False,14,0.07142857142857142
SRX22558193,1,1,PRJNA1041779,Other,False,14,0.07142857142857142
SRX22558193,14,2,PRJNA1041779,Other,False,14,0.14285714285714285
SRX22558193,20,2,PRJNA1041779,Other,False,14,0.14285714285714285
SRX22558193,21,3,PRJNA1041779,Other,False,14,0.21428571428571427
SRX22558193,31,1,PRJNA1041779,Other,False,14,0.07142857142857142
SRX22558193,45,2,PRJNA1041779,Other,False,14,0.14285714285714285
SRX22558193,5,2,PRJNA1041779,Other,False,14,0.14285714285714285
SRX22834774,0,1,PRJNA1050266,Lung Cancer,True,16,0.0625
SRX22834774,1,4,PRJNA1050266,Lung Cancer,True,16,0.25
SRX22834774,17,2,PRJNA1050266,Lung Cancer,True,16,0.125
SRX22834774,21,2,PRJNA1050266,Lung Cancer,True,16,0.125
SRX22834774,26,2,PRJNA1050266,Lung Cancer,True,16,0.125
SRX22834774,4,1,PRJNA1050266,Lung Cancer,True,16,0.0625
SRX22834774,5,2,PRJNA1050266,Lung Cancer,True,16,0.125
SRX22834774,52,1,PRJNA1050266,Lung Cancer,True,16,0.0625
SRX22834774,9,1,PRJNA1050266,Lung Cancer,True,16,0.0625
SRX22836419,14,1,PRJNA1050294,Other,False,41,0.024390243902439025
SRX22836419,17,7,PRJNA1050294,Other,False,41,0.17073170731707318
SRX22836419,20,15,PRJNA1050294,Other,False,41,0.36585365853658536
SRX22836419,23,5,PRJNA1050294,Other,False,41,0.12195121951219512
SRX22836419,31,6,PRJNA1050294,Other,False,41,0.14634146341463414
SRX22836419,43,1,PRJNA1050294,Other,False,41,0.024390243902439025
SRX22836419,44,1,PRJNA1050294,Other,False,41,0.024390243902439025
SRX22836419,45,3,PRJNA1050294,Other,False,41,0.07317073170731707
SRX22836419,52,2,PRJNA1050294,Other,False,41,0.04878048780487805
SRX22996309,1,2,PRJNA1055415,Lung Cancer,True,28,0.07142857142857142
SRX22996309,20,1,PRJNA1055415,Lung Cancer,True,28,0.03571428571428571
SRX22996309,24,2,PRJNA1055415,Lung Cancer,True,28,0.07142857142857142
SRX22996309,26,1,PRJNA1055415,Lung Cancer,True,28,0.03571428571428571
SRX22996309,34,4,PRJNA1055415,Lung Cancer,True,28,0.14285714285714285
SRX22996309,38,1,PRJNA1055415,Lung Cancer,True,28,0.03571428571428571
SRX22996309,4,5,PRJNA1055415,Lung Cancer,True,28,0.17857142857142858
SRX22996309,5,6,PRJNA1055415,Lung Cancer,True,28,0.21428571428571427
SRX22996309,8,3,PRJNA1055415,Lung Cancer,True,28,0.10714285714285714
SRX22996309,9,3,PRJNA1055415,Lung Cancer,True,28,0.10714285714285714
SRX22996310,0,1,PRJNA1055415,Lung Cancer,True,40,0.025
SRX22996310,1,4,PRJNA1055415,Lung Cancer,True,40,0.1
SRX22996310,20,1,PRJNA1055415,Lung Cancer,True,40,0.025
SRX22996310,24,4,PRJNA1055415,Lung Cancer,True,40,0.1
SRX22996310,26,1,PRJNA1055415,Lung Cancer,True,40,0.025
SRX22996310,34,4,PRJNA1055415,Lung Cancer,True,40,0.1
SRX22996310,36,1,PRJNA1055415,Lung Cancer,True,40,0.025
SRX22996310,38,1,PRJNA1055415,Lung Cancer,True,40,0.025
SRX22996310,4,6,PRJNA1055415,Lung Cancer,True,40,0.15
SRX22996310,43,1,PRJNA1055415,Lung Cancer,True,40,0.025
SRX22996310,44,1,PRJNA1055415,Lung Cancer,True,40,0.025
SRX22996310,5,5,PRJNA1055415,Lung Cancer,True,40,0.125
SRX22996310,59,1,PRJNA1055415,Lung Cancer,True,40,0.025
SRX22996310,8,2,PRJNA1055415,Lung Cancer,True,40,0.05
SRX22996310,9,7,PRJNA1055415,Lung Cancer,True,40,0.175
SRX22996311,1,6,PRJNA1055415,Lung Cancer,True,38,0.15789473684210525
SRX22996311,20,1,PRJNA1055415,Lung Cancer,True,38,0.02631578947368421
SRX22996311,24,1,PRJNA1055415,Lung Cancer,True,38,0.02631578947368421
SRX22996311,34,3,PRJNA1055415,Lung Cancer,True,38,0.07894736842105263
SRX22996311,36,3,PRJNA1055415,Lung Cancer,True,38,0.07894736842105263
SRX22996311,4,10,PRJNA1055415,Lung Cancer,True,38,0.2631578947368421
SRX22996311,43,1,PRJNA1055415,Lung Cancer,True,38,0.02631578947368421
SRX22996311,44,4,PRJNA1055415,Lung Cancer,True,38,0.10526315789473684
SRX22996311,5,2,PRJNA1055415,Lung Cancer,True,38,0.05263157894736842
SRX22996311,59,2,PRJNA1055415,Lung Cancer,True,38,0.05263157894736842
SRX22996311,9,5,PRJNA1055415,Lung Cancer,True,38,0.13157894736842105
SRX22996312,0,1,PRJNA1055415,Lung Cancer,True,34,0.029411764705882353
SRX22996312,1,6,PRJNA1055415,Lung Cancer,True,34,0.17647058823529413
SRX22996312,13,2,PRJNA1055415,Lung Cancer,True,34,0.058823529411764705
SRX22996312,14,1,PRJNA1055415,Lung Cancer,True,34,0.029411764705882353
SRX22996312,20,2,PRJNA1055415,Lung Cancer,True,34,0.058823529411764705
SRX22996312,24,6,PRJNA1055415,Lung Cancer,True,34,0.17647058823529413
SRX22996312,26,3,PRJNA1055415,Lung Cancer,True,34,0.08823529411764706
SRX22996312,34,1,PRJNA1055415,Lung Cancer,True,34,0.029411764705882353
SRX22996312,44,1,PRJNA1055415,Lung Cancer,True,34,0.029411764705882353
SRX22996312,5,3,PRJNA1055415,Lung Cancer,True,34,0.08823529411764706
SRX22996312,6,2,PRJNA1055415,Lung Cancer,True,34,0.058823529411764705
SRX22996312,60,2,PRJNA1055415,Lung Cancer,True,34,0.058823529411764705
SRX22996312,9,4,PRJNA1055415,Lung Cancer,True,34,0.11764705882352941
SRX22996313,1,19,PRJNA1055415,Lung Cancer,True,49,0.3877551020408163
SRX22996313,13,2,PRJNA1055415,Lung Cancer,True,49,0.04081632653061224
SRX22996313,24,2,PRJNA1055415,Lung Cancer,True,49,0.04081632653061224
SRX22996313,26,5,PRJNA1055415,Lung Cancer,True,49,0.10204081632653061
SRX22996313,34,1,PRJNA1055415,Lung Cancer,True,49,0.02040816326530612
SRX22996313,38,1,PRJNA1055415,Lung Cancer,True,49,0.02040816326530612
SRX22996313,4,3,PRJNA1055415,Lung Cancer,True,49,0.061224489795918366
SRX22996313,5,7,PRJNA1055415,Lung Cancer,True,49,0.14285714285714285
SRX22996313,6,1,PRJNA1055415,Lung Cancer,True,49,0.02040816326530612
SRX22996313,9,8,PRJNA1055415,Lung Cancer,True,49,0.16326530612244897
SRX22996314,1,4,PRJNA1055415,Lung Cancer,True,38,0.10526315789473684
SRX22996314,17,1,PRJNA1055415,Lung Cancer,True,38,0.02631578947368421
SRX22996314,24,1,PRJNA1055415,Lung Cancer,True,38,0.02631578947368421
SRX22996314,26,2,PRJNA1055415,Lung Cancer,True,38,0.05263157894736842
SRX22996314,34,3,PRJNA1055415,Lung Cancer,True,38,0.07894736842105263
SRX22996314,38,2,PRJNA1055415,Lung Cancer,True,38,0.05263157894736842
SRX22996314,4,6,PRJNA1055415,Lung Cancer,True,38,0.15789473684210525
SRX22996314,44,2,PRJNA1055415,Lung Cancer,True,38,0.05263157894736842
SRX22996314,5,1,PRJNA1055415,Lung Cancer,True,38,0.02631578947368421
SRX22996314,6,1,PRJNA1055415,Lung Cancer,True,38,0.02631578947368421
SRX22996314,8,2,PRJNA1055415,Lung Cancer,True,38,0.05263157894736842
SRX22996314,9,13,PRJNA1055415,Lung Cancer,True,38,0.34210526315789475
SRX22996315,1,14,PRJNA1055415,Lung Cancer,True,58,0.2413793103448276
SRX22996315,13,1,PRJNA1055415,Lung Cancer,True,58,0.017241379310344827
SRX22996315,21,1,PRJNA1055415,Lung Cancer,True,58,0.017241379310344827
SRX22996315,24,3,PRJNA1055415,Lung Cancer,True,58,0.05172413793103448
SRX22996315,26,3,PRJNA1055415,Lung Cancer,True,58,0.05172413793103448
SRX22996315,34,1,PRJNA1055415,Lung Cancer,True,58,0.017241379310344827
SRX22996315,4,3,PRJNA1055415,Lung Cancer,True,58,0.05172413793103448
SRX22996315,43,1,PRJNA1055415,Lung Cancer,True,58,0.017241379310344827
SRX22996315,44,1,PRJNA1055415,Lung Cancer,True,58,0.017241379310344827
SRX22996315,5,19,PRJNA1055415,Lung Cancer,True,58,0.3275862068965517
SRX22996315,9,11,PRJNA1055415,Lung Cancer,True,58,0.1896551724137931
SRX22996316,1,12,PRJNA1055415,Lung Cancer,True,59,0.2033898305084746
SRX22996316,20,2,PRJNA1055415,Lung Cancer,True,59,0.03389830508474576
SRX22996316,24,3,PRJNA1055415,Lung Cancer,True,59,0.05084745762711865
SRX22996316,26,5,PRJNA1055415,Lung Cancer,True,59,0.0847457627118644
SRX22996316,34,3,PRJNA1055415,Lung Cancer,True,59,0.05084745762711865
SRX22996316,4,5,PRJNA1055415,Lung Cancer,True,59,0.0847457627118644
SRX22996316,44,2,PRJNA1055415,Lung Cancer,True,59,0.03389830508474576
SRX22996316,5,15,PRJNA1055415,Lung Cancer,True,59,0.2542372881355932
SRX22996316,9,12,PRJNA1055415,Lung Cancer,True,59,0.2033898305084746
SRX22996317,0,2,PRJNA1055415,Lung Cancer,True,35,0.05714285714285714
SRX22996317,1,6,PRJNA1055415,Lung Cancer,True,35,0.17142857142857143
SRX22996317,20,1,PRJNA1055415,Lung Cancer,True,35,0.02857142857142857
SRX22996317,23,4,PRJNA1055415,Lung Cancer,True,35,0.11428571428571428
SRX22996317,3,1,PRJNA1055415,Lung Cancer,True,35,0.02857142857142857
SRX22996317,36,1,PRJNA1055415,Lung Cancer,True,35,0.02857142857142857
SRX22996317,4,2,PRJNA1055415,Lung Cancer,True,35,0.05714285714285714
SRX22996317,5,2,PRJNA1055415,Lung Cancer,True,35,0.05714285714285714
SRX22996317,6,10,PRJNA1055415,Lung Cancer,True,35,0.2857142857142857
SRX22996317,8,3,PRJNA1055415,Lung Cancer,True,35,0.08571428571428572
SRX22996317,9,3,PRJNA1055415,Lung Cancer,True,35,0.08571428571428572
SRX22996318,0,2,PRJNA1055415,Lung Cancer,True,40,0.05
SRX22996318,1,9,PRJNA1055415,Lung Cancer,True,40,0.225
SRX22996318,23,6,PRJNA1055415,Lung Cancer,True,40,0.15
SRX22996318,26,1,PRJNA1055415,Lung Cancer,True,40,0.025
SRX22996318,3,1,PRJNA1055415,Lung Cancer,True,40,0.025
SRX22996318,36,1,PRJNA1055415,Lung Cancer,True,40,0.025
SRX22996318,4,6,PRJNA1055415,Lung Cancer,True,40,0.15
SRX22996318,5,1,PRJNA1055415,Lung Cancer,True,40,0.025
SRX22996318,6,10,PRJNA1055415,Lung Cancer,True,40,0.25
SRX22996318,8,3,PRJNA1055415,Lung Cancer,True,40,0.075
SRX22996319,0,3,PRJNA1055415,Lung Cancer,True,40,0.075
SRX22996319,1,10,PRJNA1055415,Lung Cancer,True,40,0.25
SRX22996319,23,5,PRJNA1055415,Lung Cancer,True,40,0.125
SRX22996319,36,1,PRJNA1055415,Lung Cancer,True,40,0.025
SRX22996319,4,2,PRJNA1055415,Lung Cancer,True,40,0.05
SRX22996319,5,2,PRJNA1055415,Lung Cancer,True,40,0.05
SRX22996319,6,14,PRJNA1055415,Lung Cancer,True,40,0.35
SRX22996319,8,2,PRJNA1055415,Lung Cancer,True,40,0.05
SRX22996319,9,1,PRJNA1055415,Lung Cancer,True,40,0.025
SRX22996320,0,4,PRJNA1055415,Lung Cancer,True,39,0.10256410256410256
SRX22996320,1,10,PRJNA1055415,Lung Cancer,True,39,0.2564102564102564
SRX22996320,21,1,PRJNA1055415,Lung Cancer,True,39,0.02564102564102564
SRX22996320,23,4,PRJNA1055415,Lung Cancer,True,39,0.10256410256410256
SRX22996320,24,1,PRJNA1055415,Lung Cancer,True,39,0.02564102564102564
SRX22996320,4,5,PRJNA1055415,Lung Cancer,True,39,0.1282051282051282
SRX22996320,6,9,PRJNA1055415,Lung Cancer,True,39,0.23076923076923078
SRX22996320,8,4,PRJNA1055415,Lung Cancer,True,39,0.10256410256410256
SRX22996320,9,1,PRJNA1055415,Lung Cancer,True,39,0.02564102564102564
SRX22996322,0,1,PRJNA1055415,Lung Cancer,True,27,0.037037037037037035
SRX22996322,1,3,PRJNA1055415,Lung Cancer,True,27,0.1111111111111111
SRX22996322,14,1,PRJNA1055415,Lung Cancer,True,27,0.037037037037037035
SRX22996322,20,2,PRJNA1055415,Lung Cancer,True,27,0.07407407407407407
SRX22996322,24,4,PRJNA1055415,Lung Cancer,True,27,0.14814814814814814
SRX22996322,26,5,PRJNA1055415,Lung Cancer,True,27,0.18518518518518517
SRX22996322,34,1,PRJNA1055415,Lung Cancer,True,27,0.037037037037037035
SRX22996322,4,1,PRJNA1055415,Lung Cancer,True,27,0.037037037037037035
SRX22996322,43,1,PRJNA1055415,Lung Cancer,True,27,0.037037037037037035
SRX22996322,44,1,PRJNA1055415,Lung Cancer,True,27,0.037037037037037035
SRX22996322,5,1,PRJNA1055415,Lung Cancer,True,27,0.037037037037037035
SRX22996322,6,1,PRJNA1055415,Lung Cancer,True,27,0.037037037037037035
SRX22996322,9,5,PRJNA1055415,Lung Cancer,True,27,0.18518518518518517
SRX22996323,1,7,PRJNA1055415,Lung Cancer,True,27,0.25925925925925924
SRX22996323,13,1,PRJNA1055415,Lung Cancer,True,27,0.037037037037037035
SRX22996323,24,2,PRJNA1055415,Lung Cancer,True,27,0.07407407407407407
SRX22996323,26,1,PRJNA1055415,Lung Cancer,True,27,0.037037037037037035
SRX22996323,3,1,PRJNA1055415,Lung Cancer,True,27,0.037037037037037035
SRX22996323,34,2,PRJNA1055415,Lung Cancer,True,27,0.07407407407407407
SRX22996323,4,5,PRJNA1055415,Lung Cancer,True,27,0.18518518518518517
SRX22996323,5,4,PRJNA1055415,Lung Cancer,True,27,0.14814814814814814
SRX22996323,6,1,PRJNA1055415,Lung Cancer,True,27,0.037037037037037035
SRX22996323,8,2,PRJNA1055415,Lung Cancer,True,27,0.07407407407407407
SRX22996323,9,1,PRJNA1055415,Lung Cancer,True,27,0.037037037037037035
SRX22996325,0,1,PRJNA1055415,Lung Cancer,True,29,0.034482758620689655
SRX22996325,1,13,PRJNA1055415,Lung Cancer,True,29,0.4482758620689655
SRX22996325,20,2,PRJNA1055415,Lung Cancer,True,29,0.06896551724137931
SRX22996325,21,1,PRJNA1055415,Lung Cancer,True,29,0.034482758620689655
SRX22996325,26,1,PRJNA1055415,Lung Cancer,True,29,0.034482758620689655
SRX22996325,36,3,PRJNA1055415,Lung Cancer,True,29,0.10344827586206896
SRX22996325,5,3,PRJNA1055415,Lung Cancer,True,29,0.10344827586206896
SRX22996325,6,3,PRJNA1055415,Lung Cancer,True,29,0.10344827586206896
SRX22996325,8,2,PRJNA1055415,Lung Cancer,True,29,0.06896551724137931
SRX22996327,0,1,PRJNA1055415,Lung Cancer,True,38,0.02631578947368421
SRX22996327,1,12,PRJNA1055415,Lung Cancer,True,38,0.3157894736842105
SRX22996327,14,4,PRJNA1055415,Lung Cancer,True,38,0.10526315789473684
SRX22996327,20,1,PRJNA1055415,Lung Cancer,True,38,0.02631578947368421
SRX22996327,21,3,PRJNA1055415,Lung Cancer,True,38,0.07894736842105263
SRX22996327,26,1,PRJNA1055415,Lung Cancer,True,38,0.02631578947368421
SRX22996327,36,1,PRJNA1055415,Lung Cancer,True,38,0.02631578947368421
SRX22996327,5,4,PRJNA1055415,Lung Cancer,True,38,0.10526315789473684
SRX22996327,6,6,PRJNA1055415,Lung Cancer,True,38,0.15789473684210525
SRX22996327,60,1,PRJNA1055415,Lung Cancer,True,38,0.02631578947368421
SRX22996327,8,4,PRJNA1055415,Lung Cancer,True,38,0.10526315789473684
SRX22996328,0,8,PRJNA1055415,Lung Cancer,True,38,0.21052631578947367
SRX22996328,1,6,PRJNA1055415,Lung Cancer,True,38,0.15789473684210525
SRX22996328,23,1,PRJNA1055415,Lung Cancer,True,38,0.02631578947368421
SRX22996328,24,1,PRJNA1055415,Lung Cancer,True,38,0.02631578947368421
SRX22996328,26,8,PRJNA1055415,Lung Cancer,True,38,0.21052631578947367
SRX22996328,34,1,PRJNA1055415,Lung Cancer,True,38,0.02631578947368421
SRX22996328,4,1,PRJNA1055415,Lung Cancer,True,38,0.02631578947368421
SRX22996328,5,2,PRJNA1055415,Lung Cancer,True,38,0.05263157894736842
SRX22996328,6,8,PRJNA1055415,Lung Cancer,True,38,0.21052631578947367
SRX22996328,8,2,PRJNA1055415,Lung Cancer,True,38,0.05263157894736842
SRX22996329,0,2,PRJNA1055415,Lung Cancer,True,42,0.047619047619047616
SRX22996329,1,13,PRJNA1055415,Lung Cancer,True,42,0.30952380952380953
SRX22996329,21,1,PRJNA1055415,Lung Cancer,True,42,0.023809523809523808
SRX22996329,23,1,PRJNA1055415,Lung Cancer,True,42,0.023809523809523808
SRX22996329,24,4,PRJNA1055415,Lung Cancer,True,42,0.09523809523809523
SRX22996329,26,1,PRJNA1055415,Lung Cancer,True,42,0.023809523809523808
SRX22996329,36,1,PRJNA1055415,Lung Cancer,True,42,0.023809523809523808
SRX22996329,4,2,PRJNA1055415,Lung Cancer,True,42,0.047619047619047616
SRX22996329,5,7,PRJNA1055415,Lung Cancer,True,42,0.16666666666666666
SRX22996329,6,7,PRJNA1055415,Lung Cancer,True,42,0.16666666666666666
SRX22996329,60,1,PRJNA1055415,Lung Cancer,True,42,0.023809523809523808
SRX22996329,8,2,PRJNA1055415,Lung Cancer,True,42,0.047619047619047616
SRX22996330,0,4,PRJNA1055415,Lung Cancer,True,36,0.1111111111111111
SRX22996330,1,14,PRJNA1055415,Lung Cancer,True,36,0.3888888888888889
SRX22996330,24,4,PRJNA1055415,Lung Cancer,True,36,0.1111111111111111
SRX22996330,26,1,PRJNA1055415,Lung Cancer,True,36,0.027777777777777776
SRX22996330,4,1,PRJNA1055415,Lung Cancer,True,36,0.027777777777777776
SRX22996330,5,2,PRJNA1055415,Lung Cancer,True,36,0.05555555555555555
SRX22996330,6,10,PRJNA1055415,Lung Cancer,True,36,0.2777777777777778
SRX22996331,0,1,PRJNA1055415,Lung Cancer,True,26,0.038461538461538464
SRX22996331,1,13,PRJNA1055415,Lung Cancer,True,26,0.5
SRX22996331,24,1,PRJNA1055415,Lung Cancer,True,26,0.038461538461538464
SRX22996331,26,2,PRJNA1055415,Lung Cancer,True,26,0.07692307692307693
SRX22996331,5,3,PRJNA1055415,Lung Cancer,True,26,0.11538461538461539
SRX22996331,6,6,PRJNA1055415,Lung Cancer,True,26,0.23076923076923078
SRX22996333,1,8,PRJNA1055415,Lung Cancer,True,27,0.2962962962962963
SRX22996333,24,3,PRJNA1055415,Lung Cancer,True,27,0.1111111111111111
SRX22996333,26,2,PRJNA1055415,Lung Cancer,True,27,0.07407407407407407
SRX22996333,5,6,PRJNA1055415,Lung Cancer,True,27,0.2222222222222222
SRX22996333,6,8,PRJNA1055415,Lung Cancer,True,27,0.2962962962962963
SRX22996334,0,4,PRJNA1055415,Lung Cancer,True,66,0.06060606060606061
SRX22996334,1,19,PRJNA1055415,Lung Cancer,True,66,0.2878787878787879
SRX22996334,24,4,PRJNA1055415,Lung Cancer,True,66,0.06060606060606061
SRX22996334,3,1,PRJNA1055415,Lung Cancer,True,66,0.015151515151515152
SRX22996334,4,3,PRJNA1055415,Lung Cancer,True,66,0.045454545454545456
SRX22996334,45,1,PRJNA1055415,Lung Cancer,True,66,0.015151515151515152
SRX22996334,5,26,PRJNA1055415,Lung Cancer,True,66,0.3939393939393939
SRX22996334,6,8,PRJNA1055415,Lung Cancer,True,66,0.12121212121212122
SRX22996335,0,7,PRJNA1055415,Lung Cancer,True,84,0.08333333333333333
SRX22996335,1,25,PRJNA1055415,Lung Cancer,True,84,0.2976190476190476
SRX22996335,13,1,PRJNA1055415,Lung Cancer,True,84,0.011904761904761904
SRX22996335,20,1,PRJNA1055415,Lung Cancer,True,84,0.011904761904761904
SRX22996335,24,2,PRJNA1055415,Lung Cancer,True,84,0.023809523809523808
SRX22996335,34,1,PRJNA1055415,Lung Cancer,True,84,0.011904761904761904
SRX22996335,4,4,PRJNA1055415,Lung Cancer,True,84,0.047619047619047616
SRX22996335,5,29,PRJNA1055415,Lung Cancer,True,84,0.34523809523809523
SRX22996335,6,14,PRJNA1055415,Lung Cancer,True,84,0.16666666666666666
SRX22996336,0,5,PRJNA1055415,Lung Cancer,True,62,0.08064516129032258
SRX22996336,1,24,PRJNA1055415,Lung Cancer,True,62,0.3870967741935484
SRX22996336,21,1,PRJNA1055415,Lung Cancer,True,62,0.016129032258064516
SRX22996336,24,1,PRJNA1055415,Lung Cancer,True,62,0.016129032258064516
SRX22996336,3,1,PRJNA1055415,Lung Cancer,True,62,0.016129032258064516
SRX22996336,4,1,PRJNA1055415,Lung Cancer,True,62,0.016129032258064516
SRX22996336,5,20,PRJNA1055415,Lung Cancer,True,62,0.3225806451612903
SRX22996336,6,9,PRJNA1055415,Lung Cancer,True,62,0.14516129032258066
SRX22996337,1,16,PRJNA1055415,Lung Cancer,True,61,0.26229508196721313
SRX22996337,13,2,PRJNA1055415,Lung Cancer,True,61,0.03278688524590164
SRX22996337,24,2,PRJNA1055415,Lung Cancer,True,61,0.03278688524590164
SRX22996337,26,4,PRJNA1055415,Lung Cancer,True,61,0.06557377049180328
SRX22996337,3,1,PRJNA1055415,Lung Cancer,True,61,0.01639344262295082
SRX22996337,34,5,PRJNA1055415,Lung Cancer,True,61,0.08196721311475409
SRX22996337,4,2,PRJNA1055415,Lung Cancer,True,61,0.03278688524590164
SRX22996337,44,1,PRJNA1055415,Lung Cancer,True,61,0.01639344262295082
SRX22996337,5,15,PRJNA1055415,Lung Cancer,True,61,0.2459016393442623
SRX22996337,9,13,PRJNA1055415,Lung Cancer,True,61,0.21311475409836064
SRX22996338,1,20,PRJNA1055415,Lung Cancer,True,34,0.5882352941176471
SRX22996338,13,2,PRJNA1055415,Lung Cancer,True,34,0.058823529411764705
SRX22996338,26,2,PRJNA1055415,Lung Cancer,True,34,0.058823529411764705
SRX22996338,34,1,PRJNA1055415,Lung Cancer,True,34,0.029411764705882353
SRX22996338,4,8,PRJNA1055415,Lung Cancer,True,34,0.23529411764705882
SRX22996338,9,1,PRJNA1055415,Lung Cancer,True,34,0.029411764705882353
SRX22996339,14,5,PRJNA1055415,Lung Cancer,True,20,0.25
SRX22996339,20,1,PRJNA1055415,Lung Cancer,True,20,0.05
SRX22996339,24,1,PRJNA1055415,Lung Cancer,True,20,0.05
SRX22996339,36,7,PRJNA1055415,Lung Cancer,True,20,0.35
SRX22996339,38,2,PRJNA1055415,Lung Cancer,True,20,0.1
SRX22996339,8,4,PRJNA1055415,Lung Cancer,True,20,0.2
SRX22996340,0,2,PRJNA1055415,Lung Cancer,True,25,0.08
SRX22996340,1,1,PRJNA1055415,Lung Cancer,True,25,0.04
SRX22996340,14,2,PRJNA1055415,Lung Cancer,True,25,0.08
SRX22996340,20,2,PRJNA1055415,Lung Cancer,True,25,0.08
SRX22996340,36,12,PRJNA1055415,Lung Cancer,True,25,0.48
SRX22996340,38,1,PRJNA1055415,Lung Cancer,True,25,0.04
SRX22996340,60,1,PRJNA1055415,Lung Cancer,True,25,0.04
SRX22996340,8,4,PRJNA1055415,Lung Cancer,True,25,0.16
SRX22996341,0,2,PRJNA1055415,Lung Cancer,True,20,0.1
SRX22996341,1,1,PRJNA1055415,Lung Cancer,True,20,0.05
SRX22996341,36,8,PRJNA1055415,Lung Cancer,True,20,0.4
SRX22996341,45,1,PRJNA1055415,Lung Cancer,True,20,0.05
SRX22996341,59,2,PRJNA1055415,Lung Cancer,True,20,0.1
SRX22996341,60,1,PRJNA1055415,Lung Cancer,True,20,0.05
SRX22996341,8,5,PRJNA1055415,Lung Cancer,True,20,0.25
SRX22996342,0,3,PRJNA1055415,Lung Cancer,True,41,0.07317073170731707
SRX22996342,1,15,PRJNA1055415,Lung Cancer,True,41,0.36585365853658536
SRX22996342,24,3,PRJNA1055415,Lung Cancer,True,41,0.07317073170731707
SRX22996342,26,6,PRJNA1055415,Lung Cancer,True,41,0.14634146341463414
SRX22996342,4,1,PRJNA1055415,Lung Cancer,True,41,0.024390243902439025
SRX22996342,43,1,PRJNA1055415,Lung Cancer,True,41,0.024390243902439025
SRX22996342,5,4,PRJNA1055415,Lung Cancer,True,41,0.0975609756097561
SRX22996342,6,7,PRJNA1055415,Lung Cancer,True,41,0.17073170731707318
SRX22996342,9,1,PRJNA1055415,Lung Cancer,True,41,0.024390243902439025
SRX22996343,0,9,PRJNA1055415,Lung Cancer,True,43,0.20930232558139536
SRX22996343,1,11,PRJNA1055415,Lung Cancer,True,43,0.2558139534883721
SRX22996343,23,1,PRJNA1055415,Lung Cancer,True,43,0.023255813953488372
SRX22996343,24,1,PRJNA1055415,Lung Cancer,True,43,0.023255813953488372
SRX22996343,26,6,PRJNA1055415,Lung Cancer,True,43,0.13953488372093023
SRX22996343,34,1,PRJNA1055415,Lung Cancer,True,43,0.023255813953488372
SRX22996343,44,2,PRJNA1055415,Lung Cancer,True,43,0.046511627906976744
SRX22996343,5,1,PRJNA1055415,Lung Cancer,True,43,0.023255813953488372
SRX22996343,6,7,PRJNA1055415,Lung Cancer,True,43,0.16279069767441862
SRX22996343,60,1,PRJNA1055415,Lung Cancer,True,43,0.023255813953488372
SRX22996343,9,3,PRJNA1055415,Lung Cancer,True,43,0.06976744186046512
SRX22996344,0,1,PRJNA1055415,Lung Cancer,True,54,0.018518518518518517
SRX22996344,1,23,PRJNA1055415,Lung Cancer,True,54,0.42592592592592593
SRX22996344,24,4,PRJNA1055415,Lung Cancer,True,54,0.07407407407407407
SRX22996344,26,4,PRJNA1055415,Lung Cancer,True,54,0.07407407407407407
SRX22996344,5,8,PRJNA1055415,Lung Cancer,True,54,0.14814814814814814
SRX22996344,6,14,PRJNA1055415,Lung Cancer,True,54,0.25925925925925924
SRX22996345,0,4,PRJNA1055415,Lung Cancer,True,58,0.06896551724137931
SRX22996345,1,19,PRJNA1055415,Lung Cancer,True,58,0.3275862068965517
SRX22996345,24,2,PRJNA1055415,Lung Cancer,True,58,0.034482758620689655
SRX22996345,26,11,PRJNA1055415,Lung Cancer,True,58,0.1896551724137931
SRX22996345,3,1,PRJNA1055415,Lung Cancer,True,58,0.017241379310344827
SRX22996345,5,10,PRJNA1055415,Lung Cancer,True,58,0.1724137931034483
SRX22996345,6,11,PRJNA1055415,Lung Cancer,True,58,0.1896551724137931
SRX22996346,0,1,PRJNA1055415,Lung Cancer,True,24,0.041666666666666664
SRX22996346,1,3,PRJNA1055415,Lung Cancer,True,24,0.125
SRX22996346,20,5,PRJNA1055415,Lung Cancer,True,24,0.20833333333333334
SRX22996346,21,2,PRJNA1055415,Lung Cancer,True,24,0.08333333333333333
SRX22996346,24,1,PRJNA1055415,Lung Cancer,True,24,0.041666666666666664
SRX22996346,31,1,PRJNA1055415,Lung Cancer,True,24,0.041666666666666664
SRX22996346,36,2,PRJNA1055415,Lung Cancer,True,24,0.08333333333333333
SRX22996346,4,1,PRJNA1055415,Lung Cancer,True,24,0.041666666666666664
SRX22996346,44,1,PRJNA1055415,Lung Cancer,True,24,0.041666666666666664
SRX22996346,6,6,PRJNA1055415,Lung Cancer,True,24,0.25
SRX22996346,9,1,PRJNA1055415,Lung Cancer,True,24,0.041666666666666664
SRX22996347,0,2,PRJNA1055415,Lung Cancer,True,28,0.07142857142857142
SRX22996347,1,1,PRJNA1055415,Lung Cancer,True,28,0.03571428571428571
SRX22996347,14,2,PRJNA1055415,Lung Cancer,True,28,0.07142857142857142
SRX22996347,20,8,PRJNA1055415,Lung Cancer,True,28,0.2857142857142857
SRX22996347,21,2,PRJNA1055415,Lung Cancer,True,28,0.07142857142857142
SRX22996347,26,3,PRJNA1055415,Lung Cancer,True,28,0.10714285714285714
SRX22996347,36,3,PRJNA1055415,Lung Cancer,True,28,0.10714285714285714
SRX22996347,44,1,PRJNA1055415,Lung Cancer,True,28,0.03571428571428571
SRX22996347,6,5,PRJNA1055415,Lung Cancer,True,28,0.17857142857142858
SRX22996347,9,1,PRJNA1055415,Lung Cancer,True,28,0.03571428571428571
SRX22996348,0,1,PRJNA1055415,Lung Cancer,True,27,0.037037037037037035
SRX22996348,1,2,PRJNA1055415,Lung Cancer,True,27,0.07407407407407407
SRX22996348,13,2,PRJNA1055415,Lung Cancer,True,27,0.07407407407407407
SRX22996348,20,7,PRJNA1055415,Lung Cancer,True,27,0.25925925925925924
SRX22996348,21,3,PRJNA1055415,Lung Cancer,True,27,0.1111111111111111
SRX22996348,36,2,PRJNA1055415,Lung Cancer,True,27,0.07407407407407407
SRX22996348,4,1,PRJNA1055415,Lung Cancer,True,27,0.037037037037037035
SRX22996348,45,1,PRJNA1055415,Lung Cancer,True,27,0.037037037037037035
SRX22996348,6,8,PRJNA1055415,Lung Cancer,True,27,0.2962962962962963
SRX22996349,0,1,PRJNA1055415,Lung Cancer,True,23,0.043478260869565216
SRX22996349,1,3,PRJNA1055415,Lung Cancer,True,23,0.13043478260869565
SRX22996349,20,5,PRJNA1055415,Lung Cancer,True,23,0.21739130434782608
SRX22996349,21,2,PRJNA1055415,Lung Cancer,True,23,0.08695652173913043
SRX22996349,23,1,PRJNA1055415,Lung Cancer,True,23,0.043478260869565216
SRX22996349,24,2,PRJNA1055415,Lung Cancer,True,23,0.08695652173913043
SRX22996349,36,2,PRJNA1055415,Lung Cancer,True,23,0.08695652173913043
SRX22996349,4,2,PRJNA1055415,Lung Cancer,True,23,0.08695652173913043
SRX22996349,44,3,PRJNA1055415,Lung Cancer,True,23,0.13043478260869565
SRX22996349,6,2,PRJNA1055415,Lung Cancer,True,23,0.08695652173913043
SRX22996350,1,16,PRJNA1055415,Lung Cancer,True,35,0.45714285714285713
SRX22996350,13,1,PRJNA1055415,Lung Cancer,True,35,0.02857142857142857
SRX22996350,20,1,PRJNA1055415,Lung Cancer,True,35,0.02857142857142857
SRX22996350,24,3,PRJNA1055415,Lung Cancer,True,35,0.08571428571428572
SRX22996350,34,3,PRJNA1055415,Lung Cancer,True,35,0.08571428571428572
SRX22996350,4,9,PRJNA1055415,Lung Cancer,True,35,0.2571428571428571
SRX22996350,44,1,PRJNA1055415,Lung Cancer,True,35,0.02857142857142857
SRX22996350,5,1,PRJNA1055415,Lung Cancer,True,35,0.02857142857142857
SRX22996351,1,16,PRJNA1055415,Lung Cancer,True,43,0.37209302325581395
SRX22996351,13,2,PRJNA1055415,Lung Cancer,True,43,0.046511627906976744
SRX22996351,20,1,PRJNA1055415,Lung Cancer,True,43,0.023255813953488372
SRX22996351,24,2,PRJNA1055415,Lung Cancer,True,43,0.046511627906976744
SRX22996351,34,6,PRJNA1055415,Lung Cancer,True,43,0.13953488372093023
SRX22996351,36,1,PRJNA1055415,Lung Cancer,True,43,0.023255813953488372
SRX22996351,4,10,PRJNA1055415,Lung Cancer,True,43,0.23255813953488372
SRX22996351,5,2,PRJNA1055415,Lung Cancer,True,43,0.046511627906976744
SRX22996351,8,3,PRJNA1055415,Lung Cancer,True,43,0.06976744186046512
SRX22996352,1,7,PRJNA1055415,Lung Cancer,True,31,0.22580645161290322
SRX22996352,24,1,PRJNA1055415,Lung Cancer,True,31,0.03225806451612903
SRX22996352,34,6,PRJNA1055415,Lung Cancer,True,31,0.1935483870967742
SRX22996352,36,1,PRJNA1055415,Lung Cancer,True,31,0.03225806451612903
SRX22996352,4,11,PRJNA1055415,Lung Cancer,True,31,0.3548387096774194
SRX22996352,44,1,PRJNA1055415,Lung Cancer,True,31,0.03225806451612903
SRX22996352,5,3,PRJNA1055415,Lung Cancer,True,31,0.0967741935483871
SRX22996352,9,1,PRJNA1055415,Lung Cancer,True,31,0.03225806451612903
SRX22996353,0,9,PRJNA1055415,Lung Cancer,True,38,0.23684210526315788
SRX22996353,1,9,PRJNA1055415,Lung Cancer,True,38,0.23684210526315788
SRX22996353,24,3,PRJNA1055415,Lung Cancer,True,38,0.07894736842105263
SRX22996353,26,1,PRJNA1055415,Lung Cancer,True,38,0.02631578947368421
SRX22996353,36,1,PRJNA1055415,Lung Cancer,True,38,0.02631578947368421
SRX22996353,4,1,PRJNA1055415,Lung Cancer,True,38,0.02631578947368421
SRX22996353,5,3,PRJNA1055415,Lung Cancer,True,38,0.07894736842105263
SRX22996353,6,9,PRJNA1055415,Lung Cancer,True,38,0.23684210526315788
SRX22996353,8,2,PRJNA1055415,Lung Cancer,True,38,0.05263157894736842
SRX22996354,1,12,PRJNA1055415,Lung Cancer,True,39,0.3076923076923077
SRX22996354,13,4,PRJNA1055415,Lung Cancer,True,39,0.10256410256410256
SRX22996354,34,4,PRJNA1055415,Lung Cancer,True,39,0.10256410256410256
SRX22996354,4,16,PRJNA1055415,Lung Cancer,True,39,0.41025641025641024
SRX22996354,5,2,PRJNA1055415,Lung Cancer,True,39,0.05128205128205128
SRX22996354,8,1,PRJNA1055415,Lung Cancer,True,39,0.02564102564102564
SRX22996355,0,5,PRJNA1055415,Lung Cancer,True,54,0.09259259259259259
SRX22996355,1,22,PRJNA1055415,Lung Cancer,True,54,0.4074074074074074
SRX22996355,13,1,PRJNA1055415,Lung Cancer,True,54,0.018518518518518517
SRX22996355,20,5,PRJNA1055415,Lung Cancer,True,54,0.09259259259259259
SRX22996355,21,2,PRJNA1055415,Lung Cancer,True,54,0.037037037037037035
SRX22996355,24,2,PRJNA1055415,Lung Cancer,True,54,0.037037037037037035
SRX22996355,26,4,PRJNA1055415,Lung Cancer,True,54,0.07407407407407407
SRX22996355,36,2,PRJNA1055415,Lung Cancer,True,54,0.037037037037037035
SRX22996355,44,1,PRJNA1055415,Lung Cancer,True,54,0.018518518518518517
SRX22996355,5,4,PRJNA1055415,Lung Cancer,True,54,0.07407407407407407
SRX22996355,6,6,PRJNA1055415,Lung Cancer,True,54,0.1111111111111111
SRX22996356,0,3,PRJNA1055415,Lung Cancer,True,51,0.058823529411764705
SRX22996356,1,21,PRJNA1055415,Lung Cancer,True,51,0.4117647058823529
SRX22996356,13,1,PRJNA1055415,Lung Cancer,True,51,0.0196078431372549
SRX22996356,20,1,PRJNA1055415,Lung Cancer,True,51,0.0196078431372549
SRX22996356,23,1,PRJNA1055415,Lung Cancer,True,51,0.0196078431372549
SRX22996356,24,3,PRJNA1055415,Lung Cancer,True,51,0.058823529411764705
SRX22996356,26,6,PRJNA1055415,Lung Cancer,True,51,0.11764705882352941
SRX22996356,36,1,PRJNA1055415,Lung Cancer,True,51,0.0196078431372549
SRX22996356,5,7,PRJNA1055415,Lung Cancer,True,51,0.13725490196078433
SRX22996356,6,7,PRJNA1055415,Lung Cancer,True,51,0.13725490196078433
SRX22996358,0,1,PRJNA1055415,Lung Cancer,True,25,0.04
SRX22996358,13,5,PRJNA1055415,Lung Cancer,True,25,0.2
SRX22996358,14,1,PRJNA1055415,Lung Cancer,True,25,0.04
SRX22996358,20,4,PRJNA1055415,Lung Cancer,True,25,0.16
SRX22996358,21,6,PRJNA1055415,Lung Cancer,True,25,0.24
SRX22996358,36,2,PRJNA1055415,Lung Cancer,True,25,0.08
SRX22996358,43,1,PRJNA1055415,Lung Cancer,True,25,0.04
SRX22996358,60,3,PRJNA1055415,Lung Cancer,True,25,0.12
SRX22996358,8,2,PRJNA1055415,Lung Cancer,True,25,0.08
SRX22996359,13,3,PRJNA1055415,Lung Cancer,True,37,0.08108108108108109
SRX22996359,14,8,PRJNA1055415,Lung Cancer,True,37,0.21621621621621623
SRX22996359,20,11,PRJNA1055415,Lung Cancer,True,37,0.2972972972972973
SRX22996359,21,6,PRJNA1055415,Lung Cancer,True,37,0.16216216216216217
SRX22996359,24,1,PRJNA1055415,Lung Cancer,True,37,0.02702702702702703
SRX22996359,36,2,PRJNA1055415,Lung Cancer,True,37,0.05405405405405406
SRX22996359,45,2,PRJNA1055415,Lung Cancer,True,37,0.05405405405405406
SRX22996359,60,3,PRJNA1055415,Lung Cancer,True,37,0.08108108108108109
SRX22996359,8,1,PRJNA1055415,Lung Cancer,True,37,0.02702702702702703
SRX22996360,0,1,PRJNA1055415,Lung Cancer,True,25,0.04
SRX22996360,1,1,PRJNA1055415,Lung Cancer,True,25,0.04
SRX22996360,13,3,PRJNA1055415,Lung Cancer,True,25,0.12
SRX22996360,14,4,PRJNA1055415,Lung Cancer,True,25,0.16
SRX22996360,20,7,PRJNA1055415,Lung Cancer,True,25,0.28
SRX22996360,21,3,PRJNA1055415,Lung Cancer,True,25,0.12
SRX22996360,4,1,PRJNA1055415,Lung Cancer,True,25,0.04
SRX22996360,60,2,PRJNA1055415,Lung Cancer,True,25,0.08
SRX22996360,8,2,PRJNA1055415,Lung Cancer,True,25,0.08
SRX22996360,9,1,PRJNA1055415,Lung Cancer,True,25,0.04
SRX22996361,1,1,PRJNA1055415,Lung Cancer,True,32,0.03125
SRX22996361,13,2,PRJNA1055415,Lung Cancer,True,32,0.0625
SRX22996361,14,4,PRJNA1055415,Lung Cancer,True,32,0.125
SRX22996361,20,9,PRJNA1055415,Lung Cancer,True,32,0.28125
SRX22996361,21,4,PRJNA1055415,Lung Cancer,True,32,0.125
SRX22996361,24,1,PRJNA1055415,Lung Cancer,True,32,0.03125
SRX22996361,36,4,PRJNA1055415,Lung Cancer,True,32,0.125
SRX22996361,45,1,PRJNA1055415,Lung Cancer,True,32,0.03125
SRX22996361,60,3,PRJNA1055415,Lung Cancer,True,32,0.09375
SRX22996361,8,3,PRJNA1055415,Lung Cancer,True,32,0.09375
SRX22996363,1,11,PRJNA1055415,Lung Cancer,True,34,0.3235294117647059
SRX22996363,24,2,PRJNA1055415,Lung Cancer,True,34,0.058823529411764705
SRX22996363,26,2,PRJNA1055415,Lung Cancer,True,34,0.058823529411764705
SRX22996363,34,7,PRJNA1055415,Lung Cancer,True,34,0.20588235294117646
SRX22996363,4,8,PRJNA1055415,Lung Cancer,True,34,0.23529411764705882
SRX22996363,5,3,PRJNA1055415,Lung Cancer,True,34,0.08823529411764706
SRX22996363,6,1,PRJNA1055415,Lung Cancer,True,34,0.029411764705882353
SRX22996364,0,5,PRJNA1055415,Lung Cancer,True,34,0.14705882352941177
SRX22996364,1,9,PRJNA1055415,Lung Cancer,True,34,0.2647058823529412
SRX22996364,13,1,PRJNA1055415,Lung Cancer,True,34,0.029411764705882353
SRX22996364,24,1,PRJNA1055415,Lung Cancer,True,34,0.029411764705882353
SRX22996364,26,1,PRJNA1055415,Lung Cancer,True,34,0.029411764705882353
SRX22996364,34,2,PRJNA1055415,Lung Cancer,True,34,0.058823529411764705
SRX22996364,44,1,PRJNA1055415,Lung Cancer,True,34,0.029411764705882353
SRX22996364,45,2,PRJNA1055415,Lung Cancer,True,34,0.058823529411764705
SRX22996364,5,2,PRJNA1055415,Lung Cancer,True,34,0.058823529411764705
SRX22996364,6,7,PRJNA1055415,Lung Cancer,True,34,0.20588235294117646
SRX22996364,8,2,PRJNA1055415,Lung Cancer,True,34,0.058823529411764705
SRX22996364,9,1,PRJNA1055415,Lung Cancer,True,34,0.029411764705882353
SRX22996365,0,3,PRJNA1055415,Lung Cancer,True,35,0.08571428571428572
SRX22996365,1,10,PRJNA1055415,Lung Cancer,True,35,0.2857142857142857
SRX22996365,14,2,PRJNA1055415,Lung Cancer,True,35,0.05714285714285714
SRX22996365,20,2,PRJNA1055415,Lung Cancer,True,35,0.05714285714285714
SRX22996365,36,2,PRJNA1055415,Lung Cancer,True,35,0.05714285714285714
SRX22996365,4,2,PRJNA1055415,Lung Cancer,True,35,0.05714285714285714
SRX22996365,44,2,PRJNA1055415,Lung Cancer,True,35,0.05714285714285714
SRX22996365,45,1,PRJNA1055415,Lung Cancer,True,35,0.02857142857142857
SRX22996365,5,1,PRJNA1055415,Lung Cancer,True,35,0.02857142857142857
SRX22996365,6,4,PRJNA1055415,Lung Cancer,True,35,0.11428571428571428
SRX22996365,60,2,PRJNA1055415,Lung Cancer,True,35,0.05714285714285714
SRX22996365,8,4,PRJNA1055415,Lung Cancer,True,35,0.11428571428571428
SRX22996366,0,1,PRJNA1055415,Lung Cancer,True,40,0.025
SRX22996366,1,4,PRJNA1055415,Lung Cancer,True,40,0.1
SRX22996366,13,1,PRJNA1055415,Lung Cancer,True,40,0.025
SRX22996366,20,1,PRJNA1055415,Lung Cancer,True,40,0.025
SRX22996366,26,2,PRJNA1055415,Lung Cancer,True,40,0.05
SRX22996366,34,2,PRJNA1055415,Lung Cancer,True,40,0.05
SRX22996366,36,4,PRJNA1055415,Lung Cancer,True,40,0.1
SRX22996366,4,11,PRJNA1055415,Lung Cancer,True,40,0.275
SRX22996366,43,1,PRJNA1055415,Lung Cancer,True,40,0.025
SRX22996366,44,1,PRJNA1055415,Lung Cancer,True,40,0.025
SRX22996366,5,2,PRJNA1055415,Lung Cancer,True,40,0.05
SRX22996366,6,2,PRJNA1055415,Lung Cancer,True,40,0.05
SRX22996366,9,8,PRJNA1055415,Lung Cancer,True,40,0.2
SRX22996367,0,1,PRJNA1055415,Lung Cancer,True,77,0.012987012987012988
SRX22996367,1,38,PRJNA1055415,Lung Cancer,True,77,0.4935064935064935
SRX22996367,13,1,PRJNA1055415,Lung Cancer,True,77,0.012987012987012988
SRX22996367,24,1,PRJNA1055415,Lung Cancer,True,77,0.012987012987012988
SRX22996367,4,1,PRJNA1055415,Lung Cancer,True,77,0.012987012987012988
SRX22996367,5,4,PRJNA1055415,Lung Cancer,True,77,0.05194805194805195
SRX22996367,6,31,PRJNA1055415,Lung Cancer,True,77,0.4025974025974026
SRX22996368,0,3,PRJNA1055415,Lung Cancer,True,74,0.04054054054054054
SRX22996368,1,33,PRJNA1055415,Lung Cancer,True,74,0.44594594594594594
SRX22996368,24,2,PRJNA1055415,Lung Cancer,True,74,0.02702702702702703
SRX22996368,26,1,PRJNA1055415,Lung Cancer,True,74,0.013513513513513514
SRX22996368,3,2,PRJNA1055415,Lung Cancer,True,74,0.02702702702702703
SRX22996368,4,1,PRJNA1055415,Lung Cancer,True,74,0.013513513513513514
SRX22996368,5,5,PRJNA1055415,Lung Cancer,True,74,0.06756756756756757
SRX22996368,6,27,PRJNA1055415,Lung Cancer,True,74,0.36486486486486486
SRX22996369,0,2,PRJNA1055415,Lung Cancer,True,80,0.025
SRX22996369,1,34,PRJNA1055415,Lung Cancer,True,80,0.425
SRX22996369,4,3,PRJNA1055415,Lung Cancer,True,80,0.0375
SRX22996369,5,7,PRJNA1055415,Lung Cancer,True,80,0.0875
SRX22996369,6,34,PRJNA1055415,Lung Cancer,True,80,0.425
SRX22996371,1,7,PRJNA1055415,Lung Cancer,True,29,0.2413793103448276
SRX22996371,26,1,PRJNA1055415,Lung Cancer,True,29,0.034482758620689655
SRX22996371,34,9,PRJNA1055415,Lung Cancer,True,29,0.3103448275862069
SRX22996371,4,9,PRJNA1055415,Lung Cancer,True,29,0.3103448275862069
SRX22996371,5,2,PRJNA1055415,Lung Cancer,True,29,0.06896551724137931
SRX22996371,9,1,PRJNA1055415,Lung Cancer,True,29,0.034482758620689655
SRX22996373,0,1,PRJNA1055415,Lung Cancer,True,20,0.05
SRX22996373,1,1,PRJNA1055415,Lung Cancer,True,20,0.05
SRX22996373,13,1,PRJNA1055415,Lung Cancer,True,20,0.05
SRX22996373,20,2,PRJNA1055415,Lung Cancer,True,20,0.1
SRX22996373,21,5,PRJNA1055415,Lung Cancer,True,20,0.25
SRX22996373,26,1,PRJNA1055415,Lung Cancer,True,20,0.05
SRX22996373,36,1,PRJNA1055415,Lung Cancer,True,20,0.05
SRX22996373,4,1,PRJNA1055415,Lung Cancer,True,20,0.05
SRX22996373,43,1,PRJNA1055415,Lung Cancer,True,20,0.05
SRX22996373,59,1,PRJNA1055415,Lung Cancer,True,20,0.05
SRX22996373,6,4,PRJNA1055415,Lung Cancer,True,20,0.2
SRX22996373,9,1,PRJNA1055415,Lung Cancer,True,20,0.05
SRX22996374,0,2,PRJNA1055415,Lung Cancer,True,52,0.038461538461538464
SRX22996374,1,14,PRJNA1055415,Lung Cancer,True,52,0.2692307692307692
SRX22996374,13,7,PRJNA1055415,Lung Cancer,True,52,0.1346153846153846
SRX22996374,14,1,PRJNA1055415,Lung Cancer,True,52,0.019230769230769232
SRX22996374,24,3,PRJNA1055415,Lung Cancer,True,52,0.057692307692307696
SRX22996374,26,7,PRJNA1055415,Lung Cancer,True,52,0.1346153846153846
SRX22996374,3,1,PRJNA1055415,Lung Cancer,True,52,0.019230769230769232
SRX22996374,34,1,PRJNA1055415,Lung Cancer,True,52,0.019230769230769232
SRX22996374,4,3,PRJNA1055415,Lung Cancer,True,52,0.057692307692307696
SRX22996374,5,10,PRJNA1055415,Lung Cancer,True,52,0.19230769230769232
SRX22996374,6,3,PRJNA1055415,Lung Cancer,True,52,0.057692307692307696
SRX22996376,0,1,PRJNA1055415,Lung Cancer,True,43,0.023255813953488372
SRX22996376,1,17,PRJNA1055415,Lung Cancer,True,43,0.3953488372093023
SRX22996376,13,4,PRJNA1055415,Lung Cancer,True,43,0.09302325581395349
SRX22996376,21,1,PRJNA1055415,Lung Cancer,True,43,0.023255813953488372
SRX22996376,24,2,PRJNA1055415,Lung Cancer,True,43,0.046511627906976744
SRX22996376,26,2,PRJNA1055415,Lung Cancer,True,43,0.046511627906976744
SRX22996376,4,3,PRJNA1055415,Lung Cancer,True,43,0.06976744186046512
SRX22996376,5,11,PRJNA1055415,Lung Cancer,True,43,0.2558139534883721
SRX22996376,6,1,PRJNA1055415,Lung Cancer,True,43,0.023255813953488372
SRX22996376,9,1,PRJNA1055415,Lung Cancer,True,43,0.023255813953488372
SRX22996377,1,15,PRJNA1055415,Lung Cancer,True,48,0.3125
SRX22996377,13,3,PRJNA1055415,Lung Cancer,True,48,0.0625
SRX22996377,14,1,PRJNA1055415,Lung Cancer,True,48,0.020833333333333332
SRX22996377,24,5,PRJNA1055415,Lung Cancer,True,48,0.10416666666666667
SRX22996377,26,6,PRJNA1055415,Lung Cancer,True,48,0.125
SRX22996377,4,3,PRJNA1055415,Lung Cancer,True,48,0.0625
SRX22996377,5,13,PRJNA1055415,Lung Cancer,True,48,0.2708333333333333
SRX22996377,6,1,PRJNA1055415,Lung Cancer,True,48,0.020833333333333332
SRX22996377,7,1,PRJNA1055415,Lung Cancer,True,48,0.020833333333333332
SRX22996378,1,5,PRJNA1055415,Lung Cancer,True,34,0.14705882352941177
SRX22996378,14,1,PRJNA1055415,Lung Cancer,True,34,0.029411764705882353
SRX22996378,21,1,PRJNA1055415,Lung Cancer,True,34,0.029411764705882353
SRX22996378,34,1,PRJNA1055415,Lung Cancer,True,34,0.029411764705882353
SRX22996378,36,5,PRJNA1055415,Lung Cancer,True,34,0.14705882352941177
SRX22996378,38,1,PRJNA1055415,Lung Cancer,True,34,0.029411764705882353
SRX22996378,4,11,PRJNA1055415,Lung Cancer,True,34,0.3235294117647059
SRX22996378,44,2,PRJNA1055415,Lung Cancer,True,34,0.058823529411764705
SRX22996378,5,1,PRJNA1055415,Lung Cancer,True,34,0.029411764705882353
SRX22996378,9,6,PRJNA1055415,Lung Cancer,True,34,0.17647058823529413
SRX22996379,1,1,PRJNA1055415,Lung Cancer,True,37,0.02702702702702703
SRX22996379,13,1,PRJNA1055415,Lung Cancer,True,37,0.02702702702702703
SRX22996379,14,16,PRJNA1055415,Lung Cancer,True,37,0.43243243243243246
SRX22996379,17,1,PRJNA1055415,Lung Cancer,True,37,0.02702702702702703
SRX22996379,20,2,PRJNA1055415,Lung Cancer,True,37,0.05405405405405406
SRX22996379,26,1,PRJNA1055415,Lung Cancer,True,37,0.02702702702702703
SRX22996379,36,3,PRJNA1055415,Lung Cancer,True,37,0.08108108108108109
SRX22996379,4,1,PRJNA1055415,Lung Cancer,True,37,0.02702702702702703
SRX22996379,45,1,PRJNA1055415,Lung Cancer,True,37,0.02702702702702703
SRX22996379,5,1,PRJNA1055415,Lung Cancer,True,37,0.02702702702702703
SRX22996379,60,4,PRJNA1055415,Lung Cancer,True,37,0.10810810810810811
SRX22996379,8,4,PRJNA1055415,Lung Cancer,True,37,0.10810810810810811
SRX22996379,9,1,PRJNA1055415,Lung Cancer,True,37,0.02702702702702703
SRX22996380,1,1,PRJNA1055415,Lung Cancer,True,30,0.03333333333333333
SRX22996380,14,14,PRJNA1055415,Lung Cancer,True,30,0.4666666666666667
SRX22996380,20,3,PRJNA1055415,Lung Cancer,True,30,0.1
SRX22996380,36,4,PRJNA1055415,Lung Cancer,True,30,0.13333333333333333
SRX22996380,44,1,PRJNA1055415,Lung Cancer,True,30,0.03333333333333333
SRX22996380,8,6,PRJNA1055415,Lung Cancer,True,30,0.2
SRX22996380,9,1,PRJNA1055415,Lung Cancer,True,30,0.03333333333333333
SRX22996381,14,14,PRJNA1055415,Lung Cancer,True,23,0.6086956521739131
SRX22996381,20,2,PRJNA1055415,Lung Cancer,True,23,0.08695652173913043
SRX22996381,26,1,PRJNA1055415,Lung Cancer,True,23,0.043478260869565216
SRX22996381,31,1,PRJNA1055415,Lung Cancer,True,23,0.043478260869565216
SRX22996381,44,1,PRJNA1055415,Lung Cancer,True,23,0.043478260869565216
SRX22996381,45,2,PRJNA1055415,Lung Cancer,True,23,0.08695652173913043
SRX22996381,8,1,PRJNA1055415,Lung Cancer,True,23,0.043478260869565216
SRX22996381,9,1,PRJNA1055415,Lung Cancer,True,23,0.043478260869565216
SRX22996382,13,1,PRJNA1055415,Lung Cancer,True,27,0.037037037037037035
SRX22996382,14,11,PRJNA1055415,Lung Cancer,True,27,0.4074074074074074
SRX22996382,20,2,PRJNA1055415,Lung Cancer,True,27,0.07407407407407407
SRX22996382,24,2,PRJNA1055415,Lung Cancer,True,27,0.07407407407407407
SRX22996382,36,4,PRJNA1055415,Lung Cancer,True,27,0.14814814814814814
SRX22996382,4,2,PRJNA1055415,Lung Cancer,True,27,0.07407407407407407
SRX22996382,44,1,PRJNA1055415,Lung Cancer,True,27,0.037037037037037035
SRX22996382,5,1,PRJNA1055415,Lung Cancer,True,27,0.037037037037037035
SRX22996382,59,1,PRJNA1055415,Lung Cancer,True,27,0.037037037037037035
SRX22996382,60,2,PRJNA1055415,Lung Cancer,True,27,0.07407407407407407
SRX22996383,1,26,PRJNA1055415,Lung Cancer,True,50,0.52
SRX22996383,13,1,PRJNA1055415,Lung Cancer,True,50,0.02
SRX22996383,24,2,PRJNA1055415,Lung Cancer,True,50,0.04
SRX22996383,26,3,PRJNA1055415,Lung Cancer,True,50,0.06
SRX22996383,34,4,PRJNA1055415,Lung Cancer,True,50,0.08
SRX22996383,4,1,PRJNA1055415,Lung Cancer,True,50,0.02
SRX22996383,45,1,PRJNA1055415,Lung Cancer,True,50,0.02
SRX22996383,5,3,PRJNA1055415,Lung Cancer,True,50,0.06
SRX22996383,6,2,PRJNA1055415,Lung Cancer,True,50,0.04
SRX22996383,9,7,PRJNA1055415,Lung Cancer,True,50,0.14
SRX22996384,1,27,PRJNA1055415,Lung Cancer,True,59,0.4576271186440678
SRX22996384,13,1,PRJNA1055415,Lung Cancer,True,59,0.01694915254237288
SRX22996384,24,5,PRJNA1055415,Lung Cancer,True,59,0.0847457627118644
SRX22996384,34,9,PRJNA1055415,Lung Cancer,True,59,0.15254237288135594
SRX22996384,4,6,PRJNA1055415,Lung Cancer,True,59,0.1016949152542373
SRX22996384,5,3,PRJNA1055415,Lung Cancer,True,59,0.05084745762711865
SRX22996384,6,3,PRJNA1055415,Lung Cancer,True,59,0.05084745762711865
SRX22996384,9,5,PRJNA1055415,Lung Cancer,True,59,0.0847457627118644
SRX22996385,0,1,PRJNA1055415,Lung Cancer,True,53,0.018867924528301886
SRX22996385,1,23,PRJNA1055415,Lung Cancer,True,53,0.4339622641509434
SRX22996385,13,4,PRJNA1055415,Lung Cancer,True,53,0.07547169811320754
SRX22996385,24,4,PRJNA1055415,Lung Cancer,True,53,0.07547169811320754
SRX22996385,26,1,PRJNA1055415,Lung Cancer,True,53,0.018867924528301886
SRX22996385,34,2,PRJNA1055415,Lung Cancer,True,53,0.03773584905660377
SRX22996385,4,6,PRJNA1055415,Lung Cancer,True,53,0.11320754716981132
SRX22996385,5,8,PRJNA1055415,Lung Cancer,True,53,0.1509433962264151
SRX22996385,9,4,PRJNA1055415,Lung Cancer,True,53,0.07547169811320754
SRX22996386,36,2,PRJNA1055415,Lung Cancer,True,34,0.058823529411764705
SRX22996386,38,3,PRJNA1055415,Lung Cancer,True,34,0.08823529411764706
SRX22996386,45,1,PRJNA1055415,Lung Cancer,True,34,0.029411764705882353
SRX22996386,5,1,PRJNA1055415,Lung Cancer,True,34,0.029411764705882353
SRX22996386,59,1,PRJNA1055415,Lung Cancer,True,34,0.029411764705882353
SRX22996386,8,22,PRJNA1055415,Lung Cancer,True,34,0.6470588235294118
SRX22996386,9,4,PRJNA1055415,Lung Cancer,True,34,0.11764705882352941
SRX22996387,1,1,PRJNA1055415,Lung Cancer,True,24,0.041666666666666664
SRX22996387,20,1,PRJNA1055415,Lung Cancer,True,24,0.041666666666666664
SRX22996387,36,3,PRJNA1055415,Lung Cancer,True,24,0.125
SRX22996387,43,1,PRJNA1055415,Lung Cancer,True,24,0.041666666666666664
SRX22996387,59,2,PRJNA1055415,Lung Cancer,True,24,0.08333333333333333
SRX22996387,6,1,PRJNA1055415,Lung Cancer,True,24,0.041666666666666664
SRX22996387,8,14,PRJNA1055415,Lung Cancer,True,24,0.5833333333333334
SRX22996387,9,1,PRJNA1055415,Lung Cancer,True,24,0.041666666666666664
SRX22996388,13,1,PRJNA1055415,Lung Cancer,True,30,0.03333333333333333
SRX22996388,36,1,PRJNA1055415,Lung Cancer,True,30,0.03333333333333333
SRX22996388,38,2,PRJNA1055415,Lung Cancer,True,30,0.06666666666666667
SRX22996388,4,2,PRJNA1055415,Lung Cancer,True,30,0.06666666666666667
SRX22996388,59,1,PRJNA1055415,Lung Cancer,True,30,0.03333333333333333
SRX22996388,8,20,PRJNA1055415,Lung Cancer,True,30,0.6666666666666666
SRX22996388,9,3,PRJNA1055415,Lung Cancer,True,30,0.1
SRX22996389,1,5,PRJNA1055415,Lung Cancer,True,36,0.1388888888888889
SRX22996389,13,1,PRJNA1055415,Lung Cancer,True,36,0.027777777777777776
SRX22996389,20,1,PRJNA1055415,Lung Cancer,True,36,0.027777777777777776
SRX22996389,34,1,PRJNA1055415,Lung Cancer,True,36,0.027777777777777776
SRX22996389,36,1,PRJNA1055415,Lung Cancer,True,36,0.027777777777777776
SRX22996389,38,2,PRJNA1055415,Lung Cancer,True,36,0.05555555555555555
SRX22996389,4,14,PRJNA1055415,Lung Cancer,True,36,0.3888888888888889
SRX22996389,44,1,PRJNA1055415,Lung Cancer,True,36,0.027777777777777776
SRX22996389,5,2,PRJNA1055415,Lung Cancer,True,36,0.05555555555555555
SRX22996389,59,1,PRJNA1055415,Lung Cancer,True,36,0.027777777777777776
SRX22996389,9,7,PRJNA1055415,Lung Cancer,True,36,0.19444444444444445
SRX22996390,1,1,PRJNA1055415,Lung Cancer,True,42,0.023809523809523808
SRX22996390,14,5,PRJNA1055415,Lung Cancer,True,42,0.11904761904761904
SRX22996390,36,3,PRJNA1055415,Lung Cancer,True,42,0.07142857142857142
SRX22996390,38,2,PRJNA1055415,Lung Cancer,True,42,0.047619047619047616
SRX22996390,4,1,PRJNA1055415,Lung Cancer,True,42,0.023809523809523808
SRX22996390,43,1,PRJNA1055415,Lung Cancer,True,42,0.023809523809523808
SRX22996390,44,1,PRJNA1055415,Lung Cancer,True,42,0.023809523809523808
SRX22996390,45,1,PRJNA1055415,Lung Cancer,True,42,0.023809523809523808
SRX22996390,59,2,PRJNA1055415,Lung Cancer,True,42,0.047619047619047616
SRX22996390,60,1,PRJNA1055415,Lung Cancer,True,42,0.023809523809523808
SRX22996390,8,21,PRJNA1055415,Lung Cancer,True,42,0.5
SRX22996390,9,3,PRJNA1055415,Lung Cancer,True,42,0.07142857142857142
SRX22996391,14,2,PRJNA1055415,Lung Cancer,True,34,0.058823529411764705
SRX22996391,26,1,PRJNA1055415,Lung Cancer,True,34,0.029411764705882353
SRX22996391,31,1,PRJNA1055415,Lung Cancer,True,34,0.029411764705882353
SRX22996391,36,3,PRJNA1055415,Lung Cancer,True,34,0.08823529411764706
SRX22996391,38,1,PRJNA1055415,Lung Cancer,True,34,0.029411764705882353
SRX22996391,4,2,PRJNA1055415,Lung Cancer,True,34,0.058823529411764705
SRX22996391,44,1,PRJNA1055415,Lung Cancer,True,34,0.029411764705882353
SRX22996391,45,1,PRJNA1055415,Lung Cancer,True,34,0.029411764705882353
SRX22996391,5,1,PRJNA1055415,Lung Cancer,True,34,0.029411764705882353
SRX22996391,59,1,PRJNA1055415,Lung Cancer,True,34,0.029411764705882353
SRX22996391,6,1,PRJNA1055415,Lung Cancer,True,34,0.029411764705882353
SRX22996391,8,15,PRJNA1055415,Lung Cancer,True,34,0.4411764705882353
SRX22996391,9,4,PRJNA1055415,Lung Cancer,True,34,0.11764705882352941
SRX22996392,0,2,PRJNA1055415,Lung Cancer,True,82,0.024390243902439025
SRX22996392,1,29,PRJNA1055415,Lung Cancer,True,82,0.35365853658536583
SRX22996392,20,2,PRJNA1055415,Lung Cancer,True,82,0.024390243902439025
SRX22996392,26,1,PRJNA1055415,Lung Cancer,True,82,0.012195121951219513
SRX22996392,4,1,PRJNA1055415,Lung Cancer,True,82,0.012195121951219513
SRX22996392,5,10,PRJNA1055415,Lung Cancer,True,82,0.12195121951219512
SRX22996392,6,37,PRJNA1055415,Lung Cancer,True,82,0.45121951219512196
SRX22996393,1,1,PRJNA1055415,Lung Cancer,True,17,0.058823529411764705
SRX22996393,36,2,PRJNA1055415,Lung Cancer,True,17,0.11764705882352941
SRX22996393,38,1,PRJNA1055415,Lung Cancer,True,17,0.058823529411764705
SRX22996393,44,1,PRJNA1055415,Lung Cancer,True,17,0.058823529411764705
SRX22996393,59,2,PRJNA1055415,Lung Cancer,True,17,0.11764705882352941
SRX22996393,8,10,PRJNA1055415,Lung Cancer,True,17,0.5882352941176471
SRX22996394,20,2,PRJNA1055415,Lung Cancer,True,21,0.09523809523809523
SRX22996394,36,3,PRJNA1055415,Lung Cancer,True,21,0.14285714285714285
SRX22996394,38,4,PRJNA1055415,Lung Cancer,True,21,0.19047619047619047
SRX22996394,60,1,PRJNA1055415,Lung Cancer,True,21,0.047619047619047616
SRX22996394,8,11,PRJNA1055415,Lung Cancer,True,21,0.5238095238095238
SRX22996395,14,1,PRJNA1055415,Lung Cancer,True,17,0.058823529411764705
SRX22996395,36,2,PRJNA1055415,Lung Cancer,True,17,0.11764705882352941
SRX22996395,38,3,PRJNA1055415,Lung Cancer,True,17,0.17647058823529413
SRX22996395,44,1,PRJNA1055415,Lung Cancer,True,17,0.058823529411764705
SRX22996395,8,8,PRJNA1055415,Lung Cancer,True,17,0.47058823529411764
SRX22996395,9,2,PRJNA1055415,Lung Cancer,True,17,0.11764705882352941
SRX22996396,0,1,PRJNA1055415,Lung Cancer,True,30,0.03333333333333333
SRX22996396,1,2,PRJNA1055415,Lung Cancer,True,30,0.06666666666666667
SRX22996396,14,7,PRJNA1055415,Lung Cancer,True,30,0.23333333333333334
SRX22996396,20,2,PRJNA1055415,Lung Cancer,True,30,0.06666666666666667
SRX22996396,24,1,PRJNA1055415,Lung Cancer,True,30,0.03333333333333333
SRX22996396,26,1,PRJNA1055415,Lung Cancer,True,30,0.03333333333333333
SRX22996396,36,2,PRJNA1055415,Lung Cancer,True,30,0.06666666666666667
SRX22996396,4,2,PRJNA1055415,Lung Cancer,True,30,0.06666666666666667
SRX22996396,44,1,PRJNA1055415,Lung Cancer,True,30,0.03333333333333333
SRX22996396,59,1,PRJNA1055415,Lung Cancer,True,30,0.03333333333333333
SRX22996396,6,5,PRJNA1055415,Lung Cancer,True,30,0.16666666666666666
SRX22996396,8,5,PRJNA1055415,Lung Cancer,True,30,0.16666666666666666
SRX22996397,0,2,PRJNA1055415,Lung Cancer,True,41,0.04878048780487805
SRX22996397,1,8,PRJNA1055415,Lung Cancer,True,41,0.1951219512195122
SRX22996397,14,4,PRJNA1055415,Lung Cancer,True,41,0.0975609756097561
SRX22996397,20,4,PRJNA1055415,Lung Cancer,True,41,0.0975609756097561
SRX22996397,34,1,PRJNA1055415,Lung Cancer,True,41,0.024390243902439025
SRX22996397,36,4,PRJNA1055415,Lung Cancer,True,41,0.0975609756097561
SRX22996397,38,1,PRJNA1055415,Lung Cancer,True,41,0.024390243902439025
SRX22996397,4,4,PRJNA1055415,Lung Cancer,True,41,0.0975609756097561
SRX22996397,44,3,PRJNA1055415,Lung Cancer,True,41,0.07317073170731707
SRX22996397,45,3,PRJNA1055415,Lung Cancer,True,41,0.07317073170731707
SRX22996397,6,1,PRJNA1055415,Lung Cancer,True,41,0.024390243902439025
SRX22996397,60,2,PRJNA1055415,Lung Cancer,True,41,0.04878048780487805
SRX22996397,8,4,PRJNA1055415,Lung Cancer,True,41,0.0975609756097561
SRX23231247,1,32,PRJNA1065377,IPF / Pulmonary Fibrosis,True,81,0.3950617283950617
SRX23231247,13,1,PRJNA1065377,IPF / Pulmonary Fibrosis,True,81,0.012345679012345678
SRX23231247,21,1,PRJNA1065377,IPF / Pulmonary Fibrosis,True,81,0.012345679012345678
SRX23231247,34,3,PRJNA1065377,IPF / Pulmonary Fibrosis,True,81,0.037037037037037035
SRX23231247,4,13,PRJNA1065377,IPF / Pulmonary Fibrosis,True,81,0.16049382716049382
SRX23231247,44,1,PRJNA1065377,IPF / Pulmonary Fibrosis,True,81,0.012345679012345678
SRX23231247,5,27,PRJNA1065377,IPF / Pulmonary Fibrosis,True,81,0.3333333333333333
SRX23231247,8,1,PRJNA1065377,IPF / Pulmonary Fibrosis,True,81,0.012345679012345678
SRX23231247,9,2,PRJNA1065377,IPF / Pulmonary Fibrosis,True,81,0.024691358024691357
SRX23331462,17,1,PRJNA1066790,COVID-19 / SARS-CoV-2,True,115,0.008695652173913044
SRX23331462,20,1,PRJNA1066790,COVID-19 / SARS-CoV-2,True,115,0.008695652173913044
SRX23331462,21,2,PRJNA1066790,COVID-19 / SARS-CoV-2,True,115,0.017391304347826087
SRX23331462,31,9,PRJNA1066790,COVID-19 / SARS-CoV-2,True,115,0.0782608695652174
SRX23331462,43,33,PRJNA1066790,COVID-19 / SARS-CoV-2,True,115,0.28695652173913044
SRX23331462,44,23,PRJNA1066790,COVID-19 / SARS-CoV-2,True,115,0.2
SRX23331462,45,46,PRJNA1066790,COVID-19 / SARS-CoV-2,True,115,0.4
SRX23331463,17,5,PRJNA1066790,COVID-19 / SARS-CoV-2,True,116,0.04310344827586207
SRX23331463,20,1,PRJNA1066790,COVID-19 / SARS-CoV-2,True,116,0.008620689655172414
SRX23331463,21,2,PRJNA1066790,COVID-19 / SARS-CoV-2,True,116,0.017241379310344827
SRX23331463,23,2,PRJNA1066790,COVID-19 / SARS-CoV-2,True,116,0.017241379310344827
SRX23331463,31,43,PRJNA1066790,COVID-19 / SARS-CoV-2,True,116,0.3706896551724138
SRX23331463,43,12,PRJNA1066790,COVID-19 / SARS-CoV-2,True,116,0.10344827586206896
SRX23331463,44,25,PRJNA1066790,COVID-19 / SARS-CoV-2,True,116,0.21551724137931033
SRX23331463,45,26,PRJNA1066790,COVID-19 / SARS-CoV-2,True,116,0.22413793103448276
SRX23331471,20,11,PRJNA1066790,COVID-19 / SARS-CoV-2,True,70,0.15714285714285714
SRX23331471,31,1,PRJNA1066790,COVID-19 / SARS-CoV-2,True,70,0.014285714285714285
SRX23331471,39,18,PRJNA1066790,COVID-19 / SARS-CoV-2,True,70,0.2571428571428571
SRX23331471,43,12,PRJNA1066790,COVID-19 / SARS-CoV-2,True,70,0.17142857142857143
SRX23331471,44,19,PRJNA1066790,COVID-19 / SARS-CoV-2,True,70,0.2714285714285714
SRX23331471,45,8,PRJNA1066790,COVID-19 / SARS-CoV-2,True,70,0.11428571428571428
SRX23331471,52,1,PRJNA1066790,COVID-19 / SARS-CoV-2,True,70,0.014285714285714285
SRX23331472,17,1,PRJNA1066790,COVID-19 / SARS-CoV-2,True,48,0.020833333333333332
SRX23331472,20,2,PRJNA1066790,COVID-19 / SARS-CoV-2,True,48,0.041666666666666664
SRX23331472,23,1,PRJNA1066790,COVID-19 / SARS-CoV-2,True,48,0.020833333333333332
SRX23331472,31,5,PRJNA1066790,COVID-19 / SARS-CoV-2,True,48,0.10416666666666667
SRX23331472,39,8,PRJNA1066790,COVID-19 / SARS-CoV-2,True,48,0.16666666666666666
SRX23331472,43,3,PRJNA1066790,COVID-19 / SARS-CoV-2,True,48,0.0625
SRX23331472,44,13,PRJNA1066790,COVID-19 / SARS-CoV-2,True,48,0.2708333333333333
SRX23331472,45,15,PRJNA1066790,COVID-19 / SARS-CoV-2,True,48,0.3125
SRX23395179,20,3,PRJNA1069102,COVID-19 / SARS-CoV-2,True,89,0.033707865168539325
SRX23395179,21,1,PRJNA1069102,COVID-19 / SARS-CoV-2,True,89,0.011235955056179775
SRX23395179,23,3,PRJNA1069102,COVID-19 / SARS-CoV-2,True,89,0.033707865168539325
SRX23395179,31,9,PRJNA1069102,COVID-19 / SARS-CoV-2,True,89,0.10112359550561797
SRX23395179,43,41,PRJNA1069102,COVID-19 / SARS-CoV-2,True,89,0.4606741573033708
SRX23395179,44,26,PRJNA1069102,COVID-19 / SARS-CoV-2,True,89,0.29213483146067415
SRX23395179,45,6,PRJNA1069102,COVID-19 / SARS-CoV-2,True,89,0.06741573033707865
SRX23395180,20,2,PRJNA1069102,Other,False,14,0.14285714285714285
SRX23395180,31,1,PRJNA1069102,Other,False,14,0.07142857142857142
SRX23395180,43,7,PRJNA1069102,Other,False,14,0.5
SRX23395180,44,2,PRJNA1069102,Other,False,14,0.14285714285714285
SRX23395180,45,2,PRJNA1069102,Other,False,14,0.14285714285714285
SRX23395181,20,1,PRJNA1069102,Other,False,35,0.02857142857142857
SRX23395181,21,1,PRJNA1069102,Other,False,35,0.02857142857142857
SRX23395181,31,1,PRJNA1069102,Other,False,35,0.02857142857142857
SRX23395181,43,10,PRJNA1069102,Other,False,35,0.2857142857142857
SRX23395181,44,14,PRJNA1069102,Other,False,35,0.4
SRX23395181,45,8,PRJNA1069102,Other,False,35,0.22857142857142856
SRX23395182,43,4,PRJNA1069102,COVID-19 / SARS-CoV-2,True,7,0.5714285714285714
SRX23395182,44,2,PRJNA1069102,COVID-19 / SARS-CoV-2,True,7,0.2857142857142857
SRX23395182,45,1,PRJNA1069102,COVID-19 / SARS-CoV-2,True,7,0.14285714285714285
SRX23395183,17,1,PRJNA1069102,Other,False,28,0.03571428571428571
SRX23395183,21,2,PRJNA1069102,Other,False,28,0.07142857142857142
SRX23395183,31,1,PRJNA1069102,Other,False,28,0.03571428571428571
SRX23395183,43,12,PRJNA1069102,Other,False,28,0.42857142857142855
SRX23395183,44,6,PRJNA1069102,Other,False,28,0.21428571428571427
SRX23395183,45,6,PRJNA1069102,Other,False,28,0.21428571428571427
SRX23395184,21,2,PRJNA1069102,COVID-19 / SARS-CoV-2,True,13,0.15384615384615385
SRX23395184,31,1,PRJNA1069102,COVID-19 / SARS-CoV-2,True,13,0.07692307692307693
SRX23395184,39,1,PRJNA1069102,COVID-19 / SARS-CoV-2,True,13,0.07692307692307693
SRX23395184,43,4,PRJNA1069102,COVID-19 / SARS-CoV-2,True,13,0.3076923076923077
SRX23395184,44,2,PRJNA1069102,COVID-19 / SARS-CoV-2,True,13,0.15384615384615385
SRX23395184,45,3,PRJNA1069102,COVID-19 / SARS-CoV-2,True,13,0.23076923076923078
SRX23395185,20,11,PRJNA1069102,COVID-19 / SARS-CoV-2,False,107,0.102803738317757
SRX23395185,21,1,PRJNA1069102,COVID-19 / SARS-CoV-2,False,107,0.009345794392523364
SRX23395185,23,1,PRJNA1069102,COVID-19 / SARS-CoV-2,False,107,0.009345794392523364
SRX23395185,31,4,PRJNA1069102,COVID-19 / SARS-CoV-2,False,107,0.037383177570093455
SRX23395185,43,57,PRJNA1069102,COVID-19 / SARS-CoV-2,False,107,0.5327102803738317
SRX23395185,44,27,PRJNA1069102,COVID-19 / SARS-CoV-2,False,107,0.2523364485981308
SRX23395185,45,6,PRJNA1069102,COVID-19 / SARS-CoV-2,False,107,0.056074766355140186
SRX23395186,17,1,PRJNA1069102,COVID-19 / SARS-CoV-2,True,51,0.0196078431372549
SRX23395186,20,6,PRJNA1069102,COVID-19 / SARS-CoV-2,True,51,0.11764705882352941
SRX23395186,21,4,PRJNA1069102,COVID-19 / SARS-CoV-2,True,51,0.0784313725490196
SRX23395186,31,2,PRJNA1069102,COVID-19 / SARS-CoV-2,True,51,0.0392156862745098
SRX23395186,43,24,PRJNA1069102,COVID-19 / SARS-CoV-2,True,51,0.47058823529411764
SRX23395186,44,12,PRJNA1069102,COVID-19 / SARS-CoV-2,True,51,0.23529411764705882
SRX23395186,45,2,PRJNA1069102,COVID-19 / SARS-CoV-2,True,51,0.0392156862745098
SRX23395187,20,2,PRJNA1069102,Other,False,88,0.022727272727272728
SRX23395187,21,3,PRJNA1069102,Other,False,88,0.03409090909090909
SRX23395187,23,2,PRJNA1069102,Other,False,88,0.022727272727272728
SRX23395187,31,5,PRJNA1069102,Other,False,88,0.056818181818181816
SRX23395187,43,56,PRJNA1069102,Other,False,88,0.6363636363636364
SRX23395187,44,15,PRJNA1069102,Other,False,88,0.17045454545454544
SRX23395187,45,5,PRJNA1069102,Other,False,88,0.056818181818181816
SRX23395188,17,2,PRJNA1069102,COVID-19 / SARS-CoV-2,True,92,0.021739130434782608
SRX23395188,20,3,PRJNA1069102,COVID-19 / SARS-CoV-2,True,92,0.03260869565217391
SRX23395188,21,1,PRJNA1069102,COVID-19 / SARS-CoV-2,True,92,0.010869565217391304
SRX23395188,23,2,PRJNA1069102,COVID-19 / SARS-CoV-2,True,92,0.021739130434782608
SRX23395188,31,5,PRJNA1069102,COVID-19 / SARS-CoV-2,True,92,0.05434782608695652
SRX23395188,43,57,PRJNA1069102,COVID-19 / SARS-CoV-2,True,92,0.6195652173913043
SRX23395188,44,18,PRJNA1069102,COVID-19 / SARS-CoV-2,True,92,0.1956521739130435
SRX23395188,45,4,PRJNA1069102,COVID-19 / SARS-CoV-2,True,92,0.043478260869565216
SRX23395189,20,2,PRJNA1069102,Other,False,42,0.047619047619047616
SRX23395189,31,2,PRJNA1069102,Other,False,42,0.047619047619047616
SRX23395189,43,18,PRJNA1069102,Other,False,42,0.42857142857142855
SRX23395189,44,13,PRJNA1069102,Other,False,42,0.30952380952380953
SRX23395189,45,7,PRJNA1069102,Other,False,42,0.16666666666666666
SRX23395190,20,4,PRJNA1069102,COVID-19 / SARS-CoV-2,True,74,0.05405405405405406
SRX23395190,23,2,PRJNA1069102,COVID-19 / SARS-CoV-2,True,74,0.02702702702702703
SRX23395190,31,1,PRJNA1069102,COVID-19 / SARS-CoV-2,True,74,0.013513513513513514
SRX23395190,43,40,PRJNA1069102,COVID-19 / SARS-CoV-2,True,74,0.5405405405405406
SRX23395190,44,17,PRJNA1069102,COVID-19 / SARS-CoV-2,True,74,0.22972972972972974
SRX23395190,45,10,PRJNA1069102,COVID-19 / SARS-CoV-2,True,74,0.13513513513513514
SRX23395191,31,3,PRJNA1069102,COVID-19 / SARS-CoV-2,False,20,0.15
SRX23395191,43,11,PRJNA1069102,COVID-19 / SARS-CoV-2,False,20,0.55
SRX23395191,44,3,PRJNA1069102,COVID-19 / SARS-CoV-2,False,20,0.15
SRX23395191,45,2,PRJNA1069102,COVID-19 / SARS-CoV-2,False,20,0.1
SRX23395191,52,1,PRJNA1069102,COVID-19 / SARS-CoV-2,False,20,0.05
SRX23395192,20,1,PRJNA1069102,COVID-19 / SARS-CoV-2,True,32,0.03125
SRX23395192,23,2,PRJNA1069102,COVID-19 / SARS-CoV-2,True,32,0.0625
SRX23395192,43,16,PRJNA1069102,COVID-19 / SARS-CoV-2,True,32,0.5
SRX23395192,44,10,PRJNA1069102,COVID-19 / SARS-CoV-2,True,32,0.3125
SRX23395192,45,3,PRJNA1069102,COVID-19 / SARS-CoV-2,True,32,0.09375
SRX23457975,17,1,PRJNA1071273,Other,False,32,0.03125
SRX23457975,20,11,PRJNA1071273,Other,False,32,0.34375
SRX23457975,21,3,PRJNA1071273,Other,False,32,0.09375
SRX23457975,23,7,PRJNA1071273,Other,False,32,0.21875
SRX23457975,31,2,PRJNA1071273,Other,False,32,0.0625
SRX23457975,43,1,PRJNA1071273,Other,False,32,0.03125
SRX23457975,44,2,PRJNA1071273,Other,False,32,0.0625
SRX23457975,45,5,PRJNA1071273,Other,False,32,0.15625
SRX23724073,1,21,PRJNA847631,COVID-19 / SARS-CoV-2,True,242,0.08677685950413223
SRX23724073,10,40,PRJNA847631,COVID-19 / SARS-CoV-2,True,242,0.1652892561983471
SRX23724073,13,3,PRJNA847631,COVID-19 / SARS-CoV-2,True,242,0.012396694214876033
SRX23724073,14,3,PRJNA847631,COVID-19 / SARS-CoV-2,True,242,0.012396694214876033
SRX23724073,21,1,PRJNA847631,COVID-19 / SARS-CoV-2,True,242,0.004132231404958678
SRX23724073,24,15,PRJNA847631,COVID-19 / SARS-CoV-2,True,242,0.06198347107438017
SRX23724073,26,7,PRJNA847631,COVID-19 / SARS-CoV-2,True,242,0.028925619834710745
SRX23724073,34,57,PRJNA847631,COVID-19 / SARS-CoV-2,True,242,0.23553719008264462
SRX23724073,36,33,PRJNA847631,COVID-19 / SARS-CoV-2,True,242,0.13636363636363635
SRX23724073,4,15,PRJNA847631,COVID-19 / SARS-CoV-2,True,242,0.06198347107438017
SRX23724073,43,4,PRJNA847631,COVID-19 / SARS-CoV-2,True,242,0.01652892561983471
SRX23724073,44,3,PRJNA847631,COVID-19 / SARS-CoV-2,True,242,0.012396694214876033
SRX23724073,5,4,PRJNA847631,COVID-19 / SARS-CoV-2,True,242,0.01652892561983471
SRX23724073,60,4,PRJNA847631,COVID-19 / SARS-CoV-2,True,242,0.01652892561983471
SRX23724073,7,21,PRJNA847631,COVID-19 / SARS-CoV-2,True,242,0.08677685950413223
SRX23724073,70,4,PRJNA847631,COVID-19 / SARS-CoV-2,True,242,0.01652892561983471
SRX23724073,8,3,PRJNA847631,COVID-19 / SARS-CoV-2,True,242,0.012396694214876033
SRX23724073,9,4,PRJNA847631,COVID-19 / SARS-CoV-2,True,242,0.01652892561983471
SRX23724074,1,25,PRJNA847631,Other,False,269,0.09293680297397769
SRX23724074,10,47,PRJNA847631,Other,False,269,0.17472118959107807
SRX23724074,13,5,PRJNA847631,Other,False,269,0.01858736059479554
SRX23724074,14,5,PRJNA847631,Other,False,269,0.01858736059479554
SRX23724074,23,1,PRJNA847631,Other,False,269,0.0037174721189591076
SRX23724074,24,20,PRJNA847631,Other,False,269,0.07434944237918216
SRX23724074,26,3,PRJNA847631,Other,False,269,0.011152416356877323
SRX23724074,34,73,PRJNA847631,Other,False,269,0.27137546468401486
SRX23724074,36,24,PRJNA847631,Other,False,269,0.08921933085501858
SRX23724074,38,2,PRJNA847631,Other,False,269,0.007434944237918215
SRX23724074,4,18,PRJNA847631,Other,False,269,0.06691449814126393
SRX23724074,43,4,PRJNA847631,Other,False,269,0.01486988847583643
SRX23724074,44,3,PRJNA847631,Other,False,269,0.011152416356877323
SRX23724074,45,1,PRJNA847631,Other,False,269,0.0037174721189591076
SRX23724074,5,2,PRJNA847631,Other,False,269,0.007434944237918215
SRX23724074,6,2,PRJNA847631,Other,False,269,0.007434944237918215
SRX23724074,60,5,PRJNA847631,Other,False,269,0.01858736059479554
SRX23724074,7,20,PRJNA847631,Other,False,269,0.07434944237918216
SRX23724074,70,4,PRJNA847631,Other,False,269,0.01486988847583643
SRX23724074,8,3,PRJNA847631,Other,False,269,0.011152416356877323
SRX23724074,9,2,PRJNA847631,Other,False,269,0.007434944237918215
SRX23724081,1,9,PRJNA847631,COVID-19 / SARS-CoV-2,True,99,0.09090909090909091
SRX23724081,10,18,PRJNA847631,COVID-19 / SARS-CoV-2,True,99,0.18181818181818182
SRX23724081,13,1,PRJNA847631,COVID-19 / SARS-CoV-2,True,99,0.010101010101010102
SRX23724081,14,4,PRJNA847631,COVID-19 / SARS-CoV-2,True,99,0.04040404040404041
SRX23724081,20,4,PRJNA847631,COVID-19 / SARS-CoV-2,True,99,0.04040404040404041
SRX23724081,21,5,PRJNA847631,COVID-19 / SARS-CoV-2,True,99,0.050505050505050504
SRX23724081,23,1,PRJNA847631,COVID-19 / SARS-CoV-2,True,99,0.010101010101010102
SRX23724081,26,5,PRJNA847631,COVID-19 / SARS-CoV-2,True,99,0.050505050505050504
SRX23724081,34,7,PRJNA847631,COVID-19 / SARS-CoV-2,True,99,0.0707070707070707
SRX23724081,36,9,PRJNA847631,COVID-19 / SARS-CoV-2,True,99,0.09090909090909091
SRX23724081,38,6,PRJNA847631,COVID-19 / SARS-CoV-2,True,99,0.06060606060606061
SRX23724081,39,1,PRJNA847631,COVID-19 / SARS-CoV-2,True,99,0.010101010101010102
SRX23724081,4,6,PRJNA847631,COVID-19 / SARS-CoV-2,True,99,0.06060606060606061
SRX23724081,43,6,PRJNA847631,COVID-19 / SARS-CoV-2,True,99,0.06060606060606061
SRX23724081,44,2,PRJNA847631,COVID-19 / SARS-CoV-2,True,99,0.020202020202020204
SRX23724081,52,8,PRJNA847631,COVID-19 / SARS-CoV-2,True,99,0.08080808080808081
SRX23724081,59,2,PRJNA847631,COVID-19 / SARS-CoV-2,True,99,0.020202020202020204
SRX23724081,60,1,PRJNA847631,COVID-19 / SARS-CoV-2,True,99,0.010101010101010102
SRX23724081,8,4,PRJNA847631,COVID-19 / SARS-CoV-2,True,99,0.04040404040404041
SRX23724082,1,1,PRJNA847631,COVID-19 / SARS-CoV-2,True,211,0.004739336492890996
SRX23724082,10,1,PRJNA847631,COVID-19 / SARS-CoV-2,True,211,0.004739336492890996
SRX23724082,11,2,PRJNA847631,COVID-19 / SARS-CoV-2,True,211,0.009478672985781991
SRX23724082,14,21,PRJNA847631,COVID-19 / SARS-CoV-2,True,211,0.0995260663507109
SRX23724082,17,7,PRJNA847631,COVID-19 / SARS-CoV-2,True,211,0.03317535545023697
SRX23724082,20,7,PRJNA847631,COVID-19 / SARS-CoV-2,True,211,0.03317535545023697
SRX23724082,21,6,PRJNA847631,COVID-19 / SARS-CoV-2,True,211,0.02843601895734597
SRX23724082,23,3,PRJNA847631,COVID-19 / SARS-CoV-2,True,211,0.014218009478672985
SRX23724082,24,1,PRJNA847631,COVID-19 / SARS-CoV-2,True,211,0.004739336492890996
SRX23724082,26,16,PRJNA847631,COVID-19 / SARS-CoV-2,True,211,0.07582938388625593
SRX23724082,31,1,PRJNA847631,COVID-19 / SARS-CoV-2,True,211,0.004739336492890996
SRX23724082,34,2,PRJNA847631,COVID-19 / SARS-CoV-2,True,211,0.009478672985781991
SRX23724082,36,5,PRJNA847631,COVID-19 / SARS-CoV-2,True,211,0.023696682464454975
SRX23724082,43,3,PRJNA847631,COVID-19 / SARS-CoV-2,True,211,0.014218009478672985
SRX23724082,44,1,PRJNA847631,COVID-19 / SARS-CoV-2,True,211,0.004739336492890996
SRX23724082,52,1,PRJNA847631,COVID-19 / SARS-CoV-2,True,211,0.004739336492890996
SRX23724082,59,7,PRJNA847631,COVID-19 / SARS-CoV-2,True,211,0.03317535545023697
SRX23724082,60,4,PRJNA847631,COVID-19 / SARS-CoV-2,True,211,0.018957345971563982
SRX23724082,8,43,PRJNA847631,COVID-19 / SARS-CoV-2,True,211,0.2037914691943128
SRX23724082,9,79,PRJNA847631,COVID-19 / SARS-CoV-2,True,211,0.3744075829383886
SRX23724083,13,1,PRJNA847631,COVID-19 / SARS-CoV-2,True,203,0.0049261083743842365
SRX23724083,14,6,PRJNA847631,COVID-19 / SARS-CoV-2,True,203,0.029556650246305417
SRX23724083,17,16,PRJNA847631,COVID-19 / SARS-CoV-2,True,203,0.07881773399014778
SRX23724083,20,5,PRJNA847631,COVID-19 / SARS-CoV-2,True,203,0.024630541871921183
SRX23724083,21,2,PRJNA847631,COVID-19 / SARS-CoV-2,True,203,0.009852216748768473
SRX23724083,23,1,PRJNA847631,COVID-19 / SARS-CoV-2,True,203,0.0049261083743842365
SRX23724083,26,11,PRJNA847631,COVID-19 / SARS-CoV-2,True,203,0.054187192118226604
SRX23724083,29,1,PRJNA847631,COVID-19 / SARS-CoV-2,True,203,0.0049261083743842365
SRX23724083,36,5,PRJNA847631,COVID-19 / SARS-CoV-2,True,203,0.024630541871921183
SRX23724083,43,3,PRJNA847631,COVID-19 / SARS-CoV-2,True,203,0.014778325123152709
SRX23724083,45,2,PRJNA847631,COVID-19 / SARS-CoV-2,True,203,0.009852216748768473
SRX23724083,5,1,PRJNA847631,COVID-19 / SARS-CoV-2,True,203,0.0049261083743842365
SRX23724083,51,1,PRJNA847631,COVID-19 / SARS-CoV-2,True,203,0.0049261083743842365
SRX23724083,59,9,PRJNA847631,COVID-19 / SARS-CoV-2,True,203,0.04433497536945813
SRX23724083,60,3,PRJNA847631,COVID-19 / SARS-CoV-2,True,203,0.014778325123152709
SRX23724083,8,49,PRJNA847631,COVID-19 / SARS-CoV-2,True,203,0.2413793103448276
SRX23724083,9,87,PRJNA847631,COVID-19 / SARS-CoV-2,True,203,0.42857142857142855
SRX23724084,1,7,PRJNA847631,COVID-19 / SARS-CoV-2,,48,0.14583333333333334
SRX23724084,10,3,PRJNA847631,COVID-19 / SARS-CoV-2,,48,0.0625
SRX23724084,14,2,PRJNA847631,COVID-19 / SARS-CoV-2,,48,0.041666666666666664
SRX23724084,21,6,PRJNA847631,COVID-19 / SARS-CoV-2,,48,0.125
SRX23724084,24,1,PRJNA847631,COVID-19 / SARS-CoV-2,,48,0.020833333333333332
SRX23724084,26,13,PRJNA847631,COVID-19 / SARS-CoV-2,,48,0.2708333333333333
SRX23724084,34,3,PRJNA847631,COVID-19 / SARS-CoV-2,,48,0.0625
SRX23724084,36,2,PRJNA847631,COVID-19 / SARS-CoV-2,,48,0.041666666666666664
SRX23724084,38,3,PRJNA847631,COVID-19 / SARS-CoV-2,,48,0.0625
SRX23724084,5,1,PRJNA847631,COVID-19 / SARS-CoV-2,,48,0.020833333333333332
SRX23724084,52,1,PRJNA847631,COVID-19 / SARS-CoV-2,,48,0.020833333333333332
SRX23724084,59,1,PRJNA847631,COVID-19 / SARS-CoV-2,,48,0.020833333333333332
SRX23724084,8,3,PRJNA847631,COVID-19 / SARS-CoV-2,,48,0.0625
SRX23724084,9,2,PRJNA847631,COVID-19 / SARS-CoV-2,,48,0.041666666666666664
SRX23724085,1,4,PRJNA847631,COVID-19 / SARS-CoV-2,True,46,0.08695652173913043
SRX23724085,10,6,PRJNA847631,COVID-19 / SARS-CoV-2,True,46,0.13043478260869565
SRX23724085,14,3,PRJNA847631,COVID-19 / SARS-CoV-2,True,46,0.06521739130434782
SRX23724085,20,2,PRJNA847631,COVID-19 / SARS-CoV-2,True,46,0.043478260869565216
SRX23724085,21,5,PRJNA847631,COVID-19 / SARS-CoV-2,True,46,0.10869565217391304
SRX23724085,23,2,PRJNA847631,COVID-19 / SARS-CoV-2,True,46,0.043478260869565216
SRX23724085,26,10,PRJNA847631,COVID-19 / SARS-CoV-2,True,46,0.21739130434782608
SRX23724085,34,4,PRJNA847631,COVID-19 / SARS-CoV-2,True,46,0.08695652173913043
SRX23724085,36,2,PRJNA847631,COVID-19 / SARS-CoV-2,True,46,0.043478260869565216
SRX23724085,38,1,PRJNA847631,COVID-19 / SARS-CoV-2,True,46,0.021739130434782608
SRX23724085,5,1,PRJNA847631,COVID-19 / SARS-CoV-2,True,46,0.021739130434782608
SRX23724085,59,2,PRJNA847631,COVID-19 / SARS-CoV-2,True,46,0.043478260869565216
SRX23724085,9,4,PRJNA847631,COVID-19 / SARS-CoV-2,True,46,0.08695652173913043
SRX23724086,1,1,PRJNA847631,Other,False,25,0.04
SRX23724086,21,3,PRJNA847631,Other,False,25,0.12
SRX23724086,24,1,PRJNA847631,Other,False,25,0.04
SRX23724086,26,6,PRJNA847631,Other,False,25,0.24
SRX23724086,34,3,PRJNA847631,Other,False,25,0.12
SRX23724086,36,4,PRJNA847631,Other,False,25,0.16
SRX23724086,38,2,PRJNA847631,Other,False,25,0.08
SRX23724086,52,1,PRJNA847631,Other,False,25,0.04
SRX23724086,59,2,PRJNA847631,Other,False,25,0.08
SRX23724086,8,2,PRJNA847631,Other,False,25,0.08
SRX23724087,1,2,PRJNA847631,Other,False,47,0.0425531914893617
SRX23724087,10,4,PRJNA847631,Other,False,47,0.0851063829787234
SRX23724087,13,3,PRJNA847631,Other,False,47,0.06382978723404255
SRX23724087,14,1,PRJNA847631,Other,False,47,0.02127659574468085
SRX23724087,21,6,PRJNA847631,Other,False,47,0.1276595744680851
SRX23724087,26,7,PRJNA847631,Other,False,47,0.14893617021276595
SRX23724087,32,1,PRJNA847631,Other,False,47,0.02127659574468085
SRX23724087,36,7,PRJNA847631,Other,False,47,0.14893617021276595
SRX23724087,38,1,PRJNA847631,Other,False,47,0.02127659574468085
SRX23724087,5,3,PRJNA847631,Other,False,47,0.06382978723404255
SRX23724087,59,3,PRJNA847631,Other,False,47,0.06382978723404255
SRX23724087,8,3,PRJNA847631,Other,False,47,0.06382978723404255
SRX23724087,9,6,PRJNA847631,Other,False,47,0.1276595744680851
SRX23724088,1,6,PRJNA847631,COVID-19 / SARS-CoV-2,True,51,0.11764705882352941
SRX23724088,10,3,PRJNA847631,COVID-19 / SARS-CoV-2,True,51,0.058823529411764705
SRX23724088,13,1,PRJNA847631,COVID-19 / SARS-CoV-2,True,51,0.0196078431372549
SRX23724088,14,1,PRJNA847631,COVID-19 / SARS-CoV-2,True,51,0.0196078431372549
SRX23724088,20,1,PRJNA847631,COVID-19 / SARS-CoV-2,True,51,0.0196078431372549
SRX23724088,21,4,PRJNA847631,COVID-19 / SARS-CoV-2,True,51,0.0784313725490196
SRX23724088,26,10,PRJNA847631,COVID-19 / SARS-CoV-2,True,51,0.19607843137254902
SRX23724088,36,2,PRJNA847631,COVID-19 / SARS-CoV-2,True,51,0.0392156862745098
SRX23724088,38,1,PRJNA847631,COVID-19 / SARS-CoV-2,True,51,0.0196078431372549
SRX23724088,43,1,PRJNA847631,COVID-19 / SARS-CoV-2,True,51,0.0196078431372549
SRX23724088,45,2,PRJNA847631,COVID-19 / SARS-CoV-2,True,51,0.0392156862745098
SRX23724088,5,1,PRJNA847631,COVID-19 / SARS-CoV-2,True,51,0.0196078431372549
SRX23724088,52,3,PRJNA847631,COVID-19 / SARS-CoV-2,True,51,0.058823529411764705
SRX23724088,59,2,PRJNA847631,COVID-19 / SARS-CoV-2,True,51,0.0392156862745098
SRX23724088,8,3,PRJNA847631,COVID-19 / SARS-CoV-2,True,51,0.058823529411764705
SRX23724088,9,10,PRJNA847631,COVID-19 / SARS-CoV-2,True,51,0.19607843137254902
SRX23724090,1,2,PRJNA847631,COVID-19 / SARS-CoV-2,True,41,0.04878048780487805
SRX23724090,10,4,PRJNA847631,COVID-19 / SARS-CoV-2,True,41,0.0975609756097561
SRX23724090,14,1,PRJNA847631,COVID-19 / SARS-CoV-2,True,41,0.024390243902439025
SRX23724090,21,5,PRJNA847631,COVID-19 / SARS-CoV-2,True,41,0.12195121951219512
SRX23724090,26,10,PRJNA847631,COVID-19 / SARS-CoV-2,True,41,0.24390243902439024
SRX23724090,34,3,PRJNA847631,COVID-19 / SARS-CoV-2,True,41,0.07317073170731707
SRX23724090,36,4,PRJNA847631,COVID-19 / SARS-CoV-2,True,41,0.0975609756097561
SRX23724090,38,4,PRJNA847631,COVID-19 / SARS-CoV-2,True,41,0.0975609756097561
SRX23724090,5,1,PRJNA847631,COVID-19 / SARS-CoV-2,True,41,0.024390243902439025
SRX23724090,52,2,PRJNA847631,COVID-19 / SARS-CoV-2,True,41,0.04878048780487805
SRX23724090,60,1,PRJNA847631,COVID-19 / SARS-CoV-2,True,41,0.024390243902439025
SRX23724090,9,4,PRJNA847631,COVID-19 / SARS-CoV-2,True,41,0.0975609756097561
SRX23724091,66,359,PRJNA847631,COVID-19 / SARS-CoV-2,True,361,0.9944598337950139
SRX23724091,9,2,PRJNA847631,COVID-19 / SARS-CoV-2,True,361,0.00554016620498615
SRX23724094,1,10,PRJNA847631,COVID-19 / SARS-CoV-2,True,97,0.10309278350515463
SRX23724094,10,21,PRJNA847631,COVID-19 / SARS-CoV-2,True,97,0.21649484536082475
SRX23724094,13,1,PRJNA847631,COVID-19 / SARS-CoV-2,True,97,0.010309278350515464
SRX23724094,14,1,PRJNA847631,COVID-19 / SARS-CoV-2,True,97,0.010309278350515464
SRX23724094,20,4,PRJNA847631,COVID-19 / SARS-CoV-2,True,97,0.041237113402061855
SRX23724094,24,3,PRJNA847631,COVID-19 / SARS-CoV-2,True,97,0.030927835051546393
SRX23724094,26,3,PRJNA847631,COVID-19 / SARS-CoV-2,True,97,0.030927835051546393
SRX23724094,34,2,PRJNA847631,COVID-19 / SARS-CoV-2,True,97,0.020618556701030927
SRX23724094,36,8,PRJNA847631,COVID-19 / SARS-CoV-2,True,97,0.08247422680412371
SRX23724094,39,1,PRJNA847631,COVID-19 / SARS-CoV-2,True,97,0.010309278350515464
SRX23724094,4,8,PRJNA847631,COVID-19 / SARS-CoV-2,True,97,0.08247422680412371
SRX23724094,43,9,PRJNA847631,COVID-19 / SARS-CoV-2,True,97,0.09278350515463918
SRX23724094,44,7,PRJNA847631,COVID-19 / SARS-CoV-2,True,97,0.07216494845360824
SRX23724094,5,1,PRJNA847631,COVID-19 / SARS-CoV-2,True,97,0.010309278350515464
SRX23724094,52,13,PRJNA847631,COVID-19 / SARS-CoV-2,True,97,0.13402061855670103
SRX23724094,59,4,PRJNA847631,COVID-19 / SARS-CoV-2,True,97,0.041237113402061855
SRX23724094,8,1,PRJNA847631,COVID-19 / SARS-CoV-2,True,97,0.010309278350515464
SRX23724095,1,9,PRJNA847631,COVID-19 / SARS-CoV-2,,52,0.17307692307692307
SRX23724095,10,9,PRJNA847631,COVID-19 / SARS-CoV-2,,52,0.17307692307692307
SRX23724095,13,1,PRJNA847631,COVID-19 / SARS-CoV-2,,52,0.019230769230769232
SRX23724095,14,2,PRJNA847631,COVID-19 / SARS-CoV-2,,52,0.038461538461538464
SRX23724095,24,1,PRJNA847631,COVID-19 / SARS-CoV-2,,52,0.019230769230769232
SRX23724095,26,8,PRJNA847631,COVID-19 / SARS-CoV-2,,52,0.15384615384615385
SRX23724095,34,6,PRJNA847631,COVID-19 / SARS-CoV-2,,52,0.11538461538461539
SRX23724095,36,4,PRJNA847631,COVID-19 / SARS-CoV-2,,52,0.07692307692307693
SRX23724095,38,2,PRJNA847631,COVID-19 / SARS-CoV-2,,52,0.038461538461538464
SRX23724095,4,2,PRJNA847631,COVID-19 / SARS-CoV-2,,52,0.038461538461538464
SRX23724095,43,1,PRJNA847631,COVID-19 / SARS-CoV-2,,52,0.019230769230769232
SRX23724095,44,2,PRJNA847631,COVID-19 / SARS-CoV-2,,52,0.038461538461538464
SRX23724095,52,1,PRJNA847631,COVID-19 / SARS-CoV-2,,52,0.019230769230769232
SRX23724095,59,2,PRJNA847631,COVID-19 / SARS-CoV-2,,52,0.038461538461538464
SRX23724095,60,1,PRJNA847631,COVID-19 / SARS-CoV-2,,52,0.019230769230769232
SRX23724095,9,1,PRJNA847631,COVID-19 / SARS-CoV-2,,52,0.019230769230769232
SRX23724096,0,1,PRJNA847631,COVID-19 / SARS-CoV-2,True,125,0.008
SRX23724096,1,4,PRJNA847631,COVID-19 / SARS-CoV-2,True,125,0.032
SRX23724096,10,8,PRJNA847631,COVID-19 / SARS-CoV-2,True,125,0.064
SRX23724096,13,1,PRJNA847631,COVID-19 / SARS-CoV-2,True,125,0.008
SRX23724096,14,8,PRJNA847631,COVID-19 / SARS-CoV-2,True,125,0.064
SRX23724096,20,1,PRJNA847631,COVID-19 / SARS-CoV-2,True,125,0.008
SRX23724096,21,17,PRJNA847631,COVID-19 / SARS-CoV-2,True,125,0.136
SRX23724096,24,1,PRJNA847631,COVID-19 / SARS-CoV-2,True,125,0.008
SRX23724096,26,8,PRJNA847631,COVID-19 / SARS-CoV-2,True,125,0.064
SRX23724096,36,9,PRJNA847631,COVID-19 / SARS-CoV-2,True,125,0.072
SRX23724096,38,17,PRJNA847631,COVID-19 / SARS-CoV-2,True,125,0.136
SRX23724096,39,1,PRJNA847631,COVID-19 / SARS-CoV-2,True,125,0.008
SRX23724096,4,9,PRJNA847631,COVID-19 / SARS-CoV-2,True,125,0.072
SRX23724096,43,2,PRJNA847631,COVID-19 / SARS-CoV-2,True,125,0.016
SRX23724096,52,33,PRJNA847631,COVID-19 / SARS-CoV-2,True,125,0.264
SRX23724096,59,2,PRJNA847631,COVID-19 / SARS-CoV-2,True,125,0.016
SRX23724096,8,2,PRJNA847631,COVID-19 / SARS-CoV-2,True,125,0.016
SRX23724096,9,1,PRJNA847631,COVID-19 / SARS-CoV-2,True,125,0.008
SRX23724097,13,1,PRJNA847631,Other,False,34,0.029411764705882353
SRX23724097,14,1,PRJNA847631,Other,False,34,0.029411764705882353
SRX23724097,21,1,PRJNA847631,Other,False,34,0.029411764705882353
SRX23724097,26,21,PRJNA847631,Other,False,34,0.6176470588235294
SRX23724097,34,3,PRJNA847631,Other,False,34,0.08823529411764706
SRX23724097,36,6,PRJNA847631,Other,False,34,0.17647058823529413
SRX23724097,59,1,PRJNA847631,Other,False,34,0.029411764705882353
SRX23724098,1,8,PRJNA847631,COVID-19 / SARS-CoV-2,True,107,0.07476635514018691
SRX23724098,10,13,PRJNA847631,COVID-19 / SARS-CoV-2,True,107,0.12149532710280374
SRX23724098,13,3,PRJNA847631,COVID-19 / SARS-CoV-2,True,107,0.028037383177570093
SRX23724098,14,5,PRJNA847631,COVID-19 / SARS-CoV-2,True,107,0.04672897196261682
SRX23724098,20,1,PRJNA847631,COVID-19 / SARS-CoV-2,True,107,0.009345794392523364
SRX23724098,21,14,PRJNA847631,COVID-19 / SARS-CoV-2,True,107,0.1308411214953271
SRX23724098,23,1,PRJNA847631,COVID-19 / SARS-CoV-2,True,107,0.009345794392523364
SRX23724098,24,1,PRJNA847631,COVID-19 / SARS-CoV-2,True,107,0.009345794392523364
SRX23724098,26,4,PRJNA847631,COVID-19 / SARS-CoV-2,True,107,0.037383177570093455
SRX23724098,36,13,PRJNA847631,COVID-19 / SARS-CoV-2,True,107,0.12149532710280374
SRX23724098,38,14,PRJNA847631,COVID-19 / SARS-CoV-2,True,107,0.1308411214953271
SRX23724098,4,8,PRJNA847631,COVID-19 / SARS-CoV-2,True,107,0.07476635514018691
SRX23724098,43,5,PRJNA847631,COVID-19 / SARS-CoV-2,True,107,0.04672897196261682
SRX23724098,44,1,PRJNA847631,COVID-19 / SARS-CoV-2,True,107,0.009345794392523364
SRX23724098,52,10,PRJNA847631,COVID-19 / SARS-CoV-2,True,107,0.09345794392523364
SRX23724098,59,3,PRJNA847631,COVID-19 / SARS-CoV-2,True,107,0.028037383177570093
SRX23724098,6,1,PRJNA847631,COVID-19 / SARS-CoV-2,True,107,0.009345794392523364
SRX23724098,60,2,PRJNA847631,COVID-19 / SARS-CoV-2,True,107,0.018691588785046728
SRX23724100,1,7,PRJNA847631,COVID-19 / SARS-CoV-2,True,126,0.05555555555555555
SRX23724100,10,9,PRJNA847631,COVID-19 / SARS-CoV-2,True,126,0.07142857142857142
SRX23724100,13,3,PRJNA847631,COVID-19 / SARS-CoV-2,True,126,0.023809523809523808
SRX23724100,14,5,PRJNA847631,COVID-19 / SARS-CoV-2,True,126,0.03968253968253968
SRX23724100,17,1,PRJNA847631,COVID-19 / SARS-CoV-2,True,126,0.007936507936507936
SRX23724100,20,3,PRJNA847631,COVID-19 / SARS-CoV-2,True,126,0.023809523809523808
SRX23724100,21,16,PRJNA847631,COVID-19 / SARS-CoV-2,True,126,0.12698412698412698
SRX23724100,24,1,PRJNA847631,COVID-19 / SARS-CoV-2,True,126,0.007936507936507936
SRX23724100,26,10,PRJNA847631,COVID-19 / SARS-CoV-2,True,126,0.07936507936507936
SRX23724100,34,1,PRJNA847631,COVID-19 / SARS-CoV-2,True,126,0.007936507936507936
SRX23724100,36,10,PRJNA847631,COVID-19 / SARS-CoV-2,True,126,0.07936507936507936
SRX23724100,38,14,PRJNA847631,COVID-19 / SARS-CoV-2,True,126,0.1111111111111111
SRX23724100,39,1,PRJNA847631,COVID-19 / SARS-CoV-2,True,126,0.007936507936507936
SRX23724100,4,13,PRJNA847631,COVID-19 / SARS-CoV-2,True,126,0.10317460317460317
SRX23724100,43,2,PRJNA847631,COVID-19 / SARS-CoV-2,True,126,0.015873015873015872
SRX23724100,5,2,PRJNA847631,COVID-19 / SARS-CoV-2,True,126,0.015873015873015872
SRX23724100,52,27,PRJNA847631,COVID-19 / SARS-CoV-2,True,126,0.21428571428571427
SRX23724100,8,1,PRJNA847631,COVID-19 / SARS-CoV-2,True,126,0.007936507936507936
SRX23724101,1,9,PRJNA847631,COVID-19 / SARS-CoV-2,True,96,0.09375
SRX23724101,10,9,PRJNA847631,COVID-19 / SARS-CoV-2,True,96,0.09375
SRX23724101,13,1,PRJNA847631,COVID-19 / SARS-CoV-2,True,96,0.010416666666666666
SRX23724101,14,2,PRJNA847631,COVID-19 / SARS-CoV-2,True,96,0.020833333333333332
SRX23724101,17,1,PRJNA847631,COVID-19 / SARS-CoV-2,True,96,0.010416666666666666
SRX23724101,20,2,PRJNA847631,COVID-19 / SARS-CoV-2,True,96,0.020833333333333332
SRX23724101,21,16,PRJNA847631,COVID-19 / SARS-CoV-2,True,96,0.16666666666666666
SRX23724101,23,1,PRJNA847631,COVID-19 / SARS-CoV-2,True,96,0.010416666666666666
SRX23724101,26,5,PRJNA847631,COVID-19 / SARS-CoV-2,True,96,0.052083333333333336
SRX23724101,34,1,PRJNA847631,COVID-19 / SARS-CoV-2,True,96,0.010416666666666666
SRX23724101,36,11,PRJNA847631,COVID-19 / SARS-CoV-2,True,96,0.11458333333333333
SRX23724101,38,10,PRJNA847631,COVID-19 / SARS-CoV-2,True,96,0.10416666666666667
SRX23724101,39,1,PRJNA847631,COVID-19 / SARS-CoV-2,True,96,0.010416666666666666
SRX23724101,4,8,PRJNA847631,COVID-19 / SARS-CoV-2,True,96,0.08333333333333333
SRX23724101,43,1,PRJNA847631,COVID-19 / SARS-CoV-2,True,96,0.010416666666666666
SRX23724101,5,1,PRJNA847631,COVID-19 / SARS-CoV-2,True,96,0.010416666666666666
SRX23724101,52,14,PRJNA847631,COVID-19 / SARS-CoV-2,True,96,0.14583333333333334
SRX23724101,59,2,PRJNA847631,COVID-19 / SARS-CoV-2,True,96,0.020833333333333332
SRX23724101,8,1,PRJNA847631,COVID-19 / SARS-CoV-2,True,96,0.010416666666666666
SRX23724102,1,32,PRJNA847631,Other,False,93,0.34408602150537637
SRX23724102,10,4,PRJNA847631,Other,False,93,0.043010752688172046
SRX23724102,13,5,PRJNA847631,Other,False,93,0.053763440860215055
SRX23724102,14,1,PRJNA847631,Other,False,93,0.010752688172043012
SRX23724102,20,1,PRJNA847631,Other,False,93,0.010752688172043012
SRX23724102,21,2,PRJNA847631,Other,False,93,0.021505376344086023
SRX23724102,23,1,PRJNA847631,Other,False,93,0.010752688172043012
SRX23724102,24,2,PRJNA847631,Other,False,93,0.021505376344086023
SRX23724102,26,2,PRJNA847631,Other,False,93,0.021505376344086023
SRX23724102,36,12,PRJNA847631,Other,False,93,0.12903225806451613
SRX23724102,38,2,PRJNA847631,Other,False,93,0.021505376344086023
SRX23724102,39,1,PRJNA847631,Other,False,93,0.010752688172043012
SRX23724102,4,8,PRJNA847631,Other,False,93,0.08602150537634409
SRX23724102,43,1,PRJNA847631,Other,False,93,0.010752688172043012
SRX23724102,44,2,PRJNA847631,Other,False,93,0.021505376344086023
SRX23724102,5,7,PRJNA847631,Other,False,93,0.07526881720430108
SRX23724102,52,1,PRJNA847631,Other,False,93,0.010752688172043012
SRX23724102,59,4,PRJNA847631,Other,False,93,0.043010752688172046
SRX23724102,6,5,PRJNA847631,Other,False,93,0.053763440860215055
SRX23724103,1,3,PRJNA847631,COVID-19 / SARS-CoV-2,True,37,0.08108108108108109
SRX23724103,10,2,PRJNA847631,COVID-19 / SARS-CoV-2,True,37,0.05405405405405406
SRX23724103,13,2,PRJNA847631,COVID-19 / SARS-CoV-2,True,37,0.05405405405405406
SRX23724103,14,1,PRJNA847631,COVID-19 / SARS-CoV-2,True,37,0.02702702702702703
SRX23724103,21,2,PRJNA847631,COVID-19 / SARS-CoV-2,True,37,0.05405405405405406
SRX23724103,24,4,PRJNA847631,COVID-19 / SARS-CoV-2,True,37,0.10810810810810811
SRX23724103,26,9,PRJNA847631,COVID-19 / SARS-CoV-2,True,37,0.24324324324324326
SRX23724103,31,1,PRJNA847631,COVID-19 / SARS-CoV-2,True,37,0.02702702702702703
SRX23724103,34,1,PRJNA847631,COVID-19 / SARS-CoV-2,True,37,0.02702702702702703
SRX23724103,36,4,PRJNA847631,COVID-19 / SARS-CoV-2,True,37,0.10810810810810811
SRX23724103,38,1,PRJNA847631,COVID-19 / SARS-CoV-2,True,37,0.02702702702702703
SRX23724103,4,1,PRJNA847631,COVID-19 / SARS-CoV-2,True,37,0.02702702702702703
SRX23724103,52,1,PRJNA847631,COVID-19 / SARS-CoV-2,True,37,0.02702702702702703
SRX23724103,59,2,PRJNA847631,COVID-19 / SARS-CoV-2,True,37,0.05405405405405406
SRX23724103,60,1,PRJNA847631,COVID-19 / SARS-CoV-2,True,37,0.02702702702702703
SRX23724103,9,2,PRJNA847631,COVID-19 / SARS-CoV-2,True,37,0.05405405405405406
SRX23724104,0,2,PRJNA847631,COVID-19 / SARS-CoV-2,True,86,0.023255813953488372
SRX23724104,1,21,PRJNA847631,COVID-19 / SARS-CoV-2,True,86,0.2441860465116279
SRX23724104,10,5,PRJNA847631,COVID-19 / SARS-CoV-2,True,86,0.05813953488372093
SRX23724104,13,1,PRJNA847631,COVID-19 / SARS-CoV-2,True,86,0.011627906976744186
SRX23724104,14,3,PRJNA847631,COVID-19 / SARS-CoV-2,True,86,0.03488372093023256
SRX23724104,20,3,PRJNA847631,COVID-19 / SARS-CoV-2,True,86,0.03488372093023256
SRX23724104,21,3,PRJNA847631,COVID-19 / SARS-CoV-2,True,86,0.03488372093023256
SRX23724104,24,4,PRJNA847631,COVID-19 / SARS-CoV-2,True,86,0.046511627906976744
SRX23724104,26,9,PRJNA847631,COVID-19 / SARS-CoV-2,True,86,0.10465116279069768
SRX23724104,3,1,PRJNA847631,COVID-19 / SARS-CoV-2,True,86,0.011627906976744186
SRX23724104,34,1,PRJNA847631,COVID-19 / SARS-CoV-2,True,86,0.011627906976744186
SRX23724104,36,8,PRJNA847631,COVID-19 / SARS-CoV-2,True,86,0.09302325581395349
SRX23724104,38,4,PRJNA847631,COVID-19 / SARS-CoV-2,True,86,0.046511627906976744
SRX23724104,39,4,PRJNA847631,COVID-19 / SARS-CoV-2,True,86,0.046511627906976744
SRX23724104,4,2,PRJNA847631,COVID-19 / SARS-CoV-2,True,86,0.023255813953488372
SRX23724104,43,2,PRJNA847631,COVID-19 / SARS-CoV-2,True,86,0.023255813953488372
SRX23724104,44,4,PRJNA847631,COVID-19 / SARS-CoV-2,True,86,0.046511627906976744
SRX23724104,5,4,PRJNA847631,COVID-19 / SARS-CoV-2,True,86,0.046511627906976744
SRX23724104,52,1,PRJNA847631,COVID-19 / SARS-CoV-2,True,86,0.011627906976744186
SRX23724104,6,2,PRJNA847631,COVID-19 / SARS-CoV-2,True,86,0.023255813953488372
SRX23724104,8,1,PRJNA847631,COVID-19 / SARS-CoV-2,True,86,0.011627906976744186
SRX23724104,9,1,PRJNA847631,COVID-19 / SARS-CoV-2,True,86,0.011627906976744186
SRX23724105,1,21,PRJNA847631,COVID-19 / SARS-CoV-2,True,98,0.21428571428571427
SRX23724105,10,8,PRJNA847631,COVID-19 / SARS-CoV-2,True,98,0.08163265306122448
SRX23724105,13,5,PRJNA847631,COVID-19 / SARS-CoV-2,True,98,0.05102040816326531
SRX23724105,20,4,PRJNA847631,COVID-19 / SARS-CoV-2,True,98,0.04081632653061224
SRX23724105,21,10,PRJNA847631,COVID-19 / SARS-CoV-2,True,98,0.10204081632653061
SRX23724105,24,6,PRJNA847631,COVID-19 / SARS-CoV-2,True,98,0.061224489795918366
SRX23724105,26,16,PRJNA847631,COVID-19 / SARS-CoV-2,True,98,0.16326530612244897
SRX23724105,34,1,PRJNA847631,COVID-19 / SARS-CoV-2,True,98,0.01020408163265306
SRX23724105,36,3,PRJNA847631,COVID-19 / SARS-CoV-2,True,98,0.030612244897959183
SRX23724105,4,4,PRJNA847631,COVID-19 / SARS-CoV-2,True,98,0.04081632653061224
SRX23724105,44,8,PRJNA847631,COVID-19 / SARS-CoV-2,True,98,0.08163265306122448
SRX23724105,5,5,PRJNA847631,COVID-19 / SARS-CoV-2,True,98,0.05102040816326531
SRX23724105,52,2,PRJNA847631,COVID-19 / SARS-CoV-2,True,98,0.02040816326530612
SRX23724105,59,2,PRJNA847631,COVID-19 / SARS-CoV-2,True,98,0.02040816326530612
SRX23724105,6,3,PRJNA847631,COVID-19 / SARS-CoV-2,True,98,0.030612244897959183
SRX23724106,1,22,PRJNA847631,COVID-19 / SARS-CoV-2,True,105,0.20952380952380953
SRX23724106,10,9,PRJNA847631,COVID-19 / SARS-CoV-2,True,105,0.08571428571428572
SRX23724106,13,3,PRJNA847631,COVID-19 / SARS-CoV-2,True,105,0.02857142857142857
SRX23724106,14,2,PRJNA847631,COVID-19 / SARS-CoV-2,True,105,0.01904761904761905
SRX23724106,20,7,PRJNA847631,COVID-19 / SARS-CoV-2,True,105,0.06666666666666667
SRX23724106,21,7,PRJNA847631,COVID-19 / SARS-CoV-2,True,105,0.06666666666666667
SRX23724106,23,1,PRJNA847631,COVID-19 / SARS-CoV-2,True,105,0.009523809523809525
SRX23724106,24,7,PRJNA847631,COVID-19 / SARS-CoV-2,True,105,0.06666666666666667
SRX23724106,26,6,PRJNA847631,COVID-19 / SARS-CoV-2,True,105,0.05714285714285714
SRX23724106,3,1,PRJNA847631,COVID-19 / SARS-CoV-2,True,105,0.009523809523809525
SRX23724106,32,1,PRJNA847631,COVID-19 / SARS-CoV-2,True,105,0.009523809523809525
SRX23724106,34,2,PRJNA847631,COVID-19 / SARS-CoV-2,True,105,0.01904761904761905
SRX23724106,36,10,PRJNA847631,COVID-19 / SARS-CoV-2,True,105,0.09523809523809523
SRX23724106,38,7,PRJNA847631,COVID-19 / SARS-CoV-2,True,105,0.06666666666666667
SRX23724106,39,3,PRJNA847631,COVID-19 / SARS-CoV-2,True,105,0.02857142857142857
SRX23724106,4,1,PRJNA847631,COVID-19 / SARS-CoV-2,True,105,0.009523809523809525
SRX23724106,43,1,PRJNA847631,COVID-19 / SARS-CoV-2,True,105,0.009523809523809525
SRX23724106,5,6,PRJNA847631,COVID-19 / SARS-CoV-2,True,105,0.05714285714285714
SRX23724106,52,6,PRJNA847631,COVID-19 / SARS-CoV-2,True,105,0.05714285714285714
SRX23724106,59,1,PRJNA847631,COVID-19 / SARS-CoV-2,True,105,0.009523809523809525
SRX23724106,6,1,PRJNA847631,COVID-19 / SARS-CoV-2,True,105,0.009523809523809525
SRX23724106,9,1,PRJNA847631,COVID-19 / SARS-CoV-2,True,105,0.009523809523809525
SRX23724107,0,5,PRJNA847631,COVID-19 / SARS-CoV-2,True,244,0.020491803278688523
SRX23724107,1,19,PRJNA847631,COVID-19 / SARS-CoV-2,True,244,0.0778688524590164
SRX23724107,10,65,PRJNA847631,COVID-19 / SARS-CoV-2,True,244,0.26639344262295084
SRX23724107,13,6,PRJNA847631,COVID-19 / SARS-CoV-2,True,244,0.02459016393442623
SRX23724107,14,7,PRJNA847631,COVID-19 / SARS-CoV-2,True,244,0.028688524590163935
SRX23724107,20,5,PRJNA847631,COVID-19 / SARS-CoV-2,True,244,0.020491803278688523
SRX23724107,21,3,PRJNA847631,COVID-19 / SARS-CoV-2,True,244,0.012295081967213115
SRX23724107,24,3,PRJNA847631,COVID-19 / SARS-CoV-2,True,244,0.012295081967213115
SRX23724107,26,8,PRJNA847631,COVID-19 / SARS-CoV-2,True,244,0.03278688524590164
SRX23724107,3,9,PRJNA847631,COVID-19 / SARS-CoV-2,True,244,0.036885245901639344
SRX23724107,36,11,PRJNA847631,COVID-19 / SARS-CoV-2,True,244,0.045081967213114756
SRX23724107,38,2,PRJNA847631,COVID-19 / SARS-CoV-2,True,244,0.00819672131147541
SRX23724107,39,65,PRJNA847631,COVID-19 / SARS-CoV-2,True,244,0.26639344262295084
SRX23724107,4,1,PRJNA847631,COVID-19 / SARS-CoV-2,True,244,0.004098360655737705
SRX23724107,43,10,PRJNA847631,COVID-19 / SARS-CoV-2,True,244,0.040983606557377046
SRX23724107,44,2,PRJNA847631,COVID-19 / SARS-CoV-2,True,244,0.00819672131147541
SRX23724107,5,3,PRJNA847631,COVID-19 / SARS-CoV-2,True,244,0.012295081967213115
SRX23724107,52,2,PRJNA847631,COVID-19 / SARS-CoV-2,True,244,0.00819672131147541
SRX23724107,59,2,PRJNA847631,COVID-19 / SARS-CoV-2,True,244,0.00819672131147541
SRX23724107,6,1,PRJNA847631,COVID-19 / SARS-CoV-2,True,244,0.004098360655737705
SRX23724107,60,1,PRJNA847631,COVID-19 / SARS-CoV-2,True,244,0.004098360655737705
SRX23724107,63,1,PRJNA847631,COVID-19 / SARS-CoV-2,True,244,0.004098360655737705
SRX23724107,8,8,PRJNA847631,COVID-19 / SARS-CoV-2,True,244,0.03278688524590164
SRX23724107,9,5,PRJNA847631,COVID-19 / SARS-CoV-2,True,244,0.020491803278688523
SRX23724109,1,13,PRJNA847631,COVID-19 / SARS-CoV-2,True,60,0.21666666666666667
SRX23724109,10,4,PRJNA847631,COVID-19 / SARS-CoV-2,True,60,0.06666666666666667
SRX23724109,13,2,PRJNA847631,COVID-19 / SARS-CoV-2,True,60,0.03333333333333333
SRX23724109,14,3,PRJNA847631,COVID-19 / SARS-CoV-2,True,60,0.05
SRX23724109,21,2,PRJNA847631,COVID-19 / SARS-CoV-2,True,60,0.03333333333333333
SRX23724109,24,6,PRJNA847631,COVID-19 / SARS-CoV-2,True,60,0.1
SRX23724109,26,8,PRJNA847631,COVID-19 / SARS-CoV-2,True,60,0.13333333333333333
SRX23724109,34,2,PRJNA847631,COVID-19 / SARS-CoV-2,True,60,0.03333333333333333
SRX23724109,36,6,PRJNA847631,COVID-19 / SARS-CoV-2,True,60,0.1
SRX23724109,38,1,PRJNA847631,COVID-19 / SARS-CoV-2,True,60,0.016666666666666666
SRX23724109,39,1,PRJNA847631,COVID-19 / SARS-CoV-2,True,60,0.016666666666666666
SRX23724109,4,3,PRJNA847631,COVID-19 / SARS-CoV-2,True,60,0.05
SRX23724109,44,1,PRJNA847631,COVID-19 / SARS-CoV-2,True,60,0.016666666666666666
SRX23724109,5,3,PRJNA847631,COVID-19 / SARS-CoV-2,True,60,0.05
SRX23724109,59,2,PRJNA847631,COVID-19 / SARS-CoV-2,True,60,0.03333333333333333
SRX23724109,6,2,PRJNA847631,COVID-19 / SARS-CoV-2,True,60,0.03333333333333333
SRX23724109,8,1,PRJNA847631,COVID-19 / SARS-CoV-2,True,60,0.016666666666666666
SRX23724110,1,6,PRJNA847631,COVID-19 / SARS-CoV-2,True,77,0.07792207792207792
SRX23724110,10,6,PRJNA847631,COVID-19 / SARS-CoV-2,True,77,0.07792207792207792
SRX23724110,13,1,PRJNA847631,COVID-19 / SARS-CoV-2,True,77,0.012987012987012988
SRX23724110,14,7,PRJNA847631,COVID-19 / SARS-CoV-2,True,77,0.09090909090909091
SRX23724110,20,1,PRJNA847631,COVID-19 / SARS-CoV-2,True,77,0.012987012987012988
SRX23724110,21,11,PRJNA847631,COVID-19 / SARS-CoV-2,True,77,0.14285714285714285
SRX23724110,24,3,PRJNA847631,COVID-19 / SARS-CoV-2,True,77,0.03896103896103896
SRX23724110,26,6,PRJNA847631,COVID-19 / SARS-CoV-2,True,77,0.07792207792207792
SRX23724110,34,1,PRJNA847631,COVID-19 / SARS-CoV-2,True,77,0.012987012987012988
SRX23724110,36,8,PRJNA847631,COVID-19 / SARS-CoV-2,True,77,0.1038961038961039
SRX23724110,38,9,PRJNA847631,COVID-19 / SARS-CoV-2,True,77,0.11688311688311688
SRX23724110,4,7,PRJNA847631,COVID-19 / SARS-CoV-2,True,77,0.09090909090909091
SRX23724110,5,1,PRJNA847631,COVID-19 / SARS-CoV-2,True,77,0.012987012987012988
SRX23724110,52,3,PRJNA847631,COVID-19 / SARS-CoV-2,True,77,0.03896103896103896
SRX23724110,59,3,PRJNA847631,COVID-19 / SARS-CoV-2,True,77,0.03896103896103896
SRX23724110,60,2,PRJNA847631,COVID-19 / SARS-CoV-2,True,77,0.025974025974025976
SRX23724110,8,1,PRJNA847631,COVID-19 / SARS-CoV-2,True,77,0.012987012987012988
SRX23724110,9,1,PRJNA847631,COVID-19 / SARS-CoV-2,True,77,0.012987012987012988
SRX23724111,0,1,PRJNA847631,COVID-19 / SARS-CoV-2,True,64,0.015625
SRX23724111,1,5,PRJNA847631,COVID-19 / SARS-CoV-2,True,64,0.078125
SRX23724111,10,21,PRJNA847631,COVID-19 / SARS-CoV-2,True,64,0.328125
SRX23724111,13,3,PRJNA847631,COVID-19 / SARS-CoV-2,True,64,0.046875
SRX23724111,14,2,PRJNA847631,COVID-19 / SARS-CoV-2,True,64,0.03125
SRX23724111,24,3,PRJNA847631,COVID-19 / SARS-CoV-2,True,64,0.046875
SRX23724111,34,1,PRJNA847631,COVID-19 / SARS-CoV-2,True,64,0.015625
SRX23724111,36,10,PRJNA847631,COVID-19 / SARS-CoV-2,True,64,0.15625
SRX23724111,4,5,PRJNA847631,COVID-19 / SARS-CoV-2,True,64,0.078125
SRX23724111,44,1,PRJNA847631,COVID-19 / SARS-CoV-2,True,64,0.015625
SRX23724111,5,2,PRJNA847631,COVID-19 / SARS-CoV-2,True,64,0.03125
SRX23724111,59,1,PRJNA847631,COVID-19 / SARS-CoV-2,True,64,0.015625
SRX23724111,60,1,PRJNA847631,COVID-19 / SARS-CoV-2,True,64,0.015625
SRX23724111,7,3,PRJNA847631,COVID-19 / SARS-CoV-2,True,64,0.046875
SRX23724111,8,4,PRJNA847631,COVID-19 / SARS-CoV-2,True,64,0.0625
SRX23724111,9,1,PRJNA847631,COVID-19 / SARS-CoV-2,True,64,0.015625
SRX23724116,1,1,PRJNA847631,Other,False,55,0.01818181818181818
SRX23724116,10,1,PRJNA847631,Other,False,55,0.01818181818181818
SRX23724116,13,1,PRJNA847631,Other,False,55,0.01818181818181818
SRX23724116,14,1,PRJNA847631,Other,False,55,0.01818181818181818
SRX23724116,21,1,PRJNA847631,Other,False,55,0.01818181818181818
SRX23724116,26,38,PRJNA847631,Other,False,55,0.6909090909090909
SRX23724116,34,3,PRJNA847631,Other,False,55,0.05454545454545454
SRX23724116,36,4,PRJNA847631,Other,False,55,0.07272727272727272
SRX23724116,43,3,PRJNA847631,Other,False,55,0.05454545454545454
SRX23724116,6,1,PRJNA847631,Other,False,55,0.01818181818181818
SRX23724116,8,1,PRJNA847631,Other,False,55,0.01818181818181818
SRX23724121,1,1,PRJNA847631,COVID-19 / SARS-CoV-2,True,163,0.006134969325153374
SRX23724121,10,5,PRJNA847631,COVID-19 / SARS-CoV-2,True,163,0.03067484662576687
SRX23724121,13,2,PRJNA847631,COVID-19 / SARS-CoV-2,True,163,0.012269938650306749
SRX23724121,14,16,PRJNA847631,COVID-19 / SARS-CoV-2,True,163,0.09815950920245399
SRX23724121,17,5,PRJNA847631,COVID-19 / SARS-CoV-2,True,163,0.03067484662576687
SRX23724121,20,2,PRJNA847631,COVID-19 / SARS-CoV-2,True,163,0.012269938650306749
SRX23724121,21,10,PRJNA847631,COVID-19 / SARS-CoV-2,True,163,0.06134969325153374
SRX23724121,23,1,PRJNA847631,COVID-19 / SARS-CoV-2,True,163,0.006134969325153374
SRX23724121,26,9,PRJNA847631,COVID-19 / SARS-CoV-2,True,163,0.05521472392638037
SRX23724121,34,1,PRJNA847631,COVID-19 / SARS-CoV-2,True,163,0.006134969325153374
SRX23724121,36,7,PRJNA847631,COVID-19 / SARS-CoV-2,True,163,0.04294478527607362
SRX23724121,38,1,PRJNA847631,COVID-19 / SARS-CoV-2,True,163,0.006134969325153374
SRX23724121,4,1,PRJNA847631,COVID-19 / SARS-CoV-2,True,163,0.006134969325153374
SRX23724121,5,1,PRJNA847631,COVID-19 / SARS-CoV-2,True,163,0.006134969325153374
SRX23724121,59,10,PRJNA847631,COVID-19 / SARS-CoV-2,True,163,0.06134969325153374
SRX23724121,7,1,PRJNA847631,COVID-19 / SARS-CoV-2,True,163,0.006134969325153374
SRX23724121,8,38,PRJNA847631,COVID-19 / SARS-CoV-2,True,163,0.2331288343558282
SRX23724121,9,52,PRJNA847631,COVID-19 / SARS-CoV-2,True,163,0.31901840490797545
SRX23724122,1,2,PRJNA847631,COVID-19 / SARS-CoV-2,True,44,0.045454545454545456
SRX23724122,10,1,PRJNA847631,COVID-19 / SARS-CoV-2,True,44,0.022727272727272728
SRX23724122,14,6,PRJNA847631,COVID-19 / SARS-CoV-2,True,44,0.13636363636363635
SRX23724122,17,1,PRJNA847631,COVID-19 / SARS-CoV-2,True,44,0.022727272727272728
SRX23724122,21,4,PRJNA847631,COVID-19 / SARS-CoV-2,True,44,0.09090909090909091
SRX23724122,26,7,PRJNA847631,COVID-19 / SARS-CoV-2,True,44,0.1590909090909091
SRX23724122,34,4,PRJNA847631,COVID-19 / SARS-CoV-2,True,44,0.09090909090909091
SRX23724122,36,7,PRJNA847631,COVID-19 / SARS-CoV-2,True,44,0.1590909090909091
SRX23724122,43,2,PRJNA847631,COVID-19 / SARS-CoV-2,True,44,0.045454545454545456
SRX23724122,44,1,PRJNA847631,COVID-19 / SARS-CoV-2,True,44,0.022727272727272728
SRX23724122,45,1,PRJNA847631,COVID-19 / SARS-CoV-2,True,44,0.022727272727272728
SRX23724122,9,8,PRJNA847631,COVID-19 / SARS-CoV-2,True,44,0.18181818181818182
SRX23724123,1,3,PRJNA847631,COVID-19 / SARS-CoV-2,True,73,0.0410958904109589
SRX23724123,10,4,PRJNA847631,COVID-19 / SARS-CoV-2,True,73,0.0547945205479452
SRX23724123,13,4,PRJNA847631,COVID-19 / SARS-CoV-2,True,73,0.0547945205479452
SRX23724123,14,5,PRJNA847631,COVID-19 / SARS-CoV-2,True,73,0.0684931506849315
SRX23724123,17,1,PRJNA847631,COVID-19 / SARS-CoV-2,True,73,0.0136986301369863
SRX23724123,20,1,PRJNA847631,COVID-19 / SARS-CoV-2,True,73,0.0136986301369863
SRX23724123,21,10,PRJNA847631,COVID-19 / SARS-CoV-2,True,73,0.136986301369863
SRX23724123,26,18,PRJNA847631,COVID-19 / SARS-CoV-2,True,73,0.2465753424657534
SRX23724123,31,1,PRJNA847631,COVID-19 / SARS-CoV-2,True,73,0.0136986301369863
SRX23724123,34,4,PRJNA847631,COVID-19 / SARS-CoV-2,True,73,0.0547945205479452
SRX23724123,36,1,PRJNA847631,COVID-19 / SARS-CoV-2,True,73,0.0136986301369863
SRX23724123,38,6,PRJNA847631,COVID-19 / SARS-CoV-2,True,73,0.0821917808219178
SRX23724123,4,1,PRJNA847631,COVID-19 / SARS-CoV-2,True,73,0.0136986301369863
SRX23724123,5,2,PRJNA847631,COVID-19 / SARS-CoV-2,True,73,0.0273972602739726
SRX23724123,52,2,PRJNA847631,COVID-19 / SARS-CoV-2,True,73,0.0273972602739726
SRX23724123,59,2,PRJNA847631,COVID-19 / SARS-CoV-2,True,73,0.0273972602739726
SRX23724123,8,4,PRJNA847631,COVID-19 / SARS-CoV-2,True,73,0.0547945205479452
SRX23724123,9,4,PRJNA847631,COVID-19 / SARS-CoV-2,True,73,0.0547945205479452
SRX23724124,1,5,PRJNA847631,COVID-19 / SARS-CoV-2,True,20,0.25
SRX23724124,14,1,PRJNA847631,COVID-19 / SARS-CoV-2,True,20,0.05
SRX23724124,20,2,PRJNA847631,COVID-19 / SARS-CoV-2,True,20,0.1
SRX23724124,21,4,PRJNA847631,COVID-19 / SARS-CoV-2,True,20,0.2
SRX23724124,34,1,PRJNA847631,COVID-19 / SARS-CoV-2,True,20,0.05
SRX23724124,38,1,PRJNA847631,COVID-19 / SARS-CoV-2,True,20,0.05
SRX23724124,4,1,PRJNA847631,COVID-19 / SARS-CoV-2,True,20,0.05
SRX23724124,6,1,PRJNA847631,COVID-19 / SARS-CoV-2,True,20,0.05
SRX23724124,8,3,PRJNA847631,COVID-19 / SARS-CoV-2,True,20,0.15
SRX23724124,9,1,PRJNA847631,COVID-19 / SARS-CoV-2,True,20,0.05
SRX23724125,0,3,PRJNA847631,COVID-19 / SARS-CoV-2,True,164,0.018292682926829267
SRX23724125,1,30,PRJNA847631,COVID-19 / SARS-CoV-2,True,164,0.18292682926829268
SRX23724125,10,12,PRJNA847631,COVID-19 / SARS-CoV-2,True,164,0.07317073170731707
SRX23724125,13,11,PRJNA847631,COVID-19 / SARS-CoV-2,True,164,0.06707317073170732
SRX23724125,14,8,PRJNA847631,COVID-19 / SARS-CoV-2,True,164,0.04878048780487805
SRX23724125,21,6,PRJNA847631,COVID-19 / SARS-CoV-2,True,164,0.036585365853658534
SRX23724125,24,5,PRJNA847631,COVID-19 / SARS-CoV-2,True,164,0.03048780487804878
SRX23724125,26,7,PRJNA847631,COVID-19 / SARS-CoV-2,True,164,0.042682926829268296
SRX23724125,3,1,PRJNA847631,COVID-19 / SARS-CoV-2,True,164,0.006097560975609756
SRX23724125,34,16,PRJNA847631,COVID-19 / SARS-CoV-2,True,164,0.0975609756097561
SRX23724125,36,22,PRJNA847631,COVID-19 / SARS-CoV-2,True,164,0.13414634146341464
SRX23724125,38,5,PRJNA847631,COVID-19 / SARS-CoV-2,True,164,0.03048780487804878
SRX23724125,4,18,PRJNA847631,COVID-19 / SARS-CoV-2,True,164,0.10975609756097561
SRX23724125,5,3,PRJNA847631,COVID-19 / SARS-CoV-2,True,164,0.018292682926829267
SRX23724125,52,1,PRJNA847631,COVID-19 / SARS-CoV-2,True,164,0.006097560975609756
SRX23724125,59,3,PRJNA847631,COVID-19 / SARS-CoV-2,True,164,0.018292682926829267
SRX23724125,6,1,PRJNA847631,COVID-19 / SARS-CoV-2,True,164,0.006097560975609756
SRX23724125,60,6,PRJNA847631,COVID-19 / SARS-CoV-2,True,164,0.036585365853658534
SRX23724125,8,6,PRJNA847631,COVID-19 / SARS-CoV-2,True,164,0.036585365853658534
SRX23724132,0,1,PRJNA847631,Other,False,123,0.008130081300813009
SRX23724132,1,18,PRJNA847631,Other,False,123,0.14634146341463414
SRX23724132,10,7,PRJNA847631,Other,False,123,0.056910569105691054
SRX23724132,13,5,PRJNA847631,Other,False,123,0.04065040650406504
SRX23724132,20,7,PRJNA847631,Other,False,123,0.056910569105691054
SRX23724132,21,5,PRJNA847631,Other,False,123,0.04065040650406504
SRX23724132,24,3,PRJNA847631,Other,False,123,0.024390243902439025
SRX23724132,26,8,PRJNA847631,Other,False,123,0.06504065040650407
SRX23724132,34,3,PRJNA847631,Other,False,123,0.024390243902439025
SRX23724132,36,7,PRJNA847631,Other,False,123,0.056910569105691054
SRX23724132,38,1,PRJNA847631,Other,False,123,0.008130081300813009
SRX23724132,4,5,PRJNA847631,Other,False,123,0.04065040650406504
SRX23724132,43,2,PRJNA847631,Other,False,123,0.016260162601626018
SRX23724132,44,2,PRJNA847631,Other,False,123,0.016260162601626018
SRX23724132,5,4,PRJNA847631,Other,False,123,0.032520325203252036
SRX23724132,52,2,PRJNA847631,Other,False,123,0.016260162601626018
SRX23724132,6,3,PRJNA847631,Other,False,123,0.024390243902439025
SRX23724132,9,40,PRJNA847631,Other,False,123,0.3252032520325203
SRX23724133,1,22,PRJNA847631,Other,False,94,0.23404255319148937
SRX23724133,10,6,PRJNA847631,Other,False,94,0.06382978723404255
SRX23724133,13,1,PRJNA847631,Other,False,94,0.010638297872340425
SRX23724133,14,6,PRJNA847631,Other,False,94,0.06382978723404255
SRX23724133,20,5,PRJNA847631,Other,False,94,0.05319148936170213
SRX23724133,21,7,PRJNA847631,Other,False,94,0.07446808510638298
SRX23724133,23,2,PRJNA847631,Other,False,94,0.02127659574468085
SRX23724133,24,1,PRJNA847631,Other,False,94,0.010638297872340425
SRX23724133,26,4,PRJNA847631,Other,False,94,0.0425531914893617
SRX23724133,31,1,PRJNA847631,Other,False,94,0.010638297872340425
SRX23724133,34,2,PRJNA847631,Other,False,94,0.02127659574468085
SRX23724133,36,10,PRJNA847631,Other,False,94,0.10638297872340426
SRX23724133,38,3,PRJNA847631,Other,False,94,0.031914893617021274
SRX23724133,4,6,PRJNA847631,Other,False,94,0.06382978723404255
SRX23724133,43,1,PRJNA847631,Other,False,94,0.010638297872340425
SRX23724133,44,2,PRJNA847631,Other,False,94,0.02127659574468085
SRX23724133,5,6,PRJNA847631,Other,False,94,0.06382978723404255
SRX23724133,52,3,PRJNA847631,Other,False,94,0.031914893617021274
SRX23724133,59,3,PRJNA847631,Other,False,94,0.031914893617021274
SRX23724133,6,1,PRJNA847631,Other,False,94,0.010638297872340425
SRX23724133,8,1,PRJNA847631,Other,False,94,0.010638297872340425
SRX23724133,9,1,PRJNA847631,Other,False,94,0.010638297872340425
SRX23802728,1,17,PRJNA847631,COVID-19 / SARS-CoV-2,True,178,0.09550561797752809
SRX23802728,10,9,PRJNA847631,COVID-19 / SARS-CoV-2,True,178,0.05056179775280899
SRX23802728,13,3,PRJNA847631,COVID-19 / SARS-CoV-2,True,178,0.016853932584269662
SRX23802728,14,7,PRJNA847631,COVID-19 / SARS-CoV-2,True,178,0.03932584269662921
SRX23802728,17,1,PRJNA847631,COVID-19 / SARS-CoV-2,True,178,0.0056179775280898875
SRX23802728,20,2,PRJNA847631,COVID-19 / SARS-CoV-2,True,178,0.011235955056179775
SRX23802728,21,12,PRJNA847631,COVID-19 / SARS-CoV-2,True,178,0.06741573033707865
SRX23802728,23,1,PRJNA847631,COVID-19 / SARS-CoV-2,True,178,0.0056179775280898875
SRX23802728,24,2,PRJNA847631,COVID-19 / SARS-CoV-2,True,178,0.011235955056179775
SRX23802728,26,20,PRJNA847631,COVID-19 / SARS-CoV-2,True,178,0.11235955056179775
SRX23802728,31,1,PRJNA847631,COVID-19 / SARS-CoV-2,True,178,0.0056179775280898875
SRX23802728,34,1,PRJNA847631,COVID-19 / SARS-CoV-2,True,178,0.0056179775280898875
SRX23802728,36,37,PRJNA847631,COVID-19 / SARS-CoV-2,True,178,0.20786516853932585
SRX23802728,38,10,PRJNA847631,COVID-19 / SARS-CoV-2,True,178,0.056179775280898875
SRX23802728,4,12,PRJNA847631,COVID-19 / SARS-CoV-2,True,178,0.06741573033707865
SRX23802728,43,2,PRJNA847631,COVID-19 / SARS-CoV-2,True,178,0.011235955056179775
SRX23802728,45,1,PRJNA847631,COVID-19 / SARS-CoV-2,True,178,0.0056179775280898875
SRX23802728,5,14,PRJNA847631,COVID-19 / SARS-CoV-2,True,178,0.07865168539325842
SRX23802728,52,4,PRJNA847631,COVID-19 / SARS-CoV-2,True,178,0.02247191011235955
SRX23802728,59,2,PRJNA847631,COVID-19 / SARS-CoV-2,True,178,0.011235955056179775
SRX23802728,6,4,PRJNA847631,COVID-19 / SARS-CoV-2,True,178,0.02247191011235955
SRX23802728,60,2,PRJNA847631,COVID-19 / SARS-CoV-2,True,178,0.011235955056179775
SRX23802728,8,6,PRJNA847631,COVID-19 / SARS-CoV-2,True,178,0.033707865168539325
SRX23802728,9,8,PRJNA847631,COVID-19 / SARS-CoV-2,True,178,0.0449438202247191
SRX23802730,1,8,PRJNA847631,Other,False,143,0.055944055944055944
SRX23802730,10,8,PRJNA847631,Other,False,143,0.055944055944055944
SRX23802730,14,2,PRJNA847631,Other,False,143,0.013986013986013986
SRX23802730,21,5,PRJNA847631,Other,False,143,0.03496503496503497
SRX23802730,24,5,PRJNA847631,Other,False,143,0.03496503496503497
SRX23802730,26,30,PRJNA847631,Other,False,143,0.2097902097902098
SRX23802730,34,1,PRJNA847631,Other,False,143,0.006993006993006993
SRX23802730,36,28,PRJNA847631,Other,False,143,0.1958041958041958
SRX23802730,38,14,PRJNA847631,Other,False,143,0.0979020979020979
SRX23802730,4,3,PRJNA847631,Other,False,143,0.02097902097902098
SRX23802730,43,1,PRJNA847631,Other,False,143,0.006993006993006993
SRX23802730,44,1,PRJNA847631,Other,False,143,0.006993006993006993
SRX23802730,5,10,PRJNA847631,Other,False,143,0.06993006993006994
SRX23802730,52,2,PRJNA847631,Other,False,143,0.013986013986013986
SRX23802730,59,5,PRJNA847631,Other,False,143,0.03496503496503497
SRX23802730,6,1,PRJNA847631,Other,False,143,0.006993006993006993
SRX23802730,60,1,PRJNA847631,Other,False,143,0.006993006993006993
SRX23802730,7,2,PRJNA847631,Other,False,143,0.013986013986013986
SRX23802730,8,8,PRJNA847631,Other,False,143,0.055944055944055944
SRX23802730,9,8,PRJNA847631,Other,False,143,0.055944055944055944
SRX23802731,1,16,PRJNA847631,COVID-19 / SARS-CoV-2,True,247,0.06477732793522267
SRX23802731,10,13,PRJNA847631,COVID-19 / SARS-CoV-2,True,247,0.05263157894736842
SRX23802731,13,1,PRJNA847631,COVID-19 / SARS-CoV-2,True,247,0.004048582995951417
SRX23802731,14,1,PRJNA847631,COVID-19 / SARS-CoV-2,True,247,0.004048582995951417
SRX23802731,17,1,PRJNA847631,COVID-19 / SARS-CoV-2,True,247,0.004048582995951417
SRX23802731,21,1,PRJNA847631,COVID-19 / SARS-CoV-2,True,247,0.004048582995951417
SRX23802731,24,2,PRJNA847631,COVID-19 / SARS-CoV-2,True,247,0.008097165991902834
SRX23802731,26,107,PRJNA847631,COVID-19 / SARS-CoV-2,True,247,0.4331983805668016
SRX23802731,34,8,PRJNA847631,COVID-19 / SARS-CoV-2,True,247,0.032388663967611336
SRX23802731,36,22,PRJNA847631,COVID-19 / SARS-CoV-2,True,247,0.08906882591093117
SRX23802731,38,10,PRJNA847631,COVID-19 / SARS-CoV-2,True,247,0.04048582995951417
SRX23802731,4,7,PRJNA847631,COVID-19 / SARS-CoV-2,True,247,0.02834008097165992
SRX23802731,43,2,PRJNA847631,COVID-19 / SARS-CoV-2,True,247,0.008097165991902834
SRX23802731,44,1,PRJNA847631,COVID-19 / SARS-CoV-2,True,247,0.004048582995951417
SRX23802731,5,13,PRJNA847631,COVID-19 / SARS-CoV-2,True,247,0.05263157894736842
SRX23802731,59,2,PRJNA847631,COVID-19 / SARS-CoV-2,True,247,0.008097165991902834
SRX23802731,60,3,PRJNA847631,COVID-19 / SARS-CoV-2,True,247,0.012145748987854251
SRX23802731,7,3,PRJNA847631,COVID-19 / SARS-CoV-2,True,247,0.012145748987854251
SRX23802731,8,1,PRJNA847631,COVID-19 / SARS-CoV-2,True,247,0.004048582995951417
SRX23802731,9,33,PRJNA847631,COVID-19 / SARS-CoV-2,True,247,0.13360323886639677
SRX23802732,1,18,PRJNA847631,COVID-19 / SARS-CoV-2,,140,0.12857142857142856
SRX23802732,10,14,PRJNA847631,COVID-19 / SARS-CoV-2,,140,0.1
SRX23802732,14,4,PRJNA847631,COVID-19 / SARS-CoV-2,,140,0.02857142857142857
SRX23802732,21,9,PRJNA847631,COVID-19 / SARS-CoV-2,,140,0.06428571428571428
SRX23802732,23,1,PRJNA847631,COVID-19 / SARS-CoV-2,,140,0.007142857142857143
SRX23802732,24,2,PRJNA847631,COVID-19 / SARS-CoV-2,,140,0.014285714285714285
SRX23802732,26,21,PRJNA847631,COVID-19 / SARS-CoV-2,,140,0.15
SRX23802732,34,1,PRJNA847631,COVID-19 / SARS-CoV-2,,140,0.007142857142857143
SRX23802732,36,33,PRJNA847631,COVID-19 / SARS-CoV-2,,140,0.2357142857142857
SRX23802732,38,13,PRJNA847631,COVID-19 / SARS-CoV-2,,140,0.09285714285714286
SRX23802732,4,3,PRJNA847631,COVID-19 / SARS-CoV-2,,140,0.02142857142857143
SRX23802732,43,1,PRJNA847631,COVID-19 / SARS-CoV-2,,140,0.007142857142857143
SRX23802732,45,1,PRJNA847631,COVID-19 / SARS-CoV-2,,140,0.007142857142857143
SRX23802732,5,3,PRJNA847631,COVID-19 / SARS-CoV-2,,140,0.02142857142857143
SRX23802732,59,3,PRJNA847631,COVID-19 / SARS-CoV-2,,140,0.02142857142857143
SRX23802732,6,3,PRJNA847631,COVID-19 / SARS-CoV-2,,140,0.02142857142857143
SRX23802732,7,1,PRJNA847631,COVID-19 / SARS-CoV-2,,140,0.007142857142857143
SRX23802732,8,3,PRJNA847631,COVID-19 / SARS-CoV-2,,140,0.02142857142857143
SRX23802732,9,6,PRJNA847631,COVID-19 / SARS-CoV-2,,140,0.04285714285714286
SRX23802734,1,2,PRJNA847631,Other,False,144,0.013888888888888888
SRX23802734,10,11,PRJNA847631,Other,False,144,0.0763888888888889
SRX23802734,13,1,PRJNA847631,Other,False,144,0.006944444444444444
SRX23802734,14,3,PRJNA847631,Other,False,144,0.020833333333333332
SRX23802734,21,1,PRJNA847631,Other,False,144,0.006944444444444444
SRX23802734,22,4,PRJNA847631,Other,False,144,0.027777777777777776
SRX23802734,24,1,PRJNA847631,Other,False,144,0.006944444444444444
SRX23802734,26,89,PRJNA847631,Other,False,144,0.6180555555555556
SRX23802734,31,1,PRJNA847631,Other,False,144,0.006944444444444444
SRX23802734,34,1,PRJNA847631,Other,False,144,0.006944444444444444
SRX23802734,36,5,PRJNA847631,Other,False,144,0.034722222222222224
SRX23802734,38,3,PRJNA847631,Other,False,144,0.020833333333333332
SRX23802734,4,1,PRJNA847631,Other,False,144,0.006944444444444444
SRX23802734,43,4,PRJNA847631,Other,False,144,0.027777777777777776
SRX23802734,5,7,PRJNA847631,Other,False,144,0.04861111111111111
SRX23802734,60,1,PRJNA847631,Other,False,144,0.006944444444444444
SRX23802734,7,2,PRJNA847631,Other,False,144,0.013888888888888888
SRX23802734,8,1,PRJNA847631,Other,False,144,0.006944444444444444
SRX23802734,9,6,PRJNA847631,Other,False,144,0.041666666666666664
SRX23802735,0,2,PRJNA847631,COVID-19 / SARS-CoV-2,True,233,0.008583690987124463
SRX23802735,1,13,PRJNA847631,COVID-19 / SARS-CoV-2,True,233,0.055793991416309016
SRX23802735,10,17,PRJNA847631,COVID-19 / SARS-CoV-2,True,233,0.07296137339055794
SRX23802735,13,2,PRJNA847631,COVID-19 / SARS-CoV-2,True,233,0.008583690987124463
SRX23802735,14,7,PRJNA847631,COVID-19 / SARS-CoV-2,True,233,0.030042918454935622
SRX23802735,20,1,PRJNA847631,COVID-19 / SARS-CoV-2,True,233,0.004291845493562232
SRX23802735,21,9,PRJNA847631,COVID-19 / SARS-CoV-2,True,233,0.03862660944206009
SRX23802735,23,1,PRJNA847631,COVID-19 / SARS-CoV-2,True,233,0.004291845493562232
SRX23802735,24,1,PRJNA847631,COVID-19 / SARS-CoV-2,True,233,0.004291845493562232
SRX23802735,26,68,PRJNA847631,COVID-19 / SARS-CoV-2,True,233,0.2918454935622318
SRX23802735,34,10,PRJNA847631,COVID-19 / SARS-CoV-2,True,233,0.04291845493562232
SRX23802735,36,26,PRJNA847631,COVID-19 / SARS-CoV-2,True,233,0.11158798283261803
SRX23802735,38,11,PRJNA847631,COVID-19 / SARS-CoV-2,True,233,0.04721030042918455
SRX23802735,4,4,PRJNA847631,COVID-19 / SARS-CoV-2,True,233,0.017167381974248927
SRX23802735,43,3,PRJNA847631,COVID-19 / SARS-CoV-2,True,233,0.012875536480686695
SRX23802735,5,18,PRJNA847631,COVID-19 / SARS-CoV-2,True,233,0.07725321888412018
SRX23802735,52,1,PRJNA847631,COVID-19 / SARS-CoV-2,True,233,0.004291845493562232
SRX23802735,59,8,PRJNA847631,COVID-19 / SARS-CoV-2,True,233,0.034334763948497854
SRX23802735,6,6,PRJNA847631,COVID-19 / SARS-CoV-2,True,233,0.02575107296137339
SRX23802735,7,4,PRJNA847631,COVID-19 / SARS-CoV-2,True,233,0.017167381974248927
SRX23802735,8,3,PRJNA847631,COVID-19 / SARS-CoV-2,True,233,0.012875536480686695
SRX23802735,9,18,PRJNA847631,COVID-19 / SARS-CoV-2,True,233,0.07725321888412018
SRX23802736,1,17,PRJNA847631,COVID-19 / SARS-CoV-2,True,183,0.09289617486338798
SRX23802736,10,7,PRJNA847631,COVID-19 / SARS-CoV-2,True,183,0.03825136612021858
SRX23802736,13,1,PRJNA847631,COVID-19 / SARS-CoV-2,True,183,0.00546448087431694
SRX23802736,14,4,PRJNA847631,COVID-19 / SARS-CoV-2,True,183,0.02185792349726776
SRX23802736,21,19,PRJNA847631,COVID-19 / SARS-CoV-2,True,183,0.10382513661202186
SRX23802736,23,5,PRJNA847631,COVID-19 / SARS-CoV-2,True,183,0.0273224043715847
SRX23802736,24,2,PRJNA847631,COVID-19 / SARS-CoV-2,True,183,0.01092896174863388
SRX23802736,26,30,PRJNA847631,COVID-19 / SARS-CoV-2,True,183,0.16393442622950818
SRX23802736,34,1,PRJNA847631,COVID-19 / SARS-CoV-2,True,183,0.00546448087431694
SRX23802736,35,1,PRJNA847631,COVID-19 / SARS-CoV-2,True,183,0.00546448087431694
SRX23802736,36,39,PRJNA847631,COVID-19 / SARS-CoV-2,True,183,0.21311475409836064
SRX23802736,38,8,PRJNA847631,COVID-19 / SARS-CoV-2,True,183,0.04371584699453552
SRX23802736,39,1,PRJNA847631,COVID-19 / SARS-CoV-2,True,183,0.00546448087431694
SRX23802736,4,6,PRJNA847631,COVID-19 / SARS-CoV-2,True,183,0.03278688524590164
SRX23802736,43,1,PRJNA847631,COVID-19 / SARS-CoV-2,True,183,0.00546448087431694
SRX23802736,45,1,PRJNA847631,COVID-19 / SARS-CoV-2,True,183,0.00546448087431694
SRX23802736,5,13,PRJNA847631,COVID-19 / SARS-CoV-2,True,183,0.07103825136612021
SRX23802736,52,1,PRJNA847631,COVID-19 / SARS-CoV-2,True,183,0.00546448087431694
SRX23802736,59,2,PRJNA847631,COVID-19 / SARS-CoV-2,True,183,0.01092896174863388
SRX23802736,6,4,PRJNA847631,COVID-19 / SARS-CoV-2,True,183,0.02185792349726776
SRX23802736,60,1,PRJNA847631,COVID-19 / SARS-CoV-2,True,183,0.00546448087431694
SRX23802736,7,1,PRJNA847631,COVID-19 / SARS-CoV-2,True,183,0.00546448087431694
SRX23802736,8,11,PRJNA847631,COVID-19 / SARS-CoV-2,True,183,0.060109289617486336
SRX23802736,9,7,PRJNA847631,COVID-19 / SARS-CoV-2,True,183,0.03825136612021858
SRX23825222,1,1,PRJNA1083452,Other,False,185,0.005405405405405406
SRX23825222,14,104,PRJNA1083452,Other,False,185,0.5621621621621622
SRX23825222,17,14,PRJNA1083452,Other,False,185,0.07567567567567568
SRX23825222,20,21,PRJNA1083452,Other,False,185,0.11351351351351352
SRX23825222,21,9,PRJNA1083452,Other,False,185,0.04864864864864865
SRX23825222,23,10,PRJNA1083452,Other,False,185,0.05405405405405406
SRX23825222,31,4,PRJNA1083452,Other,False,185,0.021621621621621623
SRX23825222,36,1,PRJNA1083452,Other,False,185,0.005405405405405406
SRX23825222,52,12,PRJNA1083452,Other,False,185,0.06486486486486487
SRX23825222,59,1,PRJNA1083452,Other,False,185,0.005405405405405406
SRX23825222,60,8,PRJNA1083452,Other,False,185,0.043243243243243246
SRX23825224,14,71,PRJNA1083452,Other,False,99,0.7171717171717171
SRX23825224,21,2,PRJNA1083452,Other,False,99,0.020202020202020204
SRX23825224,24,1,PRJNA1083452,Other,False,99,0.010101010101010102
SRX23825224,26,1,PRJNA1083452,Other,False,99,0.010101010101010102
SRX23825224,36,6,PRJNA1083452,Other,False,99,0.06060606060606061
SRX23825224,5,1,PRJNA1083452,Other,False,99,0.010101010101010102
SRX23825224,52,1,PRJNA1083452,Other,False,99,0.010101010101010102
SRX23825224,59,2,PRJNA1083452,Other,False,99,0.020202020202020204
SRX23825224,60,14,PRJNA1083452,Other,False,99,0.1414141414141414
SRX23825225,13,1,PRJNA1083452,Other,False,115,0.008695652173913044
SRX23825225,14,54,PRJNA1083452,Other,False,115,0.46956521739130436
SRX23825225,21,4,PRJNA1083452,Other,False,115,0.034782608695652174
SRX23825225,24,7,PRJNA1083452,Other,False,115,0.06086956521739131
SRX23825225,26,6,PRJNA1083452,Other,False,115,0.05217391304347826
SRX23825225,34,11,PRJNA1083452,Other,False,115,0.09565217391304348
SRX23825225,36,2,PRJNA1083452,Other,False,115,0.017391304347826087
SRX23825225,4,2,PRJNA1083452,Other,False,115,0.017391304347826087
SRX23825225,5,1,PRJNA1083452,Other,False,115,0.008695652173913044
SRX23825225,52,5,PRJNA1083452,Other,False,115,0.043478260869565216
SRX23825225,59,6,PRJNA1083452,Other,False,115,0.05217391304347826
SRX23825225,6,1,PRJNA1083452,Other,False,115,0.008695652173913044
SRX23825225,60,14,PRJNA1083452,Other,False,115,0.12173913043478261
SRX23825225,8,1,PRJNA1083452,Other,False,115,0.008695652173913044
SRX23825226,14,10,PRJNA1083452,Other,False,30,0.3333333333333333
SRX23825226,20,1,PRJNA1083452,Other,False,30,0.03333333333333333
SRX23825226,21,3,PRJNA1083452,Other,False,30,0.1
SRX23825226,24,2,PRJNA1083452,Other,False,30,0.06666666666666667
SRX23825226,26,2,PRJNA1083452,Other,False,30,0.06666666666666667
SRX23825226,3,1,PRJNA1083452,Other,False,30,0.03333333333333333
SRX23825226,33,2,PRJNA1083452,Other,False,30,0.06666666666666667
SRX23825226,36,3,PRJNA1083452,Other,False,30,0.1
SRX23825226,4,2,PRJNA1083452,Other,False,30,0.06666666666666667
SRX23825226,52,1,PRJNA1083452,Other,False,30,0.03333333333333333
SRX23825226,60,3,PRJNA1083452,Other,False,30,0.1
SRX23825227,1,2,PRJNA1083452,Other,False,32,0.0625
SRX23825227,14,17,PRJNA1083452,Other,False,32,0.53125
SRX23825227,24,1,PRJNA1083452,Other,False,32,0.03125
SRX23825227,26,1,PRJNA1083452,Other,False,32,0.03125
SRX23825227,4,4,PRJNA1083452,Other,False,32,0.125
SRX23825227,59,3,PRJNA1083452,Other,False,32,0.09375
SRX23825227,60,4,PRJNA1083452,Other,False,32,0.125
SRX23825228,0,1,PRJNA1083452,Other,False,45,0.022222222222222223
SRX23825228,1,6,PRJNA1083452,Other,False,45,0.13333333333333333
SRX23825228,14,2,PRJNA1083452,Other,False,45,0.044444444444444446
SRX23825228,20,1,PRJNA1083452,Other,False,45,0.022222222222222223
SRX23825228,24,1,PRJNA1083452,Other,False,45,0.022222222222222223
SRX23825228,26,4,PRJNA1083452,Other,False,45,0.08888888888888889
SRX23825228,34,1,PRJNA1083452,Other,False,45,0.022222222222222223
SRX23825228,38,2,PRJNA1083452,Other,False,45,0.044444444444444446
SRX23825228,4,5,PRJNA1083452,Other,False,45,0.1111111111111111
SRX23825228,43,2,PRJNA1083452,Other,False,45,0.044444444444444446
SRX23825228,44,2,PRJNA1083452,Other,False,45,0.044444444444444446
SRX23825228,5,1,PRJNA1083452,Other,False,45,0.022222222222222223
SRX23825228,6,1,PRJNA1083452,Other,False,45,0.022222222222222223
SRX23825228,9,16,PRJNA1083452,Other,False,45,0.35555555555555557
SRX23825229,1,8,PRJNA1083452,Other,False,35,0.22857142857142856
SRX23825229,21,1,PRJNA1083452,Other,False,35,0.02857142857142857
SRX23825229,34,2,PRJNA1083452,Other,False,35,0.05714285714285714
SRX23825229,38,3,PRJNA1083452,Other,False,35,0.08571428571428572
SRX23825229,4,11,PRJNA1083452,Other,False,35,0.3142857142857143
SRX23825229,43,1,PRJNA1083452,Other,False,35,0.02857142857142857
SRX23825229,5,5,PRJNA1083452,Other,False,35,0.14285714285714285
SRX23825229,6,1,PRJNA1083452,Other,False,35,0.02857142857142857
SRX23825229,8,2,PRJNA1083452,Other,False,35,0.05714285714285714
SRX23825229,9,1,PRJNA1083452,Other,False,35,0.02857142857142857
SRX23825230,0,2,PRJNA1083452,Other,False,241,0.008298755186721992
SRX23825230,1,2,PRJNA1083452,Other,False,241,0.008298755186721992
SRX23825230,13,1,PRJNA1083452,Other,False,241,0.004149377593360996
SRX23825230,14,1,PRJNA1083452,Other,False,241,0.004149377593360996
SRX23825230,20,2,PRJNA1083452,Other,False,241,0.008298755186721992
SRX23825230,21,1,PRJNA1083452,Other,False,241,0.004149377593360996
SRX23825230,23,1,PRJNA1083452,Other,False,241,0.004149377593360996
SRX23825230,24,11,PRJNA1083452,Other,False,241,0.04564315352697095
SRX23825230,26,13,PRJNA1083452,Other,False,241,0.05394190871369295
SRX23825230,34,2,PRJNA1083452,Other,False,241,0.008298755186721992
SRX23825230,4,8,PRJNA1083452,Other,False,241,0.03319502074688797
SRX23825230,43,84,PRJNA1083452,Other,False,241,0.34854771784232363
SRX23825230,44,47,PRJNA1083452,Other,False,241,0.1950207468879668
SRX23825230,45,9,PRJNA1083452,Other,False,241,0.03734439834024896
SRX23825230,5,25,PRJNA1083452,Other,False,241,0.1037344398340249
SRX23825230,6,2,PRJNA1083452,Other,False,241,0.008298755186721992
SRX23825230,66,1,PRJNA1083452,Other,False,241,0.004149377593360996
SRX23825230,8,4,PRJNA1083452,Other,False,241,0.016597510373443983
SRX23825230,9,25,PRJNA1083452,Other,False,241,0.1037344398340249
SRX23825231,1,8,PRJNA1083452,Other,False,41,0.1951219512195122
SRX23825231,24,3,PRJNA1083452,Other,False,41,0.07317073170731707
SRX23825231,26,1,PRJNA1083452,Other,False,41,0.024390243902439025
SRX23825231,34,2,PRJNA1083452,Other,False,41,0.04878048780487805
SRX23825231,36,1,PRJNA1083452,Other,False,41,0.024390243902439025
SRX23825231,38,2,PRJNA1083452,Other,False,41,0.04878048780487805
SRX23825231,4,6,PRJNA1083452,Other,False,41,0.14634146341463414
SRX23825231,43,2,PRJNA1083452,Other,False,41,0.04878048780487805
SRX23825231,44,2,PRJNA1083452,Other,False,41,0.04878048780487805
SRX23825231,5,12,PRJNA1083452,Other,False,41,0.2926829268292683
SRX23825231,6,1,PRJNA1083452,Other,False,41,0.024390243902439025
SRX23825231,8,1,PRJNA1083452,Other,False,41,0.024390243902439025
SRX23902409,1,8,PRJNA1086544,COPD,True,136,0.058823529411764705
SRX23902409,21,3,PRJNA1086544,COPD,True,136,0.022058823529411766
SRX23902409,24,2,PRJNA1086544,COPD,True,136,0.014705882352941176
SRX23902409,26,41,PRJNA1086544,COPD,True,136,0.3014705882352941
SRX23902409,34,7,PRJNA1086544,COPD,True,136,0.051470588235294115
SRX23902409,39,6,PRJNA1086544,COPD,True,136,0.04411764705882353
SRX23902409,4,3,PRJNA1086544,COPD,True,136,0.022058823529411766
SRX23902409,5,3,PRJNA1086544,COPD,True,136,0.022058823529411766
SRX23902409,9,63,PRJNA1086544,COPD,True,136,0.4632352941176471
SRX23902411,1,11,PRJNA1086544,COPD,,124,0.08870967741935484
SRX23902411,21,2,PRJNA1086544,COPD,,124,0.016129032258064516
SRX23902411,24,2,PRJNA1086544,COPD,,124,0.016129032258064516
SRX23902411,26,52,PRJNA1086544,COPD,,124,0.41935483870967744
SRX23902411,34,4,PRJNA1086544,COPD,,124,0.03225806451612903
SRX23902411,4,5,PRJNA1086544,COPD,,124,0.04032258064516129
SRX23902411,5,5,PRJNA1086544,COPD,,124,0.04032258064516129
SRX23902411,9,43,PRJNA1086544,COPD,,124,0.3467741935483871
SRX23902412,1,33,PRJNA1086544,COPD,True,120,0.275
SRX23902412,21,1,PRJNA1086544,COPD,True,120,0.008333333333333333
SRX23902412,24,3,PRJNA1086544,COPD,True,120,0.025
SRX23902412,26,14,PRJNA1086544,COPD,True,120,0.11666666666666667
SRX23902412,3,1,PRJNA1086544,COPD,True,120,0.008333333333333333
SRX23902412,34,4,PRJNA1086544,COPD,True,120,0.03333333333333333
SRX23902412,4,6,PRJNA1086544,COPD,True,120,0.05
SRX23902412,5,14,PRJNA1086544,COPD,True,120,0.11666666666666667
SRX23902412,9,44,PRJNA1086544,COPD,True,120,0.36666666666666664
SRX23902413,1,23,PRJNA1086544,COPD,,84,0.27380952380952384
SRX23902413,21,1,PRJNA1086544,COPD,,84,0.011904761904761904
SRX23902413,24,3,PRJNA1086544,COPD,,84,0.03571428571428571
SRX23902413,26,33,PRJNA1086544,COPD,,84,0.39285714285714285
SRX23902413,3,1,PRJNA1086544,COPD,,84,0.011904761904761904
SRX23902413,34,4,PRJNA1086544,COPD,,84,0.047619047619047616
SRX23902413,4,1,PRJNA1086544,COPD,,84,0.011904761904761904
SRX23902413,5,7,PRJNA1086544,COPD,,84,0.08333333333333333
SRX23902413,9,11,PRJNA1086544,COPD,,84,0.13095238095238096
SRX24073308,1,2,PRJNA1092571,Other,False,48,0.041666666666666664
SRX24073308,14,10,PRJNA1092571,Other,False,48,0.20833333333333334
SRX24073308,21,1,PRJNA1092571,Other,False,48,0.020833333333333332
SRX24073308,24,2,PRJNA1092571,Other,False,48,0.041666666666666664
SRX24073308,26,2,PRJNA1092571,Other,False,48,0.041666666666666664
SRX24073308,34,1,PRJNA1092571,Other,False,48,0.020833333333333332
SRX24073308,36,19,PRJNA1092571,Other,False,48,0.3958333333333333
SRX24073308,4,2,PRJNA1092571,Other,False,48,0.041666666666666664
SRX24073308,43,1,PRJNA1092571,Other,False,48,0.020833333333333332
SRX24073308,6,1,PRJNA1092571,Other,False,48,0.020833333333333332
SRX24073308,60,6,PRJNA1092571,Other,False,48,0.125
SRX24073308,8,1,PRJNA1092571,Other,False,48,0.020833333333333332
SRX24073309,0,1,PRJNA1092571,Other,False,27,0.037037037037037035
SRX24073309,1,1,PRJNA1092571,Other,False,27,0.037037037037037035
SRX24073309,14,8,PRJNA1092571,Other,False,27,0.2962962962962963
SRX24073309,20,3,PRJNA1092571,Other,False,27,0.1111111111111111
SRX24073309,26,2,PRJNA1092571,Other,False,27,0.07407407407407407
SRX24073309,36,3,PRJNA1092571,Other,False,27,0.1111111111111111
SRX24073309,5,2,PRJNA1092571,Other,False,27,0.07407407407407407
SRX24073309,52,2,PRJNA1092571,Other,False,27,0.07407407407407407
SRX24073309,60,3,PRJNA1092571,Other,False,27,0.1111111111111111
SRX24073309,9,2,PRJNA1092571,Other,False,27,0.07407407407407407
SRX24073319,1,4,PRJNA1092571,Other,False,48,0.08333333333333333
SRX24073319,17,1,PRJNA1092571,Other,False,48,0.020833333333333332
SRX24073319,20,17,PRJNA1092571,Other,False,48,0.3541666666666667
SRX24073319,23,1,PRJNA1092571,Other,False,48,0.020833333333333332
SRX24073319,3,1,PRJNA1092571,Other,False,48,0.020833333333333332
SRX24073319,31,9,PRJNA1092571,Other,False,48,0.1875
SRX24073319,45,10,PRJNA1092571,Other,False,48,0.20833333333333334
SRX24073319,52,1,PRJNA1092571,Other,False,48,0.020833333333333332
SRX24073319,60,4,PRJNA1092571,Other,False,48,0.08333333333333333
SRX24312770,1,1,PRJNA1102355,Other,False,135,0.007407407407407408
SRX24312770,13,2,PRJNA1102355,Other,False,135,0.014814814814814815
SRX24312770,14,41,PRJNA1102355,Other,False,135,0.3037037037037037
SRX24312770,17,2,PRJNA1102355,Other,False,135,0.014814814814814815
SRX24312770,20,15,PRJNA1102355,Other,False,135,0.1111111111111111
SRX24312770,21,4,PRJNA1102355,Other,False,135,0.02962962962962963
SRX24312770,24,3,PRJNA1102355,Other,False,135,0.022222222222222223
SRX24312770,26,2,PRJNA1102355,Other,False,135,0.014814814814814815
SRX24312770,34,1,PRJNA1102355,Other,False,135,0.007407407407407408
SRX24312770,36,9,PRJNA1102355,Other,False,135,0.06666666666666667
SRX24312770,38,2,PRJNA1102355,Other,False,135,0.014814814814814815
SRX24312770,4,2,PRJNA1102355,Other,False,135,0.014814814814814815
SRX24312770,44,1,PRJNA1102355,Other,False,135,0.007407407407407408
SRX24312770,52,16,PRJNA1102355,Other,False,135,0.11851851851851852
SRX24312770,6,1,PRJNA1102355,Other,False,135,0.007407407407407408
SRX24312770,60,18,PRJNA1102355,Other,False,135,0.13333333333333333
SRX24312770,8,15,PRJNA1102355,Other,False,135,0.1111111111111111
SRX24312778,14,42,PRJNA1102355,Other,False,100,0.42
SRX24312778,17,3,PRJNA1102355,Other,False,100,0.03
SRX24312778,18,1,PRJNA1102355,Other,False,100,0.01
SRX24312778,20,2,PRJNA1102355,Other,False,100,0.02
SRX24312778,21,1,PRJNA1102355,Other,False,100,0.01
SRX24312778,24,1,PRJNA1102355,Other,False,100,0.01
SRX24312778,26,1,PRJNA1102355,Other,False,100,0.01
SRX24312778,34,1,PRJNA1102355,Other,False,100,0.01
SRX24312778,36,23,PRJNA1102355,Other,False,100,0.23
SRX24312778,43,4,PRJNA1102355,Other,False,100,0.04
SRX24312778,52,5,PRJNA1102355,Other,False,100,0.05
SRX24312778,59,1,PRJNA1102355,Other,False,100,0.01
SRX24312778,60,14,PRJNA1102355,Other,False,100,0.14
SRX24312778,8,1,PRJNA1102355,Other,False,100,0.01
SRX24312779,1,2,PRJNA1102355,Other,False,93,0.021505376344086023
SRX24312779,13,1,PRJNA1102355,Other,False,93,0.010752688172043012
SRX24312779,14,47,PRJNA1102355,Other,False,93,0.5053763440860215
SRX24312779,17,2,PRJNA1102355,Other,False,93,0.021505376344086023
SRX24312779,21,5,PRJNA1102355,Other,False,93,0.053763440860215055
SRX24312779,24,4,PRJNA1102355,Other,False,93,0.043010752688172046
SRX24312779,31,2,PRJNA1102355,Other,False,93,0.021505376344086023
SRX24312779,36,5,PRJNA1102355,Other,False,93,0.053763440860215055
SRX24312779,38,2,PRJNA1102355,Other,False,93,0.021505376344086023
SRX24312779,4,12,PRJNA1102355,Other,False,93,0.12903225806451613
SRX24312779,5,1,PRJNA1102355,Other,False,93,0.010752688172043012
SRX24312779,52,2,PRJNA1102355,Other,False,93,0.021505376344086023
SRX24312779,59,2,PRJNA1102355,Other,False,93,0.021505376344086023
SRX24312779,6,2,PRJNA1102355,Other,False,93,0.021505376344086023
SRX24312779,60,2,PRJNA1102355,Other,False,93,0.021505376344086023
SRX24312779,9,2,PRJNA1102355,Other,False,93,0.021505376344086023
SRX24312786,14,42,PRJNA1102355,Other,False,75,0.56
SRX24312786,17,4,PRJNA1102355,Other,False,75,0.05333333333333334
SRX24312786,21,5,PRJNA1102355,Other,False,75,0.06666666666666667
SRX24312786,24,1,PRJNA1102355,Other,False,75,0.013333333333333334
SRX24312786,26,4,PRJNA1102355,Other,False,75,0.05333333333333334
SRX24312786,3,1,PRJNA1102355,Other,False,75,0.013333333333333334
SRX24312786,32,1,PRJNA1102355,Other,False,75,0.013333333333333334
SRX24312786,34,2,PRJNA1102355,Other,False,75,0.02666666666666667
SRX24312786,36,2,PRJNA1102355,Other,False,75,0.02666666666666667
SRX24312786,38,1,PRJNA1102355,Other,False,75,0.013333333333333334
SRX24312786,52,6,PRJNA1102355,Other,False,75,0.08
SRX24312786,59,1,PRJNA1102355,Other,False,75,0.013333333333333334
SRX24312786,60,4,PRJNA1102355,Other,False,75,0.05333333333333334
SRX24312786,9,1,PRJNA1102355,Other,False,75,0.013333333333333334
SRX24475786,1,15,PRJNA1108287,Other,False,77,0.19480519480519481
SRX24475786,21,1,PRJNA1108287,Other,False,77,0.012987012987012988
SRX24475786,24,6,PRJNA1108287,Other,False,77,0.07792207792207792
SRX24475786,26,5,PRJNA1108287,Other,False,77,0.06493506493506493
SRX24475786,3,1,PRJNA1108287,Other,False,77,0.012987012987012988
SRX24475786,4,2,PRJNA1108287,Other,False,77,0.025974025974025976
SRX24475786,44,1,PRJNA1108287,Other,False,77,0.012987012987012988
SRX24475786,5,6,PRJNA1108287,Other,False,77,0.07792207792207792
SRX24475786,9,40,PRJNA1108287,Other,False,77,0.5194805194805194
SRX24475787,1,3,PRJNA1108287,Other,False,80,0.0375
SRX24475787,24,5,PRJNA1108287,Other,False,80,0.0625
SRX24475787,26,12,PRJNA1108287,Other,False,80,0.15
SRX24475787,34,2,PRJNA1108287,Other,False,80,0.025
SRX24475787,44,2,PRJNA1108287,Other,False,80,0.025
SRX24475787,5,3,PRJNA1108287,Other,False,80,0.0375
SRX24475787,9,53,PRJNA1108287,Other,False,80,0.6625
SRX24475789,24,2,PRJNA1108287,Other,False,88,0.022727272727272728
SRX24475789,26,4,PRJNA1108287,Other,False,88,0.045454545454545456
SRX24475789,34,6,PRJNA1108287,Other,False,88,0.06818181818181818
SRX24475789,43,1,PRJNA1108287,Other,False,88,0.011363636363636364
SRX24475789,44,2,PRJNA1108287,Other,False,88,0.022727272727272728
SRX24475789,45,1,PRJNA1108287,Other,False,88,0.011363636363636364
SRX24475789,9,72,PRJNA1108287,Other,False,88,0.8181818181818182
SRX24475790,21,1,PRJNA1108287,Other,False,24,0.041666666666666664
SRX24475790,24,1,PRJNA1108287,Other,False,24,0.041666666666666664
SRX24475790,26,20,PRJNA1108287,Other,False,24,0.8333333333333334
SRX24475790,9,2,PRJNA1108287,Other,False,24,0.08333333333333333
SRX24475791,1,2,PRJNA1108287,Other,False,41,0.04878048780487805
SRX24475791,24,2,PRJNA1108287,Other,False,41,0.04878048780487805
SRX24475791,26,4,PRJNA1108287,Other,False,41,0.0975609756097561
SRX24475791,5,4,PRJNA1108287,Other,False,41,0.0975609756097561
SRX24475791,9,29,PRJNA1108287,Other,False,41,0.7073170731707317
SRX24475792,1,8,PRJNA1108287,Other,False,37,0.21621621621621623
SRX24475792,26,19,PRJNA1108287,Other,False,37,0.5135135135135135
SRX24475792,44,1,PRJNA1108287,Other,False,37,0.02702702702702703
SRX24475792,5,3,PRJNA1108287,Other,False,37,0.08108108108108109
SRX24475792,6,1,PRJNA1108287,Other,False,37,0.02702702702702703
SRX24475792,9,5,PRJNA1108287,Other,False,37,0.13513513513513514
SRX24475794,1,13,PRJNA1108287,Other,False,42,0.30952380952380953
SRX24475794,24,2,PRJNA1108287,Other,False,42,0.047619047619047616
SRX24475794,26,13,PRJNA1108287,Other,False,42,0.30952380952380953
SRX24475794,34,1,PRJNA1108287,Other,False,42,0.023809523809523808
SRX24475794,39,2,PRJNA1108287,Other,False,42,0.047619047619047616
SRX24475794,5,8,PRJNA1108287,Other,False,42,0.19047619047619047
SRX24475794,9,3,PRJNA1108287,Other,False,42,0.07142857142857142
SRX24475795,0,4,PRJNA1108287,Other,False,52,0.07692307692307693
SRX24475795,1,9,PRJNA1108287,Other,False,52,0.17307692307692307
SRX24475795,14,5,PRJNA1108287,Other,False,52,0.09615384615384616
SRX24475795,17,1,PRJNA1108287,Other,False,52,0.019230769230769232
SRX24475795,20,4,PRJNA1108287,Other,False,52,0.07692307692307693
SRX24475795,21,13,PRJNA1108287,Other,False,52,0.25
SRX24475795,23,1,PRJNA1108287,Other,False,52,0.019230769230769232
SRX24475795,5,1,PRJNA1108287,Other,False,52,0.019230769230769232
SRX24475795,6,13,PRJNA1108287,Other,False,52,0.25
SRX24475795,60,1,PRJNA1108287,Other,False,52,0.019230769230769232
SRX24475797,1,5,PRJNA1108287,Other,False,134,0.03731343283582089
SRX24475797,24,6,PRJNA1108287,Other,False,134,0.04477611940298507
SRX24475797,26,19,PRJNA1108287,Other,False,134,0.1417910447761194
SRX24475797,34,22,PRJNA1108287,Other,False,134,0.16417910447761194
SRX24475797,45,1,PRJNA1108287,Other,False,134,0.007462686567164179
SRX24475797,5,1,PRJNA1108287,Other,False,134,0.007462686567164179
SRX24475797,9,80,PRJNA1108287,Other,False,134,0.5970149253731343
SRX24475799,24,3,PRJNA1108287,Other,False,75,0.04
SRX24475799,26,2,PRJNA1108287,Other,False,75,0.02666666666666667
SRX24475799,34,5,PRJNA1108287,Other,False,75,0.06666666666666667
SRX24475799,39,1,PRJNA1108287,Other,False,75,0.013333333333333334
SRX24475799,5,1,PRJNA1108287,Other,False,75,0.013333333333333334
SRX24475799,9,63,PRJNA1108287,Other,False,75,0.84
SRX24475800,21,1,PRJNA1108287,Other,False,80,0.0125
SRX24475800,24,4,PRJNA1108287,Other,False,80,0.05
SRX24475800,26,59,PRJNA1108287,Other,False,80,0.7375
SRX24475800,34,4,PRJNA1108287,Other,False,80,0.05
SRX24475800,43,1,PRJNA1108287,Other,False,80,0.0125
SRX24475800,9,11,PRJNA1108287,Other,False,80,0.1375
SRX24475801,26,2,PRJNA1108287,Other,False,5,0.4
SRX24475801,9,3,PRJNA1108287,Other,False,5,0.6
SRX24475802,1,5,PRJNA1108287,Other,False,62,0.08064516129032258
SRX24475802,13,1,PRJNA1108287,Other,False,62,0.016129032258064516
SRX24475802,21,1,PRJNA1108287,Other,False,62,0.016129032258064516
SRX24475802,26,50,PRJNA1108287,Other,False,62,0.8064516129032258
SRX24475802,34,1,PRJNA1108287,Other,False,62,0.016129032258064516
SRX24475802,39,1,PRJNA1108287,Other,False,62,0.016129032258064516
SRX24475802,5,1,PRJNA1108287,Other,False,62,0.016129032258064516
SRX24475802,9,2,PRJNA1108287,Other,False,62,0.03225806451612903
SRX24732576,1,17,PRJNA1117768,COPD,False,47,0.3617021276595745
SRX24732576,13,1,PRJNA1117768,COPD,False,47,0.02127659574468085
SRX24732576,20,2,PRJNA1117768,COPD,False,47,0.0425531914893617
SRX24732576,21,1,PRJNA1117768,COPD,False,47,0.02127659574468085
SRX24732576,26,1,PRJNA1117768,COPD,False,47,0.02127659574468085
SRX24732576,34,4,PRJNA1117768,COPD,False,47,0.0851063829787234
SRX24732576,36,1,PRJNA1117768,COPD,False,47,0.02127659574468085
SRX24732576,4,5,PRJNA1117768,COPD,False,47,0.10638297872340426
SRX24732576,45,1,PRJNA1117768,COPD,False,47,0.02127659574468085
SRX24732576,5,6,PRJNA1117768,COPD,False,47,0.1276595744680851
SRX24732576,59,2,PRJNA1117768,COPD,False,47,0.0425531914893617
SRX24732576,6,2,PRJNA1117768,COPD,False,47,0.0425531914893617
SRX24732576,8,3,PRJNA1117768,COPD,False,47,0.06382978723404255
SRX24732576,9,1,PRJNA1117768,COPD,False,47,0.02127659574468085
SRX24732577,1,8,PRJNA1117768,COPD,True,22,0.36363636363636365
SRX24732577,13,1,PRJNA1117768,COPD,True,22,0.045454545454545456
SRX24732577,34,5,PRJNA1117768,COPD,True,22,0.22727272727272727
SRX24732577,38,2,PRJNA1117768,COPD,True,22,0.09090909090909091
SRX24732577,4,1,PRJNA1117768,COPD,True,22,0.045454545454545456
SRX24732577,43,1,PRJNA1117768,COPD,True,22,0.045454545454545456
SRX24732577,5,1,PRJNA1117768,COPD,True,22,0.045454545454545456
SRX24732577,8,3,PRJNA1117768,COPD,True,22,0.13636363636363635
SRX24841614,1,13,PRJNA1121368,COPD,True,134,0.09701492537313433
SRX24841614,20,6,PRJNA1121368,COPD,True,134,0.04477611940298507
SRX24841614,21,3,PRJNA1121368,COPD,True,134,0.022388059701492536
SRX24841614,24,3,PRJNA1121368,COPD,True,134,0.022388059701492536
SRX24841614,26,16,PRJNA1121368,COPD,True,134,0.11940298507462686
SRX24841614,34,4,PRJNA1121368,COPD,True,134,0.029850746268656716
SRX24841614,36,1,PRJNA1121368,COPD,True,134,0.007462686567164179
SRX24841614,4,1,PRJNA1121368,COPD,True,134,0.007462686567164179
SRX24841614,43,10,PRJNA1121368,COPD,True,134,0.07462686567164178
SRX24841614,44,8,PRJNA1121368,COPD,True,134,0.05970149253731343
SRX24841614,45,1,PRJNA1121368,COPD,True,134,0.007462686567164179
SRX24841614,5,4,PRJNA1121368,COPD,True,134,0.029850746268656716
SRX24841614,7,2,PRJNA1121368,COPD,True,134,0.014925373134328358
SRX24841614,8,35,PRJNA1121368,COPD,True,134,0.26119402985074625
SRX24841614,9,27,PRJNA1121368,COPD,True,134,0.20149253731343283
SRX24841615,1,56,PRJNA1121368,COPD,True,216,0.25925925925925924
SRX24841615,20,17,PRJNA1121368,COPD,True,216,0.0787037037037037
SRX24841615,21,9,PRJNA1121368,COPD,True,216,0.041666666666666664
SRX24841615,24,3,PRJNA1121368,COPD,True,216,0.013888888888888888
SRX24841615,26,5,PRJNA1121368,COPD,True,216,0.023148148148148147
SRX24841615,3,1,PRJNA1121368,COPD,True,216,0.004629629629629629
SRX24841615,36,7,PRJNA1121368,COPD,True,216,0.032407407407407406
SRX24841615,38,7,PRJNA1121368,COPD,True,216,0.032407407407407406
SRX24841615,4,7,PRJNA1121368,COPD,True,216,0.032407407407407406
SRX24841615,43,8,PRJNA1121368,COPD,True,216,0.037037037037037035
SRX24841615,44,4,PRJNA1121368,COPD,True,216,0.018518518518518517
SRX24841615,45,1,PRJNA1121368,COPD,True,216,0.004629629629629629
SRX24841615,5,42,PRJNA1121368,COPD,True,216,0.19444444444444445
SRX24841615,60,1,PRJNA1121368,COPD,True,216,0.004629629629629629
SRX24841615,7,1,PRJNA1121368,COPD,True,216,0.004629629629629629
SRX24841615,8,45,PRJNA1121368,COPD,True,216,0.20833333333333334
SRX24841615,9,2,PRJNA1121368,COPD,True,216,0.009259259259259259
SRX24841616,1,16,PRJNA1121368,COPD,True,111,0.14414414414414414
SRX24841616,20,7,PRJNA1121368,COPD,True,111,0.06306306306306306
SRX24841616,21,7,PRJNA1121368,COPD,True,111,0.06306306306306306
SRX24841616,24,4,PRJNA1121368,COPD,True,111,0.036036036036036036
SRX24841616,26,3,PRJNA1121368,COPD,True,111,0.02702702702702703
SRX24841616,34,1,PRJNA1121368,COPD,True,111,0.009009009009009009
SRX24841616,38,1,PRJNA1121368,COPD,True,111,0.009009009009009009
SRX24841616,4,4,PRJNA1121368,COPD,True,111,0.036036036036036036
SRX24841616,43,15,PRJNA1121368,COPD,True,111,0.13513513513513514
SRX24841616,44,16,PRJNA1121368,COPD,True,111,0.14414414414414414
SRX24841616,45,6,PRJNA1121368,COPD,True,111,0.05405405405405406
SRX24841616,5,9,PRJNA1121368,COPD,True,111,0.08108108108108109
SRX24841616,8,10,PRJNA1121368,COPD,True,111,0.09009009009009009
SRX24841616,9,12,PRJNA1121368,COPD,True,111,0.10810810810810811
SRX24841617,1,3,PRJNA1121368,COPD,True,82,0.036585365853658534
SRX24841617,20,2,PRJNA1121368,COPD,True,82,0.024390243902439025
SRX24841617,21,1,PRJNA1121368,COPD,True,82,0.012195121951219513
SRX24841617,23,1,PRJNA1121368,COPD,True,82,0.012195121951219513
SRX24841617,26,4,PRJNA1121368,COPD,True,82,0.04878048780487805
SRX24841617,34,1,PRJNA1121368,COPD,True,82,0.012195121951219513
SRX24841617,36,2,PRJNA1121368,COPD,True,82,0.024390243902439025
SRX24841617,38,4,PRJNA1121368,COPD,True,82,0.04878048780487805
SRX24841617,4,1,PRJNA1121368,COPD,True,82,0.012195121951219513
SRX24841617,43,5,PRJNA1121368,COPD,True,82,0.06097560975609756
SRX24841617,44,15,PRJNA1121368,COPD,True,82,0.18292682926829268
SRX24841617,45,5,PRJNA1121368,COPD,True,82,0.06097560975609756
SRX24841617,8,10,PRJNA1121368,COPD,True,82,0.12195121951219512
SRX24841617,9,28,PRJNA1121368,COPD,True,82,0.34146341463414637
SRX24841618,1,1,PRJNA1121368,COPD,True,52,0.019230769230769232
SRX24841618,24,1,PRJNA1121368,COPD,True,52,0.019230769230769232
SRX24841618,26,9,PRJNA1121368,COPD,True,52,0.17307692307692307
SRX24841618,34,2,PRJNA1121368,COPD,True,52,0.038461538461538464
SRX24841618,36,1,PRJNA1121368,COPD,True,52,0.019230769230769232
SRX24841618,43,11,PRJNA1121368,COPD,True,52,0.21153846153846154
SRX24841618,44,8,PRJNA1121368,COPD,True,52,0.15384615384615385
SRX24841618,45,1,PRJNA1121368,COPD,True,52,0.019230769230769232
SRX24841618,7,1,PRJNA1121368,COPD,True,52,0.019230769230769232
SRX24841618,8,5,PRJNA1121368,COPD,True,52,0.09615384615384616
SRX24841618,9,12,PRJNA1121368,COPD,True,52,0.23076923076923078
SRX24841619,1,3,PRJNA1121368,COPD,True,53,0.05660377358490566
SRX24841619,20,1,PRJNA1121368,COPD,True,53,0.018867924528301886
SRX24841619,24,1,PRJNA1121368,COPD,True,53,0.018867924528301886
SRX24841619,26,4,PRJNA1121368,COPD,True,53,0.07547169811320754
SRX24841619,43,1,PRJNA1121368,COPD,True,53,0.018867924528301886
SRX24841619,44,2,PRJNA1121368,COPD,True,53,0.03773584905660377
SRX24841619,7,1,PRJNA1121368,COPD,True,53,0.018867924528301886
SRX24841619,8,4,PRJNA1121368,COPD,True,53,0.07547169811320754
SRX24841619,9,36,PRJNA1121368,COPD,True,53,0.6792452830188679
SRX25038161,17,3,PRJNA1127657,Lung Cancer,True,43,0.06976744186046512
SRX25038161,20,6,PRJNA1127657,Lung Cancer,True,43,0.13953488372093023
SRX25038161,23,4,PRJNA1127657,Lung Cancer,True,43,0.09302325581395349
SRX25038161,31,24,PRJNA1127657,Lung Cancer,True,43,0.5581395348837209
SRX25038161,45,5,PRJNA1127657,Lung Cancer,True,43,0.11627906976744186
SRX25038161,52,1,PRJNA1127657,Lung Cancer,True,43,0.023255813953488372
SRX25038162,1,3,PRJNA1127657,Lung Cancer,True,54,0.05555555555555555
SRX25038162,13,2,PRJNA1127657,Lung Cancer,True,54,0.037037037037037035
SRX25038162,14,2,PRJNA1127657,Lung Cancer,True,54,0.037037037037037035
SRX25038162,24,1,PRJNA1127657,Lung Cancer,True,54,0.018518518518518517
SRX25038162,26,4,PRJNA1127657,Lung Cancer,True,54,0.07407407407407407
SRX25038162,34,4,PRJNA1127657,Lung Cancer,True,54,0.07407407407407407
SRX25038162,4,4,PRJNA1127657,Lung Cancer,True,54,0.07407407407407407
SRX25038162,43,1,PRJNA1127657,Lung Cancer,True,54,0.018518518518518517
SRX25038162,5,3,PRJNA1127657,Lung Cancer,True,54,0.05555555555555555
SRX25038162,6,3,PRJNA1127657,Lung Cancer,True,54,0.05555555555555555
SRX25038162,8,3,PRJNA1127657,Lung Cancer,True,54,0.05555555555555555
SRX25038162,9,24,PRJNA1127657,Lung Cancer,True,54,0.4444444444444444
SRX25038164,1,9,PRJNA1127657,COPD,True,33,0.2727272727272727
SRX25038164,21,1,PRJNA1127657,COPD,True,33,0.030303030303030304
SRX25038164,26,4,PRJNA1127657,COPD,True,33,0.12121212121212122
SRX25038164,34,1,PRJNA1127657,COPD,True,33,0.030303030303030304
SRX25038164,4,15,PRJNA1127657,COPD,True,33,0.45454545454545453
SRX25038164,6,1,PRJNA1127657,COPD,True,33,0.030303030303030304
SRX25038164,9,2,PRJNA1127657,COPD,True,33,0.06060606060606061
SRX25038166,1,4,PRJNA1127657,COPD,True,34,0.11764705882352941
SRX25038166,20,1,PRJNA1127657,COPD,True,34,0.029411764705882353
SRX25038166,24,1,PRJNA1127657,COPD,True,34,0.029411764705882353
SRX25038166,26,5,PRJNA1127657,COPD,True,34,0.14705882352941177
SRX25038166,36,1,PRJNA1127657,COPD,True,34,0.029411764705882353
SRX25038166,4,9,PRJNA1127657,COPD,True,34,0.2647058823529412
SRX25038166,5,2,PRJNA1127657,COPD,True,34,0.058823529411764705
SRX25038166,7,1,PRJNA1127657,COPD,True,34,0.029411764705882353
SRX25038166,8,2,PRJNA1127657,COPD,True,34,0.058823529411764705
SRX25038166,9,8,PRJNA1127657,COPD,True,34,0.23529411764705882
SRX25038168,1,25,PRJNA1127657,Lung Cancer,True,67,0.373134328358209
SRX25038168,24,2,PRJNA1127657,Lung Cancer,True,67,0.029850746268656716
SRX25038168,26,7,PRJNA1127657,Lung Cancer,True,67,0.1044776119402985
SRX25038168,31,1,PRJNA1127657,Lung Cancer,True,67,0.014925373134328358
SRX25038168,34,1,PRJNA1127657,Lung Cancer,True,67,0.014925373134328358
SRX25038168,38,1,PRJNA1127657,Lung Cancer,True,67,0.014925373134328358
SRX25038168,4,5,PRJNA1127657,Lung Cancer,True,67,0.07462686567164178
SRX25038168,44,3,PRJNA1127657,Lung Cancer,True,67,0.04477611940298507
SRX25038168,5,3,PRJNA1127657,Lung Cancer,True,67,0.04477611940298507
SRX25038168,6,1,PRJNA1127657,Lung Cancer,True,67,0.014925373134328358
SRX25038168,8,1,PRJNA1127657,Lung Cancer,True,67,0.014925373134328358
SRX25038168,9,17,PRJNA1127657,Lung Cancer,True,67,0.2537313432835821
SRX25038170,1,9,PRJNA1127657,COPD,True,69,0.13043478260869565
SRX25038170,14,2,PRJNA1127657,COPD,True,69,0.028985507246376812
SRX25038170,24,1,PRJNA1127657,COPD,True,69,0.014492753623188406
SRX25038170,26,10,PRJNA1127657,COPD,True,69,0.14492753623188406
SRX25038170,31,1,PRJNA1127657,COPD,True,69,0.014492753623188406
SRX25038170,34,5,PRJNA1127657,COPD,True,69,0.07246376811594203
SRX25038170,36,1,PRJNA1127657,COPD,True,69,0.014492753623188406
SRX25038170,4,11,PRJNA1127657,COPD,True,69,0.15942028985507245
SRX25038170,43,1,PRJNA1127657,COPD,True,69,0.014492753623188406
SRX25038170,5,13,PRJNA1127657,COPD,True,69,0.18840579710144928
SRX25038170,6,2,PRJNA1127657,COPD,True,69,0.028985507246376812
SRX25038170,8,3,PRJNA1127657,COPD,True,69,0.043478260869565216
SRX25038170,9,10,PRJNA1127657,COPD,True,69,0.14492753623188406
SRX25038172,1,7,PRJNA1127657,COPD,True,46,0.15217391304347827
SRX25038172,13,3,PRJNA1127657,COPD,True,46,0.06521739130434782
SRX25038172,24,1,PRJNA1127657,COPD,True,46,0.021739130434782608
SRX25038172,26,2,PRJNA1127657,COPD,True,46,0.043478260869565216
SRX25038172,34,9,PRJNA1127657,COPD,True,46,0.1956521739130435
SRX25038172,4,4,PRJNA1127657,COPD,True,46,0.08695652173913043
SRX25038172,44,1,PRJNA1127657,COPD,True,46,0.021739130434782608
SRX25038172,5,6,PRJNA1127657,COPD,True,46,0.13043478260869565
SRX25038172,8,5,PRJNA1127657,COPD,True,46,0.10869565217391304
SRX25038172,9,8,PRJNA1127657,COPD,True,46,0.17391304347826086
SRX25318272,17,1,PRJNA1135480,Lung Cancer,True,346,0.002890173410404624
SRX25318272,20,79,PRJNA1135480,Lung Cancer,True,346,0.22832369942196531
SRX25318272,21,10,PRJNA1135480,Lung Cancer,True,346,0.028901734104046242
SRX25318272,23,30,PRJNA1135480,Lung Cancer,True,346,0.08670520231213873
SRX25318272,31,136,PRJNA1135480,Lung Cancer,True,346,0.3930635838150289
SRX25318272,43,4,PRJNA1135480,Lung Cancer,True,346,0.011560693641618497
SRX25318272,44,6,PRJNA1135480,Lung Cancer,True,346,0.017341040462427744
SRX25318272,45,77,PRJNA1135480,Lung Cancer,True,346,0.22254335260115607
SRX25318272,52,3,PRJNA1135480,Lung Cancer,True,346,0.008670520231213872
SRX25319034,20,33,PRJNA1135481,Other,False,250,0.132
SRX25319034,21,16,PRJNA1135481,Other,False,250,0.064
SRX25319034,23,2,PRJNA1135481,Other,False,250,0.008
SRX25319034,31,31,PRJNA1135481,Other,False,250,0.124
SRX25319034,43,118,PRJNA1135481,Other,False,250,0.472
SRX25319034,44,27,PRJNA1135481,Other,False,250,0.108
SRX25319034,45,21,PRJNA1135481,Other,False,250,0.084
SRX25319034,5,1,PRJNA1135481,Other,False,250,0.004
SRX25319034,52,1,PRJNA1135481,Other,False,250,0.004
SRX25319035,20,18,PRJNA1135481,Other,False,76,0.23684210526315788
SRX25319035,23,2,PRJNA1135481,Other,False,76,0.02631578947368421
SRX25319035,31,11,PRJNA1135481,Other,False,76,0.14473684210526316
SRX25319035,43,1,PRJNA1135481,Other,False,76,0.013157894736842105
SRX25319035,44,32,PRJNA1135481,Other,False,76,0.42105263157894735
SRX25319035,45,12,PRJNA1135481,Other,False,76,0.15789473684210525
SRX25319036,20,11,PRJNA1135481,Other,False,92,0.11956521739130435
SRX25319036,21,8,PRJNA1135481,Other,False,92,0.08695652173913043
SRX25319036,23,1,PRJNA1135481,Other,False,92,0.010869565217391304
SRX25319036,31,33,PRJNA1135481,Other,False,92,0.358695652173913
SRX25319036,43,10,PRJNA1135481,Other,False,92,0.10869565217391304
SRX25319036,44,5,PRJNA1135481,Other,False,92,0.05434782608695652
SRX25319036,45,23,PRJNA1135481,Other,False,92,0.25
SRX25319036,52,1,PRJNA1135481,Other,False,92,0.010869565217391304
SRX25319037,20,4,PRJNA1135481,Other,False,67,0.05970149253731343
SRX25319037,21,1,PRJNA1135481,Other,False,67,0.014925373134328358
SRX25319037,23,1,PRJNA1135481,Other,False,67,0.014925373134328358
SRX25319037,31,21,PRJNA1135481,Other,False,67,0.31343283582089554
SRX25319037,43,1,PRJNA1135481,Other,False,67,0.014925373134328358
SRX25319037,44,23,PRJNA1135481,Other,False,67,0.34328358208955223
SRX25319037,45,16,PRJNA1135481,Other,False,67,0.23880597014925373
SRX25319038,20,5,PRJNA1135481,Other,False,66,0.07575757575757576
SRX25319038,31,27,PRJNA1135481,Other,False,66,0.4090909090909091
SRX25319038,43,1,PRJNA1135481,Other,False,66,0.015151515151515152
SRX25319038,44,15,PRJNA1135481,Other,False,66,0.22727272727272727
SRX25319038,45,18,PRJNA1135481,Other,False,66,0.2727272727272727
SRX25363535,14,38,PRJNA1136930,Other,False,58,0.6551724137931034
SRX25363535,17,1,PRJNA1136930,Other,False,58,0.017241379310344827
SRX25363535,20,4,PRJNA1136930,Other,False,58,0.06896551724137931
SRX25363535,24,1,PRJNA1136930,Other,False,58,0.017241379310344827
SRX25363535,26,1,PRJNA1136930,Other,False,58,0.017241379310344827
SRX25363535,34,1,PRJNA1136930,Other,False,58,0.017241379310344827
SRX25363535,36,3,PRJNA1136930,Other,False,58,0.05172413793103448
SRX25363535,38,2,PRJNA1136930,Other,False,58,0.034482758620689655
SRX25363535,60,4,PRJNA1136930,Other,False,58,0.06896551724137931
SRX25363535,8,3,PRJNA1136930,Other,False,58,0.05172413793103448
SRX25737227,20,34,PRJNA1149046,Other,False,252,0.1349206349206349
SRX25737227,21,9,PRJNA1149046,Other,False,252,0.03571428571428571
SRX25737227,23,1,PRJNA1149046,Other,False,252,0.003968253968253968
SRX25737227,31,33,PRJNA1149046,Other,False,252,0.13095238095238096
SRX25737227,43,126,PRJNA1149046,Other,False,252,0.5
SRX25737227,44,31,PRJNA1149046,Other,False,252,0.12301587301587301
SRX25737227,45,16,PRJNA1149046,Other,False,252,0.06349206349206349
SRX25737227,52,2,PRJNA1149046,Other,False,252,0.007936507936507936
SRX25737229,20,12,PRJNA1149046,Other,False,117,0.10256410256410256
SRX25737229,21,6,PRJNA1149046,Other,False,117,0.05128205128205128
SRX25737229,23,3,PRJNA1149046,Other,False,117,0.02564102564102564
SRX25737229,31,54,PRJNA1149046,Other,False,117,0.46153846153846156
SRX25737229,43,8,PRJNA1149046,Other,False,117,0.06837606837606838
SRX25737229,44,7,PRJNA1149046,Other,False,117,0.05982905982905983
SRX25737229,45,27,PRJNA1149046,Other,False,117,0.23076923076923078
SRX25737231,20,4,PRJNA1149046,Other,False,53,0.07547169811320754
SRX25737231,23,1,PRJNA1149046,Other,False,53,0.018867924528301886
SRX25737231,31,16,PRJNA1149046,Other,False,53,0.3018867924528302
SRX25737231,43,7,PRJNA1149046,Other,False,53,0.1320754716981132
SRX25737231,44,8,PRJNA1149046,Other,False,53,0.1509433962264151
SRX25737231,45,17,PRJNA1149046,Other,False,53,0.32075471698113206
SRX25737232,17,1,PRJNA1149046,Other,False,65,0.015384615384615385
SRX25737232,20,2,PRJNA1149046,Other,False,65,0.03076923076923077
SRX25737232,21,12,PRJNA1149046,Other,False,65,0.18461538461538463
SRX25737232,23,2,PRJNA1149046,Other,False,65,0.03076923076923077
SRX25737232,31,5,PRJNA1149046,Other,False,65,0.07692307692307693
SRX25737232,43,16,PRJNA1149046,Other,False,65,0.24615384615384617
SRX25737232,44,24,PRJNA1149046,Other,False,65,0.36923076923076925
SRX25737232,45,3,PRJNA1149046,Other,False,65,0.046153846153846156
SRX26487560,1,72,PRJNA1177414,Lung Cancer,False,105,0.6857142857142857
SRX26487560,21,1,PRJNA1177414,Lung Cancer,False,105,0.009523809523809525
SRX26487560,24,3,PRJNA1177414,Lung Cancer,False,105,0.02857142857142857
SRX26487560,26,1,PRJNA1177414,Lung Cancer,False,105,0.009523809523809525
SRX26487560,4,3,PRJNA1177414,Lung Cancer,False,105,0.02857142857142857
SRX26487560,5,24,PRJNA1177414,Lung Cancer,False,105,0.22857142857142856
SRX26487560,9,1,PRJNA1177414,Lung Cancer,False,105,0.009523809523809525
SRX26487562,1,87,PRJNA1177414,Lung Cancer,True,162,0.5370370370370371
SRX26487562,3,7,PRJNA1177414,Lung Cancer,True,162,0.043209876543209874
SRX26487562,4,4,PRJNA1177414,Lung Cancer,True,162,0.024691358024691357
SRX26487562,5,64,PRJNA1177414,Lung Cancer,True,162,0.3950617283950617
SRX26487567,1,11,PRJNA1177414,Lung Cancer,True,73,0.1506849315068493
SRX26487567,12,3,PRJNA1177414,Lung Cancer,True,73,0.0410958904109589
SRX26487567,14,5,PRJNA1177414,Lung Cancer,True,73,0.0684931506849315
SRX26487567,20,21,PRJNA1177414,Lung Cancer,True,73,0.2876712328767123
SRX26487567,21,1,PRJNA1177414,Lung Cancer,True,73,0.0136986301369863
SRX26487567,24,2,PRJNA1177414,Lung Cancer,True,73,0.0273972602739726
SRX26487567,26,9,PRJNA1177414,Lung Cancer,True,73,0.1232876712328767
SRX26487567,38,2,PRJNA1177414,Lung Cancer,True,73,0.0273972602739726
SRX26487567,4,1,PRJNA1177414,Lung Cancer,True,73,0.0136986301369863
SRX26487567,43,2,PRJNA1177414,Lung Cancer,True,73,0.0273972602739726
SRX26487567,44,1,PRJNA1177414,Lung Cancer,True,73,0.0136986301369863
SRX26487567,45,2,PRJNA1177414,Lung Cancer,True,73,0.0273972602739726
SRX26487567,5,4,PRJNA1177414,Lung Cancer,True,73,0.0547945205479452
SRX26487567,59,1,PRJNA1177414,Lung Cancer,True,73,0.0136986301369863
SRX26487567,60,1,PRJNA1177414,Lung Cancer,True,73,0.0136986301369863
SRX26487567,9,7,PRJNA1177414,Lung Cancer,True,73,0.0958904109589041
SRX26487569,1,40,PRJNA1177414,Lung Cancer,True,70,0.5714285714285714
SRX26487569,21,1,PRJNA1177414,Lung Cancer,True,70,0.014285714285714285
SRX26487569,24,2,PRJNA1177414,Lung Cancer,True,70,0.02857142857142857
SRX26487569,26,1,PRJNA1177414,Lung Cancer,True,70,0.014285714285714285
SRX26487569,3,2,PRJNA1177414,Lung Cancer,True,70,0.02857142857142857
SRX26487569,4,8,PRJNA1177414,Lung Cancer,True,70,0.11428571428571428
SRX26487569,5,16,PRJNA1177414,Lung Cancer,True,70,0.22857142857142856
SRX26487570,1,58,PRJNA1177414,Lung Cancer,False,135,0.42962962962962964
SRX26487570,3,2,PRJNA1177414,Lung Cancer,False,135,0.014814814814814815
SRX26487570,4,8,PRJNA1177414,Lung Cancer,False,135,0.05925925925925926
SRX26487570,5,67,PRJNA1177414,Lung Cancer,False,135,0.4962962962962963
SRX26487571,1,15,PRJNA1177414,Lung Cancer,False,33,0.45454545454545453
SRX26487571,21,16,PRJNA1177414,Lung Cancer,False,33,0.48484848484848486
SRX26487571,24,1,PRJNA1177414,Lung Cancer,False,33,0.030303030303030304
SRX26487571,4,1,PRJNA1177414,Lung Cancer,False,33,0.030303030303030304
SRX26487572,1,54,PRJNA1177414,Lung Cancer,True,101,0.5346534653465347
SRX26487572,24,1,PRJNA1177414,Lung Cancer,True,101,0.009900990099009901
SRX26487572,3,1,PRJNA1177414,Lung Cancer,True,101,0.009900990099009901
SRX26487572,4,4,PRJNA1177414,Lung Cancer,True,101,0.039603960396039604
SRX26487572,5,41,PRJNA1177414,Lung Cancer,True,101,0.40594059405940597
SRX26487573,1,13,PRJNA1177414,Lung Cancer,True,29,0.4482758620689655
SRX26487573,17,1,PRJNA1177414,Lung Cancer,True,29,0.034482758620689655
SRX26487573,21,12,PRJNA1177414,Lung Cancer,True,29,0.41379310344827586
SRX26487573,26,3,PRJNA1177414,Lung Cancer,True,29,0.10344827586206896
SRX26487574,1,75,PRJNA1177414,Lung Cancer,True,102,0.7352941176470589
SRX26487574,4,21,PRJNA1177414,Lung Cancer,True,102,0.20588235294117646
SRX26487574,5,6,PRJNA1177414,Lung Cancer,True,102,0.058823529411764705
SRX26487576,1,75,PRJNA1177414,Lung Cancer,False,132,0.5681818181818182
SRX26487576,21,3,PRJNA1177414,Lung Cancer,False,132,0.022727272727272728
SRX26487576,24,1,PRJNA1177414,Lung Cancer,False,132,0.007575757575757576
SRX26487576,3,1,PRJNA1177414,Lung Cancer,False,132,0.007575757575757576
SRX26487576,4,9,PRJNA1177414,Lung Cancer,False,132,0.06818181818181818
SRX26487576,5,42,PRJNA1177414,Lung Cancer,False,132,0.3181818181818182
SRX26487576,9,1,PRJNA1177414,Lung Cancer,False,132,0.007575757575757576
SRX26487578,1,8,PRJNA1177414,Lung Cancer,False,32,0.25
SRX26487578,14,1,PRJNA1177414,Lung Cancer,False,32,0.03125
SRX26487578,24,2,PRJNA1177414,Lung Cancer,False,32,0.0625
SRX26487578,34,12,PRJNA1177414,Lung Cancer,False,32,0.375
SRX26487578,4,3,PRJNA1177414,Lung Cancer,False,32,0.09375
SRX26487578,5,4,PRJNA1177414,Lung Cancer,False,32,0.125
SRX26487578,8,2,PRJNA1177414,Lung Cancer,False,32,0.0625
SRX26487579,0,1,PRJNA1177414,Lung Cancer,False,25,0.04
SRX26487579,1,5,PRJNA1177414,Lung Cancer,False,25,0.2
SRX26487579,13,2,PRJNA1177414,Lung Cancer,False,25,0.08
SRX26487579,21,3,PRJNA1177414,Lung Cancer,False,25,0.12
SRX26487579,24,3,PRJNA1177414,Lung Cancer,False,25,0.12
SRX26487579,26,3,PRJNA1177414,Lung Cancer,False,25,0.12
SRX26487579,34,5,PRJNA1177414,Lung Cancer,False,25,0.2
SRX26487579,4,2,PRJNA1177414,Lung Cancer,False,25,0.08
SRX26487579,6,1,PRJNA1177414,Lung Cancer,False,25,0.04
SRX26487580,0,1,PRJNA1177414,Lung Cancer,True,33,0.030303030303030304
SRX26487580,1,16,PRJNA1177414,Lung Cancer,True,33,0.48484848484848486
SRX26487580,13,1,PRJNA1177414,Lung Cancer,True,33,0.030303030303030304
SRX26487580,31,1,PRJNA1177414,Lung Cancer,True,33,0.030303030303030304
SRX26487580,4,3,PRJNA1177414,Lung Cancer,True,33,0.09090909090909091
SRX26487580,5,10,PRJNA1177414,Lung Cancer,True,33,0.30303030303030304
SRX26487580,6,1,PRJNA1177414,Lung Cancer,True,33,0.030303030303030304
SRX26487582,1,5,PRJNA1177414,Lung Cancer,True,18,0.2777777777777778
SRX26487582,13,2,PRJNA1177414,Lung Cancer,True,18,0.1111111111111111
SRX26487582,4,1,PRJNA1177414,Lung Cancer,True,18,0.05555555555555555
SRX26487582,45,2,PRJNA1177414,Lung Cancer,True,18,0.1111111111111111
SRX26487582,5,7,PRJNA1177414,Lung Cancer,True,18,0.3888888888888889
SRX26487582,6,1,PRJNA1177414,Lung Cancer,True,18,0.05555555555555555
SRX26487583,0,2,PRJNA1177414,Lung Cancer,False,107,0.018691588785046728
SRX26487583,1,23,PRJNA1177414,Lung Cancer,False,107,0.21495327102803738
SRX26487583,14,7,PRJNA1177414,Lung Cancer,False,107,0.06542056074766354
SRX26487583,20,5,PRJNA1177414,Lung Cancer,False,107,0.04672897196261682
SRX26487583,21,1,PRJNA1177414,Lung Cancer,False,107,0.009345794392523364
SRX26487583,24,2,PRJNA1177414,Lung Cancer,False,107,0.018691588785046728
SRX26487583,34,5,PRJNA1177414,Lung Cancer,False,107,0.04672897196261682
SRX26487583,36,3,PRJNA1177414,Lung Cancer,False,107,0.028037383177570093
SRX26487583,38,10,PRJNA1177414,Lung Cancer,False,107,0.09345794392523364
SRX26487583,4,6,PRJNA1177414,Lung Cancer,False,107,0.056074766355140186
SRX26487583,43,1,PRJNA1177414,Lung Cancer,False,107,0.009345794392523364
SRX26487583,44,5,PRJNA1177414,Lung Cancer,False,107,0.04672897196261682
SRX26487583,45,1,PRJNA1177414,Lung Cancer,False,107,0.009345794392523364
SRX26487583,5,6,PRJNA1177414,Lung Cancer,False,107,0.056074766355140186
SRX26487583,59,4,PRJNA1177414,Lung Cancer,False,107,0.037383177570093455
SRX26487583,6,5,PRJNA1177414,Lung Cancer,False,107,0.04672897196261682
SRX26487583,60,2,PRJNA1177414,Lung Cancer,False,107,0.018691588785046728
SRX26487583,8,16,PRJNA1177414,Lung Cancer,False,107,0.14953271028037382
SRX26487583,9,3,PRJNA1177414,Lung Cancer,False,107,0.028037383177570093
SRX26487585,0,2,PRJNA1177414,Lung Cancer,False,40,0.05
SRX26487585,1,11,PRJNA1177414,Lung Cancer,False,40,0.275
SRX26487585,14,2,PRJNA1177414,Lung Cancer,False,40,0.05
SRX26487585,20,1,PRJNA1177414,Lung Cancer,False,40,0.025
SRX26487585,21,7,PRJNA1177414,Lung Cancer,False,40,0.175
SRX26487585,24,3,PRJNA1177414,Lung Cancer,False,40,0.075
SRX26487585,31,1,PRJNA1177414,Lung Cancer,False,40,0.025
SRX26487585,38,2,PRJNA1177414,Lung Cancer,False,40,0.05
SRX26487585,43,2,PRJNA1177414,Lung Cancer,False,40,0.05
SRX26487585,44,2,PRJNA1177414,Lung Cancer,False,40,0.05
SRX26487585,59,2,PRJNA1177414,Lung Cancer,False,40,0.05
SRX26487585,6,2,PRJNA1177414,Lung Cancer,False,40,0.05
SRX26487585,8,2,PRJNA1177414,Lung Cancer,False,40,0.05
SRX26487585,9,1,PRJNA1177414,Lung Cancer,False,40,0.025
SRX26487588,1,59,PRJNA1177414,Lung Cancer,False,134,0.44029850746268656
SRX26487588,21,3,PRJNA1177414,Lung Cancer,False,134,0.022388059701492536
SRX26487588,3,1,PRJNA1177414,Lung Cancer,False,134,0.007462686567164179
SRX26487588,34,1,PRJNA1177414,Lung Cancer,False,134,0.007462686567164179
SRX26487588,4,34,PRJNA1177414,Lung Cancer,False,134,0.2537313432835821
SRX26487588,5,36,PRJNA1177414,Lung Cancer,False,134,0.26865671641791045
SRX26487592,1,8,PRJNA1177414,Lung Cancer,True,57,0.14035087719298245
SRX26487592,13,4,PRJNA1177414,Lung Cancer,True,57,0.07017543859649122
SRX26487592,14,1,PRJNA1177414,Lung Cancer,True,57,0.017543859649122806
SRX26487592,17,1,PRJNA1177414,Lung Cancer,True,57,0.017543859649122806
SRX26487592,20,3,PRJNA1177414,Lung Cancer,True,57,0.05263157894736842
SRX26487592,21,4,PRJNA1177414,Lung Cancer,True,57,0.07017543859649122
SRX26487592,26,3,PRJNA1177414,Lung Cancer,True,57,0.05263157894736842
SRX26487592,34,8,PRJNA1177414,Lung Cancer,True,57,0.14035087719298245
SRX26487592,36,5,PRJNA1177414,Lung Cancer,True,57,0.08771929824561403
SRX26487592,4,1,PRJNA1177414,Lung Cancer,True,57,0.017543859649122806
SRX26487592,5,4,PRJNA1177414,Lung Cancer,True,57,0.07017543859649122
SRX26487592,68,9,PRJNA1177414,Lung Cancer,True,57,0.15789473684210525
SRX26487592,8,5,PRJNA1177414,Lung Cancer,True,57,0.08771929824561403
SRX26487592,9,1,PRJNA1177414,Lung Cancer,True,57,0.017543859649122806
SRX26487593,20,12,PRJNA1177414,Lung Cancer,True,17,0.7058823529411765
SRX26487593,21,2,PRJNA1177414,Lung Cancer,True,17,0.11764705882352941
SRX26487593,26,1,PRJNA1177414,Lung Cancer,True,17,0.058823529411764705
SRX26487593,56,1,PRJNA1177414,Lung Cancer,True,17,0.058823529411764705
SRX26487593,8,1,PRJNA1177414,Lung Cancer,True,17,0.058823529411764705
SRX26487594,0,7,PRJNA1177414,Lung Cancer,True,62,0.11290322580645161
SRX26487594,1,9,PRJNA1177414,Lung Cancer,True,62,0.14516129032258066
SRX26487594,14,4,PRJNA1177414,Lung Cancer,True,62,0.06451612903225806
SRX26487594,17,3,PRJNA1177414,Lung Cancer,True,62,0.04838709677419355
SRX26487594,20,1,PRJNA1177414,Lung Cancer,True,62,0.016129032258064516
SRX26487594,21,1,PRJNA1177414,Lung Cancer,True,62,0.016129032258064516
SRX26487594,23,7,PRJNA1177414,Lung Cancer,True,62,0.11290322580645161
SRX26487594,24,2,PRJNA1177414,Lung Cancer,True,62,0.03225806451612903
SRX26487594,26,1,PRJNA1177414,Lung Cancer,True,62,0.016129032258064516
SRX26487594,31,1,PRJNA1177414,Lung Cancer,True,62,0.016129032258064516
SRX26487594,36,3,PRJNA1177414,Lung Cancer,True,62,0.04838709677419355
SRX26487594,4,3,PRJNA1177414,Lung Cancer,True,62,0.04838709677419355
SRX26487594,5,7,PRJNA1177414,Lung Cancer,True,62,0.11290322580645161
SRX26487594,6,4,PRJNA1177414,Lung Cancer,True,62,0.06451612903225806
SRX26487594,60,6,PRJNA1177414,Lung Cancer,True,62,0.0967741935483871
SRX26487594,8,3,PRJNA1177414,Lung Cancer,True,62,0.04838709677419355
SRX26487595,0,3,PRJNA1177414,Lung Cancer,True,21,0.14285714285714285
SRX26487595,1,1,PRJNA1177414,Lung Cancer,True,21,0.047619047619047616
SRX26487595,14,1,PRJNA1177414,Lung Cancer,True,21,0.047619047619047616
SRX26487595,17,1,PRJNA1177414,Lung Cancer,True,21,0.047619047619047616
SRX26487595,20,7,PRJNA1177414,Lung Cancer,True,21,0.3333333333333333
SRX26487595,26,1,PRJNA1177414,Lung Cancer,True,21,0.047619047619047616
SRX26487595,36,3,PRJNA1177414,Lung Cancer,True,21,0.14285714285714285
SRX26487595,60,4,PRJNA1177414,Lung Cancer,True,21,0.19047619047619047
SRX26487597,1,6,PRJNA1177414,Lung Cancer,True,7,0.8571428571428571
SRX26487597,36,1,PRJNA1177414,Lung Cancer,True,7,0.14285714285714285
SRX26487598,0,1,PRJNA1177414,Lung Cancer,True,69,0.014492753623188406
SRX26487598,1,10,PRJNA1177414,Lung Cancer,True,69,0.14492753623188406
SRX26487598,13,2,PRJNA1177414,Lung Cancer,True,69,0.028985507246376812
SRX26487598,20,9,PRJNA1177414,Lung Cancer,True,69,0.13043478260869565
SRX26487598,31,1,PRJNA1177414,Lung Cancer,True,69,0.014492753623188406
SRX26487598,34,17,PRJNA1177414,Lung Cancer,True,69,0.2463768115942029
SRX26487598,36,1,PRJNA1177414,Lung Cancer,True,69,0.014492753623188406
SRX26487598,38,1,PRJNA1177414,Lung Cancer,True,69,0.014492753623188406
SRX26487598,4,1,PRJNA1177414,Lung Cancer,True,69,0.014492753623188406
SRX26487598,44,3,PRJNA1177414,Lung Cancer,True,69,0.043478260869565216
SRX26487598,45,1,PRJNA1177414,Lung Cancer,True,69,0.014492753623188406
SRX26487598,5,8,PRJNA1177414,Lung Cancer,True,69,0.11594202898550725
SRX26487598,52,9,PRJNA1177414,Lung Cancer,True,69,0.13043478260869565
SRX26487598,6,3,PRJNA1177414,Lung Cancer,True,69,0.043478260869565216
SRX26487598,8,2,PRJNA1177414,Lung Cancer,True,69,0.028985507246376812
SRX26487600,0,5,PRJNA1177414,Lung Cancer,False,77,0.06493506493506493
SRX26487600,1,1,PRJNA1177414,Lung Cancer,False,77,0.012987012987012988
SRX26487600,13,14,PRJNA1177414,Lung Cancer,False,77,0.18181818181818182
SRX26487600,14,10,PRJNA1177414,Lung Cancer,False,77,0.12987012987012986
SRX26487600,17,1,PRJNA1177414,Lung Cancer,False,77,0.012987012987012988
SRX26487600,21,3,PRJNA1177414,Lung Cancer,False,77,0.03896103896103896
SRX26487600,24,6,PRJNA1177414,Lung Cancer,False,77,0.07792207792207792
SRX26487600,34,9,PRJNA1177414,Lung Cancer,False,77,0.11688311688311688
SRX26487600,4,1,PRJNA1177414,Lung Cancer,False,77,0.012987012987012988
SRX26487600,45,15,PRJNA1177414,Lung Cancer,False,77,0.19480519480519481
SRX26487600,5,1,PRJNA1177414,Lung Cancer,False,77,0.012987012987012988
SRX26487600,6,1,PRJNA1177414,Lung Cancer,False,77,0.012987012987012988
SRX26487600,8,5,PRJNA1177414,Lung Cancer,False,77,0.06493506493506493
SRX26487600,9,5,PRJNA1177414,Lung Cancer,False,77,0.06493506493506493
SRX26735834,17,3,PRJNA1186577,Other,False,60,0.05
SRX26735834,20,26,PRJNA1186577,Other,False,60,0.43333333333333335
SRX26735834,21,1,PRJNA1186577,Other,False,60,0.016666666666666666
SRX26735834,23,1,PRJNA1186577,Other,False,60,0.016666666666666666
SRX26735834,31,22,PRJNA1186577,Other,False,60,0.36666666666666664
SRX26735834,45,5,PRJNA1186577,Other,False,60,0.08333333333333333
SRX26735834,52,2,PRJNA1186577,Other,False,60,0.03333333333333333
SRX27113449,0,1,PRJNA1172658,IPF / Pulmonary Fibrosis,True,51,0.0196078431372549
SRX27113449,1,11,PRJNA1172658,IPF / Pulmonary Fibrosis,True,51,0.21568627450980393
SRX27113449,14,7,PRJNA1172658,IPF / Pulmonary Fibrosis,True,51,0.13725490196078433
SRX27113449,20,5,PRJNA1172658,IPF / Pulmonary Fibrosis,True,51,0.09803921568627451
SRX27113449,24,1,PRJNA1172658,IPF / Pulmonary Fibrosis,True,51,0.0196078431372549
SRX27113449,36,7,PRJNA1172658,IPF / Pulmonary Fibrosis,True,51,0.13725490196078433
SRX27113449,44,4,PRJNA1172658,IPF / Pulmonary Fibrosis,True,51,0.0784313725490196
SRX27113449,45,2,PRJNA1172658,IPF / Pulmonary Fibrosis,True,51,0.0392156862745098
SRX27113449,6,7,PRJNA1172658,IPF / Pulmonary Fibrosis,True,51,0.13725490196078433
SRX27113449,60,1,PRJNA1172658,IPF / Pulmonary Fibrosis,True,51,0.0196078431372549
SRX27113449,8,5,PRJNA1172658,IPF / Pulmonary Fibrosis,True,51,0.09803921568627451
SRX27113450,1,1,PRJNA1172658,IPF / Pulmonary Fibrosis,True,56,0.017857142857142856
SRX27113450,13,1,PRJNA1172658,IPF / Pulmonary Fibrosis,True,56,0.017857142857142856
SRX27113450,14,9,PRJNA1172658,IPF / Pulmonary Fibrosis,True,56,0.16071428571428573
SRX27113450,20,2,PRJNA1172658,IPF / Pulmonary Fibrosis,True,56,0.03571428571428571
SRX27113450,24,2,PRJNA1172658,IPF / Pulmonary Fibrosis,True,56,0.03571428571428571
SRX27113450,26,3,PRJNA1172658,IPF / Pulmonary Fibrosis,True,56,0.05357142857142857
SRX27113450,34,1,PRJNA1172658,IPF / Pulmonary Fibrosis,True,56,0.017857142857142856
SRX27113450,36,16,PRJNA1172658,IPF / Pulmonary Fibrosis,True,56,0.2857142857142857
SRX27113450,38,4,PRJNA1172658,IPF / Pulmonary Fibrosis,True,56,0.07142857142857142
SRX27113450,43,1,PRJNA1172658,IPF / Pulmonary Fibrosis,True,56,0.017857142857142856
SRX27113450,44,2,PRJNA1172658,IPF / Pulmonary Fibrosis,True,56,0.03571428571428571
SRX27113450,59,1,PRJNA1172658,IPF / Pulmonary Fibrosis,True,56,0.017857142857142856
SRX27113450,6,1,PRJNA1172658,IPF / Pulmonary Fibrosis,True,56,0.017857142857142856
SRX27113450,60,3,PRJNA1172658,IPF / Pulmonary Fibrosis,True,56,0.05357142857142857
SRX27113450,8,9,PRJNA1172658,IPF / Pulmonary Fibrosis,True,56,0.16071428571428573
SRX27113451,1,2,PRJNA1172658,IPF / Pulmonary Fibrosis,True,58,0.034482758620689655
SRX27113451,14,9,PRJNA1172658,IPF / Pulmonary Fibrosis,True,58,0.15517241379310345
SRX27113451,20,14,PRJNA1172658,IPF / Pulmonary Fibrosis,True,58,0.2413793103448276
SRX27113451,24,1,PRJNA1172658,IPF / Pulmonary Fibrosis,True,58,0.017241379310344827
SRX27113451,26,1,PRJNA1172658,IPF / Pulmonary Fibrosis,True,58,0.017241379310344827
SRX27113451,31,1,PRJNA1172658,IPF / Pulmonary Fibrosis,True,58,0.017241379310344827
SRX27113451,36,3,PRJNA1172658,IPF / Pulmonary Fibrosis,True,58,0.05172413793103448
SRX27113451,38,1,PRJNA1172658,IPF / Pulmonary Fibrosis,True,58,0.017241379310344827
SRX27113451,43,1,PRJNA1172658,IPF / Pulmonary Fibrosis,True,58,0.017241379310344827
SRX27113451,44,11,PRJNA1172658,IPF / Pulmonary Fibrosis,True,58,0.1896551724137931
SRX27113451,45,6,PRJNA1172658,IPF / Pulmonary Fibrosis,True,58,0.10344827586206896
SRX27113451,59,1,PRJNA1172658,IPF / Pulmonary Fibrosis,True,58,0.017241379310344827
SRX27113451,60,2,PRJNA1172658,IPF / Pulmonary Fibrosis,True,58,0.034482758620689655
SRX27113451,8,5,PRJNA1172658,IPF / Pulmonary Fibrosis,True,58,0.08620689655172414
SRX27113452,14,2,PRJNA1172658,IPF / Pulmonary Fibrosis,True,45,0.044444444444444446
SRX27113452,20,15,PRJNA1172658,IPF / Pulmonary Fibrosis,True,45,0.3333333333333333
SRX27113452,24,2,PRJNA1172658,IPF / Pulmonary Fibrosis,True,45,0.044444444444444446
SRX27113452,26,2,PRJNA1172658,IPF / Pulmonary Fibrosis,True,45,0.044444444444444446
SRX27113452,31,1,PRJNA1172658,IPF / Pulmonary Fibrosis,True,45,0.022222222222222223
SRX27113452,34,4,PRJNA1172658,IPF / Pulmonary Fibrosis,True,45,0.08888888888888889
SRX27113452,36,3,PRJNA1172658,IPF / Pulmonary Fibrosis,True,45,0.06666666666666667
SRX27113452,43,3,PRJNA1172658,IPF / Pulmonary Fibrosis,True,45,0.06666666666666667
SRX27113452,44,4,PRJNA1172658,IPF / Pulmonary Fibrosis,True,45,0.08888888888888889
SRX27113452,52,2,PRJNA1172658,IPF / Pulmonary Fibrosis,True,45,0.044444444444444446
SRX27113452,6,3,PRJNA1172658,IPF / Pulmonary Fibrosis,True,45,0.06666666666666667
SRX27113452,60,2,PRJNA1172658,IPF / Pulmonary Fibrosis,True,45,0.044444444444444446
SRX27113452,8,1,PRJNA1172658,IPF / Pulmonary Fibrosis,True,45,0.022222222222222223
SRX27113452,9,1,PRJNA1172658,IPF / Pulmonary Fibrosis,True,45,0.022222222222222223
SRX27113453,20,22,PRJNA1172658,IPF / Pulmonary Fibrosis,True,60,0.36666666666666664
SRX27113453,24,1,PRJNA1172658,IPF / Pulmonary Fibrosis,True,60,0.016666666666666666
SRX27113453,26,8,PRJNA1172658,IPF / Pulmonary Fibrosis,True,60,0.13333333333333333
SRX27113453,36,1,PRJNA1172658,IPF / Pulmonary Fibrosis,True,60,0.016666666666666666
SRX27113453,43,11,PRJNA1172658,IPF / Pulmonary Fibrosis,True,60,0.18333333333333332
SRX27113453,44,14,PRJNA1172658,IPF / Pulmonary Fibrosis,True,60,0.23333333333333334
SRX27113453,45,1,PRJNA1172658,IPF / Pulmonary Fibrosis,True,60,0.016666666666666666
SRX27113453,60,2,PRJNA1172658,IPF / Pulmonary Fibrosis,True,60,0.03333333333333333
SRX27113454,13,1,PRJNA1172658,IPF / Pulmonary Fibrosis,True,71,0.014084507042253521
SRX27113454,14,8,PRJNA1172658,IPF / Pulmonary Fibrosis,True,71,0.11267605633802817
SRX27113454,17,1,PRJNA1172658,IPF / Pulmonary Fibrosis,True,71,0.014084507042253521
SRX27113454,20,29,PRJNA1172658,IPF / Pulmonary Fibrosis,True,71,0.4084507042253521
SRX27113454,24,1,PRJNA1172658,IPF / Pulmonary Fibrosis,True,71,0.014084507042253521
SRX27113454,26,7,PRJNA1172658,IPF / Pulmonary Fibrosis,True,71,0.09859154929577464
SRX27113454,36,3,PRJNA1172658,IPF / Pulmonary Fibrosis,True,71,0.04225352112676056
SRX27113454,44,8,PRJNA1172658,IPF / Pulmonary Fibrosis,True,71,0.11267605633802817
SRX27113454,45,2,PRJNA1172658,IPF / Pulmonary Fibrosis,True,71,0.028169014084507043
SRX27113454,8,11,PRJNA1172658,IPF / Pulmonary Fibrosis,True,71,0.15492957746478872
SRX27113455,0,1,PRJNA1172658,Other,False,88,0.011363636363636364
SRX27113455,1,2,PRJNA1172658,Other,False,88,0.022727272727272728
SRX27113455,14,5,PRJNA1172658,Other,False,88,0.056818181818181816
SRX27113455,20,17,PRJNA1172658,Other,False,88,0.19318181818181818
SRX27113455,24,1,PRJNA1172658,Other,False,88,0.011363636363636364
SRX27113455,26,4,PRJNA1172658,Other,False,88,0.045454545454545456
SRX27113455,31,1,PRJNA1172658,Other,False,88,0.011363636363636364
SRX27113455,36,5,PRJNA1172658,Other,False,88,0.056818181818181816
SRX27113455,43,21,PRJNA1172658,Other,False,88,0.23863636363636365
SRX27113455,44,7,PRJNA1172658,Other,False,88,0.07954545454545454
SRX27113455,45,7,PRJNA1172658,Other,False,88,0.07954545454545454
SRX27113455,52,1,PRJNA1172658,Other,False,88,0.011363636363636364
SRX27113455,59,6,PRJNA1172658,Other,False,88,0.06818181818181818
SRX27113455,6,7,PRJNA1172658,Other,False,88,0.07954545454545454
SRX27113455,60,1,PRJNA1172658,Other,False,88,0.011363636363636364
SRX27113455,7,1,PRJNA1172658,Other,False,88,0.011363636363636364
SRX27113455,8,1,PRJNA1172658,Other,False,88,0.011363636363636364
SRX27113456,1,2,PRJNA1172658,IPF / Pulmonary Fibrosis,True,84,0.023809523809523808
SRX27113456,14,6,PRJNA1172658,IPF / Pulmonary Fibrosis,True,84,0.07142857142857142
SRX27113456,20,20,PRJNA1172658,IPF / Pulmonary Fibrosis,True,84,0.23809523809523808
SRX27113456,26,7,PRJNA1172658,IPF / Pulmonary Fibrosis,True,84,0.08333333333333333
SRX27113456,32,1,PRJNA1172658,IPF / Pulmonary Fibrosis,True,84,0.011904761904761904
SRX27113456,36,14,PRJNA1172658,IPF / Pulmonary Fibrosis,True,84,0.16666666666666666
SRX27113456,43,7,PRJNA1172658,IPF / Pulmonary Fibrosis,True,84,0.08333333333333333
SRX27113456,44,9,PRJNA1172658,IPF / Pulmonary Fibrosis,True,84,0.10714285714285714
SRX27113456,45,4,PRJNA1172658,IPF / Pulmonary Fibrosis,True,84,0.047619047619047616
SRX27113456,52,1,PRJNA1172658,IPF / Pulmonary Fibrosis,True,84,0.011904761904761904
SRX27113456,59,1,PRJNA1172658,IPF / Pulmonary Fibrosis,True,84,0.011904761904761904
SRX27113456,60,6,PRJNA1172658,IPF / Pulmonary Fibrosis,True,84,0.07142857142857142
SRX27113456,8,6,PRJNA1172658,IPF / Pulmonary Fibrosis,True,84,0.07142857142857142
SRX27113457,0,1,PRJNA1172658,IPF / Pulmonary Fibrosis,True,41,0.024390243902439025
SRX27113457,14,5,PRJNA1172658,IPF / Pulmonary Fibrosis,True,41,0.12195121951219512
SRX27113457,20,5,PRJNA1172658,IPF / Pulmonary Fibrosis,True,41,0.12195121951219512
SRX27113457,21,1,PRJNA1172658,IPF / Pulmonary Fibrosis,True,41,0.024390243902439025
SRX27113457,26,5,PRJNA1172658,IPF / Pulmonary Fibrosis,True,41,0.12195121951219512
SRX27113457,36,5,PRJNA1172658,IPF / Pulmonary Fibrosis,True,41,0.12195121951219512
SRX27113457,43,4,PRJNA1172658,IPF / Pulmonary Fibrosis,True,41,0.0975609756097561
SRX27113457,44,6,PRJNA1172658,IPF / Pulmonary Fibrosis,True,41,0.14634146341463414
SRX27113457,45,6,PRJNA1172658,IPF / Pulmonary Fibrosis,True,41,0.14634146341463414
SRX27113457,8,3,PRJNA1172658,IPF / Pulmonary Fibrosis,True,41,0.07317073170731707
SRX27113458,1,1,PRJNA1172658,IPF / Pulmonary Fibrosis,True,44,0.022727272727272728
SRX27113458,14,6,PRJNA1172658,IPF / Pulmonary Fibrosis,True,44,0.13636363636363635
SRX27113458,20,5,PRJNA1172658,IPF / Pulmonary Fibrosis,True,44,0.11363636363636363
SRX27113458,21,3,PRJNA1172658,IPF / Pulmonary Fibrosis,True,44,0.06818181818181818
SRX27113458,26,8,PRJNA1172658,IPF / Pulmonary Fibrosis,True,44,0.18181818181818182
SRX27113458,36,4,PRJNA1172658,IPF / Pulmonary Fibrosis,True,44,0.09090909090909091
SRX27113458,38,1,PRJNA1172658,IPF / Pulmonary Fibrosis,True,44,0.022727272727272728
SRX27113458,43,3,PRJNA1172658,IPF / Pulmonary Fibrosis,True,44,0.06818181818181818
SRX27113458,44,3,PRJNA1172658,IPF / Pulmonary Fibrosis,True,44,0.06818181818181818
SRX27113458,45,2,PRJNA1172658,IPF / Pulmonary Fibrosis,True,44,0.045454545454545456
SRX27113458,60,1,PRJNA1172658,IPF / Pulmonary Fibrosis,True,44,0.022727272727272728
SRX27113458,8,7,PRJNA1172658,IPF / Pulmonary Fibrosis,True,44,0.1590909090909091
SRX27113459,1,7,PRJNA1172658,IPF / Pulmonary Fibrosis,True,85,0.08235294117647059
SRX27113459,13,1,PRJNA1172658,IPF / Pulmonary Fibrosis,True,85,0.011764705882352941
SRX27113459,14,16,PRJNA1172658,IPF / Pulmonary Fibrosis,True,85,0.18823529411764706
SRX27113459,24,4,PRJNA1172658,IPF / Pulmonary Fibrosis,True,85,0.047058823529411764
SRX27113459,26,4,PRJNA1172658,IPF / Pulmonary Fibrosis,True,85,0.047058823529411764
SRX27113459,36,40,PRJNA1172658,IPF / Pulmonary Fibrosis,True,85,0.47058823529411764
SRX27113459,4,2,PRJNA1172658,IPF / Pulmonary Fibrosis,True,85,0.023529411764705882
SRX27113459,59,1,PRJNA1172658,IPF / Pulmonary Fibrosis,True,85,0.011764705882352941
SRX27113459,60,4,PRJNA1172658,IPF / Pulmonary Fibrosis,True,85,0.047058823529411764
SRX27113459,8,6,PRJNA1172658,IPF / Pulmonary Fibrosis,True,85,0.07058823529411765
SRX27113460,1,1,PRJNA1172658,IPF / Pulmonary Fibrosis,True,81,0.012345679012345678
SRX27113460,13,1,PRJNA1172658,IPF / Pulmonary Fibrosis,True,81,0.012345679012345678
SRX27113460,14,3,PRJNA1172658,IPF / Pulmonary Fibrosis,True,81,0.037037037037037035
SRX27113460,20,28,PRJNA1172658,IPF / Pulmonary Fibrosis,True,81,0.345679012345679
SRX27113460,23,1,PRJNA1172658,IPF / Pulmonary Fibrosis,True,81,0.012345679012345678
SRX27113460,24,1,PRJNA1172658,IPF / Pulmonary Fibrosis,True,81,0.012345679012345678
SRX27113460,26,4,PRJNA1172658,IPF / Pulmonary Fibrosis,True,81,0.04938271604938271
SRX27113460,36,5,PRJNA1172658,IPF / Pulmonary Fibrosis,True,81,0.06172839506172839
SRX27113460,43,9,PRJNA1172658,IPF / Pulmonary Fibrosis,True,81,0.1111111111111111
SRX27113460,44,11,PRJNA1172658,IPF / Pulmonary Fibrosis,True,81,0.13580246913580246
SRX27113460,45,4,PRJNA1172658,IPF / Pulmonary Fibrosis,True,81,0.04938271604938271
SRX27113460,52,3,PRJNA1172658,IPF / Pulmonary Fibrosis,True,81,0.037037037037037035
SRX27113460,59,1,PRJNA1172658,IPF / Pulmonary Fibrosis,True,81,0.012345679012345678
SRX27113460,60,1,PRJNA1172658,IPF / Pulmonary Fibrosis,True,81,0.012345679012345678
SRX27113460,7,2,PRJNA1172658,IPF / Pulmonary Fibrosis,True,81,0.024691358024691357
SRX27113460,8,6,PRJNA1172658,IPF / Pulmonary Fibrosis,True,81,0.07407407407407407
SRX27113461,0,1,PRJNA1172658,IPF / Pulmonary Fibrosis,True,90,0.011111111111111112
SRX27113461,1,4,PRJNA1172658,IPF / Pulmonary Fibrosis,True,90,0.044444444444444446
SRX27113461,14,32,PRJNA1172658,IPF / Pulmonary Fibrosis,True,90,0.35555555555555557
SRX27113461,26,5,PRJNA1172658,IPF / Pulmonary Fibrosis,True,90,0.05555555555555555
SRX27113461,32,5,PRJNA1172658,IPF / Pulmonary Fibrosis,True,90,0.05555555555555555
SRX27113461,34,2,PRJNA1172658,IPF / Pulmonary Fibrosis,True,90,0.022222222222222223
SRX27113461,36,9,PRJNA1172658,IPF / Pulmonary Fibrosis,True,90,0.1
SRX27113461,38,1,PRJNA1172658,IPF / Pulmonary Fibrosis,True,90,0.011111111111111112
SRX27113461,52,1,PRJNA1172658,IPF / Pulmonary Fibrosis,True,90,0.011111111111111112
SRX27113461,59,4,PRJNA1172658,IPF / Pulmonary Fibrosis,True,90,0.044444444444444446
SRX27113461,60,4,PRJNA1172658,IPF / Pulmonary Fibrosis,True,90,0.044444444444444446
SRX27113461,7,2,PRJNA1172658,IPF / Pulmonary Fibrosis,True,90,0.022222222222222223
SRX27113461,8,20,PRJNA1172658,IPF / Pulmonary Fibrosis,True,90,0.2222222222222222
SRX27113462,1,1,PRJNA1172658,IPF / Pulmonary Fibrosis,True,62,0.016129032258064516
SRX27113462,14,9,PRJNA1172658,IPF / Pulmonary Fibrosis,True,62,0.14516129032258066
SRX27113462,20,6,PRJNA1172658,IPF / Pulmonary Fibrosis,True,62,0.0967741935483871
SRX27113462,24,1,PRJNA1172658,IPF / Pulmonary Fibrosis,True,62,0.016129032258064516
SRX27113462,26,3,PRJNA1172658,IPF / Pulmonary Fibrosis,True,62,0.04838709677419355
SRX27113462,34,2,PRJNA1172658,IPF / Pulmonary Fibrosis,True,62,0.03225806451612903
SRX27113462,36,16,PRJNA1172658,IPF / Pulmonary Fibrosis,True,62,0.25806451612903225
SRX27113462,43,2,PRJNA1172658,IPF / Pulmonary Fibrosis,True,62,0.03225806451612903
SRX27113462,44,12,PRJNA1172658,IPF / Pulmonary Fibrosis,True,62,0.1935483870967742
SRX27113462,45,2,PRJNA1172658,IPF / Pulmonary Fibrosis,True,62,0.03225806451612903
SRX27113462,59,1,PRJNA1172658,IPF / Pulmonary Fibrosis,True,62,0.016129032258064516
SRX27113462,6,1,PRJNA1172658,IPF / Pulmonary Fibrosis,True,62,0.016129032258064516
SRX27113462,60,4,PRJNA1172658,IPF / Pulmonary Fibrosis,True,62,0.06451612903225806
SRX27113462,8,1,PRJNA1172658,IPF / Pulmonary Fibrosis,True,62,0.016129032258064516
SRX27113462,9,1,PRJNA1172658,IPF / Pulmonary Fibrosis,True,62,0.016129032258064516
SRX27113463,20,2,PRJNA1172658,IPF / Pulmonary Fibrosis,True,39,0.05128205128205128
SRX27113463,24,1,PRJNA1172658,IPF / Pulmonary Fibrosis,True,39,0.02564102564102564
SRX27113463,26,1,PRJNA1172658,IPF / Pulmonary Fibrosis,True,39,0.02564102564102564
SRX27113463,34,2,PRJNA1172658,IPF / Pulmonary Fibrosis,True,39,0.05128205128205128
SRX27113463,36,10,PRJNA1172658,IPF / Pulmonary Fibrosis,True,39,0.2564102564102564
SRX27113463,38,6,PRJNA1172658,IPF / Pulmonary Fibrosis,True,39,0.15384615384615385
SRX27113463,4,1,PRJNA1172658,IPF / Pulmonary Fibrosis,True,39,0.02564102564102564
SRX27113463,43,2,PRJNA1172658,IPF / Pulmonary Fibrosis,True,39,0.05128205128205128
SRX27113463,44,10,PRJNA1172658,IPF / Pulmonary Fibrosis,True,39,0.2564102564102564
SRX27113463,60,3,PRJNA1172658,IPF / Pulmonary Fibrosis,True,39,0.07692307692307693
SRX27113463,8,1,PRJNA1172658,IPF / Pulmonary Fibrosis,True,39,0.02564102564102564
SRX27113464,0,1,PRJNA1172658,IPF / Pulmonary Fibrosis,True,61,0.01639344262295082
SRX27113464,1,4,PRJNA1172658,IPF / Pulmonary Fibrosis,True,61,0.06557377049180328
SRX27113464,14,6,PRJNA1172658,IPF / Pulmonary Fibrosis,True,61,0.09836065573770492
SRX27113464,20,5,PRJNA1172658,IPF / Pulmonary Fibrosis,True,61,0.08196721311475409
SRX27113464,21,1,PRJNA1172658,IPF / Pulmonary Fibrosis,True,61,0.01639344262295082
SRX27113464,26,1,PRJNA1172658,IPF / Pulmonary Fibrosis,True,61,0.01639344262295082
SRX27113464,36,5,PRJNA1172658,IPF / Pulmonary Fibrosis,True,61,0.08196721311475409
SRX27113464,43,6,PRJNA1172658,IPF / Pulmonary Fibrosis,True,61,0.09836065573770492
SRX27113464,44,15,PRJNA1172658,IPF / Pulmonary Fibrosis,True,61,0.2459016393442623
SRX27113464,45,13,PRJNA1172658,IPF / Pulmonary Fibrosis,True,61,0.21311475409836064
SRX27113464,6,4,PRJNA1172658,IPF / Pulmonary Fibrosis,True,61,0.06557377049180328
SRX27113465,1,3,PRJNA1172658,IPF / Pulmonary Fibrosis,True,41,0.07317073170731707
SRX27113465,14,5,PRJNA1172658,IPF / Pulmonary Fibrosis,True,41,0.12195121951219512
SRX27113465,20,3,PRJNA1172658,IPF / Pulmonary Fibrosis,True,41,0.07317073170731707
SRX27113465,21,2,PRJNA1172658,IPF / Pulmonary Fibrosis,True,41,0.04878048780487805
SRX27113465,24,1,PRJNA1172658,IPF / Pulmonary Fibrosis,True,41,0.024390243902439025
SRX27113465,26,2,PRJNA1172658,IPF / Pulmonary Fibrosis,True,41,0.04878048780487805
SRX27113465,31,1,PRJNA1172658,IPF / Pulmonary Fibrosis,True,41,0.024390243902439025
SRX27113465,34,1,PRJNA1172658,IPF / Pulmonary Fibrosis,True,41,0.024390243902439025
SRX27113465,36,4,PRJNA1172658,IPF / Pulmonary Fibrosis,True,41,0.0975609756097561
SRX27113465,44,1,PRJNA1172658,IPF / Pulmonary Fibrosis,True,41,0.024390243902439025
SRX27113465,45,2,PRJNA1172658,IPF / Pulmonary Fibrosis,True,41,0.04878048780487805
SRX27113465,59,3,PRJNA1172658,IPF / Pulmonary Fibrosis,True,41,0.07317073170731707
SRX27113465,6,10,PRJNA1172658,IPF / Pulmonary Fibrosis,True,41,0.24390243902439024
SRX27113465,60,1,PRJNA1172658,IPF / Pulmonary Fibrosis,True,41,0.024390243902439025
SRX27113465,8,1,PRJNA1172658,IPF / Pulmonary Fibrosis,True,41,0.024390243902439025
SRX27113465,9,1,PRJNA1172658,IPF / Pulmonary Fibrosis,True,41,0.024390243902439025
SRX27113466,1,5,PRJNA1172658,IPF / Pulmonary Fibrosis,,90,0.05555555555555555
SRX27113466,14,13,PRJNA1172658,IPF / Pulmonary Fibrosis,,90,0.14444444444444443
SRX27113466,20,2,PRJNA1172658,IPF / Pulmonary Fibrosis,,90,0.022222222222222223
SRX27113466,24,1,PRJNA1172658,IPF / Pulmonary Fibrosis,,90,0.011111111111111112
SRX27113466,26,1,PRJNA1172658,IPF / Pulmonary Fibrosis,,90,0.011111111111111112
SRX27113466,31,1,PRJNA1172658,IPF / Pulmonary Fibrosis,,90,0.011111111111111112
SRX27113466,36,22,PRJNA1172658,IPF / Pulmonary Fibrosis,,90,0.24444444444444444
SRX27113466,38,4,PRJNA1172658,IPF / Pulmonary Fibrosis,,90,0.044444444444444446
SRX27113466,43,1,PRJNA1172658,IPF / Pulmonary Fibrosis,,90,0.011111111111111112
SRX27113466,44,1,PRJNA1172658,IPF / Pulmonary Fibrosis,,90,0.011111111111111112
SRX27113466,52,1,PRJNA1172658,IPF / Pulmonary Fibrosis,,90,0.011111111111111112
SRX27113466,59,4,PRJNA1172658,IPF / Pulmonary Fibrosis,,90,0.044444444444444446
SRX27113466,60,8,PRJNA1172658,IPF / Pulmonary Fibrosis,,90,0.08888888888888889
SRX27113466,8,16,PRJNA1172658,IPF / Pulmonary Fibrosis,,90,0.17777777777777778
SRX27113466,9,10,PRJNA1172658,IPF / Pulmonary Fibrosis,,90,0.1111111111111111
SRX27113467,1,1,PRJNA1172658,IPF / Pulmonary Fibrosis,,103,0.009708737864077669
SRX27113467,14,6,PRJNA1172658,IPF / Pulmonary Fibrosis,,103,0.05825242718446602
SRX27113467,20,2,PRJNA1172658,IPF / Pulmonary Fibrosis,,103,0.019417475728155338
SRX27113467,26,2,PRJNA1172658,IPF / Pulmonary Fibrosis,,103,0.019417475728155338
SRX27113467,34,3,PRJNA1172658,IPF / Pulmonary Fibrosis,,103,0.02912621359223301
SRX27113467,36,18,PRJNA1172658,IPF / Pulmonary Fibrosis,,103,0.17475728155339806
SRX27113467,38,25,PRJNA1172658,IPF / Pulmonary Fibrosis,,103,0.24271844660194175
SRX27113467,4,1,PRJNA1172658,IPF / Pulmonary Fibrosis,,103,0.009708737864077669
SRX27113467,43,5,PRJNA1172658,IPF / Pulmonary Fibrosis,,103,0.04854368932038835
SRX27113467,44,4,PRJNA1172658,IPF / Pulmonary Fibrosis,,103,0.038834951456310676
SRX27113467,52,1,PRJNA1172658,IPF / Pulmonary Fibrosis,,103,0.009708737864077669
SRX27113467,59,4,PRJNA1172658,IPF / Pulmonary Fibrosis,,103,0.038834951456310676
SRX27113467,8,30,PRJNA1172658,IPF / Pulmonary Fibrosis,,103,0.2912621359223301
SRX27113467,9,1,PRJNA1172658,IPF / Pulmonary Fibrosis,,103,0.009708737864077669
SRX27113468,1,2,PRJNA1172658,Other,False,49,0.04081632653061224
SRX27113468,14,8,PRJNA1172658,Other,False,49,0.16326530612244897
SRX27113468,20,1,PRJNA1172658,Other,False,49,0.02040816326530612
SRX27113468,24,1,PRJNA1172658,Other,False,49,0.02040816326530612
SRX27113468,26,7,PRJNA1172658,Other,False,49,0.14285714285714285
SRX27113468,36,6,PRJNA1172658,Other,False,49,0.12244897959183673
SRX27113468,38,5,PRJNA1172658,Other,False,49,0.10204081632653061
SRX27113468,4,3,PRJNA1172658,Other,False,49,0.061224489795918366
SRX27113468,52,5,PRJNA1172658,Other,False,49,0.10204081632653061
SRX27113468,59,1,PRJNA1172658,Other,False,49,0.02040816326530612
SRX27113468,8,6,PRJNA1172658,Other,False,49,0.12244897959183673
SRX27113468,9,4,PRJNA1172658,Other,False,49,0.08163265306122448
SRX27113469,1,1,PRJNA1172658,Other,False,83,0.012048192771084338
SRX27113469,14,7,PRJNA1172658,Other,False,83,0.08433734939759036
SRX27113469,34,2,PRJNA1172658,Other,False,83,0.024096385542168676
SRX27113469,36,21,PRJNA1172658,Other,False,83,0.25301204819277107
SRX27113469,38,15,PRJNA1172658,Other,False,83,0.18072289156626506
SRX27113469,4,6,PRJNA1172658,Other,False,83,0.07228915662650602
SRX27113469,52,6,PRJNA1172658,Other,False,83,0.07228915662650602
SRX27113469,59,3,PRJNA1172658,Other,False,83,0.03614457831325301
SRX27113469,60,1,PRJNA1172658,Other,False,83,0.012048192771084338
SRX27113469,8,21,PRJNA1172658,Other,False,83,0.25301204819277107
SRX27113470,14,3,PRJNA1172658,IPF / Pulmonary Fibrosis,,41,0.07317073170731707
SRX27113470,21,15,PRJNA1172658,IPF / Pulmonary Fibrosis,,41,0.36585365853658536
SRX27113470,26,1,PRJNA1172658,IPF / Pulmonary Fibrosis,,41,0.024390243902439025
SRX27113470,36,2,PRJNA1172658,IPF / Pulmonary Fibrosis,,41,0.04878048780487805
SRX27113470,38,9,PRJNA1172658,IPF / Pulmonary Fibrosis,,41,0.21951219512195122
SRX27113470,43,2,PRJNA1172658,IPF / Pulmonary Fibrosis,,41,0.04878048780487805
SRX27113470,59,2,PRJNA1172658,IPF / Pulmonary Fibrosis,,41,0.04878048780487805
SRX27113470,60,1,PRJNA1172658,IPF / Pulmonary Fibrosis,,41,0.024390243902439025
SRX27113470,8,6,PRJNA1172658,IPF / Pulmonary Fibrosis,,41,0.14634146341463414
SRX27113472,1,2,PRJNA1172658,Other,False,54,0.037037037037037035
SRX27113472,14,6,PRJNA1172658,Other,False,54,0.1111111111111111
SRX27113472,20,5,PRJNA1172658,Other,False,54,0.09259259259259259
SRX27113472,34,4,PRJNA1172658,Other,False,54,0.07407407407407407
SRX27113472,36,7,PRJNA1172658,Other,False,54,0.12962962962962962
SRX27113472,43,2,PRJNA1172658,Other,False,54,0.037037037037037035
SRX27113472,44,2,PRJNA1172658,Other,False,54,0.037037037037037035
SRX27113472,45,2,PRJNA1172658,Other,False,54,0.037037037037037035
SRX27113472,7,1,PRJNA1172658,Other,False,54,0.018518518518518517
SRX27113472,8,22,PRJNA1172658,Other,False,54,0.4074074074074074
SRX27113472,9,1,PRJNA1172658,Other,False,54,0.018518518518518517
SRX27113473,1,3,PRJNA1172658,Other,False,71,0.04225352112676056
SRX27113473,13,2,PRJNA1172658,Other,False,71,0.028169014084507043
SRX27113473,14,11,PRJNA1172658,Other,False,71,0.15492957746478872
SRX27113473,20,1,PRJNA1172658,Other,False,71,0.014084507042253521
SRX27113473,21,5,PRJNA1172658,Other,False,71,0.07042253521126761
SRX27113473,26,3,PRJNA1172658,Other,False,71,0.04225352112676056
SRX27113473,36,10,PRJNA1172658,Other,False,71,0.14084507042253522
SRX27113473,38,15,PRJNA1172658,Other,False,71,0.2112676056338028
SRX27113473,59,2,PRJNA1172658,Other,False,71,0.028169014084507043
SRX27113473,60,2,PRJNA1172658,Other,False,71,0.028169014084507043
SRX27113473,8,17,PRJNA1172658,Other,False,71,0.23943661971830985
SRX27113474,1,2,PRJNA1172658,Other,False,37,0.05405405405405406
SRX27113474,14,3,PRJNA1172658,Other,False,37,0.08108108108108109
SRX27113474,21,4,PRJNA1172658,Other,False,37,0.10810810810810811
SRX27113474,26,4,PRJNA1172658,Other,False,37,0.10810810810810811
SRX27113474,34,3,PRJNA1172658,Other,False,37,0.08108108108108109
SRX27113474,36,12,PRJNA1172658,Other,False,37,0.32432432432432434
SRX27113474,38,3,PRJNA1172658,Other,False,37,0.08108108108108109
SRX27113474,7,1,PRJNA1172658,Other,False,37,0.02702702702702703
SRX27113474,8,5,PRJNA1172658,Other,False,37,0.13513513513513514
SRX27113475,1,2,PRJNA1172658,IPF / Pulmonary Fibrosis,,81,0.024691358024691357
SRX27113475,14,4,PRJNA1172658,IPF / Pulmonary Fibrosis,,81,0.04938271604938271
SRX27113475,20,1,PRJNA1172658,IPF / Pulmonary Fibrosis,,81,0.012345679012345678
SRX27113475,26,7,PRJNA1172658,IPF / Pulmonary Fibrosis,,81,0.08641975308641975
SRX27113475,34,10,PRJNA1172658,IPF / Pulmonary Fibrosis,,81,0.12345679012345678
SRX27113475,36,12,PRJNA1172658,IPF / Pulmonary Fibrosis,,81,0.14814814814814814
SRX27113475,38,4,PRJNA1172658,IPF / Pulmonary Fibrosis,,81,0.04938271604938271
SRX27113475,4,1,PRJNA1172658,IPF / Pulmonary Fibrosis,,81,0.012345679012345678
SRX27113475,43,6,PRJNA1172658,IPF / Pulmonary Fibrosis,,81,0.07407407407407407
SRX27113475,45,1,PRJNA1172658,IPF / Pulmonary Fibrosis,,81,0.012345679012345678
SRX27113475,52,13,PRJNA1172658,IPF / Pulmonary Fibrosis,,81,0.16049382716049382
SRX27113475,8,19,PRJNA1172658,IPF / Pulmonary Fibrosis,,81,0.2345679012345679
SRX27113475,9,1,PRJNA1172658,IPF / Pulmonary Fibrosis,,81,0.012345679012345678
SRX27113476,0,2,PRJNA1172658,Other,False,54,0.037037037037037035
SRX27113476,14,5,PRJNA1172658,Other,False,54,0.09259259259259259
SRX27113476,26,8,PRJNA1172658,Other,False,54,0.14814814814814814
SRX27113476,31,1,PRJNA1172658,Other,False,54,0.018518518518518517
SRX27113476,36,2,PRJNA1172658,Other,False,54,0.037037037037037035
SRX27113476,38,1,PRJNA1172658,Other,False,54,0.018518518518518517
SRX27113476,43,2,PRJNA1172658,Other,False,54,0.037037037037037035
SRX27113476,44,1,PRJNA1172658,Other,False,54,0.018518518518518517
SRX27113476,45,1,PRJNA1172658,Other,False,54,0.018518518518518517
SRX27113476,59,1,PRJNA1172658,Other,False,54,0.018518518518518517
SRX27113476,60,3,PRJNA1172658,Other,False,54,0.05555555555555555
SRX27113476,7,1,PRJNA1172658,Other,False,54,0.018518518518518517
SRX27113476,8,23,PRJNA1172658,Other,False,54,0.42592592592592593
SRX27113476,9,3,PRJNA1172658,Other,False,54,0.05555555555555555
SRX27113477,0,2,PRJNA1172658,Other,False,11,0.18181818181818182
SRX27113477,14,3,PRJNA1172658,Other,False,11,0.2727272727272727
SRX27113477,26,2,PRJNA1172658,Other,False,11,0.18181818181818182
SRX27113477,7,1,PRJNA1172658,Other,False,11,0.09090909090909091
SRX27113477,8,3,PRJNA1172658,Other,False,11,0.2727272727272727
SRX27291550,1,4,PRJNA1208088,IPF / Pulmonary Fibrosis,False,180,0.022222222222222223
SRX27291550,13,4,PRJNA1208088,IPF / Pulmonary Fibrosis,False,180,0.022222222222222223
SRX27291550,14,17,PRJNA1208088,IPF / Pulmonary Fibrosis,False,180,0.09444444444444444
SRX27291550,26,1,PRJNA1208088,IPF / Pulmonary Fibrosis,False,180,0.005555555555555556
SRX27291550,34,1,PRJNA1208088,IPF / Pulmonary Fibrosis,False,180,0.005555555555555556
SRX27291550,35,10,PRJNA1208088,IPF / Pulmonary Fibrosis,False,180,0.05555555555555555
SRX27291550,36,44,PRJNA1208088,IPF / Pulmonary Fibrosis,False,180,0.24444444444444444
SRX27291550,38,6,PRJNA1208088,IPF / Pulmonary Fibrosis,False,180,0.03333333333333333
SRX27291550,52,46,PRJNA1208088,IPF / Pulmonary Fibrosis,False,180,0.25555555555555554
SRX27291550,59,12,PRJNA1208088,IPF / Pulmonary Fibrosis,False,180,0.06666666666666667
SRX27291550,60,5,PRJNA1208088,IPF / Pulmonary Fibrosis,False,180,0.027777777777777776
SRX27291550,7,4,PRJNA1208088,IPF / Pulmonary Fibrosis,False,180,0.022222222222222223
SRX27291550,8,26,PRJNA1208088,IPF / Pulmonary Fibrosis,False,180,0.14444444444444443
SRX27291551,1,1,PRJNA1208088,IPF / Pulmonary Fibrosis,False,137,0.0072992700729927005
SRX27291551,10,1,PRJNA1208088,IPF / Pulmonary Fibrosis,False,137,0.0072992700729927005
SRX27291551,14,18,PRJNA1208088,IPF / Pulmonary Fibrosis,False,137,0.13138686131386862
SRX27291551,20,6,PRJNA1208088,IPF / Pulmonary Fibrosis,False,137,0.043795620437956206
SRX27291551,21,1,PRJNA1208088,IPF / Pulmonary Fibrosis,False,137,0.0072992700729927005
SRX27291551,24,4,PRJNA1208088,IPF / Pulmonary Fibrosis,False,137,0.029197080291970802
SRX27291551,26,3,PRJNA1208088,IPF / Pulmonary Fibrosis,False,137,0.021897810218978103
SRX27291551,34,2,PRJNA1208088,IPF / Pulmonary Fibrosis,False,137,0.014598540145985401
SRX27291551,36,14,PRJNA1208088,IPF / Pulmonary Fibrosis,False,137,0.10218978102189781
SRX27291551,38,16,PRJNA1208088,IPF / Pulmonary Fibrosis,False,137,0.11678832116788321
SRX27291551,4,3,PRJNA1208088,IPF / Pulmonary Fibrosis,False,137,0.021897810218978103
SRX27291551,44,9,PRJNA1208088,IPF / Pulmonary Fibrosis,False,137,0.06569343065693431
SRX27291551,45,3,PRJNA1208088,IPF / Pulmonary Fibrosis,False,137,0.021897810218978103
SRX27291551,54,3,PRJNA1208088,IPF / Pulmonary Fibrosis,False,137,0.021897810218978103
SRX27291551,59,8,PRJNA1208088,IPF / Pulmonary Fibrosis,False,137,0.058394160583941604
SRX27291551,6,1,PRJNA1208088,IPF / Pulmonary Fibrosis,False,137,0.0072992700729927005
SRX27291551,60,6,PRJNA1208088,IPF / Pulmonary Fibrosis,False,137,0.043795620437956206
SRX27291551,7,1,PRJNA1208088,IPF / Pulmonary Fibrosis,False,137,0.0072992700729927005
SRX27291551,8,35,PRJNA1208088,IPF / Pulmonary Fibrosis,False,137,0.25547445255474455
SRX27291551,9,2,PRJNA1208088,IPF / Pulmonary Fibrosis,False,137,0.014598540145985401
SRX27291552,1,3,PRJNA1208088,IPF / Pulmonary Fibrosis,False,145,0.020689655172413793
SRX27291552,13,3,PRJNA1208088,IPF / Pulmonary Fibrosis,False,145,0.020689655172413793
SRX27291552,14,18,PRJNA1208088,IPF / Pulmonary Fibrosis,False,145,0.12413793103448276
SRX27291552,20,4,PRJNA1208088,IPF / Pulmonary Fibrosis,False,145,0.027586206896551724
SRX27291552,24,1,PRJNA1208088,IPF / Pulmonary Fibrosis,False,145,0.006896551724137931
SRX27291552,26,2,PRJNA1208088,IPF / Pulmonary Fibrosis,False,145,0.013793103448275862
SRX27291552,35,19,PRJNA1208088,IPF / Pulmonary Fibrosis,False,145,0.1310344827586207
SRX27291552,36,25,PRJNA1208088,IPF / Pulmonary Fibrosis,False,145,0.1724137931034483
SRX27291552,38,2,PRJNA1208088,IPF / Pulmonary Fibrosis,False,145,0.013793103448275862
SRX27291552,4,4,PRJNA1208088,IPF / Pulmonary Fibrosis,False,145,0.027586206896551724
SRX27291552,43,1,PRJNA1208088,IPF / Pulmonary Fibrosis,False,145,0.006896551724137931
SRX27291552,52,28,PRJNA1208088,IPF / Pulmonary Fibrosis,False,145,0.19310344827586207
SRX27291552,60,3,PRJNA1208088,IPF / Pulmonary Fibrosis,False,145,0.020689655172413793
SRX27291552,7,5,PRJNA1208088,IPF / Pulmonary Fibrosis,False,145,0.034482758620689655
SRX27291552,8,26,PRJNA1208088,IPF / Pulmonary Fibrosis,False,145,0.1793103448275862
SRX27291552,9,1,PRJNA1208088,IPF / Pulmonary Fibrosis,False,145,0.006896551724137931
SRX27291553,0,4,PRJNA1208088,IPF / Pulmonary Fibrosis,False,140,0.02857142857142857
SRX27291553,1,8,PRJNA1208088,IPF / Pulmonary Fibrosis,False,140,0.05714285714285714
SRX27291553,13,3,PRJNA1208088,IPF / Pulmonary Fibrosis,False,140,0.02142857142857143
SRX27291553,14,18,PRJNA1208088,IPF / Pulmonary Fibrosis,False,140,0.12857142857142856
SRX27291553,20,3,PRJNA1208088,IPF / Pulmonary Fibrosis,False,140,0.02142857142857143
SRX27291553,26,16,PRJNA1208088,IPF / Pulmonary Fibrosis,False,140,0.11428571428571428
SRX27291553,34,4,PRJNA1208088,IPF / Pulmonary Fibrosis,False,140,0.02857142857142857
SRX27291553,36,29,PRJNA1208088,IPF / Pulmonary Fibrosis,False,140,0.20714285714285716
SRX27291553,38,5,PRJNA1208088,IPF / Pulmonary Fibrosis,False,140,0.03571428571428571
SRX27291553,4,4,PRJNA1208088,IPF / Pulmonary Fibrosis,False,140,0.02857142857142857
SRX27291553,43,4,PRJNA1208088,IPF / Pulmonary Fibrosis,False,140,0.02857142857142857
SRX27291553,45,1,PRJNA1208088,IPF / Pulmonary Fibrosis,False,140,0.007142857142857143
SRX27291553,52,1,PRJNA1208088,IPF / Pulmonary Fibrosis,False,140,0.007142857142857143
SRX27291553,6,1,PRJNA1208088,IPF / Pulmonary Fibrosis,False,140,0.007142857142857143
SRX27291553,60,17,PRJNA1208088,IPF / Pulmonary Fibrosis,False,140,0.12142857142857143
SRX27291553,7,4,PRJNA1208088,IPF / Pulmonary Fibrosis,False,140,0.02857142857142857
SRX27291553,8,15,PRJNA1208088,IPF / Pulmonary Fibrosis,False,140,0.10714285714285714
SRX27291553,9,3,PRJNA1208088,IPF / Pulmonary Fibrosis,False,140,0.02142857142857143
SRX27291554,13,2,PRJNA1208088,Other,False,129,0.015503875968992248
SRX27291554,14,5,PRJNA1208088,Other,False,129,0.03875968992248062
SRX27291554,26,3,PRJNA1208088,Other,False,129,0.023255813953488372
SRX27291554,35,4,PRJNA1208088,Other,False,129,0.031007751937984496
SRX27291554,36,44,PRJNA1208088,Other,False,129,0.34108527131782945
SRX27291554,38,3,PRJNA1208088,Other,False,129,0.023255813953488372
SRX27291554,43,3,PRJNA1208088,Other,False,129,0.023255813953488372
SRX27291554,44,1,PRJNA1208088,Other,False,129,0.007751937984496124
SRX27291554,52,6,PRJNA1208088,Other,False,129,0.046511627906976744
SRX27291554,59,3,PRJNA1208088,Other,False,129,0.023255813953488372
SRX27291554,60,1,PRJNA1208088,Other,False,129,0.007751937984496124
SRX27291554,7,25,PRJNA1208088,Other,False,129,0.1937984496124031
SRX27291554,8,29,PRJNA1208088,Other,False,129,0.2248062015503876
SRX27291555,13,1,PRJNA1208088,Other,False,143,0.006993006993006993
SRX27291555,14,14,PRJNA1208088,Other,False,143,0.0979020979020979
SRX27291555,26,1,PRJNA1208088,Other,False,143,0.006993006993006993
SRX27291555,35,2,PRJNA1208088,Other,False,143,0.013986013986013986
SRX27291555,36,39,PRJNA1208088,Other,False,143,0.2727272727272727
SRX27291555,38,1,PRJNA1208088,Other,False,143,0.006993006993006993
SRX27291555,43,5,PRJNA1208088,Other,False,143,0.03496503496503497
SRX27291555,44,1,PRJNA1208088,Other,False,143,0.006993006993006993
SRX27291555,52,4,PRJNA1208088,Other,False,143,0.027972027972027972
SRX27291555,60,4,PRJNA1208088,Other,False,143,0.027972027972027972
SRX27291555,7,9,PRJNA1208088,Other,False,143,0.06293706293706294
SRX27291555,8,62,PRJNA1208088,Other,False,143,0.43356643356643354
SRX27291556,14,18,PRJNA1208088,IPF / Pulmonary Fibrosis,False,66,0.2727272727272727
SRX27291556,20,1,PRJNA1208088,IPF / Pulmonary Fibrosis,False,66,0.015151515151515152
SRX27291556,21,2,PRJNA1208088,IPF / Pulmonary Fibrosis,False,66,0.030303030303030304
SRX27291556,26,1,PRJNA1208088,IPF / Pulmonary Fibrosis,False,66,0.015151515151515152
SRX27291556,34,1,PRJNA1208088,IPF / Pulmonary Fibrosis,False,66,0.015151515151515152
SRX27291556,36,3,PRJNA1208088,IPF / Pulmonary Fibrosis,False,66,0.045454545454545456
SRX27291556,38,2,PRJNA1208088,IPF / Pulmonary Fibrosis,False,66,0.030303030303030304
SRX27291556,43,4,PRJNA1208088,IPF / Pulmonary Fibrosis,False,66,0.06060606060606061
SRX27291556,44,1,PRJNA1208088,IPF / Pulmonary Fibrosis,False,66,0.015151515151515152
SRX27291556,52,3,PRJNA1208088,IPF / Pulmonary Fibrosis,False,66,0.045454545454545456
SRX27291556,59,1,PRJNA1208088,IPF / Pulmonary Fibrosis,False,66,0.015151515151515152
SRX27291556,60,3,PRJNA1208088,IPF / Pulmonary Fibrosis,False,66,0.045454545454545456
SRX27291556,8,25,PRJNA1208088,IPF / Pulmonary Fibrosis,False,66,0.3787878787878788
SRX27291556,9,1,PRJNA1208088,IPF / Pulmonary Fibrosis,False,66,0.015151515151515152
SRX27291557,1,1,PRJNA1208088,Other,False,140,0.007142857142857143
SRX27291557,13,3,PRJNA1208088,Other,False,140,0.02142857142857143
SRX27291557,14,17,PRJNA1208088,Other,False,140,0.12142857142857143
SRX27291557,20,1,PRJNA1208088,Other,False,140,0.007142857142857143
SRX27291557,35,22,PRJNA1208088,Other,False,140,0.15714285714285714
SRX27291557,36,36,PRJNA1208088,Other,False,140,0.2571428571428571
SRX27291557,38,3,PRJNA1208088,Other,False,140,0.02142857142857143
SRX27291557,43,2,PRJNA1208088,Other,False,140,0.014285714285714285
SRX27291557,44,2,PRJNA1208088,Other,False,140,0.014285714285714285
SRX27291557,52,16,PRJNA1208088,Other,False,140,0.11428571428571428
SRX27291557,59,1,PRJNA1208088,Other,False,140,0.007142857142857143
SRX27291557,6,1,PRJNA1208088,Other,False,140,0.007142857142857143
SRX27291557,60,7,PRJNA1208088,Other,False,140,0.05
SRX27291557,7,11,PRJNA1208088,Other,False,140,0.07857142857142857
SRX27291557,8,17,PRJNA1208088,Other,False,140,0.12142857142857143
SRX27291558,13,3,PRJNA1208088,IPF / Pulmonary Fibrosis,False,130,0.023076923076923078
SRX27291558,14,15,PRJNA1208088,IPF / Pulmonary Fibrosis,False,130,0.11538461538461539
SRX27291558,20,1,PRJNA1208088,IPF / Pulmonary Fibrosis,False,130,0.007692307692307693
SRX27291558,35,15,PRJNA1208088,IPF / Pulmonary Fibrosis,False,130,0.11538461538461539
SRX27291558,36,26,PRJNA1208088,IPF / Pulmonary Fibrosis,False,130,0.2
SRX27291558,43,1,PRJNA1208088,IPF / Pulmonary Fibrosis,False,130,0.007692307692307693
SRX27291558,52,36,PRJNA1208088,IPF / Pulmonary Fibrosis,False,130,0.27692307692307694
SRX27291558,59,2,PRJNA1208088,IPF / Pulmonary Fibrosis,False,130,0.015384615384615385
SRX27291558,6,2,PRJNA1208088,IPF / Pulmonary Fibrosis,False,130,0.015384615384615385
SRX27291558,60,4,PRJNA1208088,IPF / Pulmonary Fibrosis,False,130,0.03076923076923077
SRX27291558,7,11,PRJNA1208088,IPF / Pulmonary Fibrosis,False,130,0.08461538461538462
SRX27291558,8,14,PRJNA1208088,IPF / Pulmonary Fibrosis,False,130,0.1076923076923077
SRX27291559,1,4,PRJNA1208088,IPF / Pulmonary Fibrosis,False,116,0.034482758620689655
SRX27291559,14,18,PRJNA1208088,IPF / Pulmonary Fibrosis,False,116,0.15517241379310345
SRX27291559,20,1,PRJNA1208088,IPF / Pulmonary Fibrosis,False,116,0.008620689655172414
SRX27291559,21,1,PRJNA1208088,IPF / Pulmonary Fibrosis,False,116,0.008620689655172414
SRX27291559,24,1,PRJNA1208088,IPF / Pulmonary Fibrosis,False,116,0.008620689655172414
SRX27291559,26,5,PRJNA1208088,IPF / Pulmonary Fibrosis,False,116,0.04310344827586207
SRX27291559,36,40,PRJNA1208088,IPF / Pulmonary Fibrosis,False,116,0.3448275862068966
SRX27291559,38,9,PRJNA1208088,IPF / Pulmonary Fibrosis,False,116,0.07758620689655173
SRX27291559,43,3,PRJNA1208088,IPF / Pulmonary Fibrosis,False,116,0.02586206896551724
SRX27291559,44,2,PRJNA1208088,IPF / Pulmonary Fibrosis,False,116,0.017241379310344827
SRX27291559,52,1,PRJNA1208088,IPF / Pulmonary Fibrosis,False,116,0.008620689655172414
SRX27291559,60,2,PRJNA1208088,IPF / Pulmonary Fibrosis,False,116,0.017241379310344827
SRX27291559,8,27,PRJNA1208088,IPF / Pulmonary Fibrosis,False,116,0.23275862068965517
SRX27291559,9,2,PRJNA1208088,IPF / Pulmonary Fibrosis,False,116,0.017241379310344827
SRX27291560,1,2,PRJNA1208088,IPF / Pulmonary Fibrosis,False,77,0.025974025974025976
SRX27291560,13,2,PRJNA1208088,IPF / Pulmonary Fibrosis,False,77,0.025974025974025976
SRX27291560,14,10,PRJNA1208088,IPF / Pulmonary Fibrosis,False,77,0.12987012987012986
SRX27291560,20,3,PRJNA1208088,IPF / Pulmonary Fibrosis,False,77,0.03896103896103896
SRX27291560,21,1,PRJNA1208088,IPF / Pulmonary Fibrosis,False,77,0.012987012987012988
SRX27291560,26,1,PRJNA1208088,IPF / Pulmonary Fibrosis,False,77,0.012987012987012988
SRX27291560,34,1,PRJNA1208088,IPF / Pulmonary Fibrosis,False,77,0.012987012987012988
SRX27291560,35,1,PRJNA1208088,IPF / Pulmonary Fibrosis,False,77,0.012987012987012988
SRX27291560,36,21,PRJNA1208088,IPF / Pulmonary Fibrosis,False,77,0.2727272727272727
SRX27291560,38,3,PRJNA1208088,IPF / Pulmonary Fibrosis,False,77,0.03896103896103896
SRX27291560,43,5,PRJNA1208088,IPF / Pulmonary Fibrosis,False,77,0.06493506493506493
SRX27291560,44,9,PRJNA1208088,IPF / Pulmonary Fibrosis,False,77,0.11688311688311688
SRX27291560,52,1,PRJNA1208088,IPF / Pulmonary Fibrosis,False,77,0.012987012987012988
SRX27291560,60,4,PRJNA1208088,IPF / Pulmonary Fibrosis,False,77,0.05194805194805195
SRX27291560,7,1,PRJNA1208088,IPF / Pulmonary Fibrosis,False,77,0.012987012987012988
SRX27291560,8,9,PRJNA1208088,IPF / Pulmonary Fibrosis,False,77,0.11688311688311688
SRX27291560,9,3,PRJNA1208088,IPF / Pulmonary Fibrosis,False,77,0.03896103896103896
SRX27291561,13,2,PRJNA1208088,Other,False,45,0.044444444444444446
SRX27291561,14,2,PRJNA1208088,Other,False,45,0.044444444444444446
SRX27291561,26,2,PRJNA1208088,Other,False,45,0.044444444444444446
SRX27291561,34,3,PRJNA1208088,Other,False,45,0.06666666666666667
SRX27291561,36,13,PRJNA1208088,Other,False,45,0.28888888888888886
SRX27291561,38,2,PRJNA1208088,Other,False,45,0.044444444444444446
SRX27291561,4,1,PRJNA1208088,Other,False,45,0.022222222222222223
SRX27291561,43,2,PRJNA1208088,Other,False,45,0.044444444444444446
SRX27291561,44,4,PRJNA1208088,Other,False,45,0.08888888888888889
SRX27291561,52,8,PRJNA1208088,Other,False,45,0.17777777777777778
SRX27291561,60,2,PRJNA1208088,Other,False,45,0.044444444444444446
SRX27291561,8,4,PRJNA1208088,Other,False,45,0.08888888888888889
SRX27291562,13,4,PRJNA1208088,IPF / Pulmonary Fibrosis,False,71,0.056338028169014086
SRX27291562,20,2,PRJNA1208088,IPF / Pulmonary Fibrosis,False,71,0.028169014084507043
SRX27291562,26,1,PRJNA1208088,IPF / Pulmonary Fibrosis,False,71,0.014084507042253521
SRX27291562,36,4,PRJNA1208088,IPF / Pulmonary Fibrosis,False,71,0.056338028169014086
SRX27291562,38,1,PRJNA1208088,IPF / Pulmonary Fibrosis,False,71,0.014084507042253521
SRX27291562,43,31,PRJNA1208088,IPF / Pulmonary Fibrosis,False,71,0.43661971830985913
SRX27291562,44,3,PRJNA1208088,IPF / Pulmonary Fibrosis,False,71,0.04225352112676056
SRX27291562,52,18,PRJNA1208088,IPF / Pulmonary Fibrosis,False,71,0.2535211267605634
SRX27291562,60,3,PRJNA1208088,IPF / Pulmonary Fibrosis,False,71,0.04225352112676056
SRX27291562,7,2,PRJNA1208088,IPF / Pulmonary Fibrosis,False,71,0.028169014084507043
SRX27291562,8,2,PRJNA1208088,IPF / Pulmonary Fibrosis,False,71,0.028169014084507043
SRX27291563,13,1,PRJNA1208088,IPF / Pulmonary Fibrosis,False,498,0.002008032128514056
SRX27291563,14,1,PRJNA1208088,IPF / Pulmonary Fibrosis,False,498,0.002008032128514056
SRX27291563,20,2,PRJNA1208088,IPF / Pulmonary Fibrosis,False,498,0.004016064257028112
SRX27291563,35,1,PRJNA1208088,IPF / Pulmonary Fibrosis,False,498,0.002008032128514056
SRX27291563,36,9,PRJNA1208088,IPF / Pulmonary Fibrosis,False,498,0.018072289156626505
SRX27291563,43,21,PRJNA1208088,IPF / Pulmonary Fibrosis,False,498,0.04216867469879518
SRX27291563,52,430,PRJNA1208088,IPF / Pulmonary Fibrosis,False,498,0.8634538152610441
SRX27291563,60,2,PRJNA1208088,IPF / Pulmonary Fibrosis,False,498,0.004016064257028112
SRX27291563,7,30,PRJNA1208088,IPF / Pulmonary Fibrosis,False,498,0.060240963855421686
SRX27291563,8,1,PRJNA1208088,IPF / Pulmonary Fibrosis,False,498,0.002008032128514056
SRX27291564,14,6,PRJNA1208088,IPF / Pulmonary Fibrosis,False,68,0.08823529411764706
SRX27291564,21,1,PRJNA1208088,IPF / Pulmonary Fibrosis,False,68,0.014705882352941176
SRX27291564,35,6,PRJNA1208088,IPF / Pulmonary Fibrosis,False,68,0.08823529411764706
SRX27291564,36,11,PRJNA1208088,IPF / Pulmonary Fibrosis,False,68,0.16176470588235295
SRX27291564,38,4,PRJNA1208088,IPF / Pulmonary Fibrosis,False,68,0.058823529411764705
SRX27291564,52,24,PRJNA1208088,IPF / Pulmonary Fibrosis,False,68,0.35294117647058826
SRX27291564,59,1,PRJNA1208088,IPF / Pulmonary Fibrosis,False,68,0.014705882352941176
SRX27291564,60,1,PRJNA1208088,IPF / Pulmonary Fibrosis,False,68,0.014705882352941176
SRX27291564,7,4,PRJNA1208088,IPF / Pulmonary Fibrosis,False,68,0.058823529411764705
SRX27291564,8,10,PRJNA1208088,IPF / Pulmonary Fibrosis,False,68,0.14705882352941177
SRX27291565,0,2,PRJNA1208088,IPF / Pulmonary Fibrosis,False,93,0.021505376344086023
SRX27291565,13,1,PRJNA1208088,IPF / Pulmonary Fibrosis,False,93,0.010752688172043012
SRX27291565,14,16,PRJNA1208088,IPF / Pulmonary Fibrosis,False,93,0.17204301075268819
SRX27291565,20,1,PRJNA1208088,IPF / Pulmonary Fibrosis,False,93,0.010752688172043012
SRX27291565,21,2,PRJNA1208088,IPF / Pulmonary Fibrosis,False,93,0.021505376344086023
SRX27291565,36,1,PRJNA1208088,IPF / Pulmonary Fibrosis,False,93,0.010752688172043012
SRX27291565,38,8,PRJNA1208088,IPF / Pulmonary Fibrosis,False,93,0.08602150537634409
SRX27291565,43,11,PRJNA1208088,IPF / Pulmonary Fibrosis,False,93,0.11827956989247312
SRX27291565,44,8,PRJNA1208088,IPF / Pulmonary Fibrosis,False,93,0.08602150537634409
SRX27291565,45,3,PRJNA1208088,IPF / Pulmonary Fibrosis,False,93,0.03225806451612903
SRX27291565,59,1,PRJNA1208088,IPF / Pulmonary Fibrosis,False,93,0.010752688172043012
SRX27291565,60,1,PRJNA1208088,IPF / Pulmonary Fibrosis,False,93,0.010752688172043012
SRX27291565,7,2,PRJNA1208088,IPF / Pulmonary Fibrosis,False,93,0.021505376344086023
SRX27291565,8,29,PRJNA1208088,IPF / Pulmonary Fibrosis,False,93,0.3118279569892473
SRX27291565,9,7,PRJNA1208088,IPF / Pulmonary Fibrosis,False,93,0.07526881720430108
SRX27291566,0,1,PRJNA1208088,IPF / Pulmonary Fibrosis,False,118,0.00847457627118644
SRX27291566,1,1,PRJNA1208088,IPF / Pulmonary Fibrosis,False,118,0.00847457627118644
SRX27291566,13,3,PRJNA1208088,IPF / Pulmonary Fibrosis,False,118,0.025423728813559324
SRX27291566,14,12,PRJNA1208088,IPF / Pulmonary Fibrosis,False,118,0.1016949152542373
SRX27291566,20,3,PRJNA1208088,IPF / Pulmonary Fibrosis,False,118,0.025423728813559324
SRX27291566,21,1,PRJNA1208088,IPF / Pulmonary Fibrosis,False,118,0.00847457627118644
SRX27291566,24,1,PRJNA1208088,IPF / Pulmonary Fibrosis,False,118,0.00847457627118644
SRX27291566,26,3,PRJNA1208088,IPF / Pulmonary Fibrosis,False,118,0.025423728813559324
SRX27291566,34,3,PRJNA1208088,IPF / Pulmonary Fibrosis,False,118,0.025423728813559324
SRX27291566,36,31,PRJNA1208088,IPF / Pulmonary Fibrosis,False,118,0.2627118644067797
SRX27291566,38,10,PRJNA1208088,IPF / Pulmonary Fibrosis,False,118,0.0847457627118644
SRX27291566,43,10,PRJNA1208088,IPF / Pulmonary Fibrosis,False,118,0.0847457627118644
SRX27291566,44,4,PRJNA1208088,IPF / Pulmonary Fibrosis,False,118,0.03389830508474576
SRX27291566,45,1,PRJNA1208088,IPF / Pulmonary Fibrosis,False,118,0.00847457627118644
SRX27291566,52,1,PRJNA1208088,IPF / Pulmonary Fibrosis,False,118,0.00847457627118644
SRX27291566,60,8,PRJNA1208088,IPF / Pulmonary Fibrosis,False,118,0.06779661016949153
SRX27291566,7,1,PRJNA1208088,IPF / Pulmonary Fibrosis,False,118,0.00847457627118644
SRX27291566,8,10,PRJNA1208088,IPF / Pulmonary Fibrosis,False,118,0.0847457627118644
SRX27291566,9,14,PRJNA1208088,IPF / Pulmonary Fibrosis,False,118,0.11864406779661017
SRX27291567,0,1,PRJNA1208088,IPF / Pulmonary Fibrosis,False,64,0.015625
SRX27291567,14,8,PRJNA1208088,IPF / Pulmonary Fibrosis,False,64,0.125
SRX27291567,21,6,PRJNA1208088,IPF / Pulmonary Fibrosis,False,64,0.09375
SRX27291567,36,2,PRJNA1208088,IPF / Pulmonary Fibrosis,False,64,0.03125
SRX27291567,38,12,PRJNA1208088,IPF / Pulmonary Fibrosis,False,64,0.1875
SRX27291567,60,1,PRJNA1208088,IPF / Pulmonary Fibrosis,False,64,0.015625
SRX27291567,8,28,PRJNA1208088,IPF / Pulmonary Fibrosis,False,64,0.4375
SRX27291567,9,6,PRJNA1208088,IPF / Pulmonary Fibrosis,False,64,0.09375
SRX27291568,1,5,PRJNA1208088,IPF / Pulmonary Fibrosis,False,88,0.056818181818181816
SRX27291568,14,15,PRJNA1208088,IPF / Pulmonary Fibrosis,False,88,0.17045454545454544
SRX27291568,26,2,PRJNA1208088,IPF / Pulmonary Fibrosis,False,88,0.022727272727272728
SRX27291568,34,2,PRJNA1208088,IPF / Pulmonary Fibrosis,False,88,0.022727272727272728
SRX27291568,35,1,PRJNA1208088,IPF / Pulmonary Fibrosis,False,88,0.011363636363636364
SRX27291568,36,28,PRJNA1208088,IPF / Pulmonary Fibrosis,False,88,0.3181818181818182
SRX27291568,38,5,PRJNA1208088,IPF / Pulmonary Fibrosis,False,88,0.056818181818181816
SRX27291568,52,9,PRJNA1208088,IPF / Pulmonary Fibrosis,False,88,0.10227272727272728
SRX27291568,54,1,PRJNA1208088,IPF / Pulmonary Fibrosis,False,88,0.011363636363636364
SRX27291568,59,2,PRJNA1208088,IPF / Pulmonary Fibrosis,False,88,0.022727272727272728
SRX27291568,6,2,PRJNA1208088,IPF / Pulmonary Fibrosis,False,88,0.022727272727272728
SRX27291568,60,8,PRJNA1208088,IPF / Pulmonary Fibrosis,False,88,0.09090909090909091
SRX27291568,8,7,PRJNA1208088,IPF / Pulmonary Fibrosis,False,88,0.07954545454545454
SRX27291568,9,1,PRJNA1208088,IPF / Pulmonary Fibrosis,False,88,0.011363636363636364
SRX27291569,0,2,PRJNA1208088,IPF / Pulmonary Fibrosis,False,69,0.028985507246376812
SRX27291569,1,1,PRJNA1208088,IPF / Pulmonary Fibrosis,False,69,0.014492753623188406
SRX27291569,14,5,PRJNA1208088,IPF / Pulmonary Fibrosis,False,69,0.07246376811594203
SRX27291569,20,2,PRJNA1208088,IPF / Pulmonary Fibrosis,False,69,0.028985507246376812
SRX27291569,21,2,PRJNA1208088,IPF / Pulmonary Fibrosis,False,69,0.028985507246376812
SRX27291569,26,9,PRJNA1208088,IPF / Pulmonary Fibrosis,False,69,0.13043478260869565
SRX27291569,34,2,PRJNA1208088,IPF / Pulmonary Fibrosis,False,69,0.028985507246376812
SRX27291569,36,18,PRJNA1208088,IPF / Pulmonary Fibrosis,False,69,0.2608695652173913
SRX27291569,38,5,PRJNA1208088,IPF / Pulmonary Fibrosis,False,69,0.07246376811594203
SRX27291569,43,1,PRJNA1208088,IPF / Pulmonary Fibrosis,False,69,0.014492753623188406
SRX27291569,5,1,PRJNA1208088,IPF / Pulmonary Fibrosis,False,69,0.014492753623188406
SRX27291569,52,5,PRJNA1208088,IPF / Pulmonary Fibrosis,False,69,0.07246376811594203
SRX27291569,54,2,PRJNA1208088,IPF / Pulmonary Fibrosis,False,69,0.028985507246376812
SRX27291569,6,1,PRJNA1208088,IPF / Pulmonary Fibrosis,False,69,0.014492753623188406
SRX27291569,60,1,PRJNA1208088,IPF / Pulmonary Fibrosis,False,69,0.014492753623188406
SRX27291569,7,1,PRJNA1208088,IPF / Pulmonary Fibrosis,False,69,0.014492753623188406
SRX27291569,8,11,PRJNA1208088,IPF / Pulmonary Fibrosis,False,69,0.15942028985507245
SRX27291570,0,53,PRJNA1208088,IPF / Pulmonary Fibrosis,True,173,0.3063583815028902
SRX27291570,13,2,PRJNA1208088,IPF / Pulmonary Fibrosis,True,173,0.011560693641618497
SRX27291570,14,13,PRJNA1208088,IPF / Pulmonary Fibrosis,True,173,0.07514450867052024
SRX27291570,20,1,PRJNA1208088,IPF / Pulmonary Fibrosis,True,173,0.005780346820809248
SRX27291570,26,1,PRJNA1208088,IPF / Pulmonary Fibrosis,True,173,0.005780346820809248
SRX27291570,36,36,PRJNA1208088,IPF / Pulmonary Fibrosis,True,173,0.20809248554913296
SRX27291570,43,13,PRJNA1208088,IPF / Pulmonary Fibrosis,True,173,0.07514450867052024
SRX27291570,44,29,PRJNA1208088,IPF / Pulmonary Fibrosis,True,173,0.1676300578034682
SRX27291570,52,6,PRJNA1208088,IPF / Pulmonary Fibrosis,True,173,0.03468208092485549
SRX27291570,59,2,PRJNA1208088,IPF / Pulmonary Fibrosis,True,173,0.011560693641618497
SRX27291570,60,6,PRJNA1208088,IPF / Pulmonary Fibrosis,True,173,0.03468208092485549
SRX27291570,8,11,PRJNA1208088,IPF / Pulmonary Fibrosis,True,173,0.06358381502890173
SRX27291571,0,8,PRJNA1208088,IPF / Pulmonary Fibrosis,True,211,0.037914691943127965
SRX27291571,1,1,PRJNA1208088,IPF / Pulmonary Fibrosis,True,211,0.004739336492890996
SRX27291571,13,2,PRJNA1208088,IPF / Pulmonary Fibrosis,True,211,0.009478672985781991
SRX27291571,14,20,PRJNA1208088,IPF / Pulmonary Fibrosis,True,211,0.0947867298578199
SRX27291571,20,3,PRJNA1208088,IPF / Pulmonary Fibrosis,True,211,0.014218009478672985
SRX27291571,24,2,PRJNA1208088,IPF / Pulmonary Fibrosis,True,211,0.009478672985781991
SRX27291571,26,5,PRJNA1208088,IPF / Pulmonary Fibrosis,True,211,0.023696682464454975
SRX27291571,36,99,PRJNA1208088,IPF / Pulmonary Fibrosis,True,211,0.46919431279620855
SRX27291571,38,7,PRJNA1208088,IPF / Pulmonary Fibrosis,True,211,0.03317535545023697
SRX27291571,4,1,PRJNA1208088,IPF / Pulmonary Fibrosis,True,211,0.004739336492890996
SRX27291571,43,9,PRJNA1208088,IPF / Pulmonary Fibrosis,True,211,0.04265402843601896
SRX27291571,44,3,PRJNA1208088,IPF / Pulmonary Fibrosis,True,211,0.014218009478672985
SRX27291571,45,2,PRJNA1208088,IPF / Pulmonary Fibrosis,True,211,0.009478672985781991
SRX27291571,52,12,PRJNA1208088,IPF / Pulmonary Fibrosis,True,211,0.05687203791469194
SRX27291571,60,6,PRJNA1208088,IPF / Pulmonary Fibrosis,True,211,0.02843601895734597
SRX27291571,7,3,PRJNA1208088,IPF / Pulmonary Fibrosis,True,211,0.014218009478672985
SRX27291571,8,25,PRJNA1208088,IPF / Pulmonary Fibrosis,True,211,0.11848341232227488
SRX27291571,9,3,PRJNA1208088,IPF / Pulmonary Fibrosis,True,211,0.014218009478672985
SRX27291572,10,6,PRJNA1208088,IPF / Pulmonary Fibrosis,False,50,0.12
SRX27291572,14,1,PRJNA1208088,IPF / Pulmonary Fibrosis,False,50,0.02
SRX27291572,2,2,PRJNA1208088,IPF / Pulmonary Fibrosis,False,50,0.04
SRX27291572,26,1,PRJNA1208088,IPF / Pulmonary Fibrosis,False,50,0.02
SRX27291572,34,1,PRJNA1208088,IPF / Pulmonary Fibrosis,False,50,0.02
SRX27291572,36,2,PRJNA1208088,IPF / Pulmonary Fibrosis,False,50,0.04
SRX27291572,38,22,PRJNA1208088,IPF / Pulmonary Fibrosis,False,50,0.44
SRX27291572,4,1,PRJNA1208088,IPF / Pulmonary Fibrosis,False,50,0.02
SRX27291572,54,12,PRJNA1208088,IPF / Pulmonary Fibrosis,False,50,0.24
SRX27291572,8,1,PRJNA1208088,IPF / Pulmonary Fibrosis,False,50,0.02
SRX27291572,9,1,PRJNA1208088,IPF / Pulmonary Fibrosis,False,50,0.02
SRX27291574,1,1,PRJNA1208088,IPF / Pulmonary Fibrosis,False,104,0.009615384615384616
SRX27291574,10,6,PRJNA1208088,IPF / Pulmonary Fibrosis,False,104,0.057692307692307696
SRX27291574,14,3,PRJNA1208088,IPF / Pulmonary Fibrosis,False,104,0.028846153846153848
SRX27291574,2,1,PRJNA1208088,IPF / Pulmonary Fibrosis,False,104,0.009615384615384616
SRX27291574,20,2,PRJNA1208088,IPF / Pulmonary Fibrosis,False,104,0.019230769230769232
SRX27291574,34,1,PRJNA1208088,IPF / Pulmonary Fibrosis,False,104,0.009615384615384616
SRX27291574,36,3,PRJNA1208088,IPF / Pulmonary Fibrosis,False,104,0.028846153846153848
SRX27291574,38,32,PRJNA1208088,IPF / Pulmonary Fibrosis,False,104,0.3076923076923077
SRX27291574,43,1,PRJNA1208088,IPF / Pulmonary Fibrosis,False,104,0.009615384615384616
SRX27291574,44,3,PRJNA1208088,IPF / Pulmonary Fibrosis,False,104,0.028846153846153848
SRX27291574,52,1,PRJNA1208088,IPF / Pulmonary Fibrosis,False,104,0.009615384615384616
SRX27291574,54,19,PRJNA1208088,IPF / Pulmonary Fibrosis,False,104,0.18269230769230768
SRX27291574,59,3,PRJNA1208088,IPF / Pulmonary Fibrosis,False,104,0.028846153846153848
SRX27291574,7,1,PRJNA1208088,IPF / Pulmonary Fibrosis,False,104,0.009615384615384616
SRX27291574,8,27,PRJNA1208088,IPF / Pulmonary Fibrosis,False,104,0.25961538461538464
SRX27291576,1,1,PRJNA1208088,IPF / Pulmonary Fibrosis,False,58,0.017241379310344827
SRX27291576,10,5,PRJNA1208088,IPF / Pulmonary Fibrosis,False,58,0.08620689655172414
SRX27291576,14,2,PRJNA1208088,IPF / Pulmonary Fibrosis,False,58,0.034482758620689655
SRX27291576,20,1,PRJNA1208088,IPF / Pulmonary Fibrosis,False,58,0.017241379310344827
SRX27291576,38,20,PRJNA1208088,IPF / Pulmonary Fibrosis,False,58,0.3448275862068966
SRX27291576,44,1,PRJNA1208088,IPF / Pulmonary Fibrosis,False,58,0.017241379310344827
SRX27291576,54,26,PRJNA1208088,IPF / Pulmonary Fibrosis,False,58,0.4482758620689655
SRX27291576,7,1,PRJNA1208088,IPF / Pulmonary Fibrosis,False,58,0.017241379310344827
SRX27291576,8,1,PRJNA1208088,IPF / Pulmonary Fibrosis,False,58,0.017241379310344827
SRX27291578,1,1,PRJNA1208088,IPF / Pulmonary Fibrosis,True,30,0.03333333333333333
SRX27291578,10,2,PRJNA1208088,IPF / Pulmonary Fibrosis,True,30,0.06666666666666667
SRX27291578,14,4,PRJNA1208088,IPF / Pulmonary Fibrosis,True,30,0.13333333333333333
SRX27291578,2,1,PRJNA1208088,IPF / Pulmonary Fibrosis,True,30,0.03333333333333333
SRX27291578,26,1,PRJNA1208088,IPF / Pulmonary Fibrosis,True,30,0.03333333333333333
SRX27291578,36,3,PRJNA1208088,IPF / Pulmonary Fibrosis,True,30,0.1
SRX27291578,38,6,PRJNA1208088,IPF / Pulmonary Fibrosis,True,30,0.2
SRX27291578,4,3,PRJNA1208088,IPF / Pulmonary Fibrosis,True,30,0.1
SRX27291578,54,7,PRJNA1208088,IPF / Pulmonary Fibrosis,True,30,0.23333333333333334
SRX27291578,60,1,PRJNA1208088,IPF / Pulmonary Fibrosis,True,30,0.03333333333333333
SRX27291578,9,1,PRJNA1208088,IPF / Pulmonary Fibrosis,True,30,0.03333333333333333
SRX27291580,10,1,PRJNA1208088,IPF / Pulmonary Fibrosis,True,24,0.041666666666666664
SRX27291580,14,4,PRJNA1208088,IPF / Pulmonary Fibrosis,True,24,0.16666666666666666
SRX27291580,20,1,PRJNA1208088,IPF / Pulmonary Fibrosis,True,24,0.041666666666666664
SRX27291580,21,2,PRJNA1208088,IPF / Pulmonary Fibrosis,True,24,0.08333333333333333
SRX27291580,44,2,PRJNA1208088,IPF / Pulmonary Fibrosis,True,24,0.08333333333333333
SRX27291580,45,1,PRJNA1208088,IPF / Pulmonary Fibrosis,True,24,0.041666666666666664
SRX27291580,54,12,PRJNA1208088,IPF / Pulmonary Fibrosis,True,24,0.5
SRX27291580,8,1,PRJNA1208088,IPF / Pulmonary Fibrosis,True,24,0.041666666666666664
SRX27291582,0,1,PRJNA1208088,IPF / Pulmonary Fibrosis,True,116,0.008620689655172414
SRX27291582,1,3,PRJNA1208088,IPF / Pulmonary Fibrosis,True,116,0.02586206896551724
SRX27291582,10,6,PRJNA1208088,IPF / Pulmonary Fibrosis,True,116,0.05172413793103448
SRX27291582,13,1,PRJNA1208088,IPF / Pulmonary Fibrosis,True,116,0.008620689655172414
SRX27291582,14,3,PRJNA1208088,IPF / Pulmonary Fibrosis,True,116,0.02586206896551724
SRX27291582,2,15,PRJNA1208088,IPF / Pulmonary Fibrosis,True,116,0.12931034482758622
SRX27291582,3,1,PRJNA1208088,IPF / Pulmonary Fibrosis,True,116,0.008620689655172414
SRX27291582,34,1,PRJNA1208088,IPF / Pulmonary Fibrosis,True,116,0.008620689655172414
SRX27291582,36,12,PRJNA1208088,IPF / Pulmonary Fibrosis,True,116,0.10344827586206896
SRX27291582,38,25,PRJNA1208088,IPF / Pulmonary Fibrosis,True,116,0.21551724137931033
SRX27291582,4,2,PRJNA1208088,IPF / Pulmonary Fibrosis,True,116,0.017241379310344827
SRX27291582,52,1,PRJNA1208088,IPF / Pulmonary Fibrosis,True,116,0.008620689655172414
SRX27291582,54,41,PRJNA1208088,IPF / Pulmonary Fibrosis,True,116,0.35344827586206895
SRX27291582,59,1,PRJNA1208088,IPF / Pulmonary Fibrosis,True,116,0.008620689655172414
SRX27291582,7,1,PRJNA1208088,IPF / Pulmonary Fibrosis,True,116,0.008620689655172414
SRX27291582,8,1,PRJNA1208088,IPF / Pulmonary Fibrosis,True,116,0.008620689655172414
SRX27291582,9,1,PRJNA1208088,IPF / Pulmonary Fibrosis,True,116,0.008620689655172414
SRX27291584,10,8,PRJNA1208088,IPF / Pulmonary Fibrosis,True,31,0.25806451612903225
SRX27291584,14,1,PRJNA1208088,IPF / Pulmonary Fibrosis,True,31,0.03225806451612903
SRX27291584,24,1,PRJNA1208088,IPF / Pulmonary Fibrosis,True,31,0.03225806451612903
SRX27291584,36,1,PRJNA1208088,IPF / Pulmonary Fibrosis,True,31,0.03225806451612903
SRX27291584,38,3,PRJNA1208088,IPF / Pulmonary Fibrosis,True,31,0.0967741935483871
SRX27291584,44,1,PRJNA1208088,IPF / Pulmonary Fibrosis,True,31,0.03225806451612903
SRX27291584,54,11,PRJNA1208088,IPF / Pulmonary Fibrosis,True,31,0.3548387096774194
SRX27291584,59,1,PRJNA1208088,IPF / Pulmonary Fibrosis,True,31,0.03225806451612903
SRX27291584,8,1,PRJNA1208088,IPF / Pulmonary Fibrosis,True,31,0.03225806451612903
SRX27291584,9,3,PRJNA1208088,IPF / Pulmonary Fibrosis,True,31,0.0967741935483871
SRX27291587,1,3,PRJNA1208088,IPF / Pulmonary Fibrosis,False,254,0.011811023622047244
SRX27291587,13,1,PRJNA1208088,IPF / Pulmonary Fibrosis,False,254,0.003937007874015748
SRX27291587,14,26,PRJNA1208088,IPF / Pulmonary Fibrosis,False,254,0.10236220472440945
SRX27291587,26,2,PRJNA1208088,IPF / Pulmonary Fibrosis,False,254,0.007874015748031496
SRX27291587,34,8,PRJNA1208088,IPF / Pulmonary Fibrosis,False,254,0.031496062992125984
SRX27291587,35,6,PRJNA1208088,IPF / Pulmonary Fibrosis,False,254,0.023622047244094488
SRX27291587,36,96,PRJNA1208088,IPF / Pulmonary Fibrosis,False,254,0.3779527559055118
SRX27291587,38,18,PRJNA1208088,IPF / Pulmonary Fibrosis,False,254,0.07086614173228346
SRX27291587,4,5,PRJNA1208088,IPF / Pulmonary Fibrosis,False,254,0.01968503937007874
SRX27291587,43,1,PRJNA1208088,IPF / Pulmonary Fibrosis,False,254,0.003937007874015748
SRX27291587,52,24,PRJNA1208088,IPF / Pulmonary Fibrosis,False,254,0.09448818897637795
SRX27291587,59,5,PRJNA1208088,IPF / Pulmonary Fibrosis,False,254,0.01968503937007874
SRX27291587,60,27,PRJNA1208088,IPF / Pulmonary Fibrosis,False,254,0.1062992125984252
SRX27291587,7,2,PRJNA1208088,IPF / Pulmonary Fibrosis,False,254,0.007874015748031496
SRX27291587,8,30,PRJNA1208088,IPF / Pulmonary Fibrosis,False,254,0.11811023622047244
SRX27291588,10,12,PRJNA1208088,IPF / Pulmonary Fibrosis,True,123,0.0975609756097561
SRX27291588,14,4,PRJNA1208088,IPF / Pulmonary Fibrosis,True,123,0.032520325203252036
SRX27291588,20,6,PRJNA1208088,IPF / Pulmonary Fibrosis,True,123,0.04878048780487805
SRX27291588,26,1,PRJNA1208088,IPF / Pulmonary Fibrosis,True,123,0.008130081300813009
SRX27291588,36,4,PRJNA1208088,IPF / Pulmonary Fibrosis,True,123,0.032520325203252036
SRX27291588,38,28,PRJNA1208088,IPF / Pulmonary Fibrosis,True,123,0.22764227642276422
SRX27291588,4,2,PRJNA1208088,IPF / Pulmonary Fibrosis,True,123,0.016260162601626018
SRX27291588,43,1,PRJNA1208088,IPF / Pulmonary Fibrosis,True,123,0.008130081300813009
SRX27291588,44,3,PRJNA1208088,IPF / Pulmonary Fibrosis,True,123,0.024390243902439025
SRX27291588,45,1,PRJNA1208088,IPF / Pulmonary Fibrosis,True,123,0.008130081300813009
SRX27291588,54,46,PRJNA1208088,IPF / Pulmonary Fibrosis,True,123,0.37398373983739835
SRX27291588,59,1,PRJNA1208088,IPF / Pulmonary Fibrosis,True,123,0.008130081300813009
SRX27291588,6,1,PRJNA1208088,IPF / Pulmonary Fibrosis,True,123,0.008130081300813009
SRX27291588,7,7,PRJNA1208088,IPF / Pulmonary Fibrosis,True,123,0.056910569105691054
SRX27291588,8,6,PRJNA1208088,IPF / Pulmonary Fibrosis,True,123,0.04878048780487805
SRX27291589,14,1,PRJNA1208088,IPF / Pulmonary Fibrosis,False,29,0.034482758620689655
SRX27291589,26,2,PRJNA1208088,IPF / Pulmonary Fibrosis,False,29,0.06896551724137931
SRX27291589,35,2,PRJNA1208088,IPF / Pulmonary Fibrosis,False,29,0.06896551724137931
SRX27291589,36,3,PRJNA1208088,IPF / Pulmonary Fibrosis,False,29,0.10344827586206896
SRX27291589,44,1,PRJNA1208088,IPF / Pulmonary Fibrosis,False,29,0.034482758620689655
SRX27291589,52,7,PRJNA1208088,IPF / Pulmonary Fibrosis,False,29,0.2413793103448276
SRX27291589,60,3,PRJNA1208088,IPF / Pulmonary Fibrosis,False,29,0.10344827586206896
SRX27291589,7,1,PRJNA1208088,IPF / Pulmonary Fibrosis,False,29,0.034482758620689655
SRX27291589,8,9,PRJNA1208088,IPF / Pulmonary Fibrosis,False,29,0.3103448275862069
SRX27291590,0,2,PRJNA1208088,IPF / Pulmonary Fibrosis,False,97,0.020618556701030927
SRX27291590,14,2,PRJNA1208088,IPF / Pulmonary Fibrosis,False,97,0.020618556701030927
SRX27291590,20,3,PRJNA1208088,IPF / Pulmonary Fibrosis,False,97,0.030927835051546393
SRX27291590,35,1,PRJNA1208088,IPF / Pulmonary Fibrosis,False,97,0.010309278350515464
SRX27291590,36,26,PRJNA1208088,IPF / Pulmonary Fibrosis,False,97,0.26804123711340205
SRX27291590,43,1,PRJNA1208088,IPF / Pulmonary Fibrosis,False,97,0.010309278350515464
SRX27291590,52,24,PRJNA1208088,IPF / Pulmonary Fibrosis,False,97,0.24742268041237114
SRX27291590,59,1,PRJNA1208088,IPF / Pulmonary Fibrosis,False,97,0.010309278350515464
SRX27291590,60,3,PRJNA1208088,IPF / Pulmonary Fibrosis,False,97,0.030927835051546393
SRX27291590,7,1,PRJNA1208088,IPF / Pulmonary Fibrosis,False,97,0.010309278350515464
SRX27291590,8,33,PRJNA1208088,IPF / Pulmonary Fibrosis,False,97,0.3402061855670103
SRX27291591,0,11,PRJNA1208088,IPF / Pulmonary Fibrosis,False,189,0.0582010582010582
SRX27291591,1,2,PRJNA1208088,IPF / Pulmonary Fibrosis,False,189,0.010582010582010581
SRX27291591,13,1,PRJNA1208088,IPF / Pulmonary Fibrosis,False,189,0.005291005291005291
SRX27291591,14,20,PRJNA1208088,IPF / Pulmonary Fibrosis,False,189,0.10582010582010581
SRX27291591,20,3,PRJNA1208088,IPF / Pulmonary Fibrosis,False,189,0.015873015873015872
SRX27291591,26,5,PRJNA1208088,IPF / Pulmonary Fibrosis,False,189,0.026455026455026454
SRX27291591,34,1,PRJNA1208088,IPF / Pulmonary Fibrosis,False,189,0.005291005291005291
SRX27291591,35,1,PRJNA1208088,IPF / Pulmonary Fibrosis,False,189,0.005291005291005291
SRX27291591,36,36,PRJNA1208088,IPF / Pulmonary Fibrosis,False,189,0.19047619047619047
SRX27291591,38,6,PRJNA1208088,IPF / Pulmonary Fibrosis,False,189,0.031746031746031744
SRX27291591,4,9,PRJNA1208088,IPF / Pulmonary Fibrosis,False,189,0.047619047619047616
SRX27291591,43,23,PRJNA1208088,IPF / Pulmonary Fibrosis,False,189,0.12169312169312169
SRX27291591,44,18,PRJNA1208088,IPF / Pulmonary Fibrosis,False,189,0.09523809523809523
SRX27291591,45,3,PRJNA1208088,IPF / Pulmonary Fibrosis,False,189,0.015873015873015872
SRX27291591,52,2,PRJNA1208088,IPF / Pulmonary Fibrosis,False,189,0.010582010582010581
SRX27291591,60,12,PRJNA1208088,IPF / Pulmonary Fibrosis,False,189,0.06349206349206349
SRX27291591,7,1,PRJNA1208088,IPF / Pulmonary Fibrosis,False,189,0.005291005291005291
SRX27291591,8,26,PRJNA1208088,IPF / Pulmonary Fibrosis,False,189,0.13756613756613756
SRX27291591,9,9,PRJNA1208088,IPF / Pulmonary Fibrosis,False,189,0.047619047619047616
SRX27291592,13,2,PRJNA1208088,IPF / Pulmonary Fibrosis,False,76,0.02631578947368421
SRX27291592,14,4,PRJNA1208088,IPF / Pulmonary Fibrosis,False,76,0.05263157894736842
SRX27291592,20,7,PRJNA1208088,IPF / Pulmonary Fibrosis,False,76,0.09210526315789473
SRX27291592,21,2,PRJNA1208088,IPF / Pulmonary Fibrosis,False,76,0.02631578947368421
SRX27291592,26,2,PRJNA1208088,IPF / Pulmonary Fibrosis,False,76,0.02631578947368421
SRX27291592,34,1,PRJNA1208088,IPF / Pulmonary Fibrosis,False,76,0.013157894736842105
SRX27291592,36,8,PRJNA1208088,IPF / Pulmonary Fibrosis,False,76,0.10526315789473684
SRX27291592,38,4,PRJNA1208088,IPF / Pulmonary Fibrosis,False,76,0.05263157894736842
SRX27291592,43,22,PRJNA1208088,IPF / Pulmonary Fibrosis,False,76,0.2894736842105263
SRX27291592,44,15,PRJNA1208088,IPF / Pulmonary Fibrosis,False,76,0.19736842105263158
SRX27291592,52,2,PRJNA1208088,IPF / Pulmonary Fibrosis,False,76,0.02631578947368421
SRX27291592,60,1,PRJNA1208088,IPF / Pulmonary Fibrosis,False,76,0.013157894736842105
SRX27291592,7,1,PRJNA1208088,IPF / Pulmonary Fibrosis,False,76,0.013157894736842105
SRX27291592,8,5,PRJNA1208088,IPF / Pulmonary Fibrosis,False,76,0.06578947368421052
SRX27291593,1,1,PRJNA1208088,Other,False,75,0.013333333333333334
SRX27291593,13,1,PRJNA1208088,Other,False,75,0.013333333333333334
SRX27291593,14,15,PRJNA1208088,Other,False,75,0.2
SRX27291593,20,1,PRJNA1208088,Other,False,75,0.013333333333333334
SRX27291593,36,25,PRJNA1208088,Other,False,75,0.3333333333333333
SRX27291593,38,5,PRJNA1208088,Other,False,75,0.06666666666666667
SRX27291593,43,4,PRJNA1208088,Other,False,75,0.05333333333333334
SRX27291593,52,1,PRJNA1208088,Other,False,75,0.013333333333333334
SRX27291593,59,2,PRJNA1208088,Other,False,75,0.02666666666666667
SRX27291593,60,2,PRJNA1208088,Other,False,75,0.02666666666666667
SRX27291593,8,15,PRJNA1208088,Other,False,75,0.2
SRX27291593,9,3,PRJNA1208088,Other,False,75,0.04
SRX27291594,13,1,PRJNA1208088,IPF / Pulmonary Fibrosis,False,126,0.007936507936507936
SRX27291594,14,7,PRJNA1208088,IPF / Pulmonary Fibrosis,False,126,0.05555555555555555
SRX27291594,21,10,PRJNA1208088,IPF / Pulmonary Fibrosis,False,126,0.07936507936507936
SRX27291594,36,19,PRJNA1208088,IPF / Pulmonary Fibrosis,False,126,0.15079365079365079
SRX27291594,38,15,PRJNA1208088,IPF / Pulmonary Fibrosis,False,126,0.11904761904761904
SRX27291594,43,9,PRJNA1208088,IPF / Pulmonary Fibrosis,False,126,0.07142857142857142
SRX27291594,59,1,PRJNA1208088,IPF / Pulmonary Fibrosis,False,126,0.007936507936507936
SRX27291594,60,2,PRJNA1208088,IPF / Pulmonary Fibrosis,False,126,0.015873015873015872
SRX27291594,8,59,PRJNA1208088,IPF / Pulmonary Fibrosis,False,126,0.46825396825396826
SRX27291594,9,3,PRJNA1208088,IPF / Pulmonary Fibrosis,False,126,0.023809523809523808
SRX27291595,13,1,PRJNA1208088,IPF / Pulmonary Fibrosis,False,136,0.007352941176470588
SRX27291595,14,7,PRJNA1208088,IPF / Pulmonary Fibrosis,False,136,0.051470588235294115
SRX27291595,35,7,PRJNA1208088,IPF / Pulmonary Fibrosis,False,136,0.051470588235294115
SRX27291595,36,51,PRJNA1208088,IPF / Pulmonary Fibrosis,False,136,0.375
SRX27291595,38,2,PRJNA1208088,IPF / Pulmonary Fibrosis,False,136,0.014705882352941176
SRX27291595,43,13,PRJNA1208088,IPF / Pulmonary Fibrosis,False,136,0.09558823529411764
SRX27291595,44,3,PRJNA1208088,IPF / Pulmonary Fibrosis,False,136,0.022058823529411766
SRX27291595,45,1,PRJNA1208088,IPF / Pulmonary Fibrosis,False,136,0.007352941176470588
SRX27291595,52,22,PRJNA1208088,IPF / Pulmonary Fibrosis,False,136,0.16176470588235295
SRX27291595,59,1,PRJNA1208088,IPF / Pulmonary Fibrosis,False,136,0.007352941176470588
SRX27291595,60,10,PRJNA1208088,IPF / Pulmonary Fibrosis,False,136,0.07352941176470588
SRX27291595,7,8,PRJNA1208088,IPF / Pulmonary Fibrosis,False,136,0.058823529411764705
SRX27291595,8,10,PRJNA1208088,IPF / Pulmonary Fibrosis,False,136,0.07352941176470588
SRX27291597,13,1,PRJNA1208088,Other,False,107,0.009345794392523364
SRX27291597,14,10,PRJNA1208088,Other,False,107,0.09345794392523364
SRX27291597,20,1,PRJNA1208088,Other,False,107,0.009345794392523364
SRX27291597,21,1,PRJNA1208088,Other,False,107,0.009345794392523364
SRX27291597,26,1,PRJNA1208088,Other,False,107,0.009345794392523364
SRX27291597,35,1,PRJNA1208088,Other,False,107,0.009345794392523364
SRX27291597,36,39,PRJNA1208088,Other,False,107,0.3644859813084112
SRX27291597,38,1,PRJNA1208088,Other,False,107,0.009345794392523364
SRX27291597,52,10,PRJNA1208088,Other,False,107,0.09345794392523364
SRX27291597,60,5,PRJNA1208088,Other,False,107,0.04672897196261682
SRX27291597,8,37,PRJNA1208088,Other,False,107,0.34579439252336447
SRX27291598,14,4,PRJNA1208088,IPF / Pulmonary Fibrosis,True,64,0.0625
SRX27291598,20,27,PRJNA1208088,IPF / Pulmonary Fibrosis,True,64,0.421875
SRX27291598,26,1,PRJNA1208088,IPF / Pulmonary Fibrosis,True,64,0.015625
SRX27291598,31,1,PRJNA1208088,IPF / Pulmonary Fibrosis,True,64,0.015625
SRX27291598,35,1,PRJNA1208088,IPF / Pulmonary Fibrosis,True,64,0.015625
SRX27291598,43,20,PRJNA1208088,IPF / Pulmonary Fibrosis,True,64,0.3125
SRX27291598,44,5,PRJNA1208088,IPF / Pulmonary Fibrosis,True,64,0.078125
SRX27291598,45,2,PRJNA1208088,IPF / Pulmonary Fibrosis,True,64,0.03125
SRX27291598,52,3,PRJNA1208088,IPF / Pulmonary Fibrosis,True,64,0.046875
SRX27291599,1,3,PRJNA1208088,IPF / Pulmonary Fibrosis,True,33,0.09090909090909091
SRX27291599,14,2,PRJNA1208088,IPF / Pulmonary Fibrosis,True,33,0.06060606060606061
SRX27291599,20,5,PRJNA1208088,IPF / Pulmonary Fibrosis,True,33,0.15151515151515152
SRX27291599,21,1,PRJNA1208088,IPF / Pulmonary Fibrosis,True,33,0.030303030303030304
SRX27291599,36,7,PRJNA1208088,IPF / Pulmonary Fibrosis,True,33,0.21212121212121213
SRX27291599,38,4,PRJNA1208088,IPF / Pulmonary Fibrosis,True,33,0.12121212121212122
SRX27291599,43,2,PRJNA1208088,IPF / Pulmonary Fibrosis,True,33,0.06060606060606061
SRX27291599,45,1,PRJNA1208088,IPF / Pulmonary Fibrosis,True,33,0.030303030303030304
SRX27291599,52,3,PRJNA1208088,IPF / Pulmonary Fibrosis,True,33,0.09090909090909091
SRX27291599,60,1,PRJNA1208088,IPF / Pulmonary Fibrosis,True,33,0.030303030303030304
SRX27291599,8,4,PRJNA1208088,IPF / Pulmonary Fibrosis,True,33,0.12121212121212122
SRX27291600,0,9,PRJNA1208088,IPF / Pulmonary Fibrosis,True,141,0.06382978723404255
SRX27291600,14,6,PRJNA1208088,IPF / Pulmonary Fibrosis,True,141,0.0425531914893617
SRX27291600,20,5,PRJNA1208088,IPF / Pulmonary Fibrosis,True,141,0.03546099290780142
SRX27291600,21,4,PRJNA1208088,IPF / Pulmonary Fibrosis,True,141,0.028368794326241134
SRX27291600,36,11,PRJNA1208088,IPF / Pulmonary Fibrosis,True,141,0.07801418439716312
SRX27291600,38,12,PRJNA1208088,IPF / Pulmonary Fibrosis,True,141,0.0851063829787234
SRX27291600,4,1,PRJNA1208088,IPF / Pulmonary Fibrosis,True,141,0.0070921985815602835
SRX27291600,43,32,PRJNA1208088,IPF / Pulmonary Fibrosis,True,141,0.22695035460992907
SRX27291600,44,11,PRJNA1208088,IPF / Pulmonary Fibrosis,True,141,0.07801418439716312
SRX27291600,45,23,PRJNA1208088,IPF / Pulmonary Fibrosis,True,141,0.16312056737588654
SRX27291600,5,2,PRJNA1208088,IPF / Pulmonary Fibrosis,True,141,0.014184397163120567
SRX27291600,52,1,PRJNA1208088,IPF / Pulmonary Fibrosis,True,141,0.0070921985815602835
SRX27291600,59,2,PRJNA1208088,IPF / Pulmonary Fibrosis,True,141,0.014184397163120567
SRX27291600,60,2,PRJNA1208088,IPF / Pulmonary Fibrosis,True,141,0.014184397163120567
SRX27291600,7,1,PRJNA1208088,IPF / Pulmonary Fibrosis,True,141,0.0070921985815602835
SRX27291600,8,13,PRJNA1208088,IPF / Pulmonary Fibrosis,True,141,0.09219858156028368
SRX27291600,9,6,PRJNA1208088,IPF / Pulmonary Fibrosis,True,141,0.0425531914893617
SRX27291603,13,1,PRJNA1208088,IPF / Pulmonary Fibrosis,True,112,0.008928571428571428
SRX27291603,14,63,PRJNA1208088,IPF / Pulmonary Fibrosis,True,112,0.5625
SRX27291603,20,1,PRJNA1208088,IPF / Pulmonary Fibrosis,True,112,0.008928571428571428
SRX27291603,26,3,PRJNA1208088,IPF / Pulmonary Fibrosis,True,112,0.026785714285714284
SRX27291603,35,6,PRJNA1208088,IPF / Pulmonary Fibrosis,True,112,0.05357142857142857
SRX27291603,36,14,PRJNA1208088,IPF / Pulmonary Fibrosis,True,112,0.125
SRX27291603,52,15,PRJNA1208088,IPF / Pulmonary Fibrosis,True,112,0.13392857142857142
SRX27291603,59,1,PRJNA1208088,IPF / Pulmonary Fibrosis,True,112,0.008928571428571428
SRX27291603,60,1,PRJNA1208088,IPF / Pulmonary Fibrosis,True,112,0.008928571428571428
SRX27291603,8,7,PRJNA1208088,IPF / Pulmonary Fibrosis,True,112,0.0625
SRX27291604,0,2,PRJNA1208088,IPF / Pulmonary Fibrosis,True,79,0.02531645569620253
SRX27291604,1,1,PRJNA1208088,IPF / Pulmonary Fibrosis,True,79,0.012658227848101266
SRX27291604,10,1,PRJNA1208088,IPF / Pulmonary Fibrosis,True,79,0.012658227848101266
SRX27291604,13,1,PRJNA1208088,IPF / Pulmonary Fibrosis,True,79,0.012658227848101266
SRX27291604,14,36,PRJNA1208088,IPF / Pulmonary Fibrosis,True,79,0.45569620253164556
SRX27291604,20,3,PRJNA1208088,IPF / Pulmonary Fibrosis,True,79,0.0379746835443038
SRX27291604,21,3,PRJNA1208088,IPF / Pulmonary Fibrosis,True,79,0.0379746835443038
SRX27291604,26,1,PRJNA1208088,IPF / Pulmonary Fibrosis,True,79,0.012658227848101266
SRX27291604,31,1,PRJNA1208088,IPF / Pulmonary Fibrosis,True,79,0.012658227848101266
SRX27291604,36,11,PRJNA1208088,IPF / Pulmonary Fibrosis,True,79,0.13924050632911392
SRX27291604,38,2,PRJNA1208088,IPF / Pulmonary Fibrosis,True,79,0.02531645569620253
SRX27291604,54,1,PRJNA1208088,IPF / Pulmonary Fibrosis,True,79,0.012658227848101266
SRX27291604,59,4,PRJNA1208088,IPF / Pulmonary Fibrosis,True,79,0.05063291139240506
SRX27291604,60,1,PRJNA1208088,IPF / Pulmonary Fibrosis,True,79,0.012658227848101266
SRX27291604,8,11,PRJNA1208088,IPF / Pulmonary Fibrosis,True,79,0.13924050632911392
SRX27291605,1,1,PRJNA1208088,IPF / Pulmonary Fibrosis,True,60,0.016666666666666666
SRX27291605,10,15,PRJNA1208088,IPF / Pulmonary Fibrosis,True,60,0.25
SRX27291605,14,3,PRJNA1208088,IPF / Pulmonary Fibrosis,True,60,0.05
SRX27291605,20,4,PRJNA1208088,IPF / Pulmonary Fibrosis,True,60,0.06666666666666667
SRX27291605,26,2,PRJNA1208088,IPF / Pulmonary Fibrosis,True,60,0.03333333333333333
SRX27291605,36,7,PRJNA1208088,IPF / Pulmonary Fibrosis,True,60,0.11666666666666667
SRX27291605,38,5,PRJNA1208088,IPF / Pulmonary Fibrosis,True,60,0.08333333333333333
SRX27291605,44,6,PRJNA1208088,IPF / Pulmonary Fibrosis,True,60,0.1
SRX27291605,45,4,PRJNA1208088,IPF / Pulmonary Fibrosis,True,60,0.06666666666666667
SRX27291605,52,1,PRJNA1208088,IPF / Pulmonary Fibrosis,True,60,0.016666666666666666
SRX27291605,54,8,PRJNA1208088,IPF / Pulmonary Fibrosis,True,60,0.13333333333333333
SRX27291605,7,1,PRJNA1208088,IPF / Pulmonary Fibrosis,True,60,0.016666666666666666
SRX27291605,8,1,PRJNA1208088,IPF / Pulmonary Fibrosis,True,60,0.016666666666666666
SRX27291605,9,2,PRJNA1208088,IPF / Pulmonary Fibrosis,True,60,0.03333333333333333
SRX27291607,10,13,PRJNA1208088,IPF / Pulmonary Fibrosis,True,109,0.11926605504587157
SRX27291607,14,8,PRJNA1208088,IPF / Pulmonary Fibrosis,True,109,0.07339449541284404
SRX27291607,2,1,PRJNA1208088,IPF / Pulmonary Fibrosis,True,109,0.009174311926605505
SRX27291607,20,2,PRJNA1208088,IPF / Pulmonary Fibrosis,True,109,0.01834862385321101
SRX27291607,26,1,PRJNA1208088,IPF / Pulmonary Fibrosis,True,109,0.009174311926605505
SRX27291607,34,1,PRJNA1208088,IPF / Pulmonary Fibrosis,True,109,0.009174311926605505
SRX27291607,36,13,PRJNA1208088,IPF / Pulmonary Fibrosis,True,109,0.11926605504587157
SRX27291607,38,19,PRJNA1208088,IPF / Pulmonary Fibrosis,True,109,0.1743119266055046
SRX27291607,4,2,PRJNA1208088,IPF / Pulmonary Fibrosis,True,109,0.01834862385321101
SRX27291607,43,4,PRJNA1208088,IPF / Pulmonary Fibrosis,True,109,0.03669724770642202
SRX27291607,44,10,PRJNA1208088,IPF / Pulmonary Fibrosis,True,109,0.09174311926605505
SRX27291607,45,1,PRJNA1208088,IPF / Pulmonary Fibrosis,True,109,0.009174311926605505
SRX27291607,52,3,PRJNA1208088,IPF / Pulmonary Fibrosis,True,109,0.027522935779816515
SRX27291607,54,26,PRJNA1208088,IPF / Pulmonary Fibrosis,True,109,0.23853211009174313
SRX27291607,59,1,PRJNA1208088,IPF / Pulmonary Fibrosis,True,109,0.009174311926605505
SRX27291607,7,1,PRJNA1208088,IPF / Pulmonary Fibrosis,True,109,0.009174311926605505
SRX27291607,8,3,PRJNA1208088,IPF / Pulmonary Fibrosis,True,109,0.027522935779816515
SRX27291609,0,8,PRJNA1208088,IPF / Pulmonary Fibrosis,True,110,0.07272727272727272
SRX27291609,13,1,PRJNA1208088,IPF / Pulmonary Fibrosis,True,110,0.00909090909090909
SRX27291609,14,27,PRJNA1208088,IPF / Pulmonary Fibrosis,True,110,0.24545454545454545
SRX27291609,20,3,PRJNA1208088,IPF / Pulmonary Fibrosis,True,110,0.02727272727272727
SRX27291609,26,3,PRJNA1208088,IPF / Pulmonary Fibrosis,True,110,0.02727272727272727
SRX27291609,35,7,PRJNA1208088,IPF / Pulmonary Fibrosis,True,110,0.06363636363636363
SRX27291609,36,10,PRJNA1208088,IPF / Pulmonary Fibrosis,True,110,0.09090909090909091
SRX27291609,38,2,PRJNA1208088,IPF / Pulmonary Fibrosis,True,110,0.01818181818181818
SRX27291609,43,2,PRJNA1208088,IPF / Pulmonary Fibrosis,True,110,0.01818181818181818
SRX27291609,44,2,PRJNA1208088,IPF / Pulmonary Fibrosis,True,110,0.01818181818181818
SRX27291609,45,2,PRJNA1208088,IPF / Pulmonary Fibrosis,True,110,0.01818181818181818
SRX27291609,52,30,PRJNA1208088,IPF / Pulmonary Fibrosis,True,110,0.2727272727272727
SRX27291609,59,4,PRJNA1208088,IPF / Pulmonary Fibrosis,True,110,0.03636363636363636
SRX27291609,60,9,PRJNA1208088,IPF / Pulmonary Fibrosis,True,110,0.08181818181818182
SRX27291610,0,4,PRJNA1208088,IPF / Pulmonary Fibrosis,True,161,0.024844720496894408
SRX27291610,13,3,PRJNA1208088,IPF / Pulmonary Fibrosis,True,161,0.018633540372670808
SRX27291610,14,59,PRJNA1208088,IPF / Pulmonary Fibrosis,True,161,0.36645962732919257
SRX27291610,20,6,PRJNA1208088,IPF / Pulmonary Fibrosis,True,161,0.037267080745341616
SRX27291610,26,3,PRJNA1208088,IPF / Pulmonary Fibrosis,True,161,0.018633540372670808
SRX27291610,35,9,PRJNA1208088,IPF / Pulmonary Fibrosis,True,161,0.055900621118012424
SRX27291610,36,10,PRJNA1208088,IPF / Pulmonary Fibrosis,True,161,0.062111801242236024
SRX27291610,38,1,PRJNA1208088,IPF / Pulmonary Fibrosis,True,161,0.006211180124223602
SRX27291610,43,12,PRJNA1208088,IPF / Pulmonary Fibrosis,True,161,0.07453416149068323
SRX27291610,44,10,PRJNA1208088,IPF / Pulmonary Fibrosis,True,161,0.062111801242236024
SRX27291610,52,37,PRJNA1208088,IPF / Pulmonary Fibrosis,True,161,0.22981366459627328
SRX27291610,59,2,PRJNA1208088,IPF / Pulmonary Fibrosis,True,161,0.012422360248447204
SRX27291610,60,3,PRJNA1208088,IPF / Pulmonary Fibrosis,True,161,0.018633540372670808
SRX27291610,8,2,PRJNA1208088,IPF / Pulmonary Fibrosis,True,161,0.012422360248447204
SRX27291611,0,3,PRJNA1208088,IPF / Pulmonary Fibrosis,True,112,0.026785714285714284
SRX27291611,14,10,PRJNA1208088,IPF / Pulmonary Fibrosis,True,112,0.08928571428571429
SRX27291611,20,1,PRJNA1208088,IPF / Pulmonary Fibrosis,True,112,0.008928571428571428
SRX27291611,26,1,PRJNA1208088,IPF / Pulmonary Fibrosis,True,112,0.008928571428571428
SRX27291611,35,3,PRJNA1208088,IPF / Pulmonary Fibrosis,True,112,0.026785714285714284
SRX27291611,36,4,PRJNA1208088,IPF / Pulmonary Fibrosis,True,112,0.03571428571428571
SRX27291611,38,1,PRJNA1208088,IPF / Pulmonary Fibrosis,True,112,0.008928571428571428
SRX27291611,43,6,PRJNA1208088,IPF / Pulmonary Fibrosis,True,112,0.05357142857142857
SRX27291611,52,73,PRJNA1208088,IPF / Pulmonary Fibrosis,True,112,0.6517857142857143
SRX27291611,60,2,PRJNA1208088,IPF / Pulmonary Fibrosis,True,112,0.017857142857142856
SRX27291611,7,1,PRJNA1208088,IPF / Pulmonary Fibrosis,True,112,0.008928571428571428
SRX27291611,8,7,PRJNA1208088,IPF / Pulmonary Fibrosis,True,112,0.0625
SRX27291612,0,3,PRJNA1208088,IPF / Pulmonary Fibrosis,True,254,0.011811023622047244
SRX27291612,1,8,PRJNA1208088,IPF / Pulmonary Fibrosis,True,254,0.031496062992125984
SRX27291612,13,6,PRJNA1208088,IPF / Pulmonary Fibrosis,True,254,0.023622047244094488
SRX27291612,14,41,PRJNA1208088,IPF / Pulmonary Fibrosis,True,254,0.16141732283464566
SRX27291612,20,9,PRJNA1208088,IPF / Pulmonary Fibrosis,True,254,0.03543307086614173
SRX27291612,21,1,PRJNA1208088,IPF / Pulmonary Fibrosis,True,254,0.003937007874015748
SRX27291612,24,3,PRJNA1208088,IPF / Pulmonary Fibrosis,True,254,0.011811023622047244
SRX27291612,26,7,PRJNA1208088,IPF / Pulmonary Fibrosis,True,254,0.027559055118110236
SRX27291612,35,10,PRJNA1208088,IPF / Pulmonary Fibrosis,True,254,0.03937007874015748
SRX27291612,36,60,PRJNA1208088,IPF / Pulmonary Fibrosis,True,254,0.23622047244094488
SRX27291612,38,6,PRJNA1208088,IPF / Pulmonary Fibrosis,True,254,0.023622047244094488
SRX27291612,4,5,PRJNA1208088,IPF / Pulmonary Fibrosis,True,254,0.01968503937007874
SRX27291612,43,11,PRJNA1208088,IPF / Pulmonary Fibrosis,True,254,0.04330708661417323
SRX27291612,44,7,PRJNA1208088,IPF / Pulmonary Fibrosis,True,254,0.027559055118110236
SRX27291612,45,1,PRJNA1208088,IPF / Pulmonary Fibrosis,True,254,0.003937007874015748
SRX27291612,52,19,PRJNA1208088,IPF / Pulmonary Fibrosis,True,254,0.07480314960629922
SRX27291612,54,1,PRJNA1208088,IPF / Pulmonary Fibrosis,True,254,0.003937007874015748
SRX27291612,59,5,PRJNA1208088,IPF / Pulmonary Fibrosis,True,254,0.01968503937007874
SRX27291612,60,11,PRJNA1208088,IPF / Pulmonary Fibrosis,True,254,0.04330708661417323
SRX27291612,7,8,PRJNA1208088,IPF / Pulmonary Fibrosis,True,254,0.031496062992125984
SRX27291612,8,27,PRJNA1208088,IPF / Pulmonary Fibrosis,True,254,0.1062992125984252
SRX27291612,9,5,PRJNA1208088,IPF / Pulmonary Fibrosis,True,254,0.01968503937007874
SRX27291613,0,1,PRJNA1208088,IPF / Pulmonary Fibrosis,True,185,0.005405405405405406
SRX27291613,1,6,PRJNA1208088,IPF / Pulmonary Fibrosis,True,185,0.032432432432432434
SRX27291613,13,4,PRJNA1208088,IPF / Pulmonary Fibrosis,True,185,0.021621621621621623
SRX27291613,14,24,PRJNA1208088,IPF / Pulmonary Fibrosis,True,185,0.12972972972972974
SRX27291613,20,1,PRJNA1208088,IPF / Pulmonary Fibrosis,True,185,0.005405405405405406
SRX27291613,24,2,PRJNA1208088,IPF / Pulmonary Fibrosis,True,185,0.010810810810810811
SRX27291613,26,7,PRJNA1208088,IPF / Pulmonary Fibrosis,True,185,0.03783783783783784
SRX27291613,35,14,PRJNA1208088,IPF / Pulmonary Fibrosis,True,185,0.07567567567567568
SRX27291613,36,67,PRJNA1208088,IPF / Pulmonary Fibrosis,True,185,0.3621621621621622
SRX27291613,38,2,PRJNA1208088,IPF / Pulmonary Fibrosis,True,185,0.010810810810810811
SRX27291613,4,3,PRJNA1208088,IPF / Pulmonary Fibrosis,True,185,0.016216216216216217
SRX27291613,43,1,PRJNA1208088,IPF / Pulmonary Fibrosis,True,185,0.005405405405405406
SRX27291613,44,2,PRJNA1208088,IPF / Pulmonary Fibrosis,True,185,0.010810810810810811
SRX27291613,52,14,PRJNA1208088,IPF / Pulmonary Fibrosis,True,185,0.07567567567567568
SRX27291613,59,1,PRJNA1208088,IPF / Pulmonary Fibrosis,True,185,0.005405405405405406
SRX27291613,6,1,PRJNA1208088,IPF / Pulmonary Fibrosis,True,185,0.005405405405405406
SRX27291613,60,10,PRJNA1208088,IPF / Pulmonary Fibrosis,True,185,0.05405405405405406
SRX27291613,7,3,PRJNA1208088,IPF / Pulmonary Fibrosis,True,185,0.016216216216216217
SRX27291613,8,16,PRJNA1208088,IPF / Pulmonary Fibrosis,True,185,0.08648648648648649
SRX27291613,9,6,PRJNA1208088,IPF / Pulmonary Fibrosis,True,185,0.032432432432432434
SRX27291614,0,5,PRJNA1208088,IPF / Pulmonary Fibrosis,True,121,0.04132231404958678
SRX27291614,13,2,PRJNA1208088,IPF / Pulmonary Fibrosis,True,121,0.01652892561983471
SRX27291614,14,16,PRJNA1208088,IPF / Pulmonary Fibrosis,True,121,0.1322314049586777
SRX27291614,20,12,PRJNA1208088,IPF / Pulmonary Fibrosis,True,121,0.09917355371900827
SRX27291614,26,4,PRJNA1208088,IPF / Pulmonary Fibrosis,True,121,0.03305785123966942
SRX27291614,35,5,PRJNA1208088,IPF / Pulmonary Fibrosis,True,121,0.04132231404958678
SRX27291614,36,10,PRJNA1208088,IPF / Pulmonary Fibrosis,True,121,0.08264462809917356
SRX27291614,43,32,PRJNA1208088,IPF / Pulmonary Fibrosis,True,121,0.2644628099173554
SRX27291614,44,16,PRJNA1208088,IPF / Pulmonary Fibrosis,True,121,0.1322314049586777
SRX27291614,45,3,PRJNA1208088,IPF / Pulmonary Fibrosis,True,121,0.024793388429752067
SRX27291614,52,8,PRJNA1208088,IPF / Pulmonary Fibrosis,True,121,0.06611570247933884
SRX27291614,59,1,PRJNA1208088,IPF / Pulmonary Fibrosis,True,121,0.008264462809917356
SRX27291614,6,1,PRJNA1208088,IPF / Pulmonary Fibrosis,True,121,0.008264462809917356
SRX27291614,60,4,PRJNA1208088,IPF / Pulmonary Fibrosis,True,121,0.03305785123966942
SRX27291614,8,2,PRJNA1208088,IPF / Pulmonary Fibrosis,True,121,0.01652892561983471
SRX27291616,0,81,PRJNA1208088,IPF / Pulmonary Fibrosis,True,111,0.7297297297297297
SRX27291616,14,1,PRJNA1208088,IPF / Pulmonary Fibrosis,True,111,0.009009009009009009
SRX27291616,36,3,PRJNA1208088,IPF / Pulmonary Fibrosis,True,111,0.02702702702702703
SRX27291616,43,1,PRJNA1208088,IPF / Pulmonary Fibrosis,True,111,0.009009009009009009
SRX27291616,44,22,PRJNA1208088,IPF / Pulmonary Fibrosis,True,111,0.1981981981981982
SRX27291616,60,3,PRJNA1208088,IPF / Pulmonary Fibrosis,True,111,0.02702702702702703
SRX27291617,0,7,PRJNA1208088,IPF / Pulmonary Fibrosis,True,162,0.043209876543209874
SRX27291617,1,2,PRJNA1208088,IPF / Pulmonary Fibrosis,True,162,0.012345679012345678
SRX27291617,14,21,PRJNA1208088,IPF / Pulmonary Fibrosis,True,162,0.12962962962962962
SRX27291617,20,10,PRJNA1208088,IPF / Pulmonary Fibrosis,True,162,0.06172839506172839
SRX27291617,21,5,PRJNA1208088,IPF / Pulmonary Fibrosis,True,162,0.030864197530864196
SRX27291617,26,2,PRJNA1208088,IPF / Pulmonary Fibrosis,True,162,0.012345679012345678
SRX27291617,34,3,PRJNA1208088,IPF / Pulmonary Fibrosis,True,162,0.018518518518518517
SRX27291617,36,26,PRJNA1208088,IPF / Pulmonary Fibrosis,True,162,0.16049382716049382
SRX27291617,38,5,PRJNA1208088,IPF / Pulmonary Fibrosis,True,162,0.030864197530864196
SRX27291617,43,36,PRJNA1208088,IPF / Pulmonary Fibrosis,True,162,0.2222222222222222
SRX27291617,44,1,PRJNA1208088,IPF / Pulmonary Fibrosis,True,162,0.006172839506172839
SRX27291617,45,4,PRJNA1208088,IPF / Pulmonary Fibrosis,True,162,0.024691358024691357
SRX27291617,52,1,PRJNA1208088,IPF / Pulmonary Fibrosis,True,162,0.006172839506172839
SRX27291617,60,4,PRJNA1208088,IPF / Pulmonary Fibrosis,True,162,0.024691358024691357
SRX27291617,66,1,PRJNA1208088,IPF / Pulmonary Fibrosis,True,162,0.006172839506172839
SRX27291617,7,1,PRJNA1208088,IPF / Pulmonary Fibrosis,True,162,0.006172839506172839
SRX27291617,8,27,PRJNA1208088,IPF / Pulmonary Fibrosis,True,162,0.16666666666666666
SRX27291617,9,6,PRJNA1208088,IPF / Pulmonary Fibrosis,True,162,0.037037037037037035
SRX27291619,13,5,PRJNA1208088,IPF / Pulmonary Fibrosis,True,97,0.05154639175257732
SRX27291619,14,51,PRJNA1208088,IPF / Pulmonary Fibrosis,True,97,0.5257731958762887
SRX27291619,20,7,PRJNA1208088,IPF / Pulmonary Fibrosis,True,97,0.07216494845360824
SRX27291619,26,4,PRJNA1208088,IPF / Pulmonary Fibrosis,True,97,0.041237113402061855
SRX27291619,36,13,PRJNA1208088,IPF / Pulmonary Fibrosis,True,97,0.13402061855670103
SRX27291619,38,1,PRJNA1208088,IPF / Pulmonary Fibrosis,True,97,0.010309278350515464
SRX27291619,43,3,PRJNA1208088,IPF / Pulmonary Fibrosis,True,97,0.030927835051546393
SRX27291619,44,1,PRJNA1208088,IPF / Pulmonary Fibrosis,True,97,0.010309278350515464
SRX27291619,54,1,PRJNA1208088,IPF / Pulmonary Fibrosis,True,97,0.010309278350515464
SRX27291619,60,10,PRJNA1208088,IPF / Pulmonary Fibrosis,True,97,0.10309278350515463
SRX27291619,8,1,PRJNA1208088,IPF / Pulmonary Fibrosis,True,97,0.010309278350515464
SRX27291620,0,1,PRJNA1208088,IPF / Pulmonary Fibrosis,True,60,0.016666666666666666
SRX27291620,13,2,PRJNA1208088,IPF / Pulmonary Fibrosis,True,60,0.03333333333333333
SRX27291620,14,22,PRJNA1208088,IPF / Pulmonary Fibrosis,True,60,0.36666666666666664
SRX27291620,20,4,PRJNA1208088,IPF / Pulmonary Fibrosis,True,60,0.06666666666666667
SRX27291620,21,2,PRJNA1208088,IPF / Pulmonary Fibrosis,True,60,0.03333333333333333
SRX27291620,24,2,PRJNA1208088,IPF / Pulmonary Fibrosis,True,60,0.03333333333333333
SRX27291620,36,11,PRJNA1208088,IPF / Pulmonary Fibrosis,True,60,0.18333333333333332
SRX27291620,43,3,PRJNA1208088,IPF / Pulmonary Fibrosis,True,60,0.05
SRX27291620,45,1,PRJNA1208088,IPF / Pulmonary Fibrosis,True,60,0.016666666666666666
SRX27291620,52,1,PRJNA1208088,IPF / Pulmonary Fibrosis,True,60,0.016666666666666666
SRX27291620,60,1,PRJNA1208088,IPF / Pulmonary Fibrosis,True,60,0.016666666666666666
SRX27291620,7,1,PRJNA1208088,IPF / Pulmonary Fibrosis,True,60,0.016666666666666666
SRX27291620,8,6,PRJNA1208088,IPF / Pulmonary Fibrosis,True,60,0.1
SRX27291620,9,3,PRJNA1208088,IPF / Pulmonary Fibrosis,True,60,0.05
SRX27291621,0,8,PRJNA1208088,IPF / Pulmonary Fibrosis,True,142,0.056338028169014086
SRX27291621,13,1,PRJNA1208088,IPF / Pulmonary Fibrosis,True,142,0.007042253521126761
SRX27291621,14,81,PRJNA1208088,IPF / Pulmonary Fibrosis,True,142,0.5704225352112676
SRX27291621,20,13,PRJNA1208088,IPF / Pulmonary Fibrosis,True,142,0.09154929577464789
SRX27291621,21,2,PRJNA1208088,IPF / Pulmonary Fibrosis,True,142,0.014084507042253521
SRX27291621,26,1,PRJNA1208088,IPF / Pulmonary Fibrosis,True,142,0.007042253521126761
SRX27291621,36,8,PRJNA1208088,IPF / Pulmonary Fibrosis,True,142,0.056338028169014086
SRX27291621,38,1,PRJNA1208088,IPF / Pulmonary Fibrosis,True,142,0.007042253521126761
SRX27291621,43,8,PRJNA1208088,IPF / Pulmonary Fibrosis,True,142,0.056338028169014086
SRX27291621,45,1,PRJNA1208088,IPF / Pulmonary Fibrosis,True,142,0.007042253521126761
SRX27291621,52,3,PRJNA1208088,IPF / Pulmonary Fibrosis,True,142,0.02112676056338028
SRX27291621,59,3,PRJNA1208088,IPF / Pulmonary Fibrosis,True,142,0.02112676056338028
SRX27291621,60,5,PRJNA1208088,IPF / Pulmonary Fibrosis,True,142,0.035211267605633804
SRX27291621,8,7,PRJNA1208088,IPF / Pulmonary Fibrosis,True,142,0.04929577464788732
SRX27291622,0,4,PRJNA1208088,IPF / Pulmonary Fibrosis,True,101,0.039603960396039604
SRX27291622,14,33,PRJNA1208088,IPF / Pulmonary Fibrosis,True,101,0.32673267326732675
SRX27291622,20,6,PRJNA1208088,IPF / Pulmonary Fibrosis,True,101,0.0594059405940594
SRX27291622,21,8,PRJNA1208088,IPF / Pulmonary Fibrosis,True,101,0.07920792079207921
SRX27291622,24,1,PRJNA1208088,IPF / Pulmonary Fibrosis,True,101,0.009900990099009901
SRX27291622,26,1,PRJNA1208088,IPF / Pulmonary Fibrosis,True,101,0.009900990099009901
SRX27291622,34,1,PRJNA1208088,IPF / Pulmonary Fibrosis,True,101,0.009900990099009901
SRX27291622,36,7,PRJNA1208088,IPF / Pulmonary Fibrosis,True,101,0.06930693069306931
SRX27291622,38,4,PRJNA1208088,IPF / Pulmonary Fibrosis,True,101,0.039603960396039604
SRX27291622,43,12,PRJNA1208088,IPF / Pulmonary Fibrosis,True,101,0.1188118811881188
SRX27291622,45,6,PRJNA1208088,IPF / Pulmonary Fibrosis,True,101,0.0594059405940594
SRX27291622,52,4,PRJNA1208088,IPF / Pulmonary Fibrosis,True,101,0.039603960396039604
SRX27291622,59,3,PRJNA1208088,IPF / Pulmonary Fibrosis,True,101,0.0297029702970297
SRX27291622,60,3,PRJNA1208088,IPF / Pulmonary Fibrosis,True,101,0.0297029702970297
SRX27291622,8,4,PRJNA1208088,IPF / Pulmonary Fibrosis,True,101,0.039603960396039604
SRX27291622,9,4,PRJNA1208088,IPF / Pulmonary Fibrosis,True,101,0.039603960396039604
SRX27291623,1,1,PRJNA1208088,IPF / Pulmonary Fibrosis,True,103,0.009708737864077669
SRX27291623,13,2,PRJNA1208088,IPF / Pulmonary Fibrosis,True,103,0.019417475728155338
SRX27291623,14,25,PRJNA1208088,IPF / Pulmonary Fibrosis,True,103,0.24271844660194175
SRX27291623,20,34,PRJNA1208088,IPF / Pulmonary Fibrosis,True,103,0.3300970873786408
SRX27291623,26,6,PRJNA1208088,IPF / Pulmonary Fibrosis,True,103,0.05825242718446602
SRX27291623,31,1,PRJNA1208088,IPF / Pulmonary Fibrosis,True,103,0.009708737864077669
SRX27291623,35,1,PRJNA1208088,IPF / Pulmonary Fibrosis,True,103,0.009708737864077669
SRX27291623,36,11,PRJNA1208088,IPF / Pulmonary Fibrosis,True,103,0.10679611650485436
SRX27291623,43,1,PRJNA1208088,IPF / Pulmonary Fibrosis,True,103,0.009708737864077669
SRX27291623,52,15,PRJNA1208088,IPF / Pulmonary Fibrosis,True,103,0.14563106796116504
SRX27291623,59,1,PRJNA1208088,IPF / Pulmonary Fibrosis,True,103,0.009708737864077669
SRX27291623,60,1,PRJNA1208088,IPF / Pulmonary Fibrosis,True,103,0.009708737864077669
SRX27291623,7,2,PRJNA1208088,IPF / Pulmonary Fibrosis,True,103,0.019417475728155338
SRX27291623,8,2,PRJNA1208088,IPF / Pulmonary Fibrosis,True,103,0.019417475728155338
SRX27291624,0,26,PRJNA1208088,IPF / Pulmonary Fibrosis,True,234,0.1111111111111111
SRX27291624,1,2,PRJNA1208088,IPF / Pulmonary Fibrosis,True,234,0.008547008547008548
SRX27291624,13,5,PRJNA1208088,IPF / Pulmonary Fibrosis,True,234,0.021367521367521368
SRX27291624,14,45,PRJNA1208088,IPF / Pulmonary Fibrosis,True,234,0.19230769230769232
SRX27291624,20,2,PRJNA1208088,IPF / Pulmonary Fibrosis,True,234,0.008547008547008548
SRX27291624,24,1,PRJNA1208088,IPF / Pulmonary Fibrosis,True,234,0.004273504273504274
SRX27291624,26,3,PRJNA1208088,IPF / Pulmonary Fibrosis,True,234,0.01282051282051282
SRX27291624,36,58,PRJNA1208088,IPF / Pulmonary Fibrosis,True,234,0.24786324786324787
SRX27291624,38,7,PRJNA1208088,IPF / Pulmonary Fibrosis,True,234,0.029914529914529916
SRX27291624,43,1,PRJNA1208088,IPF / Pulmonary Fibrosis,True,234,0.004273504273504274
SRX27291624,44,3,PRJNA1208088,IPF / Pulmonary Fibrosis,True,234,0.01282051282051282
SRX27291624,45,1,PRJNA1208088,IPF / Pulmonary Fibrosis,True,234,0.004273504273504274
SRX27291624,52,27,PRJNA1208088,IPF / Pulmonary Fibrosis,True,234,0.11538461538461539
SRX27291624,54,1,PRJNA1208088,IPF / Pulmonary Fibrosis,True,234,0.004273504273504274
SRX27291624,59,4,PRJNA1208088,IPF / Pulmonary Fibrosis,True,234,0.017094017094017096
SRX27291624,6,3,PRJNA1208088,IPF / Pulmonary Fibrosis,True,234,0.01282051282051282
SRX27291624,60,11,PRJNA1208088,IPF / Pulmonary Fibrosis,True,234,0.04700854700854701
SRX27291624,7,1,PRJNA1208088,IPF / Pulmonary Fibrosis,True,234,0.004273504273504274
SRX27291624,8,29,PRJNA1208088,IPF / Pulmonary Fibrosis,True,234,0.12393162393162394
SRX27291624,9,4,PRJNA1208088,IPF / Pulmonary Fibrosis,True,234,0.017094017094017096
SRX27995674,21,2,PRJNA1202516,Lung Cancer,True,3,0.6666666666666666
SRX27995674,6,1,PRJNA1202516,Lung Cancer,True,3,0.3333333333333333
SRX27995701,17,1,PRJNA1202516,Lung Cancer,True,4,0.25
SRX27995701,26,1,PRJNA1202516,Lung Cancer,True,4,0.25
SRX27995701,31,1,PRJNA1202516,Lung Cancer,True,4,0.25
SRX27995701,9,1,PRJNA1202516,Lung Cancer,True,4,0.25
SRX27995730,1,1,PRJNA1202516,Lung Cancer,True,6,0.16666666666666666
SRX27995730,21,2,PRJNA1202516,Lung Cancer,True,6,0.3333333333333333
SRX27995730,26,1,PRJNA1202516,Lung Cancer,True,6,0.16666666666666666
SRX27995730,52,1,PRJNA1202516,Lung Cancer,True,6,0.16666666666666666
SRX27995730,9,1,PRJNA1202516,Lung Cancer,True,6,0.16666666666666666
SRX27995731,1,1,PRJNA1202516,Lung Cancer,True,9,0.1111111111111111
SRX27995731,17,1,PRJNA1202516,Lung Cancer,True,9,0.1111111111111111
SRX27995731,20,3,PRJNA1202516,Lung Cancer,True,9,0.3333333333333333
SRX27995731,26,1,PRJNA1202516,Lung Cancer,True,9,0.1111111111111111
SRX27995731,32,1,PRJNA1202516,Lung Cancer,True,9,0.1111111111111111
SRX27995731,45,1,PRJNA1202516,Lung Cancer,True,9,0.1111111111111111
SRX27995731,5,1,PRJNA1202516,Lung Cancer,True,9,0.1111111111111111
SRX29072175,0,2,PRJNA1272602,Lung Cancer,True,112,0.017857142857142856
SRX29072175,1,31,PRJNA1272602,Lung Cancer,True,112,0.2767857142857143
SRX29072175,13,1,PRJNA1272602,Lung Cancer,True,112,0.008928571428571428
SRX29072175,20,1,PRJNA1272602,Lung Cancer,True,112,0.008928571428571428
SRX29072175,24,10,PRJNA1272602,Lung Cancer,True,112,0.08928571428571429
SRX29072175,26,7,PRJNA1272602,Lung Cancer,True,112,0.0625
SRX29072175,3,1,PRJNA1272602,Lung Cancer,True,112,0.008928571428571428
SRX29072175,34,4,PRJNA1272602,Lung Cancer,True,112,0.03571428571428571
SRX29072175,4,3,PRJNA1272602,Lung Cancer,True,112,0.026785714285714284
SRX29072175,5,5,PRJNA1272602,Lung Cancer,True,112,0.044642857142857144
SRX29072175,6,42,PRJNA1272602,Lung Cancer,True,112,0.375
SRX29072175,9,5,PRJNA1272602,Lung Cancer,True,112,0.044642857142857144
SRX29072176,0,4,PRJNA1272602,Lung Cancer,True,63,0.06349206349206349
SRX29072176,1,13,PRJNA1272602,Lung Cancer,True,63,0.20634920634920634
SRX29072176,20,1,PRJNA1272602,Lung Cancer,True,63,0.015873015873015872
SRX29072176,21,1,PRJNA1272602,Lung Cancer,True,63,0.015873015873015872
SRX29072176,24,11,PRJNA1272602,Lung Cancer,True,63,0.1746031746031746
SRX29072176,26,1,PRJNA1272602,Lung Cancer,True,63,0.015873015873015872
SRX29072176,34,19,PRJNA1272602,Lung Cancer,True,63,0.30158730158730157
SRX29072176,4,1,PRJNA1272602,Lung Cancer,True,63,0.015873015873015872
SRX29072176,5,7,PRJNA1272602,Lung Cancer,True,63,0.1111111111111111
SRX29072176,6,4,PRJNA1272602,Lung Cancer,True,63,0.06349206349206349
SRX29072176,9,1,PRJNA1272602,Lung Cancer,True,63,0.015873015873015872
SRX29072177,0,4,PRJNA1272602,Lung Cancer,True,74,0.05405405405405406
SRX29072177,1,11,PRJNA1272602,Lung Cancer,True,74,0.14864864864864866
SRX29072177,24,10,PRJNA1272602,Lung Cancer,True,74,0.13513513513513514
SRX29072177,26,19,PRJNA1272602,Lung Cancer,True,74,0.25675675675675674
SRX29072177,3,2,PRJNA1272602,Lung Cancer,True,74,0.02702702702702703
SRX29072177,34,6,PRJNA1272602,Lung Cancer,True,74,0.08108108108108109
SRX29072177,5,8,PRJNA1272602,Lung Cancer,True,74,0.10810810810810811
SRX29072177,6,9,PRJNA1272602,Lung Cancer,True,74,0.12162162162162163
SRX29072177,9,5,PRJNA1272602,Lung Cancer,True,74,0.06756756756756757
SRX29072178,1,20,PRJNA1272602,Lung Cancer,True,112,0.17857142857142858
SRX29072178,21,2,PRJNA1272602,Lung Cancer,True,112,0.017857142857142856
SRX29072178,24,11,PRJNA1272602,Lung Cancer,True,112,0.09821428571428571
SRX29072178,26,7,PRJNA1272602,Lung Cancer,True,112,0.0625
SRX29072178,34,19,PRJNA1272602,Lung Cancer,True,112,0.16964285714285715
SRX29072178,4,19,PRJNA1272602,Lung Cancer,True,112,0.16964285714285715
SRX29072178,5,12,PRJNA1272602,Lung Cancer,True,112,0.10714285714285714
SRX29072178,6,14,PRJNA1272602,Lung Cancer,True,112,0.125
SRX29072178,9,8,PRJNA1272602,Lung Cancer,True,112,0.07142857142857142
SRX29072179,0,2,PRJNA1272602,Lung Cancer,True,53,0.03773584905660377
SRX29072179,1,5,PRJNA1272602,Lung Cancer,True,53,0.09433962264150944
SRX29072179,12,1,PRJNA1272602,Lung Cancer,True,53,0.018867924528301886
SRX29072179,13,1,PRJNA1272602,Lung Cancer,True,53,0.018867924528301886
SRX29072179,24,15,PRJNA1272602,Lung Cancer,True,53,0.2830188679245283
SRX29072179,26,8,PRJNA1272602,Lung Cancer,True,53,0.1509433962264151
SRX29072179,3,2,PRJNA1272602,Lung Cancer,True,53,0.03773584905660377
SRX29072179,5,12,PRJNA1272602,Lung Cancer,True,53,0.22641509433962265
SRX29072179,6,6,PRJNA1272602,Lung Cancer,True,53,0.11320754716981132
SRX29072179,9,1,PRJNA1272602,Lung Cancer,True,53,0.018867924528301886
SRX7347523,17,1,PRJNA554141,Other,False,30,0.03333333333333333
SRX7347523,20,10,PRJNA554141,Other,False,30,0.3333333333333333
SRX7347523,21,1,PRJNA554141,Other,False,30,0.03333333333333333
SRX7347523,23,3,PRJNA554141,Other,False,30,0.1
SRX7347523,31,7,PRJNA554141,Other,False,30,0.23333333333333334
SRX7347523,43,1,PRJNA554141,Other,False,30,0.03333333333333333
SRX7347523,44,3,PRJNA554141,Other,False,30,0.1
SRX7347523,45,4,PRJNA554141,Other,False,30,0.13333333333333333
SRX7347524,17,3,PRJNA554141,Other,False,52,0.057692307692307696
SRX7347524,20,6,PRJNA554141,Other,False,52,0.11538461538461539
SRX7347524,21,4,PRJNA554141,Other,False,52,0.07692307692307693
SRX7347524,23,6,PRJNA554141,Other,False,52,0.11538461538461539
SRX7347524,24,1,PRJNA554141,Other,False,52,0.019230769230769232
SRX7347524,31,19,PRJNA554141,Other,False,52,0.36538461538461536
SRX7347524,43,2,PRJNA554141,Other,False,52,0.038461538461538464
SRX7347524,44,2,PRJNA554141,Other,False,52,0.038461538461538464
SRX7347524,45,7,PRJNA554141,Other,False,52,0.1346153846153846
SRX7347524,52,2,PRJNA554141,Other,False,52,0.038461538461538464
SRX8008854,14,7,PRJNA613670,Other,False,22,0.3181818181818182
SRX8008854,21,1,PRJNA613670,Other,False,22,0.045454545454545456
SRX8008854,36,4,PRJNA613670,Other,False,22,0.18181818181818182
SRX8008854,43,2,PRJNA613670,Other,False,22,0.09090909090909091
SRX8008854,44,1,PRJNA613670,Other,False,22,0.045454545454545456
SRX8008854,59,5,PRJNA613670,Other,False,22,0.22727272727272727
SRX8008854,60,1,PRJNA613670,Other,False,22,0.045454545454545456
SRX8008854,8,1,PRJNA613670,Other,False,22,0.045454545454545456
SRX8008855,1,31,PRJNA613670,Other,False,112,0.2767857142857143
SRX8008855,17,2,PRJNA613670,Other,False,112,0.017857142857142856
SRX8008855,21,9,PRJNA613670,Other,False,112,0.08035714285714286
SRX8008855,24,6,PRJNA613670,Other,False,112,0.05357142857142857
SRX8008855,26,12,PRJNA613670,Other,False,112,0.10714285714285714
SRX8008855,34,17,PRJNA613670,Other,False,112,0.15178571428571427
SRX8008855,4,6,PRJNA613670,Other,False,112,0.05357142857142857
SRX8008855,5,16,PRJNA613670,Other,False,112,0.14285714285714285
SRX8008855,6,2,PRJNA613670,Other,False,112,0.017857142857142856
SRX8008855,9,11,PRJNA613670,Other,False,112,0.09821428571428571
SRX8349948,20,3,PRJNA633134,Cystic Fibrosis,,21,0.14285714285714285
SRX8349948,21,1,PRJNA633134,Cystic Fibrosis,,21,0.047619047619047616
SRX8349948,31,8,PRJNA633134,Cystic Fibrosis,,21,0.38095238095238093
SRX8349948,43,1,PRJNA633134,Cystic Fibrosis,,21,0.047619047619047616
SRX8349948,44,1,PRJNA633134,Cystic Fibrosis,,21,0.047619047619047616
SRX8349948,45,3,PRJNA633134,Cystic Fibrosis,,21,0.14285714285714285
SRX8349948,52,1,PRJNA633134,Cystic Fibrosis,,21,0.047619047619047616
SRX8349948,8,3,PRJNA633134,Cystic Fibrosis,,21,0.14285714285714285
SRX8349949,20,3,PRJNA633134,Other,False,21,0.14285714285714285
SRX8349949,21,1,PRJNA633134,Other,False,21,0.047619047619047616
SRX8349949,31,2,PRJNA633134,Other,False,21,0.09523809523809523
SRX8349949,44,1,PRJNA633134,Other,False,21,0.047619047619047616
SRX8349949,45,2,PRJNA633134,Other,False,21,0.09523809523809523
SRX8349949,52,1,PRJNA633134,Other,False,21,0.047619047619047616
SRX8349949,8,11,PRJNA633134,Other,False,21,0.5238095238095238
SRX8349950,20,1,PRJNA633134,Cystic Fibrosis,,21,0.047619047619047616
SRX8349950,23,3,PRJNA633134,Cystic Fibrosis,,21,0.14285714285714285
SRX8349950,43,11,PRJNA633134,Cystic Fibrosis,,21,0.5238095238095238
SRX8349950,44,5,PRJNA633134,Cystic Fibrosis,,21,0.23809523809523808
SRX8349950,45,1,PRJNA633134,Cystic Fibrosis,,21,0.047619047619047616
SRX8349955,20,3,PRJNA633134,Other,False,23,0.13043478260869565
SRX8349955,24,1,PRJNA633134,Other,False,23,0.043478260869565216
SRX8349955,31,4,PRJNA633134,Other,False,23,0.17391304347826086
SRX8349955,38,1,PRJNA633134,Other,False,23,0.043478260869565216
SRX8349955,43,3,PRJNA633134,Other,False,23,0.13043478260869565
SRX8349955,44,1,PRJNA633134,Other,False,23,0.043478260869565216
SRX8349955,45,1,PRJNA633134,Other,False,23,0.043478260869565216
SRX8349955,8,9,PRJNA633134,Other,False,23,0.391304347826087
SRX8349956,17,1,PRJNA633134,Cystic Fibrosis,True,20,0.05
SRX8349956,20,2,PRJNA633134,Cystic Fibrosis,True,20,0.1
SRX8349956,21,1,PRJNA633134,Cystic Fibrosis,True,20,0.05
SRX8349956,31,3,PRJNA633134,Cystic Fibrosis,True,20,0.15
SRX8349956,38,1,PRJNA633134,Cystic Fibrosis,True,20,0.05
SRX8349956,43,1,PRJNA633134,Cystic Fibrosis,True,20,0.05
SRX8349956,45,6,PRJNA633134,Cystic Fibrosis,True,20,0.3
SRX8349956,8,5,PRJNA633134,Cystic Fibrosis,True,20,0.25
SRX8349957,20,1,PRJNA633134,Cystic Fibrosis,,30,0.03333333333333333
SRX8349957,38,5,PRJNA633134,Cystic Fibrosis,,30,0.16666666666666666
SRX8349957,43,1,PRJNA633134,Cystic Fibrosis,,30,0.03333333333333333
SRX8349957,8,23,PRJNA633134,Cystic Fibrosis,,30,0.7666666666666667
SRX8349958,26,1,PRJNA633134,Cystic Fibrosis,True,33,0.030303030303030304
SRX8349958,4,2,PRJNA633134,Cystic Fibrosis,True,33,0.06060606060606061
SRX8349958,43,4,PRJNA633134,Cystic Fibrosis,True,33,0.12121212121212122
SRX8349958,44,2,PRJNA633134,Cystic Fibrosis,True,33,0.06060606060606061
SRX8349958,45,1,PRJNA633134,Cystic Fibrosis,True,33,0.030303030303030304
SRX8349958,6,1,PRJNA633134,Cystic Fibrosis,True,33,0.030303030303030304
SRX8349958,8,22,PRJNA633134,Cystic Fibrosis,True,33,0.6666666666666666
SRX8349959,0,1,PRJNA633134,Cystic Fibrosis,True,20,0.05
SRX8349959,20,2,PRJNA633134,Cystic Fibrosis,True,20,0.1
SRX8349959,23,1,PRJNA633134,Cystic Fibrosis,True,20,0.05
SRX8349959,31,1,PRJNA633134,Cystic Fibrosis,True,20,0.05
SRX8349959,43,2,PRJNA633134,Cystic Fibrosis,True,20,0.1
SRX8349959,44,11,PRJNA633134,Cystic Fibrosis,True,20,0.55
SRX8349959,60,1,PRJNA633134,Cystic Fibrosis,True,20,0.05
SRX8349959,8,1,PRJNA633134,Cystic Fibrosis,True,20,0.05
SRX8349960,20,1,PRJNA633134,Cystic Fibrosis,,8,0.125
SRX8349960,44,7,PRJNA633134,Cystic Fibrosis,,8,0.875
SRX8349961,20,4,PRJNA633134,Cystic Fibrosis,True,20,0.2
SRX8349961,21,1,PRJNA633134,Cystic Fibrosis,True,20,0.05
SRX8349961,23,1,PRJNA633134,Cystic Fibrosis,True,20,0.05
SRX8349961,43,1,PRJNA633134,Cystic Fibrosis,True,20,0.05
SRX8349961,44,2,PRJNA633134,Cystic Fibrosis,True,20,0.1
SRX8349961,45,3,PRJNA633134,Cystic Fibrosis,True,20,0.15
SRX8349961,8,8,PRJNA633134,Cystic Fibrosis,True,20,0.4
SRX8349962,23,1,PRJNA633134,Cystic Fibrosis,True,6,0.16666666666666666
SRX8349962,43,2,PRJNA633134,Cystic Fibrosis,True,6,0.3333333333333333
SRX8349962,8,3,PRJNA633134,Cystic Fibrosis,True,6,0.5
SRX8349964,17,4,PRJNA633134,Cystic Fibrosis,,38,0.10526315789473684
SRX8349964,20,5,PRJNA633134,Cystic Fibrosis,,38,0.13157894736842105
SRX8349964,21,1,PRJNA633134,Cystic Fibrosis,,38,0.02631578947368421
SRX8349964,31,16,PRJNA633134,Cystic Fibrosis,,38,0.42105263157894735
SRX8349964,36,1,PRJNA633134,Cystic Fibrosis,,38,0.02631578947368421
SRX8349964,44,3,PRJNA633134,Cystic Fibrosis,,38,0.07894736842105263
SRX8349964,45,3,PRJNA633134,Cystic Fibrosis,,38,0.07894736842105263
SRX8349964,52,4,PRJNA633134,Cystic Fibrosis,,38,0.10526315789473684
SRX8349964,59,1,PRJNA633134,Cystic Fibrosis,,38,0.02631578947368421
SRX8349966,1,2,PRJNA633134,Cystic Fibrosis,True,17,0.11764705882352941
SRX8349966,13,1,PRJNA633134,Cystic Fibrosis,True,17,0.058823529411764705
SRX8349966,20,3,PRJNA633134,Cystic Fibrosis,True,17,0.17647058823529413
SRX8349966,21,1,PRJNA633134,Cystic Fibrosis,True,17,0.058823529411764705
SRX8349966,31,3,PRJNA633134,Cystic Fibrosis,True,17,0.17647058823529413
SRX8349966,45,2,PRJNA633134,Cystic Fibrosis,True,17,0.11764705882352941
SRX8349966,5,1,PRJNA633134,Cystic Fibrosis,True,17,0.058823529411764705
SRX8349966,52,1,PRJNA633134,Cystic Fibrosis,True,17,0.058823529411764705
SRX8349966,6,2,PRJNA633134,Cystic Fibrosis,True,17,0.11764705882352941
SRX8349966,8,1,PRJNA633134,Cystic Fibrosis,True,17,0.058823529411764705
SRX8349967,0,1,PRJNA633134,Cystic Fibrosis,True,11,0.09090909090909091
SRX8349967,14,1,PRJNA633134,Cystic Fibrosis,True,11,0.09090909090909091
SRX8349967,24,1,PRJNA633134,Cystic Fibrosis,True,11,0.09090909090909091
SRX8349967,36,2,PRJNA633134,Cystic Fibrosis,True,11,0.18181818181818182
SRX8349967,43,2,PRJNA633134,Cystic Fibrosis,True,11,0.18181818181818182
SRX8349967,44,2,PRJNA633134,Cystic Fibrosis,True,11,0.18181818181818182
SRX8349967,5,2,PRJNA633134,Cystic Fibrosis,True,11,0.18181818181818182
SRX8349970,20,3,PRJNA633134,Cystic Fibrosis,True,44,0.06818181818181818
SRX8349970,23,1,PRJNA633134,Cystic Fibrosis,True,44,0.022727272727272728
SRX8349970,31,12,PRJNA633134,Cystic Fibrosis,True,44,0.2727272727272727
SRX8349970,43,5,PRJNA633134,Cystic Fibrosis,True,44,0.11363636363636363
SRX8349970,44,1,PRJNA633134,Cystic Fibrosis,True,44,0.022727272727272728
SRX8349970,45,22,PRJNA633134,Cystic Fibrosis,True,44,0.5
SRX8349972,17,1,PRJNA633134,Cystic Fibrosis,,27,0.037037037037037035
SRX8349972,20,1,PRJNA633134,Cystic Fibrosis,,27,0.037037037037037035
SRX8349972,31,8,PRJNA633134,Cystic Fibrosis,,27,0.2962962962962963
SRX8349972,43,4,PRJNA633134,Cystic Fibrosis,,27,0.14814814814814814
SRX8349972,44,2,PRJNA633134,Cystic Fibrosis,,27,0.07407407407407407
SRX8349972,45,11,PRJNA633134,Cystic Fibrosis,,27,0.4074074074074074
SRX8372491,0,1,PRJNA634159,Lung Cancer,True,208,0.004807692307692308
SRX8372491,1,16,PRJNA634159,Lung Cancer,True,208,0.07692307692307693
SRX8372491,13,1,PRJNA634159,Lung Cancer,True,208,0.004807692307692308
SRX8372491,14,2,PRJNA634159,Lung Cancer,True,208,0.009615384615384616
SRX8372491,17,1,PRJNA634159,Lung Cancer,True,208,0.004807692307692308
SRX8372491,20,24,PRJNA634159,Lung Cancer,True,208,0.11538461538461539
SRX8372491,21,9,PRJNA634159,Lung Cancer,True,208,0.04326923076923077
SRX8372491,23,8,PRJNA634159,Lung Cancer,True,208,0.038461538461538464
SRX8372491,24,23,PRJNA634159,Lung Cancer,True,208,0.11057692307692307
SRX8372491,26,28,PRJNA634159,Lung Cancer,True,208,0.1346153846153846
SRX8372491,34,2,PRJNA634159,Lung Cancer,True,208,0.009615384615384616
SRX8372491,36,2,PRJNA634159,Lung Cancer,True,208,0.009615384615384616
SRX8372491,38,6,PRJNA634159,Lung Cancer,True,208,0.028846153846153848
SRX8372491,4,8,PRJNA634159,Lung Cancer,True,208,0.038461538461538464
SRX8372491,43,1,PRJNA634159,Lung Cancer,True,208,0.004807692307692308
SRX8372491,44,2,PRJNA634159,Lung Cancer,True,208,0.009615384615384616
SRX8372491,5,17,PRJNA634159,Lung Cancer,True,208,0.08173076923076923
SRX8372491,6,2,PRJNA634159,Lung Cancer,True,208,0.009615384615384616
SRX8372491,8,23,PRJNA634159,Lung Cancer,True,208,0.11057692307692307
SRX8372491,9,32,PRJNA634159,Lung Cancer,True,208,0.15384615384615385
SRX8372494,0,1,PRJNA634159,Lung Cancer,True,35,0.02857142857142857
SRX8372494,1,9,PRJNA634159,Lung Cancer,True,35,0.2571428571428571
SRX8372494,21,1,PRJNA634159,Lung Cancer,True,35,0.02857142857142857
SRX8372494,36,5,PRJNA634159,Lung Cancer,True,35,0.14285714285714285
SRX8372494,4,1,PRJNA634159,Lung Cancer,True,35,0.02857142857142857
SRX8372494,5,1,PRJNA634159,Lung Cancer,True,35,0.02857142857142857
SRX8372494,6,16,PRJNA634159,Lung Cancer,True,35,0.45714285714285713
SRX8372494,9,1,PRJNA634159,Lung Cancer,True,35,0.02857142857142857
SRX8372495,0,1,PRJNA634159,Lung Cancer,True,64,0.015625
SRX8372495,1,23,PRJNA634159,Lung Cancer,True,64,0.359375
SRX8372495,14,5,PRJNA634159,Lung Cancer,True,64,0.078125
SRX8372495,21,5,PRJNA634159,Lung Cancer,True,64,0.078125
SRX8372495,24,1,PRJNA634159,Lung Cancer,True,64,0.015625
SRX8372495,26,3,PRJNA634159,Lung Cancer,True,64,0.046875
SRX8372495,34,1,PRJNA634159,Lung Cancer,True,64,0.015625
SRX8372495,4,4,PRJNA634159,Lung Cancer,True,64,0.0625
SRX8372495,5,6,PRJNA634159,Lung Cancer,True,64,0.09375
SRX8372495,6,9,PRJNA634159,Lung Cancer,True,64,0.140625
SRX8372495,60,4,PRJNA634159,Lung Cancer,True,64,0.0625
SRX8372495,8,1,PRJNA634159,Lung Cancer,True,64,0.015625
SRX8372495,9,1,PRJNA634159,Lung Cancer,True,64,0.015625
SRX8372496,0,94,PRJNA634159,Lung Cancer,True,234,0.4017094017094017
SRX8372496,1,30,PRJNA634159,Lung Cancer,True,234,0.1282051282051282
SRX8372496,13,43,PRJNA634159,Lung Cancer,True,234,0.18376068376068377
SRX8372496,14,3,PRJNA634159,Lung Cancer,True,234,0.01282051282051282
SRX8372496,24,4,PRJNA634159,Lung Cancer,True,234,0.017094017094017096
SRX8372496,26,1,PRJNA634159,Lung Cancer,True,234,0.004273504273504274
SRX8372496,3,1,PRJNA634159,Lung Cancer,True,234,0.004273504273504274
SRX8372496,34,7,PRJNA634159,Lung Cancer,True,234,0.029914529914529916
SRX8372496,36,1,PRJNA634159,Lung Cancer,True,234,0.004273504273504274
SRX8372496,39,1,PRJNA634159,Lung Cancer,True,234,0.004273504273504274
SRX8372496,4,6,PRJNA634159,Lung Cancer,True,234,0.02564102564102564
SRX8372496,43,1,PRJNA634159,Lung Cancer,True,234,0.004273504273504274
SRX8372496,44,1,PRJNA634159,Lung Cancer,True,234,0.004273504273504274
SRX8372496,5,1,PRJNA634159,Lung Cancer,True,234,0.004273504273504274
SRX8372496,6,10,PRJNA634159,Lung Cancer,True,234,0.042735042735042736
SRX8372496,60,10,PRJNA634159,Lung Cancer,True,234,0.042735042735042736
SRX8372496,8,1,PRJNA634159,Lung Cancer,True,234,0.004273504273504274
SRX8372496,9,19,PRJNA634159,Lung Cancer,True,234,0.0811965811965812
SRX8953166,0,3,PRJNA657422,IPF / Pulmonary Fibrosis,True,51,0.058823529411764705
SRX8953166,1,2,PRJNA657422,IPF / Pulmonary Fibrosis,True,51,0.0392156862745098
SRX8953166,13,1,PRJNA657422,IPF / Pulmonary Fibrosis,True,51,0.0196078431372549
SRX8953166,14,4,PRJNA657422,IPF / Pulmonary Fibrosis,True,51,0.0784313725490196
SRX8953166,24,3,PRJNA657422,IPF / Pulmonary Fibrosis,True,51,0.058823529411764705
SRX8953166,26,9,PRJNA657422,IPF / Pulmonary Fibrosis,True,51,0.17647058823529413
SRX8953166,34,4,PRJNA657422,IPF / Pulmonary Fibrosis,True,51,0.0784313725490196
SRX8953166,36,5,PRJNA657422,IPF / Pulmonary Fibrosis,True,51,0.09803921568627451
SRX8953166,4,3,PRJNA657422,IPF / Pulmonary Fibrosis,True,51,0.058823529411764705
SRX8953166,5,1,PRJNA657422,IPF / Pulmonary Fibrosis,True,51,0.0196078431372549
SRX8953166,6,1,PRJNA657422,IPF / Pulmonary Fibrosis,True,51,0.0196078431372549
SRX8953166,60,3,PRJNA657422,IPF / Pulmonary Fibrosis,True,51,0.058823529411764705
SRX8953166,8,1,PRJNA657422,IPF / Pulmonary Fibrosis,True,51,0.0196078431372549
SRX8953166,9,11,PRJNA657422,IPF / Pulmonary Fibrosis,True,51,0.21568627450980393
SRX8953167,0,2,PRJNA657422,IPF / Pulmonary Fibrosis,True,50,0.04
SRX8953167,1,11,PRJNA657422,IPF / Pulmonary Fibrosis,True,50,0.22
SRX8953167,13,1,PRJNA657422,IPF / Pulmonary Fibrosis,True,50,0.02
SRX8953167,14,2,PRJNA657422,IPF / Pulmonary Fibrosis,True,50,0.04
SRX8953167,21,1,PRJNA657422,IPF / Pulmonary Fibrosis,True,50,0.02
SRX8953167,24,3,PRJNA657422,IPF / Pulmonary Fibrosis,True,50,0.06
SRX8953167,26,10,PRJNA657422,IPF / Pulmonary Fibrosis,True,50,0.2
SRX8953167,36,1,PRJNA657422,IPF / Pulmonary Fibrosis,True,50,0.02
SRX8953167,4,2,PRJNA657422,IPF / Pulmonary Fibrosis,True,50,0.04
SRX8953167,5,7,PRJNA657422,IPF / Pulmonary Fibrosis,True,50,0.14
SRX8953167,59,1,PRJNA657422,IPF / Pulmonary Fibrosis,True,50,0.02
SRX8953167,8,1,PRJNA657422,IPF / Pulmonary Fibrosis,True,50,0.02
SRX8953167,9,8,PRJNA657422,IPF / Pulmonary Fibrosis,True,50,0.16
SRX9058141,26,7,PRJNA661032,COVID-19 / SARS-CoV-2,True,37,0.1891891891891892
SRX9058141,34,30,PRJNA661032,COVID-19 / SARS-CoV-2,True,37,0.8108108108108109
SRX9058149,24,1,PRJNA661032,COVID-19 / SARS-CoV-2,True,43,0.023255813953488372
SRX9058149,26,5,PRJNA661032,COVID-19 / SARS-CoV-2,True,43,0.11627906976744186
SRX9058149,34,11,PRJNA661032,COVID-19 / SARS-CoV-2,True,43,0.2558139534883721
SRX9058149,4,1,PRJNA661032,COVID-19 / SARS-CoV-2,True,43,0.023255813953488372
SRX9058149,49,20,PRJNA661032,COVID-19 / SARS-CoV-2,True,43,0.46511627906976744
SRX9058149,5,4,PRJNA661032,COVID-19 / SARS-CoV-2,True,43,0.09302325581395349
SRX9058149,9,1,PRJNA661032,COVID-19 / SARS-CoV-2,True,43,0.023255813953488372
SRX9058150,1,1,PRJNA661032,COVID-19 / SARS-CoV-2,True,24,0.041666666666666664
SRX9058150,26,7,PRJNA661032,COVID-19 / SARS-CoV-2,True,24,0.2916666666666667
SRX9058150,34,10,PRJNA661032,COVID-19 / SARS-CoV-2,True,24,0.4166666666666667
SRX9058150,49,5,PRJNA661032,COVID-19 / SARS-CoV-2,True,24,0.20833333333333334
SRX9058150,5,1,PRJNA661032,COVID-19 / SARS-CoV-2,True,24,0.041666666666666664
SRX9058151,20,1,PRJNA661032,COVID-19 / SARS-CoV-2,True,39,0.02564102564102564
SRX9058151,21,1,PRJNA661032,COVID-19 / SARS-CoV-2,True,39,0.02564102564102564
SRX9058151,24,3,PRJNA661032,COVID-19 / SARS-CoV-2,True,39,0.07692307692307693
SRX9058151,26,8,PRJNA661032,COVID-19 / SARS-CoV-2,True,39,0.20512820512820512
SRX9058151,34,12,PRJNA661032,COVID-19 / SARS-CoV-2,True,39,0.3076923076923077
SRX9058151,43,1,PRJNA661032,COVID-19 / SARS-CoV-2,True,39,0.02564102564102564
SRX9058151,44,3,PRJNA661032,COVID-19 / SARS-CoV-2,True,39,0.07692307692307693
SRX9058151,45,1,PRJNA661032,COVID-19 / SARS-CoV-2,True,39,0.02564102564102564
SRX9058151,49,6,PRJNA661032,COVID-19 / SARS-CoV-2,True,39,0.15384615384615385
SRX9058151,5,1,PRJNA661032,COVID-19 / SARS-CoV-2,True,39,0.02564102564102564
SRX9058151,9,2,PRJNA661032,COVID-19 / SARS-CoV-2,True,39,0.05128205128205128
SRX9058152,24,1,PRJNA661032,COVID-19 / SARS-CoV-2,True,56,0.017857142857142856
SRX9058152,26,18,PRJNA661032,COVID-19 / SARS-CoV-2,True,56,0.32142857142857145
SRX9058152,34,32,PRJNA661032,COVID-19 / SARS-CoV-2,True,56,0.5714285714285714
SRX9058152,49,4,PRJNA661032,COVID-19 / SARS-CoV-2,True,56,0.07142857142857142
SRX9058152,9,1,PRJNA661032,COVID-19 / SARS-CoV-2,True,56,0.017857142857142856
SRX9058153,1,1,PRJNA661032,COVID-19 / SARS-CoV-2,True,45,0.022222222222222223
SRX9058153,21,1,PRJNA661032,COVID-19 / SARS-CoV-2,True,45,0.022222222222222223
SRX9058153,26,5,PRJNA661032,COVID-19 / SARS-CoV-2,True,45,0.1111111111111111
SRX9058153,34,26,PRJNA661032,COVID-19 / SARS-CoV-2,True,45,0.5777777777777777
SRX9058153,43,1,PRJNA661032,COVID-19 / SARS-CoV-2,True,45,0.022222222222222223
SRX9058153,49,9,PRJNA661032,COVID-19 / SARS-CoV-2,True,45,0.2
SRX9058153,9,2,PRJNA661032,COVID-19 / SARS-CoV-2,True,45,0.044444444444444446
SRX9058154,34,37,PRJNA661032,COVID-19 / SARS-CoV-2,True,40,0.925
SRX9058154,49,2,PRJNA661032,COVID-19 / SARS-CoV-2,True,40,0.05
SRX9058154,9,1,PRJNA661032,COVID-19 / SARS-CoV-2,True,40,0.025
SRX9058156,1,1,PRJNA661032,COVID-19 / SARS-CoV-2,True,51,0.0196078431372549
SRX9058156,21,1,PRJNA661032,COVID-19 / SARS-CoV-2,True,51,0.0196078431372549
SRX9058156,26,6,PRJNA661032,COVID-19 / SARS-CoV-2,True,51,0.11764705882352941
SRX9058156,3,1,PRJNA661032,COVID-19 / SARS-CoV-2,True,51,0.0196078431372549
SRX9058156,34,36,PRJNA661032,COVID-19 / SARS-CoV-2,True,51,0.7058823529411765
SRX9058156,39,1,PRJNA661032,COVID-19 / SARS-CoV-2,True,51,0.0196078431372549
SRX9058156,49,2,PRJNA661032,COVID-19 / SARS-CoV-2,True,51,0.0392156862745098
SRX9058156,9,3,PRJNA661032,COVID-19 / SARS-CoV-2,True,51,0.058823529411764705
SRX9058158,26,5,PRJNA661032,COVID-19 / SARS-CoV-2,True,33,0.15151515151515152
SRX9058158,34,20,PRJNA661032,COVID-19 / SARS-CoV-2,True,33,0.6060606060606061
SRX9058158,39,4,PRJNA661032,COVID-19 / SARS-CoV-2,True,33,0.12121212121212122
SRX9058158,49,3,PRJNA661032,COVID-19 / SARS-CoV-2,True,33,0.09090909090909091
SRX9058158,9,1,PRJNA661032,COVID-19 / SARS-CoV-2,True,33,0.030303030303030304
SRX9058159,1,1,PRJNA661032,COVID-19 / SARS-CoV-2,True,21,0.047619047619047616
SRX9058159,21,1,PRJNA661032,COVID-19 / SARS-CoV-2,True,21,0.047619047619047616
SRX9058159,26,4,PRJNA661032,COVID-19 / SARS-CoV-2,True,21,0.19047619047619047
SRX9058159,34,11,PRJNA661032,COVID-19 / SARS-CoV-2,True,21,0.5238095238095238
SRX9058159,39,1,PRJNA661032,COVID-19 / SARS-CoV-2,True,21,0.047619047619047616
SRX9058159,45,2,PRJNA661032,COVID-19 / SARS-CoV-2,True,21,0.09523809523809523
SRX9058159,49,1,PRJNA661032,COVID-19 / SARS-CoV-2,True,21,0.047619047619047616
SRX9058161,21,2,PRJNA661032,COVID-19 / SARS-CoV-2,True,30,0.06666666666666667
SRX9058161,26,10,PRJNA661032,COVID-19 / SARS-CoV-2,True,30,0.3333333333333333
SRX9058161,34,14,PRJNA661032,COVID-19 / SARS-CoV-2,True,30,0.4666666666666667
SRX9058161,39,2,PRJNA661032,COVID-19 / SARS-CoV-2,True,30,0.06666666666666667
SRX9058161,49,2,PRJNA661032,COVID-19 / SARS-CoV-2,True,30,0.06666666666666667
SRX9058166,1,4,PRJNA661032,COVID-19 / SARS-CoV-2,True,11,0.36363636363636365
SRX9058166,26,3,PRJNA661032,COVID-19 / SARS-CoV-2,True,11,0.2727272727272727
SRX9058166,34,1,PRJNA661032,COVID-19 / SARS-CoV-2,True,11,0.09090909090909091
SRX9058166,49,1,PRJNA661032,COVID-19 / SARS-CoV-2,True,11,0.09090909090909091
SRX9058166,52,2,PRJNA661032,COVID-19 / SARS-CoV-2,True,11,0.18181818181818182
SRX9058167,24,1,PRJNA661032,COVID-19 / SARS-CoV-2,True,52,0.019230769230769232
SRX9058167,26,15,PRJNA661032,COVID-19 / SARS-CoV-2,True,52,0.28846153846153844
SRX9058167,34,24,PRJNA661032,COVID-19 / SARS-CoV-2,True,52,0.46153846153846156
SRX9058167,49,12,PRJNA661032,COVID-19 / SARS-CoV-2,True,52,0.23076923076923078
SRX9058168,26,1,PRJNA661032,COVID-19 / SARS-CoV-2,True,24,0.041666666666666664
SRX9058168,34,21,PRJNA661032,COVID-19 / SARS-CoV-2,True,24,0.875
SRX9058168,39,1,PRJNA661032,COVID-19 / SARS-CoV-2,True,24,0.041666666666666664
SRX9058168,49,1,PRJNA661032,COVID-19 / SARS-CoV-2,True,24,0.041666666666666664
SRX9058169,1,2,PRJNA661032,COVID-19 / SARS-CoV-2,True,54,0.037037037037037035
SRX9058169,26,6,PRJNA661032,COVID-19 / SARS-CoV-2,True,54,0.1111111111111111
SRX9058169,34,34,PRJNA661032,COVID-19 / SARS-CoV-2,True,54,0.6296296296296297
SRX9058169,45,1,PRJNA661032,COVID-19 / SARS-CoV-2,True,54,0.018518518518518517
SRX9058169,49,10,PRJNA661032,COVID-19 / SARS-CoV-2,True,54,0.18518518518518517
SRX9058169,5,1,PRJNA661032,COVID-19 / SARS-CoV-2,True,54,0.018518518518518517
SRX9062357,14,5,PRJNA661081,IPF / Pulmonary Fibrosis,True,9,0.5555555555555556
SRX9062357,20,1,PRJNA661081,IPF / Pulmonary Fibrosis,True,9,0.1111111111111111
SRX9062357,60,3,PRJNA661081,IPF / Pulmonary Fibrosis,True,9,0.3333333333333333
SRX9062358,23,1,PRJNA661081,IPF / Pulmonary Fibrosis,True,2,0.5
SRX9062358,45,1,PRJNA661081,IPF / Pulmonary Fibrosis,True,2,0.5
SRX9062363,14,1,PRJNA661081,Other,False,7,0.14285714285714285
SRX9062363,21,2,PRJNA661081,Other,False,7,0.2857142857142857
SRX9062363,26,1,PRJNA661081,Other,False,7,0.14285714285714285
SRX9062363,36,1,PRJNA661081,Other,False,7,0.14285714285714285
SRX9062363,43,1,PRJNA661081,Other,False,7,0.14285714285714285
SRX9062363,52,1,PRJNA661081,Other,False,7,0.14285714285714285
SRX9062364,14,1,PRJNA661081,Other,False,6,0.16666666666666666
SRX9062364,21,4,PRJNA661081,Other,False,6,0.6666666666666666
SRX9062364,4,1,PRJNA661081,Other,False,6,0.16666666666666666
SRX9062365,21,1,PRJNA661081,Other,False,1,1.0
SRX9062366,31,1,PRJNA661081,Other,False,4,0.25
SRX9062366,45,2,PRJNA661081,Other,False,4,0.5
SRX9062366,52,1,PRJNA661081,Other,False,4,0.25
SRX9078404,20,2,PRJNA661567,Other,False,16,0.125
SRX9078404,21,1,PRJNA661567,Other,False,16,0.0625
SRX9078404,23,2,PRJNA661567,Other,False,16,0.125
SRX9078404,31,3,PRJNA661567,Other,False,16,0.1875
SRX9078404,43,5,PRJNA661567,Other,False,16,0.3125
SRX9078404,44,1,PRJNA661567,Other,False,16,0.0625
SRX9078404,45,2,PRJNA661567,Other,False,16,0.125
SRX9078405,20,3,PRJNA661567,COVID-19 / SARS-CoV-2,True,22,0.13636363636363635
SRX9078405,21,2,PRJNA661567,COVID-19 / SARS-CoV-2,True,22,0.09090909090909091
SRX9078405,31,6,PRJNA661567,COVID-19 / SARS-CoV-2,True,22,0.2727272727272727
SRX9078405,39,2,PRJNA661567,COVID-19 / SARS-CoV-2,True,22,0.09090909090909091
SRX9078405,43,1,PRJNA661567,COVID-19 / SARS-CoV-2,True,22,0.045454545454545456
SRX9078405,44,3,PRJNA661567,COVID-19 / SARS-CoV-2,True,22,0.13636363636363635
SRX9078405,45,5,PRJNA661567,COVID-19 / SARS-CoV-2,True,22,0.22727272727272727
SRX9078406,20,6,PRJNA661567,COVID-19 / SARS-CoV-2,True,16,0.375
SRX9078406,21,2,PRJNA661567,COVID-19 / SARS-CoV-2,True,16,0.125
SRX9078406,31,4,PRJNA661567,COVID-19 / SARS-CoV-2,True,16,0.25
SRX9078406,43,1,PRJNA661567,COVID-19 / SARS-CoV-2,True,16,0.0625
SRX9078406,44,2,PRJNA661567,COVID-19 / SARS-CoV-2,True,16,0.125
SRX9078406,45,1,PRJNA661567,COVID-19 / SARS-CoV-2,True,16,0.0625
SRX9078407,20,3,PRJNA661567,COVID-19 / SARS-CoV-2,True,18,0.16666666666666666
SRX9078407,23,1,PRJNA661567,COVID-19 / SARS-CoV-2,True,18,0.05555555555555555
SRX9078407,31,3,PRJNA661567,COVID-19 / SARS-CoV-2,True,18,0.16666666666666666
SRX9078407,39,3,PRJNA661567,COVID-19 / SARS-CoV-2,True,18,0.16666666666666666
SRX9078407,43,2,PRJNA661567,COVID-19 / SARS-CoV-2,True,18,0.1111111111111111
SRX9078407,44,4,PRJNA661567,COVID-19 / SARS-CoV-2,True,18,0.2222222222222222
SRX9078407,45,2,PRJNA661567,COVID-19 / SARS-CoV-2,True,18,0.1111111111111111
SRX9078408,21,3,PRJNA661567,COVID-19 / SARS-CoV-2,True,13,0.23076923076923078
SRX9078408,23,4,PRJNA661567,COVID-19 / SARS-CoV-2,True,13,0.3076923076923077
SRX9078408,31,4,PRJNA661567,COVID-19 / SARS-CoV-2,True,13,0.3076923076923077
SRX9078408,43,1,PRJNA661567,COVID-19 / SARS-CoV-2,True,13,0.07692307692307693
SRX9078408,44,1,PRJNA661567,COVID-19 / SARS-CoV-2,True,13,0.07692307692307693
SRX9127133,20,4,PRJNA663601,Other,False,20,0.2
SRX9127133,21,9,PRJNA663601,Other,False,20,0.45
SRX9127133,23,1,PRJNA663601,Other,False,20,0.05
SRX9127133,43,1,PRJNA663601,Other,False,20,0.05
SRX9127133,45,5,PRJNA663601,Other,False,20,0.25
SRX9127134,20,5,PRJNA663601,Other,False,79,0.06329113924050633
SRX9127134,21,16,PRJNA663601,Other,False,79,0.20253164556962025
SRX9127134,23,2,PRJNA663601,Other,False,79,0.02531645569620253
SRX9127134,31,2,PRJNA663601,Other,False,79,0.02531645569620253
SRX9127134,38,4,PRJNA663601,Other,False,79,0.05063291139240506
SRX9127134,43,1,PRJNA663601,Other,False,79,0.012658227848101266
SRX9127134,45,3,PRJNA663601,Other,False,79,0.0379746835443038
SRX9127134,8,46,PRJNA663601,Other,False,79,0.5822784810126582
SRX9127135,0,1,PRJNA663601,Other,False,30,0.03333333333333333
SRX9127135,14,1,PRJNA663601,Other,False,30,0.03333333333333333
SRX9127135,20,1,PRJNA663601,Other,False,30,0.03333333333333333
SRX9127135,21,20,PRJNA663601,Other,False,30,0.6666666666666666
SRX9127135,31,1,PRJNA663601,Other,False,30,0.03333333333333333
SRX9127135,45,3,PRJNA663601,Other,False,30,0.1
SRX9127135,52,1,PRJNA663601,Other,False,30,0.03333333333333333
SRX9127135,60,2,PRJNA663601,Other,False,30,0.06666666666666667
SRX9127136,0,1,PRJNA663601,Other,False,9,0.1111111111111111
SRX9127136,21,4,PRJNA663601,Other,False,9,0.4444444444444444
SRX9127136,31,1,PRJNA663601,Other,False,9,0.1111111111111111
SRX9127136,36,1,PRJNA663601,Other,False,9,0.1111111111111111
SRX9127136,6,1,PRJNA663601,Other,False,9,0.1111111111111111
SRX9127136,60,1,PRJNA663601,Other,False,9,0.1111111111111111
SRX9127138,20,3,PRJNA663601,Other,False,38,0.07894736842105263
SRX9127138,21,26,PRJNA663601,Other,False,38,0.6842105263157895
SRX9127138,23,4,PRJNA663601,Other,False,38,0.10526315789473684
SRX9127138,38,5,PRJNA663601,Other,False,38,0.13157894736842105
SRX9127139,20,22,PRJNA663601,IPF / Pulmonary Fibrosis,True,44,0.5
SRX9127139,43,1,PRJNA663601,IPF / Pulmonary Fibrosis,True,44,0.022727272727272728
SRX9127139,44,15,PRJNA663601,IPF / Pulmonary Fibrosis,True,44,0.3409090909090909
SRX9127139,45,5,PRJNA663601,IPF / Pulmonary Fibrosis,True,44,0.11363636363636363
SRX9127139,8,1,PRJNA663601,IPF / Pulmonary Fibrosis,True,44,0.022727272727272728
SRX9127140,17,1,PRJNA663601,IPF / Pulmonary Fibrosis,True,18,0.05555555555555555
SRX9127140,20,1,PRJNA663601,IPF / Pulmonary Fibrosis,True,18,0.05555555555555555
SRX9127140,23,2,PRJNA663601,IPF / Pulmonary Fibrosis,True,18,0.1111111111111111
SRX9127140,31,8,PRJNA663601,IPF / Pulmonary Fibrosis,True,18,0.4444444444444444
SRX9127140,45,6,PRJNA663601,IPF / Pulmonary Fibrosis,True,18,0.3333333333333333
SRX9127141,1,1,PRJNA663601,IPF / Pulmonary Fibrosis,True,56,0.017857142857142856
SRX9127141,14,1,PRJNA663601,IPF / Pulmonary Fibrosis,True,56,0.017857142857142856
SRX9127141,20,1,PRJNA663601,IPF / Pulmonary Fibrosis,True,56,0.017857142857142856
SRX9127141,21,2,PRJNA663601,IPF / Pulmonary Fibrosis,True,56,0.03571428571428571
SRX9127141,23,2,PRJNA663601,IPF / Pulmonary Fibrosis,True,56,0.03571428571428571
SRX9127141,31,32,PRJNA663601,IPF / Pulmonary Fibrosis,True,56,0.5714285714285714
SRX9127141,38,1,PRJNA663601,IPF / Pulmonary Fibrosis,True,56,0.017857142857142856
SRX9127141,43,1,PRJNA663601,IPF / Pulmonary Fibrosis,True,56,0.017857142857142856
SRX9127141,44,1,PRJNA663601,IPF / Pulmonary Fibrosis,True,56,0.017857142857142856
SRX9127141,45,3,PRJNA663601,IPF / Pulmonary Fibrosis,True,56,0.05357142857142857
SRX9127141,8,10,PRJNA663601,IPF / Pulmonary Fibrosis,True,56,0.17857142857142858
SRX9127141,9,1,PRJNA663601,IPF / Pulmonary Fibrosis,True,56,0.017857142857142856
SRX9127142,0,1,PRJNA663601,IPF / Pulmonary Fibrosis,True,26,0.038461538461538464
SRX9127142,17,2,PRJNA663601,IPF / Pulmonary Fibrosis,True,26,0.07692307692307693
SRX9127142,20,3,PRJNA663601,IPF / Pulmonary Fibrosis,True,26,0.11538461538461539
SRX9127142,21,5,PRJNA663601,IPF / Pulmonary Fibrosis,True,26,0.19230769230769232
SRX9127142,23,5,PRJNA663601,IPF / Pulmonary Fibrosis,True,26,0.19230769230769232
SRX9127142,31,8,PRJNA663601,IPF / Pulmonary Fibrosis,True,26,0.3076923076923077
SRX9127142,38,2,PRJNA663601,IPF / Pulmonary Fibrosis,True,26,0.07692307692307693
SRX9127143,20,3,PRJNA663601,IPF / Pulmonary Fibrosis,True,30,0.1
SRX9127143,21,2,PRJNA663601,IPF / Pulmonary Fibrosis,True,30,0.06666666666666667
SRX9127143,23,5,PRJNA663601,IPF / Pulmonary Fibrosis,True,30,0.16666666666666666
SRX9127143,31,20,PRJNA663601,IPF / Pulmonary Fibrosis,True,30,0.6666666666666666
SRX9127144,20,15,PRJNA663601,IPF / Pulmonary Fibrosis,True,42,0.35714285714285715
SRX9127144,23,14,PRJNA663601,IPF / Pulmonary Fibrosis,True,42,0.3333333333333333
SRX9127144,31,11,PRJNA663601,IPF / Pulmonary Fibrosis,True,42,0.2619047619047619
SRX9127144,45,2,PRJNA663601,IPF / Pulmonary Fibrosis,True,42,0.047619047619047616
SRX9246189,20,1,PRJNA667491,Other,False,110,0.00909090909090909
SRX9246189,21,1,PRJNA667491,Other,False,110,0.00909090909090909
SRX9246189,23,5,PRJNA667491,Other,False,110,0.045454545454545456
SRX9246189,31,5,PRJNA667491,Other,False,110,0.045454545454545456
SRX9246189,43,18,PRJNA667491,Other,False,110,0.16363636363636364
SRX9246189,44,14,PRJNA667491,Other,False,110,0.12727272727272726
SRX9246189,45,66,PRJNA667491,Other,False,110,0.6
SRX9246193,20,1,PRJNA667491,Other,False,43,0.023255813953488372
SRX9246193,21,5,PRJNA667491,Other,False,43,0.11627906976744186
SRX9246193,23,1,PRJNA667491,Other,False,43,0.023255813953488372
SRX9246193,31,14,PRJNA667491,Other,False,43,0.32558139534883723
SRX9246193,43,5,PRJNA667491,Other,False,43,0.11627906976744186
SRX9246193,44,17,PRJNA667491,Other,False,43,0.3953488372093023
SRX9246196,20,7,PRJNA667491,Other,False,48,0.14583333333333334
SRX9246196,23,1,PRJNA667491,Other,False,48,0.020833333333333332
SRX9246196,31,16,PRJNA667491,Other,False,48,0.3333333333333333
SRX9246196,43,1,PRJNA667491,Other,False,48,0.020833333333333332
SRX9246196,44,5,PRJNA667491,Other,False,48,0.10416666666666667
SRX9246196,45,18,PRJNA667491,Other,False,48,0.375
SRX9246197,20,6,PRJNA667491,Cystic Fibrosis,True,28,0.21428571428571427
SRX9246197,21,1,PRJNA667491,Cystic Fibrosis,True,28,0.03571428571428571
SRX9246197,23,1,PRJNA667491,Cystic Fibrosis,True,28,0.03571428571428571
SRX9246197,31,2,PRJNA667491,Cystic Fibrosis,True,28,0.07142857142857142
SRX9246197,44,5,PRJNA667491,Cystic Fibrosis,True,28,0.17857142857142858
SRX9246197,45,13,PRJNA667491,Cystic Fibrosis,True,28,0.4642857142857143
SRX9246199,20,12,PRJNA667491,Cystic Fibrosis,True,53,0.22641509433962265
SRX9246199,21,4,PRJNA667491,Cystic Fibrosis,True,53,0.07547169811320754
SRX9246199,23,3,PRJNA667491,Cystic Fibrosis,True,53,0.05660377358490566
SRX9246199,31,6,PRJNA667491,Cystic Fibrosis,True,53,0.11320754716981132
SRX9246199,43,4,PRJNA667491,Cystic Fibrosis,True,53,0.07547169811320754
SRX9246199,44,8,PRJNA667491,Cystic Fibrosis,True,53,0.1509433962264151
SRX9246199,45,15,PRJNA667491,Cystic Fibrosis,True,53,0.2830188679245283
SRX9246199,52,1,PRJNA667491,Cystic Fibrosis,True,53,0.018867924528301886
SRX9246200,20,9,PRJNA667491,Cystic Fibrosis,True,37,0.24324324324324326
SRX9246200,23,3,PRJNA667491,Cystic Fibrosis,True,37,0.08108108108108109
SRX9246200,31,3,PRJNA667491,Cystic Fibrosis,True,37,0.08108108108108109
SRX9246200,43,2,PRJNA667491,Cystic Fibrosis,True,37,0.05405405405405406
SRX9246200,44,1,PRJNA667491,Cystic Fibrosis,True,37,0.02702702702702703
SRX9246200,45,19,PRJNA667491,Cystic Fibrosis,True,37,0.5135135135135135
SRX9246201,20,14,PRJNA667491,Cystic Fibrosis,True,32,0.4375
SRX9246201,21,2,PRJNA667491,Cystic Fibrosis,True,32,0.0625
SRX9246201,23,5,PRJNA667491,Cystic Fibrosis,True,32,0.15625
SRX9246201,31,2,PRJNA667491,Cystic Fibrosis,True,32,0.0625
SRX9246201,43,1,PRJNA667491,Cystic Fibrosis,True,32,0.03125
SRX9246201,44,1,PRJNA667491,Cystic Fibrosis,True,32,0.03125
SRX9246201,45,7,PRJNA667491,Cystic Fibrosis,True,32,0.21875
SRX9246202,17,1,PRJNA667491,Cystic Fibrosis,True,171,0.005847953216374269
SRX9246202,20,29,PRJNA667491,Cystic Fibrosis,True,171,0.1695906432748538
SRX9246202,21,19,PRJNA667491,Cystic Fibrosis,True,171,0.1111111111111111
SRX9246202,23,21,PRJNA667491,Cystic Fibrosis,True,171,0.12280701754385964
SRX9246202,31,28,PRJNA667491,Cystic Fibrosis,True,171,0.16374269005847952
SRX9246202,43,13,PRJNA667491,Cystic Fibrosis,True,171,0.07602339181286549
SRX9246202,44,29,PRJNA667491,Cystic Fibrosis,True,171,0.1695906432748538
SRX9246202,45,30,PRJNA667491,Cystic Fibrosis,True,171,0.17543859649122806
SRX9246202,52,1,PRJNA667491,Cystic Fibrosis,True,171,0.005847953216374269
SRX9246204,20,13,PRJNA667491,Cystic Fibrosis,True,31,0.41935483870967744
SRX9246204,21,1,PRJNA667491,Cystic Fibrosis,True,31,0.03225806451612903
SRX9246204,23,4,PRJNA667491,Cystic Fibrosis,True,31,0.12903225806451613
SRX9246204,31,1,PRJNA667491,Cystic Fibrosis,True,31,0.03225806451612903
SRX9246204,43,2,PRJNA667491,Cystic Fibrosis,True,31,0.06451612903225806
SRX9246204,44,9,PRJNA667491,Cystic Fibrosis,True,31,0.2903225806451613
SRX9246204,45,1,PRJNA667491,Cystic Fibrosis,True,31,0.03225806451612903
SRX9246205,20,4,PRJNA667491,Cystic Fibrosis,True,12,0.3333333333333333
SRX9246205,21,1,PRJNA667491,Cystic Fibrosis,True,12,0.08333333333333333
SRX9246205,23,2,PRJNA667491,Cystic Fibrosis,True,12,0.16666666666666666
SRX9246205,31,1,PRJNA667491,Cystic Fibrosis,True,12,0.08333333333333333
SRX9246205,43,3,PRJNA667491,Cystic Fibrosis,True,12,0.25
SRX9246205,52,1,PRJNA667491,Cystic Fibrosis,True,12,0.08333333333333333
SRX9246206,20,8,PRJNA667491,Cystic Fibrosis,True,80,0.1
SRX9246206,21,1,PRJNA667491,Cystic Fibrosis,True,80,0.0125
SRX9246206,23,1,PRJNA667491,Cystic Fibrosis,True,80,0.0125
SRX9246206,31,10,PRJNA667491,Cystic Fibrosis,True,80,0.125
SRX9246206,43,6,PRJNA667491,Cystic Fibrosis,True,80,0.075
SRX9246206,44,14,PRJNA667491,Cystic Fibrosis,True,80,0.175
SRX9246206,45,39,PRJNA667491,Cystic Fibrosis,True,80,0.4875
SRX9246206,52,1,PRJNA667491,Cystic Fibrosis,True,80,0.0125
SRX9246207,20,3,PRJNA667491,Cystic Fibrosis,True,51,0.058823529411764705
SRX9246207,23,2,PRJNA667491,Cystic Fibrosis,True,51,0.0392156862745098
SRX9246207,31,7,PRJNA667491,Cystic Fibrosis,True,51,0.13725490196078433
SRX9246207,43,3,PRJNA667491,Cystic Fibrosis,True,51,0.058823529411764705
SRX9246207,44,8,PRJNA667491,Cystic Fibrosis,True,51,0.1568627450980392
SRX9246207,45,28,PRJNA667491,Cystic Fibrosis,True,51,0.5490196078431373
SRX9246208,20,5,PRJNA667491,Cystic Fibrosis,True,66,0.07575757575757576
SRX9246208,21,1,PRJNA667491,Cystic Fibrosis,True,66,0.015151515151515152
SRX9246208,23,1,PRJNA667491,Cystic Fibrosis,True,66,0.015151515151515152
SRX9246208,31,8,PRJNA667491,Cystic Fibrosis,True,66,0.12121212121212122
SRX9246208,43,5,PRJNA667491,Cystic Fibrosis,True,66,0.07575757575757576
SRX9246208,44,12,PRJNA667491,Cystic Fibrosis,True,66,0.18181818181818182
SRX9246208,45,34,PRJNA667491,Cystic Fibrosis,True,66,0.5151515151515151
SRX9276291,0,3,PRJNA668609,Interstitial Lung Disease,True,45,0.06666666666666667
SRX9276291,1,2,PRJNA668609,Interstitial Lung Disease,True,45,0.044444444444444446
SRX9276291,13,1,PRJNA668609,Interstitial Lung Disease,True,45,0.022222222222222223
SRX9276291,24,2,PRJNA668609,Interstitial Lung Disease,True,45,0.044444444444444446
SRX9276291,26,10,PRJNA668609,Interstitial Lung Disease,True,45,0.2222222222222222
SRX9276291,34,9,PRJNA668609,Interstitial Lung Disease,True,45,0.2
SRX9276291,5,2,PRJNA668609,Interstitial Lung Disease,True,45,0.044444444444444446
SRX9276291,6,1,PRJNA668609,Interstitial Lung Disease,True,45,0.022222222222222223
SRX9276291,60,1,PRJNA668609,Interstitial Lung Disease,True,45,0.022222222222222223
SRX9276291,8,2,PRJNA668609,Interstitial Lung Disease,True,45,0.044444444444444446
SRX9276291,9,12,PRJNA668609,Interstitial Lung Disease,True,45,0.26666666666666666
SRX9276292,14,19,PRJNA668609,Interstitial Lung Disease,True,40,0.475
SRX9276292,23,1,PRJNA668609,Interstitial Lung Disease,True,40,0.025
SRX9276292,26,1,PRJNA668609,Interstitial Lung Disease,True,40,0.025
SRX9276292,52,1,PRJNA668609,Interstitial Lung Disease,True,40,0.025
SRX9276292,60,17,PRJNA668609,Interstitial Lung Disease,True,40,0.425
SRX9276292,8,1,PRJNA668609,Interstitial Lung Disease,True,40,0.025
SRX9276293,20,12,PRJNA668609,Interstitial Lung Disease,True,51,0.23529411764705882
SRX9276293,21,4,PRJNA668609,Interstitial Lung Disease,True,51,0.0784313725490196
SRX9276293,23,1,PRJNA668609,Interstitial Lung Disease,True,51,0.0196078431372549
SRX9276293,26,5,PRJNA668609,Interstitial Lung Disease,True,51,0.09803921568627451
SRX9276293,31,4,PRJNA668609,Interstitial Lung Disease,True,51,0.0784313725490196
SRX9276293,43,2,PRJNA668609,Interstitial Lung Disease,True,51,0.0392156862745098
SRX9276293,44,9,PRJNA668609,Interstitial Lung Disease,True,51,0.17647058823529413
SRX9276293,45,12,PRJNA668609,Interstitial Lung Disease,True,51,0.23529411764705882
SRX9276293,60,1,PRJNA668609,Interstitial Lung Disease,True,51,0.0196078431372549
SRX9276293,9,1,PRJNA668609,Interstitial Lung Disease,True,51,0.0196078431372549
SRX9276296,14,5,PRJNA668609,Other,False,19,0.2631578947368421
SRX9276296,20,1,PRJNA668609,Other,False,19,0.05263157894736842
SRX9276296,34,1,PRJNA668609,Other,False,19,0.05263157894736842
SRX9276296,38,2,PRJNA668609,Other,False,19,0.10526315789473684
SRX9276296,60,1,PRJNA668609,Other,False,19,0.05263157894736842
SRX9276296,8,9,PRJNA668609,Other,False,19,0.47368421052631576
SRX9276308,36,61,PRJNA668609,IPF / Pulmonary Fibrosis,True,77,0.7922077922077922
SRX9276308,59,15,PRJNA668609,IPF / Pulmonary Fibrosis,True,77,0.19480519480519481
SRX9276308,60,1,PRJNA668609,IPF / Pulmonary Fibrosis,True,77,0.012987012987012988
SRX9276312,20,2,PRJNA668609,Other,False,34,0.058823529411764705
SRX9276312,26,1,PRJNA668609,Other,False,34,0.029411764705882353
SRX9276312,38,2,PRJNA668609,Other,False,34,0.058823529411764705
SRX9276312,45,3,PRJNA668609,Other,False,34,0.08823529411764706
SRX9276312,8,26,PRJNA668609,Other,False,34,0.7647058823529411
SRX9276315,17,1,PRJNA668609,Interstitial Lung Disease,True,87,0.011494252873563218
SRX9276315,20,6,PRJNA668609,Interstitial Lung Disease,True,87,0.06896551724137931
SRX9276315,21,1,PRJNA668609,Interstitial Lung Disease,True,87,0.011494252873563218
SRX9276315,23,1,PRJNA668609,Interstitial Lung Disease,True,87,0.011494252873563218
SRX9276315,24,1,PRJNA668609,Interstitial Lung Disease,True,87,0.011494252873563218
SRX9276315,26,1,PRJNA668609,Interstitial Lung Disease,True,87,0.011494252873563218
SRX9276315,31,27,PRJNA668609,Interstitial Lung Disease,True,87,0.3103448275862069
SRX9276315,36,1,PRJNA668609,Interstitial Lung Disease,True,87,0.011494252873563218
SRX9276315,43,5,PRJNA668609,Interstitial Lung Disease,True,87,0.05747126436781609
SRX9276315,44,24,PRJNA668609,Interstitial Lung Disease,True,87,0.27586206896551724
SRX9276315,45,17,PRJNA668609,Interstitial Lung Disease,True,87,0.19540229885057472
SRX9276315,60,2,PRJNA668609,Interstitial Lung Disease,True,87,0.022988505747126436
SRX9276316,20,2,PRJNA668609,Interstitial Lung Disease,True,37,0.05405405405405406
SRX9276316,21,7,PRJNA668609,Interstitial Lung Disease,True,37,0.1891891891891892
SRX9276316,23,1,PRJNA668609,Interstitial Lung Disease,True,37,0.02702702702702703
SRX9276316,31,9,PRJNA668609,Interstitial Lung Disease,True,37,0.24324324324324326
SRX9276316,45,10,PRJNA668609,Interstitial Lung Disease,True,37,0.2702702702702703
SRX9276316,8,8,PRJNA668609,Interstitial Lung Disease,True,37,0.21621621621621623
SRX9276318,0,4,PRJNA668609,Interstitial Lung Disease,True,73,0.0547945205479452
SRX9276318,36,63,PRJNA668609,Interstitial Lung Disease,True,73,0.863013698630137
SRX9276318,59,4,PRJNA668609,Interstitial Lung Disease,True,73,0.0547945205479452
SRX9276318,60,1,PRJNA668609,Interstitial Lung Disease,True,73,0.0136986301369863
SRX9276318,9,1,PRJNA668609,Interstitial Lung Disease,True,73,0.0136986301369863
SRX9276321,0,3,PRJNA668609,IPF / Pulmonary Fibrosis,True,41,0.07317073170731707
SRX9276321,1,9,PRJNA668609,IPF / Pulmonary Fibrosis,True,41,0.21951219512195122
SRX9276321,13,3,PRJNA668609,IPF / Pulmonary Fibrosis,True,41,0.07317073170731707
SRX9276321,14,1,PRJNA668609,IPF / Pulmonary Fibrosis,True,41,0.024390243902439025
SRX9276321,24,1,PRJNA668609,IPF / Pulmonary Fibrosis,True,41,0.024390243902439025
SRX9276321,26,3,PRJNA668609,IPF / Pulmonary Fibrosis,True,41,0.07317073170731707
SRX9276321,31,1,PRJNA668609,IPF / Pulmonary Fibrosis,True,41,0.024390243902439025
SRX9276321,34,3,PRJNA668609,IPF / Pulmonary Fibrosis,True,41,0.07317073170731707
SRX9276321,4,1,PRJNA668609,IPF / Pulmonary Fibrosis,True,41,0.024390243902439025
SRX9276321,44,3,PRJNA668609,IPF / Pulmonary Fibrosis,True,41,0.07317073170731707
SRX9276321,6,10,PRJNA668609,IPF / Pulmonary Fibrosis,True,41,0.24390243902439024
SRX9276321,9,3,PRJNA668609,IPF / Pulmonary Fibrosis,True,41,0.07317073170731707
SRX9276323,17,1,PRJNA668609,IPF / Pulmonary Fibrosis,True,71,0.014084507042253521
SRX9276323,20,16,PRJNA668609,IPF / Pulmonary Fibrosis,True,71,0.22535211267605634
SRX9276323,21,2,PRJNA668609,IPF / Pulmonary Fibrosis,True,71,0.028169014084507043
SRX9276323,31,2,PRJNA668609,IPF / Pulmonary Fibrosis,True,71,0.028169014084507043
SRX9276323,43,7,PRJNA668609,IPF / Pulmonary Fibrosis,True,71,0.09859154929577464
SRX9276323,44,15,PRJNA668609,IPF / Pulmonary Fibrosis,True,71,0.2112676056338028
SRX9276323,45,25,PRJNA668609,IPF / Pulmonary Fibrosis,True,71,0.352112676056338
SRX9276323,8,2,PRJNA668609,IPF / Pulmonary Fibrosis,True,71,0.028169014084507043
SRX9276323,9,1,PRJNA668609,IPF / Pulmonary Fibrosis,True,71,0.014084507042253521
SRX9276324,0,2,PRJNA668609,IPF / Pulmonary Fibrosis,True,56,0.03571428571428571
SRX9276324,24,2,PRJNA668609,IPF / Pulmonary Fibrosis,True,56,0.03571428571428571
SRX9276324,26,4,PRJNA668609,IPF / Pulmonary Fibrosis,True,56,0.07142857142857142
SRX9276324,36,44,PRJNA668609,IPF / Pulmonary Fibrosis,True,56,0.7857142857142857
SRX9276324,9,4,PRJNA668609,IPF / Pulmonary Fibrosis,True,56,0.07142857142857142
SRX9276325,0,1,PRJNA668609,IPF / Pulmonary Fibrosis,True,41,0.024390243902439025
SRX9276325,1,2,PRJNA668609,IPF / Pulmonary Fibrosis,True,41,0.04878048780487805
SRX9276325,24,5,PRJNA668609,IPF / Pulmonary Fibrosis,True,41,0.12195121951219512
SRX9276325,26,17,PRJNA668609,IPF / Pulmonary Fibrosis,True,41,0.4146341463414634
SRX9276325,34,5,PRJNA668609,IPF / Pulmonary Fibrosis,True,41,0.12195121951219512
SRX9276325,4,1,PRJNA668609,IPF / Pulmonary Fibrosis,True,41,0.024390243902439025
SRX9276325,5,3,PRJNA668609,IPF / Pulmonary Fibrosis,True,41,0.07317073170731707
SRX9276325,6,3,PRJNA668609,IPF / Pulmonary Fibrosis,True,41,0.07317073170731707
SRX9276325,8,1,PRJNA668609,IPF / Pulmonary Fibrosis,True,41,0.024390243902439025
SRX9276325,9,3,PRJNA668609,IPF / Pulmonary Fibrosis,True,41,0.07317073170731707
SRX9276327,0,1,PRJNA668609,Other,False,24,0.041666666666666664
SRX9276327,14,20,PRJNA668609,Other,False,24,0.8333333333333334
SRX9276327,60,1,PRJNA668609,Other,False,24,0.041666666666666664
SRX9276327,9,2,PRJNA668609,Other,False,24,0.08333333333333333
SRX9276331,0,1,PRJNA668609,Other,False,51,0.0196078431372549
SRX9276331,13,1,PRJNA668609,Other,False,51,0.0196078431372549
SRX9276331,14,6,PRJNA668609,Other,False,51,0.11764705882352941
SRX9276331,24,1,PRJNA668609,Other,False,51,0.0196078431372549
SRX9276331,26,3,PRJNA668609,Other,False,51,0.058823529411764705
SRX9276331,34,7,PRJNA668609,Other,False,51,0.13725490196078433
SRX9276331,4,9,PRJNA668609,Other,False,51,0.17647058823529413
SRX9276331,5,1,PRJNA668609,Other,False,51,0.0196078431372549
SRX9276331,6,1,PRJNA668609,Other,False,51,0.0196078431372549
SRX9276331,8,11,PRJNA668609,Other,False,51,0.21568627450980393
SRX9276331,9,10,PRJNA668609,Other,False,51,0.19607843137254902
SRX9276336,1,5,PRJNA668609,IPF / Pulmonary Fibrosis,True,48,0.10416666666666667
SRX9276336,13,4,PRJNA668609,IPF / Pulmonary Fibrosis,True,48,0.08333333333333333
SRX9276336,20,1,PRJNA668609,IPF / Pulmonary Fibrosis,True,48,0.020833333333333332
SRX9276336,24,9,PRJNA668609,IPF / Pulmonary Fibrosis,True,48,0.1875
SRX9276336,26,11,PRJNA668609,IPF / Pulmonary Fibrosis,True,48,0.22916666666666666
SRX9276336,31,2,PRJNA668609,IPF / Pulmonary Fibrosis,True,48,0.041666666666666664
SRX9276336,43,2,PRJNA668609,IPF / Pulmonary Fibrosis,True,48,0.041666666666666664
SRX9276336,44,2,PRJNA668609,IPF / Pulmonary Fibrosis,True,48,0.041666666666666664
SRX9276336,5,2,PRJNA668609,IPF / Pulmonary Fibrosis,True,48,0.041666666666666664
SRX9276336,6,9,PRJNA668609,IPF / Pulmonary Fibrosis,True,48,0.1875
SRX9276336,9,1,PRJNA668609,IPF / Pulmonary Fibrosis,True,48,0.020833333333333332
SRX9461573,17,2,PRJNA675538,Other,False,56,0.03571428571428571
SRX9461573,20,10,PRJNA675538,Other,False,56,0.17857142857142858
SRX9461573,21,9,PRJNA675538,Other,False,56,0.16071428571428573
SRX9461573,23,6,PRJNA675538,Other,False,56,0.10714285714285714
SRX9461573,31,9,PRJNA675538,Other,False,56,0.16071428571428573
SRX9461573,43,3,PRJNA675538,Other,False,56,0.05357142857142857
SRX9461573,44,4,PRJNA675538,Other,False,56,0.07142857142857142
SRX9461573,45,13,PRJNA675538,Other,False,56,0.23214285714285715
SRX9461574,17,7,PRJNA675538,Other,False,143,0.04895104895104895
SRX9461574,20,23,PRJNA675538,Other,False,143,0.16083916083916083
SRX9461574,21,23,PRJNA675538,Other,False,143,0.16083916083916083
SRX9461574,23,14,PRJNA675538,Other,False,143,0.0979020979020979
SRX9461574,31,20,PRJNA675538,Other,False,143,0.13986013986013987
SRX9461574,39,2,PRJNA675538,Other,False,143,0.013986013986013986
SRX9461574,43,15,PRJNA675538,Other,False,143,0.1048951048951049
SRX9461574,44,9,PRJNA675538,Other,False,143,0.06293706293706294
SRX9461574,45,30,PRJNA675538,Other,False,143,0.2097902097902098
SRX9461575,17,5,PRJNA675538,Other,False,43,0.11627906976744186
SRX9461575,20,4,PRJNA675538,Other,False,43,0.09302325581395349
SRX9461575,21,3,PRJNA675538,Other,False,43,0.06976744186046512
SRX9461575,23,3,PRJNA675538,Other,False,43,0.06976744186046512
SRX9461575,31,15,PRJNA675538,Other,False,43,0.3488372093023256
SRX9461575,43,1,PRJNA675538,Other,False,43,0.023255813953488372
SRX9461575,44,3,PRJNA675538,Other,False,43,0.06976744186046512
SRX9461575,45,9,PRJNA675538,Other,False,43,0.20930232558139536
SRX9816696,15,7,PRJNA691041,Other,False,47,0.14893617021276595
SRX9816696,21,3,PRJNA691041,Other,False,47,0.06382978723404255
SRX9816696,31,37,PRJNA691041,Other,False,47,0.7872340425531915
SRX9849883,17,13,PRJNA692173,Other,False,92,0.14130434782608695
SRX9849883,19,1,PRJNA692173,Other,False,92,0.010869565217391304
SRX9849883,21,2,PRJNA692173,Other,False,92,0.021739130434782608
SRX9849883,31,1,PRJNA692173,Other,False,92,0.010869565217391304
SRX9849883,36,54,PRJNA692173,Other,False,92,0.5869565217391305
SRX9849883,52,6,PRJNA692173,Other,False,92,0.06521739130434782
SRX9849883,59,15,PRJNA692173,Other,False,92,0.16304347826086957
SRX9849885,14,14,PRJNA692173,Other,False,40,0.35
SRX9849885,17,10,PRJNA692173,Other,False,40,0.25
SRX9849885,19,1,PRJNA692173,Other,False,40,0.025
SRX9849885,21,6,PRJNA692173,Other,False,40,0.15
SRX9849885,36,8,PRJNA692173,Other,False,40,0.2
SRX9849885,52,1,PRJNA692173,Other,False,40,0.025
SRX9927818,0,21,PRJNA694436,Lung Cancer,True,156,0.1346153846153846
SRX9927818,1,41,PRJNA694436,Lung Cancer,True,156,0.26282051282051283
SRX9927818,13,1,PRJNA694436,Lung Cancer,True,156,0.00641025641025641
SRX9927818,17,1,PRJNA694436,Lung Cancer,True,156,0.00641025641025641
SRX9927818,21,1,PRJNA694436,Lung Cancer,True,156,0.00641025641025641
SRX9927818,24,17,PRJNA694436,Lung Cancer,True,156,0.10897435897435898
SRX9927818,26,22,PRJNA694436,Lung Cancer,True,156,0.14102564102564102
SRX9927818,3,1,PRJNA694436,Lung Cancer,True,156,0.00641025641025641
SRX9927818,34,7,PRJNA694436,Lung Cancer,True,156,0.04487179487179487
SRX9927818,39,2,PRJNA694436,Lung Cancer,True,156,0.01282051282051282
SRX9927818,4,7,PRJNA694436,Lung Cancer,True,156,0.04487179487179487
SRX9927818,5,24,PRJNA694436,Lung Cancer,True,156,0.15384615384615385
SRX9927818,6,4,PRJNA694436,Lung Cancer,True,156,0.02564102564102564
SRX9927818,9,7,PRJNA694436,Lung Cancer,True,156,0.04487179487179487
