srxAccession,studyAccession,diseaseRaw,diseaseOntologyTermId,diseaseName,tissueRaw,tissueOntologyRaw,cellLineRaw,diseaseArea,diseaseAreaSource,diseased,isBiologicalControl,controlType,isExperimentalComparator,eligible,excludeReason
ERX11662338,PRJEB68315,non-small cell lung cancer,MONDO:0005233,,lung,UBERON:0002048,not applicable; the sample is from a patient,Lung Cancer,disease_text,False,True,matchedAdjacent,False,True,
ERX11662359,PRJEB68315,lung squamous cell carcinoma,MONDO:0005097,,lung,UBERON:0002048,unsure,Lung Cancer,disease_text,False,True,matchedAdjacent,False,True,
ERX11662361,PRJEB68315,lung squamous cell carcinoma,MONDO:0005097,,lung,UBERON:0002048,unsure,Lung Cancer,disease_text,False,True,matchedAdjacent,False,True,
ERX11662362,PRJEB68315,lung squamous cell carcinoma,MONDO:0005097,,lung,UBERON:0002048,other,Lung Cancer,disease_text,True,False,,False,True,
ERX11662366,PRJEB68315,lung squamous cell carcinoma,MONDO:0005097,,lung,UBERON:0002048,unsure,Lung Cancer,disease_text,True,False,,False,True,
ERX11662371,PRJEB68315,lung adenocarcinoma,MONDO:0005061,,lung,UBERON:0002048,unsure,Lung Cancer,disease_text,True,False,,False,True,
ERX11662373,PRJEB68315,lung adenocarcinoma,MONDO:0005061,,lung,UBERON:0002048,not_applicable,Lung Cancer,disease_text,False,True,matchedAdjacent,False,True,
ERX11662375,PRJEB68315,lung adenocarcinoma,MONDO:0005061,,lung,UBERON:0002048,not_applicable,Lung Cancer,disease_text,True,False,,False,True,
ERX11662377,PRJEB68315,non-small cell lung cancer,MONDO:0005233,,lung,UBERON:0002048,not specified,Lung Cancer,disease_text,True,False,,False,True,
ERX11662378,PRJEB68315,lung adenocarcinoma,MONDO:0005061,,lung,UBERON:0002048,not_applicable,Lung Cancer,disease_text,False,True,matchedAdjacent,False,True,
ERX11662382,PRJEB68315,lung adenocarcinoma,MONDO:0005061,,lung,UBERON:0002048,not_applicable,Lung Cancer,disease_text,False,True,matchedAdjacent,False,True,
ERX11662384,PRJEB68315,lung adenocarcinoma,MONDO:0005061,,lung,UBERON:0002048,unsure,Lung Cancer,disease_text,False,True,matchedAdjacent,False,True,
ERX11876748,PRJEB71931,non-small cell lung adenocarcinoma,MONDO:0005233,,lung tumor central margin,UBERON:0002048,"fibroblast, endothelial cell",Lung Cancer,disease_text,True,False,,False,True,
ERX11876750,PRJEB71931,non-small cell squamous lung carcinoma,MONDO:0056806,,lung tumor central margin,UBERON:0002048,"fibroblast, endothelial cell",Lung Cancer,disease_text,True,False,,False,True,
ERX11876751,PRJEB71931,non-small cell squamous lung carcinoma,MONDO:0056806,,lung tumor central margin,UBERON:0002048,"fibroblast, endothelial cell",Lung Cancer,disease_text,True,False,,False,True,
ERX11876752,PRJEB71931,non-small cell squamous lung carcinoma,MONDO:0056806,,lung tumor subpleural margin (primary fibroblasts and endothelial cells),UBERON:0002401,none; primary cells,Lung Cancer,disease_text,True,False,,False,True,
ERX11876753,PRJEB71931,non-small cell squamous lung carcinoma,MONDO:0056806,,lung tumor subpleural margin,UBERON:0002401,"fibroblast, endothelial cell",Lung Cancer,disease_text,True,False,,False,True,
ERX11876754,PRJEB71931,non-small cell lung adenocarcinoma,MONDO:0005233,,lung tumor subpleural margin,UBERON:0002401,"fibroblast, endothelial cell",Lung Cancer,disease_text,True,False,,False,True,
ERX11876755,PRJEB71931,non-small cell lung adenocarcinoma,MONDO:0005233,,lung,UBERON:0002048,"fibroblast, endothelial cell",Lung Cancer,disease_text,False,True,healthy,False,True,
ERX11876756,PRJEB71931,non-small cell lung adenocarcinoma,MONDO:0005233,,lung tumor central margin,,"fibroblast, endothelial cell",Lung Cancer,disease_text,True,False,,False,True,
ERX11876757,PRJEB71931,non-small cell lung adenocarcinoma,MONDO:0005233,,lung tumor central margin,UBERON:0002048,"fibroblast, endothelial cell",Lung Cancer,disease_text,True,False,,False,True,
ERX11876758,PRJEB71931,non-small cell lung adenocarcinoma,MONDO:0005233,,lung tumor subpleural margin,UBERON:0008946,unsure,Lung Cancer,disease_text,True,False,,False,True,
ERX11876759,PRJEB71931,non-small cell lung adenocarcinoma,MONDO:0005233,,lung tumor central margin,,"fibroblast, endothelial cell",Lung Cancer,disease_text,True,False,,False,True,
ERX11876760,PRJEB71931,non-small cell lung adenocarcinoma,MONDO:0005233,,lung,UBERON:0002048,not specified,Lung Cancer,disease_text,False,True,healthy,False,True,
ERX11876763,PRJEB71931,non-small cell squamous lung carcinoma,MONDO:0056806,,lung tumor central margin,UBERON:0002048,lymphocyte,Lung Cancer,disease_text,True,False,,False,True,
ERX11876764,PRJEB71931,non-small cell squamous lung carcinoma,MONDO:0056806,,lung tumor subpleural margin,UBERON:0002401,lymphocyte (sample from a patient),Lung Cancer,disease_text,True,False,,False,True,
ERX11876765,PRJEB71931,non-small cell squamous lung carcinoma,MONDO:0056806,,lung tumor central margin,UBERON:0002048,lymphocyte,Lung Cancer,disease_text,True,False,,False,True,
ERX11876766,PRJEB71931,non-small cell squamous lung carcinoma,MONDO:0056806,,lung tumor central margin,,lymphocyte,Lung Cancer,disease_text,True,False,,False,True,
ERX11876767,PRJEB71931,non-small cell squamous lung carcinoma,MONDO:0056806,,lung tumor subpleural margin,UBERON:0008946,lymphocyte,Lung Cancer,disease_text,True,False,,False,True,
ERX11876768,PRJEB71931,non-small cell lung adenocarcinoma,MONDO:0005233,,lung tumor subpleural margin,UBERON:0002401,other,Lung Cancer,disease_text,True,False,,False,True,
ERX11876769,PRJEB71931,non-small cell lung adenocarcinoma,MONDO:0005233,,lung tumor subpleural margin,,"fibroblast, endothelial cell",Lung Cancer,disease_text,True,False,,False,True,
ERX11876770,PRJEB71931,non-small cell lung adenocarcinoma,MONDO:0005233,,lung,UBERON:0002048,unsure,Lung Cancer,disease_text,False,True,healthy,False,True,
ERX11876771,PRJEB71931,non-small cell squamous lung carcinoma,MONDO:0056806,,lung tumor central margin,UBERON:0002048,"fibroblast, endothelial cell",Lung Cancer,disease_text,True,False,,False,True,
ERX11876772,PRJEB71931,non-small cell squamous lung carcinoma,MONDO:0056806,,lung tumor subpleural margin,UBERON:0008946,"fibroblast, endothelial cell",Lung Cancer,disease_text,True,False,,False,True,
ERX4409913,PRJEB39956,lung adenocarcinoma,MONDO:0005061,,lung,UBERON:0002048,PC-9,Lung Cancer,disease_text,True,False,,False,False,excluded_sample_type
ERX4409915,PRJEB39956,lung adenocarcinoma,MONDO:0005061,,lung,UBERON:0002048,PC-9,Lung Cancer,disease_text,True,False,,False,False,excluded_sample_type
ERX8831396,PRJEB51720,squamous cell lung carcinoma,MONDO:0005097,,lung,UBERON:0002048,HARA,Lung Cancer,disease_text,True,False,,False,True,
SRX10008476,PRJNA699012,idiopathic pulmonary fibrosis (IPF),MONDO:0800504,,lung (CD90+ cells from lung explant),UBERON:0002048,none; primary cells,IPF / Pulmonary Fibrosis,disease_text,True,False,,False,False,excluded_sample_type
SRX10048373,PRJNA669824,"COVID-19, idiopathic pulmonary fibrosis (IPF)",MONDO:0100096,,"lung (pulmonary vasculature, autopsy)",UBERON:0000102,none,IPF / Pulmonary Fibrosis,disease_text,True,False,,False,True,
SRX10048375,PRJNA669824,idiopathic pulmonary fibrosis (IPF),MONDO:0800504,,lung,UBERON:0002048,none,IPF / Pulmonary Fibrosis,disease_text,True,False,,False,True,
SRX10048376,PRJNA669824,idiopathic pulmonary fibrosis (IPF),MONDO:0800504,,lung,UBERON:0002048,not_applicable,IPF / Pulmonary Fibrosis,disease_text,True,False,,False,True,
SRX10048377,PRJNA669824,healthy control (study includes COVID-19 and idiopathic pulmonary fibrosis),,,"lung (vascular fraction, autopsy)",UBERON:0000102,none,IPF / Pulmonary Fibrosis,disease_text,,False,,False,True,
SRX10048379,PRJNA669824,idiopathic pulmonary fibrosis (IPF),MONDO:0800504,,lung (autopsy),UBERON:0002048,none,IPF / Pulmonary Fibrosis,disease_text,True,False,,False,True,
SRX10048380,PRJNA669824,idiopathic pulmonary fibrosis (IPF),MONDO:0800504,,lung (explant),UBERON:0002048,not_applicable,IPF / Pulmonary Fibrosis,disease_text,True,False,,False,False,excluded_sample_type
SRX10048381,PRJNA669824,control (non-COVID),,,lung (autopsy),UBERON:0002048,not applicable,COVID-19 / SARS-CoV-2,disease_text,,False,,False,True,
SRX10048384,PRJNA669824,control (non-COVID-19),,,lung,UBERON:0002048,none,COVID-19 / SARS-CoV-2,disease_text,,False,,False,True,
SRX10048385,PRJNA669824,idiopathic pulmonary fibrosis (IPF),MONDO:0800504,,lung,UBERON:0002048,none,IPF / Pulmonary Fibrosis,disease_text,True,False,,False,True,
SRX10048388,PRJNA669824,non-COVID control,,,lung (autopsy),UBERON:0002048,none,COVID-19 / SARS-CoV-2,disease_text,,False,,False,True,
SRX10048389,PRJNA669824,COVID-19,MONDO:0100096,,lung,UBERON:0002048,not_applicable,COVID-19 / SARS-CoV-2,disease_text,True,False,,False,True,
SRX10048390,PRJNA669824,"non-COVID control (study includes COVID-19, IPF, and healthy controls)",,,lung,UBERON:0002048,none,IPF / Pulmonary Fibrosis,disease_text,,False,,False,True,
SRX10048391,PRJNA669824,COVID-19,MONDO:0100096,,lung,UBERON:0002048,not_applicable,COVID-19 / SARS-CoV-2,disease_text,True,False,,False,True,
SRX10048393,PRJNA669824,COVID-19 (lethal cases),MONDO:0100096,,lung (autopsy),UBERON:0002048,not applicable,COVID-19 / SARS-CoV-2,disease_text,True,False,,False,True,
SRX10048395,PRJNA669824,COVID-19 (lethal cases),MONDO:0100096,,"lung (autopsy, endothelial-enriched pulmonary vasculature and non-vascular cells)",UBERON:0002048,not_applicable,COVID-19 / SARS-CoV-2,disease_text,True,False,,False,True,
SRX10048396,PRJNA669824,COVID-19,MONDO:0100096,,lung (autopsy),UBERON:0002048,not applicable,COVID-19 / SARS-CoV-2,disease_text,True,False,,False,True,
SRX10048397,PRJNA669824,"COVID-19, ARDS, lethal infection",MONDO:0100096,,lung,UBERON:0002048,none reported,COVID-19 / SARS-CoV-2,disease_text,True,False,,False,True,
SRX10075291,PRJNA701396,none (control),,,airway epithelium (3D human airway epithelial cultures),UBERON:0004802,basal-like human airway progenitor cells,Other,missing_ontology,False,True,healthy,False,True,
SRX10100445,PRJNA701930,none (mock infection),,,bronchial epithelial cells,UBERON:0002031,primary human bronchial epithelial cells,COVID-19 / SARS-CoV-2,study_consensus,False,True,healthy,False,True,
SRX10100446,PRJNA701930,SARS-CoV-2 infection,MONDO:0100096,,bronchial epithelial cells,UBERON:0002031,none,COVID-19 / SARS-CoV-2,disease_text,True,False,,False,True,
SRX10100447,PRJNA701930,SARS-CoV-2 infection,MONDO:0100096,,primary human bronchial epithelial cells,UBERON:0002031,differentiated primary human bronchial epithelial cells,COVID-19 / SARS-CoV-2,disease_text,True,False,,False,True,
SRX10100448,PRJNA701930,SARS-CoV-2 infection,MONDO:0100096,,bronchial epithelial cells (airway epithelium),UBERON:0002031,primary human bronchial epithelial cells,COVID-19 / SARS-CoV-2,disease_text,True,False,,False,True,
SRX10152685,PRJNA704098,chronic obstructive pulmonary disease (COPD),MONDO:0005002,,lung (peripheral lung parenchyma),UBERON:0008946,none,COPD,disease_text,True,False,,False,True,
SRX10327362,PRJNA713903,measles virus infection (MeV-exposed),MONDO:0004619,,lung (primary basal airway epithelial cells),UBERON:0002031,none (primary cells),Other,missing_ontology,,False,,False,False,unmapped_disease
SRX10327363,PRJNA713903,none (mock control),,,primary human airway epithelial cells (lung),UBERON:0002031,primary basal cells from human airway epithelia,Other,missing_ontology,False,True,healthy,False,True,
SRX10327364,PRJNA713903,Measles virus infection (MeV exposure),MONDO:0004619,,lung airway epithelial cells (primary basal cells),UBERON:0004802,primary human airway basal cells,Other,missing_ontology,,False,,False,False,unmapped_disease
SRX10327365,PRJNA713903,Measles virus infection,MONDO:0004619,,airway epithelial cells,UBERON:0004802,primary human airway epithelial cultures,Other,missing_ontology,,False,,False,False,unmapped_disease
SRX10327366,PRJNA713903,not specified,,,lung (primary basal cells),UBERON:0000115,primary basal cells,Other,missing_ontology,,False,,False,False,unmapped_disease
SRX10327367,PRJNA713903,none specified; measles virus infection experiment,,,lung,UBERON:0002048,none reported,Other,missing_ontology,False,True,healthy,False,True,
SRX10327368,PRJNA713903,Measles virus infection,MONDO:0004619,,airway epithelial basal cells (lung),UBERON:0002031,primary human basal cells,Other,missing_ontology,,False,,False,False,unmapped_disease
SRX10327369,PRJNA713903,none (mock-exposed control),,,lung (primary basal cells),UBERON:0000115,primary basal cells (not an established cell line),Other,missing_ontology,False,True,healthy,False,True,
SRX10335835,PRJNA714138,lung cancer,MONDO:0008903,,lung,UBERON:0002048,none,Lung Cancer,disease_text,True,False,,False,True,
SRX10425169,PRJNA716656,idiopathic pulmonary arterial hypertension (IPAH),MONDO:0001999,,lung explant,UBERON:0002048,none reported,Pulmonary Hypertension,disease_text,True,False,,False,False,excluded_sample_type
SRX10425170,PRJNA716656,idiopathic pulmonary arterial hypertension (IPAH),MONDO:0001999,,lung,UBERON:0002048,not applicable,Pulmonary Hypertension,disease_text,True,False,,False,True,
SRX10606547,PRJNA722248,malignant pleural mesothelioma,MONDO:0005065,,pleural mesothelioma tumor,UBERON:0003390,none,Other,missing_ontology,,False,,False,False,unmapped_disease
SRX10697703,PRJNA725827,breast carcinoma (ER+); MCF7-V cell line,MONDO:0004989,,MCF7-V breast carcinoma cell line (pleural effusion metastasis),UBERON:0001087,MCF7-V,Other,missing_ontology,,False,,False,False,excluded_sample_type
SRX10697704,PRJNA725827,breast carcinoma (metastatic),MONDO:0004989,,breast carcinoma cells from metastatic pleural effusion,UBERON:0000175,MCF7-V,Other,missing_ontology,,False,,False,False,unmapped_disease
SRX10957183,PRJNA731910,lung adenocarcinoma,MONDO:0005061,,lung adenocarcinoma cell line (PC9),UBERON:0004821,PC9,Lung Cancer,disease_text,True,False,,False,False,excluded_sample_type
SRX10984879,PRJNA732700,none reported,,,fetal lung fibroblast,UBERON:0004883,"WI-38, hTERT-immortalized WI-38",Other,missing_ontology,False,True,healthy,False,False,excluded_sample_type
SRX10984881,PRJNA732700,none specified,,,fetal lung fibroblast (WI-38),UBERON:0002048,WI-38,Other,missing_ontology,False,True,healthy,False,False,excluded_sample_type
SRX10984882,PRJNA732700,no disease; replicative senescence model,,,lung fibroblast (WI-38 cell line),UBERON:0002048,WI-38,Other,missing_ontology,False,True,healthy,False,False,excluded_sample_type
SRX10984883,PRJNA732700,replicative senescence,MONDO:0019303,,WI-38 fetal lung fibroblasts,UBERON:0002048,WI-38,Other,missing_ontology,,False,,False,False,excluded_sample_type
SRX10984884,PRJNA732700,replicative senescence,MONDO:0019303,,fetal lung fibroblast,UBERON:0004883,WI-38,Other,missing_ontology,,False,,False,False,excluded_sample_type
SRX10984886,PRJNA732700,,,,fetal lung fibroblast,UBERON:0002048,WI-38,Other,missing_ontology,,False,,False,False,excluded_sample_type
SRX10984887,PRJNA732700,none (modeling replicative senescence),,,fetal lung fibroblast,UBERON:0000114,WI-38,Other,missing_ontology,False,True,healthy,False,False,excluded_sample_type
SRX10984888,PRJNA732700,replicative senescence (cellular aging),MONDO:0019303,,fetal lung fibroblast,UBERON:0002048,WI-38,Other,missing_ontology,,False,,False,False,excluded_sample_type
SRX10984889,PRJNA732700,none (replicative senescence model),,,lung fibroblast (WI-38 cell line),UBERON:0002048,"WI-38, WI-38 hTERT",Other,missing_ontology,False,True,healthy,False,False,excluded_sample_type
SRX10984890,PRJNA732700,none (replicative senescence model),,,lung fibroblast (WI-38 cell line),UBERON:0000114,WI-38,Other,missing_ontology,False,True,healthy,False,False,excluded_sample_type
SRX10984891,PRJNA732700,"none (normal fibroblasts, replicative senescence model)",,,WI-38 fetal lung fibroblast cell culture,UBERON:0000114,WI-38,Other,missing_ontology,False,True,healthy,False,False,excluded_sample_type
SRX10984892,PRJNA732700,none (normal cell line),,,lung fibroblast (WI-38 cell line),UBERON:0000114,WI-38,Other,missing_ontology,False,True,healthy,False,False,excluded_sample_type
SRX10984893,PRJNA732700,replicative senescence,MONDO:0019303,,fetal lung fibroblast (WI-38 cell line),UBERON:0004883,WI-38,Other,missing_ontology,,False,,False,False,excluded_sample_type
SRX11071611,PRJNA735258,COVID-19 (post-acute lung sequelae),MONDO:0100096,,"PBMC (peripheral blood mononuclear cells), BAL (bronchoalveolar lavage)",UBERON:0035963,none,COVID-19 / SARS-CoV-2,disease_text,True,False,,False,False,non_lung
SRX11071612,PRJNA735258,COVID-19 (post-acute lung sequelae),MONDO:0100096,,"peripheral blood mononuclear cells (PBMC), bronchoalveolar lavage (BAL)",UBERON:0000178,not_applicable,COVID-19 / SARS-CoV-2,disease_text,True,False,,False,False,non_lung
SRX11071613,PRJNA735258,COVID-19 (convalescent),MONDO:0100096,,PBMC and bronchoalveolar lavage (BAL) CD3+ T cells,"UBERON:0000178,UBERON:0002048",not_applicable,COVID-19 / SARS-CoV-2,disease_text,True,False,,False,False,non_lung
SRX11071614,PRJNA735258,COVID-19 convalescent lung sequelae,MONDO:0100320,,"PBMC, bronchoalveolar lavage (BAL)",UBERON:0000178,none,COVID-19 / SARS-CoV-2,disease_text,True,False,,False,False,non_lung
SRX11071615,PRJNA735258,Post-acute COVID-19 lung sequelae (convalescent donor),MONDO:0100320,,"Peripheral blood mononuclear cells (PBMC), bronchoalveolar lavage (BAL) T cells",UBERON:0035963,not applicable,COVID-19 / SARS-CoV-2,disease_text,True,False,,False,False,non_lung
SRX11071616,PRJNA735258,COVID-19 convalescent,MONDO:0100320,,"Peripheral blood mononuclear cells (PBMC), bronchoalveolar lavage (BAL)",UBERON:0000178,none,COVID-19 / SARS-CoV-2,disease_text,True,False,,False,False,non_lung
SRX11071617,PRJNA735258,post-acute COVID-19 lung sequelae,MONDO:0100320,,"PBMC, bronchoalveolar lavage (BAL)","UBERON:0000178,UBERON:0002048",none,COVID-19 / SARS-CoV-2,disease_text,True,False,,False,False,non_lung
SRX11071624,PRJNA735258,none (healthy donor),,,"peripheral blood mononuclear cells (PBMC), bronchoalveolar lavage (BAL)",UBERON:8850000,none,COVID-19 / SARS-CoV-2,study_consensus,False,True,healthy,False,False,non_lung
SRX11143423,PRJNA634136,lung cancer,MONDO:0008903,,lung,UBERON:0002048,PC9,Lung Cancer,disease_text,True,False,,False,False,excluded_sample_type
SRX11143424,PRJNA634136,"lung adenocarcinoma (PC9), melanoma (COLO829)",MONDO:0005061,,"lung (PC9), skin (COLO829)","UBERON:0002048,UBERON:0002097","PC9, COLO829",Lung Cancer,disease_text,True,False,,False,False,excluded_sample_type
SRX11143425,PRJNA634136,cancer (cell lines derived from tumors),MONDO:0004992,,"skin, large intestine, lung (cell lines: A375, COLO829, MMACSF, HT29, PC9)","UBERON:0002097,UBERON:0000059,UBERON:0002048","A375, COLO829, MMACSF, HT29, PC9",Lung Cancer,study_consensus,,False,,False,False,excluded_sample_type
SRX11143427,PRJNA634136,lung cancer (adenocarcinoma),MONDO:0005061,,PC9 lung cancer cell line (cultured cells),,PC9,Lung Cancer,disease_text,True,False,,False,False,excluded_sample_type
SRX11143428,PRJNA634136,lung adenocarcinoma,MONDO:0005061,,lung,UBERON:0002048,PC9_LUNG,Lung Cancer,disease_text,True,False,,False,True,
SRX11143429,PRJNA634136,lung cancer,MONDO:0008903,,"lung (PC9 cell line, lung adenocarcinoma)",UBERON:0002048,PC9,Lung Cancer,disease_text,True,False,,False,False,excluded_sample_type
SRX11143430,PRJNA634136,"cancer (melanoma, breast cancer, lung cancer, colorectal cancer)","MONDO:0004992,MONDO:0005105,MONDO:0007254,MONDO:0008903,MONDO:0005575",,"skin, breast, lung, large intestine (cancer cell lines: A375, BT474, COLO829, EFM192A, HCC827, HT29, MMACSF, PC9)","UBERON:0002097,UBERON:0000310,UBERON:0002048,UBERON:0000059","A375, BT474, COLO829, EFM192A, HCC827, HT29, MMACSF, PC9",Lung Cancer,disease_text,True,False,,False,False,excluded_sample_type
SRX11185436,PRJNA739470,none/normal,,,lung (organoid-derived),UBERON:0002048,none,Other,missing_ontology,False,True,healthy,False,False,excluded_sample_type
SRX11185438,PRJNA739470,none,,,distal lung organoid,UBERON:0002299,lung organoid,Other,missing_ontology,False,True,healthy,False,False,excluded_sample_type
SRX11438983,PRJNA746455,naive (non-infected),,,fetal lung xenograft,UBERON:0002048,none specified,COVID-19 / SARS-CoV-2,study_consensus,,False,,True,True,
SRX11438984,PRJNA746455,SARS-CoV-2 infection,MONDO:0100096,,fetal lung xenograft (implanted in NRG-Flk2–/– HNFL mice),UBERON:0002048,none,COVID-19 / SARS-CoV-2,disease_text,True,False,,True,True,
SRX11438985,PRJNA746455,"none (SARS-CoV-2 infection experiment, not a disease model)",,,fetal lung xenograft,UBERON:0002048,none,COVID-19 / SARS-CoV-2,disease_text,,False,,True,True,
SRX11438986,PRJNA746455,none (naive control),,,fetal lung xenograft,UBERON:0002048,none,COVID-19 / SARS-CoV-2,study_consensus,False,True,healthy,True,True,
SRX11438987,PRJNA746455,SARS-CoV-2 infection,MONDO:0100096,,fetal lung xenograft,UBERON:0002048,none,COVID-19 / SARS-CoV-2,disease_text,True,False,,False,True,
SRX11438988,PRJNA746455,"none (naive, non-infected)",,,fetal lung xenograft,UBERON:0002048,none,COVID-19 / SARS-CoV-2,study_consensus,False,True,healthy,True,True,
SRX11438989,PRJNA746455,SARS-CoV-2 infection,MONDO:0100096,,fetal lung xenograft,UBERON:0002048,none,COVID-19 / SARS-CoV-2,disease_text,True,False,,False,True,
SRX11438990,PRJNA746455,SARS-CoV-2 infection,MONDO:0100096,,fetal lung xenograft,UBERON:0002048,none,COVID-19 / SARS-CoV-2,disease_text,True,False,,False,True,
SRX11438991,PRJNA746455,SARS-CoV-2 infection,MONDO:0100096,,fetal lung xenograft,UBERON:0002048,none,COVID-19 / SARS-CoV-2,disease_text,True,False,,False,True,
SRX11438992,PRJNA746455,SARS-CoV-2 infection,MONDO:0100096,,fetal lung xenograft (dissociated into single-cell suspension),UBERON:0002048,CD34+ human hematopoietic stem cells engrafted in NRG Flk2-/- mouse,COVID-19 / SARS-CoV-2,disease_text,True,False,,False,True,
SRX11438994,PRJNA746455,SARS-CoV-2 infection (WA isolate),MONDO:0100096,,fetal lung xenograft (human fetal lung tissue engrafted in mouse),UBERON:0002048,CD34+ human hematopoietic stem cells,COVID-19 / SARS-CoV-2,disease_text,True,False,,True,True,
SRX11515819,PRJNA748731,COVID-19 (critically ill ICU patients),MONDO:0100096,,"peripheral blood mononuclear cells (PBMCs), endotracheal aspirate (ETA)",UBERON:0003126,none,COVID-19 / SARS-CoV-2,disease_text,True,False,,False,False,non_lung
SRX11515843,PRJNA748731,"COVID-19, ARDS, critically ill",MONDO:0100096,,"Peripheral blood mononuclear cells (PBMCs), endotracheal aspirate (airway) cells","UBERON:0000178,UBERON:0001901",none,COVID-19 / SARS-CoV-2,disease_text,True,False,,False,False,non_lung
SRX11515848,PRJNA748731,"COVID-19, ARDS (acute respiratory distress syndrome)",MONDO:0100096,,"Peripheral blood mononuclear cells (PBMCs), endotracheal aspirate",,,COVID-19 / SARS-CoV-2,disease_text,True,False,,False,False,non_lung
SRX11515850,PRJNA748731,"COVID-19, ARDS, healthy control",MONDO:0100096,,"Peripheral blood mononuclear cells (PBMCs), endotracheal aspirates","UBERON:0000178,UBERON:0001155",none,COVID-19 / SARS-CoV-2,disease_text,True,False,,False,False,non_lung
SRX11515851,PRJNA748731,"COVID-19, ARDS, healthy control",MONDO:0100096,,"Peripheral blood mononuclear cells (PBMCs), endotracheal aspirates",UBERON:0016553,none,COVID-19 / SARS-CoV-2,disease_text,True,False,,False,False,non_lung
SRX11515852,PRJNA748731,"COVID-19, ARDS (acute respiratory distress syndrome)",MONDO:0100096,,"Peripheral blood mononuclear cells (PBMCs), endotracheal aspirate (airway)",UBERON:0003126,,COVID-19 / SARS-CoV-2,disease_text,True,False,,False,False,non_lung
SRX11515857,PRJNA748731,COVID-19,MONDO:0100096,,"Peripheral blood mononuclear cells (PBMCs), endotracheal aspirate",UBERON:0006538,none,COVID-19 / SARS-CoV-2,disease_text,True,False,,False,False,non_lung
SRX11515863,PRJNA748731,"COVID-19, non-COVID ARDS, healthy",MONDO:0100096,,"Peripheral blood mononuclear cells (PBMCs), endotracheal aspirate cells","UBERON:0000178,UBERON:0001004",none,COVID-19 / SARS-CoV-2,disease_text,True,False,,False,False,non_lung
SRX11515866,PRJNA748731,COVID-19,MONDO:0100096,,"peripheral blood mononuclear cells (PBMC), endotracheal aspirate (ETA)","UBERON:0000178,UBERON:0006538",none,COVID-19 / SARS-CoV-2,disease_text,True,False,,False,False,non_lung
SRX11515871,PRJNA748731,COVID-19,MONDO:0100096,,"Peripheral blood mononuclear cells (PBMCs), endotracheal aspirate","UBERON:0000178,UBERON:0006833",none,COVID-19 / SARS-CoV-2,disease_text,True,False,,False,False,non_lung
SRX11515875,PRJNA748731,"COVID-19, ARDS, healthy control",MONDO:0100096,,"Peripheral blood mononuclear cells (PBMCs), endotracheal aspirates",UBERON:0006833,none,COVID-19 / SARS-CoV-2,disease_text,True,False,,False,False,non_lung
SRX11515876,PRJNA748731,"COVID-19, ARDS",MONDO:0100096,,"Peripheral blood mononuclear cells (PBMCs), endotracheal aspirates",UBERON:0006833,not_applicable,COVID-19 / SARS-CoV-2,disease_text,True,False,,False,False,non_lung
SRX11515879,PRJNA748731,"COVID-19, ARDS (acute respiratory distress syndrome)",MONDO:0100096,,"Peripheral blood mononuclear cells (PBMCs), endotracheal aspirate cells",UBERON:0002174,None,COVID-19 / SARS-CoV-2,disease_text,True,False,,False,False,non_lung
SRX11987892,PRJNA759630,non-small cell lung cancer (NSCLC),MONDO:0005233,,"lung tumor stroma (primary sorted stromal cells, CD45–/EpCAM–, CD29+/PDPN+)",UBERON:0004539,none,Lung Cancer,disease_text,True,False,,False,True,
SRX11987893,PRJNA759630,adjacent non-tumor (control for NSCLC); donor not diseased,MONDO:0005233,,"lung (adjacent non-tumor), sorted stromal cells (CD29+, PDPN+, CD45–, EpCAM–)","UBERON:0002048,UBERON:0003891",not applicable,Lung Cancer,disease_text,False,True,matchedAdjacent,False,True,
SRX11987894,PRJNA759630,non-small cell lung carcinoma (NSCLC),MONDO:0005233,,"lung tumor stroma (NSCLC, FACS-sorted CD29+, PDPN+ cells)",UBERON:0000114,not_applicable,Lung Cancer,disease_text,True,False,,False,True,
SRX11987895,PRJNA759630,non-small cell lung cancer (adjacent normal),MONDO:0005233,,lung (adjacent normal tissue),UBERON:0002048,not_applicable,Lung Cancer,disease_text,False,True,matchedAdjacent,False,True,
SRX11987896,PRJNA759630,non-small cell lung carcinoma (NSCLC),MONDO:0005233,,lung tumor (sorted stromal cells),UBERON:0000114,none,Lung Cancer,disease_text,True,False,,False,True,
SRX11987897,PRJNA759630,none (adjacent normal from NSCLC patients),,,lung stroma (adjacent normal tissue),UBERON:0000114,none,Lung Cancer,disease_text,False,True,matchedAdjacent,False,True,
SRX11987898,PRJNA759630,non-small cell lung cancer (NSCLC),MONDO:0005233,,"lung tumor, adjacent normal lung, stromal cells","UBERON:0002048,UBERON:0008946",none,Lung Cancer,disease_text,True,False,,False,True,
SRX11987899,PRJNA759630,none (normal adjacent tissue from NSCLC patients),,,"lung (adjacent non-tumor tissue), stromal cells","UBERON:0002048,UBERON:0003891",not applicable (primary cells),Lung Cancer,disease_text,False,True,matchedAdjacent,False,True,
SRX11987900,PRJNA759630,non-small cell lung carcinoma (NSCLC),MONDO:0005233,,lung tumor stroma,UBERON:0000114,not applicable,Lung Cancer,disease_text,True,False,,False,True,
SRX11987901,PRJNA759630,none (normal tissue),,,lung (adjacent normal tissue),UBERON:0002048,none,Lung Cancer,study_consensus,False,True,matchedAdjacent,False,True,
SRX11987902,PRJNA759630,non-small cell lung carcinoma (NSCLC),MONDO:0005233,,"lung tumor (non-small cell lung carcinoma), stromal cells (CD45–, EpCAM–, CD29+, PDPN+)","UBERON:0002048,UBERON:0003891",none,Lung Cancer,disease_text,True,False,,False,True,
SRX11987903,PRJNA759630,non-small cell lung cancer (NSCLC),MONDO:0005233,,lung tumor stroma (NSCLC),UBERON:0000114,none,Lung Cancer,disease_text,True,False,,False,True,
SRX11987904,PRJNA759630,non-small-cell lung carcinoma (NSCLC),MONDO:0005233,,"lung tumor (non-small-cell lung carcinoma, patient 12)",UBERON:0000115,none,Lung Cancer,disease_text,True,False,,False,True,
SRX11987905,PRJNA759630,non-small cell lung cancer (NSCLC),MONDO:0005233,,stromal cells from lung tumor and adjacent normal lung tissue,"UBERON:0000114,UBERON:0002048",not applicable,Lung Cancer,disease_text,False,True,matchedAdjacent,False,True,
SRX11987906,PRJNA759630,non-small cell lung cancer (NSCLC),MONDO:0005233,,lung (NSCLC tumor stroma),UBERON:0000114,none,Lung Cancer,disease_text,True,False,,False,True,
SRX11987907,PRJNA759630,none (adjacent to NSCLC tumor),,,adjacent (non-tumor) lung tissue,UBERON:0008946,none,Lung Cancer,disease_text,False,True,matchedAdjacent,False,True,
SRX11987908,PRJNA759630,non-small cell lung carcinoma (NSCLC),MONDO:0005233,,lung tumor (sorted stromal cells from NSCLC),UBERON:0000114,not_applicable,Lung Cancer,disease_text,True,False,,False,True,
SRX11987909,PRJNA759630,non-small cell lung cancer (NSCLC),MONDO:0005233,,"lung tumor stroma (CD45-, EpCAM-, CD29+, PDPN+)",UBERON:0000114,none,Lung Cancer,disease_text,True,False,,False,True,
SRX11987910,PRJNA759630,none (adjacent normal tissue from NSCLC patient),,,lung (adjacent normal tissue),UBERON:0002048,none; primary stromal cells,Lung Cancer,disease_text,False,True,matchedAdjacent,False,True,
SRX11987911,PRJNA759630,none (healthy adjacent tissue),,,"lung (adjacent, non-tumor)",UBERON:0002048,none (primary FACS-sorted stromal cells),Lung Cancer,study_consensus,False,True,matchedAdjacent,False,True,
SRX11987912,PRJNA759630,non-small cell lung cancer,MONDO:0005233,,lung tumor stroma (non-small cell lung cancer),UBERON:0000114,none,Lung Cancer,disease_text,True,False,,False,True,
SRX11987915,PRJNA759630,Non-small cell lung cancer (NSCLC),MONDO:0005233,,Stromal cells from non-small cell lung cancer (NSCLC) tumor,UBERON:0003891,not applicable,Lung Cancer,disease_text,True,False,,False,True,
SRX11987916,PRJNA759630,none (adjacent normal tissue from NSCLC patient),,,"lung (adjacent normal, stromal cells)",UBERON:0000114,none,Lung Cancer,disease_text,False,True,matchedAdjacent,False,True,
SRX11987918,PRJNA759630,none (adjacent normal tissue from NSCLC patients),,,lung (adjacent non-tumor tissue) stromal cells,UBERON:0000114,none,Lung Cancer,disease_text,False,True,matchedAdjacent,False,True,
SRX12150516,PRJNA762558,COPD (chronic obstructive pulmonary disease),MONDO:0005002,,bronchoalveolar lavage fluid (BALF) cells,UBERON:0035963,not applicable,COPD,disease_text,True,False,,False,True,
SRX12150517,PRJNA762558,"COPD, healthy non-smokers, healthy smokers",MONDO:0005002,,"bronchoalveolar lavage fluid (BALF) cells, alveolar macrophages",UBERON:0035963,none,COPD,disease_text,True,False,,False,True,
SRX12285822,PRJNA764933,SARS-CoV-2 infection,MONDO:0100096,,"lung (A549 cell line, ACE2-transduced)",UBERON:0002048,A549 (ACE2-transduced),COVID-19 / SARS-CoV-2,disease_text,True,False,,False,False,excluded_sample_type
SRX12366723,PRJNA766517,lung neoplasms,MONDO:0021117,,lung,UBERON:0002048,unsure,Lung Cancer,disease_text,True,False,,False,False,non_human
SRX12457896,PRJNA768255,none (healthy donors),,,"bronchial epithelium (primary human bronchial epithelial cells, HBECs, air–liquid-interface cultured)",UBERON:0002031,primary HBECs (no immortalized cell line),Other,missing_ontology,False,True,healthy,False,True,
SRX12457898,PRJNA768255,none specified (healthy donors),,,"primary human bronchial epithelial cells (HBECs), air–liquid interface culture",UBERON:0002031,primary cells (no immortalized cell line),Other,missing_ontology,False,True,healthy,False,True,
SRX12457899,PRJNA768255,none (healthy donors),,,primary human bronchial epithelial cells (air–liquid interface culture),UBERON:0002031,none (primary cells pooled from four donors),Other,missing_ontology,False,True,healthy,False,True,
SRX12457900,PRJNA768255,none (healthy primary cells),,,primary human bronchial epithelial cells (HBECs),UBERON:0002031,none (primary cells),Other,missing_ontology,False,True,healthy,False,True,
SRX12457901,PRJNA768255,none specified (healthy primary cells),,,primary human bronchial epithelial cells (HBECs),UBERON:0002031,primary cells (no established cell line),Other,missing_ontology,False,True,healthy,False,True,
SRX12457902,PRJNA768255,none specified,,,"primary human bronchial epithelial cells (lung, ALI culture)",UBERON:0002031,none (primary cells),Other,missing_ontology,False,True,healthy,False,True,
SRX12457903,PRJNA768255,none specified (presumed healthy),,,bronchial epithelial cells (ALI-cultured) from lung transplant donors,UBERON:0002031,primary HBECs (not immortalized),Other,missing_ontology,False,True,healthy,False,True,
SRX12457904,PRJNA768255,none (healthy donors),,,primary human bronchial epithelial cells (HBECs),UBERON:0002031,primary cells (no immortalized cell line),Other,missing_ontology,False,True,healthy,False,True,
SRX12457905,PRJNA768255,none specified,,,bronchial epithelial cells (air-liquid interface culture),UBERON:0002031,primary human bronchial epithelial cells (HBECs),Other,missing_ontology,False,True,healthy,False,True,
SRX12509392,PRJNA769143,Healthy,,,Cultured human pulmonary arterial endothelial cells,UBERON:0005317,Not applicable,Pulmonary Hypertension,study_consensus,False,True,healthy,False,True,
SRX12509393,PRJNA769143,healthy donor,,,pulmonary arterial endothelial cells,UBERON:0005317,primary cultured cells,Pulmonary Hypertension,study_consensus,False,True,healthy,False,True,
SRX12509394,PRJNA769143,healthy and pulmonary arterial hypertension,,,pulmonary arterial endothelial cells,UBERON:0005317,none,Pulmonary Hypertension,disease_text,False,True,healthy,False,True,
SRX12509395,PRJNA769143,pulmonary arterial hypertension and healthy controls,MONDO:0015924,,pulmonary arterial endothelial cells,UBERON:0005317,primary cultured cells; not an immortalized line,Pulmonary Hypertension,disease_text,True,False,,False,True,
SRX12509396,PRJNA769143,Pulmonary arterial hypertension,MONDO:0015924,,Human pulmonary arterial endothelial cells,UBERON:0005317,none,Pulmonary Hypertension,disease_text,True,False,,False,True,
SRX12509397,PRJNA769143,pulmonary arterial hypertension and healthy control,MONDO:0015924,,pulmonary arterial endothelial cells,UBERON:0005317,"primary cells, not a cell line",Pulmonary Hypertension,disease_text,True,False,,False,True,
SRX12571162,PRJNA770341,lung transplant rejection (HLA mismatch),MONDO:0700220,,"bronchoalveolar lavage (BAL) fluid, T cells",UBERON:0035963,none,Other,missing_ontology,,False,,False,False,unmapped_disease
SRX12571164,PRJNA770341,acute cellular rejection after lung transplantation,MONDO:0020546,,bronchoalveolar lavage (BAL) T cells,UBERON:8850000,none,Other,missing_ontology,,False,,False,False,unmapped_disease
SRX12571167,PRJNA770341,Acute cellular rejection (lung transplant),MONDO:0020546,,"Lung (bronchoalveolar lavage), CD3+ T cells",UBERON:0035963,none,Other,missing_ontology,,False,,False,False,unmapped_disease
SRX12635178,PRJNA771701,none (healthy),,,bronchial organoids (from healthy donor lungs),UBERON:0002031,none,COPD,study_consensus,False,True,healthy,False,False,excluded_sample_type
SRX12635179,PRJNA771701,chronic obstructive pulmonary disease (COPD),MONDO:0005002,,bronchial organoid,,none,COPD,disease_text,True,False,,False,False,excluded_sample_type
SRX12708356,PRJNA773094,COVID-19,MONDO:0100096,,lung (endotracheal aspirate),UBERON:0002048,unsure,COVID-19 / SARS-CoV-2,disease_text,True,False,,False,True,
SRX12708358,PRJNA773094,COVID-19,MONDO:0100096,,endotracheal aspirate (lung),UBERON:0006538,none,COVID-19 / SARS-CoV-2,disease_text,True,False,,False,True,
SRX12708360,PRJNA773094,Severe COVID-19,MONDO:0100096,,Leukocytes from whole blood and endotracheal aspirates,"UBERON:0000178,UBERON:0003126",not_applicable,COVID-19 / SARS-CoV-2,disease_text,True,False,,False,False,non_lung
SRX12708362,PRJNA773094,COVID-19,MONDO:0100096,,lung endotracheal aspirate,UBERON:0035963,,COVID-19 / SARS-CoV-2,disease_text,True,False,,False,True,
SRX12708364,PRJNA773094,"severe COVID-19 (SARS-CoV-2 infection, ARDS), healthy control",MONDO:0100096,,"blood (circulating leukocytes), endotracheal aspirate (ETA)","UBERON:0000178,UBERON:0035963",none,COVID-19 / SARS-CoV-2,disease_text,False,True,healthy,False,True,
SRX12868711,PRJNA773987,normal adjacent lung tissue from lung adenocarcinoma patient,,,lung,UBERON:0002048,unsure,Lung Cancer,disease_text,False,True,matchedAdjacent,False,True,
SRX12868712,PRJNA773987,lung adenocarcinoma,MONDO:0005061,,lung,UBERON:0002048,not specified; sample is lung tumor tissue from a never smoker,Lung Cancer,disease_text,True,False,,False,True,
SRX12868713,PRJNA773987,lung adenocarcinoma,MONDO:0005061,,lung,,other,Lung Cancer,disease_text,True,False,,False,True,
SRX12868714,PRJNA773987,"lung adenocarcinoma, stage IA",MONDO:0005061,,lung,UBERON:0002048,not_applicable,Lung Cancer,disease_text,False,True,matchedAdjacent,False,True,
SRX12868715,PRJNA773987,lung adenocarcinoma,MONDO:0005061,,lung,UBERON:0002048,not specified,Lung Cancer,disease_text,True,False,,False,True,
SRX12868716,PRJNA773987,"Normal appearing adjacent lung tissue from lung adenocarcinoma patient, Stage IA",,,lung,UBERON:0002048,other,Lung Cancer,disease_text,False,True,matchedAdjacent,False,True,
SRX12868717,PRJNA773987,"lung adenocarcinoma, Stage IA",MONDO:0005061,,lung tumor tissue,UBERON:0002048,unsure,Lung Cancer,disease_text,True,False,,False,True,
SRX12868719,PRJNA773987,"lung adenocarcinoma, Stage IA",MONDO:0005061,,lung,UBERON:0002048,not specified,Lung Cancer,disease_text,True,False,,False,True,
SRX12868720,PRJNA773987,normal adjacent lung tissue from lung adenocarcinoma patient,,,lung,UBERON:0002048,not_applicable,Lung Cancer,disease_text,False,True,matchedAdjacent,False,True,
SRX12868721,PRJNA773987,"lung adenocarcinoma, Stage IA",MONDO:0005061,,lung,UBERON:0002048,not specified; sample is lung tumor tissue from a never smoker,Lung Cancer,disease_text,True,False,,False,True,
SRX13061245,PRJNA778775,COVID-19,MONDO:0100096,,lung,UBERON:0002048,none,COVID-19 / SARS-CoV-2,disease_text,True,False,,False,False,non_lung
SRX13139340,PRJNA780480,unsure,,,iPSC-derived alveolar organoids,UBERON:0008870,201B7 iPSC,Other,missing_ontology,,False,,False,False,excluded_sample_type
SRX13198724,PRJNA782639,invasive adenocarcinoma (subsolid nodule),MONDO:0004971,,lung adenocarcinoma (resected tumor tissue),UBERON:0002048,not applicable,Lung Cancer,study_consensus,,False,,False,True,
SRX13198725,PRJNA782639,lung adenocarcinoma (invasive adenocarcinoma),MONDO:0005061,,"lung (adenocarcinoma, invasive adenocarcinoma)",UBERON:0002048,none,Lung Cancer,disease_text,True,False,,False,True,
SRX13198726,PRJNA782639,"lung adenocarcinoma (invasive adenocarcinoma, subsolid nodule)",MONDO:0005061,,lung adenocarcinoma (primary tumor),UBERON:0002048,none (primary tumor cells),Lung Cancer,disease_text,True,False,,False,True,
SRX13198727,PRJNA782639,lung adenocarcinoma,MONDO:0005061,,"lung adenocarcinoma (AIS, minimally invasive, invasive)",UBERON:0002048,none,Lung Cancer,disease_text,True,False,,False,True,
SRX13198728,PRJNA782639,minimally invasive adenocarcinoma (MIA),MONDO:0004991,,"lung (adenocarcinoma, primary tumor)",UBERON:0002048,not_applicable,Lung Cancer,study_consensus,,False,,False,True,
SRX13198729,PRJNA782639,lung adenocarcinoma,MONDO:0005061,,lung adenocarcinoma (primary tumor),UBERON:0002048,not_applicable,Lung Cancer,disease_text,True,False,,False,True,
SRX13198730,PRJNA782639,lung adenocarcinoma (adenocarcinoma in situ),MONDO:0000503,,"lung adenocarcinoma tumor (treatment-naïve, AIS stage)",UBERON:0004821,none,Lung Cancer,disease_text,True,False,,False,True,
SRX13198732,PRJNA782639,lung adenocarcinoma,MONDO:0005061,,lung tissue,UBERON:0002048,none,Lung Cancer,disease_text,True,False,,False,True,
SRX13325101,PRJNA786555,lymphangioleiomyomatosis (LAM),MONDO:0011705,,lung (LAM lung),UBERON:0002048,none,Other,missing_ontology,,False,,False,False,unmapped_disease
SRX13325102,PRJNA786555,lymphangioleiomyomatosis (LAM),MONDO:0011705,,lung (LAM lung),UBERON:0002048,none specified,Other,missing_ontology,,False,,False,False,unmapped_disease
SRX13325103,PRJNA786555,LAM lung,MONDO:0006277,,LAM lung,UBERON:0002048,unsure,Other,missing_ontology,,False,,False,False,unmapped_disease
SRX13325105,PRJNA786555,"lymphangioleiomyomatosis (LAM), Tuberous Sclerosis Complex",MONDO:0011705,,LAM tumor (lung),UBERON:0002048,none,Other,missing_ontology,,False,,False,False,unmapped_disease
SRX13426726,PRJNA789499,healthy donor,,,human bronchial epithelial tissue,UBERON:0002031,Not specified,Other,missing_ontology,False,True,healthy,False,True,
SRX13426727,PRJNA789499,unsure,,,Human bronchial epithelial tissue,UBERON:0002031,unsure,Other,missing_ontology,False,True,healthy,False,True,
SRX13441698,PRJNA789838,idiopathic subglottic stenosis (iSGS),MONDO:0958099,,proximal airway mucosal scar,UBERON:0000379,none,Other,missing_ontology,,False,,False,False,unmapped_disease
SRX13441699,PRJNA789838,idiopathic subglottic stenosis,MONDO:0958099,,airway mucosal scar,UBERON:0004785,not applicable,Other,missing_ontology,,False,,False,False,unmapped_disease
SRX13441701,PRJNA789838,idiopathic subglottic stenosis,MONDO:0958099,,airway tissue,UBERON:0004802,none,Other,missing_ontology,,False,,False,False,unmapped_disease
SRX13441702,PRJNA789838,idiopathic subglottic stenosis,MONDO:0958099,,subglottic mucosa (airway scar),UBERON:0001824,none,Other,missing_ontology,,False,,False,False,unmapped_disease
SRX13789891,PRJNA797244,No explicit disease annotation,,,Bronchial epithelium,UBERON:0002031,Primary cells (not an established cell line),Other,missing_ontology,,False,,False,False,unmapped_disease
SRX13789893,PRJNA797244,none (healthy donors),,,primary bronchial epithelial cells (bronchial epithelium),UBERON:0002031,"primary cells from three healthy donors (ages 11M, 60M, 19F)",Other,missing_ontology,False,True,healthy,False,True,
SRX13789894,PRJNA797244,none,,,bronchial epithelium,UBERON:0002031,none,Other,missing_ontology,False,True,healthy,False,True,
SRX14098301,PRJNA804479,Chronic obstructive pulmonary disease (COPD),MONDO:0005002,,"Lung tissue, specifically small airways/distal lung parenchymal samples",UBERON:0008874,None,COPD,disease_text,True,False,,False,True,
SRX14098302,PRJNA804479,COPD,MONDO:0005002,,lung,UBERON:0002048,unsure,COPD,disease_text,True,False,,False,True,
SRX14098303,PRJNA804479,COPD,MONDO:0005002,,Explanted lung parenchymal samples from small airways,UBERON:0008874,No cell line used; primary lung tissue,COPD,disease_text,True,False,,False,True,
SRX14098305,PRJNA804479,"chronic obstructive pulmonary disease (COPD), control",MONDO:0005002,,"lung parenchyma, airway biopsy","UBERON:0008946,UBERON:0001005",none,COPD,disease_text,True,False,,False,True,
SRX14098306,PRJNA804479,COPD,MONDO:0005002,,lung (explanted lungs),UBERON:0002048,none,COPD,disease_text,True,False,,False,True,
SRX14495312,PRJNA817261,Ewing sarcoma,MONDO:0012817,,lung tissue,UBERON:0002048,none,Other,missing_ontology,,False,,False,False,unmapped_disease
SRX14495318,PRJNA817261,Osteosarcoma,MONDO:0009807,,"Peripheral blood mononuclear cells (PBMC), tumor-infiltrating lymphocytes from osteosarcoma lung tissue","UBERON:0002411,UBERON:0002048",none,Other,missing_ontology,,False,,False,False,non_lung
SRX14589431,PRJNA819093,COVID-19,MONDO:0100096,,lung immune cells,UBERON:0001963,none,COVID-19 / SARS-CoV-2,disease_text,True,False,,False,True,
SRX14589432,PRJNA819093,COVID-19,MONDO:0100096,,lung immune cells,UBERON:0001963,unsure,COVID-19 / SARS-CoV-2,disease_text,True,False,,False,True,
SRX14589433,PRJNA819093,COVID-19,MONDO:0100096,,lung immune cells,UBERON:0001963,none,COVID-19 / SARS-CoV-2,disease_text,True,False,,False,True,
SRX14767848,PRJNA667491,non-cystic fibrosis,MONDO:0009061,,lung,UBERON:0002048,unsure,Cystic Fibrosis,study_consensus,,False,,False,True,
SRX14767849,PRJNA667491,non-CF,,,lung,UBERON:0002048,unsure,Cystic Fibrosis,study_consensus,,False,,False,True,
SRX14767850,PRJNA667491,non-CF,,,lung tissue; primary human airway epithelial cells (basal cells),"UBERON:0002048,UBERON:0004802",none,Cystic Fibrosis,study_consensus,,False,,False,True,
SRX14767852,PRJNA667491,Cystic Fibrosis,MONDO:0009061,,lung,UBERON:0002048,Primary basal cells from human airway cultures,Cystic Fibrosis,disease_text,True,False,,False,True,
SRX14767853,PRJNA667491,Cystic Fibrosis,MONDO:0009061,,lung,UBERON:0002048,none,Cystic Fibrosis,disease_text,True,False,,False,True,
SRX14767854,PRJNA667491,Cystic fibrosis context,MONDO:0009061,,Human airway epithelial cells,UBERON:0008397,Not applicable,Cystic Fibrosis,disease_text,True,False,,False,True,
SRX14767855,PRJNA667491,cystic fibrosis,MONDO:0009061,,lung,UBERON:0002048,unsure,Cystic Fibrosis,disease_text,True,False,,False,True,
SRX14891756,PRJNA827791,multiple primary lung cancer (MPLC),MONDO:0008903,,lung,UBERON:0002048,human lung,Lung Cancer,disease_text,True,False,,False,True,
SRX14891758,PRJNA827791,unsure,,,lung,UBERON:0002048,human lung,Lung Cancer,study_consensus,,False,,False,True,
SRX14891759,PRJNA827791,multiple primary lung cancer (MPLC),MONDO:0008903,,lung,,unsure,Lung Cancer,disease_text,True,False,,False,True,
SRX14891760,PRJNA827791,multiple primary lung cancer (MPLC),MONDO:0008903,,lung,UBERON:0002048,unsure,Lung Cancer,disease_text,True,False,,False,True,
SRX14891761,PRJNA827791,multiple primary lung cancer (MPLC),MONDO:0008903,,lung,UBERON:0002048,unsure,Lung Cancer,disease_text,True,False,,False,True,
SRX14891762,PRJNA827791,multiple primary lung cancer (MPLC),MONDO:0008903,,lung,UBERON:0002048,unsure,Lung Cancer,disease_text,True,False,,False,True,
SRX14891763,PRJNA827791,multiple primary lung cancer,MONDO:0008903,,lung,,unsure,Lung Cancer,disease_text,True,False,,False,True,
SRX14891764,PRJNA827791,multiple primary lung cancer (MPLC),MONDO:0008903,,lung,UBERON:0002048,unsure,Lung Cancer,disease_text,True,False,,False,True,
SRX14891765,PRJNA827791,multiple primary lung cancer (MPLC),MONDO:0008903,,lung,UBERON:0002048,unsure,Lung Cancer,disease_text,True,False,,False,True,
SRX14891767,PRJNA827791,multiple primary lung cancers (MPLC),MONDO:0008903,,lung,UBERON:0002048,unsure,Lung Cancer,disease_text,True,False,,False,True,
SRX14891768,PRJNA827791,unsure,,,lung,UBERON:0002048,unsure,Lung Cancer,study_consensus,,False,,False,True,
SRX14891769,PRJNA827791,multiple primary lung cancer (MPLC),MONDO:0008903,,lung,UBERON:0002048,unsure,Lung Cancer,disease_text,True,False,,False,True,
SRX15263315,PRJNA837899,COVID-19,MONDO:0100096,,airway organoids,UBERON:0001005,H1 (CIART Knockout),COVID-19 / SARS-CoV-2,disease_text,False,False,,True,False,excluded_sample_type
SRX15263316,PRJNA837899,SARS-CoV-2 infection,MONDO:0100096,,airway organoids,UBERON:0001005,H1 (CIART Knockout),COVID-19 / SARS-CoV-2,disease_text,True,False,,False,False,excluded_sample_type
SRX15263317,PRJNA837899,COVID-19,MONDO:0100096,,airway organoids,UBERON:0002048,H1,COVID-19 / SARS-CoV-2,disease_text,True,False,,True,False,excluded_sample_type
SRX15263318,PRJNA837899,SARS-CoV-2 infection,MONDO:0100096,,airway organoids,UBERON:0000167,H1 (WT),COVID-19 / SARS-CoV-2,disease_text,True,False,,True,False,excluded_sample_type
SRX15325285,PRJNA839251,grass pollen-allergic,MONDO:0004784,,upper bronchial airways,UBERON:0002185,airway epithelium,Other,missing_ontology,,False,,False,False,unmapped_disease
SRX15325287,PRJNA839251,grass pollen-allergic,MONDO:0004784,,upper bronchial airways,UBERON:0002185,airway epithelium (derived from ALI culture),Other,missing_ontology,,False,,False,False,unmapped_disease
SRX15325288,PRJNA839251,grass pollen-allergic,MONDO:0004784,,upper bronchial airways,UBERON:0002185,airway epithelium,Other,missing_ontology,,False,,False,False,unmapped_disease
SRX15325289,PRJNA839251,grass pollen-allergic,MONDO:0004784,,upper bronchial airways,UBERON:0002185,airway epithelium,Other,missing_ontology,,False,,False,False,unmapped_disease
SRX15772262,PRJNA849915,not explicitly mentioned; related to post-stroke effects,,,lung,UBERON:0002048,ECFC-ECs and normal human lung fibroblasts,Other,missing_ontology,,False,,False,False,unmapped_disease
SRX15805161,PRJNA851108,unsure,,,lung,UBERON:0002048,unsure,Other,missing_ontology,,False,,False,False,unmapped_disease
SRX15805163,PRJNA851108,unsure,,,lung lymph node,UBERON:0039167,T cells,Other,missing_ontology,,False,,False,False,unmapped_disease
SRX15805165,PRJNA851108,unsure,,,lung,UBERON:0002048,unsure,Other,missing_ontology,,False,,False,False,unmapped_disease
SRX15805174,PRJNA851108,none,,,lung lymph node,UBERON:0035764,none,Other,missing_ontology,False,True,healthy,False,True,
SRX16217002,PRJNA858410,cancer immunotherapy,MONDO:0004992,,lung tumour,,CD45+,Lung Cancer,study_consensus,True,False,,False,True,
SRX16217003,PRJNA858410,cancer immunotherapy,MONDO:0004992,,lung tumour,,CD45+,Lung Cancer,study_consensus,True,False,,False,True,
SRX16217004,PRJNA858410,related to lung tumor,MONDO:0008903,,lung tumor,UBERON:0002048,CD45+,Lung Cancer,disease_text,True,False,,False,True,
SRX16217005,PRJNA858410,cancer,MONDO:0004992,,lung tumour,UBERON:0002048,CD45+,Lung Cancer,study_consensus,True,False,,False,True,
SRX16217006,PRJNA858410,cancer,MONDO:0004992,,lung tumor,,CD45+ cells,Lung Cancer,study_consensus,True,False,,False,True,
SRX16217007,PRJNA858410,cancer immunotherapy,MONDO:0004992,,lung tumour,UBERON:0002048,CD45+ cells,Lung Cancer,study_consensus,True,False,,False,True,
SRX16217008,PRJNA858410,cancer immunotherapy,MONDO:0004992,,lung tumour,,CD45+,Lung Cancer,study_consensus,True,False,,False,True,
SRX16217009,PRJNA858410,cancer immunotherapy,MONDO:0004992,,lung tumour,UBERON:0002048,CD45+ cells from tumor suspensions,Lung Cancer,study_consensus,True,False,,False,True,
SRX16217010,PRJNA858410,cancer immunotherapy related,MONDO:0004992,,lung tumor,UBERON:0002048,CD45+ cells from tumor suspensions of patients,Lung Cancer,study_consensus,True,False,,False,True,
SRX16217012,PRJNA858410,cancer immunotherapy,MONDO:0004992,,lung tumour,,CD45+,Lung Cancer,study_consensus,True,False,,False,True,
SRX16217013,PRJNA858410,cancer immunotherapy,MONDO:0004992,,lung tumour,,CD45+ cells from tumor suspensions,Lung Cancer,study_consensus,True,False,,False,True,
SRX16217014,PRJNA858410,cancer immunotherapy,MONDO:0004992,,lung tumour,UBERON:0002048,CD45+,Lung Cancer,study_consensus,True,False,,False,True,
SRX16217015,PRJNA858410,cancer immunotherapy,MONDO:0004992,,lung tumour,UBERON:0002048,CD45+,Lung Cancer,study_consensus,True,False,,False,True,
SRX16217016,PRJNA858410,cancer immunotherapy,MONDO:0004992,,lung tumour,,CD45+ cells from tumor suspensions of patients,Lung Cancer,study_consensus,True,False,,False,True,
SRX16217017,PRJNA858410,chronic kidney disease related to anemia,MONDO:0005300,,lung tumour,UBERON:0002048,CD45+,Lung Cancer,study_consensus,True,False,,False,True,
SRX16757152,PRJNA864822,healthy control,,,pulmonary artery,UBERON:0002012,PA resident cells,Pulmonary Hypertension,study_consensus,False,True,healthy,False,True,
SRX16757153,PRJNA864822,healthy control,,,medium/small size pulmonary artery,UBERON:8600060,PA resident cells,Pulmonary Hypertension,study_consensus,False,True,healthy,False,True,
SRX16757154,PRJNA864822,healthy control,,,medium/small size pulmonary artery,UBERON:8600060,PA resident cells,Pulmonary Hypertension,study_consensus,False,True,healthy,False,True,
SRX16757155,PRJNA864822,pulmonary arterial hypertension (PAH),MONDO:0015924,,medium/small size pulmonary artery,UBERON:8600060,PA resident cells,Pulmonary Hypertension,disease_text,True,False,,False,True,
SRX16757156,PRJNA864822,pulmonary arterial hypertension (PAH),MONDO:0015924,,medium/small size pulmonary artery,UBERON:8600060,PA resident cells,Pulmonary Hypertension,disease_text,True,False,,False,True,
SRX16757157,PRJNA864822,pulmonary arterial hypertension (PAH),MONDO:0015924,,medium/small size pulmonary artery,UBERON:8600060,PA resident cells,Pulmonary Hypertension,disease_text,True,False,,False,True,
SRX17035588,PRJNA868764,non-small cell lung cancer (NSCLC),MONDO:0005233,,normal lung,UBERON:0002048,Treg cells and CD8+ T cells from normal lung tissues and tumor-infiltrating lymphocytes (TILs) of...,Lung Cancer,disease_text,False,True,healthy,False,True,
SRX17035589,PRJNA868764,NSCLC,MONDO:0008433,,lung,UBERON:0002048,Treg cells and CD8 positive T cells,Lung Cancer,disease_text,False,True,healthy,False,True,
SRX17035590,PRJNA868764,non-small cell lung cancer (NSCLC),MONDO:0005233,,normal lung,UBERON:0002048,Treg cells and CD8+ T cells,Lung Cancer,disease_text,False,True,healthy,False,True,
SRX17137139,PRJNA870911,SARS-CoV-2 infection,MONDO:0100096,,lung organoid,UBERON:0002048,lung organoids from different donors,COVID-19 / SARS-CoV-2,disease_text,True,False,,False,False,excluded_sample_type
SRX17137141,PRJNA870911,unsure,,,lung,UBERON:0002048,organoid,COVID-19 / SARS-CoV-2,study_consensus,,False,,False,False,excluded_sample_type
SRX17150747,PRJNA871210,hereditary neuropathy with liability to pressure palsy,MONDO:0008087,,lung,UBERON:0002048,A549,Lung Cancer,study_consensus,,False,,False,False,excluded_sample_type
SRX17150748,PRJNA871210,duodenal gastrointestinal stromal tumors,MONDO:0006159,,lung,UBERON:0002048,A549,Lung Cancer,study_consensus,,False,,False,False,excluded_sample_type
SRX17150749,PRJNA871210,lung adenocarcinoma,MONDO:0005061,,lung,UBERON:0002048,A549,Lung Cancer,disease_text,True,False,,False,False,excluded_sample_type
SRX17150750,PRJNA871210,lung adenocarcinoma,MONDO:0005061,,lung cancer,UBERON:0002048,A549,Lung Cancer,disease_text,True,False,,False,False,excluded_sample_type
SRX17412777,PRJNA563828,none (healthy control),,,lung,UBERON:0002048,none,Other,missing_ontology,False,True,explicitControl,False,True,
SRX17412778,PRJNA563828,"idiopathic pulmonary fibrosis (IPF), chronic obstructive pulmonary disease (COPD), control",MONDO:0800504,,lung,UBERON:0002048,none,IPF / Pulmonary Fibrosis,disease_text,False,True,explicitControl,False,True,
SRX17412779,PRJNA563828,none (control),,,lung,UBERON:0002048,none,Other,missing_ontology,False,True,explicitControl,False,True,
SRX17412780,PRJNA563828,"none (control, non-IPF, non-COPD)",,,lung,UBERON:0002048,not applicable,IPF / Pulmonary Fibrosis,disease_text,False,True,explicitControl,False,True,
SRX17412781,PRJNA563828,control (no disease); part of IPF/COPD/control lung cell atlas study,,,lung,UBERON:0002048,none,IPF / Pulmonary Fibrosis,disease_text,False,True,explicitControl,False,True,
SRX17412782,PRJNA563828,none (healthy control),,,lung,UBERON:0002048,none,Other,missing_ontology,False,True,explicitControl,False,True,
SRX17412783,PRJNA563828,none (control),,,lung,UBERON:0002048,none,Other,missing_ontology,False,True,explicitControl,False,True,
SRX17412784,PRJNA563828,control (no disease),,,lung,UBERON:0002048,none,Other,missing_ontology,False,True,explicitControl,False,True,
SRX17412785,PRJNA563828,none (healthy control),,,lung,UBERON:0002048,none,Other,missing_ontology,False,True,explicitControl,False,True,
SRX17412786,PRJNA563828,idiopathic pulmonary fibrosis (IPF),MONDO:0800504,,lung,UBERON:0002048,not applicable,IPF / Pulmonary Fibrosis,disease_text,False,True,explicitControl,False,True,
SRX17412788,PRJNA563828,none (healthy control),,,lung,UBERON:0002048,none,Other,missing_ontology,False,True,explicitControl,False,True,
SRX17412789,PRJNA563828,healthy (control),,,lung,UBERON:0002048,not applicable,Other,missing_ontology,False,True,explicitControl,False,True,
SRX17412790,PRJNA563828,healthy control,,,lung,UBERON:0002048,none,Other,missing_ontology,False,True,explicitControl,False,True,
SRX17412791,PRJNA563828,control (no disease),,,lung (whole lung dissociate),UBERON:0002048,not_applicable,Other,missing_ontology,False,True,explicitControl,False,True,
SRX17412792,PRJNA563828,idiopathic pulmonary fibrosis (IPF),MONDO:0800504,,lung,UBERON:0002048,none,IPF / Pulmonary Fibrosis,disease_text,False,True,explicitControl,False,True,
SRX17412793,PRJNA563828,healthy (control),,,lung,UBERON:0002048,not applicable,Other,missing_ontology,False,True,explicitControl,False,True,
SRX17412794,PRJNA563828,none reported (control),,,lung,UBERON:0002048,none,Other,missing_ontology,False,True,explicitControl,False,True,
SRX17412795,PRJNA563828,"Idiopathic pulmonary fibrosis (IPF), chronic obstructive pulmonary disease (COPD), control","MONDO:0800504,MONDO:0005002",,lung,UBERON:0002048,none reported,IPF / Pulmonary Fibrosis,disease_text,False,True,explicitControl,False,True,
SRX17412796,PRJNA563828,none (healthy control),,,lung,UBERON:0002048,none,Other,missing_ontology,False,True,explicitControl,False,True,
SRX17412797,PRJNA563828,none (control),,,lung,UBERON:0002048,none,Other,missing_ontology,False,True,explicitControl,False,True,
SRX17412798,PRJNA563828,"Idiopathic pulmonary fibrosis (IPF), chronic obstructive pulmonary disease (COPD), healthy control","MONDO:0800504,MONDO:0005002",,lung,UBERON:0002048,none,IPF / Pulmonary Fibrosis,disease_text,False,True,explicitControl,False,True,
SRX17412799,PRJNA563828,none (control),,,lung,UBERON:0002048,none reported,Other,missing_ontology,False,True,explicitControl,False,True,
SRX17412800,PRJNA563828,"control (study includes IPF, COPD, and control)",,,lung,UBERON:0002048,none,IPF / Pulmonary Fibrosis,disease_text,False,True,explicitControl,False,True,
SRX17412801,PRJNA563828,none (healthy control),,,lung,UBERON:0002048,none reported,Other,missing_ontology,False,True,explicitControl,False,True,
SRX17412802,PRJNA563828,idiopathic pulmonary fibrosis (IPF),MONDO:0800504,,lung,UBERON:0002048,none,IPF / Pulmonary Fibrosis,disease_text,False,True,explicitControl,False,True,
SRX17412803,PRJNA563828,control (healthy),,,lung (whole lung dissociates),UBERON:0002048,not applicable,Other,missing_ontology,False,True,explicitControl,False,True,
SRX17412805,PRJNA563828,COPD,MONDO:0005002,,lung,UBERON:0002048,none,COPD,disease_text,True,False,,False,True,
SRX17412806,PRJNA563828,COPD,MONDO:0005002,,lung,UBERON:0002048,,COPD,disease_text,True,False,,False,True,
SRX17412807,PRJNA563828,COPD,MONDO:0005002,,lung,UBERON:0002048,,COPD,disease_text,True,False,,False,True,
SRX17412808,PRJNA563828,COPD,MONDO:0005002,,lung,UBERON:0002048,,COPD,disease_text,True,False,,False,True,
SRX17412809,PRJNA563828,COPD,MONDO:0005002,,lung,UBERON:0002048,,COPD,disease_text,True,False,,False,True,
SRX17412810,PRJNA563828,"Idiopathic pulmonary fibrosis (IPF), chronic obstructive pulmonary disease (COPD), healthy control","MONDO:0800504,MONDO:0005002",,lung,UBERON:0002048,none,IPF / Pulmonary Fibrosis,disease_text,,False,,False,False,disease_mismatch
SRX17412811,PRJNA563828,COPD,MONDO:0005002,,lung,UBERON:0002048,none,COPD,disease_text,True,False,,False,True,
SRX17412812,PRJNA563828,COPD,MONDO:0005002,,lung,UBERON:0002048,none,COPD,disease_text,True,False,,False,True,
SRX17412813,PRJNA563828,COPD (chronic obstructive pulmonary disease),MONDO:0005002,,lung,UBERON:0002048,none,COPD,disease_text,True,False,,False,True,
SRX17412814,PRJNA563828,COPD,MONDO:0005002,,lung,UBERON:0002048,,COPD,disease_text,True,False,,False,True,
SRX17412815,PRJNA563828,COPD,MONDO:0005002,,lung,UBERON:0002048,not_applicable,COPD,disease_text,True,False,,False,True,
SRX17412816,PRJNA563828,COPD,MONDO:0005002,,lung,UBERON:0002048,none,COPD,disease_text,True,False,,False,True,
SRX17412817,PRJNA563828,COPD,MONDO:0005002,,lung,UBERON:0002048,none,COPD,disease_text,True,False,,False,True,
SRX17412818,PRJNA563828,COPD,MONDO:0005002,,lung,UBERON:0002048,none reported,COPD,disease_text,True,False,,False,True,
SRX17412819,PRJNA563828,COPD,MONDO:0005002,,lung,UBERON:0002048,not applicable,COPD,disease_text,True,False,,False,True,
SRX17412820,PRJNA563828,chronic obstructive pulmonary disease (COPD),MONDO:0005002,,lung,UBERON:0002048,not_applicable,COPD,disease_text,True,False,,False,True,
SRX17412821,PRJNA563828,COPD,MONDO:0005002,,lung,UBERON:0002048,none,COPD,disease_text,True,False,,False,True,
SRX17412823,PRJNA563828,idiopathic pulmonary fibrosis (IPF),MONDO:0800504,,lung,UBERON:0002048,not_applicable,IPF / Pulmonary Fibrosis,disease_text,True,False,,False,True,
SRX17412824,PRJNA563828,idiopathic pulmonary fibrosis (IPF),MONDO:0800504,,lung (whole lung dissociate),UBERON:0002048,none,IPF / Pulmonary Fibrosis,disease_text,True,False,,False,True,
SRX17412825,PRJNA563828,Idiopathic Pulmonary Fibrosis (IPF),MONDO:0800504,,lung,UBERON:0002048,none reported,IPF / Pulmonary Fibrosis,disease_text,True,False,,False,True,
SRX17412826,PRJNA563828,"idiopathic pulmonary fibrosis (IPF), chronic obstructive pulmonary disease (COPD), healthy control",MONDO:0800504,,lung,UBERON:0002048,none,IPF / Pulmonary Fibrosis,disease_text,True,False,,False,True,
SRX17412827,PRJNA563828,Idiopathic Pulmonary Fibrosis (IPF),MONDO:0800504,,lung (whole lung dissociate),UBERON:0002048,not_applicable,IPF / Pulmonary Fibrosis,disease_text,True,False,,False,True,
SRX17412828,PRJNA563828,idiopathic pulmonary fibrosis (IPF),MONDO:0800504,,lung,UBERON:0002048,none,IPF / Pulmonary Fibrosis,disease_text,True,False,,False,True,
SRX17412829,PRJNA563828,Idiopathic Pulmonary Fibrosis (IPF),MONDO:0800504,,lung,UBERON:0002048,none,IPF / Pulmonary Fibrosis,disease_text,True,False,,False,True,
SRX17412830,PRJNA563828,idiopathic pulmonary fibrosis (IPF),MONDO:0800504,,lung,UBERON:0002048,none,IPF / Pulmonary Fibrosis,disease_text,True,False,,False,True,
SRX17412831,PRJNA563828,idiopathic pulmonary fibrosis (IPF),MONDO:0800504,,lung,UBERON:0002048,not applicable,IPF / Pulmonary Fibrosis,disease_text,True,False,,False,True,
SRX17412832,PRJNA563828,idiopathic pulmonary fibrosis (IPF),MONDO:0800504,,lung,UBERON:0002048,,IPF / Pulmonary Fibrosis,disease_text,True,False,,False,True,
SRX17412833,PRJNA563828,idiopathic pulmonary fibrosis (IPF),MONDO:0800504,,lung,UBERON:0002048,,IPF / Pulmonary Fibrosis,disease_text,True,False,,False,True,
SRX17412834,PRJNA563828,idiopathic pulmonary fibrosis (IPF),MONDO:0800504,,lung,UBERON:0002048,none,IPF / Pulmonary Fibrosis,disease_text,True,False,,False,True,
SRX17412835,PRJNA563828,idiopathic pulmonary fibrosis (IPF),MONDO:0800504,,lung,UBERON:0002048,none,IPF / Pulmonary Fibrosis,disease_text,True,False,,False,True,
SRX17412836,PRJNA563828,idiopathic pulmonary fibrosis (IPF),MONDO:0800504,,lung,UBERON:0002048,none,IPF / Pulmonary Fibrosis,disease_text,True,False,,False,True,
SRX17412837,PRJNA563828,Idiopathic Pulmonary Fibrosis (IPF),MONDO:0800504,,lung,UBERON:0002048,none reported,IPF / Pulmonary Fibrosis,disease_text,True,False,,False,True,
SRX17412839,PRJNA563828,Idiopathic Pulmonary Fibrosis (IPF),MONDO:0800504,,lung,UBERON:0002048,,IPF / Pulmonary Fibrosis,disease_text,True,False,,False,True,
SRX17412840,PRJNA563828,idiopathic pulmonary fibrosis (IPF),MONDO:0800504,,lung,UBERON:0002048,none,IPF / Pulmonary Fibrosis,disease_text,True,False,,False,True,
SRX17412841,PRJNA563828,Idiopathic Pulmonary Fibrosis (IPF),MONDO:0800504,,lung (whole lung dissociate),UBERON:0002048,not applicable,IPF / Pulmonary Fibrosis,disease_text,True,False,,False,True,
SRX17412842,PRJNA563828,idiopathic pulmonary fibrosis (IPF),MONDO:0800504,,lung,UBERON:0002048,,IPF / Pulmonary Fibrosis,disease_text,True,False,,False,True,
SRX17412843,PRJNA563828,idiopathic pulmonary fibrosis (IPF),MONDO:0800504,,lung,UBERON:0002048,,IPF / Pulmonary Fibrosis,disease_text,True,False,,False,True,
SRX17412844,PRJNA563828,Idiopathic Pulmonary Fibrosis (IPF),MONDO:0800504,,lung,UBERON:0002048,none specified,IPF / Pulmonary Fibrosis,disease_text,True,False,,False,True,
SRX17412845,PRJNA563828,Idiopathic pulmonary fibrosis (IPF),MONDO:0800504,,lung,UBERON:0002048,none,IPF / Pulmonary Fibrosis,disease_text,True,False,,False,True,
SRX17412846,PRJNA563828,Idiopathic Pulmonary Fibrosis (IPF),MONDO:0800504,,lung,UBERON:0002048,none,IPF / Pulmonary Fibrosis,disease_text,True,False,,False,True,
SRX17412847,PRJNA563828,idiopathic pulmonary fibrosis (IPF),MONDO:0800504,,lung,UBERON:0002048,none,IPF / Pulmonary Fibrosis,disease_text,True,False,,False,True,
SRX17412848,PRJNA563828,idiopathic pulmonary fibrosis (IPF),MONDO:0800504,,lung,UBERON:0002048,not applicable,IPF / Pulmonary Fibrosis,disease_text,True,False,,False,True,
SRX17412849,PRJNA563828,idiopathic pulmonary fibrosis (IPF),MONDO:0800504,,lung,UBERON:0002048,not_applicable,IPF / Pulmonary Fibrosis,disease_text,True,False,,False,True,
SRX17412850,PRJNA563828,idiopathic pulmonary fibrosis (IPF),MONDO:0800504,,lung,UBERON:0002048,not applicable,IPF / Pulmonary Fibrosis,disease_text,True,False,,False,True,
SRX17412851,PRJNA563828,idiopathic pulmonary fibrosis (IPF),MONDO:0800504,,lung,UBERON:0002048,none,IPF / Pulmonary Fibrosis,disease_text,True,False,,False,True,
SRX17412852,PRJNA563828,IPF (Idiopathic Pulmonary Fibrosis),MONDO:0800504,,Whole Lung Dissociate,UBERON:0002048,unsure,IPF / Pulmonary Fibrosis,disease_text,True,False,,False,True,
SRX17412853,PRJNA563828,idiopathic pulmonary fibrosis (IPF),MONDO:0800504,,lung,UBERON:0002048,none,IPF / Pulmonary Fibrosis,disease_text,True,False,,False,True,
SRX17412854,PRJNA563828,idiopathic pulmonary fibrosis (IPF),MONDO:0800504,,lung,UBERON:0002048,none,IPF / Pulmonary Fibrosis,disease_text,True,False,,False,True,
SRX17664572,PRJNA882878,cystic fibrosis,MONDO:0009061,,lung,UBERON:0002048,other,Cystic Fibrosis,disease_text,True,False,,False,True,
SRX17689195,PRJNA883741,normal,,,lung,UBERON:0002048,SC45,IPF / Pulmonary Fibrosis,study_consensus,False,True,healthy,False,True,
SRX17689196,PRJNA883741,normal,,,lung,UBERON:0002048,SC56,IPF / Pulmonary Fibrosis,study_consensus,False,True,healthy,False,True,
SRX17689197,PRJNA883741,Idiopathic Pulmonary Fibrosis (IPF),MONDO:0800504,,lung,UBERON:0002048,other,IPF / Pulmonary Fibrosis,disease_text,True,False,,False,True,
SRX17689198,PRJNA883741,idiopathic pulmonary fibrosis,MONDO:0800504,,lung,UBERON:0002048,unsure,IPF / Pulmonary Fibrosis,disease_text,True,False,,False,True,
SRX17689199,PRJNA883741,idiopathic pulmonary fibrosis,MONDO:0800504,,lung,UBERON:0002048,not_applicable,IPF / Pulmonary Fibrosis,disease_text,True,False,,False,True,
SRX17689200,PRJNA883741,Idiopathic Pulmonary Fibrosis (IPF),MONDO:0800504,,lung,UBERON:0002048,unsure,IPF / Pulmonary Fibrosis,disease_text,True,False,,False,True,
SRX17689201,PRJNA883741,idiopathic pulmonary fibrosis,MONDO:0800504,,lung,UBERON:0002048,unsure,IPF / Pulmonary Fibrosis,disease_text,True,False,,False,True,
SRX17689202,PRJNA883741,normal,,,lung,UBERON:0002048,not specified,IPF / Pulmonary Fibrosis,study_consensus,False,True,healthy,False,True,
SRX17689203,PRJNA883741,idiopathic pulmonary fibrosis,MONDO:0800504,,lung,UBERON:0002048,unsure,IPF / Pulmonary Fibrosis,disease_text,True,False,,False,True,
SRX17689204,PRJNA883741,Idiopathic Pulmonary Fibrosis (IPF),MONDO:0800504,,lung,UBERON:0002048,Single-nucleus ATAC sequencing performed on lung samples from patients with IPF (n=3) and donor c...,IPF / Pulmonary Fibrosis,disease_text,True,False,,False,True,
SRX17689205,PRJNA883741,idiopathic pulmonary fibrosis,MONDO:0800504,,lung,,unsure,IPF / Pulmonary Fibrosis,disease_text,True,False,,False,True,
SRX17689206,PRJNA883741,normal,,,lung,UBERON:0002048,not specified,IPF / Pulmonary Fibrosis,study_consensus,False,True,healthy,False,True,
SRX17689207,PRJNA883741,normal,,,lung,UBERON:0002048,not_applicable,IPF / Pulmonary Fibrosis,study_consensus,False,True,healthy,False,True,
SRX17689208,PRJNA883741,idiopathic pulmonary fibrosis,MONDO:0800504,,lung,UBERON:0002048,unsure,IPF / Pulmonary Fibrosis,disease_text,True,False,,False,True,
SRX17689209,PRJNA883741,Idiopathic Pulmonary Fibrosis (IPF),MONDO:0800504,,lung,UBERON:0002048,SC323 (GSM6598831),IPF / Pulmonary Fibrosis,disease_text,False,True,healthy,False,True,
SRX17689210,PRJNA883741,idiopathic pulmonary fibrosis (IPF),MONDO:0800504,,"lung, lower lobe",UBERON:0008949,"Sample Name: SC325, Age of Donor: 73 years, Sex of Donor: Female",IPF / Pulmonary Fibrosis,disease_text,True,False,,False,True,
SRX17689211,PRJNA883741,normal,,,lung,UBERON:0002048,"Sample Name: SC333, Age: 62, Sex: Male, Core Code: 2019-113-CORE, Sample Name: CONTROL 4, Protoco...",IPF / Pulmonary Fibrosis,study_consensus,False,True,healthy,False,True,
SRX17689212,PRJNA883741,normal,,,lung,UBERON:0002048,not_applicable,IPF / Pulmonary Fibrosis,study_consensus,False,True,healthy,False,True,
SRX17772371,PRJNA886085,inflammation related to diesel particulate matter,MONDO:0021166,,bronchial cells,UBERON:0002031,human bronchial cells,Other,missing_ontology,False,True,healthy,False,True,
SRX17896691,PRJNA890673,"interstitial lung disease, viral infection, human lung development",MONDO:0015925,,hESC-derived distal lung organoid,UBERON:0002299,Rockefeller University Embryonic Stem Cell Line 2 (RUES2),Interstitial Lung Disease,disease_text,True,False,,False,False,excluded_sample_type
SRX17896692,PRJNA890673,Acute Coronary Syndrome,MONDO:0005542,,hESC-derived distal lung organoid,UBERON:0002299,RUES2,Interstitial Lung Disease,study_consensus,,False,,False,False,excluded_sample_type
SRX17896694,PRJNA890673,Parkinson Disease,MONDO:0005180,,hESC-derived distal lung organoid,UBERON:0008870,Rockefeller University Embryonic Stem Cell Line 2 (RUES2),Interstitial Lung Disease,study_consensus,,False,,False,False,excluded_sample_type
SRX17941757,PRJNA891742,not specified,,,lung carcinoma cell line,,A549,Other,missing_ontology,,False,,False,False,excluded_sample_type
SRX17949764,PRJNA891766,non-infected,,,ALI Distal Lung Organoid,UBERON:0002299,ALI Distal Lung Organoid,Other,missing_ontology,,False,,False,False,excluded_sample_type
SRX17949765,PRJNA891766,Stroke,MONDO:0005098,,ALI Distal Lung Organoid,UBERON:0002299,"NonImmune, Collagen, Male, 75 years, Non-infected",Other,missing_ontology,,False,,False,False,excluded_sample_type
SRX17949766,PRJNA891766,not_applicable,,,ALI Distal Lung Organoid,UBERON:0002299,Immune,Other,missing_ontology,,False,,False,False,excluded_sample_type
SRX17949767,PRJNA891766,unsure,,,ALI Distal Lung Organoid,UBERON:0004821,"NonImmune, Suspension, Female, 48 years, Non-infected",Other,missing_ontology,,False,,False,False,excluded_sample_type
SRX17949768,PRJNA891766,non-infected,,,ALI Distal Lung Organoid,UBERON:0002299,"immune, male, 66 years",Other,missing_ontology,,False,,False,False,excluded_sample_type
SRX17949769,PRJNA891766,unsure,,,ALI Distal Lung Organoid,UBERON:0004821,"NonImmune, Collagen, Male, 66 years, Non-infected",Other,missing_ontology,,False,,False,False,excluded_sample_type
SRX17949771,PRJNA891766,non-infected,,,distal lung,UBERON:0008874,unsure,Other,missing_ontology,,False,,False,False,unmapped_disease
SRX17949772,PRJNA891766,non-infected,,,ALI Distal Lung Organoid,,"ALI Distal Lung Organoid, 76 years, male",Other,missing_ontology,,False,,False,False,excluded_sample_type
SRX18096297,PRJNA896321,unsure,,,bronchoalveolar lavage (BAL) cells,UBERON:0004892,not_applicable,Other,missing_ontology,,False,,False,False,unmapped_disease
SRX18096298,PRJNA896321,unsure,,,bronchoalveolar lavage (BAL),UBERON:0006524,none,Other,missing_ontology,,False,,False,False,unmapped_disease
SRX18096299,PRJNA896321,unsure,,,Bronchoalveolar lavage cells,UBERON:0008870,not_applicable,Other,missing_ontology,,False,,False,False,unmapped_disease
SRX18096300,PRJNA896321,none,,,bronchoalveolar lavage (BAL) cells,UBERON:0008870,none,Other,missing_ontology,False,True,healthy,False,True,
SRX18221588,PRJNA899793,primary ciliary dyskinesia due to DNAH5 mutation,MONDO:0016575,,airway epithelium,UBERON:0004802,airway organoid with DNAH5 mutation,Other,missing_ontology,,False,,False,False,excluded_sample_type
SRX18221589,PRJNA899793,primary ciliary dyskinesia (PCD) related to DNAH5 mutation,MONDO:0016575,,airway epithelium,UBERON:0004802,"airway organoid, Normal, rep1 (wild type genotype)",Other,missing_ontology,,False,,True,False,excluded_sample_type
SRX18235831,PRJNA900364,adult acute monocytic leukemia,MONDO:0007896,,pleural effusion,UBERON:0000175,U-937,Other,missing_ontology,,False,,False,False,unmapped_disease
SRX18235832,PRJNA900364,adult acute monocytic leukemia,MONDO:0007896,,pleural effusion,UBERON:0000175,U-937,Other,missing_ontology,,False,,False,False,unmapped_disease
SRX18248062,PRJNA901260,lung adenocarcinoma,MONDO:0005061,,lung,UBERON:0002048,unsure,Lung Cancer,disease_text,True,False,,False,True,
SRX18248063,PRJNA901260,lung adenocarcinoma,MONDO:0005061,,lung,UBERON:0002048,unsure,Lung Cancer,disease_text,True,False,,False,True,
SRX18248064,PRJNA901260,lung adenocarcinoma,MONDO:0005061,,lung,UBERON:0002048,unsure,Lung Cancer,disease_text,True,False,,False,True,
SRX18248065,PRJNA901260,lung adenocarcinoma,MONDO:0005061,,lung,UBERON:0002048,unsure,Lung Cancer,disease_text,True,False,,False,True,
SRX18248066,PRJNA901260,lung adenocarcinoma,MONDO:0005061,,lung,UBERON:0002048,unsure,Lung Cancer,disease_text,True,False,,False,True,
SRX18248067,PRJNA901260,lung adenocarcinoma,MONDO:0005061,,lung,UBERON:0002048,unsure,Lung Cancer,disease_text,True,False,,False,True,
SRX18248068,PRJNA901260,lung adenocarcinoma,MONDO:0005061,,lung,UBERON:0002048,unsure,Lung Cancer,disease_text,True,False,,False,True,
SRX18248069,PRJNA901260,lung adenocarcinoma,MONDO:0005061,,lung tumor tissue,UBERON:0002048,unsure,Lung Cancer,disease_text,True,False,,False,True,
SRX18248070,PRJNA901260,lung adenocarcinoma,MONDO:0005061,,lung,UBERON:0002048,unsure,Lung Cancer,disease_text,True,False,,False,True,
SRX18965974,PRJNA919922,other,,,human airway organoid,UBERON:0001005,primary lung,Other,missing_ontology,,False,,False,False,excluded_sample_type
SRX18965975,PRJNA919922,none,,,human airway organoid,UBERON:0001005,none,Other,missing_ontology,False,True,healthy,False,False,excluded_sample_type
SRX18965976,PRJNA919922,unsure,,,human airway organoid,,unsure,Other,missing_ontology,,False,,False,False,excluded_sample_type
SRX18965977,PRJNA919922,unsure,,,airway organoid,UBERON:0004802,unsure,Other,missing_ontology,,False,,False,False,excluded_sample_type
SRX18965978,PRJNA919922,not specified,,,human airway organoid,,not specified,Other,missing_ontology,,False,,False,False,excluded_sample_type
SRX18965979,PRJNA919922,colorectal cancer,MONDO:0005575,,human airway organoid,UBERON:0004802,not specified,Other,missing_ontology,,False,,False,False,excluded_sample_type
SRX18965980,PRJNA919922,influenza,MONDO:0005812,,airway organoid,UBERON:0004802,primary lung,Other,missing_ontology,,False,,False,False,excluded_sample_type
SRX18965982,PRJNA919922,not specified,,,human airway organoid,,not specified,Other,missing_ontology,,False,,False,False,excluded_sample_type
SRX18965983,PRJNA919922,unsure,,,airway organoid,UBERON:0004802,unsure,Other,missing_ontology,,False,,False,False,excluded_sample_type
SRX18965984,PRJNA919922,none,,,human airway organoid,UBERON:0001005,none,Other,missing_ontology,False,True,healthy,False,False,excluded_sample_type
SRX18965985,PRJNA919922,not specified,,,human airway organoid,UBERON:0001005,not specified,Other,missing_ontology,,False,,False,False,excluded_sample_type
SRX18965986,PRJNA919922,not specified,,,human airway organoid,UBERON:0004802,not specified,Other,missing_ontology,,False,,False,False,excluded_sample_type
SRX18965987,PRJNA919922,none,,,human airway organoid,UBERON:0000379,none,Other,missing_ontology,False,True,healthy,False,False,excluded_sample_type
SRX19162051,PRJNA927026,unsure,,,"lung lymph node, mesenteric lymph node, lung","UBERON:0035764,UBERON:0002509,UBERON:0002048",B cells,Other,missing_ontology,,False,,False,False,unmapped_disease
SRX19162052,PRJNA927026,unsure,,,"lung lymph node, mesenteric lymph node, lung",,B cells,Other,missing_ontology,,False,,False,False,unmapped_disease
SRX19162054,PRJNA927026,unsure,,,"lung lymph node, mesenteric lymph node, lung","UBERON:0035764,UBERON:0002509,UBERON:0002048",B cells,Other,missing_ontology,,False,,False,False,unmapped_disease
SRX19162055,PRJNA927026,unsure,,,"lung lymph node, mesenteric lymph node, lung","UBERON:0039167,UBERON:0002509,UBERON:0002048",B cells,Other,missing_ontology,,False,,False,False,unmapped_disease
SRX19162056,PRJNA927026,unsure,,,"lung lymph node, mesenteric lymph node, lung","UBERON:0035764,UBERON:0002509,UBERON:0002048",B cells,Other,missing_ontology,,False,,False,False,unmapped_disease
SRX19162060,PRJNA927026,unsure,,,"lung, lung lymph node, mesenteric lymph node","UBERON:0002048,UBERON:0007644,UBERON:0002509",B cells,Other,missing_ontology,,False,,False,False,unmapped_disease
SRX19162061,PRJNA927026,unsure,,,"lungs, lung-associated lymph nodes","UBERON:0000170,UBERON:0039167",unsure,Other,missing_ontology,,False,,False,False,unmapped_disease
SRX19162064,PRJNA927026,unsure,,,lung and lung-associated lymph nodes,"UBERON:0002048,UBERON:0035764",unsure,Other,missing_ontology,,False,,False,False,unmapped_disease
SRX19162065,PRJNA927026,unsure,,,"lung lymph node, mesenteric lymph node, lung","UBERON:0035764,UBERON:0002509,UBERON:0002048",B cells,Other,missing_ontology,,False,,False,False,unmapped_disease
SRX19215443,PRJNA929481,bacterial infections,MONDO:0005113,,lung adenocarcinoma,UBERON:0001004,"H2228, H1975, A549, H838, HCC827",Lung Cancer,study_consensus,True,False,,False,False,excluded_sample_type
SRX19215444,PRJNA929481,lung adenocarcinoma,MONDO:0005061,,lung adenocarcinoma,,"H2228, H1975, A549, H838, HCC827",Lung Cancer,disease_text,True,False,,False,False,excluded_sample_type
SRX19234376,PRJNA815369,unsure,,,Metastatic breast cancer (pleural effusion),UBERON:0000175,MCF7,Other,missing_ontology,,False,,False,False,unmapped_disease
SRX19264641,PRJNA930840,non-small cell lung cancer,MONDO:0005233,,lung,UBERON:0002048,"H9, BEAS-2B, NCI-H460",Lung Cancer,disease_text,True,False,,False,False,excluded_sample_type
SRX19320094,PRJNA934551,non-small-cell lung cancer (NSCLC),MONDO:0005233,,lung,,"NIH 3T3 Cells, Tumor Cell Lines",Lung Cancer,disease_text,True,False,,False,False,non_human
SRX19366526,PRJNA934917,other,,,hESC-derived transitional lung organoids,,Rockefeller University Embryonic Stem Cell Line 2 (RUES2),Other,missing_ontology,,False,,False,False,excluded_sample_type
SRX19693839,PRJNA945417,not specified,,,human bronchial epithelial cells (HBE),,"D66Q, HBE cells (ALI)",Other,missing_ontology,,False,,False,False,unmapped_disease
SRX19693840,PRJNA945417,not specified,,,human bronchial epithelial cells (HBE),UBERON:0002031,D65Q (HBE cells cultured on air-liquid interface),Other,missing_ontology,,False,,False,False,unmapped_disease
SRX19693841,PRJNA945417,other,,,human bronchial epithelial cells (HBE),UBERON:0005926,D65Q (HBE cells cultured on air-liquid interface),Other,missing_ontology,,False,,False,False,unmapped_disease
SRX19693843,PRJNA945417,not specified,,,human bronchial epithelial cells,UBERON:0002031,HBE cells (cultured on air-liquid interface),Other,missing_ontology,,False,,False,False,unmapped_disease
SRX19693844,PRJNA945417,none,,,human bronchial epithelial cells,UBERON:0002031,primary human bronchial epithelial cells,Other,missing_ontology,False,True,healthy,False,True,
SRX19693846,PRJNA945417,none,,,bronchial epithelial cells,,HBE cells,Other,missing_ontology,False,True,healthy,False,True,
SRX19693847,PRJNA945417,related to heart diseases,MONDO:0005267,,human bronchial epithelial cells,UBERON:0002031,D66Q (HBE cells cultured on air-liquid interface),Other,missing_ontology,,False,,False,False,unmapped_disease
SRX19704116,PRJNA945854,control,,,lung,UBERON:0002048,not specified,Other,missing_ontology,False,True,explicitControl,False,True,
SRX19704117,PRJNA945854,Idiopathic Pulmonary Fibrosis (IPF),MONDO:0800504,,lung,UBERON:0002048,unsure,IPF / Pulmonary Fibrosis,disease_text,True,False,,False,True,
SRX19704118,PRJNA945854,CTD-ILD (Interstitial Lung Disease),MONDO:0015925,,lung,UBERON:0002048,not specified; primary human lung tissue samples,Interstitial Lung Disease,disease_text,True,False,,False,True,
SRX19704122,PRJNA945854,Idiopathic Pulmonary Fibrosis (IPF),MONDO:0800504,,lung,UBERON:0002048,not_applicable,IPF / Pulmonary Fibrosis,disease_text,True,False,,False,True,
SRX19704123,PRJNA945854,control (healthy),,,lung,UBERON:0002048,not specified,Other,missing_ontology,False,True,explicitControl,False,True,
SRX19704126,PRJNA945854,idiopathic pulmonary fibrosis,MONDO:0800504,,lung,UBERON:0002048,unsure,IPF / Pulmonary Fibrosis,disease_text,True,False,,False,True,
SRX19704127,PRJNA945854,Idiopathic Pulmonary Fibrosis (IPF),MONDO:0800504,,lung,UBERON:0002048,not specified,IPF / Pulmonary Fibrosis,disease_text,True,False,,False,True,
SRX19704128,PRJNA945854,Interstitial Lung Disease/Hypersensitivity Pneumonitis,MONDO:0015925,,lung,UBERON:0002048,not specified,Interstitial Lung Disease,disease_text,True,False,,False,True,
SRX19704129,PRJNA945854,ILD/HP,MONDO:0015925,,lung,UBERON:0002048,unsure,Interstitial Lung Disease,disease_text,True,False,,False,True,
SRX19704130,PRJNA945854,control,,,lung,UBERON:0002048,none,Other,missing_ontology,False,True,explicitControl,False,True,
SRX19704134,PRJNA945854,control (healthy individuals),,,lung,UBERON:0002048,none,Other,missing_ontology,False,True,explicitControl,False,True,
SRX19704135,PRJNA945854,control,,,lung,UBERON:0002048,VUHD094,Other,missing_ontology,False,True,explicitControl,False,True,
SRX19704136,PRJNA945854,control (healthy),,,lung,UBERON:0002048,not specified,Other,missing_ontology,False,True,explicitControl,False,True,
SRX19704137,PRJNA945854,control (healthy),,,lung,UBERON:0002048,unsure,Other,missing_ontology,False,True,explicitControl,False,True,
SRX19704138,PRJNA945854,control (healthy),,,lung,,not specified,Other,missing_ontology,False,True,explicitControl,False,True,
SRX19704139,PRJNA945854,pulmonary fibrosis,MONDO:0002771,,lung,UBERON:0002048,not specified,IPF / Pulmonary Fibrosis,disease_text,False,True,explicitControl,False,True,
SRX19704141,PRJNA945854,pulmonary fibrosis (PF) and healthy controls,MONDO:0002771,,lung,UBERON:0002048,VUHD106,IPF / Pulmonary Fibrosis,disease_text,False,True,explicitControl,False,True,
SRX19704142,PRJNA945854,idiopathic pulmonary fibrosis,MONDO:0800504,,lung,UBERON:0002048,not specified,IPF / Pulmonary Fibrosis,disease_text,True,False,,False,True,
SRX19704143,PRJNA945854,idiopathic pulmonary fibrosis,MONDO:0800504,,lung,UBERON:0002048,unsure,IPF / Pulmonary Fibrosis,disease_text,True,False,,False,True,
SRX19704144,PRJNA945854,NSIP (Non-Specific Interstitial Pneumonia),MONDO:0002429,,lung,UBERON:0002048,not specified,Other,missing_ontology,,False,,False,False,unmapped_disease
SRX19704145,PRJNA945854,NSIP (Non-Specific Interstitial Pneumonia),MONDO:0002429,,lung,UBERON:0002048,not specified,Other,missing_ontology,,False,,False,False,unmapped_disease
SRX19704147,PRJNA945854,Idiopathic Pulmonary Fibrosis (IPF),MONDO:0800504,,lung,UBERON:0002048,unsure,IPF / Pulmonary Fibrosis,disease_text,True,False,,False,True,
SRX19704148,PRJNA945854,Idiopathic Pulmonary Fibrosis (IPF),MONDO:0800504,,lung,UBERON:0002048,not specified; primary human lung tissue,IPF / Pulmonary Fibrosis,disease_text,True,False,,False,True,
SRX19704149,PRJNA945854,Idiopathic Pulmonary Fibrosis (IPF),MONDO:0800504,,lung,,not specified,IPF / Pulmonary Fibrosis,disease_text,True,False,,False,True,
SRX19704150,PRJNA945854,pulmonary fibrosis,MONDO:0002771,,lung,,primary human lung tissue,IPF / Pulmonary Fibrosis,disease_text,True,False,,False,True,
SRX19704151,PRJNA945854,idiopathic pulmonary fibrosis,MONDO:0800504,,lung,UBERON:0002048,not_applicable,IPF / Pulmonary Fibrosis,disease_text,True,False,,False,True,
SRX19704152,PRJNA945854,idiopathic pulmonary fibrosis,MONDO:0800504,,lung,UBERON:0002048,not_applicable,IPF / Pulmonary Fibrosis,disease_text,True,False,,False,True,
SRX19704153,PRJNA945854,control (healthy),,,lung,UBERON:0002048,not specified,Other,missing_ontology,False,True,explicitControl,False,True,
SRX19704154,PRJNA945854,CWP (Coal Workers' Pneumoconiosis),MONDO:0006654,,lung,UBERON:0002048,not specified; primary human lung tissue samples,Other,missing_ontology,,False,,False,False,unmapped_disease
SRX19704155,PRJNA945854,control (healthy individual),,,lung,UBERON:0002048,not specified,Other,missing_ontology,False,True,explicitControl,False,True,
SRX19704156,PRJNA945854,IPAF (Interstitial Pneumonia with Autoimmune Features),MONDO:0015925,,lung,UBERON:0002048,unsure,Other,missing_ontology,,False,,False,False,unmapped_disease
SRX19704157,PRJNA945854,IPAF (Interstitial Pneumonia with Autoimmune Features),MONDO:0015925,,lung,UBERON:0002048,unsure,Other,missing_ontology,,False,,False,False,unmapped_disease
SRX19704158,PRJNA945854,idiopathic pulmonary fibrosis,MONDO:0800504,,lung,UBERON:0002048,other,IPF / Pulmonary Fibrosis,disease_text,True,False,,False,True,
SRX19704159,PRJNA945854,idiopathic pulmonary fibrosis,MONDO:0800504,,lung,UBERON:0002048,unsure,IPF / Pulmonary Fibrosis,disease_text,True,False,,False,True,
SRX19704160,PRJNA945854,Idiopathic Pulmonary Fibrosis (IPF),MONDO:0800504,,lung,,"VUILD84-LF, GSM7103288, Age: 61, Sex: Male, Ethnicity: Caucasian, Tissue Type: Less fibrotic",IPF / Pulmonary Fibrosis,disease_text,True,False,,False,True,
SRX19704161,PRJNA945854,idiopathic pulmonary fibrosis,MONDO:0800504,,lung,UBERON:0002048,unsure,IPF / Pulmonary Fibrosis,disease_text,True,False,,False,True,
SRX19704162,PRJNA945854,idiopathic pulmonary fibrosis,MONDO:0800504,,lung,UBERON:0002048,not specified,IPF / Pulmonary Fibrosis,disease_text,True,False,,False,True,
SRX19704163,PRJNA945854,CTD-ILD,MONDO:0015925,,lung,UBERON:0002048,not specified; primary human lung tissue,Interstitial Lung Disease,disease_text,True,False,,False,True,
SRX19704164,PRJNA945854,idiopathic pulmonary fibrosis,MONDO:0800504,,lung,UBERON:0002048,not specified; primary human lung tissue,IPF / Pulmonary Fibrosis,disease_text,True,False,,False,True,
SRX19704165,PRJNA945854,Idiopathic Pulmonary Fibrosis (IPF),MONDO:0800504,,lung,UBERON:0002048,VUILD91-MF,IPF / Pulmonary Fibrosis,disease_text,True,False,,False,True,
SRX19704166,PRJNA945854,pulmonary fibrosis,MONDO:0002771,,lung,UBERON:0002048,not_applicable,IPF / Pulmonary Fibrosis,disease_text,True,False,,False,True,
SRX19704167,PRJNA945854,pulmonary fibrosis,MONDO:0002771,,lung,UBERON:0002048,not specified,IPF / Pulmonary Fibrosis,disease_text,False,True,explicitControl,False,True,
SRX19704168,PRJNA945854,control,,,lung,UBERON:0002048,none,Other,missing_ontology,False,True,explicitControl,False,True,
SRX19704169,PRJNA945854,interstitial lung disease,MONDO:0015925,,lung,,unsure,Interstitial Lung Disease,disease_text,True,False,,False,True,
SRX19704170,PRJNA945854,Interstitial Lung Disease (ILD),MONDO:0015925,,lung,UBERON:0002048,not specified; primary human lung tissue,Interstitial Lung Disease,disease_text,True,False,,False,True,
SRX19704171,PRJNA945854,Interstitial Lung Disease (ILD),MONDO:0015925,,lung,UBERON:0002048,other,Interstitial Lung Disease,disease_text,True,False,,False,True,
SRX19704172,PRJNA945854,control (healthy tissue),,,lung,UBERON:0002048,unsure,Other,missing_ontology,False,True,explicitControl,False,True,
SRX19704173,PRJNA945854,control (healthy),,,lung,UBERON:0002048,not specified,Other,missing_ontology,False,True,explicitControl,False,True,
SRX19704174,PRJNA945854,control (healthy),,,lung,UBERON:0002048,not specified,Other,missing_ontology,False,True,explicitControl,False,True,
SRX19704175,PRJNA945854,control (healthy),,,lung,UBERON:0002048,not applicable,Other,missing_ontology,False,True,explicitControl,False,True,
SRX19704176,PRJNA945854,control (healthy individual),,,lung,,not specified,Other,missing_ontology,False,True,explicitControl,False,True,
SRX19704177,PRJNA945854,control (healthy),,,lung,UBERON:0002048,not specified,Other,missing_ontology,False,True,explicitControl,False,True,
SRX19704178,PRJNA945854,control (healthy individual),,,lung,UBERON:0002048,not specified,Other,missing_ontology,False,True,explicitControl,False,True,
SRX19704179,PRJNA945854,pulmonary fibrosis,MONDO:0002771,,lung,UBERON:0002048,primary human lung tissue from 116 individuals,IPF / Pulmonary Fibrosis,disease_text,False,True,explicitControl,False,True,
SRX19704180,PRJNA945854,idiopathic pulmonary fibrosis,MONDO:0800504,,lung,UBERON:0002048,not specified,IPF / Pulmonary Fibrosis,disease_text,True,False,,False,True,
SRX19704181,PRJNA945854,idiopathic pulmonary fibrosis (IPF),MONDO:0800504,,lung,UBERON:0002048,not_applicable,IPF / Pulmonary Fibrosis,disease_text,True,False,,False,True,
SRX19704182,PRJNA945854,CWP (Coal Workers' Pneumoconiosis),MONDO:0006654,,lung,UBERON:0002048,none,Other,missing_ontology,,False,,False,False,unmapped_disease
SRX19704184,PRJNA945854,Coal Workers' Pneumoconiosis (CWP),MONDO:0015926,,lung,,not specified; primary human lung tissue,Other,missing_ontology,,False,,False,False,unmapped_disease
SRX19704186,PRJNA945854,idiopathic pulmonary fibrosis (IPF),MONDO:0800504,,lung,UBERON:0002048,not_applicable,IPF / Pulmonary Fibrosis,disease_text,True,False,,False,True,
SRX19704187,PRJNA945854,idiopathic pulmonary fibrosis,MONDO:0800504,,lung,UBERON:0002048,not_applicable,IPF / Pulmonary Fibrosis,disease_text,True,False,,False,True,
SRX19704188,PRJNA945854,Idiopathic Pulmonary Fibrosis (IPF),MONDO:0800504,,lung,,"VUILD98-MF, Age: 59, Sex: Male, Ethnicity: European, Tissue Type: More fibrotic",IPF / Pulmonary Fibrosis,disease_text,True,False,,False,True,
SRX19704189,PRJNA945854,CTD-ILD,MONDO:0015925,,lung,UBERON:0002048,unsure,Interstitial Lung Disease,disease_text,True,False,,False,True,
SRX19704191,PRJNA945854,control (healthy),,,lung,UBERON:0002048,unsure,Other,missing_ontology,False,True,explicitControl,False,True,
SRX19704192,PRJNA945854,control (healthy),,,lung,UBERON:0002048,not applicable,Other,missing_ontology,False,True,explicitControl,False,True,
SRX19704193,PRJNA945854,interstitial lung disease,MONDO:0015925,,lung,UBERON:0002048,none,Interstitial Lung Disease,disease_text,True,False,,False,True,
SRX19704194,PRJNA945854,Interstitial Lung Disease (ILD),MONDO:0015925,,lung,UBERON:0002048,not_applicable,Interstitial Lung Disease,disease_text,True,False,,False,True,
SRX19704196,PRJNA945854,idiopathic pulmonary fibrosis,MONDO:0800504,,lung,UBERON:0002048,not_applicable,IPF / Pulmonary Fibrosis,disease_text,True,False,,False,True,
SRX19704197,PRJNA945854,idiopathic pulmonary fibrosis,MONDO:0800504,,lung,UBERON:0002048,unsure,IPF / Pulmonary Fibrosis,disease_text,True,False,,False,True,
SRX19704198,PRJNA945854,Interstitial Pneumonia with Autoimmune Features (IPAF),MONDO:0015925,,lung,UBERON:0002048,unsure,Other,missing_ontology,,False,,False,False,unmapped_disease
SRX19704199,PRJNA945854,control (healthy),,,lung,,not specified,Other,missing_ontology,False,True,explicitControl,False,True,
SRX19704200,PRJNA945854,control (healthy),,,lung,UBERON:0002048,unsure,Other,missing_ontology,False,True,explicitControl,False,True,
SRX19704201,PRJNA945854,control (healthy),,,lung,UBERON:0002048,unsure,Other,missing_ontology,False,True,explicitControl,False,True,
SRX19704202,PRJNA945854,control (healthy),,,lung,UBERON:0002048,not specified,Other,missing_ontology,False,True,explicitControl,False,True,
SRX19704898,PRJNA945866,not specified,,,human bronchial epithelial cells (HBE),UBERON:0002031,"HBE cells (ALI), source name: D15S, batch: 1",Other,missing_ontology,,False,,False,False,unmapped_disease
SRX19704899,PRJNA945866,not specified,,,human bronchial epithelial cells (HBE),UBERON:0002031,D16S (HBE cells cultured on air-liquid interface),Other,missing_ontology,,False,,False,False,unmapped_disease
SRX19704900,PRJNA945866,Not explicitly mentioned; study focuses on cellular response to hypoxia.,,,Human bronchial epithelial cells (HBE cells),UBERON:0002031,D15S (HBE cells cultured on air-liquid interface),Other,missing_ontology,,False,,False,False,unmapped_disease
SRX19704901,PRJNA945866,"aortic diseases, acute aortic syndrome, aortic dissection",MONDO:0005561,,human bronchial epithelial cells,UBERON:0002031,D16S (HBE cells),Other,missing_ontology,,False,,False,False,unmapped_disease
SRX19704903,PRJNA945866,not specified,,,human bronchial epithelial cells,UBERON:0002031,"D16S, HBE cells (ALI)",Other,missing_ontology,,False,,False,False,unmapped_disease
SRX19727425,PRJNA946652,no COPD,,,lung,UBERON:0002048,unsure,COPD,disease_text,,False,,False,True,
SRX19727426,PRJNA946652,no COPD,,,lung,UBERON:0002048,unsure,COPD,disease_text,,False,,False,True,
SRX19727427,PRJNA946652,no COPD,,,lung,UBERON:0002048,"wo COPD 3, scRNAseq",COPD,disease_text,,False,,False,True,
SRX19727428,PRJNA946652,Chronic Obstructive Pulmonary Disease (COPD),MONDO:0005002,,lung,UBERON:0002048,not_applicable,COPD,disease_text,True,False,,False,True,
SRX19727429,PRJNA946652,mild COPD,MONDO:0005002,,lung,,unsure,COPD,disease_text,True,False,,False,True,
SRX19727430,PRJNA946652,mild chronic obstructive pulmonary disease (COPD),MONDO:0005002,,lung,,unsure,COPD,disease_text,True,False,,False,True,
SRX19727431,PRJNA946652,mild COPD,MONDO:0005002,,lung,UBERON:0002048,unsure,COPD,disease_text,True,False,,False,True,
SRX19727432,PRJNA946652,moderate COPD,MONDO:0005002,,lung,,unsure,COPD,disease_text,True,False,,False,True,
SRX19727433,PRJNA946652,no COPD,,,lung,UBERON:0002048,unsure,COPD,disease_text,,False,,False,True,
SRX19727434,PRJNA946652,moderate COPD,MONDO:0005002,,lung,UBERON:0002048,unsure,COPD,disease_text,True,False,,False,True,
SRX19727435,PRJNA946652,moderate COPD,MONDO:0005002,,lung,UBERON:0002048,unsure,COPD,disease_text,True,False,,False,True,
SRX19727436,PRJNA946652,moderate COPD,MONDO:0005002,,lung,UBERON:0002048,unsure,COPD,disease_text,True,False,,False,True,
SRX19730932,PRJNA934540,lung carcinoma,MONDO:0005138,,lung tumor,UBERON:0002048,L6903,Lung Cancer,disease_text,True,False,,False,True,
SRX19730933,PRJNA934540,lung carcinoma,MONDO:0005138,,lung tumor,UBERON:0002048,L6903 (donor),Lung Cancer,disease_text,True,False,,False,True,
SRX19730934,PRJNA934540,lung carcinoma,MONDO:0005138,,lung tumor,UBERON:0002048,"L2404 day0, sorted live (DAPI-) and EGFP+",Lung Cancer,disease_text,True,False,,False,True,
SRX19730935,PRJNA934540,lung carcinoma,MONDO:0005138,,lung tumor,UBERON:0002048,L2404,Lung Cancer,disease_text,True,False,,False,True,
SRX19730968,PRJNA934540,lung carcinoma,MONDO:0005138,,lung tumor,,L2061,Lung Cancer,disease_text,True,False,,False,True,
SRX19730969,PRJNA934540,lung carcinoma,MONDO:0005138,,lung tumor,,"Donor: L2061, sorted live (DAPI-), EGFP+, CD45 and HLA-DR",Lung Cancer,disease_text,True,False,,False,True,
SRX19780677,PRJNA949104,post-COVID-19 lung disease,MONDO:0100320,,bronchoalveolar cells,UBERON:0004821,unsure,COVID-19 / SARS-CoV-2,disease_text,True,False,,False,True,
SRX19780678,PRJNA949104,post-COVID-19 lung disease,MONDO:0100320,,bronchoalveolar cells,UBERON:0004821,unsure,COVID-19 / SARS-CoV-2,disease_text,True,False,,False,True,
SRX19780680,PRJNA949104,post-COVID-19 lung disease,MONDO:0100320,,bronchoalveolar cells,UBERON:0004821,unsure,COVID-19 / SARS-CoV-2,disease_text,True,False,,False,True,
SRX19780681,PRJNA949104,post-COVID-19 lung disease,MONDO:0100320,,bronchoalveolar cells,,unsure,COVID-19 / SARS-CoV-2,disease_text,True,False,,False,True,
SRX19780682,PRJNA949104,post-COVID-19 lung disease,MONDO:0100320,,bronchoalveolar cells,UBERON:0004903,unsure,COVID-19 / SARS-CoV-2,disease_text,True,False,,False,True,
SRX19780683,PRJNA949104,post-COVID-19 lung disease,MONDO:0100320,,bronchoalveolar cells,UBERON:0002048,unsure,COVID-19 / SARS-CoV-2,disease_text,True,False,,False,True,
SRX19780684,PRJNA949104,post-COVID-19 lung disease,MONDO:0100320,,bronchoalveolar cells,UBERON:0004821,unsure,COVID-19 / SARS-CoV-2,disease_text,True,False,,False,True,
SRX19780685,PRJNA949104,post-COVID-19 lung disease,MONDO:0100320,,bronchoalveolar cells,UBERON:0000479,bronchoalveolar cells,COVID-19 / SARS-CoV-2,disease_text,True,False,,False,True,
SRX19780686,PRJNA949104,post-COVID-19 lung disease,MONDO:0100320,,bronchoalveolar cells,UBERON:0004821,unsure,COVID-19 / SARS-CoV-2,disease_text,True,False,,False,True,
SRX19780688,PRJNA949104,"Post-COVID-19 lung disease, fibrotic",MONDO:0100320,,Bronchoalveolar cells,UBERON:0008870,unsure,COVID-19 / SARS-CoV-2,disease_text,True,False,,False,True,
SRX19780690,PRJNA949104,post-COVID lung disease,MONDO:0100320,,bronchoalveolar cells,UBERON:0004903,unsure,COVID-19 / SARS-CoV-2,disease_text,True,False,,False,True,
SRX19780691,PRJNA949104,Post-COVID lung disease,MONDO:0100320,,Bronchoalveolar cells,UBERON:0008870,Not applicable,COVID-19 / SARS-CoV-2,disease_text,True,False,,False,True,
SRX19836241,PRJNA950922,control (no disease state),,,medium/small size pulmonary artery,UBERON:8600060,PA resident cells,IPF / Pulmonary Fibrosis,study_consensus,False,True,explicitControl,False,True,
SRX19836242,PRJNA950922,control,,,medium/small size pulmonary artery,UBERON:8600060,PA resident cells,IPF / Pulmonary Fibrosis,study_consensus,False,True,explicitControl,False,True,
SRX19836243,PRJNA950922,pulmonary hypertension associated with pulmonary fibrosis,MONDO:0005149,,medium/small size pulmonary artery,UBERON:8600060,PA resident cells,IPF / Pulmonary Fibrosis,disease_text,True,False,,False,True,
SRX19836244,PRJNA950922,Pulmonary hypertension associated with pulmonary fibrosis (PHPF),MONDO:0005149,,Medium/small size pulmonary artery,UBERON:8600060,"Cell type: PA resident cells, Sample title: PHPF_2, scRNAseq",IPF / Pulmonary Fibrosis,disease_text,True,False,,False,True,
SRX19836245,PRJNA950922,pulmonary hypertension associated with pulmonary fibrosis,MONDO:0005149,,medium/small size pulmonary artery,UBERON:8600060,PA resident cells,IPF / Pulmonary Fibrosis,disease_text,True,False,,False,True,
SRX19844812,PRJNA945854,sarcoidosis,MONDO:0019338,,lung,UBERON:0002048,not_applicable,Other,missing_ontology,,False,,False,False,unmapped_disease
SRX19844813,PRJNA945854,control,,,lung,UBERON:0002048,unsure,Other,missing_ontology,False,True,explicitControl,False,True,
SRX19844814,PRJNA945854,control,,,lung,,unsure,Other,missing_ontology,False,True,explicitControl,False,True,
SRX19844815,PRJNA945854,control,,,lung,UBERON:0002048,unsure,Other,missing_ontology,False,True,explicitControl,False,True,
SRX19844816,PRJNA945854,control,,,lung,UBERON:0002048,not_applicable,Other,missing_ontology,False,True,explicitControl,False,True,
SRX19844817,PRJNA945854,control,,,lung,UBERON:0002048,not_applicable,Other,missing_ontology,False,True,explicitControl,False,True,
SRX19844818,PRJNA945854,ILD (Interstitial Lung Disease),MONDO:0015925,,lung,UBERON:0002048,not_applicable,Interstitial Lung Disease,disease_text,True,False,,False,True,
SRX19844819,PRJNA945854,ILD (Interstitial Lung Disease),MONDO:0015925,,lung,UBERON:0002048,unsure,Interstitial Lung Disease,disease_text,True,False,,False,True,
SRX19844820,PRJNA945854,IPF (Idiopathic Pulmonary Fibrosis),MONDO:0800504,,lung,UBERON:0002048,not_applicable,IPF / Pulmonary Fibrosis,disease_text,True,False,,False,True,
SRX19844821,PRJNA945854,Idiopathic Pulmonary Fibrosis (IPF),MONDO:0800504,,lung,UBERON:0002048,unsure,IPF / Pulmonary Fibrosis,disease_text,True,False,,False,True,
SRX19844822,PRJNA945854,IPF (Idiopathic Pulmonary Fibrosis),MONDO:0800504,,lung,UBERON:0002048,not_applicable,IPF / Pulmonary Fibrosis,disease_text,True,False,,False,True,
SRX19844823,PRJNA945854,IPF (Idiopathic Pulmonary Fibrosis),MONDO:0800504,,lung,UBERON:0002048,not_applicable,IPF / Pulmonary Fibrosis,disease_text,True,False,,False,True,
SRX19844824,PRJNA945854,IPF (Idiopathic Pulmonary Fibrosis),MONDO:0800504,,lung,UBERON:0002048,not_applicable,IPF / Pulmonary Fibrosis,disease_text,True,False,,False,True,
SRX19844825,PRJNA945854,Idiopathic Pulmonary Fibrosis (IPF),MONDO:0800504,,lung,UBERON:0002048,unsure,IPF / Pulmonary Fibrosis,disease_text,True,False,,False,True,
SRX19844826,PRJNA945854,sarcoidosis,MONDO:0019338,,lung,,unsure,Other,missing_ontology,,False,,False,False,unmapped_disease
SRX19844827,PRJNA945854,sarcoidosis,MONDO:0019338,,lung,UBERON:0002048,not specified,Other,missing_ontology,,False,,False,False,unmapped_disease
SRX19844828,PRJNA945854,pulmonary fibrosis,MONDO:0002771,,lung,UBERON:0002048,VUHD84,IPF / Pulmonary Fibrosis,disease_text,False,True,explicitControl,False,True,
SRX19844829,PRJNA945854,control,,,lung,UBERON:0002048,unsure,Other,missing_ontology,False,True,explicitControl,False,True,
SRX19844830,PRJNA945854,Idiopathic Pulmonary Fibrosis (IPF),MONDO:0800504,,lung,UBERON:0002048,not applicable; primary human lung tissue samples,IPF / Pulmonary Fibrosis,disease_text,True,False,,False,True,
SRX19844831,PRJNA945854,idiopathic pulmonary fibrosis,MONDO:0800504,,lung,UBERON:0002048,unsure,IPF / Pulmonary Fibrosis,disease_text,True,False,,False,True,
SRX19844832,PRJNA945854,idiopathic pulmonary fibrosis,MONDO:0800504,,lung,UBERON:0002048,unsure,IPF / Pulmonary Fibrosis,disease_text,True,False,,False,True,
SRX19844833,PRJNA945854,IPF (Idiopathic Pulmonary Fibrosis),MONDO:0800504,,lung,UBERON:0002048,unsure,IPF / Pulmonary Fibrosis,disease_text,True,False,,False,True,
SRX19844834,PRJNA945854,IPF (Idiopathic Pulmonary Fibrosis),MONDO:0800504,,lung,UBERON:0002048,not_applicable,IPF / Pulmonary Fibrosis,disease_text,True,False,,False,True,
SRX19844835,PRJNA945854,idiopathic pulmonary fibrosis,MONDO:0800504,,lung,UBERON:0002048,none,IPF / Pulmonary Fibrosis,disease_text,True,False,,False,True,
SRX19844836,PRJNA945854,ILD (Interstitial Lung Disease),MONDO:0015925,,lung,UBERON:0002048,not_applicable,Interstitial Lung Disease,disease_text,True,False,,False,True,
SRX19844837,PRJNA945854,interstitial lung disease,MONDO:0015925,,lung,UBERON:0002048,not_applicable,Interstitial Lung Disease,disease_text,True,False,,False,True,
SRX19844838,PRJNA945854,Interstitial Lung Disease (ILD),MONDO:0015925,,lung,UBERON:0002048,not_applicable,Interstitial Lung Disease,disease_text,True,False,,False,True,
SRX19844839,PRJNA945854,ILD (Interstitial Lung Disease),MONDO:0015925,,lung,UBERON:0002048,not_applicable,Interstitial Lung Disease,disease_text,True,False,,False,True,
SRX19844840,PRJNA945854,pulmonary fibrosis,MONDO:0002771,,lung,UBERON:0002048,none,IPF / Pulmonary Fibrosis,disease_text,False,True,explicitControl,False,True,
SRX19844841,PRJNA945854,control,,,lung,UBERON:0002048,unsure,Other,missing_ontology,False,True,explicitControl,False,True,
SRX19844842,PRJNA945854,pulmonary fibrosis,MONDO:0002771,,lung,UBERON:0002048,none,IPF / Pulmonary Fibrosis,disease_text,False,True,explicitControl,False,True,
SRX19844843,PRJNA945854,control,,,lung,UBERON:0002048,unsure,Other,missing_ontology,False,True,explicitControl,False,True,
SRX19844844,PRJNA945854,control,,,lung,UBERON:0002048,unsure,Other,missing_ontology,False,True,explicitControl,False,True,
SRX19844845,PRJNA945854,control,,,lung,,unsure,Other,missing_ontology,False,True,explicitControl,False,True,
SRX19844846,PRJNA945854,idiopathic pulmonary fibrosis,MONDO:0800504,,lung,UBERON:0002048,not_applicable,IPF / Pulmonary Fibrosis,disease_text,True,False,,False,True,
SRX19844847,PRJNA945854,idiopathic pulmonary fibrosis,MONDO:0800504,,lung,UBERON:0002048,none,IPF / Pulmonary Fibrosis,disease_text,True,False,,False,True,
SRX19844848,PRJNA945854,IPF (Idiopathic Pulmonary Fibrosis),MONDO:0800504,,lung,,not_applicable,IPF / Pulmonary Fibrosis,disease_text,True,False,,False,True,
SRX19844849,PRJNA945854,idiopathic pulmonary fibrosis,MONDO:0800504,,lung,UBERON:0002048,unsure,IPF / Pulmonary Fibrosis,disease_text,True,False,,False,True,
SRX19844850,PRJNA945854,idiopathic pulmonary fibrosis,MONDO:0800504,,lung,UBERON:0002048,unsure,IPF / Pulmonary Fibrosis,disease_text,True,False,,False,True,
SRX19886022,PRJNA952672,carcinoma non-small cell,MONDO:0005233,,lung,UBERON:0002048,H23,Lung Cancer,disease_text,True,False,,False,False,excluded_sample_type
SRX19886023,PRJNA952672,non-small cell lung carcinoma,MONDO:0005233,,lung,UBERON:0002048,"H-23, H-358",Lung Cancer,disease_text,True,False,,False,False,excluded_sample_type
SRX19886024,PRJNA952672,mantle cell lymphoma,MONDO:0004992,,lung,UBERON:0002048,"H-23, H-358",Lung Cancer,study_consensus,,False,,False,False,excluded_sample_type
SRX19886025,PRJNA952672,carcinoma non-small cell,MONDO:0005233,,lung,UBERON:0002048,H23,Lung Cancer,disease_text,True,False,,False,False,excluded_sample_type
SRX19886026,PRJNA952672,acute promyelocytic leukemia,MONDO:0012883,,lung,,H-23 (Carcinoma Non-Small Cell),Lung Cancer,study_consensus,,False,,False,False,excluded_sample_type
SRX19886027,PRJNA952672,carcinoma non-small cell,MONDO:0005233,,lung,UBERON:0002048,H23,Lung Cancer,disease_text,True,False,,False,False,excluded_sample_type
SRX19886028,PRJNA952672,carcinoma non-small cell,MONDO:0005233,,lung,UBERON:0002048,H23,Lung Cancer,disease_text,True,False,,False,False,excluded_sample_type
SRX19886029,PRJNA952672,non-small cell lung carcinoma,MONDO:0005233,,lung,UBERON:0002048,H-23,Lung Cancer,disease_text,True,False,,False,False,excluded_sample_type
SRX19886030,PRJNA952672,non-small cell carcinoma,MONDO:0005233,,lung,UBERON:0002048,H-23,Lung Cancer,disease_text,True,False,,False,False,excluded_sample_type
SRX19886031,PRJNA952672,carcinoma non-small cell,MONDO:0005233,,lung,UBERON:0002048,H-23,Lung Cancer,disease_text,True,False,,False,False,excluded_sample_type
SRX19886032,PRJNA952672,carcinoma non-small cell,MONDO:0005233,,lung,UBERON:0002048,H23,Lung Cancer,disease_text,True,False,,False,False,excluded_sample_type
SRX19886033,PRJNA952672,carcinoma non-small cell,MONDO:0005233,,lung,,H23,Lung Cancer,disease_text,True,False,,False,False,excluded_sample_type
SRX19886034,PRJNA952672,carcinoma non-small cell,MONDO:0005233,,lung,UBERON:0002048,H23,Lung Cancer,disease_text,True,False,,False,False,excluded_sample_type
SRX19886035,PRJNA952672,carcinoma non-small cell,MONDO:0005233,,lung,UBERON:0002048,H-23,Lung Cancer,disease_text,True,False,,False,False,excluded_sample_type
SRX19886037,PRJNA952672,non-small cell lung carcinoma,MONDO:0005233,,lung,,H358,Lung Cancer,disease_text,True,False,,False,False,excluded_sample_type
SRX19886039,PRJNA952672,carcinoma non-small cell,MONDO:0005233,,lung,,H358,Lung Cancer,disease_text,True,False,,False,False,excluded_sample_type
SRX19886040,PRJNA952672,carcinoma non-small cell,MONDO:0005233,,lung,UBERON:0002048,H358,Lung Cancer,disease_text,True,False,,False,False,excluded_sample_type
SRX19886041,PRJNA952672,salt-sensitive hypertension,MONDO:0005044,,lung,UBERON:0002048,H358 (Carcinoma Non-Small Cell),Lung Cancer,study_consensus,,False,,False,False,excluded_sample_type
SRX19886042,PRJNA952672,carcinoma non-small cell,MONDO:0005233,,lung,UBERON:0002048,H358,Lung Cancer,disease_text,True,False,,False,False,excluded_sample_type
SRX19886043,PRJNA952672,carcinoma non-small cell,MONDO:0005233,,lung,UBERON:0002048,H358,Lung Cancer,disease_text,True,False,,False,False,excluded_sample_type
SRX19886044,PRJNA952672,non-small cell carcinoma,MONDO:0005233,,lung,UBERON:0002048,H358,Lung Cancer,disease_text,True,False,,False,False,excluded_sample_type
SRX19886045,PRJNA952672,carcinoma non-small cell,MONDO:0005233,,lung,UBERON:0002048,H358,Lung Cancer,disease_text,True,False,,False,False,excluded_sample_type
SRX19886046,PRJNA952672,non-small cell carcinoma,MONDO:0005233,,lung,UBERON:0002048,H358 (Carcinoma Non-Small Cell),Lung Cancer,disease_text,True,False,,False,False,excluded_sample_type
SRX19886047,PRJNA952672,carcinoma non-small cell,MONDO:0005233,,lung,UBERON:0002048,H358,Lung Cancer,disease_text,True,False,,False,False,excluded_sample_type
SRX19886049,PRJNA952672,carcinoma non-small cell,MONDO:0005233,,lung,UBERON:0002048,H358,Lung Cancer,disease_text,True,False,,False,False,excluded_sample_type
SRX19886050,PRJNA952672,non-small cell carcinoma,MONDO:0005233,,lung,UBERON:0002048,H358,Lung Cancer,disease_text,True,False,,False,False,excluded_sample_type
SRX19907927,PRJNA953399,not specified (control treatment),,,lung,UBERON:0002048,healthy human airway epithelial cells,Other,missing_ontology,False,True,explicitControl,False,True,
SRX19907928,PRJNA953399,not specified,,,lung,UBERON:0002048,healthy human airway epithelial cells,Other,missing_ontology,,False,,False,False,unmapped_disease
SRX19907929,PRJNA953399,unsure,,,lung,UBERON:0002048,healthy human airway epithelial cells,Other,missing_ontology,,False,,False,False,unmapped_disease
SRX19907930,PRJNA953399,not specified,,,lung,UBERON:0002048,healthy human airway epithelial cells,Other,missing_ontology,,False,,False,False,unmapped_disease
SRX19910910,PRJNA953640,Stage I lung cancer,MONDO:0008903,,lung adjacent normal,,unsure,Lung Cancer,disease_text,False,True,matchedAdjacent,False,True,
SRX19910912,PRJNA953640,Stage I lung cancer,MONDO:0008903,,lung adjacent normal,,Not specified; sample from patient NYU1321,Lung Cancer,disease_text,False,True,matchedAdjacent,False,True,
SRX19910914,PRJNA953640,"Stage I lung cancer, recurrence, systemic progression",MONDO:0008903,,lung adjacent normal,UBERON:0002048,unsure,Lung Cancer,disease_text,False,True,matchedAdjacent,False,True,
SRX19910918,PRJNA953640,early-stage lung adenocarcinoma,MONDO:0005061,,lung adjacent normal,UBERON:0002048,NYU1368-N,Lung Cancer,disease_text,False,True,matchedAdjacent,False,True,
SRX19910919,PRJNA953640,Stage I lung cancer,MONDO:0008903,,lung adjacent normal,UBERON:0008946,not applicable,Lung Cancer,disease_text,False,True,matchedAdjacent,False,True,
SRX19910921,PRJNA953640,recurrence in early-stage lung adenocarcinoma,MONDO:0005061,,lung adjacent normal,UBERON:0002048,unsure,Lung Cancer,disease_text,False,True,matchedAdjacent,False,True,
SRX19910923,PRJNA953640,lung cancer (Stage I),MONDO:0008903,,lung adjacent normal,,unsure,Lung Cancer,disease_text,False,True,matchedAdjacent,False,True,
SRX19910925,PRJNA953640,"recurrence, secondary primary",,,lung adjacent normal,UBERON:0002048,NYU1562-N (snRNA-seq),Lung Cancer,study_consensus,False,True,matchedAdjacent,False,True,
SRX19910927,PRJNA953640,early-stage lung adenocarcinoma,MONDO:0005061,,lung adjacent normal,UBERON:0008946,NYU1630,Lung Cancer,disease_text,False,True,matchedAdjacent,False,True,
SRX19910929,PRJNA953640,lung cancer (Stage I),MONDO:0008903,,lung adjacent normal,UBERON:0002048,unsure,Lung Cancer,disease_text,False,True,matchedAdjacent,False,True,
SRX19910932,PRJNA953640,lung cancer (Stage I),MONDO:0008903,,lung adjacent normal,UBERON:0003019,NYU1845-N (snRNA-seq),Lung Cancer,disease_text,False,True,matchedAdjacent,False,True,
SRX19910933,PRJNA953640,lung cancer (Stage I),MONDO:0008903,,lung adjacent normal,UBERON:0002048,unsure,Lung Cancer,disease_text,False,True,matchedAdjacent,False,True,
SRX19910935,PRJNA953640,Stage I lung cancer,MONDO:0008903,,lung adjacent normal,UBERON:0002048,not specified,Lung Cancer,disease_text,False,True,matchedAdjacent,False,True,
SRX19910941,PRJNA953640,lung cancer (Stage I),MONDO:0008903,,lung adjacent normal,UBERON:0008946,unsure,Lung Cancer,disease_text,False,True,matchedAdjacent,False,True,
SRX20098024,PRJNA961720,lung cancer,MONDO:0008903,,lung cancer organoid,,derived from cryobiopsy specimens of lung cancer patients,Lung Cancer,disease_text,True,False,,False,False,excluded_sample_type
SRX20180654,PRJNA966111,unsure,,,lung organoid,UBERON:0002048,unsure,Other,missing_ontology,,False,,False,False,excluded_sample_type
SRX20180655,PRJNA966111,essential hypertension,MONDO:0001134,,lung organoid,UBERON:0002048,"LO_2, scRNAseq",Other,missing_ontology,,False,,False,False,excluded_sample_type
SRX20180656,PRJNA966111,unsure,,,lung organoid co-cultured with macrophage,UBERON:0002048,unsure,Other,missing_ontology,,False,,False,False,excluded_sample_type
SRX20180657,PRJNA966111,unsure,,,lung organoid co-cultured with macrophage,,unsure,Other,missing_ontology,,False,,False,False,excluded_sample_type
SRX20180659,PRJNA966111,severe plaque psoriasis,MONDO:0005083,,lung organoid co-cultured with macrophage,UBERON:0002048,lung organoid co-cultured with macrophage,Other,missing_ontology,,False,,False,False,excluded_sample_type
SRX20221193,PRJNA967233,paraquat poisoning,MONDO:0017862,,lung,UBERON:0002048,epithelial cells,Other,missing_ontology,,False,,False,False,unmapped_disease
SRX20221194,PRJNA967233,paraquat poisoning (lung injury),MONDO:0017862,,lung,UBERON:0002048,not specified; primary cells isolated from lung specimens,Other,missing_ontology,,False,,False,False,unmapped_disease
SRX20221195,PRJNA967233,paraquat poisoning,MONDO:0017862,,lung,,endothelial cells,Other,missing_ontology,,False,,False,False,unmapped_disease
SRX20221196,PRJNA967233,paraquat poisoning,MONDO:0017862,,lung,UBERON:0002048,immune cells,Other,missing_ontology,,False,,False,False,unmapped_disease
SRX20407493,PRJNA973717,ground-glass opacity featured lung adenocarcinoma,MONDO:0005061,,lung adenocarcinoma cell,UBERON:0002048,CAV-001X3,Lung Cancer,disease_text,True,False,,False,True,
SRX20407494,PRJNA973717,lung adenocarcinoma,MONDO:0005061,,lung adenocarcinoma cell,UBERON:0000115,CAV-002X3,Lung Cancer,disease_text,True,False,,False,True,
SRX20407496,PRJNA973717,lung adenocarcinoma,MONDO:0005061,,lung,UBERON:0002048,unsure,Lung Cancer,disease_text,True,False,,False,True,
SRX20407497,PRJNA973717,lung adenocarcinoma,MONDO:0005061,,lung adenocarcinoma cell,,CAN-005X3,Lung Cancer,disease_text,True,False,,False,True,
SRX20407498,PRJNA973717,lung adenocarcinoma,MONDO:0005061,,lung adenocarcinoma cell,UBERON:0002048,unsure,Lung Cancer,disease_text,True,False,,False,True,
SRX20407499,PRJNA973717,ground-glass opacity featured lung adenocarcinoma,MONDO:0005061,,lung adenocarcinoma cell,,"CAV-003X3, derived from lung adenocarcinoma",Lung Cancer,disease_text,True,False,,False,True,
SRX20612052,PRJNA980643,lung cancer,MONDO:0008903,,lung,UBERON:0002048,not applicable,Lung Cancer,disease_text,True,False,,False,False,non_lung
SRX20811742,PRJNA988459,COVID-19,MONDO:0100096,,tracheal aspirate,UBERON:0006833,not specified; sample derived from patient 161,COVID-19 / SARS-CoV-2,disease_text,True,False,,False,True,
SRX20811743,PRJNA988459,COVID-19,MONDO:0100096,,tracheal aspirate,UBERON:0006538,other,COVID-19 / SARS-CoV-2,disease_text,True,False,,False,True,
SRX20811744,PRJNA988459,COVID-19,MONDO:0100096,,tracheal aspirate,UBERON:0006833,not specified; sample derived from patient 357,COVID-19 / SARS-CoV-2,disease_text,True,False,,False,True,
SRX20811745,PRJNA988459,COVID-19,MONDO:0100096,,tracheal aspirate,,other,COVID-19 / SARS-CoV-2,disease_text,True,False,,False,True,
SRX20811747,PRJNA988459,COVID-19,MONDO:0100096,,tracheal aspirate,UBERON:0016553,other,COVID-19 / SARS-CoV-2,disease_text,True,False,,False,True,
SRX20811748,PRJNA988459,COVID-19,MONDO:0100096,,tracheal aspirate,,unsure,COVID-19 / SARS-CoV-2,disease_text,True,False,,False,True,
SRX20811749,PRJNA988459,COVID-19,MONDO:0100096,,tracheal aspirate,,other,COVID-19 / SARS-CoV-2,disease_text,True,False,,False,True,
SRX20811750,PRJNA988459,COVID-19,MONDO:0100096,,tracheal aspirate,UBERON:0006538,other,COVID-19 / SARS-CoV-2,disease_text,True,False,,False,True,
SRX20811751,PRJNA988459,COVID-19,MONDO:0100096,,tracheal aspirate,UBERON:0016553,unsure,COVID-19 / SARS-CoV-2,disease_text,True,False,,False,True,
SRX20811753,PRJNA988459,COVID-19,MONDO:0100096,,tracheal aspirate,,other,COVID-19 / SARS-CoV-2,disease_text,True,False,,False,True,
SRX20811754,PRJNA988459,COVID-19,MONDO:0100096,,tracheal aspirate,UBERON:0002819,other,COVID-19 / SARS-CoV-2,disease_text,True,False,,False,True,
SRX20811755,PRJNA988459,COVID-19,MONDO:0100096,,tracheal aspirate,UBERON:0006833,not specified,COVID-19 / SARS-CoV-2,disease_text,True,False,,False,True,
SRX20811756,PRJNA988459,COVID-19,MONDO:0100096,,tracheal aspirate,UBERON:0006833,unsure,COVID-19 / SARS-CoV-2,disease_text,True,False,,False,True,
SRX20811757,PRJNA988459,COVID-19,MONDO:0100096,,tracheal aspirate,UBERON:0016553,not applicable,COVID-19 / SARS-CoV-2,disease_text,True,False,,False,True,
SRX20811764,PRJNA988459,COVID-19,MONDO:0100096,,tracheal aspirate,UBERON:0011537,other,COVID-19 / SARS-CoV-2,disease_text,True,False,,False,True,
SRX20970825,PRJNA993165,rheumatoid arthritis,MONDO:0008383,,lung adenocarcinoma,,Calu-3,Other,missing_ontology,,False,,False,False,excluded_sample_type
SRX20970826,PRJNA993165,cancer,MONDO:0004992,,lung adenocarcinoma,UBERON:0002048,Calu-3,Other,missing_ontology,,False,,False,False,excluded_sample_type
SRX20970828,PRJNA993165,non-specific neck pain and low back pain,,,lung adenocarcinoma,UBERON:0002048,Calu-3,Other,missing_ontology,,False,,False,False,excluded_sample_type
SRX21203377,PRJNA1000503,fibrotic lung disease,MONDO:0002771,,lung,UBERON:0002048,"epithelium, mesenchyme",Other,missing_ontology,,False,,False,False,unmapped_disease
SRX21256826,PRJNA1002309,non-small cell lung cancer (NSCLC),MONDO:0005233,,lung,UBERON:0002048,lung tumor cell,Lung Cancer,disease_text,True,False,,False,True,
SRX21311406,PRJNA1003807,unsure,,,lung,UBERON:0002048,unsure,Other,missing_ontology,,False,,False,False,unmapped_disease
SRX21311407,PRJNA1003807,fibrotic lung (recipient),MONDO:0002771,,lung,UBERON:0002048,innate lymphoid cells,Other,missing_ontology,,False,,False,False,unmapped_disease
SRX21311408,PRJNA1003807,unsure,,,lung,UBERON:0002048,innate lymphoid cells,Other,missing_ontology,,False,,False,False,unmapped_disease
SRX21460093,PRJNA1008237,lung cancer susceptibility,MONDO:0012159,,tumor-distant normal lung,,other,Lung Cancer,disease_text,False,True,matchedAdjacent,False,True,
SRX21460094,PRJNA1008237,lung cancer susceptibility,MONDO:0012159,,tumor-distant normal lung,UBERON:0002048,not applicable,Lung Cancer,disease_text,False,True,matchedAdjacent,False,True,
SRX21460095,PRJNA1008237,absence epilepsy,MONDO:0010826,,tumor-distant normal lung,UBERON:0002048,not specified,Lung Cancer,study_consensus,False,True,matchedAdjacent,False,True,
SRX21460097,PRJNA1008237,lung cancer,MONDO:0008903,,lung,UBERON:0002048,not applicable,Lung Cancer,disease_text,False,True,matchedAdjacent,False,True,
SRX21460106,PRJNA1008237,lung cancer susceptibility,MONDO:0012159,,tumor-distant normal lung,UBERON:0002048,not applicable,Lung Cancer,disease_text,False,True,matchedAdjacent,False,True,
SRX21460107,PRJNA1008237,lung cancer susceptibility,MONDO:0012159,,tumor-distant normal lung,UBERON:0002048,not applicable,Lung Cancer,disease_text,False,True,matchedAdjacent,False,True,
SRX21460108,PRJNA1008237,unsure,,,tumor-distant normal lung,UBERON:0002048,unsure,Lung Cancer,study_consensus,False,True,matchedAdjacent,False,True,
SRX21460115,PRJNA1008237,lung cancer,MONDO:0008903,,tumor-distant normal lung,,not specified,Lung Cancer,disease_text,False,True,matchedAdjacent,False,True,
SRX21460116,PRJNA1008237,lung cancer susceptibility,MONDO:0012159,,tumor-distant normal lung,UBERON:0002048,not applicable,Lung Cancer,disease_text,False,True,matchedAdjacent,False,True,
SRX21460117,PRJNA1008237,lung cancer susceptibility,MONDO:0012159,,tumor-distant normal lung,,not specified,Lung Cancer,disease_text,False,True,matchedAdjacent,False,True,
SRX21460119,PRJNA1008237,lung cancer,MONDO:0008903,,lung,UBERON:0002048,not_applicable,Lung Cancer,disease_text,False,True,matchedAdjacent,False,True,
SRX21460120,PRJNA1008237,lung cancer susceptibility,MONDO:0012159,,tumor-distant normal lung,,single-cell analysis of lung cells,Lung Cancer,disease_text,False,True,matchedAdjacent,False,True,
SRX21460121,PRJNA1008237,lung cancer,MONDO:0008903,,tumor-distant normal lung,,other,Lung Cancer,disease_text,False,True,matchedAdjacent,False,True,
SRX21808827,PRJNA1018509,"pleural mesothelioma, rheumatoid arthritis",MONDO:0003308,,parietal pleura,UBERON:0002400,not specified,Other,missing_ontology,,False,,False,False,unmapped_disease
SRX21808828,PRJNA1018509,type 2 diabetes mellitus,MONDO:0005148,,parietal pleura,UBERON:0002400,unsure,Other,missing_ontology,,False,,False,False,unmapped_disease
SRX21808829,PRJNA1018509,pleural mesothelioma,MONDO:0003308,,parietal pleura,UBERON:0002400,not specified,Other,missing_ontology,,False,,False,False,unmapped_disease
SRX21808830,PRJNA1018509,"Glycogen storage disease type Ia, secondary gout",MONDO:0009287,,parietal pleura,UBERON:0002400,not specified,Other,missing_ontology,,False,,False,False,unmapped_disease
SRX21808831,PRJNA1018509,pleural mesothelioma,MONDO:0003308,,parietal pleura,UBERON:0002400,not specified,Other,missing_ontology,,False,,False,False,unmapped_disease
SRX21808832,PRJNA1018509,"pleural conditions, including pleural mesothelioma",MONDO:0003308,,parietal pleura,UBERON:0002400,not provided; sample from healthy adult human tissue,Other,missing_ontology,,False,,False,False,unmapped_disease
SRX21808833,PRJNA1018509,related to pleural conditions,MONDO:0006502,,parietal pleura,UBERON:0002400,unsure,Other,missing_ontology,,False,,False,False,unmapped_disease
SRX21808834,PRJNA1018509,pleural mesothelioma,MONDO:0003308,,parietal pleura,UBERON:0002400,unsure,Other,missing_ontology,,False,,False,False,unmapped_disease
SRX21897868,PRJNA1021137,depression,MONDO:0002050,,lung,UBERON:0002048,CAR-T cells,Lung Cancer,study_consensus,,False,,False,True,
SRX21897873,PRJNA1021137,lung adenocarcinoma,MONDO:0005061,,lung,UBERON:0002048,A549,Lung Cancer,disease_text,True,False,,False,False,excluded_sample_type
SRX21897874,PRJNA1021137,lung adenocarcinoma,MONDO:0005061,,mouse lungs,UBERON:0002048,"CAR-T cells, gSUV",Lung Cancer,disease_text,True,False,,False,True,
SRX21897876,PRJNA1021137,lung adenocarcinoma,MONDO:0005061,,lung,UBERON:0002048,"CAR-T cells, gSUV",Lung Cancer,disease_text,True,False,,False,True,
SRX21897877,PRJNA1021137,Experimental Autoimmune Encephalomyelitis (EAE),MONDO:0005134,,lung,UBERON:0002048,CAR-T cells,Lung Cancer,study_consensus,,False,,False,True,
SRX22130035,PRJNA1029622,Idiopathic pulmonary fibrosis (IPF),MONDO:0800504,,hESC-derived lung organoid,,Rockefeller University Embryonic Stem Cell Line 2 (RUES2),IPF / Pulmonary Fibrosis,disease_text,True,False,,False,False,excluded_sample_type
SRX22146400,PRJNA1030004,not specified,,,IMR90 (lung fibroblast cell line),UBERON:0000114,IMR90,Other,missing_ontology,,False,,False,False,excluded_sample_type
SRX22159982,PRJNA1030397,multidrug resistance in tumor cells,,,lung neoplasms,,"A549, A549/Taxol",Other,missing_ontology,,False,,False,False,non_human
SRX22226492,PRJNA1032112,acute respiratory distress syndrome (ARDS) from COVID-19,MONDO:0006502,,lung,UBERON:0002048,precision-cut lung slices from 2 different subjects,COVID-19 / SARS-CoV-2,disease_text,True,False,,False,True,
SRX22226494,PRJNA1032112,SARS-CoV-2 infection,MONDO:0100096,,lung,UBERON:0002048,not specified,COVID-19 / SARS-CoV-2,disease_text,True,False,,False,True,
SRX22226496,PRJNA1032112,SARS-CoV-2 infection,MONDO:0100096,,lung,UBERON:0002048,not specified; samples derived from human lung slices,COVID-19 / SARS-CoV-2,disease_text,True,False,,False,True,
SRX22226498,PRJNA1032112,SARS-CoV-2 infection,MONDO:0100096,,lung,UBERON:0002048,not specified,COVID-19 / SARS-CoV-2,disease_text,True,False,,False,True,
SRX22226500,PRJNA1032112,SARS-CoV-2 infection,MONDO:0100096,,lung,UBERON:0002048,other,COVID-19 / SARS-CoV-2,disease_text,True,False,,False,True,
SRX22226501,PRJNA1032112,SARS-CoV-2 infection,MONDO:0100096,,lung,UBERON:0002048,not specified,COVID-19 / SARS-CoV-2,disease_text,True,False,,False,True,
SRX22226502,PRJNA1032112,Acute Respiratory Distress Syndrome (ARDS) from COVID-19,MONDO:0006502,,lung,UBERON:0002048,other,COVID-19 / SARS-CoV-2,disease_text,True,False,,False,True,
SRX22226503,PRJNA1032112,unsure,,,lung,UBERON:0002048,unsure,COVID-19 / SARS-CoV-2,study_consensus,,False,,False,True,
SRX22226504,PRJNA1032112,SARS-CoV-2 infection,MONDO:0100096,,lung,UBERON:0002048,not specified,COVID-19 / SARS-CoV-2,disease_text,True,False,,False,True,
SRX22226505,PRJNA1032112,SARS-CoV-2 infection,MONDO:0100096,,lung,UBERON:0002048,unsure,COVID-19 / SARS-CoV-2,disease_text,True,False,,False,True,
SRX22226506,PRJNA1032112,unsure,,,lung,UBERON:0002048,unsure,COVID-19 / SARS-CoV-2,study_consensus,,False,,False,True,
SRX22226507,PRJNA1032112,unsure,,,lung,UBERON:0002048,unsure,COVID-19 / SARS-CoV-2,study_consensus,,False,,False,True,
SRX22478206,PRJNA1037570,mesothelioma,MONDO:0005065,,"lung, epithelial",UBERON:0000115,"NCI-H226_CL3, NCI-H226",Other,missing_ontology,,False,,False,False,unmapped_disease
SRX22538049,PRJNA1010235,influenza A infection,MONDO:0005812,,bronchial/tracheal epithelial cells,UBERON:0008397,NHBE,Other,missing_ontology,False,True,healthy,False,True,
SRX22556482,PRJNA1041762,idiopathic pulmonary fibrosis (IPF),MONDO:0800504,,"lung tissue, primary cultured human pulmonary microvascular endothelial cells (HPMEC)","UBERON:0002048,UBERON:0016405",other,IPF / Pulmonary Fibrosis,disease_text,True,False,,False,True,
SRX22556483,PRJNA1041762,Idiopathic pulmonary fibrosis,MONDO:0800504,,Human pulmonary blood vessel endothelial cells,UBERON:0005317,Not applicable,IPF / Pulmonary Fibrosis,disease_text,True,False,,False,True,
SRX22556484,PRJNA1041762,idiopathic pulmonary fibrosis,MONDO:0800504,,Human pulmonary blood vessel endothelial cells,UBERON:0005317,primary cultured human pulmonary microvascular endothelial cells,IPF / Pulmonary Fibrosis,disease_text,True,False,,False,True,
SRX22556485,PRJNA1041762,Idiopathic pulmonary fibrosis (comparison between healthy donor serum and IPF patient serum),MONDO:0800504,,Human pulmonary blood vessel endothelial cells (HPBEC) derived from lung tissue,UBERON:0013479,not applicable,IPF / Pulmonary Fibrosis,disease_text,,False,,False,True,
SRX22558190,PRJNA1041779,idiopathic subglottic tracheal stenosis,MONDO:0958099,,subglottic tracheal tissue,UBERON:0036068,unsure,Other,missing_ontology,,False,,False,False,unmapped_disease
SRX22558191,PRJNA1041779,anogenital herpes,MONDO:0005770,,idiopathic subglottic tracheal stenosis,UBERON:0036068,unsure,Other,missing_ontology,,False,,False,False,unmapped_disease
SRX22558192,PRJNA1041779,idiopathic subglottic tracheal stenosis,MONDO:0958099,,subglottic tracheal tissue,UBERON:0036068,unsure,Other,missing_ontology,,False,,False,False,unmapped_disease
SRX22558193,PRJNA1041779,none,,,trachea,UBERON:0003126,none,Other,missing_ontology,False,True,healthy,False,True,
SRX22613094,PRJNA1044045,lung adenocarcinoma,MONDO:0005061,,lung adenocarcinoma,UBERON:0000115,HCC4006,Lung Cancer,disease_text,True,False,,False,False,excluded_sample_type
SRX22613096,PRJNA1044045,non-small cell lung cancer (NSCLC),MONDO:0005233,,lung adenocarcinoma,UBERON:0002044,HCC4006,Lung Cancer,disease_text,True,False,,False,False,excluded_sample_type
SRX22613098,PRJNA1044045,lung adenocarcinoma,MONDO:0005061,,lung adenocarcinoma,UBERON:0004821,HCC4006,Lung Cancer,disease_text,True,False,,False,False,excluded_sample_type
SRX22613099,PRJNA1044045,non-small cell lung cancer (NSCLC),MONDO:0005233,,lung adenocarcinoma,UBERON:0004821,HCC4006,Lung Cancer,disease_text,True,False,,False,False,excluded_sample_type
SRX22834774,PRJNA1050266,cancer (lung cancer and melanoma),MONDO:0004992,,lung tissue,UBERON:0002048,unsure,Lung Cancer,disease_text,True,False,,False,True,
SRX22836418,PRJNA1050294,neoplasms,MONDO:0005070,,micro-patterned alveolar epithelial cells,UBERON:0004821,B2-3,Other,missing_ontology,,False,,False,False,unmapped_disease
SRX22836419,PRJNA1050294,none,,,micro-patterned airway epithelial cells,UBERON:0004802,B2-3,Other,missing_ontology,False,True,healthy,False,True,
SRX22836420,PRJNA1050294,tumor cells and mechanical stress,MONDO:0005070,,pulmonary epithelial cells,UBERON:0000115,B2-3 (Micro-patterned alveolar epithelial cells),Other,missing_ontology,,False,,False,False,unmapped_disease
SRX22836421,PRJNA1050294,unsure,,,micro-patterned airway epithelial cells,UBERON:0004802,B2-3,Other,missing_ontology,,False,,False,False,unmapped_disease
SRX22917447,PRJNA1053822,osteoporosis,MONDO:0005298,,lung,UBERON:0002048,unsure,Other,missing_ontology,,False,,False,False,unmapped_disease
SRX22996309,PRJNA1055415,lung adenocarcinoma (LUAD),MONDO:0005061,,lung,UBERON:0002048,not specified,Lung Cancer,disease_text,True,False,,False,True,
SRX22996310,PRJNA1055415,lung adenocarcinoma,MONDO:0005061,,lung,UBERON:0002048,unsure,Lung Cancer,disease_text,True,False,,False,True,
SRX22996311,PRJNA1055415,lung adenocarcinoma,MONDO:0005061,,lung,UBERON:0002048,unsure,Lung Cancer,disease_text,True,False,,False,True,
SRX22996312,PRJNA1055415,lung adenocarcinoma,MONDO:0005061,,lung,UBERON:0002048,unsure,Lung Cancer,disease_text,True,False,,False,True,
SRX22996313,PRJNA1055415,lung adenocarcinoma (LUAD),MONDO:0005061,,lung,UBERON:0002048,unsure,Lung Cancer,disease_text,True,False,,False,True,
SRX22996314,PRJNA1055415,lung adenocarcinoma (LUAD),MONDO:0005061,,lung,UBERON:0002048,unsure,Lung Cancer,disease_text,True,False,,False,True,
SRX22996315,PRJNA1055415,lung adenocarcinoma,MONDO:0005061,,lung,UBERON:0002048,unsure,Lung Cancer,disease_text,True,False,,False,True,
SRX22996316,PRJNA1055415,lung adenocarcinoma (LUAD),MONDO:0005061,,lung adenocarcinoma,UBERON:0002048,unsure,Lung Cancer,disease_text,True,False,,False,True,
SRX22996317,PRJNA1055415,lung adenocarcinoma,MONDO:0005061,,lung,UBERON:0002048,,Lung Cancer,disease_text,True,False,,False,True,
SRX22996318,PRJNA1055415,lung adenocarcinoma,MONDO:0005061,,lung,UBERON:0002048,unsure,Lung Cancer,disease_text,True,False,,False,True,
SRX22996319,PRJNA1055415,lung adenocarcinoma,MONDO:0005061,,lung,UBERON:0002048,unsure,Lung Cancer,disease_text,True,False,,False,True,
SRX22996320,PRJNA1055415,lung adenocarcinoma,MONDO:0005061,,lung,UBERON:0002048,unsure,Lung Cancer,disease_text,True,False,,False,True,
SRX22996322,PRJNA1055415,lung adenocarcinoma,MONDO:0005061,,lung,UBERON:0002048,not specified,Lung Cancer,disease_text,True,False,,False,True,
SRX22996323,PRJNA1055415,lung adenocarcinoma,MONDO:0005061,,lung,UBERON:0002048,unsure,Lung Cancer,disease_text,True,False,,False,True,
SRX22996325,PRJNA1055415,lung adenocarcinoma,MONDO:0005061,,lung,UBERON:0002048,unsure,Lung Cancer,disease_text,True,False,,False,True,
SRX22996327,PRJNA1055415,lung adenocarcinoma,MONDO:0005061,,lung,UBERON:0002048,unsure,Lung Cancer,disease_text,True,False,,False,True,
SRX22996328,PRJNA1055415,lung adenocarcinoma,MONDO:0005061,,lung,UBERON:0002048,unsure,Lung Cancer,disease_text,True,False,,False,True,
SRX22996329,PRJNA1055415,lung adenocarcinoma,MONDO:0005061,,lung,UBERON:0002048,unsure,Lung Cancer,disease_text,True,False,,False,True,
SRX22996330,PRJNA1055415,lung adenocarcinoma,MONDO:0005061,,lung,UBERON:0002048,unsure,Lung Cancer,disease_text,True,False,,False,True,
SRX22996331,PRJNA1055415,lung adenocarcinoma (LUAD),MONDO:0005061,,lung,UBERON:0002048,not_applicable,Lung Cancer,disease_text,True,False,,False,True,
SRX22996332,PRJNA1055415,unsure,,,lung,UBERON:0002048,unsure,Lung Cancer,study_consensus,,False,,False,True,
SRX22996333,PRJNA1055415,lung adenocarcinoma,MONDO:0005061,,lung,UBERON:0002048,unsure,Lung Cancer,disease_text,True,False,,False,True,
SRX22996334,PRJNA1055415,lung adenocarcinoma,MONDO:0005061,,lung,UBERON:0002048,unsure,Lung Cancer,disease_text,True,False,,False,True,
SRX22996335,PRJNA1055415,lung adenocarcinoma,MONDO:0005061,,lung,UBERON:0002048,not specified,Lung Cancer,disease_text,True,False,,False,True,
SRX22996336,PRJNA1055415,lung adenocarcinoma,MONDO:0005061,,lung,UBERON:0002048,unsure,Lung Cancer,disease_text,True,False,,False,True,
SRX22996337,PRJNA1055415,lung adenocarcinoma,MONDO:0005061,,lung,UBERON:0002048,unsure,Lung Cancer,disease_text,True,False,,False,True,
SRX22996338,PRJNA1055415,lung adenocarcinoma,MONDO:0005061,,lung,UBERON:0002048,unsure,Lung Cancer,disease_text,True,False,,False,True,
SRX22996339,PRJNA1055415,lung adenocarcinoma,MONDO:0005061,,lung,,unsure,Lung Cancer,disease_text,True,False,,False,True,
SRX22996340,PRJNA1055415,lung adenocarcinoma (LUAD),MONDO:0005061,,lung,UBERON:0002048,unsure,Lung Cancer,disease_text,True,False,,False,True,
SRX22996341,PRJNA1055415,lung adenocarcinoma,MONDO:0005061,,lung,UBERON:0002048,MRC007 Adeno ANT_6,Lung Cancer,disease_text,True,False,,False,True,
SRX22996342,PRJNA1055415,lung adenocarcinoma,MONDO:0005061,,lung,UBERON:0002048,unsure,Lung Cancer,disease_text,True,False,,False,True,
SRX22996343,PRJNA1055415,lung adenocarcinoma (LUAD),MONDO:0005061,,lung,UBERON:0002048,unsure,Lung Cancer,disease_text,True,False,,False,True,
SRX22996344,PRJNA1055415,lung adenocarcinoma (LUAD),MONDO:0005061,,lung,UBERON:0002048,MRC007 Adeno_2,Lung Cancer,disease_text,True,False,,False,True,
SRX22996345,PRJNA1055415,lung adenocarcinoma,MONDO:0005061,,lung,UBERON:0002048,unsure,Lung Cancer,disease_text,True,False,,False,True,
SRX22996346,PRJNA1055415,lung adenocarcinoma,MONDO:0005061,,lung,,unsure,Lung Cancer,disease_text,True,False,,False,True,
SRX22996347,PRJNA1055415,lung adenocarcinoma,MONDO:0005061,,lung,,unsure,Lung Cancer,disease_text,True,False,,False,True,
SRX22996348,PRJNA1055415,lung adenocarcinoma (LUAD),MONDO:0005061,,lung,UBERON:0002048,unsure,Lung Cancer,disease_text,True,False,,False,True,
SRX22996349,PRJNA1055415,lung adenocarcinoma (LUAD),MONDO:0005061,,lung adenocarcinoma,,unsure,Lung Cancer,disease_text,True,False,,False,True,
SRX22996350,PRJNA1055415,lung adenocarcinoma,MONDO:0005061,,lung,UBERON:0002048,unsure,Lung Cancer,disease_text,True,False,,False,True,
SRX22996351,PRJNA1055415,lung adenocarcinoma,MONDO:0005061,,lung,UBERON:0002048,unsure,Lung Cancer,disease_text,True,False,,False,True,
SRX22996352,PRJNA1055415,lung adenocarcinoma,MONDO:0005061,,lung,UBERON:0002048,MRC008 Adeno ANT CD45+_3,Lung Cancer,disease_text,True,False,,False,True,
SRX22996353,PRJNA1055415,lung adenocarcinoma,MONDO:0005061,,lung,,unsure,Lung Cancer,disease_text,True,False,,False,True,
SRX22996354,PRJNA1055415,lung adenocarcinoma,MONDO:0005061,,lung,UBERON:0002048,unsure,Lung Cancer,disease_text,True,False,,False,True,
SRX22996355,PRJNA1055415,lung adenocarcinoma,MONDO:0005061,,lung,UBERON:0002048,unsure,Lung Cancer,disease_text,True,False,,False,True,
SRX22996356,PRJNA1055415,lung adenocarcinoma,MONDO:0005061,,lung,UBERON:0002048,MRC008 Adeno_2,Lung Cancer,disease_text,True,False,,False,True,
SRX22996358,PRJNA1055415,lung adenocarcinoma (LUAD),MONDO:0005061,,lung,UBERON:0002048,unsure,Lung Cancer,disease_text,True,False,,False,True,
SRX22996359,PRJNA1055415,lung adenocarcinoma,MONDO:0005061,,lung,UBERON:0002048,unsure,Lung Cancer,disease_text,True,False,,False,True,
SRX22996360,PRJNA1055415,lung adenocarcinoma (LUAD),MONDO:0005061,,lung,UBERON:0002048,not specified,Lung Cancer,disease_text,True,False,,False,True,
SRX22996361,PRJNA1055415,lung adenocarcinoma,MONDO:0005061,,lung,UBERON:0002048,unsure,Lung Cancer,disease_text,True,False,,False,True,
SRX22996363,PRJNA1055415,lung adenocarcinoma,MONDO:0005061,,lung,UBERON:0002048,MRC009 Adeno ANT_2,Lung Cancer,disease_text,True,False,,False,True,
SRX22996364,PRJNA1055415,lung adenocarcinoma (LUAD),MONDO:0005061,,lung,UBERON:0002048,not specified,Lung Cancer,disease_text,True,False,,False,True,
SRX22996365,PRJNA1055415,lung adenocarcinoma (LUAD),MONDO:0005061,,lung,UBERON:0002048,unsure,Lung Cancer,disease_text,True,False,,False,True,
SRX22996366,PRJNA1055415,lung adenocarcinoma,MONDO:0005061,,lung,UBERON:0002048,unsure,Lung Cancer,disease_text,True,False,,False,True,
SRX22996367,PRJNA1055415,lung adenocarcinoma,MONDO:0005061,,lung,UBERON:0002048,unsure,Lung Cancer,disease_text,True,False,,False,True,
SRX22996368,PRJNA1055415,lung adenocarcinoma,MONDO:0005061,,lung,UBERON:0002048,unsure,Lung Cancer,disease_text,True,False,,False,True,
SRX22996369,PRJNA1055415,lung adenocarcinoma,MONDO:0005061,,lung,UBERON:0002048,unsure,Lung Cancer,disease_text,True,False,,False,True,
SRX22996371,PRJNA1055415,lung adenocarcinoma,MONDO:0005061,,lung,UBERON:0002048,unsure,Lung Cancer,disease_text,True,False,,False,True,
SRX22996373,PRJNA1055415,lung adenocarcinoma,MONDO:0005061,,lung,UBERON:0002048,unsure,Lung Cancer,disease_text,True,False,,False,True,
SRX22996374,PRJNA1055415,lung adenocarcinoma,MONDO:0005061,,lung,UBERON:0002048,unsure,Lung Cancer,disease_text,True,False,,False,True,
SRX22996376,PRJNA1055415,lung adenocarcinoma (LUAD),MONDO:0005061,,lung,UBERON:0002048,unsure,Lung Cancer,disease_text,True,False,,False,True,
SRX22996377,PRJNA1055415,lung adenocarcinoma,MONDO:0005061,,lung,UBERON:0002048,MRC009 Adeno_4,Lung Cancer,disease_text,True,False,,False,True,
SRX22996378,PRJNA1055415,lung adenocarcinoma,MONDO:0005061,,lung,UBERON:0002048,unsure,Lung Cancer,disease_text,True,False,,False,True,
SRX22996379,PRJNA1055415,lung adenocarcinoma,MONDO:0005061,,lung,UBERON:0002048,unsure,Lung Cancer,disease_text,True,False,,False,True,
SRX22996380,PRJNA1055415,lung adenocarcinoma (LUAD),MONDO:0005061,,lung,UBERON:0002048,unsure,Lung Cancer,disease_text,True,False,,False,True,
SRX22996381,PRJNA1055415,lung adenocarcinoma,MONDO:0005061,,lung,UBERON:0002048,unsure,Lung Cancer,disease_text,True,False,,False,True,
SRX22996382,PRJNA1055415,lung adenocarcinoma,MONDO:0005061,,lung,UBERON:0002048,unsure,Lung Cancer,disease_text,True,False,,False,True,
SRX22996383,PRJNA1055415,lung adenocarcinoma,MONDO:0005061,,lung adenocarcinoma,,unsure,Lung Cancer,disease_text,True,False,,False,True,
SRX22996384,PRJNA1055415,lung adenocarcinoma,MONDO:0005061,,lung,UBERON:0002048,unsure,Lung Cancer,disease_text,True,False,,False,True,
SRX22996385,PRJNA1055415,lung adenocarcinoma (LUAD),MONDO:0005061,,lung,UBERON:0002048,not specified; involves human samples from patients with LUAD,Lung Cancer,disease_text,True,False,,False,True,
SRX22996386,PRJNA1055415,lung adenocarcinoma,MONDO:0005061,,lung,UBERON:0002048,unsure,Lung Cancer,disease_text,True,False,,False,True,
SRX22996387,PRJNA1055415,lung adenocarcinoma (LUAD),MONDO:0005061,,lung,UBERON:0002048,unsure,Lung Cancer,disease_text,True,False,,False,True,
SRX22996388,PRJNA1055415,lung adenocarcinoma,MONDO:0005061,,lung,UBERON:0002048,unsure,Lung Cancer,disease_text,True,False,,False,True,
SRX22996389,PRJNA1055415,lung adenocarcinoma (LUAD),MONDO:0005061,,lung,UBERON:0002048,unsure,Lung Cancer,disease_text,True,False,,False,True,
SRX22996390,PRJNA1055415,lung adenocarcinoma,MONDO:0005061,,lung,UBERON:0002048,unsure,Lung Cancer,disease_text,True,False,,False,True,
SRX22996391,PRJNA1055415,lung adenocarcinoma,MONDO:0005061,,lung,UBERON:0002048,unsure,Lung Cancer,disease_text,True,False,,False,True,
SRX22996392,PRJNA1055415,lung adenocarcinoma,MONDO:0005061,,lung,UBERON:0002048,unsure,Lung Cancer,disease_text,True,False,,False,True,
SRX22996393,PRJNA1055415,lung adenocarcinoma,MONDO:0005061,,lung,UBERON:0002048,unsure,Lung Cancer,disease_text,True,False,,False,True,
SRX22996394,PRJNA1055415,lung adenocarcinoma,MONDO:0005061,,lung,UBERON:0002048,unsure,Lung Cancer,disease_text,True,False,,False,True,
SRX22996395,PRJNA1055415,lung adenocarcinoma (LUAD),MONDO:0005061,,lung,,unsure,Lung Cancer,disease_text,True,False,,False,True,
SRX22996396,PRJNA1055415,lung adenocarcinoma (LUAD),MONDO:0005061,,lung,UBERON:0002048,unsure,Lung Cancer,disease_text,True,False,,False,True,
SRX22996397,PRJNA1055415,lung adenocarcinoma (LUAD),MONDO:0005061,,lung,UBERON:0002048,unsure,Lung Cancer,disease_text,True,False,,False,True,
SRX23115055,PRJNA1061642,hereditary hemorrhagic telangiectasia (HHT),MONDO:0019180,,"human umbilical cord endothelial cells, normal human lung fibroblast",UBERON:0007777,"human umbilical cord endothelial cells, normal human lung fibroblast",Other,missing_ontology,,False,,False,False,unmapped_disease
SRX23231247,PRJNA1065377,idiopathic pulmonary fibrosis,MONDO:0800504,,lung,UBERON:0002048,not specified,IPF / Pulmonary Fibrosis,disease_text,True,False,,False,True,
SRX23331461,PRJNA1066790,mental health issues in children of immigrant mothers,,,airway epithelium,UBERON:0004802,large airway epithelial cells,COVID-19 / SARS-CoV-2,study_consensus,,False,,False,True,
SRX23331462,PRJNA1066790,SARS-CoV-2 infection,MONDO:0100096,,airway epithelium,UBERON:0004802,"small airway epithelial, primary air-liquid interface culture",COVID-19 / SARS-CoV-2,disease_text,True,False,,False,True,
SRX23331463,PRJNA1066790,SARS-CoV-2 infection,MONDO:0100096,,airway epithelium,UBERON:0004802,large airway epithelial cells,COVID-19 / SARS-CoV-2,disease_text,True,False,,False,True,
SRX23331464,PRJNA1066790,not specified,,,airway epithelium,UBERON:0004802,small airway epithelial (Primary air-liquid interface culture),COVID-19 / SARS-CoV-2,study_consensus,,False,,False,True,
SRX23331465,PRJNA1066790,not specified,,,airway epithelium,UBERON:0004802,small airway epithelial,COVID-19 / SARS-CoV-2,study_consensus,,False,,False,True,
SRX23331466,PRJNA1066790,not specified,,,airway epithelium,,large airway epithelial,COVID-19 / SARS-CoV-2,study_consensus,,False,,False,True,
SRX23331467,PRJNA1066790,unsure,,,airway epithelium,UBERON:0004802,large airway epithelial,COVID-19 / SARS-CoV-2,study_consensus,,False,,False,True,
SRX23331469,PRJNA1066790,unsure,,,airway epithelium,UBERON:0004802,large airway epithelial,COVID-19 / SARS-CoV-2,study_consensus,,False,,False,True,
SRX23331470,PRJNA1066790,unsure,,,airway epithelium,UBERON:0004802,large airway epithelial,COVID-19 / SARS-CoV-2,study_consensus,,False,,False,True,
SRX23331471,PRJNA1066790,SARS-CoV-2 infection,MONDO:0100096,,airway epithelium,UBERON:0004802,small airway epithelial,COVID-19 / SARS-CoV-2,disease_text,True,False,,False,True,
SRX23331472,PRJNA1066790,SARS-CoV-2 infection,MONDO:0100096,,airway epithelial cells,UBERON:0004802,Primary human airway epithelial cells,COVID-19 / SARS-CoV-2,disease_text,True,False,,False,True,
SRX23331473,PRJNA1066790,unsure,,,airway epithelium,,small airway epithelial,COVID-19 / SARS-CoV-2,study_consensus,,False,,False,True,
SRX23386174,PRJNA1068611,neovascular age-related macular degeneration,MONDO:0005153,,bronchial brushing,UBERON:0002048,bronchial airway cells,Other,missing_ontology,,False,,False,False,unmapped_disease
SRX23386175,PRJNA1068611,acute myeloid leukaemia (AML) or myelodysplastic syndrome (MDS),MONDO:0018874,,bronchial brushing,UBERON:0002031,bronchial airway cells,Other,missing_ontology,,False,,False,False,unmapped_disease
SRX23395179,PRJNA1069102,Infected with SARS-CoV-2,MONDO:0100096,,lung,UBERON:0002048,Epithelial (from lung tissue),COVID-19 / SARS-CoV-2,disease_text,True,False,,False,True,
SRX23395180,PRJNA1069102,not specified,,,lung,UBERON:0002048,not specified,COVID-19 / SARS-CoV-2,study_consensus,False,False,,True,True,
SRX23395181,PRJNA1069102,acute coronary syndrome,MONDO:0005542,,lung,UBERON:0002048,epithelial,COVID-19 / SARS-CoV-2,study_consensus,False,False,,True,True,
SRX23395182,PRJNA1069102,infected with SARS-CoV-2,MONDO:0100096,,lung,UBERON:0002048,"epithelial, pediatric, 5 weeks, male, Caucasian",COVID-19 / SARS-CoV-2,disease_text,True,False,,False,True,
SRX23395183,PRJNA1069102,not specified,,,lung,UBERON:0002048,"epithelial, pediatric, 2 months, male, caucasian",COVID-19 / SARS-CoV-2,study_consensus,False,False,,True,True,
SRX23395184,PRJNA1069102,infected with SARS-CoV-2,MONDO:0100096,,lung,UBERON:0002048,"epithelial cells, pediatric, 2 months old, male, Caucasian",COVID-19 / SARS-CoV-2,disease_text,True,False,,False,True,
SRX23395185,PRJNA1069102,no specific disease; study on SARS-CoV-2 response,,,lung,UBERON:0002048,"epithelial, pediatric, 6 months, male, Caucasian",COVID-19 / SARS-CoV-2,disease_text,False,False,,True,True,
SRX23395186,PRJNA1069102,infected with SARS-CoV-2,MONDO:0100096,,lung,UBERON:0002048,"epithelial, pediatric, 6 months, male, Caucasian",COVID-19 / SARS-CoV-2,disease_text,True,False,,False,True,
SRX23395187,PRJNA1069102,other,,,lung,UBERON:0002048,"epithelial, pediatric (2 months), male",COVID-19 / SARS-CoV-2,study_consensus,False,False,,True,True,
SRX23395188,PRJNA1069102,infected with SARS-CoV-2,MONDO:0100096,,lung,UBERON:0002048,epithelial,COVID-19 / SARS-CoV-2,disease_text,True,False,,False,True,
SRX23395189,PRJNA1069102,unsure,,,lung,UBERON:0002048,unsure,COVID-19 / SARS-CoV-2,study_consensus,False,False,,True,True,
SRX23395190,PRJNA1069102,infected with SARS-CoV-2,MONDO:0100096,,lung,UBERON:0002048,not specified; sample from primary lung epithelial cells,COVID-19 / SARS-CoV-2,disease_text,True,False,,False,True,
SRX23395191,PRJNA1069102,SARS-CoV-2 infection,MONDO:0100096,,lung,UBERON:0002048,primary lung epithelial cells,COVID-19 / SARS-CoV-2,disease_text,False,False,,True,True,
SRX23395192,PRJNA1069102,SARS-CoV-2 infection,MONDO:0100096,,lung,UBERON:0002048,not_applicable,COVID-19 / SARS-CoV-2,disease_text,True,False,,False,True,
SRX23457969,PRJNA1071273,infected by betacoronaviruses,,,bronchial epithelium,UBERON:0002031,HBEC organoid-control-1,COVID-19 / SARS-CoV-2,study_consensus,,False,,False,False,excluded_sample_type
SRX23457970,PRJNA1071273,infections by betacoronaviruses,MONDO:0020753,,bronchial epithelium,UBERON:0002031,human bronchial epithelial organoids,COVID-19 / SARS-CoV-2,study_consensus,,False,,False,False,excluded_sample_type
SRX23457971,PRJNA1071273,MERS-CoV infection,MONDO:0100116,,bronchial epithelium,,HBEC organoid-MERS-2,COVID-19 / SARS-CoV-2,study_consensus,,False,,False,False,excluded_sample_type
SRX23457972,PRJNA1071273,"related to betacoronaviruses (HCoV-OC43, SARS-CoV, MERS-CoV, SARS-CoV-2)",,,bronchial epithelium,UBERON:0002031,HBEC organoid (Human Bronchial Epithelial Cell organoid),COVID-19 / SARS-CoV-2,disease_text,True,False,,False,False,excluded_sample_type
SRX23457973,PRJNA1071273,unsure,,,bronchial epithelium,UBERON:0002031,HBEC organoid-BA275-1,COVID-19 / SARS-CoV-2,study_consensus,,False,,False,False,excluded_sample_type
SRX23457974,PRJNA1071273,infected by betacoronaviruses,,,bronchial epithelium,UBERON:0002031,HBEC organoid-BA275-2,COVID-19 / SARS-CoV-2,study_consensus,,False,,False,False,excluded_sample_type
SRX23457975,PRJNA1071273,none,,,bronchial epithelium,UBERON:0002031,none,COVID-19 / SARS-CoV-2,study_consensus,False,True,healthy,False,True,
SRX23457976,PRJNA1071273,unsure,,,bronchial epithelium,UBERON:0002031,HBEC organoid-control-3,COVID-19 / SARS-CoV-2,study_consensus,,False,,False,False,excluded_sample_type
SRX23457977,PRJNA1071273,viral infections,MONDO:0020950,,bronchial epithelium,UBERON:0002031,HBEC organoid-OC43-1,COVID-19 / SARS-CoV-2,study_consensus,,False,,False,False,excluded_sample_type
SRX23457978,PRJNA1071273,betacoronavirus infection,MONDO:0100096,,bronchial epithelium,UBERON:0002031,HBEC organoid-OC43-2,COVID-19 / SARS-CoV-2,study_consensus,,False,,False,False,excluded_sample_type
SRX23457979,PRJNA1071273,not explicitly mentioned,,,bronchial epithelium,UBERON:0002031,HBEC organoid-OC43-3,COVID-19 / SARS-CoV-2,study_consensus,,False,,False,False,excluded_sample_type
SRX23457980,PRJNA1071273,infected by betacoronaviruses,,,bronchial epithelium,UBERON:0002031,HBEC organoid-SARS1-1,COVID-19 / SARS-CoV-2,study_consensus,,False,,False,False,excluded_sample_type
SRX23457981,PRJNA1071273,not specified,,,bronchial epithelium,UBERON:0002031,HBEC organoid-SARS1-2,COVID-19 / SARS-CoV-2,study_consensus,,False,,False,False,excluded_sample_type
SRX23457982,PRJNA1071273,related to betacoronaviruses,,,bronchial epithelium,UBERON:0002031,HBEC organoid-SARS1-3,COVID-19 / SARS-CoV-2,study_consensus,,False,,False,False,excluded_sample_type
SRX23457983,PRJNA1071273,not specified,,,bronchial epithelium,UBERON:0002031,HBEC organoid-MERS-1,COVID-19 / SARS-CoV-2,study_consensus,,False,,False,False,excluded_sample_type
SRX23619806,PRJNA1076461,small cell lung cancer (SCLC),MONDO:0008433,,pulmonary neuroendocrine cells (PNECs),UBERON:0010002,RUES2,Lung Cancer,disease_text,True,False,,False,False,excluded_sample_type
SRX23619807,PRJNA1076461,Model for small cell lung cancer (SCLC),MONDO:0008433,,Human embryonic stem cell-derived pulmonary neuroendocrine cells,UBERON:0010002,RUES2 RPM WT,Lung Cancer,disease_text,True,False,,False,False,excluded_sample_type
SRX23619809,PRJNA1076461,small cell lung cancer,MONDO:0008433,,pulmonary neuroendocrine cells,UBERON:0010002,RUES2-derived,Lung Cancer,disease_text,True,False,,False,False,excluded_sample_type
SRX23724073,PRJNA847631,SARS-CoV-2 infection,MONDO:0100096,,lung slice,UBERON:0002048,,COVID-19 / SARS-CoV-2,disease_text,True,False,,False,True,
SRX23724074,PRJNA847631,none (healthy),,,lung (ex vivo lung slice),UBERON:0002048,none,COVID-19 / SARS-CoV-2,study_consensus,False,True,healthy,False,True,
SRX23724081,PRJNA847631,SARS-CoV-2 infection (COVID-19 model),MONDO:0100096,,lung (ex vivo cultured human lung slices),UBERON:0002048,none (primary tissue),COVID-19 / SARS-CoV-2,disease_text,True,False,,False,True,
SRX23724082,PRJNA847631,SARS-CoV-2 infection,MONDO:0100096,,"lung (human lung slice, ex vivo)",UBERON:0002048,none (primary tissue),COVID-19 / SARS-CoV-2,disease_text,True,False,,False,True,
SRX23724083,PRJNA847631,SARS-CoV-2 infection (COVID-19 model),MONDO:0100096,,ex vivo cultured healthy human lung slices,UBERON:0002048,none,COVID-19 / SARS-CoV-2,disease_text,True,False,,False,True,
SRX23724084,PRJNA847631,none (experimental infection with SARS-CoV-2),,,lung,UBERON:0002048,none,COVID-19 / SARS-CoV-2,disease_text,,False,,False,True,
SRX23724085,PRJNA847631,SARS-CoV-2 infection,MONDO:0100096,,lung,UBERON:0002048,none,COVID-19 / SARS-CoV-2,disease_text,True,False,,False,True,
SRX23724086,PRJNA847631,none (mock-infected),,,lung (cells dissociated from ex vivo lung slices),UBERON:0002048,none,COVID-19 / SARS-CoV-2,study_consensus,False,True,healthy,False,True,
SRX23724087,PRJNA847631,"none (mock infection, uninfected control)",,,lung (ex vivo lung slices),UBERON:0002048,none (primary ex vivo lung tissue),COVID-19 / SARS-CoV-2,study_consensus,False,True,healthy,False,True,
SRX23724088,PRJNA847631,SARS-CoV-2 infection,MONDO:0100096,,lung,UBERON:0002048,none,COVID-19 / SARS-CoV-2,disease_text,True,False,,False,True,
SRX23724090,PRJNA847631,SARS-CoV-2 infection (COVID-19),MONDO:0100096,,lung,UBERON:0002048,none specified,COVID-19 / SARS-CoV-2,disease_text,True,False,,False,True,
SRX23724091,PRJNA847631,SARS-CoV-2 infection (COVID-19),MONDO:0100096,,lung tissue slices,UBERON:0002048,none,COVID-19 / SARS-CoV-2,disease_text,True,False,,False,True,
SRX23724094,PRJNA847631,SARS-CoV-2 infection,MONDO:0100096,,ex vivo cultured human lung slice,UBERON:0002048,none,COVID-19 / SARS-CoV-2,disease_text,True,False,,False,True,
SRX23724095,PRJNA847631,"SARS-CoV-2 infection, mock-infected control",MONDO:0100096,,lung (ex vivo slices),UBERON:0002048,none,COVID-19 / SARS-CoV-2,disease_text,,False,,False,True,
SRX23724096,PRJNA847631,SARS-CoV-2 infection,MONDO:0100096,,lung (ex vivo lung tissue slices),UBERON:0002048,not_applicable,COVID-19 / SARS-CoV-2,disease_text,True,False,,False,True,
SRX23724097,PRJNA847631,none (mock-infected),,,lung (primary lung slice culture),UBERON:0002048,not applicable (primary tissue),COVID-19 / SARS-CoV-2,study_consensus,False,True,healthy,False,True,
SRX23724098,PRJNA847631,SARS-CoV-2 infection,MONDO:0100096,,lung,UBERON:0002048,"primary human lung cells, donor C3_ST015",COVID-19 / SARS-CoV-2,disease_text,True,False,,False,True,
SRX23724099,PRJNA847631,unsure,,,lung,UBERON:0002048,C3_ST015 (not a standard cell line),COVID-19 / SARS-CoV-2,study_consensus,,False,,False,False,excluded_sample_type
SRX23724100,PRJNA847631,SARS-CoV-2 infection (COVID-19),MONDO:0100096,,lung,UBERON:0002048,,COVID-19 / SARS-CoV-2,disease_text,True,False,,False,True,
SRX23724101,PRJNA847631,SARS-CoV-2 infection,MONDO:0100096,,lung (ex vivo cultured lung slices),UBERON:0002048,not_applicable,COVID-19 / SARS-CoV-2,disease_text,True,False,,False,True,
SRX23724102,PRJNA847631,none reported,,,lung,UBERON:0002048,none,COVID-19 / SARS-CoV-2,study_consensus,False,True,healthy,False,True,
SRX23724103,PRJNA847631,SARS-CoV-2 infection (COVID-19),MONDO:0100096,,lung tissue slices,UBERON:0008946,none,COVID-19 / SARS-CoV-2,disease_text,True,False,,False,True,
SRX23724104,PRJNA847631,SARS-CoV-2 infection (COVID-19),MONDO:0100096,,lung slices,UBERON:0002048,none,COVID-19 / SARS-CoV-2,disease_text,True,False,,False,True,
SRX23724105,PRJNA847631,SARS-CoV-2 infection (COVID-19),MONDO:0100096,,lung (ex vivo cultured human lung slices),UBERON:0002048,none,COVID-19 / SARS-CoV-2,disease_text,True,False,,False,True,
SRX23724106,PRJNA847631,"COVID-19, SARS-CoV-2 infection",MONDO:0100096,,lung,UBERON:0002048,none,COVID-19 / SARS-CoV-2,disease_text,True,False,,False,True,
SRX23724107,PRJNA847631,SARS-CoV-2 infection (COVID-19),MONDO:0100096,,lung,UBERON:0002048,none,COVID-19 / SARS-CoV-2,disease_text,True,False,,False,True,
SRX23724109,PRJNA847631,SARS-CoV-2 infection (COVID-19),MONDO:0100096,,lung (ex vivo human lung slices),UBERON:0002048,none (primary tissue),COVID-19 / SARS-CoV-2,disease_text,True,False,,False,True,
SRX23724110,PRJNA847631,COVID-19 (SARS-CoV-2 infection),MONDO:0100096,,lung,UBERON:0002048,none (primary cells),COVID-19 / SARS-CoV-2,disease_text,True,False,,False,True,
SRX23724111,PRJNA847631,SARS-CoV-2 infection (ex vivo infection model),MONDO:0100096,,lung (ex vivo cultured human lung slices),UBERON:0002048,not_applicable,COVID-19 / SARS-CoV-2,disease_text,True,False,,False,True,
SRX23724116,PRJNA847631,none (not a disease cohort; ex vivo infection model),,,lung (ex vivo lung tissue slices),UBERON:0002048,DNW099,COVID-19 / SARS-CoV-2,study_consensus,False,True,healthy,False,True,
SRX23724118,PRJNA847631,unsure,,,lung,UBERON:0002048,none,COVID-19 / SARS-CoV-2,study_consensus,,False,,False,True,
SRX23724120,PRJNA847631,,,,lung,UBERON:0002048,,COVID-19 / SARS-CoV-2,study_consensus,,False,,False,True,
SRX23724121,PRJNA847631,SARS-CoV-2 infection,MONDO:0100096,,lung,UBERON:0002048,none,COVID-19 / SARS-CoV-2,disease_text,True,False,,False,True,
SRX23724122,PRJNA847631,SARS-CoV-2 infection,MONDO:0100096,,lung (ex vivo tissue slices),UBERON:0002048,not_applicable,COVID-19 / SARS-CoV-2,disease_text,True,False,,False,True,
SRX23724123,PRJNA847631,SARS-CoV-2 infection,MONDO:0100096,,lung,UBERON:0002048,none,COVID-19 / SARS-CoV-2,disease_text,True,False,,False,True,
SRX23724124,PRJNA847631,SARS-CoV-2 infection,MONDO:0100096,,lung,UBERON:0002048,unsure,COVID-19 / SARS-CoV-2,disease_text,True,False,,False,True,
SRX23724125,PRJNA847631,SARS-CoV-2 infection,MONDO:0100096,,lung (ex vivo cultured human lung slices),UBERON:0002048,not applicable,COVID-19 / SARS-CoV-2,disease_text,True,False,,False,True,
SRX23724132,PRJNA847631,none (uninfected control),,,lung (ex vivo lung tissue slices),UBERON:0002048,none (primary ex vivo lung slice),COVID-19 / SARS-CoV-2,study_consensus,False,True,healthy,False,True,
SRX23724133,PRJNA847631,none (not infected),,,lung,UBERON:0002048,not_applicable,COVID-19 / SARS-CoV-2,study_consensus,False,True,healthy,False,True,
SRX23802728,PRJNA847631,SARS-CoV-2 infection (COVID-19),MONDO:0100096,,lung tissue slices (ex vivo cultured),UBERON:0002048,none,COVID-19 / SARS-CoV-2,disease_text,True,False,,False,True,
SRX23802729,PRJNA847631,mock (uninfected),,,"lung (ex vivo cultured lung slice, 24 h)",UBERON:0002048,not_applicable,COVID-19 / SARS-CoV-2,study_consensus,,False,,False,True,
SRX23802730,PRJNA847631,none,,,lung,UBERON:0002048,none,COVID-19 / SARS-CoV-2,study_consensus,False,True,healthy,False,True,
SRX23802731,PRJNA847631,SARS-CoV-2 infection (COVID-19 model),MONDO:0100096,,lung (ex vivo cultured lung tissue slices),UBERON:0002048,none,COVID-19 / SARS-CoV-2,disease_text,True,False,,False,True,
SRX23802732,PRJNA847631,SARS-CoV-2 infection model (mock control),MONDO:0100096,,lung (ex vivo cultured lung tissue slices),UBERON:0002048,none (primary tissue slices),COVID-19 / SARS-CoV-2,disease_text,,False,,False,True,
SRX23802734,PRJNA847631,none (mock infection),,,"lung (primary lung tissue, ex vivo lung slices)","UBERON:0002048,UBERON:0002048",none,COVID-19 / SARS-CoV-2,study_consensus,False,True,healthy,False,True,
SRX23802735,PRJNA847631,SARS-CoV-2 infection (COVID-19),MONDO:0100096,,lung (ex vivo cultured human lung slices),UBERON:0002048,none,COVID-19 / SARS-CoV-2,disease_text,True,False,,False,True,
SRX23802736,PRJNA847631,SARS-CoV-2 infection,MONDO:0100096,,lung,UBERON:0002048,not_applicable,COVID-19 / SARS-CoV-2,disease_text,True,False,,False,True,
SRX23825222,PRJNA1083452,non-diseased,,,lung,UBERON:0002048,not specified,Other,missing_ontology,False,True,healthy,False,True,
SRX23825224,PRJNA1083452,non-diseased,,,lung,UBERON:0002048,unsure,Other,missing_ontology,False,True,healthy,False,True,
SRX23825225,PRJNA1083452,non-diseased,,,lung,UBERON:0002048,not specified,Other,missing_ontology,False,True,healthy,False,True,
SRX23825226,PRJNA1083452,non-diseased,,,lung,UBERON:0002048,not specified,Other,missing_ontology,False,True,healthy,False,True,
SRX23825227,PRJNA1083452,non-diseased,,,lung,UBERON:0002048,not specified,Other,missing_ontology,False,True,healthy,False,True,
SRX23825228,PRJNA1083452,none,,,lung,UBERON:0002048,not specified,Other,missing_ontology,False,True,healthy,False,True,
SRX23825229,PRJNA1083452,non-diseased,,,lung,,not specified,Other,missing_ontology,False,True,healthy,False,True,
SRX23825230,PRJNA1083452,non-diseased,,,lung,UBERON:0002048,not specified,Other,missing_ontology,False,True,healthy,False,True,
SRX23825231,PRJNA1083452,non-diseased,,,lung,UBERON:0002048,not specified,Other,missing_ontology,False,True,healthy,False,True,
SRX23826524,PRJNA1083474,not specified,,,lung,UBERON:0002048,P63+ lung progenitor cells,Other,missing_ontology,,False,,False,False,unmapped_disease
SRX23826525,PRJNA1083474,unsure,,,lung,UBERON:0002048,P63+ lung progenitor cells,Other,missing_ontology,,False,,False,False,unmapped_disease
SRX23838225,PRJNA1076461,Model for small cell lung cancer (SCLC),MONDO:0008433,,Pulmonary neuroendocrine cells derived from human embryonic stem cells (hESCs),UBERON:0010002,RUES2-derived RPM and RPM(T58A) cultures,Lung Cancer,disease_text,True,False,,False,False,excluded_sample_type
SRX23886061,PRJNA787622,pleural mesothelioma,MONDO:0003308,,pleural mesothelioma,UBERON:0003390,unsure,Other,missing_ontology,,False,,False,False,unmapped_disease
SRX23886063,PRJNA787622,pleural mesothelioma,MONDO:0003308,,pleural mesothelioma,UBERON:0000977,unsure,Other,missing_ontology,,False,,False,False,unmapped_disease
SRX23886064,PRJNA787622,"type 2 diabetes mellitus, obesity",MONDO:0005148,,pleural mesothelioma,UBERON:0003390,unsure,Other,missing_ontology,,False,,False,False,unmapped_disease
SRX23886066,PRJNA787622,pleural mesothelioma,MONDO:0003308,,pleural mesothelioma,UBERON:0003390,unsure,Other,missing_ontology,,False,,False,False,unmapped_disease
SRX23886072,PRJNA787622,unsure,,,pleural mesothelioma,UBERON:0003390,unsure,Other,missing_ontology,,False,,False,False,unmapped_disease
SRX23886073,PRJNA787622,mesothelioma,MONDO:0005065,,pleural,UBERON:0000977,unsure,Other,missing_ontology,,False,,False,False,unmapped_disease
SRX23902409,PRJNA1086544,"Chronic Obstructive Pulmonary Disease (COPD), Pulmonary Silicosis",MONDO:0005002,,bronchoalveolar lavage fluid,,BAL cells,COPD,disease_text,True,False,,False,True,
SRX23902410,PRJNA1086544,respiratory tract infections,MONDO:0024352,,bronchoalveolar lavage fluid,,BAL cells,COPD,study_consensus,,False,,False,True,
SRX23902411,PRJNA1086544,"COPD, pulmonary silicosis, healthy lung",MONDO:0005002,,bronchoalveolar lavage fluid,UBERON:0035963,BAL cells,COPD,disease_text,,False,,False,True,
SRX23902412,PRJNA1086544,"COPD, pulmonary silicosis",MONDO:0005002,,bronchoalveolar lavage fluid,UBERON:0035963,BAL cells,COPD,disease_text,True,False,,False,True,
SRX23902413,PRJNA1086544,"COPD, pulmonary silicosis, healthy lung",MONDO:0005002,,bronchoalveolar lavage fluid,UBERON:0035963,BAL cells,COPD,disease_text,,False,,False,True,
SRX23907174,PRJNA799597,inflammation of the respiratory system,MONDO:0024355,,bronchial epithelial cells,UBERON:0002031,16HBE,Other,missing_ontology,,False,,False,False,unmapped_disease
SRX24028444,PRJNA1090971,metastatic HR+/HER2- breast cancer,MONDO:0700079,,pleural effusion,UBERON:0000175,unsure,Other,missing_ontology,,False,,False,False,unmapped_disease
SRX24028450,PRJNA1090971,Metastatic HR+/HER2- breast cancer,MONDO:0700079,,Pleural effusion,UBERON:0000175,Not applicable,Other,missing_ontology,,False,,False,False,unmapped_disease
SRX24028452,PRJNA1090971,Metastatic HR+/HER2- breast cancer,MONDO:0700079,,Pleural effusion,UBERON:0000175,None – primary patient sample,Other,missing_ontology,,False,,False,False,unmapped_disease
SRX24028453,PRJNA1090971,unsure,,,Pleural effusion,UBERON:0000175,unsure,Other,missing_ontology,,False,,False,False,unmapped_disease
SRX24028456,PRJNA1090971,Metastatic HR+/HER2- breast cancer,MONDO:0700079,,Pleural effusion,UBERON:0000175,Not applicable,Other,missing_ontology,,False,,False,False,unmapped_disease
SRX24028459,PRJNA1090971,Metastatic HR+/HER2- breast cancer,MONDO:0700079,,Pleural effusion sample,UBERON:0000175,Not applicable,Other,missing_ontology,,False,,False,False,unmapped_disease
SRX24073302,PRJNA1092571,Non-disease status,,,Airway,UBERON:0001005,Large airway explants,Other,missing_ontology,False,True,healthy,False,False,excluded_sample_type
SRX24073303,PRJNA1092571,non-disease,,,airway explants,UBERON:0001005,none,Other,missing_ontology,False,True,healthy,False,False,excluded_sample_type
SRX24073304,PRJNA1092571,non-disease,,,"lung explants (large airway, small airway, precision cut lung slices)","UBERON:0003126,UBERON:0002186,UBERON:0002048",none,Other,missing_ontology,False,True,healthy,False,False,excluded_sample_type
SRX24073305,PRJNA1092571,non-diseased donors,,,"airway explants, precision cut lung slices","UBERON:0001005,UBERON:0002048",none,Other,missing_ontology,False,True,healthy,False,False,excluded_sample_type
SRX24073306,PRJNA1092571,Not reported,,,Airway,UBERON:0001005,Small airway explants,Other,missing_ontology,,False,,False,False,excluded_sample_type
SRX24073307,PRJNA1092571,non-disease,,,"Large airway explants (LAE), small airway explants (SAE), precision cut lung slides (PCLS)","UBERON:0003126,UBERON:8600000,UBERON:0002048",none,Other,missing_ontology,False,True,healthy,False,False,excluded_sample_type
SRX24073308,PRJNA1092571,non-disease (healthy),,,"lung parenchyma, large airway, small airway, precision cut lung slices","UBERON:0008946,UBERON:0003126,UBERON:0002186,UBERON:0002048",none,Other,missing_ontology,False,True,healthy,False,True,
SRX24073309,PRJNA1092571,none,,,lung,UBERON:0002048,none,Other,missing_ontology,False,True,healthy,False,True,
SRX24073310,PRJNA1092571,none,,,lung airway explant,UBERON:0002186,none,Other,missing_ontology,False,True,healthy,False,False,excluded_sample_type
SRX24073311,PRJNA1092571,unsure,,,Airway,UBERON:0001005,Large airway explants,Other,missing_ontology,,False,,False,False,excluded_sample_type
SRX24073312,PRJNA1092571,Non-disease human lung tissue,,,Airway,UBERON:0001005,Small airway explants,Other,missing_ontology,False,True,healthy,False,False,excluded_sample_type
SRX24073313,PRJNA1092571,unsure,,,Airway,UBERON:0001005,Small airway explants,Other,missing_ontology,,False,,False,False,excluded_sample_type
SRX24073314,PRJNA1092571,Not indicated (non-disease),,,Airway,UBERON:0001005,Small airway explants,Other,missing_ontology,False,True,healthy,False,False,excluded_sample_type
SRX24073315,PRJNA1092571,Non-disease,,,Airway explants and precision cut lung slices (PCLS),"UBERON:0001005,UBERON:0002048",None,Other,missing_ontology,False,True,healthy,False,False,excluded_sample_type
SRX24073316,PRJNA1092571,non-diseased,,,"lung parenchyma, large airway explants, small airway explants, precision cut lung slices","UBERON:0008946,UBERON:0003126,UBERON:0002186,UBERON:0002048",none,Other,missing_ontology,False,True,healthy,False,False,excluded_sample_type
SRX24073317,PRJNA1092571,non-diseased,,,"large airway explant, small airway explant, precision cut lung slices","UBERON:0003126,UBERON:0002186,UBERON:0002048",not_applicable,Other,missing_ontology,False,True,healthy,False,False,excluded_sample_type
SRX24073318,PRJNA1092571,non-disease,,,lung,UBERON:0002048,Large airway explants,Other,missing_ontology,False,True,healthy,False,False,excluded_sample_type
SRX24073319,PRJNA1092571,no disease,,,lung tissue,UBERON:0002048,none,Other,missing_ontology,False,True,healthy,False,True,
SRX24073320,PRJNA1092571,none,,,small airway explants from non-diseased human lung tissue,UBERON:0004815,none,Other,missing_ontology,False,True,healthy,False,False,excluded_sample_type
SRX24073321,PRJNA1092571,None,,,"Airway explants from non-disease human lung tissue, including large airway explants (LAE), small airway explants (SAE), and precision cut lung slices (PCLS)","UBERON:0002185,UBERON:0002186,UBERON:0002048",None,Other,missing_ontology,False,True,healthy,False,False,excluded_sample_type
SRX24073322,PRJNA1092571,none,,,"large airway explants, small airway explants, precision cut lung slices","UBERON:0003126,UBERON:0002186,UBERON:0002048",none,Other,missing_ontology,False,True,healthy,False,False,excluded_sample_type
SRX24073323,PRJNA1092571,none,,,"lung parenchyma, large airway explants, small airway explants, precision cut lung slices","UBERON:0008946,UBERON:0003126,UBERON:8600000,UBERON:0002048",not_applicable,Other,missing_ontology,False,True,healthy,False,False,excluded_sample_type
SRX24073324,PRJNA1092571,non-disease donor lungs,,,"Large Airway Explants, Small Airway Explants, Precision Cut Lung Slices","UBERON:0003126,UBERON:0002186,UBERON:0002048",none,Other,missing_ontology,False,True,healthy,False,False,excluded_sample_type
SRX24073325,PRJNA1092571,non-disease,,,lung tissue (airway explants and precision cut lung slices),UBERON:0002048,none,Other,missing_ontology,False,True,healthy,False,False,excluded_sample_type
SRX24275202,PRJNA1100571,COVID-19,MONDO:0100096,,lung,UBERON:0002048,A549-ACE2,COVID-19 / SARS-CoV-2,disease_text,True,False,,False,False,excluded_sample_type
SRX24285425,PRJNA1101441,not specified,,,primary human airway epithelial cultures,UBERON:0004802,bronchi epithelial cells,Other,missing_ontology,,False,,False,False,unmapped_disease
SRX24312768,PRJNA1102355,unsure,,,fetal lung,UBERON:0005597,unsure,Other,missing_ontology,,False,,False,False,unmapped_disease
SRX24312770,PRJNA1102355,none,,,fetal lung tissue,UBERON:0002048,none,Other,missing_ontology,False,True,healthy,False,True,
SRX24312771,PRJNA1102355,not specified,,,fetal lung,,not specified,Other,missing_ontology,,False,,False,False,unmapped_disease
SRX24312772,PRJNA1102355,unsure,,,fetal lung,UBERON:0002048,unsure,Other,missing_ontology,,False,,False,False,unmapped_disease
SRX24312773,PRJNA1102355,unsure,,,fetal lung,UBERON:0002048,unsure,Other,missing_ontology,,False,,False,False,unmapped_disease
SRX24312774,PRJNA1102355,unsure,,,fetal lung tissue,UBERON:0002048,unsure,Other,missing_ontology,,False,,False,False,unmapped_disease
SRX24312775,PRJNA1102355,unsure,,,fetal lung,UBERON:0002048,unsure,Other,missing_ontology,,False,,False,False,unmapped_disease
SRX24312776,PRJNA1102355,other,,,fetal lung,,other,Other,missing_ontology,,False,,False,False,unmapped_disease
SRX24312777,PRJNA1102355,unsure,,,fetal lung,UBERON:0002048,unsure,Other,missing_ontology,,False,,False,False,unmapped_disease
SRX24312778,PRJNA1102355,none,,,fetal lung,UBERON:0002048,none,Other,missing_ontology,False,True,healthy,False,True,
SRX24312779,PRJNA1102355,none,,,fetal lung,UBERON:0002048,none,Other,missing_ontology,False,True,healthy,False,True,
SRX24312780,PRJNA1102355,unsure,,,fetal lung,,unsure,Other,missing_ontology,,False,,False,False,unmapped_disease
SRX24312781,PRJNA1102355,unsure,,,fetal lung,UBERON:0002048,unsure,Other,missing_ontology,,False,,False,False,unmapped_disease
SRX24312782,PRJNA1102355,not specified,,,fetal lung,UBERON:0002048,not specified,Other,missing_ontology,,False,,False,False,unmapped_disease
SRX24312783,PRJNA1102355,unsure,,,fetal lung,UBERON:0002048,unsure,Other,missing_ontology,,False,,False,False,unmapped_disease
SRX24312784,PRJNA1102355,unsure,,,fetal lung,UBERON:0002048,unsure,Other,missing_ontology,,False,,False,False,unmapped_disease
SRX24312785,PRJNA1102355,unsure,,,fetal lung,UBERON:0002048,unsure,Other,missing_ontology,,False,,False,False,unmapped_disease
SRX24312786,PRJNA1102355,none,,,fetal lung tissue,UBERON:0008946,none,Other,missing_ontology,False,True,healthy,False,True,
SRX24312787,PRJNA1102355,unsure,,,fetal lung,UBERON:0002048,unsure,Other,missing_ontology,,False,,False,False,unmapped_disease
SRX24313469,PRJNA1102421,acute lung injury,MONDO:0015796,,lung,UBERON:0002048,RAW264.7,Other,missing_ontology,,False,,False,False,unmapped_disease
SRX24475785,PRJNA1108287,PLWH,MONDO:0005109,,bronchoalveolar lavage,UBERON:0002971,BAL Cells,Other,missing_ontology,,False,,False,False,unmapped_disease
SRX24475786,PRJNA1108287,People Living with HIV (PLWH),MONDO:0005109,,bronchoalveolar lavage,,none,Other,missing_ontology,False,False,,True,True,
SRX24475787,PRJNA1108287,"HIV, tuberculosis","MONDO:0005109,MONDO:0018076",,bronchoalveolar lavage (BAL) cells,UBERON:0035963,other,Other,missing_ontology,False,False,,True,True,
SRX24475788,PRJNA1108287,PLWH (People Living With HIV),MONDO:0005109,,bronchoalveolar lavage,UBERON:0035963,BAL Cells (Bronchoalveolar Lavage Cells),Other,missing_ontology,,False,,False,False,unmapped_disease
SRX24475789,PRJNA1108287,healthy control,,,bronchoalveolar lavage,UBERON:0002048,other,Other,missing_ontology,False,True,healthy,True,True,
SRX24475790,PRJNA1108287,healthy control,,,bronchoalveolar lavage,,BAL cells,Other,missing_ontology,False,True,healthy,False,True,
SRX24475791,PRJNA1108287,healthy controls,,,bronchoalveolar lavage,,BAL Cells,Other,missing_ontology,False,True,healthy,True,True,
SRX24475792,PRJNA1108287,healthy control,,,bronchoalveolar lavage,UBERON:0002048,BAL cells,Other,missing_ontology,False,True,healthy,False,True,
SRX24475794,PRJNA1108287,healthy control,,,bronchoalveolar lavage,UBERON:0001954,BAL cells,Other,missing_ontology,False,True,healthy,False,True,
SRX24475795,PRJNA1108287,PLWH (People Living With HIV),MONDO:0005109,,bronchoalveolar lavage,UBERON:0002104,BAL Cells (Bronchoalveolar Lavage Cells),Other,missing_ontology,False,False,,True,True,
SRX24475797,PRJNA1108287,HIV,MONDO:0005109,,bronchoalveolar lavage,,BAL cells,Other,missing_ontology,False,False,,True,True,
SRX24475798,PRJNA1108287,People Living with HIV (PLWH),MONDO:0005109,,bronchoalveolar lavage,UBERON:0002048,BAL Cells,Other,missing_ontology,,False,,False,False,unmapped_disease
SRX24475799,PRJNA1108287,healthy control,,,bronchoalveolar lavage,UBERON:0001966,BAL Cells,Other,missing_ontology,False,True,healthy,True,True,
SRX24475800,PRJNA1108287,healthy control,,,bronchoalveolar lavage,UBERON:0002411,BAL cells,Other,missing_ontology,False,True,healthy,False,True,
SRX24475801,PRJNA1108287,healthy control,,,bronchoalveolar lavage,UBERON:0035963,other,Other,missing_ontology,False,True,healthy,True,True,
SRX24475802,PRJNA1108287,healthy control,,,bronchoalveolar lavage,,BAL cells,Other,missing_ontology,False,True,healthy,False,True,
SRX24476190,PRJNA1108329,unsure,,,fetal lung cells,UBERON:0002048,CA1,Other,missing_ontology,,False,,False,False,unmapped_disease
SRX24476191,PRJNA1108329,unsure,,,fetal lung organoids,UBERON:0002048,CA1,Other,missing_ontology,,False,,False,False,excluded_sample_type
SRX24476192,PRJNA1108329,unsure,,,fetal lung cells,UBERON:0002048,BU3,Other,missing_ontology,,False,,False,False,unmapped_disease
SRX24476193,PRJNA1108329,unsure,,,fetal lung organoids,,BU3,Other,missing_ontology,,False,,False,False,excluded_sample_type
SRX24732576,PRJNA1117768,COPD,MONDO:0005002,,lung,UBERON:0002048,primary cells,COPD,disease_text,False,False,,True,True,
SRX24732577,PRJNA1117768,COPD,MONDO:0005002,,lung,UBERON:0002048,primary lung tissue cells,COPD,disease_text,True,False,,False,True,
SRX24841614,PRJNA1121368,Chronic Obstructive Pulmonary Disease (COPD),MONDO:0005002,,distal lung,UBERON:0002299,not specified,COPD,disease_text,True,False,,False,True,
SRX24841615,PRJNA1121368,COPD explant,MONDO:0005002,,distal lung tissue,UBERON:0008870,"not specified; sample from a COPD patient (male, age 62)",COPD,disease_text,True,False,,False,True,
SRX24841616,PRJNA1121368,COPD explant,MONDO:0005002,,distal lung tissue,UBERON:0008946,not specified,COPD,disease_text,True,False,,False,True,
SRX24841617,PRJNA1121368,COPD (Chronic Obstructive Pulmonary Disease),MONDO:0005002,,distal lung tissue,,unsure,COPD,disease_text,True,False,,False,True,
SRX24841618,PRJNA1121368,COPD explant,MONDO:0005002,,distal lung,,unsure,COPD,disease_text,True,False,,False,True,
SRX24841619,PRJNA1121368,COPD explant,MONDO:0005002,,distal lung tissue,UBERON:0008870,not_applicable,COPD,disease_text,True,False,,False,True,
SRX25038161,PRJNA1127657,"lung cancer, COPD","MONDO:0008903,MONDO:0005002",,lung,UBERON:0002048,TH122,Lung Cancer,disease_text,True,False,,False,True,
SRX25038162,PRJNA1127657,"lung cancer, COPD","MONDO:0008903,MONDO:0005002",,lung,UBERON:0002048,scRNA-seq on lung tissues from COPD and control samples,Lung Cancer,disease_text,True,False,,False,True,
SRX25038163,PRJNA1127657,lung cancer (patients with COPD),MONDO:0008903,,lung,UBERON:0002048,organoid (derived from lung tissue),Lung Cancer,disease_text,True,False,,False,False,excluded_sample_type
SRX25038164,PRJNA1127657,chronic obstructive pulmonary disease (COPD),MONDO:0005002,,lung,UBERON:0002048,not specified,COPD,disease_text,True,False,,False,True,
SRX25038165,PRJNA1127657,chronic obstructive pulmonary disease (COPD),MONDO:0005002,,lung,,organoid derived from lung tissue,COPD,disease_text,True,False,,False,False,excluded_sample_type
SRX25038166,PRJNA1127657,COPD,MONDO:0005002,,lung,UBERON:0002048,unsure,COPD,disease_text,True,False,,False,True,
SRX25038167,PRJNA1127657,Chronic Obstructive Pulmonary Disease (COPD),MONDO:0005002,,lung,UBERON:0002048,"TH153, Control, Organoid, scRNA",COPD,disease_text,True,False,,False,False,excluded_sample_type
SRX25038168,PRJNA1127657,"lung cancer, COPD","MONDO:0008903,MONDO:0005002",,lung,UBERON:0002048,none,Lung Cancer,disease_text,True,False,,False,True,
SRX25038169,PRJNA1127657,COPD,MONDO:0005002,,lung,UBERON:0002048,organoid culture from lung tissue,COPD,disease_text,True,False,,False,False,excluded_sample_type
SRX25038170,PRJNA1127657,Chronic Obstructive Pulmonary Disease (COPD),MONDO:0005002,,lung,UBERON:0002048,not specified,COPD,disease_text,True,False,,False,True,
SRX25038171,PRJNA1127657,COPD,MONDO:0005002,,lung,UBERON:0002048,organoid derived from lung tissue of COPD patients,COPD,disease_text,True,False,,False,False,excluded_sample_type
SRX25038172,PRJNA1127657,COPD,MONDO:0005002,,lung,UBERON:0002048,not specified,COPD,disease_text,True,False,,False,True,
SRX25261711,PRJNA1133168,fibrotic hypersensitivity pneumonitis,MONDO:0975896,,bronchoalveolar lavage,UBERON:0002048,unsure,Other,missing_ontology,,False,,False,False,unmapped_disease
SRX25261712,PRJNA1133168,fibrotic hypersensitivity pneumonitis,MONDO:0975896,,bronchoalveolar lavage,,peripheral blood mononuclear cells (PBMCs),Other,missing_ontology,,False,,False,False,unmapped_disease
SRX25261713,PRJNA1133168,fibrotic hypersensitivity pneumonitis,MONDO:0975896,,bronchoalveolar lavage,,unsure,Other,missing_ontology,,False,,False,False,unmapped_disease
SRX25261714,PRJNA1133168,fibrotic hypersensitivity pneumonitis,MONDO:0975896,,bronchoalveolar lavage,UBERON:0035963,unsure,Other,missing_ontology,,False,,False,False,unmapped_disease
SRX25261715,PRJNA1133168,fibrotic hypersensitivity pneumonitis,MONDO:0975896,,bronchoalveolar lavage,UBERON:0002048,peripheral blood mononuclear cells (PBMCs),Other,missing_ontology,,False,,False,False,unmapped_disease
SRX25261716,PRJNA1133168,fibrotic hypersensitivity pneumonitis,MONDO:0975896,,bronchoalveolar lavage,,none,Other,missing_ontology,,False,,False,False,unmapped_disease
SRX25261718,PRJNA1133168,fibrotic hypersensitivity pneumonitis,MONDO:0975896,,bronchoalveolar lavage,UBERON:0002048,unsure,Other,missing_ontology,,False,,False,False,unmapped_disease
SRX25261735,PRJNA1133168,fibrotic hypersensitivity pneumonitis,MONDO:0975896,,bronchoalveolar lavage,UBERON:0002048,unsure,Other,missing_ontology,,False,,False,False,unmapped_disease
SRX25261737,PRJNA1133168,fibrotic hypersensitivity pneumonitis,MONDO:0975896,,bronchoalveolar lavage,UBERON:0002048,unsure,Other,missing_ontology,,False,,False,False,unmapped_disease
SRX25261738,PRJNA1133168,fibrotic hypersensitivity pneumonitis,MONDO:0975896,,bronchoalveolar lavage,UBERON:0035963,unsure,Other,missing_ontology,,False,,False,False,unmapped_disease
SRX25261763,PRJNA1133168,fibrotic hypersensitivity pneumonitis,MONDO:0975896,,bronchoalveolar lavage,,unsure,Other,missing_ontology,,False,,False,False,unmapped_disease
SRX25261764,PRJNA1133168,congenital hypothyroidism,MONDO:0005420,,bronchoalveolar lavage,,unsure,Other,missing_ontology,,False,,False,False,unmapped_disease
SRX25261766,PRJNA1133168,Fibrotic Hypersensitivity Pneumonitis,MONDO:0975896,,Bronchoalveolar Lavage (BAL),UBERON:0035963,unsure,Other,missing_ontology,,False,,False,False,unmapped_disease
SRX25261767,PRJNA1133168,fibrotic hypersensitivity pneumonitis,MONDO:0975896,,bronchoalveolar lavage,,not_applicable,Other,missing_ontology,,False,,False,False,unmapped_disease
SRX25261769,PRJNA1133168,fibrotic hypersensitivity pneumonitis,MONDO:0975896,,bronchoalveolar lavage,,unsure,Other,missing_ontology,,False,,False,False,unmapped_disease
SRX25261770,PRJNA1133168,fibrotic hypersensitivity pneumonitis,MONDO:0975896,,bronchoalveolar lavage,UBERON:0002048,unsure,Other,missing_ontology,,False,,False,False,unmapped_disease
SRX25289879,PRJNA1134791,influenza A virus infection (H1N1),MONDO:0005812,,alveolar epithelial,UBERON:0004821,A549,Other,missing_ontology,,False,,False,False,excluded_sample_type
SRX25289894,PRJNA1134791,prostate cancer,MONDO:0008315,,alveolar epithelial cells,UBERON:0004821,A549,Other,missing_ontology,False,False,,True,False,excluded_sample_type
SRX25318272,PRJNA1135480,lung cancer,MONDO:0008903,,lung,UBERON:0002048,primary human bronchial epithelial cells,Lung Cancer,disease_text,True,False,,False,True,
SRX25319034,PRJNA1135481,healthy subject,,,primary airway cells,UBERON:0004802,unsure,Other,missing_ontology,False,True,healthy,False,True,
SRX25319035,PRJNA1135481,healthy subject,,,primary airway cells,UBERON:0004802,not applicable,Other,missing_ontology,False,True,healthy,False,True,
SRX25319036,PRJNA1135481,testicular germ cell tumor,MONDO:0003510,,primary airway cells,UBERON:0004802,unsure,Other,missing_ontology,False,True,healthy,False,True,
SRX25319037,PRJNA1135481,other,,,primary airway cells,UBERON:0004802,other,Other,missing_ontology,False,True,healthy,False,True,
SRX25319038,PRJNA1135481,healthy subject,,,primary airway cells,UBERON:0004802,unsure,Other,missing_ontology,False,True,healthy,False,True,
SRX25319040,PRJNA1135481,PCD (Primary Ciliary Dyskinesia),MONDO:0016575,,primary airway cells,UBERON:0004802,unsure,Other,missing_ontology,,False,,False,False,unmapped_disease
SRX25319041,PRJNA1135481,Primary Ciliary Dyskinesia (PCD),MONDO:0016575,,primary airway cells,UBERON:0004802,unsure,Other,missing_ontology,,False,,False,False,unmapped_disease
SRX25319042,PRJNA1135481,Primary Ciliary Dyskinesia (PCD),MONDO:0016575,,primary airway cells,UBERON:0004802,unsure,Other,missing_ontology,,False,,False,False,unmapped_disease
SRX25319043,PRJNA1135481,Mother PCD subject,MONDO:0016575,,primary airway cells,UBERON:0004802,unsure,Other,missing_ontology,,False,,False,False,unmapped_disease
SRX25319044,PRJNA1135481,Mother PCD (Primary Ciliary Dyskinesia) subject,MONDO:0016575,,primary airway cells,UBERON:0004802,unsure,Other,missing_ontology,,False,,False,False,unmapped_disease
SRX25319045,PRJNA1135481,Primary Ciliary Dyskinesia,MONDO:0016575,,primary airway cells,UBERON:0004802,unsure,Other,missing_ontology,,False,,False,False,unmapped_disease
SRX25319046,PRJNA1135481,Primary Ciliary Dyskinesia,MONDO:0016575,,primary airway cells,UBERON:0004802,unsure,Other,missing_ontology,,False,,False,False,unmapped_disease
SRX25363532,PRJNA1136930,Trisomy 21 (Down Syndrome),MONDO:0700126,,lung,UBERON:0002048,not_applicable,Other,missing_ontology,,False,,False,False,unmapped_disease
SRX25363533,PRJNA1136930,trisomy 21 (Down Syndrome),MONDO:0008608,,lung,UBERON:0002048,not specified,Other,missing_ontology,,False,,False,False,unmapped_disease
SRX25363534,PRJNA1136930,Trisomy 21 (Down Syndrome),MONDO:0700126,,lung,UBERON:0002048,none,Other,missing_ontology,,False,,False,False,unmapped_disease
SRX25363535,PRJNA1136930,control,,,lung,UBERON:0002048,not_applicable,Other,missing_ontology,False,True,explicitControl,False,True,
SRX25363536,PRJNA1136930,Trisomy 21 (Down Syndrome),MONDO:0700126,,lung,UBERON:0002048,unsure,Other,missing_ontology,,False,,False,False,unmapped_disease
SRX25363537,PRJNA1136930,Trisomy 21 (Down Syndrome),MONDO:0700126,,lung,UBERON:0002048,not_applicable,Other,missing_ontology,,False,,False,False,unmapped_disease
SRX25363538,PRJNA1136930,Trisomy 21 (Down Syndrome),MONDO:0700126,,lung,UBERON:0002048,unsure,Other,missing_ontology,,False,,False,False,unmapped_disease
SRX25363539,PRJNA1136930,trisomy 21 (Down Syndrome),MONDO:0008608,,lung,UBERON:0002048,none specified,Other,missing_ontology,,False,,False,False,unmapped_disease
SRX25363540,PRJNA1136930,Down Syndrome,MONDO:0008608,,lung,UBERON:0002048,not specified,Other,missing_ontology,,False,,False,False,unmapped_disease
SRX25595936,PRJNA1144126,not specified,,,lung,UBERON:0002048,BEAS-2B,Other,missing_ontology,,False,,False,False,excluded_sample_type
SRX25595940,PRJNA1144126,unsure,,,lung,UBERON:0002048,BEAS-2B,Other,missing_ontology,,False,,False,False,excluded_sample_type
SRX25737227,PRJNA1149046,None reported,,,Primary airway cells,UBERON:0004802,None,Other,missing_ontology,False,True,healthy,False,True,
SRX25737228,PRJNA1149046,not applicable,,,Airway cells,UBERON:0008397,not applicable,Other,missing_ontology,,False,,False,False,unmapped_disease
SRX25737229,PRJNA1149046,Healthy,,,Airway cells,UBERON:0004802,None,Other,missing_ontology,False,True,healthy,False,True,
SRX25737230,PRJNA1149046,unsure,,,Primary airway cells,UBERON:0004802,unsure,Other,missing_ontology,,False,,False,False,unmapped_disease
SRX25737231,PRJNA1149046,none,,,Primary airway cells,UBERON:0001005,none,Other,missing_ontology,False,True,healthy,False,True,
SRX25737232,PRJNA1149046,No disease state indicated (sample from a healthy control),,,Airway cells,UBERON:0004802,Not applicable (sample derived from primary cells rather than an established cell line),Other,missing_ontology,False,True,healthy,False,True,
SRX25737234,PRJNA1149046,primary ciliary dyskinesia,MONDO:0016575,,primary airway cells,UBERON:0004802,not_applicable,Other,missing_ontology,,False,,False,False,unmapped_disease
SRX25737235,PRJNA1149046,ciliopathy (primary ciliary dyskinesia),MONDO:0005308,,primary airway cells,UBERON:0004802,not_applicable,Other,missing_ontology,,False,,False,False,unmapped_disease
SRX26487560,PRJNA1177414,non-small cell lung cancer (NSCLC) with KRAS and STK11 co-mutations,MONDO:0005233,,adjacent normal lung,UBERON:0002048,cryopreserved dissociated tissue; sorted T cells,Lung Cancer,disease_text,False,True,matchedAdjacent,False,True,
SRX26487562,PRJNA1177414,KRAS-mutant lung cancer,MONDO:0005061,,lung tumor,UBERON:0002048,Cryopreserved dissociated tissue; Sorted T cells,Lung Cancer,disease_text,True,False,,False,True,
SRX26487567,PRJNA1177414,non-small cell lung cancer (NSCLC),MONDO:0005233,,lung tumor,UBERON:0002048,"Cryopreserved dissociated tissue, sorted T cells",Lung Cancer,disease_text,True,False,,False,True,
SRX26487569,PRJNA1177414,KRAS-mutant lung cancer,MONDO:0005061,,lung tumor,UBERON:0002048,Cryopreserved dissociated tissue (Sorted T cells),Lung Cancer,disease_text,True,False,,False,True,
SRX26487570,PRJNA1177414,related to KRAS-mutant lung cancers,,,adjacent normal lung,UBERON:0002048,cryopreserved dissociated tissue,Lung Cancer,disease_text,False,True,matchedAdjacent,False,True,
SRX26487571,PRJNA1177414,Non-small cell lung cancer (NSCLC) context,MONDO:0005233,,"Adjacent normal lung, T cells",UBERON:0002048,none,Lung Cancer,disease_text,False,True,matchedAdjacent,False,True,
SRX26487572,PRJNA1177414,non-small cell lung cancer (NSCLC),MONDO:0005233,,lung tumor,UBERON:0002048,cryopreserved dissociated tissue; sorted T cells,Lung Cancer,disease_text,True,False,,False,True,
SRX26487573,PRJNA1177414,non-small cell lung cancer with KRAS mutations,MONDO:0005233,,lung tumor,,none,Lung Cancer,disease_text,True,False,,False,True,
SRX26487574,PRJNA1177414,KRAS-mutant lung cancer,MONDO:0005061,,lung tumor,UBERON:0002048,Cryopreserved dissociated tissue; Sorted T cells,Lung Cancer,disease_text,True,False,,False,True,
SRX26487576,PRJNA1177414,KRAS-mutant lung cancer,MONDO:0005061,,adjacent normal lung,UBERON:0002048,sorted T cells,Lung Cancer,disease_text,False,True,matchedAdjacent,False,True,
SRX26487578,PRJNA1177414,non-small cell lung cancer (NSCLC),MONDO:0005233,,adjacent normal lung,,KRASmutSTK11wt,Lung Cancer,disease_text,False,True,matchedAdjacent,False,True,
SRX26487579,PRJNA1177414,non-small cell lung cancer,MONDO:0005233,,adjacent normal lung,UBERON:0002048,none,Lung Cancer,disease_text,False,True,matchedAdjacent,False,True,
SRX26487580,PRJNA1177414,non-small cell lung cancer (NSCLC),MONDO:0005233,,lung tumor,,freshly dissociated tissue,Lung Cancer,disease_text,True,False,,False,True,
SRX26487582,PRJNA1177414,non-small cell lung cancer (NSCLC),MONDO:0005233,,lung tumor,UBERON:0002048,freshly dissociated tissue; mixed CD45 positive and negative cells,Lung Cancer,disease_text,True,False,,False,True,
SRX26487583,PRJNA1177414,KRAS-mutant lung cancers,MONDO:0005061,,adjacent normal lung,UBERON:0008946,cryopreserved dissociated tissue,Lung Cancer,disease_text,False,True,matchedAdjacent,False,True,
SRX26487585,PRJNA1177414,non-small cell lung cancer (NSCLC),MONDO:0005233,,"lung tissue, T cells",UBERON:0002048,none,Lung Cancer,disease_text,False,True,matchedAdjacent,False,True,
SRX26487586,PRJNA1177414,malignant pleural mesothelioma,MONDO:0005065,,lung tumor,UBERON:0002048,cryopreserved dissociated tissue,Lung Cancer,study_consensus,True,False,,False,True,
SRX26487588,PRJNA1177414,KRAS and STK11 mutations in lung cancer,MONDO:0005061,,adjacent normal lung,UBERON:0002048,Cryopreserved dissociated tissue,Lung Cancer,disease_text,False,True,matchedAdjacent,False,True,
SRX26487590,PRJNA1177414,KRASmutSTK11wt,MONDO:0005061,,lung tumor,,Cryopreserved dissociated tissue,Lung Cancer,study_consensus,True,False,,False,True,
SRX26487592,PRJNA1177414,KRAS-mutant lung cancer,MONDO:0005061,,lung tumor,,freshly dissociated tissue,Lung Cancer,disease_text,True,False,,False,True,
SRX26487593,PRJNA1177414,non-small cell lung cancer with KRAS/STK11 mutations,MONDO:0005233,,lung tumor,UBERON:0002048,not_applicable,Lung Cancer,disease_text,True,False,,False,True,
SRX26487594,PRJNA1177414,KRAS-mutant lung cancer,MONDO:0005061,,lung tumor,UBERON:0002048,freshly dissociated tissue,Lung Cancer,disease_text,True,False,,False,True,
SRX26487595,PRJNA1177414,non-small cell lung cancer with KRAS and STK11 mutations,MONDO:0005233,,lung tumor tissue,UBERON:0002048,not applicable,Lung Cancer,disease_text,True,False,,False,True,
SRX26487596,PRJNA1177414,KRASmutSTK11wt,MONDO:0005061,,lung tumor,UBERON:0002048,Freshly dissociated tissue,Lung Cancer,study_consensus,True,False,,False,True,
SRX26487597,PRJNA1177414,non-small cell lung cancer,MONDO:0005233,,lung tumor,UBERON:0002048,unsure,Lung Cancer,disease_text,True,False,,False,True,
SRX26487598,PRJNA1177414,KRAS-mutant lung cancer,MONDO:0005061,,lung tumor,,Freshly dissociated tissue; Mixed CD45 positive and negative; Genotype: KRASmutSTK11wt,Lung Cancer,disease_text,True,False,,False,True,
SRX26487600,PRJNA1177414,KRAS and STK11 mutations in lung cancer,MONDO:0005061,,adjacent normal lung,UBERON:0008946,freshly dissociated tissue,Lung Cancer,disease_text,False,True,matchedAdjacent,False,True,
SRX26524297,PRJNA1178711,rhabdomyosarcoma,MONDO:0005212,,lung,UBERON:0002048,not_applicable,Other,missing_ontology,,False,,False,False,unmapped_disease
SRX26524298,PRJNA1178711,unsure,,,lung,UBERON:0002048,unsure,Other,missing_ontology,,False,,False,False,unmapped_disease
SRX26524299,PRJNA1178711,unsure,,,lung,UBERON:0002048,derived from normal lung organoids from 2 patients,Other,missing_ontology,,False,,False,False,excluded_sample_type
SRX26524300,PRJNA1178711,unsure,,,lung,UBERON:0002048,unsure,Other,missing_ontology,,False,,False,False,unmapped_disease
SRX26524301,PRJNA1178711,HIV-associated neuropathy,MONDO:0005244,,lung,,unsure,Other,missing_ontology,,False,,False,False,unmapped_disease
SRX26524302,PRJNA1178711,portal hypertension,MONDO:0005080,,lung,UBERON:0002048,unsure,Other,missing_ontology,,False,,False,False,unmapped_disease
SRX26524303,PRJNA1178711,other,,,lung,UBERON:0002048,other,Other,missing_ontology,,False,,False,False,unmapped_disease
SRX26524304,PRJNA1178711,unsure,,,lung,UBERON:0002048,unsure,Other,missing_ontology,,False,,False,False,unmapped_disease
SRX26735834,PRJNA1186577,Healthy,,,Lung,UBERON:0002048,Airway epithelium,IPF / Pulmonary Fibrosis,study_consensus,False,True,healthy,False,True,
SRX26735837,PRJNA1186577,Idiopathic Pulmonary Fibrosis (IPF),MONDO:0800504,,"lung, distal airway epithelial cells","UBERON:0002048,UBERON:0001958",3D patient-derived organoid model,IPF / Pulmonary Fibrosis,disease_text,True,False,,False,False,excluded_sample_type
SRX27113449,PRJNA1172658,idiopathic pulmonary fibrosis (IPF),MONDO:0800504,,distal lung (basal segments of right lower lobes),UBERON:8600017,not applicable,IPF / Pulmonary Fibrosis,disease_text,True,False,,False,True,
SRX27113450,PRJNA1172658,idiopathic pulmonary fibrosis (IPF),MONDO:0800504,,"distal lung (right lower lobe, basal segments)",UBERON:8600017,not applicable,IPF / Pulmonary Fibrosis,disease_text,True,False,,False,True,
SRX27113451,PRJNA1172658,idiopathic pulmonary fibrosis (IPF),MONDO:0800504,,"lung (distal fibrotic region, right lower lobe)",UBERON:0002171,not_applicable,IPF / Pulmonary Fibrosis,disease_text,True,False,,False,True,
SRX27113452,PRJNA1172658,idiopathic pulmonary fibrosis (IPF),MONDO:0800504,,"distal lung (right lower lobe, basal segment)",UBERON:8600017,none,IPF / Pulmonary Fibrosis,disease_text,True,False,,False,True,
SRX27113453,PRJNA1172658,idiopathic pulmonary fibrosis (IPF),MONDO:0800504,,lung (distal basal segment of right lower lobe),UBERON:8600017,not applicable,IPF / Pulmonary Fibrosis,disease_text,True,False,,False,True,
SRX27113454,PRJNA1172658,idiopathic pulmonary fibrosis (IPF),MONDO:0800504,,"distal lung (right lower lobe, basal segments)",UBERON:0002299,none,IPF / Pulmonary Fibrosis,disease_text,True,False,,False,True,
SRX27113455,PRJNA1172658,none specified,,,right lower lung lobe,UBERON:0002171,none specified,IPF / Pulmonary Fibrosis,study_consensus,False,True,healthy,False,True,
SRX27113456,PRJNA1172658,idiopathic pulmonary fibrosis (IPF),MONDO:0800504,,lung (distal tissue from basal segments of right lower lobes),UBERON:0008946,not_applicable,IPF / Pulmonary Fibrosis,disease_text,True,False,,False,True,
SRX27113457,PRJNA1172658,idiopathic pulmonary fibrosis (IPF),MONDO:0800504,,distal lung (basal segments of right lower lobe),UBERON:8600017,not_applicable,IPF / Pulmonary Fibrosis,disease_text,True,False,,False,True,
SRX27113458,PRJNA1172658,Idiopathic Pulmonary Fibrosis (IPF),MONDO:0800504,,distal lung (fibrotic lesion),UBERON:0008946,not_applicable,IPF / Pulmonary Fibrosis,disease_text,True,False,,False,True,
SRX27113459,PRJNA1172658,idiopathic pulmonary fibrosis (IPF),MONDO:0800504,,"lung (distal lung, basal segments of right lower lobe)","UBERON:0008874,UBERON:8600017",none,IPF / Pulmonary Fibrosis,disease_text,True,False,,False,True,
SRX27113460,PRJNA1172658,idiopathic pulmonary fibrosis (IPF),MONDO:0800504,,"lung (distal lung, basal segments of right lower lobe)","UBERON:0002299,UBERON:0005679",none,IPF / Pulmonary Fibrosis,disease_text,True,False,,False,True,
SRX27113461,PRJNA1172658,idiopathic pulmonary fibrosis (IPF),MONDO:0800504,,"lung (distal, right lower lobe)",UBERON:0002171,none,IPF / Pulmonary Fibrosis,disease_text,True,False,,False,True,
SRX27113462,PRJNA1172658,idiopathic pulmonary fibrosis (IPF),MONDO:0800504,,distal lung (right lower lobe basal segments),UBERON:0004861,none,IPF / Pulmonary Fibrosis,disease_text,True,False,,False,True,
SRX27113463,PRJNA1172658,idiopathic pulmonary fibrosis (IPF),MONDO:0800504,,"lung (distal lung, right lower lobe, fibrotic regions)","UBERON:0008874,UBERON:0002171",not_applicable,IPF / Pulmonary Fibrosis,disease_text,True,False,,False,True,
SRX27113464,PRJNA1172658,idiopathic pulmonary fibrosis (IPF),MONDO:0800504,,"distal lung (right lower lobe, IPF patient)",UBERON:0002171,not applicable,IPF / Pulmonary Fibrosis,disease_text,True,False,,False,True,
SRX27113465,PRJNA1172658,idiopathic pulmonary fibrosis (IPF),MONDO:0800504,,"lung (distal, right lower lobe)",UBERON:0002171,not applicable,IPF / Pulmonary Fibrosis,disease_text,True,False,,False,True,
SRX27113466,PRJNA1172658,"idiopathic pulmonary fibrosis (IPF), healthy control",MONDO:0800504,,"distal lung (right lower lobe, basal segment)",UBERON:8600017,none,IPF / Pulmonary Fibrosis,disease_text,,False,,False,True,
SRX27113467,PRJNA1172658,"idiopathic pulmonary fibrosis (IPF), healthy control",MONDO:0800504,,distal lung (basal segments of right lower lobes),UBERON:0008870,none,IPF / Pulmonary Fibrosis,disease_text,,False,,False,True,
SRX27113468,PRJNA1172658,healthy (control),,,right lower lung lobe,UBERON:0002171,not_applicable,IPF / Pulmonary Fibrosis,study_consensus,False,True,healthy,False,True,
SRX27113469,PRJNA1172658,healthy control,,,"distal lung (right lower lobe, basal segment)",UBERON:0008870,not_applicable,IPF / Pulmonary Fibrosis,study_consensus,False,True,healthy,False,True,
SRX27113470,PRJNA1172658,healthy (control); study relates to idiopathic pulmonary fibrosis,,,distal right lower lung lobe,UBERON:0002171,none,IPF / Pulmonary Fibrosis,disease_text,,False,,False,True,
SRX27113472,PRJNA1172658,none/healthy,,,lung (basal segments of right lower lobes),UBERON:8600017,none,IPF / Pulmonary Fibrosis,study_consensus,False,True,healthy,False,True,
SRX27113473,PRJNA1172658,none (healthy control),,,"lung (basal right lower lobe, frozen)",UBERON:0012059,not applicable,IPF / Pulmonary Fibrosis,study_consensus,False,True,healthy,False,True,
SRX27113474,PRJNA1172658,none (healthy control),,,lung (distal basal segment),UBERON:8600017,none,IPF / Pulmonary Fibrosis,study_consensus,False,True,healthy,False,True,
SRX27113475,PRJNA1172658,healthy control (no pulmonary fibrosis),,,"lung, distal basal segments of right lower lobe","UBERON:0002048,UBERON:0005679",none,IPF / Pulmonary Fibrosis,disease_text,,False,,False,True,
SRX27113476,PRJNA1172658,none (healthy lung),,,right lower lung lobe,UBERON:0002171,not applicable,IPF / Pulmonary Fibrosis,study_consensus,False,True,healthy,False,True,
SRX27113477,PRJNA1172658,none (healthy control),,,distal lung,UBERON:0002299,not applicable,IPF / Pulmonary Fibrosis,study_consensus,False,True,healthy,False,True,
SRX27123183,PRJNA1200047,unsure,,,lung organoids,UBERON:0002048,iPSCs-derived lung organoids,Other,missing_ontology,,False,,False,False,excluded_sample_type
SRX27208868,PRJNA1204132,chronic lung allograft dysfunction (CLAD),MONDO:0015265,,lung,UBERON:0002048,T-cell (isolated from lung and hilar lymph nodes of patients),IPF / Pulmonary Fibrosis,study_consensus,,False,,False,True,
SRX27208875,PRJNA1204132,"chronic lung allograft dysfunction, idiopathic pulmonary fibrosis",MONDO:0015265,,lungs and hilar lymph nodes,"UBERON:0000170,UBERON:0039167",none,IPF / Pulmonary Fibrosis,disease_text,True,False,,False,True,
SRX27208877,PRJNA1204132,chronic lung allograft dysfunction (CLAD),MONDO:0015265,,lung,UBERON:0002048,T-cell,IPF / Pulmonary Fibrosis,study_consensus,,False,,False,True,
SRX27291550,PRJNA1208088,Idiopathic Pulmonary Fibrosis (IPF) vs. control,MONDO:0800504,,lung,UBERON:0002048,unsure,IPF / Pulmonary Fibrosis,disease_text,False,True,explicitControl,False,True,
SRX27291551,PRJNA1208088,Idiopathic Pulmonary Fibrosis (IPF),MONDO:0800504,,lung,UBERON:0002048,none,IPF / Pulmonary Fibrosis,disease_text,False,True,explicitControl,False,True,
SRX27291552,PRJNA1208088,Idiopathic Pulmonary Fibrosis (control),MONDO:0800504,,Lung,UBERON:0002048,not_applicable,IPF / Pulmonary Fibrosis,disease_text,False,True,explicitControl,False,True,
SRX27291553,PRJNA1208088,Idiopathic Pulmonary Fibrosis (IPF),MONDO:0800504,,lung tissue from IPF patient samples and unused donor control lungs,"UBERON:0008870,UBERON:0002048",none,IPF / Pulmonary Fibrosis,disease_text,False,True,explicitControl,False,True,
SRX27291554,PRJNA1208088,Not applicable (sample is labeled as control),,,lung,UBERON:0002048,Not applicable,IPF / Pulmonary Fibrosis,study_consensus,False,True,explicitControl,False,True,
SRX27291555,PRJNA1208088,unsure,,,lung,UBERON:0002048,unsure,IPF / Pulmonary Fibrosis,study_consensus,False,True,explicitControl,False,True,
SRX27291556,PRJNA1208088,Idiopathic Pulmonary Fibrosis (IPF),MONDO:0800504,,Frozen tissue cores from IPF lungs following transplant and unused donor control lungs,"UBERON:0002048,UBERON:0002048",unsure,IPF / Pulmonary Fibrosis,disease_text,False,True,explicitControl,False,True,
SRX27291557,PRJNA1208088,control,,,lung,UBERON:0002048,unsure,IPF / Pulmonary Fibrosis,study_consensus,False,True,explicitControl,False,True,
SRX27291558,PRJNA1208088,Idiopathic Pulmonary Fibrosis,MONDO:0800504,,lung,UBERON:0002048,none,IPF / Pulmonary Fibrosis,disease_text,False,True,explicitControl,False,True,
SRX27291559,PRJNA1208088,Idiopathic Pulmonary Fibrosis (IPF),MONDO:0800504,,lung,UBERON:0002048,unsure,IPF / Pulmonary Fibrosis,disease_text,False,True,explicitControl,False,True,
SRX27291560,PRJNA1208088,Idiopathic Pulmonary Fibrosis (IPF),MONDO:0800504,,lung,UBERON:0002048,not_applicable,IPF / Pulmonary Fibrosis,disease_text,False,True,explicitControl,False,True,
SRX27291561,PRJNA1208088,control,,,lung,UBERON:0002048,unsure,IPF / Pulmonary Fibrosis,study_consensus,False,True,explicitControl,False,True,
SRX27291562,PRJNA1208088,Idiopathic Pulmonary Fibrosis (IPF),MONDO:0800504,,lung,UBERON:0002048,none,IPF / Pulmonary Fibrosis,disease_text,False,True,explicitControl,False,True,
SRX27291563,PRJNA1208088,Idiopathic Pulmonary Fibrosis (IPF),MONDO:0800504,,lung,UBERON:0002048,unsure,IPF / Pulmonary Fibrosis,disease_text,False,True,explicitControl,False,True,
SRX27291564,PRJNA1208088,Idiopathic Pulmonary Fibrosis (IPF),MONDO:0800504,,lung tissue,UBERON:0002048,Not applicable,IPF / Pulmonary Fibrosis,disease_text,False,True,explicitControl,False,True,
SRX27291565,PRJNA1208088,Idiopathic Pulmonary Fibrosis (IPF),MONDO:0800504,,lung,UBERON:0002048,none,IPF / Pulmonary Fibrosis,disease_text,False,True,explicitControl,False,True,
SRX27291566,PRJNA1208088,Idiopathic Pulmonary Fibrosis (IPF),MONDO:0800504,,Frozen lung tissue cores from IPF lungs (post-transplant) and unused donor control lungs,"UBERON:0002048,UBERON:0002048",none,IPF / Pulmonary Fibrosis,disease_text,False,True,explicitControl,False,True,
SRX27291567,PRJNA1208088,Idiopathic Pulmonary Fibrosis (IPF),MONDO:0800504,,lung,UBERON:0002048,unsure,IPF / Pulmonary Fibrosis,disease_text,False,True,explicitControl,False,True,
SRX27291568,PRJNA1208088,Idiopathic Pulmonary Fibrosis (IPF),MONDO:0800504,,lung tissue cores,UBERON:0002048,none,IPF / Pulmonary Fibrosis,disease_text,False,True,explicitControl,False,True,
SRX27291569,PRJNA1208088,Idiopathic Pulmonary Fibrosis (IPF),MONDO:0800504,,lung,UBERON:0002048,unsure,IPF / Pulmonary Fibrosis,disease_text,False,True,explicitControl,False,True,
SRX27291570,PRJNA1208088,Idiopathic Pulmonary Fibrosis (IPF),MONDO:0800504,,lung,UBERON:0002048,not_applicable,IPF / Pulmonary Fibrosis,disease_text,True,False,,False,True,
SRX27291571,PRJNA1208088,Idiopathic Pulmonary Fibrosis (IPF),MONDO:0800504,,lung tissue cores,UBERON:0002048,not_applicable,IPF / Pulmonary Fibrosis,disease_text,True,False,,False,True,
SRX27291572,PRJNA1208088,Idiopathic Pulmonary Fibrosis (IPF),MONDO:0800504,,lung tissue,UBERON:0002048,unsure,IPF / Pulmonary Fibrosis,disease_text,False,True,explicitControl,False,True,
SRX27291574,PRJNA1208088,Idiopathic Pulmonary Fibrosis (IPF),MONDO:0800504,,lung,UBERON:0002048,not_applicable,IPF / Pulmonary Fibrosis,disease_text,False,True,explicitControl,False,True,
SRX27291576,PRJNA1208088,control in study of Idiopathic Pulmonary Fibrosis (IPF),,,lung tissue,UBERON:0002048,not_applicable,IPF / Pulmonary Fibrosis,disease_text,False,True,explicitControl,False,True,
SRX27291578,PRJNA1208088,Idiopathic Pulmonary Fibrosis (IPF),MONDO:0800504,,lung tissue,UBERON:0002048,none,IPF / Pulmonary Fibrosis,disease_text,True,False,,False,True,
SRX27291580,PRJNA1208088,Idiopathic Pulmonary Fibrosis (IPF),MONDO:0800504,,lung tissue cores,UBERON:0002048,none,IPF / Pulmonary Fibrosis,disease_text,True,False,,False,True,
SRX27291582,PRJNA1208088,Idiopathic Pulmonary Fibrosis (IPF),MONDO:0800504,,lung,UBERON:0002048,unsure,IPF / Pulmonary Fibrosis,disease_text,True,False,,False,True,
SRX27291584,PRJNA1208088,Idiopathic Pulmonary Fibrosis (IPF),MONDO:0800504,,lung,UBERON:0002048,none,IPF / Pulmonary Fibrosis,disease_text,True,False,,False,True,
SRX27291587,PRJNA1208088,Idiopathic Pulmonary Fibrosis (IPF),MONDO:0800504,,lung,UBERON:0002048,none,IPF / Pulmonary Fibrosis,disease_text,False,True,explicitControl,False,True,
SRX27291588,PRJNA1208088,Idiopathic Pulmonary Fibrosis (IPF),MONDO:0800504,,lung tissue,UBERON:0002048,not_applicable,IPF / Pulmonary Fibrosis,disease_text,True,False,,False,True,
SRX27291589,PRJNA1208088,Idiopathic Pulmonary Fibrosis (IPF),MONDO:0800504,,lung,UBERON:0002048,unsure,IPF / Pulmonary Fibrosis,disease_text,False,True,explicitControl,False,True,
SRX27291590,PRJNA1208088,Idiopathic Pulmonary Fibrosis (IPF),MONDO:0800504,,Lung tissue,UBERON:0002048,none,IPF / Pulmonary Fibrosis,disease_text,False,True,explicitControl,False,True,
SRX27291591,PRJNA1208088,Idiopathic Pulmonary Fibrosis (IPF),MONDO:0800504,,Lung tissue – frozen tissue cores from IPF lungs (post-transplant) and unused donor control lungs,UBERON:0002048,none,IPF / Pulmonary Fibrosis,disease_text,False,True,explicitControl,False,True,
SRX27291592,PRJNA1208088,Idiopathic Pulmonary Fibrosis (IPF),MONDO:0800504,,Lung tissue,UBERON:0002048,none,IPF / Pulmonary Fibrosis,disease_text,False,True,explicitControl,False,True,
SRX27291593,PRJNA1208088,control,,,lung,UBERON:0002048,none,IPF / Pulmonary Fibrosis,study_consensus,False,True,explicitControl,False,True,
SRX27291594,PRJNA1208088,Idiopathic Pulmonary Fibrosis,MONDO:0800504,,lung,UBERON:0002048,unsure,IPF / Pulmonary Fibrosis,disease_text,False,True,explicitControl,False,True,
SRX27291595,PRJNA1208088,Idiopathic Pulmonary Fibrosis (IPF),MONDO:0800504,,lung,UBERON:0002048,not_applicable,IPF / Pulmonary Fibrosis,disease_text,False,True,explicitControl,False,True,
SRX27291597,PRJNA1208088,control,,,lung,UBERON:0002048,not_applicable,IPF / Pulmonary Fibrosis,study_consensus,False,True,explicitControl,False,True,
SRX27291598,PRJNA1208088,Idiopathic Pulmonary Fibrosis (IPF),MONDO:0800504,,lung,UBERON:0002048,not_applicable,IPF / Pulmonary Fibrosis,disease_text,True,False,,False,True,
SRX27291599,PRJNA1208088,Idiopathic Pulmonary Fibrosis (IPF),MONDO:0800504,,Lung tissue,UBERON:0002048,Not applicable,IPF / Pulmonary Fibrosis,disease_text,True,False,,False,True,
SRX27291600,PRJNA1208088,Idiopathic Pulmonary Fibrosis,MONDO:0800504,,lung,UBERON:0002048,none,IPF / Pulmonary Fibrosis,disease_text,True,False,,False,True,
SRX27291603,PRJNA1208088,Idiopathic Pulmonary Fibrosis (IPF),MONDO:0800504,,lung,UBERON:0002048,unsure,IPF / Pulmonary Fibrosis,disease_text,True,False,,False,True,
SRX27291604,PRJNA1208088,IPF,MONDO:0800504,,lung,UBERON:0002048,unsure,IPF / Pulmonary Fibrosis,disease_text,True,False,,False,True,
SRX27291605,PRJNA1208088,Idiopathic Pulmonary Fibrosis (IPF),MONDO:0800504,,lung,UBERON:0002048,unsure,IPF / Pulmonary Fibrosis,disease_text,True,False,,False,True,
SRX27291607,PRJNA1208088,Idiopathic Pulmonary Fibrosis,MONDO:0800504,,lung tissue,UBERON:0002048,not_applicable,IPF / Pulmonary Fibrosis,disease_text,True,False,,False,True,
SRX27291609,PRJNA1208088,Idiopathic Pulmonary Fibrosis (IPF),MONDO:0800504,,Lung tissue,UBERON:0002048,None,IPF / Pulmonary Fibrosis,disease_text,True,False,,False,True,
SRX27291610,PRJNA1208088,Idiopathic Pulmonary Fibrosis (IPF),MONDO:0800504,,Lung tissue - frozen tissue cores from IPF lungs and unused donor control lungs,UBERON:0002048,Not provided,IPF / Pulmonary Fibrosis,disease_text,True,False,,False,True,
SRX27291611,PRJNA1208088,Idiopathic Pulmonary Fibrosis (IPF),MONDO:0800504,,lung tissue,UBERON:0002048,not applicable,IPF / Pulmonary Fibrosis,disease_text,True,False,,False,True,
SRX27291612,PRJNA1208088,Idiopathic Pulmonary Fibrosis (IPF),MONDO:0800504,,lung,UBERON:0002048,not_applicable,IPF / Pulmonary Fibrosis,disease_text,True,False,,False,True,
SRX27291613,PRJNA1208088,Idiopathic Pulmonary Fibrosis (IPF),MONDO:0800504,,lung,UBERON:0002048,unsure,IPF / Pulmonary Fibrosis,disease_text,True,False,,False,True,
SRX27291614,PRJNA1208088,Idiopathic Pulmonary Fibrosis (IPF),MONDO:0800504,,lung,UBERON:0002048,unsure,IPF / Pulmonary Fibrosis,disease_text,True,False,,False,True,
SRX27291616,PRJNA1208088,Idiopathic Pulmonary Fibrosis (IPF),MONDO:0800504,,lung,UBERON:0002048,none,IPF / Pulmonary Fibrosis,disease_text,True,False,,False,True,
SRX27291617,PRJNA1208088,IPF,MONDO:0800504,,lung,UBERON:0002048,unsure,IPF / Pulmonary Fibrosis,disease_text,True,False,,False,True,
SRX27291619,PRJNA1208088,Idiopathic Pulmonary Fibrosis (IPF),MONDO:0800504,,Frozen tissue cores from IPF lungs and control lungs,"UBERON:0008870,UBERON:0002048",unsure,IPF / Pulmonary Fibrosis,disease_text,True,False,,False,True,
SRX27291620,PRJNA1208088,Idiopathic Pulmonary Fibrosis (IPF),MONDO:0800504,,lung,UBERON:0002048,not_applicable,IPF / Pulmonary Fibrosis,disease_text,True,False,,False,True,
SRX27291621,PRJNA1208088,Idiopathic Pulmonary Fibrosis,MONDO:0800504,,lung,UBERON:0002048,unsure,IPF / Pulmonary Fibrosis,disease_text,True,False,,False,True,
SRX27291622,PRJNA1208088,IPF,MONDO:0800504,,lung,UBERON:0002048,unsure,IPF / Pulmonary Fibrosis,disease_text,True,False,,False,True,
SRX27291623,PRJNA1208088,Idiopathic Pulmonary Fibrosis (IPF),MONDO:0800504,,lung,UBERON:0002048,none,IPF / Pulmonary Fibrosis,disease_text,True,False,,False,True,
SRX27291624,PRJNA1208088,Idiopathic pulmonary fibrosis (IPF),MONDO:0800504,,Lung,UBERON:0002048,not_applicable,IPF / Pulmonary Fibrosis,disease_text,True,False,,False,True,
SRX27313889,PRJNA1209070,lung cancer,MONDO:0008903,,lung cancer cell line,UBERON:0002048,NCI-H226,Lung Cancer,disease_text,True,False,,False,False,excluded_sample_type
SRX27358284,PRJNA1210996,unsure,,,human alveolar epithelial,UBERON:0004821,A549,Other,missing_ontology,,False,,False,False,excluded_sample_type
SRX27358285,PRJNA1210996,Influenza virus infection,MONDO:0005812,,lung,UBERON:0002048,A549,Other,missing_ontology,,False,,False,False,excluded_sample_type
SRX27358287,PRJNA1210996,Influenza infection context,MONDO:0005812,,Human alveolar epithelial cells (A549 cell line),UBERON:0008870,A549,Other,missing_ontology,,False,,False,False,excluded_sample_type
SRX27358288,PRJNA1210996,none,,,alveolar epithelial cells,UBERON:0004821,A549,Other,missing_ontology,False,True,healthy,False,False,excluded_sample_type
SRX27358291,PRJNA1210996,"infected with influenza A virus (strain A/Perth/16/2009, H3N2)",MONDO:0005812,,A549 cells (human alveolar epithelial cell line),UBERON:0004821,A549 cells,Other,missing_ontology,,False,,False,False,excluded_sample_type
SRX27358292,PRJNA1210996,Influenza infection,MONDO:0005812,,Human alveolar epithelial,UBERON:0004821,A549,Other,missing_ontology,,False,,False,False,excluded_sample_type
SRX27358294,PRJNA1210996,none,,,human alveolar epithelial,UBERON:0004821,A549,Other,missing_ontology,False,True,healthy,False,False,excluded_sample_type
SRX27995674,PRJNA1202516,lung cancer,MONDO:0008903,,lung tissue,UBERON:0002048,none,Lung Cancer,disease_text,True,False,,False,True,
SRX27995701,PRJNA1202516,"lung cancer, HER2 positive",MONDO:0008903,,lung,UBERON:0002048,none,Lung Cancer,disease_text,True,False,,False,True,
SRX27995730,PRJNA1202516,lung cancer,MONDO:0008903,,lung,UBERON:0002048,unsure,Lung Cancer,disease_text,True,False,,False,True,
SRX27995731,PRJNA1202516,Lung Cancer,MONDO:0008903,,lung tumor biopsy,UBERON:0002048,not applicable,Lung Cancer,disease_text,True,False,,False,True,
SRX29072175,PRJNA1272602,non-small cell lung cancer (NSCLC),MONDO:0005233,,non-small cell lung cancer tumor,UBERON:0002048,none,Lung Cancer,disease_text,True,False,,True,True,
SRX29072176,PRJNA1272602,non-small cell lung carcinoma (NSCLC),MONDO:0005233,,non-small cell lung carcinoma (NSCLC) tumor,UBERON:0002048,none,Lung Cancer,disease_text,True,False,,False,True,
SRX29072177,PRJNA1272602,non-small cell lung cancer (NSCLC),MONDO:0005233,,NSCLC tumor (lung),UBERON:0002048,none (primary tumor cells),Lung Cancer,disease_text,True,False,,True,True,
SRX29072178,PRJNA1272602,non-small cell lung carcinoma (NSCLC),MONDO:0005233,,"lung tumor (NSCLC), tumor-infiltrating immune cells (myeloid, T cells, B cells)",UBERON:0002048,none,Lung Cancer,disease_text,True,False,,False,True,
SRX29072179,PRJNA1272602,non-small-cell lung carcinoma (NSCLC),MONDO:0005233,,non-small-cell lung carcinoma (NSCLC) tumor,UBERON:0002048,not_applicable,Lung Cancer,disease_text,True,False,,False,True,
SRX7347523,PRJNA554141,"none reported (healthy donors, smoking status)",,,tracheal epithelium,UBERON:0001901,none,Other,missing_ontology,False,True,healthy,False,True,
SRX7347524,PRJNA554141,"none (healthy donor, heavy smoker)",,,tracheal epithelium (airway epithelial cells),UBERON:0001901,none,Other,missing_ontology,False,True,healthy,False,True,
SRX7347525,PRJNA554141,"smoking status (heavy smoker, light smoker, never smoker, pediatric)",MONDO:0100460,,tracheal epithelium,UBERON:0001901,none,Other,missing_ontology,,False,,False,False,unmapped_disease
SRX8008854,PRJNA613670,none,,,lung,UBERON:0002048,CD45- single cells from healthy lung biopsies of 5 deceased patients from NDRI,Other,missing_ontology,False,True,healthy,False,True,
SRX8008855,PRJNA613670,no record of lung disease or smoking in donors,,,lung,UBERON:0002048,not specified,Other,missing_ontology,False,True,healthy,False,True,
SRX8288949,PRJNA631019,none (healthy donor),,,"lung (alveolar epithelial type 2 cells, AEC2s), fresh explant and 3D organoid co-culture",UBERON:0002048,none (primary cells),Other,missing_ontology,False,True,healthy,False,False,excluded_sample_type
SRX8349948,PRJNA633134,cystic fibrosis and control (healthy),MONDO:0009061,,"airway epithelium (bronchi, carina)",UBERON:0004802,none; primary cells,Cystic Fibrosis,disease_text,,False,,False,True,
SRX8349949,PRJNA633134,none (wild-type),,,airway epithelium,UBERON:0004802,none,Cystic Fibrosis,study_consensus,False,True,healthy,False,True,
SRX8349950,PRJNA633134,Wild-type (no cystic fibrosis mutation; control),,,Airway epithelium (bronchi and carina),UBERON:0004802,"Primary airway epithelial cells, FACS-sorted (DAPI–, CD45–, CD31–, CD326+) single cells",Cystic Fibrosis,disease_text,,False,,False,True,
SRX8349955,PRJNA633134,none reported (healthy),,,airway epithelium,UBERON:0004802,none,Cystic Fibrosis,study_consensus,False,True,healthy,False,True,
SRX8349956,PRJNA633134,Cystic fibrosis,MONDO:0009061,,Airway epithelium (bronchi and carina),"UBERON:0002031,UBERON:0008397","primary cells, not a cell line",Cystic Fibrosis,disease_text,True,False,,False,True,
SRX8349957,PRJNA633134,cystic fibrosis (CF) and healthy controls,MONDO:0009061,,"proximal airway epithelium (bronchi and carina), FACS-sorted CD326+ airway epithelial cells","UBERON:0002416,UBERON:0002416",none,Cystic Fibrosis,disease_text,,False,,False,True,
SRX8349958,PRJNA633134,cystic fibrosis (ΔF508/ΔF508 genotype),MONDO:0009061,,airway epithelium (bronchi and carina),UBERON:0004802,not_applicable,Cystic Fibrosis,disease_text,True,False,,False,True,
SRX8349959,PRJNA633134,cystic fibrosis (dF508/dF508),MONDO:0009061,,airway epithelium,UBERON:0004802,none,Cystic Fibrosis,disease_text,True,False,,False,True,
SRX8349960,PRJNA633134,"cystic fibrosis, control",MONDO:0009061,,"bronchi, carina epithelium (airway epithelial cells)","UBERON:0002185,UBERON:0001901",none; primary epithelial cells,Cystic Fibrosis,disease_text,,False,,False,True,
SRX8349961,PRJNA633134,cystic fibrosis (ΔF508/ΔF508 genotype),MONDO:0009061,,airway epithelium (bronchi and carina),"UBERON:0002031,UBERON:0001901",none (primary cells),Cystic Fibrosis,disease_text,True,False,,False,True,
SRX8349962,PRJNA633134,cystic fibrosis (genotype G542X/R785X),MONDO:0009061,,primary human airway epithelium (bronchi and carina),UBERON:0004802,primary airway epithelial cells (not immortalized),Cystic Fibrosis,disease_text,True,False,,False,True,
SRX8349963,PRJNA633134,Cystic fibrosis (dF508/dF508) and non-CF controls,MONDO:0009061,,Airway epithelium from bronchi and carina,"UBERON:0002031,UBERON:0001901",Primary cells; no immortalized cell line,Cystic Fibrosis,study_consensus,,False,,False,True,
SRX8349964,PRJNA633134,none (wild-type control; project studies cystic fibrosis but this sample is WT),,,airway epithelium,UBERON:0004802,not applicable (primary cells),Cystic Fibrosis,disease_text,,False,,False,True,
SRX8349966,PRJNA633134,cystic fibrosis (dF508/1078delT genotype),MONDO:0009061,,airway epithelium (bronchi and carina),UBERON:0004802,not applicable (primary cells),Cystic Fibrosis,disease_text,True,False,,False,True,
SRX8349967,PRJNA633134,cystic fibrosis (genotype ΔF508/R553X),MONDO:0009061,,airway epithelium (bronchi and carina),UBERON:0004802,primary cells (not an established line),Cystic Fibrosis,disease_text,True,False,,False,True,
SRX8349968,PRJNA633134,Cystic fibrosis and non-CF (control),MONDO:0009061,,Primary human bronchial and carinal airway epithelium (lung explants),"UBERON:0002031,UBERON:0001901",Not applicable (primary cells),Cystic Fibrosis,study_consensus,False,True,explicitControl,False,False,excluded_sample_type
SRX8349970,PRJNA633134,cystic fibrosis (F508del/1811+1.6kbA>G),MONDO:0009061,,bronchial epithelium (air-liquid interface culture),UBERON:0002031,primary human bronchial epithelial cells,Cystic Fibrosis,disease_text,True,False,,False,True,
SRX8349972,PRJNA633134,"none (wild-type, no cystic fibrosis mutation)",,,bronchial/airway epithelium,UBERON:0002031,primary human bronchial epithelial cells,Cystic Fibrosis,disease_text,,False,,False,True,
SRX8353567,PRJNA633281,none,,,RUES2-derived lung cells (in vitro differentiated lung cells),UBERON:0000115,RUES2,COVID-19 / SARS-CoV-2,study_consensus,False,True,healthy,False,False,excluded_sample_type
SRX8353568,PRJNA633281,SARS-CoV-2 (COVID-19) in vitro model,MONDO:0100096,,RUES2-derived lung cells co-cultured with M1 macrophages,UBERON:0008946,RUES2,COVID-19 / SARS-CoV-2,disease_text,True,False,,False,False,excluded_sample_type
SRX8353570,PRJNA633281,none specified,,,lung (RUES2-derived lung cells and M2 macrophages co-culture),UBERON:0002048,RUES2,COVID-19 / SARS-CoV-2,study_consensus,False,True,healthy,False,False,excluded_sample_type
SRX8353571,PRJNA633281,SARS-CoV-2 infection,MONDO:0100096,,RUES2-derived lung epithelial cells co-cultured with M2 macrophages,UBERON:0000115,RUES2,COVID-19 / SARS-CoV-2,disease_text,True,False,,False,False,excluded_sample_type
SRX8370852,PRJNA634136,EGFR-mutant lung adenocarcinoma,MONDO:0005061,,lung epithelium (PC9 cell line),UBERON:0000115,PC9,Lung Cancer,disease_text,True,False,,False,False,excluded_sample_type
SRX8370854,PRJNA634136,lung adenocarcinoma,MONDO:0005061,,PC9 lung adenocarcinoma cell line,UBERON:0004821,PC9,Lung Cancer,disease_text,True,False,,False,False,excluded_sample_type
SRX8370855,PRJNA634136,lung adenocarcinoma,MONDO:0005061,,lung cancer cell line (PC9),UBERON:0002048,PC9,Lung Cancer,disease_text,True,False,,False,False,excluded_sample_type
SRX8370856,PRJNA634136,EGFR-driven lung adenocarcinoma,MONDO:0005061,,lung adenocarcinoma (PC9 cell line),UBERON:0004821,PC9,Lung Cancer,disease_text,True,False,,False,False,excluded_sample_type
SRX8370857,PRJNA634136,lung adenocarcinoma,MONDO:0005061,,lung (PC9 cell line),UBERON:0000115,PC9,Lung Cancer,disease_text,True,False,,False,False,excluded_sample_type
SRX8370858,PRJNA634136,lung cancer (EGFR-mutant),MONDO:0008903,,PC9 lung cancer cell line,,PC9,Lung Cancer,disease_text,True,False,,False,False,excluded_sample_type
SRX8370860,PRJNA634136,lung adenocarcinoma,MONDO:0005061,,lung (PC9 cell line),UBERON:0002048,PC9,Lung Cancer,disease_text,True,False,,False,False,excluded_sample_type
SRX8370861,PRJNA634136,lung adenocarcinoma,MONDO:0005061,,PC9 cell line (lung adenocarcinoma),UBERON:0004821,PC9,Lung Cancer,disease_text,True,False,,False,False,excluded_sample_type
SRX8372491,PRJNA634159,non-small cell lung cancer (NSCLC),MONDO:0005233,,lung,UBERON:0002048,unsure,Lung Cancer,disease_text,True,False,,False,True,
SRX8372494,PRJNA634159,non-small cell lung cancer (NSCLC),MONDO:0005233,,lung,UBERON:0002048,unsure,Lung Cancer,disease_text,True,False,,False,True,
SRX8372495,PRJNA634159,non-small cell lung cancer (NSCLC),MONDO:0005233,,lung tumor,UBERON:0002048,unsure,Lung Cancer,disease_text,True,False,,False,True,
SRX8372496,PRJNA634159,non-small cell lung cancer,MONDO:0005233,,lung,UBERON:0002048,unsure,Lung Cancer,disease_text,True,False,,False,True,
SRX8953166,PRJNA657422,idiopathic pulmonary fibrosis (IPF),MONDO:0800504,,lung (lower lobe),UBERON:0008949,none,IPF / Pulmonary Fibrosis,disease_text,True,False,,False,True,
SRX8953167,PRJNA657422,idiopathic pulmonary fibrosis (IPF),MONDO:0800504,,lung (upper lobe),UBERON:0008948,none,IPF / Pulmonary Fibrosis,disease_text,True,False,,False,True,
SRX9058141,PRJNA661032,severe COVID-19,MONDO:0100096,,bronchoalveolar lavage fluid,UBERON:0035963,not applicable,COVID-19 / SARS-CoV-2,disease_text,True,False,,False,True,
SRX9058143,PRJNA661032,COVID-19,MONDO:0100096,,"bronchoalveolar lavage (BAL) fluid, peripheral blood mononuclear cells (PBMC)",UBERON:0035963,,COVID-19 / SARS-CoV-2,disease_text,False,True,healthy,False,False,non_lung
SRX9058146,PRJNA661032,COVID-19 (severe),MONDO:0100096,,"bronchoalveolar lavage fluid, peripheral blood","UBERON:0035963,UBERON:0000178",none,COVID-19 / SARS-CoV-2,disease_text,True,False,,False,False,non_lung
SRX9058149,PRJNA661032,COVID-19 (severe),MONDO:0100096,,bronchoalveolar lavage fluid,UBERON:0035963,not_applicable,COVID-19 / SARS-CoV-2,disease_text,True,False,,False,True,
SRX9058150,PRJNA661032,COVID-19 (severe),MONDO:0100096,,bronchoalveolar lavage fluid,,not_applicable,COVID-19 / SARS-CoV-2,disease_text,True,False,,False,True,
SRX9058151,PRJNA661032,COVID-19 (fatal cases),MONDO:0100096,,broncho-alveolar lavage (BAL) fluid,UBERON:0035963,none (primary patient cells),COVID-19 / SARS-CoV-2,disease_text,True,False,,False,True,
SRX9058152,PRJNA661032,severe COVID-19,MONDO:0100096,,bronchoalveolar lavage (BAL),,not_applicable,COVID-19 / SARS-CoV-2,disease_text,True,False,,False,True,
SRX9058153,PRJNA661032,COVID-19 (severe),MONDO:0100096,,bronchoalveolar lavage fluid,UBERON:0035963,none,COVID-19 / SARS-CoV-2,disease_text,True,False,,False,True,
SRX9058154,PRJNA661032,COVID-19,MONDO:0100096,,bronchoalveolar lavage fluid,,none,COVID-19 / SARS-CoV-2,disease_text,True,False,,False,True,
SRX9058155,PRJNA661032,"COVID-19, healthy control",MONDO:0100096,,"bronchoalveolar lavage fluid, peripheral blood","UBERON:0035963,UBERON:0000178",none,COVID-19 / SARS-CoV-2,disease_text,True,False,,False,False,non_lung
SRX9058156,PRJNA661032,severe COVID-19 (fatal outcome),MONDO:0100096,,bronchoalveolar lavage fluid (BAL),UBERON:0035963,not applicable,COVID-19 / SARS-CoV-2,disease_text,True,False,,False,True,
SRX9058157,PRJNA661032,COVID-19,MONDO:0100096,,"bronchoalveolar lavage fluid, peripheral blood",UBERON:0000178,none,COVID-19 / SARS-CoV-2,disease_text,True,False,,False,False,non_lung
SRX9058158,PRJNA661032,"COVID-19 (severe, fatal outcome)",MONDO:0100096,,bronchoalveolar lavage fluid,,not applicable,COVID-19 / SARS-CoV-2,disease_text,True,False,,False,True,
SRX9058159,PRJNA661032,"COVID-19 (severe, fatal)",MONDO:0100096,,bronchoalveolar lavage (BAL),UBERON:0035963,not_applicable,COVID-19 / SARS-CoV-2,disease_text,True,False,,False,True,
SRX9058161,PRJNA661032,Severe COVID-19,MONDO:0100096,,bronchoalveolar lavage (BAL),UBERON:0035963,not applicable,COVID-19 / SARS-CoV-2,disease_text,True,False,,False,True,
SRX9058162,PRJNA661032,"COVID-19 (severe/fatal), healthy controls",MONDO:0100096,,"bronchoalveolar lavage fluid (BAL), peripheral blood mononuclear cells (PBMCs)",UBERON:0035963,not_applicable,COVID-19 / SARS-CoV-2,disease_text,True,False,,False,False,non_lung
SRX9058165,PRJNA661032,unsure,,,"bronchoalveolar lavage fluid, peripheral blood mononuclear cells",UBERON:0035963,none,COVID-19 / SARS-CoV-2,study_consensus,True,False,,False,False,non_lung
SRX9058166,PRJNA661032,COVID-19 (severe),MONDO:0100096,,bronchoalveolar lavage fluid,UBERON:0035963,none,COVID-19 / SARS-CoV-2,disease_text,True,False,,False,True,
SRX9058167,PRJNA661032,severe COVID-19,MONDO:0100096,,broncho-alveolar lavage (BAL),UBERON:0006524,none,COVID-19 / SARS-CoV-2,disease_text,True,False,,False,True,
SRX9058168,PRJNA661032,COVID-19 (severe/fatal),MONDO:0100096,,bronchoalveolar lavage fluid,UBERON:0035963,not_applicable,COVID-19 / SARS-CoV-2,disease_text,True,False,,False,True,
SRX9058169,PRJNA661032,COVID-19 (severe),MONDO:0100096,,bronchoalveolar lavage fluid (BAL),UBERON:0035963,not applicable,COVID-19 / SARS-CoV-2,disease_text,True,False,,False,True,
SRX9058170,PRJNA661032,"COVID-19, healthy control",MONDO:0100096,,"Peripheral blood immune cells, bronchoalveolar lavage (BAL) immune cells","UBERON:0000178,UBERON:8850000",none,COVID-19 / SARS-CoV-2,disease_text,True,False,,False,False,non_lung
SRX9058184,PRJNA661032,"Severe COVID-19, healthy control",MONDO:0100096,,"Peripheral blood mononuclear cells (PBMCs), broncho-alveolar lavage (BAL) immune cells","UBERON:0000178,UBERON:0006524",none,COVID-19 / SARS-CoV-2,disease_text,True,False,,False,False,non_lung
SRX9058186,PRJNA661032,COVID-19,MONDO:0100096,,"peripheral blood mononuclear cells, bronchoalveolar lavage fluid",UBERON:0035963,not applicable,COVID-19 / SARS-CoV-2,disease_text,True,False,,False,False,non_lung
SRX9058187,PRJNA661032,"COVID-19 (severe/fatal), healthy controls",MONDO:0100096,,"bronchoalveolar lavage fluid, peripheral blood mononuclear cells","UBERON:0035963,UBERON:0000178",none,COVID-19 / SARS-CoV-2,disease_text,True,False,,False,False,non_lung
SRX9058189,PRJNA661032,"COVID-19 (mild, severe, fatal), includes immunocompromised patients",MONDO:0100096,,"Peripheral blood mononuclear cells (PBMC), bronchoalveolar lavage (BAL) fluid",UBERON:0035963,none,COVID-19 / SARS-CoV-2,disease_text,True,False,,False,False,non_lung
SRX9058196,PRJNA661032,"COVID-19, healthy control",MONDO:0100096,,"blood, bronchoalveolar lavage fluid",UBERON:0000178,none,COVID-19 / SARS-CoV-2,disease_text,False,True,healthy,False,True,
SRX9062357,PRJNA661081,idiopathic pulmonary fibrosis,MONDO:0800504,,lung,UBERON:0002048,none,IPF / Pulmonary Fibrosis,disease_text,True,False,,False,True,
SRX9062358,PRJNA661081,idiopathic pulmonary fibrosis (IPF),MONDO:0800504,,lung (mesenchymal/stromal cells),UBERON:0004883,none,IPF / Pulmonary Fibrosis,disease_text,True,False,,False,True,
SRX9062363,PRJNA661081,none (healthy donor),,,"lung (primary mesenchymal cells, EPCAM–/CD31–/CD45– sorted)",UBERON:0002048,not_applicable,IPF / Pulmonary Fibrosis,study_consensus,False,True,healthy,False,True,
SRX9062364,PRJNA661081,none (healthy),,,"lung (mesenchymal cells, healthy donor)",UBERON:0004883,none,IPF / Pulmonary Fibrosis,study_consensus,False,True,healthy,False,True,
SRX9062365,PRJNA661081,none (healthy donor),,,lung (mesenchymal cells),UBERON:0004883,none (primary cells),IPF / Pulmonary Fibrosis,study_consensus,False,True,healthy,False,True,
SRX9062366,PRJNA661081,none reported (normal tissue),,,lung,UBERON:0002048,not applicable,IPF / Pulmonary Fibrosis,study_consensus,False,True,healthy,False,True,
SRX9078404,PRJNA661567,none (uninfected),,,tracheal/bronchial epithelial cells (nHTBE),"UBERON:0001901,UBERON:0002031",nHTBE,COVID-19 / SARS-CoV-2,study_consensus,False,True,healthy,False,True,
SRX9078405,PRJNA661567,SARS-CoV-2 infection,MONDO:0100096,,tracheal/bronchial epithelium (primary nHTBE cells),UBERON:0008397,"primary normal human tracheal bronchial epithelial (nHTBE) cells, Lonza CC-2540S",COVID-19 / SARS-CoV-2,disease_text,True,False,,False,True,
SRX9078406,PRJNA661567,SARS-CoV-2 infection,MONDO:0100096,,tracheal/bronchial epithelial cells,"UBERON:0001901,UBERON:0002031",primary normal human tracheal/bronchial epithelial cells,COVID-19 / SARS-CoV-2,disease_text,True,False,,False,True,
SRX9078407,PRJNA661567,no donor disease; experimental SARS-CoV-2 infection,,,primary human airway epithelial cells,UBERON:0004802,none (primary cells),COVID-19 / SARS-CoV-2,disease_text,True,False,,False,True,
SRX9078408,PRJNA661567,SARS-CoV-2 infection,MONDO:0100096,,tracheal/bronchial epithelial cells,"UBERON:0001901,UBERON:0002031",nHTBE primary cells,COVID-19 / SARS-CoV-2,disease_text,True,False,,False,True,
SRX9127133,PRJNA663601,healthy donor,,,"lung (lineage-negative, EpCAM+ epithelial cells)",UBERON:0000115,not_applicable,IPF / Pulmonary Fibrosis,study_consensus,False,True,healthy,False,True,
SRX9127134,PRJNA663601,none (healthy),,,"lung epithelial cells (Lin- EpCAM+), healthy donor",UBERON:0000115,not_applicable,IPF / Pulmonary Fibrosis,study_consensus,False,True,healthy,False,True,
SRX9127135,PRJNA663601,none (healthy donor),,,lung Lin- EpCAM+ epithelial cells,UBERON:0000115,none,IPF / Pulmonary Fibrosis,study_consensus,False,True,healthy,False,True,
SRX9127136,PRJNA663601,none (healthy),,,"lung epithelial cells (Lin–EpCAM+), lung","UBERON:0000115,UBERON:0002048",none,IPF / Pulmonary Fibrosis,study_consensus,False,True,healthy,False,True,
SRX9127138,PRJNA663601,none (healthy donor),,,lung (Lin- EpCAM+ epithelial cells),UBERON:0002048,none,IPF / Pulmonary Fibrosis,study_consensus,False,True,healthy,False,True,
SRX9127139,PRJNA663601,"idiopathic pulmonary fibrosis (IPF), healthy control",MONDO:0800504,,"lung epithelial cells (Lin- EpCAM+), lung","UBERON:0000115,UBERON:0002048",none,IPF / Pulmonary Fibrosis,disease_text,True,False,,False,True,
SRX9127140,PRJNA663601,idiopathic pulmonary fibrosis (IPF) and healthy controls,MONDO:0800504,,lung epithelial cells (Lin- EpCAM+ sorted cells),UBERON:0000115,not applicable,IPF / Pulmonary Fibrosis,disease_text,True,False,,False,True,
SRX9127141,PRJNA663601,"idiopathic pulmonary fibrosis (IPF), healthy",MONDO:0800504,,"lung epithelial cells (EpCAM+), from IPF patients and healthy donors",UBERON:0000115,none,IPF / Pulmonary Fibrosis,disease_text,True,False,,False,True,
SRX9127142,PRJNA663601,idiopathic pulmonary fibrosis (IPF),MONDO:0800504,,lung Lin–EpCAM+ epithelial cells,UBERON:0002048,not a cell line; primary sorted epithelial cells,IPF / Pulmonary Fibrosis,disease_text,True,False,,False,True,
SRX9127143,PRJNA663601,idiopathic pulmonary fibrosis (IPF),MONDO:0800504,,lung (EpCAM+ epithelial cells),UBERON:0000115,not applicable,IPF / Pulmonary Fibrosis,disease_text,True,False,,False,True,
SRX9127144,PRJNA663601,idiopathic pulmonary fibrosis (IPF),MONDO:0800504,,lung,UBERON:0002048,none,IPF / Pulmonary Fibrosis,disease_text,True,False,,False,True,
SRX9246189,PRJNA667491,Cystic fibrosis and non-CF (healthy),MONDO:0009061,,Primary human airway epithelial (basal) cells from polarized cultures,UBERON:0004802,Primary basal cells (not immortalized cell line),Cystic Fibrosis,study_consensus,False,True,healthy,False,True,
SRX9246190,PRJNA667491,non-cystic fibrosis (non-CF),MONDO:0009061,,"primary human airway epithelial (basal) cells, polarized airway cultures","UBERON:0004802,UBERON:0010499",primary basal cells,Cystic Fibrosis,study_consensus,,False,,False,True,
SRX9246191,PRJNA667491,cystic fibrosis (CF) and non-CF,MONDO:0009061,,lung (primary basal epithelial cells),UBERON:0002031,primary cells; no cell line,Cystic Fibrosis,study_consensus,,False,,False,True,
SRX9246192,PRJNA667491,non-cystic fibrosis (non-CF),MONDO:0009061,,lung (primary basal cells),UBERON:0002048,primary cells,Cystic Fibrosis,study_consensus,,False,,False,True,
SRX9246193,PRJNA667491,non-CF control,,,airway epithelial cell cultures (primary basal cells from lung donors),UBERON:0004802,primary human basal cells,Cystic Fibrosis,study_consensus,False,True,explicitControl,False,True,
SRX9246194,PRJNA667491,cystic fibrosis (CF) and non-CF,MONDO:0009061,,primary human airway basal cells (polarized airway epithelial cultures from lung donors),UBERON:0004807,primary basal cells (not an immortalized cell line),Cystic Fibrosis,study_consensus,,False,,False,True,
SRX9246195,PRJNA667491,non-cystic fibrosis (non-CF),MONDO:0009061,,lung (primary basal cells),UBERON:0002048,primary basal cells,Cystic Fibrosis,study_consensus,,False,,False,True,
SRX9246196,PRJNA667491,non-cystic fibrosis (control),MONDO:0009061,,lung (primary basal cells),UBERON:0002031,none,Cystic Fibrosis,study_consensus,False,True,explicitControl,False,True,
SRX9246197,PRJNA667491,cystic fibrosis,MONDO:0009061,,lung (primary basal cells),UBERON:0002031,"primary basal cells, subject CFB_13_19",Cystic Fibrosis,disease_text,True,False,,False,True,
SRX9246199,PRJNA667491,cystic fibrosis,MONDO:0009061,,"airway epithelial basal cells (primary, polarized cultures)",UBERON:0004802,none (primary cells),Cystic Fibrosis,disease_text,True,False,,False,True,
SRX9246200,PRJNA667491,cystic fibrosis,MONDO:0009061,,lung (primary basal cells),UBERON:0000115,primary cells (not immortalized cell line),Cystic Fibrosis,disease_text,True,False,,False,True,
SRX9246201,PRJNA667491,cystic fibrosis,MONDO:0009061,,lung (primary basal cells),UBERON:0000115,none,Cystic Fibrosis,disease_text,True,False,,False,True,
SRX9246202,PRJNA667491,cystic fibrosis,MONDO:0009061,,lung (primary basal cells),UBERON:0002031,none (primary cells),Cystic Fibrosis,disease_text,True,False,,False,True,
SRX9246203,PRJNA667491,cystic fibrosis (CF) and non-CF,MONDO:0009061,,primary airway basal cells (bronchial epithelium),UBERON:0002031,primary basal cells from CF and non-CF donors,Cystic Fibrosis,study_consensus,True,False,,False,True,
SRX9246204,PRJNA667491,cystic fibrosis,MONDO:0009061,,lung (primary basal cells),UBERON:0002048,none (primary cells),Cystic Fibrosis,disease_text,True,False,,False,True,
SRX9246205,PRJNA667491,cystic fibrosis,MONDO:0009061,,lung,UBERON:0002048,primary basal cells,Cystic Fibrosis,disease_text,True,False,,False,True,
SRX9246206,PRJNA667491,cystic fibrosis,MONDO:0009061,,lung (primary basal cells),UBERON:0002048,primary basal cells,Cystic Fibrosis,disease_text,True,False,,False,True,
SRX9246207,PRJNA667491,cystic fibrosis,MONDO:0009061,,lung (polarized human airway cultures),UBERON:0010499,primary basal cells,Cystic Fibrosis,disease_text,True,False,,False,True,
SRX9246208,PRJNA667491,cystic fibrosis,MONDO:0009061,,lung (primary basal cells),UBERON:0000115,none (primary cells),Cystic Fibrosis,disease_text,True,False,,False,True,
SRX9276289,PRJNA668609,systemic sclerosis-associated interstitial lung disease (SSc-ILD),MONDO:0005100,,lung (EPCAM+ epithelial cells from primary explant),UBERON:0000115,not applicable,Interstitial Lung Disease,disease_text,True,False,,False,False,excluded_sample_type
SRX9276290,PRJNA668609,systemic sclerosis-associated interstitial lung disease (SSc-ILD),MONDO:0005100,,"lung (CD31+ endothelial cells, explant)",UBERON:0002048,none,Interstitial Lung Disease,disease_text,True,False,,False,False,excluded_sample_type
SRX9276291,PRJNA668609,systemic sclerosis-associated interstitial lung disease (SSc-ILD),MONDO:0005100,,lung (CD45+ sorted cells),UBERON:0002048,none,Interstitial Lung Disease,disease_text,True,False,,False,True,
SRX9276292,PRJNA668609,systemic sclerosis-associated interstitial lung disease (SSc-ILD),MONDO:0005100,,lung (CD90+ stromal cells),UBERON:0004883,none,Interstitial Lung Disease,disease_text,True,False,,False,True,
SRX9276293,PRJNA668609,systemic sclerosis-associated interstitial lung disease (SSc-ILD),MONDO:0005100,,lung (EPCAM+ sorted epithelial cells and other lineages),UBERON:0002048,none,Interstitial Lung Disease,disease_text,True,False,,False,True,
SRX9276294,PRJNA668609,systemic sclerosis-associated interstitial lung disease (SSc-ILD),MONDO:0005100,,"lung (CD31+ endothelial cells, fresh explant)",UBERON:0002048,not applicable,Interstitial Lung Disease,disease_text,True,False,,False,False,excluded_sample_type
SRX9276295,PRJNA668609,systemic sclerosis-associated interstitial lung disease (SSc-ILD),MONDO:0005100,,"lung explant, CD45+ immune cells",UBERON:0002048,not applicable,Interstitial Lung Disease,disease_text,True,False,,False,False,excluded_sample_type
SRX9276296,PRJNA668609,control (no disease),,,lung,UBERON:0002048,none,Other,missing_ontology,False,True,explicitControl,False,True,
SRX9276297,PRJNA668609,normal control (no disease),,,"lung epithelial cells (EPCAM+), lung explant","UBERON:0000115,UBERON:0002048",none,Other,missing_ontology,False,True,explicitControl,False,False,excluded_sample_type
SRX9276298,PRJNA668609,"idiopathic pulmonary fibrosis (IPF), systemic sclerosis-associated interstitial lung disease (SSc-ILD), normal control",MONDO:0800504,,"lung (fresh explant), FACS-sorted EPCAM+, CD31+, CD45+, triple-negative populations","UBERON:0002048,UBERON:0000483,UBERON:0001986",none,IPF / Pulmonary Fibrosis,disease_text,False,True,explicitControl,False,False,excluded_sample_type
SRX9276299,PRJNA668609,transplant rejection lung (control),MONDO:0700220,,lung (CD45+ immune cells from lung explants),UBERON:0002048,not applicable,Other,missing_ontology,False,True,explicitControl,False,False,excluded_sample_type
SRX9276300,PRJNA668609,none (control),,,"lung (transplant rejection explant, control)",UBERON:0002048,none,Other,missing_ontology,False,True,explicitControl,False,False,excluded_sample_type
SRX9276301,PRJNA668609,idiopathic pulmonary fibrosis (IPF),MONDO:0800504,,lung explant,UBERON:0002048,none,IPF / Pulmonary Fibrosis,disease_text,True,False,,False,False,excluded_sample_type
SRX9276302,PRJNA668609,idiopathic pulmonary fibrosis (IPF),MONDO:0800504,,"lung (fresh explant), EPCAM+ epithelial cells","UBERON:0002048,UBERON:0000483",not_applicable,IPF / Pulmonary Fibrosis,disease_text,True,False,,False,False,excluded_sample_type
SRX9276303,PRJNA668609,idiopathic pulmonary fibrosis (IPF),MONDO:0800504,,"lung (fresh explant), CD31+ endothelial cells","UBERON:0002048,UBERON:0001986",none,IPF / Pulmonary Fibrosis,disease_text,True,False,,False,False,excluded_sample_type
SRX9276304,PRJNA668609,idiopathic pulmonary fibrosis (IPF),MONDO:0800504,,"lung (lung explant), CD45+ immune cells",UBERON:0002048,none,IPF / Pulmonary Fibrosis,disease_text,True,False,,False,False,excluded_sample_type
SRX9276306,PRJNA668609,idiopathic pulmonary fibrosis (IPF),MONDO:0800504,,lung explant (lung),UBERON:0002048,none (primary EPCAM+ SAbGAL– cells from lung explants),IPF / Pulmonary Fibrosis,disease_text,True,False,,False,False,excluded_sample_type
SRX9276308,PRJNA668609,idiopathic pulmonary fibrosis (IPF),MONDO:0800504,,"lung (bronchoalveolar lavage, FACS-sorted CD31+ endothelial cells)",UBERON:0016405,none (primary cells),IPF / Pulmonary Fibrosis,disease_text,True,False,,False,True,
SRX9276309,PRJNA668609,idiopathic pulmonary fibrosis (IPF),MONDO:0800504,,lung explant (CD45+ immune cells),UBERON:0002048,none,IPF / Pulmonary Fibrosis,disease_text,True,False,,False,False,excluded_sample_type
SRX9276312,PRJNA668609,"none (control, transplant donor)",,,lung (EPCAM+ epithelial cells),UBERON:0000115,none,Other,missing_ontology,False,True,explicitControl,False,True,
SRX9276313,PRJNA668609,control (no disease),,,"lung (bronchoalveolar/explant tissue), CD31+ endothelial cells","UBERON:0008946,UBERON:0001986",not applicable (primary cells),Other,missing_ontology,False,True,explicitControl,False,False,excluded_sample_type
SRX9276314,PRJNA668609,control (no disease),,,lung (transplant-rejection control lung explant),UBERON:0002048,none,Other,missing_ontology,False,True,explicitControl,False,False,excluded_sample_type
SRX9276315,PRJNA668609,systemic sclerosis-associated interstitial lung disease (SSc-ILD),MONDO:0005100,,lung,UBERON:0002048,none specified,Interstitial Lung Disease,disease_text,True,False,,False,True,
SRX9276316,PRJNA668609,systemic sclerosis-associated interstitial lung disease (SSc-ILD),MONDO:0005100,,lung (EPCAM+ HT2-280+ epithelial cells),UBERON:0004821,none,Interstitial Lung Disease,disease_text,True,False,,False,True,
SRX9276317,PRJNA668609,"idiopathic pulmonary fibrosis (IPF), systemic sclerosis-associated interstitial lung disease (SSc-ILD), control","MONDO:0800504,MONDO:0005100",,"lung (bronchoalveolar lavage explant cells, sorted by FACS: EPCAM+, CD31+, CD45+, triple-negative)",UBERON:0002299,none; primary cells,IPF / Pulmonary Fibrosis,disease_text,True,False,,False,False,excluded_sample_type
SRX9276318,PRJNA668609,systemic sclerosis-associated interstitial lung disease (SSc-ILD),MONDO:0005100,,lung (CD31+ endothelial cells),UBERON:0013479,not applicable,Interstitial Lung Disease,disease_text,True,False,,False,True,
SRX9276319,PRJNA668609,systemic sclerosis-associated interstitial lung disease (SSc-ILD),MONDO:0005100,,"lung (fibrotic lung explant, CD45+ sorted cells)",UBERON:0002048,none,Interstitial Lung Disease,disease_text,True,False,,False,False,excluded_sample_type
SRX9276320,PRJNA668609,systemic sclerosis-associated interstitial lung disease (SSc-ILD),MONDO:0005100,,"lung (stromal, immune, epithelial, endothelial populations from explant tissue)",UBERON:0002048,not applicable,Interstitial Lung Disease,disease_text,True,False,,False,False,excluded_sample_type
SRX9276321,PRJNA668609,"idiopathic pulmonary fibrosis (IPF), systemic sclerosis-interstitial lung disease (SSc-ILD), healthy control",MONDO:0800504,,lung,UBERON:0002048,none,IPF / Pulmonary Fibrosis,disease_text,True,False,,False,True,
SRX9276322,PRJNA668609,idiopathic pulmonary fibrosis (IPF),MONDO:0800504,,lung (fibrotic lung explant),UBERON:0002048,none,IPF / Pulmonary Fibrosis,disease_text,True,False,,False,False,excluded_sample_type
SRX9276323,PRJNA668609,idiopathic pulmonary fibrosis (IPF),MONDO:0800504,,"lung (epithelial, endothelial, immune, stromal cells)",UBERON:0002048,none,IPF / Pulmonary Fibrosis,disease_text,True,False,,False,True,
SRX9276324,PRJNA668609,idiopathic pulmonary fibrosis (IPF),MONDO:0800504,,lung,UBERON:0002048,none,IPF / Pulmonary Fibrosis,disease_text,True,False,,False,True,
SRX9276325,PRJNA668609,idiopathic pulmonary fibrosis (IPF),MONDO:0800504,,"lung (CD45+ immune cells, FACS-sorted)",UBERON:0002048,not_applicable,IPF / Pulmonary Fibrosis,disease_text,True,False,,False,True,
SRX9276326,PRJNA668609,idiopathic pulmonary fibrosis (IPF),MONDO:0800504,,lung explant,UBERON:0002048,not_applicable,IPF / Pulmonary Fibrosis,disease_text,True,False,,False,False,excluded_sample_type
SRX9276327,PRJNA668609,healthy,,,lung,UBERON:0002048,none,Other,missing_ontology,False,True,explicitControl,False,True,
SRX9276328,PRJNA668609,control (no disease),,,"lung (EPCAM+ epithelial cells, fresh explant)",UBERON:0002048,none,Other,missing_ontology,False,True,explicitControl,False,False,excluded_sample_type
SRX9276329,PRJNA668609,none (control),,,"lung (transplant explant, CD31+ sorted cells)",UBERON:0002048,none,Other,missing_ontology,False,True,explicitControl,False,False,excluded_sample_type
SRX9276330,PRJNA668609,none (healthy control),,,"lung (CD45+ immune cells, explant)",UBERON:0002048,none,Other,missing_ontology,False,True,explicitControl,False,False,excluded_sample_type
SRX9276331,PRJNA668609,control (healthy donor),,,lung,UBERON:0002048,none,Other,missing_ontology,False,True,explicitControl,False,True,
SRX9276332,PRJNA668609,idiopathic pulmonary fibrosis (IPF),MONDO:0800504,,lung explant,UBERON:0002048,none,IPF / Pulmonary Fibrosis,disease_text,True,False,,False,False,excluded_sample_type
SRX9276333,PRJNA668609,idiopathic pulmonary fibrosis (IPF),MONDO:0800504,,"lung (bronchoalveolar lavage, explant lung tissue, EPCAM+ cells)","UBERON:0002048,UBERON:0000483",not applicable,IPF / Pulmonary Fibrosis,disease_text,True,False,,False,False,excluded_sample_type
SRX9276334,PRJNA668609,idiopathic pulmonary fibrosis (IPF),MONDO:0800504,,lung explant (CD31+ endothelial fraction),UBERON:0013479,none,IPF / Pulmonary Fibrosis,disease_text,True,False,,False,False,excluded_sample_type
SRX9276335,PRJNA668609,idiopathic pulmonary fibrosis (IPF),MONDO:0800504,,lung explant,UBERON:0002048,none,IPF / Pulmonary Fibrosis,disease_text,True,False,,False,False,excluded_sample_type
SRX9276336,PRJNA668609,idiopathic pulmonary fibrosis (IPF),MONDO:0800504,,lung,UBERON:0002048,none reported,IPF / Pulmonary Fibrosis,disease_text,True,False,,False,True,
SRX9296012,PRJNA669984,lung adenocarcinoma (carcinoma cell line),MONDO:0005061,,"A549 cell line (lung epithelial, alveolar basal)",UBERON:0004821,A549,Lung Cancer,disease_text,True,False,,False,False,excluded_sample_type
SRX9296013,PRJNA669984,alveolar basal epithelial carcinoma,MONDO:0005138,,lung (alveolar basal epithelial),UBERON:0004821,A549-ACE2,Lung Cancer,study_consensus,,False,,False,False,excluded_sample_type
SRX9296018,PRJNA669984,lung carcinoma,MONDO:0005138,,"A549 cell line (lung, alveolar basal epithelial carcinoma)",UBERON:0004821,A549,Lung Cancer,disease_text,True,False,,False,False,excluded_sample_type
SRX9296019,PRJNA669984,lung carcinoma (A549 cell line),MONDO:0005138,,A549 cell line (human alveolar basal epithelial carcinoma),UBERON:0004821,A549,Lung Cancer,disease_text,True,False,,False,False,excluded_sample_type
SRX9430527,PRJNA674516,lung transplant recipient,MONDO:0700221,,lung broncho-alveolar lavage (BAL) cells,UBERON:0008870,none,Other,missing_ontology,,False,,False,False,unmapped_disease
SRX9461573,PRJNA675538,healthy (nonsmoker),,,"airway epithelium (primary human airway basal stem cells, hABSC, cultured at air–liquid interface)",UBERON:0004802,primary cells (not immortalized cell line),Other,missing_ontology,False,True,healthy,False,True,
SRX9461574,PRJNA675538,none (mock infection),,,bronchial airway epithelial cells (ALI culture),UBERON:0002031,primary human nonsmoker airway basal stem cells,Other,missing_ontology,False,True,healthy,False,True,
SRX9461575,PRJNA675538,none specified,,,"airway basal stem cells (hABSC), air-liquid interface culture",UBERON:0004802,primary human airway basal stem cells,Other,missing_ontology,False,True,healthy,False,True,
SRX9474643,PRJNA677825,none reported,,,hPSC-derived lung organoid,UBERON:0002048,H9,Other,missing_ontology,False,True,healthy,False,False,excluded_sample_type
SRX9474644,PRJNA677825,,,,hPSC-derived lung organoid,UBERON:0002048,H9,Other,missing_ontology,,False,,False,False,excluded_sample_type
SRX9474645,PRJNA677825,none,,,hESC-derived lung organoid,UBERON:0002048,H9,Other,missing_ontology,False,True,healthy,False,False,excluded_sample_type
SRX9495616,PRJNA677962,lung adenocarcinoma,MONDO:0005061,,lung carcinoma xenograft metastases,,A549 LM0,Lung Cancer,disease_text,True,False,,False,False,excluded_sample_type
SRX9670790,PRJNA684305,none indicated (control),,,hESC-derived lung cells,UBERON:0002048,RUES2,Other,missing_ontology,False,True,healthy,False,False,excluded_sample_type
SRX9670791,PRJNA684305,none specified,,,hESC-derived lung cells co-cultured with M1 macrophages,UBERON:0000115,"RUES2, H1",Other,missing_ontology,False,True,healthy,False,False,excluded_sample_type
SRX9670792,PRJNA684305,none,,,hESC-derived lung cells,UBERON:0002048,RUES2,Other,missing_ontology,False,True,healthy,False,False,excluded_sample_type
SRX9718439,PRJNA687221,,,,lung organoids (alveolar and airway),"UBERON:0002299,UBERON:0004802",RUES2,Other,missing_ontology,,False,,False,False,excluded_sample_type
SRX9768485,PRJNA689219,non-small cell lung cancer (NSCLC),MONDO:0005233,,"lung tumor, peripheral blood","UBERON:0002048,UBERON:0000178",none,Lung Cancer,disease_text,True,False,,False,False,non_lung
SRX9768488,PRJNA689219,non-small-cell lung carcinoma,MONDO:0005233,,"lung tumor, peripheral blood",UBERON:0000178,none,Lung Cancer,disease_text,True,False,,False,False,non_lung
SRX9816696,PRJNA691041,none (normal donor lung),,,lung (alveolar epithelial cells),UBERON:0004821,AEC-ON,Other,missing_ontology,False,True,healthy,False,True,
SRX9816697,PRJNA691041,not specified,,,lung (3D alveolar epithelial organoid),UBERON:0004821,SV40 large T antigen–transduced alveolar epithelial cell line,Other,missing_ontology,,False,,False,False,excluded_sample_type
SRX9849883,PRJNA692173,healthy (control),,,lung (primary pulmonary endothelial cells),UBERON:0013479,not applicable (primary cells),Other,missing_ontology,False,True,explicitControl,False,True,
SRX9849885,PRJNA692173,none (control),,,lung (whole-lung dissociates and primary pulmonary microvascular cells),UBERON:0002048,not_applicable,Other,missing_ontology,False,True,explicitControl,False,True,
SRX9863287,PRJNA692726,none (healthy organoids),,,airway epithelial organoids,UBERON:0002107,primary human airway epithelial organoid culture,Other,missing_ontology,False,True,healthy,True,False,excluded_sample_type
SRX9863288,PRJNA692726,"rhinovirus infection (RV1A), mock control",MONDO:0005108,,airway epithelial organoids,UBERON:0004802,primary organoid culture,Other,missing_ontology,False,True,explicitControl,False,False,excluded_sample_type
SRX9927818,PRJNA694436,"lung tumor, stage III-A",MONDO:0021117,,lung tumor (CD45+ immune cells),UBERON:0002048,not_applicable,Lung Cancer,disease_text,True,False,,False,True,
