srx,"CD4-positive, alpha-beta T cell",natural killer cell,B cell,lung multiciliated epithelial cell,"CD8-positive, alpha-beta T cell",plasma cell,intermediate monocyte,pulmonary alveolar type 2 cell,club cell,pulmonary alveolar type 1 cell,capillary endothelial cell,respiratory tract goblet cell,endothelial cell of lymphatic vessel,classical monocyte,basophil,macrophage,basal cell,,endothelial cell of artery,bronchial smooth muscle cell,monocyte,vein endothelial cell,mature NK T cell,adventitial cell,pericyte,neutrophil,alveolar adventitial fibroblast,endothelial cell,smooth muscle cell,fibroblast,erythrocyte,mast cell,sebocyte,T cell,melanocyte,"naive thymus-derived CD4-positive, alpha-beta T cell",hematopoietic precursor cell,non-classical monocyte,platelet
ERX11662371,1.5390810062606486,2.423596691788946,0.7192049281561745,1.7561177365297438,2.3683147243789735,0.7604264474101796,2.8165896485410267,2.8205333422465633,3.197291302012412,4.5628011583443415,2.8524288284613033,3.8183963658061923,6.51118788764512,2.9664601085841396,,,,,,,,,,,,,,,,,,,,,,,,,
ERX11662373,2.8439227903485964,2.4029857483371706,0.7281517759753494,,2.1558088492200107,,1.1990210207206704,,,,,,,3.0564383104052397,5.553964693079871,3.111769777782691,3.0436141161791688,,,,,,,,,,,,,,,,,,,,,,
SRX19233503,,,,,,,,,,,,,,,,,,0.0,,,,,,,,,,,,,,,,,,,,,
ERX11662385,,,,,,,,,,,,,,,,,,0.0,,,,,,,,,,,,,,,,,,,,,
ERX8831394,,,,,,,,,,,,,,,,,,0.0,,,,,,,,,,,,,,,,,,,,,
ERX11662370,,,,,,,,,,,,,,,,,,0.0,,,,,,,,,,,,,,,,,,,,,
SRX20098024,,,2.0027982173828653,,,4.322157583735044,,,,,,0.7829694462761089,,,,,0.15588708247925162,,,,,,,,,,,,,,,,,,,,,,
ERX11662369,,,,,,,,,,,,,,,,,,0.0,,,,,,,,,,,,,,,,,,,,,
SRX22613097,,,,,,,,,,,,,,,,,,0.0,,,,,,,,,,,,,,,,,,,,,
SRX19233504,,,,,,,,,,,,,,,,,,0.0,,,,,,,,,,,,,,,,,,,,,
ERX11662357,,,,,,,,,,,,,,,,,,0.0,,,,,,,,,,,,,,,,,,,,,
ERX11662375,3.2409479542733046,4.672594722076285,2.3665683137085396,2.5969511694757688,4.489001341171594,2.542778385435063,3.4938712259820517,6.029484601980727,4.052830512509523,5.239410922745675,,3.4186675756304097,,3.3869761939371097,,0.5418387945315798,3.9623158049033225,,,,,,,,,,,,,,,,,,,,,,
ERX8831397,,,,,,,,,,,,,,,,,,0.0,,,,,,,,,,,,,,,,,,,,,
ERX11662384,1.2572766059595533,1.7108013353458658,1.0083244458856733,,1.4216541758641572,2.7027205685975377,2.381122598018836,,,,,,,2.6924390342255577,,1.9278302286841917,,,,,,,,,,,,,,,,,,,,,,,
SRX22613099,,,,,,,,,,0.665129115836277,,,,,,,0.005224949354581527,,0.1676914374161003,0.07908981701284455,,,,,,,,,,,,,,,,,,,
ERX11662361,1.3267157000340517,1.75519245881592,1.1492846527884797,,0.8344185984363157,,1.75640078840793,,,,,,,1.4494401085280828,,2.497854281915412,,,,,2.731619890025814,,,,,,,,,,,,,,,,,,
SRX22613094,,,,,,,,0.06454242335099616,,0.1776556760374929,,0.02830802426068572,,,,,0.008933883560742,,,,,0.011940683866780594,,,,,,,,,,,,,,,,,
ERX11662382,1.642481610366417,2.422236316728794,1.8034782629333785,2.5126558960932015,1.4628345375986678,2.939993538316894,2.9142906922438034,,3.6071228006857003,5.231852750585515,,4.0018913101077755,,3.1482040412738663,,2.093194154690055,,,,,,,,,,,,,,,,,,,,,,,
SRX22613095,,,,,,,,,,,,,,,,,,0.0,,,,,,,,,,,,,,,,,,,,,
ERX11662360,,,,,,,,,,,,,,,,,,0.0,,,,,,,,,,,,,,,,,,,,,
ERX11662381,,,,,,,,,,,,,,,,,,0.0,,,,,,,,,,,,,,,,,,,,,
SRX22613098,,,0.2389507019944774,,,,,,,0.5093233988655619,,0.0668327904740293,,,,,0.04565031344378858,,0.7721766677793487,0.22476812695779885,,0.04435105028259248,,,,,,,,,,,,,,,,,
ERX11662367,,,,,,,,,,,,,,,,,,0.0,,,,,,,,,,,,,,,,,,,,,
ERX11662376,,,,,,,,,,,,,,,,,,0.0,,,,,,,,,,,,,,,,,,,,,
ERX8831396,,,0.0,,,0.0,,,,,,,,,,,0.0,,,,,,,,,,,,,,,,,,,,,,
SRX10327362,,,2.6184554178812434,1.8099490720251756,,2.839851436230738,,,,,,0.813884161058878,,,,,0.8745112522811112,2.940154781180001,,,,,,,,,,,,,,,,,,,,,
ERX11662377,0.9037933368129701,1.8160851714062094,1.2469357680016244,4.56752745397088,0.93904314024284,3.0636304320339636,1.0591908896496904,3.2984019711433223,3.08319821903858,4.244147548833937,1.346353798845503,2.9013939457800144,,1.5183377332652621,4.372463387112923,0.5019151289825201,2.0132419549584304,1.3792686584364753,2.830289163347785,,,,1.3438902922816927,,,,,,,,,,,,,,,,
ERX11662338,1.2100057369132118,3.5879158181105035,2.107418673914349,4.101084888157468,3.0068457720144632,1.025246607981375,3.1822881062348802,5.805935107753861,5.805935107753861,,,5.217978412748511,,3.263777871437429,7.055788067404339,1.053822736124579,,1.1133049411811895,,,,,,,,,,,,,,,,,,,,,
ERX11876760,1.9314346698678544,3.4743184370371636,1.5906249380346946,,3.4743184370371636,1.3833886529426578,,,,,3.3844911910282223,2.893761913163103,3.865818994284722,,4.019178074183702,5.37197656331077,1.9234115603619164,,1.8402300044699047,3.628349299587871,,1.459764457267688,3.1515515132627665,1.7479218942291352,3.7497026223867578,4.533243280329952,4.037798250934958,,,,,,,,,,,,
SRX19192164,,,,,,,,,,,,,,,,,,0.0,,,,,,,,,,,,,,,,,,,,,
ERX11876767,0.4149638210223883,,0.9062880651089077,,0.4366055890461653,,,,,,,,,,,,,,,,,,,,,,,,,,,,,,,,,,
ERX11876763,0.001717171152080962,,0.1161294551841527,,0.06990109142239444,,,,,,,,,,,,,,,,,,,,,,,,,,,,,,,,,,
ERX11876750,,,3.096544913593415,,,2.852921201428904,,,,,,3.633702217024934,,,,3.538829572686434,2.5779985543325243,,2.2209251461601305,1.0738164713932523,,2.231114567653515,,1.2773152531108767,1.4201628579157388,6.424474254886934,2.8053982691496557,,,,,,,,,,,,
ERX11662378,0.42567680429951776,,0.5958304079097766,1.8351550228135887,0.06615567958035075,1.0498899058806674,1.943972682699648,1.911390247409826,,,1.0356820347173465,1.9027925158018002,0.49139220004768586,0.9986927918614135,6.856183757702752,1.8944874423131273,1.84176834937122,0.5215926476468721,,,,1.5808587284802604,0.8093773329650507,0.9232571466237488,,,,,,,,,,,,,,,
SRX26771412,,,,,,,,,,,,,,,,,,0.0,,,,,,,,,,,,,,,,,,,,,
ERX11662364,,,,,,,,,,,,,,,,,,0.0,,,,,,,,,,,,,,,,,,,,,
ERX11662366,0.9689229102785475,5.5819941323732465,1.257196530268245,,1.8261461633220335,2.8341787404057865,2.0562246175945265,,,,,,,2.262115787207369,7.290023264072743,2.232077740642439,2.5664335312717155,0.9724327046914549,,,,,,,,7.94279046078019,,,,,,,,,,,,,
ERX11876753,,,2.029391139474523,,,4.27261158171245,,,,,,2.4514736348138357,,,,,1.982222937155636,,3.597571532046813,0.5817529586122145,,2.6171931928488825,,0.46173006911160147,1.4491886521017605,,0.9680172541701044,,,,,,,,,,,,
ERX11876755,,5.74604137320504,2.8994056667028962,4.495903961385689,,3.5986581733610086,,3.9272763513682123,3.52850321508388,,4.132284171877889,3.8981484487017255,4.25432138082909,,,4.564542517175192,2.1338570133260095,,2.588135718853315,5.110674517836765,,2.511546014709806,,0.9063628666079502,,6.040224477609498,1.4999681455733662,,,,,,,,,,,,
ERX11876768,0.7468835553670216,,0.4131295842351727,,,2.1832878809923364,,3.333322357676244,2.910379263204536,,,2.1907498953712787,,,,,0.39912154221584456,,,0.5190505542080845,,3.6173589969394344,,2.0899071708269616,0.7761379766689148,,,,,,,,,,,,,,
ERX11876754,3.867125784462986,6.409196419229735,2.7640048771305077,,4.8583499024956405,2.716315065387687,,3.4863107130637223,3.8987560157014096,5.72372712975818,3.26763579855023,3.060334892984186,6.187160967094418,,,3.570016662934124,2.792264863439692,,1.9045178786330605,2.6137490122127236,,1.4156150382599682,,2.1422774939877915,3.0348316048315107,5.792864901922745,2.9377596078325583,,,,,,,,,,,,
ERX11876765,0.5120697203472866,5.459380995013733,1.7311063137534763,,0.6352203327724509,4.358743213823474,5.889341955292919,,,,,,,,,,,,,,,,,,,,,,,,,,,,,,,,
ERX11876769,,,2.555273865757681,,,,,,,,,3.7468395641540537,,,,4.276245849254172,3.471370616127599,0.4301354750194409,,0.18158196343545524,,4.25305313111849,,2.248983097601657,0.3274066828931952,,3.994653294471794,,,,,,,,,,,,
SRX18248070,3.211602939852102,,2.008314022692841,6.2534948313321435,4.261745325287005,1.6688482662204358,,4.7502336431572525,4.613245614684062,,3.909962994276438,6.571193577930155,,3.777264524391065,7.9842889820192795,0.19011653519115884,,,,,,,4.209135168208022,,,,,,,,,,,,,,,,
SRX22996343,1.363732754588976,,0.698325861236311,6.247165624709313,2.99824996256234,1.6818256817642585,2.597131530900634,4.337574458184328,,,,4.783188917015518,,2.892409491150297,6.337574458184329,2.6625094004956,,,,,,6.751611613755376,,,,,,,,,,,,,,,,,
ERX11876770,5.153778277993817,,2.590230794736705,,,,,3.0070756145644855,2.5024756272590354,,3.5459031265179575,2.26202262470464,5.683590533448871,6.046159255272923,6.246610175442392,4.120794169582018,1.8648684158801978,,2.3205563958942976,3.364747773063692,,1.9671001546663656,,2.1746886559294443,4.074004428657891,5.906080594335301,4.35797774687814,,,,,,,,,,,,
ERX11876758,,,1.6440200017491382,,5.239650410757387,1.269033988276658,,6.400642287429693,,,1.4211618956098333,2.8036505281027346,5.075253716810431,,6.400704271105009,4.480685655401087,2.32370503386589,,1.718310188839104,1.6490081175867395,,1.5059064956427048,,1.995971386589809,2.5441815461283297,,2.305193920810419,,,,,,,,,,,,
ERX11876751,,,3.17579055468108,,,4.89922329919381,,,,,,3.17755628230552,,,,2.831542841575167,2.434981210346985,,4.707877532303838,0.8455701844439608,,3.266452854579031,,1.0306936631429509,1.2981946754912093,,2.7183879354545235,,,,,,,,,,,,
SRX22996310,1.2269072218218502,3.1239275744710584,1.0160767767008796,4.464687344088793,1.6282638072801636,0.9897261179040712,2.7041753265444752,4.299810960897363,,4.392794425607007,4.430440102960892,5.992660050000033,6.655828831440801,2.7192253007624636,6.314791913605734,2.0943174201271337,,,4.8286891997353,,,,2.2916160258845464,,,,,,,,,,,,,,,,
SRX22996385,0.6880018898583548,2.7702454870846744,1.3091954192804505,,1.7490854486690788,1.7400267232002933,2.3871192854970964,,,,,,,2.384951174900492,4.689529733501204,2.5023513104785233,,0.463503625928355,,,,,2.635393352923903,,,,,,,,,,,,,,,,
SRX22996351,0.8792678113175176,1.296045460584188,0.6966152608191962,7.160231605238469,0.9863802633935125,,2.7774439424309447,5.700799986601171,,,,,,2.772812539293982,5.358805372369069,4.047084526017654,,,,,,,1.225459248620019,,,,,,,,,,,,,,,,
SRX26487574,0.08203304239445433,,0.5644002123849562,,0.9909540428351563,0.8033359318153209,6.498767011975897,,,,,,,5.056866124497713,,,,0.16299983014575084,,,,,2.1472607297029884,,,,,,,,,,,,,,,,
SRX20407496,3.0226700924495336,,0.7493959656696083,,4.289789753275254,0.7150891239451646,3.8269586828268283,5.038665788652658,,5.038665788652658,2.488302230838814,,,4.524751385404742,1.4275016033725203,0.845516290499311,,,3.789570573776737,,,,,,,,,,,,,,,,,,,,
SRX25038166,0.6514024724784202,2.945187115370617,0.7807284428221899,4.553900522490622,1.9384263576649217,0.3554990387827718,,3.5579410502525453,,,2.240613857573489,5.822169769732699,,1.0177351972797815,6.028055382543705,0.5584058527352266,,,6.364021632532839,,,,2.621945303466017,,,,,,,,,,,,,,,,
SRX22996360,2.9671499779232478,,1.1262005232221595,5.501568391199601,,1.2001493228606703,,3.2872712182269175,1.0763513919427672,,1.24705909079075,1.0691245502724465,,,3.3432555987396286,3.142194238294806,1.7026332157995456,,3.345914983411817,3.0632652050408677,,3.5739739565690964,,2.711098458208049,3.9432760509870586,,,,,,,,,,,,,,
ERX11876748,4.061044025809154,,3.4434300040834525,,,3.217941227835172,,5.777149620203959,2.7260475797037453,,4.724733704294804,2.1838471956560173,,,,3.463361822713392,1.9265867645698065,,4.269744016853948,1.4541853731914485,,3.547213727071739,,1.1929306050947628,1.4804619943183412,,2.2658618454804498,,,,,,,,,,,,
SRX22996331,0.6146294533519793,,0.944914673757446,,1.937999078435408,,3.083100963281289,,,,,,,3.7847872494206283,,3.2988773731578553,3.3724230095779806,,,,,,,,,,,,,,,,,,,,,,
SRX24313469,1.6174481332120556,,0.7006929981845162,,,1.2212845822420273,,,,,,,,,,4.267480310864986,0.40962528336711546,1.9754483884759353,,,,0.7695395778652363,,0.8210261107752946,,,,,,,,,,,,,,,
SRX22996346,1.9688504313704775,,0.7147327610693123,4.751104445009363,4.356913091636375,1.591941836161947,,1.441784099110467,1.7847750381938292,,1.004936167541695,1.1112287605687678,,,4.928626817873482,2.9012220425513564,,,2.7334122463160813,,,2.9909413872588333,,6.132533551645388,5.690791389516322,,,,,,,,,,,,,,
SRX22996320,1.576267536662933,4.036942844798256,1.0454838590283584,,3.061931231107348,1.0978495955796714,3.6712121386769803,4.423411191880329,,,3.5912907432570997,2.1685109194025305,,3.703999541714325,,4.16250911670901,,,,,,,3.5559591162501065,,,,,,,,,,,,,,,,
SRX22996348,2.3064130711763733,,0.9248354795997225,4.639989930413517,4.7027989910150145,1.355906245753363,,2.043813175559338,2.1216890473089336,,1.4345365286934795,1.8107099602141403,6.502500340529184,,5.107640723187969,2.9866845953533363,,,2.8326609845693724,,,3.0770260093894217,,6.212993723334198,6.198399858681452,,,,,,,,,,,,,,
SRX22996378,2.280142450939985,1.78471956350839,1.1047631131273197,3.3850652804109114,1.489613509179998,,3.258077075923722,4.7075584957788355,4.902986141152603,4.99808469074574,3.3388915374450243,4.288566828838912,7.112439506781552,3.3791194223353727,6.94251450533924,2.628820389456664,5.217112119424237,2.2494297842785533,4.76863639879255,,,,1.7310015367697371,6.173840051445697,,,,,,,,,,,,,,,
SRX22996356,0.7999212548819853,,1.091980707547928,,1.8840048312027324,1.1793461828530984,2.5852742667562953,,3.061783200585361,,,3.0834704033253906,,2.754158612302254,4.971722045672935,3.1237181712766717,2.47420577369141,,,,,6.231670100661024,,6.60219920564646,,,,,,,,,,,,,,,
SRX22996333,0.6080943473766297,,0.8244288955594147,,2.0139689083071497,,3.2738029515193707,,,,,,,3.2738029515193707,,3.2738029515193707,1.99453490726578,,,,,,,,,,,,,,,,,,,,,,
SRX22996323,0.695077409122596,1.9136610839929802,1.4574114098503794,6.596655667674663,1.7039408014068775,,3.1810129582811757,5.55226154831621,,,5.602219489404946,6.437199144093228,,3.3227271446690017,5.204338244895903,3.7188870819185507,,,,,,,1.9136610839929802,,,,,,,,,,,,,,,,
SRX26487567,1.397197712641084,4.062256600324615,0.8937287912199781,3.0583610876709524,3.625073897266957,2.0685054612153952,2.7598319013755948,3.2544833784242613,1.9189247646563357,3.625281261843262,3.120680968386867,1.626945352275716,7.038553240769394,2.9668911370823348,4.383882875741337,1.9764384124425962,2.8285996723982914,1.5023118483222055,4.822495820309514,4.721442162179807,,,,3.832839222699442,3.6946049723035697,,4.721442162179807,,,,,,,,,,,,
SRX22996328,1.2977229755892472,,0.7227832182077413,5.932087070598304,2.9587666258485896,1.810291975605985,3.2500665037458147,4.679009233154397,,,,4.9353076530246005,,3.597806188080953,6.845109844053022,2.792089324429647,,,,,,6.731567319119081,,,,,,,,,,,,,,,,,
SRX26487572,0.08122464419367686,,0.36894409253312876,,1.0766826140687948,,6.68289428856948,,,,,,,,,6.2149105267276825,,0.5637009203073167,,,,,,,,,,,,,,,,,,,,,
SRX27313889,,,0.021946408750210672,,,0.2581734659308947,,,,,,,,,,,0.0018087223221675938,0.06943439804407152,0.1662583355144045,0.6603451888780326,,0.2592525439436462,,0.11325574982471225,,,,,,,,,,,,,,,
SRX22996322,1.0619821945917116,,0.991459604994241,4.183846235041319,3.109997975012327,,1.561150395416679,,4.132862907220768,,,3.399779401900723,,1.4743564680779406,5.114571981148341,1.3032617523697303,2.028300448169654,,5.051267749916964,4.472494519169658,,5.434032441941333,,4.457077750319361,5.18633255178383,,,,,,,,,,,,,,
SRX24732577,0.5122965043354183,3.640594558597069,0.7781552522323223,5.468310534446162,1.9852414766930173,1.2294994755883466,,3.217954723270642,,4.905043494539296,1.9624676145401907,,,,5.284805447378708,1.7781113851676724,,,,,,,,,,2.635375412779391,,,,,,,,,,,,,
SRX22996369,0.7455542019393178,,1.1027349610500266,,0.7840337953381407,3.785092879451947,5.11910074236463,,,,,8.404502961226878,,5.11910074236463,7.868450060986668,5.11910074236463,,,,,,,,,,,,,,,,,,,,,,,
SRX22159982,0.01972342219943542,,0.004228307060787677,,,0.016487572692858925,,,,,,,,,,,,,,,,,,,,,,,,,,,,,,,,,
SRX10425169,1.7181564375926086,4.416005780559267,1.3573835545227668,5.877126402722261,3.0044465535674783,1.9260824204389821,3.264158426915686,4.090477284805523,,5.246080779116955,2.9961875344048696,,6.263464646339241,3.4479765857146925,4.2319564230386195,1.9371308939244567,,,3.0259566956708936,5.226396400619976,,4.022338172357439,3.7068987611770687,4.791006533353826,5.094248421906196,,4.950773000478114,,,,,,,,,,,,
ERX11662359,1.353333511059576,4.540657102990486,2.206044570354803,4.550498105246193,2.4183029579764574,3.2938262249810957,2.1303094238548,3.02287491728872,3.349120381303534,3.057796571948451,2.280578095255802,4.923018410638291,6.1349130009652075,2.375251149239983,6.178576406056444,0.9410753464682735,4.03614026142837,2.642884174753289,5.205573988803498,,2.5158588539767925,5.266997887231439,3.7080192480544305,6.854455413376009,,,7.665583075756973,,,,,,,,,,,,
SRX22996382,3.4903893895132656,,1.7933387786876036,5.84799690655495,4.298195521763324,0.9681509517038901,,2.6755895278585746,2.9829080989891654,,3.386169993607073,2.403097083821534,5.7964047324121255,,,4.070422772535088,2.4871923411866588,,3.7948855700953876,0.8041330685916225,,3.7948855700953876,,0.8609172413696302,1.1876907891149502,,,,,,,,,,,,,,
SRX22996352,0.9112892925695593,1.5099860448144382,0.7973453299009601,4.178659799471971,1.15185060368598,1.979403654363288,3.042272042354282,5.025914698750793,,,,,,3.0480390712373295,5.582308047275179,4.37032530666021,,,,,,,1.2974254834561525,,,,,,,,,,,,,,,,
SRX20221194,2.9575024344131333,1.5322923488978084,1.1218515151321817,,1.5887288097886494,2.0736325645421494,4.288890608388586,,,,,,,,4.609121773645636,3.5855917716268926,,,,1.251220735477576,,,1.61304281999715,0.9109026195387325,3.0111812273913663,4.984459149104222,0.6707150911564985,,,,,,,,,,,,
SRX22996373,2.3035464513587547,,0.7824389224496379,4.8306455720438235,3.862264329271395,1.3865713584989197,,2.1409329521707234,2.4015509765616034,,1.4195221347644844,1.8727792964502656,,,4.9249729545919765,2.878994533072223,,,3.2096138166151453,,,3.2096138166151453,,5.384688858953769,6.113012542590524,,,,,,,,,,,,,,
SRX22996392,0.7530718887761484,,1.0830046605360322,,0.7023691556628581,3.9963031301421834,5.189347114046296,,,,,7.975943475937102,,5.189347114046296,7.359272115488609,5.092813448913464,,,,,,,,,,,,,,,,,,,,,,,
SRX19844830,1.9218483986934989,3.726986050923449,1.5235899447683212,2.716538576487233,2.4478799743452897,1.69386345275312,3.5639620167421255,,3.9002568781274816,3.889035747784709,2.5127845749758673,3.523523194244941,5.5322879607289135,3.528282457285917,,3.532198217875333,2.6872219386158296,,2.3617377128213883,,,3.474736938166755,,4.958760241444356,,,,,,,,,,,,,,,
SRX22996309,1.2404115080572202,3.0120156074175037,1.078076925657017,4.0464476425485705,1.707504523001553,,2.545154635152545,4.332983283396358,,4.373913547451241,4.480530876557524,3.751206444561641,6.472786698130597,3.021957013783687,5.905162605969847,2.150260651102371,,,,,,,2.0913716291805136,,,,,,,,,,,,,,,,
SRX19844849,1.7088274447107685,,0.38673028282267646,4.132533551645388,,0.9079626320851522,2.778338559392654,,3.765751220973765,,,2.9398042509856213,,,,2.4631788471041074,2.3448630188207398,,,,,,,,,,,,,,,,,,,,,,
SRX19886043,,,0.03423034349867322,,,,,,,,,0.03423034349867322,,,,,0.0008819600047492357,,,,,,,,,,,,,,,,,,,,,,
SRX17689201,2.2974152745970806,,1.8257496016009314,5.171292514110079,3.1883006849299105,1.934544544642194,3.2953682376215117,5.639373049766482,4.395311779998074,,3.2061282634981763,4.2959632459839625,6.5162236987568685,3.341069767258434,5.3284398545532285,1.3292978293083153,4.375283085505782,,2.7919336987926053,4.008864180280471,,3.0142818036782812,3.3571088171881067,4.159100128894547,3.6662158191617134,,4.488096520541713,,,,,,,,,,,,
SRX22996384,0.702266885762774,3.6862559996390494,1.414403226196074,,2.3142679031034694,2.4224419954855585,2.60520514973958,,,,,,,2.5460181679817038,4.626355294013087,2.872692928076833,,0.3537861674304729,,,,,2.967923525560222,,,,,,,,,,,,,,,,
SRX19727430,0.8070170866342575,2.403783387627356,0.32341788095610796,,0.7852958125374461,3.9847229725471243,3.0501706771543753,,,,,,,2.499162525743306,,2.728324573633338,3.837774633297639,0.7128811579599426,,,,,1.8072152386839033,6.156603622944479,,,,,,,,,,,,,,,
SRX21460097,1.6648247483447953,3.296258193166222,0.9880144396997158,3.432330799177322,3.143440077044546,0.8105630680572726,,4.9631895406736595,3.6978947624886365,5.117902723477859,3.2938965397191855,2.808851612123103,1.9678844677164242,2.9150063493794733,,2.9824496002669365,2.1991359946391404,,4.190627727497107,2.2287963181200428,,3.597202575611867,3.093252504864719,5.47521919034617,2.303376125872626,,3.0610415882501814,,,,,,,,,,,,
SRX21460119,1.925949642198288,3.650193028728469,1.0376929500347911,3.857113935357009,2.237962086246517,3.3440383722662848,4.802012380283474,3.3451467997805246,3.27810646903512,4.493985601186882,3.048807572929917,2.517561757246447,2.6015213489649827,4.176447068139526,,2.5841436171362853,3.8273197588891943,3.538838998368595,3.826525876129086,5.387511309666662,,3.711058590937108,2.6258827521288115,5.952897104612301,5.038809399918853,,6.50164352807703,,,,,,,,,,,,
SRX18248067,1.6856108317921412,,2.052149508654578,,3.463442911436234,1.2709508737272066,2.9749536617974193,3.6035202603677434,2.157637563503531,3.685407388129729,3.6794500222986843,2.51934807060479,,4.043604590924232,5.365527121891225,2.257528719009464,2.626923783826746,,4.518368859895594,,,4.790937431273566,,3.741628015334479,4.2127609512126485,3.973209699112465,5.12451902238743,,,,,,,,,,,,
ERX11876757,,,1.721025675222556,,,1.7534100555714602,,6.6306343591064385,,6.189493004594602,2.820500891127898,2.581803141783856,3.2179716670154983,,6.787151537527321,3.3004667994236208,1.8913626464196502,,2.9899895750026553,0.9213186775611659,,2.6580088205084085,,1.1097315546229023,1.8051559443672587,,1.5372254119291542,,,,,,,,,,,,
SRX22996312,1.0491446089091196,,1.18622234506859,4.520658684913199,2.69943719854368,,1.6244681267433132,,3.8614352808797547,,,3.517394789674325,,1.8764407327512589,5.018271332519332,1.4725274319195678,2.267923307067833,1.5280411848035795,,4.806891539543448,,6.501439145158873,,4.610386552769808,5.779221981258946,,,,,,,,,,,,,,
SRX22996341,3.1562891253885548,,2.088512261646515,6.423035080103049,,1.5920464500341365,,1.2518140664960533,1.7903194479335243,1.7445615678260777,1.446169924073359,1.7903194479335243,5.530680754041251,,,5.274329363544074,,,3.2306343462297344,3.9684145800452577,,3.6870831616787902,,2.8355025617670737,4.822816293988027,,3.3747307455923012,,,,,,,,,,,,
SRX19886028,,,2.489505587373605,,,,,,,,,,,,,,0.017244584495080095,,,,,0.20310972706456432,,,,,,,,,,,,,,,,,
SRX19886032,,,1.8938331222710119,,,,,,,,,,,,,,0.0169880704397257,,,,,0.06066257592415691,,,,,,,,,,,,,,,,,
SRX19844834,4.089259251160392,,0.8917896772413213,5.79711080351682,,1.3670730110284302,1.201410419668542,,4.846765530832382,,,3.9643393316577096,,1.5400719429345187,4.6922234673812975,0.8161423120970775,4.46335274004896,,3.6825732973475787,6.091227955175256,,3.6825732973475787,,5.0856793462201795,4.9937363877327,6.689754714985445,,,,,,,,,,,,,
SRX22996316,0.786584734638935,4.095602857423209,1.0624856537510945,5.26795670905592,1.5183874550519882,2.9924262224461335,3.5054924736012074,6.8870585385759755,6.0022129627118606,,,6.174860849558712,,3.0949488138659196,6.232194024624663,1.7634745962703595,,,,,,,3.3670707743738086,,,,,,,,,,,,,,,,
SRX19844831,1.2893598754749631,2.184728240424068,0.6837731756063253,5.449476819696736,1.1287985482950125,2.460135935837028,3.2579802106241087,,,5.532081066991655,,4.444341359517675,,3.1102977108656837,,3.174198038960697,2.101451413167425,,,,,,1.132418888142782,,,,,,,,,,,,,,,,
SRX23231247,0.8295930758480747,1.867309745138411,0.3624484905299998,,0.5073471650678552,2.5351846409861043,3.6906083570738786,,,,5.178967725327332,,,3.9583461292877913,6.5601701223720985,4.077387493800052,,,,,,,0.5135946867467911,,4.7360850836545865,5.056661172626968,,,,,,,,,,,,,
SRX17689199,2.6817786979436438,4.021249630468328,2.3817017436256167,5.189147400816555,3.486271251859318,2.15934638651877,3.017227087740125,4.0109076862468696,,,3.553995113110845,5.3633173402810765,6.55522820247068,3.7779384231028468,,1.053768302625626,,,4.118815074667425,,,4.291524798000514,,5.257547653829994,,,5.257547653829994,,,,,,,,,,,,
SRX22996388,3.0866899278306916,,2.334090295166159,5.434425776943986,,1.8498450128808532,,0.6318160607404422,2.6083076641152054,3.564685928956878,2.7774124001754363,5.005239646195806,5.198730945102544,,,3.333273068481372,,,4.876104928015812,,,4.954132847648936,,4.527032727700319,,,5.2186305025402495,,,,,,,,,,,,
SRX25038163,1.4668405848162713,,0.5673554722984253,,,0.8714761516475358,,1.831660224446533,1.9088464137227625,,1.8092658436305953,0.17711878193708813,,,,2.3676518262490935,0.2973419165435857,,,,,,,2.0757308925676505,,,,,,,,,,,,,,,
SRX19704151,2.870517330302406,,0.7862887445686857,3.5560870633341244,,1.5193616060737813,1.4670911187043099,,4.247559668415595,,1.2861081399540018,3.5763954412680885,7.451528152827098,1.6630603260950023,6.37060815744353,0.900496846578675,1.937394943059626,2.9904120397032408,4.529826136343414,,,4.94251450533924,,2.7765968231355225,,,,,,,,,,,,,,,
SRX22996339,2.938636059709558,,2.356921516917294,6.506472885602451,,1.8364209635911237,,1.6442413386285917,,4.020559662084992,1.5282183005306933,4.724317961945253,5.442680484346669,,,3.7904983893077144,1.9813097234284611,,3.723010331262734,3.324000333794889,,4.356565943300793,,2.6855142675148707,3.69771770711774,,3.148160190929824,,,,,,,,,,,,
SRX19704161,2.595127347169199,,2.149819721725452,1.1994346881448075,3.316133354827886,0.8094993708625146,4.070560543687222,,3.4639773782600742,,2.015396458221071,2.156796022479697,,3.7906400727840466,,3.382492043312647,2.9520273549603835,,2.331507307938583,6.70064988567601,,2.4715626033216997,,5.097953885528571,6.136419240889849,,,,,,,,,,,,,,
SRX22996374,0.6469846236602693,4.121936368142905,1.0312806453098295,,1.7992217196616858,1.573187841887397,2.6262016334835145,,,,,,,3.2614394143267864,4.244221729652006,2.552500019251051,,0.867173008584672,,,,,3.0075726177158817,,,,,,,,,,,,,,,,
SRX19704122,2.980625574667753,,0.9832274036506423,1.4166380424276361,,0.707148208429539,2.6475358746312074,,,2.845167965347902,3.010120806239159,3.0143588116806486,,2.445184079967083,,1.729136466762015,2.857861269369471,,2.8383123030235557,,,3.8756502027474675,,4.329795768964458,,,,,,,,,,,,,,,
SRX19886030,,,0.32221897585693715,,,,,,,,,,,,,,0.000355909282160968,,,,,0.2635827201977286,,,,,,,,,,,,,,,,,
SRX19704126,2.5614486042425355,,0.709281559749272,3.7635371641372637,,0.5996328838228348,2.091826043051171,,,,0.855014377338738,3.0049234114479524,,1.955909456549504,,1.3614231335735243,4.01759502421267,1.5053646056461625,2.250247926699919,4.425742282844159,,2.1718109694285475,,3.9189796520401927,3.990370172148077,,,,,,,,,,,,,,
ERX11876764,0.07810766113923812,,1.0215461148686324,,0.9639919682991694,,,,,,,,,,,,,,,,,,,,,,,,,,,,,,,,,,
SRX25319036,,,1.611060577383592,2.983191288638607,,1.8351088154027753,,,,,,0.8458350586681723,,,,,0.515365272823999,1.8714719156090864,,,,,,,,,,,,,,,,,,,,,
SRX22996383,0.6116204733290571,3.532495080827021,1.222218074981719,,2.3057890358095814,2.254181541569579,2.505962782939974,,,,,,,2.678827566543111,4.583344222322774,2.734986529803529,,0.8086532522830169,,,,,2.7108716070602563,,,,,,,,,,,,,,,,
SRX22996334,0.3399973117706713,,0.8839933068963265,,0.33890399915285147,1.8287942196020177,4.09686153925259,,,,,,,3.9227319292442533,7.0152477736989365,4.050518320456351,2.208318551415315,,,,,,,,,,,,,,,,,,,,,,
SRX17689198,3.0234278722395267,,1.0348475862453852,2.8974112457718406,,0.47410677281383745,2.2455157475454093,3.164067747188367,2.897900839474692,,2.0010718254196393,2.163672751815194,2.386747164735814,,5.554588851677638,2.306974390638452,2.524975120290917,,2.386747164735814,4.847293603186895,,2.3175699293951944,,3.178028134281063,3.1221831673237084,,3.217749047386347,,,,,,,,,,,,
SRX17689200,3.006908568646802,,1.774906255508115,2.9001234224925168,3.6737537031684293,1.185297909956175,3.801736091262326,3.555839282686591,3.5196832708058947,,1.9489555856147525,2.2449238317638742,,,5.58843929284423,1.451645152320291,3.302787519384439,,2.3831105254800318,4.89459502353297,,2.723576637297195,,5.249165952551708,4.5909117486962785,,,,,,,,,,,,,,
SRX17689203,1.7588148603461529,,2.0187933350199634,5.0531949007122945,2.1672443439896663,1.5490912114195707,2.7495603470167875,5.890421079490002,,,3.6243580547446124,5.159657536192561,,3.418525964670496,4.624351601908421,1.3581811971784044,,,4.017331364312778,5.708177232750144,,4.012781914507011,,4.584192845057019,4.803306958625107,,5.01216763245224,,,,,,,,,,,,
SRX17689204,1.5500121376162013,,1.3514408586489464,6.697373154381362,3.1708674436148736,1.6112656438568318,2.039768534463574,6.116386574551139,,,4.164748175675952,,,2.5262909012882937,4.447211069926898,1.095446074491448,3.9643146789814243,,4.663419619639973,,,4.397761469328726,,4.349378892606842,,,4.410499291570377,,,,,,,,,,,,
SRX17689205,2.7029390380483367,,1.7139461632928115,3.159290034075143,3.79677706989009,0.8466312907694447,2.234482820447705,,4.641498844412179,,,2.971620455512823,6.295469932601866,2.7514794125694477,4.597997205775592,1.72230755499144,3.114634243411846,,2.896091847538277,,,2.9870648489095393,,3.199615925106097,,,,,,,,,,,,,,,
SRX22834774,0.14603730063909662,,0.016059148637376907,,,0.036548624901975,,,,,,0.327249244454558,,,,2.6527911840401024,,,,,,,,,,,,,,,,,,,,,,,
SRX17689210,3.1117640256967625,,2.832547313525963,3.517700733274049,4.119536716505576,1.6912359448800967,3.1325951880387737,,,,1.84388476247495,4.391158807315927,3.9722102183522834,3.6912401145082705,6.154428665119144,2.8442155706334136,4.127898141075769,,2.0834765506538626,4.412121567186015,,2.0151007782896824,,2.000802970981266,3.677042891321553,,3.2288073807341773,,,,,,,,,,,,
SRX17689197,1.8436138921904346,,1.7331234775568654,5.2291499085214515,3.5285277920202778,1.009777442245208,3.2736749964189857,4.57100470838444,4.57100470838444,,3.17892091748203,4.180395028310822,5.96939006135943,3.481032791731429,3.792693075991167,1.5513373199357816,4.300950229496438,,3.6014739159301015,4.007432129280805,,4.112677829005435,,2.8245701867084088,4.052649774852147,,3.637504466961757,,,,,,,,,,,,
SRX19727427,0.8295962239473557,1.8041896443781278,0.6456709646643835,,0.5821553262106798,3.795627153988774,3.8148300457802136,,,,,,,3.758800152668067,,3.8263245317962267,,,,,,,0.6184478888757713,,,,,,,,,,,,,,,,
SRX17664572,0.7127473054932408,,0.014991256640180438,1.760692372483857,,1.2310245575670848,,,,,,,,,,0.5833215828481408,,1.724775638352633,,,,1.13536117689998,,,1.4141382585520756,,,,,,,,,,,,,,
SRX19704198,2.771365488196159,5.239181026022574,1.434503338438147,1.8170585958668974,3.312420292733043,0.9664391307349203,2.3272322304378736,3.4896679366970966,3.5792572767460746,3.7092735977733886,2.486028865181714,3.4719963970572065,3.2584257983711407,3.130108122508891,4.401523111928253,1.1749933340864012,3.2802806839191176,,2.6562634543665222,,,3.1866381494778673,4.792141251775978,4.839012060207665,,,,,,,,,,,,,,,
SRX22996325,0.9486817954756711,,1.054343806370241,,2.224153897489696,1.9872839473302744,4.5254624102814605,3.2888159059200643,3.765931050992976,,3.113431387944155,3.782797174243229,,4.155945412780494,5.907522910735916,3.482963382499956,2.3174794052642103,0.9012153538288837,4.068537682911707,4.862529482532172,,4.460177797155989,,4.698371778227404,5.252351745403006,,,,,,,,,,,,,,
SRX22226502,0.45509414926337965,,0.4417682390967829,,0.6656680972956689,0.29150009618745687,,3.9750849130555777,,,1.5976175023608958,,,,6.030564965995074,3.6685614109963507,,,2.091839690506328,3.2146989504233505,,3.3078386799484147,,3.4248653925937984,,,3.7023225253408025,,,,,,,,,,,,
SRX22996344,0.7736797342889137,,1.2126083479286367,,2.625260617696619,,2.56685489877262,,,,,6.594120046027225,,2.5680129214831506,,2.66495770362504,,,,,,,,,,,,,,,,,,,,,,,
SRX23619806,,,0.9777811291415921,,,,,,,,,,,,,,0.1689467374256345,,,,,0.6343131095695261,,1.4245906195189129,,,,,,,,,,,,,,,
SRX17896694,,,0.6433182691775534,,,,,,,,,0.6943979863313574,,,,,0.07115550530977514,,,,,0.4958626062422252,,,,,,,,,,,,,,,,,
SRX17689209,1.9754671938940316,3.6585655907611545,1.6345820028002738,,3.386452121418072,2.0291315329752098,2.3907870424538045,3.9589211459671594,,,2.6803224538452106,,4.18142799709405,2.7073710385695815,,2.516389354504959,1.2554732464704779,,3.11162153109367,,,,,2.665520872450856,,,4.621361147817464,,,,,,,,,,,,
SRX17896691,0.9426085810685522,,1.4942630644132138,,,2.658295462702837,,0.8632821589289984,0.1467468033691696,,,0.2132970656083837,,,,,0.0955204061530642,,,,,0.3941543749840892,,,,,,,,,,,,,,,,,
SRX23619807,0.13039393296764265,,0.3800709525194655,,,0.7320875815889066,,,,,,,,,,,0.32936359593848274,,,,,0.29289888940949926,,1.1769224621465693,,,,,,,,,,,,,,,
SRX24073315,4.631951039567264,5.344635780984316,,,,0.5857405224213417,,4.079009154911858,,3.8453838468762283,0.5029424070231175,,,,,4.6473564499606645,1.171250176529234,,0.7214996965359282,2.5731166998935255,,,,1.944611563254158,4.837187916315257,,2.97876493850459,,,,,,,,,,,,
SRX23619809,1.2298889874327414,,0.45365998570551347,,,2.799982799220864,,,,,,,,,,,0.009881244345931023,,,,,0.028755838588295207,,,,,,,,,,,,,,,,,
SRX23838225,1.047124892145464,,0.5747498622567406,,,2.4505831505458353,,,,,,1.358053994794494,,,,,0.15639667075505626,,,,,0.742343855674615,,1.3618128391769775,0.7836699550463962,,,,,,,,,,,,,,
SRX24073303,3.0206181785790176,,1.424129113804154,3.0624515084667574,4.111213773000473,1.631570689663133,,,,,,1.5830727333745447,,,,5.131294123202039,0.3482838520154915,,,,,4.987264012072539,,,,,,,,,,,,,,,,,
SRX16217005,0.4054064266064149,,0.6082048151796638,,0.9364976112355167,2.704740015615203,,,,,,,,,,,,,,,,,,,,,,,,,,,,,,,,,
SRX24073304,4.250793517954619,,0.46119667436224254,3.261134795546748,,0.06915341851350856,,,,,,1.4534187950393835,,,,,0.09766331394797687,,,,,,,,,,,,,,,,,,,,,,
SRX24073324,2.9578801616069486,,2.3359484991476753,,4.141142100813283,2.6423035664070884,,4.124206850911793,,3.875658190231758,4.3180891956756255,,5.8960296029767525,,5.173563578505661,2.416286944110715,,,,1.579125844420983,,5.039198402693093,,1.48975068884833,2.021576435393134,,1.9852402652882193,,,,,,,,,,,,
SRX24073302,3.357966246563846,,2.8073144043438494,4.142641399799985,3.4447848426728958,1.6851339780634786,3.9541963103868754,,,,,3.0893539523288838,6.91927704371586,3.9541963103868754,7.1765887317233235,3.9541963103868754,0.5337947130399062,,,5.686263105140242,,3.9823391436354183,,4.800721829725157,5.166262365908267,,,,,,,,,,,,,,
SRX12868714,0.9355535762754205,0.9588811303608914,0.7034298803455491,2.7153039014977693,0.7895498936785992,2.448614582529081,3.317247921481861,6.327354457327771,4.237820505872815,7.41853815083574,4.496272988879175,4.047328601569915,5.258232017696778,2.9942856112953744,5.697480037554981,3.0409577733089304,4.034874332296192,0.5120163717058077,5.258232017696778,6.048196802880313,,4.792368258737631,0.9587335422820057,6.048196802880313,,,6.048196802880313,,,,,,,,,,,,
SRX16217016,0.1818458489892783,,1.2114981321453882,,1.3566415903828741,,,,,,,,,,,,,,,,,,,,,,,,,,,,,,,,,,
SRX24073325,2.585332210987079,,0.5594845460666833,2.328540652973071,3.1434813331479425,1.0560500527642094,,,,,,1.6086298291364118,,,,,0.5855049961187718,1.0911192952720403,,4.5585188324267865,,2.9500564910178704,,4.623467512559178,3.884853831952148,,,,,,,,,,,,,,
SRX24073314,3.407237917042538,,2.453794897979598,4.149401406238456,3.5809902361060826,2.008930551460401,,4.530616713590963,4.530616713590963,,4.498730132125115,1.3610707012437653,6.4216823420377995,,,4.404862041086627,0.7485658619638672,,,2.9058378036964467,,4.962440554050219,,3.2363540944111495,3.0503623396488546,,3.379674815516224,,,,,,,,,,,,
SRX14891764,0.9145734368800127,2.4872596399007856,2.072218663226179,5.184558923105827,2.1986184596950835,3.490979359375039,3.462430179758867,3.796131786617938,2.727285793537161,,4.9565553107179605,2.6812348598660707,,3.9860838468245694,6.458047498874139,2.0919132216407754,2.4553880969625563,3.893357107183442,,5.894310237250733,,6.395653420952925,,5.1155627399116606,5.889910318599278,5.476149013582232,6.152741989768956,,,,,,,,,,,,
SRX15263316,2.0423995188899524,,1.9863955114937308,,,2.9553844075567484,,,,,,1.9621780557765138,,,,2.7391493072082245,1.0807128177682244,,2.2065414376367563,0.5055200237164278,,,3.1041539698339182,0.3766279948384254,1.2673116899144883,,,,,,,,,,,,,,
SRX24073318,4.126415744531875,,2.44087141279329,1.7261362150264956,,2.9492204610571466,,,,,,1.3763677024923042,,,,4.994835677552487,0.44344505934028167,,,5.770150387676483,,3.889806758540608,,3.5246084751196993,,,,,,,,,,,,,,,
SRX14891759,1.303055242603277,2.6922904770967673,1.8226301850218054,5.8348187478634985,1.4240726888871742,2.5365151242100965,4.790674878264545,2.061306681378439,,6.940166750482817,5.121887571535275,7.432413162530391,,4.617556206512732,6.585061095336682,3.8408203919524606,,,,,,,2.499256664293185,,,6.025055648069331,,,,,,,,,,,,,
SRX24073312,3.502299555729608,5.399466203947858,2.0245800410290435,2.519312509910714,3.912561760636957,1.4934034497401203,3.7807030922674905,3.419133247455175,,5.223786527779738,3.239682253714625,3.209989766037938,6.590404712062559,3.7035110529700335,,3.2748604180040117,1.1366793216573845,1.46127976575934,3.7177959824748936,4.930898870548457,,4.9221399944553665,,4.6488109201192405,5.2475842238721455,,5.323357704743272,,,,,,,,,,,,
SRX24073319,3.9036934953899185,,1.7360228962462168,,,1.780235000462515,,,,,,0.28326344804108666,,,,3.855227725073928,0.14552996660942025,,,4.719016733394334,,6.885026684833264,,,4.639731023266401,,,,,,,,,,,,,,
SRX24073307,2.9974991314334356,,1.023164774898213,4.746145651209879,4.0067775676431525,1.3787140042477308,,3.8287936533819407,4.35257917365609,,2.8202746409813466,2.8107385374853333,,,,1.6060065815501527,1.460798707541336,2.424290868403721,,1.7434411952415683,,3.133208269018122,,2.385108025819725,2.3396690611777693,,2.3432393523396517,,,,,,,,,,,,
SRX18248068,1.9919293544095589,2.888080446153617,1.288360285979656,3.2580845751667735,2.8189206067376382,2.0755013444262693,4.383582612801152,2.6910467729079284,,5.625239242351485,2.598277028648113,4.913265585501896,,4.134885142504034,5.363404730863522,1.5637611817231218,,,,,,,2.3538246937516036,5.238259755001644,,,,,,,,,,,,,,,
SRX16217017,0.1872016892040125,,1.1685627354000467,,1.42629280500145,,,,,,,,,,,,0.575097864432266,,,,,,,,,,,,,,,,,,,,,,
SRX16217006,0.36023405230603983,,0.8599788141165018,,1.1282544316940037,,,,,,,,,,,,,,,,,,,,,,,,,,,,,,,,,,
SRX17150750,,,0.0,,,,,,,,,,,,,0.0,0.0,,,,,0.0,,0.0,,,,,,,,,,,,,,,
SRX16217004,0.42543358658801395,,0.32726578067143886,,0.5205686967670159,2.4770046029172548,,,,,,,,,,,,2.816870033040161,,,,,,,,,,,,,,,,,,,,,
SRX16217013,0.17042389013951562,,1.4853709637243093,,1.367138178725092,,,,,,,,,,,,,,,,,,,,,,,,,,,,,,,,,,
SRX16217009,0.38438886838831626,,0.8479772647985993,,0.9042365218353053,5.095997656455288,,,,,,,,,,,1.6625938361691863,,,,,,,,,,,,,,,,,,,,,,
SRX14891761,2.309452365532859,2.1776654728670337,0.8347359740980218,5.222393260922265,1.6206295761067346,2.480944418523428,3.4191515565782673,6.237768449839276,5.058360662050896,4.430055526824645,3.6184949803275313,4.450505272925321,5.826210635429227,3.1554517885797266,5.696143040709787,1.3829155058402272,,,4.3498340914572475,4.889678671430273,,4.3498340914572475,1.9382503453790627,5.2264516759519655,,5.505183408843986,5.123861280154513,,,,,,,,,,,,
SRX15263318,1.2948278204650514,,0.7268776507468137,,,1.6834553163959862,,,,,1.762477950498578,1.7442963151571151,,,,1.2652098108094876,1.1135251620047846,,0.9732340834763821,0.7045896243591491,,,0.5338792390859611,1.5360205145806125,0.9364773397514973,,,,,,,,,,,,,,
SRX18248066,2.1183073201643783,3.0866010071013448,1.8861688292198076,5.697959655302965,2.3917715590326956,1.0705567618478227,3.428442474086939,3.5233841289800347,,5.108832572055021,3.913691264511024,6.4812376790847415,,3.81370802175546,3.127431698608303,1.762831249971089,4.051643655417756,,5.059173363979044,3.554967612019061,,,2.8889695070308283,3.368623520832046,4.435640593942725,5.407976949472916,3.315651658745865,,,,,,,,,,,,
SRX17150749,,,0.0,,,,,,,,,,,,,0.0,0.0,,,,,0.0,,0.0,,,,,,,,,,,,,,,
SRX14891765,1.131335588015333,,1.3451126470818335,6.803319450421799,2.869499192822034,2.044314545322716,1.918667532752021,2.4244720270766855,2.6960728818093953,,1.8356916165456352,2.613996281864968,,2.6427043053152603,6.367876361253705,1.2651034340691396,1.1610001270957033,,,,,,,5.0808844103919455,,5.870122920363717,,,,,,,,,,,,,
SRX18248063,2.5035853054217725,,2.091693638187957,4.712269831048175,2.8322623702165406,3.222660245905415,2.0211388372066064,2.5470670158911095,2.578898999830946,,2.416726430784303,3.9784298287344937,,2.1149892770840064,5.975108799095055,0.807537725915966,2.3488640185670984,,4.967876286711546,,,5.422452309129209,,,,,,,,,,,,,,,,,
SRX18248065,1.0479868633576934,,0.8775380156827507,4.99353276104304,2.177401985431208,1.8535712404531233,4.565934207021623,4.9335072263871425,4.957799475313129,4.652679788033476,2.8374356038267754,3.3063783420716257,,4.678821207604964,6.2599256084265615,4.805840477744078,1.8079816969203655,1.633197260121501,4.481565640931884,3.1009917505621223,,2.822681549458667,,2.324137723834605,3.1608902889117885,,3.6180763143338157,,,,,,,,,,,,
SRX16217015,0.1561942137703973,,0.8889532558499564,,1.0075881526642447,,,,,,,,,,,,1.0798471696134078,,,,,,,,,,,,,,,,,,,,,,
SRX17035589,1.1608245317577826,,0.25369333381687315,,0.23992051461441236,,,,,,,,,,,5.115793417464376,,,,,,,,,,,,,,,,,,,,,,,
SRX18248062,3.5571437396490624,,2.6911987157123813,3.286673035424646,4.2989906169193075,2.7496219772557597,,6.79149764529768,5.095092745028698,,5.00586431692536,5.036260962449382,,4.989102774960954,6.6654080150095,0.3580246567673104,5.0222964000589485,,7.602227294135941,,,,4.259698179807755,,,,,,,,,,,,,,,,
SRX14891767,0.5002435461964271,5.716015689490152,1.4329977404954208,,2.020852850597939,2.8217121363252975,3.9498232554531088,3.3290983032090615,3.3809414258146386,,2.887783130264368,3.296259443245756,,3.8063440678900538,6.706377372802305,3.047481010826887,2.271229818246843,2.9211360501467696,3.197247862950802,,,2.954859820240469,,6.014085364498464,5.455798365406648,5.607460105035821,6.014085364498464,,,,,,,,,,,,
ERX4409913,,,,,,,,,,,,,,,,,0.0,,,,,,,0.0,,,,,,,,,,,,,,,
SRX15263315,,,0.5804345257769797,,,1.0349774676440662,,,,,,2.3873902665383557,,,,2.735256497013414,0.27119293545689316,1.4065701930400223,0.973737719151807,0.3033873533231715,,,1.0319094527208614,0.1705054564353364,0.32591642766852347,,,,,,,,,,,,,,
SRX16217002,0.36153772271137846,,0.32792123241612625,,1.348864255031959,3.6156165813371635,,,,,,,,,,,0.8175195861328973,4.681662149343407,,,,,,,,,,,,,,,,,,,,,
SRX12868715,0.8181193094272261,5.128813558314301,0.9994731576430512,6.27099580247668,1.8326966441758272,3.462547822142257,2.9271563345544624,2.9770936116464988,3.01264687029455,2.860075487076957,2.251806920154017,3.2094539990105857,,2.956184069257107,3.845358517232307,2.448155961880258,,,5.599055193083652,6.0736307748853955,,6.019494871406855,4.571663737248585,5.758067440054411,6.157301811654144,,5.982658103226483,,,,,,,,,,,,
SRX12868717,1.9711373256184108,3.224865966804606,0.8944812461731402,1.4115180046789246,3.224865966804606,0.8811233379332777,3.8798800031690703,0.66956468481843,0.5329971043868117,2.0779474887328724,0.7804658556699169,1.3438761349031032,,4.184759900021815,5.080682377818856,2.20411648072843,2.621424682565797,,4.147444326322383,,,7.634617982919387,,7.7297752159597275,,7.697353738267349,,,,,,,,,,,,,
SRX16217012,0.24281990940122503,,1.3971930811399167,,1.3925562162655662,,,,,,,,,,,,,,,,,,,,,,,,,,,,,,,,,,
SRX18248064,1.4048063558049992,4.2265605721155595,0.30884405705302337,4.405681760456007,3.2993966878258276,0.3532164533501687,4.752244974134419,6.8535766565315095,5.630756261692255,7.266073068690357,2.887604124863838,3.531298101368847,,4.740094126995675,7.952906831942422,0.3434174038568386,4.667545103408164,0.8095671781094108,5.555730098976815,7.084782311040765,,5.643638481069947,2.9113864628776813,6.139103422813949,6.609316856062426,,6.086349483390972,,,,,,,,,,,,
SRX12868721,1.8122258626164978,3.980577999953203,0.2736471640248073,4.548294087778837,2.5516721691567947,2.8472283844611788,3.861789943913136,1.3267137676004548,1.135595161699213,2.360537168599275,2.1370834876456346,4.546160805219418,,4.216463677187694,4.661901576231636,2.3082487379811107,2.160515363696239,,4.791340440051704,,,4.917740695423995,,,,6.821880253934145,7.774574539155788,,,,,,,,,,,,
SRX16217007,0.3225685321588098,,0.6445814937788586,,1.070383562046561,0.9209811377491147,,,,,,,,,,,1.4581952037762922,,,,,,,,,,,,,,,,,,,,,,
SRX15263317,,,0.8208785316040905,,,1.7059435535140086,,,,0.551594248279965,,0.7754882624141758,,,,1.5019273328107496,1.6395902637397337,1.8687554667217474,0.8946060542482991,1.6308889753213112,,,0.9408485610326749,0.8429879733257879,0.4969295496401722,,,,,,,,,,,,,,
SRX16217003,0.3619982801498607,,0.29743745747136807,,0.3643864573847448,2.764550957496886,,,,,,,,,,,,,,,,,,,,,,,,,,,,,,,,,
SRX14891769,1.225931622770466,1.7549128174372872,0.6874724305825081,3.817084196888516,1.0606953697562667,0.7930171342719718,3.2814815664089956,3.562852543033292,3.345011293825152,5.195652450934352,2.796893004241157,4.628914211515509,6.339804043693536,3.4331041892310603,5.886138630309958,2.0976827196168486,3.1354819630145214,0.5123214391329821,4.304788135646796,5.579965440578364,3.0854508276094275,3.6329392422444298,0.8404248735557994,5.397598836512802,4.762934780827917,1.9506462826903506,5.596291061896457,,,,,,,,,,,,
SRX19215444,,,0.3411132219159871,,,,,,,,,0.7479154733006979,,,,,0.006703454237341368,,,,,0.6382107165036748,,0.14899334655777205,,,,,,,,,,,,,,,
SRX16217010,0.1865232939848569,,1.387898843811473,,0.9192686665562504,,,,,,,,,,,,0.6107987577798479,,,,,,,,,,,,,,,,,,,,,,
SRX12868712,2.095378867393908,,1.2642128672159296,3.5326094098575576,2.4025994243318634,1.0904790589008055,2.6309120362199105,3.5117205098373674,2.0807598423586664,,3.126744176795109,2.2221722035500533,6.2641389882634435,2.4751515739749803,5.892170210876485,1.4502815889696368,4.707573655339502,,4.634610935108842,4.8171097012357915,,4.494271151148566,,3.8973243221352205,4.654598811276238,,3.9612658761528983,,,,,,,,,,,,
SRX12868713,1.577701796588224,,1.6257678666484452,2.872495953482004,2.754014151726903,2.267475990043569,3.922815699319308,1.4952901825788256,1.3266420498287683,2.4443865769738067,2.4554751703555433,2.6723648850007806,6.100396575894769,4.071219711870473,2.24047947664004,3.3307899824389082,3.0788115801183937,1.220358434688367,5.037855850078639,,,5.797432355779963,2.6545745131821294,7.4263828873564846,6.795996507690806,,,,,,,,,,,,,,
SRX19264641,,,0.4360841408124618,,,4.14220071160047,,,,,,,,,,,0.017057348988482757,,,,,0.4074651632182598,,,,,,,,,,,,,,,,,
SRX12868719,0.9092542850659009,1.9331562503023243,1.8071632335543262,6.432456096335565,1.7828914093586707,3.3159361230759306,3.3651784149393387,3.072598953219882,2.915111518769142,4.431660054990092,2.786377279225721,4.445021766030416,,3.3789213856722915,3.8562211175732486,2.2234217658007727,2.4801505010919342,,4.757645387893209,,,5.211019647488256,,6.486129725187573,6.7153900596070635,,,,,,,,,,,,,,
SRX19704127,2.7813731300332396,,0.8436654427786398,4.271826531642412,,1.3116677174841016,2.4007419008560884,,3.0248033910005727,2.7574096635075662,1.2744366540462357,2.968606703146278,2.6396541080642026,2.5381493283713716,7.044394119358453,1.6366451862785287,3.908963063371566,1.9688639296894872,2.6401355450630417,4.221429029022174,,2.774061666548612,,3.843099754367343,3.7730254790326163,,,,,,,,,,,,,,
SRX19704147,1.6597269928717255,,0.9707670255205656,3.2134393941847272,,1.2621531357434055,,3.4643087616338075,,5.574987160185896,2.235274922896236,5.4185834124233025,,,5.3722331767354286,0.48624432100392606,,,6.663464474399873,,,,,,,,,,,,,,,,,,,,
SRX19704149,,,0.012268501299304471,6.9631183860761805,,0.019844438055194993,0.03056290707431522,,,,0.16676195969792937,,,0.03056290707431522,6.271240681438512,0.03056290707431522,,,,,,,,,,,,,,,,,,,,,,,
SRX17137139,0.8974877073713035,,1.0795791833053123,,,1.1279638394457776,,3.5070248847549186,,,,1.0973966811560687,,,,2.451097761145835,0.09934652816411547,0.984029406088204,,,,1.3205056738038288,0.6843834247950475,0.24072545242198548,,,,,,,,,,,,,,,
SRX19704128,1.1756794808650872,,0.5863895537978328,5.598108233959635,,0.40643801823555237,1.3058166491335426,3.194344492189845,,4.761697260007669,2.366412021882758,4.643811142552954,,1.5666221426306812,,0.7763651102899616,4.329739883242573,,4.875399425101233,,,5.677022926032092,,,,,,,,,,,,,,,,,
SRX14891760,0.45333389148807773,,2.081568203429126,3.2035699541132625,2.8175217164558526,2.4911609224084037,4.697902781135957,3.885438029969829,3.4974690215709914,,3.7403562798898964,3.436647515431539,,4.428650225358963,6.356840222489933,3.2827650338723107,3.263393685348743,2.8898752721201375,5.49514493864315,5.3051515484591105,,6.985944458532314,,5.041692596752586,5.3051515484591105,7.558453864983129,5.3051515484591105,,,,,,,,,,,,
SRX14891762,1.1600288546167405,5.479992941119614,1.4124748733358892,6.59042289697057,3.1461841209943264,2.312617617612741,3.0813373588697615,2.746439805575991,2.5901598780334294,5.06625705408766,3.1998114566036415,3.132406415685191,,3.1052185242646533,5.580406292422269,2.155472846465354,2.052211073669056,,5.138459982621045,,,5.386452173280192,,6.618743138092929,,7.0012839534914155,6.627411439344234,,,,,,,,,,,,
SRX19704169,2.231714864263983,3.9782752288452845,0.21513090872528767,6.329023199224947,3.866332517710473,0.8673670762945388,1.5438247232733826,6.824818663805445,5.022865379869355,,0.9201120370914814,4.967434647972336,,1.5287532572739195,6.300203323732647,0.7945079834260309,3.9333863354857592,0.757699817056736,4.8745186419163495,6.042959673824928,,5.048978220188486,,5.503671345522113,5.886669849491361,,5.779371160431206,,,,,,,,,,,,
SRX19704166,1.4042519141666703,,0.7551054851914486,3.5968243640096724,1.9245452828823142,0.4977326327124086,3.43604571593461,5.175678931945134,2.9519393454283787,3.860728384779511,2.6526774760251572,2.527248583345339,5.310755012443727,3.4612960612181904,,3.3409107742027,3.082226756262427,0.8173805995061575,2.8944227516033547,,,,2.676407716652171,5.5670457969096,,,,,,,,,,,,,,,
SRX19704148,1.1521252375192126,,0.41625657892557905,3.907751266073946,,1.0016745944553969,1.2387435412275905,,3.299768312410048,,0.8781016168591135,3.2933094835215835,,0.9711268853742702,7.466318004222538,0.4189748781559608,4.437428468504739,,,,,,,,,,,,,,,,,,,,,,
SRX19730968,,,1.1832100830529075,,,1.0943977229722168,,,,,,,,,,2.9207717929579333,6.46283624568426,1.2834985083935093,,0.9418632256615168,,,,0.2765546069699182,,,2.285406457242513,,,,,,,,,,,,
SRX19704165,2.991390441408044,,1.781040195669203,2.5783137725047416,4.187434520992788,0.5709748718909254,2.439013757129628,,3.614546461211926,,2.4958166719006223,3.372080694680523,5.397111046494178,2.67194671635344,,2.2395204187427713,3.5386566155197836,,1.7692692570158808,,,1.9634749082265073,,4.425553819907696,,,,,,,,,,,,,,,
SRX19704188,2.185288099555977,,1.293545295891537,0.7405159681426728,3.4654270382878023,0.9490380674260308,2.972980917914481,,3.7436379611817023,4.418519833499839,3.0584670711336877,2.75414642999761,6.15480364799351,3.3641461352910786,6.298076901521004,2.9963161915234493,3.240269527843753,,2.810012989942692,4.996818888623774,,3.582556965245762,3.539884289974011,4.28285273533057,5.097642155058904,,,,,,,,,,,,,,
SRX19730933,,,0.3699608619318137,,,4.0682750218162615,,,,,,0.24033984426079935,,,,0.1972694384821735,0.2017022353171332,,,0.26431793193510833,,,,0.1646347608588073,,,,,,,,,,,,,,,
SRX19704139,2.9487307945179544,,1.0601751919253921,4.7364804501957565,1.5228718446423657,0.515450815555854,4.35132823226256,1.5286418292602817,2.269750798961254,1.4704547612639725,1.1128656788809574,4.867013312997094,5.013528355979421,4.014628399719353,,2.892112215466617,4.1033897281103675,,1.8954036554658902,4.738977980363245,,,1.4594649319376338,3.520015475543832,3.4975918029605944,,4.621194178492987,,,,,,,,,,,,
SRX19704156,2.5887415158505918,4.1979533133190285,0.9555585220921168,2.969837252293226,3.4436956663198734,0.7546225952549839,2.7779105042648107,3.663289306925616,2.0338527649193754,3.50165458635679,2.737425848317745,1.835884703214142,6.663370491120776,3.0062062754765284,,2.2442321862981993,2.2596681161256393,1.1155239147247675,2.7539237122070164,5.172501490310353,,4.339864722800361,3.676437446108308,4.357874118742611,,,,,,,,,,,,,,,
SRX19704157,2.429801166884742,3.8711515726385732,0.9408091173215223,2.4816243325229,3.6025850562101187,0.37057527775970867,2.4628368634205513,4.368697171089671,1.6018303430854097,2.8225735727281993,3.136116860139193,1.5401671318598025,6.176801095327338,2.621391740629341,,1.3915066390511688,2.14789734787214,0.7098773993829035,2.644021978879833,,,2.0746187226780903,3.215389853064344,4.590098096118429,,,,,,,,,,,,,,,
SRX19704197,3.9930781740599084,,1.3098083027748115,5.17078385936996,,1.8029913186619735,1.0322062890063064,4.975774175351312,4.522706628164369,,,4.2962852821925015,6.721884661139209,1.136536205396909,5.994353436858859,0.6534100412318157,3.509961088764622,3.526968172398018,3.852327553553319,5.952778650299873,,4.346655180789739,,3.9519330268177364,,,4.818645488516992,,,,,,,,,,,,
SRX19704160,1.2214517214489728,1.708237718950964,1.1932773361043,3.178718942677368,1.5421858857416733,1.4001416528325412,2.8537186211694285,4.179346548725889,3.216817275271591,3.960216141836287,3.6908031310783973,2.618032496615802,,2.689467843975981,6.672430789166256,2.720213645990418,3.033919607218504,,3.9233012062650157,,,5.0506189930894445,1.647557574227702,6.238990241281796,,,,,,,,,,,,,,,
SRX19704170,1.373959998266959,,0.3845872000407676,4.945654175203116,,0.7206143795208925,2.0975022459694634,6.344080479741061,4.88343162278453,,1.1242368494000496,4.88343162278453,,2.507868867329197,6.177696006449698,0.6079702860241468,4.590265121775561,0.8261901317456105,4.954207424930392,6.38290313629511,,5.017231395583928,,5.598144198130113,6.275285791317041,,,,,,,,,,,,,,
SRX19727434,0.6186977314609924,2.436416323686504,0.6477304834276215,4.344845660050979,1.11229546567266,,,5.952079369374774,3.957208995625932,,,4.064820562941892,,3.5238644338137157,,3.0652579603766124,,,,,,,2.1631421761588343,,,,,,,,,,,,,,,,
SRX19704159,2.5003304449154204,,1.525393896683411,1.2865235358827836,,1.1504275388517842,3.451609357271111,,3.262667812711461,3.400906308202194,1.4148941181939179,2.096248543287477,4.110744984406727,4.076581773810042,,1.7730734549400102,2.602902143224189,1.395770919999217,2.7375562012179704,,,3.367419976175297,,4.195965045528017,,,,,,,,,,,,,,,
SRX19727435,0.5315468403389779,2.1274897351219155,0.7652875279582697,,0.7994811368637236,4.04491728091632,,,,,,,,3.0687750563093448,,3.6358937238375266,,,,,,,1.6766925298278845,,,,,,,,,,,,,,,,
SRX19704164,1.5708867889802463,,0.9279558442988366,1.2389180516515979,,0.7519790016616512,2.565973991074679,2.627768412695039,2.2688228769818948,2.3618156952806992,1.16775226314321,1.7230173694888704,,,,1.8050893501690806,2.266949357358331,0.9124427211167218,3.3844545047949186,,,4.748862651605052,,4.3808282695326675,,,,,,,,,,,,,,,
SRX19727425,0.915460151555297,2.4681898767866417,0.3309784885224413,,0.8124076734480625,2.1188417773072654,3.477927328231159,,,,,,,3.446807321762183,,3.9467681344320416,,,,,,,0.7602675673714078,,,,,,,,,,,,,,,,
SRX19727429,0.6365031311449741,2.705412326998957,0.7624005023522561,,0.9440741143786827,1.307052625978746,3.7492142287713857,,,,,,,3.8137403891646176,,4.150541615948865,,,,,,,1.1160763736031172,,,,,,,,,,,,,,,,
SRX19704162,1.9430234996119107,2.2144389850812565,0.8530795746178198,1.6227446250540951,2.1522616755200614,0.31349596992921697,2.7618243602258907,3.8077135071664596,2.974665310472409,3.4723602105321314,3.15297203023443,2.7680186053005134,,2.7444444939169483,,1.7779086805988387,2.217836483684152,1.7304349827036936,3.170206804132766,,,,1.4707940537161692,4.6981151847496285,,,,,,,,,,,,,,,
SRX19727431,1.5229169347809746,1.8470287434546855,0.3772777019951944,,0.7470239702072803,3.4518595001691286,2.474869138362765,,5.102685663974564,,,,,2.4733247978883415,,2.6095829532156416,,,,,,,1.4909810649605837,,,,,,,,,,,,,,,,
SRX19704142,1.8446564261855547,4.619383540577219,1.1935420738331397,0.9232433453391861,2.9962009900047013,0.6648353902971519,3.587246179176561,,4.731379880549739,5.748367831823473,2.9366519313870696,3.293421361538717,6.383297162650441,3.7842563098412954,,3.440916590045788,2.772475997299042,1.1094849321078835,3.301305969094915,,,,3.53451104621849,4.677371692799001,,,,,,,,,,,,,,,
SRX19727428,2.7962790550457868,3.517676759673251,0.3961788656647477,,3.1560866117684236,1.3876285269452107,0.7244858056938156,,4.632055262546946,,,4.996463179581603,,0.6567355784861009,,2.361909255993478,,,,,,,3.388767205692005,,,,,,,,,,,,,,,,
SRX19844846,1.2618654843379886,1.2132925107518324,0.27729384291122483,,0.7150235288773258,0.5535939734074993,2.6267113246667906,,,,2.6435811132251446,,,2.0275765228193534,,,,,,,,,1.002509275151265,,,,,,,,,,,,,,,,
SRX19730934,,,2.2244570486135253,,,0.415231073784577,,,,,,,,,,3.351553169794897,0.06980770935754707,,,0.02700317848007612,,,,0.041751181352617725,,,3.8857988018901377,,,,,,,,,,,,
SRX19844825,2.383222654556945,,1.0987950345577395,1.8785114014206392,,1.5345089667632175,2.6732102684309433,,3.105617232778117,,,2.2673807042553653,,2.9135067816690503,,1.910715872610546,2.895241974875049,,,,,5.866907978143167,,,,,,,,,,,,,,,,,
SRX19704196,1.3414692561322668,,0.149635260454436,3.4511057069288436,,0.23852152538781496,1.6872347469455495,,3.8469480551522364,,0.23501881785567122,3.1026311097961328,,2.053250198722129,8.050820388517886,0.13993709902388468,2.40224378233373,0.40314045525555875,5.60092777035424,,,,,,,,,,,,,,,,,,,,
SRX19844838,0.6963444485671058,,0.9108283964730349,3.0123072608000694,,0.3030427511944287,,,0.4807004836548277,0.4807004836548277,0.37654393144178955,0.42947982431368165,,1.2102684560896553,,0.3504957755764036,1.9302206490519582,,,,,,,,,,,,,,,,,,,,,,
SRX19704179,2.1600712816674013,4.802360012137212,1.2196086630368548,3.7877134485755852,3.917597052013398,0.5147243972740599,3.2928858393256664,1.7895216344767362,3.1517788728398735,2.650377672257712,1.5601274298572583,3.588698912713969,5.578638530328245,3.812745509285939,6.969959960633281,2.5800244208997047,1.680077982260928,0.5309990130810618,2.942838547783481,5.0085356153123834,,3.9775680807910594,3.832724655500576,3.942711188405427,5.492254108918918,,4.478965892853515,,,,,,,,,,,,
SRX19704171,1.1029165896545394,3.6430057193476135,0.15233041232740846,4.379763045090765,3.566360423067353,0.6329133732591187,1.7882016097056954,3.6563048756501915,,4.392075844916349,0.8330221513704745,,,2.0077317371769183,,1.6874793250515683,,0.3347834122113491,5.434104026575722,,3.3030168435991327,5.578287938454846,2.910327035225077,0.6907648323174332,,,,,,,,,,,,,,,
SRX19844818,1.8111160945485996,,0.8427218986538418,2.1692663045149594,,1.1975734265649207,1.8065466239523635,,4.353192308404213,,,2.7892338494784314,,2.5573842575732675,5.461252054261666,1.1180861715027264,3.79619205027626,1.4304957737136315,4.720001909381891,,,5.383249542260393,,,,,,,,,,,,,,,,,
SRX19844819,2.3673390439691167,,0.8056603836388607,4.366553446169043,,1.1694778615227415,1.242790284593865,4.218270237459175,4.4540287357415185,3.8971953873331096,2.868883120245058,4.586449909983535,,1.8497030811311148,,1.043796682669137,4.336708649733634,1.178120850140838,4.278031885339598,6.434798406939888,,4.173763805261121,,,4.983973561076448,,,,,,,,,,,,,,
SRX19704186,1.4925184657105615,3.397641172015503,0.7160785744194506,3.383240346853634,2.7696795956418234,0.7587064413408385,1.7392716424242534,4.1243583153549,3.5661332563395947,3.899881005604733,2.8089921092155885,3.311549299207716,5.615484842601062,2.4004505343974802,4.935836338737155,1.377243657103753,3.0994498812970557,1.2294036963212356,3.6597490664692462,,,4.120940489642958,2.201006697650295,5.409583711739116,5.0723653475963975,,,,,,,,,,,,,,
SRX19844835,3.066446846425407,,0.5235752108862461,5.45478725214703,,0.1720356769093777,1.180625223912481,,,,1.3319849466659628,3.735358976280164,,2.166782530064699,4.430314686020543,0.6893678029485331,3.562367917908055,,3.4067278657029267,,,3.4067278657029267,,6.130754404161635,6.130754404161635,,,,,,,,,,,,,,
SRX19844832,0.9258441911699278,2.8807862023501025,0.7932139869447784,5.845763465156803,1.5360932876823716,2.2853332745785235,2.66514658639989,6.166235242293252,,5.806281145595191,5.713390189997852,5.099599780646243,,2.6277797092212873,,3.3802270149484728,1.922655243701281,,,,,,1.9206308991531702,4.269498064342321,,,,,,,,,,,,,,,
SRX19704180,2.4792789534914084,,1.6219142066607186,0.5441834762740798,,0.8631383815545861,3.9042829523157008,4.605061128394612,3.220994226024729,3.2496076222105663,3.1354016564623226,2.237157254354125,4.943376619839286,4.019068872943846,,3.0836883570873286,2.408247896622199,0.7710300666829506,3.4583222085327496,,,4.67720209402053,,5.052361421515794,,,,,,,,,,,,,,,
SRX19844836,1.6568755506945922,,0.7529814231170674,3.2492954848402036,,2.040103338179545,1.2146908274809038,5.6131762683398145,4.324037812603156,,2.5817746727752944,3.595820407002152,,1.1088269121335044,,0.823005235818377,4.324037812603156,3.3877384270766817,4.928406194159196,7.122127731970213,,5.120874862746761,,,,,,,,,,,,,,,,,
SRX19844837,1.9074844135081328,,0.6737832935716634,2.4149686433963806,,1.1936557142038968,2.1403396182900423,4.255205826422436,3.9200641999156236,,1.2738835439799636,3.0038804690922034,,2.20908124684546,5.6250036376253885,1.174698940681693,4.10434680603408,1.3074266217934307,4.311175133325474,5.35623934220169,,4.553291527125497,,4.836982607190995,5.076009737502672,,,,,,,,,,,,,,
SRX19886046,,,1.9592819438628508,,,2.9381934960464084,,,,,,0.16771599960862663,,,,,0.48946909193314503,,,,,,,,,,,,,,,,,,,,,,
SRX19844821,0.3611918931508391,,0.37920681787965266,2.272129607729369,,0.8047525455730676,2.4629321441376164,5.633885492250276,4.521399719140894,,0.45844164615665084,4.2152292299196805,,2.899487627024072,5.68142018390054,0.37827511627553334,3.706066460247396,2.5012622485268214,6.064465771687813,7.2693337570457395,3.967648535524567,6.539401179028113,,4.983809911385219,5.626559643154354,6.5601138025411485,,,,,,,,,,,,,
SRX14891756,1.4298088462547618,,0.899356269352083,4.48910532937535,3.0341002162331034,0.7762095661012822,,2.3019197626303347,2.4089566088588126,,1.1434032283557893,1.736245995731818,,,1.473782356925315,3.7784632653939023,2.9597386977008187,1.643836254195449,,,,,,2.463894458213503,,,,,,,,,,,,,,,
SRX19844848,0.9704847309989275,3.187247295990793,0.7786901104588613,,1.5783037303466976,2.0134294998199387,3.091329768621107,,,,4.005242396902885,,,3.0857900347410143,,2.456593580045817,,,3.350372547954172,,,,1.8732238221067192,,,,,,,,,,,,,,,,
SRX19704181,2.6168827129197236,,1.3224500955062077,0.6872383599320286,,1.1189713416298461,4.3897766215137075,3.4118464426713353,3.5692833285672965,3.049811311679144,2.333373495197517,2.0067103818385186,3.5747840967006157,4.616205544928545,,2.8971295842484124,2.278320787493985,0.7264501178468585,3.032464121434181,,,3.5747840967006157,,5.2396273061956995,,,,,,,,,,,,,,,
SRX19886027,,,0.10388395860033504,,,,,,,,,,,,,,0.0020437699205258847,,,,,0.1147775757789664,,,,,,,,,,,,,,,,,
SRX19844823,1.7924338467651422,6.453023362640209,0.35913930285653384,3.8781759268202003,4.278895884553747,0.6054737648763773,3.381610356958392,5.9777786695385675,4.617891222371077,,2.652072587591762,3.990468336804259,,4.406910381965804,4.819713794871875,1.5446736245564332,3.8105976552197927,0.5680529834716966,3.9769512967674046,,,4.370349249719724,,5.049354049425095,5.249203915777768,,,,,,,,,,,,,,
SRX19844822,1.1380173389818153,,0.4065952389591188,5.338209162964547,5.863411958941637,0.6097259894507203,2.696918599572605,4.423744581995213,3.611541223207544,,2.369590059757993,4.189788748865619,,3.366588734940363,5.7580664040630065,1.6026924308960775,3.873115709930542,0.6275042671362047,3.1760445696008004,6.333025792421945,,5.29355635061069,,3.689474632092394,4.938403725486095,,,,,,,,,,,,,,
SRX19886031,,,0.615224126233859,,,,,,,,,,,,,,0.00013915537165194462,,,,,0.19754076650825322,,,,,,,,,,,,,,,,,
SRX19886029,,,0.9843366406525976,,,,,,,,,,,,,,0.00040369763981659343,,,,,0.0472466555114143,,0.30996264152424324,,,,,,,,,,,,,,,
SRX19886040,,,0.0009558762702285811,,,,,,,,,0.05854415531475628,,,,,0.0015945480422565584,,,,,,,,,,,,,,,,,,,,,,
SRX19886045,0.007018822153976031,,0.029213639693554793,,,0.15299803715065463,,,0.12722011933689648,,,0.031104617579451658,,,,,0.48676200891302,,,,,1.0246154131240817,,,,,,,,,,,,,,,,,
SRX19886023,,,0.0034324602541532328,,,,,,,,,,,,,,0.00018196521816620263,,,,,0.06458701500067963,,0.029040125595673188,,,,,,,,,,,,,,,
SRX19844828,0.9405542590724445,,1.5591311474166647,4.218480628406124,3.4695035165611006,0.3176476891902729,,0.9444239388618865,0.9588976059209725,1.6952908467741812,0.9651066651715953,4.335021917927414,5.392310232089755,,,2.5565926855220975,2.5005929689455755,2.3379597492757735,3.134143762602721,,,,2.4132969196128045,4.289050673800824,,,,,,,,,,,,,,,
SRX19886022,,,0.0,,,,,,,,,,,,,,0.0,,,,,0.0,,0.0,,,,,,,,,,,,,,,
SRX19836244,1.0576134896301965,,0.6082445418973574,,1.0239311057136886,,,,,,4.15001521025673,,,,,1.1390564979605327,,0.4477247919315251,4.240732206182381,,,,,,0.9979301837818689,,,0.9458891454293353,1.1836900320270334,4.7271434234105705,0.9595389617655949,7.040128526048914,,,,,,,
SRX19886042,,,3.125927826837458,,,,,,,,,0.5551999315181816,,,,,0.0361729180181186,,,,,,,,,,,,,,,,,,,,,,
SRX19886039,,,0.07224767897306489,,,,,,,,,,,,,,9.198958741643591e-06,,,,,,,,,,,,,,,,,,,,,,
SRX19844824,1.0035717931091146,,0.5635424051486081,2.7147125888290864,,0.9347172042560794,2.913078359925618,,1.2398413920926652,,,1.9448029372681819,,3.086359682427359,,0.8406136643347811,2.6938177148145765,1.0730554390245741,,,,,,,,,,,,,,,,,,,,,
SRX19886049,,,,,,,,,,,,,,,,,0.0,,,,,,,,,,,,,,,,,,,,,,
SRX19886037,,,0.06449370778169863,,,,,,,,,,,,,,1.58821566310743e-05,,,,,,,,,,,,,,,,,,,,,,
SRX19886050,,,0.5487418476083962,,,,,,,2.0217139739729757,,,,,,,0.09568987181540833,,0.9504846231176244,0.4471260846797502,,0.45798584553079685,,0.2648080311514897,,,,,,,,,,,,,,,
SRX19886035,,,0.30942752653553696,,,,,,,,,,,,,,0.0006497938337372606,,,,,0.08460021912358513,,,,,,,,,,,,,,,,,
SRX19704152,2.316954862116896,6.251636772840973,0.4890642385630678,4.241461461623353,3.8603035368691536,0.9303344232917303,2.927782452053348,5.3006080128725195,4.671978345231523,4.573774961897356,1.0939339954550416,4.293030782713334,6.719343816116076,2.8975722621569253,6.144604922183839,2.9764218615055587,2.9043205784381545,1.2360361728396305,3.4213275081998793,6.625451609393304,,4.0277793427045445,3.769241376509978,5.356614157545494,6.301361390807694,,,,,,,,,,,,,,
SRX19886034,,,0.12393468408494193,,,0.1787822437570596,,,,,,,,,,,0.00012745059966110051,,,,,0.04712071525718114,,0.009557043563445673,,,,,,,,,,,,,,,
SRX18965979,,,0.012178926558513272,5.876939578702257,,0.20938942969057545,,,,,,1.1510065704150283,,,,,0.21849993526351313,,,,,,,,,,,,,,,,,,,,,,
SRX19727432,1.3932633218199832,3.0153080060384023,0.7133052882595666,4.184259196302267,1.7140283221503312,2.221975845450342,1.462310860294795,5.264319129385593,4.105900856493316,,,4.24274390740249,,1.401882328426876,6.927284142108023,3.003053049891698,,,,,,,,,,,,,,,,,,,,,,,
SRX19727433,0.5344168761876756,,0.38297381283504073,5.518303620585473,0.875989291242097,0.5348489589100366,2.9901709424792147,,,,,5.260625556068227,,3.4393484699089476,,3.2406194576078255,4.995137434624894,,,,,,1.1201480018235674,,,,,,,,,,,,,,,,
SRX19727426,2.0749996171044924,2.0422008873790696,0.5230983106423984,4.568680339268334,1.1743511956409913,1.8581280198567156,1.8568597376930724,,,,,4.579784335230404,,1.6388954678501508,,3.159096022196087,4.340618982139978,,,,,,1.2971537886155018,,,,,,,,,,,,,,,,
SRX20407493,1.1394580912910797,2.0167580582724574,1.9538437065068253,,1.69469155161315,2.758942919007341,3.5905439766744403,4.3912185613805255,4.6931481728771915,6.3359082399011815,3.1834250517635203,4.7522190405532845,,3.7468517835897215,4.704031839611435,3.998719784645704,,1.2719153350676948,2.9028862520028227,4.103983980804423,,3.181704667485878,2.358362075071154,,4.178975764785009,4.817538619886966,5.1909947116527295,,,,,,,,,,,,
SRX19704193,0.7232904213933474,,0.4399991662669745,3.7302158494822812,,0.7572685281088872,2.341893336441242,4.91386756633521,,5.364171258638427,1.543475061695585,,5.518591116971039,2.23915917902871,5.081573087105786,2.9454514561733967,4.015589858481214,0.9541715172812612,3.045698845495171,5.081590658714705,,3.983233033801388,,2.4615827074099497,3.55040262895191,,4.760746704764044,,,,,,,,,,,,
SRX20407499,0.8390649615928821,3.1442726084815433,1.8002761133567098,,1.7073036467951541,1.1913642958065809,3.942517572236719,2.364299426905066,2.00511116198066,5.674654103374258,3.6024153647858226,2.8836799557315995,,3.755122303347993,3.9955168752362558,3.1476805805912362,,0.5112294526395059,4.671012159109912,,,4.728600902223509,2.3138775600722634,5.632490870803742,5.245554953016471,,5.478209322621584,,,,,,,,,,,,
SRX20407494,0.7224107524573826,2.354742261164538,0.830416071253428,5.2521372479761,1.4971328691246995,0.7623396868039267,3.98363770097602,5.478376253650755,5.3102264193010305,1.985448898724805,2.674741344348372,7.031314835517536,,3.91380540245258,4.515913205278043,3.1975391500904955,4.959153495941375,0.6955858561933608,2.9028746315601124,2.7603987704608057,,3.856077952445434,0.9120983627938667,4.111272590764228,3.8409309518478585,6.8988532765431,4.033239844175639,,,,,,,,,,,,
SRX20970826,0.05312689948055298,,0.04916475184204016,,0.21922239772100993,1.3731728941155628,,,,,,0.22220319465849683,,,,0.5079998629852879,1.4811091231799538,1.402609013032707,,,,,0.19660303486480218,1.9615406727302411,,,,,,,,,,,,,,,
SRX20407497,0.6753577992868244,1.3128024478947968,0.8286666351397509,,1.0512959314062968,1.5616297963400352,5.0567092771131525,4.015147561966696,2.4251658026671596,5.895308396694095,1.9626876110255935,2.295694016169901,3.4506046439661904,5.051622918265176,3.124951803595813,3.87506916769748,3.2661937939513104,0.7277636634411885,4.198036797158779,6.595033126736991,,4.012009657004645,1.4083357695682415,5.1730696334389945,5.85325082381123,,5.25830224867142,,,,,,,,,,,,
SRX20612052,2.047391985535409,1.6949377163671717,0.3806557325540847,,1.233481933046012,0.6295232169096954,1.4663986693205797,,,,,,,1.6974031005815475,,,1.9336417617570094,,,,1.9673102566196363,,1.4051038437253478,,,,,,,,,,,,,,,,
SRX19704194,0.9738516818136572,,0.5854813591860935,1.4605678742388095,,0.715716677255859,2.226824286100625,3.895980974161675,3.5207895784222876,3.6459362215496127,0.7814875048867791,3.3777465727966907,,2.840413181978524,5.779047340425673,0.9509511421617222,3.1545621379926843,,3.6771269546285095,5.6321192211573665,,5.887586965241837,,4.490774989259674,2.8184909035462726,,5.896746964527314,,,,,,,,,,,,
SRX19704143,2.367240269804323,,0.9183425536257913,1.232681259462578,4.176600087311007,1.0350446578832597,3.022195165506646,,4.906297042953649,5.378691576022841,3.0644467049658397,3.7929181934860337,6.458457562552053,3.2619157945315536,4.84303690590923,2.718231368819497,3.2437683825594776,0.6018325840344207,3.767165470003524,5.282409056022856,,5.896510807120032,3.6890752688111617,4.358081935058654,,,,,,,,,,,,,,,
SRX22130035,,,1.3452996840800608,,,,,0.4369506817894269,0.1652970673943678,,,0.38230872217953327,,,,1.8543074934172223,0.27611197440952456,,,,,,,,,,,,,,,,,,,,,,
SRX21808827,5.3770377653125925,,0.9158756289579739,,,2.3591043245392807,,,,,1.5678141274057509,,1.7284459987612923,4.223191615615611,5.330678960123661,4.215446129646887,2.03491371927092,,1.255117680822009,4.017762936836114,,0.8363016865982061,,2.0096131854543984,2.7451769493303786,3.9341120643435428,,,,,,,,,,,,,
SRX24275202,0.0,,0.0,,,0.0,,,,,,,,,,,0.0,,,,,,,0.0,,,,,,,,,,,,,,,
SRX19704144,1.1846906030233775,,0.7570783500837974,4.375410723739265,3.3421326167835215,0.4226220019144228,2.1736869433519788,1.9114193975995502,2.2681557303218733,1.8712859338285392,2.3882689980698153,5.098046036714692,4.7301202594065765,2.356689729915688,,2.441449721931365,1.5040329592271713,1.0122180241188385,2.2378741442498047,,,4.458153785305337,2.4836283292354784,2.4502283939287817,,,,,,,,,,,,,,,
SRX22226496,1.0806567886880805,2.505576935549543,0.5260542579732915,4.3743047992131405,1.3312775779106993,0.7875597947472132,,3.5269605553346155,,,1.758242987577402,4.3743047992131405,,,4.5801443982022905,2.6461183294142114,2.5867753587579694,0.6880452547376129,2.2796970841514836,,,,1.6044775178293975,4.105655219467452,,,,,,,,,,,,,,,
SRX22226494,1.2745468858134275,2.544683980930024,0.6130358321309816,,1.4675140963464006,1.0499169863068187,,3.081324279405569,,,2.4102140656423408,,4.11359503184196,,5.491585466099272,2.0996228100061005,2.887556751553635,,2.736813005223556,,,,1.9864394469224493,4.049285403231487,,,,,,,,,,,,,,,
SRX22836420,0.8370179932097708,,0.9294318297972508,,,,,1.7776753343952418,0.9330946710019649,0.6810637350176836,,0.18491594876782128,,,,1.8647627897869163,0.24193836225393142,,,,,0.4831192413208504,,,,,,,,,,,,,,,,,
SRX22226500,1.429139683040603,4.643699398278312,0.4531507264994129,,2.0524650087298353,1.3036037587591272,,3.4916379132371897,,,1.6748546151443338,,,,5.318489010920592,3.3452651381358383,,,2.0507442258073283,,,3.212538484612576,,3.109182112170365,4.89299102892666,4.520981874819334,3.677240433122959,,,,,,,,,,,,
SRX22226498,1.2763296403404139,2.9566641707383865,0.6434725820327271,4.8988532765431,1.5938743309366508,0.5814412732233241,,2.9125669500274687,,,2.049492596283997,4.164930372961068,,,4.733067435260964,2.473619007163958,2.935858256615649,,2.173905317287879,3.2501657233910812,,,2.317300147465466,2.9975411282405697,,,3.7528739707258203,,,,,,,,,,,,
SRX23331468,,,0.17283659686221564,2.1188266843996773,,0.17283659686221564,,,,,,0.17283659686221564,,,,,0.16049246485639035,,,,,,,,,,,,,,,,,,,,,,
SRX22478206,0.16014470216372728,,0.025390364593085094,,,2.301475379963153,,,,0.5204435701987372,,,,,,0.4065102254676084,0.0486383945363307,4.052498782747212,,,,1.327271812104503,0.4658373785557808,0.13497259531598474,,,,,,,,,,,,,,,
SRX21897876,0.0,,0.0,,0.0,,,,,,,,,,,,,,,,,,,,,,,,,,,,,,,,,,
SRX21203377,1.0054506019427105,,0.6695444357543567,4.40983585686763,,0.7723941044821595,,1.209193883023758,1.9217969504807988,1.6848749246789563,0.6831442794282722,1.8992799492128933,,,,,1.9559587478567444,,,3.109018083500337,,,,1.0400247946670673,2.7730886925285962,,0.9522698560324256,,,,,,,,,,,,
SRX22996311,2.3561043089514433,1.8924923293809013,1.0708325691959526,3.335323913838361,1.6818133356167926,,3.1827332678215114,4.833640086808128,5.01567215818233,5.043961202613754,3.249554309390669,4.369951059381115,6.5818699552810935,3.208131278447038,6.452016700971688,2.687390596169288,4.2502592874832805,,4.713487998593382,,,,1.7735464033635615,6.029747343394052,,,,,,,,,,,,,,,
SRX22226492,0.683722910820348,3.062631382619576,0.5034329805156185,,1.529383160408599,1.3760592232468052,1.6689505151440893,3.6731369474317406,,,2.2275960405349875,4.584482586537089,6.2132710313679,,6.1852566551983035,1.3473283084578158,3.290032370274204,,2.784880196265451,,,2.977802942673402,1.916807348527555,4.818498474244006,,6.418449669748072,,,,,,,,,,,,,
SRX22996364,1.2601361848640162,,0.8850556274083985,6.163901213814543,2.8430403541548084,1.9086834612495467,,4.600301604708895,,,,5.3814926488871695,,3.317581653252578,6.315904307259593,2.734360464809689,,,,,,6.777920172807258,,,,,,,,,,,,,,,,,
SRX22996313,0.80330880350995,4.393797401878263,1.2643228782291756,5.418152961833338,1.5388296813230937,3.564904546252538,3.352500291091707,6.639587372381934,6.1682816534563445,,,6.1682816534563445,,3.126362184164554,6.011556149768892,1.8385446805137742,,,,,,,3.122654359761218,,,,,,,,,,,,,,,,
SRX22996391,3.1672317567086212,,2.4494625229341693,5.793549122532573,4.700439718141092,2.599751963815203,,0.6648144130773852,2.126413434390983,3.216885885478776,2.5341144223959593,5.202822815537998,5.308122295362332,,,3.168965773174164,,,4.390584455554305,,,,,4.272135466261761,,,4.366538981587653,,,,,,,,,,,,
SRX22996393,3.3126923388304994,,0.860172425817698,,,0.6061535554643006,,0.6287286269552194,0.6827686918140368,2.294408880148562,2.373350692085624,,,,,5.60225932420219,,,,,,,,,5.250191618539943,,,,,,,,,,,,,,
SRX22996380,3.4660269794015783,,1.8372612849516778,5.899357735750821,4.650810899195683,1.6852765328034207,,2.591484220116547,,,3.3438537227931873,2.2608423725008606,5.351985328743543,4.408266056012663,,4.239796052731663,2.9652895772072743,,3.9705562221075184,1.4005681080663435,,3.9705562221075184,,0.9397059792586105,1.9543910831803613,,,,,,,,,,,,,,
SRX22996361,2.2941947248470065,,1.1343567307637625,6.703104960060922,,0.8747610633330754,,3.544256777930892,0.9667786621972562,,0.8910969767557474,0.8182258766793664,,,3.258886435370132,3.0955017095804176,1.1863725894329349,,,3.204942099018631,,3.8002844764841197,,2.8073408724124405,4.215919319019924,,,,,,,,,,,,,,
SRX22996381,3.562006636658569,,1.852187426102001,5.43270249425951,4.112643393244161,,,2.596262629180826,3.294013782489353,,3.562175267198877,3.0612932083920934,5.787367375558871,,,4.03065469105712,3.0223539239758233,,4.098323528056623,1.3494149269260114,,3.6854479326122846,,0.9349878244985323,1.9585101070938182,,3.6350933443038675,,,,,,,,,,,,
SRX21808834,4.253901014199138,,0.4432124565239881,,,0.6885566719006129,4.666557455443472,,,,1.6710624825551004,,2.8376569363765585,4.377317162203874,6.439439709289398,4.394155082043109,0.7902044342752905,0.7983787406423627,2.3729705108440444,2.7847458680565724,,2.3169916777995967,,1.2328427647709603,2.088736383276447,5.508923106509371,,,,,,,,,,,,,
SRX22996363,0.9018729857520917,2.806316264675888,0.4951682970349259,,1.5247300705264306,,2.125864151281444,,,,,,,2.1156580668711635,6.26601571575311,4.3840911291562605,,,,,,,1.8057306972582208,,,,,,,,,,,,,,,,
SRX22996397,1.6328408397897463,,1.6882781861552645,3.719225659096304,3.1331222145956223,1.3649422850132025,,2.7508325133389184,2.4136983081021297,,3.1634444347232074,2.9828158719832873,6.515248822351433,5.854423175714384,,5.537679293659043,2.3588939079037985,1.2214507949851259,3.2516931937957056,5.2353452758688634,,3.1831529420176046,,4.1390824226994765,4.657858916798739,,,,,,,,,,,,,,
SRX22996353,1.2625279292932925,,0.7119606438945545,5.973075484055838,3.2435838510217314,1.807003652461356,,4.481089632867692,,,,5.4203511090813254,,3.319181280650457,6.835571960305903,2.7715691688683104,3.40674079896535,,,,,7.021985084536785,,,,,,,,,,,,,,,,,
SRX23331472,,,,1.5893218922297327,,,,,,,,0.40428796886009893,,,,,1.6627133290281342,3.111794509456917,,,,,,,,,,,,,,,,,,,,,
SRX23395191,,,,0.2582034937776352,,0.46238500321655174,,,,,,0.212043383830965,,,,,0.6495450553651844,,,,,,,,,,,,,,,,,,,,,,
SRX22996354,0.9364956264435529,1.308525390284874,0.9084117859152236,6.743391863325639,0.9926068567053745,,2.8801241595549967,5.380821783940931,,,,,,2.7855611632545845,5.237832012852467,4.282834659205288,,,,,,,1.2537008497134163,,,,,,,,,,,,,,,,
SRX22996349,2.0627882638575676,,0.8902658467674743,4.467746062361763,3.9139328969651257,1.1093444522924827,,2.042222377569046,2.129775683015169,,1.2800549114962017,1.880554225150726,,,4.691252267839002,2.8556994003091174,,,3.0083739917259313,,,3.091147773835735,,6.142451790517083,,,,,,,,,,,,,,,
SRX22996347,1.9956312551990092,,1.0015013939000814,4.324357226449693,4.230081811873129,1.3174539650156813,,1.9920553955103735,2.2487134818730588,,0.9301185718334793,1.7820713674633972,,,4.7735250431560186,2.897767863260963,,,3.2946908932962056,,,3.1524131778399163,,5.901849140131558,6.1068204047600885,,,,,,,,,,,,,,
SRX22996368,0.745761562476917,,1.09310468858869,,0.812958916946414,2.931043620312994,5.068696864083927,,,,,,,5.068696864083927,,5.068696864083927,,,,,,,,,,,,,,,,,,,,,,,
SRX21256826,2.2461704242507494,,0.45916019816797227,,3.429209349804759,0.260087529414606,2.4288719099146925,,,,,1.3307174645610145,,2.5345998303769153,,1.2152610603803347,1.1247366775380543,,,,,,,4.996467565980134,,1.6665896649330432,,,,,,,,,,,,,
SRX22996345,0.7812581055057564,,1.1933240270124146,,2.6716539445181238,2.0510233401441367,2.56604852935707,,,,,,,2.56604852935707,,2.535057993131135,,,,,,,,,,,,,,,,,,,,,,,
SRX23395179,,,0.6235684970534116,0.34609767422295384,,0.6746765266630173,,,,,,1.5989382484864603,,,,,1.657953874081824,0.6672376471015536,,,,,,,,,,,,,,,,,,,,,
SRX22996367,0.7710948567424645,,1.0862344652126217,,0.7487903352074492,,5.023558289480971,,,,,7.533113387544105,,5.023558289480971,7.658644269627963,4.92006098316952,,,,,,,,,,,,,,,,,,,,,,,
SRX23331471,,,,1.2436457405577344,,,,,,,,0.24343916163701257,,,,,3.0012181298373597,2.9469452799939893,,,,,,,,,,,,,,,,,,,,,
SRX22996371,0.8514020661813417,2.7729764321478507,0.6787872315187097,,1.2784348951651023,,2.03077372623267,,,,,,,2.080664888316054,5.967981003839285,3.82200496470066,,,,,,,,,,,,,,,,,,,,,,,
SRX23395192,,,,0.1811122179682669,,0.42316907125999,,,,,,0.11131405362710117,,,,,1.8366291682594096,,,,,,,,,,,,,,,,,,,,,,
SRX22996395,4.5464389989473535,,,,,1.537292867536463,,0.7336269279575822,4.310538605689914,2.1924019970011868,2.498854696579033,,,,,4.634515890717344,,,,,,,,,5.366782330671623,,,,,,,,,,,,,,
SRX22996394,3.863509817728124,,1.8104923274701483,,,1.1307168293290926,,0.7476269876061817,5.658780375312933,2.3415389431938776,2.188325494300876,,6.474259036314936,,,5.098889187812865,,,,,,,,,5.06986958937592,,5.648288436089985,,,,,,,,,,,,
SRX22996358,2.44469370813338,,1.1181064019966258,2.9490914895137026,,1.0432632810333264,,3.611771640605493,1.0271963334700147,,0.937172977439025,1.1175970273825229,6.474687241623315,,3.178444895146033,3.598120310148918,1.663599908855605,,3.231348274993428,3.116318776386013,,3.680328815915623,,2.8203318447369687,3.9159225837943326,,,,,,,,,,,,,,
SRX22996376,0.6986144461389573,6.901502076613157,1.1310332811589738,,1.6861376531820838,3.1576772539963933,2.6720351062652252,,,,2.847367262527487,,,3.326574758978254,4.260686341158483,2.795561512909149,,,,,,,,,,,,,,,,,,,,,,,
SRX22996359,2.4729852115388957,,1.2094127622455175,5.80002989894233,,1.0562338800965387,,3.832805310775324,0.9740125478208869,,,1.0225665487160394,,,3.179788107931951,4.689034619227565,1.5865081487253796,,3.30831843249597,3.0876325096882886,,3.660652689698288,,2.895550066832826,3.6752652489086346,,,,,,,,,,,,,,
SRX23395185,0.18876321941706706,,0.3214361263572752,0.39411147587359135,,0.33116819709272255,,,,,,0.7594029643652043,,,,,1.7497121588941285,0.37694532574641626,,,,,,,,,,,,,,,,,,,,,
SRX22996365,1.7783269636407253,,1.6150477747761651,3.5059918062656474,2.9732797835075386,1.8929973574986652,,2.7612207955948063,2.428173639839133,,3.0838583640498993,3.127483849200012,6.596847469874009,5.707030387624433,,5.707030387624433,4.276906303889776,1.5019794543154412,3.4368284921231194,4.845103664270082,,3.2239321006403587,,3.998581899974018,4.190851040874143,,,,,,,,,,,,,,
SRX19704145,1.5491462699260792,,0.509399335239876,0.7904080550286496,,0.34029888637838024,,,2.5813413539140253,2.3260247510450336,0.6994050216055471,1.6247453167123573,2.7928409431318006,,,2.5154434739781824,1.9129230307101794,0.7896749613322169,2.0297742088286705,2.7265791627387124,,2.7559126680148776,,3.6746581986110534,1.5409601834664606,,,,,,,,,,,,,,
SRX22996355,0.7841044584152769,,1.1789363109062785,,2.315825719971712,2.3403974856179177,2.5407658876184116,,3.345951125657349,,,3.0906947076540625,,2.857551624389421,4.702341394769256,2.9623069946149156,1.7661157139434875,,,,,,,7.702572305433905,,,,,,,,,,,,,,,
SRX23395184,,,0.335177143433111,0.35641359018105306,,0.3796704898749664,,,,,,0.3588099918109722,,,,,0.19038086182008268,,,,,,,,,,,,,,,,,,,,,,
SRX17412852,3.0828127427001117,4.2208302175661645,1.9870662018287022,4.326624881588762,3.3320923548432186,1.080409424416243,2.2998310248998726,,,,5.603592122743857,,,2.2198919002864335,,0.7152166119233956,,,,,,,,4.440795901508072,,,,,,,,,,,,,,,
SRX22996387,2.3833612910718496,,2.4811063837831733,5.672958981718985,,2.1858083154453865,,0.6347267548121786,3.4542631859702158,3.6858272075964016,2.317735129792048,4.879587099884983,5.400879436282184,,,3.1199716389449823,,,5.271596419337218,,,5.271596419337218,,4.606463569932078,,,,,,,,,,,,,,,
SRX22996386,2.337354298902893,,2.323711027696219,4.211915190876892,4.570265989514454,1.1207083338594,,0.7100376318901499,2.3687713028476876,3.6497587893899657,2.665785388070097,4.330770447806544,5.024881754662521,,6.320287736506106,3.3076655377353723,,,4.1134140179882355,,,5.775770008433589,,4.367043675084433,,,5.320287736506107,,,,,,,,,,,,
SRX22996337,0.7755441298086964,4.15320171587723,1.0054045108290866,5.414556663081122,1.549014517021769,1.933895171585995,3.506929331349506,6.756756451307274,6.567722626917258,,,6.567722626917258,,2.876391359971831,6.2920881843038305,1.806071139812456,,1.3721062680655765,,,,,3.3707541203290328,,,,,,,,,,,,,,,,
SRX23395188,0.34393997751228583,,0.31996821276498727,0.22104367239083858,,0.328568665810962,,,,,,2.068207950101091,,,,,1.739063613708686,0.34393997751228583,,,,,,,,,,,,,,,,,,,,,
SRX25038164,1.1734600933721033,1.0131917384967488,0.46292333355381154,4.8863547609884925,1.026965759094714,0.624947979056219,3.9522061113667637,,,,4.952289993848084,5.465018826332084,,3.6628813642139124,5.537168612087919,2.4018401525687287,,,5.367024991628657,,,,0.913243816314125,,,,,,,,,,,,,,,,
SRX25038161,,,0.5491801594395213,,,0.21725209883111432,,5.870871372807536,,,,1.2834227449364148,,,,,0.05411275665847485,,,,,,,,,,,,,,,,,,,,,,
SRX25038162,2.476773961647167,3.3834621070668276,1.6991576768895205,3.855691331074452,2.745911540578778,2.1632877735510925,3.917535494682266,5.039459715092342,,6.283779314055003,3.2585652276341186,5.832864130039453,,3.6257395011917906,4.737995722764696,0.8378198067386663,,,5.305622199875644,,,,3.0885997222830146,5.665644878540011,,,,,,,,,,,,,,,
SRX25038165,0.4351902058139744,,0.7973102608107816,,,0.2802409461926192,,0.4910128390159697,,,0.443096036619767,,,,,2.180540456556863,1.148514525005792,,,,,,,0.599722504202087,,,,,,,,,,,,,,,
SRX23331463,,,,1.920156786662596,,,,,,,,0.39298906221588814,,,,,0.467538378334395,0.6538094465217951,,,,,,,,,,,,,,,,,,,,,
SRX25038169,0.8390679417168554,,1.3775327074881274,2.0449781928492774,,0.7202560050206016,,0.9579626908225972,0.9815283650599966,,0.8630659549591976,0.9559134392997803,,,,2.929899690883823,0.49161936514699756,,,,,,,0.9788053717014834,,,,,,,,,,,,,,,
SRX22996330,0.6689682987748385,,0.8813736979392913,,1.883362157132706,1.8235078062587922,3.0987665904219024,,,,,,,2.494798885903942,,3.0987665904219024,1.840281963527546,,,,,,,,,,,,,,,,,,,,,,
SRX22996327,0.9086339156384788,,1.050579226042387,,1.8037523404458955,1.5725903856489136,3.23363301580271,3.260302226404612,3.8197487755257162,,2.8834056133449812,3.582613397003758,,3.7196120274159377,,3.221440376955515,2.51346117264986,1.140974958788643,4.543801067760329,5.26132133018321,,4.168397136086045,,5.179574085813225,5.26132133018321,,,,,,,,,,,,,,
SRX25038171,2.109648034588206,,3.0879135045140775,,,2.6481572384733747,,1.3261123450762928,2.3547440676055547,,,0.8149539406250929,,,,3.8891288557761623,0.5903475460268933,,,,,,,,,,,,,,,,,,,,,,
ERX11876759,,,0.5233289055002988,,,,,,,,,2.4290952524765816,,,,,2.386824867944766,,,0.43597806507305964,,2.7442195890368146,,0.9519279278618995,1.0125589249626281,,1.4631533550959888,,,,,,,,,,,,
SRX22996319,1.4658491290517632,3.8053907351770904,1.0690774242969225,,3.126177621290295,1.253249760845794,3.93091580266934,4.464353817342023,,,4.043738193217491,2.0922814526685647,,3.5800537241515427,,3.902655706742677,,1.3983543089219586,,,,,3.8053907351770904,,,,,,,,,,,,,,,,
SRX22996342,0.7464831210729531,,1.3162397516784212,,2.5267413683994544,1.714908864163842,2.606013698361954,,,,,,,2.606013698361954,,2.5748013255279902,1.48007657567502,,,,,,,,,,,,,,,,,,,,,,
SRX22996318,1.5253955678744657,3.9393642022612054,1.0831015705541607,,2.9755210080062326,1.378647207229821,3.6992401988267414,4.35205776107175,,,3.8615750390043786,2.061560920938869,,3.934332947227399,,4.459565025428038,,1.07100996519425,,,,,3.7191303815772705,,,,,,,,,,,,,,,,
SRX26487585,0.709894806640334,,0.39144682157280186,3.678821997988096,,0.30245527987087406,,,,3.613070247794959,1.2638658093856043,,3.662924014807575,,,2.9339842564907936,,,,,,,,,,,,,,,,,,,,,,,
SRX26487581,0.21104563640267035,,0.3176118564295319,,,0.060076388508515856,,,,,,4.652573406875834,,,,,,,,,,,,,,,,,,,,,,,,,,,
SRX26487593,0.4542320471334055,,0.18113870000275875,,,0.5454605724254097,,,,,2.127445270531381,1.0425469898214161,,,4.603931737287747,4.0291758022636435,,1.1998222978217592,,,,,,,3.324515845300597,,,,,,,,,,,,,,
SRX22996338,0.6397045883213847,2.2411672529577107,1.339200492445698,5.893715206860786,1.6424643396236216,,2.86551660520541,5.72087860999857,,,5.1220037952877355,6.974635202244353,,3.250940729640471,5.30003548903852,3.5280602471534026,,,,,,,1.6474410211329789,,,,,,,,,,,,,,,,
SRX22996315,0.8329779994658929,4.359245057342576,1.2814821210516647,5.167924602059399,1.685640359193445,2.461461550563238,3.8971379756540254,6.652598968219921,5.9895711719219324,,,6.175277190686734,,3.4295754148726085,6.039622091329168,1.7987677483003501,,,,,,,3.3092654119986666,,,,,,,,,,,,,,,,
SRX24841614,1.906947991984121,,1.4240417955496636,2.885604542851655,,0.9295696049566553,3.828605838660461,2.325697141067052,3.1629856026854193,3.3181642017717112,1.6533553735000146,3.0256954536888463,,3.177377871135015,,1.1217656183412723,2.9651287394484847,,5.213995445635374,,,,,,,,,,,,,,,,,,,,
SRX26487595,0.387620105788752,,0.15573143242511403,,,0.23439823022498152,,,,,0.6266899594189227,,,,,2.8013775159192154,,0.7827984804691592,,,,,,,2.679381399412492,,,,,,,,,,,,,,
SRX26487582,0.22362654103509466,4.8907258772454165,1.6408199486831536,,1.248005288222259,1.8444809589832567,,,,,,4.972814829044897,,,5.967981003839285,,4.199928717505656,0.1495858598693787,,,,,,,,,,,,,,,,,,,,,
SRX26487573,0.004500934485092972,,0.013751032806394843,,,0.012080230376187218,,,,,,,,,,,,,,,,,,,,,,,,,,,,,,,,,
SRX26487584,0.04678309218030087,,0.07947210892354624,,,0.05267150084276948,,,,,,,,,,,,,,,,,,,,,,,,,,,,,,,,,
SRX26487568,0.22283869666460493,,0.1504869070380201,4.378397172278451,,0.05005973073219022,,,,,0.19957316921684884,,,,,0.7814883063498916,,,,,,,,,,,,,,,,,,,,,,,
SRX26487569,0.08502320310636062,,0.14817406979673153,,1.0633998368632465,,4.690541257074854,,,,,,,4.35941993012948,,4.690541257074854,0.5681674522758318,0.07336255142318032,,,,,,,,,,,,,,,,,,,,,
SRX25038167,0.14614307748947797,,0.14174116088534222,,,0.11995875937963861,,0.48913920089050833,,,0.3520659862015365,0.38768457999823225,,,,2.5514103088705014,0.49037699032786186,0.20093354118180168,,,,,0.35164160971121416,0.24687295889062186,,,,,,,,,,,,,,,
SRX26487598,1.2653145006117807,4.430559771392896,2.291509899058461,4.183316086669222,2.014880326010937,1.3091219487467918,3.999058549972567,3.3487611383752998,3.1417502111749736,3.173201427641537,3.6888921675547204,2.506898507518995,5.192400034198132,4.067370619984774,4.97273168490896,4.08710899478104,2.788651762790364,,4.197894049439101,,,5.192400034198132,,6.519564777451642,4.405028461583155,2.980366450403279,,,,,,,,,,,,,
SRX24841617,3.293691073235022,,2.1119466272840186,1.672771211553656,4.103049326712018,1.5592196170783637,4.594730055235321,3.2285137915769524,4.635636507097429,5.141993898723435,3.100003300935835,3.15993812222828,,4.425011096516324,,1.2586178138616546,3.7614692722108742,,5.402724842501053,,,,,,,,,,,,,,,,,,,,
SRX26487587,0.009584283199453382,,0.004846249446291734,,,0.009897871349013012,,,,,,,,,,,,,,,,,,,,,,,,,,,,,,,,,
SRX24841618,4.662236529189791,,2.6315340524149544,1.4796288790239787,,2.5366600008179043,3.312836600663994,4.378342707444116,4.806062651387915,,3.891190113389008,3.9144985607985983,,3.4497323513397835,5.3746383901910715,0.8798335103876324,4.165059708227968,2.6938374181951503,4.6954502374669,,,4.859033481069483,,,,,,,,,,,,,,,,,
SRX26487586,0.08452892992258061,,0.22922028591349916,,1.0690097356010886,,6.017347243563897,,,,,,,5.493982480315244,,5.817404033032149,0.5643681184779424,0.18630752375640727,,,,,1.186740810022914,,,,,,,,,,,,,,,,
SRX11987912,1.5100568577107254,,0.6632175738761811,,2.264440385327862,1.3523379623005183,,,,,1.3810801145009113,,,,,,,,1.7169898474765188,3.941529653337845,,1.6702781765298629,,3.913123045281704,3.7564047215206524,,,,,,,,,,,,,,
SRX12571167,0.0,,0.0,,0.0,,,,,,,,,,,,,,,,,,,,,,,,,,,,,,,,,,
SRX26487594,1.8006135831918313,,2.121701138079057,,2.1352720842076733,0.9992853334502751,3.396286723767367,1.6612069956553763,2.0169023718322245,,2.722710140819849,1.653790826377369,6.728167234653759,3.4885315327921784,5.736580312473087,3.4961832947969116,1.1742244725042619,,3.373706868588403,3.836248185798121,,3.4861916139612115,,3.0090024816609344,4.047757660886146,,,,,,,,,,,,,,
SRX26487592,1.5359668511980862,3.1368095839655674,1.7131507167897588,7.448647819895886,3.085439847397838,0.6716281620343663,1.8471726824011871,2.0149829802923036,2.0806156177058908,,3.8550287962276957,1.2603092170477013,,3.070103429803905,5.344041264731805,1.4626887600333296,1.0830824518032125,,3.355144066981234,5.499567724744154,,4.717743614228688,,6.598744865667893,5.861639993824899,2.0732685816250425,,,,,,,,,,,,,
SRX11987906,1.2836091670673213,,0.5151342507015519,,,0.698701140178499,,,,,2.7768633615440277,,,,,,,,2.771520506811605,2.82902722277014,,2.9573026242861338,,4.118673599901897,2.2311739197421825,,,,,,,,,,,,,,
SRX24841615,0.5242021990775395,,0.3155753096608444,3.4166932817544224,0.6277486101775497,0.2102006539563643,,1.811751281428522,2.4885611919030497,2.2207359455007136,1.8335434791063008,3.1241236148739318,,,,3.61155351954434,1.8904484843047673,0.915672567939289,4.297691344528947,4.415969038730702,,,,,,,,,,,,,,,,,,,
SRX12708356,2.5501886629769843,,0.10013022897028488,,,0.28434309171882655,,,,,,,,,,,,,,,,,,,,0.715437786312814,,,,,,,,,,,,,
SRX10957183,,,0.5774039778074477,,,0.6054524248819715,,,,,,,,,,,0.00019263918181479378,,,,,,,,,,,,,,,,,,,,,,
SRX11987908,3.3251298191016527,,1.5201958412467176,,3.5091409618631286,1.1683226935361737,,,,,2.084017920428693,,,,,,3.392476400632973,,1.2434425064489638,2.092304249138271,,1.788435995442413,,2.357648421639687,1.6669931340863167,,5.48465473803862,,,,,,,,,,,,
SRX11143430,1.0926021754683493,,,,0.24792881156372873,,,,,,,,,,,,,,,,,,,,,,,1.051697383396156,0.6470558456006237,1.9599817293938702,,1.532859017506346,0.16614619455371296,0.40175562169211737,1.4566872782792584,,,,
SRX11987902,4.661003028219275,,1.9693074799700807,,,2.4401400653136602,,,,,0.5260906105918952,,,,,,,,3.1096977117701923,4.010793803899591,,,,,4.476807570480945,,3.9800379170200078,,,,,,,,,,,,
SRX11987892,,,2.22706270517712,,,,,,,,1.2467595159597258,,,,,,,,1.963787133666942,1.7218482963401198,,3.0918565210813997,,1.552867681862048,1.6427371899658503,,1.905959639724478,,,,,,,,,,,,
ERX11876752,3.555574029388097,,2.3701739866137723,,7.123316717513928,2.781248067737723,,,,,2.280803213118293,2.9976050033802952,6.000169048133931,,,4.670243218998238,2.497437623548256,2.811754072526465,1.8512311911628339,1.9832521910050043,,1.6472761583082265,,1.5489468512871871,2.1288859488812664,4.544030769845932,3.1347426982093873,,,,,,,,,,,,
SRX11987909,3.1077513778618635,,0.3051199820316851,,,0.449356915748083,,,,,0.5650873537494355,,,,,,2.98148826021194,,2.7938713731024842,1.7872506444667007,,2.865698908288409,,0.717128932312739,1.9840010652746358,,,,,,,,,,,,,,
SRX13061245,0.005915454950526771,,0.014369793572313851,,0.2118038742772461,0.06393313161489379,,,,,0.1697729970038245,,,,,,,,,,,,0.2216010913882886,,,,,,,,,,,,,,,,
SRX12285822,0.5381702942068304,,0.4619903855053028,,,0.8807671857503319,,,,,,2.775718588708195,,,,3.0937564612974033,0.20237423854418576,0.961550077480432,,,,,0.34388765783229347,0.06186808771642969,,,,,,,,,,,,,,,
SRX11515852,0.5504309404840338,1.4591390386884486,1.9549000134365773,,0.831264976442206,4.631861189252785,,,,,,,,3.4438983797188003,,1.5650355846390187,,0.24255412836492432,,,,,,,,,,,,,2.8724517932878824,,,,,0.8229578921883997,4.539360635826911,,
SRX11438989,0.870960430475597,4.322032493150529,0.7322239122579338,6.120173547409397,1.7395080392747253,2.15451110413789,,4.558474610533671,3.86353125281481,,3.7132643327278134,3.4117026352330484,,,,2.970995053590775,3.2219597333327097,,2.8573417594103026,4.922718246529556,,2.8300607041034924,,3.998419455718603,3.2684206656268544,,4.165463849543605,,,,,,,,,,,,
SRX11143423,0.49873143706761164,,0.16105135368998566,,,0.5762878171897288,,,,,,0.2852619394379613,,,,1.1776521711142713,0.029759092247241013,,,0.18643247174869726,,2.170246119509297,,0.5003631439519529,,,,,,,,,,,,,,,
SRX26487562,0.07760180362593323,,0.07339156089688431,,0.7538276913057712,,,,,,,,,7.12371657201986,,6.779076328590692,1.8345326794499428,0.266809385726776,,,,,,,,,,,,,,,,,,,,,
SRX11438984,1.8096879904289138,,1.5324612162714626,3.0645426699910545,2.8501928376616936,1.9822518665789068,,2.9059007820642817,1.7633869955093702,3.651717166569361,2.891015114423228,3.4601653229669176,,,5.447502535946509,,2.6074163293260684,,,2.6850428303494733,,5.344757832964821,,2.6115724595982646,3.3126867082568823,,2.311748983088891,,,,,,,,,,,,
SRX13198728,1.0708280837212865,3.018302908440485,1.692863274305644,,2.1335649749075696,2.1110385558424367,2.997771141630584,5.87528859822269,5.704025762033831,5.667883195382357,3.7431704171722116,,,3.695360028156872,3.3621970479135377,2.441936690083342,,,4.519862576087004,4.579565573682721,,4.419407590704716,2.6085113284929062,4.291821807365942,4.050735117223298,6.619742810449577,4.3250016420310775,,,,,,,,,,,,
SRX13198730,1.3598559226083553,2.4980362985025977,0.7661375278712548,5.800314018165999,2.181085047943463,0.8640858602539034,2.3332870368797725,3.945770518943219,3.5467973704056135,5.957911289696362,2.905858619504396,4.29634978325665,,2.6264331011633035,3.3793475052548114,1.7081825843512826,2.2089833908263126,,5.3068061733562555,,,,2.303200521102433,6.362790770475406,4.812143725220405,3.7175859760621,6.096244388438557,,,,,,,,,,,,
SRX13198725,0.4816301488970807,3.0621563151445272,1.2268293613095058,6.174425631646982,1.1172747889494283,1.5447438590298301,,4.7625451268030865,3.9075715153594714,5.762895222550008,2.480609069362093,3.904430643373342,,4.923883083616549,4.865506223760266,3.737196379191647,2.6125879586005185,0.832232569611104,3.3163312725138323,5.4202962095105285,,,2.4780527613032213,5.230961894309874,5.050352612843702,,,,,,,,,,,,,,
SRX11987904,2.741803922863032,,0.8437931276896563,,3.700194530710982,0.741122168731693,,,,,3.2275666630933686,,,,,4.777407423378403,,,3.6891536327424093,2.4407718904121385,,3.966589585267964,,2.6389515779646042,1.61229922888912,,3.0794371691898355,,,,,,,,,,,,
SRX11438987,0.7122120085842175,,0.40138861418120103,4.77715049794021,1.8317950614565446,1.3684183991080983,,,,,,,,,,2.8702433679771087,,,,,,3.836343942257967,,,,,,,,,,,,,,,,,
SRX13325103,2.113107165019273,2.4991117693915306,1.2709053594759927,2.889020923111775,1.9388709681780936,1.1147911842851104,3.8086047681555537,4.097012736369138,4.480377524378754,3.3868053649019787,3.0167621102306326,3.9700750534865215,4.757664092610406,3.3267847377845254,,1.69695137027472,3.996230570880842,2.335613983009167,,5.940874292860503,,7.894817763307945,2.1818183515233978,3.2137246418531737,,,,,,,,,,,,,,,
SRX10984882,,,1.8307504976276867,,,1.3028027482351558,,,,,,,,,,,0.17245676934294776,2.1248786589346857,,0.6044492432105235,,,,0.029702418157069994,,,,,,,,,,,,,,,
SRX11987903,2.5947435215137413,,1.469245733646904,,2.5947435215137413,2.5510219892238495,,,,,1.042103887051622,,,,,,,,1.1828747813794585,2.3412248260520414,,1.037063021926813,,2.6114919388762123,1.7743460715972035,,6.2156120330928974,,,,,,,,,,,,
SRX11438992,0.6976678674965672,3.411461174750251,1.5126987625348642,4.292992888656511,1.7411569517868803,3.978741819651381,5.490325626583082,,3.893476734197449,,4.174095835583451,4.275027312698101,,,,4.330041252102936,3.168921425982244,,,,,4.406909618395444,,,,,,,,,,,,,,,,,
SRX13198724,1.0765579806623897,3.068490175913918,0.7882665623513864,5.813815402637526,2.7727258929918825,1.262856641089348,1.815468884257807,2.998839034150702,1.904902267061157,,1.7171820184634525,1.966934769377598,,1.9340530333610935,5.49825177467402,1.8951775620142308,1.1069181619987092,,3.680434046936712,,,,1.7317965353189948,4.279007698554619,,7.7120976140082975,,,,,,,,,,,,,
SRX13198727,0.42105281626426744,0.5297746373334126,0.3423081244594824,6.6584152490354365,0.4975405406201894,3.212653100651978,3.0512537750905646,5.866040264653898,5.678014652611124,6.195254164896725,2.542689269948092,,4.7024222179092865,3.898965443729705,5.101314953646576,3.3165668099351135,,0.43968042210503727,3.534569743425855,,,3.3508528080834266,0.6358484537983387,5.007913495598268,4.5731084805192275,6.23831544430194,4.919449047293203,,,,,,,,,,,,
SRX13198732,1.401363506739532,3.246068475251586,1.7860714859992708,,2.049508769654007,1.860975270581143,2.3076102518344177,4.447601131807515,4.429030480148992,5.878459448174547,4.000973880253037,,,2.4025468331761752,1.823708368237524,2.4176081929416386,2.8764829473074696,0.947123670226852,4.6048716141083075,,,5.027338063428697,2.7640089725117907,5.7192963681468765,5.089138385936361,7.63978130057196,5.499584128088624,,,,,,,,,,,,
SRX13198726,0.4755863264396196,3.972565405427846,1.7009026636766056,7.046253073151156,2.1921525355590803,2.3167212974744107,4.403351521480157,5.70892741586858,,5.272600091462598,4.791752361272959,5.054350662355875,,4.921549434358639,5.507578777449742,3.5349826687531616,2.676974233890334,0.8636858950004613,,,,,3.745003559916398,3.99519996950168,,3.873943598204051,,,,,,,,,,,,,
SRX14098302,0.878813635427124,,0.35716044256442925,5.702009054285443,,1.035006667542335,1.083926987671101,3.9079026581129406,,,2.5301296806181583,7.307833265001577,,1.4101925972822773,4.885301229175807,1.5042376087690388,5.280713350289252,1.0486904821547576,6.008199328077963,,,,,4.736767967329925,,,,,,,,,,,,,,,
SRX14589432,1.7947739879752158,,0.029876452368790114,,,0.38317261001746844,0.5119392446218943,,,,,,,0.42360978948148387,,0.5119392446218943,,,,,,,,,,,,,,,,,,,,,,,
SRX11987896,4.273180779637639,,1.3289930213286072,,,1.1223604286132847,,5.954808529806582,,,1.7500713193962056,,,,,,1.6824543373444985,,1.8833495573584669,2.498604909459919,,1.8569481535116867,,1.2277261243128563,3.7831145881733805,,1.8578025121858084,,,,,,,,,,,,
SRX11987900,,,1.799878881451716,,,1.7585174303572855,,,,,0.39730837372950445,,,,,,,,0.7823317080707439,3.6946040924837145,,1.8400597690643916,,4.7138768781809555,3.8152913551875733,,,,,,,,,,,,,,
SRX14495312,0.518955473727559,4.686746238678471,0.6404728956176579,,1.6518363570722812,3.613710102386266,3.219773294307166,,,,,,,2.6646300642806118,,4.21432781644514,,,,,,,,,,,,,,,,,,,,,,,
SRX13198729,0.4650130275343816,4.800113943854633,1.0689556211634996,4.107163268013522,2.6612441395496567,1.271215069218754,4.966470520976113,5.223213146187831,5.19315303347289,,2.461928232334274,4.716834497064768,5.548785565329232,5.0821500033623135,4.233253557907308,2.361927124571054,3.3810111912103116,1.5816628237109687,4.819375889309886,,,5.191413377616347,3.879889934220747,5.267661228197281,5.131459186976558,5.450157532601517,5.2019696211120285,,,,,,,,,,,,
SRX25318272,,,0.3035167928777623,4.903649225620804,,0.0697164187516263,,,,,,0.7790740285847478,,,,,0.15226113032463023,,,,,,,,,,,,,,,,,,,,,,
SRX14589431,0.24208840205784693,,0.23184959886777842,,0.8807694478616167,0.6651078405807127,3.485268442996381,,,,,,,3.485268442996381,,3.485268442996381,,0.7819744991403875,,,,,,,,,,,,,,,,,,,,,
SRX14589433,0.43137498479704456,4.883918266039644,0.21842679881178187,,1.5960460724412517,0.5987771573775262,1.99395291625143,,,,,,,1.9398214686760387,,1.742887113117837,,0.2501816646786932,,,,,,,,,,,,,,,,,,,,,
SRX14767854,,,,1.9330745263590738,,,,,,,,0.5276623422291771,,,,,0.667734209934586,,,,,,,,,,,,,,,,,,,,,,
SRX14767855,,,1.3563210127855883,2.94007765310625,,2.610363961044837,,,,,,0.9805400426813677,,,,,0.9892300729174673,,,,,,,,,,,,,,,,,,,,,,
SRX14098306,2.012212300481012,2.3367497731039744,2.1821919429790273,3.3568137270062706,2.1424797869467707,1.3874326443919398,5.190655475095135,2.247666469499194,5.343308711777138,3.3259725463300622,1.1069548130248894,4.706039273663244,6.359285613548869,5.143532598617312,5.990541684155041,4.415357608461242,3.816715303061372,,1.5854668621999628,5.1587237999968565,,,2.2057762463665167,4.808854124453177,3.0104473827552973,,4.938513331505451,,,,,,,,,,,,
SRX14767851,,,,1.1796358825164686,,,,,,,,0.7305706592337142,,,,,1.530222296295416,2.4965245360535726,,,,,,,,,,,,,,,,,,,,,
SRX11987915,3.868958209563548,,1.7453228090736403,,,1.0713321197011927,,,,,2.099920994816689,,5.427337516014372,,,,4.483498429417375,,1.318390918801854,1.9791040436026812,,1.2962350387639536,,3.233271768997964,2.1838421164613417,,3.909940691968469,,,,,,,,,,,,
SRX11438991,1.892738235074154,3.3323446562717525,1.0587612587343789,3.2928297542323492,2.2111934759279017,1.6642360082533265,3.4285573620998315,3.631421869072054,3.0623806071168858,4.661353994731055,2.9742812282011784,3.3132749498788296,3.462648079132762,3.6807681997986976,,2.2754361176703624,3.0567110326343903,,3.0726780206088606,3.339988928918235,,3.330249745956801,,3.2507815861084706,2.9300600633641896,,3.8289385163619656,,,,,,,,,,,,
SRX14767852,,,3.4001376320120333,1.7413292202599626,,3.3424694611923838,,,,,,0.8749650996676701,,,,,1.158850716758081,3.64234759650548,,,,,,,,,,,,,,,,,,,,,
SRX14098301,0.7501086331293549,,0.39368479218723235,3.488768795291992,,0.6075115288011972,2.412984455392767,5.170384846401336,4.365068829418144,4.328051725108924,0.3997212133327526,4.36197598575818,5.284082013838995,2.772305138243009,5.287111095517262,1.1758121172132243,4.549663192389855,1.247476400262218,5.345475518639081,4.7041899372831555,,5.160574875937136,,6.020941583282246,4.364597904156847,,6.905637712298437,,,,,,,,,,,,
SRX14767853,,,,1.5716530786201324,,0.8824430521296384,,,,,,0.9109838820155176,,,,,1.3496886084476578,,,,,,,,,,,,,,,,,,,,,,
SRX14098303,1.421136458152032,3.549789662125642,0.3425842537814069,4.63752969208143,2.9856087542048493,0.7311521973203665,3.121701166655785,4.115722857473416,5.8919960037552865,6.519105091266439,1.8303185341778223,7.13924589081796,4.709527901569356,2.859432379077501,5.370250711374207,3.2783528294759985,4.670495499371628,1.22778719874337,5.319169440228687,6.304622469076111,,5.440463490539642,2.8043026170758294,6.177970752558907,5.201316804204145,,6.518834554092513,,,,,,,,,,,,
SRX11438990,0.9932000201031427,3.9980382822896257,1.2027703128958482,,1.7758796085983604,2.0032532587966045,4.390508175134648,,5.043677252242641,,3.706111817612037,,,,,1.7658328873414293,4.324865421186998,,,5.184169390915688,,4.538669635831791,,,,,6.51498297116823,,,,,,,,,,,,
SRX11143425,,,,,0.7815401406635215,,,,,,,,,,,,,,,,,,,,,,,,1.0907473729480424,,,,0.02286028184054539,0.9619326873300967,2.0106912761294455,,,,
SRX14767848,,,,2.05124350780107,,1.0886650052215865,,,,,,0.6765415483851099,,,,,1.0366180298331367,,,,,,,,,,,,,,,,,,,,,,
SRX11143424,0.4285197058886248,,0.10838512577844682,,,1.088320437924972,,,,,,0.5213371572592775,,,,0.7476734416183218,0.044703830727229124,,,0.12715220777427647,,1.560998920856352,,0.4691416979350636,,,,,,,,,,,,,,,
SRX10335835,0.11676507584522267,,0.12207743771261656,,,0.03610779438966269,,,,,,,,,,,,0.40326386886611876,,,,,,,,,,,,,,,,,,,,,
SRX22613096,,,,,,,,,,0.058239192163046925,,0.3232490426746463,,,,,0.013021834125913916,,0.5542183079858793,0.2319600842725887,,0.3232490426746463,,,,,,,,,,,,,,,,,
SRX10152685,0.7930299231853934,4.478998428180248,1.9180149698487772,3.386539739571693,3.2481828389991287,2.383179567233994,4.392732644760646,5.213986372906012,5.213986372906012,6.679951211630441,3.5474440725817447,4.065784205650555,5.034892009491652,4.191344734701135,6.6606340119547065,3.967793410789126,4.205498493782831,1.5897581752138887,5.264259579387236,,,5.264259579387236,4.2063029889274315,,,,,,,,,,,,,,,,
SRX11143428,0.2724442960497073,,0.009166280813377801,,,0.6053959744836874,,,,,,,,,,1.6193148720067474,0.16231124088841908,0.22714784046664574,,0.16396302270070892,,,0.371352550255534,0.23080968251703227,1.313467987156322,,,,,,,,,,,,,,
SRX11143427,1.2368104027894864,,0.39819707208273075,,,0.29555438020583724,,,,,,0.772001230914185,,,,0.7359716056890825,0.09148130683117114,,,1.8519952671412536,,,,1.4754545469479856,,,,,,,,,,,,,,,
SRX11143429,1.0141756844855205,,0.43123541652754677,,,1.0087465506792899,,,,,,1.1204912012882886,,,,1.6856514897419557,0.1020436563574972,,,1.2505888546525514,,,1.3824968375667248,0.42722332116091327,,,,,,,,,,,,,,,
SRX11515843,0.9121506861551713,1.6298874841296944,1.8190151904422438,,0.8236940555371641,4.327368144233735,,,,,,,,1.3587747871065532,,0.9164173098717364,,2.452732104864818,,,,,1.758228724567766,,,,,,,,1.8404821937385425,,,,,1.3900462887625402,1.3043660076277932,3.2144436682209574,4.115725628432128
ERX11876756,4.152108235325934,,2.8033756551333697,,,2.976881053357861,,4.30262716035496,4.072885363325027,,4.065300432605148,3.281205000783703,7.263091780921536,,,4.054008002548768,1.8257069513211597,,1.7796537243285255,1.376686598384229,,0.9917185161840035,,0.9064520360011971,2.28205174304421,,1.8660682377042888,,,,,,,,,,,,
ERX11876771,4.770183809169538,,2.0000903218512613,,5.188856817452688,3.10467101507757,,4.230722471276145,4.485806215379651,,2.027398331740404,2.378436173216338,2.029210105236271,,,,1.905863713327213,,1.7649086239978673,2.436500615574234,,2.2684336560842686,,0.9315198842091071,3.4339312418859342,,1.9446391005849992,,,,,,,,,,,,
SRX25038170,1.6738743917415098,2.7058182206477563,0.9764882771965272,6.35190426207331,1.4137873550758184,0.8946741648923503,3.6007004087962056,3.3290021928554316,3.6649338485279968,,2.3394372726674098,6.445104837138196,4.958848730673383,3.4682564403172096,5.738830956580186,1.3617922282883888,,,5.298861474923962,,,,1.5423379891113442,5.414077941517571,,,,,,,,,,,,,,,
ERX8831395,,,,,,,,,,,,,,,,,,0.0,,,,,,,,,,,,,,,,,,,,,
SRX22996389,2.414330588677855,1.9052880534056964,1.087552207411528,3.398097851363892,1.4958662302241854,2.1705246334681525,3.243014271112951,4.955091005014551,,4.863185488304165,3.4105031011388385,4.654561465954859,7.070568222434487,3.4523873772354983,6.848175801098039,2.6393097547382856,5.354130889387111,,4.568902148570212,,,,1.7464359107705807,6.100941871478006,,,,,,,,,,,,,,,
SRX21808831,5.835686978362561,,1.9802906623684333,,,0.5179442212487994,1.993327287838024,,,,,,,2.719601237112414,5.182943123232876,1.584764255765096,3.117449019884505,,0.670562652574913,5.2561999988135035,,0.8427336458757702,,3.4952664141494414,4.936394935737998,6.085660348426432,3.242497389563378,,,,,,,,,,,,
SRX19836245,1.1849053751022922,,4.568016683120485,,1.176125792709829,,,,,,2.603527603703294,,,,,1.6267368643681264,,,4.082053289522652,,,,1.2206641044791877,,2.4021174587672984,,,0.5795117063256207,1.7541454167607493,4.369953116866762,1.4224552040606444,6.255417726615704,,,,,,,
SRX20407498,0.6847641274577164,4.6012171276176765,2.2206987923844324,6.212327490152011,2.5060896872471403,1.551981061610755,4.206634033033568,3.844680311919022,2.5410232131379162,2.8075108119561114,3.7462115496045048,3.8278842779924602,,4.100860787440414,4.806982216003138,3.9125263423787255,,0.954354194916208,4.180113800167675,6.276754925746313,,4.329983844280841,2.7822595404516783,4.591359728022487,5.844222893033381,,4.639933240989579,,,,,,,,,,,,
SRX19730935,,,0.485185453181773,,,4.484253334888024,,,,,,0.22827895734403572,,,,0.1612894759141203,0.30803572398513274,,,0.5996883556782499,,,,0.19509834066677326,,,5.691091145923952,,,,,,,,,,,,
SRX22996366,2.2780617022191696,1.8080049310980608,0.9598083938454874,3.356163658954708,1.395000401404325,2.0559644116653115,3.2361046044918473,4.806488698650681,4.233397610372128,4.878245521130243,3.603787934021828,3.7210692399368845,7.177744505901613,3.2081168444067063,6.308528053482059,2.6139246894022574,4.874531713889507,,4.8750900752850335,,,,1.7492533827449055,6.177744505901612,,,,,,,,,,,,,,,
SRX19704150,0.7156237152771792,,0.5796101945107324,,,0.6859541862244446,1.2409003427180583,,,,0.8837818240625831,,,0.9532312149976172,4.979994308196953,0.43410158132344934,,,,,,,,,,,,,,,,,,,,,,,
SRX19836243,2.848824553734081,,3.11966033761388,,2.5305814701733413,,,,,,3.0203962685600962,,,,,0.926341003251585,,,4.2463025358842925,,,,,,2.4429133759737334,,,1.3159656872362904,1.20269818868058,4.326778208765457,1.3818364051505567,6.526173169513551,,,,,,,
SRX22996335,0.3779424698458361,,1.0135941165622135,,1.0814449390898067,2.698313716325683,3.9065516605035846,,,,,,,4.1243919422276845,7.013507836108227,4.015641205853745,2.1154393827474083,0.4416580883496494,,,,,,,,,,,,,,,,,,,,,
SRX19886033,,,1.2208573271382186,,,,,,,,,,,,,,0.015154115350683672,,,,,0.293671026969825,,0.1753274894877359,,,,,,,,,,,,,,,
SRX26487580,0.23715442737630246,5.254855788520587,1.8645756405814207,,1.3430079659621421,,,,,,,5.237368361791745,,,6.186143038436572,,5.237368361791745,0.17577425897662138,,,,,,,,,,,,,,,,,,,,,
SRX19844839,1.823267500039912,,0.8215101907817698,4.199835592375735,,1.496818789792443,1.605356047545856,4.606060092576256,2.7835769075734436,4.167189147096576,2.1260595546465426,2.6489148004331495,,1.8548374200472928,,1.1982838463347176,4.1394955093026935,,4.536344253559942,,,5.263269200372661,,,,,,,,,,,,,,,,,
ERX11662363,,,,,,,,,,,,,,,,,,0.0,,,,,,,,,,,,,,,,,,,,,
ERX11876772,,,2.71409144590077,,,2.7516276720841226,,,,,4.067115924104485,,7.125770671836075,,,,2.5742979390549827,0.9133500675610994,3.2407408312051085,1.5212258600452653,,3.3076016807760524,,0.42772369282079886,2.482409521552628,,2.685672305230304,,,,,,,,,,,,
SRX17689208,2.91524035866673,3.7014002341824903,1.8884749732565913,4.357420232443511,2.8771705315208265,0.9558599968886993,3.0386150535825007,4.678583130132346,,,2.2456385710948066,4.204605578245423,4.904471224887814,3.39619271278809,5.852709557457455,2.0204018376819084,3.631422655564774,1.0888553632232083,2.393040495570227,5.1028305936485445,,2.4500976117375126,,2.9156503853761833,,,3.8527095574574552,,,,,,,,,,,,
SRX16757156,1.5393897663537264,,,,1.160224538309998,,,,,,2.952331870785998,,,,,1.488270245447309,,,3.3670146650184334,,,,,,2.106159679942551,,,0.8509012688307304,1.9554405808582929,3.9469213328670283,,5.347525680552843,,,,,,,
SRX12366723,0.9822110176487069,,0.016380762257632075,,,0.17063473014610897,,,,,2.016590001548525,,,,,,1.3445477207995928,,,,,,,,4.518867912238435,,,,,,,,,,,,,,
SRX19704187,1.9123566367964684,,1.1026111311299949,1.6196252164740976,,0.5453713800695497,2.3677097040991173,3.444544923172478,2.50320172142251,3.5417271900438556,1.7319829856023234,1.736495231260671,6.055764828320055,2.5522569003974818,5.907340248129301,1.7429884855565914,1.1938009470743676,,3.131539893703377,6.014342919547541,,3.6909260710835077,,4.288005869880945,,,,,,,,,,,,,,,
SRX25038168,1.3966244853622345,3.6549516041886885,1.5849372285440781,5.062065730613064,2.0555594957630308,1.5660689971596236,4.39012958998754,6.219751686742341,,,,5.6972379562868545,4.830672153311967,3.711144498568509,6.510274444060751,1.3211116530278957,,,6.837161677823269,,,,2.3546265619367563,7.108821623366788,,,,,,,,,,,,,,,
ERX11662356,,,,,,,,,,,,,,,,,,0.0,,,,,,,,,,,,,,,,,,,,,
ERX11662358,,,,,,,,,,,,,,,,,,0.0,,,,,,,,,,,,,,,,,,,,,
SRX19727436,0.23627536815394196,0.5207310776062697,0.32211760204409096,,0.29961759363762425,,4.093823992399862,,,,,,,3.841372233012583,,4.333380186230675,,,,,,,0.5207310776062697,,,,,,,,,,,,,,,,
SRX16757157,1.1065878619712495,,4.258414996458398,,0.9917870939925952,,,,,,5.063522729964955,,,,,1.1749179654236732,,,5.128116258780215,,,,1.3723858167123153,,1.20762866770678,,,0.7448643498044184,1.3531064617702253,4.421189196788276,0.9687947833896781,6.25260063445159,,,,,,,
SRX18248069,1.6888239529759599,,0.9654559541107561,5.516121354078626,2.1976430937423674,1.6587227840128214,2.853254018208294,2.433967227813695,2.433967227813695,2.433967227813695,1.3897926980915563,2.433967227813695,,2.845782377790655,3.672579671856113,1.1308070280435685,1.5569833292887787,2.8822425472254554,5.418929942927372,5.356520985782403,,6.006260560169998,1.9416201120334928,5.078823033078649,,,5.561484908259383,,,,,,,,,,,,
SRX16217008,0.40990899144026427,,0.9620975657373709,,1.0573361826126615,2.868267327556394,,,,,,,,,,,1.2926565637760703,,,,,,,,,,,,,,,,,,,,,,
SRX19320094,0.8181911319321592,,0.16139531107744715,,,0.8800243513380547,,,,,,,,,,,1.2506915216003898,,,,,,,,,,,,,,,,,,,,,,
SRX19162066,,,,,,,,,,,,,,,,,,0.0,,,,,,,,,,,,,,,,,,,,,
SRX19704158,2.473422006054171,4.2278106653712815,1.324273775833004,3.1821405905065507,3.1332048618304578,0.5224001335848409,2.7979902563023233,4.126446653676643,3.1107211637471304,3.2506360441638478,1.7513464389366846,2.6473028286789018,5.170515270955563,2.79521143090164,7.324314596452589,1.8690775590638222,2.6067668513811615,1.3248584282614422,1.837328026239377,,,2.407940536675603,2.6267812434754725,4.6281317126786785,4.763074590375745,,,,,,,,,,,,,,
SRX19886047,,,1.3329297359813619,,,3.44243994875385,,,,,,0.07502901587967714,,,,,0.6998906843465946,,,,,,,,,,,,,,,,,,,,,,
SRX14891763,2.496150251653632,2.5018909694423566,0.8612012456087177,5.32125655768833,2.0388536067666663,1.6915310771380625,3.319743906991388,5.526072491874916,4.265737050798753,5.599402657000439,2.671462077143521,4.004090754403451,7.362044326404809,3.3172793326818018,5.211956124574746,1.173130148457082,,1.8634328165039384,4.134446453986525,2.3400815581549246,,,1.5197163134951015,2.3400815581549246,1.974785470774279,4.389410824547963,2.3400815581549246,,,,,,,,,,,,
SRX19844820,0.39689192946932345,,0.3072584085090736,3.861422456514595,,0.4441298240052764,3.1841139886539467,5.6357568048439814,3.9037220513832156,4.691865222795183,0.27731257459910913,4.221940471232907,,3.342624421563548,5.730087277215005,0.6017794218636974,3.587121675113064,,6.363683497041288,,,7.211239381888762,,,,,,,,,,,,,,,,,
ERX11662362,0.40218805916810096,0.8802697223138564,1.1134604997980653,,0.41723096518145064,,3.20404926751212,,,,,,,3.264395785538447,6.036466958803896,3.320459140618964,1.1326692121473276,0.33028648896493845,,,2.9245338117947197,,,,,,,,,,,,,,,,,,
SRX19886025,,,0.20437299706064668,,,,,,,,,,,,,,0.000169090098670057,,,,,0.11210489962916619,,,,,,,,,,,,,,,,,
SRX19886044,0.0,,0.0,,,0.0,,,,,,0.0,,,,,0.0,,,,,0.0,,,,,,,,,,,,,,,,,
SRX21311407,1.6289529851833355,0.15789843115918728,1.6627193517714218,,0.9226665528313185,,4.178039168168619,,,,,,,4.178039168168619,,4.178039168168619,,,,,,,,,,,,,,,,,,,,,,,
SRX22226504,2.0281799540479932,3.4829863466161943,0.9697059166985483,4.73537350825048,2.3284545398630554,0.935900074588467,3.58125036293106,,,,1.494151332421205,4.42516007119874,,3.4379369805132085,4.884236894164962,1.514441669086623,2.587302575896386,,1.919087878164767,3.0744935593978484,,,,2.3710973995815285,3.557458863756537,4.278515833277009,2.5078647020143197,,,,,,,,,,,,
SRX16217014,0.08340918321225874,,0.32676215135061293,,0.162786611792019,1.1192275113145673,,,,,,,,,,,,0.08505433060266668,,,,,,,,,,,,,,,,,,,,,
SRX19844833,1.8222825808501544,,1.2119672083519843,1.3616217866356992,3.209379927324466,0.5199644951879098,2.9122422267791688,2.299904186020195,2.336721423277623,2.36816066262697,2.9382953680670796,1.700063933180445,5.403604155958466,3.1300208984549323,,3.2612416747804205,2.511534344185032,0.9422221758227858,2.2238492876996494,4.852172514482647,,2.9429571880797614,2.6942963385441665,4.866912989059125,4.269859928704707,,,,,,,,,,,,,,
SRX22226505,2.761095076104212,,1.0542463644229692,4.984838032512919,3.8835099614961544,1.3789015209555833,2.0257021030914,,,,2.431101629329046,2.761223246057063,,1.137378186001374,5.400551065951669,0.6390904548674415,1.0310041194091175,0.5653141662027227,0.8394100464997949,2.084916822290295,,,,1.071226348638429,3.891842128200599,6.154363395325431,4.435727103918019,,,,,,,,,,,,
ERX11662365,,,,,,,,,,,,,,,,,,0.0,,,,,,,,,,,,,,,,,,,,,
SRX22996314,1.226502080026368,3.554718363329135,0.8869656136872094,4.136807507661429,1.4524592353720205,1.115004194070926,2.840881502517583,4.283590275449005,,4.090980436747049,4.1766108070840025,2.004669759649133,6.399067492868941,3.055459674673032,6.355998770977055,2.088208056116849,,1.4729543054936682,,,,,2.51234165255972,,,,,,,,,,,,,,,,
SRX21897873,0.0006740260182922282,,0.010020566746350596,,0.027746887757093868,,,,,,,,,,,,,,,,,,,,,,,,,,,,,,,,,,
SRX21808832,3.3602889938944673,5.3092876116363055,1.749260582001541,,3.346258354256243,0.8641464122812536,,,,,2.1752183605830937,,,5.324574284951854,6.747171369216415,4.943104071316648,2.737675164948599,,1.3789379668572062,2.038237660517791,,0.7559361475038067,,3.0983211775033235,1.7694931371267248,5.2318143359811256,,,,,,,,,,,,,
SRX22996390,2.090346032007247,,2.13670658090678,5.1904595125357575,4.317633055229366,1.3343930491527496,,0.6498795354434677,2.237486838066979,3.3552553324188024,2.388011136877851,5.508058960513971,5.289038916112998,,,3.375642942648805,,,5.0026738925805105,,,5.5524331620111305,,4.406459869528561,,,5.3192339857181,,,,,,,,,,,,
SRX22996350,0.9540586927325281,1.425012534482776,0.977882614057709,6.620097609823489,1.036127663175347,,2.6823272680766426,5.4184637486538385,,,,,,2.667482873435697,5.460899014974235,4.046811671297965,,,,,,,1.345582188552543,,,,,,,,,,,,,,,,
SRX22996379,3.4422555393322436,,1.6889476390409417,5.736824699098865,4.226063192091822,2.270571831176005,,2.660605737018249,3.298032846520605,,3.3483203666559413,2.773019309297874,5.4679951149151895,,,4.355595034979909,2.5481804800401346,,3.929469777041261,1.2767086320707326,,3.658123277873706,,0.8932189923592178,1.7242022957508343,,,,,,,,,,,,,,
SRX21808829,3.080389227273688,,1.4744934330479007,,2.9048327126141853,1.0860723258564025,,,,,1.5779786915711858,,5.4567333854394064,4.435235251398797,6.407642668757446,4.510991565837648,2.130271453935126,,1.621321468752876,3.4502795871518295,,1.6204022879715123,,2.3229843343176007,2.3755242687541354,3.7929328246422376,,,,,,,,,,,,,
SRX21808830,,,0.8426934289840613,,,1.1023000888484105,,,,,2.428379658256245,,5.517943031214073,5.014851616596564,4.864271428968304,3.9343269066924456,0.8217709312721004,,1.8540353325403482,3.851570927894368,,1.8547268524231162,,1.6872044058812963,3.6780155107394,4.650420743897659,,,,,,,,,,,,,
SRX23395186,0.9090354118230801,,0.8011867747874906,0.6331537103842302,,0.848993160518583,,,,,,0.7867117452606724,,,,,1.274024500434678,0.6795490002629738,,,,,,,,,,,,,,,,,,,,,
SRX22996329,0.8806781505648429,,1.1066422659281032,,1.5605132621381068,1.651762959472106,,3.1719225520113463,4.290998111135264,,3.325714759294758,3.6678942707836697,,4.30739519302066,6.49670249599107,3.3676119670452116,2.4529069269825867,1.1895794172197207,4.7500977503869874,,,4.582630212687039,,5.298789713266797,5.56236897420884,,,,,,,,,,,,,,
SRX22996396,1.6655613835380638,,1.631492356773796,3.5622211138773485,2.9081122005645947,1.650359530152185,,2.647497199288678,2.265423887381464,,3.403043519555399,2.9519819030488677,6.950163304074218,,,5.85326753898702,4.094849149351081,1.3359399642026455,3.4017347303828407,5.325946445962394,,3.128043732226055,,3.7366793871019683,4.373687193378864,,3.8627004628238786,,,,,,,,,,,,
SRX22996377,0.6405528683831734,,1.014620710114995,,1.5817626991269669,1.3519934568620398,2.5108868155341524,,,,2.173843982218035,,,3.056048613132505,4.196502978357664,2.710620247136148,,0.7739268726830902,,,,,,,,,,,,,,,,,,,,,
SRX22996336,0.38190396872412374,,1.0543974975716885,,1.1060752854107883,2.316216117293794,4.691875881982212,,,,,,,4.982503293960043,6.829722735086058,4.4878047018268035,2.4049461384848567,,,,,,,,,,,,,,,,,,,,,,
SRX25038172,1.6306452806387102,3.21786743183591,0.8578610154373767,5.765125739964111,1.7346177037295814,1.0208891990719318,2.5577920562164467,3.0087805158836,,6.172429709413317,2.8271182683782596,2.8704464218238437,,2.5493806516223785,3.1791820533592783,2.066590957426536,,,5.158476278753522,,,,2.337017102736178,,7.3461032819292935,,,,,,,,,,,,,,
SRX23331462,,,0.6686109413388973,1.7966285277985397,,,,,,,,0.169713669360865,,,,,3.037575047235911,,,,,,,,,,,,,,,,,,,,,,
SRX23395190,,,0.5269194931803556,0.3009124703647639,,0.48825743539007876,,,,,,1.486294031522585,,,,,2.0643275990137697,0.5269194931803556,,,,,,,,,,,,,,,,,,,,,
SRX27291605,2.19061321893453,,1.09268853081995,2.641874627464228,,1.367150162163438,,2.348797994174311,,3.000842661500892,2.0264351055557044,2.645830985876636,6.112321024866248,,,1.231186072659078,5.894583945943924,,4.244681245340224,,,4.08247752476664,,,3.0937053466989015,,3.061168372279031,,,,,,,,,,,,
SRX26735837,,,0.038333157084278195,,,,,,,,,1.5043062322944991,,,,,0.02899954058651154,,,,,,,,,,,,,,,,,,,,,,
SRX24841616,1.5613699301093713,,1.5217768663990021,1.6752905776793239,1.7416914766638425,1.1165095273142254,3.584999380372452,3.4881560973716272,3.2013142070757343,2.7035525767232063,2.690536668004259,2.801076455832134,,3.7593298817472354,,2.0073793844280616,2.2053700961443843,,6.42492883489514,,,,,,,,,,,,,,,,,,,,
SRX27291592,0.6833181731983731,,0.6885973840862988,0.636119492709096,,0.7910793402773374,,,,1.3834230857372538,0.5252102131648855,0.8963598100641893,,,,0.7511446873950146,,0.24148666979875869,,,,,,,0.8717396362593313,,0.7033671554295889,,,,,,,,,,,,
ERX11662383,,,,,,,,,,,,,,,,,,0.0,,,,,,,,,,,,,,,,,,,,,
SRX27291594,0.1907260969835728,,0.17985725461338556,2.839960620978631,,0.15671992752874211,,,,1.5146057004766582,0.16842479441445457,,,,,2.3698092909978867,,0.2141260941500152,2.3632448329818447,,,,,,0.6972650565444194,,1.378846004074595,,,,,,,,,,,,
SRX27291620,0.13530653749053861,,0.05573840812804293,1.965099017485719,,0.09150567270840261,,,,1.0123291816899447,0.09666469451509391,,,,,0.9383060263149986,,0.40254649743639387,,,,,,,0.23463797352022628,,0.7417679013297116,,,,,,,,,,,,
SRX27291598,0.008802454020473185,,0.005512340133559679,0.014478520540623393,,0.015705993234293288,,,,,0.009834019557488688,0.0011976601322201122,,,,0.011543448933748042,0.0036893951258492536,0.011658719523461224,,,,,,,2.2170304076767255,,3.340881774928687,,,,,,,,,,,,
SRX27291607,1.8866476963371623,,0.8053237503379669,2.566673497636161,,1.194794672333936,,1.9023099380584871,,1.250618676724451,2.0385055754328882,3.610793890636203,6.919099892720036,,,1.5425367252412745,4.058581571780586,,5.849906023094314,,,5.4303464194491315,,,1.5349468934143857,,1.5485721966693975,,,,,,,,,,,,
SRX27291600,0.6008133219301087,,0.4451994115172778,1.109900171506854,,0.43834979657958967,,,,3.1692895332229343,0.9187966379506155,1.866075294986538,,,,2.2036082022369907,2.5586849780422614,0.6883540739614795,2.3303929961358607,,,,,,4.10671354268558,,3.940244827245233,,,,,,,,,,,,
SRX27291590,0.02045992783792093,,0.04801724042692137,1.6499365632527776,,0.009186468579526161,,,,0.07844656363589132,0.04924595418665241,,,,,0.2748287891489206,,0.06725067373312175,,,,,,,0.08155175792003534,,0.18016139753541968,,,,,,,,,,,,
SRX27291616,0.39000105340243135,,0.3801044963857752,1.0333583441332008,,0.7272433234529697,,,,,,1.5610127761009496,,,1.380142708832658,2.2508612556006247,1.6645634472218973,0.9063739689442495,,,,1.0881957097848018,,,1.1904275253152954,,3.812655530424688,,,,,,,,,,,,
SRX27291609,0.6908050920529777,,0.1823007797083268,3.258003537445011,,1.3682538843192287,,,,3.4506744929840423,0.9043147252878185,3.056858757548998,1.7390928145770421,,,0.5521454987450789,4.859962720543979,0.23145628769372487,,,,1.2581860656110377,,,2.27627158183029,,2.632161628691971,,,,,,,,,,,,
SRX27208869,0.0,,0.0,,,0.0,,,,,,,,,,,,,,,,,,,,,,,,,,,,,,,,,
SRX27291570,0.5327672424210659,,0.33186486797873155,1.2656855628961816,,0.8359490152029524,,3.0927724801427026,,3.9328886347565204,0.9995243565863392,1.3344915972116236,0.6432180567838972,,,1.1915649138260926,2.4012912288695007,0.31693808238844745,2.252042266032008,,,1.9380379973915072,,,1.2404314501896871,,3.2653380627551214,,,,,,,,,,,,
SRX27291603,0.16281537543220856,,0.020147540535832037,0.34836274178500853,0.30907389315308365,,,3.0174990045814947,,0.43311241576438475,0.2567654042633579,,0.3013407207945921,0.2597072650094001,,0.25780782196870283,,0.14688246769048777,,,,0.36373364040745204,,,0.12971665972455143,,0.1839115327978528,,,,,,,,,,,,
SRX27291571,0.7876837257578566,,0.14134929128400756,3.462266643511789,,0.9843652497310945,,2.200544191142168,,2.6353256864632684,0.10851700864209507,4.356714054651098,0.617362461606723,0.47418310883662396,,1.2576799792115636,,0.16809911401742833,1.0351316574609835,,,,,,2.6428319519462913,,1.9843716003444662,,,,,,,,,,,,
SRX27291614,0.8181663574050284,,0.32685027745594913,0.5343130072530935,,0.6562036948578494,,,,0.8633095409194955,1.6513011733085592,0.7979718412835891,0.6651580904907749,,,0.4439761743558335,0.6546871944883205,0.10856338087915153,2.5681027766341833,,,1.875240244353858,,,0.5685294600515601,,0.6591542670514604,,,,,,,,,,,,
SRX10327364,,,1.310589103243249,1.1916444741825511,,2.567971784288456,,,,,,0.19816486755420465,,,,,1.3938098449449734,,,,,,,,,,,,,,,,,,,,,,
SRX27208868,0.2806160174206812,2.4678896153531427,0.6401123085634592,,0.3716317561837192,,,,,,,,,6.709299252712156,,,0.6326368974762097,0.39123308214786834,,,,,0.6169688380541347,,,,,,,,,,,,,,,,
SRX27291595,1.5475462000227183,,1.228757743874258,1.1780356193309516,1.6381357670069896,,1.0763477978823657,3.4049023114229144,,3.0413413829306046,0.46213025510875755,4.401326385395,0.7834632180738175,,,0.9427713864909768,,0.3499847034767604,1.0337203945850535,,1.0616475707402788,0.7292426105784714,2.4936658278016726,,2.822837365371672,,2.7014366678701545,,,,,,,,,,,,
SRX27291560,1.1884428225775223,,0.8414810454508872,2.5732601408754947,,0.34073561273785613,,2.7367440658528617,,4.0026143432574735,0.5146939102346407,4.775071204693896,2.0568218954599873,,6.068984923411661,2.8793767108728914,4.775071204693896,0.31900995097018037,2.102461888392799,,,2.3192443943880003,,2.512036798860102,2.1216442410143324,,2.2775741674045134,,,,,,,,,,,,
SRX27291559,0.3923627220056698,,0.30248934252643384,4.3686995332342295,,0.12385609439683382,,0.9516878305747543,,2.933004558201602,0.2809180499892938,,0.7164112146008562,,,2.47028250117854,,,1.0426924871769851,,,,,,2.480314462639573,,2.4186669548633746,,,,,,,,,,,,
SRX27291613,0.27289817354283463,,0.3317297934710236,3.352371136853871,0.44296995617293006,0.9557920208634821,,3.5463526108207226,,3.0284981118493595,0.23130356284032988,4.4111516416754135,0.36648758537919457,2.370457525450746,5.883524671869196,1.1651074365153828,,0.266227581052884,0.6477970651268292,2.557185520134483,,0.7537188861743445,0.7382002606981302,,2.807124172552632,,0.5233253756851208,,,,,,,,,,,,
SRX27291565,0.4638309363466309,,0.40316100306753316,1.7042053292327513,,0.48124023890921114,,,,2.2416791174293356,0.4497387589646359,4.641564158302182,,,,2.110837067957298,,0.3478566948940185,,,,,,,0.7691685814423715,,1.4877430898974235,,,,,,,,,,,,
SRX27291568,0.8464231417501493,,0.36112084722215543,,,0.1957868481706048,,1.394364950769973,,1.1623304938463321,0.2977652067691172,,1.0816435572743877,,,1.5335309107452157,,0.18948732886776753,1.8571897762542056,,,1.8268709205745088,,,2.550398814898706,,1.1599417594235948,,,,,,,,,,,,
SRX27291551,0.530265243100155,,0.1957555880075684,3.5179024577523936,,0.1559640375429584,,0.8475610188037772,,0.5135021403670436,0.5187587497173977,5.557932220466352,4.590137142712999,,,2.769243701485967,3.7211221182990375,0.5061313141094471,0.7266826282029644,,,0.509428073569947,,2.414518600218871,4.27020754098826,,2.38976164222703,,,,,,,,,,,,
SRX27291569,0.5748024104528024,,0.17600264757724457,1.2536643125662588,,0.04084750641488875,,,,1.2061457312583657,0.4168684409315764,,,,,0.5942242771332039,,0.2535942389056482,1.6954968531138426,,,,,,1.4843998210263532,,1.24483224861795,,,,,,,,,,,,
SRX27291580,0.3079898820207302,,0.21754172886041795,1.851882229655252,,0.31564077301583016,,1.373360883911455,,0.6997215036884072,0.3512172881514624,0.8039160603290848,,,,1.864923269442904,,,,,,,,,,,,,,,,,,,,,,,
SRX27291572,1.1048411679508843,,1.037450956301484,3.8917796785858885,,0.7045723847518686,,1.8922294921978227,,0.9917376298370937,1.5005415616485838,4.820336573716037,1.1968849212097115,,,2.009458033841571,,,,,,,,,,,5.017319332634015,,,,,,,,,,,,
SRX27291578,1.5646678912824887,,0.24910895941921588,1.499243608085937,,0.4897705220124753,,2.163864089463369,,1.8249752505456092,2.361942526769961,,7.014020470314935,,,1.2645124539429407,,,,,,,,,3.0140204703149345,,2.8079983706908727,,,,,,,,,,,,
SRX27291562,0.3748844112848511,,0.485529348554084,0.3529395682978343,,0.12071477154901927,,,,1.5648109986629446,0.04787489152061113,,,,,1.360216957885056,,0.04587626490265557,,,,,,,0.14557410304482943,,1.3139142154596009,,,,,,,,,,,,
SRX27291584,0.5485415581943743,,0.18778540128927398,3.392467932170523,,0.42457597069640257,,0.718156822790816,,2.5197263460675474,0.5190757887265937,3.755558055297032,,,,0.7097752854020539,,,,,,5.041715019162573,,,,,3.0789960352420316,,,,,,,,,,,,
SRX27291567,0.014439211869505501,,0.0947608155174408,0.18305420602800065,,0.031133501635276912,,,,0.2321178328635016,0.03149035529564214,,,,,1.3938285783039313,,0.20188643685322652,,,,,,,0.1858633794264836,,0.32911653866637003,,,,,,,,,,,,
SRX27291564,0.8483970092542905,,0.7408837278548189,4.832596864640132,,0.49899179620172457,,1.596103892702178,,1.1096695173683728,0.17280870673305979,,,,,1.0715837600896478,,0.3726597671508763,,,,,,,2.0853240790803524,,1.4668169675389342,,,,,,,,,,,,
SRX27291574,1.2128144317178307,6.25697178067365,1.2562475907739101,4.656998843823695,,0.5317188267738623,,1.9001172574826046,2.429398369961872,0.8768402637365623,1.4622509307079232,2.4871422347263694,6.124288747254776,4.717937635835304,,2.6961519551694937,2.448786417193457,,,,,,,,,,5.0231855326442565,,,,,,,,,,,,
SRX27208877,0.3991853682678934,3.8654289177832606,1.457002241670618,4.21105291584161,2.717879788289287,2.1708074457779225,4.3162291707683025,,,,,4.221719960218353,,4.602109563537483,6.646438274757957,4.192989872200444,3.2823541631436504,0.3131852610601732,,,,,2.887726283969007,,,,,,,,,,,,,,,,
SRX27291599,0.7115107820711667,,0.1959496834288489,1.3596085174883366,,0.21949591383114234,,,,1.300592375648643,1.182972531059546,1.0404219246671484,,,,0.9858885471863388,0.6964102034398236,,,,,,,,0.8224667881737074,,,,,,,,,,,,,,
SRX27291587,1.467786813063264,4.322993915201986,1.2070722339499658,1.6113370922846335,3.7913933682186114,0.7654424341624002,2.511063815624715,2.7463642428767185,,2.2963301127017437,0.34206681050310406,,0.8915203560114076,2.4595039666556087,1.8689298837710566,1.5848081308099518,,0.9174030236650891,1.6719452940082191,2.7251121413293276,2.3272538772618554,0.6914254979068809,3.853060288543061,4.611918449668385,2.3041718802728393,2.87013091520275,1.8124802969081686,,,,,,,,,,,,
SRX27291589,1.1730886283846416,,1.0537767976783317,2.871618648647913,,,,1.0558453729490085,,1.0979549550474748,0.7932218605467306,,,,,0.25659988592835453,,1.0005450235685196,,,,,,,3.5042510610826207,,1.3774130922415193,,,,,,,,,,,,
SRX27291582,1.1080967840932203,,0.7244022632843319,5.004650064126368,3.6875876696873093,1.1875583175412932,,0.8045694322554606,,0.7878625872046695,1.58972063085607,,6.715950185126227,,8.058419040244916,2.6306425965986366,,,,,,,,,5.060907815500008,,4.516189085847818,,,,,,,,,,,,
SRX27291558,0.688517555659098,,0.5169353619105705,4.019797742571227,1.066788580997539,0.31992961799071,,3.502632947086361,,1.6738066490702193,0.38310943962981064,,2.9490929636019065,,,0.8359902204445154,,0.16125363786575075,2.1592701649641475,,1.217039445188907,,2.0628786401900636,,2.7464226106152134,,1.6388134659224456,,,,,,,,,,,,
SRX27358285,0.0,,0.0,,,0.0,,,,,,,,,,,0.0,,,,,,,,,,,,,,,,,,,,,,
SRX27291588,0.8203399590703692,,0.6316758987396921,2.8500782386210695,,1.0131513989825356,,0.9175727330197938,,1.6201166609372804,0.9533284171059204,5.325967351671764,7.024339381549693,,,1.8842390796572046,5.239850089623136,,,,,4.268165465131033,,,3.8421117433697316,,4.282572801119665,,,,,,,,,,,,
SRX10327365,,,2.873051639132767,1.3568445073004636,,3.76387739014772,,,,,,0.19016989025992379,,,,,0.5655612242616431,,,,,,,,,,,,,,,,,,,,,,
SRX27291623,0.13519990498522327,,0.08493937597707274,3.03402182054228,,0.2173466962343128,,0.6021514712480109,,0.6021514712480109,0.2727896297851667,0.28133321859928107,0.41558867564443697,,4.139943944474323,0.14122158075110822,0.3110170274589727,0.10825469294596794,,4.9083668102160924,,0.5522718992798199,,,0.11936739575027462,,1.9192867179457929,,,,,,,,,,,,
SRX23724124,1.0708844180833077,,0.8724125239622241,,2.651529163448605,1.100650612985104,,3.123505619913937,,2.182247287878433,1.8049514050016482,,3.9982309071469446,,5.626262129759986,2.2356940425727037,,,,,,3.2059773065876382,,3.925993607860668,,5.0559464050032314,,,,,,,,,,,,,
SRX23724103,0.6637884459064088,4.582612451267019,0.3652437639268377,3.933427721322895,4.212579247764555,0.8527914473702091,,4.616647446685401,,1.0980116780636189,1.1193484076166356,,1.027477238275784,2.7597829275688395,4.328471792928764,1.7634848819744544,2.6573387479193418,1.3331993403485187,1.344980117779317,,,,,3.1042976394503627,2.685548996778797,5.225060446648936,2.994378993577775,,,,,,,,,,,,
SRX27291611,0.11317721739227185,,0.12387432049339492,2.023464229237862,,1.916462077754681,,,,0.5854633234823137,0.11223978175267571,,,,,0.1368349707485662,,0.1081229096461563,,,,,,,0.3911402553161378,,0.40755272212009247,,,,,,,,,,,,
SRX27291621,0.002039217304375419,,0.001506637763639228,0.025785526221423768,,0.08412469095033971,,,,,0.005815914204525962,0.04913409008406248,,,,0.012909003205548305,0.09392959542950384,0.001723710654688547,,,,,,,0.01225129080829957,,0.052557106332341195,,,,,,,,,,,,
SRX23724088,1.7518408711604543,,0.7341216283997173,3.4187286484795965,3.7399954017868486,0.8120058329029325,2.0972769967202605,3.873970726609441,,2.6849142355534683,1.8341038826509293,3.7732596119762083,3.9759874903764363,1.9135879989769282,3.393044403443352,0.7281929863181587,2.5459023976077035,1.2493136330065104,2.8049864662964183,4.109352813054758,,4.05243766060132,,3.4500197722627775,,2.4643395571174067,4.713139580439953,,,,,,,,,,,,
SRX23724122,1.613648287701233,5.0418345925012655,0.3216601966770088,4.1885982225213025,3.9990591575796506,1.0413849058221845,2.258102060039736,5.255156240990148,,4.014657750171681,1.748310262347056,4.219503090076319,2.3027943503485755,2.889238873921475,5.151333719291655,1.4606476002189512,1.9260338657643326,1.5787873286711778,2.0890536801069253,,,2.7092665849642215,2.340271435853616,2.6817742521611025,2.087774528400188,4.767629426817602,3.6121749081836225,,,,,,,,,,,,
SRX23724110,1.7196814944855199,2.551970385571806,0.5247784269665722,3.373124161372855,2.017122192650241,0.6815448077627855,3.8645906200501616,5.037538885804498,,1.5650179760172973,1.225241165301549,4.152232665775488,4.827087425073859,3.756561240996009,6.321699941449162,2.0838198058820847,2.5422003242103686,1.1503315820916373,2.1372341126185415,3.663535053522988,,3.2070642622250882,2.4798464366393427,4.19616278517278,,5.393169738746538,3.882958002029311,,,,,,,,,,,,
SRX23724101,1.2942813380552762,2.3412360752854675,0.42371157372847296,1.4203565589834106,2.0401664223231344,0.7549562499196362,3.5744437836460605,4.406434751763094,,1.0905741352246434,1.3387512708025324,3.7319318337945075,4.584189211343046,3.5157572287889494,6.593768159270747,2.099480695394859,2.4037493554556177,0.5382479918814079,2.546381471413466,3.7859670488881645,,3.821138216535042,2.4128220829489497,3.9956909409139314,,,3.6104568907686145,,,,,,,,,,,,
SRX23724094,2.2622066900563573,3.404606561385349,1.1000682248508242,2.6883622139996874,2.6098625766101975,2.0739223666869036,4.022508519107214,2.2960239958044477,,4.431524051478801,3.3820877824321993,3.264848431908733,5.279848360165958,3.746085291841146,6.295374812121337,1.2541804080356869,4.076713820116286,2.3107538864494246,1.895397440940292,5.211777144431591,,2.037046855473013,3.344506771465571,4.573834046617661,4.029871911590771,5.033265665254957,4.3704354186985235,,,,,,,,,,,,
SRX22996340,2.8760822944667277,,1.7283841996350666,,,1.5965797718263173,,1.654386671217835,,4.2394238285679275,1.419106916191031,4.42788737776725,5.979360233940964,,,,,,2.661482763912341,2.764500440870487,,3.379470454300984,,2.4893975304834193,4.287712061754231,,2.856758790509025,,,,,,,,,,,,
SRX27291624,0.43062322344952375,,0.132191871879488,4.078129875072562,,0.280512444817942,,2.1691483359064523,,3.6373707102718855,0.27237276186454423,1.537190783888314,0.5918104137517036,,1.1417499450210042,1.2985593881384088,,0.18151044129297716,1.1425166177453665,,,0.5698230642269303,,,0.4901433990711135,,0.728036322331622,,,,,,,,,,,,
SRX23724123,2.3388038193113094,4.249401155084369,0.8478759336261189,,3.928126062403559,1.652388637605185,2.3179184592485265,3.0172508493707664,2.9450609412990794,2.493855503520707,1.955118326078044,,4.202153894885954,2.4364324568139937,5.254077642293842,1.1869263401852759,1.5847877486601891,1.7008911317342221,2.8658619688573483,5.182911616218861,,3.4275146990984364,,3.3138476243175132,,5.278261012066626,3.657966185561038,,,,,,,,,,,,
SRX23724100,1.5454706453447073,3.4468575177302325,0.4574499485982989,2.117790943837077,2.8431908580647294,0.78321300087774,3.8679896776120755,4.729527362886122,,1.8611017033888893,1.683796600091738,3.145659763816774,5.268102051729295,3.4771745920843,6.644021307473225,2.2606315988602024,2.0202746204448663,0.4361669709381318,2.478095699313886,3.640677539804193,,3.0817869041712536,3.368220579668461,3.9917467277564733,3.099930118991275,,3.7242528023672543,,,,,,,,,,,,
SRX24841619,3.4006742342799816,,2.2883946037568945,3.50103001510817,,1.9806079992456707,3.556847568822073,3.273996670749717,4.644548266296388,,2.078065674059606,4.7950645594223404,,3.7530438021797803,,0.381028024949245,,,,,,,,,,,,,,,,,,,,,,,
SRX23724081,1.786923597301653,3.4527715505644405,0.8411754185950228,2.766490255150189,2.8211260345763676,1.3426643360917185,3.3540158315201345,4.404666849624261,,4.557389970384791,2.859754094852969,3.5735105256512822,5.313479262814407,3.650576482072008,6.5012846994989495,1.486050354492865,3.9109721054201425,1.722996333802168,3.2933085915073006,4.960345735693382,,3.527271490533838,3.344418273552021,4.239739592935032,4.487565772548613,4.437193408360839,4.890611999367539,,,,,,,,,,,,
SRX27291612,1.5677403808113923,,0.7094473961463589,2.63279410866072,2.102017366719135,2.531111539330716,,2.8726946584888706,2.6071331008500502,3.2248816661605173,0.564689472289294,3.165608912246863,5.5693219491594625,2.381827668163824,6.480380437914286,0.7865167235669053,2.8755457919430465,0.40189834194247404,2.4444475292600982,3.2790361572343953,,2.8575332553354396,2.2028288348599783,,3.3868174921507124,,2.7918304249899126,,,,,,,,,,,,
SRX23724090,2.4067697480771826,4.154486906411021,0.809309191351759,2.7544166739905913,3.8553255958564456,1.1028301520167518,2.074732769899427,3.2855113425466067,,2.5630922912798697,1.382060798541207,4.8110934340688525,3.253122816255644,1.901933697014046,6.151880342125317,0.9583021414787419,1.986773773515727,1.1910235561748,1.8590468081575278,4.28124404869696,,2.04190291532995,,3.584654080327781,,5.091725860544516,3.6437058132595412,,,,,,,,,,,,
SRX23724098,1.7245038706529339,3.3197497758284706,0.35341943059801295,1.59216157826785,2.8137554774837983,0.6861185456965554,4.294095559573527,4.938569983710819,,2.079654780825829,1.794786166479338,2.900843081201817,5.720620047830859,3.127136996772273,3.3542757897646696,2.07254710550785,3.4824078615996985,0.6882086209675877,2.62772534448368,5.247116915479948,,3.4834318750782325,3.0465313115202215,3.663780734778868,2.683749546675111,,3.7441916509645847,,,,,,,,,,,,
SRX23724109,1.3583580198856302,4.098513807635886,1.110938900634521,4.213081130316993,2.360209345444648,1.1174733297617823,2.2578350249858,5.123483461945137,,3.49902061233897,3.2764660107542882,4.105265039775013,5.953469836304425,2.0088753988107917,5.357713779588228,1.4613691313792372,2.2690456394419494,,3.182554547126312,,,4.5186210538619305,,4.402734130895448,,5.2635678482657875,,,,,,,,,,,,,
SRX23724125,1.5031491922540403,2.615759624943257,1.3792606244733487,6.9839315931875925,2.4228979964579564,1.8472328774767435,2.7143849374724844,4.082463405427182,3.9716221690286364,4.293947390002505,2.857106395633028,,6.7092533854239855,3.1117424159979468,4.682527704623845,1.9157351810928296,,1.990882327377638,3.010746859540891,4.380510025700382,,4.800208026603911,,3.5046326735187723,3.281919049657368,4.785034517723834,5.061822538496573,,,,,,,,,,,,
SRX23724096,1.7320326297269402,4.431796174537194,0.4023830728011721,1.9124845933595462,2.72578840860209,0.7973310331103451,2.569644171313532,5.368607091944843,,1.545487871958449,1.9715877911578108,2.5553857605222916,5.858632218759493,2.338851739056879,5.707891428520875,1.729474885609148,3.6004492580717757,0.5543868025286784,2.884312599760165,5.119964327468606,,4.270168635029891,4.068529041229774,3.659685234598951,3.3400954377926517,,3.8498164728715736,,,,,,,,,,,,
SRX22996317,1.495766130482535,3.8631692181792006,1.113224132544003,,2.371972799336151,,3.242757881453755,4.364473789853447,,,3.7223811617923217,2.014041380779181,,3.242757881453755,,3.242757881453755,,,,,,,3.6561739060062055,,,,,,,,,,,,,,,,
SRX27995731,1.5954740706545172,,0.6307305742512886,,2.401587887097185,1.9457326586883776,2.2021887113631124,,,,,1.5661174908572866,,,,1.7876421001473402,1.3577553071936452,,,,,,,,,,,,,,,,,,,,,,
SRX23802736,1.4278987998626649,3.4150775454515276,0.45650204025140145,3.84710396680405,2.2698852271065713,1.0963616412978527,1.6109918264741063,4.077064417751184,,3.47736002248353,1.883096528031079,4.4977652605323435,5.367015653395728,1.8823073974793287,4.271238654633033,1.263389423223498,3.648104544086304,0.2512004208981878,2.875083088259364,4.504578712284883,2.153194392973276,3.5056158846453207,2.549270826855209,4.77178713756766,4.3748167678700725,2.28240319019423,5.175267697470698,,,,,,,,,,,,
SRX17412842,2.1337715683695553,,1.33894045150538,4.350589683663142,3.5962570043739936,1.0438957114218763,2.611416254312014,,,5.536597647726886,2.9465957788000647,4.797592661022876,5.097329870709677,2.7541482544836504,,1.7249016362016387,4.08691765288465,,3.2763000117549965,3.440536519210769,,3.236477777388747,,2.774203101799339,3.850922646517547,,3.003289657276261,,,,,,,,,,,,
SRX23724082,0.33026234274448774,,0.12089764446935942,0.38670281248268373,4.4965699102907655,0.32237303410619433,1.190792695415958,0.6661062201270728,1.600361307787312,1.4250746240817191,0.26168057558227387,1.6460770935261997,2.154315055628518,1.5106789690837692,5.012075848519324,0.0823018387255347,1.3065203214574732,0.23420649323396406,0.7904532726867298,0.47081288026694856,,1.2658543998125869,0.41440992245742714,0.3905910530401575,0.40995122563446795,4.547385577270053,0.4948468777921062,,,,,,,,,,,,
SRX23724107,0.7462891031712259,6.863016809967106,0.32759700845498446,1.3422397197856288,1.7822825703458538,,,3.9487539063886095,,3.4603593239681327,2.538973276280907,2.338035981749232,4.2726460536494635,1.8915476782924285,3.3824981315177522,0.45401161517594174,2.237387308546282,0.9211352034163294,3.3572616711604746,,,3.4169798311031085,1.8142494874156496,2.7632113287290037,,,,,,,,,,,,,,,
SRX17412811,0.9095896033990031,1.2785163861976634,0.37076265583059875,4.655226904877286,1.2785163861976634,0.46692355867547264,2.0738609855925696,,5.275226103556161,6.860122619317154,3.9011517512838907,5.252693753962271,7.448942236470171,2.1878441627316034,6.750920247273806,1.7087196557817157,2.024128068070357,,,,,,1.2337302273316686,,,,,,,,,,,,,,,,
SRX17412831,3.583932761074139,4.2120125966869795,1.5434363462941914,2.740705856766237,4.2120125966869795,2.425558111339892,2.0811039564962828,,,,,3.8187098915326496,,2.3832125481075352,,0.645492476612772,4.230714110662483,,,,,6.516876358928882,,6.6953348355322975,,,,,,,,,,,,,,,
SRX17412814,1.289736869906988,2.7770294600259264,0.7305501981370677,5.094999541344606,1.7341159620177042,0.8154236503614363,1.402975509947871,,,,5.33290766512863,2.6923670629565426,,1.6405615226313675,,2.063952807251517,2.6923670629565426,,,,1.7534102114492167,,2.475101295471406,,,,,,,,,,,,,,,,
SRX23724121,0.5564768564324709,,0.14883697595953674,,4.867939277066895,0.41938396749489265,1.7165044703304593,2.034596745134739,2.6442399879831604,2.401964934770056,0.8417013882092651,,2.784358668419311,2.301598065996577,7.110602243428204,0.39949683431013777,2.1614668130343606,0.2603410765864916,2.5201815026604475,4.040786200305256,,3.9447776596035875,0.8281775864422956,2.4781096673356595,1.8561241156723813,4.081487067296635,4.460993550766901,,,,,,,,,,,,
SRX23802731,1.3002498683323709,3.2174377535586616,0.3400950744764765,4.662937400986445,2.7931362948023377,0.705608913884227,2.4390204826202444,4.80211823373183,,4.4727975520883545,1.64830244325271,5.725773956701896,5.8327161972703925,2.7905317605580566,7.387077956921256,0.53631875357717,2.9928997841592326,0.556155594484089,2.7408946647931174,5.035668819245237,2.432511401231686,3.267714616826003,1.1961128450728933,4.60735186958569,5.016521943875454,5.747908696403211,4.612406465548637,,,,,,,,,,,,
SRX17412844,3.600248631727622,,1.6726761427750683,4.322273759482076,,0.7206459778459745,2.133695830981981,,,,3.9078551516819813,4.958337643113755,,2.6147002191259223,,0.5209056878124811,4.5402942267909685,,4.041290661685554,,,4.941812585931043,,4.801439411847187,,,,,,,,,,,,,,,
SRX17412832,2.930590642936592,,2.016800994068288,2.1173053725258764,4.118723188028674,,2.2627534799170483,,4.610352133200462,,,3.432888394642745,,2.2060697665438793,,0.7434828077101453,3.652396299374054,,,,,,,,,,,,,,,,,,,,,,
SRX17412830,2.5838844374715397,3.5474636439177907,1.3318013170731984,5.801224409689371,3.5474636439177907,0.655542979477998,1.6089429455219728,,,,,,,2.079327124394165,,0.4206324492951058,,,,,,,3.5474636439177907,,,,,,,,,,,,,,,,
SRX17412805,1.96319399162513,3.4700417712698903,1.313888212208587,,3.1626484345975863,0.7328089180405949,3.014159068668243,5.533051568795691,,6.725696646738086,3.8206186066751795,,5.724025905830916,2.7609006548028567,6.409669153290409,0.8166307255691089,,,5.533051568795691,,,,3.3465427258963207,4.816844534796282,,,4.816844534796282,,,,,,,,,,,,
SRX17412786,2.699798687238285,3.173492718972135,0.6854552306708483,,,0.36155964974189203,2.1241863141925776,5.1535381125964905,,,3.434768955689062,,5.235067998093089,2.1676287458373715,,0.6584519872356569,,,,,,3.790968033211782,,,,,,,,,,,,,,,,,
SRX17412807,1.7612394905971493,3.691573691352192,0.19075901443787233,5.515969709942561,3.580589161666487,0.27905671820092814,3.417480128923408,,,5.4949443660808255,2.501714448276906,5.141549567887864,,3.613907197761868,,0.2650012457231136,,0.2679372132772504,,,,,,,,,,,,,,,,,,,,,
SRX23802728,1.4642057178836863,2.503197729462172,0.3550036655278347,3.8439630674193017,2.327522920831706,0.9811416664714169,2.2676913429976566,2.7630161018874575,,3.372885263330686,1.8155099291966452,4.163043437952094,5.122536757936481,2.91790226455786,5.88081942524586,1.4002657844156474,3.302052881850897,0.6255718129391726,2.6219659458692464,5.1316694824323115,2.0801141631022775,3.0386435225170874,2.1424232865653905,4.386659123964079,3.4961584070552196,3.7540210646597467,4.860142330271971,,,,,,,,,,,,
SRX17412812,1.5310702088585895,3.5180659683021607,1.107449745637427,4.842739439928341,1.9372636859693544,0.9023290539108944,2.6060759365717256,,,,,,,2.0558905980275446,,1.1049969149589733,,,,,,,3.1167852655395074,,,,,,,,,,,,,,,,
SRX17412802,,,0.09502825156231086,,,,0.9537012720025086,,,,,,,0.20404579033397244,,0.002495448099061892,,,,,,,,,,,,,,,,,,,,,,,
SRX17412817,2.4176224782896436,4.292296347426299,0.6783910787628787,6.072170533061796,3.9030028206414134,1.1386406635640383,1.5965523052699937,,,6.302043265820928,3.892013080850377,,6.340659368987697,1.8963042463471613,3.960384337701401,1.5749701552215347,4.867425656918238,,,,,5.357147491776266,,5.659161548037665,6.481665875234681,,,,,,,,,,,,,,
SRX17412820,0.7477016590663799,3.394647681809395,1.3138956067137708,,1.4345854587439328,2.0660488243510247,2.5669950243103763,5.303780748177103,,4.806406192874891,3.832800554842517,,7.008324864650932,2.760313701187451,,3.0415770584506214,,,,,,,2.3702125949997956,5.208623515136763,,,5.208623515136763,,,,,,,,,,,,
SRX17412823,2.9771530791621776,,1.3216029647492802,4.54849880151443,,0.4294252821187761,1.7841918434966912,,,,,5.718087583960517,,1.8618980942702827,,0.3845568009413338,,,,,,,,,,,,,,,,,,,,,,,
SRX17412828,3.1886303999202417,,1.4444294409516754,4.469926095020997,4.65977414025737,1.08438000124065,2.0030836450751424,,,5.27665617639743,3.8010087271871718,4.667031316737199,7.236014191900085,2.6678785837284233,,0.5387647932244345,4.650704172442788,1.007892021035112,4.988086678456499,,,4.988086678456499,,6.139152652647495,,,,,,,,,,,,,,,
SRX17412851,3.59786990389043,,1.2865185588011185,5.315592056305513,,0.7116608944090365,3.1009345149315646,,4.2967126010891095,,3.703208238961413,4.139791478268118,5.480290646718305,3.3267690893928434,5.962813398045825,1.1496008156802768,2.813578836752401,,3.0763529035716384,4.368290783111579,,3.9591163351475736,,3.1276887600139736,3.845502585050741,,3.742082532799941,,,,,,,,,,,,
SRX17412843,2.3734375344343954,2.87872237846191,1.2448564089051761,5.17497338616618,2.7937875212235728,0.5578045914587965,2.7544902146794805,,,4.481225460492201,3.9069199444378837,4.237294557751361,6.694820933591491,2.841734015571181,,0.9701247774876631,3.958046106421751,,3.5893245054858425,3.8856156104779394,,4.014149894130467,,3.35662416482519,3.8580271635564407,,3.883087571023312,,,,,,,,,,,,
SRX17412792,4.2619455465974125,,0.32146339147230346,6.10852445677817,,0.15320460096555047,0.41943241634038464,,,,,,6.339850002884625,0.41943241634038464,,0.10049712003611344,,,,,,,,,,,,,,,,,,,,,,,
SRX17412835,2.293232341775985,4.355196774798715,1.6179269984372886,3.7742170200138374,3.1825208121099418,1.1174974336120909,2.173438154252144,,4.8130537890019385,,,4.175543102835248,6.902727987324441,2.6361311725118823,7.048256309401811,0.8264909038781955,4.57592268616447,,,,,7.212643127302694,4.172375971283509,6.325220052818216,,,,,,,,,,,,,,,
SRX17412849,2.073907173296489,2.8281840020719513,1.8710421481386665,4.060378261477796,2.146575853513503,2.156870581333784,4.026771159313591,,,,,,,,,1.5735185492369073,,,2.8428767383037545,5.16749417518755,,3.0021757700007314,,4.473139172670009,,,,,,,,,,,,,,,
SRX17412841,2.5178704023115857,,1.9210588356957052,3.1506355863425046,2.9750449778004975,1.5034089661903873,2.2291014689964337,4.51280882867569,5.047859731200889,,,4.00333135927517,,2.5580347629259372,,0.687946165661403,4.541846571686629,,,,,5.213892196421743,,5.57198012018773,,,,,,,,,,,,,,,
SRX17412825,2.7922759908917882,,1.4737391586270432,5.384399208385388,4.7345272317299205,1.0652177758615373,1.7321340439038746,,,,3.6181846152692,5.135345543809703,7.126902986093024,2.20677388073802,,0.7993075792135096,4.541968513038793,,4.140842177050898,5.3520800640694155,,4.140842177050898,,3.746747553535486,5.5054146093467535,,,,,,,,,,,,,,
SRX27291563,0.07717549976228583,,0.06431468527364996,0.7192512467835686,,0.03230521207262909,0.20634949238082076,0.3081400669688023,,2.124678178885154,0.2314229220413929,,,0.0803213875617754,,0.01826528225578397,,0.10566596929266704,,,0.20015377784475277,0.6082392136254898,0.05602826880936017,,0.16808970377088836,,1.6397397375074458,,,,,,,,,,,0.15652379923646734,
SRX17412816,2.263106717539536,4.362047682109558,1.3906846088839628,5.328411301482171,3.1087785187098103,1.4045267111081756,3.2670671912317855,4.086692634936065,,,3.644399776725518,4.668713386030379,6.5912937744870685,2.9361252396343147,4.770263915532388,0.7526076903294804,3.8273822839878586,,,,,6.382707152675651,4.362047682109558,4.824395770283178,,,4.974622414038573,,,,,,,,,,,,
SRX17412808,1.0254343258298284,1.8835375370040484,0.7052710460085894,5.688724382633308,1.719667036054199,0.6771322455012265,1.7083637753964631,7.634490771551046,,,2.4007877384566716,6.415603563105509,7.677559493442931,2.13054779808932,7.167364761123749,1.7335906411616653,4.373077249778319,,2.584962500721156,,,,1.8147302353779369,6.766139624464049,,,,,,,,,,,,,,,
SRX17412847,2.499265067567862,4.98048298602237,1.5263414570904086,4.146035117693451,3.5853983072916797,0.9020545309679702,2.225147336467095,,,,5.357302258670061,5.4644193333403495,6.593702350285316,1.9523334560312382,,0.7754415529919648,5.310257188332616,,,5.635683605583048,,5.593702350285316,,5.098098571887127,5.743212195596433,,4.916076779660146,,,,,,,,,,,,
SRX17412845,3.342341522136425,,1.4394900924247926,4.324518478758856,3.667115859666245,0.3188761411838405,2.5183192739753406,,,,2.5788935170513527,5.271036419183323,6.5427555212903235,3.0040759433629582,,0.45989197376313734,4.065027903051047,,4.677685101376433,5.342705604495497,,4.677685101376433,,4.178857135864677,5.58967922825521,,4.215684123127002,,,,,,,,,,,,
SRX17412839,2.988674909708392,4.779259720372377,1.7908143092577447,4.215096985273501,3.5687451854289214,0.49127212104402346,2.233561487105653,,,,5.613695107373212,5.716114874797372,,2.667386268476935,,0.5777187379601295,4.538763697749608,,,4.104329051213804,,6.237249364835767,,4.101242555667269,,,4.6654368496822975,,,,,,,,,,,,
SRX23724111,2.2252415735558126,3.456899052458491,1.2365555211540105,5.924387126267461,3.0543185146595095,3.5521060754913063,4.014978940932313,4.603042652930053,6.005263295306397,5.036629681895093,2.4119992221338213,5.416739550609031,6.785217991103576,3.9310301168507507,5.306033973401356,1.6188244462031742,,,2.763515081468979,4.956855719792295,,2.864567473522458,,5.577334344811271,4.753972746933055,4.604372070474276,4.408049624247872,,,,,,,,,,,,
SRX23724085,2.416731139736954,,1.5088585469800213,,2.972607622688941,2.2674593215101257,2.176315463649689,4.06493382460801,,3.5786397226546103,2.7935832726188203,,4.305656278375375,2.2589714182269094,5.059549310533104,0.8723572568959478,2.3022313065823403,,3.3064995518150693,4.782015335004195,,3.9573711798343827,,3.5426275616024365,,4.782015335004195,4.98243410435813,,,,,,,,,,,,
SRX17412836,3.3167531793289022,5.19332185941603,1.278289988221605,4.163994329017176,4.887835564875299,3.0490050656496224,2.1099782802463443,,,,4.62111209138907,6.42337428771861,5.320034794037044,2.5574749334140465,6.598355250738348,0.4972531637367128,4.559173858387036,1.1951991461656302,4.526995930038765,4.697710453447732,,5.435655069347252,,4.063341403133767,4.540712073413843,,4.129756730638563,,,,,,,,,,,,
SRX23724104,1.252508512665265,4.544607915454014,1.2543024582362754,2.9397114960355286,2.3660382274842275,1.8390482837377584,2.566493688290358,3.224858265698701,,3.5299047824506404,2.6135055599919768,3.2381765293684666,7.195850633883957,2.4137320530583923,5.553482199465803,1.6829940935619483,1.83170569437802,2.437428259042346,3.156503710103833,,,4.186627561534166,,5.278031723605826,,,,,,,,,,,,,,,
ERX4409915,,,0.0,,,0.0,,,,,,0.0,,,,,0.0,,,,,,,,,,,,,,,,,,,,,,
SRX23724105,1.0555771130327982,4.475135201682082,0.9341288541740083,3.413038881186942,2.453602698006757,1.2728928169933709,2.5537033312770228,5.5328795316999555,,3.493440660070501,3.229167706769428,3.730566314605149,4.109527368894035,2.9139136686185148,5.1686465838341675,1.7666035075966464,2.2918703245857226,,3.282120773961286,,,4.714356545062418,,5.461647239354426,,,,,,,,,,,,,,,
SRX10327368,,,0.9526799057757669,2.2600693719826808,,0.8673962201731293,,,,,,0.744333095799253,,,,,0.7112226650294577,0.12738851605504362,,,,,,,,,,,,,,,,,,,,,
SRX23724106,1.3248232217657565,4.160515415423553,1.0345019714900763,3.8868722924417467,2.4758533368560505,2.1766052469492245,,4.786770274704244,5.2529512499625985,2.7471070832407123,2.724295705110802,3.7558673356033343,6.2930651922868845,2.4303405497525135,5.615627147658973,1.7638961366976151,1.4792849006570488,2.7148463583009006,2.3532014516182618,,,3.9618734589017084,,3.9669533587925403,,,4.977131438430616,,,,,,,,,,,,
SRX8008855,0.7723752069962553,,0.12227394317148502,,,0.6115366001845708,0.9883610889698955,,,,,,,1.2376705053925863,,1.1979188424530502,,0.13469752699398224,,,,,,,,,,,,,,,,,,,,,
SRX17412833,,,0.23456517694908488,1.6029964235514178,,,,,,,,,,,,0.5760293759511483,,,,,,,,,,,,,,,,,,,,,,,
SRX17412813,1.9029300052758793,3.2778448676841667,0.8268850798094228,6.894817763307944,2.8298056150972624,0.792174300163061,1.8700900460909735,5.328470940754134,,,5.519410906453652,,,1.9146484037891762,,1.231852750424918,3.7258366506506557,,,,,,,4.273329386561674,,,4.273329386561674,,,,,,,,,,,,
SRX17412848,2.152085227023528,3.145735535875242,1.0929079153191723,4.408074636279099,2.1100536737484914,0.5120155600889204,2.1292400887394334,,,,,6.653958593312688,,2.03888367694857,,0.6275426618045271,,,,,,,2.82066180155404,6.679377177594208,,,,,,,,,,,,,,,
SRX17412850,4.0054577174743065,,1.914502552447871,6.975476205734256,,1.3606709418746157,,,,,4.009722626359277,,7.001502025165232,3.969620242788559,,0.2832400615282404,5.607750647270319,,4.5159648738132,,,4.679573930277869,,3.7715896543794805,,,,,,,,,,,,,,,
SRX17412806,3.37124939515974,,2.192101767010349,6.265849421440848,4.5592048276223185,1.528844135508945,2.4804177601855626,,,,6.631527723997902,,5.521688325870438,2.4831634593522818,,0.25351509378419224,,,,,,,,5.863166480385672,,,,,,,,,,,,,,,
SRX17412809,2.2935573434245167,3.9626331475355157,1.3748092319837801,6.386440856442091,2.3539392133117736,0.47033423097880844,3.2854077571385245,,,,,,7.043553142919083,3.279003727949439,,0.4919974651846344,,,,,,,3.9626331475355157,,,,,,,,,,,,,,,,
SRX17412821,1.3889072042082709,3.781271987006214,1.4227827449456467,5.12929877155316,3.1687118738147495,1.1728705835601407,2.352716993106862,,,,5.353577684034282,,7.336217256213032,2.606598139754639,,1.2365660046519027,,,,,,,,5.8622860678806195,,,5.8622860678806195,,,,,,,,,,,,
SRX17412827,2.7976401876278394,4.835876343198114,1.3756376196455198,3.9891308497645417,3.434066852018248,0.44956349906430765,1.9683459120328544,6.614821113207367,3.941549226448166,,,3.8716205630010894,6.61510766434133,2.3712065102835482,6.557774489275379,0.6698774589572508,3.8322179872787245,,,,,6.61510766434133,4.835876343198114,7.365129411332982,,,,,,,,,,,,,,,
SRX17412815,2.7973312115350026,4.068564286483071,2.109321544040755,,4.068564286483071,,1.8752075110785744,,,5.934546938511383,5.7989457332415935,,,2.237062250183943,,0.5746358138119342,,,,,,,,,,,,,,,,,,,,,,,
SRX17412840,4.134127290855859,,1.473126614294909,4.5371998038219825,4.949439645870523,1.3340503282589429,2.6927222322343427,,,,,5.455625033207562,4.891724148014236,2.700783541382266,,0.23477739654849394,,,,,,,,4.891724148014236,,,,,,,,,,,,,,,
SRX17412834,2.9103663580332153,4.125197456264695,1.272521207439404,3.521343985240781,3.781365434288361,0.35604043716606903,2.0593334029706667,,5.140045220672008,,,4.291467859032759,,2.4722261929580194,,0.5741047254613038,5.140045220672008,,,,,,4.125197456264695,,,,,,,,,,,,,,,,
SRX17412818,2.0663657130901054,,1.452495508649107,,,0.838803600450067,2.384053934459658,,,,,,,2.694547204415658,4.512259306991512,0.7396948155403227,,,,,,,,5.3058084295240855,,,,,,,,,,,,,,,
SRX23724091,0.0,,0.0,0.0,0.0,,0.0,0.0,0.0,0.0,0.0,0.0,,0.0,0.0,0.0,0.0,0.0,0.0,0.0,0.0,0.0,,0.0,0.0,,0.0,,,,,,,,,,,0.0,
SRX17412837,3.4500403183205286,3.9078019633210053,0.8574300767855103,5.605532478306802,3.9078019633210053,0.5153498781590801,1.1834608544300524,,,,4.375255428231515,,,1.394612839779034,,0.5622791086450633,,,,5.943148823306367,,4.970689669276395,3.711674793418711,3.4799303429455657,,,,,,,,,,,,,,,
SRX17412846,3.533574364701649,4.944739856761327,2.2685702958979728,5.1067588377814594,3.4762008894724037,3.384906400706542,3.0342630315049086,,,,,,6.604664415163705,3.4156305907736875,,0.3571910230450116,,,,,,,,5.4411656828808255,,,,,,,,,,,,,,,
SRX17412853,1.9497572444816471,3.3783589002202277,1.393695580622228,4.601833352507941,3.0490976908141865,1.3936762774132792,2.5797463913788694,5.415496287168861,5.1911454881201875,,3.5516254054750993,5.098341064235393,,3.2123246943389105,7.189184616884303,0.6589748280041565,4.781539277396232,,4.992732852902447,,,5.410594960747608,3.0807281762429164,5.410594960747608,,,,,,,,,,,,,,,
SRX12509396,,,,,,,,,,,0.5983399723213919,,,,,0.612309303777163,,,0.3373905994419219,,,,,,0.49362012754375884,,,0.039962084874952744,0.11932598942851953,,,,,,,,,,
SRX19704117,1.620678277715514,4.340880026416188,0.6740286332690021,1.6385663285192125,2.449973082872873,0.5759124072835228,3.1574014025668244,1.6823144356550328,1.4369748008666725,1.6823144356550328,2.8066366470122865,1.7612641808106433,,3.8882383348973053,,3.1174246828940575,2.049154991507093,0.698548482344297,2.5402818985774553,,,,3.9106975706828138,3.805006794922109,,,,,,,,,,,,,,,
SRX26517110,0.002171701444643536,,0.0003789630424975471,,,0.001146951075838663,,,,,,,,,,,,,,,,,,,,,,,,,,,,,,,,,
SRX17412829,1.9465322488055705,5.157239741811197,1.4144707252614195,4.641623848809444,4.211008322418606,0.60096290265705,2.46039259966845,,5.121334983083496,,,4.500963202805996,6.028221043947765,2.00586843864817,6.938599455335857,0.7241495220807146,4.594136277760234,,,,,6.314108590428064,,6.16600995143893,,,,,,,,,,,,,,,
SRX19704118,2.9325850102094937,,1.167095318530275,1.5631926847128526,3.48084492515315,0.6709505428907636,2.3985670383063638,,4.27573698036013,3.924419541556329,2.388376392946384,3.594909459251427,5.521872193413205,2.3959087288266487,,2.0553499156381454,3.814581723827709,,2.6089450733467827,,,3.120019789345054,,3.976643385823225,5.0564556011533375,,,,,,,,,,,,,,
SRX17412824,2.938529992040717,5.340543773054709,1.3523733986058804,4.049000941758828,3.894747584071735,0.36730551706296305,1.2028358908312724,4.072054937128808,4.072054937128808,,,3.8012183062786313,,1.6472253195357727,,0.5708965084049706,3.587207646531752,,,,,,,5.852442811586142,,,,,,,,,,,,,,,
SRX24732576,0.7168578959991132,3.619033176810848,1.2170146922554015,5.737615662274427,2.7357078993557438,1.5961341110441518,,2.789705571409663,,5.696315344082101,4.168726488329376,,,,5.01999549087797,4.971623936381982,,,6.214642921731513,,,,,,,2.692475547746253,,,,,,,,,,,,,
SRX17412854,2.1812294166244612,4.148082267455211,0.3636649428901687,4.026219425568881,3.961301813011139,0.3006162817867764,2.1773609818416872,,4.937181109428747,,4.599911474209976,3.745866903634219,6.780350482954724,2.86906871837158,,0.5179615733089911,4.295273877938771,0.6955241863859285,,,,,4.148082267455211,5.370098580928109,,,,,,,,,,,,,,,
SRX8372494,1.120890682738751,,0.587559923262934,,2.794662611984654,1.003070253450566,,,,,3.078612628117951,,,,,,,,3.396906957077368,,,,,,,,,,,,,,,,,,,,
SRX10425170,3.292403414514479,,1.1990841085186164,5.99505228632615,,1.226222530143648,2.749026412455286,3.9869378985964836,,5.43714227030089,2.061469933436903,5.8543879324097245,6.110659354376861,3.4474496068730067,4.291070428639996,1.006706339893655,,,2.1769867350427905,4.4952880478219015,,1.9876122481303102,,4.819215288008497,4.068191732630035,,4.928107081518214,,,,,,,,,,,,
SRX9768488,0.0418029675147142,,0.16078162817170227,,1.177331068157715,,,,,,,,,,,,0.25879893017091354,,,,,,,,,,,,,,,,,,,,,,
SRX8372495,0.6186363033424782,,1.1226401002025863,,0.6517202337776301,1.574532283762288,4.2251955036365745,,5.479684800337361,,,,,3.1150887750588065,5.754123969443403,4.088978216270917,,,,4.024742480710916,,5.7652094121475805,,3.9141055622626206,4.681159863704926,,4.10204727286371,,,,,,,,,,,,
SRX9127142,,,2.2034787571494565,,,2.177016069067641,,1.1004064992765,1.2723130298376049,0.5532643735566971,2.180998322404091,0.9528513549205813,,,,,0.5918070838425395,,1.949633577620247,,,,,3.4152441600945376,4.9461189920134565,,,,,,,,,,,,,,
SRX23802735,1.2774183435255508,2.391451515488949,0.5286918156129512,4.268767380169048,2.1694504100251186,0.410025190013397,1.8263897832733917,4.214081866636053,,3.9163295424776527,1.8928565413068514,4.352217104575177,4.887711874769786,2.2238824119249014,4.016690130263034,0.8688085514030828,2.9727237475210324,0.4671222724011202,2.345379824709221,4.076823670968744,1.993035619018659,3.2004184241114446,1.1024049115933001,4.853809103869181,3.953011624050097,4.993903377392138,4.260280709266844,,,,,,,,,,,,
SRX23724073,2.23172331965019,3.90538446437087,1.1712155426459365,5.009982146104025,3.2600148193685476,1.6606896380587965,1.4004601803099435,4.939065538081563,5.220856098455961,5.0970155883421215,2.554929212745529,4.734343628262937,5.530173819401884,1.6201873522702674,5.586734103709322,1.6167635265990759,4.7100086073821625,0.8878360236601651,3.5833749168329905,4.835214373438085,2.1486545612690975,4.172793784911981,3.7066437869188236,5.295103181859612,4.8199006524086245,5.133754204950167,6.01274240359924,,,,,,,,,,,2.0007578600802987,
SRX10048393,2.594186550761401,,0.6778196129494007,3.6748467772488205,,0.744931319123712,,,,2.5033834803798336,3.7961521008058474,,,,,2.1432315470063217,,,,,,3.659883422057346,,1.861592248679951,4.103504320227699,,1.861592248679951,,,,,,,,,,,,
SRX9768485,0.0,,0.0,,,,,,,,,,,,,,,,,,,,,,,,,,,,,,,,,,,,
SRX9127143,,,0.697327117345253,,,1.2003166807057888,,2.394904181121889,,1.6582548905041183,,1.2521001444264013,,,,,0.04069223980258284,0.8981458257955827,3.4924545087711554,,,,,3.3032880452836064,,,,,,,,,,,,,,,
SRX9430527,0.0046450639890352335,,0.0046450639890352335,8.281174095557017,,0.0046450639890352335,,,,,,,,,,0.0046450639890352335,,,,,,,,,,,,,,,,,,,,,,,
SRX10048396,3.3415822408172144,,1.4491241578351541,,,0.541342361033168,,,,3.4826484054335216,1.9451143006622316,,3.873772988714385,,,2.524654548871825,,,2.7165165579838,4.504237386644383,,2.7466100374690368,,3.061246442998244,2.676394182972184,,2.09533776826345,,,,,,,,,,,,
SRX10008476,,,,,,4.371057330033413,,,,,,,,,,,0.03564299446758996,,,0.17660394571845558,,,,0.0036314007927687954,,,,,,,,,,,,,,,
SRX9927818,0.9230697491949011,,1.4169739977540121,,1.448926612048967,0.9055649400169219,1.8735173198661357,,,,,,,2.8509417878240044,6.7032953504525095,1.8286228281428976,0.6288893226516402,,,,,,,1.7844772706402094,,,,,,,,,,,,,,,
SRX9495616,1.73899356849665,,1.9008469398463905,,,2.6704433335711646,,,,,,2.9509638641552507,,,,3.8272572847763824,0.029674128972362285,,,,,,,0.08324685637612833,,,,,,,,,,,,,,,
SRX8372491,1.3339331137896797,4.232095199966959,0.8358577836892181,5.462995346563103,2.450028857418948,1.477587935467803,1.9809053631313163,1.4650246334231183,1.6984839532571478,1.708093351848923,1.13247693184715,2.203039818333001,,2.3440184271987676,6.003399488277106,1.2394176762507019,1.8994993709268482,1.6751419600785966,,,,,3.044279939523145,3.0385889414443246,2.889595712740448,,,,,,,,,,,,,,
SRX10048395,0.988379709167576,,0.5734965384990603,5.344481828361787,,0.9988114960819476,,4.5746627473503025,,5.274680668435913,2.4975406821479393,2.173550721092658,5.253653518414806,,6.873321062914818,0.9107363515077664,,1.155281299317847,2.3434909219329283,4.416009871677138,,2.8446964592352084,,3.187274490172445,3.223353871116049,,1.5917555547883113,,,,,,,,,,,,
SRX10048380,1.8639138404462428,3.499884782565654,0.9000439305548819,2.086437192916595,3.0127568091116608,2.3071193799571623,2.838585338381232,2.5763658698790386,,3.3460741608171647,2.1164788105103316,,4.742395595066965,3.0151410433058112,5.8022761401004175,0.9476313149012183,,2.9359052711895908,3.5849642113295195,4.556929156942754,3.526086801545478,2.8498638623401518,,4.721077197901416,2.485081296965533,,1.5324983434347017,,,,,,,,,,,,
SRX10048376,1.9435692318541344,,0.8501587087372369,3.350778333585921,,1.392854609866821,3.936376405689159,3.284995106754187,3.4572882036140387,3.9644673447824177,3.052166183334185,2.4690518123719065,5.99248781580034,,6.361490072266785,1.9499554270618569,2.1531129213784204,,3.9448228604400297,4.2406750314967345,,2.7451933038979974,,3.5763431351232686,2.0798366092559175,,2.592107319142649,,,,,,,,,,,,
SRX9127144,,,1.3483483730633299,,,0.6774467362582101,,1.316553764530972,,0.7274782829756096,,0.040221121748087556,,,,,0.07831799555164169,,2.4989710269582774,,,,,,,,,,,,,,,,,,,,
SRX10048375,2.480258502545245,5.37851162325373,0.2731273496847053,2.4578598861283734,4.409328876574489,1.0793950905900505,3.266699345235892,,,,2.6133911421138896,2.411267597816591,2.596358770924112,4.860835561331585,6.891733135798934,0.9171741228855577,,1.1618239079151973,3.624196523043125,1.3067781357362263,4.900912196492832,2.4275471825469057,,1.4912429134491527,1.1328429758153244,,1.1471757973961796,,,,,,,,,,,,
SRX27113453,1.3992154266920869,,0.5432291894489361,0.46565987073354115,,1.23683646975594,,,,,1.78683459601314,1.2970503354425984,,,,1.8525308166089054,2.653827946256486,,,,,3.2837709348408985,,,,,,,,,,,,,,,,,
SRX8372496,0.15379534578504528,3.962989073452473,0.22045226656846173,1.764405640059619,3.44639730524805,0.3519786451005874,0.7983194585654535,,,,2.5193429709675113,1.1234607189822996,,0.7597823662774827,3.0425513547496874,0.5214663299779023,0.6786536087470081,0.5761825446963952,3.65228601495833,4.418239601483774,,4.094251531519672,1.697559720878856,2.8661577899753077,2.889427300401777,5.574522604737048,5.16397810833758,,,,,,,,,,,,
SRX27113465,2.22841160908798,,0.4819560036153332,3.7022405195241554,,0.6377287572971793,,,,3.3480148730667536,1.8103453176483575,3.329376058431056,4.9857020288712945,,,2.9044491626047386,4.52759255170198,,2.4602715725087476,3.919759778040139,,2.651073911084649,,2.320921212184478,3.5874960612637636,,2.0173443609571624,,,,,,,,,,,,
SRX10048373,1.6473291975382651,,0.45973549794305224,3.934171691880604,3.2866102896343823,1.008521272700606,4.007849751456352,2.791641054532107,1.656751289979908,1.6090796097062563,0.9421335741792933,2.253808748350774,5.93533205585009,4.026259002990116,4.884682926982582,1.9223452285279965,4.149300707593506,1.346697976227723,3.0993072541970297,2.5527476831559404,1.8323606142544664,2.8283360316447217,,2.0901946071498068,2.0172701076473722,,2.4681318000889396,,,,,,,,,,,,
SRX10048379,2.5471006024993312,6.286299049535326,0.8443658314639254,1.4541476708482506,4.192763882307562,1.4717274762231183,3.7246194356341182,4.511188439327623,4.376861613713649,4.186485938109424,3.333530753433732,1.263365831656878,5.420159961764637,4.739779381647166,5.943275037988098,2.2871850776721883,4.3569414975371945,1.6147622737717875,3.395013531141985,1.7019123534332965,3.9741084205316706,3.393847435124114,,3.0241643755735788,2.030842599990527,,2.9031864363814672,,,,,,,,,,,,
SRX27113459,2.3339625671623954,4.97173494352038,2.5556895124278105,2.5004802497514955,4.003924334239712,,3.669472651072163,3.7123546904007982,,3.8715544534840904,0.5824507948590708,,5.131973974128747,4.928156710911731,7.391357205461856,2.9693301906020495,,,2.8099568561321355,,,2.6781439864198893,,,2.394495455142588,,2.839121777110614,,,,,,,,,,,,
SRX27113451,2.1100409120529053,,0.7176551777517187,1.6092820162726287,,0.6784986840994488,,3.084610561476521,2.284192411629182,2.284192411629182,1.5405048217639798,1.271289796315336,5.522896432220335,,,2.4474075778139524,1.8532888103025547,,2.8602223925628296,,,2.915647654570346,,3.70690921347065,4.947143040276517,,3.6606899653580953,,,,,,,,,,,,
SRX27113457,0.9444664628712631,,0.6204800196283272,2.025124151363089,,0.6491542692343435,,3.545968369105293,,3.7700294593571635,2.1246872354792474,2.3594901630881497,6.368794699925337,,,1.5607347389789994,2.9197690449910216,,4.275869224133835,,,3.5682893253473558,,2.954608097185986,2.377390016993728,,2.954608097185986,,,,,,,,,,,,
SRX27113449,2.042916400659113,,1.0828314998410975,2.5586674379320553,,1.12366086472682,,3.3614395428108934,,3.1457319769839245,2.7146461347212063,3.014313605722889,4.322279671469538,,,2.4607558076641953,3.4786908735931554,,3.361916149340594,4.691569859582584,,2.4015581239950463,,2.760913837864795,3.372165397118938,,2.4734055621965396,,,,,,,,,,,,
SRX10048397,1.7635573914852707,,0.8399284049698353,3.970821665025972,,0.7332316614654154,,2.527397213187342,,2.445296573885843,1.5129579275633316,4.658211790037771,5.211369719739664,,,2.7459389218162467,,,2.465257130314304,4.115045186863593,,2.113303637564924,,3.0706446947459263,3.0429802502552046,,3.0059612493736334,,,,,,,,,,,,
SRX27113463,1.0751596543076591,,1.415992333639276,1.2044801796869409,,1.3099507254967857,,4.299101503193543,,4.042440993980931,1.7259204275754247,4.032959372637086,5.514724462793719,,,2.854523815516018,5.21702131019855,,3.939649532740537,,,3.5575254852638056,,,4.234036257898022,,4.0730480416104085,,,,,,,,,,,,
SRX10048385,1.5034004482754904,,0.9782903556705494,2.5544186929186847,2.4951766858885205,1.9989220223241366,3.6070773715289977,3.603154337377959,3.7807631601088816,4.0585255259746305,2.660946925454431,2.8641378436804277,5.599670244731293,4.154011296419738,2.4504901406777555,1.48823919024891,4.859200278652718,1.573197936822033,3.7904384845601506,3.9565064045343408,4.933026010784077,3.2343258245924473,,,2.1361236927483165,,2.256702086859514,,,,,,,,,,,,
SRX27113462,3.014573436538931,,1.997709361253217,1.5198552064938142,,1.7299302823728304,3.2251072845856954,4.669748857702708,,4.935796015186708,1.545020748586248,3.23147078492611,4.93436801298161,3.5513464586015266,,2.4122849484987885,3.807864587840959,,3.573446355353097,,,3.1998719480633637,,,3.7049782265247084,,3.5614763513342984,,,,,,,,,,,,
SRX9276336,1.6188106039592218,,0.8521225506360236,4.012011621137229,,0.7089366101779995,2.5601675457882602,,4.51859711985965,,2.4216173628086146,3.957025870959567,,3.2272172998149924,4.1826360531918665,1.8512175371087776,4.785586871772632,,,,,7.417852514885899,,6.479253059550041,,,,,,,,,,,,,,,
SRX27113460,1.1498503253088068,,0.6443434633470151,1.7866133707063834,,0.9524930155350168,,3.3306832294946584,1.5906582927715665,1.6864785466046575,1.6137904536106566,1.090901230812252,6.453115610996891,,,1.9210822046222231,2.063034893224814,,3.5645447378987294,4.837857127141397,,2.347662147735396,,,3.6429387165538643,,3.943515910661502,,,,,,,,,,,,
SRX8953167,1.5339097865077482,,1.3278476944672877,6.699278709151873,3.1993418761228223,1.6512936364001867,1.9889024069860728,6.141255658611042,,,4.207888578022757,,,2.6322927810434695,4.448233412032433,1.0939093154039983,3.9790671320141353,,4.664441961745509,,,4.664441961745509,,4.287887189078584,,,4.397094563040633,,,,,,,,,,,,
SRX9246191,,,,1.2616547251240215,,3.7437248594262753,,,,,,0.8478079338168297,,,,,1.1933850231063166,,,,,,,,,,,,,,,,,,,,,,
SRX9246197,,,,2.751076985564026,,3.452923136306826,,,,,,0.17845186735812021,,,,,1.6024859674927614,,,,,,,,,,,,,,,,,,,,,,
SRX9276294,3.0790339426296742,,1.0687808960797072,5.635561995789478,,1.2121975563745024,1.9526063709889356,4.303958037890492,4.303958037890492,,2.0888646162838893,4.111738633325774,,2.1338187346307302,3.650608562189086,0.6632589726436218,4.549788506280732,,3.3782270696493213,,,3.5755852328914326,,5.924369374615938,6.550359946809614,,,,,,,,,,,,,,
SRX9246200,,,,2.7306272949281607,,3.366638204024085,,,,,,0.2248680328807233,,,,,2.104918044044991,,,,,,,,,,,,,,,,,,,,,,
SRX9246203,,,0.507175588347646,2.3187973929772103,,0.9987428557652318,,,,,,0.28846543278670284,,,,,0.7931980853904519,1.418707719949856,,,,,,,,,,,,,,,,,,,,,
SRX10048389,1.8229418685540082,,0.6586973955695832,4.711482037708756,,1.3386014358806952,3.381820069426992,1.4920181189445478,1.3294068135780914,2.6089718526840597,1.4991371028717542,1.4189764529870497,5.906671155983334,3.614051522740337,1.7202522293527311,2.253584029693385,,0.7009873808159776,3.666636496870462,5.924998783594608,3.795382635985047,2.9734520580036823,,,3.1411961908526274,,3.0141922779651473,,,,,,,,,,,,
SRX9246204,,,1.3204377678144434,1.9870945372851263,,3.6750335982980906,,,,,,0.4923114006956558,,,,,1.000475140732816,,,,,,,,,,,,,,,,,,,,,,
SRX9276319,1.6413367362950793,,0.5550422750729258,,1.7863562110738147,0.805720487310243,1.4990026674917152,,,,2.5839237758689344,,,1.6973656428056978,3.4511637662794175,1.8734973367597512,,,,,,6.090287133548536,,,,,,,,,,,,,,,,,
SRX9276334,3.896513095601362,,1.61538902004107,,,0.36945712275919,,,,,2.0853744123566265,4.680912446835096,2.9803992653440954,,,1.5367905621520432,4.443760430842202,,1.6119720960716408,,,1.864116838822382,,,,,,,,,,,,,,,,,
SRX9276324,,,2.6062302291757358,,,0.1940220528863898,2.6399493681669224,,,,1.0953230014210842,,5.425473783087687,,,2.5919401821251964,,,0.45130219975419505,,,1.0588990204531248,,,,,,,,,,,,,,,,,
SRX9276308,,,0.9560476367995028,,,0.4355583838984941,,5.05213391818413,,,1.4722123626546997,,2.916619829830694,,,4.413034273421721,,,0.5261662615461984,4.413702949278855,,0.6082225002966225,,6.929451398409301,4.290560658701186,,,,,,,,,,,,,,
SRX9246199,,,,2.53479883203692,,2.8013052678300503,,,,,,0.23054873981479773,,,,,1.4582781474351136,,,,,,,,,,,,,,,,,,,,,,
SRX9246190,,,3.6330609753026266,1.8632292327943527,,4.067998331266267,,,,,,0.3013897108289421,,,,,2.7033444693734743,,,,,,,,,,,,,,,,,,,,,,
SRX9276295,1.6862597579871048,,0.7297208344986251,,,1.1235226936134026,1.3775110186810964,,,,2.331871074240248,,,1.6969059519249774,3.1865556759864333,0.8523334517304562,,,,,,7.005921154052456,,7.572614108293512,,,,,,,,,,,,,,,
SRX9246195,,,,2.4124242932007984,,,,,,,,0.2756267301643099,,,,,0.37010887130843356,,,,,,,,,,,,,,,,,,,,,,
SRX9276304,1.0468079219816695,,0.9186428409651687,,1.2268689343150856,1.3217776591588581,2.9780259286520208,,,,,,,2.9431530661637413,3.8729335190049157,2.1229745532326523,,,,,,,,,,,,,,,,,,,,,,,
SRX9276333,1.031264870271393,,0.7759383130754689,1.1102313859319328,,0.6522123770688538,,4.141632894379521,2.2978573663802067,,2.2962246221013487,1.1447726245776857,,,,5.899075448265519,2.6781943268752606,,,,,,,,,,,,,,,,,,,,,,
SRX10048391,0.6355998902996287,,0.25320996840061105,0.604875760623746,1.7012481244866617,0.5635433207262153,,2.3398914112819758,,0.6236422823845386,0.6479403081805776,,3.419964513845794,,7.496080096989261,0.4392517523440985,,0.4473222839642352,2.833208443734214,5.172636306777194,0.8984645383165629,1.4646083703537394,,0.689421970265933,2.916450132469064,,1.623795188569475,,,,,,,,,,,,
SRX9276306,2.14644809356438,,0.7381196502798001,,4.2319733772612445,1.018551484348695,,4.272586621360122,3.535116546151852,3.3910677932938187,1.177195228436831,2.9211442441662556,5.30050577918146,,,3.0159691694928585,1.8770552404425476,,1.424784877583844,3.150830256716491,,1.4891081267553006,3.6974652267761496,2.736354620661148,2.670608005264586,,2.8003853053014716,,,,,,,,,,,,
SRX9246202,,,0.4624896884650818,2.4630687518926546,,0.6405762974244711,,,,,,0.48314008860267293,,,,,0.8354383450535506,,,,,,,,,,,,,,,,,,,,,,
SRX9276292,,,2.006193911499229,,,0.7318601880609179,,,,,,,,,,4.775537261868457,,,,0.9421985186792784,,6.595379116666495,,0.9814343442016419,0.983216897510056,,1.367331512992927,,,,,,,,,,,,
SRX9276293,0.9228657558921401,,0.8214845710750341,2.0185296906966346,,0.5834113237812483,,3.259482437247092,1.5920616259584919,,1.2895091368157539,0.9415643558373891,,,,3.6572834915127967,2.070328631046157,,,,,6.200467875620729,,,6.200467875620729,,,,,,,,,,,,,,
SRX9246194,,,,2.203150681246453,,,,,,,,0.7322896652857805,,,,,1.2855179196293054,,,,,,,,,,,,,,,,,,,,,,
SRX9296013,0.4097310279748317,,0.40254020452496275,,,0.5125603934257652,,,,,,0.519394039746391,,,,0.6632223840621341,0.002264904928688633,,,,,,,0.010276037895620834,,,,,,,,,,,,,,,
SRX9276289,0.9696154513641333,,0.6826401834016064,1.9779735104941183,,0.6357157064823319,,2.4186663972660853,1.1178115545556453,,0.8344886360649079,0.6497282790830401,,,,4.206025658090708,2.20706521876539,,2.324865948327759,,,4.772589503896928,,5.512174387771452,,,,,,,,,,,,,,,
SRX8953166,1.9030744124408672,,1.9262130946498857,5.045234605861042,2.9950234383742305,1.5734914381067693,2.842805230162991,5.880711652871599,,,3.876868221934207,5.319639595259369,,3.324350344200614,4.616391307057167,1.335054179782554,,,3.810664042383211,5.710662692260515,,4.3260054715350185,,4.8889718360893495,4.7671604044574645,,,,,,,,,,,,,,
SRX9276335,1.324042808710589,,0.7247847991912242,,1.513535785109149,1.082674966168548,2.222380589553033,,,,3.010032045467957,7.3706874068072175,,2.7264987885522833,4.058409481953575,1.79477134462567,,,,,,,,,,,,,,,,,,,,,,,
SRX9246207,,,,2.2158375666402033,,2.896319208535727,,,,,,0.38190054851702243,,,,,2.2008206042440053,,,,,,,,,,,,,,,,,,,,,,
SRX9276291,2.8700489052173834,,1.1009843887745085,6.677892663848088,3.0932684629315452,0.7611982630736026,1.747780292606697,5.036237517895167,,,1.341865998259681,4.8291766258251085,,2.025318565503419,,0.39093601123956573,,,,,,,,5.067801754766149,,,,,,,,,,,,,,,
SRX9246201,,,,2.9641978498598927,,2.088385408224622,,,,,,0.3297314828253824,,,,,1.2296144090344818,,,,,,,,,,,,,,,,,,,,,,
SRX9246208,,,,2.4803736706275354,,2.390477440745204,,,,,,0.38082287621264643,,,,,1.9202396343892987,,,,,,,,,,,,,,,,,,,,,,
SRX9246206,,,,2.502626644241892,,2.7620827667200545,,,,,,0.37672690382928214,,,,,1.679993674122849,,,,,,,,,,,,,,,,,,,,,,
SRX8417844,,,,,,,,,,,,,,,,,,0.0,,,,,,,,,,,,,,,,,,,,,
SRX9078407,,,2.0032766316278563,1.9849774728953737,,,,,,,,0.3877499191891482,,,,2.5557729343580644,0.679426147948677,,,,,,,,,,,,,,,,,,,,,,
SRX9276302,1.165320642705543,,0.7194843524317384,1.467740498731713,,0.8651372408595824,,1.455234797695275,1.2286288901706723,,1.0682276503190051,1.0081033485710584,,,,4.869095333061093,1.817326167370203,,1.2308882455545085,,,,,,,,,,,,,,,,,,,,
SRX9246205,,,,2.8134175366289043,,0.2919889547579987,,,,,,0.16802287043042843,,,,,0.9896924503712874,,,,,,,,,,,,,,,,,,,,,,
SRX9276303,0.5340556372168188,,1.081646909564942,5.696508470168936,,0.11405139328650488,,4.465679196668999,,,0.24189532679795317,4.465679196668999,4.502145094822838,,,3.2544646882848136,4.071659271117332,,0.2936133892349201,,,0.3154402966218057,,6.968244346288906,,,,,,,,,,,,,,,
SRX9276290,,,1.0951358483989722,5.023129152117038,,0.29043439425813605,,,,,1.1952549247391029,5.721599400803807,3.3023023738625157,,,2.3392577681048716,,,0.5160493632800532,,,0.598290137738109,,,1.8957033353217023,,,,,,,,,,,,,,
SRX27113452,1.9082117354166033,,0.6610993774509022,2.5523824098213206,,0.692676716553054,,,2.2116142137751926,2.395215455006783,1.4033045078613764,1.6371371443577636,2.894405432543323,4.461181457665311,,1.6943236520965446,2.2920956087169753,,,,,2.4310703516475214,,3.1305648429207964,3.435629225379764,4.324701751796183,3.060726257714895,,,,,,,,,,,,
SRX27113458,1.433641113892764,,0.4826032255865999,2.146560278082481,,0.4813630791959746,,,,,1.8529074890314532,3.031755145856801,,,,1.675671452970357,5.226709607993838,,,,,4.8253570419701814,,,,,3.127032907249091,,,,,,,,,,,,
SRX27113454,1.4682334986335757,,0.6048751522456293,1.6630370140229338,,0.6886428011121696,,2.9363839007040284,1.717905675377566,2.324182622754256,1.4941479410307807,1.5196472341096217,6.757295753891937,,7.2677723248404575,2.306905099431538,3.6226782953398344,,5.072756342435314,,,4.6564280182224,,2.897314336025436,2.748181505969084,,2.897314336025436,,,,,,,,,,,,
SRX27113456,1.5578795807016812,,0.5411437807390758,1.799882774786752,,0.550236648933055,,2.9385933559426527,,3.1286378774358616,1.4009167467708252,2.2236671467694693,5.138447236102885,,,2.1246829323049257,3.3088800107021576,,3.0564215787666313,2.3703520912819687,,2.7711163869036137,,,2.3647782393462022,,2.340364009693303,,,,,,,,,,,,
SRX27113464,1.9324644615300008,,0.9165435826520181,1.2834268483250937,,0.5759154859609211,,,,,,1.5142336990378789,6.871135184243045,,,1.9957899647676423,3.3101150139101536,,,,,3.554163425350484,,,1.481558549809629,,1.6821343165306437,,,,,,,,,,,,
SRX27113450,2.6152321846245172,,1.1461604387540698,2.637140461662001,,0.5630283474983727,,2.8148370152231834,,4.585252108890205,2.1557917488998526,4.093785624687823,4.438524289291148,,7.090742555092908,1.9193116873606255,5.3451101591777554,,2.6392472713243937,3.925454117741362,,1.8372440054453945,,2.6131689715112207,3.770107236108695,,2.5222105851027616,,,,,,,,,,,,
SRX9276322,5.053141164432099,,1.270915900670195,,,0.8615155940141382,2.6326880775185333,,,,3.8208252013936983,5.122266383082575,,,,1.7972646699196204,3.3672129101535617,,3.8812820549452134,2.577307836774696,,4.955838172693344,,1.0551930148044006,2.4195320873299453,,1.027297883808794,,,,,,,,,,,,
SRX8961824,2.665427621858765,,0.5671636550805331,,3.6231275068351954,1.3467944419378466,2.7603295872317166,,,,,1.2773158500746695,,,,2.4662926291151126,0.810948542996774,,,,,,3.7459150431627206,2.0143110419474586,,,,,,,,,,,,,,,
SRX9276309,2.4696210007353945,,1.0488174306658096,,4.174290013563083,1.1101626158958127,1.368472516780974,,,,1.9547676189302814,,,1.5362978686936493,,0.45861270299017265,,,5.34807209310317,,,,,5.953137786328422,,,,,,,,,,,,,,,
SRX9276323,0.8572868567259038,,0.43287577505706004,2.0020683211839,,0.7785811354241545,,1.6301144463809303,1.600689621644705,1.1949787662960687,0.96481928072578,0.5295037906867249,,,,5.447968161837735,2.350272812287192,,,,,,,,,,,,,,,,,,,,,,
SRX27113461,1.4638549395499059,,0.7857474813272544,1.3843709421291615,,0.5056930031202284,,1.56228356181678,,1.6299569510463425,1.27913630663085,,4.810493389086989,,,1.4964949594325694,,,2.89500261659175,,,2.100485646320571,,1.8537652802989202,3.0379806218891,,1.4204988345522205,,,,,,,,,,,,
SRX9276315,1.439096540309443,,1.0064037924666032,1.0970415681498913,,1.4529099424283274,,4.879728699989483,2.2883087863401896,,2.4143898031921953,1.9638794085809799,,,,5.780082320142091,1.3208952953607835,,,6.406490212688504,,,,5.914184184255131,6.0371274739189476,,,,,,,,,,,,,,
SRX9276316,0.5970086106886052,,0.581692827776736,4.645737740593137,,0.6966542413003559,,1.5365490715023782,1.227963251841978,2.233345383622853,0.9264068358105305,1.0567607715020568,,,,,1.6238188456935194,,1.049168330762928,,,,,1.4406857266569821,,,,,,,,,,,,,,,
SRX8349959,,,1.1454615773097276,0.7295278807099125,,,,4.93281047348636,,,,1.4381954399131454,,,,,1.8516692622972448,,,,,,,,,,,,,,,,,,,,,,
SRX8349966,4.063741281648028,,2.288389194542857,3.140940198211192,,,,5.351507184150851,,,,2.1608439282368725,,,5.271336835466867,,0.7649889485123313,,,,,6.158862106208454,,,,,,,,,,,,,,,,,
SRX9276318,,,1.9637715531383304,,,0.09185456674078159,,,,,2.77467377722681,,3.8729733551651377,,,,,,0.09894644621440811,,,0.21602923206046187,,,0.3245838810025453,,,,,,,,,,,,,,
SRX8349956,,,0.5483352747429595,5.946028989515478,,0.9160484327920795,,2.05877212844629,,3.6266224747443405,,0.9636667863528887,,,,,1.7484387823018424,,,,,,,,,,,,,,,,,,,,,,
SRX9246192,,,,1.1872862903381078,,4.647824570060614,,,,,,0.9419951784169716,,,,,1.1467733391446637,,,,,,,,,,,,,,,,,,,,,,
SRX9296012,2.8563245559108186,,2.428405515902662,,,2.2738254776268616,,,,,,3.493108656422161,,,,4.330165595156986,0.03386162946352518,,,,,,,0.06673949614899022,,,,,,,,,,,,,,,
SRX28768400,,,,,,,,,,,,,,,,,,0.0,,,,,,,,,,,,,,,,,,,,,
SRX29072177,0.8095302597093585,,1.2920277756072944,,1.9867132062240986,1.3087927000311987,1.0724215732338294,,,,,,,1.0951239319367814,,1.0511181910654777,1.8754194795918837,0.4509517536154495,,,,,,,,,,,,,,,,,,,,,
SRX29072179,1.1977030096716352,,2.239101281834595,,2.2467045112684674,,1.0892167111757036,,,,,,,1.1445386258194046,,1.554669496585115,2.099718598161573,,,,,,,,,,,,,,,,,,,,,,
SRX27465288,0.11914229538224495,0.2779489860759939,0.4063089560759951,,,1.8064626554316394,,,,,,,,,,2.3519813455383365,,,,,,,,,,,,,,,,,,,,0.21475298075693997,,,
SRX29072176,1.3570881116889384,,1.9926328222670624,,2.0758366794232415,1.991697818804534,0.8564534190062236,,,,,,,0.9163785040697254,8.001224594794595,2.182923943810556,,0.5623240140970811,,,0.8665814136352502,,,,,,,,,,,,,,,,,,
SRX27465233,,,,,,,,,,,,,,,,,,0.0,,,,,,,,,,,,,,,,,,,,,
SRX27465283,,,,,,,,,,,,,,,,,,0.0,,,,,,,,,,,,,,,,,,,,,
SRX28768666,,,,,,,,,,,,,,,,,,0.0,,,,,,,,,,,,,,,,,,,,,
SRX29072180,,,,,,,,,,,,,,,,,,0.0,,,,,,,,,,,,,,,,,,,,,
SRX8370854,,,0.0,,,0.0,,,,,,0.0,,,,,0.0,,0.0,0.0,,,,0.0,,,,,,,,,,,,,,,
SRX29072175,0.9266417135418871,,1.0469607963825223,,1.289106404989145,2.636669228126291,2.3100410112697296,,,,,,,2.0872708887420193,6.285238527361433,2.3600545164407394,1.4626828395999585,0.4505569220788426,,,,,,,,,,,,,,,,,,,,,
SRX29072178,1.1118017183955502,,2.5175313571028153,,1.944267787373374,1.451223937878586,1.1303571913733998,,,,,,,1.422742737129033,2.6325668110547418,2.155717900196666,,,,,2.054600724600191,,,,,2.606025808830973,,,,,,,,,,,,,
SRX8349961,0.7460750626538563,,0.7409656305855736,2.9100645228883213,,0.45155735100671923,,0.7733527954934277,0.9583022687760867,,1.1796054054152458,1.0142692267984186,,,,,3.099737292525106,,,,,,,,,,,,,,,,,,,,,,
SRX9276332,3.260532107740186,,1.2693159324375325,5.638755318081859,,0.6126306939696446,3.378879158544862,,,,1.3716579689271557,4.566701682634375,,,4.7837036539929585,1.8742030484297725,4.179143440187455,,,2.3603750782269053,,6.918863237274594,,1.1899030670193258,2.4509686857133346,,2.296708166047496,,,,,,,,,,,,
SRX9276326,2.5559891457316772,,1.2517750062284123,6.04562831909074,4.5957773990691315,0.3135969980017727,1.0037460098054476,,,,2.5411786203213182,4.72192332272698,,2.038112039740291,,0.6744161011047081,4.490950836074947,1.5290540438492914,4.700388987822863,,,4.978831625763931,,7.106587172962304,,,,,,,,,,,,,,,
SRX9276325,2.3756457078074384,,1.0864726262794455,,2.9570197734334527,0.3898581324128789,0.6621339618968592,,,,2.2078774031670947,,,1.0960183001910737,,0.41320653406052194,,0.8346510346261615,,,,,,,,,,,,,,,,,,,,,
SRX9276320,1.3363017595661273,,0.804115141553474,3.51157577376023,,0.6716937532882093,,0.8368285637776686,0.9085416891335807,,0.5257533475734033,1.5561479694184122,,,,3.505509280544035,1.8596843937631866,,0.9311007103014676,2.6521338176878637,,,,0.5994845062216521,3.372486372656209,,0.7130177627941002,,,,,,,,,,,,
SRX8349958,3.0941571420440233,,2.945959150081364,2.134120388584728,,0.912288928386611,5.346480656347437,0.7319138814301335,,,,2.7207650460936907,,,,4.856308148124495,4.123036533096125,,,,,,,,,,,,,,,,,,,,,,
SRX28769081,0.8060625670707071,,0.3881616841179593,6.830546976502296,,0.5336553122660798,,,,,1.0691835945130503,,,,,4.386757583895263,,0.21643904637433112,,,,,,,,,,,,,,,,,,,,,
SRX8370856,,,0.22892666247738175,,,0.3886358405274371,,,,,,0.045873348703107254,,,,,0.011171630424022243,,0.09900192726626189,,,,,0.0037934284977472706,,,,,,,,,,,,,,,
SRX8370861,,,0.30388353357945475,,,3.259516746520908,,,,,,0.5305311544404346,,,,,0.019128326423054204,,0.16032757961674113,,,,,0.06483246157856541,,,,,,,,,,,,,,,
SRX8370855,,,2.0720504170369844,,,1.6384471719773879,,,,,,0.10041429013295773,,,,,0.031030957547710767,,0.029454152307673533,,,,,0.02164538840768202,,,,,,,,,,,,,,,
SRX8370857,,,1.0647440018685346,,,0.9930387635510057,,,,,,0.12092903521953288,,,,,0.03053191074850328,,0.2501682222960409,,,,,0.15578187422233264,,,,,,,,,,,,,,,
SRX8370860,,,1.2806944488794059,,,3.1835868317162337,,,,,,0.4355063234121032,,,,,0.03399562499823502,,0.4296633404757857,,,,,0.10362802735487692,,,,,,,,,,,,,,,
SRX8370858,,,0.30393514810096767,,,0.5612753275822102,,,,,,0.038704031071283555,,,,,0.012651112159309925,,0.21165985672167972,,,,,0.16821968214744187,,,,,,,,,,,,,,,
SRX8353571,0.7680282543437836,,0.3081101730896468,,,2.3894943803307465,0.45548207734540863,,3.2466639616998645,3.449696876207649,,3.3493663290871547,,0.4242621726244922,,0.4223281759822782,1.255483620546433,,,2.4128636681565827,1.6448109357917988,,,1.4513876008538864,,,,,,,,,,,,,,1.4584834746876572,
SRX7692419,,,,,,,,,,,,,,,,,,0.0,,,,,,,,,,,,,,,,,,,,,
SRX8353568,0.5114992622557919,,0.38651550530070666,,,2.879042472472423,0.4951951667792358,3.8888149455041794,3.2520788157672436,2.7597978884586287,1.0296249969717866,2.9789237172741467,,0.48315990709598583,,0.47672529660343094,1.7584500137627816,,2.9810936210116084,,1.7502621639884917,,,1.806353955951268,,,,,,,,,,,,,,,
SRX6812462,,,,,,,,,,,,,,,,,,0.0,,,,,,,,,,,,,,,,,,,,,
SRX29130822,,,,,,,,,,,,,,,,,,0.0,,,,,,,,,,,,,,,,,,,,,
SRX8370852,,,0.0,,,0.0,,,,,,,,,,,0.0,,0.0,,,,,0.0,,,,,,,,,,,,,,,
SRX29130825,,,,,,,,,,,,,,,,,,0.0,,,,,,,,,,,,,,,,,,,,,
SRX6812459,,,,,,,,,,,,,,,,,,0.0,,,,,,,,,,,,,,,,,,,,,
SRX29130834,,,,,,,,,,,,,,,,,,0.0,,,,,,,,,,,,,,,,,,,,,
SRX29130823,,,,,,,,,,,,,,,,,,0.0,,,,,,,,,,,,,,,,,,,,,
SRX9296018,2.8656186288256347,,2.434561751051023,,,3.8660404007888323,,,,,,,,,,4.207191042825704,0.03688029804423796,6.605596305078255,,,,,,0.040298163938064215,,,,,,,,,,,,,,,
SRX10100448,1.9457178450274488,,2.415072171015734,1.8059852276004953,,0.5944826248527757,,,,,,0.8176942914055936,,,,,0.3364220455981035,0.33149644650753335,,,,,,,,,,,,,,,,,,,,,
SRX6726367,,,,,,,,,,,,,,,,,,0.0,,,,,,,,,,,,,,,,,,,,,
SRX6726368,,,,,,,,,,,,,,,,,,0.0,,,,,,,,,,,,,,,,,,,,,
SRX6726385,,,,,,,,,,,,,,,,,,0.0,,,,,,,,,,,,,,,,,,,,,
SRX6726380,,,,,,,,,,,,,,,,,,0.0,,,,,,,,,,,,,,,,,,,,,
SRX6726395,,,,,,,,,,,,,,,,,,0.0,,,,,,,,,,,,,,,,,,,,,
SRX6726386,,,,,,,,,,,,,,,,,,0.0,,,,,,,,,,,,,,,,,,,,,
SRX6726375,,,,,,,,,,,,,,,,,,0.0,,,,,,,,,,,,,,,,,,,,,
SRX6726383,,,,,,,,,,,,,,,,,,0.0,,,,,,,,,,,,,,,,,,,,,
SRX6726379,,,,,,,,,,,,,,,,,,0.0,,,,,,,,,,,,,,,,,,,,,
SRX6726389,,,,,,,,,,,,,,,,,,0.0,,,,,,,,,,,,,,,,,,,,,
SRX6726378,,,,,,,,,,,,,,,,,,0.0,,,,,,,,,,,,,,,,,,,,,
SRX6726397,,,,,,,,,,,,,,,,,,0.0,,,,,,,,,,,,,,,,,,,,,
SRX6726398,,,,,,,,,,,,,,,,,,0.0,,,,,,,,,,,,,,,,,,,,,
SRX6726382,,,,,,,,,,,,,,,,,,0.0,,,,,,,,,,,,,,,,,,,,,
SRX6726390,,,,,,,,,,,,,,,,,,0.0,,,,,,,,,,,,,,,,,,,,,
SRX6726394,,,,,,,,,,,,,,,,,,0.0,,,,,,,,,,,,,,,,,,,,,
SRX6726387,,,,,,,,,,,,,,,,,,0.0,,,,,,,,,,,,,,,,,,,,,
SRX19352021,,,,,,,,,,,,,,,,,,0.0,,,,,,,,,,,,,,,,,,,,,
