accession,r2Key,status,reason,studyAccession
SRX19162061,arc-institute-virtual-cell-atlas/scbasecount/2026-01-12/h5ad/GeneFull/Homo_sapiens/SRX19162061.h5ad,success,,PRJNA927026
SRX19162060,arc-institute-virtual-cell-atlas/scbasecount/2026-01-12/h5ad/GeneFull/Homo_sapiens/SRX19162060.h5ad,success,,PRJNA927026
SRX19162058,arc-institute-virtual-cell-atlas/scbasecount/2026-01-12/h5ad/GeneFull/Homo_sapiens/SRX19162058.h5ad,skip,excessive_cell_dropout,
SRX19162062,arc-institute-virtual-cell-atlas/scbasecount/2026-01-12/h5ad/GeneFull/Homo_sapiens/SRX19162062.h5ad,skip,excessive_cell_dropout,
SRX19162064,arc-institute-virtual-cell-atlas/scbasecount/2026-01-12/h5ad/GeneFull/Homo_sapiens/SRX19162064.h5ad,success,,PRJNA927026
ERX11662371,arc-institute-virtual-cell-atlas/scbasecount/2026-01-12/h5ad/GeneFull/Homo_sapiens/ERX11662371.h5ad,success,,PRJEB68315
SRX19162063,arc-institute-virtual-cell-atlas/scbasecount/2026-01-12/h5ad/GeneFull/Homo_sapiens/SRX19162063.h5ad,skip,excessive_cell_dropout,
SRX19233503,arc-institute-virtual-cell-atlas/scbasecount/2026-01-12/h5ad/GeneFull/Homo_sapiens/SRX19233503.h5ad,skip,cell_type_all_missing,
ERX11662373,arc-institute-virtual-cell-atlas/scbasecount/2026-01-12/h5ad/GeneFull/Homo_sapiens/ERX11662373.h5ad,success,,PRJEB68315
SRX19233502,arc-institute-virtual-cell-atlas/scbasecount/2026-01-12/h5ad/GeneFull/Homo_sapiens/SRX19233502.h5ad,skip,cell_type_all_missing,
ERX11662385,arc-institute-virtual-cell-atlas/scbasecount/2026-01-12/h5ad/GeneFull/Homo_sapiens/ERX11662385.h5ad,skip,cell_type_all_missing,
ERX11662357,arc-institute-virtual-cell-atlas/scbasecount/2026-01-12/h5ad/GeneFull/Homo_sapiens/ERX11662357.h5ad,skip,cell_type_all_missing,
ERX11662360,arc-institute-virtual-cell-atlas/scbasecount/2026-01-12/h5ad/GeneFull/Homo_sapiens/ERX11662360.h5ad,skip,cell_type_all_missing,
ERX11662364,arc-institute-virtual-cell-atlas/scbasecount/2026-01-12/h5ad/GeneFull/Homo_sapiens/ERX11662364.h5ad,skip,cell_type_all_missing,
ERX11662370,arc-institute-virtual-cell-atlas/scbasecount/2026-01-12/h5ad/GeneFull/Homo_sapiens/ERX11662370.h5ad,skip,cell_type_all_missing,
ERX11662369,arc-institute-virtual-cell-atlas/scbasecount/2026-01-12/h5ad/GeneFull/Homo_sapiens/ERX11662369.h5ad,skip,cell_type_all_missing,
ERX11662380,arc-institute-virtual-cell-atlas/scbasecount/2026-01-12/h5ad/GeneFull/Homo_sapiens/ERX11662380.h5ad,skip,cell_type_all_missing,
ERX11662367,arc-institute-virtual-cell-atlas/scbasecount/2026-01-12/h5ad/GeneFull/Homo_sapiens/ERX11662367.h5ad,skip,cell_type_all_missing,
ERX11662377,arc-institute-virtual-cell-atlas/scbasecount/2026-01-12/h5ad/GeneFull/Homo_sapiens/ERX11662377.h5ad,success,,PRJEB68315
ERX11662378,arc-institute-virtual-cell-atlas/scbasecount/2026-01-12/h5ad/GeneFull/Homo_sapiens/ERX11662378.h5ad,success,,PRJEB68315
ERX8831394,arc-institute-virtual-cell-atlas/scbasecount/2026-01-12/h5ad/GeneFull/Homo_sapiens/ERX8831394.h5ad,skip,cell_type_all_missing,
ERX8831397,arc-institute-virtual-cell-atlas/scbasecount/2026-01-12/h5ad/GeneFull/Homo_sapiens/ERX8831397.h5ad,skip,cell_type_all_missing,
SRX20098024,arc-institute-virtual-cell-atlas/scbasecount/2026-01-12/h5ad/GeneFull/Homo_sapiens/SRX20098024.h5ad,success,,PRJNA961720
SRX19780691,arc-institute-virtual-cell-atlas/scbasecount/2026-01-12/h5ad/GeneFull/Homo_sapiens/SRX19780691.h5ad,success,,PRJNA949104
SRX19780690,arc-institute-virtual-cell-atlas/scbasecount/2026-01-12/h5ad/GeneFull/Homo_sapiens/SRX19780690.h5ad,success,,PRJNA949104
SRX19780688,arc-institute-virtual-cell-atlas/scbasecount/2026-01-12/h5ad/GeneFull/Homo_sapiens/SRX19780688.h5ad,success,,PRJNA949104
SRX19780694,arc-institute-virtual-cell-atlas/scbasecount/2026-01-12/h5ad/GeneFull/Homo_sapiens/SRX19780694.h5ad,skip,excessive_cell_dropout,
SRX22613097,arc-institute-virtual-cell-atlas/scbasecount/2026-01-12/h5ad/GeneFull/Homo_sapiens/SRX22613097.h5ad,skip,cell_type_all_missing,
SRX19162057,arc-institute-virtual-cell-atlas/scbasecount/2026-01-12/h5ad/GeneFull/Homo_sapiens/SRX19162057.h5ad,skip,excessive_cell_dropout,
SRX18965987,arc-institute-virtual-cell-atlas/scbasecount/2026-01-12/h5ad/GeneFull/Homo_sapiens/SRX18965987.h5ad,success,,PRJNA919922
SRX19233504,arc-institute-virtual-cell-atlas/scbasecount/2026-01-12/h5ad/GeneFull/Homo_sapiens/SRX19233504.h5ad,skip,cell_type_all_missing,
ERX11662376,arc-institute-virtual-cell-atlas/scbasecount/2026-01-12/h5ad/GeneFull/Homo_sapiens/ERX11662376.h5ad,skip,cell_type_all_missing,
ERX11662375,arc-institute-virtual-cell-atlas/scbasecount/2026-01-12/h5ad/GeneFull/Homo_sapiens/ERX11662375.h5ad,success,,PRJEB68315
ERX11662381,arc-institute-virtual-cell-atlas/scbasecount/2026-01-12/h5ad/GeneFull/Homo_sapiens/ERX11662381.h5ad,skip,cell_type_all_missing,
ERX11662384,arc-institute-virtual-cell-atlas/scbasecount/2026-01-12/h5ad/GeneFull/Homo_sapiens/ERX11662384.h5ad,success,,PRJEB68315
ERX11662361,arc-institute-virtual-cell-atlas/scbasecount/2026-01-12/h5ad/GeneFull/Homo_sapiens/ERX11662361.h5ad,success,,PRJEB68315
SRX22613099,arc-institute-virtual-cell-atlas/scbasecount/2026-01-12/h5ad/GeneFull/Homo_sapiens/SRX22613099.h5ad,success,,PRJNA1044045
SRX22613094,arc-institute-virtual-cell-atlas/scbasecount/2026-01-12/h5ad/GeneFull/Homo_sapiens/SRX22613094.h5ad,success,,PRJNA1044045
SRX22613095,arc-institute-virtual-cell-atlas/scbasecount/2026-01-12/h5ad/GeneFull/Homo_sapiens/SRX22613095.h5ad,skip,cell_type_all_missing,
ERX11662382,arc-institute-virtual-cell-atlas/scbasecount/2026-01-12/h5ad/GeneFull/Homo_sapiens/ERX11662382.h5ad,success,,PRJEB68315
SRX23886062,arc-institute-virtual-cell-atlas/scbasecount/2026-01-12/h5ad/GeneFull/Homo_sapiens/SRX23886062.h5ad,skip,cell_type_all_missing,
SRX23886064,arc-institute-virtual-cell-atlas/scbasecount/2026-01-12/h5ad/GeneFull/Homo_sapiens/SRX23886064.h5ad,success,,PRJNA787622
SRX23886065,arc-institute-virtual-cell-atlas/scbasecount/2026-01-12/h5ad/GeneFull/Homo_sapiens/SRX23886065.h5ad,skip,cell_type_all_missing,
ERX11662366,arc-institute-virtual-cell-atlas/scbasecount/2026-01-12/h5ad/GeneFull/Homo_sapiens/ERX11662366.h5ad,success,,PRJEB68315
ERX11662359,arc-institute-virtual-cell-atlas/scbasecount/2026-01-12/h5ad/GeneFull/Homo_sapiens/ERX11662359.h5ad,success,,PRJEB68315
SRX22613098,arc-institute-virtual-cell-atlas/scbasecount/2026-01-12/h5ad/GeneFull/Homo_sapiens/SRX22613098.h5ad,success,,PRJNA1044045
SRX23886063,arc-institute-virtual-cell-atlas/scbasecount/2026-01-12/h5ad/GeneFull/Homo_sapiens/SRX23886063.h5ad,success,,PRJNA787622
ERX11662338,arc-institute-virtual-cell-atlas/scbasecount/2026-01-12/h5ad/GeneFull/Homo_sapiens/ERX11662338.h5ad,success,,PRJEB68315
ERX8831396,arc-institute-virtual-cell-atlas/scbasecount/2026-01-12/h5ad/GeneFull/Homo_sapiens/ERX8831396.h5ad,success,,PRJEB51720
SRX19192164,arc-institute-virtual-cell-atlas/scbasecount/2026-01-12/h5ad/GeneFull/Homo_sapiens/SRX19192164.h5ad,skip,cell_type_all_missing,
SRX10327362,arc-institute-virtual-cell-atlas/scbasecount/2026-01-12/h5ad/GeneFull/Homo_sapiens/SRX10327362.h5ad,success,,PRJNA713903
ERX11876750,arc-institute-virtual-cell-atlas/scbasecount/2026-01-12/h5ad/GeneFull/Homo_sapiens/ERX11876750.h5ad,success,,PRJEB71931
SRX23886061,arc-institute-virtual-cell-atlas/scbasecount/2026-01-12/h5ad/GeneFull/Homo_sapiens/SRX23886061.h5ad,success,,PRJNA787622
SRX23886066,arc-institute-virtual-cell-atlas/scbasecount/2026-01-12/h5ad/GeneFull/Homo_sapiens/SRX23886066.h5ad,success,,PRJNA787622
SRX23907174,arc-institute-virtual-cell-atlas/scbasecount/2026-01-12/h5ad/GeneFull/Homo_sapiens/SRX23907174.h5ad,success,,PRJNA799597
ERX11876760,arc-institute-virtual-cell-atlas/scbasecount/2026-01-12/h5ad/GeneFull/Homo_sapiens/ERX11876760.h5ad,success,,PRJEB71931
ERX11876763,arc-institute-virtual-cell-atlas/scbasecount/2026-01-12/h5ad/GeneFull/Homo_sapiens/ERX11876763.h5ad,success,,PRJEB71931
ERX11876766,arc-institute-virtual-cell-atlas/scbasecount/2026-01-12/h5ad/GeneFull/Homo_sapiens/ERX11876766.h5ad,success,,PRJEB71931
ERX11876767,arc-institute-virtual-cell-atlas/scbasecount/2026-01-12/h5ad/GeneFull/Homo_sapiens/ERX11876767.h5ad,success,,PRJEB71931
SRX18248070,arc-institute-virtual-cell-atlas/scbasecount/2026-01-12/h5ad/GeneFull/Homo_sapiens/SRX18248070.h5ad,success,,PRJNA901260
ERX11876755,arc-institute-virtual-cell-atlas/scbasecount/2026-01-12/h5ad/GeneFull/Homo_sapiens/ERX11876755.h5ad,success,,PRJEB71931
ERX11876754,arc-institute-virtual-cell-atlas/scbasecount/2026-01-12/h5ad/GeneFull/Homo_sapiens/ERX11876754.h5ad,success,,PRJEB71931
SRX24476193,arc-institute-virtual-cell-atlas/scbasecount/2026-01-12/h5ad/GeneFull/Homo_sapiens/SRX24476193.h5ad,success,,PRJNA1108329
SRX26524302,arc-institute-virtual-cell-atlas/scbasecount/2026-01-12/h5ad/GeneFull/Homo_sapiens/SRX26524302.h5ad,success,,PRJNA1178711
SRX27123183,arc-institute-virtual-cell-atlas/scbasecount/2026-01-12/h5ad/GeneFull/Homo_sapiens/SRX27123183.h5ad,success,,PRJNA1200047
ERX11876753,arc-institute-virtual-cell-atlas/scbasecount/2026-01-12/h5ad/GeneFull/Homo_sapiens/ERX11876753.h5ad,success,,PRJEB71931
SRX26524301,arc-institute-virtual-cell-atlas/scbasecount/2026-01-12/h5ad/GeneFull/Homo_sapiens/SRX26524301.h5ad,success,,PRJNA1178711
ERX11876769,arc-institute-virtual-cell-atlas/scbasecount/2026-01-12/h5ad/GeneFull/Homo_sapiens/ERX11876769.h5ad,success,,PRJEB71931
ERX11876768,arc-institute-virtual-cell-atlas/scbasecount/2026-01-12/h5ad/GeneFull/Homo_sapiens/ERX11876768.h5ad,success,,PRJEB71931
ERX11876758,arc-institute-virtual-cell-atlas/scbasecount/2026-01-12/h5ad/GeneFull/Homo_sapiens/ERX11876758.h5ad,success,,PRJEB71931
ERX11876751,arc-institute-virtual-cell-atlas/scbasecount/2026-01-12/h5ad/GeneFull/Homo_sapiens/ERX11876751.h5ad,success,,PRJEB71931
ERX11876765,arc-institute-virtual-cell-atlas/scbasecount/2026-01-12/h5ad/GeneFull/Homo_sapiens/ERX11876765.h5ad,success,,PRJEB71931
SRX25319045,arc-institute-virtual-cell-atlas/scbasecount/2026-01-12/h5ad/GeneFull/Homo_sapiens/SRX25319045.h5ad,success,,PRJNA1135481
SRX26487588,arc-institute-virtual-cell-atlas/scbasecount/2026-01-12/h5ad/GeneFull/Homo_sapiens/SRX26487588.h5ad,success,,PRJNA1177414
SRX26487574,arc-institute-virtual-cell-atlas/scbasecount/2026-01-12/h5ad/GeneFull/Homo_sapiens/SRX26487574.h5ad,success,,PRJNA1177414
ERX11876770,arc-institute-virtual-cell-atlas/scbasecount/2026-01-12/h5ad/GeneFull/Homo_sapiens/ERX11876770.h5ad,success,,PRJEB71931
SRX19907929,arc-institute-virtual-cell-atlas/scbasecount/2026-01-12/h5ad/GeneFull/Homo_sapiens/SRX19907929.h5ad,success,,PRJNA953399
SRX26524299,arc-institute-virtual-cell-atlas/scbasecount/2026-01-12/h5ad/GeneFull/Homo_sapiens/SRX26524299.h5ad,success,,PRJNA1178711
SRX25261711,arc-institute-virtual-cell-atlas/scbasecount/2026-01-12/h5ad/GeneFull/Homo_sapiens/SRX25261711.h5ad,success,,PRJNA1133168
SRX25319046,arc-institute-virtual-cell-atlas/scbasecount/2026-01-12/h5ad/GeneFull/Homo_sapiens/SRX25319046.h5ad,success,,PRJNA1135481
SRX25319040,arc-institute-virtual-cell-atlas/scbasecount/2026-01-12/h5ad/GeneFull/Homo_sapiens/SRX25319040.h5ad,success,,PRJNA1135481
SRX22996343,arc-institute-virtual-cell-atlas/scbasecount/2026-01-12/h5ad/GeneFull/Homo_sapiens/SRX22996343.h5ad,success,,PRJNA1055415
SRX25363536,arc-institute-virtual-cell-atlas/scbasecount/2026-01-12/h5ad/GeneFull/Homo_sapiens/SRX25363536.h5ad,success,,PRJNA1136930
SRX20407496,arc-institute-virtual-cell-atlas/scbasecount/2026-01-12/h5ad/GeneFull/Homo_sapiens/SRX20407496.h5ad,success,,PRJNA973717
ERX11876748,arc-institute-virtual-cell-atlas/scbasecount/2026-01-12/h5ad/GeneFull/Homo_sapiens/ERX11876748.h5ad,success,,PRJEB71931
SRX23457976,arc-institute-virtual-cell-atlas/scbasecount/2026-01-12/h5ad/GeneFull/Homo_sapiens/SRX23457976.h5ad,success,,PRJNA1071273
SRX20221196,arc-institute-virtual-cell-atlas/scbasecount/2026-01-12/h5ad/GeneFull/Homo_sapiens/SRX20221196.h5ad,success,,PRJNA967233
SRX21460121,arc-institute-virtual-cell-atlas/scbasecount/2026-01-12/h5ad/GeneFull/Homo_sapiens/SRX21460121.h5ad,success,,PRJNA1008237
SRX20811753,arc-institute-virtual-cell-atlas/scbasecount/2026-01-12/h5ad/GeneFull/Homo_sapiens/SRX20811753.h5ad,success,,PRJNA988459
SRX25363533,arc-institute-virtual-cell-atlas/scbasecount/2026-01-12/h5ad/GeneFull/Homo_sapiens/SRX25363533.h5ad,success,,PRJNA1136930
SRX24312776,arc-institute-virtual-cell-atlas/scbasecount/2026-01-12/h5ad/GeneFull/Homo_sapiens/SRX24312776.h5ad,success,,PRJNA1102355
SRX25261767,arc-institute-virtual-cell-atlas/scbasecount/2026-01-12/h5ad/GeneFull/Homo_sapiens/SRX25261767.h5ad,success,,PRJNA1133168
SRX25319037,arc-institute-virtual-cell-atlas/scbasecount/2026-01-12/h5ad/GeneFull/Homo_sapiens/SRX25319037.h5ad,success,,PRJNA1135481
SRX23457979,arc-institute-virtual-cell-atlas/scbasecount/2026-01-12/h5ad/GeneFull/Homo_sapiens/SRX23457979.h5ad,success,,PRJNA1071273
SRX22996385,arc-institute-virtual-cell-atlas/scbasecount/2026-01-12/h5ad/GeneFull/Homo_sapiens/SRX22996385.h5ad,success,,PRJNA1055415
SRX24313469,arc-institute-virtual-cell-atlas/scbasecount/2026-01-12/h5ad/GeneFull/Homo_sapiens/SRX24313469.h5ad,success,,PRJNA1102421
SRX22996351,arc-institute-virtual-cell-atlas/scbasecount/2026-01-12/h5ad/GeneFull/Homo_sapiens/SRX22996351.h5ad,success,,PRJNA1055415
SRX22996310,arc-institute-virtual-cell-atlas/scbasecount/2026-01-12/h5ad/GeneFull/Homo_sapiens/SRX22996310.h5ad,success,,PRJNA1055415
SRX25038166,arc-institute-virtual-cell-atlas/scbasecount/2026-01-12/h5ad/GeneFull/Homo_sapiens/SRX25038166.h5ad,success,,PRJNA1127657
SRX27313889,arc-institute-virtual-cell-atlas/scbasecount/2026-01-12/h5ad/GeneFull/Homo_sapiens/SRX27313889.h5ad,success,,PRJNA1209070
SRX22146400,arc-institute-virtual-cell-atlas/scbasecount/2026-01-12/h5ad/GeneFull/Homo_sapiens/SRX22146400.h5ad,success,,PRJNA1030004
SRX22996360,arc-institute-virtual-cell-atlas/scbasecount/2026-01-12/h5ad/GeneFull/Homo_sapiens/SRX22996360.h5ad,success,,PRJNA1055415
SRX25595936,arc-institute-virtual-cell-atlas/scbasecount/2026-01-12/h5ad/GeneFull/Homo_sapiens/SRX25595936.h5ad,success,,PRJNA1144126
SRX19907928,arc-institute-virtual-cell-atlas/scbasecount/2026-01-12/h5ad/GeneFull/Homo_sapiens/SRX19907928.h5ad,success,,PRJNA953399
SRX24312774,arc-institute-virtual-cell-atlas/scbasecount/2026-01-12/h5ad/GeneFull/Homo_sapiens/SRX24312774.h5ad,success,,PRJNA1102355
SRX26487567,arc-institute-virtual-cell-atlas/scbasecount/2026-01-12/h5ad/GeneFull/Homo_sapiens/SRX26487567.h5ad,success,,PRJNA1177414
SRX23902410,arc-institute-virtual-cell-atlas/scbasecount/2026-01-12/h5ad/GeneFull/Homo_sapiens/SRX23902410.h5ad,success,,PRJNA1086544
SRX26487572,arc-institute-virtual-cell-atlas/scbasecount/2026-01-12/h5ad/GeneFull/Homo_sapiens/SRX26487572.h5ad,success,,PRJNA1177414
SRX21311406,arc-institute-virtual-cell-atlas/scbasecount/2026-01-12/h5ad/GeneFull/Homo_sapiens/SRX21311406.h5ad,success,,PRJNA1003807
SRX22996331,arc-institute-virtual-cell-atlas/scbasecount/2026-01-12/h5ad/GeneFull/Homo_sapiens/SRX22996331.h5ad,success,,PRJNA1055415
SRX22996320,arc-institute-virtual-cell-atlas/scbasecount/2026-01-12/h5ad/GeneFull/Homo_sapiens/SRX22996320.h5ad,success,,PRJNA1055415
SRX25261713,arc-institute-virtual-cell-atlas/scbasecount/2026-01-12/h5ad/GeneFull/Homo_sapiens/SRX25261713.h5ad,success,,PRJNA1133168
SRX22996346,arc-institute-virtual-cell-atlas/scbasecount/2026-01-12/h5ad/GeneFull/Homo_sapiens/SRX22996346.h5ad,success,,PRJNA1055415
SRX25319041,arc-institute-virtual-cell-atlas/scbasecount/2026-01-12/h5ad/GeneFull/Homo_sapiens/SRX25319041.h5ad,success,,PRJNA1135481
SRX25261764,arc-institute-virtual-cell-atlas/scbasecount/2026-01-12/h5ad/GeneFull/Homo_sapiens/SRX25261764.h5ad,success,,PRJNA1133168
SRX22996348,arc-institute-virtual-cell-atlas/scbasecount/2026-01-12/h5ad/GeneFull/Homo_sapiens/SRX22996348.h5ad,success,,PRJNA1055415
SRX22996356,arc-institute-virtual-cell-atlas/scbasecount/2026-01-12/h5ad/GeneFull/Homo_sapiens/SRX22996356.h5ad,success,,PRJNA1055415
SRX22996378,arc-institute-virtual-cell-atlas/scbasecount/2026-01-12/h5ad/GeneFull/Homo_sapiens/SRX22996378.h5ad,success,,PRJNA1055415
SRX20221195,arc-institute-virtual-cell-atlas/scbasecount/2026-01-12/h5ad/GeneFull/Homo_sapiens/SRX20221195.h5ad,success,,PRJNA967233
SRX22996323,arc-institute-virtual-cell-atlas/scbasecount/2026-01-12/h5ad/GeneFull/Homo_sapiens/SRX22996323.h5ad,success,,PRJNA1055415
SRX22996333,arc-institute-virtual-cell-atlas/scbasecount/2026-01-12/h5ad/GeneFull/Homo_sapiens/SRX22996333.h5ad,success,,PRJNA1055415
SRX24312786,arc-institute-virtual-cell-atlas/scbasecount/2026-01-12/h5ad/GeneFull/Homo_sapiens/SRX24312786.h5ad,success,,PRJNA1102355
SRX22996328,arc-institute-virtual-cell-atlas/scbasecount/2026-01-12/h5ad/GeneFull/Homo_sapiens/SRX22996328.h5ad,success,,PRJNA1055415
SRX22996369,arc-institute-virtual-cell-atlas/scbasecount/2026-01-12/h5ad/GeneFull/Homo_sapiens/SRX22996369.h5ad,success,,PRJNA1055415
SRX22558191,arc-institute-virtual-cell-atlas/scbasecount/2026-01-12/h5ad/GeneFull/Homo_sapiens/SRX22558191.h5ad,success,,PRJNA1041779
SRX22996322,arc-institute-virtual-cell-atlas/scbasecount/2026-01-12/h5ad/GeneFull/Homo_sapiens/SRX22996322.h5ad,success,,PRJNA1055415
SRX24732577,arc-institute-virtual-cell-atlas/scbasecount/2026-01-12/h5ad/GeneFull/Homo_sapiens/SRX24732577.h5ad,success,,PRJNA1117768
SRX10425169,arc-institute-virtual-cell-atlas/scbasecount/2026-01-12/h5ad/GeneFull/Homo_sapiens/SRX10425169.h5ad,success,,PRJNA716656
SRX22996392,arc-institute-virtual-cell-atlas/scbasecount/2026-01-12/h5ad/GeneFull/Homo_sapiens/SRX22996392.h5ad,success,,PRJNA1055415
SRX25261736,arc-institute-virtual-cell-atlas/scbasecount/2026-01-12/h5ad/GeneFull/Homo_sapiens/SRX25261736.h5ad,skip,cell_type_all_missing,
SRX22146401,arc-institute-virtual-cell-atlas/scbasecount/2026-01-12/h5ad/GeneFull/Homo_sapiens/SRX22146401.h5ad,skip,too_few_cells,
SRX22226507,arc-institute-virtual-cell-atlas/scbasecount/2026-01-12/h5ad/GeneFull/Homo_sapiens/SRX22226507.h5ad,success,,PRJNA1032112
SRX21460119,arc-institute-virtual-cell-atlas/scbasecount/2026-01-12/h5ad/GeneFull/Homo_sapiens/SRX21460119.h5ad,success,,PRJNA1008237
SRX20811764,arc-institute-virtual-cell-atlas/scbasecount/2026-01-12/h5ad/GeneFull/Homo_sapiens/SRX20811764.h5ad,success,,PRJNA988459
SRX22556482,arc-institute-virtual-cell-atlas/scbasecount/2026-01-12/h5ad/GeneFull/Homo_sapiens/SRX22556482.h5ad,success,,PRJNA1041762
SRX24312779,arc-institute-virtual-cell-atlas/scbasecount/2026-01-12/h5ad/GeneFull/Homo_sapiens/SRX24312779.h5ad,success,,PRJNA1102355
SRX20221194,arc-institute-virtual-cell-atlas/scbasecount/2026-01-12/h5ad/GeneFull/Homo_sapiens/SRX20221194.h5ad,success,,PRJNA967233
SRX21460097,arc-institute-virtual-cell-atlas/scbasecount/2026-01-12/h5ad/GeneFull/Homo_sapiens/SRX21460097.h5ad,success,,PRJNA1008237
SRX22226506,arc-institute-virtual-cell-atlas/scbasecount/2026-01-12/h5ad/GeneFull/Homo_sapiens/SRX22226506.h5ad,success,,PRJNA1032112
SRX22556483,arc-institute-virtual-cell-atlas/scbasecount/2026-01-12/h5ad/GeneFull/Homo_sapiens/SRX22556483.h5ad,success,,PRJNA1041762
SRX22996382,arc-institute-virtual-cell-atlas/scbasecount/2026-01-12/h5ad/GeneFull/Homo_sapiens/SRX22996382.h5ad,success,,PRJNA1055415
SRX22159982,arc-institute-virtual-cell-atlas/scbasecount/2026-01-12/h5ad/GeneFull/Homo_sapiens/SRX22159982.h5ad,success,,PRJNA1030397
SRX22996352,arc-institute-virtual-cell-atlas/scbasecount/2026-01-12/h5ad/GeneFull/Homo_sapiens/SRX22996352.h5ad,success,,PRJNA1055415
SRX22556485,arc-institute-virtual-cell-atlas/scbasecount/2026-01-12/h5ad/GeneFull/Homo_sapiens/SRX22556485.h5ad,success,,PRJNA1041762
SRX22996373,arc-institute-virtual-cell-atlas/scbasecount/2026-01-12/h5ad/GeneFull/Homo_sapiens/SRX22996373.h5ad,success,,PRJNA1055415
SRX22556484,arc-institute-virtual-cell-atlas/scbasecount/2026-01-12/h5ad/GeneFull/Homo_sapiens/SRX22556484.h5ad,success,,PRJNA1041762
SRX22836419,arc-institute-virtual-cell-atlas/scbasecount/2026-01-12/h5ad/GeneFull/Homo_sapiens/SRX22836419.h5ad,success,,PRJNA1050294
SRX23825227,arc-institute-virtual-cell-atlas/scbasecount/2026-01-12/h5ad/GeneFull/Homo_sapiens/SRX23825227.h5ad,success,,PRJNA1083452
SRX19844830,arc-institute-virtual-cell-atlas/scbasecount/2026-01-12/h5ad/GeneFull/Homo_sapiens/SRX19844830.h5ad,success,,PRJNA945854
SRX17689201,arc-institute-virtual-cell-atlas/scbasecount/2026-01-12/h5ad/GeneFull/Homo_sapiens/SRX17689201.h5ad,success,,PRJNA883741
SRX17689202,arc-institute-virtual-cell-atlas/scbasecount/2026-01-12/h5ad/GeneFull/Homo_sapiens/SRX17689202.h5ad,success,,PRJNA883741
SRX23457975,arc-institute-virtual-cell-atlas/scbasecount/2026-01-12/h5ad/GeneFull/Homo_sapiens/SRX23457975.h5ad,success,,PRJNA1071273
SRX22996309,arc-institute-virtual-cell-atlas/scbasecount/2026-01-12/h5ad/GeneFull/Homo_sapiens/SRX22996309.h5ad,success,,PRJNA1055415
SRX19844845,arc-institute-virtual-cell-atlas/scbasecount/2026-01-12/h5ad/GeneFull/Homo_sapiens/SRX19844845.h5ad,success,,PRJNA945854
SRX22996384,arc-institute-virtual-cell-atlas/scbasecount/2026-01-12/h5ad/GeneFull/Homo_sapiens/SRX22996384.h5ad,success,,PRJNA1055415
SRX19693841,arc-institute-virtual-cell-atlas/scbasecount/2026-01-12/h5ad/GeneFull/Homo_sapiens/SRX19693841.h5ad,success,,PRJNA945417
SRX19727430,arc-institute-virtual-cell-atlas/scbasecount/2026-01-12/h5ad/GeneFull/Homo_sapiens/SRX19727430.h5ad,success,,PRJNA946652
ERX11876757,arc-institute-virtual-cell-atlas/scbasecount/2026-01-12/h5ad/GeneFull/Homo_sapiens/ERX11876757.h5ad,success,,PRJEB71931
SRX19886043,arc-institute-virtual-cell-atlas/scbasecount/2026-01-12/h5ad/GeneFull/Homo_sapiens/SRX19886043.h5ad,success,,PRJNA952672
SRX19844816,arc-institute-virtual-cell-atlas/scbasecount/2026-01-12/h5ad/GeneFull/Homo_sapiens/SRX19844816.h5ad,success,,PRJNA945854
SRX19844849,arc-institute-virtual-cell-atlas/scbasecount/2026-01-12/h5ad/GeneFull/Homo_sapiens/SRX19844849.h5ad,success,,PRJNA945854
SRX23825224,arc-institute-virtual-cell-atlas/scbasecount/2026-01-12/h5ad/GeneFull/Homo_sapiens/SRX23825224.h5ad,success,,PRJNA1083452
SRX19910919,arc-institute-virtual-cell-atlas/scbasecount/2026-01-12/h5ad/GeneFull/Homo_sapiens/SRX19910919.h5ad,success,,PRJNA953640
SRX19162052,arc-institute-virtual-cell-atlas/scbasecount/2026-01-12/h5ad/GeneFull/Homo_sapiens/SRX19162052.h5ad,success,,PRJNA927026
SRX18248067,arc-institute-virtual-cell-atlas/scbasecount/2026-01-12/h5ad/GeneFull/Homo_sapiens/SRX18248067.h5ad,success,,PRJNA901260
SRX25261716,arc-institute-virtual-cell-atlas/scbasecount/2026-01-12/h5ad/GeneFull/Homo_sapiens/SRX25261716.h5ad,success,,PRJNA1133168
SRX19704174,arc-institute-virtual-cell-atlas/scbasecount/2026-01-12/h5ad/GeneFull/Homo_sapiens/SRX19704174.h5ad,success,,PRJNA945854
SRX19886032,arc-institute-virtual-cell-atlas/scbasecount/2026-01-12/h5ad/GeneFull/Homo_sapiens/SRX19886032.h5ad,success,,PRJNA952672
SRX19704124,arc-institute-virtual-cell-atlas/scbasecount/2026-01-12/h5ad/GeneFull/Homo_sapiens/SRX19704124.h5ad,skip,too_few_cells,
SRX23231247,arc-institute-virtual-cell-atlas/scbasecount/2026-01-12/h5ad/GeneFull/Homo_sapiens/SRX23231247.h5ad,success,,PRJNA1065377
SRX19693843,arc-institute-virtual-cell-atlas/scbasecount/2026-01-12/h5ad/GeneFull/Homo_sapiens/SRX19693843.h5ad,success,,PRJNA945417
SRX22834769,arc-institute-virtual-cell-atlas/scbasecount/2026-01-12/h5ad/GeneFull/Homo_sapiens/SRX22834769.h5ad,skip,excessive_cell_dropout,
SRX25319038,arc-institute-virtual-cell-atlas/scbasecount/2026-01-12/h5ad/GeneFull/Homo_sapiens/SRX25319038.h5ad,success,,PRJNA1135481
SRX19886028,arc-institute-virtual-cell-atlas/scbasecount/2026-01-12/h5ad/GeneFull/Homo_sapiens/SRX19886028.h5ad,success,,PRJNA952672
SRX22996312,arc-institute-virtual-cell-atlas/scbasecount/2026-01-12/h5ad/GeneFull/Homo_sapiens/SRX22996312.h5ad,success,,PRJNA1055415
SRX22996341,arc-institute-virtual-cell-atlas/scbasecount/2026-01-12/h5ad/GeneFull/Homo_sapiens/SRX22996341.h5ad,success,,PRJNA1055415
SRX23386174,arc-institute-virtual-cell-atlas/scbasecount/2026-01-12/h5ad/GeneFull/Homo_sapiens/SRX23386174.h5ad,success,,PRJNA1068611
SRX21460107,arc-institute-virtual-cell-atlas/scbasecount/2026-01-12/h5ad/GeneFull/Homo_sapiens/SRX21460107.h5ad,success,,PRJNA1008237
SRX20180656,arc-institute-virtual-cell-atlas/scbasecount/2026-01-12/h5ad/GeneFull/Homo_sapiens/SRX20180656.h5ad,success,,PRJNA966111
SRX22996316,arc-institute-virtual-cell-atlas/scbasecount/2026-01-12/h5ad/GeneFull/Homo_sapiens/SRX22996316.h5ad,success,,PRJNA1055415
SRX19910925,arc-institute-virtual-cell-atlas/scbasecount/2026-01-12/h5ad/GeneFull/Homo_sapiens/SRX19910925.h5ad,success,,PRJNA953640
SRX25319036,arc-institute-virtual-cell-atlas/scbasecount/2026-01-12/h5ad/GeneFull/Homo_sapiens/SRX25319036.h5ad,success,,PRJNA1135481
SRX25363534,arc-institute-virtual-cell-atlas/scbasecount/2026-01-12/h5ad/GeneFull/Homo_sapiens/SRX25363534.h5ad,success,,PRJNA1136930
SRX19844834,arc-institute-virtual-cell-atlas/scbasecount/2026-01-12/h5ad/GeneFull/Homo_sapiens/SRX19844834.h5ad,success,,PRJNA945854
SRX21460120,arc-institute-virtual-cell-atlas/scbasecount/2026-01-12/h5ad/GeneFull/Homo_sapiens/SRX21460120.h5ad,success,,PRJNA1008237
SRX25038163,arc-institute-virtual-cell-atlas/scbasecount/2026-01-12/h5ad/GeneFull/Homo_sapiens/SRX25038163.h5ad,success,,PRJNA1127657
SRX18235832,arc-institute-virtual-cell-atlas/scbasecount/2026-01-12/h5ad/GeneFull/Homo_sapiens/SRX18235832.h5ad,success,,PRJNA900364
SRX19844831,arc-institute-virtual-cell-atlas/scbasecount/2026-01-12/h5ad/GeneFull/Homo_sapiens/SRX19844831.h5ad,success,,PRJNA945854
SRX19704161,arc-institute-virtual-cell-atlas/scbasecount/2026-01-12/h5ad/GeneFull/Homo_sapiens/SRX19704161.h5ad,success,,PRJNA945854
SRX23457978,arc-institute-virtual-cell-atlas/scbasecount/2026-01-12/h5ad/GeneFull/Homo_sapiens/SRX23457978.h5ad,success,,PRJNA1071273
SRX22996388,arc-institute-virtual-cell-atlas/scbasecount/2026-01-12/h5ad/GeneFull/Homo_sapiens/SRX22996388.h5ad,success,,PRJNA1055415
SRX19162053,arc-institute-virtual-cell-atlas/scbasecount/2026-01-12/h5ad/GeneFull/Homo_sapiens/SRX19162053.h5ad,skip,cell_type_all_missing,
SRX17689199,arc-institute-virtual-cell-atlas/scbasecount/2026-01-12/h5ad/GeneFull/Homo_sapiens/SRX17689199.h5ad,success,,PRJNA883741
SRX19704151,arc-institute-virtual-cell-atlas/scbasecount/2026-01-12/h5ad/GeneFull/Homo_sapiens/SRX19704151.h5ad,success,,PRJNA945854
SRX26487570,arc-institute-virtual-cell-atlas/scbasecount/2026-01-12/h5ad/GeneFull/Homo_sapiens/SRX26487570.h5ad,success,,PRJNA1177414
SRX23457980,arc-institute-virtual-cell-atlas/scbasecount/2026-01-12/h5ad/GeneFull/Homo_sapiens/SRX23457980.h5ad,success,,PRJNA1071273
SRX23115055,arc-institute-virtual-cell-atlas/scbasecount/2026-01-12/h5ad/GeneFull/Homo_sapiens/SRX23115055.h5ad,success,,PRJNA1061642
SRX17949765,arc-institute-virtual-cell-atlas/scbasecount/2026-01-12/h5ad/GeneFull/Homo_sapiens/SRX17949765.h5ad,success,,PRJNA891766
SRX25261769,arc-institute-virtual-cell-atlas/scbasecount/2026-01-12/h5ad/GeneFull/Homo_sapiens/SRX25261769.h5ad,success,,PRJNA1133168
SRX22996374,arc-institute-virtual-cell-atlas/scbasecount/2026-01-12/h5ad/GeneFull/Homo_sapiens/SRX22996374.h5ad,success,,PRJNA1055415
SRX19704122,arc-institute-virtual-cell-atlas/scbasecount/2026-01-12/h5ad/GeneFull/Homo_sapiens/SRX19704122.h5ad,success,,PRJNA945854
SRX22996339,arc-institute-virtual-cell-atlas/scbasecount/2026-01-12/h5ad/GeneFull/Homo_sapiens/SRX22996339.h5ad,success,,PRJNA1055415
SRX19886030,arc-institute-virtual-cell-atlas/scbasecount/2026-01-12/h5ad/GeneFull/Homo_sapiens/SRX19886030.h5ad,success,,PRJNA952672
SRX22996383,arc-institute-virtual-cell-atlas/scbasecount/2026-01-12/h5ad/GeneFull/Homo_sapiens/SRX22996383.h5ad,success,,PRJNA1055415
SRX22996334,arc-institute-virtual-cell-atlas/scbasecount/2026-01-12/h5ad/GeneFull/Homo_sapiens/SRX22996334.h5ad,success,,PRJNA1055415
SRX23902413,arc-institute-virtual-cell-atlas/scbasecount/2026-01-12/h5ad/GeneFull/Homo_sapiens/SRX23902413.h5ad,success,,PRJNA1086544
SRX19910918,arc-institute-virtual-cell-atlas/scbasecount/2026-01-12/h5ad/GeneFull/Homo_sapiens/SRX19910918.h5ad,success,,PRJNA953640
SRX18965975,arc-institute-virtual-cell-atlas/scbasecount/2026-01-12/h5ad/GeneFull/Homo_sapiens/SRX18965975.h5ad,success,,PRJNA919922
SRX22226501,arc-institute-virtual-cell-atlas/scbasecount/2026-01-12/h5ad/GeneFull/Homo_sapiens/SRX22226501.h5ad,success,,PRJNA1032112
SRX19730969,arc-institute-virtual-cell-atlas/scbasecount/2026-01-12/h5ad/GeneFull/Homo_sapiens/SRX19730969.h5ad,success,,PRJNA934540
SRX24312777,arc-institute-virtual-cell-atlas/scbasecount/2026-01-12/h5ad/GeneFull/Homo_sapiens/SRX24312777.h5ad,success,,PRJNA1102355
SRX19693839,arc-institute-virtual-cell-atlas/scbasecount/2026-01-12/h5ad/GeneFull/Homo_sapiens/SRX19693839.h5ad,success,,PRJNA945417
SRX22226503,arc-institute-virtual-cell-atlas/scbasecount/2026-01-12/h5ad/GeneFull/Homo_sapiens/SRX22226503.h5ad,success,,PRJNA1032112
SRX19704126,arc-institute-virtual-cell-atlas/scbasecount/2026-01-12/h5ad/GeneFull/Homo_sapiens/SRX19704126.h5ad,success,,PRJNA945854
ERX11876764,arc-institute-virtual-cell-atlas/scbasecount/2026-01-12/h5ad/GeneFull/Homo_sapiens/ERX11876764.h5ad,success,,PRJEB71931
SRX19704198,arc-institute-virtual-cell-atlas/scbasecount/2026-01-12/h5ad/GeneFull/Homo_sapiens/SRX19704198.h5ad,success,,PRJNA945854
SRX17689198,arc-institute-virtual-cell-atlas/scbasecount/2026-01-12/h5ad/GeneFull/Homo_sapiens/SRX17689198.h5ad,success,,PRJNA883741
SRX17689200,arc-institute-virtual-cell-atlas/scbasecount/2026-01-12/h5ad/GeneFull/Homo_sapiens/SRX17689200.h5ad,success,,PRJNA883741
SRX17689197,arc-institute-virtual-cell-atlas/scbasecount/2026-01-12/h5ad/GeneFull/Homo_sapiens/SRX17689197.h5ad,success,,PRJNA883741
SRX17689204,arc-institute-virtual-cell-atlas/scbasecount/2026-01-12/h5ad/GeneFull/Homo_sapiens/SRX17689204.h5ad,success,,PRJNA883741
SRX17689203,arc-institute-virtual-cell-atlas/scbasecount/2026-01-12/h5ad/GeneFull/Homo_sapiens/SRX17689203.h5ad,success,,PRJNA883741
SRX17689205,arc-institute-virtual-cell-atlas/scbasecount/2026-01-12/h5ad/GeneFull/Homo_sapiens/SRX17689205.h5ad,success,,PRJNA883741
SRX17689195,arc-institute-virtual-cell-atlas/scbasecount/2026-01-12/h5ad/GeneFull/Homo_sapiens/SRX17689195.h5ad,success,,PRJNA883741
SRX17689210,arc-institute-virtual-cell-atlas/scbasecount/2026-01-12/h5ad/GeneFull/Homo_sapiens/SRX17689210.h5ad,success,,PRJNA883741
SRX17689207,arc-institute-virtual-cell-atlas/scbasecount/2026-01-12/h5ad/GeneFull/Homo_sapiens/SRX17689207.h5ad,success,,PRJNA883741
SRX17664572,arc-institute-virtual-cell-atlas/scbasecount/2026-01-12/h5ad/GeneFull/Homo_sapiens/SRX17664572.h5ad,success,,PRJNA882878
SRX17689211,arc-institute-virtual-cell-atlas/scbasecount/2026-01-12/h5ad/GeneFull/Homo_sapiens/SRX17689211.h5ad,success,,PRJNA883741
SRX17689212,arc-institute-virtual-cell-atlas/scbasecount/2026-01-12/h5ad/GeneFull/Homo_sapiens/SRX17689212.h5ad,success,,PRJNA883741
SRX23619806,arc-institute-virtual-cell-atlas/scbasecount/2026-01-12/h5ad/GeneFull/Homo_sapiens/SRX23619806.h5ad,success,,PRJNA1076461
SRX19704168,arc-institute-virtual-cell-atlas/scbasecount/2026-01-12/h5ad/GeneFull/Homo_sapiens/SRX19704168.h5ad,success,,PRJNA945854
SRX22834774,arc-institute-virtual-cell-atlas/scbasecount/2026-01-12/h5ad/GeneFull/Homo_sapiens/SRX22834774.h5ad,success,,PRJNA1050266
SRX19727427,arc-institute-virtual-cell-atlas/scbasecount/2026-01-12/h5ad/GeneFull/Homo_sapiens/SRX19727427.h5ad,success,,PRJNA946652
SRX22226502,arc-institute-virtual-cell-atlas/scbasecount/2026-01-12/h5ad/GeneFull/Homo_sapiens/SRX22226502.h5ad,success,,PRJNA1032112
SRX22996344,arc-institute-virtual-cell-atlas/scbasecount/2026-01-12/h5ad/GeneFull/Homo_sapiens/SRX22996344.h5ad,success,,PRJNA1055415
SRX22996325,arc-institute-virtual-cell-atlas/scbasecount/2026-01-12/h5ad/GeneFull/Homo_sapiens/SRX22996325.h5ad,success,,PRJNA1055415
SRX24312787,arc-institute-virtual-cell-atlas/scbasecount/2026-01-12/h5ad/GeneFull/Homo_sapiens/SRX24312787.h5ad,success,,PRJNA1102355
SRX23619807,arc-institute-virtual-cell-atlas/scbasecount/2026-01-12/h5ad/GeneFull/Homo_sapiens/SRX23619807.h5ad,success,,PRJNA1076461
SRX23619809,arc-institute-virtual-cell-atlas/scbasecount/2026-01-12/h5ad/GeneFull/Homo_sapiens/SRX23619809.h5ad,success,,PRJNA1076461
SRX17772371,arc-institute-virtual-cell-atlas/scbasecount/2026-01-12/h5ad/GeneFull/Homo_sapiens/SRX17772371.h5ad,success,,PRJNA886085
SRX17689206,arc-institute-virtual-cell-atlas/scbasecount/2026-01-12/h5ad/GeneFull/Homo_sapiens/SRX17689206.h5ad,success,,PRJNA883741
SRX17896693,arc-institute-virtual-cell-atlas/scbasecount/2026-01-12/h5ad/GeneFull/Homo_sapiens/SRX17896693.h5ad,skip,too_few_cells,
SRX23838225,arc-institute-virtual-cell-atlas/scbasecount/2026-01-12/h5ad/GeneFull/Homo_sapiens/SRX23838225.h5ad,success,,PRJNA1076461
SRX17896694,arc-institute-virtual-cell-atlas/scbasecount/2026-01-12/h5ad/GeneFull/Homo_sapiens/SRX17896694.h5ad,success,,PRJNA890673
SRX17689209,arc-institute-virtual-cell-atlas/scbasecount/2026-01-12/h5ad/GeneFull/Homo_sapiens/SRX17689209.h5ad,success,,PRJNA883741
SRX23886072,arc-institute-virtual-cell-atlas/scbasecount/2026-01-12/h5ad/GeneFull/Homo_sapiens/SRX23886072.h5ad,success,,PRJNA787622
SRX17896691,arc-institute-virtual-cell-atlas/scbasecount/2026-01-12/h5ad/GeneFull/Homo_sapiens/SRX17896691.h5ad,success,,PRJNA890673
SRX23886073,arc-institute-virtual-cell-atlas/scbasecount/2026-01-12/h5ad/GeneFull/Homo_sapiens/SRX23886073.h5ad,success,,PRJNA787622
SRX16217005,arc-institute-virtual-cell-atlas/scbasecount/2026-01-12/h5ad/GeneFull/Homo_sapiens/SRX16217005.h5ad,success,,PRJNA858410
SRX17150748,arc-institute-virtual-cell-atlas/scbasecount/2026-01-12/h5ad/GeneFull/Homo_sapiens/SRX17150748.h5ad,success,,PRJNA871210
SRX17035590,arc-institute-virtual-cell-atlas/scbasecount/2026-01-12/h5ad/GeneFull/Homo_sapiens/SRX17035590.h5ad,success,,PRJNA868764
SRX17941758,arc-institute-virtual-cell-atlas/scbasecount/2026-01-12/h5ad/GeneFull/Homo_sapiens/SRX17941758.h5ad,skip,too_few_cells,
SRX16217016,arc-institute-virtual-cell-atlas/scbasecount/2026-01-12/h5ad/GeneFull/Homo_sapiens/SRX16217016.h5ad,success,,PRJNA858410
SRX17949771,arc-institute-virtual-cell-atlas/scbasecount/2026-01-12/h5ad/GeneFull/Homo_sapiens/SRX17949771.h5ad,success,,PRJNA891766
SRX17949772,arc-institute-virtual-cell-atlas/scbasecount/2026-01-12/h5ad/GeneFull/Homo_sapiens/SRX17949772.h5ad,success,,PRJNA891766
SRX17949768,arc-institute-virtual-cell-atlas/scbasecount/2026-01-12/h5ad/GeneFull/Homo_sapiens/SRX17949768.h5ad,success,,PRJNA891766
SRX16217009,arc-institute-virtual-cell-atlas/scbasecount/2026-01-12/h5ad/GeneFull/Homo_sapiens/SRX16217009.h5ad,success,,PRJNA858410
SRX17949766,arc-institute-virtual-cell-atlas/scbasecount/2026-01-12/h5ad/GeneFull/Homo_sapiens/SRX17949766.h5ad,success,,PRJNA891766
SRX17949764,arc-institute-virtual-cell-atlas/scbasecount/2026-01-12/h5ad/GeneFull/Homo_sapiens/SRX17949764.h5ad,success,,PRJNA891766
SRX17949767,arc-institute-virtual-cell-atlas/scbasecount/2026-01-12/h5ad/GeneFull/Homo_sapiens/SRX17949767.h5ad,success,,PRJNA891766
SRX12868714,arc-institute-virtual-cell-atlas/scbasecount/2026-01-12/h5ad/GeneFull/Homo_sapiens/SRX12868714.h5ad,success,,PRJNA773987
SRX16757154,arc-institute-virtual-cell-atlas/scbasecount/2026-01-12/h5ad/GeneFull/Homo_sapiens/SRX16757154.h5ad,success,,PRJNA864822
SRX24073315,arc-institute-virtual-cell-atlas/scbasecount/2026-01-12/h5ad/GeneFull/Homo_sapiens/SRX24073315.h5ad,success,,PRJNA1092571
SRX24073311,arc-institute-virtual-cell-atlas/scbasecount/2026-01-12/h5ad/GeneFull/Homo_sapiens/SRX24073311.h5ad,success,,PRJNA1092571
SRX24073309,arc-institute-virtual-cell-atlas/scbasecount/2026-01-12/h5ad/GeneFull/Homo_sapiens/SRX24073309.h5ad,success,,PRJNA1092571
SRX24073303,arc-institute-virtual-cell-atlas/scbasecount/2026-01-12/h5ad/GeneFull/Homo_sapiens/SRX24073303.h5ad,success,,PRJNA1092571
SRX14891764,arc-institute-virtual-cell-atlas/scbasecount/2026-01-12/h5ad/GeneFull/Homo_sapiens/SRX14891764.h5ad,success,,PRJNA827791
SRX24073302,arc-institute-virtual-cell-atlas/scbasecount/2026-01-12/h5ad/GeneFull/Homo_sapiens/SRX24073302.h5ad,success,,PRJNA1092571
SRX15325286,arc-institute-virtual-cell-atlas/scbasecount/2026-01-12/h5ad/GeneFull/Homo_sapiens/SRX15325286.h5ad,skip,excessive_cell_dropout,
SRX24073323,arc-institute-virtual-cell-atlas/scbasecount/2026-01-12/h5ad/GeneFull/Homo_sapiens/SRX24073323.h5ad,success,,PRJNA1092571
SRX24073324,arc-institute-virtual-cell-atlas/scbasecount/2026-01-12/h5ad/GeneFull/Homo_sapiens/SRX24073324.h5ad,success,,PRJNA1092571
SRX24073304,arc-institute-virtual-cell-atlas/scbasecount/2026-01-12/h5ad/GeneFull/Homo_sapiens/SRX24073304.h5ad,success,,PRJNA1092571
SRX24073308,arc-institute-virtual-cell-atlas/scbasecount/2026-01-12/h5ad/GeneFull/Homo_sapiens/SRX24073308.h5ad,success,,PRJNA1092571
SRX24073322,arc-institute-virtual-cell-atlas/scbasecount/2026-01-12/h5ad/GeneFull/Homo_sapiens/SRX24073322.h5ad,success,,PRJNA1092571
SRX24073320,arc-institute-virtual-cell-atlas/scbasecount/2026-01-12/h5ad/GeneFull/Homo_sapiens/SRX24073320.h5ad,success,,PRJNA1092571
SRX14891759,arc-institute-virtual-cell-atlas/scbasecount/2026-01-12/h5ad/GeneFull/Homo_sapiens/SRX14891759.h5ad,success,,PRJNA827791
SRX24073321,arc-institute-virtual-cell-atlas/scbasecount/2026-01-12/h5ad/GeneFull/Homo_sapiens/SRX24073321.h5ad,success,,PRJNA1092571
SRX17150750,arc-institute-virtual-cell-atlas/scbasecount/2026-01-12/h5ad/GeneFull/Homo_sapiens/SRX17150750.h5ad,success,,PRJNA871210
SRX24073314,arc-institute-virtual-cell-atlas/scbasecount/2026-01-12/h5ad/GeneFull/Homo_sapiens/SRX24073314.h5ad,success,,PRJNA1092571
SRX24073313,arc-institute-virtual-cell-atlas/scbasecount/2026-01-12/h5ad/GeneFull/Homo_sapiens/SRX24073313.h5ad,success,,PRJNA1092571
SRX24073325,arc-institute-virtual-cell-atlas/scbasecount/2026-01-12/h5ad/GeneFull/Homo_sapiens/SRX24073325.h5ad,success,,PRJNA1092571
SRX24073317,arc-institute-virtual-cell-atlas/scbasecount/2026-01-12/h5ad/GeneFull/Homo_sapiens/SRX24073317.h5ad,success,,PRJNA1092571
SRX15263316,arc-institute-virtual-cell-atlas/scbasecount/2026-01-12/h5ad/GeneFull/Homo_sapiens/SRX15263316.h5ad,success,,PRJNA837899
SRX24028452,arc-institute-virtual-cell-atlas/scbasecount/2026-01-12/h5ad/GeneFull/Homo_sapiens/SRX24028452.h5ad,success,,PRJNA1090971
SRX24073312,arc-institute-virtual-cell-atlas/scbasecount/2026-01-12/h5ad/GeneFull/Homo_sapiens/SRX24073312.h5ad,success,,PRJNA1092571
SRX24073318,arc-institute-virtual-cell-atlas/scbasecount/2026-01-12/h5ad/GeneFull/Homo_sapiens/SRX24073318.h5ad,success,,PRJNA1092571
SRX16217017,arc-institute-virtual-cell-atlas/scbasecount/2026-01-12/h5ad/GeneFull/Homo_sapiens/SRX16217017.h5ad,success,,PRJNA858410
SRX15325285,arc-institute-virtual-cell-atlas/scbasecount/2026-01-12/h5ad/GeneFull/Homo_sapiens/SRX15325285.h5ad,success,,PRJNA839251
SRX24073319,arc-institute-virtual-cell-atlas/scbasecount/2026-01-12/h5ad/GeneFull/Homo_sapiens/SRX24073319.h5ad,success,,PRJNA1092571
SRX15805161,arc-institute-virtual-cell-atlas/scbasecount/2026-01-12/h5ad/GeneFull/Homo_sapiens/SRX15805161.h5ad,success,,PRJNA851108
SRX24073310,arc-institute-virtual-cell-atlas/scbasecount/2026-01-12/h5ad/GeneFull/Homo_sapiens/SRX24073310.h5ad,success,,PRJNA1092571
SRX24073305,arc-institute-virtual-cell-atlas/scbasecount/2026-01-12/h5ad/GeneFull/Homo_sapiens/SRX24073305.h5ad,success,,PRJNA1092571
SRX16217006,arc-institute-virtual-cell-atlas/scbasecount/2026-01-12/h5ad/GeneFull/Homo_sapiens/SRX16217006.h5ad,success,,PRJNA858410
SRX16217004,arc-institute-virtual-cell-atlas/scbasecount/2026-01-12/h5ad/GeneFull/Homo_sapiens/SRX16217004.h5ad,success,,PRJNA858410
SRX15325287,arc-institute-virtual-cell-atlas/scbasecount/2026-01-12/h5ad/GeneFull/Homo_sapiens/SRX15325287.h5ad,success,,PRJNA839251
SRX16757153,arc-institute-virtual-cell-atlas/scbasecount/2026-01-12/h5ad/GeneFull/Homo_sapiens/SRX16757153.h5ad,success,,PRJNA864822
SRX15805174,arc-institute-virtual-cell-atlas/scbasecount/2026-01-12/h5ad/GeneFull/Homo_sapiens/SRX15805174.h5ad,success,,PRJNA851108
SRX12868716,arc-institute-virtual-cell-atlas/scbasecount/2026-01-12/h5ad/GeneFull/Homo_sapiens/SRX12868716.h5ad,success,,PRJNA773987
SRX16217013,arc-institute-virtual-cell-atlas/scbasecount/2026-01-12/h5ad/GeneFull/Homo_sapiens/SRX16217013.h5ad,success,,PRJNA858410
SRX24073316,arc-institute-virtual-cell-atlas/scbasecount/2026-01-12/h5ad/GeneFull/Homo_sapiens/SRX24073316.h5ad,success,,PRJNA1092571
SRX24073307,arc-institute-virtual-cell-atlas/scbasecount/2026-01-12/h5ad/GeneFull/Homo_sapiens/SRX24073307.h5ad,success,,PRJNA1092571
SRX14891761,arc-institute-virtual-cell-atlas/scbasecount/2026-01-12/h5ad/GeneFull/Homo_sapiens/SRX14891761.h5ad,success,,PRJNA827791
SRX24073306,arc-institute-virtual-cell-atlas/scbasecount/2026-01-12/h5ad/GeneFull/Homo_sapiens/SRX24073306.h5ad,success,,PRJNA1092571
SRX17150749,arc-institute-virtual-cell-atlas/scbasecount/2026-01-12/h5ad/GeneFull/Homo_sapiens/SRX17150749.h5ad,success,,PRJNA871210
SRX16217015,arc-institute-virtual-cell-atlas/scbasecount/2026-01-12/h5ad/GeneFull/Homo_sapiens/SRX16217015.h5ad,success,,PRJNA858410
SRX17035588,arc-institute-virtual-cell-atlas/scbasecount/2026-01-12/h5ad/GeneFull/Homo_sapiens/SRX17035588.h5ad,success,,PRJNA868764
SRX18221589,arc-institute-virtual-cell-atlas/scbasecount/2026-01-12/h5ad/GeneFull/Homo_sapiens/SRX18221589.h5ad,success,,PRJNA899793
SRX18248068,arc-institute-virtual-cell-atlas/scbasecount/2026-01-12/h5ad/GeneFull/Homo_sapiens/SRX18248068.h5ad,success,,PRJNA901260
SRX18221588,arc-institute-virtual-cell-atlas/scbasecount/2026-01-12/h5ad/GeneFull/Homo_sapiens/SRX18221588.h5ad,success,,PRJNA899793
SRX18235831,arc-institute-virtual-cell-atlas/scbasecount/2026-01-12/h5ad/GeneFull/Homo_sapiens/SRX18235831.h5ad,success,,PRJNA900364
SRX18248066,arc-institute-virtual-cell-atlas/scbasecount/2026-01-12/h5ad/GeneFull/Homo_sapiens/SRX18248066.h5ad,success,,PRJNA901260
SRX18248065,arc-institute-virtual-cell-atlas/scbasecount/2026-01-12/h5ad/GeneFull/Homo_sapiens/SRX18248065.h5ad,success,,PRJNA901260
SRX18248062,arc-institute-virtual-cell-atlas/scbasecount/2026-01-12/h5ad/GeneFull/Homo_sapiens/SRX18248062.h5ad,success,,PRJNA901260
SRX18248064,arc-institute-virtual-cell-atlas/scbasecount/2026-01-12/h5ad/GeneFull/Homo_sapiens/SRX18248064.h5ad,success,,PRJNA901260
SRX15263318,arc-institute-virtual-cell-atlas/scbasecount/2026-01-12/h5ad/GeneFull/Homo_sapiens/SRX15263318.h5ad,success,,PRJNA837899
SRX18248063,arc-institute-virtual-cell-atlas/scbasecount/2026-01-12/h5ad/GeneFull/Homo_sapiens/SRX18248063.h5ad,success,,PRJNA901260
SRX14891765,arc-institute-virtual-cell-atlas/scbasecount/2026-01-12/h5ad/GeneFull/Homo_sapiens/SRX14891765.h5ad,success,,PRJNA827791
SRX16217002,arc-institute-virtual-cell-atlas/scbasecount/2026-01-12/h5ad/GeneFull/Homo_sapiens/SRX16217002.h5ad,success,,PRJNA858410
SRX17137141,arc-institute-virtual-cell-atlas/scbasecount/2026-01-12/h5ad/GeneFull/Homo_sapiens/SRX17137141.h5ad,success,,PRJNA870911
SRX12868711,arc-institute-virtual-cell-atlas/scbasecount/2026-01-12/h5ad/GeneFull/Homo_sapiens/SRX12868711.h5ad,success,,PRJNA773987
SRX14891767,arc-institute-virtual-cell-atlas/scbasecount/2026-01-12/h5ad/GeneFull/Homo_sapiens/SRX14891767.h5ad,success,,PRJNA827791
SRX16757152,arc-institute-virtual-cell-atlas/scbasecount/2026-01-12/h5ad/GeneFull/Homo_sapiens/SRX16757152.h5ad,success,,PRJNA864822
SRX15805165,arc-institute-virtual-cell-atlas/scbasecount/2026-01-12/h5ad/GeneFull/Homo_sapiens/SRX15805165.h5ad,success,,PRJNA851108
SRX15263315,arc-institute-virtual-cell-atlas/scbasecount/2026-01-12/h5ad/GeneFull/Homo_sapiens/SRX15263315.h5ad,success,,PRJNA837899
SRX15772262,arc-institute-virtual-cell-atlas/scbasecount/2026-01-12/h5ad/GeneFull/Homo_sapiens/SRX15772262.h5ad,success,,PRJNA849915
SRX12868715,arc-institute-virtual-cell-atlas/scbasecount/2026-01-12/h5ad/GeneFull/Homo_sapiens/SRX12868715.h5ad,success,,PRJNA773987
SRX12868717,arc-institute-virtual-cell-atlas/scbasecount/2026-01-12/h5ad/GeneFull/Homo_sapiens/SRX12868717.h5ad,success,,PRJNA773987
SRX17035589,arc-institute-virtual-cell-atlas/scbasecount/2026-01-12/h5ad/GeneFull/Homo_sapiens/SRX17035589.h5ad,success,,PRJNA868764
SRX15325288,arc-institute-virtual-cell-atlas/scbasecount/2026-01-12/h5ad/GeneFull/Homo_sapiens/SRX15325288.h5ad,success,,PRJNA839251
SRX17137139,arc-institute-virtual-cell-atlas/scbasecount/2026-01-12/h5ad/GeneFull/Homo_sapiens/SRX17137139.h5ad,success,,PRJNA870911
ERX4409913,arc-institute-virtual-cell-atlas/scbasecount/2026-01-12/h5ad/GeneFull/Homo_sapiens/ERX4409913.h5ad,success,,PRJEB39956
SRX15805163,arc-institute-virtual-cell-atlas/scbasecount/2026-01-12/h5ad/GeneFull/Homo_sapiens/SRX15805163.h5ad,success,,PRJNA851108
SRX16217012,arc-institute-virtual-cell-atlas/scbasecount/2026-01-12/h5ad/GeneFull/Homo_sapiens/SRX16217012.h5ad,success,,PRJNA858410
SRX14891769,arc-institute-virtual-cell-atlas/scbasecount/2026-01-12/h5ad/GeneFull/Homo_sapiens/SRX14891769.h5ad,success,,PRJNA827791
SRX16217003,arc-institute-virtual-cell-atlas/scbasecount/2026-01-12/h5ad/GeneFull/Homo_sapiens/SRX16217003.h5ad,success,,PRJNA858410
SRX16217007,arc-institute-virtual-cell-atlas/scbasecount/2026-01-12/h5ad/GeneFull/Homo_sapiens/SRX16217007.h5ad,success,,PRJNA858410
SRX16217010,arc-institute-virtual-cell-atlas/scbasecount/2026-01-12/h5ad/GeneFull/Homo_sapiens/SRX16217010.h5ad,success,,PRJNA858410
SRX12868713,arc-institute-virtual-cell-atlas/scbasecount/2026-01-12/h5ad/GeneFull/Homo_sapiens/SRX12868713.h5ad,success,,PRJNA773987
SRX12868721,arc-institute-virtual-cell-atlas/scbasecount/2026-01-12/h5ad/GeneFull/Homo_sapiens/SRX12868721.h5ad,success,,PRJNA773987
SRX18965974,arc-institute-virtual-cell-atlas/scbasecount/2026-01-12/h5ad/GeneFull/Homo_sapiens/SRX18965974.h5ad,success,,PRJNA919922
SRX15263317,arc-institute-virtual-cell-atlas/scbasecount/2026-01-12/h5ad/GeneFull/Homo_sapiens/SRX15263317.h5ad,success,,PRJNA837899
SRX12868712,arc-institute-virtual-cell-atlas/scbasecount/2026-01-12/h5ad/GeneFull/Homo_sapiens/SRX12868712.h5ad,success,,PRJNA773987
SRX18965978,arc-institute-virtual-cell-atlas/scbasecount/2026-01-12/h5ad/GeneFull/Homo_sapiens/SRX18965978.h5ad,success,,PRJNA919922
SRX14891768,arc-institute-virtual-cell-atlas/scbasecount/2026-01-12/h5ad/GeneFull/Homo_sapiens/SRX14891768.h5ad,success,,PRJNA827791
SRX18965979,arc-institute-virtual-cell-atlas/scbasecount/2026-01-12/h5ad/GeneFull/Homo_sapiens/SRX18965979.h5ad,success,,PRJNA919922
SRX14891760,arc-institute-virtual-cell-atlas/scbasecount/2026-01-12/h5ad/GeneFull/Homo_sapiens/SRX14891760.h5ad,success,,PRJNA827791
SRX18965984,arc-institute-virtual-cell-atlas/scbasecount/2026-01-12/h5ad/GeneFull/Homo_sapiens/SRX18965984.h5ad,success,,PRJNA919922
SRX15325289,arc-institute-virtual-cell-atlas/scbasecount/2026-01-12/h5ad/GeneFull/Homo_sapiens/SRX15325289.h5ad,success,,PRJNA839251
SRX12868719,arc-institute-virtual-cell-atlas/scbasecount/2026-01-12/h5ad/GeneFull/Homo_sapiens/SRX12868719.h5ad,success,,PRJNA773987
SRX14891762,arc-institute-virtual-cell-atlas/scbasecount/2026-01-12/h5ad/GeneFull/Homo_sapiens/SRX14891762.h5ad,success,,PRJNA827791
SRX19162051,arc-institute-virtual-cell-atlas/scbasecount/2026-01-12/h5ad/GeneFull/Homo_sapiens/SRX19162051.h5ad,success,,PRJNA927026
SRX19162054,arc-institute-virtual-cell-atlas/scbasecount/2026-01-12/h5ad/GeneFull/Homo_sapiens/SRX19162054.h5ad,success,,PRJNA927026
SRX19162055,arc-institute-virtual-cell-atlas/scbasecount/2026-01-12/h5ad/GeneFull/Homo_sapiens/SRX19162055.h5ad,success,,PRJNA927026
SRX19215444,arc-institute-virtual-cell-atlas/scbasecount/2026-01-12/h5ad/GeneFull/Homo_sapiens/SRX19215444.h5ad,success,,PRJNA929481
SRX19264641,arc-institute-virtual-cell-atlas/scbasecount/2026-01-12/h5ad/GeneFull/Homo_sapiens/SRX19264641.h5ad,success,,PRJNA930840
SRX18965983,arc-institute-virtual-cell-atlas/scbasecount/2026-01-12/h5ad/GeneFull/Homo_sapiens/SRX18965983.h5ad,success,,PRJNA919922
SRX19215443,arc-institute-virtual-cell-atlas/scbasecount/2026-01-12/h5ad/GeneFull/Homo_sapiens/SRX19215443.h5ad,success,,PRJNA929481
SRX19704127,arc-institute-virtual-cell-atlas/scbasecount/2026-01-12/h5ad/GeneFull/Homo_sapiens/SRX19704127.h5ad,success,,PRJNA945854
SRX19704132,arc-institute-virtual-cell-atlas/scbasecount/2026-01-12/h5ad/GeneFull/Homo_sapiens/SRX19704132.h5ad,skip,too_few_cells,
SRX19704133,arc-institute-virtual-cell-atlas/scbasecount/2026-01-12/h5ad/GeneFull/Homo_sapiens/SRX19704133.h5ad,skip,too_few_cells,
SRX19704147,arc-institute-virtual-cell-atlas/scbasecount/2026-01-12/h5ad/GeneFull/Homo_sapiens/SRX19704147.h5ad,success,,PRJNA945854
SRX19704136,arc-institute-virtual-cell-atlas/scbasecount/2026-01-12/h5ad/GeneFull/Homo_sapiens/SRX19704136.h5ad,success,,PRJNA945854
SRX19704134,arc-institute-virtual-cell-atlas/scbasecount/2026-01-12/h5ad/GeneFull/Homo_sapiens/SRX19704134.h5ad,success,,PRJNA945854
SRX19704149,arc-institute-virtual-cell-atlas/scbasecount/2026-01-12/h5ad/GeneFull/Homo_sapiens/SRX19704149.h5ad,success,,PRJNA945854
SRX19704138,arc-institute-virtual-cell-atlas/scbasecount/2026-01-12/h5ad/GeneFull/Homo_sapiens/SRX19704138.h5ad,success,,PRJNA945854
SRX19704140,arc-institute-virtual-cell-atlas/scbasecount/2026-01-12/h5ad/GeneFull/Homo_sapiens/SRX19704140.h5ad,skip,excessive_cell_dropout,
SRX19704169,arc-institute-virtual-cell-atlas/scbasecount/2026-01-12/h5ad/GeneFull/Homo_sapiens/SRX19704169.h5ad,success,,PRJNA945854
SRX19693846,arc-institute-virtual-cell-atlas/scbasecount/2026-01-12/h5ad/GeneFull/Homo_sapiens/SRX19693846.h5ad,success,,PRJNA945417
SRX19704125,arc-institute-virtual-cell-atlas/scbasecount/2026-01-12/h5ad/GeneFull/Homo_sapiens/SRX19704125.h5ad,skip,too_few_cells,
SRX19704167,arc-institute-virtual-cell-atlas/scbasecount/2026-01-12/h5ad/GeneFull/Homo_sapiens/SRX19704167.h5ad,success,,PRJNA945854
SRX19704135,arc-institute-virtual-cell-atlas/scbasecount/2026-01-12/h5ad/GeneFull/Homo_sapiens/SRX19704135.h5ad,success,,PRJNA945854
SRX19704137,arc-institute-virtual-cell-atlas/scbasecount/2026-01-12/h5ad/GeneFull/Homo_sapiens/SRX19704137.h5ad,success,,PRJNA945854
SRX19704128,arc-institute-virtual-cell-atlas/scbasecount/2026-01-12/h5ad/GeneFull/Homo_sapiens/SRX19704128.h5ad,success,,PRJNA945854
SRX19704148,arc-institute-virtual-cell-atlas/scbasecount/2026-01-12/h5ad/GeneFull/Homo_sapiens/SRX19704148.h5ad,success,,PRJNA945854
SRX19704155,arc-institute-virtual-cell-atlas/scbasecount/2026-01-12/h5ad/GeneFull/Homo_sapiens/SRX19704155.h5ad,success,,PRJNA945854
SRX19704202,arc-institute-virtual-cell-atlas/scbasecount/2026-01-12/h5ad/GeneFull/Homo_sapiens/SRX19704202.h5ad,success,,PRJNA945854
SRX19704201,arc-institute-virtual-cell-atlas/scbasecount/2026-01-12/h5ad/GeneFull/Homo_sapiens/SRX19704201.h5ad,success,,PRJNA945854
SRX19704188,arc-institute-virtual-cell-atlas/scbasecount/2026-01-12/h5ad/GeneFull/Homo_sapiens/SRX19704188.h5ad,success,,PRJNA945854
SRX19704163,arc-institute-virtual-cell-atlas/scbasecount/2026-01-12/h5ad/GeneFull/Homo_sapiens/SRX19704163.h5ad,success,,PRJNA945854
SRX19704159,arc-institute-virtual-cell-atlas/scbasecount/2026-01-12/h5ad/GeneFull/Homo_sapiens/SRX19704159.h5ad,success,,PRJNA945854
SRX19704164,arc-institute-virtual-cell-atlas/scbasecount/2026-01-12/h5ad/GeneFull/Homo_sapiens/SRX19704164.h5ad,success,,PRJNA945854
SRX19704166,arc-institute-virtual-cell-atlas/scbasecount/2026-01-12/h5ad/GeneFull/Homo_sapiens/SRX19704166.h5ad,success,,PRJNA945854
SRX19704176,arc-institute-virtual-cell-atlas/scbasecount/2026-01-12/h5ad/GeneFull/Homo_sapiens/SRX19704176.h5ad,success,,PRJNA945854
SRX19730968,arc-institute-virtual-cell-atlas/scbasecount/2026-01-12/h5ad/GeneFull/Homo_sapiens/SRX19730968.h5ad,success,,PRJNA934540
SRX19704139,arc-institute-virtual-cell-atlas/scbasecount/2026-01-12/h5ad/GeneFull/Homo_sapiens/SRX19704139.h5ad,success,,PRJNA945854
SRX19704165,arc-institute-virtual-cell-atlas/scbasecount/2026-01-12/h5ad/GeneFull/Homo_sapiens/SRX19704165.h5ad,success,,PRJNA945854
SRX19704156,arc-institute-virtual-cell-atlas/scbasecount/2026-01-12/h5ad/GeneFull/Homo_sapiens/SRX19704156.h5ad,success,,PRJNA945854
SRX19704157,arc-institute-virtual-cell-atlas/scbasecount/2026-01-12/h5ad/GeneFull/Homo_sapiens/SRX19704157.h5ad,success,,PRJNA945854
SRX19704901,arc-institute-virtual-cell-atlas/scbasecount/2026-01-12/h5ad/GeneFull/Homo_sapiens/SRX19704901.h5ad,success,,PRJNA945866
SRX19704170,arc-institute-virtual-cell-atlas/scbasecount/2026-01-12/h5ad/GeneFull/Homo_sapiens/SRX19704170.h5ad,success,,PRJNA945854
SRX19693840,arc-institute-virtual-cell-atlas/scbasecount/2026-01-12/h5ad/GeneFull/Homo_sapiens/SRX19693840.h5ad,success,,PRJNA945417
SRX19704130,arc-institute-virtual-cell-atlas/scbasecount/2026-01-12/h5ad/GeneFull/Homo_sapiens/SRX19704130.h5ad,success,,PRJNA945854
SRX19730933,arc-institute-virtual-cell-atlas/scbasecount/2026-01-12/h5ad/GeneFull/Homo_sapiens/SRX19730933.h5ad,success,,PRJNA934540
SRX19704898,arc-institute-virtual-cell-atlas/scbasecount/2026-01-12/h5ad/GeneFull/Homo_sapiens/SRX19704898.h5ad,success,,PRJNA945866
SRX19704900,arc-institute-virtual-cell-atlas/scbasecount/2026-01-12/h5ad/GeneFull/Homo_sapiens/SRX19704900.h5ad,success,,PRJNA945866
SRX19704142,arc-institute-virtual-cell-atlas/scbasecount/2026-01-12/h5ad/GeneFull/Homo_sapiens/SRX19704142.h5ad,success,,PRJNA945854
SRX19704160,arc-institute-virtual-cell-atlas/scbasecount/2026-01-12/h5ad/GeneFull/Homo_sapiens/SRX19704160.h5ad,success,,PRJNA945854
SRX19704197,arc-institute-virtual-cell-atlas/scbasecount/2026-01-12/h5ad/GeneFull/Homo_sapiens/SRX19704197.h5ad,success,,PRJNA945854
SRX19704162,arc-institute-virtual-cell-atlas/scbasecount/2026-01-12/h5ad/GeneFull/Homo_sapiens/SRX19704162.h5ad,success,,PRJNA945854
SRX19727425,arc-institute-virtual-cell-atlas/scbasecount/2026-01-12/h5ad/GeneFull/Homo_sapiens/SRX19727425.h5ad,success,,PRJNA946652
SRX19727434,arc-institute-virtual-cell-atlas/scbasecount/2026-01-12/h5ad/GeneFull/Homo_sapiens/SRX19727434.h5ad,success,,PRJNA946652
SRX19693844,arc-institute-virtual-cell-atlas/scbasecount/2026-01-12/h5ad/GeneFull/Homo_sapiens/SRX19693844.h5ad,success,,PRJNA945417
SRX19730932,arc-institute-virtual-cell-atlas/scbasecount/2026-01-12/h5ad/GeneFull/Homo_sapiens/SRX19730932.h5ad,success,,PRJNA934540
SRX19727429,arc-institute-virtual-cell-atlas/scbasecount/2026-01-12/h5ad/GeneFull/Homo_sapiens/SRX19727429.h5ad,success,,PRJNA946652
SRX19727435,arc-institute-virtual-cell-atlas/scbasecount/2026-01-12/h5ad/GeneFull/Homo_sapiens/SRX19727435.h5ad,success,,PRJNA946652
SRX19730934,arc-institute-virtual-cell-atlas/scbasecount/2026-01-12/h5ad/GeneFull/Homo_sapiens/SRX19730934.h5ad,success,,PRJNA934540
SRX19704196,arc-institute-virtual-cell-atlas/scbasecount/2026-01-12/h5ad/GeneFull/Homo_sapiens/SRX19704196.h5ad,success,,PRJNA945854
SRX19704179,arc-institute-virtual-cell-atlas/scbasecount/2026-01-12/h5ad/GeneFull/Homo_sapiens/SRX19704179.h5ad,success,,PRJNA945854
SRX19704177,arc-institute-virtual-cell-atlas/scbasecount/2026-01-12/h5ad/GeneFull/Homo_sapiens/SRX19704177.h5ad,success,,PRJNA945854
SRX19727431,arc-institute-virtual-cell-atlas/scbasecount/2026-01-12/h5ad/GeneFull/Homo_sapiens/SRX19727431.h5ad,success,,PRJNA946652
SRX19704180,arc-institute-virtual-cell-atlas/scbasecount/2026-01-12/h5ad/GeneFull/Homo_sapiens/SRX19704180.h5ad,success,,PRJNA945854
SRX19727428,arc-institute-virtual-cell-atlas/scbasecount/2026-01-12/h5ad/GeneFull/Homo_sapiens/SRX19727428.h5ad,success,,PRJNA946652
SRX19704171,arc-institute-virtual-cell-atlas/scbasecount/2026-01-12/h5ad/GeneFull/Homo_sapiens/SRX19704171.h5ad,success,,PRJNA945854
SRX19780681,arc-institute-virtual-cell-atlas/scbasecount/2026-01-12/h5ad/GeneFull/Homo_sapiens/SRX19780681.h5ad,success,,PRJNA949104
SRX19704186,arc-institute-virtual-cell-atlas/scbasecount/2026-01-12/h5ad/GeneFull/Homo_sapiens/SRX19704186.h5ad,success,,PRJNA945854
SRX19704184,arc-institute-virtual-cell-atlas/scbasecount/2026-01-12/h5ad/GeneFull/Homo_sapiens/SRX19704184.h5ad,success,,PRJNA945854
SRX19704181,arc-institute-virtual-cell-atlas/scbasecount/2026-01-12/h5ad/GeneFull/Homo_sapiens/SRX19704181.h5ad,success,,PRJNA945854
SRX19780677,arc-institute-virtual-cell-atlas/scbasecount/2026-01-12/h5ad/GeneFull/Homo_sapiens/SRX19780677.h5ad,success,,PRJNA949104
SRX19844846,arc-institute-virtual-cell-atlas/scbasecount/2026-01-12/h5ad/GeneFull/Homo_sapiens/SRX19844846.h5ad,success,,PRJNA945854
SRX19844843,arc-institute-virtual-cell-atlas/scbasecount/2026-01-12/h5ad/GeneFull/Homo_sapiens/SRX19844843.h5ad,success,,PRJNA945854
SRX19844825,arc-institute-virtual-cell-atlas/scbasecount/2026-01-12/h5ad/GeneFull/Homo_sapiens/SRX19844825.h5ad,success,,PRJNA945854
SRX19844838,arc-institute-virtual-cell-atlas/scbasecount/2026-01-12/h5ad/GeneFull/Homo_sapiens/SRX19844838.h5ad,success,,PRJNA945854
SRX19844817,arc-institute-virtual-cell-atlas/scbasecount/2026-01-12/h5ad/GeneFull/Homo_sapiens/SRX19844817.h5ad,success,,PRJNA945854
SRX19844819,arc-institute-virtual-cell-atlas/scbasecount/2026-01-12/h5ad/GeneFull/Homo_sapiens/SRX19844819.h5ad,success,,PRJNA945854
SRX19844844,arc-institute-virtual-cell-atlas/scbasecount/2026-01-12/h5ad/GeneFull/Homo_sapiens/SRX19844844.h5ad,success,,PRJNA945854
SRX19844826,arc-institute-virtual-cell-atlas/scbasecount/2026-01-12/h5ad/GeneFull/Homo_sapiens/SRX19844826.h5ad,success,,PRJNA945854
SRX19844840,arc-institute-virtual-cell-atlas/scbasecount/2026-01-12/h5ad/GeneFull/Homo_sapiens/SRX19844840.h5ad,success,,PRJNA945854
SRX25737230,arc-institute-virtual-cell-atlas/scbasecount/2026-01-12/h5ad/GeneFull/Homo_sapiens/SRX25737230.h5ad,success,,PRJNA1149046
SRX19844818,arc-institute-virtual-cell-atlas/scbasecount/2026-01-12/h5ad/GeneFull/Homo_sapiens/SRX19844818.h5ad,success,,PRJNA945854
SRX19780685,arc-institute-virtual-cell-atlas/scbasecount/2026-01-12/h5ad/GeneFull/Homo_sapiens/SRX19780685.h5ad,success,,PRJNA949104
SRX19844829,arc-institute-virtual-cell-atlas/scbasecount/2026-01-12/h5ad/GeneFull/Homo_sapiens/SRX19844829.h5ad,success,,PRJNA945854
SRX19844841,arc-institute-virtual-cell-atlas/scbasecount/2026-01-12/h5ad/GeneFull/Homo_sapiens/SRX19844841.h5ad,success,,PRJNA945854
SRX19844821,arc-institute-virtual-cell-atlas/scbasecount/2026-01-12/h5ad/GeneFull/Homo_sapiens/SRX19844821.h5ad,success,,PRJNA945854
SRX19844832,arc-institute-virtual-cell-atlas/scbasecount/2026-01-12/h5ad/GeneFull/Homo_sapiens/SRX19844832.h5ad,success,,PRJNA945854
SRX19836242,arc-institute-virtual-cell-atlas/scbasecount/2026-01-12/h5ad/GeneFull/Homo_sapiens/SRX19836242.h5ad,success,,PRJNA950922
SRX18965980,arc-institute-virtual-cell-atlas/scbasecount/2026-01-12/h5ad/GeneFull/Homo_sapiens/SRX18965980.h5ad,success,,PRJNA919922
SRX18965985,arc-institute-virtual-cell-atlas/scbasecount/2026-01-12/h5ad/GeneFull/Homo_sapiens/SRX18965985.h5ad,success,,PRJNA919922
SRX18965986,arc-institute-virtual-cell-atlas/scbasecount/2026-01-12/h5ad/GeneFull/Homo_sapiens/SRX18965986.h5ad,success,,PRJNA919922
SRX18965976,arc-institute-virtual-cell-atlas/scbasecount/2026-01-12/h5ad/GeneFull/Homo_sapiens/SRX18965976.h5ad,success,,PRJNA919922
SRX14891756,arc-institute-virtual-cell-atlas/scbasecount/2026-01-12/h5ad/GeneFull/Homo_sapiens/SRX14891756.h5ad,success,,PRJNA827791
SRX19844814,arc-institute-virtual-cell-atlas/scbasecount/2026-01-12/h5ad/GeneFull/Homo_sapiens/SRX19844814.h5ad,success,,PRJNA945854
SRX19836244,arc-institute-virtual-cell-atlas/scbasecount/2026-01-12/h5ad/GeneFull/Homo_sapiens/SRX19836244.h5ad,success,,PRJNA950922
SRX19844815,arc-institute-virtual-cell-atlas/scbasecount/2026-01-12/h5ad/GeneFull/Homo_sapiens/SRX19844815.h5ad,success,,PRJNA945854
SRX19844837,arc-institute-virtual-cell-atlas/scbasecount/2026-01-12/h5ad/GeneFull/Homo_sapiens/SRX19844837.h5ad,success,,PRJNA945854
SRX19780686,arc-institute-virtual-cell-atlas/scbasecount/2026-01-12/h5ad/GeneFull/Homo_sapiens/SRX19780686.h5ad,success,,PRJNA949104
SRX19844835,arc-institute-virtual-cell-atlas/scbasecount/2026-01-12/h5ad/GeneFull/Homo_sapiens/SRX19844835.h5ad,success,,PRJNA945854
SRX25737229,arc-institute-virtual-cell-atlas/scbasecount/2026-01-12/h5ad/GeneFull/Homo_sapiens/SRX25737229.h5ad,success,,PRJNA1149046
SRX19844836,arc-institute-virtual-cell-atlas/scbasecount/2026-01-12/h5ad/GeneFull/Homo_sapiens/SRX19844836.h5ad,success,,PRJNA945854
SRX19844813,arc-institute-virtual-cell-atlas/scbasecount/2026-01-12/h5ad/GeneFull/Homo_sapiens/SRX19844813.h5ad,success,,PRJNA945854
SRX19844823,arc-institute-virtual-cell-atlas/scbasecount/2026-01-12/h5ad/GeneFull/Homo_sapiens/SRX19844823.h5ad,success,,PRJNA945854
SRX19844822,arc-institute-virtual-cell-atlas/scbasecount/2026-01-12/h5ad/GeneFull/Homo_sapiens/SRX19844822.h5ad,success,,PRJNA945854
SRX19844812,arc-institute-virtual-cell-atlas/scbasecount/2026-01-12/h5ad/GeneFull/Homo_sapiens/SRX19844812.h5ad,success,,PRJNA945854
SRX19844842,arc-institute-virtual-cell-atlas/scbasecount/2026-01-12/h5ad/GeneFull/Homo_sapiens/SRX19844842.h5ad,success,,PRJNA945854
SRX19836241,arc-institute-virtual-cell-atlas/scbasecount/2026-01-12/h5ad/GeneFull/Homo_sapiens/SRX19836241.h5ad,success,,PRJNA950922
SRX19886046,arc-institute-virtual-cell-atlas/scbasecount/2026-01-12/h5ad/GeneFull/Homo_sapiens/SRX19886046.h5ad,success,,PRJNA952672
SRX19886026,arc-institute-virtual-cell-atlas/scbasecount/2026-01-12/h5ad/GeneFull/Homo_sapiens/SRX19886026.h5ad,success,,PRJNA952672
SRX19844850,arc-institute-virtual-cell-atlas/scbasecount/2026-01-12/h5ad/GeneFull/Homo_sapiens/SRX19844850.h5ad,success,,PRJNA945854
SRX19886045,arc-institute-virtual-cell-atlas/scbasecount/2026-01-12/h5ad/GeneFull/Homo_sapiens/SRX19886045.h5ad,success,,PRJNA952672
SRX19886027,arc-institute-virtual-cell-atlas/scbasecount/2026-01-12/h5ad/GeneFull/Homo_sapiens/SRX19886027.h5ad,success,,PRJNA952672
SRX25737227,arc-institute-virtual-cell-atlas/scbasecount/2026-01-12/h5ad/GeneFull/Homo_sapiens/SRX25737227.h5ad,success,,PRJNA1149046
SRX25737232,arc-institute-virtual-cell-atlas/scbasecount/2026-01-12/h5ad/GeneFull/Homo_sapiens/SRX25737232.h5ad,success,,PRJNA1149046
SRX19844847,arc-institute-virtual-cell-atlas/scbasecount/2026-01-12/h5ad/GeneFull/Homo_sapiens/SRX19844847.h5ad,success,,PRJNA945854
SRX19844848,arc-institute-virtual-cell-atlas/scbasecount/2026-01-12/h5ad/GeneFull/Homo_sapiens/SRX19844848.h5ad,success,,PRJNA945854
SRX19844828,arc-institute-virtual-cell-atlas/scbasecount/2026-01-12/h5ad/GeneFull/Homo_sapiens/SRX19844828.h5ad,success,,PRJNA945854
SRX19886023,arc-institute-virtual-cell-atlas/scbasecount/2026-01-12/h5ad/GeneFull/Homo_sapiens/SRX19886023.h5ad,success,,PRJNA952672
SRX19886022,arc-institute-virtual-cell-atlas/scbasecount/2026-01-12/h5ad/GeneFull/Homo_sapiens/SRX19886022.h5ad,success,,PRJNA952672
SRX19886031,arc-institute-virtual-cell-atlas/scbasecount/2026-01-12/h5ad/GeneFull/Homo_sapiens/SRX19886031.h5ad,success,,PRJNA952672
SRX19886040,arc-institute-virtual-cell-atlas/scbasecount/2026-01-12/h5ad/GeneFull/Homo_sapiens/SRX19886040.h5ad,success,,PRJNA952672
SRX19886029,arc-institute-virtual-cell-atlas/scbasecount/2026-01-12/h5ad/GeneFull/Homo_sapiens/SRX19886029.h5ad,success,,PRJNA952672
SRX19886042,arc-institute-virtual-cell-atlas/scbasecount/2026-01-12/h5ad/GeneFull/Homo_sapiens/SRX19886042.h5ad,success,,PRJNA952672
SRX19886039,arc-institute-virtual-cell-atlas/scbasecount/2026-01-12/h5ad/GeneFull/Homo_sapiens/SRX19886039.h5ad,success,,PRJNA952672
SRX19886037,arc-institute-virtual-cell-atlas/scbasecount/2026-01-12/h5ad/GeneFull/Homo_sapiens/SRX19886037.h5ad,success,,PRJNA952672
SRX19886041,arc-institute-virtual-cell-atlas/scbasecount/2026-01-12/h5ad/GeneFull/Homo_sapiens/SRX19886041.h5ad,success,,PRJNA952672
SRX19886035,arc-institute-virtual-cell-atlas/scbasecount/2026-01-12/h5ad/GeneFull/Homo_sapiens/SRX19886035.h5ad,success,,PRJNA952672
SRX19886050,arc-institute-virtual-cell-atlas/scbasecount/2026-01-12/h5ad/GeneFull/Homo_sapiens/SRX19886050.h5ad,success,,PRJNA952672
SRX19886034,arc-institute-virtual-cell-atlas/scbasecount/2026-01-12/h5ad/GeneFull/Homo_sapiens/SRX19886034.h5ad,success,,PRJNA952672
SRX19704116,arc-institute-virtual-cell-atlas/scbasecount/2026-01-12/h5ad/GeneFull/Homo_sapiens/SRX19704116.h5ad,success,,PRJNA945854
SRX19910927,arc-institute-virtual-cell-atlas/scbasecount/2026-01-12/h5ad/GeneFull/Homo_sapiens/SRX19910927.h5ad,success,,PRJNA953640
SRX19910935,arc-institute-virtual-cell-atlas/scbasecount/2026-01-12/h5ad/GeneFull/Homo_sapiens/SRX19910935.h5ad,success,,PRJNA953640
SRX19910933,arc-institute-virtual-cell-atlas/scbasecount/2026-01-12/h5ad/GeneFull/Homo_sapiens/SRX19910933.h5ad,success,,PRJNA953640
SRX19907930,arc-institute-virtual-cell-atlas/scbasecount/2026-01-12/h5ad/GeneFull/Homo_sapiens/SRX19907930.h5ad,success,,PRJNA953399
SRX19910912,arc-institute-virtual-cell-atlas/scbasecount/2026-01-12/h5ad/GeneFull/Homo_sapiens/SRX19910912.h5ad,success,,PRJNA953640
SRX19907927,arc-institute-virtual-cell-atlas/scbasecount/2026-01-12/h5ad/GeneFull/Homo_sapiens/SRX19907927.h5ad,success,,PRJNA953399
SRX19910941,arc-institute-virtual-cell-atlas/scbasecount/2026-01-12/h5ad/GeneFull/Homo_sapiens/SRX19910941.h5ad,success,,PRJNA953640
SRX19844824,arc-institute-virtual-cell-atlas/scbasecount/2026-01-12/h5ad/GeneFull/Homo_sapiens/SRX19844824.h5ad,success,,PRJNA945854
SRX19886049,arc-institute-virtual-cell-atlas/scbasecount/2026-01-12/h5ad/GeneFull/Homo_sapiens/SRX19886049.h5ad,success,,PRJNA952672
SRX19704154,arc-institute-virtual-cell-atlas/scbasecount/2026-01-12/h5ad/GeneFull/Homo_sapiens/SRX19704154.h5ad,success,,PRJNA945854
SRX19704152,arc-institute-virtual-cell-atlas/scbasecount/2026-01-12/h5ad/GeneFull/Homo_sapiens/SRX19704152.h5ad,success,,PRJNA945854
SRX19704153,arc-institute-virtual-cell-atlas/scbasecount/2026-01-12/h5ad/GeneFull/Homo_sapiens/SRX19704153.h5ad,success,,PRJNA945854
SRX20180659,arc-institute-virtual-cell-atlas/scbasecount/2026-01-12/h5ad/GeneFull/Homo_sapiens/SRX20180659.h5ad,success,,PRJNA966111
SRX20180655,arc-institute-virtual-cell-atlas/scbasecount/2026-01-12/h5ad/GeneFull/Homo_sapiens/SRX20180655.h5ad,success,,PRJNA966111
SRX10606547,arc-institute-virtual-cell-atlas/scbasecount/2026-01-12/h5ad/GeneFull/Homo_sapiens/SRX10606547.h5ad,success,,PRJNA722248
SRX25737234,arc-institute-virtual-cell-atlas/scbasecount/2026-01-12/h5ad/GeneFull/Homo_sapiens/SRX25737234.h5ad,success,,PRJNA1149046
SRX20180654,arc-institute-virtual-cell-atlas/scbasecount/2026-01-12/h5ad/GeneFull/Homo_sapiens/SRX20180654.h5ad,success,,PRJNA966111
SRX20407494,arc-institute-virtual-cell-atlas/scbasecount/2026-01-12/h5ad/GeneFull/Homo_sapiens/SRX20407494.h5ad,success,,PRJNA973717
SRX20407493,arc-institute-virtual-cell-atlas/scbasecount/2026-01-12/h5ad/GeneFull/Homo_sapiens/SRX20407493.h5ad,success,,PRJNA973717
SRX20407497,arc-institute-virtual-cell-atlas/scbasecount/2026-01-12/h5ad/GeneFull/Homo_sapiens/SRX20407497.h5ad,success,,PRJNA973717
SRX20407499,arc-institute-virtual-cell-atlas/scbasecount/2026-01-12/h5ad/GeneFull/Homo_sapiens/SRX20407499.h5ad,success,,PRJNA973717
SRX19693847,arc-institute-virtual-cell-atlas/scbasecount/2026-01-12/h5ad/GeneFull/Homo_sapiens/SRX19693847.h5ad,success,,PRJNA945417
SRX25737231,arc-institute-virtual-cell-atlas/scbasecount/2026-01-12/h5ad/GeneFull/Homo_sapiens/SRX25737231.h5ad,success,,PRJNA1149046
SRX19704193,arc-institute-virtual-cell-atlas/scbasecount/2026-01-12/h5ad/GeneFull/Homo_sapiens/SRX19704193.h5ad,success,,PRJNA945854
SRX19704175,arc-institute-virtual-cell-atlas/scbasecount/2026-01-12/h5ad/GeneFull/Homo_sapiens/SRX19704175.h5ad,success,,PRJNA945854
SRX19727433,arc-institute-virtual-cell-atlas/scbasecount/2026-01-12/h5ad/GeneFull/Homo_sapiens/SRX19727433.h5ad,success,,PRJNA946652
SRX19727432,arc-institute-virtual-cell-atlas/scbasecount/2026-01-12/h5ad/GeneFull/Homo_sapiens/SRX19727432.h5ad,success,,PRJNA946652
SRX19727426,arc-institute-virtual-cell-atlas/scbasecount/2026-01-12/h5ad/GeneFull/Homo_sapiens/SRX19727426.h5ad,success,,PRJNA946652
SRX19704145,arc-institute-virtual-cell-atlas/scbasecount/2026-01-12/h5ad/GeneFull/Homo_sapiens/SRX19704145.h5ad,success,,PRJNA945854
SRX19704143,arc-institute-virtual-cell-atlas/scbasecount/2026-01-12/h5ad/GeneFull/Homo_sapiens/SRX19704143.h5ad,success,,PRJNA945854
SRX19704194,arc-institute-virtual-cell-atlas/scbasecount/2026-01-12/h5ad/GeneFull/Homo_sapiens/SRX19704194.h5ad,success,,PRJNA945854
SRX19704144,arc-institute-virtual-cell-atlas/scbasecount/2026-01-12/h5ad/GeneFull/Homo_sapiens/SRX19704144.h5ad,success,,PRJNA945854
SRX19704173,arc-institute-virtual-cell-atlas/scbasecount/2026-01-12/h5ad/GeneFull/Homo_sapiens/SRX19704173.h5ad,success,,PRJNA945854
SRX19780680,arc-institute-virtual-cell-atlas/scbasecount/2026-01-12/h5ad/GeneFull/Homo_sapiens/SRX19780680.h5ad,success,,PRJNA949104
SRX19704172,arc-institute-virtual-cell-atlas/scbasecount/2026-01-12/h5ad/GeneFull/Homo_sapiens/SRX19704172.h5ad,success,,PRJNA945854
SRX25737235,arc-institute-virtual-cell-atlas/scbasecount/2026-01-12/h5ad/GeneFull/Homo_sapiens/SRX25737235.h5ad,success,,PRJNA1149046
SRX19780682,arc-institute-virtual-cell-atlas/scbasecount/2026-01-12/h5ad/GeneFull/Homo_sapiens/SRX19780682.h5ad,success,,PRJNA949104
SRX19780683,arc-institute-virtual-cell-atlas/scbasecount/2026-01-12/h5ad/GeneFull/Homo_sapiens/SRX19780683.h5ad,success,,PRJNA949104
SRX19780684,arc-institute-virtual-cell-atlas/scbasecount/2026-01-12/h5ad/GeneFull/Homo_sapiens/SRX19780684.h5ad,success,,PRJNA949104
SRX19780678,arc-institute-virtual-cell-atlas/scbasecount/2026-01-12/h5ad/GeneFull/Homo_sapiens/SRX19780678.h5ad,success,,PRJNA949104
SRX19704903,arc-institute-virtual-cell-atlas/scbasecount/2026-01-12/h5ad/GeneFull/Homo_sapiens/SRX19704903.h5ad,success,,PRJNA945866
SRX20811756,arc-institute-virtual-cell-atlas/scbasecount/2026-01-12/h5ad/GeneFull/Homo_sapiens/SRX20811756.h5ad,success,,PRJNA988459
SRX20970826,arc-institute-virtual-cell-atlas/scbasecount/2026-01-12/h5ad/GeneFull/Homo_sapiens/SRX20970826.h5ad,success,,PRJNA993165
SRX20612052,arc-institute-virtual-cell-atlas/scbasecount/2026-01-12/h5ad/GeneFull/Homo_sapiens/SRX20612052.h5ad,success,,PRJNA980643
SRX20811757,arc-institute-virtual-cell-atlas/scbasecount/2026-01-12/h5ad/GeneFull/Homo_sapiens/SRX20811757.h5ad,success,,PRJNA988459
SRX20811755,arc-institute-virtual-cell-atlas/scbasecount/2026-01-12/h5ad/GeneFull/Homo_sapiens/SRX20811755.h5ad,success,,PRJNA988459
SRX20970828,arc-institute-virtual-cell-atlas/scbasecount/2026-01-12/h5ad/GeneFull/Homo_sapiens/SRX20970828.h5ad,success,,PRJNA993165
SRX20811747,arc-institute-virtual-cell-atlas/scbasecount/2026-01-12/h5ad/GeneFull/Homo_sapiens/SRX20811747.h5ad,success,,PRJNA988459
SRX20811748,arc-institute-virtual-cell-atlas/scbasecount/2026-01-12/h5ad/GeneFull/Homo_sapiens/SRX20811748.h5ad,success,,PRJNA988459
SRX20811749,arc-institute-virtual-cell-atlas/scbasecount/2026-01-12/h5ad/GeneFull/Homo_sapiens/SRX20811749.h5ad,success,,PRJNA988459
SRX20811743,arc-institute-virtual-cell-atlas/scbasecount/2026-01-12/h5ad/GeneFull/Homo_sapiens/SRX20811743.h5ad,success,,PRJNA988459
SRX21311408,arc-institute-virtual-cell-atlas/scbasecount/2026-01-12/h5ad/GeneFull/Homo_sapiens/SRX21311408.h5ad,success,,PRJNA1003807
SRX21460116,arc-institute-virtual-cell-atlas/scbasecount/2026-01-12/h5ad/GeneFull/Homo_sapiens/SRX21460116.h5ad,success,,PRJNA1008237
SRX21460117,arc-institute-virtual-cell-atlas/scbasecount/2026-01-12/h5ad/GeneFull/Homo_sapiens/SRX21460117.h5ad,success,,PRJNA1008237
SRX21460106,arc-institute-virtual-cell-atlas/scbasecount/2026-01-12/h5ad/GeneFull/Homo_sapiens/SRX21460106.h5ad,success,,PRJNA1008237
SRX19366526,arc-institute-virtual-cell-atlas/scbasecount/2026-01-12/h5ad/GeneFull/Homo_sapiens/SRX19366526.h5ad,success,,PRJNA934917
SRX21460094,arc-institute-virtual-cell-atlas/scbasecount/2026-01-12/h5ad/GeneFull/Homo_sapiens/SRX21460094.h5ad,success,,PRJNA1008237
SRX21460115,arc-institute-virtual-cell-atlas/scbasecount/2026-01-12/h5ad/GeneFull/Homo_sapiens/SRX21460115.h5ad,success,,PRJNA1008237
SRX21460093,arc-institute-virtual-cell-atlas/scbasecount/2026-01-12/h5ad/GeneFull/Homo_sapiens/SRX21460093.h5ad,success,,PRJNA1008237
SRX21808828,arc-institute-virtual-cell-atlas/scbasecount/2026-01-12/h5ad/GeneFull/Homo_sapiens/SRX21808828.h5ad,success,,PRJNA1018509
SRX25737228,arc-institute-virtual-cell-atlas/scbasecount/2026-01-12/h5ad/GeneFull/Homo_sapiens/SRX25737228.h5ad,success,,PRJNA1149046
SRX21808827,arc-institute-virtual-cell-atlas/scbasecount/2026-01-12/h5ad/GeneFull/Homo_sapiens/SRX21808827.h5ad,success,,PRJNA1018509
SRX24275202,arc-institute-virtual-cell-atlas/scbasecount/2026-01-12/h5ad/GeneFull/Homo_sapiens/SRX24275202.h5ad,success,,PRJNA1100571
SRX22130035,arc-institute-virtual-cell-atlas/scbasecount/2026-01-12/h5ad/GeneFull/Homo_sapiens/SRX22130035.h5ad,success,,PRJNA1029622
SRX21897876,arc-institute-virtual-cell-atlas/scbasecount/2026-01-12/h5ad/GeneFull/Homo_sapiens/SRX21897876.h5ad,success,,PRJNA1021137
SRX21897877,arc-institute-virtual-cell-atlas/scbasecount/2026-01-12/h5ad/GeneFull/Homo_sapiens/SRX21897877.h5ad,success,,PRJNA1021137
SRX21897874,arc-institute-virtual-cell-atlas/scbasecount/2026-01-12/h5ad/GeneFull/Homo_sapiens/SRX21897874.h5ad,success,,PRJNA1021137
SRX21897868,arc-institute-virtual-cell-atlas/scbasecount/2026-01-12/h5ad/GeneFull/Homo_sapiens/SRX21897868.h5ad,success,,PRJNA1021137
SRX21808834,arc-institute-virtual-cell-atlas/scbasecount/2026-01-12/h5ad/GeneFull/Homo_sapiens/SRX21808834.h5ad,success,,PRJNA1018509
SRX22478206,arc-institute-virtual-cell-atlas/scbasecount/2026-01-12/h5ad/GeneFull/Homo_sapiens/SRX22478206.h5ad,success,,PRJNA1037570
SRX22558190,arc-institute-virtual-cell-atlas/scbasecount/2026-01-12/h5ad/GeneFull/Homo_sapiens/SRX22558190.h5ad,success,,PRJNA1041779
SRX22558193,arc-institute-virtual-cell-atlas/scbasecount/2026-01-12/h5ad/GeneFull/Homo_sapiens/SRX22558193.h5ad,success,,PRJNA1041779
SRX22538049,arc-institute-virtual-cell-atlas/scbasecount/2026-01-12/h5ad/GeneFull/Homo_sapiens/SRX22538049.h5ad,success,,PRJNA1010235
SRX21203377,arc-institute-virtual-cell-atlas/scbasecount/2026-01-12/h5ad/GeneFull/Homo_sapiens/SRX21203377.h5ad,success,,PRJNA1000503
SRX22836418,arc-institute-virtual-cell-atlas/scbasecount/2026-01-12/h5ad/GeneFull/Homo_sapiens/SRX22836418.h5ad,success,,PRJNA1050294
SRX22836420,arc-institute-virtual-cell-atlas/scbasecount/2026-01-12/h5ad/GeneFull/Homo_sapiens/SRX22836420.h5ad,success,,PRJNA1050294
SRX22836421,arc-institute-virtual-cell-atlas/scbasecount/2026-01-12/h5ad/GeneFull/Homo_sapiens/SRX22836421.h5ad,success,,PRJNA1050294
SRX22226494,arc-institute-virtual-cell-atlas/scbasecount/2026-01-12/h5ad/GeneFull/Homo_sapiens/SRX22226494.h5ad,success,,PRJNA1032112
SRX22226496,arc-institute-virtual-cell-atlas/scbasecount/2026-01-12/h5ad/GeneFull/Homo_sapiens/SRX22226496.h5ad,success,,PRJNA1032112
SRX22226498,arc-institute-virtual-cell-atlas/scbasecount/2026-01-12/h5ad/GeneFull/Homo_sapiens/SRX22226498.h5ad,success,,PRJNA1032112
SRX22226500,arc-institute-virtual-cell-atlas/scbasecount/2026-01-12/h5ad/GeneFull/Homo_sapiens/SRX22226500.h5ad,success,,PRJNA1032112
SRX22226492,arc-institute-virtual-cell-atlas/scbasecount/2026-01-12/h5ad/GeneFull/Homo_sapiens/SRX22226492.h5ad,success,,PRJNA1032112
SRX23341417,arc-institute-virtual-cell-atlas/scbasecount/2026-01-12/h5ad/GeneFull/Homo_sapiens/SRX23341417.h5ad,skip,excessive_cell_dropout,
SRX23341416,arc-institute-virtual-cell-atlas/scbasecount/2026-01-12/h5ad/GeneFull/Homo_sapiens/SRX23341416.h5ad,skip,excessive_cell_dropout,
SRX23341414,arc-institute-virtual-cell-atlas/scbasecount/2026-01-12/h5ad/GeneFull/Homo_sapiens/SRX23341414.h5ad,skip,excessive_cell_dropout,
SRX23331468,arc-institute-virtual-cell-atlas/scbasecount/2026-01-12/h5ad/GeneFull/Homo_sapiens/SRX23331468.h5ad,skip,excessive_cell_dropout,
SRX23331467,arc-institute-virtual-cell-atlas/scbasecount/2026-01-12/h5ad/GeneFull/Homo_sapiens/SRX23331467.h5ad,success,,PRJNA1066790
SRX22996311,arc-institute-virtual-cell-atlas/scbasecount/2026-01-12/h5ad/GeneFull/Homo_sapiens/SRX22996311.h5ad,success,,PRJNA1055415
SRX23341415,arc-institute-virtual-cell-atlas/scbasecount/2026-01-12/h5ad/GeneFull/Homo_sapiens/SRX23341415.h5ad,skip,excessive_cell_dropout,
SRX22996313,arc-institute-virtual-cell-atlas/scbasecount/2026-01-12/h5ad/GeneFull/Homo_sapiens/SRX22996313.h5ad,success,,PRJNA1055415
SRX22996364,arc-institute-virtual-cell-atlas/scbasecount/2026-01-12/h5ad/GeneFull/Homo_sapiens/SRX22996364.h5ad,success,,PRJNA1055415
SRX23331472,arc-institute-virtual-cell-atlas/scbasecount/2026-01-12/h5ad/GeneFull/Homo_sapiens/SRX23331472.h5ad,success,,PRJNA1066790
SRX22996380,arc-institute-virtual-cell-atlas/scbasecount/2026-01-12/h5ad/GeneFull/Homo_sapiens/SRX22996380.h5ad,success,,PRJNA1055415
SRX22996391,arc-institute-virtual-cell-atlas/scbasecount/2026-01-12/h5ad/GeneFull/Homo_sapiens/SRX22996391.h5ad,success,,PRJNA1055415
SRX22996381,arc-institute-virtual-cell-atlas/scbasecount/2026-01-12/h5ad/GeneFull/Homo_sapiens/SRX22996381.h5ad,success,,PRJNA1055415
SRX22996393,arc-institute-virtual-cell-atlas/scbasecount/2026-01-12/h5ad/GeneFull/Homo_sapiens/SRX22996393.h5ad,success,,PRJNA1055415
SRX22996361,arc-institute-virtual-cell-atlas/scbasecount/2026-01-12/h5ad/GeneFull/Homo_sapiens/SRX22996361.h5ad,success,,PRJNA1055415
SRX23331461,arc-institute-virtual-cell-atlas/scbasecount/2026-01-12/h5ad/GeneFull/Homo_sapiens/SRX23331461.h5ad,success,,PRJNA1066790
SRX22996397,arc-institute-virtual-cell-atlas/scbasecount/2026-01-12/h5ad/GeneFull/Homo_sapiens/SRX22996397.h5ad,success,,PRJNA1055415
SRX22996353,arc-institute-virtual-cell-atlas/scbasecount/2026-01-12/h5ad/GeneFull/Homo_sapiens/SRX22996353.h5ad,success,,PRJNA1055415
SRX22996363,arc-institute-virtual-cell-atlas/scbasecount/2026-01-12/h5ad/GeneFull/Homo_sapiens/SRX22996363.h5ad,success,,PRJNA1055415
SRX23331464,arc-institute-virtual-cell-atlas/scbasecount/2026-01-12/h5ad/GeneFull/Homo_sapiens/SRX23331464.h5ad,success,,PRJNA1066790
SRX23331473,arc-institute-virtual-cell-atlas/scbasecount/2026-01-12/h5ad/GeneFull/Homo_sapiens/SRX23331473.h5ad,success,,PRJNA1066790
SRX23395179,arc-institute-virtual-cell-atlas/scbasecount/2026-01-12/h5ad/GeneFull/Homo_sapiens/SRX23395179.h5ad,success,,PRJNA1069102
SRX23395181,arc-institute-virtual-cell-atlas/scbasecount/2026-01-12/h5ad/GeneFull/Homo_sapiens/SRX23395181.h5ad,success,,PRJNA1069102
SRX23395180,arc-institute-virtual-cell-atlas/scbasecount/2026-01-12/h5ad/GeneFull/Homo_sapiens/SRX23395180.h5ad,success,,PRJNA1069102
SRX22996354,arc-institute-virtual-cell-atlas/scbasecount/2026-01-12/h5ad/GeneFull/Homo_sapiens/SRX22996354.h5ad,success,,PRJNA1055415
SRX23331470,arc-institute-virtual-cell-atlas/scbasecount/2026-01-12/h5ad/GeneFull/Homo_sapiens/SRX23331470.h5ad,success,,PRJNA1066790
SRX23331469,arc-institute-virtual-cell-atlas/scbasecount/2026-01-12/h5ad/GeneFull/Homo_sapiens/SRX23331469.h5ad,success,,PRJNA1066790
SRX23331471,arc-institute-virtual-cell-atlas/scbasecount/2026-01-12/h5ad/GeneFull/Homo_sapiens/SRX23331471.h5ad,success,,PRJNA1066790
SRX23395182,arc-institute-virtual-cell-atlas/scbasecount/2026-01-12/h5ad/GeneFull/Homo_sapiens/SRX23395182.h5ad,success,,PRJNA1069102
SRX23395191,arc-institute-virtual-cell-atlas/scbasecount/2026-01-12/h5ad/GeneFull/Homo_sapiens/SRX23395191.h5ad,success,,PRJNA1069102
SRX22996368,arc-institute-virtual-cell-atlas/scbasecount/2026-01-12/h5ad/GeneFull/Homo_sapiens/SRX22996368.h5ad,success,,PRJNA1055415
SRX23395185,arc-institute-virtual-cell-atlas/scbasecount/2026-01-12/h5ad/GeneFull/Homo_sapiens/SRX23395185.h5ad,success,,PRJNA1069102
SRX22996367,arc-institute-virtual-cell-atlas/scbasecount/2026-01-12/h5ad/GeneFull/Homo_sapiens/SRX22996367.h5ad,success,,PRJNA1055415
SRX23395189,arc-institute-virtual-cell-atlas/scbasecount/2026-01-12/h5ad/GeneFull/Homo_sapiens/SRX23395189.h5ad,success,,PRJNA1069102
SRX23457973,arc-institute-virtual-cell-atlas/scbasecount/2026-01-12/h5ad/GeneFull/Homo_sapiens/SRX23457973.h5ad,success,,PRJNA1071273
SRX21256826,arc-institute-virtual-cell-atlas/scbasecount/2026-01-12/h5ad/GeneFull/Homo_sapiens/SRX21256826.h5ad,success,,PRJNA1002309
SRX23457969,arc-institute-virtual-cell-atlas/scbasecount/2026-01-12/h5ad/GeneFull/Homo_sapiens/SRX23457969.h5ad,success,,PRJNA1071273
SRX22996349,arc-institute-virtual-cell-atlas/scbasecount/2026-01-12/h5ad/GeneFull/Homo_sapiens/SRX22996349.h5ad,success,,PRJNA1055415
SRX22996345,arc-institute-virtual-cell-atlas/scbasecount/2026-01-12/h5ad/GeneFull/Homo_sapiens/SRX22996345.h5ad,success,,PRJNA1055415
SRX23386175,arc-institute-virtual-cell-atlas/scbasecount/2026-01-12/h5ad/GeneFull/Homo_sapiens/SRX23386175.h5ad,success,,PRJNA1068611
SRX22996347,arc-institute-virtual-cell-atlas/scbasecount/2026-01-12/h5ad/GeneFull/Homo_sapiens/SRX22996347.h5ad,success,,PRJNA1055415
SRX23902409,arc-institute-virtual-cell-atlas/scbasecount/2026-01-12/h5ad/GeneFull/Homo_sapiens/SRX23902409.h5ad,success,,PRJNA1086544
SRX23395192,arc-institute-virtual-cell-atlas/scbasecount/2026-01-12/h5ad/GeneFull/Homo_sapiens/SRX23395192.h5ad,success,,PRJNA1069102
SRX22996371,arc-institute-virtual-cell-atlas/scbasecount/2026-01-12/h5ad/GeneFull/Homo_sapiens/SRX22996371.h5ad,success,,PRJNA1055415
SRX22996376,arc-institute-virtual-cell-atlas/scbasecount/2026-01-12/h5ad/GeneFull/Homo_sapiens/SRX22996376.h5ad,success,,PRJNA1055415
SRX22996395,arc-institute-virtual-cell-atlas/scbasecount/2026-01-12/h5ad/GeneFull/Homo_sapiens/SRX22996395.h5ad,success,,PRJNA1055415
SRX22996394,arc-institute-virtual-cell-atlas/scbasecount/2026-01-12/h5ad/GeneFull/Homo_sapiens/SRX22996394.h5ad,success,,PRJNA1055415
SRX22996358,arc-institute-virtual-cell-atlas/scbasecount/2026-01-12/h5ad/GeneFull/Homo_sapiens/SRX22996358.h5ad,success,,PRJNA1055415
SRX22996359,arc-institute-virtual-cell-atlas/scbasecount/2026-01-12/h5ad/GeneFull/Homo_sapiens/SRX22996359.h5ad,success,,PRJNA1055415
SRX22996355,arc-institute-virtual-cell-atlas/scbasecount/2026-01-12/h5ad/GeneFull/Homo_sapiens/SRX22996355.h5ad,success,,PRJNA1055415
SRX23826524,arc-institute-virtual-cell-atlas/scbasecount/2026-01-12/h5ad/GeneFull/Homo_sapiens/SRX23826524.h5ad,success,,PRJNA1083474
SRX23825229,arc-institute-virtual-cell-atlas/scbasecount/2026-01-12/h5ad/GeneFull/Homo_sapiens/SRX23825229.h5ad,success,,PRJNA1083452
SRX23825228,arc-institute-virtual-cell-atlas/scbasecount/2026-01-12/h5ad/GeneFull/Homo_sapiens/SRX23825228.h5ad,success,,PRJNA1083452
SRX23825230,arc-institute-virtual-cell-atlas/scbasecount/2026-01-12/h5ad/GeneFull/Homo_sapiens/SRX23825230.h5ad,success,,PRJNA1083452
SRX23826525,arc-institute-virtual-cell-atlas/scbasecount/2026-01-12/h5ad/GeneFull/Homo_sapiens/SRX23826525.h5ad,success,,PRJNA1083474
SRX23825226,arc-institute-virtual-cell-atlas/scbasecount/2026-01-12/h5ad/GeneFull/Homo_sapiens/SRX23825226.h5ad,success,,PRJNA1083452
SRX23825225,arc-institute-virtual-cell-atlas/scbasecount/2026-01-12/h5ad/GeneFull/Homo_sapiens/SRX23825225.h5ad,success,,PRJNA1083452
SRX24312780,arc-institute-virtual-cell-atlas/scbasecount/2026-01-12/h5ad/GeneFull/Homo_sapiens/SRX24312780.h5ad,success,,PRJNA1102355
SRX24312783,arc-institute-virtual-cell-atlas/scbasecount/2026-01-12/h5ad/GeneFull/Homo_sapiens/SRX24312783.h5ad,success,,PRJNA1102355
SRX24312782,arc-institute-virtual-cell-atlas/scbasecount/2026-01-12/h5ad/GeneFull/Homo_sapiens/SRX24312782.h5ad,success,,PRJNA1102355
SRX24312784,arc-institute-virtual-cell-atlas/scbasecount/2026-01-12/h5ad/GeneFull/Homo_sapiens/SRX24312784.h5ad,success,,PRJNA1102355
SRX24312768,arc-institute-virtual-cell-atlas/scbasecount/2026-01-12/h5ad/GeneFull/Homo_sapiens/SRX24312768.h5ad,success,,PRJNA1102355
SRX22996365,arc-institute-virtual-cell-atlas/scbasecount/2026-01-12/h5ad/GeneFull/Homo_sapiens/SRX22996365.h5ad,success,,PRJNA1055415
SRX23395183,arc-institute-virtual-cell-atlas/scbasecount/2026-01-12/h5ad/GeneFull/Homo_sapiens/SRX23395183.h5ad,success,,PRJNA1069102
SRX23331463,arc-institute-virtual-cell-atlas/scbasecount/2026-01-12/h5ad/GeneFull/Homo_sapiens/SRX23331463.h5ad,success,,PRJNA1066790
SRX23395188,arc-institute-virtual-cell-atlas/scbasecount/2026-01-12/h5ad/GeneFull/Homo_sapiens/SRX23395188.h5ad,success,,PRJNA1069102
SRX22996332,arc-institute-virtual-cell-atlas/scbasecount/2026-01-12/h5ad/GeneFull/Homo_sapiens/SRX22996332.h5ad,success,,PRJNA1055415
SRX22996337,arc-institute-virtual-cell-atlas/scbasecount/2026-01-12/h5ad/GeneFull/Homo_sapiens/SRX22996337.h5ad,success,,PRJNA1055415
SRX23331466,arc-institute-virtual-cell-atlas/scbasecount/2026-01-12/h5ad/GeneFull/Homo_sapiens/SRX23331466.h5ad,success,,PRJNA1066790
SRX23395184,arc-institute-virtual-cell-atlas/scbasecount/2026-01-12/h5ad/GeneFull/Homo_sapiens/SRX23395184.h5ad,success,,PRJNA1069102
SRX23457972,arc-institute-virtual-cell-atlas/scbasecount/2026-01-12/h5ad/GeneFull/Homo_sapiens/SRX23457972.h5ad,success,,PRJNA1071273
SRX23457970,arc-institute-virtual-cell-atlas/scbasecount/2026-01-12/h5ad/GeneFull/Homo_sapiens/SRX23457970.h5ad,success,,PRJNA1071273
SRX23457983,arc-institute-virtual-cell-atlas/scbasecount/2026-01-12/h5ad/GeneFull/Homo_sapiens/SRX23457983.h5ad,success,,PRJNA1071273
SRX23457982,arc-institute-virtual-cell-atlas/scbasecount/2026-01-12/h5ad/GeneFull/Homo_sapiens/SRX23457982.h5ad,success,,PRJNA1071273
SRX22996387,arc-institute-virtual-cell-atlas/scbasecount/2026-01-12/h5ad/GeneFull/Homo_sapiens/SRX22996387.h5ad,success,,PRJNA1055415
SRX22996386,arc-institute-virtual-cell-atlas/scbasecount/2026-01-12/h5ad/GeneFull/Homo_sapiens/SRX22996386.h5ad,success,,PRJNA1055415
SRX23825222,arc-institute-virtual-cell-atlas/scbasecount/2026-01-12/h5ad/GeneFull/Homo_sapiens/SRX23825222.h5ad,success,,PRJNA1083452
SRX24312785,arc-institute-virtual-cell-atlas/scbasecount/2026-01-12/h5ad/GeneFull/Homo_sapiens/SRX24312785.h5ad,success,,PRJNA1102355
SRX24476190,arc-institute-virtual-cell-atlas/scbasecount/2026-01-12/h5ad/GeneFull/Homo_sapiens/SRX24476190.h5ad,success,,PRJNA1108329
SRX24476192,arc-institute-virtual-cell-atlas/scbasecount/2026-01-12/h5ad/GeneFull/Homo_sapiens/SRX24476192.h5ad,success,,PRJNA1108329
SRX24475802,arc-institute-virtual-cell-atlas/scbasecount/2026-01-12/h5ad/GeneFull/Homo_sapiens/SRX24475802.h5ad,success,,PRJNA1108287
SRX24475794,arc-institute-virtual-cell-atlas/scbasecount/2026-01-12/h5ad/GeneFull/Homo_sapiens/SRX24475794.h5ad,success,,PRJNA1108287
SRX24475786,arc-institute-virtual-cell-atlas/scbasecount/2026-01-12/h5ad/GeneFull/Homo_sapiens/SRX24475786.h5ad,success,,PRJNA1108287
SRX24475787,arc-institute-virtual-cell-atlas/scbasecount/2026-01-12/h5ad/GeneFull/Homo_sapiens/SRX24475787.h5ad,success,,PRJNA1108287
SRX17412852,arc-institute-virtual-cell-atlas/scbasecount/2026-01-12/h5ad/GeneFull/Homo_sapiens/SRX17412852.h5ad,success,,PRJNA563828
SRX24475788,arc-institute-virtual-cell-atlas/scbasecount/2026-01-12/h5ad/GeneFull/Homo_sapiens/SRX24475788.h5ad,success,,PRJNA1108287
SRX24475800,arc-institute-virtual-cell-atlas/scbasecount/2026-01-12/h5ad/GeneFull/Homo_sapiens/SRX24475800.h5ad,success,,PRJNA1108287
SRX24475799,arc-institute-virtual-cell-atlas/scbasecount/2026-01-12/h5ad/GeneFull/Homo_sapiens/SRX24475799.h5ad,success,,PRJNA1108287
SRX24475790,arc-institute-virtual-cell-atlas/scbasecount/2026-01-12/h5ad/GeneFull/Homo_sapiens/SRX24475790.h5ad,success,,PRJNA1108287
SRX24475789,arc-institute-virtual-cell-atlas/scbasecount/2026-01-12/h5ad/GeneFull/Homo_sapiens/SRX24475789.h5ad,success,,PRJNA1108287
SRX24475795,arc-institute-virtual-cell-atlas/scbasecount/2026-01-12/h5ad/GeneFull/Homo_sapiens/SRX24475795.h5ad,success,,PRJNA1108287
SRX24476191,arc-institute-virtual-cell-atlas/scbasecount/2026-01-12/h5ad/GeneFull/Homo_sapiens/SRX24476191.h5ad,success,,PRJNA1108329
SRX24475798,arc-institute-virtual-cell-atlas/scbasecount/2026-01-12/h5ad/GeneFull/Homo_sapiens/SRX24475798.h5ad,success,,PRJNA1108287
SRX24475785,arc-institute-virtual-cell-atlas/scbasecount/2026-01-12/h5ad/GeneFull/Homo_sapiens/SRX24475785.h5ad,success,,PRJNA1108287
SRX24475797,arc-institute-virtual-cell-atlas/scbasecount/2026-01-12/h5ad/GeneFull/Homo_sapiens/SRX24475797.h5ad,success,,PRJNA1108287
SRX24285425,arc-institute-virtual-cell-atlas/scbasecount/2026-01-12/h5ad/GeneFull/Homo_sapiens/SRX24285425.h5ad,success,,PRJNA1101441
SRX25038161,arc-institute-virtual-cell-atlas/scbasecount/2026-01-12/h5ad/GeneFull/Homo_sapiens/SRX25038161.h5ad,success,,PRJNA1127657
SRX25038162,arc-institute-virtual-cell-atlas/scbasecount/2026-01-12/h5ad/GeneFull/Homo_sapiens/SRX25038162.h5ad,success,,PRJNA1127657
SRX25038164,arc-institute-virtual-cell-atlas/scbasecount/2026-01-12/h5ad/GeneFull/Homo_sapiens/SRX25038164.h5ad,success,,PRJNA1127657
SRX25038165,arc-institute-virtual-cell-atlas/scbasecount/2026-01-12/h5ad/GeneFull/Homo_sapiens/SRX25038165.h5ad,success,,PRJNA1127657
SRX25038167,arc-institute-virtual-cell-atlas/scbasecount/2026-01-12/h5ad/GeneFull/Homo_sapiens/SRX25038167.h5ad,success,,PRJNA1127657
SRX25038169,arc-institute-virtual-cell-atlas/scbasecount/2026-01-12/h5ad/GeneFull/Homo_sapiens/SRX25038169.h5ad,success,,PRJNA1127657
SRX25038171,arc-institute-virtual-cell-atlas/scbasecount/2026-01-12/h5ad/GeneFull/Homo_sapiens/SRX25038171.h5ad,success,,PRJNA1127657
SRX24841614,arc-institute-virtual-cell-atlas/scbasecount/2026-01-12/h5ad/GeneFull/Homo_sapiens/SRX24841614.h5ad,success,,PRJNA1121368
SRX24841615,arc-institute-virtual-cell-atlas/scbasecount/2026-01-12/h5ad/GeneFull/Homo_sapiens/SRX24841615.h5ad,success,,PRJNA1121368
ERX11876759,arc-institute-virtual-cell-atlas/scbasecount/2026-01-12/h5ad/GeneFull/Homo_sapiens/ERX11876759.h5ad,success,,PRJEB71931
SRX25261714,arc-institute-virtual-cell-atlas/scbasecount/2026-01-12/h5ad/GeneFull/Homo_sapiens/SRX25261714.h5ad,success,,PRJNA1133168
SRX25261715,arc-institute-virtual-cell-atlas/scbasecount/2026-01-12/h5ad/GeneFull/Homo_sapiens/SRX25261715.h5ad,success,,PRJNA1133168
SRX25261720,arc-institute-virtual-cell-atlas/scbasecount/2026-01-12/h5ad/GeneFull/Homo_sapiens/SRX25261720.h5ad,skip,cell_type_all_missing,
SRX25261738,arc-institute-virtual-cell-atlas/scbasecount/2026-01-12/h5ad/GeneFull/Homo_sapiens/SRX25261738.h5ad,success,,PRJNA1133168
SRX22996330,arc-institute-virtual-cell-atlas/scbasecount/2026-01-12/h5ad/GeneFull/Homo_sapiens/SRX22996330.h5ad,success,,PRJNA1055415
SRX22996327,arc-institute-virtual-cell-atlas/scbasecount/2026-01-12/h5ad/GeneFull/Homo_sapiens/SRX22996327.h5ad,success,,PRJNA1055415
SRX25261763,arc-institute-virtual-cell-atlas/scbasecount/2026-01-12/h5ad/GeneFull/Homo_sapiens/SRX25261763.h5ad,success,,PRJNA1133168
SRX22996315,arc-institute-virtual-cell-atlas/scbasecount/2026-01-12/h5ad/GeneFull/Homo_sapiens/SRX22996315.h5ad,success,,PRJNA1055415
SRX22996342,arc-institute-virtual-cell-atlas/scbasecount/2026-01-12/h5ad/GeneFull/Homo_sapiens/SRX22996342.h5ad,success,,PRJNA1055415
SRX25289879,arc-institute-virtual-cell-atlas/scbasecount/2026-01-12/h5ad/GeneFull/Homo_sapiens/SRX25289879.h5ad,success,,PRJNA1134791
SRX10327369,arc-institute-virtual-cell-atlas/scbasecount/2026-01-12/h5ad/GeneFull/Homo_sapiens/SRX10327369.h5ad,success,,PRJNA713903
SRX22996319,arc-institute-virtual-cell-atlas/scbasecount/2026-01-12/h5ad/GeneFull/Homo_sapiens/SRX22996319.h5ad,success,,PRJNA1055415
SRX22996318,arc-institute-virtual-cell-atlas/scbasecount/2026-01-12/h5ad/GeneFull/Homo_sapiens/SRX22996318.h5ad,success,,PRJNA1055415
SRX22996338,arc-institute-virtual-cell-atlas/scbasecount/2026-01-12/h5ad/GeneFull/Homo_sapiens/SRX22996338.h5ad,success,,PRJNA1055415
SRX26487571,arc-institute-virtual-cell-atlas/scbasecount/2026-01-12/h5ad/GeneFull/Homo_sapiens/SRX26487571.h5ad,success,,PRJNA1177414
SRX25319035,arc-institute-virtual-cell-atlas/scbasecount/2026-01-12/h5ad/GeneFull/Homo_sapiens/SRX25319035.h5ad,success,,PRJNA1135481
SRX26487579,arc-institute-virtual-cell-atlas/scbasecount/2026-01-12/h5ad/GeneFull/Homo_sapiens/SRX26487579.h5ad,success,,PRJNA1177414
SRX26487585,arc-institute-virtual-cell-atlas/scbasecount/2026-01-12/h5ad/GeneFull/Homo_sapiens/SRX26487585.h5ad,success,,PRJNA1177414
SRX26487593,arc-institute-virtual-cell-atlas/scbasecount/2026-01-12/h5ad/GeneFull/Homo_sapiens/SRX26487593.h5ad,success,,PRJNA1177414
SRX26487581,arc-institute-virtual-cell-atlas/scbasecount/2026-01-12/h5ad/GeneFull/Homo_sapiens/SRX26487581.h5ad,skip,excessive_cell_dropout,
SRX25318272,arc-institute-virtual-cell-atlas/scbasecount/2026-01-12/h5ad/GeneFull/Homo_sapiens/SRX25318272.h5ad,success,,PRJNA1135480
SRX26487595,arc-institute-virtual-cell-atlas/scbasecount/2026-01-12/h5ad/GeneFull/Homo_sapiens/SRX26487595.h5ad,success,,PRJNA1177414
SRX10327367,arc-institute-virtual-cell-atlas/scbasecount/2026-01-12/h5ad/GeneFull/Homo_sapiens/SRX10327367.h5ad,success,,PRJNA713903
SRX25363535,arc-institute-virtual-cell-atlas/scbasecount/2026-01-12/h5ad/GeneFull/Homo_sapiens/SRX25363535.h5ad,success,,PRJNA1136930
SRX26487569,arc-institute-virtual-cell-atlas/scbasecount/2026-01-12/h5ad/GeneFull/Homo_sapiens/SRX26487569.h5ad,success,,PRJNA1177414
SRX26487586,arc-institute-virtual-cell-atlas/scbasecount/2026-01-12/h5ad/GeneFull/Homo_sapiens/SRX26487586.h5ad,success,,PRJNA1177414
SRX26487596,arc-institute-virtual-cell-atlas/scbasecount/2026-01-12/h5ad/GeneFull/Homo_sapiens/SRX26487596.h5ad,success,,PRJNA1177414
SRX26487598,arc-institute-virtual-cell-atlas/scbasecount/2026-01-12/h5ad/GeneFull/Homo_sapiens/SRX26487598.h5ad,success,,PRJNA1177414
SRX26487582,arc-institute-virtual-cell-atlas/scbasecount/2026-01-12/h5ad/GeneFull/Homo_sapiens/SRX26487582.h5ad,success,,PRJNA1177414
SRX24841617,arc-institute-virtual-cell-atlas/scbasecount/2026-01-12/h5ad/GeneFull/Homo_sapiens/SRX24841617.h5ad,success,,PRJNA1121368
SRX26487573,arc-institute-virtual-cell-atlas/scbasecount/2026-01-12/h5ad/GeneFull/Homo_sapiens/SRX26487573.h5ad,success,,PRJNA1177414
SRX24841618,arc-institute-virtual-cell-atlas/scbasecount/2026-01-12/h5ad/GeneFull/Homo_sapiens/SRX24841618.h5ad,success,,PRJNA1121368
SRX26487568,arc-institute-virtual-cell-atlas/scbasecount/2026-01-12/h5ad/GeneFull/Homo_sapiens/SRX26487568.h5ad,skip,excessive_cell_dropout,
SRX25319034,arc-institute-virtual-cell-atlas/scbasecount/2026-01-12/h5ad/GeneFull/Homo_sapiens/SRX25319034.h5ad,success,,PRJNA1135481
SRX26487589,arc-institute-virtual-cell-atlas/scbasecount/2026-01-12/h5ad/GeneFull/Homo_sapiens/SRX26487589.h5ad,skip,excessive_cell_dropout,
SRX26487584,arc-institute-virtual-cell-atlas/scbasecount/2026-01-12/h5ad/GeneFull/Homo_sapiens/SRX26487584.h5ad,skip,excessive_cell_dropout,
SRX26487587,arc-institute-virtual-cell-atlas/scbasecount/2026-01-12/h5ad/GeneFull/Homo_sapiens/SRX26487587.h5ad,skip,excessive_cell_dropout,
SRX25319042,arc-institute-virtual-cell-atlas/scbasecount/2026-01-12/h5ad/GeneFull/Homo_sapiens/SRX25319042.h5ad,success,,PRJNA1135481
SRX26487597,arc-institute-virtual-cell-atlas/scbasecount/2026-01-12/h5ad/GeneFull/Homo_sapiens/SRX26487597.h5ad,success,,PRJNA1177414
SRX25363532,arc-institute-virtual-cell-atlas/scbasecount/2026-01-12/h5ad/GeneFull/Homo_sapiens/SRX25363532.h5ad,success,,PRJNA1136930
SRX25363540,arc-institute-virtual-cell-atlas/scbasecount/2026-01-12/h5ad/GeneFull/Homo_sapiens/SRX25363540.h5ad,success,,PRJNA1136930
SRX25363537,arc-institute-virtual-cell-atlas/scbasecount/2026-01-12/h5ad/GeneFull/Homo_sapiens/SRX25363537.h5ad,success,,PRJNA1136930
SRX26487601,arc-institute-virtual-cell-atlas/scbasecount/2026-01-12/h5ad/GeneFull/Homo_sapiens/SRX26487601.h5ad,skip,too_few_cells,
SRX26487562,arc-institute-virtual-cell-atlas/scbasecount/2026-01-12/h5ad/GeneFull/Homo_sapiens/SRX26487562.h5ad,success,,PRJNA1177414
SRX26487576,arc-institute-virtual-cell-atlas/scbasecount/2026-01-12/h5ad/GeneFull/Homo_sapiens/SRX26487576.h5ad,success,,PRJNA1177414
SRX26487560,arc-institute-virtual-cell-atlas/scbasecount/2026-01-12/h5ad/GeneFull/Homo_sapiens/SRX26487560.h5ad,success,,PRJNA1177414
SRX26487592,arc-institute-virtual-cell-atlas/scbasecount/2026-01-12/h5ad/GeneFull/Homo_sapiens/SRX26487592.h5ad,success,,PRJNA1177414
SRX26487590,arc-institute-virtual-cell-atlas/scbasecount/2026-01-12/h5ad/GeneFull/Homo_sapiens/SRX26487590.h5ad,success,,PRJNA1177414
SRX26487600,arc-institute-virtual-cell-atlas/scbasecount/2026-01-12/h5ad/GeneFull/Homo_sapiens/SRX26487600.h5ad,success,,PRJNA1177414
SRX25507043,arc-institute-virtual-cell-atlas/scbasecount/2026-01-12/h5ad/GeneFull/Homo_sapiens/SRX25507043.h5ad,skip,cell_type_all_missing,
SRX25507031,arc-institute-virtual-cell-atlas/scbasecount/2026-01-12/h5ad/GeneFull/Homo_sapiens/SRX25507031.h5ad,skip,cell_type_all_missing,
SRX25507041,arc-institute-virtual-cell-atlas/scbasecount/2026-01-12/h5ad/GeneFull/Homo_sapiens/SRX25507041.h5ad,skip,cell_type_all_missing,
SRX25507055,arc-institute-virtual-cell-atlas/scbasecount/2026-01-12/h5ad/GeneFull/Homo_sapiens/SRX25507055.h5ad,skip,cell_type_all_missing,
SRX25507051,arc-institute-virtual-cell-atlas/scbasecount/2026-01-12/h5ad/GeneFull/Homo_sapiens/SRX25507051.h5ad,skip,cell_type_all_missing,
SRX26524303,arc-institute-virtual-cell-atlas/scbasecount/2026-01-12/h5ad/GeneFull/Homo_sapiens/SRX26524303.h5ad,success,,PRJNA1178711
SRX25507049,arc-institute-virtual-cell-atlas/scbasecount/2026-01-12/h5ad/GeneFull/Homo_sapiens/SRX25507049.h5ad,skip,cell_type_all_missing,
SRX25507048,arc-institute-virtual-cell-atlas/scbasecount/2026-01-12/h5ad/GeneFull/Homo_sapiens/SRX25507048.h5ad,skip,cell_type_all_missing,
SRX25507054,arc-institute-virtual-cell-atlas/scbasecount/2026-01-12/h5ad/GeneFull/Homo_sapiens/SRX25507054.h5ad,skip,cell_type_all_missing,
SRX25507050,arc-institute-virtual-cell-atlas/scbasecount/2026-01-12/h5ad/GeneFull/Homo_sapiens/SRX25507050.h5ad,skip,cell_type_all_missing,
SRX25507052,arc-institute-virtual-cell-atlas/scbasecount/2026-01-12/h5ad/GeneFull/Homo_sapiens/SRX25507052.h5ad,skip,cell_type_all_missing,
SRX25507058,arc-institute-virtual-cell-atlas/scbasecount/2026-01-12/h5ad/GeneFull/Homo_sapiens/SRX25507058.h5ad,skip,cell_type_all_missing,
SRX25507056,arc-institute-virtual-cell-atlas/scbasecount/2026-01-12/h5ad/GeneFull/Homo_sapiens/SRX25507056.h5ad,skip,cell_type_all_missing,
SRX25507061,arc-institute-virtual-cell-atlas/scbasecount/2026-01-12/h5ad/GeneFull/Homo_sapiens/SRX25507061.h5ad,skip,cell_type_all_missing,
SRX25507036,arc-institute-virtual-cell-atlas/scbasecount/2026-01-12/h5ad/GeneFull/Homo_sapiens/SRX25507036.h5ad,skip,cell_type_all_missing,
SRX25507057,arc-institute-virtual-cell-atlas/scbasecount/2026-01-12/h5ad/GeneFull/Homo_sapiens/SRX25507057.h5ad,skip,cell_type_all_missing,
SRX25507063,arc-institute-virtual-cell-atlas/scbasecount/2026-01-12/h5ad/GeneFull/Homo_sapiens/SRX25507063.h5ad,skip,cell_type_all_missing,
SRX25507062,arc-institute-virtual-cell-atlas/scbasecount/2026-01-12/h5ad/GeneFull/Homo_sapiens/SRX25507062.h5ad,skip,cell_type_all_missing,
SRX25507069,arc-institute-virtual-cell-atlas/scbasecount/2026-01-12/h5ad/GeneFull/Homo_sapiens/SRX25507069.h5ad,skip,cell_type_all_missing,
SRX25507072,arc-institute-virtual-cell-atlas/scbasecount/2026-01-12/h5ad/GeneFull/Homo_sapiens/SRX25507072.h5ad,skip,cell_type_all_missing,
SRX25507070,arc-institute-virtual-cell-atlas/scbasecount/2026-01-12/h5ad/GeneFull/Homo_sapiens/SRX25507070.h5ad,skip,cell_type_all_missing,
SRX26487583,arc-institute-virtual-cell-atlas/scbasecount/2026-01-12/h5ad/GeneFull/Homo_sapiens/SRX26487583.h5ad,success,,PRJNA1177414
SRX26487594,arc-institute-virtual-cell-atlas/scbasecount/2026-01-12/h5ad/GeneFull/Homo_sapiens/SRX26487594.h5ad,success,,PRJNA1177414
SRX25507029,arc-institute-virtual-cell-atlas/scbasecount/2026-01-12/h5ad/GeneFull/Homo_sapiens/SRX25507029.h5ad,skip,cell_type_all_missing,
SRX25507026,arc-institute-virtual-cell-atlas/scbasecount/2026-01-12/h5ad/GeneFull/Homo_sapiens/SRX25507026.h5ad,skip,cell_type_all_missing,
SRX26524304,arc-institute-virtual-cell-atlas/scbasecount/2026-01-12/h5ad/GeneFull/Homo_sapiens/SRX26524304.h5ad,success,,PRJNA1178711
SRX25507028,arc-institute-virtual-cell-atlas/scbasecount/2026-01-12/h5ad/GeneFull/Homo_sapiens/SRX25507028.h5ad,skip,cell_type_all_missing,
SRX25507027,arc-institute-virtual-cell-atlas/scbasecount/2026-01-12/h5ad/GeneFull/Homo_sapiens/SRX25507027.h5ad,skip,cell_type_all_missing,
SRX25507032,arc-institute-virtual-cell-atlas/scbasecount/2026-01-12/h5ad/GeneFull/Homo_sapiens/SRX25507032.h5ad,skip,cell_type_all_missing,
SRX26524298,arc-institute-virtual-cell-atlas/scbasecount/2026-01-12/h5ad/GeneFull/Homo_sapiens/SRX26524298.h5ad,success,,PRJNA1178711
SRX25507023,arc-institute-virtual-cell-atlas/scbasecount/2026-01-12/h5ad/GeneFull/Homo_sapiens/SRX25507023.h5ad,skip,cell_type_all_missing,
SRX25507035,arc-institute-virtual-cell-atlas/scbasecount/2026-01-12/h5ad/GeneFull/Homo_sapiens/SRX25507035.h5ad,skip,cell_type_all_missing,
SRX25507034,arc-institute-virtual-cell-atlas/scbasecount/2026-01-12/h5ad/GeneFull/Homo_sapiens/SRX25507034.h5ad,skip,cell_type_all_missing,
SRX25507024,arc-institute-virtual-cell-atlas/scbasecount/2026-01-12/h5ad/GeneFull/Homo_sapiens/SRX25507024.h5ad,skip,cell_type_all_missing,
SRX25507040,arc-institute-virtual-cell-atlas/scbasecount/2026-01-12/h5ad/GeneFull/Homo_sapiens/SRX25507040.h5ad,skip,cell_type_all_missing,
SRX25507038,arc-institute-virtual-cell-atlas/scbasecount/2026-01-12/h5ad/GeneFull/Homo_sapiens/SRX25507038.h5ad,skip,cell_type_all_missing,
SRX25507042,arc-institute-virtual-cell-atlas/scbasecount/2026-01-12/h5ad/GeneFull/Homo_sapiens/SRX25507042.h5ad,skip,cell_type_all_missing,
SRX25507044,arc-institute-virtual-cell-atlas/scbasecount/2026-01-12/h5ad/GeneFull/Homo_sapiens/SRX25507044.h5ad,skip,cell_type_all_missing,
SRX26524297,arc-institute-virtual-cell-atlas/scbasecount/2026-01-12/h5ad/GeneFull/Homo_sapiens/SRX26524297.h5ad,success,,PRJNA1178711
SRX25507071,arc-institute-virtual-cell-atlas/scbasecount/2026-01-12/h5ad/GeneFull/Homo_sapiens/SRX25507071.h5ad,skip,cell_type_all_missing,
SRX26524300,arc-institute-virtual-cell-atlas/scbasecount/2026-01-12/h5ad/GeneFull/Homo_sapiens/SRX26524300.h5ad,success,,PRJNA1178711
SRX25507065,arc-institute-virtual-cell-atlas/scbasecount/2026-01-12/h5ad/GeneFull/Homo_sapiens/SRX25507065.h5ad,skip,cell_type_all_missing,
SRX25507068,arc-institute-virtual-cell-atlas/scbasecount/2026-01-12/h5ad/GeneFull/Homo_sapiens/SRX25507068.h5ad,skip,cell_type_all_missing,
SRX25507064,arc-institute-virtual-cell-atlas/scbasecount/2026-01-12/h5ad/GeneFull/Homo_sapiens/SRX25507064.h5ad,skip,cell_type_all_missing,
SRX25507066,arc-institute-virtual-cell-atlas/scbasecount/2026-01-12/h5ad/GeneFull/Homo_sapiens/SRX25507066.h5ad,skip,cell_type_all_missing,
SRX25595938,arc-institute-virtual-cell-atlas/scbasecount/2026-01-12/h5ad/GeneFull/Homo_sapiens/SRX25595938.h5ad,skip,cell_type_all_missing,
SRX11143430,arc-institute-virtual-cell-atlas/scbasecount/2026-01-12/h5ad/GeneFull/Homo_sapiens/SRX11143430.h5ad,success,,PRJNA634136
SRX11515819,arc-institute-virtual-cell-atlas/scbasecount/2026-01-12/h5ad/GeneFull/Homo_sapiens/SRX11515819.h5ad,success,,PRJNA748731
SRX11515871,arc-institute-virtual-cell-atlas/scbasecount/2026-01-12/h5ad/GeneFull/Homo_sapiens/SRX11515871.h5ad,success,,PRJNA748731
SRX11071624,arc-institute-virtual-cell-atlas/scbasecount/2026-01-12/h5ad/GeneFull/Homo_sapiens/SRX11071624.h5ad,success,,PRJNA735258
SRX11515851,arc-institute-virtual-cell-atlas/scbasecount/2026-01-12/h5ad/GeneFull/Homo_sapiens/SRX11515851.h5ad,success,,PRJNA748731
SRX12150516,arc-institute-virtual-cell-atlas/scbasecount/2026-01-12/h5ad/GeneFull/Homo_sapiens/SRX12150516.h5ad,success,,PRJNA762558
SRX25261766,arc-institute-virtual-cell-atlas/scbasecount/2026-01-12/h5ad/GeneFull/Homo_sapiens/SRX25261766.h5ad,success,,PRJNA1133168
SRX10984886,arc-institute-virtual-cell-atlas/scbasecount/2026-01-12/h5ad/GeneFull/Homo_sapiens/SRX10984886.h5ad,success,,PRJNA732700
SRX10957183,arc-institute-virtual-cell-atlas/scbasecount/2026-01-12/h5ad/GeneFull/Homo_sapiens/SRX10957183.h5ad,success,,PRJNA731910
SRX10984889,arc-institute-virtual-cell-atlas/scbasecount/2026-01-12/h5ad/GeneFull/Homo_sapiens/SRX10984889.h5ad,success,,PRJNA732700
SRX11987894,arc-institute-virtual-cell-atlas/scbasecount/2026-01-12/h5ad/GeneFull/Homo_sapiens/SRX11987894.h5ad,success,,PRJNA759630
SRX11987895,arc-institute-virtual-cell-atlas/scbasecount/2026-01-12/h5ad/GeneFull/Homo_sapiens/SRX11987895.h5ad,success,,PRJNA759630
SRX11987893,arc-institute-virtual-cell-atlas/scbasecount/2026-01-12/h5ad/GeneFull/Homo_sapiens/SRX11987893.h5ad,success,,PRJNA759630
SRX11987898,arc-institute-virtual-cell-atlas/scbasecount/2026-01-12/h5ad/GeneFull/Homo_sapiens/SRX11987898.h5ad,success,,PRJNA759630
SRX11987911,arc-institute-virtual-cell-atlas/scbasecount/2026-01-12/h5ad/GeneFull/Homo_sapiens/SRX11987911.h5ad,success,,PRJNA759630
SRX11987912,arc-institute-virtual-cell-atlas/scbasecount/2026-01-12/h5ad/GeneFull/Homo_sapiens/SRX11987912.h5ad,success,,PRJNA759630
SRX12457899,arc-institute-virtual-cell-atlas/scbasecount/2026-01-12/h5ad/GeneFull/Homo_sapiens/SRX12457899.h5ad,success,,PRJNA768255
SRX12509395,arc-institute-virtual-cell-atlas/scbasecount/2026-01-12/h5ad/GeneFull/Homo_sapiens/SRX12509395.h5ad,success,,PRJNA769143
SRX12509393,arc-institute-virtual-cell-atlas/scbasecount/2026-01-12/h5ad/GeneFull/Homo_sapiens/SRX12509393.h5ad,success,,PRJNA769143
SRX12571162,arc-institute-virtual-cell-atlas/scbasecount/2026-01-12/h5ad/GeneFull/Homo_sapiens/SRX12571162.h5ad,success,,PRJNA770341
SRX12509397,arc-institute-virtual-cell-atlas/scbasecount/2026-01-12/h5ad/GeneFull/Homo_sapiens/SRX12509397.h5ad,success,,PRJNA769143
SRX12571164,arc-institute-virtual-cell-atlas/scbasecount/2026-01-12/h5ad/GeneFull/Homo_sapiens/SRX12571164.h5ad,success,,PRJNA770341
SRX12571167,arc-institute-virtual-cell-atlas/scbasecount/2026-01-12/h5ad/GeneFull/Homo_sapiens/SRX12571167.h5ad,success,,PRJNA770341
SRX12457900,arc-institute-virtual-cell-atlas/scbasecount/2026-01-12/h5ad/GeneFull/Homo_sapiens/SRX12457900.h5ad,success,,PRJNA768255
ERX11876752,arc-institute-virtual-cell-atlas/scbasecount/2026-01-12/h5ad/GeneFull/Homo_sapiens/ERX11876752.h5ad,success,,PRJEB71931
SRX11987906,arc-institute-virtual-cell-atlas/scbasecount/2026-01-12/h5ad/GeneFull/Homo_sapiens/SRX11987906.h5ad,success,,PRJNA759630
SRX12571171,arc-institute-virtual-cell-atlas/scbasecount/2026-01-12/h5ad/GeneFull/Homo_sapiens/SRX12571171.h5ad,skip,too_few_cells,
SRX12571169,arc-institute-virtual-cell-atlas/scbasecount/2026-01-12/h5ad/GeneFull/Homo_sapiens/SRX12571169.h5ad,skip,too_few_cells,
SRX12571174,arc-institute-virtual-cell-atlas/scbasecount/2026-01-12/h5ad/GeneFull/Homo_sapiens/SRX12571174.h5ad,skip,too_few_cells,
SRX12635179,arc-institute-virtual-cell-atlas/scbasecount/2026-01-12/h5ad/GeneFull/Homo_sapiens/SRX12635179.h5ad,success,,PRJNA771701
SRX12708371,arc-institute-virtual-cell-atlas/scbasecount/2026-01-12/h5ad/GeneFull/Homo_sapiens/SRX12708371.h5ad,skip,too_few_cells,
SRX12708372,arc-institute-virtual-cell-atlas/scbasecount/2026-01-12/h5ad/GeneFull/Homo_sapiens/SRX12708372.h5ad,skip,too_few_cells,
SRX12708373,arc-institute-virtual-cell-atlas/scbasecount/2026-01-12/h5ad/GeneFull/Homo_sapiens/SRX12708373.h5ad,skip,too_few_cells,
SRX12708374,arc-institute-virtual-cell-atlas/scbasecount/2026-01-12/h5ad/GeneFull/Homo_sapiens/SRX12708374.h5ad,skip,too_few_cells,
SRX12708370,arc-institute-virtual-cell-atlas/scbasecount/2026-01-12/h5ad/GeneFull/Homo_sapiens/SRX12708370.h5ad,skip,too_few_cells,
SRX12708376,arc-institute-virtual-cell-atlas/scbasecount/2026-01-12/h5ad/GeneFull/Homo_sapiens/SRX12708376.h5ad,skip,too_few_cells,
SRX12708360,arc-institute-virtual-cell-atlas/scbasecount/2026-01-12/h5ad/GeneFull/Homo_sapiens/SRX12708360.h5ad,success,,PRJNA773094
SRX12708362,arc-institute-virtual-cell-atlas/scbasecount/2026-01-12/h5ad/GeneFull/Homo_sapiens/SRX12708362.h5ad,success,,PRJNA773094
SRX11987908,arc-institute-virtual-cell-atlas/scbasecount/2026-01-12/h5ad/GeneFull/Homo_sapiens/SRX11987908.h5ad,success,,PRJNA759630
SRX11143423,arc-institute-virtual-cell-atlas/scbasecount/2026-01-12/h5ad/GeneFull/Homo_sapiens/SRX11143423.h5ad,success,,PRJNA634136
SRX12635178,arc-institute-virtual-cell-atlas/scbasecount/2026-01-12/h5ad/GeneFull/Homo_sapiens/SRX12635178.h5ad,success,,PRJNA771701
SRX11515869,arc-institute-virtual-cell-atlas/scbasecount/2026-01-12/h5ad/GeneFull/Homo_sapiens/SRX11515869.h5ad,skip,excessive_cell_dropout,
SRX12708358,arc-institute-virtual-cell-atlas/scbasecount/2026-01-12/h5ad/GeneFull/Homo_sapiens/SRX12708358.h5ad,success,,PRJNA773094
SRX12708364,arc-institute-virtual-cell-atlas/scbasecount/2026-01-12/h5ad/GeneFull/Homo_sapiens/SRX12708364.h5ad,success,,PRJNA773094
SRX12457903,arc-institute-virtual-cell-atlas/scbasecount/2026-01-12/h5ad/GeneFull/Homo_sapiens/SRX12457903.h5ad,success,,PRJNA768255
SRX12708356,arc-institute-virtual-cell-atlas/scbasecount/2026-01-12/h5ad/GeneFull/Homo_sapiens/SRX12708356.h5ad,success,,PRJNA773094
SRX10984891,arc-institute-virtual-cell-atlas/scbasecount/2026-01-12/h5ad/GeneFull/Homo_sapiens/SRX10984891.h5ad,success,,PRJNA732700
SRX11515858,arc-institute-virtual-cell-atlas/scbasecount/2026-01-12/h5ad/GeneFull/Homo_sapiens/SRX11515858.h5ad,skip,too_few_cells,
SRX11515807,arc-institute-virtual-cell-atlas/scbasecount/2026-01-12/h5ad/GeneFull/Homo_sapiens/SRX11515807.h5ad,skip,too_few_cells,
SRX11438983,arc-institute-virtual-cell-atlas/scbasecount/2026-01-12/h5ad/GeneFull/Homo_sapiens/SRX11438983.h5ad,success,,PRJNA746455
SRX12457904,arc-institute-virtual-cell-atlas/scbasecount/2026-01-12/h5ad/GeneFull/Homo_sapiens/SRX12457904.h5ad,success,,PRJNA768255
SRX13061245,arc-institute-virtual-cell-atlas/scbasecount/2026-01-12/h5ad/GeneFull/Homo_sapiens/SRX13061245.h5ad,success,,PRJNA778775
SRX11987897,arc-institute-virtual-cell-atlas/scbasecount/2026-01-12/h5ad/GeneFull/Homo_sapiens/SRX11987897.h5ad,success,,PRJNA759630
SRX11515852,arc-institute-virtual-cell-atlas/scbasecount/2026-01-12/h5ad/GeneFull/Homo_sapiens/SRX11515852.h5ad,success,,PRJNA748731
SRX11515825,arc-institute-virtual-cell-atlas/scbasecount/2026-01-12/h5ad/GeneFull/Homo_sapiens/SRX11515825.h5ad,skip,too_few_cells,
SRX11987902,arc-institute-virtual-cell-atlas/scbasecount/2026-01-12/h5ad/GeneFull/Homo_sapiens/SRX11987902.h5ad,success,,PRJNA759630
SRX11438988,arc-institute-virtual-cell-atlas/scbasecount/2026-01-12/h5ad/GeneFull/Homo_sapiens/SRX11438988.h5ad,success,,PRJNA746455
SRX11987892,arc-institute-virtual-cell-atlas/scbasecount/2026-01-12/h5ad/GeneFull/Homo_sapiens/SRX11987892.h5ad,success,,PRJNA759630
SRX11987901,arc-institute-virtual-cell-atlas/scbasecount/2026-01-12/h5ad/GeneFull/Homo_sapiens/SRX11987901.h5ad,success,,PRJNA759630
SRX11987909,arc-institute-virtual-cell-atlas/scbasecount/2026-01-12/h5ad/GeneFull/Homo_sapiens/SRX11987909.h5ad,success,,PRJNA759630
SRX11515879,arc-institute-virtual-cell-atlas/scbasecount/2026-01-12/h5ad/GeneFull/Homo_sapiens/SRX11515879.h5ad,success,,PRJNA748731
SRX12285822,arc-institute-virtual-cell-atlas/scbasecount/2026-01-12/h5ad/GeneFull/Homo_sapiens/SRX12285822.h5ad,success,,PRJNA764933
SRX11438989,arc-institute-virtual-cell-atlas/scbasecount/2026-01-12/h5ad/GeneFull/Homo_sapiens/SRX11438989.h5ad,success,,PRJNA746455
SRX12150517,arc-institute-virtual-cell-atlas/scbasecount/2026-01-12/h5ad/GeneFull/Homo_sapiens/SRX12150517.h5ad,success,,PRJNA762558
SRX11515863,arc-institute-virtual-cell-atlas/scbasecount/2026-01-12/h5ad/GeneFull/Homo_sapiens/SRX11515863.h5ad,success,,PRJNA748731
SRX11071620,arc-institute-virtual-cell-atlas/scbasecount/2026-01-12/h5ad/GeneFull/Homo_sapiens/SRX11071620.h5ad,skip,excessive_cell_dropout,
SRX11515808,arc-institute-virtual-cell-atlas/scbasecount/2026-01-12/h5ad/GeneFull/Homo_sapiens/SRX11515808.h5ad,skip,too_few_cells,
SRX13139340,arc-institute-virtual-cell-atlas/scbasecount/2026-01-12/h5ad/GeneFull/Homo_sapiens/SRX13139340.h5ad,success,,PRJNA780480
SRX13198728,arc-institute-virtual-cell-atlas/scbasecount/2026-01-12/h5ad/GeneFull/Homo_sapiens/SRX13198728.h5ad,success,,PRJNA782639
SRX13198725,arc-institute-virtual-cell-atlas/scbasecount/2026-01-12/h5ad/GeneFull/Homo_sapiens/SRX13198725.h5ad,success,,PRJNA782639
SRX12457905,arc-institute-virtual-cell-atlas/scbasecount/2026-01-12/h5ad/GeneFull/Homo_sapiens/SRX12457905.h5ad,success,,PRJNA768255
SRX10984893,arc-institute-virtual-cell-atlas/scbasecount/2026-01-12/h5ad/GeneFull/Homo_sapiens/SRX10984893.h5ad,success,,PRJNA732700
SRX13198724,arc-institute-virtual-cell-atlas/scbasecount/2026-01-12/h5ad/GeneFull/Homo_sapiens/SRX13198724.h5ad,success,,PRJNA782639
SRX13198727,arc-institute-virtual-cell-atlas/scbasecount/2026-01-12/h5ad/GeneFull/Homo_sapiens/SRX13198727.h5ad,success,,PRJNA782639
SRX13198726,arc-institute-virtual-cell-atlas/scbasecount/2026-01-12/h5ad/GeneFull/Homo_sapiens/SRX13198726.h5ad,success,,PRJNA782639
SRX13198730,arc-institute-virtual-cell-atlas/scbasecount/2026-01-12/h5ad/GeneFull/Homo_sapiens/SRX13198730.h5ad,success,,PRJNA782639
SRX13198732,arc-institute-virtual-cell-atlas/scbasecount/2026-01-12/h5ad/GeneFull/Homo_sapiens/SRX13198732.h5ad,success,,PRJNA782639
SRX13198729,arc-institute-virtual-cell-atlas/scbasecount/2026-01-12/h5ad/GeneFull/Homo_sapiens/SRX13198729.h5ad,success,,PRJNA782639
SRX11515813,arc-institute-virtual-cell-atlas/scbasecount/2026-01-12/h5ad/GeneFull/Homo_sapiens/SRX11515813.h5ad,skip,too_few_cells,
SRX11071619,arc-institute-virtual-cell-atlas/scbasecount/2026-01-12/h5ad/GeneFull/Homo_sapiens/SRX11071619.h5ad,skip,excessive_cell_dropout,
SRX11071616,arc-institute-virtual-cell-atlas/scbasecount/2026-01-12/h5ad/GeneFull/Homo_sapiens/SRX11071616.h5ad,success,,PRJNA735258
SRX11515812,arc-institute-virtual-cell-atlas/scbasecount/2026-01-12/h5ad/GeneFull/Homo_sapiens/SRX11515812.h5ad,skip,too_few_cells,
SRX11515827,arc-institute-virtual-cell-atlas/scbasecount/2026-01-12/h5ad/GeneFull/Homo_sapiens/SRX11515827.h5ad,skip,too_few_cells,
SRX11515830,arc-institute-virtual-cell-atlas/scbasecount/2026-01-12/h5ad/GeneFull/Homo_sapiens/SRX11515830.h5ad,skip,too_few_cells,
SRX11515805,arc-institute-virtual-cell-atlas/scbasecount/2026-01-12/h5ad/GeneFull/Homo_sapiens/SRX11515805.h5ad,skip,too_few_cells,
SRX11515828,arc-institute-virtual-cell-atlas/scbasecount/2026-01-12/h5ad/GeneFull/Homo_sapiens/SRX11515828.h5ad,skip,too_few_cells,
SRX11438984,arc-institute-virtual-cell-atlas/scbasecount/2026-01-12/h5ad/GeneFull/Homo_sapiens/SRX11438984.h5ad,success,,PRJNA746455
SRX11438986,arc-institute-virtual-cell-atlas/scbasecount/2026-01-12/h5ad/GeneFull/Homo_sapiens/SRX11438986.h5ad,success,,PRJNA746455
SRX13325105,arc-institute-virtual-cell-atlas/scbasecount/2026-01-12/h5ad/GeneFull/Homo_sapiens/SRX13325105.h5ad,success,,PRJNA786555
SRX13325103,arc-institute-virtual-cell-atlas/scbasecount/2026-01-12/h5ad/GeneFull/Homo_sapiens/SRX13325103.h5ad,success,,PRJNA786555
SRX13325102,arc-institute-virtual-cell-atlas/scbasecount/2026-01-12/h5ad/GeneFull/Homo_sapiens/SRX13325102.h5ad,success,,PRJNA786555
SRX11515831,arc-institute-virtual-cell-atlas/scbasecount/2026-01-12/h5ad/GeneFull/Homo_sapiens/SRX11515831.h5ad,skip,too_few_cells,
SRX11515859,arc-institute-virtual-cell-atlas/scbasecount/2026-01-12/h5ad/GeneFull/Homo_sapiens/SRX11515859.h5ad,skip,excessive_cell_dropout,
SRX11987899,arc-institute-virtual-cell-atlas/scbasecount/2026-01-12/h5ad/GeneFull/Homo_sapiens/SRX11987899.h5ad,success,,PRJNA759630
SRX11515866,arc-institute-virtual-cell-atlas/scbasecount/2026-01-12/h5ad/GeneFull/Homo_sapiens/SRX11515866.h5ad,success,,PRJNA748731
SRX11515826,arc-institute-virtual-cell-atlas/scbasecount/2026-01-12/h5ad/GeneFull/Homo_sapiens/SRX11515826.h5ad,skip,too_few_cells,
SRX13325101,arc-institute-virtual-cell-atlas/scbasecount/2026-01-12/h5ad/GeneFull/Homo_sapiens/SRX13325101.h5ad,success,,PRJNA786555
SRX10984883,arc-institute-virtual-cell-atlas/scbasecount/2026-01-12/h5ad/GeneFull/Homo_sapiens/SRX10984883.h5ad,success,,PRJNA732700
SRX11071614,arc-institute-virtual-cell-atlas/scbasecount/2026-01-12/h5ad/GeneFull/Homo_sapiens/SRX11071614.h5ad,success,,PRJNA735258
SRX13426726,arc-institute-virtual-cell-atlas/scbasecount/2026-01-12/h5ad/GeneFull/Homo_sapiens/SRX13426726.h5ad,success,,PRJNA789499
SRX13426727,arc-institute-virtual-cell-atlas/scbasecount/2026-01-12/h5ad/GeneFull/Homo_sapiens/SRX13426727.h5ad,success,,PRJNA789499
SRX11987904,arc-institute-virtual-cell-atlas/scbasecount/2026-01-12/h5ad/GeneFull/Homo_sapiens/SRX11987904.h5ad,success,,PRJNA759630
SRX13441701,arc-institute-virtual-cell-atlas/scbasecount/2026-01-12/h5ad/GeneFull/Homo_sapiens/SRX13441701.h5ad,success,,PRJNA789838
SRX10984890,arc-institute-virtual-cell-atlas/scbasecount/2026-01-12/h5ad/GeneFull/Homo_sapiens/SRX10984890.h5ad,success,,PRJNA732700
SRX11438987,arc-institute-virtual-cell-atlas/scbasecount/2026-01-12/h5ad/GeneFull/Homo_sapiens/SRX11438987.h5ad,success,,PRJNA746455
SRX11515848,arc-institute-virtual-cell-atlas/scbasecount/2026-01-12/h5ad/GeneFull/Homo_sapiens/SRX11515848.h5ad,success,,PRJNA748731
SRX10984882,arc-institute-virtual-cell-atlas/scbasecount/2026-01-12/h5ad/GeneFull/Homo_sapiens/SRX10984882.h5ad,success,,PRJNA732700
SRX11515850,arc-institute-virtual-cell-atlas/scbasecount/2026-01-12/h5ad/GeneFull/Homo_sapiens/SRX11515850.h5ad,success,,PRJNA748731
SRX13441702,arc-institute-virtual-cell-atlas/scbasecount/2026-01-12/h5ad/GeneFull/Homo_sapiens/SRX13441702.h5ad,success,,PRJNA789838
SRX11438994,arc-institute-virtual-cell-atlas/scbasecount/2026-01-12/h5ad/GeneFull/Homo_sapiens/SRX11438994.h5ad,success,,PRJNA746455
SRX13441698,arc-institute-virtual-cell-atlas/scbasecount/2026-01-12/h5ad/GeneFull/Homo_sapiens/SRX13441698.h5ad,success,,PRJNA789838
SRX11071612,arc-institute-virtual-cell-atlas/scbasecount/2026-01-12/h5ad/GeneFull/Homo_sapiens/SRX11071612.h5ad,success,,PRJNA735258
SRX10984879,arc-institute-virtual-cell-atlas/scbasecount/2026-01-12/h5ad/GeneFull/Homo_sapiens/SRX10984879.h5ad,success,,PRJNA732700
SRX11071621,arc-institute-virtual-cell-atlas/scbasecount/2026-01-12/h5ad/GeneFull/Homo_sapiens/SRX11071621.h5ad,skip,excessive_cell_dropout,
SRX11987907,arc-institute-virtual-cell-atlas/scbasecount/2026-01-12/h5ad/GeneFull/Homo_sapiens/SRX11987907.h5ad,success,,PRJNA759630
SRX11987903,arc-institute-virtual-cell-atlas/scbasecount/2026-01-12/h5ad/GeneFull/Homo_sapiens/SRX11987903.h5ad,success,,PRJNA759630
SRX13814623,arc-institute-virtual-cell-atlas/scbasecount/2026-01-12/h5ad/GeneFull/Homo_sapiens/SRX13814623.h5ad,skip,too_few_cells,
SRX13814619,arc-institute-virtual-cell-atlas/scbasecount/2026-01-12/h5ad/GeneFull/Homo_sapiens/SRX13814619.h5ad,skip,too_few_cells,
SRX13814617,arc-institute-virtual-cell-atlas/scbasecount/2026-01-12/h5ad/GeneFull/Homo_sapiens/SRX13814617.h5ad,skip,too_few_cells,
SRX13814625,arc-institute-virtual-cell-atlas/scbasecount/2026-01-12/h5ad/GeneFull/Homo_sapiens/SRX13814625.h5ad,skip,too_few_cells,
SRX12457896,arc-institute-virtual-cell-atlas/scbasecount/2026-01-12/h5ad/GeneFull/Homo_sapiens/SRX12457896.h5ad,success,,PRJNA768255
SRX12457901,arc-institute-virtual-cell-atlas/scbasecount/2026-01-12/h5ad/GeneFull/Homo_sapiens/SRX12457901.h5ad,success,,PRJNA768255
SRX13789895,arc-institute-virtual-cell-atlas/scbasecount/2026-01-12/h5ad/GeneFull/Homo_sapiens/SRX13789895.h5ad,skip,too_few_cells,
SRX13814621,arc-institute-virtual-cell-atlas/scbasecount/2026-01-12/h5ad/GeneFull/Homo_sapiens/SRX13814621.h5ad,skip,too_few_cells,
SRX13814627,arc-institute-virtual-cell-atlas/scbasecount/2026-01-12/h5ad/GeneFull/Homo_sapiens/SRX13814627.h5ad,skip,too_few_cells,
SRX13814629,arc-institute-virtual-cell-atlas/scbasecount/2026-01-12/h5ad/GeneFull/Homo_sapiens/SRX13814629.h5ad,skip,too_few_cells,
SRX13789894,arc-institute-virtual-cell-atlas/scbasecount/2026-01-12/h5ad/GeneFull/Homo_sapiens/SRX13789894.h5ad,success,,PRJNA797244
SRX13789893,arc-institute-virtual-cell-atlas/scbasecount/2026-01-12/h5ad/GeneFull/Homo_sapiens/SRX13789893.h5ad,success,,PRJNA797244
SRX11438992,arc-institute-virtual-cell-atlas/scbasecount/2026-01-12/h5ad/GeneFull/Homo_sapiens/SRX11438992.h5ad,success,,PRJNA746455
SRX11143428,arc-institute-virtual-cell-atlas/scbasecount/2026-01-12/h5ad/GeneFull/Homo_sapiens/SRX11143428.h5ad,success,,PRJNA634136
SRX14098305,arc-institute-virtual-cell-atlas/scbasecount/2026-01-12/h5ad/GeneFull/Homo_sapiens/SRX14098305.h5ad,success,,PRJNA804479
SRX13789891,arc-institute-virtual-cell-atlas/scbasecount/2026-01-12/h5ad/GeneFull/Homo_sapiens/SRX13789891.h5ad,success,,PRJNA797244
SRX11987905,arc-institute-virtual-cell-atlas/scbasecount/2026-01-12/h5ad/GeneFull/Homo_sapiens/SRX11987905.h5ad,success,,PRJNA759630
SRX11438985,arc-institute-virtual-cell-atlas/scbasecount/2026-01-12/h5ad/GeneFull/Homo_sapiens/SRX11438985.h5ad,success,,PRJNA746455
SRX14098302,arc-institute-virtual-cell-atlas/scbasecount/2026-01-12/h5ad/GeneFull/Homo_sapiens/SRX14098302.h5ad,success,,PRJNA804479
SRX14098301,arc-institute-virtual-cell-atlas/scbasecount/2026-01-12/h5ad/GeneFull/Homo_sapiens/SRX14098301.h5ad,success,,PRJNA804479
SRX14098303,arc-institute-virtual-cell-atlas/scbasecount/2026-01-12/h5ad/GeneFull/Homo_sapiens/SRX14098303.h5ad,success,,PRJNA804479
SRX10984887,arc-institute-virtual-cell-atlas/scbasecount/2026-01-12/h5ad/GeneFull/Homo_sapiens/SRX10984887.h5ad,success,,PRJNA732700
SRX11987896,arc-institute-virtual-cell-atlas/scbasecount/2026-01-12/h5ad/GeneFull/Homo_sapiens/SRX11987896.h5ad,success,,PRJNA759630
SRX14098306,arc-institute-virtual-cell-atlas/scbasecount/2026-01-12/h5ad/GeneFull/Homo_sapiens/SRX14098306.h5ad,success,,PRJNA804479
SRX12457898,arc-institute-virtual-cell-atlas/scbasecount/2026-01-12/h5ad/GeneFull/Homo_sapiens/SRX12457898.h5ad,success,,PRJNA768255
SRX11515833,arc-institute-virtual-cell-atlas/scbasecount/2026-01-12/h5ad/GeneFull/Homo_sapiens/SRX11515833.h5ad,skip,too_few_cells,
SRX10984892,arc-institute-virtual-cell-atlas/scbasecount/2026-01-12/h5ad/GeneFull/Homo_sapiens/SRX10984892.h5ad,success,,PRJNA732700
SRX11515820,arc-institute-virtual-cell-atlas/scbasecount/2026-01-12/h5ad/GeneFull/Homo_sapiens/SRX11515820.h5ad,skip,too_few_cells,
SRX11987918,arc-institute-virtual-cell-atlas/scbasecount/2026-01-12/h5ad/GeneFull/Homo_sapiens/SRX11987918.h5ad,success,,PRJNA759630
SRX11071617,arc-institute-virtual-cell-atlas/scbasecount/2026-01-12/h5ad/GeneFull/Homo_sapiens/SRX11071617.h5ad,success,,PRJNA735258
SRX11515876,arc-institute-virtual-cell-atlas/scbasecount/2026-01-12/h5ad/GeneFull/Homo_sapiens/SRX11515876.h5ad,success,,PRJNA748731
SRX14495318,arc-institute-virtual-cell-atlas/scbasecount/2026-01-12/h5ad/GeneFull/Homo_sapiens/SRX14495318.h5ad,success,,PRJNA817261
SRX14589432,arc-institute-virtual-cell-atlas/scbasecount/2026-01-12/h5ad/GeneFull/Homo_sapiens/SRX14589432.h5ad,success,,PRJNA819093
SRX11987900,arc-institute-virtual-cell-atlas/scbasecount/2026-01-12/h5ad/GeneFull/Homo_sapiens/SRX11987900.h5ad,success,,PRJNA759630
SRX14495312,arc-institute-virtual-cell-atlas/scbasecount/2026-01-12/h5ad/GeneFull/Homo_sapiens/SRX14495312.h5ad,success,,PRJNA817261
SRX14589433,arc-institute-virtual-cell-atlas/scbasecount/2026-01-12/h5ad/GeneFull/Homo_sapiens/SRX14589433.h5ad,success,,PRJNA819093
SRX14589431,arc-institute-virtual-cell-atlas/scbasecount/2026-01-12/h5ad/GeneFull/Homo_sapiens/SRX14589431.h5ad,success,,PRJNA819093
SRX11071611,arc-institute-virtual-cell-atlas/scbasecount/2026-01-12/h5ad/GeneFull/Homo_sapiens/SRX11071611.h5ad,success,,PRJNA735258
SRX10984881,arc-institute-virtual-cell-atlas/scbasecount/2026-01-12/h5ad/GeneFull/Homo_sapiens/SRX10984881.h5ad,success,,PRJNA732700
SRX11515857,arc-institute-virtual-cell-atlas/scbasecount/2026-01-12/h5ad/GeneFull/Homo_sapiens/SRX11515857.h5ad,success,,PRJNA748731
SRX11987916,arc-institute-virtual-cell-atlas/scbasecount/2026-01-12/h5ad/GeneFull/Homo_sapiens/SRX11987916.h5ad,success,,PRJNA759630
SRX14767850,arc-institute-virtual-cell-atlas/scbasecount/2026-01-12/h5ad/GeneFull/Homo_sapiens/SRX14767850.h5ad,success,,PRJNA667491
SRX14767855,arc-institute-virtual-cell-atlas/scbasecount/2026-01-12/h5ad/GeneFull/Homo_sapiens/SRX14767855.h5ad,success,,PRJNA667491
SRX14767854,arc-institute-virtual-cell-atlas/scbasecount/2026-01-12/h5ad/GeneFull/Homo_sapiens/SRX14767854.h5ad,success,,PRJNA667491
SRX14767853,arc-institute-virtual-cell-atlas/scbasecount/2026-01-12/h5ad/GeneFull/Homo_sapiens/SRX14767853.h5ad,success,,PRJNA667491
SRX14767848,arc-institute-virtual-cell-atlas/scbasecount/2026-01-12/h5ad/GeneFull/Homo_sapiens/SRX14767848.h5ad,success,,PRJNA667491
SRX14767849,arc-institute-virtual-cell-atlas/scbasecount/2026-01-12/h5ad/GeneFull/Homo_sapiens/SRX14767849.h5ad,success,,PRJNA667491
SRX14767852,arc-institute-virtual-cell-atlas/scbasecount/2026-01-12/h5ad/GeneFull/Homo_sapiens/SRX14767852.h5ad,success,,PRJNA667491
SRX14767851,arc-institute-virtual-cell-atlas/scbasecount/2026-01-12/h5ad/GeneFull/Homo_sapiens/SRX14767851.h5ad,skip,excessive_cell_dropout,
SRX11071622,arc-institute-virtual-cell-atlas/scbasecount/2026-01-12/h5ad/GeneFull/Homo_sapiens/SRX11071622.h5ad,skip,excessive_cell_dropout,
SRX11515875,arc-institute-virtual-cell-atlas/scbasecount/2026-01-12/h5ad/GeneFull/Homo_sapiens/SRX11515875.h5ad,success,,PRJNA748731
SRX11987915,arc-institute-virtual-cell-atlas/scbasecount/2026-01-12/h5ad/GeneFull/Homo_sapiens/SRX11987915.h5ad,success,,PRJNA759630
SRX11143424,arc-institute-virtual-cell-atlas/scbasecount/2026-01-12/h5ad/GeneFull/Homo_sapiens/SRX11143424.h5ad,success,,PRJNA634136
SRX11438991,arc-institute-virtual-cell-atlas/scbasecount/2026-01-12/h5ad/GeneFull/Homo_sapiens/SRX11438991.h5ad,success,,PRJNA746455
SRX11515823,arc-institute-virtual-cell-atlas/scbasecount/2026-01-12/h5ad/GeneFull/Homo_sapiens/SRX11515823.h5ad,skip,too_few_cells,
SRX11515811,arc-institute-virtual-cell-atlas/scbasecount/2026-01-12/h5ad/GeneFull/Homo_sapiens/SRX11515811.h5ad,skip,too_few_cells,
SRX15390221,arc-institute-virtual-cell-atlas/scbasecount/2026-01-12/h5ad/GeneFull/Homo_sapiens/SRX15390221.h5ad,skip,too_few_cells,
SRX10984888,arc-institute-virtual-cell-atlas/scbasecount/2026-01-12/h5ad/GeneFull/Homo_sapiens/SRX10984888.h5ad,success,,PRJNA732700
SRX11143425,arc-institute-virtual-cell-atlas/scbasecount/2026-01-12/h5ad/GeneFull/Homo_sapiens/SRX11143425.h5ad,success,,PRJNA634136
SRX11438990,arc-institute-virtual-cell-atlas/scbasecount/2026-01-12/h5ad/GeneFull/Homo_sapiens/SRX11438990.h5ad,success,,PRJNA746455
SRX12457902,arc-institute-virtual-cell-atlas/scbasecount/2026-01-12/h5ad/GeneFull/Homo_sapiens/SRX12457902.h5ad,success,,PRJNA768255
SRX15390539,arc-institute-virtual-cell-atlas/scbasecount/2026-01-12/h5ad/GeneFull/Homo_sapiens/SRX15390539.h5ad,skip,too_few_cells,
SRX11071613,arc-institute-virtual-cell-atlas/scbasecount/2026-01-12/h5ad/GeneFull/Homo_sapiens/SRX11071613.h5ad,success,,PRJNA735258
SRX11515818,arc-institute-virtual-cell-atlas/scbasecount/2026-01-12/h5ad/GeneFull/Homo_sapiens/SRX11515818.h5ad,skip,too_few_cells,
SRX11515804,arc-institute-virtual-cell-atlas/scbasecount/2026-01-12/h5ad/GeneFull/Homo_sapiens/SRX11515804.h5ad,skip,too_few_cells,
SRX11143427,arc-institute-virtual-cell-atlas/scbasecount/2026-01-12/h5ad/GeneFull/Homo_sapiens/SRX11143427.h5ad,success,,PRJNA634136
SRX11071615,arc-institute-virtual-cell-atlas/scbasecount/2026-01-12/h5ad/GeneFull/Homo_sapiens/SRX11071615.h5ad,success,,PRJNA735258
SRX10984884,arc-institute-virtual-cell-atlas/scbasecount/2026-01-12/h5ad/GeneFull/Homo_sapiens/SRX10984884.h5ad,success,,PRJNA732700
SRX10335835,arc-institute-virtual-cell-atlas/scbasecount/2026-01-12/h5ad/GeneFull/Homo_sapiens/SRX10335835.h5ad,success,,PRJNA714138
SRX11515880,arc-institute-virtual-cell-atlas/scbasecount/2026-01-12/h5ad/GeneFull/Homo_sapiens/SRX11515880.h5ad,skip,excessive_cell_dropout,
SRX11515822,arc-institute-virtual-cell-atlas/scbasecount/2026-01-12/h5ad/GeneFull/Homo_sapiens/SRX11515822.h5ad,skip,too_few_cells,
SRX11143429,arc-institute-virtual-cell-atlas/scbasecount/2026-01-12/h5ad/GeneFull/Homo_sapiens/SRX11143429.h5ad,success,,PRJNA634136
SRX11987910,arc-institute-virtual-cell-atlas/scbasecount/2026-01-12/h5ad/GeneFull/Homo_sapiens/SRX11987910.h5ad,success,,PRJNA759630
SRX11515843,arc-institute-virtual-cell-atlas/scbasecount/2026-01-12/h5ad/GeneFull/Homo_sapiens/SRX11515843.h5ad,success,,PRJNA748731
SRX10152685,arc-institute-virtual-cell-atlas/scbasecount/2026-01-12/h5ad/GeneFull/Homo_sapiens/SRX10152685.h5ad,success,,PRJNA704098
SRX10697704,arc-institute-virtual-cell-atlas/scbasecount/2026-01-12/h5ad/GeneFull/Homo_sapiens/SRX10697704.h5ad,success,,PRJNA725827
SRX10327366,arc-institute-virtual-cell-atlas/scbasecount/2026-01-12/h5ad/GeneFull/Homo_sapiens/SRX10327366.h5ad,success,,PRJNA713903
SRX10697703,arc-institute-virtual-cell-atlas/scbasecount/2026-01-12/h5ad/GeneFull/Homo_sapiens/SRX10697703.h5ad,success,,PRJNA725827
SRX15805189,arc-institute-virtual-cell-atlas/scbasecount/2026-01-12/h5ad/GeneFull/Homo_sapiens/SRX15805189.h5ad,skip,too_few_cells,
SRX15805169,arc-institute-virtual-cell-atlas/scbasecount/2026-01-12/h5ad/GeneFull/Homo_sapiens/SRX15805169.h5ad,skip,too_few_cells,
SRX15805181,arc-institute-virtual-cell-atlas/scbasecount/2026-01-12/h5ad/GeneFull/Homo_sapiens/SRX15805181.h5ad,skip,excessive_cell_dropout,
SRX15805177,arc-institute-virtual-cell-atlas/scbasecount/2026-01-12/h5ad/GeneFull/Homo_sapiens/SRX15805177.h5ad,skip,excessive_cell_dropout,
SRX16217038,arc-institute-virtual-cell-atlas/scbasecount/2026-01-12/h5ad/GeneFull/Homo_sapiens/SRX16217038.h5ad,skip,too_few_cells,
SRX16217045,arc-institute-virtual-cell-atlas/scbasecount/2026-01-12/h5ad/GeneFull/Homo_sapiens/SRX16217045.h5ad,skip,too_few_cells,
SRX16217035,arc-institute-virtual-cell-atlas/scbasecount/2026-01-12/h5ad/GeneFull/Homo_sapiens/SRX16217035.h5ad,skip,too_few_cells,
SRX16217037,arc-institute-virtual-cell-atlas/scbasecount/2026-01-12/h5ad/GeneFull/Homo_sapiens/SRX16217037.h5ad,skip,too_few_cells,
SRX16217040,arc-institute-virtual-cell-atlas/scbasecount/2026-01-12/h5ad/GeneFull/Homo_sapiens/SRX16217040.h5ad,skip,too_few_cells,
SRX16217048,arc-institute-virtual-cell-atlas/scbasecount/2026-01-12/h5ad/GeneFull/Homo_sapiens/SRX16217048.h5ad,skip,too_few_cells,
SRX16217033,arc-institute-virtual-cell-atlas/scbasecount/2026-01-12/h5ad/GeneFull/Homo_sapiens/SRX16217033.h5ad,skip,too_few_cells,
SRX16217047,arc-institute-virtual-cell-atlas/scbasecount/2026-01-12/h5ad/GeneFull/Homo_sapiens/SRX16217047.h5ad,skip,too_few_cells,
SRX16217034,arc-institute-virtual-cell-atlas/scbasecount/2026-01-12/h5ad/GeneFull/Homo_sapiens/SRX16217034.h5ad,skip,too_few_cells,
SRX18096298,arc-institute-virtual-cell-atlas/scbasecount/2026-01-12/h5ad/GeneFull/Homo_sapiens/SRX18096298.h5ad,success,,PRJNA896321
SRX10606548,arc-institute-virtual-cell-atlas/scbasecount/2026-01-12/h5ad/GeneFull/Homo_sapiens/SRX10606548.h5ad,skip,too_few_cells,
SRX18096301,arc-institute-virtual-cell-atlas/scbasecount/2026-01-12/h5ad/GeneFull/Homo_sapiens/SRX18096301.h5ad,skip,excessive_cell_dropout,
SRX18096300,arc-institute-virtual-cell-atlas/scbasecount/2026-01-12/h5ad/GeneFull/Homo_sapiens/SRX18096300.h5ad,success,,PRJNA896321
SRX18096299,arc-institute-virtual-cell-atlas/scbasecount/2026-01-12/h5ad/GeneFull/Homo_sapiens/SRX18096299.h5ad,success,,PRJNA896321
SRX18096297,arc-institute-virtual-cell-atlas/scbasecount/2026-01-12/h5ad/GeneFull/Homo_sapiens/SRX18096297.h5ad,success,,PRJNA896321
SRX22613096,arc-institute-virtual-cell-atlas/scbasecount/2026-01-12/h5ad/GeneFull/Homo_sapiens/SRX22613096.h5ad,success,,PRJNA1044045
ERX11662356,arc-institute-virtual-cell-atlas/scbasecount/2026-01-12/h5ad/GeneFull/Homo_sapiens/ERX11662356.h5ad,skip,cell_type_all_missing,
ERX11662358,arc-institute-virtual-cell-atlas/scbasecount/2026-01-12/h5ad/GeneFull/Homo_sapiens/ERX11662358.h5ad,skip,cell_type_all_missing,
ERX11662363,arc-institute-virtual-cell-atlas/scbasecount/2026-01-12/h5ad/GeneFull/Homo_sapiens/ERX11662363.h5ad,skip,cell_type_all_missing,
ERX11662365,arc-institute-virtual-cell-atlas/scbasecount/2026-01-12/h5ad/GeneFull/Homo_sapiens/ERX11662365.h5ad,skip,cell_type_all_missing,
ERX11662362,arc-institute-virtual-cell-atlas/scbasecount/2026-01-12/h5ad/GeneFull/Homo_sapiens/ERX11662362.h5ad,success,,PRJEB68315
ERX11662383,arc-institute-virtual-cell-atlas/scbasecount/2026-01-12/h5ad/GeneFull/Homo_sapiens/ERX11662383.h5ad,skip,cell_type_all_missing,
ERX8831395,arc-institute-virtual-cell-atlas/scbasecount/2026-01-12/h5ad/GeneFull/Homo_sapiens/ERX8831395.h5ad,skip,cell_type_all_missing,
SRX22917447,arc-institute-virtual-cell-atlas/scbasecount/2026-01-12/h5ad/GeneFull/Homo_sapiens/SRX22917447.h5ad,success,,PRJNA1053822
ERX11876756,arc-institute-virtual-cell-atlas/scbasecount/2026-01-12/h5ad/GeneFull/Homo_sapiens/ERX11876756.h5ad,success,,PRJEB71931
SRX24312775,arc-institute-virtual-cell-atlas/scbasecount/2026-01-12/h5ad/GeneFull/Homo_sapiens/SRX24312775.h5ad,success,,PRJNA1102355
SRX25289894,arc-institute-virtual-cell-atlas/scbasecount/2026-01-12/h5ad/GeneFull/Homo_sapiens/SRX25289894.h5ad,success,,PRJNA1134791
ERX11876771,arc-institute-virtual-cell-atlas/scbasecount/2026-01-12/h5ad/GeneFull/Homo_sapiens/ERX11876771.h5ad,success,,PRJEB71931
SRX25363538,arc-institute-virtual-cell-atlas/scbasecount/2026-01-12/h5ad/GeneFull/Homo_sapiens/SRX25363538.h5ad,success,,PRJNA1136930
SRX25261770,arc-institute-virtual-cell-atlas/scbasecount/2026-01-12/h5ad/GeneFull/Homo_sapiens/SRX25261770.h5ad,success,,PRJNA1133168
SRX25038170,arc-institute-virtual-cell-atlas/scbasecount/2026-01-12/h5ad/GeneFull/Homo_sapiens/SRX25038170.h5ad,success,,PRJNA1127657
SRX23902411,arc-institute-virtual-cell-atlas/scbasecount/2026-01-12/h5ad/GeneFull/Homo_sapiens/SRX23902411.h5ad,success,,PRJNA1086544
SRX24312781,arc-institute-virtual-cell-atlas/scbasecount/2026-01-12/h5ad/GeneFull/Homo_sapiens/SRX24312781.h5ad,success,,PRJNA1102355
SRX24312773,arc-institute-virtual-cell-atlas/scbasecount/2026-01-12/h5ad/GeneFull/Homo_sapiens/SRX24312773.h5ad,success,,PRJNA1102355
SRX24312772,arc-institute-virtual-cell-atlas/scbasecount/2026-01-12/h5ad/GeneFull/Homo_sapiens/SRX24312772.h5ad,success,,PRJNA1102355
SRX20407498,arc-institute-virtual-cell-atlas/scbasecount/2026-01-12/h5ad/GeneFull/Homo_sapiens/SRX20407498.h5ad,success,,PRJNA973717
SRX24312778,arc-institute-virtual-cell-atlas/scbasecount/2026-01-12/h5ad/GeneFull/Homo_sapiens/SRX24312778.h5ad,success,,PRJNA1102355
SRX19704182,arc-institute-virtual-cell-atlas/scbasecount/2026-01-12/h5ad/GeneFull/Homo_sapiens/SRX19704182.h5ad,success,,PRJNA945854
SRX25595940,arc-institute-virtual-cell-atlas/scbasecount/2026-01-12/h5ad/GeneFull/Homo_sapiens/SRX25595940.h5ad,success,,PRJNA1144126
SRX21808831,arc-institute-virtual-cell-atlas/scbasecount/2026-01-12/h5ad/GeneFull/Homo_sapiens/SRX21808831.h5ad,success,,PRJNA1018509
SRX23825231,arc-institute-virtual-cell-atlas/scbasecount/2026-01-12/h5ad/GeneFull/Homo_sapiens/SRX23825231.h5ad,success,,PRJNA1083452
SRX25261737,arc-institute-virtual-cell-atlas/scbasecount/2026-01-12/h5ad/GeneFull/Homo_sapiens/SRX25261737.h5ad,success,,PRJNA1133168
SRX23457974,arc-institute-virtual-cell-atlas/scbasecount/2026-01-12/h5ad/GeneFull/Homo_sapiens/SRX23457974.h5ad,success,,PRJNA1071273
SRX23457971,arc-institute-virtual-cell-atlas/scbasecount/2026-01-12/h5ad/GeneFull/Homo_sapiens/SRX23457971.h5ad,success,,PRJNA1071273
SRX19704899,arc-institute-virtual-cell-atlas/scbasecount/2026-01-12/h5ad/GeneFull/Homo_sapiens/SRX19704899.h5ad,success,,PRJNA945866
SRX22996389,arc-institute-virtual-cell-atlas/scbasecount/2026-01-12/h5ad/GeneFull/Homo_sapiens/SRX22996389.h5ad,success,,PRJNA1055415
SRX19836245,arc-institute-virtual-cell-atlas/scbasecount/2026-01-12/h5ad/GeneFull/Homo_sapiens/SRX19836245.h5ad,success,,PRJNA950922
SRX19730935,arc-institute-virtual-cell-atlas/scbasecount/2026-01-12/h5ad/GeneFull/Homo_sapiens/SRX19730935.h5ad,success,,PRJNA934540
SRX19886033,arc-institute-virtual-cell-atlas/scbasecount/2026-01-12/h5ad/GeneFull/Homo_sapiens/SRX19886033.h5ad,success,,PRJNA952672
SRX22996366,arc-institute-virtual-cell-atlas/scbasecount/2026-01-12/h5ad/GeneFull/Homo_sapiens/SRX22996366.h5ad,success,,PRJNA1055415
SRX20811754,arc-institute-virtual-cell-atlas/scbasecount/2026-01-12/h5ad/GeneFull/Homo_sapiens/SRX20811754.h5ad,success,,PRJNA988459
SRX20811744,arc-institute-virtual-cell-atlas/scbasecount/2026-01-12/h5ad/GeneFull/Homo_sapiens/SRX20811744.h5ad,success,,PRJNA988459
SRX19704146,arc-institute-virtual-cell-atlas/scbasecount/2026-01-12/h5ad/GeneFull/Homo_sapiens/SRX19704146.h5ad,skip,too_few_cells,
SRX19704192,arc-institute-virtual-cell-atlas/scbasecount/2026-01-12/h5ad/GeneFull/Homo_sapiens/SRX19704192.h5ad,success,,PRJNA945854
SRX22996335,arc-institute-virtual-cell-atlas/scbasecount/2026-01-12/h5ad/GeneFull/Homo_sapiens/SRX22996335.h5ad,success,,PRJNA1055415
SRX19704150,arc-institute-virtual-cell-atlas/scbasecount/2026-01-12/h5ad/GeneFull/Homo_sapiens/SRX19704150.h5ad,success,,PRJNA945854
SRX19836243,arc-institute-virtual-cell-atlas/scbasecount/2026-01-12/h5ad/GeneFull/Homo_sapiens/SRX19836243.h5ad,success,,PRJNA950922
SRX23457977,arc-institute-virtual-cell-atlas/scbasecount/2026-01-12/h5ad/GeneFull/Homo_sapiens/SRX23457977.h5ad,success,,PRJNA1071273
SRX19704187,arc-institute-virtual-cell-atlas/scbasecount/2026-01-12/h5ad/GeneFull/Homo_sapiens/SRX19704187.h5ad,success,,PRJNA945854
SRX22558192,arc-institute-virtual-cell-atlas/scbasecount/2026-01-12/h5ad/GeneFull/Homo_sapiens/SRX22558192.h5ad,success,,PRJNA1041779
SRX19704199,arc-institute-virtual-cell-atlas/scbasecount/2026-01-12/h5ad/GeneFull/Homo_sapiens/SRX19704199.h5ad,success,,PRJNA945854
ERX11876772,arc-institute-virtual-cell-atlas/scbasecount/2026-01-12/h5ad/GeneFull/Homo_sapiens/ERX11876772.h5ad,success,,PRJEB71931
SRX17689196,arc-institute-virtual-cell-atlas/scbasecount/2026-01-12/h5ad/GeneFull/Homo_sapiens/SRX17689196.h5ad,success,,PRJNA883741
SRX19704178,arc-institute-virtual-cell-atlas/scbasecount/2026-01-12/h5ad/GeneFull/Homo_sapiens/SRX19704178.h5ad,success,,PRJNA945854
SRX19844839,arc-institute-virtual-cell-atlas/scbasecount/2026-01-12/h5ad/GeneFull/Homo_sapiens/SRX19844839.h5ad,success,,PRJNA945854
SRX26487580,arc-institute-virtual-cell-atlas/scbasecount/2026-01-12/h5ad/GeneFull/Homo_sapiens/SRX26487580.h5ad,success,,PRJNA1177414
SRX17689208,arc-institute-virtual-cell-atlas/scbasecount/2026-01-12/h5ad/GeneFull/Homo_sapiens/SRX17689208.h5ad,success,,PRJNA883741
SRX17896692,arc-institute-virtual-cell-atlas/scbasecount/2026-01-12/h5ad/GeneFull/Homo_sapiens/SRX17896692.h5ad,success,,PRJNA890673
SRX17941757,arc-institute-virtual-cell-atlas/scbasecount/2026-01-12/h5ad/GeneFull/Homo_sapiens/SRX17941757.h5ad,success,,PRJNA891742
SRX17949769,arc-institute-virtual-cell-atlas/scbasecount/2026-01-12/h5ad/GeneFull/Homo_sapiens/SRX17949769.h5ad,success,,PRJNA891766
SRX25038168,arc-institute-virtual-cell-atlas/scbasecount/2026-01-12/h5ad/GeneFull/Homo_sapiens/SRX25038168.h5ad,success,,PRJNA1127657
SRX16757155,arc-institute-virtual-cell-atlas/scbasecount/2026-01-12/h5ad/GeneFull/Homo_sapiens/SRX16757155.h5ad,success,,PRJNA864822
SRX12868720,arc-institute-virtual-cell-atlas/scbasecount/2026-01-12/h5ad/GeneFull/Homo_sapiens/SRX12868720.h5ad,success,,PRJNA773987
SRX17150747,arc-institute-virtual-cell-atlas/scbasecount/2026-01-12/h5ad/GeneFull/Homo_sapiens/SRX17150747.h5ad,success,,PRJNA871210
SRX16757156,arc-institute-virtual-cell-atlas/scbasecount/2026-01-12/h5ad/GeneFull/Homo_sapiens/SRX16757156.h5ad,success,,PRJNA864822
SRX12366723,arc-institute-virtual-cell-atlas/scbasecount/2026-01-12/h5ad/GeneFull/Homo_sapiens/SRX12366723.h5ad,success,,PRJNA766517
SRX14891758,arc-institute-virtual-cell-atlas/scbasecount/2026-01-12/h5ad/GeneFull/Homo_sapiens/SRX14891758.h5ad,success,,PRJNA827791
SRX16757157,arc-institute-virtual-cell-atlas/scbasecount/2026-01-12/h5ad/GeneFull/Homo_sapiens/SRX16757157.h5ad,success,,PRJNA864822
SRX18248069,arc-institute-virtual-cell-atlas/scbasecount/2026-01-12/h5ad/GeneFull/Homo_sapiens/SRX18248069.h5ad,success,,PRJNA901260
SRX16217014,arc-institute-virtual-cell-atlas/scbasecount/2026-01-12/h5ad/GeneFull/Homo_sapiens/SRX16217014.h5ad,success,,PRJNA858410
SRX19704191,arc-institute-virtual-cell-atlas/scbasecount/2026-01-12/h5ad/GeneFull/Homo_sapiens/SRX19704191.h5ad,success,,PRJNA945854
SRX19704141,arc-institute-virtual-cell-atlas/scbasecount/2026-01-12/h5ad/GeneFull/Homo_sapiens/SRX19704141.h5ad,success,,PRJNA945854
SRX18965982,arc-institute-virtual-cell-atlas/scbasecount/2026-01-12/h5ad/GeneFull/Homo_sapiens/SRX18965982.h5ad,success,,PRJNA919922
SRX16217008,arc-institute-virtual-cell-atlas/scbasecount/2026-01-12/h5ad/GeneFull/Homo_sapiens/SRX16217008.h5ad,success,,PRJNA858410
SRX18965977,arc-institute-virtual-cell-atlas/scbasecount/2026-01-12/h5ad/GeneFull/Homo_sapiens/SRX18965977.h5ad,success,,PRJNA919922
SRX19704189,arc-institute-virtual-cell-atlas/scbasecount/2026-01-12/h5ad/GeneFull/Homo_sapiens/SRX19704189.h5ad,success,,PRJNA945854
SRX19704200,arc-institute-virtual-cell-atlas/scbasecount/2026-01-12/h5ad/GeneFull/Homo_sapiens/SRX19704200.h5ad,success,,PRJNA945854
SRX19704158,arc-institute-virtual-cell-atlas/scbasecount/2026-01-12/h5ad/GeneFull/Homo_sapiens/SRX19704158.h5ad,success,,PRJNA945854
SRX19727436,arc-institute-virtual-cell-atlas/scbasecount/2026-01-12/h5ad/GeneFull/Homo_sapiens/SRX19727436.h5ad,success,,PRJNA946652
SRX14891763,arc-institute-virtual-cell-atlas/scbasecount/2026-01-12/h5ad/GeneFull/Homo_sapiens/SRX14891763.h5ad,success,,PRJNA827791
SRX19162056,arc-institute-virtual-cell-atlas/scbasecount/2026-01-12/h5ad/GeneFull/Homo_sapiens/SRX19162056.h5ad,success,,PRJNA927026
SRX19162065,arc-institute-virtual-cell-atlas/scbasecount/2026-01-12/h5ad/GeneFull/Homo_sapiens/SRX19162065.h5ad,success,,PRJNA927026
SRX19162066,arc-institute-virtual-cell-atlas/scbasecount/2026-01-12/h5ad/GeneFull/Homo_sapiens/SRX19162066.h5ad,skip,cell_type_all_missing,
SRX19320094,arc-institute-virtual-cell-atlas/scbasecount/2026-01-12/h5ad/GeneFull/Homo_sapiens/SRX19320094.h5ad,success,,PRJNA934551
SRX19844827,arc-institute-virtual-cell-atlas/scbasecount/2026-01-12/h5ad/GeneFull/Homo_sapiens/SRX19844827.h5ad,success,,PRJNA945854
SRX19844820,arc-institute-virtual-cell-atlas/scbasecount/2026-01-12/h5ad/GeneFull/Homo_sapiens/SRX19844820.h5ad,success,,PRJNA945854
SRX19844833,arc-institute-virtual-cell-atlas/scbasecount/2026-01-12/h5ad/GeneFull/Homo_sapiens/SRX19844833.h5ad,success,,PRJNA945854
SRX19704123,arc-institute-virtual-cell-atlas/scbasecount/2026-01-12/h5ad/GeneFull/Homo_sapiens/SRX19704123.h5ad,success,,PRJNA945854
SRX19704131,arc-institute-virtual-cell-atlas/scbasecount/2026-01-12/h5ad/GeneFull/Homo_sapiens/SRX19704131.h5ad,skip,too_few_cells,
SRX19704129,arc-institute-virtual-cell-atlas/scbasecount/2026-01-12/h5ad/GeneFull/Homo_sapiens/SRX19704129.h5ad,success,,PRJNA945854
SRX20180657,arc-institute-virtual-cell-atlas/scbasecount/2026-01-12/h5ad/GeneFull/Homo_sapiens/SRX20180657.h5ad,success,,PRJNA966111
SRX20221193,arc-institute-virtual-cell-atlas/scbasecount/2026-01-12/h5ad/GeneFull/Homo_sapiens/SRX20221193.h5ad,success,,PRJNA967233
SRX19886024,arc-institute-virtual-cell-atlas/scbasecount/2026-01-12/h5ad/GeneFull/Homo_sapiens/SRX19886024.h5ad,success,,PRJNA952672
SRX19886044,arc-institute-virtual-cell-atlas/scbasecount/2026-01-12/h5ad/GeneFull/Homo_sapiens/SRX19886044.h5ad,success,,PRJNA952672
SRX19886047,arc-institute-virtual-cell-atlas/scbasecount/2026-01-12/h5ad/GeneFull/Homo_sapiens/SRX19886047.h5ad,success,,PRJNA952672
SRX19886025,arc-institute-virtual-cell-atlas/scbasecount/2026-01-12/h5ad/GeneFull/Homo_sapiens/SRX19886025.h5ad,success,,PRJNA952672
SRX20970825,arc-institute-virtual-cell-atlas/scbasecount/2026-01-12/h5ad/GeneFull/Homo_sapiens/SRX20970825.h5ad,success,,PRJNA993165
SRX20811742,arc-institute-virtual-cell-atlas/scbasecount/2026-01-12/h5ad/GeneFull/Homo_sapiens/SRX20811742.h5ad,success,,PRJNA988459
SRX20811751,arc-institute-virtual-cell-atlas/scbasecount/2026-01-12/h5ad/GeneFull/Homo_sapiens/SRX20811751.h5ad,success,,PRJNA988459
SRX20811745,arc-institute-virtual-cell-atlas/scbasecount/2026-01-12/h5ad/GeneFull/Homo_sapiens/SRX20811745.h5ad,success,,PRJNA988459
SRX20811750,arc-institute-virtual-cell-atlas/scbasecount/2026-01-12/h5ad/GeneFull/Homo_sapiens/SRX20811750.h5ad,success,,PRJNA988459
SRX21311407,arc-institute-virtual-cell-atlas/scbasecount/2026-01-12/h5ad/GeneFull/Homo_sapiens/SRX21311407.h5ad,success,,PRJNA1003807
SRX21460095,arc-institute-virtual-cell-atlas/scbasecount/2026-01-12/h5ad/GeneFull/Homo_sapiens/SRX21460095.h5ad,success,,PRJNA1008237
SRX21460108,arc-institute-virtual-cell-atlas/scbasecount/2026-01-12/h5ad/GeneFull/Homo_sapiens/SRX21460108.h5ad,success,,PRJNA1008237
SRX21808832,arc-institute-virtual-cell-atlas/scbasecount/2026-01-12/h5ad/GeneFull/Homo_sapiens/SRX21808832.h5ad,success,,PRJNA1018509
SRX21808829,arc-institute-virtual-cell-atlas/scbasecount/2026-01-12/h5ad/GeneFull/Homo_sapiens/SRX21808829.h5ad,success,,PRJNA1018509
SRX21808830,arc-institute-virtual-cell-atlas/scbasecount/2026-01-12/h5ad/GeneFull/Homo_sapiens/SRX21808830.h5ad,success,,PRJNA1018509
SRX21808833,arc-institute-virtual-cell-atlas/scbasecount/2026-01-12/h5ad/GeneFull/Homo_sapiens/SRX21808833.h5ad,success,,PRJNA1018509
SRX21897873,arc-institute-virtual-cell-atlas/scbasecount/2026-01-12/h5ad/GeneFull/Homo_sapiens/SRX21897873.h5ad,success,,PRJNA1021137
SRX22130034,arc-institute-virtual-cell-atlas/scbasecount/2026-01-12/h5ad/GeneFull/Homo_sapiens/SRX22130034.h5ad,skip,too_few_cells,
SRX22226505,arc-institute-virtual-cell-atlas/scbasecount/2026-01-12/h5ad/GeneFull/Homo_sapiens/SRX22226505.h5ad,success,,PRJNA1032112
SRX22226504,arc-institute-virtual-cell-atlas/scbasecount/2026-01-12/h5ad/GeneFull/Homo_sapiens/SRX22226504.h5ad,success,,PRJNA1032112
SRX22996314,arc-institute-virtual-cell-atlas/scbasecount/2026-01-12/h5ad/GeneFull/Homo_sapiens/SRX22996314.h5ad,success,,PRJNA1055415
SRX23341418,arc-institute-virtual-cell-atlas/scbasecount/2026-01-12/h5ad/GeneFull/Homo_sapiens/SRX23341418.h5ad,skip,excessive_cell_dropout,
SRX23331462,arc-institute-virtual-cell-atlas/scbasecount/2026-01-12/h5ad/GeneFull/Homo_sapiens/SRX23331462.h5ad,success,,PRJNA1066790
SRX22996379,arc-institute-virtual-cell-atlas/scbasecount/2026-01-12/h5ad/GeneFull/Homo_sapiens/SRX22996379.h5ad,success,,PRJNA1055415
SRX22996390,arc-institute-virtual-cell-atlas/scbasecount/2026-01-12/h5ad/GeneFull/Homo_sapiens/SRX22996390.h5ad,success,,PRJNA1055415
SRX22996350,arc-institute-virtual-cell-atlas/scbasecount/2026-01-12/h5ad/GeneFull/Homo_sapiens/SRX22996350.h5ad,success,,PRJNA1055415
SRX23395186,arc-institute-virtual-cell-atlas/scbasecount/2026-01-12/h5ad/GeneFull/Homo_sapiens/SRX23395186.h5ad,success,,PRJNA1069102
SRX22996336,arc-institute-virtual-cell-atlas/scbasecount/2026-01-12/h5ad/GeneFull/Homo_sapiens/SRX22996336.h5ad,success,,PRJNA1055415
SRX23395187,arc-institute-virtual-cell-atlas/scbasecount/2026-01-12/h5ad/GeneFull/Homo_sapiens/SRX23395187.h5ad,success,,PRJNA1069102
SRX23395190,arc-institute-virtual-cell-atlas/scbasecount/2026-01-12/h5ad/GeneFull/Homo_sapiens/SRX23395190.h5ad,success,,PRJNA1069102
SRX22996377,arc-institute-virtual-cell-atlas/scbasecount/2026-01-12/h5ad/GeneFull/Homo_sapiens/SRX22996377.h5ad,success,,PRJNA1055415
SRX22996396,arc-institute-virtual-cell-atlas/scbasecount/2026-01-12/h5ad/GeneFull/Homo_sapiens/SRX22996396.h5ad,success,,PRJNA1055415
SRX23902412,arc-institute-virtual-cell-atlas/scbasecount/2026-01-12/h5ad/GeneFull/Homo_sapiens/SRX23902412.h5ad,success,,PRJNA1086544
SRX24312771,arc-institute-virtual-cell-atlas/scbasecount/2026-01-12/h5ad/GeneFull/Homo_sapiens/SRX24312771.h5ad,success,,PRJNA1102355
SRX24475791,arc-institute-virtual-cell-atlas/scbasecount/2026-01-12/h5ad/GeneFull/Homo_sapiens/SRX24475791.h5ad,success,,PRJNA1108287
SRX24475801,arc-institute-virtual-cell-atlas/scbasecount/2026-01-12/h5ad/GeneFull/Homo_sapiens/SRX24475801.h5ad,success,,PRJNA1108287
SRX24475792,arc-institute-virtual-cell-atlas/scbasecount/2026-01-12/h5ad/GeneFull/Homo_sapiens/SRX24475792.h5ad,success,,PRJNA1108287
SRX22996329,arc-institute-virtual-cell-atlas/scbasecount/2026-01-12/h5ad/GeneFull/Homo_sapiens/SRX22996329.h5ad,success,,PRJNA1055415
SRX24841616,arc-institute-virtual-cell-atlas/scbasecount/2026-01-12/h5ad/GeneFull/Homo_sapiens/SRX24841616.h5ad,success,,PRJNA1121368
SRX25261718,arc-institute-virtual-cell-atlas/scbasecount/2026-01-12/h5ad/GeneFull/Homo_sapiens/SRX25261718.h5ad,success,,PRJNA1133168
SRX25038172,arc-institute-virtual-cell-atlas/scbasecount/2026-01-12/h5ad/GeneFull/Homo_sapiens/SRX25038172.h5ad,success,,PRJNA1127657
SRX26487578,arc-institute-virtual-cell-atlas/scbasecount/2026-01-12/h5ad/GeneFull/Homo_sapiens/SRX26487578.h5ad,success,,PRJNA1177414
SRX24312770,arc-institute-virtual-cell-atlas/scbasecount/2026-01-12/h5ad/GeneFull/Homo_sapiens/SRX24312770.h5ad,success,,PRJNA1102355
SRX26735837,arc-institute-virtual-cell-atlas/scbasecount/2026-01-12/h5ad/GeneFull/Homo_sapiens/SRX26735837.h5ad,success,,PRJNA1186577
SRX26735834,arc-institute-virtual-cell-atlas/scbasecount/2026-01-12/h5ad/GeneFull/Homo_sapiens/SRX26735834.h5ad,success,,PRJNA1186577
SRX10152687,arc-institute-virtual-cell-atlas/scbasecount/2026-01-12/h5ad/GeneFull/Homo_sapiens/SRX10152687.h5ad,skip,too_few_cells,
SRX27123182,arc-institute-virtual-cell-atlas/scbasecount/2026-01-12/h5ad/GeneFull/Homo_sapiens/SRX27123182.h5ad,skip,excessive_cell_dropout,
SRX27291571,arc-institute-virtual-cell-atlas/scbasecount/2026-01-12/h5ad/GeneFull/Homo_sapiens/SRX27291571.h5ad,success,,PRJNA1208088
SRX27291594,arc-institute-virtual-cell-atlas/scbasecount/2026-01-12/h5ad/GeneFull/Homo_sapiens/SRX27291594.h5ad,success,,PRJNA1208088
SRX27291604,arc-institute-virtual-cell-atlas/scbasecount/2026-01-12/h5ad/GeneFull/Homo_sapiens/SRX27291604.h5ad,success,,PRJNA1208088
SRX27291593,arc-institute-virtual-cell-atlas/scbasecount/2026-01-12/h5ad/GeneFull/Homo_sapiens/SRX27291593.h5ad,success,,PRJNA1208088
SRX27291591,arc-institute-virtual-cell-atlas/scbasecount/2026-01-12/h5ad/GeneFull/Homo_sapiens/SRX27291591.h5ad,success,,PRJNA1208088
SRX27291592,arc-institute-virtual-cell-atlas/scbasecount/2026-01-12/h5ad/GeneFull/Homo_sapiens/SRX27291592.h5ad,success,,PRJNA1208088
SRX27291605,arc-institute-virtual-cell-atlas/scbasecount/2026-01-12/h5ad/GeneFull/Homo_sapiens/SRX27291605.h5ad,success,,PRJNA1208088
SRX27291600,arc-institute-virtual-cell-atlas/scbasecount/2026-01-12/h5ad/GeneFull/Homo_sapiens/SRX27291600.h5ad,success,,PRJNA1208088
SRX27291570,arc-institute-virtual-cell-atlas/scbasecount/2026-01-12/h5ad/GeneFull/Homo_sapiens/SRX27291570.h5ad,success,,PRJNA1208088
SRX27291597,arc-institute-virtual-cell-atlas/scbasecount/2026-01-12/h5ad/GeneFull/Homo_sapiens/SRX27291597.h5ad,success,,PRJNA1208088
SRX27291607,arc-institute-virtual-cell-atlas/scbasecount/2026-01-12/h5ad/GeneFull/Homo_sapiens/SRX27291607.h5ad,success,,PRJNA1208088
SRX27291598,arc-institute-virtual-cell-atlas/scbasecount/2026-01-12/h5ad/GeneFull/Homo_sapiens/SRX27291598.h5ad,success,,PRJNA1208088
SRX27291590,arc-institute-virtual-cell-atlas/scbasecount/2026-01-12/h5ad/GeneFull/Homo_sapiens/SRX27291590.h5ad,success,,PRJNA1208088
SRX27291620,arc-institute-virtual-cell-atlas/scbasecount/2026-01-12/h5ad/GeneFull/Homo_sapiens/SRX27291620.h5ad,success,,PRJNA1208088
SRX27291563,arc-institute-virtual-cell-atlas/scbasecount/2026-01-12/h5ad/GeneFull/Homo_sapiens/SRX27291563.h5ad,success,,PRJNA1208088
SRX27291616,arc-institute-virtual-cell-atlas/scbasecount/2026-01-12/h5ad/GeneFull/Homo_sapiens/SRX27291616.h5ad,success,,PRJNA1208088
SRX27291609,arc-institute-virtual-cell-atlas/scbasecount/2026-01-12/h5ad/GeneFull/Homo_sapiens/SRX27291609.h5ad,success,,PRJNA1208088
SRX27291603,arc-institute-virtual-cell-atlas/scbasecount/2026-01-12/h5ad/GeneFull/Homo_sapiens/SRX27291603.h5ad,success,,PRJNA1208088
SRX27291619,arc-institute-virtual-cell-atlas/scbasecount/2026-01-12/h5ad/GeneFull/Homo_sapiens/SRX27291619.h5ad,success,,PRJNA1208088
SRX27291617,arc-institute-virtual-cell-atlas/scbasecount/2026-01-12/h5ad/GeneFull/Homo_sapiens/SRX27291617.h5ad,success,,PRJNA1208088
SRX27291614,arc-institute-virtual-cell-atlas/scbasecount/2026-01-12/h5ad/GeneFull/Homo_sapiens/SRX27291614.h5ad,success,,PRJNA1208088
SRX27291613,arc-institute-virtual-cell-atlas/scbasecount/2026-01-12/h5ad/GeneFull/Homo_sapiens/SRX27291613.h5ad,success,,PRJNA1208088
SRX27291587,arc-institute-virtual-cell-atlas/scbasecount/2026-01-12/h5ad/GeneFull/Homo_sapiens/SRX27291587.h5ad,success,,PRJNA1208088
SRX27291622,arc-institute-virtual-cell-atlas/scbasecount/2026-01-12/h5ad/GeneFull/Homo_sapiens/SRX27291622.h5ad,success,,PRJNA1208088
SRX27291595,arc-institute-virtual-cell-atlas/scbasecount/2026-01-12/h5ad/GeneFull/Homo_sapiens/SRX27291595.h5ad,success,,PRJNA1208088
SRX27208867,arc-institute-virtual-cell-atlas/scbasecount/2026-01-12/h5ad/GeneFull/Homo_sapiens/SRX27208867.h5ad,skip,too_few_cells,
SRX27208869,arc-institute-virtual-cell-atlas/scbasecount/2026-01-12/h5ad/GeneFull/Homo_sapiens/SRX27208869.h5ad,skip,excessive_cell_dropout,
SRX27208873,arc-institute-virtual-cell-atlas/scbasecount/2026-01-12/h5ad/GeneFull/Homo_sapiens/SRX27208873.h5ad,skip,too_few_cells,
SRX27208878,arc-institute-virtual-cell-atlas/scbasecount/2026-01-12/h5ad/GeneFull/Homo_sapiens/SRX27208878.h5ad,skip,too_few_cells,
SRX27208876,arc-institute-virtual-cell-atlas/scbasecount/2026-01-12/h5ad/GeneFull/Homo_sapiens/SRX27208876.h5ad,skip,too_few_cells,
SRX27208872,arc-institute-virtual-cell-atlas/scbasecount/2026-01-12/h5ad/GeneFull/Homo_sapiens/SRX27208872.h5ad,skip,excessive_cell_dropout,
SRX27208875,arc-institute-virtual-cell-atlas/scbasecount/2026-01-12/h5ad/GeneFull/Homo_sapiens/SRX27208875.h5ad,success,,PRJNA1204132
SRX27208877,arc-institute-virtual-cell-atlas/scbasecount/2026-01-12/h5ad/GeneFull/Homo_sapiens/SRX27208877.h5ad,success,,PRJNA1204132
SRX27208868,arc-institute-virtual-cell-atlas/scbasecount/2026-01-12/h5ad/GeneFull/Homo_sapiens/SRX27208868.h5ad,success,,PRJNA1204132
SRX10327364,arc-institute-virtual-cell-atlas/scbasecount/2026-01-12/h5ad/GeneFull/Homo_sapiens/SRX10327364.h5ad,success,,PRJNA713903
SRX27291551,arc-institute-virtual-cell-atlas/scbasecount/2026-01-12/h5ad/GeneFull/Homo_sapiens/SRX27291551.h5ad,success,,PRJNA1208088
SRX27291556,arc-institute-virtual-cell-atlas/scbasecount/2026-01-12/h5ad/GeneFull/Homo_sapiens/SRX27291556.h5ad,success,,PRJNA1208088
SRX27291559,arc-institute-virtual-cell-atlas/scbasecount/2026-01-12/h5ad/GeneFull/Homo_sapiens/SRX27291559.h5ad,success,,PRJNA1208088
SRX27291561,arc-institute-virtual-cell-atlas/scbasecount/2026-01-12/h5ad/GeneFull/Homo_sapiens/SRX27291561.h5ad,success,,PRJNA1208088
SRX27291560,arc-institute-virtual-cell-atlas/scbasecount/2026-01-12/h5ad/GeneFull/Homo_sapiens/SRX27291560.h5ad,success,,PRJNA1208088
SRX27291553,arc-institute-virtual-cell-atlas/scbasecount/2026-01-12/h5ad/GeneFull/Homo_sapiens/SRX27291553.h5ad,success,,PRJNA1208088
SRX27291565,arc-institute-virtual-cell-atlas/scbasecount/2026-01-12/h5ad/GeneFull/Homo_sapiens/SRX27291565.h5ad,success,,PRJNA1208088
SRX27291568,arc-institute-virtual-cell-atlas/scbasecount/2026-01-12/h5ad/GeneFull/Homo_sapiens/SRX27291568.h5ad,success,,PRJNA1208088
SRX27291569,arc-institute-virtual-cell-atlas/scbasecount/2026-01-12/h5ad/GeneFull/Homo_sapiens/SRX27291569.h5ad,success,,PRJNA1208088
SRX27291552,arc-institute-virtual-cell-atlas/scbasecount/2026-01-12/h5ad/GeneFull/Homo_sapiens/SRX27291552.h5ad,success,,PRJNA1208088
SRX27291566,arc-institute-virtual-cell-atlas/scbasecount/2026-01-12/h5ad/GeneFull/Homo_sapiens/SRX27291566.h5ad,success,,PRJNA1208088
SRX27291562,arc-institute-virtual-cell-atlas/scbasecount/2026-01-12/h5ad/GeneFull/Homo_sapiens/SRX27291562.h5ad,success,,PRJNA1208088
SRX27291574,arc-institute-virtual-cell-atlas/scbasecount/2026-01-12/h5ad/GeneFull/Homo_sapiens/SRX27291574.h5ad,success,,PRJNA1208088
SRX27291554,arc-institute-virtual-cell-atlas/scbasecount/2026-01-12/h5ad/GeneFull/Homo_sapiens/SRX27291554.h5ad,success,,PRJNA1208088
SRX27291576,arc-institute-virtual-cell-atlas/scbasecount/2026-01-12/h5ad/GeneFull/Homo_sapiens/SRX27291576.h5ad,success,,PRJNA1208088
SRX27291572,arc-institute-virtual-cell-atlas/scbasecount/2026-01-12/h5ad/GeneFull/Homo_sapiens/SRX27291572.h5ad,success,,PRJNA1208088
SRX27291564,arc-institute-virtual-cell-atlas/scbasecount/2026-01-12/h5ad/GeneFull/Homo_sapiens/SRX27291564.h5ad,success,,PRJNA1208088
SRX27291580,arc-institute-virtual-cell-atlas/scbasecount/2026-01-12/h5ad/GeneFull/Homo_sapiens/SRX27291580.h5ad,success,,PRJNA1208088
SRX27291567,arc-institute-virtual-cell-atlas/scbasecount/2026-01-12/h5ad/GeneFull/Homo_sapiens/SRX27291567.h5ad,success,,PRJNA1208088
SRX27291550,arc-institute-virtual-cell-atlas/scbasecount/2026-01-12/h5ad/GeneFull/Homo_sapiens/SRX27291550.h5ad,success,,PRJNA1208088
SRX27291578,arc-institute-virtual-cell-atlas/scbasecount/2026-01-12/h5ad/GeneFull/Homo_sapiens/SRX27291578.h5ad,success,,PRJNA1208088
SRX27291584,arc-institute-virtual-cell-atlas/scbasecount/2026-01-12/h5ad/GeneFull/Homo_sapiens/SRX27291584.h5ad,success,,PRJNA1208088
SRX27291582,arc-institute-virtual-cell-atlas/scbasecount/2026-01-12/h5ad/GeneFull/Homo_sapiens/SRX27291582.h5ad,success,,PRJNA1208088
SRX27291555,arc-institute-virtual-cell-atlas/scbasecount/2026-01-12/h5ad/GeneFull/Homo_sapiens/SRX27291555.h5ad,success,,PRJNA1208088
SRX27291588,arc-institute-virtual-cell-atlas/scbasecount/2026-01-12/h5ad/GeneFull/Homo_sapiens/SRX27291588.h5ad,success,,PRJNA1208088
SRX27291557,arc-institute-virtual-cell-atlas/scbasecount/2026-01-12/h5ad/GeneFull/Homo_sapiens/SRX27291557.h5ad,success,,PRJNA1208088
SRX27291558,arc-institute-virtual-cell-atlas/scbasecount/2026-01-12/h5ad/GeneFull/Homo_sapiens/SRX27291558.h5ad,success,,PRJNA1208088
SRX27291599,arc-institute-virtual-cell-atlas/scbasecount/2026-01-12/h5ad/GeneFull/Homo_sapiens/SRX27291599.h5ad,success,,PRJNA1208088
SRX27291589,arc-institute-virtual-cell-atlas/scbasecount/2026-01-12/h5ad/GeneFull/Homo_sapiens/SRX27291589.h5ad,success,,PRJNA1208088
SRX27291624,arc-institute-virtual-cell-atlas/scbasecount/2026-01-12/h5ad/GeneFull/Homo_sapiens/SRX27291624.h5ad,success,,PRJNA1208088
SRX27291621,arc-institute-virtual-cell-atlas/scbasecount/2026-01-12/h5ad/GeneFull/Homo_sapiens/SRX27291621.h5ad,success,,PRJNA1208088
SRX27291623,arc-institute-virtual-cell-atlas/scbasecount/2026-01-12/h5ad/GeneFull/Homo_sapiens/SRX27291623.h5ad,success,,PRJNA1208088
SRX27291612,arc-institute-virtual-cell-atlas/scbasecount/2026-01-12/h5ad/GeneFull/Homo_sapiens/SRX27291612.h5ad,success,,PRJNA1208088
SRX27291611,arc-institute-virtual-cell-atlas/scbasecount/2026-01-12/h5ad/GeneFull/Homo_sapiens/SRX27291611.h5ad,success,,PRJNA1208088
SRX27291610,arc-institute-virtual-cell-atlas/scbasecount/2026-01-12/h5ad/GeneFull/Homo_sapiens/SRX27291610.h5ad,success,,PRJNA1208088
SRX10327365,arc-institute-virtual-cell-atlas/scbasecount/2026-01-12/h5ad/GeneFull/Homo_sapiens/SRX10327365.h5ad,success,,PRJNA713903
SRX27358284,arc-institute-virtual-cell-atlas/scbasecount/2026-01-12/h5ad/GeneFull/Homo_sapiens/SRX27358284.h5ad,success,,PRJNA1210996
SRX27358287,arc-institute-virtual-cell-atlas/scbasecount/2026-01-12/h5ad/GeneFull/Homo_sapiens/SRX27358287.h5ad,success,,PRJNA1210996
SRX27358292,arc-institute-virtual-cell-atlas/scbasecount/2026-01-12/h5ad/GeneFull/Homo_sapiens/SRX27358292.h5ad,success,,PRJNA1210996
SRX27358285,arc-institute-virtual-cell-atlas/scbasecount/2026-01-12/h5ad/GeneFull/Homo_sapiens/SRX27358285.h5ad,success,,PRJNA1210996
SRX27358288,arc-institute-virtual-cell-atlas/scbasecount/2026-01-12/h5ad/GeneFull/Homo_sapiens/SRX27358288.h5ad,success,,PRJNA1210996
SRX27358291,arc-institute-virtual-cell-atlas/scbasecount/2026-01-12/h5ad/GeneFull/Homo_sapiens/SRX27358291.h5ad,success,,PRJNA1210996
SRX27358294,arc-institute-virtual-cell-atlas/scbasecount/2026-01-12/h5ad/GeneFull/Homo_sapiens/SRX27358294.h5ad,success,,PRJNA1210996
SRX23724110,arc-institute-virtual-cell-atlas/scbasecount/2026-01-12/h5ad/GeneFull/Homo_sapiens/SRX23724110.h5ad,success,,PRJNA847631
SRX23724101,arc-institute-virtual-cell-atlas/scbasecount/2026-01-12/h5ad/GeneFull/Homo_sapiens/SRX23724101.h5ad,success,,PRJNA847631
SRX23724094,arc-institute-virtual-cell-atlas/scbasecount/2026-01-12/h5ad/GeneFull/Homo_sapiens/SRX23724094.h5ad,success,,PRJNA847631
SRX23724095,arc-institute-virtual-cell-atlas/scbasecount/2026-01-12/h5ad/GeneFull/Homo_sapiens/SRX23724095.h5ad,success,,PRJNA847631
SRX23724097,arc-institute-virtual-cell-atlas/scbasecount/2026-01-12/h5ad/GeneFull/Homo_sapiens/SRX23724097.h5ad,success,,PRJNA847631
SRX23724124,arc-institute-virtual-cell-atlas/scbasecount/2026-01-12/h5ad/GeneFull/Homo_sapiens/SRX23724124.h5ad,success,,PRJNA847631
SRX23724103,arc-institute-virtual-cell-atlas/scbasecount/2026-01-12/h5ad/GeneFull/Homo_sapiens/SRX23724103.h5ad,success,,PRJNA847631
SRX23724088,arc-institute-virtual-cell-atlas/scbasecount/2026-01-12/h5ad/GeneFull/Homo_sapiens/SRX23724088.h5ad,success,,PRJNA847631
SRX23724120,arc-institute-virtual-cell-atlas/scbasecount/2026-01-12/h5ad/GeneFull/Homo_sapiens/SRX23724120.h5ad,success,,PRJNA847631
SRX23724122,arc-institute-virtual-cell-atlas/scbasecount/2026-01-12/h5ad/GeneFull/Homo_sapiens/SRX23724122.h5ad,success,,PRJNA847631
SRX23724100,arc-institute-virtual-cell-atlas/scbasecount/2026-01-12/h5ad/GeneFull/Homo_sapiens/SRX23724100.h5ad,success,,PRJNA847631
SRX23724102,arc-institute-virtual-cell-atlas/scbasecount/2026-01-12/h5ad/GeneFull/Homo_sapiens/SRX23724102.h5ad,success,,PRJNA847631
SRX23724123,arc-institute-virtual-cell-atlas/scbasecount/2026-01-12/h5ad/GeneFull/Homo_sapiens/SRX23724123.h5ad,success,,PRJNA847631
SRX23724125,arc-institute-virtual-cell-atlas/scbasecount/2026-01-12/h5ad/GeneFull/Homo_sapiens/SRX23724125.h5ad,success,,PRJNA847631
SRX23724081,arc-institute-virtual-cell-atlas/scbasecount/2026-01-12/h5ad/GeneFull/Homo_sapiens/SRX23724081.h5ad,success,,PRJNA847631
SRX23724084,arc-institute-virtual-cell-atlas/scbasecount/2026-01-12/h5ad/GeneFull/Homo_sapiens/SRX23724084.h5ad,success,,PRJNA847631
SRX23724083,arc-institute-virtual-cell-atlas/scbasecount/2026-01-12/h5ad/GeneFull/Homo_sapiens/SRX23724083.h5ad,success,,PRJNA847631
SRX23724087,arc-institute-virtual-cell-atlas/scbasecount/2026-01-12/h5ad/GeneFull/Homo_sapiens/SRX23724087.h5ad,success,,PRJNA847631
SRX23724107,arc-institute-virtual-cell-atlas/scbasecount/2026-01-12/h5ad/GeneFull/Homo_sapiens/SRX23724107.h5ad,success,,PRJNA847631
SRX23724099,arc-institute-virtual-cell-atlas/scbasecount/2026-01-12/h5ad/GeneFull/Homo_sapiens/SRX23724099.h5ad,success,,PRJNA847631
SRX22996340,arc-institute-virtual-cell-atlas/scbasecount/2026-01-12/h5ad/GeneFull/Homo_sapiens/SRX22996340.h5ad,success,,PRJNA1055415
SRX25318271,arc-institute-virtual-cell-atlas/scbasecount/2026-01-12/h5ad/GeneFull/Homo_sapiens/SRX25318271.h5ad,skip,too_few_cells,
SRX24841619,arc-institute-virtual-cell-atlas/scbasecount/2026-01-12/h5ad/GeneFull/Homo_sapiens/SRX24841619.h5ad,success,,PRJNA1121368
SRX25319044,arc-institute-virtual-cell-atlas/scbasecount/2026-01-12/h5ad/GeneFull/Homo_sapiens/SRX25319044.h5ad,success,,PRJNA1135481
SRX25319043,arc-institute-virtual-cell-atlas/scbasecount/2026-01-12/h5ad/GeneFull/Homo_sapiens/SRX25319043.h5ad,success,,PRJNA1135481
SRX25507030,arc-institute-virtual-cell-atlas/scbasecount/2026-01-12/h5ad/GeneFull/Homo_sapiens/SRX25507030.h5ad,skip,cell_type_all_missing,
SRX25507022,arc-institute-virtual-cell-atlas/scbasecount/2026-01-12/h5ad/GeneFull/Homo_sapiens/SRX25507022.h5ad,skip,cell_type_all_missing,
SRX23724098,arc-institute-virtual-cell-atlas/scbasecount/2026-01-12/h5ad/GeneFull/Homo_sapiens/SRX23724098.h5ad,success,,PRJNA847631
SRX23802731,arc-institute-virtual-cell-atlas/scbasecount/2026-01-12/h5ad/GeneFull/Homo_sapiens/SRX23802731.h5ad,success,,PRJNA847631
SRX23802736,arc-institute-virtual-cell-atlas/scbasecount/2026-01-12/h5ad/GeneFull/Homo_sapiens/SRX23802736.h5ad,success,,PRJNA847631
SRX23724090,arc-institute-virtual-cell-atlas/scbasecount/2026-01-12/h5ad/GeneFull/Homo_sapiens/SRX23724090.h5ad,success,,PRJNA847631
SRX23802732,arc-institute-virtual-cell-atlas/scbasecount/2026-01-12/h5ad/GeneFull/Homo_sapiens/SRX23802732.h5ad,success,,PRJNA847631
SRX23724074,arc-institute-virtual-cell-atlas/scbasecount/2026-01-12/h5ad/GeneFull/Homo_sapiens/SRX23724074.h5ad,success,,PRJNA847631
SRX25507033,arc-institute-virtual-cell-atlas/scbasecount/2026-01-12/h5ad/GeneFull/Homo_sapiens/SRX25507033.h5ad,skip,cell_type_all_missing,
SRX25507045,arc-institute-virtual-cell-atlas/scbasecount/2026-01-12/h5ad/GeneFull/Homo_sapiens/SRX25507045.h5ad,skip,cell_type_all_missing,
SRX25507039,arc-institute-virtual-cell-atlas/scbasecount/2026-01-12/h5ad/GeneFull/Homo_sapiens/SRX25507039.h5ad,skip,cell_type_all_missing,
SRX25507053,arc-institute-virtual-cell-atlas/scbasecount/2026-01-12/h5ad/GeneFull/Homo_sapiens/SRX25507053.h5ad,skip,cell_type_all_missing,
SRX25507060,arc-institute-virtual-cell-atlas/scbasecount/2026-01-12/h5ad/GeneFull/Homo_sapiens/SRX25507060.h5ad,skip,cell_type_all_missing,
SRX25595935,arc-institute-virtual-cell-atlas/scbasecount/2026-01-12/h5ad/GeneFull/Homo_sapiens/SRX25595935.h5ad,skip,cell_type_all_missing,
SRX25595937,arc-institute-virtual-cell-atlas/scbasecount/2026-01-12/h5ad/GeneFull/Homo_sapiens/SRX25595937.h5ad,skip,cell_type_all_missing,
SRX23724082,arc-institute-virtual-cell-atlas/scbasecount/2026-01-12/h5ad/GeneFull/Homo_sapiens/SRX23724082.h5ad,success,,PRJNA847631
SRX23724096,arc-institute-virtual-cell-atlas/scbasecount/2026-01-12/h5ad/GeneFull/Homo_sapiens/SRX23724096.h5ad,success,,PRJNA847631
SRX23724109,arc-institute-virtual-cell-atlas/scbasecount/2026-01-12/h5ad/GeneFull/Homo_sapiens/SRX23724109.h5ad,success,,PRJNA847631
SRX23724086,arc-institute-virtual-cell-atlas/scbasecount/2026-01-12/h5ad/GeneFull/Homo_sapiens/SRX23724086.h5ad,success,,PRJNA847631
SRX23802729,arc-institute-virtual-cell-atlas/scbasecount/2026-01-12/h5ad/GeneFull/Homo_sapiens/SRX23802729.h5ad,success,,PRJNA847631
SRX23802734,arc-institute-virtual-cell-atlas/scbasecount/2026-01-12/h5ad/GeneFull/Homo_sapiens/SRX23802734.h5ad,success,,PRJNA847631
SRX23724121,arc-institute-virtual-cell-atlas/scbasecount/2026-01-12/h5ad/GeneFull/Homo_sapiens/SRX23724121.h5ad,success,,PRJNA847631
SRX23802728,arc-institute-virtual-cell-atlas/scbasecount/2026-01-12/h5ad/GeneFull/Homo_sapiens/SRX23802728.h5ad,success,,PRJNA847631
SRX23724091,arc-institute-virtual-cell-atlas/scbasecount/2026-01-12/h5ad/GeneFull/Homo_sapiens/SRX23724091.h5ad,success,,PRJNA847631
SRX22996317,arc-institute-virtual-cell-atlas/scbasecount/2026-01-12/h5ad/GeneFull/Homo_sapiens/SRX22996317.h5ad,success,,PRJNA1055415
SRX27995701,arc-institute-virtual-cell-atlas/scbasecount/2026-01-12/h5ad/GeneFull/Homo_sapiens/SRX27995701.h5ad,success,,PRJNA1202516
SRX27995730,arc-institute-virtual-cell-atlas/scbasecount/2026-01-12/h5ad/GeneFull/Homo_sapiens/SRX27995730.h5ad,success,,PRJNA1202516
SRX27995731,arc-institute-virtual-cell-atlas/scbasecount/2026-01-12/h5ad/GeneFull/Homo_sapiens/SRX27995731.h5ad,success,,PRJNA1202516
SRX17412790,arc-institute-virtual-cell-atlas/scbasecount/2026-01-12/h5ad/GeneFull/Homo_sapiens/SRX17412790.h5ad,success,,PRJNA563828
SRX17412793,arc-institute-virtual-cell-atlas/scbasecount/2026-01-12/h5ad/GeneFull/Homo_sapiens/SRX17412793.h5ad,success,,PRJNA563828
SRX17412842,arc-institute-virtual-cell-atlas/scbasecount/2026-01-12/h5ad/GeneFull/Homo_sapiens/SRX17412842.h5ad,success,,PRJNA563828
SRX17412819,arc-institute-virtual-cell-atlas/scbasecount/2026-01-12/h5ad/GeneFull/Homo_sapiens/SRX17412819.h5ad,success,,PRJNA563828
SRX17412826,arc-institute-virtual-cell-atlas/scbasecount/2026-01-12/h5ad/GeneFull/Homo_sapiens/SRX17412826.h5ad,success,,PRJNA563828
SRX17412811,arc-institute-virtual-cell-atlas/scbasecount/2026-01-12/h5ad/GeneFull/Homo_sapiens/SRX17412811.h5ad,success,,PRJNA563828
SRX17412791,arc-institute-virtual-cell-atlas/scbasecount/2026-01-12/h5ad/GeneFull/Homo_sapiens/SRX17412791.h5ad,success,,PRJNA563828
SRX17412807,arc-institute-virtual-cell-atlas/scbasecount/2026-01-12/h5ad/GeneFull/Homo_sapiens/SRX17412807.h5ad,success,,PRJNA563828
SRX17412831,arc-institute-virtual-cell-atlas/scbasecount/2026-01-12/h5ad/GeneFull/Homo_sapiens/SRX17412831.h5ad,success,,PRJNA563828
SRX17412814,arc-institute-virtual-cell-atlas/scbasecount/2026-01-12/h5ad/GeneFull/Homo_sapiens/SRX17412814.h5ad,success,,PRJNA563828
SRX17412844,arc-institute-virtual-cell-atlas/scbasecount/2026-01-12/h5ad/GeneFull/Homo_sapiens/SRX17412844.h5ad,success,,PRJNA563828
SRX17412830,arc-institute-virtual-cell-atlas/scbasecount/2026-01-12/h5ad/GeneFull/Homo_sapiens/SRX17412830.h5ad,success,,PRJNA563828
SRX17412777,arc-institute-virtual-cell-atlas/scbasecount/2026-01-12/h5ad/GeneFull/Homo_sapiens/SRX17412777.h5ad,success,,PRJNA563828
SRX17412805,arc-institute-virtual-cell-atlas/scbasecount/2026-01-12/h5ad/GeneFull/Homo_sapiens/SRX17412805.h5ad,success,,PRJNA563828
SRX17412799,arc-institute-virtual-cell-atlas/scbasecount/2026-01-12/h5ad/GeneFull/Homo_sapiens/SRX17412799.h5ad,success,,PRJNA563828
SRX17412782,arc-institute-virtual-cell-atlas/scbasecount/2026-01-12/h5ad/GeneFull/Homo_sapiens/SRX17412782.h5ad,success,,PRJNA563828
SRX17412801,arc-institute-virtual-cell-atlas/scbasecount/2026-01-12/h5ad/GeneFull/Homo_sapiens/SRX17412801.h5ad,success,,PRJNA563828
SRX17412832,arc-institute-virtual-cell-atlas/scbasecount/2026-01-12/h5ad/GeneFull/Homo_sapiens/SRX17412832.h5ad,success,,PRJNA563828
SRX17412786,arc-institute-virtual-cell-atlas/scbasecount/2026-01-12/h5ad/GeneFull/Homo_sapiens/SRX17412786.h5ad,success,,PRJNA563828
SRX17412798,arc-institute-virtual-cell-atlas/scbasecount/2026-01-12/h5ad/GeneFull/Homo_sapiens/SRX17412798.h5ad,success,,PRJNA563828
SRX17412784,arc-institute-virtual-cell-atlas/scbasecount/2026-01-12/h5ad/GeneFull/Homo_sapiens/SRX17412784.h5ad,success,,PRJNA563828
SRX17412835,arc-institute-virtual-cell-atlas/scbasecount/2026-01-12/h5ad/GeneFull/Homo_sapiens/SRX17412835.h5ad,success,,PRJNA563828
SRX17412812,arc-institute-virtual-cell-atlas/scbasecount/2026-01-12/h5ad/GeneFull/Homo_sapiens/SRX17412812.h5ad,success,,PRJNA563828
SRX17412828,arc-institute-virtual-cell-atlas/scbasecount/2026-01-12/h5ad/GeneFull/Homo_sapiens/SRX17412828.h5ad,success,,PRJNA563828
SRX17412817,arc-institute-virtual-cell-atlas/scbasecount/2026-01-12/h5ad/GeneFull/Homo_sapiens/SRX17412817.h5ad,success,,PRJNA563828
SRX17412843,arc-institute-virtual-cell-atlas/scbasecount/2026-01-12/h5ad/GeneFull/Homo_sapiens/SRX17412843.h5ad,success,,PRJNA563828
SRX17412778,arc-institute-virtual-cell-atlas/scbasecount/2026-01-12/h5ad/GeneFull/Homo_sapiens/SRX17412778.h5ad,success,,PRJNA563828
SRX17412820,arc-institute-virtual-cell-atlas/scbasecount/2026-01-12/h5ad/GeneFull/Homo_sapiens/SRX17412820.h5ad,success,,PRJNA563828
SRX17412851,arc-institute-virtual-cell-atlas/scbasecount/2026-01-12/h5ad/GeneFull/Homo_sapiens/SRX17412851.h5ad,success,,PRJNA563828
SRX17412823,arc-institute-virtual-cell-atlas/scbasecount/2026-01-12/h5ad/GeneFull/Homo_sapiens/SRX17412823.h5ad,success,,PRJNA563828
SRX17412795,arc-institute-virtual-cell-atlas/scbasecount/2026-01-12/h5ad/GeneFull/Homo_sapiens/SRX17412795.h5ad,success,,PRJNA563828
SRX17412797,arc-institute-virtual-cell-atlas/scbasecount/2026-01-12/h5ad/GeneFull/Homo_sapiens/SRX17412797.h5ad,success,,PRJNA563828
SRX17412802,arc-institute-virtual-cell-atlas/scbasecount/2026-01-12/h5ad/GeneFull/Homo_sapiens/SRX17412802.h5ad,success,,PRJNA563828
SRX17412792,arc-institute-virtual-cell-atlas/scbasecount/2026-01-12/h5ad/GeneFull/Homo_sapiens/SRX17412792.h5ad,success,,PRJNA563828
SRX17412841,arc-institute-virtual-cell-atlas/scbasecount/2026-01-12/h5ad/GeneFull/Homo_sapiens/SRX17412841.h5ad,success,,PRJNA563828
SRX17412808,arc-institute-virtual-cell-atlas/scbasecount/2026-01-12/h5ad/GeneFull/Homo_sapiens/SRX17412808.h5ad,success,,PRJNA563828
SRX17412810,arc-institute-virtual-cell-atlas/scbasecount/2026-01-12/h5ad/GeneFull/Homo_sapiens/SRX17412810.h5ad,success,,PRJNA563828
SRX17412849,arc-institute-virtual-cell-atlas/scbasecount/2026-01-12/h5ad/GeneFull/Homo_sapiens/SRX17412849.h5ad,success,,PRJNA563828
SRX17412796,arc-institute-virtual-cell-atlas/scbasecount/2026-01-12/h5ad/GeneFull/Homo_sapiens/SRX17412796.h5ad,success,,PRJNA563828
SRX17412825,arc-institute-virtual-cell-atlas/scbasecount/2026-01-12/h5ad/GeneFull/Homo_sapiens/SRX17412825.h5ad,success,,PRJNA563828
SRX17412816,arc-institute-virtual-cell-atlas/scbasecount/2026-01-12/h5ad/GeneFull/Homo_sapiens/SRX17412816.h5ad,success,,PRJNA563828
SRX17412839,arc-institute-virtual-cell-atlas/scbasecount/2026-01-12/h5ad/GeneFull/Homo_sapiens/SRX17412839.h5ad,success,,PRJNA563828
SRX17412800,arc-institute-virtual-cell-atlas/scbasecount/2026-01-12/h5ad/GeneFull/Homo_sapiens/SRX17412800.h5ad,success,,PRJNA563828
SRX17412847,arc-institute-virtual-cell-atlas/scbasecount/2026-01-12/h5ad/GeneFull/Homo_sapiens/SRX17412847.h5ad,success,,PRJNA563828
SRX17412781,arc-institute-virtual-cell-atlas/scbasecount/2026-01-12/h5ad/GeneFull/Homo_sapiens/SRX17412781.h5ad,success,,PRJNA563828
SRX17412836,arc-institute-virtual-cell-atlas/scbasecount/2026-01-12/h5ad/GeneFull/Homo_sapiens/SRX17412836.h5ad,success,,PRJNA563828
SRX17412845,arc-institute-virtual-cell-atlas/scbasecount/2026-01-12/h5ad/GeneFull/Homo_sapiens/SRX17412845.h5ad,success,,PRJNA563828
SRX17412789,arc-institute-virtual-cell-atlas/scbasecount/2026-01-12/h5ad/GeneFull/Homo_sapiens/SRX17412789.h5ad,success,,PRJNA563828
SRX23724111,arc-institute-virtual-cell-atlas/scbasecount/2026-01-12/h5ad/GeneFull/Homo_sapiens/SRX23724111.h5ad,success,,PRJNA847631
SRX23724106,arc-institute-virtual-cell-atlas/scbasecount/2026-01-12/h5ad/GeneFull/Homo_sapiens/SRX23724106.h5ad,success,,PRJNA847631
SRX23724118,arc-institute-virtual-cell-atlas/scbasecount/2026-01-12/h5ad/GeneFull/Homo_sapiens/SRX23724118.h5ad,success,,PRJNA847631
SRX23724132,arc-institute-virtual-cell-atlas/scbasecount/2026-01-12/h5ad/GeneFull/Homo_sapiens/SRX23724132.h5ad,success,,PRJNA847631
SRX23802730,arc-institute-virtual-cell-atlas/scbasecount/2026-01-12/h5ad/GeneFull/Homo_sapiens/SRX23802730.h5ad,success,,PRJNA847631
SRX23724104,arc-institute-virtual-cell-atlas/scbasecount/2026-01-12/h5ad/GeneFull/Homo_sapiens/SRX23724104.h5ad,success,,PRJNA847631
SRX23724105,arc-institute-virtual-cell-atlas/scbasecount/2026-01-12/h5ad/GeneFull/Homo_sapiens/SRX23724105.h5ad,success,,PRJNA847631
SRX23724133,arc-institute-virtual-cell-atlas/scbasecount/2026-01-12/h5ad/GeneFull/Homo_sapiens/SRX23724133.h5ad,success,,PRJNA847631
SRX23724085,arc-institute-virtual-cell-atlas/scbasecount/2026-01-12/h5ad/GeneFull/Homo_sapiens/SRX23724085.h5ad,success,,PRJNA847631
SRX23724116,arc-institute-virtual-cell-atlas/scbasecount/2026-01-12/h5ad/GeneFull/Homo_sapiens/SRX23724116.h5ad,success,,PRJNA847631
SRX23724073,arc-institute-virtual-cell-atlas/scbasecount/2026-01-12/h5ad/GeneFull/Homo_sapiens/SRX23724073.h5ad,success,,PRJNA847631
SRX23802735,arc-institute-virtual-cell-atlas/scbasecount/2026-01-12/h5ad/GeneFull/Homo_sapiens/SRX23802735.h5ad,success,,PRJNA847631
SRX17412780,arc-institute-virtual-cell-atlas/scbasecount/2026-01-12/h5ad/GeneFull/Homo_sapiens/SRX17412780.h5ad,success,,PRJNA563828
SRX8008855,arc-institute-virtual-cell-atlas/scbasecount/2026-01-12/h5ad/GeneFull/Homo_sapiens/SRX8008855.h5ad,success,,PRJNA613670
SRX8008854,arc-institute-virtual-cell-atlas/scbasecount/2026-01-12/h5ad/GeneFull/Homo_sapiens/SRX8008854.h5ad,success,,PRJNA613670
SRX17412783,arc-institute-virtual-cell-atlas/scbasecount/2026-01-12/h5ad/GeneFull/Homo_sapiens/SRX17412783.h5ad,success,,PRJNA563828
SRX11185436,arc-institute-virtual-cell-atlas/scbasecount/2026-01-12/h5ad/GeneFull/Homo_sapiens/SRX11185436.h5ad,success,,PRJNA739470
SRX11185438,arc-institute-virtual-cell-atlas/scbasecount/2026-01-12/h5ad/GeneFull/Homo_sapiens/SRX11185438.h5ad,success,,PRJNA739470
SRX12509392,arc-institute-virtual-cell-atlas/scbasecount/2026-01-12/h5ad/GeneFull/Homo_sapiens/SRX12509392.h5ad,success,,PRJNA769143
SRX12509394,arc-institute-virtual-cell-atlas/scbasecount/2026-01-12/h5ad/GeneFull/Homo_sapiens/SRX12509394.h5ad,success,,PRJNA769143
ERX4409915,arc-institute-virtual-cell-atlas/scbasecount/2026-01-12/h5ad/GeneFull/Homo_sapiens/ERX4409915.h5ad,success,,PRJEB39956
SRX10327368,arc-institute-virtual-cell-atlas/scbasecount/2026-01-12/h5ad/GeneFull/Homo_sapiens/SRX10327368.h5ad,success,,PRJNA713903
SRX12509396,arc-institute-virtual-cell-atlas/scbasecount/2026-01-12/h5ad/GeneFull/Homo_sapiens/SRX12509396.h5ad,success,,PRJNA769143
SRX13441699,arc-institute-virtual-cell-atlas/scbasecount/2026-01-12/h5ad/GeneFull/Homo_sapiens/SRX13441699.h5ad,success,,PRJNA789838
SRX17412822,arc-institute-virtual-cell-atlas/scbasecount/2026-01-12/h5ad/GeneFull/Homo_sapiens/SRX17412822.h5ad,skip,excessive_cell_dropout,
SRX17412848,arc-institute-virtual-cell-atlas/scbasecount/2026-01-12/h5ad/GeneFull/Homo_sapiens/SRX17412848.h5ad,success,,PRJNA563828
SRX17412794,arc-institute-virtual-cell-atlas/scbasecount/2026-01-12/h5ad/GeneFull/Homo_sapiens/SRX17412794.h5ad,success,,PRJNA563828
SRX17412804,arc-institute-virtual-cell-atlas/scbasecount/2026-01-12/h5ad/GeneFull/Homo_sapiens/SRX17412804.h5ad,skip,excessive_cell_dropout,
SRX17412788,arc-institute-virtual-cell-atlas/scbasecount/2026-01-12/h5ad/GeneFull/Homo_sapiens/SRX17412788.h5ad,success,,PRJNA563828
SRX17412813,arc-institute-virtual-cell-atlas/scbasecount/2026-01-12/h5ad/GeneFull/Homo_sapiens/SRX17412813.h5ad,success,,PRJNA563828
SRX17412779,arc-institute-virtual-cell-atlas/scbasecount/2026-01-12/h5ad/GeneFull/Homo_sapiens/SRX17412779.h5ad,success,,PRJNA563828
SRX17412827,arc-institute-virtual-cell-atlas/scbasecount/2026-01-12/h5ad/GeneFull/Homo_sapiens/SRX17412827.h5ad,success,,PRJNA563828
SRX17412833,arc-institute-virtual-cell-atlas/scbasecount/2026-01-12/h5ad/GeneFull/Homo_sapiens/SRX17412833.h5ad,success,,PRJNA563828
SRX17412785,arc-institute-virtual-cell-atlas/scbasecount/2026-01-12/h5ad/GeneFull/Homo_sapiens/SRX17412785.h5ad,success,,PRJNA563828
SRX17412850,arc-institute-virtual-cell-atlas/scbasecount/2026-01-12/h5ad/GeneFull/Homo_sapiens/SRX17412850.h5ad,success,,PRJNA563828
SRX17412803,arc-institute-virtual-cell-atlas/scbasecount/2026-01-12/h5ad/GeneFull/Homo_sapiens/SRX17412803.h5ad,success,,PRJNA563828
SRX17412809,arc-institute-virtual-cell-atlas/scbasecount/2026-01-12/h5ad/GeneFull/Homo_sapiens/SRX17412809.h5ad,success,,PRJNA563828
SRX17412806,arc-institute-virtual-cell-atlas/scbasecount/2026-01-12/h5ad/GeneFull/Homo_sapiens/SRX17412806.h5ad,success,,PRJNA563828
SRX17412821,arc-institute-virtual-cell-atlas/scbasecount/2026-01-12/h5ad/GeneFull/Homo_sapiens/SRX17412821.h5ad,success,,PRJNA563828
SRX17412834,arc-institute-virtual-cell-atlas/scbasecount/2026-01-12/h5ad/GeneFull/Homo_sapiens/SRX17412834.h5ad,success,,PRJNA563828
SRX17412840,arc-institute-virtual-cell-atlas/scbasecount/2026-01-12/h5ad/GeneFull/Homo_sapiens/SRX17412840.h5ad,success,,PRJNA563828
SRX17412815,arc-institute-virtual-cell-atlas/scbasecount/2026-01-12/h5ad/GeneFull/Homo_sapiens/SRX17412815.h5ad,success,,PRJNA563828
SRX17412853,arc-institute-virtual-cell-atlas/scbasecount/2026-01-12/h5ad/GeneFull/Homo_sapiens/SRX17412853.h5ad,success,,PRJNA563828
SRX17412818,arc-institute-virtual-cell-atlas/scbasecount/2026-01-12/h5ad/GeneFull/Homo_sapiens/SRX17412818.h5ad,success,,PRJNA563828
SRX17412837,arc-institute-virtual-cell-atlas/scbasecount/2026-01-12/h5ad/GeneFull/Homo_sapiens/SRX17412837.h5ad,success,,PRJNA563828
SRX17412846,arc-institute-virtual-cell-atlas/scbasecount/2026-01-12/h5ad/GeneFull/Homo_sapiens/SRX17412846.h5ad,success,,PRJNA563828
SRX17412829,arc-institute-virtual-cell-atlas/scbasecount/2026-01-12/h5ad/GeneFull/Homo_sapiens/SRX17412829.h5ad,success,,PRJNA563828
SRX17412824,arc-institute-virtual-cell-atlas/scbasecount/2026-01-12/h5ad/GeneFull/Homo_sapiens/SRX17412824.h5ad,success,,PRJNA563828
SRX17412854,arc-institute-virtual-cell-atlas/scbasecount/2026-01-12/h5ad/GeneFull/Homo_sapiens/SRX17412854.h5ad,success,,PRJNA563828
SRX10327363,arc-institute-virtual-cell-atlas/scbasecount/2026-01-12/h5ad/GeneFull/Homo_sapiens/SRX10327363.h5ad,success,,PRJNA713903
SRX19234378,arc-institute-virtual-cell-atlas/scbasecount/2026-01-12/h5ad/GeneFull/Homo_sapiens/SRX19234378.h5ad,skip,too_few_cells,
SRX19234377,arc-institute-virtual-cell-atlas/scbasecount/2026-01-12/h5ad/GeneFull/Homo_sapiens/SRX19234377.h5ad,skip,too_few_cells,
SRX19234380,arc-institute-virtual-cell-atlas/scbasecount/2026-01-12/h5ad/GeneFull/Homo_sapiens/SRX19234380.h5ad,skip,too_few_cells,
SRX19704118,arc-institute-virtual-cell-atlas/scbasecount/2026-01-12/h5ad/GeneFull/Homo_sapiens/SRX19704118.h5ad,success,,PRJNA945854
SRX19910910,arc-institute-virtual-cell-atlas/scbasecount/2026-01-12/h5ad/GeneFull/Homo_sapiens/SRX19910910.h5ad,success,,PRJNA953640
SRX19910914,arc-institute-virtual-cell-atlas/scbasecount/2026-01-12/h5ad/GeneFull/Homo_sapiens/SRX19910914.h5ad,success,,PRJNA953640
SRX19234376,arc-institute-virtual-cell-atlas/scbasecount/2026-01-12/h5ad/GeneFull/Homo_sapiens/SRX19234376.h5ad,success,,PRJNA815369
SRX19704117,arc-institute-virtual-cell-atlas/scbasecount/2026-01-12/h5ad/GeneFull/Homo_sapiens/SRX19704117.h5ad,success,,PRJNA945854
SRX19910929,arc-institute-virtual-cell-atlas/scbasecount/2026-01-12/h5ad/GeneFull/Homo_sapiens/SRX19910929.h5ad,success,,PRJNA953640
SRX19910921,arc-institute-virtual-cell-atlas/scbasecount/2026-01-12/h5ad/GeneFull/Homo_sapiens/SRX19910921.h5ad,success,,PRJNA953640
SRX19910932,arc-institute-virtual-cell-atlas/scbasecount/2026-01-12/h5ad/GeneFull/Homo_sapiens/SRX19910932.h5ad,success,,PRJNA953640
SRX19910923,arc-institute-virtual-cell-atlas/scbasecount/2026-01-12/h5ad/GeneFull/Homo_sapiens/SRX19910923.h5ad,success,,PRJNA953640
SRX23457981,arc-institute-virtual-cell-atlas/scbasecount/2026-01-12/h5ad/GeneFull/Homo_sapiens/SRX23457981.h5ad,success,,PRJNA1071273
SRX23331465,arc-institute-virtual-cell-atlas/scbasecount/2026-01-12/h5ad/GeneFull/Homo_sapiens/SRX23331465.h5ad,success,,PRJNA1066790
SRX24028444,arc-institute-virtual-cell-atlas/scbasecount/2026-01-12/h5ad/GeneFull/Homo_sapiens/SRX24028444.h5ad,success,,PRJNA1090971
SRX24028453,arc-institute-virtual-cell-atlas/scbasecount/2026-01-12/h5ad/GeneFull/Homo_sapiens/SRX24028453.h5ad,success,,PRJNA1090971
SRX25261768,arc-institute-virtual-cell-atlas/scbasecount/2026-01-12/h5ad/GeneFull/Homo_sapiens/SRX25261768.h5ad,skip,too_few_cells,
SRX25261712,arc-institute-virtual-cell-atlas/scbasecount/2026-01-12/h5ad/GeneFull/Homo_sapiens/SRX25261712.h5ad,success,,PRJNA1133168
SRX25261735,arc-institute-virtual-cell-atlas/scbasecount/2026-01-12/h5ad/GeneFull/Homo_sapiens/SRX25261735.h5ad,success,,PRJNA1133168
SRX24028450,arc-institute-virtual-cell-atlas/scbasecount/2026-01-12/h5ad/GeneFull/Homo_sapiens/SRX24028450.h5ad,success,,PRJNA1090971
SRX24028459,arc-institute-virtual-cell-atlas/scbasecount/2026-01-12/h5ad/GeneFull/Homo_sapiens/SRX24028459.h5ad,success,,PRJNA1090971
SRX24028456,arc-institute-virtual-cell-atlas/scbasecount/2026-01-12/h5ad/GeneFull/Homo_sapiens/SRX24028456.h5ad,success,,PRJNA1090971
SRX24732576,arc-institute-virtual-cell-atlas/scbasecount/2026-01-12/h5ad/GeneFull/Homo_sapiens/SRX24732576.h5ad,success,,PRJNA1117768
SRX26213237,arc-institute-virtual-cell-atlas/scbasecount/2026-01-12/h5ad/GeneFull/Homo_sapiens/SRX26213237.h5ad,skip,too_few_cells,
SRX25363539,arc-institute-virtual-cell-atlas/scbasecount/2026-01-12/h5ad/GeneFull/Homo_sapiens/SRX25363539.h5ad,success,,PRJNA1136930
SRX26517110,arc-institute-virtual-cell-atlas/scbasecount/2026-01-12/h5ad/GeneFull/Homo_sapiens/SRX26517110.h5ad,skip,excessive_cell_dropout,
SRX26517112,arc-institute-virtual-cell-atlas/scbasecount/2026-01-12/h5ad/GeneFull/Homo_sapiens/SRX26517112.h5ad,skip,excessive_cell_dropout,
SRX26213238,arc-institute-virtual-cell-atlas/scbasecount/2026-01-12/h5ad/GeneFull/Homo_sapiens/SRX26213238.h5ad,skip,too_few_cells,
SRX10425170,arc-institute-virtual-cell-atlas/scbasecount/2026-01-12/h5ad/GeneFull/Homo_sapiens/SRX10425170.h5ad,success,,PRJNA716656
SRX8372491,arc-institute-virtual-cell-atlas/scbasecount/2026-01-12/h5ad/GeneFull/Homo_sapiens/SRX8372491.h5ad,success,,PRJNA634159
SRX8372495,arc-institute-virtual-cell-atlas/scbasecount/2026-01-12/h5ad/GeneFull/Homo_sapiens/SRX8372495.h5ad,success,,PRJNA634159
SRX8372496,arc-institute-virtual-cell-atlas/scbasecount/2026-01-12/h5ad/GeneFull/Homo_sapiens/SRX8372496.h5ad,success,,PRJNA634159
SRX8372494,arc-institute-virtual-cell-atlas/scbasecount/2026-01-12/h5ad/GeneFull/Homo_sapiens/SRX8372494.h5ad,success,,PRJNA634159
SRX9927818,arc-institute-virtual-cell-atlas/scbasecount/2026-01-12/h5ad/GeneFull/Homo_sapiens/SRX9927818.h5ad,success,,PRJNA694436
SRX9474643,arc-institute-virtual-cell-atlas/scbasecount/2026-01-12/h5ad/GeneFull/Homo_sapiens/SRX9474643.h5ad,success,,PRJNA677825
SRX9127142,arc-institute-virtual-cell-atlas/scbasecount/2026-01-12/h5ad/GeneFull/Homo_sapiens/SRX9127142.h5ad,success,,PRJNA663601
SRX9670790,arc-institute-virtual-cell-atlas/scbasecount/2026-01-12/h5ad/GeneFull/Homo_sapiens/SRX9670790.h5ad,success,,PRJNA684305
SRX9768484,arc-institute-virtual-cell-atlas/scbasecount/2026-01-12/h5ad/GeneFull/Homo_sapiens/SRX9768484.h5ad,skip,too_few_cells,
SRX9768488,arc-institute-virtual-cell-atlas/scbasecount/2026-01-12/h5ad/GeneFull/Homo_sapiens/SRX9768488.h5ad,success,,PRJNA689219
SRX9474644,arc-institute-virtual-cell-atlas/scbasecount/2026-01-12/h5ad/GeneFull/Homo_sapiens/SRX9474644.h5ad,success,,PRJNA677825
SRX9127138,arc-institute-virtual-cell-atlas/scbasecount/2026-01-12/h5ad/GeneFull/Homo_sapiens/SRX9127138.h5ad,success,,PRJNA663601
SRX9495612,arc-institute-virtual-cell-atlas/scbasecount/2026-01-12/h5ad/GeneFull/Homo_sapiens/SRX9495612.h5ad,skip,too_few_cells,
SRX9495616,arc-institute-virtual-cell-atlas/scbasecount/2026-01-12/h5ad/GeneFull/Homo_sapiens/SRX9495616.h5ad,success,,PRJNA677962
SRX9430527,arc-institute-virtual-cell-atlas/scbasecount/2026-01-12/h5ad/GeneFull/Homo_sapiens/SRX9430527.h5ad,success,,PRJNA674516
SRX10048380,arc-institute-virtual-cell-atlas/scbasecount/2026-01-12/h5ad/GeneFull/Homo_sapiens/SRX10048380.h5ad,success,,PRJNA669824
SRX9670791,arc-institute-virtual-cell-atlas/scbasecount/2026-01-12/h5ad/GeneFull/Homo_sapiens/SRX9670791.h5ad,success,,PRJNA684305
SRX9127143,arc-institute-virtual-cell-atlas/scbasecount/2026-01-12/h5ad/GeneFull/Homo_sapiens/SRX9127143.h5ad,success,,PRJNA663601
SRX9718439,arc-institute-virtual-cell-atlas/scbasecount/2026-01-12/h5ad/GeneFull/Homo_sapiens/SRX9718439.h5ad,success,,PRJNA687221
SRX9127133,arc-institute-virtual-cell-atlas/scbasecount/2026-01-12/h5ad/GeneFull/Homo_sapiens/SRX9127133.h5ad,success,,PRJNA663601
SRX10048381,arc-institute-virtual-cell-atlas/scbasecount/2026-01-12/h5ad/GeneFull/Homo_sapiens/SRX10048381.h5ad,success,,PRJNA669824
SRX9127135,arc-institute-virtual-cell-atlas/scbasecount/2026-01-12/h5ad/GeneFull/Homo_sapiens/SRX9127135.h5ad,success,,PRJNA663601
SRX10048393,arc-institute-virtual-cell-atlas/scbasecount/2026-01-12/h5ad/GeneFull/Homo_sapiens/SRX10048393.h5ad,success,,PRJNA669824
SRX9768481,arc-institute-virtual-cell-atlas/scbasecount/2026-01-12/h5ad/GeneFull/Homo_sapiens/SRX9768481.h5ad,skip,too_few_cells,
SRX10100447,arc-institute-virtual-cell-atlas/scbasecount/2026-01-12/h5ad/GeneFull/Homo_sapiens/SRX10100447.h5ad,success,,PRJNA701930
SRX9863287,arc-institute-virtual-cell-atlas/scbasecount/2026-01-12/h5ad/GeneFull/Homo_sapiens/SRX9863287.h5ad,success,,PRJNA692726
SRX9768485,arc-institute-virtual-cell-atlas/scbasecount/2026-01-12/h5ad/GeneFull/Homo_sapiens/SRX9768485.h5ad,success,,PRJNA689219
SRX10048388,arc-institute-virtual-cell-atlas/scbasecount/2026-01-12/h5ad/GeneFull/Homo_sapiens/SRX10048388.h5ad,success,,PRJNA669824
SRX10048395,arc-institute-virtual-cell-atlas/scbasecount/2026-01-12/h5ad/GeneFull/Homo_sapiens/SRX10048395.h5ad,success,,PRJNA669824
SRX10075291,arc-institute-virtual-cell-atlas/scbasecount/2026-01-12/h5ad/GeneFull/Homo_sapiens/SRX10075291.h5ad,success,,PRJNA701396
SRX9461573,arc-institute-virtual-cell-atlas/scbasecount/2026-01-12/h5ad/GeneFull/Homo_sapiens/SRX9461573.h5ad,success,,PRJNA675538
SRX10048396,arc-institute-virtual-cell-atlas/scbasecount/2026-01-12/h5ad/GeneFull/Homo_sapiens/SRX10048396.h5ad,success,,PRJNA669824
SRX10100446,arc-institute-virtual-cell-atlas/scbasecount/2026-01-12/h5ad/GeneFull/Homo_sapiens/SRX10100446.h5ad,success,,PRJNA701930
SRX9127139,arc-institute-virtual-cell-atlas/scbasecount/2026-01-12/h5ad/GeneFull/Homo_sapiens/SRX9127139.h5ad,success,,PRJNA663601
SRX10048379,arc-institute-virtual-cell-atlas/scbasecount/2026-01-12/h5ad/GeneFull/Homo_sapiens/SRX10048379.h5ad,success,,PRJNA669824
SRX10008476,arc-institute-virtual-cell-atlas/scbasecount/2026-01-12/h5ad/GeneFull/Homo_sapiens/SRX10008476.h5ad,success,,PRJNA699012
SRX9768483,arc-institute-virtual-cell-atlas/scbasecount/2026-01-12/h5ad/GeneFull/Homo_sapiens/SRX9768483.h5ad,skip,too_few_cells,
SRX9127134,arc-institute-virtual-cell-atlas/scbasecount/2026-01-12/h5ad/GeneFull/Homo_sapiens/SRX9127134.h5ad,success,,PRJNA663601
SRX10048375,arc-institute-virtual-cell-atlas/scbasecount/2026-01-12/h5ad/GeneFull/Homo_sapiens/SRX10048375.h5ad,success,,PRJNA669824
SRX10100445,arc-institute-virtual-cell-atlas/scbasecount/2026-01-12/h5ad/GeneFull/Homo_sapiens/SRX10100445.h5ad,success,,PRJNA701930
SRX9474645,arc-institute-virtual-cell-atlas/scbasecount/2026-01-12/h5ad/GeneFull/Homo_sapiens/SRX9474645.h5ad,success,,PRJNA677825
SRX10048384,arc-institute-virtual-cell-atlas/scbasecount/2026-01-12/h5ad/GeneFull/Homo_sapiens/SRX10048384.h5ad,success,,PRJNA669824
SRX9849883,arc-institute-virtual-cell-atlas/scbasecount/2026-01-12/h5ad/GeneFull/Homo_sapiens/SRX9849883.h5ad,success,,PRJNA692173
SRX9127140,arc-institute-virtual-cell-atlas/scbasecount/2026-01-12/h5ad/GeneFull/Homo_sapiens/SRX9127140.h5ad,success,,PRJNA663601
SRX10048373,arc-institute-virtual-cell-atlas/scbasecount/2026-01-12/h5ad/GeneFull/Homo_sapiens/SRX10048373.h5ad,success,,PRJNA669824
SRX10048377,arc-institute-virtual-cell-atlas/scbasecount/2026-01-12/h5ad/GeneFull/Homo_sapiens/SRX10048377.h5ad,success,,PRJNA669824
SRX9461575,arc-institute-virtual-cell-atlas/scbasecount/2026-01-12/h5ad/GeneFull/Homo_sapiens/SRX9461575.h5ad,success,,PRJNA675538
SRX9495614,arc-institute-virtual-cell-atlas/scbasecount/2026-01-12/h5ad/GeneFull/Homo_sapiens/SRX9495614.h5ad,skip,too_few_cells,
SRX9127136,arc-institute-virtual-cell-atlas/scbasecount/2026-01-12/h5ad/GeneFull/Homo_sapiens/SRX9127136.h5ad,success,,PRJNA663601
SRX9670792,arc-institute-virtual-cell-atlas/scbasecount/2026-01-12/h5ad/GeneFull/Homo_sapiens/SRX9670792.h5ad,success,,PRJNA684305
SRX10075292,arc-institute-virtual-cell-atlas/scbasecount/2026-01-12/h5ad/GeneFull/Homo_sapiens/SRX10075292.h5ad,skip,too_few_cells,
SRX10048391,arc-institute-virtual-cell-atlas/scbasecount/2026-01-12/h5ad/GeneFull/Homo_sapiens/SRX10048391.h5ad,success,,PRJNA669824
SRX9768487,arc-institute-virtual-cell-atlas/scbasecount/2026-01-12/h5ad/GeneFull/Homo_sapiens/SRX9768487.h5ad,skip,too_few_cells,
SRX10048376,arc-institute-virtual-cell-atlas/scbasecount/2026-01-12/h5ad/GeneFull/Homo_sapiens/SRX10048376.h5ad,success,,PRJNA669824
SRX9127144,arc-institute-virtual-cell-atlas/scbasecount/2026-01-12/h5ad/GeneFull/Homo_sapiens/SRX9127144.h5ad,success,,PRJNA663601
SRX9495610,arc-institute-virtual-cell-atlas/scbasecount/2026-01-12/h5ad/GeneFull/Homo_sapiens/SRX9495610.h5ad,skip,too_few_cells,
SRX9127141,arc-institute-virtual-cell-atlas/scbasecount/2026-01-12/h5ad/GeneFull/Homo_sapiens/SRX9127141.h5ad,success,,PRJNA663601
SRX10048385,arc-institute-virtual-cell-atlas/scbasecount/2026-01-12/h5ad/GeneFull/Homo_sapiens/SRX10048385.h5ad,success,,PRJNA669824
SRX27113453,arc-institute-virtual-cell-atlas/scbasecount/2026-01-12/h5ad/GeneFull/Homo_sapiens/SRX27113453.h5ad,success,,PRJNA1172658
SRX27113469,arc-institute-virtual-cell-atlas/scbasecount/2026-01-12/h5ad/GeneFull/Homo_sapiens/SRX27113469.h5ad,success,,PRJNA1172658
SRX27113470,arc-institute-virtual-cell-atlas/scbasecount/2026-01-12/h5ad/GeneFull/Homo_sapiens/SRX27113470.h5ad,success,,PRJNA1172658
SRX27113473,arc-institute-virtual-cell-atlas/scbasecount/2026-01-12/h5ad/GeneFull/Homo_sapiens/SRX27113473.h5ad,success,,PRJNA1172658
SRX27113459,arc-institute-virtual-cell-atlas/scbasecount/2026-01-12/h5ad/GeneFull/Homo_sapiens/SRX27113459.h5ad,success,,PRJNA1172658
SRX27113451,arc-institute-virtual-cell-atlas/scbasecount/2026-01-12/h5ad/GeneFull/Homo_sapiens/SRX27113451.h5ad,success,,PRJNA1172658
SRX27113465,arc-institute-virtual-cell-atlas/scbasecount/2026-01-12/h5ad/GeneFull/Homo_sapiens/SRX27113465.h5ad,success,,PRJNA1172658
SRX27113457,arc-institute-virtual-cell-atlas/scbasecount/2026-01-12/h5ad/GeneFull/Homo_sapiens/SRX27113457.h5ad,success,,PRJNA1172658
SRX27113475,arc-institute-virtual-cell-atlas/scbasecount/2026-01-12/h5ad/GeneFull/Homo_sapiens/SRX27113475.h5ad,success,,PRJNA1172658
SRX27113449,arc-institute-virtual-cell-atlas/scbasecount/2026-01-12/h5ad/GeneFull/Homo_sapiens/SRX27113449.h5ad,success,,PRJNA1172658
SRX27113462,arc-institute-virtual-cell-atlas/scbasecount/2026-01-12/h5ad/GeneFull/Homo_sapiens/SRX27113462.h5ad,success,,PRJNA1172658
SRX27113460,arc-institute-virtual-cell-atlas/scbasecount/2026-01-12/h5ad/GeneFull/Homo_sapiens/SRX27113460.h5ad,success,,PRJNA1172658
SRX27113476,arc-institute-virtual-cell-atlas/scbasecount/2026-01-12/h5ad/GeneFull/Homo_sapiens/SRX27113476.h5ad,success,,PRJNA1172658
SRX27113467,arc-institute-virtual-cell-atlas/scbasecount/2026-01-12/h5ad/GeneFull/Homo_sapiens/SRX27113467.h5ad,success,,PRJNA1172658
SRX27113455,arc-institute-virtual-cell-atlas/scbasecount/2026-01-12/h5ad/GeneFull/Homo_sapiens/SRX27113455.h5ad,success,,PRJNA1172658
SRX27995674,arc-institute-virtual-cell-atlas/scbasecount/2026-01-12/h5ad/GeneFull/Homo_sapiens/SRX27995674.h5ad,success,,PRJNA1202516
SRX27113463,arc-institute-virtual-cell-atlas/scbasecount/2026-01-12/h5ad/GeneFull/Homo_sapiens/SRX27113463.h5ad,success,,PRJNA1172658
SRX9816697,arc-institute-virtual-cell-atlas/scbasecount/2026-01-12/h5ad/GeneFull/Homo_sapiens/SRX9816697.h5ad,success,,PRJNA691041
SRX9816696,arc-institute-virtual-cell-atlas/scbasecount/2026-01-12/h5ad/GeneFull/Homo_sapiens/SRX9816696.h5ad,success,,PRJNA691041
SRX10048390,arc-institute-virtual-cell-atlas/scbasecount/2026-01-12/h5ad/GeneFull/Homo_sapiens/SRX10048390.h5ad,success,,PRJNA669824
SRX9849885,arc-institute-virtual-cell-atlas/scbasecount/2026-01-12/h5ad/GeneFull/Homo_sapiens/SRX9849885.h5ad,success,,PRJNA692173
SRX10048397,arc-institute-virtual-cell-atlas/scbasecount/2026-01-12/h5ad/GeneFull/Homo_sapiens/SRX10048397.h5ad,success,,PRJNA669824
SRX9461574,arc-institute-virtual-cell-atlas/scbasecount/2026-01-12/h5ad/GeneFull/Homo_sapiens/SRX9461574.h5ad,success,,PRJNA675538
SRX10048389,arc-institute-virtual-cell-atlas/scbasecount/2026-01-12/h5ad/GeneFull/Homo_sapiens/SRX10048389.h5ad,success,,PRJNA669824
SRX9058158,arc-institute-virtual-cell-atlas/scbasecount/2026-01-12/h5ad/GeneFull/Homo_sapiens/SRX9058158.h5ad,success,,PRJNA661032
SRX9058160,arc-institute-virtual-cell-atlas/scbasecount/2026-01-12/h5ad/GeneFull/Homo_sapiens/SRX9058160.h5ad,skip,excessive_cell_dropout,
SRX9078406,arc-institute-virtual-cell-atlas/scbasecount/2026-01-12/h5ad/GeneFull/Homo_sapiens/SRX9078406.h5ad,success,,PRJNA661567
SRX9276327,arc-institute-virtual-cell-atlas/scbasecount/2026-01-12/h5ad/GeneFull/Homo_sapiens/SRX9276327.h5ad,success,,PRJNA668609
SRX9276336,arc-institute-virtual-cell-atlas/scbasecount/2026-01-12/h5ad/GeneFull/Homo_sapiens/SRX9276336.h5ad,success,,PRJNA668609
SRX9058157,arc-institute-virtual-cell-atlas/scbasecount/2026-01-12/h5ad/GeneFull/Homo_sapiens/SRX9058157.h5ad,success,,PRJNA661032
SRX9058187,arc-institute-virtual-cell-atlas/scbasecount/2026-01-12/h5ad/GeneFull/Homo_sapiens/SRX9058187.h5ad,success,,PRJNA661032
SRX9246202,arc-institute-virtual-cell-atlas/scbasecount/2026-01-12/h5ad/GeneFull/Homo_sapiens/SRX9246202.h5ad,success,,PRJNA667491
SRX8953167,arc-institute-virtual-cell-atlas/scbasecount/2026-01-12/h5ad/GeneFull/Homo_sapiens/SRX8953167.h5ad,success,,PRJNA657422
SRX9058165,arc-institute-virtual-cell-atlas/scbasecount/2026-01-12/h5ad/GeneFull/Homo_sapiens/SRX9058165.h5ad,success,,PRJNA661032
SRX9276321,arc-institute-virtual-cell-atlas/scbasecount/2026-01-12/h5ad/GeneFull/Homo_sapiens/SRX9276321.h5ad,success,,PRJNA668609
SRX9246191,arc-institute-virtual-cell-atlas/scbasecount/2026-01-12/h5ad/GeneFull/Homo_sapiens/SRX9246191.h5ad,success,,PRJNA667491
SRX9296016,arc-institute-virtual-cell-atlas/scbasecount/2026-01-12/h5ad/GeneFull/Homo_sapiens/SRX9296016.h5ad,skip,too_few_cells,
SRX9246190,arc-institute-virtual-cell-atlas/scbasecount/2026-01-12/h5ad/GeneFull/Homo_sapiens/SRX9246190.h5ad,success,,PRJNA667491
SRX9246200,arc-institute-virtual-cell-atlas/scbasecount/2026-01-12/h5ad/GeneFull/Homo_sapiens/SRX9246200.h5ad,success,,PRJNA667491
SRX9246197,arc-institute-virtual-cell-atlas/scbasecount/2026-01-12/h5ad/GeneFull/Homo_sapiens/SRX9246197.h5ad,success,,PRJNA667491
SRX9276294,arc-institute-virtual-cell-atlas/scbasecount/2026-01-12/h5ad/GeneFull/Homo_sapiens/SRX9276294.h5ad,success,,PRJNA668609
SRX9246203,arc-institute-virtual-cell-atlas/scbasecount/2026-01-12/h5ad/GeneFull/Homo_sapiens/SRX9246203.h5ad,success,,PRJNA667491
SRX9246199,arc-institute-virtual-cell-atlas/scbasecount/2026-01-12/h5ad/GeneFull/Homo_sapiens/SRX9246199.h5ad,success,,PRJNA667491
SRX9058155,arc-institute-virtual-cell-atlas/scbasecount/2026-01-12/h5ad/GeneFull/Homo_sapiens/SRX9058155.h5ad,success,,PRJNA661032
SRX9246204,arc-institute-virtual-cell-atlas/scbasecount/2026-01-12/h5ad/GeneFull/Homo_sapiens/SRX9246204.h5ad,success,,PRJNA667491
SRX9276324,arc-institute-virtual-cell-atlas/scbasecount/2026-01-12/h5ad/GeneFull/Homo_sapiens/SRX9276324.h5ad,success,,PRJNA668609
SRX9276300,arc-institute-virtual-cell-atlas/scbasecount/2026-01-12/h5ad/GeneFull/Homo_sapiens/SRX9276300.h5ad,success,,PRJNA668609
SRX9058162,arc-institute-virtual-cell-atlas/scbasecount/2026-01-12/h5ad/GeneFull/Homo_sapiens/SRX9058162.h5ad,success,,PRJNA661032
SRX9276299,arc-institute-virtual-cell-atlas/scbasecount/2026-01-12/h5ad/GeneFull/Homo_sapiens/SRX9276299.h5ad,success,,PRJNA668609
SRX9276314,arc-institute-virtual-cell-atlas/scbasecount/2026-01-12/h5ad/GeneFull/Homo_sapiens/SRX9276314.h5ad,success,,PRJNA668609
SRX9058167,arc-institute-virtual-cell-atlas/scbasecount/2026-01-12/h5ad/GeneFull/Homo_sapiens/SRX9058167.h5ad,success,,PRJNA661032
SRX9276308,arc-institute-virtual-cell-atlas/scbasecount/2026-01-12/h5ad/GeneFull/Homo_sapiens/SRX9276308.h5ad,success,,PRJNA668609
SRX9058170,arc-institute-virtual-cell-atlas/scbasecount/2026-01-12/h5ad/GeneFull/Homo_sapiens/SRX9058170.h5ad,success,,PRJNA661032
SRX9058154,arc-institute-virtual-cell-atlas/scbasecount/2026-01-12/h5ad/GeneFull/Homo_sapiens/SRX9058154.h5ad,success,,PRJNA661032
SRX9058143,arc-institute-virtual-cell-atlas/scbasecount/2026-01-12/h5ad/GeneFull/Homo_sapiens/SRX9058143.h5ad,success,,PRJNA661032
SRX9276319,arc-institute-virtual-cell-atlas/scbasecount/2026-01-12/h5ad/GeneFull/Homo_sapiens/SRX9276319.h5ad,success,,PRJNA668609
SRX9058150,arc-institute-virtual-cell-atlas/scbasecount/2026-01-12/h5ad/GeneFull/Homo_sapiens/SRX9058150.h5ad,success,,PRJNA661032
SRX9276334,arc-institute-virtual-cell-atlas/scbasecount/2026-01-12/h5ad/GeneFull/Homo_sapiens/SRX9276334.h5ad,success,,PRJNA668609
SRX9058184,arc-institute-virtual-cell-atlas/scbasecount/2026-01-12/h5ad/GeneFull/Homo_sapiens/SRX9058184.h5ad,success,,PRJNA661032
SRX9276306,arc-institute-virtual-cell-atlas/scbasecount/2026-01-12/h5ad/GeneFull/Homo_sapiens/SRX9276306.h5ad,success,,PRJNA668609
SRX9276295,arc-institute-virtual-cell-atlas/scbasecount/2026-01-12/h5ad/GeneFull/Homo_sapiens/SRX9276295.h5ad,success,,PRJNA668609
SRX9062366,arc-institute-virtual-cell-atlas/scbasecount/2026-01-12/h5ad/GeneFull/Homo_sapiens/SRX9062366.h5ad,success,,PRJNA661081
SRX9246189,arc-institute-virtual-cell-atlas/scbasecount/2026-01-12/h5ad/GeneFull/Homo_sapiens/SRX9246189.h5ad,success,,PRJNA667491
SRX9296013,arc-institute-virtual-cell-atlas/scbasecount/2026-01-12/h5ad/GeneFull/Homo_sapiens/SRX9296013.h5ad,success,,PRJNA669984
SRX9246195,arc-institute-virtual-cell-atlas/scbasecount/2026-01-12/h5ad/GeneFull/Homo_sapiens/SRX9246195.h5ad,success,,PRJNA667491
SRX9276333,arc-institute-virtual-cell-atlas/scbasecount/2026-01-12/h5ad/GeneFull/Homo_sapiens/SRX9276333.h5ad,success,,PRJNA668609
SRX9058161,arc-institute-virtual-cell-atlas/scbasecount/2026-01-12/h5ad/GeneFull/Homo_sapiens/SRX9058161.h5ad,success,,PRJNA661032
SRX9276292,arc-institute-virtual-cell-atlas/scbasecount/2026-01-12/h5ad/GeneFull/Homo_sapiens/SRX9276292.h5ad,success,,PRJNA668609
SRX9276304,arc-institute-virtual-cell-atlas/scbasecount/2026-01-12/h5ad/GeneFull/Homo_sapiens/SRX9276304.h5ad,success,,PRJNA668609
SRX9276293,arc-institute-virtual-cell-atlas/scbasecount/2026-01-12/h5ad/GeneFull/Homo_sapiens/SRX9276293.h5ad,success,,PRJNA668609
SRX9246194,arc-institute-virtual-cell-atlas/scbasecount/2026-01-12/h5ad/GeneFull/Homo_sapiens/SRX9246194.h5ad,success,,PRJNA667491
SRX9246206,arc-institute-virtual-cell-atlas/scbasecount/2026-01-12/h5ad/GeneFull/Homo_sapiens/SRX9246206.h5ad,success,,PRJNA667491
SRX9276335,arc-institute-virtual-cell-atlas/scbasecount/2026-01-12/h5ad/GeneFull/Homo_sapiens/SRX9276335.h5ad,success,,PRJNA668609
SRX9078404,arc-institute-virtual-cell-atlas/scbasecount/2026-01-12/h5ad/GeneFull/Homo_sapiens/SRX9078404.h5ad,success,,PRJNA661567
SRX9276301,arc-institute-virtual-cell-atlas/scbasecount/2026-01-12/h5ad/GeneFull/Homo_sapiens/SRX9276301.h5ad,success,,PRJNA668609
SRX9058151,arc-institute-virtual-cell-atlas/scbasecount/2026-01-12/h5ad/GeneFull/Homo_sapiens/SRX9058151.h5ad,success,,PRJNA661032
SRX9246207,arc-institute-virtual-cell-atlas/scbasecount/2026-01-12/h5ad/GeneFull/Homo_sapiens/SRX9246207.h5ad,success,,PRJNA667491
SRX9058152,arc-institute-virtual-cell-atlas/scbasecount/2026-01-12/h5ad/GeneFull/Homo_sapiens/SRX9058152.h5ad,success,,PRJNA661032
SRX9058153,arc-institute-virtual-cell-atlas/scbasecount/2026-01-12/h5ad/GeneFull/Homo_sapiens/SRX9058153.h5ad,success,,PRJNA661032
SRX9062365,arc-institute-virtual-cell-atlas/scbasecount/2026-01-12/h5ad/GeneFull/Homo_sapiens/SRX9062365.h5ad,success,,PRJNA661081
SRX9058141,arc-institute-virtual-cell-atlas/scbasecount/2026-01-12/h5ad/GeneFull/Homo_sapiens/SRX9058141.h5ad,success,,PRJNA661032
SRX9058186,arc-institute-virtual-cell-atlas/scbasecount/2026-01-12/h5ad/GeneFull/Homo_sapiens/SRX9058186.h5ad,success,,PRJNA661032
SRX9058156,arc-institute-virtual-cell-atlas/scbasecount/2026-01-12/h5ad/GeneFull/Homo_sapiens/SRX9058156.h5ad,success,,PRJNA661032
SRX9058168,arc-institute-virtual-cell-atlas/scbasecount/2026-01-12/h5ad/GeneFull/Homo_sapiens/SRX9058168.h5ad,success,,PRJNA661032
SRX9246208,arc-institute-virtual-cell-atlas/scbasecount/2026-01-12/h5ad/GeneFull/Homo_sapiens/SRX9246208.h5ad,success,,PRJNA667491
SRX9276289,arc-institute-virtual-cell-atlas/scbasecount/2026-01-12/h5ad/GeneFull/Homo_sapiens/SRX9276289.h5ad,success,,PRJNA668609
SRX9058149,arc-institute-virtual-cell-atlas/scbasecount/2026-01-12/h5ad/GeneFull/Homo_sapiens/SRX9058149.h5ad,success,,PRJNA661032
SRX9078405,arc-institute-virtual-cell-atlas/scbasecount/2026-01-12/h5ad/GeneFull/Homo_sapiens/SRX9078405.h5ad,success,,PRJNA661567
SRX9062363,arc-institute-virtual-cell-atlas/scbasecount/2026-01-12/h5ad/GeneFull/Homo_sapiens/SRX9062363.h5ad,success,,PRJNA661081
SRX9058189,arc-institute-virtual-cell-atlas/scbasecount/2026-01-12/h5ad/GeneFull/Homo_sapiens/SRX9058189.h5ad,success,,PRJNA661032
SRX9058166,arc-institute-virtual-cell-atlas/scbasecount/2026-01-12/h5ad/GeneFull/Homo_sapiens/SRX9058166.h5ad,success,,PRJNA661032
SRX8953166,arc-institute-virtual-cell-atlas/scbasecount/2026-01-12/h5ad/GeneFull/Homo_sapiens/SRX8953166.h5ad,success,,PRJNA657422
SRX9276291,arc-institute-virtual-cell-atlas/scbasecount/2026-01-12/h5ad/GeneFull/Homo_sapiens/SRX9276291.h5ad,success,,PRJNA668609
SRX9246201,arc-institute-virtual-cell-atlas/scbasecount/2026-01-12/h5ad/GeneFull/Homo_sapiens/SRX9246201.h5ad,success,,PRJNA667491
SRX9276302,arc-institute-virtual-cell-atlas/scbasecount/2026-01-12/h5ad/GeneFull/Homo_sapiens/SRX9276302.h5ad,success,,PRJNA668609
SRX9276303,arc-institute-virtual-cell-atlas/scbasecount/2026-01-12/h5ad/GeneFull/Homo_sapiens/SRX9276303.h5ad,success,,PRJNA668609
SRX9863288,arc-institute-virtual-cell-atlas/scbasecount/2026-01-12/h5ad/GeneFull/Homo_sapiens/SRX9863288.h5ad,success,,PRJNA692726
SRX10100448,arc-institute-virtual-cell-atlas/scbasecount/2026-01-12/h5ad/GeneFull/Homo_sapiens/SRX10100448.h5ad,success,,PRJNA701930
SRX27113477,arc-institute-virtual-cell-atlas/scbasecount/2026-01-12/h5ad/GeneFull/Homo_sapiens/SRX27113477.h5ad,success,,PRJNA1172658
SRX9246193,arc-institute-virtual-cell-atlas/scbasecount/2026-01-12/h5ad/GeneFull/Homo_sapiens/SRX9246193.h5ad,success,,PRJNA667491
SRX9276328,arc-institute-virtual-cell-atlas/scbasecount/2026-01-12/h5ad/GeneFull/Homo_sapiens/SRX9276328.h5ad,success,,PRJNA668609
SRX9058159,arc-institute-virtual-cell-atlas/scbasecount/2026-01-12/h5ad/GeneFull/Homo_sapiens/SRX9058159.h5ad,success,,PRJNA661032
SRX9078407,arc-institute-virtual-cell-atlas/scbasecount/2026-01-12/h5ad/GeneFull/Homo_sapiens/SRX9078407.h5ad,success,,PRJNA661567
SRX8417844,arc-institute-virtual-cell-atlas/scbasecount/2026-01-12/h5ad/GeneFull/Homo_sapiens/SRX8417844.h5ad,skip,cell_type_all_missing,
SRX9276296,arc-institute-virtual-cell-atlas/scbasecount/2026-01-12/h5ad/GeneFull/Homo_sapiens/SRX9276296.h5ad,success,,PRJNA668609
SRX9246205,arc-institute-virtual-cell-atlas/scbasecount/2026-01-12/h5ad/GeneFull/Homo_sapiens/SRX9246205.h5ad,success,,PRJNA667491
SRX9276290,arc-institute-virtual-cell-atlas/scbasecount/2026-01-12/h5ad/GeneFull/Homo_sapiens/SRX9276290.h5ad,success,,PRJNA668609
SRX27113474,arc-institute-virtual-cell-atlas/scbasecount/2026-01-12/h5ad/GeneFull/Homo_sapiens/SRX27113474.h5ad,success,,PRJNA1172658
SRX27113468,arc-institute-virtual-cell-atlas/scbasecount/2026-01-12/h5ad/GeneFull/Homo_sapiens/SRX27113468.h5ad,success,,PRJNA1172658
SRX27113472,arc-institute-virtual-cell-atlas/scbasecount/2026-01-12/h5ad/GeneFull/Homo_sapiens/SRX27113472.h5ad,success,,PRJNA1172658
SRX27113456,arc-institute-virtual-cell-atlas/scbasecount/2026-01-12/h5ad/GeneFull/Homo_sapiens/SRX27113456.h5ad,success,,PRJNA1172658
SRX27113454,arc-institute-virtual-cell-atlas/scbasecount/2026-01-12/h5ad/GeneFull/Homo_sapiens/SRX27113454.h5ad,success,,PRJNA1172658
SRX27113452,arc-institute-virtual-cell-atlas/scbasecount/2026-01-12/h5ad/GeneFull/Homo_sapiens/SRX27113452.h5ad,success,,PRJNA1172658
SRX27113450,arc-institute-virtual-cell-atlas/scbasecount/2026-01-12/h5ad/GeneFull/Homo_sapiens/SRX27113450.h5ad,success,,PRJNA1172658
SRX27113466,arc-institute-virtual-cell-atlas/scbasecount/2026-01-12/h5ad/GeneFull/Homo_sapiens/SRX27113466.h5ad,success,,PRJNA1172658
SRX27113464,arc-institute-virtual-cell-atlas/scbasecount/2026-01-12/h5ad/GeneFull/Homo_sapiens/SRX27113464.h5ad,success,,PRJNA1172658
SRX27113461,arc-institute-virtual-cell-atlas/scbasecount/2026-01-12/h5ad/GeneFull/Homo_sapiens/SRX27113461.h5ad,success,,PRJNA1172658
SRX27113458,arc-institute-virtual-cell-atlas/scbasecount/2026-01-12/h5ad/GeneFull/Homo_sapiens/SRX27113458.h5ad,success,,PRJNA1172658
SRX9296012,arc-institute-virtual-cell-atlas/scbasecount/2026-01-12/h5ad/GeneFull/Homo_sapiens/SRX9296012.h5ad,success,,PRJNA669984
SRX9276322,arc-institute-virtual-cell-atlas/scbasecount/2026-01-12/h5ad/GeneFull/Homo_sapiens/SRX9276322.h5ad,success,,PRJNA668609
SRX9276315,arc-institute-virtual-cell-atlas/scbasecount/2026-01-12/h5ad/GeneFull/Homo_sapiens/SRX9276315.h5ad,success,,PRJNA668609
SRX9058146,arc-institute-virtual-cell-atlas/scbasecount/2026-01-12/h5ad/GeneFull/Homo_sapiens/SRX9058146.h5ad,success,,PRJNA661032
SRX9062358,arc-institute-virtual-cell-atlas/scbasecount/2026-01-12/h5ad/GeneFull/Homo_sapiens/SRX9062358.h5ad,success,,PRJNA661081
SRX9058169,arc-institute-virtual-cell-atlas/scbasecount/2026-01-12/h5ad/GeneFull/Homo_sapiens/SRX9058169.h5ad,success,,PRJNA661032
SRX9062357,arc-institute-virtual-cell-atlas/scbasecount/2026-01-12/h5ad/GeneFull/Homo_sapiens/SRX9062357.h5ad,success,,PRJNA661081
SRX9276323,arc-institute-virtual-cell-atlas/scbasecount/2026-01-12/h5ad/GeneFull/Homo_sapiens/SRX9276323.h5ad,success,,PRJNA668609
SRX9276313,arc-institute-virtual-cell-atlas/scbasecount/2026-01-12/h5ad/GeneFull/Homo_sapiens/SRX9276313.h5ad,success,,PRJNA668609
SRX9276318,arc-institute-virtual-cell-atlas/scbasecount/2026-01-12/h5ad/GeneFull/Homo_sapiens/SRX9276318.h5ad,success,,PRJNA668609
SRX9276331,arc-institute-virtual-cell-atlas/scbasecount/2026-01-12/h5ad/GeneFull/Homo_sapiens/SRX9276331.h5ad,success,,PRJNA668609
SRX9062364,arc-institute-virtual-cell-atlas/scbasecount/2026-01-12/h5ad/GeneFull/Homo_sapiens/SRX9062364.h5ad,success,,PRJNA661081
SRX9276329,arc-institute-virtual-cell-atlas/scbasecount/2026-01-12/h5ad/GeneFull/Homo_sapiens/SRX9276329.h5ad,success,,PRJNA668609
SRX9276297,arc-institute-virtual-cell-atlas/scbasecount/2026-01-12/h5ad/GeneFull/Homo_sapiens/SRX9276297.h5ad,success,,PRJNA668609
SRX9276309,arc-institute-virtual-cell-atlas/scbasecount/2026-01-12/h5ad/GeneFull/Homo_sapiens/SRX9276309.h5ad,success,,PRJNA668609
SRX9058196,arc-institute-virtual-cell-atlas/scbasecount/2026-01-12/h5ad/GeneFull/Homo_sapiens/SRX9058196.h5ad,success,,PRJNA661032
SRX9058164,arc-institute-virtual-cell-atlas/scbasecount/2026-01-12/h5ad/GeneFull/Homo_sapiens/SRX9058164.h5ad,skip,excessive_cell_dropout,
SRX9246192,arc-institute-virtual-cell-atlas/scbasecount/2026-01-12/h5ad/GeneFull/Homo_sapiens/SRX9246192.h5ad,success,,PRJNA667491
SRX9276330,arc-institute-virtual-cell-atlas/scbasecount/2026-01-12/h5ad/GeneFull/Homo_sapiens/SRX9276330.h5ad,success,,PRJNA668609
SRX9276316,arc-institute-virtual-cell-atlas/scbasecount/2026-01-12/h5ad/GeneFull/Homo_sapiens/SRX9276316.h5ad,success,,PRJNA668609
SRX9296018,arc-institute-virtual-cell-atlas/scbasecount/2026-01-12/h5ad/GeneFull/Homo_sapiens/SRX9296018.h5ad,success,,PRJNA669984
SRX8349957,arc-institute-virtual-cell-atlas/scbasecount/2026-01-12/h5ad/GeneFull/Homo_sapiens/SRX8349957.h5ad,success,,PRJNA633134
SRX8349949,arc-institute-virtual-cell-atlas/scbasecount/2026-01-12/h5ad/GeneFull/Homo_sapiens/SRX8349949.h5ad,success,,PRJNA633134
SRX8349962,arc-institute-virtual-cell-atlas/scbasecount/2026-01-12/h5ad/GeneFull/Homo_sapiens/SRX8349962.h5ad,success,,PRJNA633134
SRX9296019,arc-institute-virtual-cell-atlas/scbasecount/2026-01-12/h5ad/GeneFull/Homo_sapiens/SRX9296019.h5ad,success,,PRJNA669984
SRX9062360,arc-institute-virtual-cell-atlas/scbasecount/2026-01-12/h5ad/GeneFull/Homo_sapiens/SRX9062360.h5ad,skip,too_few_cells,
SRX9276312,arc-institute-virtual-cell-atlas/scbasecount/2026-01-12/h5ad/GeneFull/Homo_sapiens/SRX9276312.h5ad,success,,PRJNA668609
SRX9246196,arc-institute-virtual-cell-atlas/scbasecount/2026-01-12/h5ad/GeneFull/Homo_sapiens/SRX9246196.h5ad,success,,PRJNA667491
SRX8349948,arc-institute-virtual-cell-atlas/scbasecount/2026-01-12/h5ad/GeneFull/Homo_sapiens/SRX8349948.h5ad,success,,PRJNA633134
SRX8349970,arc-institute-virtual-cell-atlas/scbasecount/2026-01-12/h5ad/GeneFull/Homo_sapiens/SRX8349970.h5ad,success,,PRJNA633134
SRX8349959,arc-institute-virtual-cell-atlas/scbasecount/2026-01-12/h5ad/GeneFull/Homo_sapiens/SRX8349959.h5ad,success,,PRJNA633134
SRX8349966,arc-institute-virtual-cell-atlas/scbasecount/2026-01-12/h5ad/GeneFull/Homo_sapiens/SRX8349966.h5ad,success,,PRJNA633134
SRX8349956,arc-institute-virtual-cell-atlas/scbasecount/2026-01-12/h5ad/GeneFull/Homo_sapiens/SRX8349956.h5ad,success,,PRJNA633134
SRX29072180,arc-institute-virtual-cell-atlas/scbasecount/2026-01-12/h5ad/GeneFull/Homo_sapiens/SRX29072180.h5ad,skip,cell_type_all_missing,
SRX29072177,arc-institute-virtual-cell-atlas/scbasecount/2026-01-12/h5ad/GeneFull/Homo_sapiens/SRX29072177.h5ad,success,,PRJNA1272602
SRX29072175,arc-institute-virtual-cell-atlas/scbasecount/2026-01-12/h5ad/GeneFull/Homo_sapiens/SRX29072175.h5ad,success,,PRJNA1272602
SRX29072176,arc-institute-virtual-cell-atlas/scbasecount/2026-01-12/h5ad/GeneFull/Homo_sapiens/SRX29072176.h5ad,success,,PRJNA1272602
SRX8370854,arc-institute-virtual-cell-atlas/scbasecount/2026-01-12/h5ad/GeneFull/Homo_sapiens/SRX8370854.h5ad,success,,PRJNA634136
SRX29072179,arc-institute-virtual-cell-atlas/scbasecount/2026-01-12/h5ad/GeneFull/Homo_sapiens/SRX29072179.h5ad,success,,PRJNA1272602
SRX29072178,arc-institute-virtual-cell-atlas/scbasecount/2026-01-12/h5ad/GeneFull/Homo_sapiens/SRX29072178.h5ad,success,,PRJNA1272602
SRX9276298,arc-institute-virtual-cell-atlas/scbasecount/2026-01-12/h5ad/GeneFull/Homo_sapiens/SRX9276298.h5ad,success,,PRJNA668609
SRX9276317,arc-institute-virtual-cell-atlas/scbasecount/2026-01-12/h5ad/GeneFull/Homo_sapiens/SRX9276317.h5ad,success,,PRJNA668609
SRX9276320,arc-institute-virtual-cell-atlas/scbasecount/2026-01-12/h5ad/GeneFull/Homo_sapiens/SRX9276320.h5ad,success,,PRJNA668609
SRX9276326,arc-institute-virtual-cell-atlas/scbasecount/2026-01-12/h5ad/GeneFull/Homo_sapiens/SRX9276326.h5ad,success,,PRJNA668609
SRX9276332,arc-institute-virtual-cell-atlas/scbasecount/2026-01-12/h5ad/GeneFull/Homo_sapiens/SRX9276332.h5ad,success,,PRJNA668609
SRX9276325,arc-institute-virtual-cell-atlas/scbasecount/2026-01-12/h5ad/GeneFull/Homo_sapiens/SRX9276325.h5ad,success,,PRJNA668609
SRX9078408,arc-institute-virtual-cell-atlas/scbasecount/2026-01-12/h5ad/GeneFull/Homo_sapiens/SRX9078408.h5ad,success,,PRJNA661567
SRX8288949,arc-institute-virtual-cell-atlas/scbasecount/2026-01-12/h5ad/GeneFull/Homo_sapiens/SRX8288949.h5ad,success,,PRJNA631019
SRX8349950,arc-institute-virtual-cell-atlas/scbasecount/2026-01-12/h5ad/GeneFull/Homo_sapiens/SRX8349950.h5ad,success,,PRJNA633134
SRX8349963,arc-institute-virtual-cell-atlas/scbasecount/2026-01-12/h5ad/GeneFull/Homo_sapiens/SRX8349963.h5ad,success,,PRJNA633134
SRX8349961,arc-institute-virtual-cell-atlas/scbasecount/2026-01-12/h5ad/GeneFull/Homo_sapiens/SRX8349961.h5ad,success,,PRJNA633134
SRX8349967,arc-institute-virtual-cell-atlas/scbasecount/2026-01-12/h5ad/GeneFull/Homo_sapiens/SRX8349967.h5ad,success,,PRJNA633134
SRX8349964,arc-institute-virtual-cell-atlas/scbasecount/2026-01-12/h5ad/GeneFull/Homo_sapiens/SRX8349964.h5ad,success,,PRJNA633134
SRX8349955,arc-institute-virtual-cell-atlas/scbasecount/2026-01-12/h5ad/GeneFull/Homo_sapiens/SRX8349955.h5ad,success,,PRJNA633134
SRX8349960,arc-institute-virtual-cell-atlas/scbasecount/2026-01-12/h5ad/GeneFull/Homo_sapiens/SRX8349960.h5ad,success,,PRJNA633134
SRX8349968,arc-institute-virtual-cell-atlas/scbasecount/2026-01-12/h5ad/GeneFull/Homo_sapiens/SRX8349968.h5ad,success,,PRJNA633134
SRX8349958,arc-institute-virtual-cell-atlas/scbasecount/2026-01-12/h5ad/GeneFull/Homo_sapiens/SRX8349958.h5ad,success,,PRJNA633134
SRX8353570,arc-institute-virtual-cell-atlas/scbasecount/2026-01-12/h5ad/GeneFull/Homo_sapiens/SRX8353570.h5ad,success,,PRJNA633281
SRX8353571,arc-institute-virtual-cell-atlas/scbasecount/2026-01-12/h5ad/GeneFull/Homo_sapiens/SRX8353571.h5ad,success,,PRJNA633281
SRX8349972,arc-institute-virtual-cell-atlas/scbasecount/2026-01-12/h5ad/GeneFull/Homo_sapiens/SRX8349972.h5ad,success,,PRJNA633134
SRX8370855,arc-institute-virtual-cell-atlas/scbasecount/2026-01-12/h5ad/GeneFull/Homo_sapiens/SRX8370855.h5ad,success,,PRJNA634136
SRX8370856,arc-institute-virtual-cell-atlas/scbasecount/2026-01-12/h5ad/GeneFull/Homo_sapiens/SRX8370856.h5ad,success,,PRJNA634136
SRX8370861,arc-institute-virtual-cell-atlas/scbasecount/2026-01-12/h5ad/GeneFull/Homo_sapiens/SRX8370861.h5ad,success,,PRJNA634136
SRX8370857,arc-institute-virtual-cell-atlas/scbasecount/2026-01-12/h5ad/GeneFull/Homo_sapiens/SRX8370857.h5ad,success,,PRJNA634136
SRX8370858,arc-institute-virtual-cell-atlas/scbasecount/2026-01-12/h5ad/GeneFull/Homo_sapiens/SRX8370858.h5ad,success,,PRJNA634136
SRX8370860,arc-institute-virtual-cell-atlas/scbasecount/2026-01-12/h5ad/GeneFull/Homo_sapiens/SRX8370860.h5ad,success,,PRJNA634136
SRX8353567,arc-institute-virtual-cell-atlas/scbasecount/2026-01-12/h5ad/GeneFull/Homo_sapiens/SRX8353567.h5ad,success,,PRJNA633281
SRX8353568,arc-institute-virtual-cell-atlas/scbasecount/2026-01-12/h5ad/GeneFull/Homo_sapiens/SRX8353568.h5ad,success,,PRJNA633281
SRX8370852,arc-institute-virtual-cell-atlas/scbasecount/2026-01-12/h5ad/GeneFull/Homo_sapiens/SRX8370852.h5ad,success,,PRJNA634136
SRX7347524,arc-institute-virtual-cell-atlas/scbasecount/2026-01-12/h5ad/GeneFull/Homo_sapiens/SRX7347524.h5ad,success,,PRJNA554141
SRX7347523,arc-institute-virtual-cell-atlas/scbasecount/2026-01-12/h5ad/GeneFull/Homo_sapiens/SRX7347523.h5ad,success,,PRJNA554141
SRX7347525,arc-institute-virtual-cell-atlas/scbasecount/2026-01-12/h5ad/GeneFull/Homo_sapiens/SRX7347525.h5ad,success,,PRJNA554141
SRX7692419,arc-institute-virtual-cell-atlas/scbasecount/2026-01-12/h5ad/GeneFull/Homo_sapiens/SRX7692419.h5ad,skip,cell_type_all_missing,
SRX6812456,arc-institute-virtual-cell-atlas/scbasecount/2026-01-12/h5ad/GeneFull/Homo_sapiens/SRX6812456.h5ad,skip,cell_type_all_missing,
SRX6812462,arc-institute-virtual-cell-atlas/scbasecount/2026-01-12/h5ad/GeneFull/Homo_sapiens/SRX6812462.h5ad,skip,cell_type_all_missing,
SRX6812459,arc-institute-virtual-cell-atlas/scbasecount/2026-01-12/h5ad/GeneFull/Homo_sapiens/SRX6812459.h5ad,skip,cell_type_all_missing,
SRX29130823,arc-institute-virtual-cell-atlas/scbasecount/2026-01-12/h5ad/GeneFull/Homo_sapiens/SRX29130823.h5ad,skip,cell_type_all_missing,
SRX29130822,arc-institute-virtual-cell-atlas/scbasecount/2026-01-12/h5ad/GeneFull/Homo_sapiens/SRX29130822.h5ad,skip,cell_type_all_missing,
SRX29130825,arc-institute-virtual-cell-atlas/scbasecount/2026-01-12/h5ad/GeneFull/Homo_sapiens/SRX29130825.h5ad,skip,cell_type_all_missing,
SRX29130834,arc-institute-virtual-cell-atlas/scbasecount/2026-01-12/h5ad/GeneFull/Homo_sapiens/SRX29130834.h5ad,skip,cell_type_all_missing,
ERX12558782,arc-institute-virtual-cell-atlas/scbasecount/2026-01-12/h5ad/GeneFull/Homo_sapiens/ERX12558782.h5ad,skip,excessive_cell_dropout,
ERX9138787,arc-institute-virtual-cell-atlas/scbasecount/2026-01-12/h5ad/GeneFull/Homo_sapiens/ERX9138787.h5ad,skip,cell_type_all_missing,
ERX12558795,arc-institute-virtual-cell-atlas/scbasecount/2026-01-12/h5ad/GeneFull/Homo_sapiens/ERX12558795.h5ad,skip,cell_type_all_missing,
ERX9138805,arc-institute-virtual-cell-atlas/scbasecount/2026-01-12/h5ad/GeneFull/Homo_sapiens/ERX9138805.h5ad,skip,excessive_cell_dropout,
ERX9138738,arc-institute-virtual-cell-atlas/scbasecount/2026-01-12/h5ad/GeneFull/Homo_sapiens/ERX9138738.h5ad,skip,cell_type_all_missing,
SRX5329388,arc-institute-virtual-cell-atlas/scbasecount/2026-01-12/h5ad/GeneFull/Homo_sapiens/SRX5329388.h5ad,skip,cell_type_all_missing,
ERX12558776,arc-institute-virtual-cell-atlas/scbasecount/2026-01-12/h5ad/GeneFull/Homo_sapiens/ERX12558776.h5ad,skip,excessive_cell_dropout,
ERX9138871,arc-institute-virtual-cell-atlas/scbasecount/2026-01-12/h5ad/GeneFull/Homo_sapiens/ERX9138871.h5ad,skip,cell_type_all_missing,
ERX9138867,arc-institute-virtual-cell-atlas/scbasecount/2026-01-12/h5ad/GeneFull/Homo_sapiens/ERX9138867.h5ad,skip,cell_type_all_missing,
SRX11169657,arc-institute-virtual-cell-atlas/scbasecount/2026-01-12/h5ad/GeneFull/Homo_sapiens/SRX11169657.h5ad,skip,cell_type_all_missing,
ERX12558793,arc-institute-virtual-cell-atlas/scbasecount/2026-01-12/h5ad/GeneFull/Homo_sapiens/ERX12558793.h5ad,skip,cell_type_all_missing,
ERX9138888,arc-institute-virtual-cell-atlas/scbasecount/2026-01-12/h5ad/GeneFull/Homo_sapiens/ERX9138888.h5ad,skip,too_few_cells,
ERX9138869,arc-institute-virtual-cell-atlas/scbasecount/2026-01-12/h5ad/GeneFull/Homo_sapiens/ERX9138869.h5ad,skip,cell_type_all_missing,
ERX9138862,arc-institute-virtual-cell-atlas/scbasecount/2026-01-12/h5ad/GeneFull/Homo_sapiens/ERX9138862.h5ad,skip,excessive_cell_dropout,
SRX6726375,arc-institute-virtual-cell-atlas/scbasecount/2026-01-12/h5ad/GeneFull/Homo_sapiens/SRX6726375.h5ad,skip,cell_type_all_missing,
SRX19352021,arc-institute-virtual-cell-atlas/scbasecount/2026-01-12/h5ad/GeneFull/Homo_sapiens/SRX19352021.h5ad,skip,cell_type_all_missing,
SRX6726367,arc-institute-virtual-cell-atlas/scbasecount/2026-01-12/h5ad/GeneFull/Homo_sapiens/SRX6726367.h5ad,skip,cell_type_all_missing,
ERX9138845,arc-institute-virtual-cell-atlas/scbasecount/2026-01-12/h5ad/GeneFull/Homo_sapiens/ERX9138845.h5ad,skip,cell_type_all_missing,
ERX9138808,arc-institute-virtual-cell-atlas/scbasecount/2026-01-12/h5ad/GeneFull/Homo_sapiens/ERX9138808.h5ad,skip,cell_type_all_missing,
ERX12558773,arc-institute-virtual-cell-atlas/scbasecount/2026-01-12/h5ad/GeneFull/Homo_sapiens/ERX12558773.h5ad,skip,cell_type_all_missing,
ERX12558765,arc-institute-virtual-cell-atlas/scbasecount/2026-01-12/h5ad/GeneFull/Homo_sapiens/ERX12558765.h5ad,skip,cell_type_all_missing,
ERX9138798,arc-institute-virtual-cell-atlas/scbasecount/2026-01-12/h5ad/GeneFull/Homo_sapiens/ERX9138798.h5ad,skip,cell_type_all_missing,
ERX9138761,arc-institute-virtual-cell-atlas/scbasecount/2026-01-12/h5ad/GeneFull/Homo_sapiens/ERX9138761.h5ad,skip,cell_type_all_missing,
SRX7347526,arc-institute-virtual-cell-atlas/scbasecount/2026-01-12/h5ad/GeneFull/Homo_sapiens/SRX7347526.h5ad,skip,cell_type_all_missing,
ERX12558780,arc-institute-virtual-cell-atlas/scbasecount/2026-01-12/h5ad/GeneFull/Homo_sapiens/ERX12558780.h5ad,skip,cell_type_all_missing,
SRX5329391,arc-institute-virtual-cell-atlas/scbasecount/2026-01-12/h5ad/GeneFull/Homo_sapiens/SRX5329391.h5ad,skip,cell_type_all_missing,
SRX7347533,arc-institute-virtual-cell-atlas/scbasecount/2026-01-12/h5ad/GeneFull/Homo_sapiens/SRX7347533.h5ad,skip,cell_type_all_missing,
ERX9138903,arc-institute-virtual-cell-atlas/scbasecount/2026-01-12/h5ad/GeneFull/Homo_sapiens/ERX9138903.h5ad,skip,excessive_cell_dropout,
ERX9138803,arc-institute-virtual-cell-atlas/scbasecount/2026-01-12/h5ad/GeneFull/Homo_sapiens/ERX9138803.h5ad,skip,cell_type_all_missing,
ERX9138847,arc-institute-virtual-cell-atlas/scbasecount/2026-01-12/h5ad/GeneFull/Homo_sapiens/ERX9138847.h5ad,skip,cell_type_all_missing,
ERX12558785,arc-institute-virtual-cell-atlas/scbasecount/2026-01-12/h5ad/GeneFull/Homo_sapiens/ERX12558785.h5ad,skip,excessive_cell_dropout,
ERX9138865,arc-institute-virtual-cell-atlas/scbasecount/2026-01-12/h5ad/GeneFull/Homo_sapiens/ERX9138865.h5ad,skip,cell_type_all_missing,
ERX9138832,arc-institute-virtual-cell-atlas/scbasecount/2026-01-12/h5ad/GeneFull/Homo_sapiens/ERX9138832.h5ad,skip,excessive_cell_dropout,
ERX9138778,arc-institute-virtual-cell-atlas/scbasecount/2026-01-12/h5ad/GeneFull/Homo_sapiens/ERX9138778.h5ad,skip,cell_type_all_missing,
ERX9138840,arc-institute-virtual-cell-atlas/scbasecount/2026-01-12/h5ad/GeneFull/Homo_sapiens/ERX9138840.h5ad,skip,excessive_cell_dropout,
ERX9138744,arc-institute-virtual-cell-atlas/scbasecount/2026-01-12/h5ad/GeneFull/Homo_sapiens/ERX9138744.h5ad,skip,cell_type_all_missing,
SRX6726370,arc-institute-virtual-cell-atlas/scbasecount/2026-01-12/h5ad/GeneFull/Homo_sapiens/SRX6726370.h5ad,skip,cell_type_all_missing,
ERX9138762,arc-institute-virtual-cell-atlas/scbasecount/2026-01-12/h5ad/GeneFull/Homo_sapiens/ERX9138762.h5ad,skip,cell_type_all_missing,
SRX5329395,arc-institute-virtual-cell-atlas/scbasecount/2026-01-12/h5ad/GeneFull/Homo_sapiens/SRX5329395.h5ad,skip,cell_type_all_missing,
ERX9138817,arc-institute-virtual-cell-atlas/scbasecount/2026-01-12/h5ad/GeneFull/Homo_sapiens/ERX9138817.h5ad,skip,too_few_cells,
ERX9138842,arc-institute-virtual-cell-atlas/scbasecount/2026-01-12/h5ad/GeneFull/Homo_sapiens/ERX9138842.h5ad,skip,cell_type_all_missing,
ERX9138752,arc-institute-virtual-cell-atlas/scbasecount/2026-01-12/h5ad/GeneFull/Homo_sapiens/ERX9138752.h5ad,skip,cell_type_all_missing,
ERX12558808,arc-institute-virtual-cell-atlas/scbasecount/2026-01-12/h5ad/GeneFull/Homo_sapiens/ERX12558808.h5ad,skip,excessive_cell_dropout,
SRX7347530,arc-institute-virtual-cell-atlas/scbasecount/2026-01-12/h5ad/GeneFull/Homo_sapiens/SRX7347530.h5ad,skip,cell_type_all_missing,
ERX12558763,arc-institute-virtual-cell-atlas/scbasecount/2026-01-12/h5ad/GeneFull/Homo_sapiens/ERX12558763.h5ad,skip,cell_type_all_missing,
SRX6726373,arc-institute-virtual-cell-atlas/scbasecount/2026-01-12/h5ad/GeneFull/Homo_sapiens/SRX6726373.h5ad,skip,cell_type_all_missing,
ERX12558792,arc-institute-virtual-cell-atlas/scbasecount/2026-01-12/h5ad/GeneFull/Homo_sapiens/ERX12558792.h5ad,skip,cell_type_all_missing,
ERX9138816,arc-institute-virtual-cell-atlas/scbasecount/2026-01-12/h5ad/GeneFull/Homo_sapiens/ERX9138816.h5ad,skip,excessive_cell_dropout,
ERX12558758,arc-institute-virtual-cell-atlas/scbasecount/2026-01-12/h5ad/GeneFull/Homo_sapiens/ERX12558758.h5ad,skip,cell_type_all_missing,
ERX9138870,arc-institute-virtual-cell-atlas/scbasecount/2026-01-12/h5ad/GeneFull/Homo_sapiens/ERX9138870.h5ad,skip,cell_type_all_missing,
ERX12558757,arc-institute-virtual-cell-atlas/scbasecount/2026-01-12/h5ad/GeneFull/Homo_sapiens/ERX12558757.h5ad,skip,cell_type_all_missing,
ERX9138828,arc-institute-virtual-cell-atlas/scbasecount/2026-01-12/h5ad/GeneFull/Homo_sapiens/ERX9138828.h5ad,skip,excessive_cell_dropout,
ERX12558760,arc-institute-virtual-cell-atlas/scbasecount/2026-01-12/h5ad/GeneFull/Homo_sapiens/ERX12558760.h5ad,skip,cell_type_all_missing,
ERX9138827,arc-institute-virtual-cell-atlas/scbasecount/2026-01-12/h5ad/GeneFull/Homo_sapiens/ERX9138827.h5ad,skip,too_few_cells,
SRX6726368,arc-institute-virtual-cell-atlas/scbasecount/2026-01-12/h5ad/GeneFull/Homo_sapiens/SRX6726368.h5ad,skip,cell_type_all_missing,
SRX5329392,arc-institute-virtual-cell-atlas/scbasecount/2026-01-12/h5ad/GeneFull/Homo_sapiens/SRX5329392.h5ad,skip,cell_type_all_missing,
SRX5329382,arc-institute-virtual-cell-atlas/scbasecount/2026-01-12/h5ad/GeneFull/Homo_sapiens/SRX5329382.h5ad,skip,cell_type_all_missing,
ERX12558800,arc-institute-virtual-cell-atlas/scbasecount/2026-01-12/h5ad/GeneFull/Homo_sapiens/ERX12558800.h5ad,skip,too_few_cells,
ERX9138876,arc-institute-virtual-cell-atlas/scbasecount/2026-01-12/h5ad/GeneFull/Homo_sapiens/ERX9138876.h5ad,skip,cell_type_all_missing,
SRX6726377,arc-institute-virtual-cell-atlas/scbasecount/2026-01-12/h5ad/GeneFull/Homo_sapiens/SRX6726377.h5ad,skip,cell_type_all_missing,
ERX9138819,arc-institute-virtual-cell-atlas/scbasecount/2026-01-12/h5ad/GeneFull/Homo_sapiens/ERX9138819.h5ad,skip,too_few_cells,
ERX12558789,arc-institute-virtual-cell-atlas/scbasecount/2026-01-12/h5ad/GeneFull/Homo_sapiens/ERX12558789.h5ad,skip,cell_type_all_missing,
ERX9138772,arc-institute-virtual-cell-atlas/scbasecount/2026-01-12/h5ad/GeneFull/Homo_sapiens/ERX9138772.h5ad,skip,cell_type_all_missing,
ERX9138792,arc-institute-virtual-cell-atlas/scbasecount/2026-01-12/h5ad/GeneFull/Homo_sapiens/ERX9138792.h5ad,skip,cell_type_all_missing,
ERX12558809,arc-institute-virtual-cell-atlas/scbasecount/2026-01-12/h5ad/GeneFull/Homo_sapiens/ERX12558809.h5ad,skip,excessive_cell_dropout,
ERX9138799,arc-institute-virtual-cell-atlas/scbasecount/2026-01-12/h5ad/GeneFull/Homo_sapiens/ERX9138799.h5ad,skip,cell_type_all_missing,
SRX6726381,arc-institute-virtual-cell-atlas/scbasecount/2026-01-12/h5ad/GeneFull/Homo_sapiens/SRX6726381.h5ad,skip,cell_type_all_missing,
ERX12558766,arc-institute-virtual-cell-atlas/scbasecount/2026-01-12/h5ad/GeneFull/Homo_sapiens/ERX12558766.h5ad,skip,cell_type_all_missing,
SRX7347529,arc-institute-virtual-cell-atlas/scbasecount/2026-01-12/h5ad/GeneFull/Homo_sapiens/SRX7347529.h5ad,skip,cell_type_all_missing,
ERX9138797,arc-institute-virtual-cell-atlas/scbasecount/2026-01-12/h5ad/GeneFull/Homo_sapiens/ERX9138797.h5ad,skip,cell_type_all_missing,
ERX9138746,arc-institute-virtual-cell-atlas/scbasecount/2026-01-12/h5ad/GeneFull/Homo_sapiens/ERX9138746.h5ad,skip,cell_type_all_missing,
SRX7347534,arc-institute-virtual-cell-atlas/scbasecount/2026-01-12/h5ad/GeneFull/Homo_sapiens/SRX7347534.h5ad,skip,cell_type_all_missing,
SRX6726385,arc-institute-virtual-cell-atlas/scbasecount/2026-01-12/h5ad/GeneFull/Homo_sapiens/SRX6726385.h5ad,skip,cell_type_all_missing,
ERX12558799,arc-institute-virtual-cell-atlas/scbasecount/2026-01-12/h5ad/GeneFull/Homo_sapiens/ERX12558799.h5ad,skip,too_few_cells,
SRX6726382,arc-institute-virtual-cell-atlas/scbasecount/2026-01-12/h5ad/GeneFull/Homo_sapiens/SRX6726382.h5ad,skip,cell_type_all_missing,
ERX9138810,arc-institute-virtual-cell-atlas/scbasecount/2026-01-12/h5ad/GeneFull/Homo_sapiens/ERX9138810.h5ad,skip,cell_type_all_missing,
SRX7347527,arc-institute-virtual-cell-atlas/scbasecount/2026-01-12/h5ad/GeneFull/Homo_sapiens/SRX7347527.h5ad,skip,cell_type_all_missing,
ERX9138739,arc-institute-virtual-cell-atlas/scbasecount/2026-01-12/h5ad/GeneFull/Homo_sapiens/ERX9138739.h5ad,skip,excessive_cell_dropout,
ERX9138782,arc-institute-virtual-cell-atlas/scbasecount/2026-01-12/h5ad/GeneFull/Homo_sapiens/ERX9138782.h5ad,skip,cell_type_all_missing,
ERX9138785,arc-institute-virtual-cell-atlas/scbasecount/2026-01-12/h5ad/GeneFull/Homo_sapiens/ERX9138785.h5ad,skip,cell_type_all_missing,
ERX9138833,arc-institute-virtual-cell-atlas/scbasecount/2026-01-12/h5ad/GeneFull/Homo_sapiens/ERX9138833.h5ad,skip,cell_type_all_missing,
ERX12558774,arc-institute-virtual-cell-atlas/scbasecount/2026-01-12/h5ad/GeneFull/Homo_sapiens/ERX12558774.h5ad,skip,cell_type_all_missing,
ERX9138768,arc-institute-virtual-cell-atlas/scbasecount/2026-01-12/h5ad/GeneFull/Homo_sapiens/ERX9138768.h5ad,skip,cell_type_all_missing,
SRX6726376,arc-institute-virtual-cell-atlas/scbasecount/2026-01-12/h5ad/GeneFull/Homo_sapiens/SRX6726376.h5ad,skip,cell_type_all_missing,
ERX9138875,arc-institute-virtual-cell-atlas/scbasecount/2026-01-12/h5ad/GeneFull/Homo_sapiens/ERX9138875.h5ad,skip,cell_type_all_missing,
ERX9138897,arc-institute-virtual-cell-atlas/scbasecount/2026-01-12/h5ad/GeneFull/Homo_sapiens/ERX9138897.h5ad,skip,cell_type_all_missing,
ERX12558772,arc-institute-virtual-cell-atlas/scbasecount/2026-01-12/h5ad/GeneFull/Homo_sapiens/ERX12558772.h5ad,skip,cell_type_all_missing,
ERX9138854,arc-institute-virtual-cell-atlas/scbasecount/2026-01-12/h5ad/GeneFull/Homo_sapiens/ERX9138854.h5ad,skip,cell_type_all_missing,
SRX6726386,arc-institute-virtual-cell-atlas/scbasecount/2026-01-12/h5ad/GeneFull/Homo_sapiens/SRX6726386.h5ad,skip,cell_type_all_missing,
SRX6726378,arc-institute-virtual-cell-atlas/scbasecount/2026-01-12/h5ad/GeneFull/Homo_sapiens/SRX6726378.h5ad,skip,cell_type_all_missing,
SRX6726396,arc-institute-virtual-cell-atlas/scbasecount/2026-01-12/h5ad/GeneFull/Homo_sapiens/SRX6726396.h5ad,skip,cell_type_all_missing,
ERX9138773,arc-institute-virtual-cell-atlas/scbasecount/2026-01-12/h5ad/GeneFull/Homo_sapiens/ERX9138773.h5ad,skip,too_few_cells,
SRX6726395,arc-institute-virtual-cell-atlas/scbasecount/2026-01-12/h5ad/GeneFull/Homo_sapiens/SRX6726395.h5ad,skip,cell_type_all_missing,
ERX9138863,arc-institute-virtual-cell-atlas/scbasecount/2026-01-12/h5ad/GeneFull/Homo_sapiens/ERX9138863.h5ad,skip,excessive_cell_dropout,
ERX12558784,arc-institute-virtual-cell-atlas/scbasecount/2026-01-12/h5ad/GeneFull/Homo_sapiens/ERX12558784.h5ad,skip,too_few_cells,
SRX6726380,arc-institute-virtual-cell-atlas/scbasecount/2026-01-12/h5ad/GeneFull/Homo_sapiens/SRX6726380.h5ad,skip,cell_type_all_missing,
ERX9138763,arc-institute-virtual-cell-atlas/scbasecount/2026-01-12/h5ad/GeneFull/Homo_sapiens/ERX9138763.h5ad,skip,cell_type_all_missing,
ERX9138769,arc-institute-virtual-cell-atlas/scbasecount/2026-01-12/h5ad/GeneFull/Homo_sapiens/ERX9138769.h5ad,skip,cell_type_all_missing,
ERX12558815,arc-institute-virtual-cell-atlas/scbasecount/2026-01-12/h5ad/GeneFull/Homo_sapiens/ERX12558815.h5ad,skip,cell_type_all_missing,
ERX9138824,arc-institute-virtual-cell-atlas/scbasecount/2026-01-12/h5ad/GeneFull/Homo_sapiens/ERX9138824.h5ad,skip,excessive_cell_dropout,
ERX12558777,arc-institute-virtual-cell-atlas/scbasecount/2026-01-12/h5ad/GeneFull/Homo_sapiens/ERX12558777.h5ad,skip,excessive_cell_dropout,
ERX9138892,arc-institute-virtual-cell-atlas/scbasecount/2026-01-12/h5ad/GeneFull/Homo_sapiens/ERX9138892.h5ad,skip,cell_type_all_missing,
ERX9138873,arc-institute-virtual-cell-atlas/scbasecount/2026-01-12/h5ad/GeneFull/Homo_sapiens/ERX9138873.h5ad,skip,cell_type_all_missing,
ERX9138822,arc-institute-virtual-cell-atlas/scbasecount/2026-01-12/h5ad/GeneFull/Homo_sapiens/ERX9138822.h5ad,skip,cell_type_all_missing,
ERX9138856,arc-institute-virtual-cell-atlas/scbasecount/2026-01-12/h5ad/GeneFull/Homo_sapiens/ERX9138856.h5ad,skip,excessive_cell_dropout,
SRX7347537,arc-institute-virtual-cell-atlas/scbasecount/2026-01-12/h5ad/GeneFull/Homo_sapiens/SRX7347537.h5ad,skip,cell_type_all_missing,
ERX12558779,arc-institute-virtual-cell-atlas/scbasecount/2026-01-12/h5ad/GeneFull/Homo_sapiens/ERX12558779.h5ad,skip,cell_type_all_missing,
ERX9138804,arc-institute-virtual-cell-atlas/scbasecount/2026-01-12/h5ad/GeneFull/Homo_sapiens/ERX9138804.h5ad,skip,too_few_cells,
ERX9138757,arc-institute-virtual-cell-atlas/scbasecount/2026-01-12/h5ad/GeneFull/Homo_sapiens/ERX9138757.h5ad,skip,too_few_cells,
ERX9138800,arc-institute-virtual-cell-atlas/scbasecount/2026-01-12/h5ad/GeneFull/Homo_sapiens/ERX9138800.h5ad,skip,excessive_cell_dropout,
ERX9138751,arc-institute-virtual-cell-atlas/scbasecount/2026-01-12/h5ad/GeneFull/Homo_sapiens/ERX9138751.h5ad,skip,cell_type_all_missing,
ERX12558764,arc-institute-virtual-cell-atlas/scbasecount/2026-01-12/h5ad/GeneFull/Homo_sapiens/ERX12558764.h5ad,skip,cell_type_all_missing,
SRX6726379,arc-institute-virtual-cell-atlas/scbasecount/2026-01-12/h5ad/GeneFull/Homo_sapiens/SRX6726379.h5ad,skip,cell_type_all_missing,
SRX5329389,arc-institute-virtual-cell-atlas/scbasecount/2026-01-12/h5ad/GeneFull/Homo_sapiens/SRX5329389.h5ad,skip,cell_type_all_missing,
ERX12558798,arc-institute-virtual-cell-atlas/scbasecount/2026-01-12/h5ad/GeneFull/Homo_sapiens/ERX12558798.h5ad,skip,cell_type_all_missing,
ERX9138790,arc-institute-virtual-cell-atlas/scbasecount/2026-01-12/h5ad/GeneFull/Homo_sapiens/ERX9138790.h5ad,skip,cell_type_all_missing,
SRX6726388,arc-institute-virtual-cell-atlas/scbasecount/2026-01-12/h5ad/GeneFull/Homo_sapiens/SRX6726388.h5ad,skip,cell_type_all_missing,
SRX6726383,arc-institute-virtual-cell-atlas/scbasecount/2026-01-12/h5ad/GeneFull/Homo_sapiens/SRX6726383.h5ad,skip,cell_type_all_missing,
ERX12558810,arc-institute-virtual-cell-atlas/scbasecount/2026-01-12/h5ad/GeneFull/Homo_sapiens/ERX12558810.h5ad,skip,cell_type_all_missing,
SRX6726392,arc-institute-virtual-cell-atlas/scbasecount/2026-01-12/h5ad/GeneFull/Homo_sapiens/SRX6726392.h5ad,skip,cell_type_all_missing,
SRX6726387,arc-institute-virtual-cell-atlas/scbasecount/2026-01-12/h5ad/GeneFull/Homo_sapiens/SRX6726387.h5ad,skip,cell_type_all_missing,
ERX9138750,arc-institute-virtual-cell-atlas/scbasecount/2026-01-12/h5ad/GeneFull/Homo_sapiens/ERX9138750.h5ad,skip,cell_type_all_missing,
ERX9138789,arc-institute-virtual-cell-atlas/scbasecount/2026-01-12/h5ad/GeneFull/Homo_sapiens/ERX9138789.h5ad,skip,cell_type_all_missing,
ERX12558762,arc-institute-virtual-cell-atlas/scbasecount/2026-01-12/h5ad/GeneFull/Homo_sapiens/ERX12558762.h5ad,skip,cell_type_all_missing,
SRX6726393,arc-institute-virtual-cell-atlas/scbasecount/2026-01-12/h5ad/GeneFull/Homo_sapiens/SRX6726393.h5ad,skip,cell_type_all_missing,
ERX12558794,arc-institute-virtual-cell-atlas/scbasecount/2026-01-12/h5ad/GeneFull/Homo_sapiens/ERX12558794.h5ad,skip,cell_type_all_missing,
SRX6726398,arc-institute-virtual-cell-atlas/scbasecount/2026-01-12/h5ad/GeneFull/Homo_sapiens/SRX6726398.h5ad,skip,cell_type_all_missing,
ERX9138861,arc-institute-virtual-cell-atlas/scbasecount/2026-01-12/h5ad/GeneFull/Homo_sapiens/ERX9138861.h5ad,skip,cell_type_all_missing,
SRX11169659,arc-institute-virtual-cell-atlas/scbasecount/2026-01-12/h5ad/GeneFull/Homo_sapiens/SRX11169659.h5ad,skip,cell_type_all_missing,
ERX9138793,arc-institute-virtual-cell-atlas/scbasecount/2026-01-12/h5ad/GeneFull/Homo_sapiens/ERX9138793.h5ad,skip,cell_type_all_missing,
ERX9138826,arc-institute-virtual-cell-atlas/scbasecount/2026-01-12/h5ad/GeneFull/Homo_sapiens/ERX9138826.h5ad,skip,excessive_cell_dropout,
ERX12558787,arc-institute-virtual-cell-atlas/scbasecount/2026-01-12/h5ad/GeneFull/Homo_sapiens/ERX12558787.h5ad,skip,too_few_cells,
ERX9138779,arc-institute-virtual-cell-atlas/scbasecount/2026-01-12/h5ad/GeneFull/Homo_sapiens/ERX9138779.h5ad,skip,cell_type_all_missing,
ERX9138839,arc-institute-virtual-cell-atlas/scbasecount/2026-01-12/h5ad/GeneFull/Homo_sapiens/ERX9138839.h5ad,skip,cell_type_all_missing,
ERX9138764,arc-institute-virtual-cell-atlas/scbasecount/2026-01-12/h5ad/GeneFull/Homo_sapiens/ERX9138764.h5ad,skip,cell_type_all_missing,
ERX9138887,arc-institute-virtual-cell-atlas/scbasecount/2026-01-12/h5ad/GeneFull/Homo_sapiens/ERX9138887.h5ad,skip,cell_type_all_missing,
ERX9138811,arc-institute-virtual-cell-atlas/scbasecount/2026-01-12/h5ad/GeneFull/Homo_sapiens/ERX9138811.h5ad,skip,excessive_cell_dropout,
ERX9138883,arc-institute-virtual-cell-atlas/scbasecount/2026-01-12/h5ad/GeneFull/Homo_sapiens/ERX9138883.h5ad,skip,cell_type_all_missing,
ERX9138771,arc-institute-virtual-cell-atlas/scbasecount/2026-01-12/h5ad/GeneFull/Homo_sapiens/ERX9138771.h5ad,skip,excessive_cell_dropout,
ERX9138758,arc-institute-virtual-cell-atlas/scbasecount/2026-01-12/h5ad/GeneFull/Homo_sapiens/ERX9138758.h5ad,skip,excessive_cell_dropout,
ERX9138745,arc-institute-virtual-cell-atlas/scbasecount/2026-01-12/h5ad/GeneFull/Homo_sapiens/ERX9138745.h5ad,skip,cell_type_all_missing,
SRX6726390,arc-institute-virtual-cell-atlas/scbasecount/2026-01-12/h5ad/GeneFull/Homo_sapiens/SRX6726390.h5ad,skip,cell_type_all_missing,
ERX9138880,arc-institute-virtual-cell-atlas/scbasecount/2026-01-12/h5ad/GeneFull/Homo_sapiens/ERX9138880.h5ad,skip,cell_type_all_missing,
ERX9138848,arc-institute-virtual-cell-atlas/scbasecount/2026-01-12/h5ad/GeneFull/Homo_sapiens/ERX9138848.h5ad,skip,too_few_cells,
ERX9138737,arc-institute-virtual-cell-atlas/scbasecount/2026-01-12/h5ad/GeneFull/Homo_sapiens/ERX9138737.h5ad,skip,cell_type_all_missing,
ERX9138877,arc-institute-virtual-cell-atlas/scbasecount/2026-01-12/h5ad/GeneFull/Homo_sapiens/ERX9138877.h5ad,skip,cell_type_all_missing,
ERX9138815,arc-institute-virtual-cell-atlas/scbasecount/2026-01-12/h5ad/GeneFull/Homo_sapiens/ERX9138815.h5ad,skip,cell_type_all_missing,
ERX12558791,arc-institute-virtual-cell-atlas/scbasecount/2026-01-12/h5ad/GeneFull/Homo_sapiens/ERX12558791.h5ad,skip,excessive_cell_dropout,
ERX9138795,arc-institute-virtual-cell-atlas/scbasecount/2026-01-12/h5ad/GeneFull/Homo_sapiens/ERX9138795.h5ad,skip,cell_type_all_missing,
ERX9138866,arc-institute-virtual-cell-atlas/scbasecount/2026-01-12/h5ad/GeneFull/Homo_sapiens/ERX9138866.h5ad,skip,cell_type_all_missing,
SRX7347528,arc-institute-virtual-cell-atlas/scbasecount/2026-01-12/h5ad/GeneFull/Homo_sapiens/SRX7347528.h5ad,skip,cell_type_all_missing,
ERX12558781,arc-institute-virtual-cell-atlas/scbasecount/2026-01-12/h5ad/GeneFull/Homo_sapiens/ERX12558781.h5ad,skip,cell_type_all_missing,
ERX9138894,arc-institute-virtual-cell-atlas/scbasecount/2026-01-12/h5ad/GeneFull/Homo_sapiens/ERX9138894.h5ad,skip,cell_type_all_missing,
ERX9138743,arc-institute-virtual-cell-atlas/scbasecount/2026-01-12/h5ad/GeneFull/Homo_sapiens/ERX9138743.h5ad,skip,cell_type_all_missing,
SRX6726397,arc-institute-virtual-cell-atlas/scbasecount/2026-01-12/h5ad/GeneFull/Homo_sapiens/SRX6726397.h5ad,skip,cell_type_all_missing,
ERX9138860,arc-institute-virtual-cell-atlas/scbasecount/2026-01-12/h5ad/GeneFull/Homo_sapiens/ERX9138860.h5ad,skip,cell_type_all_missing,
ERX9138786,arc-institute-virtual-cell-atlas/scbasecount/2026-01-12/h5ad/GeneFull/Homo_sapiens/ERX9138786.h5ad,skip,cell_type_all_missing,
ERX9138742,arc-institute-virtual-cell-atlas/scbasecount/2026-01-12/h5ad/GeneFull/Homo_sapiens/ERX9138742.h5ad,skip,cell_type_all_missing,
ERX12558797,arc-institute-virtual-cell-atlas/scbasecount/2026-01-12/h5ad/GeneFull/Homo_sapiens/ERX12558797.h5ad,skip,excessive_cell_dropout,
ERX9138879,arc-institute-virtual-cell-atlas/scbasecount/2026-01-12/h5ad/GeneFull/Homo_sapiens/ERX9138879.h5ad,skip,excessive_cell_dropout,
SRX6726394,arc-institute-virtual-cell-atlas/scbasecount/2026-01-12/h5ad/GeneFull/Homo_sapiens/SRX6726394.h5ad,skip,cell_type_all_missing,
SRX6726389,arc-institute-virtual-cell-atlas/scbasecount/2026-01-12/h5ad/GeneFull/Homo_sapiens/SRX6726389.h5ad,skip,cell_type_all_missing,
ERX12558759,arc-institute-virtual-cell-atlas/scbasecount/2026-01-12/h5ad/GeneFull/Homo_sapiens/ERX12558759.h5ad,skip,cell_type_all_missing,
ERX9138765,arc-institute-virtual-cell-atlas/scbasecount/2026-01-12/h5ad/GeneFull/Homo_sapiens/ERX9138765.h5ad,skip,excessive_cell_dropout,
ERX12558812,arc-institute-virtual-cell-atlas/scbasecount/2026-01-12/h5ad/GeneFull/Homo_sapiens/ERX12558812.h5ad,skip,cell_type_all_missing,
SRX6726384,arc-institute-virtual-cell-atlas/scbasecount/2026-01-12/h5ad/GeneFull/Homo_sapiens/SRX6726384.h5ad,skip,cell_type_all_missing,
ERX12558788,arc-institute-virtual-cell-atlas/scbasecount/2026-01-12/h5ad/GeneFull/Homo_sapiens/ERX12558788.h5ad,skip,cell_type_all_missing,
ERX9138783,arc-institute-virtual-cell-atlas/scbasecount/2026-01-12/h5ad/GeneFull/Homo_sapiens/ERX9138783.h5ad,skip,cell_type_all_missing,
SRX6726391,arc-institute-virtual-cell-atlas/scbasecount/2026-01-12/h5ad/GeneFull/Homo_sapiens/SRX6726391.h5ad,skip,cell_type_all_missing,
ERX9138859,arc-institute-virtual-cell-atlas/scbasecount/2026-01-12/h5ad/GeneFull/Homo_sapiens/ERX9138859.h5ad,skip,excessive_cell_dropout,
ERX12558783,arc-institute-virtual-cell-atlas/scbasecount/2026-01-12/h5ad/GeneFull/Homo_sapiens/ERX12558783.h5ad,skip,too_few_cells,
ERX9138898,arc-institute-virtual-cell-atlas/scbasecount/2026-01-12/h5ad/GeneFull/Homo_sapiens/ERX9138898.h5ad,skip,too_few_cells,
ERX9138829,arc-institute-virtual-cell-atlas/scbasecount/2026-01-12/h5ad/GeneFull/Homo_sapiens/ERX9138829.h5ad,skip,cell_type_all_missing,
ERX12558756,arc-institute-virtual-cell-atlas/scbasecount/2026-01-12/h5ad/GeneFull/Homo_sapiens/ERX12558756.h5ad,skip,cell_type_all_missing,
ERX9138781,arc-institute-virtual-cell-atlas/scbasecount/2026-01-12/h5ad/GeneFull/Homo_sapiens/ERX9138781.h5ad,skip,cell_type_all_missing,
ERX9138775,arc-institute-virtual-cell-atlas/scbasecount/2026-01-12/h5ad/GeneFull/Homo_sapiens/ERX9138775.h5ad,skip,excessive_cell_dropout,
ERX9138818,arc-institute-virtual-cell-atlas/scbasecount/2026-01-12/h5ad/GeneFull/Homo_sapiens/ERX9138818.h5ad,skip,cell_type_all_missing,
ERX9138807,arc-institute-virtual-cell-atlas/scbasecount/2026-01-12/h5ad/GeneFull/Homo_sapiens/ERX9138807.h5ad,skip,cell_type_all_missing,
ERX12558775,arc-institute-virtual-cell-atlas/scbasecount/2026-01-12/h5ad/GeneFull/Homo_sapiens/ERX12558775.h5ad,skip,cell_type_all_missing,
ERX12558801,arc-institute-virtual-cell-atlas/scbasecount/2026-01-12/h5ad/GeneFull/Homo_sapiens/ERX12558801.h5ad,skip,too_few_cells,
SRX6726369,arc-institute-virtual-cell-atlas/scbasecount/2026-01-12/h5ad/GeneFull/Homo_sapiens/SRX6726369.h5ad,skip,cell_type_all_missing,
ERX9138857,arc-institute-virtual-cell-atlas/scbasecount/2026-01-12/h5ad/GeneFull/Homo_sapiens/ERX9138857.h5ad,skip,cell_type_all_missing,
ERX9138784,arc-institute-virtual-cell-atlas/scbasecount/2026-01-12/h5ad/GeneFull/Homo_sapiens/ERX9138784.h5ad,skip,cell_type_all_missing,
ERX9138881,arc-institute-virtual-cell-atlas/scbasecount/2026-01-12/h5ad/GeneFull/Homo_sapiens/ERX9138881.h5ad,skip,cell_type_all_missing,
ERX9138796,arc-institute-virtual-cell-atlas/scbasecount/2026-01-12/h5ad/GeneFull/Homo_sapiens/ERX9138796.h5ad,skip,cell_type_all_missing,
ERX9138900,arc-institute-virtual-cell-atlas/scbasecount/2026-01-12/h5ad/GeneFull/Homo_sapiens/ERX9138900.h5ad,skip,excessive_cell_dropout,
ERX9138754,arc-institute-virtual-cell-atlas/scbasecount/2026-01-12/h5ad/GeneFull/Homo_sapiens/ERX9138754.h5ad,skip,cell_type_all_missing,
ERX9138836,arc-institute-virtual-cell-atlas/scbasecount/2026-01-12/h5ad/GeneFull/Homo_sapiens/ERX9138836.h5ad,skip,cell_type_all_missing,
ERX9138830,arc-institute-virtual-cell-atlas/scbasecount/2026-01-12/h5ad/GeneFull/Homo_sapiens/ERX9138830.h5ad,skip,cell_type_all_missing,
ERX12558768,arc-institute-virtual-cell-atlas/scbasecount/2026-01-12/h5ad/GeneFull/Homo_sapiens/ERX12558768.h5ad,skip,cell_type_all_missing,
ERX9138882,arc-institute-virtual-cell-atlas/scbasecount/2026-01-12/h5ad/GeneFull/Homo_sapiens/ERX9138882.h5ad,skip,too_few_cells,
ERX12558767,arc-institute-virtual-cell-atlas/scbasecount/2026-01-12/h5ad/GeneFull/Homo_sapiens/ERX12558767.h5ad,skip,cell_type_all_missing,
ERX9138759,arc-institute-virtual-cell-atlas/scbasecount/2026-01-12/h5ad/GeneFull/Homo_sapiens/ERX9138759.h5ad,skip,cell_type_all_missing,
ERX9138825,arc-institute-virtual-cell-atlas/scbasecount/2026-01-12/h5ad/GeneFull/Homo_sapiens/ERX9138825.h5ad,skip,cell_type_all_missing,
ERX9138885,arc-institute-virtual-cell-atlas/scbasecount/2026-01-12/h5ad/GeneFull/Homo_sapiens/ERX9138885.h5ad,skip,cell_type_all_missing,
ERX9138760,arc-institute-virtual-cell-atlas/scbasecount/2026-01-12/h5ad/GeneFull/Homo_sapiens/ERX9138760.h5ad,skip,too_few_cells,
