position,srx,status,gs_uri,r2_key,md5,timestamp,error
1/1048,SRX19162061,uploaded,gs://arc-institute-virtual-cell-atlas/scbasecount/2026-01-12/h5ad/GeneFull/Homo_sapiens/SRX19162061.h5ad,arc-institute-virtual-cell-atlas/scbasecount/2026-01-12/h5ad/GeneFull/Homo_sapiens/SRX19162061.h5ad,1yWDD1V/azYCkXRQZGQaNw==,2026-07-30 15:01:11,
2/1048,SRX19162060,uploaded,gs://arc-institute-virtual-cell-atlas/scbasecount/2026-01-12/h5ad/GeneFull/Homo_sapiens/SRX19162060.h5ad,arc-institute-virtual-cell-atlas/scbasecount/2026-01-12/h5ad/GeneFull/Homo_sapiens/SRX19162060.h5ad,DfNZddXXTcfMPe6YR1wtgw==,2026-07-30 15:01:13,
3/1048,SRX19162058,uploaded,gs://arc-institute-virtual-cell-atlas/scbasecount/2026-01-12/h5ad/GeneFull/Homo_sapiens/SRX19162058.h5ad,arc-institute-virtual-cell-atlas/scbasecount/2026-01-12/h5ad/GeneFull/Homo_sapiens/SRX19162058.h5ad,TcDAxoXjlFsK/UNVZv+wtg==,2026-07-30 15:01:16,
4/1048,SRX19162062,uploaded,gs://arc-institute-virtual-cell-atlas/scbasecount/2026-01-12/h5ad/GeneFull/Homo_sapiens/SRX19162062.h5ad,arc-institute-virtual-cell-atlas/scbasecount/2026-01-12/h5ad/GeneFull/Homo_sapiens/SRX19162062.h5ad,33rAROfJYAGgAkcL9riKVg==,2026-07-30 15:01:18,
5/1048,SRX19162064,uploaded,gs://arc-institute-virtual-cell-atlas/scbasecount/2026-01-12/h5ad/GeneFull/Homo_sapiens/SRX19162064.h5ad,arc-institute-virtual-cell-atlas/scbasecount/2026-01-12/h5ad/GeneFull/Homo_sapiens/SRX19162064.h5ad,26PQCYr21YeTgJylsCOfJQ==,2026-07-30 15:01:22,
6/1048,SRX19162063,uploaded,gs://arc-institute-virtual-cell-atlas/scbasecount/2026-01-12/h5ad/GeneFull/Homo_sapiens/SRX19162063.h5ad,arc-institute-virtual-cell-atlas/scbasecount/2026-01-12/h5ad/GeneFull/Homo_sapiens/SRX19162063.h5ad,r5GXjqvlsz3YkSL86j8Mhg==,2026-07-30 15:01:24,
7/1048,SRX19233502,uploaded,gs://arc-institute-virtual-cell-atlas/scbasecount/2026-01-12/h5ad/GeneFull/Homo_sapiens/SRX19233502.h5ad,arc-institute-virtual-cell-atlas/scbasecount/2026-01-12/h5ad/GeneFull/Homo_sapiens/SRX19233502.h5ad,ogGl7lGcLRY5slQVa0azmw==,2026-07-30 15:01:26,
8/1048,ERX11662380,uploaded,gs://arc-institute-virtual-cell-atlas/scbasecount/2026-01-12/h5ad/GeneFull/Homo_sapiens/ERX11662380.h5ad,arc-institute-virtual-cell-atlas/scbasecount/2026-01-12/h5ad/GeneFull/Homo_sapiens/ERX11662380.h5ad,0i+CmnX3Kdm6vFjQkMXJRg==,2026-07-30 15:01:42,
9/1048,SRX19780691,uploaded,gs://arc-institute-virtual-cell-atlas/scbasecount/2026-01-12/h5ad/GeneFull/Homo_sapiens/SRX19780691.h5ad,arc-institute-virtual-cell-atlas/scbasecount/2026-01-12/h5ad/GeneFull/Homo_sapiens/SRX19780691.h5ad,DltUfOZqZI44J46nI5TWJg==,2026-07-30 15:01:45,
10/1048,SRX19780690,uploaded,gs://arc-institute-virtual-cell-atlas/scbasecount/2026-01-12/h5ad/GeneFull/Homo_sapiens/SRX19780690.h5ad,arc-institute-virtual-cell-atlas/scbasecount/2026-01-12/h5ad/GeneFull/Homo_sapiens/SRX19780690.h5ad,ZLb2eDP4KMkDNARJeRha7w==,2026-07-30 15:01:48,
11/1048,SRX19780688,uploaded,gs://arc-institute-virtual-cell-atlas/scbasecount/2026-01-12/h5ad/GeneFull/Homo_sapiens/SRX19780688.h5ad,arc-institute-virtual-cell-atlas/scbasecount/2026-01-12/h5ad/GeneFull/Homo_sapiens/SRX19780688.h5ad,JZ+7eu/Bo3iTjjY+b9xrkQ==,2026-07-30 15:01:51,
12/1048,SRX19780694,uploaded,gs://arc-institute-virtual-cell-atlas/scbasecount/2026-01-12/h5ad/GeneFull/Homo_sapiens/SRX19780694.h5ad,arc-institute-virtual-cell-atlas/scbasecount/2026-01-12/h5ad/GeneFull/Homo_sapiens/SRX19780694.h5ad,HKh071OgBBHUedBs8sph+g==,2026-07-30 15:01:53,
13/1048,SRX19162057,uploaded,gs://arc-institute-virtual-cell-atlas/scbasecount/2026-01-12/h5ad/GeneFull/Homo_sapiens/SRX19162057.h5ad,arc-institute-virtual-cell-atlas/scbasecount/2026-01-12/h5ad/GeneFull/Homo_sapiens/SRX19162057.h5ad,rQL/kDx4qF+OkN5anZKanQ==,2026-07-30 15:01:56,
14/1048,SRX18965987,uploaded,gs://arc-institute-virtual-cell-atlas/scbasecount/2026-01-12/h5ad/GeneFull/Homo_sapiens/SRX18965987.h5ad,arc-institute-virtual-cell-atlas/scbasecount/2026-01-12/h5ad/GeneFull/Homo_sapiens/SRX18965987.h5ad,IQwokuHoge4rmYN7gPqJzg==,2026-07-30 15:02:02,
15/1048,SRX23886062,uploaded,gs://arc-institute-virtual-cell-atlas/scbasecount/2026-01-12/h5ad/GeneFull/Homo_sapiens/SRX23886062.h5ad,arc-institute-virtual-cell-atlas/scbasecount/2026-01-12/h5ad/GeneFull/Homo_sapiens/SRX23886062.h5ad,NA+XXuK5SXNwhgRUTg/vwQ==,2026-07-30 15:02:08,
16/1048,SRX23886064,uploaded,gs://arc-institute-virtual-cell-atlas/scbasecount/2026-01-12/h5ad/GeneFull/Homo_sapiens/SRX23886064.h5ad,arc-institute-virtual-cell-atlas/scbasecount/2026-01-12/h5ad/GeneFull/Homo_sapiens/SRX23886064.h5ad,V0AGz2LhOleg6ms5HW3xJg==,2026-07-30 15:02:15,
17/1048,SRX23886065,uploaded,gs://arc-institute-virtual-cell-atlas/scbasecount/2026-01-12/h5ad/GeneFull/Homo_sapiens/SRX23886065.h5ad,arc-institute-virtual-cell-atlas/scbasecount/2026-01-12/h5ad/GeneFull/Homo_sapiens/SRX23886065.h5ad,nbxPzDnLcU7YUGLoV50aBA==,2026-07-30 15:02:28,
18/1048,SRX23886063,uploaded,gs://arc-institute-virtual-cell-atlas/scbasecount/2026-01-12/h5ad/GeneFull/Homo_sapiens/SRX23886063.h5ad,arc-institute-virtual-cell-atlas/scbasecount/2026-01-12/h5ad/GeneFull/Homo_sapiens/SRX23886063.h5ad,F6bKnGnjfnaFJPoify4Hxg==,2026-07-30 15:02:34,
19/1048,SRX23886061,uploaded,gs://arc-institute-virtual-cell-atlas/scbasecount/2026-01-12/h5ad/GeneFull/Homo_sapiens/SRX23886061.h5ad,arc-institute-virtual-cell-atlas/scbasecount/2026-01-12/h5ad/GeneFull/Homo_sapiens/SRX23886061.h5ad,kQbDggrwWgcBGm0FcRbhNw==,2026-07-30 15:02:41,
20/1048,SRX23886066,uploaded,gs://arc-institute-virtual-cell-atlas/scbasecount/2026-01-12/h5ad/GeneFull/Homo_sapiens/SRX23886066.h5ad,arc-institute-virtual-cell-atlas/scbasecount/2026-01-12/h5ad/GeneFull/Homo_sapiens/SRX23886066.h5ad,6jA6Eqc6zqKGMdTOjFbZIw==,2026-07-30 15:02:51,
21/1048,SRX23907174,uploaded,gs://arc-institute-virtual-cell-atlas/scbasecount/2026-01-12/h5ad/GeneFull/Homo_sapiens/SRX23907174.h5ad,arc-institute-virtual-cell-atlas/scbasecount/2026-01-12/h5ad/GeneFull/Homo_sapiens/SRX23907174.h5ad,zWj0Opj0m2As2xMjpBwYhw==,2026-07-30 15:02:54,
22/1048,ERX11876766,uploaded,gs://arc-institute-virtual-cell-atlas/scbasecount/2026-01-12/h5ad/GeneFull/Homo_sapiens/ERX11876766.h5ad,arc-institute-virtual-cell-atlas/scbasecount/2026-01-12/h5ad/GeneFull/Homo_sapiens/ERX11876766.h5ad,3RIULyWVU8Y2ewLYLtnOFw==,2026-07-30 15:02:57,
23/1048,SRX24476193,uploaded,gs://arc-institute-virtual-cell-atlas/scbasecount/2026-01-12/h5ad/GeneFull/Homo_sapiens/SRX24476193.h5ad,arc-institute-virtual-cell-atlas/scbasecount/2026-01-12/h5ad/GeneFull/Homo_sapiens/SRX24476193.h5ad,InmsprsWN+RGvJ3AVTLVfQ==,2026-07-30 15:03:00,
24/1048,SRX26524302,uploaded,gs://arc-institute-virtual-cell-atlas/scbasecount/2026-01-12/h5ad/GeneFull/Homo_sapiens/SRX26524302.h5ad,arc-institute-virtual-cell-atlas/scbasecount/2026-01-12/h5ad/GeneFull/Homo_sapiens/SRX26524302.h5ad,RgrQqWa7DXRcehFkZ7Dr8Q==,2026-07-30 15:03:07,
25/1048,SRX27123183,uploaded,gs://arc-institute-virtual-cell-atlas/scbasecount/2026-01-12/h5ad/GeneFull/Homo_sapiens/SRX27123183.h5ad,arc-institute-virtual-cell-atlas/scbasecount/2026-01-12/h5ad/GeneFull/Homo_sapiens/SRX27123183.h5ad,StaCblH7D776jhdg+O1VWA==,2026-07-30 15:03:17,
26/1048,SRX26524301,uploaded,gs://arc-institute-virtual-cell-atlas/scbasecount/2026-01-12/h5ad/GeneFull/Homo_sapiens/SRX26524301.h5ad,arc-institute-virtual-cell-atlas/scbasecount/2026-01-12/h5ad/GeneFull/Homo_sapiens/SRX26524301.h5ad,EnNNIuAOGvxMuMFjcKCJNQ==,2026-07-30 15:03:26,
27/1048,SRX25319045,uploaded,gs://arc-institute-virtual-cell-atlas/scbasecount/2026-01-12/h5ad/GeneFull/Homo_sapiens/SRX25319045.h5ad,arc-institute-virtual-cell-atlas/scbasecount/2026-01-12/h5ad/GeneFull/Homo_sapiens/SRX25319045.h5ad,1abxuhNs5/sS9D76ffKkVg==,2026-07-30 15:03:37,
28/1048,SRX26487588,uploaded,gs://arc-institute-virtual-cell-atlas/scbasecount/2026-01-12/h5ad/GeneFull/Homo_sapiens/SRX26487588.h5ad,arc-institute-virtual-cell-atlas/scbasecount/2026-01-12/h5ad/GeneFull/Homo_sapiens/SRX26487588.h5ad,skId+pcjio/p42s26b2C1w==,2026-07-30 15:03:48,
29/1048,SRX19907929,uploaded,gs://arc-institute-virtual-cell-atlas/scbasecount/2026-01-12/h5ad/GeneFull/Homo_sapiens/SRX19907929.h5ad,arc-institute-virtual-cell-atlas/scbasecount/2026-01-12/h5ad/GeneFull/Homo_sapiens/SRX19907929.h5ad,Yn207qVqCykQoGPW/tiQIQ==,2026-07-30 15:03:53,
30/1048,SRX26524299,uploaded,gs://arc-institute-virtual-cell-atlas/scbasecount/2026-01-12/h5ad/GeneFull/Homo_sapiens/SRX26524299.h5ad,arc-institute-virtual-cell-atlas/scbasecount/2026-01-12/h5ad/GeneFull/Homo_sapiens/SRX26524299.h5ad,3kyk08A4HT4oqP1JX7Re7Q==,2026-07-30 15:03:59,
31/1048,SRX25261711,uploaded,gs://arc-institute-virtual-cell-atlas/scbasecount/2026-01-12/h5ad/GeneFull/Homo_sapiens/SRX25261711.h5ad,arc-institute-virtual-cell-atlas/scbasecount/2026-01-12/h5ad/GeneFull/Homo_sapiens/SRX25261711.h5ad,Vow82v/5ilrop86RE6+bHg==,2026-07-30 15:04:05,
32/1048,SRX25319046,uploaded,gs://arc-institute-virtual-cell-atlas/scbasecount/2026-01-12/h5ad/GeneFull/Homo_sapiens/SRX25319046.h5ad,arc-institute-virtual-cell-atlas/scbasecount/2026-01-12/h5ad/GeneFull/Homo_sapiens/SRX25319046.h5ad,V8eFIgHh6FTpXRfG7iXWlA==,2026-07-30 15:04:16,
33/1048,SRX25319040,uploaded,gs://arc-institute-virtual-cell-atlas/scbasecount/2026-01-12/h5ad/GeneFull/Homo_sapiens/SRX25319040.h5ad,arc-institute-virtual-cell-atlas/scbasecount/2026-01-12/h5ad/GeneFull/Homo_sapiens/SRX25319040.h5ad,ncRFSbDB1sJ9tFSE3TqcqQ==,2026-07-30 15:04:28,
34/1048,SRX25363536,uploaded,gs://arc-institute-virtual-cell-atlas/scbasecount/2026-01-12/h5ad/GeneFull/Homo_sapiens/SRX25363536.h5ad,arc-institute-virtual-cell-atlas/scbasecount/2026-01-12/h5ad/GeneFull/Homo_sapiens/SRX25363536.h5ad,82wicEyCHfv9ld3nerVg4w==,2026-07-30 15:04:39,
35/1048,SRX23457976,uploaded,gs://arc-institute-virtual-cell-atlas/scbasecount/2026-01-12/h5ad/GeneFull/Homo_sapiens/SRX23457976.h5ad,arc-institute-virtual-cell-atlas/scbasecount/2026-01-12/h5ad/GeneFull/Homo_sapiens/SRX23457976.h5ad,KNz74IFGModJmm4tfZz9Nw==,2026-07-30 15:04:44,
36/1048,SRX20221196,uploaded,gs://arc-institute-virtual-cell-atlas/scbasecount/2026-01-12/h5ad/GeneFull/Homo_sapiens/SRX20221196.h5ad,arc-institute-virtual-cell-atlas/scbasecount/2026-01-12/h5ad/GeneFull/Homo_sapiens/SRX20221196.h5ad,t62U/ZR+tYHn8D62XjgUXg==,2026-07-30 15:04:51,
37/1048,SRX21460121,uploaded,gs://arc-institute-virtual-cell-atlas/scbasecount/2026-01-12/h5ad/GeneFull/Homo_sapiens/SRX21460121.h5ad,arc-institute-virtual-cell-atlas/scbasecount/2026-01-12/h5ad/GeneFull/Homo_sapiens/SRX21460121.h5ad,EetqpKfORiUtPdobt2Adzw==,2026-07-30 15:04:59,
38/1048,SRX20811753,uploaded,gs://arc-institute-virtual-cell-atlas/scbasecount/2026-01-12/h5ad/GeneFull/Homo_sapiens/SRX20811753.h5ad,arc-institute-virtual-cell-atlas/scbasecount/2026-01-12/h5ad/GeneFull/Homo_sapiens/SRX20811753.h5ad,Q0GGLBM21mPaPJ3MQOQKUA==,2026-07-30 15:05:02,
39/1048,SRX25363533,uploaded,gs://arc-institute-virtual-cell-atlas/scbasecount/2026-01-12/h5ad/GeneFull/Homo_sapiens/SRX25363533.h5ad,arc-institute-virtual-cell-atlas/scbasecount/2026-01-12/h5ad/GeneFull/Homo_sapiens/SRX25363533.h5ad,2O1gOuNtDj2RU1hbqOMSXA==,2026-07-30 15:05:08,
40/1048,SRX24312776,uploaded,gs://arc-institute-virtual-cell-atlas/scbasecount/2026-01-12/h5ad/GeneFull/Homo_sapiens/SRX24312776.h5ad,arc-institute-virtual-cell-atlas/scbasecount/2026-01-12/h5ad/GeneFull/Homo_sapiens/SRX24312776.h5ad,hyLTh4k8x544/tjOb0vuiQ==,2026-07-30 15:05:15,
41/1048,SRX25261767,uploaded,gs://arc-institute-virtual-cell-atlas/scbasecount/2026-01-12/h5ad/GeneFull/Homo_sapiens/SRX25261767.h5ad,arc-institute-virtual-cell-atlas/scbasecount/2026-01-12/h5ad/GeneFull/Homo_sapiens/SRX25261767.h5ad,M3zS4SZMLDXKPp95zCg70Q==,2026-07-30 15:05:21,
42/1048,SRX25319037,uploaded,gs://arc-institute-virtual-cell-atlas/scbasecount/2026-01-12/h5ad/GeneFull/Homo_sapiens/SRX25319037.h5ad,arc-institute-virtual-cell-atlas/scbasecount/2026-01-12/h5ad/GeneFull/Homo_sapiens/SRX25319037.h5ad,kMYvscM40uUsA+OwthvLtg==,2026-07-30 15:05:32,
43/1048,SRX23457979,uploaded,gs://arc-institute-virtual-cell-atlas/scbasecount/2026-01-12/h5ad/GeneFull/Homo_sapiens/SRX23457979.h5ad,arc-institute-virtual-cell-atlas/scbasecount/2026-01-12/h5ad/GeneFull/Homo_sapiens/SRX23457979.h5ad,4d+bBXm3LyL6GxXr9c/Mmw==,2026-07-30 15:05:35,
44/1048,SRX22146400,uploaded,gs://arc-institute-virtual-cell-atlas/scbasecount/2026-01-12/h5ad/GeneFull/Homo_sapiens/SRX22146400.h5ad,arc-institute-virtual-cell-atlas/scbasecount/2026-01-12/h5ad/GeneFull/Homo_sapiens/SRX22146400.h5ad,bofckp48Yk6c7nG3d4QTaw==,2026-07-30 15:06:07,
45/1048,SRX25595936,uploaded,gs://arc-institute-virtual-cell-atlas/scbasecount/2026-01-12/h5ad/GeneFull/Homo_sapiens/SRX25595936.h5ad,arc-institute-virtual-cell-atlas/scbasecount/2026-01-12/h5ad/GeneFull/Homo_sapiens/SRX25595936.h5ad,vesg0WrvfAz4Cy8K++OiEQ==,2026-07-30 15:06:14,
46/1048,SRX19907928,uploaded,gs://arc-institute-virtual-cell-atlas/scbasecount/2026-01-12/h5ad/GeneFull/Homo_sapiens/SRX19907928.h5ad,arc-institute-virtual-cell-atlas/scbasecount/2026-01-12/h5ad/GeneFull/Homo_sapiens/SRX19907928.h5ad,L/IfygkDGylB9NbeNEK/fw==,2026-07-30 15:06:22,
47/1048,SRX24312774,uploaded,gs://arc-institute-virtual-cell-atlas/scbasecount/2026-01-12/h5ad/GeneFull/Homo_sapiens/SRX24312774.h5ad,arc-institute-virtual-cell-atlas/scbasecount/2026-01-12/h5ad/GeneFull/Homo_sapiens/SRX24312774.h5ad,+qgOpK930nRLcFhzOY0x3Q==,2026-07-30 15:06:32,
48/1048,SRX23902410,uploaded,gs://arc-institute-virtual-cell-atlas/scbasecount/2026-01-12/h5ad/GeneFull/Homo_sapiens/SRX23902410.h5ad,arc-institute-virtual-cell-atlas/scbasecount/2026-01-12/h5ad/GeneFull/Homo_sapiens/SRX23902410.h5ad,51O7/NskI2c/j9qBAMuHxA==,2026-07-30 15:06:41,
49/1048,SRX21311406,uploaded,gs://arc-institute-virtual-cell-atlas/scbasecount/2026-01-12/h5ad/GeneFull/Homo_sapiens/SRX21311406.h5ad,arc-institute-virtual-cell-atlas/scbasecount/2026-01-12/h5ad/GeneFull/Homo_sapiens/SRX21311406.h5ad,eIdYN+xqsaOM9p4CGaRsbg==,2026-07-30 15:06:46,
50/1048,SRX25261713,uploaded,gs://arc-institute-virtual-cell-atlas/scbasecount/2026-01-12/h5ad/GeneFull/Homo_sapiens/SRX25261713.h5ad,arc-institute-virtual-cell-atlas/scbasecount/2026-01-12/h5ad/GeneFull/Homo_sapiens/SRX25261713.h5ad,U9GsbTQZTPw8K+ai6Md7hw==,2026-07-30 15:06:53,
51/1048,SRX25319041,uploaded,gs://arc-institute-virtual-cell-atlas/scbasecount/2026-01-12/h5ad/GeneFull/Homo_sapiens/SRX25319041.h5ad,arc-institute-virtual-cell-atlas/scbasecount/2026-01-12/h5ad/GeneFull/Homo_sapiens/SRX25319041.h5ad,MS9rnyUlDrbv/D9f58PeWQ==,2026-07-30 15:07:06,
52/1048,SRX25261764,uploaded,gs://arc-institute-virtual-cell-atlas/scbasecount/2026-01-12/h5ad/GeneFull/Homo_sapiens/SRX25261764.h5ad,arc-institute-virtual-cell-atlas/scbasecount/2026-01-12/h5ad/GeneFull/Homo_sapiens/SRX25261764.h5ad,6owuaSFPPoSTwNFeaGMIrw==,2026-07-30 15:07:09,
53/1048,SRX20221195,uploaded,gs://arc-institute-virtual-cell-atlas/scbasecount/2026-01-12/h5ad/GeneFull/Homo_sapiens/SRX20221195.h5ad,arc-institute-virtual-cell-atlas/scbasecount/2026-01-12/h5ad/GeneFull/Homo_sapiens/SRX20221195.h5ad,N0Kpmt/FwpLX3wxHnHHJNA==,2026-07-30 15:07:19,
54/1048,SRX24312786,uploaded,gs://arc-institute-virtual-cell-atlas/scbasecount/2026-01-12/h5ad/GeneFull/Homo_sapiens/SRX24312786.h5ad,arc-institute-virtual-cell-atlas/scbasecount/2026-01-12/h5ad/GeneFull/Homo_sapiens/SRX24312786.h5ad,Re3pZKhmm26D2AcoEMCc7A==,2026-07-30 15:07:28,
55/1048,SRX22558191,uploaded,gs://arc-institute-virtual-cell-atlas/scbasecount/2026-01-12/h5ad/GeneFull/Homo_sapiens/SRX22558191.h5ad,arc-institute-virtual-cell-atlas/scbasecount/2026-01-12/h5ad/GeneFull/Homo_sapiens/SRX22558191.h5ad,ujupViPns6f0FMBnrW+JnA==,2026-07-30 15:07:32,
56/1048,SRX25261736,uploaded,gs://arc-institute-virtual-cell-atlas/scbasecount/2026-01-12/h5ad/GeneFull/Homo_sapiens/SRX25261736.h5ad,arc-institute-virtual-cell-atlas/scbasecount/2026-01-12/h5ad/GeneFull/Homo_sapiens/SRX25261736.h5ad,sNC1ncpsFIBHaZyMSFb0Lg==,2026-07-30 15:07:41,
57/1048,SRX22226507,uploaded,gs://arc-institute-virtual-cell-atlas/scbasecount/2026-01-12/h5ad/GeneFull/Homo_sapiens/SRX22226507.h5ad,arc-institute-virtual-cell-atlas/scbasecount/2026-01-12/h5ad/GeneFull/Homo_sapiens/SRX22226507.h5ad,UqQcZKSDjzb76DRuo2bU3A==,2026-07-30 15:07:50,
58/1048,SRX20811764,uploaded,gs://arc-institute-virtual-cell-atlas/scbasecount/2026-01-12/h5ad/GeneFull/Homo_sapiens/SRX20811764.h5ad,arc-institute-virtual-cell-atlas/scbasecount/2026-01-12/h5ad/GeneFull/Homo_sapiens/SRX20811764.h5ad,UV/yPLkF062uspyv20LuaA==,2026-07-30 15:07:53,
59/1048,SRX22556482,uploaded,gs://arc-institute-virtual-cell-atlas/scbasecount/2026-01-12/h5ad/GeneFull/Homo_sapiens/SRX22556482.h5ad,arc-institute-virtual-cell-atlas/scbasecount/2026-01-12/h5ad/GeneFull/Homo_sapiens/SRX22556482.h5ad,3Cc1X3puXyyq12JDL5eG5A==,2026-07-30 15:07:57,
60/1048,SRX24312779,uploaded,gs://arc-institute-virtual-cell-atlas/scbasecount/2026-01-12/h5ad/GeneFull/Homo_sapiens/SRX24312779.h5ad,arc-institute-virtual-cell-atlas/scbasecount/2026-01-12/h5ad/GeneFull/Homo_sapiens/SRX24312779.h5ad,UQuTbICQycUFdi9xkwVejg==,2026-07-30 15:08:08,
61/1048,SRX22226506,uploaded,gs://arc-institute-virtual-cell-atlas/scbasecount/2026-01-12/h5ad/GeneFull/Homo_sapiens/SRX22226506.h5ad,arc-institute-virtual-cell-atlas/scbasecount/2026-01-12/h5ad/GeneFull/Homo_sapiens/SRX22226506.h5ad,yDE1KHtnbwsOHVAgNwQVog==,2026-07-30 15:08:13,
62/1048,SRX22556483,uploaded,gs://arc-institute-virtual-cell-atlas/scbasecount/2026-01-12/h5ad/GeneFull/Homo_sapiens/SRX22556483.h5ad,arc-institute-virtual-cell-atlas/scbasecount/2026-01-12/h5ad/GeneFull/Homo_sapiens/SRX22556483.h5ad,ghGrwbaoqMG5SpCKXyCkcg==,2026-07-30 15:08:16,
63/1048,SRX22556485,uploaded,gs://arc-institute-virtual-cell-atlas/scbasecount/2026-01-12/h5ad/GeneFull/Homo_sapiens/SRX22556485.h5ad,arc-institute-virtual-cell-atlas/scbasecount/2026-01-12/h5ad/GeneFull/Homo_sapiens/SRX22556485.h5ad,GTemRPEKUxPsUGuUKsqn/A==,2026-07-30 15:08:19,
64/1048,SRX22556484,uploaded,gs://arc-institute-virtual-cell-atlas/scbasecount/2026-01-12/h5ad/GeneFull/Homo_sapiens/SRX22556484.h5ad,arc-institute-virtual-cell-atlas/scbasecount/2026-01-12/h5ad/GeneFull/Homo_sapiens/SRX22556484.h5ad,cqNcVwIf5sKm1X4p0EazbA==,2026-07-30 15:08:23,
65/1048,SRX22836419,uploaded,gs://arc-institute-virtual-cell-atlas/scbasecount/2026-01-12/h5ad/GeneFull/Homo_sapiens/SRX22836419.h5ad,arc-institute-virtual-cell-atlas/scbasecount/2026-01-12/h5ad/GeneFull/Homo_sapiens/SRX22836419.h5ad,t/zWK5J+N4yTauIP0xExRw==,2026-07-30 15:08:35,
66/1048,SRX23825227,uploaded,gs://arc-institute-virtual-cell-atlas/scbasecount/2026-01-12/h5ad/GeneFull/Homo_sapiens/SRX23825227.h5ad,arc-institute-virtual-cell-atlas/scbasecount/2026-01-12/h5ad/GeneFull/Homo_sapiens/SRX23825227.h5ad,otyMTCvQSjJI9nqKLxbtoA==,2026-07-30 15:08:41,
67/1048,SRX17689202,uploaded,gs://arc-institute-virtual-cell-atlas/scbasecount/2026-01-12/h5ad/GeneFull/Homo_sapiens/SRX17689202.h5ad,arc-institute-virtual-cell-atlas/scbasecount/2026-01-12/h5ad/GeneFull/Homo_sapiens/SRX17689202.h5ad,4yrH9HpNnlGLK5dw6g19Mw==,2026-07-30 15:08:47,
68/1048,SRX23457975,uploaded,gs://arc-institute-virtual-cell-atlas/scbasecount/2026-01-12/h5ad/GeneFull/Homo_sapiens/SRX23457975.h5ad,arc-institute-virtual-cell-atlas/scbasecount/2026-01-12/h5ad/GeneFull/Homo_sapiens/SRX23457975.h5ad,IJZvvInFmAyCsGwZcMqQOg==,2026-07-30 15:08:51,
69/1048,SRX19844845,uploaded,gs://arc-institute-virtual-cell-atlas/scbasecount/2026-01-12/h5ad/GeneFull/Homo_sapiens/SRX19844845.h5ad,arc-institute-virtual-cell-atlas/scbasecount/2026-01-12/h5ad/GeneFull/Homo_sapiens/SRX19844845.h5ad,hnZLJv7ksgrTXL6XzeWfZw==,2026-07-30 15:08:54,
70/1048,SRX19693841,uploaded,gs://arc-institute-virtual-cell-atlas/scbasecount/2026-01-12/h5ad/GeneFull/Homo_sapiens/SRX19693841.h5ad,arc-institute-virtual-cell-atlas/scbasecount/2026-01-12/h5ad/GeneFull/Homo_sapiens/SRX19693841.h5ad,uE55d99uOyGeDJrJJLXO+A==,2026-07-30 15:09:04,
71/1048,SRX19844816,uploaded,gs://arc-institute-virtual-cell-atlas/scbasecount/2026-01-12/h5ad/GeneFull/Homo_sapiens/SRX19844816.h5ad,arc-institute-virtual-cell-atlas/scbasecount/2026-01-12/h5ad/GeneFull/Homo_sapiens/SRX19844816.h5ad,xQ+W/K/iJLVA85qZOLEvlQ==,2026-07-30 15:09:09,
72/1048,SRX23825224,uploaded,gs://arc-institute-virtual-cell-atlas/scbasecount/2026-01-12/h5ad/GeneFull/Homo_sapiens/SRX23825224.h5ad,arc-institute-virtual-cell-atlas/scbasecount/2026-01-12/h5ad/GeneFull/Homo_sapiens/SRX23825224.h5ad,pPQEbwpzeHzjyJE4e0CBEw==,2026-07-30 15:09:20,
73/1048,SRX19910919,uploaded,gs://arc-institute-virtual-cell-atlas/scbasecount/2026-01-12/h5ad/GeneFull/Homo_sapiens/SRX19910919.h5ad,arc-institute-virtual-cell-atlas/scbasecount/2026-01-12/h5ad/GeneFull/Homo_sapiens/SRX19910919.h5ad,l1UYdjq2t1tYh2XYsdS7GQ==,2026-07-30 15:09:24,
74/1048,SRX19162052,uploaded,gs://arc-institute-virtual-cell-atlas/scbasecount/2026-01-12/h5ad/GeneFull/Homo_sapiens/SRX19162052.h5ad,arc-institute-virtual-cell-atlas/scbasecount/2026-01-12/h5ad/GeneFull/Homo_sapiens/SRX19162052.h5ad,vyrKqsc0mxYWUMP8lNGniQ==,2026-07-30 15:09:31,
75/1048,SRX25261716,uploaded,gs://arc-institute-virtual-cell-atlas/scbasecount/2026-01-12/h5ad/GeneFull/Homo_sapiens/SRX25261716.h5ad,arc-institute-virtual-cell-atlas/scbasecount/2026-01-12/h5ad/GeneFull/Homo_sapiens/SRX25261716.h5ad,ERckN40LB67S+mEa7uK0RQ==,2026-07-30 15:09:35,
76/1048,SRX19704174,uploaded,gs://arc-institute-virtual-cell-atlas/scbasecount/2026-01-12/h5ad/GeneFull/Homo_sapiens/SRX19704174.h5ad,arc-institute-virtual-cell-atlas/scbasecount/2026-01-12/h5ad/GeneFull/Homo_sapiens/SRX19704174.h5ad,xZaAet2PLjon1bUiD7wgzw==,2026-07-30 15:09:45,
77/1048,SRX19693843,uploaded,gs://arc-institute-virtual-cell-atlas/scbasecount/2026-01-12/h5ad/GeneFull/Homo_sapiens/SRX19693843.h5ad,arc-institute-virtual-cell-atlas/scbasecount/2026-01-12/h5ad/GeneFull/Homo_sapiens/SRX19693843.h5ad,hEF1gwkFa9ELR4spapJVYw==,2026-07-30 15:10:00,
78/1048,SRX22834769,uploaded,gs://arc-institute-virtual-cell-atlas/scbasecount/2026-01-12/h5ad/GeneFull/Homo_sapiens/SRX22834769.h5ad,arc-institute-virtual-cell-atlas/scbasecount/2026-01-12/h5ad/GeneFull/Homo_sapiens/SRX22834769.h5ad,wPoIfyxOn7LFqjgtFDUcpA==,2026-07-30 15:10:02,
79/1048,SRX25319038,uploaded,gs://arc-institute-virtual-cell-atlas/scbasecount/2026-01-12/h5ad/GeneFull/Homo_sapiens/SRX25319038.h5ad,arc-institute-virtual-cell-atlas/scbasecount/2026-01-12/h5ad/GeneFull/Homo_sapiens/SRX25319038.h5ad,9iduOsUKYrqD25fTAv/EOA==,2026-07-30 15:10:14,
80/1048,SRX23386174,uploaded,gs://arc-institute-virtual-cell-atlas/scbasecount/2026-01-12/h5ad/GeneFull/Homo_sapiens/SRX23386174.h5ad,arc-institute-virtual-cell-atlas/scbasecount/2026-01-12/h5ad/GeneFull/Homo_sapiens/SRX23386174.h5ad,i0FqZ5ZF/Jo7bFB9t4khEA==,2026-07-30 15:10:26,
81/1048,SRX21460107,uploaded,gs://arc-institute-virtual-cell-atlas/scbasecount/2026-01-12/h5ad/GeneFull/Homo_sapiens/SRX21460107.h5ad,arc-institute-virtual-cell-atlas/scbasecount/2026-01-12/h5ad/GeneFull/Homo_sapiens/SRX21460107.h5ad,Jev/uQZ0iG5rnAuoUt8nZQ==,2026-07-30 15:10:42,
82/1048,SRX20180656,uploaded,gs://arc-institute-virtual-cell-atlas/scbasecount/2026-01-12/h5ad/GeneFull/Homo_sapiens/SRX20180656.h5ad,arc-institute-virtual-cell-atlas/scbasecount/2026-01-12/h5ad/GeneFull/Homo_sapiens/SRX20180656.h5ad,peUPAXBR915y+AldZ6R0gg==,2026-07-30 15:10:53,
83/1048,SRX19910925,uploaded,gs://arc-institute-virtual-cell-atlas/scbasecount/2026-01-12/h5ad/GeneFull/Homo_sapiens/SRX19910925.h5ad,arc-institute-virtual-cell-atlas/scbasecount/2026-01-12/h5ad/GeneFull/Homo_sapiens/SRX19910925.h5ad,KA0+FjzyRdpcj2qwNN4mzg==,2026-07-30 15:11:01,
84/1048,SRX25363534,uploaded,gs://arc-institute-virtual-cell-atlas/scbasecount/2026-01-12/h5ad/GeneFull/Homo_sapiens/SRX25363534.h5ad,arc-institute-virtual-cell-atlas/scbasecount/2026-01-12/h5ad/GeneFull/Homo_sapiens/SRX25363534.h5ad,XMmZvfB2yx47Hv2YvYA6gw==,2026-07-30 15:11:09,
85/1048,SRX21460120,uploaded,gs://arc-institute-virtual-cell-atlas/scbasecount/2026-01-12/h5ad/GeneFull/Homo_sapiens/SRX21460120.h5ad,arc-institute-virtual-cell-atlas/scbasecount/2026-01-12/h5ad/GeneFull/Homo_sapiens/SRX21460120.h5ad,FxtkH1uHwnlrJG3aaWTFXg==,2026-07-30 15:11:24,
86/1048,SRX18235832,uploaded,gs://arc-institute-virtual-cell-atlas/scbasecount/2026-01-12/h5ad/GeneFull/Homo_sapiens/SRX18235832.h5ad,arc-institute-virtual-cell-atlas/scbasecount/2026-01-12/h5ad/GeneFull/Homo_sapiens/SRX18235832.h5ad,EAfUflaqJbiquowB2OrDsw==,2026-07-30 15:11:35,
87/1048,SRX23457978,uploaded,gs://arc-institute-virtual-cell-atlas/scbasecount/2026-01-12/h5ad/GeneFull/Homo_sapiens/SRX23457978.h5ad,arc-institute-virtual-cell-atlas/scbasecount/2026-01-12/h5ad/GeneFull/Homo_sapiens/SRX23457978.h5ad,4qlbaIunJZQje1gNdpl0rQ==,2026-07-30 15:11:39,
88/1048,SRX19162053,uploaded,gs://arc-institute-virtual-cell-atlas/scbasecount/2026-01-12/h5ad/GeneFull/Homo_sapiens/SRX19162053.h5ad,arc-institute-virtual-cell-atlas/scbasecount/2026-01-12/h5ad/GeneFull/Homo_sapiens/SRX19162053.h5ad,SYpvxvcWOc6XwU/yhWKyQQ==,2026-07-30 15:11:47,
89/1048,SRX26487570,uploaded,gs://arc-institute-virtual-cell-atlas/scbasecount/2026-01-12/h5ad/GeneFull/Homo_sapiens/SRX26487570.h5ad,arc-institute-virtual-cell-atlas/scbasecount/2026-01-12/h5ad/GeneFull/Homo_sapiens/SRX26487570.h5ad,QOvAyOQKz0/rJIaeCXE5WQ==,2026-07-30 15:11:56,
90/1048,SRX23457980,uploaded,gs://arc-institute-virtual-cell-atlas/scbasecount/2026-01-12/h5ad/GeneFull/Homo_sapiens/SRX23457980.h5ad,arc-institute-virtual-cell-atlas/scbasecount/2026-01-12/h5ad/GeneFull/Homo_sapiens/SRX23457980.h5ad,oMldRCMoevq+pjllXk4P4Q==,2026-07-30 15:11:59,
91/1048,SRX23115055,uploaded,gs://arc-institute-virtual-cell-atlas/scbasecount/2026-01-12/h5ad/GeneFull/Homo_sapiens/SRX23115055.h5ad,arc-institute-virtual-cell-atlas/scbasecount/2026-01-12/h5ad/GeneFull/Homo_sapiens/SRX23115055.h5ad,w2/WWmbsZgKBkIAWAE+gAQ==,2026-07-30 15:12:10,
92/1048,SRX17949765,uploaded,gs://arc-institute-virtual-cell-atlas/scbasecount/2026-01-12/h5ad/GeneFull/Homo_sapiens/SRX17949765.h5ad,arc-institute-virtual-cell-atlas/scbasecount/2026-01-12/h5ad/GeneFull/Homo_sapiens/SRX17949765.h5ad,475H+eIZH5Uqw63Skpo+sw==,2026-07-30 15:12:25,
93/1048,SRX25261769,uploaded,gs://arc-institute-virtual-cell-atlas/scbasecount/2026-01-12/h5ad/GeneFull/Homo_sapiens/SRX25261769.h5ad,arc-institute-virtual-cell-atlas/scbasecount/2026-01-12/h5ad/GeneFull/Homo_sapiens/SRX25261769.h5ad,wg/o0n04QogvGPRoW0Bg7A==,2026-07-30 15:12:28,
94/1048,SRX23902413,uploaded,gs://arc-institute-virtual-cell-atlas/scbasecount/2026-01-12/h5ad/GeneFull/Homo_sapiens/SRX23902413.h5ad,arc-institute-virtual-cell-atlas/scbasecount/2026-01-12/h5ad/GeneFull/Homo_sapiens/SRX23902413.h5ad,+FA4dzNTzdArrH1inM0eTA==,2026-07-30 15:12:36,
95/1048,SRX19910918,uploaded,gs://arc-institute-virtual-cell-atlas/scbasecount/2026-01-12/h5ad/GeneFull/Homo_sapiens/SRX19910918.h5ad,arc-institute-virtual-cell-atlas/scbasecount/2026-01-12/h5ad/GeneFull/Homo_sapiens/SRX19910918.h5ad,ui/rJZJ3Qs6ZBMuZx367lw==,2026-07-30 15:12:40,
96/1048,SRX18965975,uploaded,gs://arc-institute-virtual-cell-atlas/scbasecount/2026-01-12/h5ad/GeneFull/Homo_sapiens/SRX18965975.h5ad,arc-institute-virtual-cell-atlas/scbasecount/2026-01-12/h5ad/GeneFull/Homo_sapiens/SRX18965975.h5ad,wnOH6jrMeWpDccWdbKhWmQ==,2026-07-30 15:12:57,
97/1048,SRX22226501,uploaded,gs://arc-institute-virtual-cell-atlas/scbasecount/2026-01-12/h5ad/GeneFull/Homo_sapiens/SRX22226501.h5ad,arc-institute-virtual-cell-atlas/scbasecount/2026-01-12/h5ad/GeneFull/Homo_sapiens/SRX22226501.h5ad,M2F/9dqr4Wgz9Sc92A6KXQ==,2026-07-30 15:13:00,
98/1048,SRX19730969,uploaded,gs://arc-institute-virtual-cell-atlas/scbasecount/2026-01-12/h5ad/GeneFull/Homo_sapiens/SRX19730969.h5ad,arc-institute-virtual-cell-atlas/scbasecount/2026-01-12/h5ad/GeneFull/Homo_sapiens/SRX19730969.h5ad,Hl1IO6InnBhIfa4zoNMTKQ==,2026-07-30 15:13:03,
99/1048,SRX24312777,uploaded,gs://arc-institute-virtual-cell-atlas/scbasecount/2026-01-12/h5ad/GeneFull/Homo_sapiens/SRX24312777.h5ad,arc-institute-virtual-cell-atlas/scbasecount/2026-01-12/h5ad/GeneFull/Homo_sapiens/SRX24312777.h5ad,6pv1mmaRyXSTZWHApI1YIA==,2026-07-30 15:13:13,
100/1048,SRX19693839,uploaded,gs://arc-institute-virtual-cell-atlas/scbasecount/2026-01-12/h5ad/GeneFull/Homo_sapiens/SRX19693839.h5ad,arc-institute-virtual-cell-atlas/scbasecount/2026-01-12/h5ad/GeneFull/Homo_sapiens/SRX19693839.h5ad,jwvLNnXt5fT/x6Nhem7gDw==,2026-07-30 15:13:27,
101/1048,SRX22226503,uploaded,gs://arc-institute-virtual-cell-atlas/scbasecount/2026-01-12/h5ad/GeneFull/Homo_sapiens/SRX22226503.h5ad,arc-institute-virtual-cell-atlas/scbasecount/2026-01-12/h5ad/GeneFull/Homo_sapiens/SRX22226503.h5ad,hFe314bc+QNu7dH7QA0t8A==,2026-07-30 15:13:31,
102/1048,SRX17689195,uploaded,gs://arc-institute-virtual-cell-atlas/scbasecount/2026-01-12/h5ad/GeneFull/Homo_sapiens/SRX17689195.h5ad,arc-institute-virtual-cell-atlas/scbasecount/2026-01-12/h5ad/GeneFull/Homo_sapiens/SRX17689195.h5ad,vouDJ6hUzGoSSJW3fyM5yw==,2026-07-30 15:13:36,
103/1048,SRX17689207,uploaded,gs://arc-institute-virtual-cell-atlas/scbasecount/2026-01-12/h5ad/GeneFull/Homo_sapiens/SRX17689207.h5ad,arc-institute-virtual-cell-atlas/scbasecount/2026-01-12/h5ad/GeneFull/Homo_sapiens/SRX17689207.h5ad,Qb6E7fN6llknUwn25D0iyw==,2026-07-30 15:13:41,
104/1048,SRX17689211,uploaded,gs://arc-institute-virtual-cell-atlas/scbasecount/2026-01-12/h5ad/GeneFull/Homo_sapiens/SRX17689211.h5ad,arc-institute-virtual-cell-atlas/scbasecount/2026-01-12/h5ad/GeneFull/Homo_sapiens/SRX17689211.h5ad,E6LQ78Htb/sokMAyupM5Jw==,2026-07-30 15:13:48,
105/1048,SRX17689212,uploaded,gs://arc-institute-virtual-cell-atlas/scbasecount/2026-01-12/h5ad/GeneFull/Homo_sapiens/SRX17689212.h5ad,arc-institute-virtual-cell-atlas/scbasecount/2026-01-12/h5ad/GeneFull/Homo_sapiens/SRX17689212.h5ad,QbO6G0oRcxzWjTKmSu9Umg==,2026-07-30 15:13:52,
106/1048,SRX19704168,uploaded,gs://arc-institute-virtual-cell-atlas/scbasecount/2026-01-12/h5ad/GeneFull/Homo_sapiens/SRX19704168.h5ad,arc-institute-virtual-cell-atlas/scbasecount/2026-01-12/h5ad/GeneFull/Homo_sapiens/SRX19704168.h5ad,cheh9clEX1HH61+AoxLU7Q==,2026-07-30 15:13:55,
107/1048,SRX19727427,skipped,gs://arc-institute-virtual-cell-atlas/scbasecount/2026-01-12/h5ad/GeneFull/Homo_sapiens/SRX19727427.h5ad,arc-institute-virtual-cell-atlas/scbasecount/2026-01-12/h5ad/GeneFull/Homo_sapiens/SRX19727427.h5ad,Pol2CPGtlP4Z9gtM4mF1FQ==,2026-07-30 15:13:55,
108/1048,SRX24312787,uploaded,gs://arc-institute-virtual-cell-atlas/scbasecount/2026-01-12/h5ad/GeneFull/Homo_sapiens/SRX24312787.h5ad,arc-institute-virtual-cell-atlas/scbasecount/2026-01-12/h5ad/GeneFull/Homo_sapiens/SRX24312787.h5ad,4cm6IdPutWqyDeaKCUHysw==,2026-07-30 15:14:05,
109/1048,SRX17772371,uploaded,gs://arc-institute-virtual-cell-atlas/scbasecount/2026-01-12/h5ad/GeneFull/Homo_sapiens/SRX17772371.h5ad,arc-institute-virtual-cell-atlas/scbasecount/2026-01-12/h5ad/GeneFull/Homo_sapiens/SRX17772371.h5ad,D/ZWCuKasAXiKuWCFdKdXQ==,2026-07-30 15:14:16,
110/1048,SRX17689206,uploaded,gs://arc-institute-virtual-cell-atlas/scbasecount/2026-01-12/h5ad/GeneFull/Homo_sapiens/SRX17689206.h5ad,arc-institute-virtual-cell-atlas/scbasecount/2026-01-12/h5ad/GeneFull/Homo_sapiens/SRX17689206.h5ad,UMkbylKBzL0Zk5iuPKylfQ==,2026-07-30 15:14:20,
111/1048,SRX17896693,uploaded,gs://arc-institute-virtual-cell-atlas/scbasecount/2026-01-12/h5ad/GeneFull/Homo_sapiens/SRX17896693.h5ad,arc-institute-virtual-cell-atlas/scbasecount/2026-01-12/h5ad/GeneFull/Homo_sapiens/SRX17896693.h5ad,lF1QxVFScVh6HGcQHb3mxA==,2026-07-30 15:14:22,
112/1048,SRX23886072,uploaded,gs://arc-institute-virtual-cell-atlas/scbasecount/2026-01-12/h5ad/GeneFull/Homo_sapiens/SRX23886072.h5ad,arc-institute-virtual-cell-atlas/scbasecount/2026-01-12/h5ad/GeneFull/Homo_sapiens/SRX23886072.h5ad,SLI6VikzZrO0CrGoZTqklg==,2026-07-30 15:14:25,
113/1048,SRX23886073,uploaded,gs://arc-institute-virtual-cell-atlas/scbasecount/2026-01-12/h5ad/GeneFull/Homo_sapiens/SRX23886073.h5ad,arc-institute-virtual-cell-atlas/scbasecount/2026-01-12/h5ad/GeneFull/Homo_sapiens/SRX23886073.h5ad,5Twe6EaBdG2hbK5x5iWpmw==,2026-07-30 15:14:27,
114/1048,SRX17150748,uploaded,gs://arc-institute-virtual-cell-atlas/scbasecount/2026-01-12/h5ad/GeneFull/Homo_sapiens/SRX17150748.h5ad,arc-institute-virtual-cell-atlas/scbasecount/2026-01-12/h5ad/GeneFull/Homo_sapiens/SRX17150748.h5ad,YOPJle6N6EMLi6tvdHGBhw==,2026-07-30 15:14:45,
115/1048,SRX17035590,uploaded,gs://arc-institute-virtual-cell-atlas/scbasecount/2026-01-12/h5ad/GeneFull/Homo_sapiens/SRX17035590.h5ad,arc-institute-virtual-cell-atlas/scbasecount/2026-01-12/h5ad/GeneFull/Homo_sapiens/SRX17035590.h5ad,eMYOnxegrgKklWAJFeJHug==,2026-07-30 15:14:49,
116/1048,SRX17949771,uploaded,gs://arc-institute-virtual-cell-atlas/scbasecount/2026-01-12/h5ad/GeneFull/Homo_sapiens/SRX17949771.h5ad,arc-institute-virtual-cell-atlas/scbasecount/2026-01-12/h5ad/GeneFull/Homo_sapiens/SRX17949771.h5ad,rxU0hsdRP1TuQAT7RKAS9w==,2026-07-30 15:14:55,
117/1048,SRX17949772,uploaded,gs://arc-institute-virtual-cell-atlas/scbasecount/2026-01-12/h5ad/GeneFull/Homo_sapiens/SRX17949772.h5ad,arc-institute-virtual-cell-atlas/scbasecount/2026-01-12/h5ad/GeneFull/Homo_sapiens/SRX17949772.h5ad,FeVXZ1+GtKTn5hIJepPcxw==,2026-07-30 15:14:59,
118/1048,SRX17949768,uploaded,gs://arc-institute-virtual-cell-atlas/scbasecount/2026-01-12/h5ad/GeneFull/Homo_sapiens/SRX17949768.h5ad,arc-institute-virtual-cell-atlas/scbasecount/2026-01-12/h5ad/GeneFull/Homo_sapiens/SRX17949768.h5ad,HEoD3OXmUPJzYylS0N0pSw==,2026-07-30 15:15:07,
119/1048,SRX17949766,uploaded,gs://arc-institute-virtual-cell-atlas/scbasecount/2026-01-12/h5ad/GeneFull/Homo_sapiens/SRX17949766.h5ad,arc-institute-virtual-cell-atlas/scbasecount/2026-01-12/h5ad/GeneFull/Homo_sapiens/SRX17949766.h5ad,l5xpT5livQUkFD6t+dW8aw==,2026-07-30 15:15:13,
120/1048,SRX17949764,uploaded,gs://arc-institute-virtual-cell-atlas/scbasecount/2026-01-12/h5ad/GeneFull/Homo_sapiens/SRX17949764.h5ad,arc-institute-virtual-cell-atlas/scbasecount/2026-01-12/h5ad/GeneFull/Homo_sapiens/SRX17949764.h5ad,pocqBff026C59ZNf528t1A==,2026-07-30 15:15:20,
121/1048,SRX17949767,uploaded,gs://arc-institute-virtual-cell-atlas/scbasecount/2026-01-12/h5ad/GeneFull/Homo_sapiens/SRX17949767.h5ad,arc-institute-virtual-cell-atlas/scbasecount/2026-01-12/h5ad/GeneFull/Homo_sapiens/SRX17949767.h5ad,doq2vrmGcle2YtCA1x4OGg==,2026-07-30 15:15:28,
122/1048,SRX16757154,uploaded,gs://arc-institute-virtual-cell-atlas/scbasecount/2026-01-12/h5ad/GeneFull/Homo_sapiens/SRX16757154.h5ad,arc-institute-virtual-cell-atlas/scbasecount/2026-01-12/h5ad/GeneFull/Homo_sapiens/SRX16757154.h5ad,+zQoOZwGgopUeuq9NqrZ1w==,2026-07-30 15:15:35,
123/1048,SRX24073315,skipped,gs://arc-institute-virtual-cell-atlas/scbasecount/2026-01-12/h5ad/GeneFull/Homo_sapiens/SRX24073315.h5ad,arc-institute-virtual-cell-atlas/scbasecount/2026-01-12/h5ad/GeneFull/Homo_sapiens/SRX24073315.h5ad,HlyYbwVgjPZHbsurUcC20g==,2026-07-30 15:15:35,
124/1048,SRX24073311,uploaded,gs://arc-institute-virtual-cell-atlas/scbasecount/2026-01-12/h5ad/GeneFull/Homo_sapiens/SRX24073311.h5ad,arc-institute-virtual-cell-atlas/scbasecount/2026-01-12/h5ad/GeneFull/Homo_sapiens/SRX24073311.h5ad,Adj1O3jCYCeQ6pXT6LL52w==,2026-07-30 15:15:41,
125/1048,SRX24073309,uploaded,gs://arc-institute-virtual-cell-atlas/scbasecount/2026-01-12/h5ad/GeneFull/Homo_sapiens/SRX24073309.h5ad,arc-institute-virtual-cell-atlas/scbasecount/2026-01-12/h5ad/GeneFull/Homo_sapiens/SRX24073309.h5ad,gCAIDYHFXH0BYU6S5hAvig==,2026-07-30 15:15:46,
126/1048,SRX24073303,skipped,gs://arc-institute-virtual-cell-atlas/scbasecount/2026-01-12/h5ad/GeneFull/Homo_sapiens/SRX24073303.h5ad,arc-institute-virtual-cell-atlas/scbasecount/2026-01-12/h5ad/GeneFull/Homo_sapiens/SRX24073303.h5ad,VCUTmKD+3EJEcOQGrcJ+9g==,2026-07-30 15:15:46,
127/1048,SRX24073302,skipped,gs://arc-institute-virtual-cell-atlas/scbasecount/2026-01-12/h5ad/GeneFull/Homo_sapiens/SRX24073302.h5ad,arc-institute-virtual-cell-atlas/scbasecount/2026-01-12/h5ad/GeneFull/Homo_sapiens/SRX24073302.h5ad,zIbotRS/1QVohkw/tlKmbA==,2026-07-30 15:15:47,
128/1048,SRX15325286,uploaded,gs://arc-institute-virtual-cell-atlas/scbasecount/2026-01-12/h5ad/GeneFull/Homo_sapiens/SRX15325286.h5ad,arc-institute-virtual-cell-atlas/scbasecount/2026-01-12/h5ad/GeneFull/Homo_sapiens/SRX15325286.h5ad,fzkE/746uJFIN0E1i+lIeQ==,2026-07-30 15:15:50,
129/1048,SRX24073323,uploaded,gs://arc-institute-virtual-cell-atlas/scbasecount/2026-01-12/h5ad/GeneFull/Homo_sapiens/SRX24073323.h5ad,arc-institute-virtual-cell-atlas/scbasecount/2026-01-12/h5ad/GeneFull/Homo_sapiens/SRX24073323.h5ad,pW5u6vYkEsm9TN+RDrQRjA==,2026-07-30 15:15:56,
130/1048,SRX24073324,skipped,gs://arc-institute-virtual-cell-atlas/scbasecount/2026-01-12/h5ad/GeneFull/Homo_sapiens/SRX24073324.h5ad,arc-institute-virtual-cell-atlas/scbasecount/2026-01-12/h5ad/GeneFull/Homo_sapiens/SRX24073324.h5ad,sOBo5BhmTFeUdFOLB1x6PQ==,2026-07-30 15:15:56,
131/1048,SRX24073304,skipped,gs://arc-institute-virtual-cell-atlas/scbasecount/2026-01-12/h5ad/GeneFull/Homo_sapiens/SRX24073304.h5ad,arc-institute-virtual-cell-atlas/scbasecount/2026-01-12/h5ad/GeneFull/Homo_sapiens/SRX24073304.h5ad,0XDS29mCySOdieBR+vJ4Mw==,2026-07-30 15:15:57,
132/1048,SRX24073308,uploaded,gs://arc-institute-virtual-cell-atlas/scbasecount/2026-01-12/h5ad/GeneFull/Homo_sapiens/SRX24073308.h5ad,arc-institute-virtual-cell-atlas/scbasecount/2026-01-12/h5ad/GeneFull/Homo_sapiens/SRX24073308.h5ad,Snp817Kq1AAvqCr8MF1d6Q==,2026-07-30 15:16:04,
133/1048,SRX24073322,uploaded,gs://arc-institute-virtual-cell-atlas/scbasecount/2026-01-12/h5ad/GeneFull/Homo_sapiens/SRX24073322.h5ad,arc-institute-virtual-cell-atlas/scbasecount/2026-01-12/h5ad/GeneFull/Homo_sapiens/SRX24073322.h5ad,0fmneI+g/27FbjPnkdxeYQ==,2026-07-30 15:16:12,
134/1048,SRX24073320,uploaded,gs://arc-institute-virtual-cell-atlas/scbasecount/2026-01-12/h5ad/GeneFull/Homo_sapiens/SRX24073320.h5ad,arc-institute-virtual-cell-atlas/scbasecount/2026-01-12/h5ad/GeneFull/Homo_sapiens/SRX24073320.h5ad,a1h16qY2eAyBK9ifwWS4eg==,2026-07-30 15:16:18,
135/1048,SRX24073321,uploaded,gs://arc-institute-virtual-cell-atlas/scbasecount/2026-01-12/h5ad/GeneFull/Homo_sapiens/SRX24073321.h5ad,arc-institute-virtual-cell-atlas/scbasecount/2026-01-12/h5ad/GeneFull/Homo_sapiens/SRX24073321.h5ad,gDtxgmOuTn/bOE9nmwyMDg==,2026-07-30 15:16:24,
136/1048,SRX24073314,skipped,gs://arc-institute-virtual-cell-atlas/scbasecount/2026-01-12/h5ad/GeneFull/Homo_sapiens/SRX24073314.h5ad,arc-institute-virtual-cell-atlas/scbasecount/2026-01-12/h5ad/GeneFull/Homo_sapiens/SRX24073314.h5ad,IvyILitjey/vLHqxABIyKg==,2026-07-30 15:16:25,
137/1048,SRX24073313,uploaded,gs://arc-institute-virtual-cell-atlas/scbasecount/2026-01-12/h5ad/GeneFull/Homo_sapiens/SRX24073313.h5ad,arc-institute-virtual-cell-atlas/scbasecount/2026-01-12/h5ad/GeneFull/Homo_sapiens/SRX24073313.h5ad,kvPv0gCs7AxXvED6cqK7nQ==,2026-07-30 15:16:35,
138/1048,SRX24073325,skipped,gs://arc-institute-virtual-cell-atlas/scbasecount/2026-01-12/h5ad/GeneFull/Homo_sapiens/SRX24073325.h5ad,arc-institute-virtual-cell-atlas/scbasecount/2026-01-12/h5ad/GeneFull/Homo_sapiens/SRX24073325.h5ad,MZIX0YhSZeatFflglMoRUQ==,2026-07-30 15:16:35,
139/1048,SRX24073317,uploaded,gs://arc-institute-virtual-cell-atlas/scbasecount/2026-01-12/h5ad/GeneFull/Homo_sapiens/SRX24073317.h5ad,arc-institute-virtual-cell-atlas/scbasecount/2026-01-12/h5ad/GeneFull/Homo_sapiens/SRX24073317.h5ad,Rka2FHwxqZAg5a6+dxnKmw==,2026-07-30 15:16:46,
140/1048,SRX24028452,uploaded,gs://arc-institute-virtual-cell-atlas/scbasecount/2026-01-12/h5ad/GeneFull/Homo_sapiens/SRX24028452.h5ad,arc-institute-virtual-cell-atlas/scbasecount/2026-01-12/h5ad/GeneFull/Homo_sapiens/SRX24028452.h5ad,uxK5zKGak+XVQm0u6Hb5sw==,2026-07-30 15:16:57,
141/1048,SRX24073312,skipped,gs://arc-institute-virtual-cell-atlas/scbasecount/2026-01-12/h5ad/GeneFull/Homo_sapiens/SRX24073312.h5ad,arc-institute-virtual-cell-atlas/scbasecount/2026-01-12/h5ad/GeneFull/Homo_sapiens/SRX24073312.h5ad,STdQ2h6hnkHn3R80yqt2mA==,2026-07-30 15:16:57,
142/1048,SRX24073318,skipped,gs://arc-institute-virtual-cell-atlas/scbasecount/2026-01-12/h5ad/GeneFull/Homo_sapiens/SRX24073318.h5ad,arc-institute-virtual-cell-atlas/scbasecount/2026-01-12/h5ad/GeneFull/Homo_sapiens/SRX24073318.h5ad,K0T1PJishbWYRrmkuUBz2g==,2026-07-30 15:16:58,
143/1048,SRX15325285,uploaded,gs://arc-institute-virtual-cell-atlas/scbasecount/2026-01-12/h5ad/GeneFull/Homo_sapiens/SRX15325285.h5ad,arc-institute-virtual-cell-atlas/scbasecount/2026-01-12/h5ad/GeneFull/Homo_sapiens/SRX15325285.h5ad,gi9llI1EMq/pQGjWPq2Dsw==,2026-07-30 15:17:08,
144/1048,SRX24073319,skipped,gs://arc-institute-virtual-cell-atlas/scbasecount/2026-01-12/h5ad/GeneFull/Homo_sapiens/SRX24073319.h5ad,arc-institute-virtual-cell-atlas/scbasecount/2026-01-12/h5ad/GeneFull/Homo_sapiens/SRX24073319.h5ad,RFipcN97LlNlxEjNxA+bpA==,2026-07-30 15:17:09,
145/1048,SRX15805161,uploaded,gs://arc-institute-virtual-cell-atlas/scbasecount/2026-01-12/h5ad/GeneFull/Homo_sapiens/SRX15805161.h5ad,arc-institute-virtual-cell-atlas/scbasecount/2026-01-12/h5ad/GeneFull/Homo_sapiens/SRX15805161.h5ad,UGnP6ExeDcBXr7TIry8Asw==,2026-07-30 15:17:13,
146/1048,SRX24073310,uploaded,gs://arc-institute-virtual-cell-atlas/scbasecount/2026-01-12/h5ad/GeneFull/Homo_sapiens/SRX24073310.h5ad,arc-institute-virtual-cell-atlas/scbasecount/2026-01-12/h5ad/GeneFull/Homo_sapiens/SRX24073310.h5ad,3GMe/TTGU7H5T12MJ4XsDA==,2026-07-30 15:17:25,
147/1048,SRX24073305,uploaded,gs://arc-institute-virtual-cell-atlas/scbasecount/2026-01-12/h5ad/GeneFull/Homo_sapiens/SRX24073305.h5ad,arc-institute-virtual-cell-atlas/scbasecount/2026-01-12/h5ad/GeneFull/Homo_sapiens/SRX24073305.h5ad,MgJcAbchQzcfhqe0rjZYgA==,2026-07-30 15:17:33,
148/1048,SRX15325287,uploaded,gs://arc-institute-virtual-cell-atlas/scbasecount/2026-01-12/h5ad/GeneFull/Homo_sapiens/SRX15325287.h5ad,arc-institute-virtual-cell-atlas/scbasecount/2026-01-12/h5ad/GeneFull/Homo_sapiens/SRX15325287.h5ad,sl1OHnVoJDr1zHcWNRiBxg==,2026-07-30 15:17:39,
149/1048,SRX16757153,uploaded,gs://arc-institute-virtual-cell-atlas/scbasecount/2026-01-12/h5ad/GeneFull/Homo_sapiens/SRX16757153.h5ad,arc-institute-virtual-cell-atlas/scbasecount/2026-01-12/h5ad/GeneFull/Homo_sapiens/SRX16757153.h5ad,qyxWqHPFM94j/wyjJLSwJg==,2026-07-30 15:17:41,
150/1048,SRX15805174,uploaded,gs://arc-institute-virtual-cell-atlas/scbasecount/2026-01-12/h5ad/GeneFull/Homo_sapiens/SRX15805174.h5ad,arc-institute-virtual-cell-atlas/scbasecount/2026-01-12/h5ad/GeneFull/Homo_sapiens/SRX15805174.h5ad,WMUduPMTtDr9IRWjnFuv8g==,2026-07-30 15:17:46,
151/1048,SRX12868716,uploaded,gs://arc-institute-virtual-cell-atlas/scbasecount/2026-01-12/h5ad/GeneFull/Homo_sapiens/SRX12868716.h5ad,arc-institute-virtual-cell-atlas/scbasecount/2026-01-12/h5ad/GeneFull/Homo_sapiens/SRX12868716.h5ad,Tv48vYYSEBcoFvYt3zGQIA==,2026-07-30 15:17:59,
152/1048,SRX24073316,uploaded,gs://arc-institute-virtual-cell-atlas/scbasecount/2026-01-12/h5ad/GeneFull/Homo_sapiens/SRX24073316.h5ad,arc-institute-virtual-cell-atlas/scbasecount/2026-01-12/h5ad/GeneFull/Homo_sapiens/SRX24073316.h5ad,e+N8bApDGuHRkhj+0z8KNA==,2026-07-30 15:18:06,
153/1048,SRX24073307,skipped,gs://arc-institute-virtual-cell-atlas/scbasecount/2026-01-12/h5ad/GeneFull/Homo_sapiens/SRX24073307.h5ad,arc-institute-virtual-cell-atlas/scbasecount/2026-01-12/h5ad/GeneFull/Homo_sapiens/SRX24073307.h5ad,SVoSJe+jI6Vfnr9/iTRoaQ==,2026-07-30 15:18:07,
154/1048,SRX24073306,uploaded,gs://arc-institute-virtual-cell-atlas/scbasecount/2026-01-12/h5ad/GeneFull/Homo_sapiens/SRX24073306.h5ad,arc-institute-virtual-cell-atlas/scbasecount/2026-01-12/h5ad/GeneFull/Homo_sapiens/SRX24073306.h5ad,ewmrPSy0mwM1K3GR0EQo6w==,2026-07-30 15:18:12,
155/1048,SRX17035588,uploaded,gs://arc-institute-virtual-cell-atlas/scbasecount/2026-01-12/h5ad/GeneFull/Homo_sapiens/SRX17035588.h5ad,arc-institute-virtual-cell-atlas/scbasecount/2026-01-12/h5ad/GeneFull/Homo_sapiens/SRX17035588.h5ad,kINhZifTv+lwaa4qUCqPkg==,2026-07-30 15:18:16,
156/1048,SRX18221589,uploaded,gs://arc-institute-virtual-cell-atlas/scbasecount/2026-01-12/h5ad/GeneFull/Homo_sapiens/SRX18221589.h5ad,arc-institute-virtual-cell-atlas/scbasecount/2026-01-12/h5ad/GeneFull/Homo_sapiens/SRX18221589.h5ad,DpTn9VJGV56t8zI4qEj1ZA==,2026-07-30 15:18:20,
157/1048,SRX18221588,uploaded,gs://arc-institute-virtual-cell-atlas/scbasecount/2026-01-12/h5ad/GeneFull/Homo_sapiens/SRX18221588.h5ad,arc-institute-virtual-cell-atlas/scbasecount/2026-01-12/h5ad/GeneFull/Homo_sapiens/SRX18221588.h5ad,o32HWY4qy1ppVD6yHwBQpA==,2026-07-30 15:18:30,
158/1048,SRX18235831,uploaded,gs://arc-institute-virtual-cell-atlas/scbasecount/2026-01-12/h5ad/GeneFull/Homo_sapiens/SRX18235831.h5ad,arc-institute-virtual-cell-atlas/scbasecount/2026-01-12/h5ad/GeneFull/Homo_sapiens/SRX18235831.h5ad,hRJY8zsLdL1GwYQHVxLT/w==,2026-07-30 15:18:41,
159/1048,SRX17137141,uploaded,gs://arc-institute-virtual-cell-atlas/scbasecount/2026-01-12/h5ad/GeneFull/Homo_sapiens/SRX17137141.h5ad,arc-institute-virtual-cell-atlas/scbasecount/2026-01-12/h5ad/GeneFull/Homo_sapiens/SRX17137141.h5ad,wqMiiy2gOqguPXIMCYtuLg==,2026-07-30 15:18:59,
160/1048,SRX12868711,uploaded,gs://arc-institute-virtual-cell-atlas/scbasecount/2026-01-12/h5ad/GeneFull/Homo_sapiens/SRX12868711.h5ad,arc-institute-virtual-cell-atlas/scbasecount/2026-01-12/h5ad/GeneFull/Homo_sapiens/SRX12868711.h5ad,ifxM6Bavw1IIKqdRZjuezA==,2026-07-30 15:19:10,
161/1048,SRX16757152,uploaded,gs://arc-institute-virtual-cell-atlas/scbasecount/2026-01-12/h5ad/GeneFull/Homo_sapiens/SRX16757152.h5ad,arc-institute-virtual-cell-atlas/scbasecount/2026-01-12/h5ad/GeneFull/Homo_sapiens/SRX16757152.h5ad,gG64md7rQBvqn6GshyhqRA==,2026-07-30 15:19:24,
162/1048,SRX15805165,uploaded,gs://arc-institute-virtual-cell-atlas/scbasecount/2026-01-12/h5ad/GeneFull/Homo_sapiens/SRX15805165.h5ad,arc-institute-virtual-cell-atlas/scbasecount/2026-01-12/h5ad/GeneFull/Homo_sapiens/SRX15805165.h5ad,c1LgnMMrSK9o0Jpui0jy8Q==,2026-07-30 15:19:28,
163/1048,SRX15772262,uploaded,gs://arc-institute-virtual-cell-atlas/scbasecount/2026-01-12/h5ad/GeneFull/Homo_sapiens/SRX15772262.h5ad,arc-institute-virtual-cell-atlas/scbasecount/2026-01-12/h5ad/GeneFull/Homo_sapiens/SRX15772262.h5ad,tzH/HMyp0svvrtXkH3dczg==,2026-07-30 15:19:36,
164/1048,SRX15325288,uploaded,gs://arc-institute-virtual-cell-atlas/scbasecount/2026-01-12/h5ad/GeneFull/Homo_sapiens/SRX15325288.h5ad,arc-institute-virtual-cell-atlas/scbasecount/2026-01-12/h5ad/GeneFull/Homo_sapiens/SRX15325288.h5ad,1TqvIMHZm09OsLffCjvf7Q==,2026-07-30 15:19:52,
165/1048,SRX15805163,uploaded,gs://arc-institute-virtual-cell-atlas/scbasecount/2026-01-12/h5ad/GeneFull/Homo_sapiens/SRX15805163.h5ad,arc-institute-virtual-cell-atlas/scbasecount/2026-01-12/h5ad/GeneFull/Homo_sapiens/SRX15805163.h5ad,M5t5rIhzV6o0DVoquhG05Q==,2026-07-30 15:19:56,
166/1048,SRX18965974,uploaded,gs://arc-institute-virtual-cell-atlas/scbasecount/2026-01-12/h5ad/GeneFull/Homo_sapiens/SRX18965974.h5ad,arc-institute-virtual-cell-atlas/scbasecount/2026-01-12/h5ad/GeneFull/Homo_sapiens/SRX18965974.h5ad,liZXez0X480loEMlSsS6AQ==,2026-07-30 15:20:12,
167/1048,SRX18965978,uploaded,gs://arc-institute-virtual-cell-atlas/scbasecount/2026-01-12/h5ad/GeneFull/Homo_sapiens/SRX18965978.h5ad,arc-institute-virtual-cell-atlas/scbasecount/2026-01-12/h5ad/GeneFull/Homo_sapiens/SRX18965978.h5ad,xzJQftZNB0n+TUazUZOKRw==,2026-07-30 15:20:33,
168/1048,SRX14891768,uploaded,gs://arc-institute-virtual-cell-atlas/scbasecount/2026-01-12/h5ad/GeneFull/Homo_sapiens/SRX14891768.h5ad,arc-institute-virtual-cell-atlas/scbasecount/2026-01-12/h5ad/GeneFull/Homo_sapiens/SRX14891768.h5ad,NSmZfe7jBDuQi5PnoulcPA==,2026-07-30 15:20:48,
169/1048,SRX18965984,uploaded,gs://arc-institute-virtual-cell-atlas/scbasecount/2026-01-12/h5ad/GeneFull/Homo_sapiens/SRX18965984.h5ad,arc-institute-virtual-cell-atlas/scbasecount/2026-01-12/h5ad/GeneFull/Homo_sapiens/SRX18965984.h5ad,daW+4eNRJZoGKByCDb34bQ==,2026-07-30 15:21:04,
170/1048,SRX15325289,uploaded,gs://arc-institute-virtual-cell-atlas/scbasecount/2026-01-12/h5ad/GeneFull/Homo_sapiens/SRX15325289.h5ad,arc-institute-virtual-cell-atlas/scbasecount/2026-01-12/h5ad/GeneFull/Homo_sapiens/SRX15325289.h5ad,1InZQT7nLA0jCUmoK8Jnug==,2026-07-30 15:21:15,
171/1048,SRX19162051,uploaded,gs://arc-institute-virtual-cell-atlas/scbasecount/2026-01-12/h5ad/GeneFull/Homo_sapiens/SRX19162051.h5ad,arc-institute-virtual-cell-atlas/scbasecount/2026-01-12/h5ad/GeneFull/Homo_sapiens/SRX19162051.h5ad,YlIJ9SikGC9qm6ABGmjZhg==,2026-07-30 15:21:22,
172/1048,SRX19162054,uploaded,gs://arc-institute-virtual-cell-atlas/scbasecount/2026-01-12/h5ad/GeneFull/Homo_sapiens/SRX19162054.h5ad,arc-institute-virtual-cell-atlas/scbasecount/2026-01-12/h5ad/GeneFull/Homo_sapiens/SRX19162054.h5ad,xMAUNzhBfZesGTMgXum8NA==,2026-07-30 15:21:29,
173/1048,SRX19162055,uploaded,gs://arc-institute-virtual-cell-atlas/scbasecount/2026-01-12/h5ad/GeneFull/Homo_sapiens/SRX19162055.h5ad,arc-institute-virtual-cell-atlas/scbasecount/2026-01-12/h5ad/GeneFull/Homo_sapiens/SRX19162055.h5ad,W5dHWfW+V2ukiUhOhn7fIw==,2026-07-30 15:21:36,
174/1048,SRX18965983,uploaded,gs://arc-institute-virtual-cell-atlas/scbasecount/2026-01-12/h5ad/GeneFull/Homo_sapiens/SRX18965983.h5ad,arc-institute-virtual-cell-atlas/scbasecount/2026-01-12/h5ad/GeneFull/Homo_sapiens/SRX18965983.h5ad,FN7SrvGD/g/3IewLH6lZ8Q==,2026-07-30 15:21:55,
175/1048,SRX19215443,uploaded,gs://arc-institute-virtual-cell-atlas/scbasecount/2026-01-12/h5ad/GeneFull/Homo_sapiens/SRX19215443.h5ad,arc-institute-virtual-cell-atlas/scbasecount/2026-01-12/h5ad/GeneFull/Homo_sapiens/SRX19215443.h5ad,Vx+NbTmMY0oFB0we5SqvaQ==,2026-07-30 15:22:07,
176/1048,SRX19704132,uploaded,gs://arc-institute-virtual-cell-atlas/scbasecount/2026-01-12/h5ad/GeneFull/Homo_sapiens/SRX19704132.h5ad,arc-institute-virtual-cell-atlas/scbasecount/2026-01-12/h5ad/GeneFull/Homo_sapiens/SRX19704132.h5ad,PNTR+UewGju2A8yzG8VBGg==,2026-07-30 15:22:09,
177/1048,SRX19704133,uploaded,gs://arc-institute-virtual-cell-atlas/scbasecount/2026-01-12/h5ad/GeneFull/Homo_sapiens/SRX19704133.h5ad,arc-institute-virtual-cell-atlas/scbasecount/2026-01-12/h5ad/GeneFull/Homo_sapiens/SRX19704133.h5ad,MYkrjCN4ls8vTm3TXs3xhQ==,2026-07-30 15:22:11,
178/1048,SRX19704136,uploaded,gs://arc-institute-virtual-cell-atlas/scbasecount/2026-01-12/h5ad/GeneFull/Homo_sapiens/SRX19704136.h5ad,arc-institute-virtual-cell-atlas/scbasecount/2026-01-12/h5ad/GeneFull/Homo_sapiens/SRX19704136.h5ad,mgiN8R2EVKLUS5GOzJ80vg==,2026-07-30 15:22:19,
179/1048,SRX19704134,uploaded,gs://arc-institute-virtual-cell-atlas/scbasecount/2026-01-12/h5ad/GeneFull/Homo_sapiens/SRX19704134.h5ad,arc-institute-virtual-cell-atlas/scbasecount/2026-01-12/h5ad/GeneFull/Homo_sapiens/SRX19704134.h5ad,nFFFV2webYFDp9kNGemvng==,2026-07-30 15:22:23,
180/1048,SRX19704138,uploaded,gs://arc-institute-virtual-cell-atlas/scbasecount/2026-01-12/h5ad/GeneFull/Homo_sapiens/SRX19704138.h5ad,arc-institute-virtual-cell-atlas/scbasecount/2026-01-12/h5ad/GeneFull/Homo_sapiens/SRX19704138.h5ad,nfFEfQ0vX8cocAMXJY2ooA==,2026-07-30 15:22:31,
181/1048,SRX19704140,uploaded,gs://arc-institute-virtual-cell-atlas/scbasecount/2026-01-12/h5ad/GeneFull/Homo_sapiens/SRX19704140.h5ad,arc-institute-virtual-cell-atlas/scbasecount/2026-01-12/h5ad/GeneFull/Homo_sapiens/SRX19704140.h5ad,4wBwy5K9H96gT140gaGgkg==,2026-07-30 15:22:34,
182/1048,SRX19693846,uploaded,gs://arc-institute-virtual-cell-atlas/scbasecount/2026-01-12/h5ad/GeneFull/Homo_sapiens/SRX19693846.h5ad,arc-institute-virtual-cell-atlas/scbasecount/2026-01-12/h5ad/GeneFull/Homo_sapiens/SRX19693846.h5ad,4LSQUatA1/q0UvUdy/gWlw==,2026-07-30 15:22:48,
183/1048,SRX19704125,uploaded,gs://arc-institute-virtual-cell-atlas/scbasecount/2026-01-12/h5ad/GeneFull/Homo_sapiens/SRX19704125.h5ad,arc-institute-virtual-cell-atlas/scbasecount/2026-01-12/h5ad/GeneFull/Homo_sapiens/SRX19704125.h5ad,WQhEL9ZlWb3q/RJiyyLL9g==,2026-07-30 15:22:51,
184/1048,SRX19704167,uploaded,gs://arc-institute-virtual-cell-atlas/scbasecount/2026-01-12/h5ad/GeneFull/Homo_sapiens/SRX19704167.h5ad,arc-institute-virtual-cell-atlas/scbasecount/2026-01-12/h5ad/GeneFull/Homo_sapiens/SRX19704167.h5ad,aycuBjxxFNm7uoXO9jxxIg==,2026-07-30 15:22:53,
185/1048,SRX19704135,uploaded,gs://arc-institute-virtual-cell-atlas/scbasecount/2026-01-12/h5ad/GeneFull/Homo_sapiens/SRX19704135.h5ad,arc-institute-virtual-cell-atlas/scbasecount/2026-01-12/h5ad/GeneFull/Homo_sapiens/SRX19704135.h5ad,NZP9AqYlyNb0OCY28o771A==,2026-07-30 15:22:59,
186/1048,SRX19704137,uploaded,gs://arc-institute-virtual-cell-atlas/scbasecount/2026-01-12/h5ad/GeneFull/Homo_sapiens/SRX19704137.h5ad,arc-institute-virtual-cell-atlas/scbasecount/2026-01-12/h5ad/GeneFull/Homo_sapiens/SRX19704137.h5ad,Cx6TU/uTDiog+5Ybwo6qUg==,2026-07-30 15:23:05,
187/1048,SRX19704155,uploaded,gs://arc-institute-virtual-cell-atlas/scbasecount/2026-01-12/h5ad/GeneFull/Homo_sapiens/SRX19704155.h5ad,arc-institute-virtual-cell-atlas/scbasecount/2026-01-12/h5ad/GeneFull/Homo_sapiens/SRX19704155.h5ad,87Bb1bNXZ0F1o175wgQBOw==,2026-07-30 15:23:07,
188/1048,SRX19704202,uploaded,gs://arc-institute-virtual-cell-atlas/scbasecount/2026-01-12/h5ad/GeneFull/Homo_sapiens/SRX19704202.h5ad,arc-institute-virtual-cell-atlas/scbasecount/2026-01-12/h5ad/GeneFull/Homo_sapiens/SRX19704202.h5ad,7WXYyNwuaqoI37SjWXUMew==,2026-07-30 15:23:10,
189/1048,SRX19704201,uploaded,gs://arc-institute-virtual-cell-atlas/scbasecount/2026-01-12/h5ad/GeneFull/Homo_sapiens/SRX19704201.h5ad,arc-institute-virtual-cell-atlas/scbasecount/2026-01-12/h5ad/GeneFull/Homo_sapiens/SRX19704201.h5ad,cg2vNiYK3UKi7BmtIl6E/g==,2026-07-30 15:23:14,
190/1048,SRX19704163,uploaded,gs://arc-institute-virtual-cell-atlas/scbasecount/2026-01-12/h5ad/GeneFull/Homo_sapiens/SRX19704163.h5ad,arc-institute-virtual-cell-atlas/scbasecount/2026-01-12/h5ad/GeneFull/Homo_sapiens/SRX19704163.h5ad,DFZSf365eQrhsQ2EabbOSQ==,2026-07-30 15:23:18,
191/1048,SRX19704176,uploaded,gs://arc-institute-virtual-cell-atlas/scbasecount/2026-01-12/h5ad/GeneFull/Homo_sapiens/SRX19704176.h5ad,arc-institute-virtual-cell-atlas/scbasecount/2026-01-12/h5ad/GeneFull/Homo_sapiens/SRX19704176.h5ad,Dvypv0KVo9e7d6/gDMMJpQ==,2026-07-30 15:23:28,
192/1048,SRX19704901,uploaded,gs://arc-institute-virtual-cell-atlas/scbasecount/2026-01-12/h5ad/GeneFull/Homo_sapiens/SRX19704901.h5ad,arc-institute-virtual-cell-atlas/scbasecount/2026-01-12/h5ad/GeneFull/Homo_sapiens/SRX19704901.h5ad,ik05vsuem9mECfabeXXmhQ==,2026-07-30 15:23:44,
193/1048,SRX19693840,uploaded,gs://arc-institute-virtual-cell-atlas/scbasecount/2026-01-12/h5ad/GeneFull/Homo_sapiens/SRX19693840.h5ad,arc-institute-virtual-cell-atlas/scbasecount/2026-01-12/h5ad/GeneFull/Homo_sapiens/SRX19693840.h5ad,2wLrINevuyukROJStRyrig==,2026-07-30 15:23:56,
194/1048,SRX19704130,uploaded,gs://arc-institute-virtual-cell-atlas/scbasecount/2026-01-12/h5ad/GeneFull/Homo_sapiens/SRX19704130.h5ad,arc-institute-virtual-cell-atlas/scbasecount/2026-01-12/h5ad/GeneFull/Homo_sapiens/SRX19704130.h5ad,w6g/uB4M6vv3TTqcO8D+KQ==,2026-07-30 15:24:00,
195/1048,SRX19704898,uploaded,gs://arc-institute-virtual-cell-atlas/scbasecount/2026-01-12/h5ad/GeneFull/Homo_sapiens/SRX19704898.h5ad,arc-institute-virtual-cell-atlas/scbasecount/2026-01-12/h5ad/GeneFull/Homo_sapiens/SRX19704898.h5ad,HU/g1AJVfwmpRzaLXverRQ==,2026-07-30 15:24:16,
196/1048,SRX19704900,uploaded,gs://arc-institute-virtual-cell-atlas/scbasecount/2026-01-12/h5ad/GeneFull/Homo_sapiens/SRX19704900.h5ad,arc-institute-virtual-cell-atlas/scbasecount/2026-01-12/h5ad/GeneFull/Homo_sapiens/SRX19704900.h5ad,wfBsYMd6/sLBte0P4aXrvg==,2026-07-30 15:24:34,
197/1048,SRX19727425,skipped,gs://arc-institute-virtual-cell-atlas/scbasecount/2026-01-12/h5ad/GeneFull/Homo_sapiens/SRX19727425.h5ad,arc-institute-virtual-cell-atlas/scbasecount/2026-01-12/h5ad/GeneFull/Homo_sapiens/SRX19727425.h5ad,edybrZ/RlSk86pvNRqbSyw==,2026-07-30 15:24:34,
198/1048,SRX19693844,uploaded,gs://arc-institute-virtual-cell-atlas/scbasecount/2026-01-12/h5ad/GeneFull/Homo_sapiens/SRX19693844.h5ad,arc-institute-virtual-cell-atlas/scbasecount/2026-01-12/h5ad/GeneFull/Homo_sapiens/SRX19693844.h5ad,NAaxHGeYkMCH0aZWHwWvyA==,2026-07-30 15:24:49,
199/1048,SRX19730932,uploaded,gs://arc-institute-virtual-cell-atlas/scbasecount/2026-01-12/h5ad/GeneFull/Homo_sapiens/SRX19730932.h5ad,arc-institute-virtual-cell-atlas/scbasecount/2026-01-12/h5ad/GeneFull/Homo_sapiens/SRX19730932.h5ad,Fy9rqRQo5C89tXuyRJyAsg==,2026-07-30 15:24:54,
200/1048,SRX19704177,uploaded,gs://arc-institute-virtual-cell-atlas/scbasecount/2026-01-12/h5ad/GeneFull/Homo_sapiens/SRX19704177.h5ad,arc-institute-virtual-cell-atlas/scbasecount/2026-01-12/h5ad/GeneFull/Homo_sapiens/SRX19704177.h5ad,Pmw7dPsKySnBJWuxbc0Djw==,2026-07-30 15:25:02,
201/1048,SRX19780681,uploaded,gs://arc-institute-virtual-cell-atlas/scbasecount/2026-01-12/h5ad/GeneFull/Homo_sapiens/SRX19780681.h5ad,arc-institute-virtual-cell-atlas/scbasecount/2026-01-12/h5ad/GeneFull/Homo_sapiens/SRX19780681.h5ad,EPkl5xa5dIhTiQW8h2FevQ==,2026-07-30 15:25:08,
202/1048,SRX19704184,uploaded,gs://arc-institute-virtual-cell-atlas/scbasecount/2026-01-12/h5ad/GeneFull/Homo_sapiens/SRX19704184.h5ad,arc-institute-virtual-cell-atlas/scbasecount/2026-01-12/h5ad/GeneFull/Homo_sapiens/SRX19704184.h5ad,p1IrDhYcpq05fncYah0frA==,2026-07-30 15:25:13,
203/1048,SRX19780677,uploaded,gs://arc-institute-virtual-cell-atlas/scbasecount/2026-01-12/h5ad/GeneFull/Homo_sapiens/SRX19780677.h5ad,arc-institute-virtual-cell-atlas/scbasecount/2026-01-12/h5ad/GeneFull/Homo_sapiens/SRX19780677.h5ad,vV0X757lLUi6ONim0DDJiQ==,2026-07-30 15:25:26,
204/1048,SRX19844843,uploaded,gs://arc-institute-virtual-cell-atlas/scbasecount/2026-01-12/h5ad/GeneFull/Homo_sapiens/SRX19844843.h5ad,arc-institute-virtual-cell-atlas/scbasecount/2026-01-12/h5ad/GeneFull/Homo_sapiens/SRX19844843.h5ad,4DgXRZeebv1jc/J+9M3Bmw==,2026-07-30 15:25:28,
205/1048,SRX19844817,uploaded,gs://arc-institute-virtual-cell-atlas/scbasecount/2026-01-12/h5ad/GeneFull/Homo_sapiens/SRX19844817.h5ad,arc-institute-virtual-cell-atlas/scbasecount/2026-01-12/h5ad/GeneFull/Homo_sapiens/SRX19844817.h5ad,IPRKapFuQiIFyTEh0cnHQw==,2026-07-30 15:25:31,
206/1048,SRX19844844,uploaded,gs://arc-institute-virtual-cell-atlas/scbasecount/2026-01-12/h5ad/GeneFull/Homo_sapiens/SRX19844844.h5ad,arc-institute-virtual-cell-atlas/scbasecount/2026-01-12/h5ad/GeneFull/Homo_sapiens/SRX19844844.h5ad,QtoAJGjmz7b/fedt14OFgg==,2026-07-30 15:25:34,
207/1048,SRX19844826,uploaded,gs://arc-institute-virtual-cell-atlas/scbasecount/2026-01-12/h5ad/GeneFull/Homo_sapiens/SRX19844826.h5ad,arc-institute-virtual-cell-atlas/scbasecount/2026-01-12/h5ad/GeneFull/Homo_sapiens/SRX19844826.h5ad,0PQVQMJtOQTNq8IjZjGe4Q==,2026-07-30 15:25:39,
208/1048,SRX19844840,uploaded,gs://arc-institute-virtual-cell-atlas/scbasecount/2026-01-12/h5ad/GeneFull/Homo_sapiens/SRX19844840.h5ad,arc-institute-virtual-cell-atlas/scbasecount/2026-01-12/h5ad/GeneFull/Homo_sapiens/SRX19844840.h5ad,x5YBsCvvkY+UfxYriLTYxA==,2026-07-30 15:25:42,
209/1048,SRX25737230,uploaded,gs://arc-institute-virtual-cell-atlas/scbasecount/2026-01-12/h5ad/GeneFull/Homo_sapiens/SRX25737230.h5ad,arc-institute-virtual-cell-atlas/scbasecount/2026-01-12/h5ad/GeneFull/Homo_sapiens/SRX25737230.h5ad,w6aza4fVpVUbPUeBPLrQXw==,2026-07-30 15:25:56,
210/1048,SRX19780685,uploaded,gs://arc-institute-virtual-cell-atlas/scbasecount/2026-01-12/h5ad/GeneFull/Homo_sapiens/SRX19780685.h5ad,arc-institute-virtual-cell-atlas/scbasecount/2026-01-12/h5ad/GeneFull/Homo_sapiens/SRX19780685.h5ad,W70kv4T0YI6u8OIN2lecEw==,2026-07-30 15:25:58,
211/1048,SRX19844829,uploaded,gs://arc-institute-virtual-cell-atlas/scbasecount/2026-01-12/h5ad/GeneFull/Homo_sapiens/SRX19844829.h5ad,arc-institute-virtual-cell-atlas/scbasecount/2026-01-12/h5ad/GeneFull/Homo_sapiens/SRX19844829.h5ad,AiK+ATle/PfPAcrvuV6M2w==,2026-07-30 15:26:01,
212/1048,SRX19844841,uploaded,gs://arc-institute-virtual-cell-atlas/scbasecount/2026-01-12/h5ad/GeneFull/Homo_sapiens/SRX19844841.h5ad,arc-institute-virtual-cell-atlas/scbasecount/2026-01-12/h5ad/GeneFull/Homo_sapiens/SRX19844841.h5ad,9Wp+pPqATsFYwG0jHw7FMw==,2026-07-30 15:26:04,
213/1048,SRX19836242,uploaded,gs://arc-institute-virtual-cell-atlas/scbasecount/2026-01-12/h5ad/GeneFull/Homo_sapiens/SRX19836242.h5ad,arc-institute-virtual-cell-atlas/scbasecount/2026-01-12/h5ad/GeneFull/Homo_sapiens/SRX19836242.h5ad,evlMFqqy9duhQMkDSxI7IQ==,2026-07-30 15:26:10,
214/1048,SRX18965980,uploaded,gs://arc-institute-virtual-cell-atlas/scbasecount/2026-01-12/h5ad/GeneFull/Homo_sapiens/SRX18965980.h5ad,arc-institute-virtual-cell-atlas/scbasecount/2026-01-12/h5ad/GeneFull/Homo_sapiens/SRX18965980.h5ad,fAw2XXQwBGAVNNt48/ohVg==,2026-07-30 15:26:30,
215/1048,SRX18965985,uploaded,gs://arc-institute-virtual-cell-atlas/scbasecount/2026-01-12/h5ad/GeneFull/Homo_sapiens/SRX18965985.h5ad,arc-institute-virtual-cell-atlas/scbasecount/2026-01-12/h5ad/GeneFull/Homo_sapiens/SRX18965985.h5ad,JantrUcfh2sMddb+dxjo8Q==,2026-07-30 15:26:46,
216/1048,SRX18965986,uploaded,gs://arc-institute-virtual-cell-atlas/scbasecount/2026-01-12/h5ad/GeneFull/Homo_sapiens/SRX18965986.h5ad,arc-institute-virtual-cell-atlas/scbasecount/2026-01-12/h5ad/GeneFull/Homo_sapiens/SRX18965986.h5ad,ycJuPrjSTBTezvi/dW6b3A==,2026-07-30 15:27:01,
217/1048,SRX18965976,uploaded,gs://arc-institute-virtual-cell-atlas/scbasecount/2026-01-12/h5ad/GeneFull/Homo_sapiens/SRX18965976.h5ad,arc-institute-virtual-cell-atlas/scbasecount/2026-01-12/h5ad/GeneFull/Homo_sapiens/SRX18965976.h5ad,DyZMdMfrWWFCOMwAZWEImQ==,2026-07-30 15:27:30,
218/1048,SRX19844814,uploaded,gs://arc-institute-virtual-cell-atlas/scbasecount/2026-01-12/h5ad/GeneFull/Homo_sapiens/SRX19844814.h5ad,arc-institute-virtual-cell-atlas/scbasecount/2026-01-12/h5ad/GeneFull/Homo_sapiens/SRX19844814.h5ad,XCSXrko9g8Qnz16zeQ31fA==,2026-07-30 15:27:38,
219/1048,SRX19844815,uploaded,gs://arc-institute-virtual-cell-atlas/scbasecount/2026-01-12/h5ad/GeneFull/Homo_sapiens/SRX19844815.h5ad,arc-institute-virtual-cell-atlas/scbasecount/2026-01-12/h5ad/GeneFull/Homo_sapiens/SRX19844815.h5ad,dT1rGGV4mq5HCU3UKdcaVw==,2026-07-30 15:27:43,
220/1048,SRX19780686,uploaded,gs://arc-institute-virtual-cell-atlas/scbasecount/2026-01-12/h5ad/GeneFull/Homo_sapiens/SRX19780686.h5ad,arc-institute-virtual-cell-atlas/scbasecount/2026-01-12/h5ad/GeneFull/Homo_sapiens/SRX19780686.h5ad,camnZX17lXEzhKfTNj6ffw==,2026-07-30 15:27:47,
221/1048,SRX25737229,uploaded,gs://arc-institute-virtual-cell-atlas/scbasecount/2026-01-12/h5ad/GeneFull/Homo_sapiens/SRX25737229.h5ad,arc-institute-virtual-cell-atlas/scbasecount/2026-01-12/h5ad/GeneFull/Homo_sapiens/SRX25737229.h5ad,yhyDP8DK3tyAOP5gRueXSw==,2026-07-30 15:28:05,
222/1048,SRX19844813,uploaded,gs://arc-institute-virtual-cell-atlas/scbasecount/2026-01-12/h5ad/GeneFull/Homo_sapiens/SRX19844813.h5ad,arc-institute-virtual-cell-atlas/scbasecount/2026-01-12/h5ad/GeneFull/Homo_sapiens/SRX19844813.h5ad,aeHlOZkdqM9kJelfxWP1LA==,2026-07-30 15:28:08,
223/1048,SRX19844812,uploaded,gs://arc-institute-virtual-cell-atlas/scbasecount/2026-01-12/h5ad/GeneFull/Homo_sapiens/SRX19844812.h5ad,arc-institute-virtual-cell-atlas/scbasecount/2026-01-12/h5ad/GeneFull/Homo_sapiens/SRX19844812.h5ad,JUpZM9OTF8vy/6oYGzrl4w==,2026-07-30 15:28:14,
224/1048,SRX19844842,uploaded,gs://arc-institute-virtual-cell-atlas/scbasecount/2026-01-12/h5ad/GeneFull/Homo_sapiens/SRX19844842.h5ad,arc-institute-virtual-cell-atlas/scbasecount/2026-01-12/h5ad/GeneFull/Homo_sapiens/SRX19844842.h5ad,5dcXci1lAY2UhQGoveKxVQ==,2026-07-30 15:28:16,
225/1048,SRX19836241,uploaded,gs://arc-institute-virtual-cell-atlas/scbasecount/2026-01-12/h5ad/GeneFull/Homo_sapiens/SRX19836241.h5ad,arc-institute-virtual-cell-atlas/scbasecount/2026-01-12/h5ad/GeneFull/Homo_sapiens/SRX19836241.h5ad,MyixlOsaDZn6VderE2sn1g==,2026-07-30 15:28:28,
226/1048,SRX19886026,uploaded,gs://arc-institute-virtual-cell-atlas/scbasecount/2026-01-12/h5ad/GeneFull/Homo_sapiens/SRX19886026.h5ad,arc-institute-virtual-cell-atlas/scbasecount/2026-01-12/h5ad/GeneFull/Homo_sapiens/SRX19886026.h5ad,UXHlwFKgqXEQEd7AkmvlfQ==,2026-07-30 15:28:33,
227/1048,SRX19844850,uploaded,gs://arc-institute-virtual-cell-atlas/scbasecount/2026-01-12/h5ad/GeneFull/Homo_sapiens/SRX19844850.h5ad,arc-institute-virtual-cell-atlas/scbasecount/2026-01-12/h5ad/GeneFull/Homo_sapiens/SRX19844850.h5ad,4B7nsZ73myf2o9RmTvoVvw==,2026-07-30 15:28:36,
228/1048,SRX25737227,uploaded,gs://arc-institute-virtual-cell-atlas/scbasecount/2026-01-12/h5ad/GeneFull/Homo_sapiens/SRX25737227.h5ad,arc-institute-virtual-cell-atlas/scbasecount/2026-01-12/h5ad/GeneFull/Homo_sapiens/SRX25737227.h5ad,rFVLnNkmi49VL6b1FJe++w==,2026-07-30 15:28:58,
229/1048,SRX25737232,uploaded,gs://arc-institute-virtual-cell-atlas/scbasecount/2026-01-12/h5ad/GeneFull/Homo_sapiens/SRX25737232.h5ad,arc-institute-virtual-cell-atlas/scbasecount/2026-01-12/h5ad/GeneFull/Homo_sapiens/SRX25737232.h5ad,UVJ0l7fVJtHuK+sOomgOmA==,2026-07-30 15:29:11,
230/1048,SRX19844847,uploaded,gs://arc-institute-virtual-cell-atlas/scbasecount/2026-01-12/h5ad/GeneFull/Homo_sapiens/SRX19844847.h5ad,arc-institute-virtual-cell-atlas/scbasecount/2026-01-12/h5ad/GeneFull/Homo_sapiens/SRX19844847.h5ad,xzNp3KU5viWCeCO9mg/4YA==,2026-07-30 15:29:13,
231/1048,SRX19886041,uploaded,gs://arc-institute-virtual-cell-atlas/scbasecount/2026-01-12/h5ad/GeneFull/Homo_sapiens/SRX19886041.h5ad,arc-institute-virtual-cell-atlas/scbasecount/2026-01-12/h5ad/GeneFull/Homo_sapiens/SRX19886041.h5ad,QQ7DreFrY+doW5cnzAIVgQ==,2026-07-30 15:29:22,
232/1048,SRX19704116,uploaded,gs://arc-institute-virtual-cell-atlas/scbasecount/2026-01-12/h5ad/GeneFull/Homo_sapiens/SRX19704116.h5ad,arc-institute-virtual-cell-atlas/scbasecount/2026-01-12/h5ad/GeneFull/Homo_sapiens/SRX19704116.h5ad,bBfKslgnakT/pqFrvwtjeg==,2026-07-30 15:29:25,
233/1048,SRX19910927,uploaded,gs://arc-institute-virtual-cell-atlas/scbasecount/2026-01-12/h5ad/GeneFull/Homo_sapiens/SRX19910927.h5ad,arc-institute-virtual-cell-atlas/scbasecount/2026-01-12/h5ad/GeneFull/Homo_sapiens/SRX19910927.h5ad,NDWQfM/6N7l+nohNzHA+9g==,2026-07-30 15:29:30,
234/1048,SRX19910935,uploaded,gs://arc-institute-virtual-cell-atlas/scbasecount/2026-01-12/h5ad/GeneFull/Homo_sapiens/SRX19910935.h5ad,arc-institute-virtual-cell-atlas/scbasecount/2026-01-12/h5ad/GeneFull/Homo_sapiens/SRX19910935.h5ad,Mf3EEAd+aYRkayRGowMmfg==,2026-07-30 15:29:37,
235/1048,SRX19910933,uploaded,gs://arc-institute-virtual-cell-atlas/scbasecount/2026-01-12/h5ad/GeneFull/Homo_sapiens/SRX19910933.h5ad,arc-institute-virtual-cell-atlas/scbasecount/2026-01-12/h5ad/GeneFull/Homo_sapiens/SRX19910933.h5ad,xhj+tHhxFgd5g9XzXyw6Ag==,2026-07-30 15:29:40,
236/1048,SRX19907930,uploaded,gs://arc-institute-virtual-cell-atlas/scbasecount/2026-01-12/h5ad/GeneFull/Homo_sapiens/SRX19907930.h5ad,arc-institute-virtual-cell-atlas/scbasecount/2026-01-12/h5ad/GeneFull/Homo_sapiens/SRX19907930.h5ad,RmxLl2ql9164VJLuOkAbNQ==,2026-07-30 15:29:48,
237/1048,SRX19910912,uploaded,gs://arc-institute-virtual-cell-atlas/scbasecount/2026-01-12/h5ad/GeneFull/Homo_sapiens/SRX19910912.h5ad,arc-institute-virtual-cell-atlas/scbasecount/2026-01-12/h5ad/GeneFull/Homo_sapiens/SRX19910912.h5ad,7monQteAI7LNqIIEJGROqw==,2026-07-30 15:29:55,
238/1048,SRX19907927,uploaded,gs://arc-institute-virtual-cell-atlas/scbasecount/2026-01-12/h5ad/GeneFull/Homo_sapiens/SRX19907927.h5ad,arc-institute-virtual-cell-atlas/scbasecount/2026-01-12/h5ad/GeneFull/Homo_sapiens/SRX19907927.h5ad,rihFT77K5Pl6kxuSx34Sqw==,2026-07-30 15:29:59,
239/1048,SRX19910941,uploaded,gs://arc-institute-virtual-cell-atlas/scbasecount/2026-01-12/h5ad/GeneFull/Homo_sapiens/SRX19910941.h5ad,arc-institute-virtual-cell-atlas/scbasecount/2026-01-12/h5ad/GeneFull/Homo_sapiens/SRX19910941.h5ad,7XEEzXQYzZPL7rxPFTgZdQ==,2026-07-30 15:30:07,
240/1048,SRX19704154,uploaded,gs://arc-institute-virtual-cell-atlas/scbasecount/2026-01-12/h5ad/GeneFull/Homo_sapiens/SRX19704154.h5ad,arc-institute-virtual-cell-atlas/scbasecount/2026-01-12/h5ad/GeneFull/Homo_sapiens/SRX19704154.h5ad,DPcz5QmxVWV33AR6i+4UQg==,2026-07-30 15:30:14,
241/1048,SRX19704153,uploaded,gs://arc-institute-virtual-cell-atlas/scbasecount/2026-01-12/h5ad/GeneFull/Homo_sapiens/SRX19704153.h5ad,arc-institute-virtual-cell-atlas/scbasecount/2026-01-12/h5ad/GeneFull/Homo_sapiens/SRX19704153.h5ad,grwqU0IfgRkeNTbzLE9HGQ==,2026-07-30 15:30:19,
242/1048,SRX20180659,uploaded,gs://arc-institute-virtual-cell-atlas/scbasecount/2026-01-12/h5ad/GeneFull/Homo_sapiens/SRX20180659.h5ad,arc-institute-virtual-cell-atlas/scbasecount/2026-01-12/h5ad/GeneFull/Homo_sapiens/SRX20180659.h5ad,tC4UuLuhJReMbaezUie12Q==,2026-07-30 15:30:28,
243/1048,SRX20180655,uploaded,gs://arc-institute-virtual-cell-atlas/scbasecount/2026-01-12/h5ad/GeneFull/Homo_sapiens/SRX20180655.h5ad,arc-institute-virtual-cell-atlas/scbasecount/2026-01-12/h5ad/GeneFull/Homo_sapiens/SRX20180655.h5ad,QK5MsYBZahMmL5c8iMhB/g==,2026-07-30 15:30:38,
244/1048,SRX10606547,uploaded,gs://arc-institute-virtual-cell-atlas/scbasecount/2026-01-12/h5ad/GeneFull/Homo_sapiens/SRX10606547.h5ad,arc-institute-virtual-cell-atlas/scbasecount/2026-01-12/h5ad/GeneFull/Homo_sapiens/SRX10606547.h5ad,LAeHpSeHxj3AFzjQCEEPBA==,2026-07-30 15:30:47,
245/1048,SRX25737234,uploaded,gs://arc-institute-virtual-cell-atlas/scbasecount/2026-01-12/h5ad/GeneFull/Homo_sapiens/SRX25737234.h5ad,arc-institute-virtual-cell-atlas/scbasecount/2026-01-12/h5ad/GeneFull/Homo_sapiens/SRX25737234.h5ad,Weyvn6BqjR/vfJjuEBiXwA==,2026-07-30 15:30:55,
246/1048,SRX20180654,uploaded,gs://arc-institute-virtual-cell-atlas/scbasecount/2026-01-12/h5ad/GeneFull/Homo_sapiens/SRX20180654.h5ad,arc-institute-virtual-cell-atlas/scbasecount/2026-01-12/h5ad/GeneFull/Homo_sapiens/SRX20180654.h5ad,nbbh8dJhVZNt/VNHBxp+Yw==,2026-07-30 15:31:06,
247/1048,SRX19693847,uploaded,gs://arc-institute-virtual-cell-atlas/scbasecount/2026-01-12/h5ad/GeneFull/Homo_sapiens/SRX19693847.h5ad,arc-institute-virtual-cell-atlas/scbasecount/2026-01-12/h5ad/GeneFull/Homo_sapiens/SRX19693847.h5ad,Pofmk4Y1Co5vNyIdLB+bfg==,2026-07-30 15:31:19,
248/1048,SRX25737231,uploaded,gs://arc-institute-virtual-cell-atlas/scbasecount/2026-01-12/h5ad/GeneFull/Homo_sapiens/SRX25737231.h5ad,arc-institute-virtual-cell-atlas/scbasecount/2026-01-12/h5ad/GeneFull/Homo_sapiens/SRX25737231.h5ad,jJVhiGDijHswao0nVOLKKQ==,2026-07-30 15:31:33,
249/1048,SRX19704175,uploaded,gs://arc-institute-virtual-cell-atlas/scbasecount/2026-01-12/h5ad/GeneFull/Homo_sapiens/SRX19704175.h5ad,arc-institute-virtual-cell-atlas/scbasecount/2026-01-12/h5ad/GeneFull/Homo_sapiens/SRX19704175.h5ad,5aNn5J/uoK5jQWEdeuid6w==,2026-07-30 15:31:45,
250/1048,SRX19727433,skipped,gs://arc-institute-virtual-cell-atlas/scbasecount/2026-01-12/h5ad/GeneFull/Homo_sapiens/SRX19727433.h5ad,arc-institute-virtual-cell-atlas/scbasecount/2026-01-12/h5ad/GeneFull/Homo_sapiens/SRX19727433.h5ad,ozatmgRHTKDHvt2Ii2FNpQ==,2026-07-30 15:31:45,
251/1048,SRX19727426,skipped,gs://arc-institute-virtual-cell-atlas/scbasecount/2026-01-12/h5ad/GeneFull/Homo_sapiens/SRX19727426.h5ad,arc-institute-virtual-cell-atlas/scbasecount/2026-01-12/h5ad/GeneFull/Homo_sapiens/SRX19727426.h5ad,8+ygdJRpJur+Aq6IyGQGUg==,2026-07-30 15:31:45,
252/1048,SRX19704173,uploaded,gs://arc-institute-virtual-cell-atlas/scbasecount/2026-01-12/h5ad/GeneFull/Homo_sapiens/SRX19704173.h5ad,arc-institute-virtual-cell-atlas/scbasecount/2026-01-12/h5ad/GeneFull/Homo_sapiens/SRX19704173.h5ad,WyokcKlu+Ovx5l9o8haqeg==,2026-07-30 15:31:55,
253/1048,SRX19780680,uploaded,gs://arc-institute-virtual-cell-atlas/scbasecount/2026-01-12/h5ad/GeneFull/Homo_sapiens/SRX19780680.h5ad,arc-institute-virtual-cell-atlas/scbasecount/2026-01-12/h5ad/GeneFull/Homo_sapiens/SRX19780680.h5ad,VezUyVeyLeC7Bb36Xqyzhg==,2026-07-30 15:32:02,
254/1048,SRX19704172,uploaded,gs://arc-institute-virtual-cell-atlas/scbasecount/2026-01-12/h5ad/GeneFull/Homo_sapiens/SRX19704172.h5ad,arc-institute-virtual-cell-atlas/scbasecount/2026-01-12/h5ad/GeneFull/Homo_sapiens/SRX19704172.h5ad,UxVMZt5WqFXlWSr8J+525A==,2026-07-30 15:32:10,
255/1048,SRX25737235,uploaded,gs://arc-institute-virtual-cell-atlas/scbasecount/2026-01-12/h5ad/GeneFull/Homo_sapiens/SRX25737235.h5ad,arc-institute-virtual-cell-atlas/scbasecount/2026-01-12/h5ad/GeneFull/Homo_sapiens/SRX25737235.h5ad,zxwOjaBzi+EKBe0BPDQf/w==,2026-07-30 15:32:17,
256/1048,SRX19780682,uploaded,gs://arc-institute-virtual-cell-atlas/scbasecount/2026-01-12/h5ad/GeneFull/Homo_sapiens/SRX19780682.h5ad,arc-institute-virtual-cell-atlas/scbasecount/2026-01-12/h5ad/GeneFull/Homo_sapiens/SRX19780682.h5ad,od6A4iGNNq8SNJ6DOiNiXQ==,2026-07-30 15:32:28,
257/1048,SRX19780683,uploaded,gs://arc-institute-virtual-cell-atlas/scbasecount/2026-01-12/h5ad/GeneFull/Homo_sapiens/SRX19780683.h5ad,arc-institute-virtual-cell-atlas/scbasecount/2026-01-12/h5ad/GeneFull/Homo_sapiens/SRX19780683.h5ad,lPsZdCWToF1WtF+ERd7jsw==,2026-07-30 15:32:36,
258/1048,SRX19780684,uploaded,gs://arc-institute-virtual-cell-atlas/scbasecount/2026-01-12/h5ad/GeneFull/Homo_sapiens/SRX19780684.h5ad,arc-institute-virtual-cell-atlas/scbasecount/2026-01-12/h5ad/GeneFull/Homo_sapiens/SRX19780684.h5ad,FoVR9lhU/7xV77ysFVrjgw==,2026-07-30 15:32:44,
259/1048,SRX19780678,uploaded,gs://arc-institute-virtual-cell-atlas/scbasecount/2026-01-12/h5ad/GeneFull/Homo_sapiens/SRX19780678.h5ad,arc-institute-virtual-cell-atlas/scbasecount/2026-01-12/h5ad/GeneFull/Homo_sapiens/SRX19780678.h5ad,ozC+EkWYbie5V9vCddzo9g==,2026-07-30 15:32:54,
260/1048,SRX19704903,uploaded,gs://arc-institute-virtual-cell-atlas/scbasecount/2026-01-12/h5ad/GeneFull/Homo_sapiens/SRX19704903.h5ad,arc-institute-virtual-cell-atlas/scbasecount/2026-01-12/h5ad/GeneFull/Homo_sapiens/SRX19704903.h5ad,i+Se3ee0/Wjn0H/3ZGFahw==,2026-07-30 15:33:06,
261/1048,SRX20811756,uploaded,gs://arc-institute-virtual-cell-atlas/scbasecount/2026-01-12/h5ad/GeneFull/Homo_sapiens/SRX20811756.h5ad,arc-institute-virtual-cell-atlas/scbasecount/2026-01-12/h5ad/GeneFull/Homo_sapiens/SRX20811756.h5ad,7Vpjy2x9vhhxQ/m5Q8pSjA==,2026-07-30 15:33:13,
262/1048,SRX20811757,uploaded,gs://arc-institute-virtual-cell-atlas/scbasecount/2026-01-12/h5ad/GeneFull/Homo_sapiens/SRX20811757.h5ad,arc-institute-virtual-cell-atlas/scbasecount/2026-01-12/h5ad/GeneFull/Homo_sapiens/SRX20811757.h5ad,ige4YgUiTaHRGKen8z+fiA==,2026-07-30 15:33:15,
263/1048,SRX20811755,uploaded,gs://arc-institute-virtual-cell-atlas/scbasecount/2026-01-12/h5ad/GeneFull/Homo_sapiens/SRX20811755.h5ad,arc-institute-virtual-cell-atlas/scbasecount/2026-01-12/h5ad/GeneFull/Homo_sapiens/SRX20811755.h5ad,1jXMai31zQPFYt2VNFWfgw==,2026-07-30 15:33:17,
264/1048,SRX20970828,uploaded,gs://arc-institute-virtual-cell-atlas/scbasecount/2026-01-12/h5ad/GeneFull/Homo_sapiens/SRX20970828.h5ad,arc-institute-virtual-cell-atlas/scbasecount/2026-01-12/h5ad/GeneFull/Homo_sapiens/SRX20970828.h5ad,yXHn9sI1x+nd91XC4bGRvA==,2026-07-30 15:33:26,
265/1048,SRX20811747,uploaded,gs://arc-institute-virtual-cell-atlas/scbasecount/2026-01-12/h5ad/GeneFull/Homo_sapiens/SRX20811747.h5ad,arc-institute-virtual-cell-atlas/scbasecount/2026-01-12/h5ad/GeneFull/Homo_sapiens/SRX20811747.h5ad,gooJZnGRruKOWVMuuYS2OQ==,2026-07-30 15:33:28,
266/1048,SRX20811748,uploaded,gs://arc-institute-virtual-cell-atlas/scbasecount/2026-01-12/h5ad/GeneFull/Homo_sapiens/SRX20811748.h5ad,arc-institute-virtual-cell-atlas/scbasecount/2026-01-12/h5ad/GeneFull/Homo_sapiens/SRX20811748.h5ad,vnf6rTrM9EveTXQ0llm9VA==,2026-07-30 15:33:32,
267/1048,SRX20811749,uploaded,gs://arc-institute-virtual-cell-atlas/scbasecount/2026-01-12/h5ad/GeneFull/Homo_sapiens/SRX20811749.h5ad,arc-institute-virtual-cell-atlas/scbasecount/2026-01-12/h5ad/GeneFull/Homo_sapiens/SRX20811749.h5ad,OAuIu9fAlCMgMyWEerp8qQ==,2026-07-30 15:33:37,
268/1048,SRX20811743,uploaded,gs://arc-institute-virtual-cell-atlas/scbasecount/2026-01-12/h5ad/GeneFull/Homo_sapiens/SRX20811743.h5ad,arc-institute-virtual-cell-atlas/scbasecount/2026-01-12/h5ad/GeneFull/Homo_sapiens/SRX20811743.h5ad,8JlXyo22ffygqJZlHcQL3A==,2026-07-30 15:33:41,
269/1048,SRX21311408,uploaded,gs://arc-institute-virtual-cell-atlas/scbasecount/2026-01-12/h5ad/GeneFull/Homo_sapiens/SRX21311408.h5ad,arc-institute-virtual-cell-atlas/scbasecount/2026-01-12/h5ad/GeneFull/Homo_sapiens/SRX21311408.h5ad,oYp0Cc0S9aNaW4uX1SK+Cg==,2026-07-30 15:33:49,
270/1048,SRX21460116,uploaded,gs://arc-institute-virtual-cell-atlas/scbasecount/2026-01-12/h5ad/GeneFull/Homo_sapiens/SRX21460116.h5ad,arc-institute-virtual-cell-atlas/scbasecount/2026-01-12/h5ad/GeneFull/Homo_sapiens/SRX21460116.h5ad,t1oZUoYzSJu6L2QX/ZE+UQ==,2026-07-30 15:34:04,
271/1048,SRX21460117,uploaded,gs://arc-institute-virtual-cell-atlas/scbasecount/2026-01-12/h5ad/GeneFull/Homo_sapiens/SRX21460117.h5ad,arc-institute-virtual-cell-atlas/scbasecount/2026-01-12/h5ad/GeneFull/Homo_sapiens/SRX21460117.h5ad,2iXg5h6OtZOMCx+6OSisNg==,2026-07-30 15:34:19,
272/1048,SRX21460106,uploaded,gs://arc-institute-virtual-cell-atlas/scbasecount/2026-01-12/h5ad/GeneFull/Homo_sapiens/SRX21460106.h5ad,arc-institute-virtual-cell-atlas/scbasecount/2026-01-12/h5ad/GeneFull/Homo_sapiens/SRX21460106.h5ad,YGRu9is4r1Ux9DPkLFahVw==,2026-07-30 15:34:35,
273/1048,SRX19366526,uploaded,gs://arc-institute-virtual-cell-atlas/scbasecount/2026-01-12/h5ad/GeneFull/Homo_sapiens/SRX19366526.h5ad,arc-institute-virtual-cell-atlas/scbasecount/2026-01-12/h5ad/GeneFull/Homo_sapiens/SRX19366526.h5ad,dMOqhQU3FwPpYyNPIK5BwQ==,2026-07-30 15:34:47,
274/1048,SRX21460094,uploaded,gs://arc-institute-virtual-cell-atlas/scbasecount/2026-01-12/h5ad/GeneFull/Homo_sapiens/SRX21460094.h5ad,arc-institute-virtual-cell-atlas/scbasecount/2026-01-12/h5ad/GeneFull/Homo_sapiens/SRX21460094.h5ad,Pj+qM9fG4PsV/0fhs3WyCQ==,2026-07-30 15:34:59,
275/1048,SRX21460115,uploaded,gs://arc-institute-virtual-cell-atlas/scbasecount/2026-01-12/h5ad/GeneFull/Homo_sapiens/SRX21460115.h5ad,arc-institute-virtual-cell-atlas/scbasecount/2026-01-12/h5ad/GeneFull/Homo_sapiens/SRX21460115.h5ad,ZUqWBJJiEpun7zLMV6qihQ==,2026-07-30 15:35:17,
276/1048,SRX21460093,uploaded,gs://arc-institute-virtual-cell-atlas/scbasecount/2026-01-12/h5ad/GeneFull/Homo_sapiens/SRX21460093.h5ad,arc-institute-virtual-cell-atlas/scbasecount/2026-01-12/h5ad/GeneFull/Homo_sapiens/SRX21460093.h5ad,ySEIweX6oZE/2lvlj1ItMQ==,2026-07-30 15:35:35,
277/1048,SRX21808828,uploaded,gs://arc-institute-virtual-cell-atlas/scbasecount/2026-01-12/h5ad/GeneFull/Homo_sapiens/SRX21808828.h5ad,arc-institute-virtual-cell-atlas/scbasecount/2026-01-12/h5ad/GeneFull/Homo_sapiens/SRX21808828.h5ad,f6yS4ifqEvKIy4Tgtqi8Tw==,2026-07-30 15:35:50,
278/1048,SRX25737228,uploaded,gs://arc-institute-virtual-cell-atlas/scbasecount/2026-01-12/h5ad/GeneFull/Homo_sapiens/SRX25737228.h5ad,arc-institute-virtual-cell-atlas/scbasecount/2026-01-12/h5ad/GeneFull/Homo_sapiens/SRX25737228.h5ad,ZLUFKumu6+bZg9aMJm9wzg==,2026-07-30 15:36:06,
279/1048,SRX21897877,uploaded,gs://arc-institute-virtual-cell-atlas/scbasecount/2026-01-12/h5ad/GeneFull/Homo_sapiens/SRX21897877.h5ad,arc-institute-virtual-cell-atlas/scbasecount/2026-01-12/h5ad/GeneFull/Homo_sapiens/SRX21897877.h5ad,55m+xSvxK9kXr6CGM0jAjg==,2026-07-30 15:36:18,
280/1048,SRX21897874,uploaded,gs://arc-institute-virtual-cell-atlas/scbasecount/2026-01-12/h5ad/GeneFull/Homo_sapiens/SRX21897874.h5ad,arc-institute-virtual-cell-atlas/scbasecount/2026-01-12/h5ad/GeneFull/Homo_sapiens/SRX21897874.h5ad,GKYQsYYhLUh3KWcZfKbfIg==,2026-07-30 15:36:28,
281/1048,SRX21897868,uploaded,gs://arc-institute-virtual-cell-atlas/scbasecount/2026-01-12/h5ad/GeneFull/Homo_sapiens/SRX21897868.h5ad,arc-institute-virtual-cell-atlas/scbasecount/2026-01-12/h5ad/GeneFull/Homo_sapiens/SRX21897868.h5ad,E+hTjNCSK7B7R5xYoeD0tQ==,2026-07-30 15:36:43,
282/1048,SRX22558190,uploaded,gs://arc-institute-virtual-cell-atlas/scbasecount/2026-01-12/h5ad/GeneFull/Homo_sapiens/SRX22558190.h5ad,arc-institute-virtual-cell-atlas/scbasecount/2026-01-12/h5ad/GeneFull/Homo_sapiens/SRX22558190.h5ad,CM1Df/8YYzpDEArQBYV3Ng==,2026-07-30 15:36:49,
283/1048,SRX22558193,uploaded,gs://arc-institute-virtual-cell-atlas/scbasecount/2026-01-12/h5ad/GeneFull/Homo_sapiens/SRX22558193.h5ad,arc-institute-virtual-cell-atlas/scbasecount/2026-01-12/h5ad/GeneFull/Homo_sapiens/SRX22558193.h5ad,Q15DdQhEmF155a44bYzd/Q==,2026-07-30 15:36:53,
284/1048,SRX22538049,uploaded,gs://arc-institute-virtual-cell-atlas/scbasecount/2026-01-12/h5ad/GeneFull/Homo_sapiens/SRX22538049.h5ad,arc-institute-virtual-cell-atlas/scbasecount/2026-01-12/h5ad/GeneFull/Homo_sapiens/SRX22538049.h5ad,8+4LTWAeHq3Oulxc0Ft4GQ==,2026-07-30 15:37:05,
285/1048,SRX22836418,uploaded,gs://arc-institute-virtual-cell-atlas/scbasecount/2026-01-12/h5ad/GeneFull/Homo_sapiens/SRX22836418.h5ad,arc-institute-virtual-cell-atlas/scbasecount/2026-01-12/h5ad/GeneFull/Homo_sapiens/SRX22836418.h5ad,xsx/UhdJuyIZy/GTzEgKHw==,2026-07-30 15:37:14,
286/1048,SRX22836421,uploaded,gs://arc-institute-virtual-cell-atlas/scbasecount/2026-01-12/h5ad/GeneFull/Homo_sapiens/SRX22836421.h5ad,arc-institute-virtual-cell-atlas/scbasecount/2026-01-12/h5ad/GeneFull/Homo_sapiens/SRX22836421.h5ad,3CJ4wBkUEzeGyGDfNfrAzw==,2026-07-30 15:37:24,
287/1048,SRX23341417,uploaded,gs://arc-institute-virtual-cell-atlas/scbasecount/2026-01-12/h5ad/GeneFull/Homo_sapiens/SRX23341417.h5ad,arc-institute-virtual-cell-atlas/scbasecount/2026-01-12/h5ad/GeneFull/Homo_sapiens/SRX23341417.h5ad,wY6e5C+O+VHzllyd+fXBkQ==,2026-07-30 15:37:25,
288/1048,SRX23341416,uploaded,gs://arc-institute-virtual-cell-atlas/scbasecount/2026-01-12/h5ad/GeneFull/Homo_sapiens/SRX23341416.h5ad,arc-institute-virtual-cell-atlas/scbasecount/2026-01-12/h5ad/GeneFull/Homo_sapiens/SRX23341416.h5ad,Se7EhoI2sqtoDO68yFDBzQ==,2026-07-30 15:37:28,
289/1048,SRX23341414,uploaded,gs://arc-institute-virtual-cell-atlas/scbasecount/2026-01-12/h5ad/GeneFull/Homo_sapiens/SRX23341414.h5ad,arc-institute-virtual-cell-atlas/scbasecount/2026-01-12/h5ad/GeneFull/Homo_sapiens/SRX23341414.h5ad,8DVSwbAKv0bmGHENV3H+9A==,2026-07-30 15:37:30,
290/1048,SRX23331467,uploaded,gs://arc-institute-virtual-cell-atlas/scbasecount/2026-01-12/h5ad/GeneFull/Homo_sapiens/SRX23331467.h5ad,arc-institute-virtual-cell-atlas/scbasecount/2026-01-12/h5ad/GeneFull/Homo_sapiens/SRX23331467.h5ad,eP8v00IAzim7DwZdTMCZNA==,2026-07-30 15:37:34,
291/1048,SRX23341415,uploaded,gs://arc-institute-virtual-cell-atlas/scbasecount/2026-01-12/h5ad/GeneFull/Homo_sapiens/SRX23341415.h5ad,arc-institute-virtual-cell-atlas/scbasecount/2026-01-12/h5ad/GeneFull/Homo_sapiens/SRX23341415.h5ad,YwgA6YSKMEer2CJBHZASxg==,2026-07-30 15:37:37,
292/1048,SRX23331461,uploaded,gs://arc-institute-virtual-cell-atlas/scbasecount/2026-01-12/h5ad/GeneFull/Homo_sapiens/SRX23331461.h5ad,arc-institute-virtual-cell-atlas/scbasecount/2026-01-12/h5ad/GeneFull/Homo_sapiens/SRX23331461.h5ad,TvGp8wABiMwRLU+hQhIuxA==,2026-07-30 15:37:48,
293/1048,SRX23331464,uploaded,gs://arc-institute-virtual-cell-atlas/scbasecount/2026-01-12/h5ad/GeneFull/Homo_sapiens/SRX23331464.h5ad,arc-institute-virtual-cell-atlas/scbasecount/2026-01-12/h5ad/GeneFull/Homo_sapiens/SRX23331464.h5ad,xY6Zi9YY49UTrx09uPOVqw==,2026-07-30 15:38:02,
294/1048,SRX23331473,uploaded,gs://arc-institute-virtual-cell-atlas/scbasecount/2026-01-12/h5ad/GeneFull/Homo_sapiens/SRX23331473.h5ad,arc-institute-virtual-cell-atlas/scbasecount/2026-01-12/h5ad/GeneFull/Homo_sapiens/SRX23331473.h5ad,SiMhHqGGC7mbO/+6rqB/JQ==,2026-07-30 15:38:12,
295/1048,SRX23395181,uploaded,gs://arc-institute-virtual-cell-atlas/scbasecount/2026-01-12/h5ad/GeneFull/Homo_sapiens/SRX23395181.h5ad,arc-institute-virtual-cell-atlas/scbasecount/2026-01-12/h5ad/GeneFull/Homo_sapiens/SRX23395181.h5ad,ng7JeqzPfDP0X8tDXnBsXw==,2026-07-30 15:38:18,
296/1048,SRX23395180,uploaded,gs://arc-institute-virtual-cell-atlas/scbasecount/2026-01-12/h5ad/GeneFull/Homo_sapiens/SRX23395180.h5ad,arc-institute-virtual-cell-atlas/scbasecount/2026-01-12/h5ad/GeneFull/Homo_sapiens/SRX23395180.h5ad,YFtT1mXeCiqMdhDKdPeEZg==,2026-07-30 15:38:22,
297/1048,SRX23331470,uploaded,gs://arc-institute-virtual-cell-atlas/scbasecount/2026-01-12/h5ad/GeneFull/Homo_sapiens/SRX23331470.h5ad,arc-institute-virtual-cell-atlas/scbasecount/2026-01-12/h5ad/GeneFull/Homo_sapiens/SRX23331470.h5ad,BLiKze/0EModbw+ZLrP4eQ==,2026-07-30 15:38:38,
298/1048,SRX23331469,uploaded,gs://arc-institute-virtual-cell-atlas/scbasecount/2026-01-12/h5ad/GeneFull/Homo_sapiens/SRX23331469.h5ad,arc-institute-virtual-cell-atlas/scbasecount/2026-01-12/h5ad/GeneFull/Homo_sapiens/SRX23331469.h5ad,zf0G4MqifpaOvu8TH4idsA==,2026-07-30 15:38:51,
299/1048,SRX23395182,uploaded,gs://arc-institute-virtual-cell-atlas/scbasecount/2026-01-12/h5ad/GeneFull/Homo_sapiens/SRX23395182.h5ad,arc-institute-virtual-cell-atlas/scbasecount/2026-01-12/h5ad/GeneFull/Homo_sapiens/SRX23395182.h5ad,DXhalMo9yHfmVjruVVykWw==,2026-07-30 15:38:54,
300/1048,SRX23395185,skipped,gs://arc-institute-virtual-cell-atlas/scbasecount/2026-01-12/h5ad/GeneFull/Homo_sapiens/SRX23395185.h5ad,arc-institute-virtual-cell-atlas/scbasecount/2026-01-12/h5ad/GeneFull/Homo_sapiens/SRX23395185.h5ad,ajFJtpQsKKoN6oAuBSD/vw==,2026-07-30 15:38:54,
301/1048,SRX23395189,uploaded,gs://arc-institute-virtual-cell-atlas/scbasecount/2026-01-12/h5ad/GeneFull/Homo_sapiens/SRX23395189.h5ad,arc-institute-virtual-cell-atlas/scbasecount/2026-01-12/h5ad/GeneFull/Homo_sapiens/SRX23395189.h5ad,gzY4LGUeABTE3WHN7MXqfw==,2026-07-30 15:38:59,
302/1048,SRX23457973,uploaded,gs://arc-institute-virtual-cell-atlas/scbasecount/2026-01-12/h5ad/GeneFull/Homo_sapiens/SRX23457973.h5ad,arc-institute-virtual-cell-atlas/scbasecount/2026-01-12/h5ad/GeneFull/Homo_sapiens/SRX23457973.h5ad,eW/D/NBIGZPp+P4thezZWw==,2026-07-30 15:39:04,
303/1048,SRX23457969,uploaded,gs://arc-institute-virtual-cell-atlas/scbasecount/2026-01-12/h5ad/GeneFull/Homo_sapiens/SRX23457969.h5ad,arc-institute-virtual-cell-atlas/scbasecount/2026-01-12/h5ad/GeneFull/Homo_sapiens/SRX23457969.h5ad,t1p2rDMHSiM3Y39fPV/mTA==,2026-07-30 15:39:08,
304/1048,SRX23386175,uploaded,gs://arc-institute-virtual-cell-atlas/scbasecount/2026-01-12/h5ad/GeneFull/Homo_sapiens/SRX23386175.h5ad,arc-institute-virtual-cell-atlas/scbasecount/2026-01-12/h5ad/GeneFull/Homo_sapiens/SRX23386175.h5ad,Dv/l11In0ww2d+055Y7jhA==,2026-07-30 15:39:15,
305/1048,SRX23902409,uploaded,gs://arc-institute-virtual-cell-atlas/scbasecount/2026-01-12/h5ad/GeneFull/Homo_sapiens/SRX23902409.h5ad,arc-institute-virtual-cell-atlas/scbasecount/2026-01-12/h5ad/GeneFull/Homo_sapiens/SRX23902409.h5ad,XkCWuRrphVpdlFmJPsATHQ==,2026-07-30 15:39:23,
306/1048,SRX23826524,uploaded,gs://arc-institute-virtual-cell-atlas/scbasecount/2026-01-12/h5ad/GeneFull/Homo_sapiens/SRX23826524.h5ad,arc-institute-virtual-cell-atlas/scbasecount/2026-01-12/h5ad/GeneFull/Homo_sapiens/SRX23826524.h5ad,dcQ8gfSPYaqtOnuAhObNBw==,2026-07-30 15:39:30,
307/1048,SRX23825229,uploaded,gs://arc-institute-virtual-cell-atlas/scbasecount/2026-01-12/h5ad/GeneFull/Homo_sapiens/SRX23825229.h5ad,arc-institute-virtual-cell-atlas/scbasecount/2026-01-12/h5ad/GeneFull/Homo_sapiens/SRX23825229.h5ad,2p8AIFrmtIgZu2Ugf6UnHQ==,2026-07-30 15:39:34,
308/1048,SRX23825228,uploaded,gs://arc-institute-virtual-cell-atlas/scbasecount/2026-01-12/h5ad/GeneFull/Homo_sapiens/SRX23825228.h5ad,arc-institute-virtual-cell-atlas/scbasecount/2026-01-12/h5ad/GeneFull/Homo_sapiens/SRX23825228.h5ad,jg31V3wVCKkV8OF1JQUc+w==,2026-07-30 15:39:39,
309/1048,SRX23825230,uploaded,gs://arc-institute-virtual-cell-atlas/scbasecount/2026-01-12/h5ad/GeneFull/Homo_sapiens/SRX23825230.h5ad,arc-institute-virtual-cell-atlas/scbasecount/2026-01-12/h5ad/GeneFull/Homo_sapiens/SRX23825230.h5ad,d5lkQtvRa/lj0gzuGVbuOA==,2026-07-30 15:39:49,
310/1048,SRX23826525,uploaded,gs://arc-institute-virtual-cell-atlas/scbasecount/2026-01-12/h5ad/GeneFull/Homo_sapiens/SRX23826525.h5ad,arc-institute-virtual-cell-atlas/scbasecount/2026-01-12/h5ad/GeneFull/Homo_sapiens/SRX23826525.h5ad,jaKTS+cJGVtvlnkE7U2Uug==,2026-07-30 15:40:01,
311/1048,SRX23825226,uploaded,gs://arc-institute-virtual-cell-atlas/scbasecount/2026-01-12/h5ad/GeneFull/Homo_sapiens/SRX23825226.h5ad,arc-institute-virtual-cell-atlas/scbasecount/2026-01-12/h5ad/GeneFull/Homo_sapiens/SRX23825226.h5ad,U0nP8aWUIEz6Fs8WwC0fUg==,2026-07-30 15:40:07,
312/1048,SRX23825225,uploaded,gs://arc-institute-virtual-cell-atlas/scbasecount/2026-01-12/h5ad/GeneFull/Homo_sapiens/SRX23825225.h5ad,arc-institute-virtual-cell-atlas/scbasecount/2026-01-12/h5ad/GeneFull/Homo_sapiens/SRX23825225.h5ad,EugtCNXzWAwD/KEVZHahFg==,2026-07-30 15:40:15,
313/1048,SRX24312780,uploaded,gs://arc-institute-virtual-cell-atlas/scbasecount/2026-01-12/h5ad/GeneFull/Homo_sapiens/SRX24312780.h5ad,arc-institute-virtual-cell-atlas/scbasecount/2026-01-12/h5ad/GeneFull/Homo_sapiens/SRX24312780.h5ad,cZfxK9XpgZMn2Rfu8ivkVA==,2026-07-30 15:40:27,
314/1048,SRX24312783,uploaded,gs://arc-institute-virtual-cell-atlas/scbasecount/2026-01-12/h5ad/GeneFull/Homo_sapiens/SRX24312783.h5ad,arc-institute-virtual-cell-atlas/scbasecount/2026-01-12/h5ad/GeneFull/Homo_sapiens/SRX24312783.h5ad,b2ZQ0tZYv9IUcEqmZBBObg==,2026-07-30 15:40:35,
315/1048,SRX24312782,uploaded,gs://arc-institute-virtual-cell-atlas/scbasecount/2026-01-12/h5ad/GeneFull/Homo_sapiens/SRX24312782.h5ad,arc-institute-virtual-cell-atlas/scbasecount/2026-01-12/h5ad/GeneFull/Homo_sapiens/SRX24312782.h5ad,JP+2Rm6HjIpq24R4/oMVBQ==,2026-07-30 15:40:43,
316/1048,SRX24312784,uploaded,gs://arc-institute-virtual-cell-atlas/scbasecount/2026-01-12/h5ad/GeneFull/Homo_sapiens/SRX24312784.h5ad,arc-institute-virtual-cell-atlas/scbasecount/2026-01-12/h5ad/GeneFull/Homo_sapiens/SRX24312784.h5ad,+KfERnqanSdgg+s+UcnR7g==,2026-07-30 15:40:55,
317/1048,SRX24312768,uploaded,gs://arc-institute-virtual-cell-atlas/scbasecount/2026-01-12/h5ad/GeneFull/Homo_sapiens/SRX24312768.h5ad,arc-institute-virtual-cell-atlas/scbasecount/2026-01-12/h5ad/GeneFull/Homo_sapiens/SRX24312768.h5ad,BqS1A1joIS0g120VqRJWsQ==,2026-07-30 15:41:12,
318/1048,SRX23395183,uploaded,gs://arc-institute-virtual-cell-atlas/scbasecount/2026-01-12/h5ad/GeneFull/Homo_sapiens/SRX23395183.h5ad,arc-institute-virtual-cell-atlas/scbasecount/2026-01-12/h5ad/GeneFull/Homo_sapiens/SRX23395183.h5ad,N16SlIf4Q0VQvZniWaRaDg==,2026-07-30 15:41:17,
319/1048,SRX22996332,uploaded,gs://arc-institute-virtual-cell-atlas/scbasecount/2026-01-12/h5ad/GeneFull/Homo_sapiens/SRX22996332.h5ad,arc-institute-virtual-cell-atlas/scbasecount/2026-01-12/h5ad/GeneFull/Homo_sapiens/SRX22996332.h5ad,kZbjrqouIBiqcw8PNQY3bg==,2026-07-30 15:41:21,
320/1048,SRX23331466,uploaded,gs://arc-institute-virtual-cell-atlas/scbasecount/2026-01-12/h5ad/GeneFull/Homo_sapiens/SRX23331466.h5ad,arc-institute-virtual-cell-atlas/scbasecount/2026-01-12/h5ad/GeneFull/Homo_sapiens/SRX23331466.h5ad,YdLhKzrqYwmDwXcSCS74Mg==,2026-07-30 15:41:37,
321/1048,SRX23457972,uploaded,gs://arc-institute-virtual-cell-atlas/scbasecount/2026-01-12/h5ad/GeneFull/Homo_sapiens/SRX23457972.h5ad,arc-institute-virtual-cell-atlas/scbasecount/2026-01-12/h5ad/GeneFull/Homo_sapiens/SRX23457972.h5ad,DzVxV252pxU5kd4ikdueIA==,2026-07-30 15:41:41,
322/1048,SRX23457970,uploaded,gs://arc-institute-virtual-cell-atlas/scbasecount/2026-01-12/h5ad/GeneFull/Homo_sapiens/SRX23457970.h5ad,arc-institute-virtual-cell-atlas/scbasecount/2026-01-12/h5ad/GeneFull/Homo_sapiens/SRX23457970.h5ad,7If9K0cNBF6hSi12+gxYJw==,2026-07-30 15:41:45,
323/1048,SRX23457983,uploaded,gs://arc-institute-virtual-cell-atlas/scbasecount/2026-01-12/h5ad/GeneFull/Homo_sapiens/SRX23457983.h5ad,arc-institute-virtual-cell-atlas/scbasecount/2026-01-12/h5ad/GeneFull/Homo_sapiens/SRX23457983.h5ad,5bZrRNWIa5/qWeQRVg4i9A==,2026-07-30 15:41:48,
324/1048,SRX23457982,uploaded,gs://arc-institute-virtual-cell-atlas/scbasecount/2026-01-12/h5ad/GeneFull/Homo_sapiens/SRX23457982.h5ad,arc-institute-virtual-cell-atlas/scbasecount/2026-01-12/h5ad/GeneFull/Homo_sapiens/SRX23457982.h5ad,hAWkvwVe1a5wWjxRUyHBaw==,2026-07-30 15:41:52,
325/1048,SRX23825222,uploaded,gs://arc-institute-virtual-cell-atlas/scbasecount/2026-01-12/h5ad/GeneFull/Homo_sapiens/SRX23825222.h5ad,arc-institute-virtual-cell-atlas/scbasecount/2026-01-12/h5ad/GeneFull/Homo_sapiens/SRX23825222.h5ad,9qs5NzzSMAd7xGNlX6lwJA==,2026-07-30 15:42:09,
326/1048,SRX24312785,uploaded,gs://arc-institute-virtual-cell-atlas/scbasecount/2026-01-12/h5ad/GeneFull/Homo_sapiens/SRX24312785.h5ad,arc-institute-virtual-cell-atlas/scbasecount/2026-01-12/h5ad/GeneFull/Homo_sapiens/SRX24312785.h5ad,W9saoAwvFimsD7zFUbFklQ==,2026-07-30 15:42:19,
327/1048,SRX24476190,uploaded,gs://arc-institute-virtual-cell-atlas/scbasecount/2026-01-12/h5ad/GeneFull/Homo_sapiens/SRX24476190.h5ad,arc-institute-virtual-cell-atlas/scbasecount/2026-01-12/h5ad/GeneFull/Homo_sapiens/SRX24476190.h5ad,S8qbt126ln0SKm76N8uiYw==,2026-07-30 15:42:25,
328/1048,SRX24476192,uploaded,gs://arc-institute-virtual-cell-atlas/scbasecount/2026-01-12/h5ad/GeneFull/Homo_sapiens/SRX24476192.h5ad,arc-institute-virtual-cell-atlas/scbasecount/2026-01-12/h5ad/GeneFull/Homo_sapiens/SRX24476192.h5ad,Gf8n+/63ZsO0mGWv+z+FIw==,2026-07-30 15:42:29,
329/1048,SRX24475802,uploaded,gs://arc-institute-virtual-cell-atlas/scbasecount/2026-01-12/h5ad/GeneFull/Homo_sapiens/SRX24475802.h5ad,arc-institute-virtual-cell-atlas/scbasecount/2026-01-12/h5ad/GeneFull/Homo_sapiens/SRX24475802.h5ad,FKnvwO1d4B3XQVblq7qKqQ==,2026-07-30 15:42:36,
330/1048,SRX24475794,uploaded,gs://arc-institute-virtual-cell-atlas/scbasecount/2026-01-12/h5ad/GeneFull/Homo_sapiens/SRX24475794.h5ad,arc-institute-virtual-cell-atlas/scbasecount/2026-01-12/h5ad/GeneFull/Homo_sapiens/SRX24475794.h5ad,s/6bYBfkhaGbxh8UKvUEDQ==,2026-07-30 15:42:43,
331/1048,SRX24475786,uploaded,gs://arc-institute-virtual-cell-atlas/scbasecount/2026-01-12/h5ad/GeneFull/Homo_sapiens/SRX24475786.h5ad,arc-institute-virtual-cell-atlas/scbasecount/2026-01-12/h5ad/GeneFull/Homo_sapiens/SRX24475786.h5ad,IWIv7Q7h6xbZ3wHWP0AtYQ==,2026-07-30 15:42:53,
332/1048,SRX24475787,uploaded,gs://arc-institute-virtual-cell-atlas/scbasecount/2026-01-12/h5ad/GeneFull/Homo_sapiens/SRX24475787.h5ad,arc-institute-virtual-cell-atlas/scbasecount/2026-01-12/h5ad/GeneFull/Homo_sapiens/SRX24475787.h5ad,clr9aWEK49yaQ1ooHeaBwg==,2026-07-30 15:43:06,
333/1048,SRX24475788,uploaded,gs://arc-institute-virtual-cell-atlas/scbasecount/2026-01-12/h5ad/GeneFull/Homo_sapiens/SRX24475788.h5ad,arc-institute-virtual-cell-atlas/scbasecount/2026-01-12/h5ad/GeneFull/Homo_sapiens/SRX24475788.h5ad,Jua0T5ZPVRwHPdd/FAanIg==,2026-07-30 15:43:12,
334/1048,SRX24475800,uploaded,gs://arc-institute-virtual-cell-atlas/scbasecount/2026-01-12/h5ad/GeneFull/Homo_sapiens/SRX24475800.h5ad,arc-institute-virtual-cell-atlas/scbasecount/2026-01-12/h5ad/GeneFull/Homo_sapiens/SRX24475800.h5ad,+m/KT0PJbwLiWvlYNj4iJw==,2026-07-30 15:43:21,
335/1048,SRX24475799,uploaded,gs://arc-institute-virtual-cell-atlas/scbasecount/2026-01-12/h5ad/GeneFull/Homo_sapiens/SRX24475799.h5ad,arc-institute-virtual-cell-atlas/scbasecount/2026-01-12/h5ad/GeneFull/Homo_sapiens/SRX24475799.h5ad,8HsyvmJRepd9zz52XwI/EQ==,2026-07-30 15:43:32,
336/1048,SRX24475790,uploaded,gs://arc-institute-virtual-cell-atlas/scbasecount/2026-01-12/h5ad/GeneFull/Homo_sapiens/SRX24475790.h5ad,arc-institute-virtual-cell-atlas/scbasecount/2026-01-12/h5ad/GeneFull/Homo_sapiens/SRX24475790.h5ad,RfNTODkLZPFIFHAW5PSLzw==,2026-07-30 15:43:39,
337/1048,SRX24475789,uploaded,gs://arc-institute-virtual-cell-atlas/scbasecount/2026-01-12/h5ad/GeneFull/Homo_sapiens/SRX24475789.h5ad,arc-institute-virtual-cell-atlas/scbasecount/2026-01-12/h5ad/GeneFull/Homo_sapiens/SRX24475789.h5ad,J10OSE1PCBy2WF1K7iOdCQ==,2026-07-30 15:43:52,
338/1048,SRX24475795,uploaded,gs://arc-institute-virtual-cell-atlas/scbasecount/2026-01-12/h5ad/GeneFull/Homo_sapiens/SRX24475795.h5ad,arc-institute-virtual-cell-atlas/scbasecount/2026-01-12/h5ad/GeneFull/Homo_sapiens/SRX24475795.h5ad,ySMAm4+ksWfFnvaCw7wAMg==,2026-07-30 15:44:00,
339/1048,SRX24476191,uploaded,gs://arc-institute-virtual-cell-atlas/scbasecount/2026-01-12/h5ad/GeneFull/Homo_sapiens/SRX24476191.h5ad,arc-institute-virtual-cell-atlas/scbasecount/2026-01-12/h5ad/GeneFull/Homo_sapiens/SRX24476191.h5ad,F+CJqm8qqm0JerrAQAfk4A==,2026-07-30 15:44:03,
340/1048,SRX24475798,uploaded,gs://arc-institute-virtual-cell-atlas/scbasecount/2026-01-12/h5ad/GeneFull/Homo_sapiens/SRX24475798.h5ad,arc-institute-virtual-cell-atlas/scbasecount/2026-01-12/h5ad/GeneFull/Homo_sapiens/SRX24475798.h5ad,rJJtn+5txGdmA3gzcBcr+A==,2026-07-30 15:44:14,
341/1048,SRX24475785,uploaded,gs://arc-institute-virtual-cell-atlas/scbasecount/2026-01-12/h5ad/GeneFull/Homo_sapiens/SRX24475785.h5ad,arc-institute-virtual-cell-atlas/scbasecount/2026-01-12/h5ad/GeneFull/Homo_sapiens/SRX24475785.h5ad,UdEuiXI39jCajbGCKp7PxQ==,2026-07-30 15:44:25,
342/1048,SRX24475797,uploaded,gs://arc-institute-virtual-cell-atlas/scbasecount/2026-01-12/h5ad/GeneFull/Homo_sapiens/SRX24475797.h5ad,arc-institute-virtual-cell-atlas/scbasecount/2026-01-12/h5ad/GeneFull/Homo_sapiens/SRX24475797.h5ad,vqLX7U9UzQf91SeNNlrZKQ==,2026-07-30 15:44:40,
343/1048,SRX24285425,uploaded,gs://arc-institute-virtual-cell-atlas/scbasecount/2026-01-12/h5ad/GeneFull/Homo_sapiens/SRX24285425.h5ad,arc-institute-virtual-cell-atlas/scbasecount/2026-01-12/h5ad/GeneFull/Homo_sapiens/SRX24285425.h5ad,8T7DQt9W1v7wQVwzIwpvVg==,2026-07-30 15:44:51,
344/1048,SRX25261714,uploaded,gs://arc-institute-virtual-cell-atlas/scbasecount/2026-01-12/h5ad/GeneFull/Homo_sapiens/SRX25261714.h5ad,arc-institute-virtual-cell-atlas/scbasecount/2026-01-12/h5ad/GeneFull/Homo_sapiens/SRX25261714.h5ad,SgWouFYyaiQ8EO4OrrTo4Q==,2026-07-30 15:44:55,
345/1048,SRX25261715,uploaded,gs://arc-institute-virtual-cell-atlas/scbasecount/2026-01-12/h5ad/GeneFull/Homo_sapiens/SRX25261715.h5ad,arc-institute-virtual-cell-atlas/scbasecount/2026-01-12/h5ad/GeneFull/Homo_sapiens/SRX25261715.h5ad,i9T/L9E1Y7NMLj7GcXygPA==,2026-07-30 15:44:58,
346/1048,SRX25261720,uploaded,gs://arc-institute-virtual-cell-atlas/scbasecount/2026-01-12/h5ad/GeneFull/Homo_sapiens/SRX25261720.h5ad,arc-institute-virtual-cell-atlas/scbasecount/2026-01-12/h5ad/GeneFull/Homo_sapiens/SRX25261720.h5ad,TK2xoJIKdpTQ63iCmd1ynQ==,2026-07-30 15:45:04,
347/1048,SRX25261738,uploaded,gs://arc-institute-virtual-cell-atlas/scbasecount/2026-01-12/h5ad/GeneFull/Homo_sapiens/SRX25261738.h5ad,arc-institute-virtual-cell-atlas/scbasecount/2026-01-12/h5ad/GeneFull/Homo_sapiens/SRX25261738.h5ad,xGF27Q0V7GsPvcgzAsIAkQ==,2026-07-30 15:45:13,
348/1048,SRX25261763,uploaded,gs://arc-institute-virtual-cell-atlas/scbasecount/2026-01-12/h5ad/GeneFull/Homo_sapiens/SRX25261763.h5ad,arc-institute-virtual-cell-atlas/scbasecount/2026-01-12/h5ad/GeneFull/Homo_sapiens/SRX25261763.h5ad,pl7N1UidfjqgfDZ8Wq4nMg==,2026-07-30 15:45:16,
349/1048,SRX25289879,uploaded,gs://arc-institute-virtual-cell-atlas/scbasecount/2026-01-12/h5ad/GeneFull/Homo_sapiens/SRX25289879.h5ad,arc-institute-virtual-cell-atlas/scbasecount/2026-01-12/h5ad/GeneFull/Homo_sapiens/SRX25289879.h5ad,xohOg20GvHTfpwCe5tL4CQ==,2026-07-30 15:45:27,
350/1048,SRX10327369,uploaded,gs://arc-institute-virtual-cell-atlas/scbasecount/2026-01-12/h5ad/GeneFull/Homo_sapiens/SRX10327369.h5ad,arc-institute-virtual-cell-atlas/scbasecount/2026-01-12/h5ad/GeneFull/Homo_sapiens/SRX10327369.h5ad,AVnqFqRDgQ64CrTv8k8c5Q==,2026-07-30 15:45:36,
351/1048,SRX26487571,uploaded,gs://arc-institute-virtual-cell-atlas/scbasecount/2026-01-12/h5ad/GeneFull/Homo_sapiens/SRX26487571.h5ad,arc-institute-virtual-cell-atlas/scbasecount/2026-01-12/h5ad/GeneFull/Homo_sapiens/SRX26487571.h5ad,MCQx1oYFxFa2tGLQjN3zFA==,2026-07-30 15:45:39,
352/1048,SRX25319035,uploaded,gs://arc-institute-virtual-cell-atlas/scbasecount/2026-01-12/h5ad/GeneFull/Homo_sapiens/SRX25319035.h5ad,arc-institute-virtual-cell-atlas/scbasecount/2026-01-12/h5ad/GeneFull/Homo_sapiens/SRX25319035.h5ad,5XvTBFKqhJ7fM6qSrIqguA==,2026-07-30 15:45:51,
353/1048,SRX26487579,uploaded,gs://arc-institute-virtual-cell-atlas/scbasecount/2026-01-12/h5ad/GeneFull/Homo_sapiens/SRX26487579.h5ad,arc-institute-virtual-cell-atlas/scbasecount/2026-01-12/h5ad/GeneFull/Homo_sapiens/SRX26487579.h5ad,lMpizLTCTIuHcT4jZGNDwQ==,2026-07-30 15:45:54,
354/1048,SRX10327367,uploaded,gs://arc-institute-virtual-cell-atlas/scbasecount/2026-01-12/h5ad/GeneFull/Homo_sapiens/SRX10327367.h5ad,arc-institute-virtual-cell-atlas/scbasecount/2026-01-12/h5ad/GeneFull/Homo_sapiens/SRX10327367.h5ad,f71WGCyKCxqkkEuHC33+xQ==,2026-07-30 15:46:03,
355/1048,SRX25363535,uploaded,gs://arc-institute-virtual-cell-atlas/scbasecount/2026-01-12/h5ad/GeneFull/Homo_sapiens/SRX25363535.h5ad,arc-institute-virtual-cell-atlas/scbasecount/2026-01-12/h5ad/GeneFull/Homo_sapiens/SRX25363535.h5ad,EGyzRwbz7tdARMzKM/CuXA==,2026-07-30 15:46:11,
356/1048,SRX26487596,uploaded,gs://arc-institute-virtual-cell-atlas/scbasecount/2026-01-12/h5ad/GeneFull/Homo_sapiens/SRX26487596.h5ad,arc-institute-virtual-cell-atlas/scbasecount/2026-01-12/h5ad/GeneFull/Homo_sapiens/SRX26487596.h5ad,BHHbRLSluXNSGWqUB4Jnpg==,2026-07-30 15:46:15,
357/1048,SRX25319034,uploaded,gs://arc-institute-virtual-cell-atlas/scbasecount/2026-01-12/h5ad/GeneFull/Homo_sapiens/SRX25319034.h5ad,arc-institute-virtual-cell-atlas/scbasecount/2026-01-12/h5ad/GeneFull/Homo_sapiens/SRX25319034.h5ad,0sFUzFjKyjTEtdWeBaHBGw==,2026-07-30 15:46:31,
358/1048,SRX26487589,uploaded,gs://arc-institute-virtual-cell-atlas/scbasecount/2026-01-12/h5ad/GeneFull/Homo_sapiens/SRX26487589.h5ad,arc-institute-virtual-cell-atlas/scbasecount/2026-01-12/h5ad/GeneFull/Homo_sapiens/SRX26487589.h5ad,j6iT/sS3I/5+n8n6SeiOxw==,2026-07-30 15:46:34,
359/1048,SRX25319042,uploaded,gs://arc-institute-virtual-cell-atlas/scbasecount/2026-01-12/h5ad/GeneFull/Homo_sapiens/SRX25319042.h5ad,arc-institute-virtual-cell-atlas/scbasecount/2026-01-12/h5ad/GeneFull/Homo_sapiens/SRX25319042.h5ad,rVxy+gl/IhJXdWmHRmKXmQ==,2026-07-30 15:46:45,
360/1048,SRX26487597,uploaded,gs://arc-institute-virtual-cell-atlas/scbasecount/2026-01-12/h5ad/GeneFull/Homo_sapiens/SRX26487597.h5ad,arc-institute-virtual-cell-atlas/scbasecount/2026-01-12/h5ad/GeneFull/Homo_sapiens/SRX26487597.h5ad,QTP67QAE3RAxs8VLpxREAA==,2026-07-30 15:46:47,
361/1048,SRX25363532,uploaded,gs://arc-institute-virtual-cell-atlas/scbasecount/2026-01-12/h5ad/GeneFull/Homo_sapiens/SRX25363532.h5ad,arc-institute-virtual-cell-atlas/scbasecount/2026-01-12/h5ad/GeneFull/Homo_sapiens/SRX25363532.h5ad,UVS3OP1U0MMTCFMh5tSzMA==,2026-07-30 15:46:54,
362/1048,SRX25363540,uploaded,gs://arc-institute-virtual-cell-atlas/scbasecount/2026-01-12/h5ad/GeneFull/Homo_sapiens/SRX25363540.h5ad,arc-institute-virtual-cell-atlas/scbasecount/2026-01-12/h5ad/GeneFull/Homo_sapiens/SRX25363540.h5ad,UtZJu6Ep8cJRfQ/4hvBZgQ==,2026-07-30 15:47:01,
363/1048,SRX25363537,uploaded,gs://arc-institute-virtual-cell-atlas/scbasecount/2026-01-12/h5ad/GeneFull/Homo_sapiens/SRX25363537.h5ad,arc-institute-virtual-cell-atlas/scbasecount/2026-01-12/h5ad/GeneFull/Homo_sapiens/SRX25363537.h5ad,yklvTXOG5eM8yNyt7GiMkg==,2026-07-30 15:47:09,
364/1048,SRX26487601,uploaded,gs://arc-institute-virtual-cell-atlas/scbasecount/2026-01-12/h5ad/GeneFull/Homo_sapiens/SRX26487601.h5ad,arc-institute-virtual-cell-atlas/scbasecount/2026-01-12/h5ad/GeneFull/Homo_sapiens/SRX26487601.h5ad,Ga9LZOyvVU0BihqnFvDPww==,2026-07-30 15:47:13,
365/1048,SRX26487576,uploaded,gs://arc-institute-virtual-cell-atlas/scbasecount/2026-01-12/h5ad/GeneFull/Homo_sapiens/SRX26487576.h5ad,arc-institute-virtual-cell-atlas/scbasecount/2026-01-12/h5ad/GeneFull/Homo_sapiens/SRX26487576.h5ad,I/QyH33nG0p03cfxJa0NQQ==,2026-07-30 15:47:21,
366/1048,SRX26487560,uploaded,gs://arc-institute-virtual-cell-atlas/scbasecount/2026-01-12/h5ad/GeneFull/Homo_sapiens/SRX26487560.h5ad,arc-institute-virtual-cell-atlas/scbasecount/2026-01-12/h5ad/GeneFull/Homo_sapiens/SRX26487560.h5ad,TZ4zuFyk+D7oeDoTIQeppw==,2026-07-30 15:47:29,
367/1048,SRX26487590,uploaded,gs://arc-institute-virtual-cell-atlas/scbasecount/2026-01-12/h5ad/GeneFull/Homo_sapiens/SRX26487590.h5ad,arc-institute-virtual-cell-atlas/scbasecount/2026-01-12/h5ad/GeneFull/Homo_sapiens/SRX26487590.h5ad,JGjmJnG3ea7YO6zVhKZ8Tg==,2026-07-30 15:47:38,
368/1048,SRX26487600,uploaded,gs://arc-institute-virtual-cell-atlas/scbasecount/2026-01-12/h5ad/GeneFull/Homo_sapiens/SRX26487600.h5ad,arc-institute-virtual-cell-atlas/scbasecount/2026-01-12/h5ad/GeneFull/Homo_sapiens/SRX26487600.h5ad,qtt17TlkSU0WE7yxUOC2kw==,2026-07-30 15:47:45,
369/1048,SRX25507043,uploaded,gs://arc-institute-virtual-cell-atlas/scbasecount/2026-01-12/h5ad/GeneFull/Homo_sapiens/SRX25507043.h5ad,arc-institute-virtual-cell-atlas/scbasecount/2026-01-12/h5ad/GeneFull/Homo_sapiens/SRX25507043.h5ad,adkXukXsuDq2Od4/wk51kQ==,2026-07-30 15:47:54,
370/1048,SRX25507031,uploaded,gs://arc-institute-virtual-cell-atlas/scbasecount/2026-01-12/h5ad/GeneFull/Homo_sapiens/SRX25507031.h5ad,arc-institute-virtual-cell-atlas/scbasecount/2026-01-12/h5ad/GeneFull/Homo_sapiens/SRX25507031.h5ad,YFAJ18JplaBg3/mzVk+oIg==,2026-07-30 15:48:03,
371/1048,SRX25507041,uploaded,gs://arc-institute-virtual-cell-atlas/scbasecount/2026-01-12/h5ad/GeneFull/Homo_sapiens/SRX25507041.h5ad,arc-institute-virtual-cell-atlas/scbasecount/2026-01-12/h5ad/GeneFull/Homo_sapiens/SRX25507041.h5ad,Nwwb9gtAfXPGRwB8482HVg==,2026-07-30 15:48:15,
372/1048,SRX25507055,uploaded,gs://arc-institute-virtual-cell-atlas/scbasecount/2026-01-12/h5ad/GeneFull/Homo_sapiens/SRX25507055.h5ad,arc-institute-virtual-cell-atlas/scbasecount/2026-01-12/h5ad/GeneFull/Homo_sapiens/SRX25507055.h5ad,IL5vmhCgky9Y2NRXo5FurQ==,2026-07-30 15:48:26,
373/1048,SRX25507051,uploaded,gs://arc-institute-virtual-cell-atlas/scbasecount/2026-01-12/h5ad/GeneFull/Homo_sapiens/SRX25507051.h5ad,arc-institute-virtual-cell-atlas/scbasecount/2026-01-12/h5ad/GeneFull/Homo_sapiens/SRX25507051.h5ad,Qkj5yYjJ+WiG/YqOe5mTSA==,2026-07-30 15:48:36,
374/1048,SRX26524303,uploaded,gs://arc-institute-virtual-cell-atlas/scbasecount/2026-01-12/h5ad/GeneFull/Homo_sapiens/SRX26524303.h5ad,arc-institute-virtual-cell-atlas/scbasecount/2026-01-12/h5ad/GeneFull/Homo_sapiens/SRX26524303.h5ad,6cA/gj3uneDv8blOspm7Og==,2026-07-30 15:48:43,
375/1048,SRX25507049,uploaded,gs://arc-institute-virtual-cell-atlas/scbasecount/2026-01-12/h5ad/GeneFull/Homo_sapiens/SRX25507049.h5ad,arc-institute-virtual-cell-atlas/scbasecount/2026-01-12/h5ad/GeneFull/Homo_sapiens/SRX25507049.h5ad,jV/RvVSE7tqrIWDE6dpb4w==,2026-07-30 15:48:51,
376/1048,SRX25507048,uploaded,gs://arc-institute-virtual-cell-atlas/scbasecount/2026-01-12/h5ad/GeneFull/Homo_sapiens/SRX25507048.h5ad,arc-institute-virtual-cell-atlas/scbasecount/2026-01-12/h5ad/GeneFull/Homo_sapiens/SRX25507048.h5ad,jpQ/VUyjSQm25fipdOua9A==,2026-07-30 15:49:00,
377/1048,SRX25507054,uploaded,gs://arc-institute-virtual-cell-atlas/scbasecount/2026-01-12/h5ad/GeneFull/Homo_sapiens/SRX25507054.h5ad,arc-institute-virtual-cell-atlas/scbasecount/2026-01-12/h5ad/GeneFull/Homo_sapiens/SRX25507054.h5ad,9hlefsm5vECBX5z8BylRXg==,2026-07-30 15:49:09,
378/1048,SRX25507050,uploaded,gs://arc-institute-virtual-cell-atlas/scbasecount/2026-01-12/h5ad/GeneFull/Homo_sapiens/SRX25507050.h5ad,arc-institute-virtual-cell-atlas/scbasecount/2026-01-12/h5ad/GeneFull/Homo_sapiens/SRX25507050.h5ad,l892KOWvD1E8v54e4n0Tug==,2026-07-30 15:49:17,
379/1048,SRX25507052,uploaded,gs://arc-institute-virtual-cell-atlas/scbasecount/2026-01-12/h5ad/GeneFull/Homo_sapiens/SRX25507052.h5ad,arc-institute-virtual-cell-atlas/scbasecount/2026-01-12/h5ad/GeneFull/Homo_sapiens/SRX25507052.h5ad,K+llfud8EiqZ+OKeJb+9aw==,2026-07-30 15:49:31,
380/1048,SRX25507058,uploaded,gs://arc-institute-virtual-cell-atlas/scbasecount/2026-01-12/h5ad/GeneFull/Homo_sapiens/SRX25507058.h5ad,arc-institute-virtual-cell-atlas/scbasecount/2026-01-12/h5ad/GeneFull/Homo_sapiens/SRX25507058.h5ad,jzSbG+lTYNmJ7tWXCNwc8Q==,2026-07-30 15:49:45,
381/1048,SRX25507056,uploaded,gs://arc-institute-virtual-cell-atlas/scbasecount/2026-01-12/h5ad/GeneFull/Homo_sapiens/SRX25507056.h5ad,arc-institute-virtual-cell-atlas/scbasecount/2026-01-12/h5ad/GeneFull/Homo_sapiens/SRX25507056.h5ad,xvLQRk2r+uX2/J0POaoEeQ==,2026-07-30 15:49:57,
382/1048,SRX25507061,uploaded,gs://arc-institute-virtual-cell-atlas/scbasecount/2026-01-12/h5ad/GeneFull/Homo_sapiens/SRX25507061.h5ad,arc-institute-virtual-cell-atlas/scbasecount/2026-01-12/h5ad/GeneFull/Homo_sapiens/SRX25507061.h5ad,XUcueGIq1nokaitmAksvCA==,2026-07-30 15:50:09,
383/1048,SRX25507036,uploaded,gs://arc-institute-virtual-cell-atlas/scbasecount/2026-01-12/h5ad/GeneFull/Homo_sapiens/SRX25507036.h5ad,arc-institute-virtual-cell-atlas/scbasecount/2026-01-12/h5ad/GeneFull/Homo_sapiens/SRX25507036.h5ad,4D5Q6mznSW89YBlJrtTEBQ==,2026-07-30 15:50:18,
384/1048,SRX25507057,uploaded,gs://arc-institute-virtual-cell-atlas/scbasecount/2026-01-12/h5ad/GeneFull/Homo_sapiens/SRX25507057.h5ad,arc-institute-virtual-cell-atlas/scbasecount/2026-01-12/h5ad/GeneFull/Homo_sapiens/SRX25507057.h5ad,+zmymQUuDap9vL6ghQCmCw==,2026-07-30 15:50:29,
385/1048,SRX25507063,uploaded,gs://arc-institute-virtual-cell-atlas/scbasecount/2026-01-12/h5ad/GeneFull/Homo_sapiens/SRX25507063.h5ad,arc-institute-virtual-cell-atlas/scbasecount/2026-01-12/h5ad/GeneFull/Homo_sapiens/SRX25507063.h5ad,tdRDHkSttHwd0aA8Lj6uQA==,2026-07-30 15:50:38,
386/1048,SRX25507062,uploaded,gs://arc-institute-virtual-cell-atlas/scbasecount/2026-01-12/h5ad/GeneFull/Homo_sapiens/SRX25507062.h5ad,arc-institute-virtual-cell-atlas/scbasecount/2026-01-12/h5ad/GeneFull/Homo_sapiens/SRX25507062.h5ad,1LMgaOBWAQi3CzpmllCKfw==,2026-07-30 15:50:49,
387/1048,SRX25507069,uploaded,gs://arc-institute-virtual-cell-atlas/scbasecount/2026-01-12/h5ad/GeneFull/Homo_sapiens/SRX25507069.h5ad,arc-institute-virtual-cell-atlas/scbasecount/2026-01-12/h5ad/GeneFull/Homo_sapiens/SRX25507069.h5ad,73UNcCTm0YwJYTCz/v3RKQ==,2026-07-30 15:51:00,
388/1048,SRX25507072,uploaded,gs://arc-institute-virtual-cell-atlas/scbasecount/2026-01-12/h5ad/GeneFull/Homo_sapiens/SRX25507072.h5ad,arc-institute-virtual-cell-atlas/scbasecount/2026-01-12/h5ad/GeneFull/Homo_sapiens/SRX25507072.h5ad,SI6QqdsgvytBHvVjKtj35Q==,2026-07-30 15:51:10,
389/1048,SRX25507070,uploaded,gs://arc-institute-virtual-cell-atlas/scbasecount/2026-01-12/h5ad/GeneFull/Homo_sapiens/SRX25507070.h5ad,arc-institute-virtual-cell-atlas/scbasecount/2026-01-12/h5ad/GeneFull/Homo_sapiens/SRX25507070.h5ad,t3VxMKHanGfAEswzGspo+Q==,2026-07-30 15:51:19,
390/1048,SRX26487583,uploaded,gs://arc-institute-virtual-cell-atlas/scbasecount/2026-01-12/h5ad/GeneFull/Homo_sapiens/SRX26487583.h5ad,arc-institute-virtual-cell-atlas/scbasecount/2026-01-12/h5ad/GeneFull/Homo_sapiens/SRX26487583.h5ad,YVCoicf9uPFJhRn+JqP20A==,2026-07-30 15:51:27,
391/1048,SRX25507029,uploaded,gs://arc-institute-virtual-cell-atlas/scbasecount/2026-01-12/h5ad/GeneFull/Homo_sapiens/SRX25507029.h5ad,arc-institute-virtual-cell-atlas/scbasecount/2026-01-12/h5ad/GeneFull/Homo_sapiens/SRX25507029.h5ad,NBQFs8ijzraoebCoZyvmXQ==,2026-07-30 15:51:34,
392/1048,SRX25507026,uploaded,gs://arc-institute-virtual-cell-atlas/scbasecount/2026-01-12/h5ad/GeneFull/Homo_sapiens/SRX25507026.h5ad,arc-institute-virtual-cell-atlas/scbasecount/2026-01-12/h5ad/GeneFull/Homo_sapiens/SRX25507026.h5ad,FnPSK6cSrPDS6zp+zR0cCA==,2026-07-30 15:51:44,
393/1048,SRX26524304,uploaded,gs://arc-institute-virtual-cell-atlas/scbasecount/2026-01-12/h5ad/GeneFull/Homo_sapiens/SRX26524304.h5ad,arc-institute-virtual-cell-atlas/scbasecount/2026-01-12/h5ad/GeneFull/Homo_sapiens/SRX26524304.h5ad,Pl14ciXFtI2+ThTSTUY3ng==,2026-07-30 15:51:51,
394/1048,SRX25507028,uploaded,gs://arc-institute-virtual-cell-atlas/scbasecount/2026-01-12/h5ad/GeneFull/Homo_sapiens/SRX25507028.h5ad,arc-institute-virtual-cell-atlas/scbasecount/2026-01-12/h5ad/GeneFull/Homo_sapiens/SRX25507028.h5ad,c9MhWcny+abUoh+uBZtlFg==,2026-07-30 15:52:05,
395/1048,SRX25507027,uploaded,gs://arc-institute-virtual-cell-atlas/scbasecount/2026-01-12/h5ad/GeneFull/Homo_sapiens/SRX25507027.h5ad,arc-institute-virtual-cell-atlas/scbasecount/2026-01-12/h5ad/GeneFull/Homo_sapiens/SRX25507027.h5ad,H9GDPgrpnFiHGG1OMejA3g==,2026-07-30 15:52:20,
396/1048,SRX25507032,uploaded,gs://arc-institute-virtual-cell-atlas/scbasecount/2026-01-12/h5ad/GeneFull/Homo_sapiens/SRX25507032.h5ad,arc-institute-virtual-cell-atlas/scbasecount/2026-01-12/h5ad/GeneFull/Homo_sapiens/SRX25507032.h5ad,06HVNjhI/BmW8hW7rkjlQA==,2026-07-30 15:52:26,
397/1048,SRX26524298,uploaded,gs://arc-institute-virtual-cell-atlas/scbasecount/2026-01-12/h5ad/GeneFull/Homo_sapiens/SRX26524298.h5ad,arc-institute-virtual-cell-atlas/scbasecount/2026-01-12/h5ad/GeneFull/Homo_sapiens/SRX26524298.h5ad,iO/9VLmLVOzaib0+D2KCmQ==,2026-07-30 15:52:33,
398/1048,SRX25507023,uploaded,gs://arc-institute-virtual-cell-atlas/scbasecount/2026-01-12/h5ad/GeneFull/Homo_sapiens/SRX25507023.h5ad,arc-institute-virtual-cell-atlas/scbasecount/2026-01-12/h5ad/GeneFull/Homo_sapiens/SRX25507023.h5ad,Glzc+5XfuhjOQ1BoC1EVmg==,2026-07-30 15:52:42,
399/1048,SRX25507035,uploaded,gs://arc-institute-virtual-cell-atlas/scbasecount/2026-01-12/h5ad/GeneFull/Homo_sapiens/SRX25507035.h5ad,arc-institute-virtual-cell-atlas/scbasecount/2026-01-12/h5ad/GeneFull/Homo_sapiens/SRX25507035.h5ad,IOfvxrCKjeDWMfv2/cjxHA==,2026-07-30 15:52:48,
400/1048,SRX25507034,uploaded,gs://arc-institute-virtual-cell-atlas/scbasecount/2026-01-12/h5ad/GeneFull/Homo_sapiens/SRX25507034.h5ad,arc-institute-virtual-cell-atlas/scbasecount/2026-01-12/h5ad/GeneFull/Homo_sapiens/SRX25507034.h5ad,eTS+aOhsfvBiG70rEgc1RQ==,2026-07-30 15:52:56,
401/1048,SRX25507024,uploaded,gs://arc-institute-virtual-cell-atlas/scbasecount/2026-01-12/h5ad/GeneFull/Homo_sapiens/SRX25507024.h5ad,arc-institute-virtual-cell-atlas/scbasecount/2026-01-12/h5ad/GeneFull/Homo_sapiens/SRX25507024.h5ad,eHHlurZoOAwDjf2ZXO0eSQ==,2026-07-30 15:53:07,
402/1048,SRX25507040,uploaded,gs://arc-institute-virtual-cell-atlas/scbasecount/2026-01-12/h5ad/GeneFull/Homo_sapiens/SRX25507040.h5ad,arc-institute-virtual-cell-atlas/scbasecount/2026-01-12/h5ad/GeneFull/Homo_sapiens/SRX25507040.h5ad,gc+bVFLKvmas5CKykPiFuA==,2026-07-30 15:53:18,
403/1048,SRX25507038,uploaded,gs://arc-institute-virtual-cell-atlas/scbasecount/2026-01-12/h5ad/GeneFull/Homo_sapiens/SRX25507038.h5ad,arc-institute-virtual-cell-atlas/scbasecount/2026-01-12/h5ad/GeneFull/Homo_sapiens/SRX25507038.h5ad,Y0EzLD/iLVh2+LtOyIQ8Ew==,2026-07-30 15:53:30,
404/1048,SRX25507042,uploaded,gs://arc-institute-virtual-cell-atlas/scbasecount/2026-01-12/h5ad/GeneFull/Homo_sapiens/SRX25507042.h5ad,arc-institute-virtual-cell-atlas/scbasecount/2026-01-12/h5ad/GeneFull/Homo_sapiens/SRX25507042.h5ad,DMg/xGWkOX5J1tNw5AXRgQ==,2026-07-30 15:53:41,
405/1048,SRX25507044,uploaded,gs://arc-institute-virtual-cell-atlas/scbasecount/2026-01-12/h5ad/GeneFull/Homo_sapiens/SRX25507044.h5ad,arc-institute-virtual-cell-atlas/scbasecount/2026-01-12/h5ad/GeneFull/Homo_sapiens/SRX25507044.h5ad,ehus+Ggb70wGUdtsFO/5pw==,2026-07-30 15:53:53,
406/1048,SRX26524297,uploaded,gs://arc-institute-virtual-cell-atlas/scbasecount/2026-01-12/h5ad/GeneFull/Homo_sapiens/SRX26524297.h5ad,arc-institute-virtual-cell-atlas/scbasecount/2026-01-12/h5ad/GeneFull/Homo_sapiens/SRX26524297.h5ad,NGPFNskwvDzleyyYn5t22Q==,2026-07-30 15:54:01,
407/1048,SRX25507071,uploaded,gs://arc-institute-virtual-cell-atlas/scbasecount/2026-01-12/h5ad/GeneFull/Homo_sapiens/SRX25507071.h5ad,arc-institute-virtual-cell-atlas/scbasecount/2026-01-12/h5ad/GeneFull/Homo_sapiens/SRX25507071.h5ad,+IkiVzToxtPqyQLeTHmxUw==,2026-07-30 15:54:13,
408/1048,SRX26524300,uploaded,gs://arc-institute-virtual-cell-atlas/scbasecount/2026-01-12/h5ad/GeneFull/Homo_sapiens/SRX26524300.h5ad,arc-institute-virtual-cell-atlas/scbasecount/2026-01-12/h5ad/GeneFull/Homo_sapiens/SRX26524300.h5ad,dz4qADJ32/rPNNF5dlRerw==,2026-07-30 15:54:21,
409/1048,SRX25507065,uploaded,gs://arc-institute-virtual-cell-atlas/scbasecount/2026-01-12/h5ad/GeneFull/Homo_sapiens/SRX25507065.h5ad,arc-institute-virtual-cell-atlas/scbasecount/2026-01-12/h5ad/GeneFull/Homo_sapiens/SRX25507065.h5ad,SDhm0qi/3D/UZlk566oi3A==,2026-07-30 15:54:28,
410/1048,SRX25507068,uploaded,gs://arc-institute-virtual-cell-atlas/scbasecount/2026-01-12/h5ad/GeneFull/Homo_sapiens/SRX25507068.h5ad,arc-institute-virtual-cell-atlas/scbasecount/2026-01-12/h5ad/GeneFull/Homo_sapiens/SRX25507068.h5ad,2BqwkGaDUiISWxylFtydgg==,2026-07-30 15:54:39,
411/1048,SRX25507064,uploaded,gs://arc-institute-virtual-cell-atlas/scbasecount/2026-01-12/h5ad/GeneFull/Homo_sapiens/SRX25507064.h5ad,arc-institute-virtual-cell-atlas/scbasecount/2026-01-12/h5ad/GeneFull/Homo_sapiens/SRX25507064.h5ad,xeXMw5SrCYEAH8YgAwbAMQ==,2026-07-30 15:54:46,
412/1048,SRX25507066,uploaded,gs://arc-institute-virtual-cell-atlas/scbasecount/2026-01-12/h5ad/GeneFull/Homo_sapiens/SRX25507066.h5ad,arc-institute-virtual-cell-atlas/scbasecount/2026-01-12/h5ad/GeneFull/Homo_sapiens/SRX25507066.h5ad,pDBtImbbMO8/5oWCKqHBIg==,2026-07-30 15:54:53,
413/1048,SRX25595938,uploaded,gs://arc-institute-virtual-cell-atlas/scbasecount/2026-01-12/h5ad/GeneFull/Homo_sapiens/SRX25595938.h5ad,arc-institute-virtual-cell-atlas/scbasecount/2026-01-12/h5ad/GeneFull/Homo_sapiens/SRX25595938.h5ad,hdN2ln1b5FwfZKabhdHXvw==,2026-07-30 15:54:59,
414/1048,SRX11515819,uploaded,gs://arc-institute-virtual-cell-atlas/scbasecount/2026-01-12/h5ad/GeneFull/Homo_sapiens/SRX11515819.h5ad,arc-institute-virtual-cell-atlas/scbasecount/2026-01-12/h5ad/GeneFull/Homo_sapiens/SRX11515819.h5ad,DPb23gXtnNhtJf0NoDBzFw==,2026-07-30 15:55:03,
415/1048,SRX11515871,uploaded,gs://arc-institute-virtual-cell-atlas/scbasecount/2026-01-12/h5ad/GeneFull/Homo_sapiens/SRX11515871.h5ad,arc-institute-virtual-cell-atlas/scbasecount/2026-01-12/h5ad/GeneFull/Homo_sapiens/SRX11515871.h5ad,iWKQOr9xynKq1afk1obMwA==,2026-07-30 15:55:09,
416/1048,SRX11071624,uploaded,gs://arc-institute-virtual-cell-atlas/scbasecount/2026-01-12/h5ad/GeneFull/Homo_sapiens/SRX11071624.h5ad,arc-institute-virtual-cell-atlas/scbasecount/2026-01-12/h5ad/GeneFull/Homo_sapiens/SRX11071624.h5ad,n0uFf4tTpxz5jf85OkYZhA==,2026-07-30 15:55:17,
417/1048,SRX11515851,uploaded,gs://arc-institute-virtual-cell-atlas/scbasecount/2026-01-12/h5ad/GeneFull/Homo_sapiens/SRX11515851.h5ad,arc-institute-virtual-cell-atlas/scbasecount/2026-01-12/h5ad/GeneFull/Homo_sapiens/SRX11515851.h5ad,LGhSSfyLe1KIoukssgdklg==,2026-07-30 15:55:21,
418/1048,SRX12150516,uploaded,gs://arc-institute-virtual-cell-atlas/scbasecount/2026-01-12/h5ad/GeneFull/Homo_sapiens/SRX12150516.h5ad,arc-institute-virtual-cell-atlas/scbasecount/2026-01-12/h5ad/GeneFull/Homo_sapiens/SRX12150516.h5ad,5gRtdX4J8KXXFM+fkIXDfA==,2026-07-30 15:55:28,
419/1048,SRX25261766,uploaded,gs://arc-institute-virtual-cell-atlas/scbasecount/2026-01-12/h5ad/GeneFull/Homo_sapiens/SRX25261766.h5ad,arc-institute-virtual-cell-atlas/scbasecount/2026-01-12/h5ad/GeneFull/Homo_sapiens/SRX25261766.h5ad,hrLS+fLykTrhcSrVg4vuBA==,2026-07-30 15:55:38,
420/1048,SRX10984886,uploaded,gs://arc-institute-virtual-cell-atlas/scbasecount/2026-01-12/h5ad/GeneFull/Homo_sapiens/SRX10984886.h5ad,arc-institute-virtual-cell-atlas/scbasecount/2026-01-12/h5ad/GeneFull/Homo_sapiens/SRX10984886.h5ad,PFLQqB6QkqMBpZoPLMx6iw==,2026-07-30 15:55:44,
421/1048,SRX10984889,uploaded,gs://arc-institute-virtual-cell-atlas/scbasecount/2026-01-12/h5ad/GeneFull/Homo_sapiens/SRX10984889.h5ad,arc-institute-virtual-cell-atlas/scbasecount/2026-01-12/h5ad/GeneFull/Homo_sapiens/SRX10984889.h5ad,b4vAgguVMgOoPEucV8V2kA==,2026-07-30 15:55:49,
422/1048,SRX11987894,uploaded,gs://arc-institute-virtual-cell-atlas/scbasecount/2026-01-12/h5ad/GeneFull/Homo_sapiens/SRX11987894.h5ad,arc-institute-virtual-cell-atlas/scbasecount/2026-01-12/h5ad/GeneFull/Homo_sapiens/SRX11987894.h5ad,7PBCU1FgzZhSfz1RKYrWRg==,2026-07-30 15:55:52,
423/1048,SRX11987895,uploaded,gs://arc-institute-virtual-cell-atlas/scbasecount/2026-01-12/h5ad/GeneFull/Homo_sapiens/SRX11987895.h5ad,arc-institute-virtual-cell-atlas/scbasecount/2026-01-12/h5ad/GeneFull/Homo_sapiens/SRX11987895.h5ad,FAqPAC/2Qj6NFkAArVepYA==,2026-07-30 15:55:56,
424/1048,SRX11987893,uploaded,gs://arc-institute-virtual-cell-atlas/scbasecount/2026-01-12/h5ad/GeneFull/Homo_sapiens/SRX11987893.h5ad,arc-institute-virtual-cell-atlas/scbasecount/2026-01-12/h5ad/GeneFull/Homo_sapiens/SRX11987893.h5ad,UYsw97R2WvKJEkoKylGRoQ==,2026-07-30 15:56:00,
425/1048,SRX11987898,uploaded,gs://arc-institute-virtual-cell-atlas/scbasecount/2026-01-12/h5ad/GeneFull/Homo_sapiens/SRX11987898.h5ad,arc-institute-virtual-cell-atlas/scbasecount/2026-01-12/h5ad/GeneFull/Homo_sapiens/SRX11987898.h5ad,0TUtuwNgkFamZ+eJGMwVGQ==,2026-07-30 15:56:05,
426/1048,SRX11987911,uploaded,gs://arc-institute-virtual-cell-atlas/scbasecount/2026-01-12/h5ad/GeneFull/Homo_sapiens/SRX11987911.h5ad,arc-institute-virtual-cell-atlas/scbasecount/2026-01-12/h5ad/GeneFull/Homo_sapiens/SRX11987911.h5ad,otaR6h/uTX7oLWFHpwqI1w==,2026-07-30 15:56:08,
427/1048,SRX12457899,uploaded,gs://arc-institute-virtual-cell-atlas/scbasecount/2026-01-12/h5ad/GeneFull/Homo_sapiens/SRX12457899.h5ad,arc-institute-virtual-cell-atlas/scbasecount/2026-01-12/h5ad/GeneFull/Homo_sapiens/SRX12457899.h5ad,bRze+F0entn+661RquZkLA==,2026-07-30 15:56:14,
428/1048,SRX12509395,uploaded,gs://arc-institute-virtual-cell-atlas/scbasecount/2026-01-12/h5ad/GeneFull/Homo_sapiens/SRX12509395.h5ad,arc-institute-virtual-cell-atlas/scbasecount/2026-01-12/h5ad/GeneFull/Homo_sapiens/SRX12509395.h5ad,bvfYoscc3tqqwFARXmejfw==,2026-07-30 15:56:25,
429/1048,SRX12509393,uploaded,gs://arc-institute-virtual-cell-atlas/scbasecount/2026-01-12/h5ad/GeneFull/Homo_sapiens/SRX12509393.h5ad,arc-institute-virtual-cell-atlas/scbasecount/2026-01-12/h5ad/GeneFull/Homo_sapiens/SRX12509393.h5ad,BPSXOhh+d18q9oyjpEmkZw==,2026-07-30 15:56:37,
430/1048,SRX12571162,uploaded,gs://arc-institute-virtual-cell-atlas/scbasecount/2026-01-12/h5ad/GeneFull/Homo_sapiens/SRX12571162.h5ad,arc-institute-virtual-cell-atlas/scbasecount/2026-01-12/h5ad/GeneFull/Homo_sapiens/SRX12571162.h5ad,++4Fctf8IX0w8pPYexSHkQ==,2026-07-30 15:56:40,
431/1048,SRX12509397,uploaded,gs://arc-institute-virtual-cell-atlas/scbasecount/2026-01-12/h5ad/GeneFull/Homo_sapiens/SRX12509397.h5ad,arc-institute-virtual-cell-atlas/scbasecount/2026-01-12/h5ad/GeneFull/Homo_sapiens/SRX12509397.h5ad,ZQpnICmTX6FMec6cl5FgHA==,2026-07-30 15:56:54,
432/1048,SRX12571164,uploaded,gs://arc-institute-virtual-cell-atlas/scbasecount/2026-01-12/h5ad/GeneFull/Homo_sapiens/SRX12571164.h5ad,arc-institute-virtual-cell-atlas/scbasecount/2026-01-12/h5ad/GeneFull/Homo_sapiens/SRX12571164.h5ad,3ftl+DO2pomf0Upk3Iuvsw==,2026-07-30 15:56:58,
433/1048,SRX12457900,uploaded,gs://arc-institute-virtual-cell-atlas/scbasecount/2026-01-12/h5ad/GeneFull/Homo_sapiens/SRX12457900.h5ad,arc-institute-virtual-cell-atlas/scbasecount/2026-01-12/h5ad/GeneFull/Homo_sapiens/SRX12457900.h5ad,f4RMIwkF5FTxXvb7Pz6vUg==,2026-07-30 15:57:04,
434/1048,SRX12571171,uploaded,gs://arc-institute-virtual-cell-atlas/scbasecount/2026-01-12/h5ad/GeneFull/Homo_sapiens/SRX12571171.h5ad,arc-institute-virtual-cell-atlas/scbasecount/2026-01-12/h5ad/GeneFull/Homo_sapiens/SRX12571171.h5ad,okRJGzmi4D6hUTdoWjj+2Q==,2026-07-30 15:57:06,
435/1048,SRX12571174,uploaded,gs://arc-institute-virtual-cell-atlas/scbasecount/2026-01-12/h5ad/GeneFull/Homo_sapiens/SRX12571174.h5ad,arc-institute-virtual-cell-atlas/scbasecount/2026-01-12/h5ad/GeneFull/Homo_sapiens/SRX12571174.h5ad,PoYRXE9qymTqhsXhYj4TwA==,2026-07-30 15:57:07,
436/1048,SRX12635179,uploaded,gs://arc-institute-virtual-cell-atlas/scbasecount/2026-01-12/h5ad/GeneFull/Homo_sapiens/SRX12635179.h5ad,arc-institute-virtual-cell-atlas/scbasecount/2026-01-12/h5ad/GeneFull/Homo_sapiens/SRX12635179.h5ad,oq010AFBh1SUsk7IB2xD0Q==,2026-07-30 15:57:15,
437/1048,SRX12708371,uploaded,gs://arc-institute-virtual-cell-atlas/scbasecount/2026-01-12/h5ad/GeneFull/Homo_sapiens/SRX12708371.h5ad,arc-institute-virtual-cell-atlas/scbasecount/2026-01-12/h5ad/GeneFull/Homo_sapiens/SRX12708371.h5ad,jQ3whMRhsjxWHkjsZpZwoA==,2026-07-30 15:57:17,
438/1048,SRX12708372,uploaded,gs://arc-institute-virtual-cell-atlas/scbasecount/2026-01-12/h5ad/GeneFull/Homo_sapiens/SRX12708372.h5ad,arc-institute-virtual-cell-atlas/scbasecount/2026-01-12/h5ad/GeneFull/Homo_sapiens/SRX12708372.h5ad,P/WoVRoU0ByrvJtQ2aFNgw==,2026-07-30 15:57:19,
439/1048,SRX12708373,uploaded,gs://arc-institute-virtual-cell-atlas/scbasecount/2026-01-12/h5ad/GeneFull/Homo_sapiens/SRX12708373.h5ad,arc-institute-virtual-cell-atlas/scbasecount/2026-01-12/h5ad/GeneFull/Homo_sapiens/SRX12708373.h5ad,OoioYP9hWfSxDEIv4TV3SA==,2026-07-30 15:57:21,
440/1048,SRX12708370,uploaded,gs://arc-institute-virtual-cell-atlas/scbasecount/2026-01-12/h5ad/GeneFull/Homo_sapiens/SRX12708370.h5ad,arc-institute-virtual-cell-atlas/scbasecount/2026-01-12/h5ad/GeneFull/Homo_sapiens/SRX12708370.h5ad,rC3HlxXr/PnUozc/KSlHUQ==,2026-07-30 15:57:23,
441/1048,SRX12708360,uploaded,gs://arc-institute-virtual-cell-atlas/scbasecount/2026-01-12/h5ad/GeneFull/Homo_sapiens/SRX12708360.h5ad,arc-institute-virtual-cell-atlas/scbasecount/2026-01-12/h5ad/GeneFull/Homo_sapiens/SRX12708360.h5ad,bOY6CMwbMlNSt+yjxJR7CA==,2026-07-30 15:57:25,
442/1048,SRX12708362,uploaded,gs://arc-institute-virtual-cell-atlas/scbasecount/2026-01-12/h5ad/GeneFull/Homo_sapiens/SRX12708362.h5ad,arc-institute-virtual-cell-atlas/scbasecount/2026-01-12/h5ad/GeneFull/Homo_sapiens/SRX12708362.h5ad,J2tvpm4Vl2eYM0DhVGjEyw==,2026-07-30 15:57:27,
443/1048,SRX12635178,uploaded,gs://arc-institute-virtual-cell-atlas/scbasecount/2026-01-12/h5ad/GeneFull/Homo_sapiens/SRX12635178.h5ad,arc-institute-virtual-cell-atlas/scbasecount/2026-01-12/h5ad/GeneFull/Homo_sapiens/SRX12635178.h5ad,6b8bn/6HdnYC5/5DH4Sd/A==,2026-07-30 15:57:39,
444/1048,SRX11515869,uploaded,gs://arc-institute-virtual-cell-atlas/scbasecount/2026-01-12/h5ad/GeneFull/Homo_sapiens/SRX11515869.h5ad,arc-institute-virtual-cell-atlas/scbasecount/2026-01-12/h5ad/GeneFull/Homo_sapiens/SRX11515869.h5ad,QAlHP93hpRvxAiXl89yYbA==,2026-07-30 15:57:44,
445/1048,SRX12708358,uploaded,gs://arc-institute-virtual-cell-atlas/scbasecount/2026-01-12/h5ad/GeneFull/Homo_sapiens/SRX12708358.h5ad,arc-institute-virtual-cell-atlas/scbasecount/2026-01-12/h5ad/GeneFull/Homo_sapiens/SRX12708358.h5ad,1fIzK3gk+E0HsYbQRvwQwg==,2026-07-30 15:57:45,
446/1048,SRX12708364,uploaded,gs://arc-institute-virtual-cell-atlas/scbasecount/2026-01-12/h5ad/GeneFull/Homo_sapiens/SRX12708364.h5ad,arc-institute-virtual-cell-atlas/scbasecount/2026-01-12/h5ad/GeneFull/Homo_sapiens/SRX12708364.h5ad,A3yiFNXkLFLNwbUg6qbggQ==,2026-07-30 15:57:48,
447/1048,SRX12457903,uploaded,gs://arc-institute-virtual-cell-atlas/scbasecount/2026-01-12/h5ad/GeneFull/Homo_sapiens/SRX12457903.h5ad,arc-institute-virtual-cell-atlas/scbasecount/2026-01-12/h5ad/GeneFull/Homo_sapiens/SRX12457903.h5ad,r011cbwnwUzf9Cmzq+GrVQ==,2026-07-30 15:57:53,
448/1048,SRX10984891,uploaded,gs://arc-institute-virtual-cell-atlas/scbasecount/2026-01-12/h5ad/GeneFull/Homo_sapiens/SRX10984891.h5ad,arc-institute-virtual-cell-atlas/scbasecount/2026-01-12/h5ad/GeneFull/Homo_sapiens/SRX10984891.h5ad,X66ATLnLiNMJG82ROY4DRg==,2026-07-30 15:57:57,
449/1048,SRX11515858,uploaded,gs://arc-institute-virtual-cell-atlas/scbasecount/2026-01-12/h5ad/GeneFull/Homo_sapiens/SRX11515858.h5ad,arc-institute-virtual-cell-atlas/scbasecount/2026-01-12/h5ad/GeneFull/Homo_sapiens/SRX11515858.h5ad,Q8mNYV+BiLefw4Rb5jeI4w==,2026-07-30 15:57:58,
450/1048,SRX11515807,uploaded,gs://arc-institute-virtual-cell-atlas/scbasecount/2026-01-12/h5ad/GeneFull/Homo_sapiens/SRX11515807.h5ad,arc-institute-virtual-cell-atlas/scbasecount/2026-01-12/h5ad/GeneFull/Homo_sapiens/SRX11515807.h5ad,oWv1AFtS6ZuLoQNueJmn1w==,2026-07-30 15:58:00,
451/1048,SRX11438983,uploaded,gs://arc-institute-virtual-cell-atlas/scbasecount/2026-01-12/h5ad/GeneFull/Homo_sapiens/SRX11438983.h5ad,arc-institute-virtual-cell-atlas/scbasecount/2026-01-12/h5ad/GeneFull/Homo_sapiens/SRX11438983.h5ad,cfG/uj6MXYH0Wg/5z8RBFQ==,2026-07-30 15:58:10,
452/1048,SRX12457904,uploaded,gs://arc-institute-virtual-cell-atlas/scbasecount/2026-01-12/h5ad/GeneFull/Homo_sapiens/SRX12457904.h5ad,arc-institute-virtual-cell-atlas/scbasecount/2026-01-12/h5ad/GeneFull/Homo_sapiens/SRX12457904.h5ad,s+CpeqImgnK4MkSTPbNyYQ==,2026-07-30 15:58:15,
453/1048,SRX11987897,uploaded,gs://arc-institute-virtual-cell-atlas/scbasecount/2026-01-12/h5ad/GeneFull/Homo_sapiens/SRX11987897.h5ad,arc-institute-virtual-cell-atlas/scbasecount/2026-01-12/h5ad/GeneFull/Homo_sapiens/SRX11987897.h5ad,92KaOeFQhNiI9b3s0tydjA==,2026-07-30 15:58:19,
454/1048,SRX11515825,uploaded,gs://arc-institute-virtual-cell-atlas/scbasecount/2026-01-12/h5ad/GeneFull/Homo_sapiens/SRX11515825.h5ad,arc-institute-virtual-cell-atlas/scbasecount/2026-01-12/h5ad/GeneFull/Homo_sapiens/SRX11515825.h5ad,eZjk/EpUY7LkcsegpXHPCg==,2026-07-30 15:58:21,
455/1048,SRX11438988,uploaded,gs://arc-institute-virtual-cell-atlas/scbasecount/2026-01-12/h5ad/GeneFull/Homo_sapiens/SRX11438988.h5ad,arc-institute-virtual-cell-atlas/scbasecount/2026-01-12/h5ad/GeneFull/Homo_sapiens/SRX11438988.h5ad,FE1O7iu3xZs+n+rOsn59+A==,2026-07-30 15:58:28,
456/1048,SRX11987901,uploaded,gs://arc-institute-virtual-cell-atlas/scbasecount/2026-01-12/h5ad/GeneFull/Homo_sapiens/SRX11987901.h5ad,arc-institute-virtual-cell-atlas/scbasecount/2026-01-12/h5ad/GeneFull/Homo_sapiens/SRX11987901.h5ad,uieQm+Ce1WKnmRY4YGIPSw==,2026-07-30 15:58:32,
457/1048,SRX11515879,uploaded,gs://arc-institute-virtual-cell-atlas/scbasecount/2026-01-12/h5ad/GeneFull/Homo_sapiens/SRX11515879.h5ad,arc-institute-virtual-cell-atlas/scbasecount/2026-01-12/h5ad/GeneFull/Homo_sapiens/SRX11515879.h5ad,yyS7craKeNk09QJQhHHttA==,2026-07-30 15:58:39,
458/1048,SRX12150517,uploaded,gs://arc-institute-virtual-cell-atlas/scbasecount/2026-01-12/h5ad/GeneFull/Homo_sapiens/SRX12150517.h5ad,arc-institute-virtual-cell-atlas/scbasecount/2026-01-12/h5ad/GeneFull/Homo_sapiens/SRX12150517.h5ad,elHKpbHW5rGXW1sBX1rnHA==,2026-07-30 15:58:45,
459/1048,SRX11515863,uploaded,gs://arc-institute-virtual-cell-atlas/scbasecount/2026-01-12/h5ad/GeneFull/Homo_sapiens/SRX11515863.h5ad,arc-institute-virtual-cell-atlas/scbasecount/2026-01-12/h5ad/GeneFull/Homo_sapiens/SRX11515863.h5ad,DFuvW21zYNz6Se7QiEHB0w==,2026-07-30 15:58:49,
460/1048,SRX11071620,uploaded,gs://arc-institute-virtual-cell-atlas/scbasecount/2026-01-12/h5ad/GeneFull/Homo_sapiens/SRX11071620.h5ad,arc-institute-virtual-cell-atlas/scbasecount/2026-01-12/h5ad/GeneFull/Homo_sapiens/SRX11071620.h5ad,xJuIzirOvegvG9lTx4RlmQ==,2026-07-30 15:58:52,
461/1048,SRX11515808,uploaded,gs://arc-institute-virtual-cell-atlas/scbasecount/2026-01-12/h5ad/GeneFull/Homo_sapiens/SRX11515808.h5ad,arc-institute-virtual-cell-atlas/scbasecount/2026-01-12/h5ad/GeneFull/Homo_sapiens/SRX11515808.h5ad,58RjajV4jFyYwgUelidaBQ==,2026-07-30 15:58:54,
462/1048,SRX13139340,uploaded,gs://arc-institute-virtual-cell-atlas/scbasecount/2026-01-12/h5ad/GeneFull/Homo_sapiens/SRX13139340.h5ad,arc-institute-virtual-cell-atlas/scbasecount/2026-01-12/h5ad/GeneFull/Homo_sapiens/SRX13139340.h5ad,gnzOwcQbM0pTDfULH6+I7g==,2026-07-30 15:59:05,
463/1048,SRX12457905,uploaded,gs://arc-institute-virtual-cell-atlas/scbasecount/2026-01-12/h5ad/GeneFull/Homo_sapiens/SRX12457905.h5ad,arc-institute-virtual-cell-atlas/scbasecount/2026-01-12/h5ad/GeneFull/Homo_sapiens/SRX12457905.h5ad,2bapStd2MRF91lhrP+kA9w==,2026-07-30 15:59:13,
464/1048,SRX10984893,uploaded,gs://arc-institute-virtual-cell-atlas/scbasecount/2026-01-12/h5ad/GeneFull/Homo_sapiens/SRX10984893.h5ad,arc-institute-virtual-cell-atlas/scbasecount/2026-01-12/h5ad/GeneFull/Homo_sapiens/SRX10984893.h5ad,xOzxTuPyFpuqKk6OSEn4yA==,2026-07-30 15:59:17,
465/1048,SRX11515813,uploaded,gs://arc-institute-virtual-cell-atlas/scbasecount/2026-01-12/h5ad/GeneFull/Homo_sapiens/SRX11515813.h5ad,arc-institute-virtual-cell-atlas/scbasecount/2026-01-12/h5ad/GeneFull/Homo_sapiens/SRX11515813.h5ad,junLkLr2DFPj+WpjXY5Wug==,2026-07-30 15:59:18,
466/1048,SRX11071619,uploaded,gs://arc-institute-virtual-cell-atlas/scbasecount/2026-01-12/h5ad/GeneFull/Homo_sapiens/SRX11071619.h5ad,arc-institute-virtual-cell-atlas/scbasecount/2026-01-12/h5ad/GeneFull/Homo_sapiens/SRX11071619.h5ad,495+nYkoy7zDx9/owJSszg==,2026-07-30 15:59:20,
467/1048,SRX11071616,uploaded,gs://arc-institute-virtual-cell-atlas/scbasecount/2026-01-12/h5ad/GeneFull/Homo_sapiens/SRX11071616.h5ad,arc-institute-virtual-cell-atlas/scbasecount/2026-01-12/h5ad/GeneFull/Homo_sapiens/SRX11071616.h5ad,HmwyOQ3IFymSTj3jymLlww==,2026-07-30 15:59:29,
468/1048,SRX11515812,uploaded,gs://arc-institute-virtual-cell-atlas/scbasecount/2026-01-12/h5ad/GeneFull/Homo_sapiens/SRX11515812.h5ad,arc-institute-virtual-cell-atlas/scbasecount/2026-01-12/h5ad/GeneFull/Homo_sapiens/SRX11515812.h5ad,dlndNbznFgABexFOmmVFBg==,2026-07-30 15:59:32,
469/1048,SRX11515827,uploaded,gs://arc-institute-virtual-cell-atlas/scbasecount/2026-01-12/h5ad/GeneFull/Homo_sapiens/SRX11515827.h5ad,arc-institute-virtual-cell-atlas/scbasecount/2026-01-12/h5ad/GeneFull/Homo_sapiens/SRX11515827.h5ad,zStYnNzG3lq+nyleoP3/CQ==,2026-07-30 15:59:33,
470/1048,SRX11515830,uploaded,gs://arc-institute-virtual-cell-atlas/scbasecount/2026-01-12/h5ad/GeneFull/Homo_sapiens/SRX11515830.h5ad,arc-institute-virtual-cell-atlas/scbasecount/2026-01-12/h5ad/GeneFull/Homo_sapiens/SRX11515830.h5ad,/xnmSMVBJ42b/C7OyO/C4w==,2026-07-30 15:59:35,
471/1048,SRX11515805,uploaded,gs://arc-institute-virtual-cell-atlas/scbasecount/2026-01-12/h5ad/GeneFull/Homo_sapiens/SRX11515805.h5ad,arc-institute-virtual-cell-atlas/scbasecount/2026-01-12/h5ad/GeneFull/Homo_sapiens/SRX11515805.h5ad,yaMLzj2Eq2SnO3dCvm9q9Q==,2026-07-30 15:59:37,
472/1048,SRX11438986,uploaded,gs://arc-institute-virtual-cell-atlas/scbasecount/2026-01-12/h5ad/GeneFull/Homo_sapiens/SRX11438986.h5ad,arc-institute-virtual-cell-atlas/scbasecount/2026-01-12/h5ad/GeneFull/Homo_sapiens/SRX11438986.h5ad,6StKtlKSPvVdexQb9wJUuw==,2026-07-30 15:59:40,
473/1048,SRX13325105,uploaded,gs://arc-institute-virtual-cell-atlas/scbasecount/2026-01-12/h5ad/GeneFull/Homo_sapiens/SRX13325105.h5ad,arc-institute-virtual-cell-atlas/scbasecount/2026-01-12/h5ad/GeneFull/Homo_sapiens/SRX13325105.h5ad,xhyGkN/LNTrO/lCZwymI2w==,2026-07-30 15:59:46,
474/1048,SRX13325102,uploaded,gs://arc-institute-virtual-cell-atlas/scbasecount/2026-01-12/h5ad/GeneFull/Homo_sapiens/SRX13325102.h5ad,arc-institute-virtual-cell-atlas/scbasecount/2026-01-12/h5ad/GeneFull/Homo_sapiens/SRX13325102.h5ad,2SkmXmvjYzUqwEomEEbhpw==,2026-07-30 15:59:57,
475/1048,SRX11515831,uploaded,gs://arc-institute-virtual-cell-atlas/scbasecount/2026-01-12/h5ad/GeneFull/Homo_sapiens/SRX11515831.h5ad,arc-institute-virtual-cell-atlas/scbasecount/2026-01-12/h5ad/GeneFull/Homo_sapiens/SRX11515831.h5ad,o6kL7INBe0WzvNU0bWxwFQ==,2026-07-30 15:59:59,
476/1048,SRX11515859,uploaded,gs://arc-institute-virtual-cell-atlas/scbasecount/2026-01-12/h5ad/GeneFull/Homo_sapiens/SRX11515859.h5ad,arc-institute-virtual-cell-atlas/scbasecount/2026-01-12/h5ad/GeneFull/Homo_sapiens/SRX11515859.h5ad,WVD2y9mlDDhlW3gguk++gA==,2026-07-30 16:00:02,
477/1048,SRX11987899,uploaded,gs://arc-institute-virtual-cell-atlas/scbasecount/2026-01-12/h5ad/GeneFull/Homo_sapiens/SRX11987899.h5ad,arc-institute-virtual-cell-atlas/scbasecount/2026-01-12/h5ad/GeneFull/Homo_sapiens/SRX11987899.h5ad,eB3EV81vbkBpsITwV2WFjg==,2026-07-30 16:00:06,
478/1048,SRX11515866,uploaded,gs://arc-institute-virtual-cell-atlas/scbasecount/2026-01-12/h5ad/GeneFull/Homo_sapiens/SRX11515866.h5ad,arc-institute-virtual-cell-atlas/scbasecount/2026-01-12/h5ad/GeneFull/Homo_sapiens/SRX11515866.h5ad,Q2juQw2wKTekL3AjenC8jA==,2026-07-30 16:00:10,
479/1048,SRX11515826,uploaded,gs://arc-institute-virtual-cell-atlas/scbasecount/2026-01-12/h5ad/GeneFull/Homo_sapiens/SRX11515826.h5ad,arc-institute-virtual-cell-atlas/scbasecount/2026-01-12/h5ad/GeneFull/Homo_sapiens/SRX11515826.h5ad,AtlSQJVEWOySbcktOP3JVw==,2026-07-30 16:00:12,
480/1048,SRX13325101,uploaded,gs://arc-institute-virtual-cell-atlas/scbasecount/2026-01-12/h5ad/GeneFull/Homo_sapiens/SRX13325101.h5ad,arc-institute-virtual-cell-atlas/scbasecount/2026-01-12/h5ad/GeneFull/Homo_sapiens/SRX13325101.h5ad,Hl/XLkuzaIEkeGoIWYdKew==,2026-07-30 16:00:20,
481/1048,SRX10984883,uploaded,gs://arc-institute-virtual-cell-atlas/scbasecount/2026-01-12/h5ad/GeneFull/Homo_sapiens/SRX10984883.h5ad,arc-institute-virtual-cell-atlas/scbasecount/2026-01-12/h5ad/GeneFull/Homo_sapiens/SRX10984883.h5ad,nbn895zLXUPNuQ6c9FcLDA==,2026-07-30 16:00:23,
482/1048,SRX11071614,uploaded,gs://arc-institute-virtual-cell-atlas/scbasecount/2026-01-12/h5ad/GeneFull/Homo_sapiens/SRX11071614.h5ad,arc-institute-virtual-cell-atlas/scbasecount/2026-01-12/h5ad/GeneFull/Homo_sapiens/SRX11071614.h5ad,Ydy7mD4r9s6Yl9QwGC7ZZQ==,2026-07-30 16:00:31,
483/1048,SRX13426726,uploaded,gs://arc-institute-virtual-cell-atlas/scbasecount/2026-01-12/h5ad/GeneFull/Homo_sapiens/SRX13426726.h5ad,arc-institute-virtual-cell-atlas/scbasecount/2026-01-12/h5ad/GeneFull/Homo_sapiens/SRX13426726.h5ad,igtXZCGxbW41gmsVdX3R2w==,2026-07-30 16:00:40,
484/1048,SRX13426727,uploaded,gs://arc-institute-virtual-cell-atlas/scbasecount/2026-01-12/h5ad/GeneFull/Homo_sapiens/SRX13426727.h5ad,arc-institute-virtual-cell-atlas/scbasecount/2026-01-12/h5ad/GeneFull/Homo_sapiens/SRX13426727.h5ad,uFi4pGLRvNJ5F3wAE8oudQ==,2026-07-30 16:00:49,
485/1048,SRX13441701,uploaded,gs://arc-institute-virtual-cell-atlas/scbasecount/2026-01-12/h5ad/GeneFull/Homo_sapiens/SRX13441701.h5ad,arc-institute-virtual-cell-atlas/scbasecount/2026-01-12/h5ad/GeneFull/Homo_sapiens/SRX13441701.h5ad,VERxgAONC+hW3jONUlJOgg==,2026-07-30 16:00:55,
486/1048,SRX10984890,uploaded,gs://arc-institute-virtual-cell-atlas/scbasecount/2026-01-12/h5ad/GeneFull/Homo_sapiens/SRX10984890.h5ad,arc-institute-virtual-cell-atlas/scbasecount/2026-01-12/h5ad/GeneFull/Homo_sapiens/SRX10984890.h5ad,jgFw1JoAFWBC76GNzZU5IA==,2026-07-30 16:00:58,
487/1048,SRX11515848,uploaded,gs://arc-institute-virtual-cell-atlas/scbasecount/2026-01-12/h5ad/GeneFull/Homo_sapiens/SRX11515848.h5ad,arc-institute-virtual-cell-atlas/scbasecount/2026-01-12/h5ad/GeneFull/Homo_sapiens/SRX11515848.h5ad,qlZbu9oRzn2zYGrDWMQKmA==,2026-07-30 16:01:03,
488/1048,SRX10984882,skipped,gs://arc-institute-virtual-cell-atlas/scbasecount/2026-01-12/h5ad/GeneFull/Homo_sapiens/SRX10984882.h5ad,arc-institute-virtual-cell-atlas/scbasecount/2026-01-12/h5ad/GeneFull/Homo_sapiens/SRX10984882.h5ad,5U7T9ZnE74WTJxo7ML/tCQ==,2026-07-30 16:01:03,
489/1048,SRX11515850,uploaded,gs://arc-institute-virtual-cell-atlas/scbasecount/2026-01-12/h5ad/GeneFull/Homo_sapiens/SRX11515850.h5ad,arc-institute-virtual-cell-atlas/scbasecount/2026-01-12/h5ad/GeneFull/Homo_sapiens/SRX11515850.h5ad,FWh2qiYLGr13zn3/jq0tYw==,2026-07-30 16:01:08,
490/1048,SRX13441702,uploaded,gs://arc-institute-virtual-cell-atlas/scbasecount/2026-01-12/h5ad/GeneFull/Homo_sapiens/SRX13441702.h5ad,arc-institute-virtual-cell-atlas/scbasecount/2026-01-12/h5ad/GeneFull/Homo_sapiens/SRX13441702.h5ad,CMc49zLuNQC8Vsn4sp7rxA==,2026-07-30 16:01:14,
491/1048,SRX11438994,uploaded,gs://arc-institute-virtual-cell-atlas/scbasecount/2026-01-12/h5ad/GeneFull/Homo_sapiens/SRX11438994.h5ad,arc-institute-virtual-cell-atlas/scbasecount/2026-01-12/h5ad/GeneFull/Homo_sapiens/SRX11438994.h5ad,dHKUHK8Aj9gEfMLxSXukHQ==,2026-07-30 16:01:16,
492/1048,SRX13441698,uploaded,gs://arc-institute-virtual-cell-atlas/scbasecount/2026-01-12/h5ad/GeneFull/Homo_sapiens/SRX13441698.h5ad,arc-institute-virtual-cell-atlas/scbasecount/2026-01-12/h5ad/GeneFull/Homo_sapiens/SRX13441698.h5ad,Snknp1fZa5zdNmFheVZaZw==,2026-07-30 16:01:20,
493/1048,SRX11071612,uploaded,gs://arc-institute-virtual-cell-atlas/scbasecount/2026-01-12/h5ad/GeneFull/Homo_sapiens/SRX11071612.h5ad,arc-institute-virtual-cell-atlas/scbasecount/2026-01-12/h5ad/GeneFull/Homo_sapiens/SRX11071612.h5ad,2CVrrhIuCJxcH8mJDIZSgQ==,2026-07-30 16:01:22,
494/1048,SRX10984879,uploaded,gs://arc-institute-virtual-cell-atlas/scbasecount/2026-01-12/h5ad/GeneFull/Homo_sapiens/SRX10984879.h5ad,arc-institute-virtual-cell-atlas/scbasecount/2026-01-12/h5ad/GeneFull/Homo_sapiens/SRX10984879.h5ad,2S8nRnW4NXZx3ZLDFCnLEg==,2026-07-30 16:01:28,
495/1048,SRX11071621,uploaded,gs://arc-institute-virtual-cell-atlas/scbasecount/2026-01-12/h5ad/GeneFull/Homo_sapiens/SRX11071621.h5ad,arc-institute-virtual-cell-atlas/scbasecount/2026-01-12/h5ad/GeneFull/Homo_sapiens/SRX11071621.h5ad,KK5WrJ36jyfJAs0Ne3+hag==,2026-07-30 16:01:31,
496/1048,SRX11987907,uploaded,gs://arc-institute-virtual-cell-atlas/scbasecount/2026-01-12/h5ad/GeneFull/Homo_sapiens/SRX11987907.h5ad,arc-institute-virtual-cell-atlas/scbasecount/2026-01-12/h5ad/GeneFull/Homo_sapiens/SRX11987907.h5ad,jO740e45BRiKPLAr7iQFGg==,2026-07-30 16:01:35,
497/1048,SRX13814623,uploaded,gs://arc-institute-virtual-cell-atlas/scbasecount/2026-01-12/h5ad/GeneFull/Homo_sapiens/SRX13814623.h5ad,arc-institute-virtual-cell-atlas/scbasecount/2026-01-12/h5ad/GeneFull/Homo_sapiens/SRX13814623.h5ad,rSHJgiBurjP893R0w0ETaA==,2026-07-30 16:01:37,
498/1048,SRX13814619,uploaded,gs://arc-institute-virtual-cell-atlas/scbasecount/2026-01-12/h5ad/GeneFull/Homo_sapiens/SRX13814619.h5ad,arc-institute-virtual-cell-atlas/scbasecount/2026-01-12/h5ad/GeneFull/Homo_sapiens/SRX13814619.h5ad,BuLtZvN3fVqNqwMgfQQGTA==,2026-07-30 16:01:39,
499/1048,SRX13814617,uploaded,gs://arc-institute-virtual-cell-atlas/scbasecount/2026-01-12/h5ad/GeneFull/Homo_sapiens/SRX13814617.h5ad,arc-institute-virtual-cell-atlas/scbasecount/2026-01-12/h5ad/GeneFull/Homo_sapiens/SRX13814617.h5ad,mx5ypfoCeHltfbEXtRPiww==,2026-07-30 16:01:41,
500/1048,SRX13814625,uploaded,gs://arc-institute-virtual-cell-atlas/scbasecount/2026-01-12/h5ad/GeneFull/Homo_sapiens/SRX13814625.h5ad,arc-institute-virtual-cell-atlas/scbasecount/2026-01-12/h5ad/GeneFull/Homo_sapiens/SRX13814625.h5ad,q7B77OsEKONfyoNBY9jkYw==,2026-07-30 16:01:43,
501/1048,SRX12457896,uploaded,gs://arc-institute-virtual-cell-atlas/scbasecount/2026-01-12/h5ad/GeneFull/Homo_sapiens/SRX12457896.h5ad,arc-institute-virtual-cell-atlas/scbasecount/2026-01-12/h5ad/GeneFull/Homo_sapiens/SRX12457896.h5ad,z8LFPOwHOqgOLYbKzzSC0g==,2026-07-30 16:01:51,
502/1048,SRX12457901,uploaded,gs://arc-institute-virtual-cell-atlas/scbasecount/2026-01-12/h5ad/GeneFull/Homo_sapiens/SRX12457901.h5ad,arc-institute-virtual-cell-atlas/scbasecount/2026-01-12/h5ad/GeneFull/Homo_sapiens/SRX12457901.h5ad,Tg0ia77PZySIWwio3id98w==,2026-07-30 16:01:58,
503/1048,SRX13789895,uploaded,gs://arc-institute-virtual-cell-atlas/scbasecount/2026-01-12/h5ad/GeneFull/Homo_sapiens/SRX13789895.h5ad,arc-institute-virtual-cell-atlas/scbasecount/2026-01-12/h5ad/GeneFull/Homo_sapiens/SRX13789895.h5ad,+DZf5pKD+l+Phnc0cFLSjQ==,2026-07-30 16:02:00,
504/1048,SRX13814621,uploaded,gs://arc-institute-virtual-cell-atlas/scbasecount/2026-01-12/h5ad/GeneFull/Homo_sapiens/SRX13814621.h5ad,arc-institute-virtual-cell-atlas/scbasecount/2026-01-12/h5ad/GeneFull/Homo_sapiens/SRX13814621.h5ad,RxG5BrhKgeMPP7uZqm6AVg==,2026-07-30 16:02:02,
505/1048,SRX13814627,uploaded,gs://arc-institute-virtual-cell-atlas/scbasecount/2026-01-12/h5ad/GeneFull/Homo_sapiens/SRX13814627.h5ad,arc-institute-virtual-cell-atlas/scbasecount/2026-01-12/h5ad/GeneFull/Homo_sapiens/SRX13814627.h5ad,Yxlj/pMhEvmIHKB3p6nnPg==,2026-07-30 16:02:04,
506/1048,SRX13814629,uploaded,gs://arc-institute-virtual-cell-atlas/scbasecount/2026-01-12/h5ad/GeneFull/Homo_sapiens/SRX13814629.h5ad,arc-institute-virtual-cell-atlas/scbasecount/2026-01-12/h5ad/GeneFull/Homo_sapiens/SRX13814629.h5ad,ob3wbHXHwAhlaAgAb4xVNw==,2026-07-30 16:02:06,
507/1048,SRX13789894,uploaded,gs://arc-institute-virtual-cell-atlas/scbasecount/2026-01-12/h5ad/GeneFull/Homo_sapiens/SRX13789894.h5ad,arc-institute-virtual-cell-atlas/scbasecount/2026-01-12/h5ad/GeneFull/Homo_sapiens/SRX13789894.h5ad,q98tKQNKPGTyaE6Hw1iI4g==,2026-07-30 16:02:33,
508/1048,SRX13789893,uploaded,gs://arc-institute-virtual-cell-atlas/scbasecount/2026-01-12/h5ad/GeneFull/Homo_sapiens/SRX13789893.h5ad,arc-institute-virtual-cell-atlas/scbasecount/2026-01-12/h5ad/GeneFull/Homo_sapiens/SRX13789893.h5ad,HdKIMJo1MN78S+dqbobEag==,2026-07-30 16:03:01,
509/1048,SRX14098305,uploaded,gs://arc-institute-virtual-cell-atlas/scbasecount/2026-01-12/h5ad/GeneFull/Homo_sapiens/SRX14098305.h5ad,arc-institute-virtual-cell-atlas/scbasecount/2026-01-12/h5ad/GeneFull/Homo_sapiens/SRX14098305.h5ad,lH2+ndefhRvvkRo0LO1YKw==,2026-07-30 16:03:06,
510/1048,SRX13789891,uploaded,gs://arc-institute-virtual-cell-atlas/scbasecount/2026-01-12/h5ad/GeneFull/Homo_sapiens/SRX13789891.h5ad,arc-institute-virtual-cell-atlas/scbasecount/2026-01-12/h5ad/GeneFull/Homo_sapiens/SRX13789891.h5ad,DTg7FeDq8AaHMtdnxows6g==,2026-07-30 16:03:39,
511/1048,SRX11987905,uploaded,gs://arc-institute-virtual-cell-atlas/scbasecount/2026-01-12/h5ad/GeneFull/Homo_sapiens/SRX11987905.h5ad,arc-institute-virtual-cell-atlas/scbasecount/2026-01-12/h5ad/GeneFull/Homo_sapiens/SRX11987905.h5ad,mFP+AN97SGvmpnbZxFdbbg==,2026-07-30 16:03:43,
512/1048,SRX11438985,uploaded,gs://arc-institute-virtual-cell-atlas/scbasecount/2026-01-12/h5ad/GeneFull/Homo_sapiens/SRX11438985.h5ad,arc-institute-virtual-cell-atlas/scbasecount/2026-01-12/h5ad/GeneFull/Homo_sapiens/SRX11438985.h5ad,KoXEK1zJ/XY9mT67qsaCzA==,2026-07-30 16:03:49,
513/1048,SRX10984887,uploaded,gs://arc-institute-virtual-cell-atlas/scbasecount/2026-01-12/h5ad/GeneFull/Homo_sapiens/SRX10984887.h5ad,arc-institute-virtual-cell-atlas/scbasecount/2026-01-12/h5ad/GeneFull/Homo_sapiens/SRX10984887.h5ad,uxcplKYvxXQ9HNEqxM5Akw==,2026-07-30 16:03:53,
514/1048,SRX12457898,uploaded,gs://arc-institute-virtual-cell-atlas/scbasecount/2026-01-12/h5ad/GeneFull/Homo_sapiens/SRX12457898.h5ad,arc-institute-virtual-cell-atlas/scbasecount/2026-01-12/h5ad/GeneFull/Homo_sapiens/SRX12457898.h5ad,DisWMrY4IlXucn2rRuBYLg==,2026-07-30 16:03:59,
515/1048,SRX11515833,uploaded,gs://arc-institute-virtual-cell-atlas/scbasecount/2026-01-12/h5ad/GeneFull/Homo_sapiens/SRX11515833.h5ad,arc-institute-virtual-cell-atlas/scbasecount/2026-01-12/h5ad/GeneFull/Homo_sapiens/SRX11515833.h5ad,gYOmEG4qmKWGnBRz1mAgow==,2026-07-30 16:04:00,
516/1048,SRX10984892,uploaded,gs://arc-institute-virtual-cell-atlas/scbasecount/2026-01-12/h5ad/GeneFull/Homo_sapiens/SRX10984892.h5ad,arc-institute-virtual-cell-atlas/scbasecount/2026-01-12/h5ad/GeneFull/Homo_sapiens/SRX10984892.h5ad,M1JTqItoK39CwHHojtFbwg==,2026-07-30 16:04:05,
517/1048,SRX11515820,uploaded,gs://arc-institute-virtual-cell-atlas/scbasecount/2026-01-12/h5ad/GeneFull/Homo_sapiens/SRX11515820.h5ad,arc-institute-virtual-cell-atlas/scbasecount/2026-01-12/h5ad/GeneFull/Homo_sapiens/SRX11515820.h5ad,FUnHnMIoL+LzaWRf2EW7hg==,2026-07-30 16:04:06,
518/1048,SRX11987918,uploaded,gs://arc-institute-virtual-cell-atlas/scbasecount/2026-01-12/h5ad/GeneFull/Homo_sapiens/SRX11987918.h5ad,arc-institute-virtual-cell-atlas/scbasecount/2026-01-12/h5ad/GeneFull/Homo_sapiens/SRX11987918.h5ad,JtC2wdVMSnrRnYmTTigF/Q==,2026-07-30 16:04:09,
519/1048,SRX11071617,uploaded,gs://arc-institute-virtual-cell-atlas/scbasecount/2026-01-12/h5ad/GeneFull/Homo_sapiens/SRX11071617.h5ad,arc-institute-virtual-cell-atlas/scbasecount/2026-01-12/h5ad/GeneFull/Homo_sapiens/SRX11071617.h5ad,cz/gJvGdOIxjCGgq5NdGIw==,2026-07-30 16:04:18,
520/1048,SRX11515876,uploaded,gs://arc-institute-virtual-cell-atlas/scbasecount/2026-01-12/h5ad/GeneFull/Homo_sapiens/SRX11515876.h5ad,arc-institute-virtual-cell-atlas/scbasecount/2026-01-12/h5ad/GeneFull/Homo_sapiens/SRX11515876.h5ad,jsR/pALaiKpCAsE3cW7K8A==,2026-07-30 16:04:31,
521/1048,SRX14495318,uploaded,gs://arc-institute-virtual-cell-atlas/scbasecount/2026-01-12/h5ad/GeneFull/Homo_sapiens/SRX14495318.h5ad,arc-institute-virtual-cell-atlas/scbasecount/2026-01-12/h5ad/GeneFull/Homo_sapiens/SRX14495318.h5ad,+Kee1xZL6ImE93uF+dsmJA==,2026-07-30 16:04:37,
522/1048,SRX11071611,uploaded,gs://arc-institute-virtual-cell-atlas/scbasecount/2026-01-12/h5ad/GeneFull/Homo_sapiens/SRX11071611.h5ad,arc-institute-virtual-cell-atlas/scbasecount/2026-01-12/h5ad/GeneFull/Homo_sapiens/SRX11071611.h5ad,nQmaQ5hYc+G1azw0tdvDnQ==,2026-07-30 16:04:44,
523/1048,SRX10984881,uploaded,gs://arc-institute-virtual-cell-atlas/scbasecount/2026-01-12/h5ad/GeneFull/Homo_sapiens/SRX10984881.h5ad,arc-institute-virtual-cell-atlas/scbasecount/2026-01-12/h5ad/GeneFull/Homo_sapiens/SRX10984881.h5ad,y+JUkjEEZmA3zL2O5B5KXg==,2026-07-30 16:04:49,
524/1048,SRX11515857,uploaded,gs://arc-institute-virtual-cell-atlas/scbasecount/2026-01-12/h5ad/GeneFull/Homo_sapiens/SRX11515857.h5ad,arc-institute-virtual-cell-atlas/scbasecount/2026-01-12/h5ad/GeneFull/Homo_sapiens/SRX11515857.h5ad,BYhBl558GuCFntC+IaK63Q==,2026-07-30 16:04:51,
525/1048,SRX11987916,uploaded,gs://arc-institute-virtual-cell-atlas/scbasecount/2026-01-12/h5ad/GeneFull/Homo_sapiens/SRX11987916.h5ad,arc-institute-virtual-cell-atlas/scbasecount/2026-01-12/h5ad/GeneFull/Homo_sapiens/SRX11987916.h5ad,r8HGdAM2TYq6uekUlWNtcQ==,2026-07-30 16:04:55,
526/1048,SRX14767850,uploaded,gs://arc-institute-virtual-cell-atlas/scbasecount/2026-01-12/h5ad/GeneFull/Homo_sapiens/SRX14767850.h5ad,arc-institute-virtual-cell-atlas/scbasecount/2026-01-12/h5ad/GeneFull/Homo_sapiens/SRX14767850.h5ad,9FtPamrjtiiKR4Ql3nQWQA==,2026-07-30 16:05:05,
527/1048,SRX14767849,uploaded,gs://arc-institute-virtual-cell-atlas/scbasecount/2026-01-12/h5ad/GeneFull/Homo_sapiens/SRX14767849.h5ad,arc-institute-virtual-cell-atlas/scbasecount/2026-01-12/h5ad/GeneFull/Homo_sapiens/SRX14767849.h5ad,XfSjUBjWMA8P6fWLMSt21w==,2026-07-30 16:05:13,
528/1048,SRX11071622,uploaded,gs://arc-institute-virtual-cell-atlas/scbasecount/2026-01-12/h5ad/GeneFull/Homo_sapiens/SRX11071622.h5ad,arc-institute-virtual-cell-atlas/scbasecount/2026-01-12/h5ad/GeneFull/Homo_sapiens/SRX11071622.h5ad,ixzrhpdLK+mBhENnc5InAA==,2026-07-30 16:05:16,
529/1048,SRX11515875,uploaded,gs://arc-institute-virtual-cell-atlas/scbasecount/2026-01-12/h5ad/GeneFull/Homo_sapiens/SRX11515875.h5ad,arc-institute-virtual-cell-atlas/scbasecount/2026-01-12/h5ad/GeneFull/Homo_sapiens/SRX11515875.h5ad,sPv85u4HlZgKE7NTGTJliQ==,2026-07-30 16:05:19,
530/1048,SRX11515823,uploaded,gs://arc-institute-virtual-cell-atlas/scbasecount/2026-01-12/h5ad/GeneFull/Homo_sapiens/SRX11515823.h5ad,arc-institute-virtual-cell-atlas/scbasecount/2026-01-12/h5ad/GeneFull/Homo_sapiens/SRX11515823.h5ad,em1Vdu6LlwnPwG/ZyvA1Og==,2026-07-30 16:05:21,
531/1048,SRX11515811,uploaded,gs://arc-institute-virtual-cell-atlas/scbasecount/2026-01-12/h5ad/GeneFull/Homo_sapiens/SRX11515811.h5ad,arc-institute-virtual-cell-atlas/scbasecount/2026-01-12/h5ad/GeneFull/Homo_sapiens/SRX11515811.h5ad,6OdZAdML+OcD3XQIUWFOTQ==,2026-07-30 16:05:23,
532/1048,SRX10984888,uploaded,gs://arc-institute-virtual-cell-atlas/scbasecount/2026-01-12/h5ad/GeneFull/Homo_sapiens/SRX10984888.h5ad,arc-institute-virtual-cell-atlas/scbasecount/2026-01-12/h5ad/GeneFull/Homo_sapiens/SRX10984888.h5ad,CKmBh05BGYxRU9zSPmdtEw==,2026-07-30 16:05:27,
533/1048,SRX12457902,uploaded,gs://arc-institute-virtual-cell-atlas/scbasecount/2026-01-12/h5ad/GeneFull/Homo_sapiens/SRX12457902.h5ad,arc-institute-virtual-cell-atlas/scbasecount/2026-01-12/h5ad/GeneFull/Homo_sapiens/SRX12457902.h5ad,fZ67D6aEX3uDF6yPcTqFSQ==,2026-07-30 16:05:37,
534/1048,SRX11071613,uploaded,gs://arc-institute-virtual-cell-atlas/scbasecount/2026-01-12/h5ad/GeneFull/Homo_sapiens/SRX11071613.h5ad,arc-institute-virtual-cell-atlas/scbasecount/2026-01-12/h5ad/GeneFull/Homo_sapiens/SRX11071613.h5ad,KLSOGMybe+GMpzD92tBYAA==,2026-07-30 16:05:44,
535/1048,SRX11515818,uploaded,gs://arc-institute-virtual-cell-atlas/scbasecount/2026-01-12/h5ad/GeneFull/Homo_sapiens/SRX11515818.h5ad,arc-institute-virtual-cell-atlas/scbasecount/2026-01-12/h5ad/GeneFull/Homo_sapiens/SRX11515818.h5ad,ryWFUbV6STGfIkAR0jUeyA==,2026-07-30 16:05:46,
536/1048,SRX11515804,uploaded,gs://arc-institute-virtual-cell-atlas/scbasecount/2026-01-12/h5ad/GeneFull/Homo_sapiens/SRX11515804.h5ad,arc-institute-virtual-cell-atlas/scbasecount/2026-01-12/h5ad/GeneFull/Homo_sapiens/SRX11515804.h5ad,+r5wZ6jd53MuJNsF1BKwkg==,2026-07-30 16:05:48,
537/1048,SRX11071615,uploaded,gs://arc-institute-virtual-cell-atlas/scbasecount/2026-01-12/h5ad/GeneFull/Homo_sapiens/SRX11071615.h5ad,arc-institute-virtual-cell-atlas/scbasecount/2026-01-12/h5ad/GeneFull/Homo_sapiens/SRX11071615.h5ad,g4KkHsbD/DgL08PBbnLcRw==,2026-07-30 16:05:57,
538/1048,SRX10984884,uploaded,gs://arc-institute-virtual-cell-atlas/scbasecount/2026-01-12/h5ad/GeneFull/Homo_sapiens/SRX10984884.h5ad,arc-institute-virtual-cell-atlas/scbasecount/2026-01-12/h5ad/GeneFull/Homo_sapiens/SRX10984884.h5ad,Y2OqYB3e84ncoDtlqdgXbw==,2026-07-30 16:06:02,
539/1048,SRX11515880,uploaded,gs://arc-institute-virtual-cell-atlas/scbasecount/2026-01-12/h5ad/GeneFull/Homo_sapiens/SRX11515880.h5ad,arc-institute-virtual-cell-atlas/scbasecount/2026-01-12/h5ad/GeneFull/Homo_sapiens/SRX11515880.h5ad,DJhZek/sqfPg8VnLyIIJcw==,2026-07-30 16:06:05,
540/1048,SRX11987910,uploaded,gs://arc-institute-virtual-cell-atlas/scbasecount/2026-01-12/h5ad/GeneFull/Homo_sapiens/SRX11987910.h5ad,arc-institute-virtual-cell-atlas/scbasecount/2026-01-12/h5ad/GeneFull/Homo_sapiens/SRX11987910.h5ad,v9rnwH5KgSa8EWV5U7AO5w==,2026-07-30 16:06:08,
541/1048,SRX10697704,uploaded,gs://arc-institute-virtual-cell-atlas/scbasecount/2026-01-12/h5ad/GeneFull/Homo_sapiens/SRX10697704.h5ad,arc-institute-virtual-cell-atlas/scbasecount/2026-01-12/h5ad/GeneFull/Homo_sapiens/SRX10697704.h5ad,7tPc4J40Q0KDDUaADKwo5A==,2026-07-30 16:06:16,
542/1048,SRX10327366,uploaded,gs://arc-institute-virtual-cell-atlas/scbasecount/2026-01-12/h5ad/GeneFull/Homo_sapiens/SRX10327366.h5ad,arc-institute-virtual-cell-atlas/scbasecount/2026-01-12/h5ad/GeneFull/Homo_sapiens/SRX10327366.h5ad,RpAWdZQTyXY3iFPgBq25UA==,2026-07-30 16:06:22,
543/1048,SRX10697703,uploaded,gs://arc-institute-virtual-cell-atlas/scbasecount/2026-01-12/h5ad/GeneFull/Homo_sapiens/SRX10697703.h5ad,arc-institute-virtual-cell-atlas/scbasecount/2026-01-12/h5ad/GeneFull/Homo_sapiens/SRX10697703.h5ad,Kg5rrE//it6rQYK0BCPeQw==,2026-07-30 16:06:32,
544/1048,SRX15805189,uploaded,gs://arc-institute-virtual-cell-atlas/scbasecount/2026-01-12/h5ad/GeneFull/Homo_sapiens/SRX15805189.h5ad,arc-institute-virtual-cell-atlas/scbasecount/2026-01-12/h5ad/GeneFull/Homo_sapiens/SRX15805189.h5ad,jBW868rqYjxjRGkkgMo3DQ==,2026-07-30 16:06:33,
545/1048,SRX15805169,uploaded,gs://arc-institute-virtual-cell-atlas/scbasecount/2026-01-12/h5ad/GeneFull/Homo_sapiens/SRX15805169.h5ad,arc-institute-virtual-cell-atlas/scbasecount/2026-01-12/h5ad/GeneFull/Homo_sapiens/SRX15805169.h5ad,dKbdR1uXJ0JEj6Au1HyxMQ==,2026-07-30 16:06:35,
546/1048,SRX15805181,uploaded,gs://arc-institute-virtual-cell-atlas/scbasecount/2026-01-12/h5ad/GeneFull/Homo_sapiens/SRX15805181.h5ad,arc-institute-virtual-cell-atlas/scbasecount/2026-01-12/h5ad/GeneFull/Homo_sapiens/SRX15805181.h5ad,DMOCOI1EML3FENkOWltVWg==,2026-07-30 16:06:37,
547/1048,SRX15805177,uploaded,gs://arc-institute-virtual-cell-atlas/scbasecount/2026-01-12/h5ad/GeneFull/Homo_sapiens/SRX15805177.h5ad,arc-institute-virtual-cell-atlas/scbasecount/2026-01-12/h5ad/GeneFull/Homo_sapiens/SRX15805177.h5ad,FM835puwJpyQ0YxYyI7wPg==,2026-07-30 16:06:40,
548/1048,SRX16217038,uploaded,gs://arc-institute-virtual-cell-atlas/scbasecount/2026-01-12/h5ad/GeneFull/Homo_sapiens/SRX16217038.h5ad,arc-institute-virtual-cell-atlas/scbasecount/2026-01-12/h5ad/GeneFull/Homo_sapiens/SRX16217038.h5ad,wBkGAO1fubXFPR2/P/HkLQ==,2026-07-30 16:06:42,
549/1048,SRX16217034,uploaded,gs://arc-institute-virtual-cell-atlas/scbasecount/2026-01-12/h5ad/GeneFull/Homo_sapiens/SRX16217034.h5ad,arc-institute-virtual-cell-atlas/scbasecount/2026-01-12/h5ad/GeneFull/Homo_sapiens/SRX16217034.h5ad,MIqZ2vamCY0J1Isl1ONxBA==,2026-07-30 16:06:44,
550/1048,SRX18096298,uploaded,gs://arc-institute-virtual-cell-atlas/scbasecount/2026-01-12/h5ad/GeneFull/Homo_sapiens/SRX18096298.h5ad,arc-institute-virtual-cell-atlas/scbasecount/2026-01-12/h5ad/GeneFull/Homo_sapiens/SRX18096298.h5ad,NTBNq28yS9rbugkSjyh/TQ==,2026-07-30 16:06:50,
551/1048,SRX10606548,uploaded,gs://arc-institute-virtual-cell-atlas/scbasecount/2026-01-12/h5ad/GeneFull/Homo_sapiens/SRX10606548.h5ad,arc-institute-virtual-cell-atlas/scbasecount/2026-01-12/h5ad/GeneFull/Homo_sapiens/SRX10606548.h5ad,hwVvHnuMHZEMmf1fJQ7URQ==,2026-07-30 16:06:52,
552/1048,SRX18096301,uploaded,gs://arc-institute-virtual-cell-atlas/scbasecount/2026-01-12/h5ad/GeneFull/Homo_sapiens/SRX18096301.h5ad,arc-institute-virtual-cell-atlas/scbasecount/2026-01-12/h5ad/GeneFull/Homo_sapiens/SRX18096301.h5ad,Zutmvr83OyI8heeb5FYHWw==,2026-07-30 16:06:57,
553/1048,SRX18096300,uploaded,gs://arc-institute-virtual-cell-atlas/scbasecount/2026-01-12/h5ad/GeneFull/Homo_sapiens/SRX18096300.h5ad,arc-institute-virtual-cell-atlas/scbasecount/2026-01-12/h5ad/GeneFull/Homo_sapiens/SRX18096300.h5ad,MXSxX0FT+kBWxa3tc0/TJg==,2026-07-30 16:07:02,
554/1048,SRX18096299,uploaded,gs://arc-institute-virtual-cell-atlas/scbasecount/2026-01-12/h5ad/GeneFull/Homo_sapiens/SRX18096299.h5ad,arc-institute-virtual-cell-atlas/scbasecount/2026-01-12/h5ad/GeneFull/Homo_sapiens/SRX18096299.h5ad,VWVZFXccU//UnbpJV7jbfQ==,2026-07-30 16:07:08,
555/1048,SRX18096297,uploaded,gs://arc-institute-virtual-cell-atlas/scbasecount/2026-01-12/h5ad/GeneFull/Homo_sapiens/SRX18096297.h5ad,arc-institute-virtual-cell-atlas/scbasecount/2026-01-12/h5ad/GeneFull/Homo_sapiens/SRX18096297.h5ad,1qaJr4o9jHOos+JihPYn5A==,2026-07-30 16:07:16,
556/1048,SRX22917447,uploaded,gs://arc-institute-virtual-cell-atlas/scbasecount/2026-01-12/h5ad/GeneFull/Homo_sapiens/SRX22917447.h5ad,arc-institute-virtual-cell-atlas/scbasecount/2026-01-12/h5ad/GeneFull/Homo_sapiens/SRX22917447.h5ad,n+Sa9686lFqURVuF2VTiKg==,2026-07-30 16:07:27,
557/1048,SRX24312775,uploaded,gs://arc-institute-virtual-cell-atlas/scbasecount/2026-01-12/h5ad/GeneFull/Homo_sapiens/SRX24312775.h5ad,arc-institute-virtual-cell-atlas/scbasecount/2026-01-12/h5ad/GeneFull/Homo_sapiens/SRX24312775.h5ad,4zGYYVw7SFDbpM6KTKlkEA==,2026-07-30 16:07:38,
558/1048,SRX25289894,uploaded,gs://arc-institute-virtual-cell-atlas/scbasecount/2026-01-12/h5ad/GeneFull/Homo_sapiens/SRX25289894.h5ad,arc-institute-virtual-cell-atlas/scbasecount/2026-01-12/h5ad/GeneFull/Homo_sapiens/SRX25289894.h5ad,IqUYfbe90L2+EuM1su8Xew==,2026-07-30 16:07:49,
559/1048,SRX25363538,uploaded,gs://arc-institute-virtual-cell-atlas/scbasecount/2026-01-12/h5ad/GeneFull/Homo_sapiens/SRX25363538.h5ad,arc-institute-virtual-cell-atlas/scbasecount/2026-01-12/h5ad/GeneFull/Homo_sapiens/SRX25363538.h5ad,aFJBqb6Oh6NYIahXgBpp5A==,2026-07-30 16:07:54,
560/1048,SRX25261770,uploaded,gs://arc-institute-virtual-cell-atlas/scbasecount/2026-01-12/h5ad/GeneFull/Homo_sapiens/SRX25261770.h5ad,arc-institute-virtual-cell-atlas/scbasecount/2026-01-12/h5ad/GeneFull/Homo_sapiens/SRX25261770.h5ad,MqvU7hDlDtwSU8HUMbgu4w==,2026-07-30 16:07:56,
561/1048,SRX23902411,uploaded,gs://arc-institute-virtual-cell-atlas/scbasecount/2026-01-12/h5ad/GeneFull/Homo_sapiens/SRX23902411.h5ad,arc-institute-virtual-cell-atlas/scbasecount/2026-01-12/h5ad/GeneFull/Homo_sapiens/SRX23902411.h5ad,m7KjT+2FRqlo5sOkqFrl6A==,2026-07-30 16:08:03,
562/1048,SRX24312781,uploaded,gs://arc-institute-virtual-cell-atlas/scbasecount/2026-01-12/h5ad/GeneFull/Homo_sapiens/SRX24312781.h5ad,arc-institute-virtual-cell-atlas/scbasecount/2026-01-12/h5ad/GeneFull/Homo_sapiens/SRX24312781.h5ad,TBNzOReh1Lyt268F8jywWQ==,2026-07-30 16:08:13,
563/1048,SRX24312773,uploaded,gs://arc-institute-virtual-cell-atlas/scbasecount/2026-01-12/h5ad/GeneFull/Homo_sapiens/SRX24312773.h5ad,arc-institute-virtual-cell-atlas/scbasecount/2026-01-12/h5ad/GeneFull/Homo_sapiens/SRX24312773.h5ad,4DT7Ngc+PiIuVNflMUbOMg==,2026-07-30 16:08:23,
564/1048,SRX24312772,uploaded,gs://arc-institute-virtual-cell-atlas/scbasecount/2026-01-12/h5ad/GeneFull/Homo_sapiens/SRX24312772.h5ad,arc-institute-virtual-cell-atlas/scbasecount/2026-01-12/h5ad/GeneFull/Homo_sapiens/SRX24312772.h5ad,0MqRQW6nzbLOPpTuW6SO8A==,2026-07-30 16:08:32,
565/1048,SRX24312778,uploaded,gs://arc-institute-virtual-cell-atlas/scbasecount/2026-01-12/h5ad/GeneFull/Homo_sapiens/SRX24312778.h5ad,arc-institute-virtual-cell-atlas/scbasecount/2026-01-12/h5ad/GeneFull/Homo_sapiens/SRX24312778.h5ad,ZovG9kgis7UXYgc9p32Nhw==,2026-07-30 16:08:38,
566/1048,SRX19704182,uploaded,gs://arc-institute-virtual-cell-atlas/scbasecount/2026-01-12/h5ad/GeneFull/Homo_sapiens/SRX19704182.h5ad,arc-institute-virtual-cell-atlas/scbasecount/2026-01-12/h5ad/GeneFull/Homo_sapiens/SRX19704182.h5ad,hcG51O81GxclIQQA/eHIkQ==,2026-07-30 16:08:44,
567/1048,SRX25595940,uploaded,gs://arc-institute-virtual-cell-atlas/scbasecount/2026-01-12/h5ad/GeneFull/Homo_sapiens/SRX25595940.h5ad,arc-institute-virtual-cell-atlas/scbasecount/2026-01-12/h5ad/GeneFull/Homo_sapiens/SRX25595940.h5ad,ACdEe0AtBrL0E88dotGx2A==,2026-07-30 16:08:50,
568/1048,SRX23825231,uploaded,gs://arc-institute-virtual-cell-atlas/scbasecount/2026-01-12/h5ad/GeneFull/Homo_sapiens/SRX23825231.h5ad,arc-institute-virtual-cell-atlas/scbasecount/2026-01-12/h5ad/GeneFull/Homo_sapiens/SRX23825231.h5ad,4bGVN7xUT5skpa01IXExow==,2026-07-30 16:08:56,
569/1048,SRX25261737,uploaded,gs://arc-institute-virtual-cell-atlas/scbasecount/2026-01-12/h5ad/GeneFull/Homo_sapiens/SRX25261737.h5ad,arc-institute-virtual-cell-atlas/scbasecount/2026-01-12/h5ad/GeneFull/Homo_sapiens/SRX25261737.h5ad,s+9afy1A1cvl4vE/cIjWsA==,2026-07-30 16:09:06,
570/1048,SRX23457974,uploaded,gs://arc-institute-virtual-cell-atlas/scbasecount/2026-01-12/h5ad/GeneFull/Homo_sapiens/SRX23457974.h5ad,arc-institute-virtual-cell-atlas/scbasecount/2026-01-12/h5ad/GeneFull/Homo_sapiens/SRX23457974.h5ad,C2TLaTHp9GTgqiVcztiH/g==,2026-07-30 16:09:13,
571/1048,SRX23457971,uploaded,gs://arc-institute-virtual-cell-atlas/scbasecount/2026-01-12/h5ad/GeneFull/Homo_sapiens/SRX23457971.h5ad,arc-institute-virtual-cell-atlas/scbasecount/2026-01-12/h5ad/GeneFull/Homo_sapiens/SRX23457971.h5ad,BZIMcGR4WT+BxYV3snUpJQ==,2026-07-30 16:09:17,
572/1048,SRX19704899,uploaded,gs://arc-institute-virtual-cell-atlas/scbasecount/2026-01-12/h5ad/GeneFull/Homo_sapiens/SRX19704899.h5ad,arc-institute-virtual-cell-atlas/scbasecount/2026-01-12/h5ad/GeneFull/Homo_sapiens/SRX19704899.h5ad,jGuTtCt3AdaIVvEFCL9S7g==,2026-07-30 16:09:32,
573/1048,SRX20811754,uploaded,gs://arc-institute-virtual-cell-atlas/scbasecount/2026-01-12/h5ad/GeneFull/Homo_sapiens/SRX20811754.h5ad,arc-institute-virtual-cell-atlas/scbasecount/2026-01-12/h5ad/GeneFull/Homo_sapiens/SRX20811754.h5ad,A77TGyH0AGpWkP6TPk8Hsw==,2026-07-30 16:09:35,
574/1048,SRX20811744,uploaded,gs://arc-institute-virtual-cell-atlas/scbasecount/2026-01-12/h5ad/GeneFull/Homo_sapiens/SRX20811744.h5ad,arc-institute-virtual-cell-atlas/scbasecount/2026-01-12/h5ad/GeneFull/Homo_sapiens/SRX20811744.h5ad,d9UgqL1qXCFRRgDfHOPOWA==,2026-07-30 16:09:39,
575/1048,SRX19704146,uploaded,gs://arc-institute-virtual-cell-atlas/scbasecount/2026-01-12/h5ad/GeneFull/Homo_sapiens/SRX19704146.h5ad,arc-institute-virtual-cell-atlas/scbasecount/2026-01-12/h5ad/GeneFull/Homo_sapiens/SRX19704146.h5ad,5pCVVDQMklRH7xfGVfwasA==,2026-07-30 16:09:41,
576/1048,SRX19704192,uploaded,gs://arc-institute-virtual-cell-atlas/scbasecount/2026-01-12/h5ad/GeneFull/Homo_sapiens/SRX19704192.h5ad,arc-institute-virtual-cell-atlas/scbasecount/2026-01-12/h5ad/GeneFull/Homo_sapiens/SRX19704192.h5ad,bjZ/Zpym8H4jSNGvLM0SwQ==,2026-07-30 16:09:44,
577/1048,SRX23457977,uploaded,gs://arc-institute-virtual-cell-atlas/scbasecount/2026-01-12/h5ad/GeneFull/Homo_sapiens/SRX23457977.h5ad,arc-institute-virtual-cell-atlas/scbasecount/2026-01-12/h5ad/GeneFull/Homo_sapiens/SRX23457977.h5ad,Qvv/EOqvy4+eG1asQbnebQ==,2026-07-30 16:09:48,
578/1048,SRX22558192,uploaded,gs://arc-institute-virtual-cell-atlas/scbasecount/2026-01-12/h5ad/GeneFull/Homo_sapiens/SRX22558192.h5ad,arc-institute-virtual-cell-atlas/scbasecount/2026-01-12/h5ad/GeneFull/Homo_sapiens/SRX22558192.h5ad,qtP1GoEfKbXEyKeV9+jMiA==,2026-07-30 16:09:56,
579/1048,SRX19704199,uploaded,gs://arc-institute-virtual-cell-atlas/scbasecount/2026-01-12/h5ad/GeneFull/Homo_sapiens/SRX19704199.h5ad,arc-institute-virtual-cell-atlas/scbasecount/2026-01-12/h5ad/GeneFull/Homo_sapiens/SRX19704199.h5ad,osggfQIvYPYwud6+GVmsqQ==,2026-07-30 16:10:04,
580/1048,SRX17689196,uploaded,gs://arc-institute-virtual-cell-atlas/scbasecount/2026-01-12/h5ad/GeneFull/Homo_sapiens/SRX17689196.h5ad,arc-institute-virtual-cell-atlas/scbasecount/2026-01-12/h5ad/GeneFull/Homo_sapiens/SRX17689196.h5ad,WM/qXveDATEaECehy3OFfw==,2026-07-30 16:10:10,
581/1048,SRX19704178,uploaded,gs://arc-institute-virtual-cell-atlas/scbasecount/2026-01-12/h5ad/GeneFull/Homo_sapiens/SRX19704178.h5ad,arc-institute-virtual-cell-atlas/scbasecount/2026-01-12/h5ad/GeneFull/Homo_sapiens/SRX19704178.h5ad,9zJdqDwi2yxD1doKKiukJA==,2026-07-30 16:10:21,
582/1048,SRX17896692,uploaded,gs://arc-institute-virtual-cell-atlas/scbasecount/2026-01-12/h5ad/GeneFull/Homo_sapiens/SRX17896692.h5ad,arc-institute-virtual-cell-atlas/scbasecount/2026-01-12/h5ad/GeneFull/Homo_sapiens/SRX17896692.h5ad,v4WmEXg1GY7ZNxTiuHU9Ug==,2026-07-30 16:10:31,
583/1048,SRX17941757,uploaded,gs://arc-institute-virtual-cell-atlas/scbasecount/2026-01-12/h5ad/GeneFull/Homo_sapiens/SRX17941757.h5ad,arc-institute-virtual-cell-atlas/scbasecount/2026-01-12/h5ad/GeneFull/Homo_sapiens/SRX17941757.h5ad,UyYiSf6UmLh2YXIej5Sztg==,2026-07-30 16:10:45,
584/1048,SRX17949769,uploaded,gs://arc-institute-virtual-cell-atlas/scbasecount/2026-01-12/h5ad/GeneFull/Homo_sapiens/SRX17949769.h5ad,arc-institute-virtual-cell-atlas/scbasecount/2026-01-12/h5ad/GeneFull/Homo_sapiens/SRX17949769.h5ad,vwrw3jG8K8atBFMj8N8jUg==,2026-07-30 16:10:54,
585/1048,SRX16757155,uploaded,gs://arc-institute-virtual-cell-atlas/scbasecount/2026-01-12/h5ad/GeneFull/Homo_sapiens/SRX16757155.h5ad,arc-institute-virtual-cell-atlas/scbasecount/2026-01-12/h5ad/GeneFull/Homo_sapiens/SRX16757155.h5ad,USJa2Fn2ZC/H3WGtlNC7SA==,2026-07-30 16:10:57,
586/1048,SRX12868720,uploaded,gs://arc-institute-virtual-cell-atlas/scbasecount/2026-01-12/h5ad/GeneFull/Homo_sapiens/SRX12868720.h5ad,arc-institute-virtual-cell-atlas/scbasecount/2026-01-12/h5ad/GeneFull/Homo_sapiens/SRX12868720.h5ad,KpYt4uXa6NLA3BZeRD1pdw==,2026-07-30 16:11:14,
587/1048,SRX17150747,uploaded,gs://arc-institute-virtual-cell-atlas/scbasecount/2026-01-12/h5ad/GeneFull/Homo_sapiens/SRX17150747.h5ad,arc-institute-virtual-cell-atlas/scbasecount/2026-01-12/h5ad/GeneFull/Homo_sapiens/SRX17150747.h5ad,OpQ/A/5pzAJ2B6sdvJIifA==,2026-07-30 16:11:35,
588/1048,SRX14891758,uploaded,gs://arc-institute-virtual-cell-atlas/scbasecount/2026-01-12/h5ad/GeneFull/Homo_sapiens/SRX14891758.h5ad,arc-institute-virtual-cell-atlas/scbasecount/2026-01-12/h5ad/GeneFull/Homo_sapiens/SRX14891758.h5ad,HNmmWMrunQbRh2XUlyeQDQ==,2026-07-30 16:11:48,
589/1048,SRX19704191,uploaded,gs://arc-institute-virtual-cell-atlas/scbasecount/2026-01-12/h5ad/GeneFull/Homo_sapiens/SRX19704191.h5ad,arc-institute-virtual-cell-atlas/scbasecount/2026-01-12/h5ad/GeneFull/Homo_sapiens/SRX19704191.h5ad,ppPeBgVwZ6J1/Fi4PvkJrg==,2026-07-30 16:11:52,
590/1048,SRX19704141,uploaded,gs://arc-institute-virtual-cell-atlas/scbasecount/2026-01-12/h5ad/GeneFull/Homo_sapiens/SRX19704141.h5ad,arc-institute-virtual-cell-atlas/scbasecount/2026-01-12/h5ad/GeneFull/Homo_sapiens/SRX19704141.h5ad,C/JgINiafTG2ksgvdOrTyg==,2026-07-30 16:11:57,
591/1048,SRX18965982,uploaded,gs://arc-institute-virtual-cell-atlas/scbasecount/2026-01-12/h5ad/GeneFull/Homo_sapiens/SRX18965982.h5ad,arc-institute-virtual-cell-atlas/scbasecount/2026-01-12/h5ad/GeneFull/Homo_sapiens/SRX18965982.h5ad,Kf4CNCFyXizDY4u2/j/+dA==,2026-07-30 16:12:22,
592/1048,SRX18965977,uploaded,gs://arc-institute-virtual-cell-atlas/scbasecount/2026-01-12/h5ad/GeneFull/Homo_sapiens/SRX18965977.h5ad,arc-institute-virtual-cell-atlas/scbasecount/2026-01-12/h5ad/GeneFull/Homo_sapiens/SRX18965977.h5ad,/P/LPsyaqVfmADzdENFOeQ==,2026-07-30 16:12:52,
593/1048,SRX19704189,uploaded,gs://arc-institute-virtual-cell-atlas/scbasecount/2026-01-12/h5ad/GeneFull/Homo_sapiens/SRX19704189.h5ad,arc-institute-virtual-cell-atlas/scbasecount/2026-01-12/h5ad/GeneFull/Homo_sapiens/SRX19704189.h5ad,13FtijBLkGzggBMkCFjL+A==,2026-07-30 16:13:00,
594/1048,SRX19704200,uploaded,gs://arc-institute-virtual-cell-atlas/scbasecount/2026-01-12/h5ad/GeneFull/Homo_sapiens/SRX19704200.h5ad,arc-institute-virtual-cell-atlas/scbasecount/2026-01-12/h5ad/GeneFull/Homo_sapiens/SRX19704200.h5ad,hRRBIyADtcNH3T/IYxg9jQ==,2026-07-30 16:13:06,
595/1048,SRX19162056,uploaded,gs://arc-institute-virtual-cell-atlas/scbasecount/2026-01-12/h5ad/GeneFull/Homo_sapiens/SRX19162056.h5ad,arc-institute-virtual-cell-atlas/scbasecount/2026-01-12/h5ad/GeneFull/Homo_sapiens/SRX19162056.h5ad,sJFPMmWG6Py/byMCBtZ1Mw==,2026-07-30 16:13:13,
596/1048,SRX19162065,uploaded,gs://arc-institute-virtual-cell-atlas/scbasecount/2026-01-12/h5ad/GeneFull/Homo_sapiens/SRX19162065.h5ad,arc-institute-virtual-cell-atlas/scbasecount/2026-01-12/h5ad/GeneFull/Homo_sapiens/SRX19162065.h5ad,9RhvBXIVsN/s3WbokV6ebQ==,2026-07-30 16:13:20,
597/1048,SRX19844827,uploaded,gs://arc-institute-virtual-cell-atlas/scbasecount/2026-01-12/h5ad/GeneFull/Homo_sapiens/SRX19844827.h5ad,arc-institute-virtual-cell-atlas/scbasecount/2026-01-12/h5ad/GeneFull/Homo_sapiens/SRX19844827.h5ad,H8/Xl27fkc2JQKEVO5q+5g==,2026-07-30 16:13:27,
598/1048,SRX19704123,uploaded,gs://arc-institute-virtual-cell-atlas/scbasecount/2026-01-12/h5ad/GeneFull/Homo_sapiens/SRX19704123.h5ad,arc-institute-virtual-cell-atlas/scbasecount/2026-01-12/h5ad/GeneFull/Homo_sapiens/SRX19704123.h5ad,zj5fXKfkTNwPBQEPRwtCSA==,2026-07-30 16:13:30,
599/1048,SRX19704129,uploaded,gs://arc-institute-virtual-cell-atlas/scbasecount/2026-01-12/h5ad/GeneFull/Homo_sapiens/SRX19704129.h5ad,arc-institute-virtual-cell-atlas/scbasecount/2026-01-12/h5ad/GeneFull/Homo_sapiens/SRX19704129.h5ad,/L1uSCNZa2dupN1YVTFYpg==,2026-07-30 16:13:33,
600/1048,SRX20180657,uploaded,gs://arc-institute-virtual-cell-atlas/scbasecount/2026-01-12/h5ad/GeneFull/Homo_sapiens/SRX20180657.h5ad,arc-institute-virtual-cell-atlas/scbasecount/2026-01-12/h5ad/GeneFull/Homo_sapiens/SRX20180657.h5ad,JwTld5nt3NrZpH0FuSHJAg==,2026-07-30 16:13:42,
601/1048,SRX20221193,uploaded,gs://arc-institute-virtual-cell-atlas/scbasecount/2026-01-12/h5ad/GeneFull/Homo_sapiens/SRX20221193.h5ad,arc-institute-virtual-cell-atlas/scbasecount/2026-01-12/h5ad/GeneFull/Homo_sapiens/SRX20221193.h5ad,zlZc/+t2eA77NzELJRthOw==,2026-07-30 16:13:51,
602/1048,SRX19886024,uploaded,gs://arc-institute-virtual-cell-atlas/scbasecount/2026-01-12/h5ad/GeneFull/Homo_sapiens/SRX19886024.h5ad,arc-institute-virtual-cell-atlas/scbasecount/2026-01-12/h5ad/GeneFull/Homo_sapiens/SRX19886024.h5ad,MQ0OlSiryCWHDEfwUkLNvA==,2026-07-30 16:14:05,
603/1048,SRX20970825,uploaded,gs://arc-institute-virtual-cell-atlas/scbasecount/2026-01-12/h5ad/GeneFull/Homo_sapiens/SRX20970825.h5ad,arc-institute-virtual-cell-atlas/scbasecount/2026-01-12/h5ad/GeneFull/Homo_sapiens/SRX20970825.h5ad,Gvdps+ollPWwpbukg8Ejkw==,2026-07-30 16:14:12,
604/1048,SRX20811742,uploaded,gs://arc-institute-virtual-cell-atlas/scbasecount/2026-01-12/h5ad/GeneFull/Homo_sapiens/SRX20811742.h5ad,arc-institute-virtual-cell-atlas/scbasecount/2026-01-12/h5ad/GeneFull/Homo_sapiens/SRX20811742.h5ad,LM4Zs6+07hqHuioiWtozog==,2026-07-30 16:14:14,
605/1048,SRX20811751,uploaded,gs://arc-institute-virtual-cell-atlas/scbasecount/2026-01-12/h5ad/GeneFull/Homo_sapiens/SRX20811751.h5ad,arc-institute-virtual-cell-atlas/scbasecount/2026-01-12/h5ad/GeneFull/Homo_sapiens/SRX20811751.h5ad,I+zHT/Bo1eUYkKa4nQVmRw==,2026-07-30 16:14:18,
606/1048,SRX20811745,uploaded,gs://arc-institute-virtual-cell-atlas/scbasecount/2026-01-12/h5ad/GeneFull/Homo_sapiens/SRX20811745.h5ad,arc-institute-virtual-cell-atlas/scbasecount/2026-01-12/h5ad/GeneFull/Homo_sapiens/SRX20811745.h5ad,pvAJFkXmF7txWssNPqSWhQ==,2026-07-30 16:14:21,
607/1048,SRX20811750,uploaded,gs://arc-institute-virtual-cell-atlas/scbasecount/2026-01-12/h5ad/GeneFull/Homo_sapiens/SRX20811750.h5ad,arc-institute-virtual-cell-atlas/scbasecount/2026-01-12/h5ad/GeneFull/Homo_sapiens/SRX20811750.h5ad,jKD0P/Ecjl0LYiKuYAEaeA==,2026-07-30 16:14:26,
608/1048,SRX21460095,uploaded,gs://arc-institute-virtual-cell-atlas/scbasecount/2026-01-12/h5ad/GeneFull/Homo_sapiens/SRX21460095.h5ad,arc-institute-virtual-cell-atlas/scbasecount/2026-01-12/h5ad/GeneFull/Homo_sapiens/SRX21460095.h5ad,za5ZcL565xIf2AOTrs4hMg==,2026-07-30 16:14:40,
609/1048,SRX21460108,uploaded,gs://arc-institute-virtual-cell-atlas/scbasecount/2026-01-12/h5ad/GeneFull/Homo_sapiens/SRX21460108.h5ad,arc-institute-virtual-cell-atlas/scbasecount/2026-01-12/h5ad/GeneFull/Homo_sapiens/SRX21460108.h5ad,zXC1AoGCvpTwhHsq6ZW3ig==,2026-07-30 16:14:55,
610/1048,SRX21808833,uploaded,gs://arc-institute-virtual-cell-atlas/scbasecount/2026-01-12/h5ad/GeneFull/Homo_sapiens/SRX21808833.h5ad,arc-institute-virtual-cell-atlas/scbasecount/2026-01-12/h5ad/GeneFull/Homo_sapiens/SRX21808833.h5ad,YLw4aTmj559BefhrgF/8cw==,2026-07-30 16:15:01,
611/1048,SRX23341418,uploaded,gs://arc-institute-virtual-cell-atlas/scbasecount/2026-01-12/h5ad/GeneFull/Homo_sapiens/SRX23341418.h5ad,arc-institute-virtual-cell-atlas/scbasecount/2026-01-12/h5ad/GeneFull/Homo_sapiens/SRX23341418.h5ad,49NubAuyVeggLR3S64bluQ==,2026-07-30 16:15:04,
612/1048,SRX23395187,uploaded,gs://arc-institute-virtual-cell-atlas/scbasecount/2026-01-12/h5ad/GeneFull/Homo_sapiens/SRX23395187.h5ad,arc-institute-virtual-cell-atlas/scbasecount/2026-01-12/h5ad/GeneFull/Homo_sapiens/SRX23395187.h5ad,sKmbxrwQgQd5tSdT8jhc7g==,2026-07-30 16:15:11,
613/1048,SRX23902412,uploaded,gs://arc-institute-virtual-cell-atlas/scbasecount/2026-01-12/h5ad/GeneFull/Homo_sapiens/SRX23902412.h5ad,arc-institute-virtual-cell-atlas/scbasecount/2026-01-12/h5ad/GeneFull/Homo_sapiens/SRX23902412.h5ad,TyJk/JlBPH1vkFRNQdfFug==,2026-07-30 16:15:20,
614/1048,SRX24312771,uploaded,gs://arc-institute-virtual-cell-atlas/scbasecount/2026-01-12/h5ad/GeneFull/Homo_sapiens/SRX24312771.h5ad,arc-institute-virtual-cell-atlas/scbasecount/2026-01-12/h5ad/GeneFull/Homo_sapiens/SRX24312771.h5ad,xwUXWPqhJBNnnzXkwEZrfg==,2026-07-30 16:15:31,
615/1048,SRX24475791,uploaded,gs://arc-institute-virtual-cell-atlas/scbasecount/2026-01-12/h5ad/GeneFull/Homo_sapiens/SRX24475791.h5ad,arc-institute-virtual-cell-atlas/scbasecount/2026-01-12/h5ad/GeneFull/Homo_sapiens/SRX24475791.h5ad,6l5IHfOexbvTMLSoQy9Sew==,2026-07-30 16:15:38,
616/1048,SRX24475801,uploaded,gs://arc-institute-virtual-cell-atlas/scbasecount/2026-01-12/h5ad/GeneFull/Homo_sapiens/SRX24475801.h5ad,arc-institute-virtual-cell-atlas/scbasecount/2026-01-12/h5ad/GeneFull/Homo_sapiens/SRX24475801.h5ad,5rxAkpAjY1Fvj1nunpI1fg==,2026-07-30 16:15:41,
617/1048,SRX24475792,uploaded,gs://arc-institute-virtual-cell-atlas/scbasecount/2026-01-12/h5ad/GeneFull/Homo_sapiens/SRX24475792.h5ad,arc-institute-virtual-cell-atlas/scbasecount/2026-01-12/h5ad/GeneFull/Homo_sapiens/SRX24475792.h5ad,BHojUVRW3yM0L2OHngHGXg==,2026-07-30 16:15:47,
618/1048,SRX25261718,uploaded,gs://arc-institute-virtual-cell-atlas/scbasecount/2026-01-12/h5ad/GeneFull/Homo_sapiens/SRX25261718.h5ad,arc-institute-virtual-cell-atlas/scbasecount/2026-01-12/h5ad/GeneFull/Homo_sapiens/SRX25261718.h5ad,DAiVZECOgZ1dIH1ueYr+zQ==,2026-07-30 16:15:59,
619/1048,SRX26487578,uploaded,gs://arc-institute-virtual-cell-atlas/scbasecount/2026-01-12/h5ad/GeneFull/Homo_sapiens/SRX26487578.h5ad,arc-institute-virtual-cell-atlas/scbasecount/2026-01-12/h5ad/GeneFull/Homo_sapiens/SRX26487578.h5ad,T9SsqZPadnPHLXLFKXL4yQ==,2026-07-30 16:16:04,
620/1048,SRX24312770,uploaded,gs://arc-institute-virtual-cell-atlas/scbasecount/2026-01-12/h5ad/GeneFull/Homo_sapiens/SRX24312770.h5ad,arc-institute-virtual-cell-atlas/scbasecount/2026-01-12/h5ad/GeneFull/Homo_sapiens/SRX24312770.h5ad,wqV8BOF/Ydjq/WJ97Dbvjw==,2026-07-30 16:16:21,
621/1048,SRX26735834,uploaded,gs://arc-institute-virtual-cell-atlas/scbasecount/2026-01-12/h5ad/GeneFull/Homo_sapiens/SRX26735834.h5ad,arc-institute-virtual-cell-atlas/scbasecount/2026-01-12/h5ad/GeneFull/Homo_sapiens/SRX26735834.h5ad,II1NbJdqtsIzoTRfQmQSNA==,2026-07-30 16:16:33,
622/1048,SRX10152687,uploaded,gs://arc-institute-virtual-cell-atlas/scbasecount/2026-01-12/h5ad/GeneFull/Homo_sapiens/SRX10152687.h5ad,arc-institute-virtual-cell-atlas/scbasecount/2026-01-12/h5ad/GeneFull/Homo_sapiens/SRX10152687.h5ad,QKRt2F1ZhSqeFpgCWANrsw==,2026-07-30 16:16:35,
623/1048,SRX27123182,uploaded,gs://arc-institute-virtual-cell-atlas/scbasecount/2026-01-12/h5ad/GeneFull/Homo_sapiens/SRX27123182.h5ad,arc-institute-virtual-cell-atlas/scbasecount/2026-01-12/h5ad/GeneFull/Homo_sapiens/SRX27123182.h5ad,PTO0ULf8DYzHiNHlnvxZUQ==,2026-07-30 16:16:39,
624/1048,SRX27291604,uploaded,gs://arc-institute-virtual-cell-atlas/scbasecount/2026-01-12/h5ad/GeneFull/Homo_sapiens/SRX27291604.h5ad,arc-institute-virtual-cell-atlas/scbasecount/2026-01-12/h5ad/GeneFull/Homo_sapiens/SRX27291604.h5ad,tAWR72sLwWMs/7lBldJFdA==,2026-07-30 16:16:44,
625/1048,SRX27291593,uploaded,gs://arc-institute-virtual-cell-atlas/scbasecount/2026-01-12/h5ad/GeneFull/Homo_sapiens/SRX27291593.h5ad,arc-institute-virtual-cell-atlas/scbasecount/2026-01-12/h5ad/GeneFull/Homo_sapiens/SRX27291593.h5ad,iuGZDR7ZheS7Un7o0GuCNA==,2026-07-30 16:16:49,
626/1048,SRX27291591,uploaded,gs://arc-institute-virtual-cell-atlas/scbasecount/2026-01-12/h5ad/GeneFull/Homo_sapiens/SRX27291591.h5ad,arc-institute-virtual-cell-atlas/scbasecount/2026-01-12/h5ad/GeneFull/Homo_sapiens/SRX27291591.h5ad,g7LllEA++p5TH2smK4w75g==,2026-07-30 16:17:00,
627/1048,SRX27291597,uploaded,gs://arc-institute-virtual-cell-atlas/scbasecount/2026-01-12/h5ad/GeneFull/Homo_sapiens/SRX27291597.h5ad,arc-institute-virtual-cell-atlas/scbasecount/2026-01-12/h5ad/GeneFull/Homo_sapiens/SRX27291597.h5ad,mV2xgyVVoPBSgB0jbHgQ5w==,2026-07-30 16:17:06,
628/1048,SRX27291619,uploaded,gs://arc-institute-virtual-cell-atlas/scbasecount/2026-01-12/h5ad/GeneFull/Homo_sapiens/SRX27291619.h5ad,arc-institute-virtual-cell-atlas/scbasecount/2026-01-12/h5ad/GeneFull/Homo_sapiens/SRX27291619.h5ad,JEIPKca52SEIxhuQ1O3IMQ==,2026-07-30 16:17:13,
629/1048,SRX27291617,uploaded,gs://arc-institute-virtual-cell-atlas/scbasecount/2026-01-12/h5ad/GeneFull/Homo_sapiens/SRX27291617.h5ad,arc-institute-virtual-cell-atlas/scbasecount/2026-01-12/h5ad/GeneFull/Homo_sapiens/SRX27291617.h5ad,DSItAscUcdctarbHfbzzMw==,2026-07-30 16:17:21,
630/1048,SRX27291622,uploaded,gs://arc-institute-virtual-cell-atlas/scbasecount/2026-01-12/h5ad/GeneFull/Homo_sapiens/SRX27291622.h5ad,arc-institute-virtual-cell-atlas/scbasecount/2026-01-12/h5ad/GeneFull/Homo_sapiens/SRX27291622.h5ad,C4wyyCbj+FyzbG3nNpLt+A==,2026-07-30 16:17:28,
631/1048,SRX27208875,uploaded,gs://arc-institute-virtual-cell-atlas/scbasecount/2026-01-12/h5ad/GeneFull/Homo_sapiens/SRX27208875.h5ad,arc-institute-virtual-cell-atlas/scbasecount/2026-01-12/h5ad/GeneFull/Homo_sapiens/SRX27208875.h5ad,5YCJNQdBwaVD4lQ3KyqCyQ==,2026-07-30 16:17:31,
632/1048,SRX27291556,uploaded,gs://arc-institute-virtual-cell-atlas/scbasecount/2026-01-12/h5ad/GeneFull/Homo_sapiens/SRX27291556.h5ad,arc-institute-virtual-cell-atlas/scbasecount/2026-01-12/h5ad/GeneFull/Homo_sapiens/SRX27291556.h5ad,Vq1io32wjFFsdFqxobrVrw==,2026-07-30 16:17:35,
633/1048,SRX27291561,uploaded,gs://arc-institute-virtual-cell-atlas/scbasecount/2026-01-12/h5ad/GeneFull/Homo_sapiens/SRX27291561.h5ad,arc-institute-virtual-cell-atlas/scbasecount/2026-01-12/h5ad/GeneFull/Homo_sapiens/SRX27291561.h5ad,Wl8tUqZG1p0mWAiJ6TOqPQ==,2026-07-30 16:17:40,
634/1048,SRX27291553,uploaded,gs://arc-institute-virtual-cell-atlas/scbasecount/2026-01-12/h5ad/GeneFull/Homo_sapiens/SRX27291553.h5ad,arc-institute-virtual-cell-atlas/scbasecount/2026-01-12/h5ad/GeneFull/Homo_sapiens/SRX27291553.h5ad,YPdkfe9BHbeR2d/DnA8LPg==,2026-07-30 16:17:49,
635/1048,SRX27291552,uploaded,gs://arc-institute-virtual-cell-atlas/scbasecount/2026-01-12/h5ad/GeneFull/Homo_sapiens/SRX27291552.h5ad,arc-institute-virtual-cell-atlas/scbasecount/2026-01-12/h5ad/GeneFull/Homo_sapiens/SRX27291552.h5ad,rQTW+oC4yGOBivhPo+t+AA==,2026-07-30 16:17:58,
636/1048,SRX27291566,uploaded,gs://arc-institute-virtual-cell-atlas/scbasecount/2026-01-12/h5ad/GeneFull/Homo_sapiens/SRX27291566.h5ad,arc-institute-virtual-cell-atlas/scbasecount/2026-01-12/h5ad/GeneFull/Homo_sapiens/SRX27291566.h5ad,7e/ln3PiiNugFz7VjHcnDQ==,2026-07-30 16:18:04,
637/1048,SRX27291554,uploaded,gs://arc-institute-virtual-cell-atlas/scbasecount/2026-01-12/h5ad/GeneFull/Homo_sapiens/SRX27291554.h5ad,arc-institute-virtual-cell-atlas/scbasecount/2026-01-12/h5ad/GeneFull/Homo_sapiens/SRX27291554.h5ad,o2sClFk4+PYAvBxdQb2BnQ==,2026-07-30 16:18:12,
638/1048,SRX27291576,uploaded,gs://arc-institute-virtual-cell-atlas/scbasecount/2026-01-12/h5ad/GeneFull/Homo_sapiens/SRX27291576.h5ad,arc-institute-virtual-cell-atlas/scbasecount/2026-01-12/h5ad/GeneFull/Homo_sapiens/SRX27291576.h5ad,3eYBcFwDE3gqcdTWTRfT+g==,2026-07-30 16:18:19,
639/1048,SRX27291550,uploaded,gs://arc-institute-virtual-cell-atlas/scbasecount/2026-01-12/h5ad/GeneFull/Homo_sapiens/SRX27291550.h5ad,arc-institute-virtual-cell-atlas/scbasecount/2026-01-12/h5ad/GeneFull/Homo_sapiens/SRX27291550.h5ad,VYsPw+BNmPT2ncaa98Nz+w==,2026-07-30 16:18:34,
640/1048,SRX27291555,uploaded,gs://arc-institute-virtual-cell-atlas/scbasecount/2026-01-12/h5ad/GeneFull/Homo_sapiens/SRX27291555.h5ad,arc-institute-virtual-cell-atlas/scbasecount/2026-01-12/h5ad/GeneFull/Homo_sapiens/SRX27291555.h5ad,KZFkWOItXng0MpjNWA2GDw==,2026-07-30 16:18:43,
641/1048,SRX27291557,uploaded,gs://arc-institute-virtual-cell-atlas/scbasecount/2026-01-12/h5ad/GeneFull/Homo_sapiens/SRX27291557.h5ad,arc-institute-virtual-cell-atlas/scbasecount/2026-01-12/h5ad/GeneFull/Homo_sapiens/SRX27291557.h5ad,lkV6kDhu7/iXUHjWRa5VNg==,2026-07-30 16:18:53,
642/1048,SRX27291610,uploaded,gs://arc-institute-virtual-cell-atlas/scbasecount/2026-01-12/h5ad/GeneFull/Homo_sapiens/SRX27291610.h5ad,arc-institute-virtual-cell-atlas/scbasecount/2026-01-12/h5ad/GeneFull/Homo_sapiens/SRX27291610.h5ad,KMlrgbSSNBZ3PoJCFfQL7w==,2026-07-30 16:19:07,
643/1048,SRX27358284,uploaded,gs://arc-institute-virtual-cell-atlas/scbasecount/2026-01-12/h5ad/GeneFull/Homo_sapiens/SRX27358284.h5ad,arc-institute-virtual-cell-atlas/scbasecount/2026-01-12/h5ad/GeneFull/Homo_sapiens/SRX27358284.h5ad,HweSIYWm7ShdtSOmiob9Xg==,2026-07-30 16:19:19,
644/1048,SRX27358287,uploaded,gs://arc-institute-virtual-cell-atlas/scbasecount/2026-01-12/h5ad/GeneFull/Homo_sapiens/SRX27358287.h5ad,arc-institute-virtual-cell-atlas/scbasecount/2026-01-12/h5ad/GeneFull/Homo_sapiens/SRX27358287.h5ad,yQ5LRBBu3E3C4KwkEyH8zA==,2026-07-30 16:19:26,
645/1048,SRX27358292,uploaded,gs://arc-institute-virtual-cell-atlas/scbasecount/2026-01-12/h5ad/GeneFull/Homo_sapiens/SRX27358292.h5ad,arc-institute-virtual-cell-atlas/scbasecount/2026-01-12/h5ad/GeneFull/Homo_sapiens/SRX27358292.h5ad,9BnbawxRrrE1VuJsGpk24Q==,2026-07-30 16:19:35,
646/1048,SRX27358288,uploaded,gs://arc-institute-virtual-cell-atlas/scbasecount/2026-01-12/h5ad/GeneFull/Homo_sapiens/SRX27358288.h5ad,arc-institute-virtual-cell-atlas/scbasecount/2026-01-12/h5ad/GeneFull/Homo_sapiens/SRX27358288.h5ad,ZROu6JGs7xx3NBd1l2D//w==,2026-07-30 16:19:38,
647/1048,SRX27358291,uploaded,gs://arc-institute-virtual-cell-atlas/scbasecount/2026-01-12/h5ad/GeneFull/Homo_sapiens/SRX27358291.h5ad,arc-institute-virtual-cell-atlas/scbasecount/2026-01-12/h5ad/GeneFull/Homo_sapiens/SRX27358291.h5ad,TN3/RXukwuVr2hL+SGUlvw==,2026-07-30 16:19:46,
648/1048,SRX27358294,uploaded,gs://arc-institute-virtual-cell-atlas/scbasecount/2026-01-12/h5ad/GeneFull/Homo_sapiens/SRX27358294.h5ad,arc-institute-virtual-cell-atlas/scbasecount/2026-01-12/h5ad/GeneFull/Homo_sapiens/SRX27358294.h5ad,jQedKABqwYIzacvbIYQKrA==,2026-07-30 16:19:54,
649/1048,SRX23724095,uploaded,gs://arc-institute-virtual-cell-atlas/scbasecount/2026-01-12/h5ad/GeneFull/Homo_sapiens/SRX23724095.h5ad,arc-institute-virtual-cell-atlas/scbasecount/2026-01-12/h5ad/GeneFull/Homo_sapiens/SRX23724095.h5ad,Kft2qDroIijOaiI9ALU5rA==,2026-07-30 16:20:04,
650/1048,SRX23724097,uploaded,gs://arc-institute-virtual-cell-atlas/scbasecount/2026-01-12/h5ad/GeneFull/Homo_sapiens/SRX23724097.h5ad,arc-institute-virtual-cell-atlas/scbasecount/2026-01-12/h5ad/GeneFull/Homo_sapiens/SRX23724097.h5ad,phLRM0SH46FngpAKDpaMNw==,2026-07-30 16:20:09,
651/1048,SRX23724120,uploaded,gs://arc-institute-virtual-cell-atlas/scbasecount/2026-01-12/h5ad/GeneFull/Homo_sapiens/SRX23724120.h5ad,arc-institute-virtual-cell-atlas/scbasecount/2026-01-12/h5ad/GeneFull/Homo_sapiens/SRX23724120.h5ad,wt04QEkN5r1srTYdnSePcQ==,2026-07-30 16:20:20,
652/1048,SRX23724102,uploaded,gs://arc-institute-virtual-cell-atlas/scbasecount/2026-01-12/h5ad/GeneFull/Homo_sapiens/SRX23724102.h5ad,arc-institute-virtual-cell-atlas/scbasecount/2026-01-12/h5ad/GeneFull/Homo_sapiens/SRX23724102.h5ad,by9Q0l0iY4HjltaNHoIYQQ==,2026-07-30 16:20:34,
653/1048,SRX23724084,uploaded,gs://arc-institute-virtual-cell-atlas/scbasecount/2026-01-12/h5ad/GeneFull/Homo_sapiens/SRX23724084.h5ad,arc-institute-virtual-cell-atlas/scbasecount/2026-01-12/h5ad/GeneFull/Homo_sapiens/SRX23724084.h5ad,Rhf8i3HrpclF1p9tuHrdBw==,2026-07-30 16:20:43,
654/1048,SRX23724083,uploaded,gs://arc-institute-virtual-cell-atlas/scbasecount/2026-01-12/h5ad/GeneFull/Homo_sapiens/SRX23724083.h5ad,arc-institute-virtual-cell-atlas/scbasecount/2026-01-12/h5ad/GeneFull/Homo_sapiens/SRX23724083.h5ad,JDUGoD7HJO/g+bi8IwaWmQ==,2026-07-30 16:21:01,
655/1048,SRX23724087,uploaded,gs://arc-institute-virtual-cell-atlas/scbasecount/2026-01-12/h5ad/GeneFull/Homo_sapiens/SRX23724087.h5ad,arc-institute-virtual-cell-atlas/scbasecount/2026-01-12/h5ad/GeneFull/Homo_sapiens/SRX23724087.h5ad,PIkosCs8UX3TCM6n3zPKVw==,2026-07-30 16:21:11,
656/1048,SRX23724099,uploaded,gs://arc-institute-virtual-cell-atlas/scbasecount/2026-01-12/h5ad/GeneFull/Homo_sapiens/SRX23724099.h5ad,arc-institute-virtual-cell-atlas/scbasecount/2026-01-12/h5ad/GeneFull/Homo_sapiens/SRX23724099.h5ad,lswZL65Og8tZdyAN/ZmLVg==,2026-07-30 16:21:24,
657/1048,SRX25318271,uploaded,gs://arc-institute-virtual-cell-atlas/scbasecount/2026-01-12/h5ad/GeneFull/Homo_sapiens/SRX25318271.h5ad,arc-institute-virtual-cell-atlas/scbasecount/2026-01-12/h5ad/GeneFull/Homo_sapiens/SRX25318271.h5ad,0mbR5qY/ySSOQqgx86BiIw==,2026-07-30 16:21:26,
658/1048,SRX25319044,uploaded,gs://arc-institute-virtual-cell-atlas/scbasecount/2026-01-12/h5ad/GeneFull/Homo_sapiens/SRX25319044.h5ad,arc-institute-virtual-cell-atlas/scbasecount/2026-01-12/h5ad/GeneFull/Homo_sapiens/SRX25319044.h5ad,zPRbKqWMPAnbJK2FblimVg==,2026-07-30 16:21:36,
659/1048,SRX25319043,uploaded,gs://arc-institute-virtual-cell-atlas/scbasecount/2026-01-12/h5ad/GeneFull/Homo_sapiens/SRX25319043.h5ad,arc-institute-virtual-cell-atlas/scbasecount/2026-01-12/h5ad/GeneFull/Homo_sapiens/SRX25319043.h5ad,i6F2gVFbT0xZn1ndoEEBiA==,2026-07-30 16:21:51,
660/1048,SRX25507030,uploaded,gs://arc-institute-virtual-cell-atlas/scbasecount/2026-01-12/h5ad/GeneFull/Homo_sapiens/SRX25507030.h5ad,arc-institute-virtual-cell-atlas/scbasecount/2026-01-12/h5ad/GeneFull/Homo_sapiens/SRX25507030.h5ad,UpcdvezT/OpRuTcOKY0O9w==,2026-07-30 16:21:59,
661/1048,SRX25507022,uploaded,gs://arc-institute-virtual-cell-atlas/scbasecount/2026-01-12/h5ad/GeneFull/Homo_sapiens/SRX25507022.h5ad,arc-institute-virtual-cell-atlas/scbasecount/2026-01-12/h5ad/GeneFull/Homo_sapiens/SRX25507022.h5ad,iG56aj9OIDVDeGmRu6wSsw==,2026-07-30 16:22:09,
662/1048,SRX23802732,uploaded,gs://arc-institute-virtual-cell-atlas/scbasecount/2026-01-12/h5ad/GeneFull/Homo_sapiens/SRX23802732.h5ad,arc-institute-virtual-cell-atlas/scbasecount/2026-01-12/h5ad/GeneFull/Homo_sapiens/SRX23802732.h5ad,mgHjnvNYXJA+/L97Rhpy0A==,2026-07-30 16:22:22,
663/1048,SRX23724074,uploaded,gs://arc-institute-virtual-cell-atlas/scbasecount/2026-01-12/h5ad/GeneFull/Homo_sapiens/SRX23724074.h5ad,arc-institute-virtual-cell-atlas/scbasecount/2026-01-12/h5ad/GeneFull/Homo_sapiens/SRX23724074.h5ad,Tt0NefKHGJZ127hGX+kqJw==,2026-07-30 16:22:41,
664/1048,SRX25507033,uploaded,gs://arc-institute-virtual-cell-atlas/scbasecount/2026-01-12/h5ad/GeneFull/Homo_sapiens/SRX25507033.h5ad,arc-institute-virtual-cell-atlas/scbasecount/2026-01-12/h5ad/GeneFull/Homo_sapiens/SRX25507033.h5ad,kOqncCSMDqBSU5m177L6ZQ==,2026-07-30 16:22:48,
665/1048,SRX25507045,uploaded,gs://arc-institute-virtual-cell-atlas/scbasecount/2026-01-12/h5ad/GeneFull/Homo_sapiens/SRX25507045.h5ad,arc-institute-virtual-cell-atlas/scbasecount/2026-01-12/h5ad/GeneFull/Homo_sapiens/SRX25507045.h5ad,mL8sDq1XjzjeDN2a1Ckvaw==,2026-07-30 16:22:55,
666/1048,SRX25507039,uploaded,gs://arc-institute-virtual-cell-atlas/scbasecount/2026-01-12/h5ad/GeneFull/Homo_sapiens/SRX25507039.h5ad,arc-institute-virtual-cell-atlas/scbasecount/2026-01-12/h5ad/GeneFull/Homo_sapiens/SRX25507039.h5ad,22KxtBHWl/m4J+zw52WgPg==,2026-07-30 16:23:06,
667/1048,SRX25507053,uploaded,gs://arc-institute-virtual-cell-atlas/scbasecount/2026-01-12/h5ad/GeneFull/Homo_sapiens/SRX25507053.h5ad,arc-institute-virtual-cell-atlas/scbasecount/2026-01-12/h5ad/GeneFull/Homo_sapiens/SRX25507053.h5ad,VuOidPxs2wAWEDrEhxeYeg==,2026-07-30 16:23:19,
668/1048,SRX25507060,uploaded,gs://arc-institute-virtual-cell-atlas/scbasecount/2026-01-12/h5ad/GeneFull/Homo_sapiens/SRX25507060.h5ad,arc-institute-virtual-cell-atlas/scbasecount/2026-01-12/h5ad/GeneFull/Homo_sapiens/SRX25507060.h5ad,8t11FlAetn5vp0KZKZdI1A==,2026-07-30 16:23:33,
669/1048,SRX25595935,uploaded,gs://arc-institute-virtual-cell-atlas/scbasecount/2026-01-12/h5ad/GeneFull/Homo_sapiens/SRX25595935.h5ad,arc-institute-virtual-cell-atlas/scbasecount/2026-01-12/h5ad/GeneFull/Homo_sapiens/SRX25595935.h5ad,Pfgy1ypq1PkIdn/Km7F5LQ==,2026-07-30 16:23:39,
670/1048,SRX25595937,uploaded,gs://arc-institute-virtual-cell-atlas/scbasecount/2026-01-12/h5ad/GeneFull/Homo_sapiens/SRX25595937.h5ad,arc-institute-virtual-cell-atlas/scbasecount/2026-01-12/h5ad/GeneFull/Homo_sapiens/SRX25595937.h5ad,V9FcEOQwBXTu0XtiQcrNAw==,2026-07-30 16:23:44,
671/1048,SRX23724086,uploaded,gs://arc-institute-virtual-cell-atlas/scbasecount/2026-01-12/h5ad/GeneFull/Homo_sapiens/SRX23724086.h5ad,arc-institute-virtual-cell-atlas/scbasecount/2026-01-12/h5ad/GeneFull/Homo_sapiens/SRX23724086.h5ad,QaH1G0V9JSRaRh8LX3X4vA==,2026-07-30 16:23:50,
672/1048,SRX23802729,uploaded,gs://arc-institute-virtual-cell-atlas/scbasecount/2026-01-12/h5ad/GeneFull/Homo_sapiens/SRX23802729.h5ad,arc-institute-virtual-cell-atlas/scbasecount/2026-01-12/h5ad/GeneFull/Homo_sapiens/SRX23802729.h5ad,bWbsRsp6kJ8WZsEBS+zhww==,2026-07-30 16:24:08,
673/1048,SRX23802734,uploaded,gs://arc-institute-virtual-cell-atlas/scbasecount/2026-01-12/h5ad/GeneFull/Homo_sapiens/SRX23802734.h5ad,arc-institute-virtual-cell-atlas/scbasecount/2026-01-12/h5ad/GeneFull/Homo_sapiens/SRX23802734.h5ad,E6idZJJu0B0Rc3teZgtUYw==,2026-07-30 16:24:23,
674/1048,SRX27995701,uploaded,gs://arc-institute-virtual-cell-atlas/scbasecount/2026-01-12/h5ad/GeneFull/Homo_sapiens/SRX27995701.h5ad,arc-institute-virtual-cell-atlas/scbasecount/2026-01-12/h5ad/GeneFull/Homo_sapiens/SRX27995701.h5ad,1OlZioMpegr9wI5ti8SSyA==,2026-07-30 16:24:24,
675/1048,SRX27995730,uploaded,gs://arc-institute-virtual-cell-atlas/scbasecount/2026-01-12/h5ad/GeneFull/Homo_sapiens/SRX27995730.h5ad,arc-institute-virtual-cell-atlas/scbasecount/2026-01-12/h5ad/GeneFull/Homo_sapiens/SRX27995730.h5ad,C1mYGb7cA12DwEYmo4t1kw==,2026-07-30 16:24:26,
676/1048,SRX17412790,uploaded,gs://arc-institute-virtual-cell-atlas/scbasecount/2026-01-12/h5ad/GeneFull/Homo_sapiens/SRX17412790.h5ad,arc-institute-virtual-cell-atlas/scbasecount/2026-01-12/h5ad/GeneFull/Homo_sapiens/SRX17412790.h5ad,N9OXeEBUsKjLgBgNg2LppQ==,2026-07-30 16:24:32,
677/1048,SRX17412793,uploaded,gs://arc-institute-virtual-cell-atlas/scbasecount/2026-01-12/h5ad/GeneFull/Homo_sapiens/SRX17412793.h5ad,arc-institute-virtual-cell-atlas/scbasecount/2026-01-12/h5ad/GeneFull/Homo_sapiens/SRX17412793.h5ad,6W0PlNX9RQUojXX3Y7MRsg==,2026-07-30 16:24:37,
678/1048,SRX17412819,uploaded,gs://arc-institute-virtual-cell-atlas/scbasecount/2026-01-12/h5ad/GeneFull/Homo_sapiens/SRX17412819.h5ad,arc-institute-virtual-cell-atlas/scbasecount/2026-01-12/h5ad/GeneFull/Homo_sapiens/SRX17412819.h5ad,6u0pzuH4nsi5p9Il/52Xtw==,2026-07-30 16:24:39,
679/1048,SRX17412826,uploaded,gs://arc-institute-virtual-cell-atlas/scbasecount/2026-01-12/h5ad/GeneFull/Homo_sapiens/SRX17412826.h5ad,arc-institute-virtual-cell-atlas/scbasecount/2026-01-12/h5ad/GeneFull/Homo_sapiens/SRX17412826.h5ad,CPMVgLCbnrITIzdk24axMQ==,2026-07-30 16:24:44,
680/1048,SRX17412791,uploaded,gs://arc-institute-virtual-cell-atlas/scbasecount/2026-01-12/h5ad/GeneFull/Homo_sapiens/SRX17412791.h5ad,arc-institute-virtual-cell-atlas/scbasecount/2026-01-12/h5ad/GeneFull/Homo_sapiens/SRX17412791.h5ad,kcuduf5IaTXLo65V1KJG8A==,2026-07-30 16:24:51,
681/1048,SRX17412777,uploaded,gs://arc-institute-virtual-cell-atlas/scbasecount/2026-01-12/h5ad/GeneFull/Homo_sapiens/SRX17412777.h5ad,arc-institute-virtual-cell-atlas/scbasecount/2026-01-12/h5ad/GeneFull/Homo_sapiens/SRX17412777.h5ad,Ez85u7uCYIBwlymeqgrH4A==,2026-07-30 16:24:59,
682/1048,SRX17412799,uploaded,gs://arc-institute-virtual-cell-atlas/scbasecount/2026-01-12/h5ad/GeneFull/Homo_sapiens/SRX17412799.h5ad,arc-institute-virtual-cell-atlas/scbasecount/2026-01-12/h5ad/GeneFull/Homo_sapiens/SRX17412799.h5ad,SSoCuHL4QMEEol8aAy2vOA==,2026-07-30 16:25:02,
683/1048,SRX17412782,uploaded,gs://arc-institute-virtual-cell-atlas/scbasecount/2026-01-12/h5ad/GeneFull/Homo_sapiens/SRX17412782.h5ad,arc-institute-virtual-cell-atlas/scbasecount/2026-01-12/h5ad/GeneFull/Homo_sapiens/SRX17412782.h5ad,wRcnc/FA4IgoUTN2zDMDbw==,2026-07-30 16:25:04,
684/1048,SRX17412801,uploaded,gs://arc-institute-virtual-cell-atlas/scbasecount/2026-01-12/h5ad/GeneFull/Homo_sapiens/SRX17412801.h5ad,arc-institute-virtual-cell-atlas/scbasecount/2026-01-12/h5ad/GeneFull/Homo_sapiens/SRX17412801.h5ad,kyIEuOPYSAnidJ0gykoPqw==,2026-07-30 16:25:07,
685/1048,SRX17412798,uploaded,gs://arc-institute-virtual-cell-atlas/scbasecount/2026-01-12/h5ad/GeneFull/Homo_sapiens/SRX17412798.h5ad,arc-institute-virtual-cell-atlas/scbasecount/2026-01-12/h5ad/GeneFull/Homo_sapiens/SRX17412798.h5ad,TB+VcAv3eP+2mvQ3sbFmfw==,2026-07-30 16:25:12,
686/1048,SRX17412784,uploaded,gs://arc-institute-virtual-cell-atlas/scbasecount/2026-01-12/h5ad/GeneFull/Homo_sapiens/SRX17412784.h5ad,arc-institute-virtual-cell-atlas/scbasecount/2026-01-12/h5ad/GeneFull/Homo_sapiens/SRX17412784.h5ad,038CJD45TtY5pfluhZo0/A==,2026-07-30 16:25:17,
687/1048,SRX17412778,uploaded,gs://arc-institute-virtual-cell-atlas/scbasecount/2026-01-12/h5ad/GeneFull/Homo_sapiens/SRX17412778.h5ad,arc-institute-virtual-cell-atlas/scbasecount/2026-01-12/h5ad/GeneFull/Homo_sapiens/SRX17412778.h5ad,/UJFEBCeFRvtfPKAbS2GCw==,2026-07-30 16:25:22,
688/1048,SRX17412795,uploaded,gs://arc-institute-virtual-cell-atlas/scbasecount/2026-01-12/h5ad/GeneFull/Homo_sapiens/SRX17412795.h5ad,arc-institute-virtual-cell-atlas/scbasecount/2026-01-12/h5ad/GeneFull/Homo_sapiens/SRX17412795.h5ad,1ROy6ZNok8pJiVVJg7xhBg==,2026-07-30 16:25:26,
689/1048,SRX17412797,uploaded,gs://arc-institute-virtual-cell-atlas/scbasecount/2026-01-12/h5ad/GeneFull/Homo_sapiens/SRX17412797.h5ad,arc-institute-virtual-cell-atlas/scbasecount/2026-01-12/h5ad/GeneFull/Homo_sapiens/SRX17412797.h5ad,weR4kVQpyaO3GNcEiri2hg==,2026-07-30 16:25:29,
690/1048,SRX17412810,uploaded,gs://arc-institute-virtual-cell-atlas/scbasecount/2026-01-12/h5ad/GeneFull/Homo_sapiens/SRX17412810.h5ad,arc-institute-virtual-cell-atlas/scbasecount/2026-01-12/h5ad/GeneFull/Homo_sapiens/SRX17412810.h5ad,4kPv69iAOAlYGw5NFn9vqg==,2026-07-30 16:25:36,
691/1048,SRX17412796,uploaded,gs://arc-institute-virtual-cell-atlas/scbasecount/2026-01-12/h5ad/GeneFull/Homo_sapiens/SRX17412796.h5ad,arc-institute-virtual-cell-atlas/scbasecount/2026-01-12/h5ad/GeneFull/Homo_sapiens/SRX17412796.h5ad,dK2XR4RSgwsLkryIJzrOIQ==,2026-07-30 16:25:40,
692/1048,SRX17412800,uploaded,gs://arc-institute-virtual-cell-atlas/scbasecount/2026-01-12/h5ad/GeneFull/Homo_sapiens/SRX17412800.h5ad,arc-institute-virtual-cell-atlas/scbasecount/2026-01-12/h5ad/GeneFull/Homo_sapiens/SRX17412800.h5ad,P3mc/BE9QCbvjSlV/LmIiA==,2026-07-30 16:25:43,
693/1048,SRX17412781,uploaded,gs://arc-institute-virtual-cell-atlas/scbasecount/2026-01-12/h5ad/GeneFull/Homo_sapiens/SRX17412781.h5ad,arc-institute-virtual-cell-atlas/scbasecount/2026-01-12/h5ad/GeneFull/Homo_sapiens/SRX17412781.h5ad,AbM9tebbQPfSoByraC/wpA==,2026-07-30 16:25:51,
694/1048,SRX17412789,uploaded,gs://arc-institute-virtual-cell-atlas/scbasecount/2026-01-12/h5ad/GeneFull/Homo_sapiens/SRX17412789.h5ad,arc-institute-virtual-cell-atlas/scbasecount/2026-01-12/h5ad/GeneFull/Homo_sapiens/SRX17412789.h5ad,Kyd2wB12oEtFUJ4gM0VVhQ==,2026-07-30 16:25:57,
695/1048,SRX23724118,uploaded,gs://arc-institute-virtual-cell-atlas/scbasecount/2026-01-12/h5ad/GeneFull/Homo_sapiens/SRX23724118.h5ad,arc-institute-virtual-cell-atlas/scbasecount/2026-01-12/h5ad/GeneFull/Homo_sapiens/SRX23724118.h5ad,D6NooxqF+gRPO6f6JzmFXw==,2026-07-30 16:26:09,
696/1048,SRX23724132,uploaded,gs://arc-institute-virtual-cell-atlas/scbasecount/2026-01-12/h5ad/GeneFull/Homo_sapiens/SRX23724132.h5ad,arc-institute-virtual-cell-atlas/scbasecount/2026-01-12/h5ad/GeneFull/Homo_sapiens/SRX23724132.h5ad,L8oEYn0nyGYzQM2ozEZAxg==,2026-07-30 16:26:24,
697/1048,SRX23802730,uploaded,gs://arc-institute-virtual-cell-atlas/scbasecount/2026-01-12/h5ad/GeneFull/Homo_sapiens/SRX23802730.h5ad,arc-institute-virtual-cell-atlas/scbasecount/2026-01-12/h5ad/GeneFull/Homo_sapiens/SRX23802730.h5ad,r2bJSuZhsBnhVARsmTXYVA==,2026-07-30 16:26:37,
698/1048,SRX23724133,uploaded,gs://arc-institute-virtual-cell-atlas/scbasecount/2026-01-12/h5ad/GeneFull/Homo_sapiens/SRX23724133.h5ad,arc-institute-virtual-cell-atlas/scbasecount/2026-01-12/h5ad/GeneFull/Homo_sapiens/SRX23724133.h5ad,e7sjDFoI0S3YF8mGit4AFg==,2026-07-30 16:26:51,
699/1048,SRX23724116,uploaded,gs://arc-institute-virtual-cell-atlas/scbasecount/2026-01-12/h5ad/GeneFull/Homo_sapiens/SRX23724116.h5ad,arc-institute-virtual-cell-atlas/scbasecount/2026-01-12/h5ad/GeneFull/Homo_sapiens/SRX23724116.h5ad,NYrOIrjecG+3wooHXDCEQg==,2026-07-30 16:26:57,
700/1048,SRX17412780,uploaded,gs://arc-institute-virtual-cell-atlas/scbasecount/2026-01-12/h5ad/GeneFull/Homo_sapiens/SRX17412780.h5ad,arc-institute-virtual-cell-atlas/scbasecount/2026-01-12/h5ad/GeneFull/Homo_sapiens/SRX17412780.h5ad,tOHpdFomd1ZBY67voi4cCA==,2026-07-30 16:27:01,
701/1048,SRX8008855,skipped,gs://arc-institute-virtual-cell-atlas/scbasecount/2026-01-12/h5ad/GeneFull/Homo_sapiens/SRX8008855.h5ad,arc-institute-virtual-cell-atlas/scbasecount/2026-01-12/h5ad/GeneFull/Homo_sapiens/SRX8008855.h5ad,qetmm+FUmnDRhjHs80ngOg==,2026-07-30 16:27:01,
702/1048,SRX8008854,uploaded,gs://arc-institute-virtual-cell-atlas/scbasecount/2026-01-12/h5ad/GeneFull/Homo_sapiens/SRX8008854.h5ad,arc-institute-virtual-cell-atlas/scbasecount/2026-01-12/h5ad/GeneFull/Homo_sapiens/SRX8008854.h5ad,Am7FBsb9yDu9tvAr2J1lmw==,2026-07-30 16:27:05,
703/1048,SRX17412783,uploaded,gs://arc-institute-virtual-cell-atlas/scbasecount/2026-01-12/h5ad/GeneFull/Homo_sapiens/SRX17412783.h5ad,arc-institute-virtual-cell-atlas/scbasecount/2026-01-12/h5ad/GeneFull/Homo_sapiens/SRX17412783.h5ad,OtHxWLD5rKNTfrZjPBL7GA==,2026-07-30 16:27:14,
704/1048,SRX11185436,uploaded,gs://arc-institute-virtual-cell-atlas/scbasecount/2026-01-12/h5ad/GeneFull/Homo_sapiens/SRX11185436.h5ad,arc-institute-virtual-cell-atlas/scbasecount/2026-01-12/h5ad/GeneFull/Homo_sapiens/SRX11185436.h5ad,qVirG9AxmNIvVCVgFHPkcg==,2026-07-30 16:27:37,
705/1048,SRX11185438,uploaded,gs://arc-institute-virtual-cell-atlas/scbasecount/2026-01-12/h5ad/GeneFull/Homo_sapiens/SRX11185438.h5ad,arc-institute-virtual-cell-atlas/scbasecount/2026-01-12/h5ad/GeneFull/Homo_sapiens/SRX11185438.h5ad,0MEbxuPWEJyF+UQBTqNdUA==,2026-07-30 16:28:01,
706/1048,SRX12509392,uploaded,gs://arc-institute-virtual-cell-atlas/scbasecount/2026-01-12/h5ad/GeneFull/Homo_sapiens/SRX12509392.h5ad,arc-institute-virtual-cell-atlas/scbasecount/2026-01-12/h5ad/GeneFull/Homo_sapiens/SRX12509392.h5ad,Il7bPFc1I7DdmG+x5Os5mg==,2026-07-30 16:28:13,
707/1048,SRX12509394,uploaded,gs://arc-institute-virtual-cell-atlas/scbasecount/2026-01-12/h5ad/GeneFull/Homo_sapiens/SRX12509394.h5ad,arc-institute-virtual-cell-atlas/scbasecount/2026-01-12/h5ad/GeneFull/Homo_sapiens/SRX12509394.h5ad,0HJxTD+kSi4BRdm9JIjN4A==,2026-07-30 16:28:25,
708/1048,SRX13441699,uploaded,gs://arc-institute-virtual-cell-atlas/scbasecount/2026-01-12/h5ad/GeneFull/Homo_sapiens/SRX13441699.h5ad,arc-institute-virtual-cell-atlas/scbasecount/2026-01-12/h5ad/GeneFull/Homo_sapiens/SRX13441699.h5ad,W8W7ftGsBdDb6PpHD/OlOA==,2026-07-30 16:28:27,
709/1048,SRX17412794,uploaded,gs://arc-institute-virtual-cell-atlas/scbasecount/2026-01-12/h5ad/GeneFull/Homo_sapiens/SRX17412794.h5ad,arc-institute-virtual-cell-atlas/scbasecount/2026-01-12/h5ad/GeneFull/Homo_sapiens/SRX17412794.h5ad,mpY8d2Usd5Kqm2p+3Yee/g==,2026-07-30 16:28:32,
710/1048,SRX17412804,uploaded,gs://arc-institute-virtual-cell-atlas/scbasecount/2026-01-12/h5ad/GeneFull/Homo_sapiens/SRX17412804.h5ad,arc-institute-virtual-cell-atlas/scbasecount/2026-01-12/h5ad/GeneFull/Homo_sapiens/SRX17412804.h5ad,6TbkPqU8VC2KK8lGGaSV8A==,2026-07-30 16:28:35,
711/1048,SRX17412788,uploaded,gs://arc-institute-virtual-cell-atlas/scbasecount/2026-01-12/h5ad/GeneFull/Homo_sapiens/SRX17412788.h5ad,arc-institute-virtual-cell-atlas/scbasecount/2026-01-12/h5ad/GeneFull/Homo_sapiens/SRX17412788.h5ad,HqR0oLuArV2Kmfj1pqb4Jw==,2026-07-30 16:28:43,
712/1048,SRX17412779,uploaded,gs://arc-institute-virtual-cell-atlas/scbasecount/2026-01-12/h5ad/GeneFull/Homo_sapiens/SRX17412779.h5ad,arc-institute-virtual-cell-atlas/scbasecount/2026-01-12/h5ad/GeneFull/Homo_sapiens/SRX17412779.h5ad,kGkGy4KdBHQS3BQWEF29aw==,2026-07-30 16:28:45,
713/1048,SRX17412785,uploaded,gs://arc-institute-virtual-cell-atlas/scbasecount/2026-01-12/h5ad/GeneFull/Homo_sapiens/SRX17412785.h5ad,arc-institute-virtual-cell-atlas/scbasecount/2026-01-12/h5ad/GeneFull/Homo_sapiens/SRX17412785.h5ad,3ayQ1UZjSJoemdSdTG9mxw==,2026-07-30 16:28:49,
714/1048,SRX17412803,uploaded,gs://arc-institute-virtual-cell-atlas/scbasecount/2026-01-12/h5ad/GeneFull/Homo_sapiens/SRX17412803.h5ad,arc-institute-virtual-cell-atlas/scbasecount/2026-01-12/h5ad/GeneFull/Homo_sapiens/SRX17412803.h5ad,5y80lbnCGYPZloAtLIA7AQ==,2026-07-30 16:28:52,
715/1048,SRX10327363,uploaded,gs://arc-institute-virtual-cell-atlas/scbasecount/2026-01-12/h5ad/GeneFull/Homo_sapiens/SRX10327363.h5ad,arc-institute-virtual-cell-atlas/scbasecount/2026-01-12/h5ad/GeneFull/Homo_sapiens/SRX10327363.h5ad,ldSBRiYa6eNfOl0Awjq5Tw==,2026-07-30 16:28:58,
716/1048,SRX19234378,uploaded,gs://arc-institute-virtual-cell-atlas/scbasecount/2026-01-12/h5ad/GeneFull/Homo_sapiens/SRX19234378.h5ad,arc-institute-virtual-cell-atlas/scbasecount/2026-01-12/h5ad/GeneFull/Homo_sapiens/SRX19234378.h5ad,nlHR/VTX++O3tnRTYxlA9w==,2026-07-30 16:29:00,
717/1048,SRX19234377,uploaded,gs://arc-institute-virtual-cell-atlas/scbasecount/2026-01-12/h5ad/GeneFull/Homo_sapiens/SRX19234377.h5ad,arc-institute-virtual-cell-atlas/scbasecount/2026-01-12/h5ad/GeneFull/Homo_sapiens/SRX19234377.h5ad,OrZy3UakIWdU+uDjL+H9FQ==,2026-07-30 16:29:02,
718/1048,SRX19234380,uploaded,gs://arc-institute-virtual-cell-atlas/scbasecount/2026-01-12/h5ad/GeneFull/Homo_sapiens/SRX19234380.h5ad,arc-institute-virtual-cell-atlas/scbasecount/2026-01-12/h5ad/GeneFull/Homo_sapiens/SRX19234380.h5ad,i8wzXxXcuMM+VNcpAYQ+Eg==,2026-07-30 16:29:04,
719/1048,SRX19910910,uploaded,gs://arc-institute-virtual-cell-atlas/scbasecount/2026-01-12/h5ad/GeneFull/Homo_sapiens/SRX19910910.h5ad,arc-institute-virtual-cell-atlas/scbasecount/2026-01-12/h5ad/GeneFull/Homo_sapiens/SRX19910910.h5ad,B5SgpcAMrIG+JajDjzCzuw==,2026-07-30 16:29:08,
720/1048,SRX19910914,uploaded,gs://arc-institute-virtual-cell-atlas/scbasecount/2026-01-12/h5ad/GeneFull/Homo_sapiens/SRX19910914.h5ad,arc-institute-virtual-cell-atlas/scbasecount/2026-01-12/h5ad/GeneFull/Homo_sapiens/SRX19910914.h5ad,3LjYQBKou6v8sA5BtJ8Zbw==,2026-07-30 16:29:14,
721/1048,SRX19234376,uploaded,gs://arc-institute-virtual-cell-atlas/scbasecount/2026-01-12/h5ad/GeneFull/Homo_sapiens/SRX19234376.h5ad,arc-institute-virtual-cell-atlas/scbasecount/2026-01-12/h5ad/GeneFull/Homo_sapiens/SRX19234376.h5ad,uLyOIROmxXV02OhrJyMrZA==,2026-07-30 16:29:21,
722/1048,SRX19910929,uploaded,gs://arc-institute-virtual-cell-atlas/scbasecount/2026-01-12/h5ad/GeneFull/Homo_sapiens/SRX19910929.h5ad,arc-institute-virtual-cell-atlas/scbasecount/2026-01-12/h5ad/GeneFull/Homo_sapiens/SRX19910929.h5ad,jXp/FuPt7UHOLmdZfj/O8Q==,2026-07-30 16:29:25,
723/1048,SRX19910921,uploaded,gs://arc-institute-virtual-cell-atlas/scbasecount/2026-01-12/h5ad/GeneFull/Homo_sapiens/SRX19910921.h5ad,arc-institute-virtual-cell-atlas/scbasecount/2026-01-12/h5ad/GeneFull/Homo_sapiens/SRX19910921.h5ad,dfsAQFmEfpApMt87vbgrcw==,2026-07-30 16:29:29,
724/1048,SRX19910932,uploaded,gs://arc-institute-virtual-cell-atlas/scbasecount/2026-01-12/h5ad/GeneFull/Homo_sapiens/SRX19910932.h5ad,arc-institute-virtual-cell-atlas/scbasecount/2026-01-12/h5ad/GeneFull/Homo_sapiens/SRX19910932.h5ad,4w/ELtljEYDY6BgvqrrfWw==,2026-07-30 16:29:35,
725/1048,SRX19910923,uploaded,gs://arc-institute-virtual-cell-atlas/scbasecount/2026-01-12/h5ad/GeneFull/Homo_sapiens/SRX19910923.h5ad,arc-institute-virtual-cell-atlas/scbasecount/2026-01-12/h5ad/GeneFull/Homo_sapiens/SRX19910923.h5ad,MOaDp+6ZIjT5dNUAN99xvA==,2026-07-30 16:29:38,
726/1048,SRX23457981,uploaded,gs://arc-institute-virtual-cell-atlas/scbasecount/2026-01-12/h5ad/GeneFull/Homo_sapiens/SRX23457981.h5ad,arc-institute-virtual-cell-atlas/scbasecount/2026-01-12/h5ad/GeneFull/Homo_sapiens/SRX23457981.h5ad,qTHE3E1CfHq4jXakrUyxgg==,2026-07-30 16:29:41,
727/1048,SRX23331465,uploaded,gs://arc-institute-virtual-cell-atlas/scbasecount/2026-01-12/h5ad/GeneFull/Homo_sapiens/SRX23331465.h5ad,arc-institute-virtual-cell-atlas/scbasecount/2026-01-12/h5ad/GeneFull/Homo_sapiens/SRX23331465.h5ad,aygPoXC7+Dgr9zXk6zinnQ==,2026-07-30 16:29:57,
728/1048,SRX24028444,uploaded,gs://arc-institute-virtual-cell-atlas/scbasecount/2026-01-12/h5ad/GeneFull/Homo_sapiens/SRX24028444.h5ad,arc-institute-virtual-cell-atlas/scbasecount/2026-01-12/h5ad/GeneFull/Homo_sapiens/SRX24028444.h5ad,zk7mCydCpBFYklAfQ1jgOw==,2026-07-30 16:30:05,
729/1048,SRX24028453,uploaded,gs://arc-institute-virtual-cell-atlas/scbasecount/2026-01-12/h5ad/GeneFull/Homo_sapiens/SRX24028453.h5ad,arc-institute-virtual-cell-atlas/scbasecount/2026-01-12/h5ad/GeneFull/Homo_sapiens/SRX24028453.h5ad,9g6Pa9Jhq0CkNiYGQYCCBg==,2026-07-30 16:30:16,
730/1048,SRX25261768,uploaded,gs://arc-institute-virtual-cell-atlas/scbasecount/2026-01-12/h5ad/GeneFull/Homo_sapiens/SRX25261768.h5ad,arc-institute-virtual-cell-atlas/scbasecount/2026-01-12/h5ad/GeneFull/Homo_sapiens/SRX25261768.h5ad,+3v1Dr8XtXBesLtdid8rnA==,2026-07-30 16:30:17,
731/1048,SRX25261712,uploaded,gs://arc-institute-virtual-cell-atlas/scbasecount/2026-01-12/h5ad/GeneFull/Homo_sapiens/SRX25261712.h5ad,arc-institute-virtual-cell-atlas/scbasecount/2026-01-12/h5ad/GeneFull/Homo_sapiens/SRX25261712.h5ad,CkTJo9//n8RZVaNdfw4drw==,2026-07-30 16:30:24,
732/1048,SRX25261735,uploaded,gs://arc-institute-virtual-cell-atlas/scbasecount/2026-01-12/h5ad/GeneFull/Homo_sapiens/SRX25261735.h5ad,arc-institute-virtual-cell-atlas/scbasecount/2026-01-12/h5ad/GeneFull/Homo_sapiens/SRX25261735.h5ad,IpX3AlBq+7nzJNzWMFYO1w==,2026-07-30 16:30:32,
733/1048,SRX24028450,uploaded,gs://arc-institute-virtual-cell-atlas/scbasecount/2026-01-12/h5ad/GeneFull/Homo_sapiens/SRX24028450.h5ad,arc-institute-virtual-cell-atlas/scbasecount/2026-01-12/h5ad/GeneFull/Homo_sapiens/SRX24028450.h5ad,BC2HzoizH9NOSKpD4FTFCg==,2026-07-30 16:30:40,
734/1048,SRX24028459,uploaded,gs://arc-institute-virtual-cell-atlas/scbasecount/2026-01-12/h5ad/GeneFull/Homo_sapiens/SRX24028459.h5ad,arc-institute-virtual-cell-atlas/scbasecount/2026-01-12/h5ad/GeneFull/Homo_sapiens/SRX24028459.h5ad,ZAzvTaEWkgKtrdNkHVqXvQ==,2026-07-30 16:30:52,
735/1048,SRX24028456,uploaded,gs://arc-institute-virtual-cell-atlas/scbasecount/2026-01-12/h5ad/GeneFull/Homo_sapiens/SRX24028456.h5ad,arc-institute-virtual-cell-atlas/scbasecount/2026-01-12/h5ad/GeneFull/Homo_sapiens/SRX24028456.h5ad,8EjpGl7/Rb4XnyT2VT9dmA==,2026-07-30 16:31:05,
736/1048,SRX26213237,uploaded,gs://arc-institute-virtual-cell-atlas/scbasecount/2026-01-12/h5ad/GeneFull/Homo_sapiens/SRX26213237.h5ad,arc-institute-virtual-cell-atlas/scbasecount/2026-01-12/h5ad/GeneFull/Homo_sapiens/SRX26213237.h5ad,iOz9Y4pQRys+9N4fyiLwkg==,2026-07-30 16:31:07,
737/1048,SRX25363539,uploaded,gs://arc-institute-virtual-cell-atlas/scbasecount/2026-01-12/h5ad/GeneFull/Homo_sapiens/SRX25363539.h5ad,arc-institute-virtual-cell-atlas/scbasecount/2026-01-12/h5ad/GeneFull/Homo_sapiens/SRX25363539.h5ad,dEZ/XqRBwGWxCHfjrByI4Q==,2026-07-30 16:31:13,
738/1048,SRX26213238,uploaded,gs://arc-institute-virtual-cell-atlas/scbasecount/2026-01-12/h5ad/GeneFull/Homo_sapiens/SRX26213238.h5ad,arc-institute-virtual-cell-atlas/scbasecount/2026-01-12/h5ad/GeneFull/Homo_sapiens/SRX26213238.h5ad,54+3advaVsuej181uWmb8Q==,2026-07-30 16:31:15,
739/1048,SRX9474643,uploaded,gs://arc-institute-virtual-cell-atlas/scbasecount/2026-01-12/h5ad/GeneFull/Homo_sapiens/SRX9474643.h5ad,arc-institute-virtual-cell-atlas/scbasecount/2026-01-12/h5ad/GeneFull/Homo_sapiens/SRX9474643.h5ad,46HC70ToLgd4W75KOamSsg==,2026-07-30 16:31:26,
740/1048,SRX9670790,uploaded,gs://arc-institute-virtual-cell-atlas/scbasecount/2026-01-12/h5ad/GeneFull/Homo_sapiens/SRX9670790.h5ad,arc-institute-virtual-cell-atlas/scbasecount/2026-01-12/h5ad/GeneFull/Homo_sapiens/SRX9670790.h5ad,9YrxwQ3HIsThWJe8SBFnCA==,2026-07-30 16:31:37,
741/1048,SRX9768484,uploaded,gs://arc-institute-virtual-cell-atlas/scbasecount/2026-01-12/h5ad/GeneFull/Homo_sapiens/SRX9768484.h5ad,arc-institute-virtual-cell-atlas/scbasecount/2026-01-12/h5ad/GeneFull/Homo_sapiens/SRX9768484.h5ad,shvg3dV4vJ7rzg11D4jEUQ==,2026-07-30 16:31:39,
742/1048,SRX9474644,uploaded,gs://arc-institute-virtual-cell-atlas/scbasecount/2026-01-12/h5ad/GeneFull/Homo_sapiens/SRX9474644.h5ad,arc-institute-virtual-cell-atlas/scbasecount/2026-01-12/h5ad/GeneFull/Homo_sapiens/SRX9474644.h5ad,iUWNUmoqQ/OywxctVJL+Bg==,2026-07-30 16:31:53,
743/1048,SRX9127138,uploaded,gs://arc-institute-virtual-cell-atlas/scbasecount/2026-01-12/h5ad/GeneFull/Homo_sapiens/SRX9127138.h5ad,arc-institute-virtual-cell-atlas/scbasecount/2026-01-12/h5ad/GeneFull/Homo_sapiens/SRX9127138.h5ad,DeQ6aeNoV6Fc5k0+HNu1VA==,2026-07-30 16:32:01,
744/1048,SRX9670791,uploaded,gs://arc-institute-virtual-cell-atlas/scbasecount/2026-01-12/h5ad/GeneFull/Homo_sapiens/SRX9670791.h5ad,arc-institute-virtual-cell-atlas/scbasecount/2026-01-12/h5ad/GeneFull/Homo_sapiens/SRX9670791.h5ad,7NX3pdhSaNc1K7arWRedlQ==,2026-07-30 16:32:12,
745/1048,SRX9718439,uploaded,gs://arc-institute-virtual-cell-atlas/scbasecount/2026-01-12/h5ad/GeneFull/Homo_sapiens/SRX9718439.h5ad,arc-institute-virtual-cell-atlas/scbasecount/2026-01-12/h5ad/GeneFull/Homo_sapiens/SRX9718439.h5ad,DJ5h5j4K609Ew+1VMFyC+w==,2026-07-30 16:32:38,
746/1048,SRX9127133,uploaded,gs://arc-institute-virtual-cell-atlas/scbasecount/2026-01-12/h5ad/GeneFull/Homo_sapiens/SRX9127133.h5ad,arc-institute-virtual-cell-atlas/scbasecount/2026-01-12/h5ad/GeneFull/Homo_sapiens/SRX9127133.h5ad,NRTb1vh6Hxj41AxEEn+/pg==,2026-07-30 16:32:43,
747/1048,SRX10048381,uploaded,gs://arc-institute-virtual-cell-atlas/scbasecount/2026-01-12/h5ad/GeneFull/Homo_sapiens/SRX10048381.h5ad,arc-institute-virtual-cell-atlas/scbasecount/2026-01-12/h5ad/GeneFull/Homo_sapiens/SRX10048381.h5ad,MpR+wQY0iDf6uRBN0+/v9w==,2026-07-30 16:33:00,
748/1048,SRX9127135,uploaded,gs://arc-institute-virtual-cell-atlas/scbasecount/2026-01-12/h5ad/GeneFull/Homo_sapiens/SRX9127135.h5ad,arc-institute-virtual-cell-atlas/scbasecount/2026-01-12/h5ad/GeneFull/Homo_sapiens/SRX9127135.h5ad,n3RoWf/ilwOm1fTzeNyFdA==,2026-07-30 16:33:05,
749/1048,SRX9768481,uploaded,gs://arc-institute-virtual-cell-atlas/scbasecount/2026-01-12/h5ad/GeneFull/Homo_sapiens/SRX9768481.h5ad,arc-institute-virtual-cell-atlas/scbasecount/2026-01-12/h5ad/GeneFull/Homo_sapiens/SRX9768481.h5ad,GX9TxPnGjXsFk0jGNOXDtQ==,2026-07-30 16:33:07,
750/1048,SRX10100447,uploaded,gs://arc-institute-virtual-cell-atlas/scbasecount/2026-01-12/h5ad/GeneFull/Homo_sapiens/SRX10100447.h5ad,arc-institute-virtual-cell-atlas/scbasecount/2026-01-12/h5ad/GeneFull/Homo_sapiens/SRX10100447.h5ad,7C7xpdPheLKVPlGRlFMZgA==,2026-07-30 16:33:28,
751/1048,SRX9863287,uploaded,gs://arc-institute-virtual-cell-atlas/scbasecount/2026-01-12/h5ad/GeneFull/Homo_sapiens/SRX9863287.h5ad,arc-institute-virtual-cell-atlas/scbasecount/2026-01-12/h5ad/GeneFull/Homo_sapiens/SRX9863287.h5ad,upZsxY3YkORIM1ZHuhoY+Q==,2026-07-30 16:33:41,
752/1048,SRX10048388,uploaded,gs://arc-institute-virtual-cell-atlas/scbasecount/2026-01-12/h5ad/GeneFull/Homo_sapiens/SRX10048388.h5ad,arc-institute-virtual-cell-atlas/scbasecount/2026-01-12/h5ad/GeneFull/Homo_sapiens/SRX10048388.h5ad,MJHStpW0rPnfoGPQfxB+9Q==,2026-07-30 16:33:57,
753/1048,SRX10075291,uploaded,gs://arc-institute-virtual-cell-atlas/scbasecount/2026-01-12/h5ad/GeneFull/Homo_sapiens/SRX10075291.h5ad,arc-institute-virtual-cell-atlas/scbasecount/2026-01-12/h5ad/GeneFull/Homo_sapiens/SRX10075291.h5ad,c2b0dv91cHQFtwkf71iMFQ==,2026-07-30 16:34:04,
754/1048,SRX9461573,uploaded,gs://arc-institute-virtual-cell-atlas/scbasecount/2026-01-12/h5ad/GeneFull/Homo_sapiens/SRX9461573.h5ad,arc-institute-virtual-cell-atlas/scbasecount/2026-01-12/h5ad/GeneFull/Homo_sapiens/SRX9461573.h5ad,FC10gFIYaZSekReGpUadGw==,2026-07-30 16:34:12,
755/1048,SRX10100446,uploaded,gs://arc-institute-virtual-cell-atlas/scbasecount/2026-01-12/h5ad/GeneFull/Homo_sapiens/SRX10100446.h5ad,arc-institute-virtual-cell-atlas/scbasecount/2026-01-12/h5ad/GeneFull/Homo_sapiens/SRX10100446.h5ad,rU5jf+TrGYkBWkArjU/alw==,2026-07-30 16:34:32,
756/1048,SRX9127139,uploaded,gs://arc-institute-virtual-cell-atlas/scbasecount/2026-01-12/h5ad/GeneFull/Homo_sapiens/SRX9127139.h5ad,arc-institute-virtual-cell-atlas/scbasecount/2026-01-12/h5ad/GeneFull/Homo_sapiens/SRX9127139.h5ad,FKklImyEnF3BKG2w/ZsBsg==,2026-07-30 16:34:39,
757/1048,SRX9127134,uploaded,gs://arc-institute-virtual-cell-atlas/scbasecount/2026-01-12/h5ad/GeneFull/Homo_sapiens/SRX9127134.h5ad,arc-institute-virtual-cell-atlas/scbasecount/2026-01-12/h5ad/GeneFull/Homo_sapiens/SRX9127134.h5ad,wRL5KXywLHVM1oN5K2a3lQ==,2026-07-30 16:34:49,
758/1048,SRX10100445,uploaded,gs://arc-institute-virtual-cell-atlas/scbasecount/2026-01-12/h5ad/GeneFull/Homo_sapiens/SRX10100445.h5ad,arc-institute-virtual-cell-atlas/scbasecount/2026-01-12/h5ad/GeneFull/Homo_sapiens/SRX10100445.h5ad,ytdwaplSHxIeqPTRUcDLAQ==,2026-07-30 16:35:13,
759/1048,SRX9474645,uploaded,gs://arc-institute-virtual-cell-atlas/scbasecount/2026-01-12/h5ad/GeneFull/Homo_sapiens/SRX9474645.h5ad,arc-institute-virtual-cell-atlas/scbasecount/2026-01-12/h5ad/GeneFull/Homo_sapiens/SRX9474645.h5ad,TrdKNtHUaGto/lyU9zJWbQ==,2026-07-30 16:35:26,
760/1048,SRX10048384,uploaded,gs://arc-institute-virtual-cell-atlas/scbasecount/2026-01-12/h5ad/GeneFull/Homo_sapiens/SRX10048384.h5ad,arc-institute-virtual-cell-atlas/scbasecount/2026-01-12/h5ad/GeneFull/Homo_sapiens/SRX10048384.h5ad,h8AlWwnCsi6NxTKEB+FeXQ==,2026-07-30 16:35:34,
761/1048,SRX9849883,uploaded,gs://arc-institute-virtual-cell-atlas/scbasecount/2026-01-12/h5ad/GeneFull/Homo_sapiens/SRX9849883.h5ad,arc-institute-virtual-cell-atlas/scbasecount/2026-01-12/h5ad/GeneFull/Homo_sapiens/SRX9849883.h5ad,6znHRhAivEh42LMunf1Lcw==,2026-07-30 16:35:48,
762/1048,SRX9127140,uploaded,gs://arc-institute-virtual-cell-atlas/scbasecount/2026-01-12/h5ad/GeneFull/Homo_sapiens/SRX9127140.h5ad,arc-institute-virtual-cell-atlas/scbasecount/2026-01-12/h5ad/GeneFull/Homo_sapiens/SRX9127140.h5ad,aWN1Lzt57+GlTh9CdlNpdQ==,2026-07-30 16:35:55,
763/1048,SRX10048377,uploaded,gs://arc-institute-virtual-cell-atlas/scbasecount/2026-01-12/h5ad/GeneFull/Homo_sapiens/SRX10048377.h5ad,arc-institute-virtual-cell-atlas/scbasecount/2026-01-12/h5ad/GeneFull/Homo_sapiens/SRX10048377.h5ad,yX6VSuCNi3Po4zfjEeau1A==,2026-07-30 16:36:12,
764/1048,SRX9461575,uploaded,gs://arc-institute-virtual-cell-atlas/scbasecount/2026-01-12/h5ad/GeneFull/Homo_sapiens/SRX9461575.h5ad,arc-institute-virtual-cell-atlas/scbasecount/2026-01-12/h5ad/GeneFull/Homo_sapiens/SRX9461575.h5ad,LreOH4FYobMj8X1/HkdCTQ==,2026-07-30 16:36:19,
765/1048,SRX9127136,uploaded,gs://arc-institute-virtual-cell-atlas/scbasecount/2026-01-12/h5ad/GeneFull/Homo_sapiens/SRX9127136.h5ad,arc-institute-virtual-cell-atlas/scbasecount/2026-01-12/h5ad/GeneFull/Homo_sapiens/SRX9127136.h5ad,kFlG6AqPFQLTd6HbtJkYng==,2026-07-30 16:36:22,
766/1048,SRX9670792,uploaded,gs://arc-institute-virtual-cell-atlas/scbasecount/2026-01-12/h5ad/GeneFull/Homo_sapiens/SRX9670792.h5ad,arc-institute-virtual-cell-atlas/scbasecount/2026-01-12/h5ad/GeneFull/Homo_sapiens/SRX9670792.h5ad,bE6NUeSsCZWsO5pb1AEPJA==,2026-07-30 16:36:32,
767/1048,SRX10075292,uploaded,gs://arc-institute-virtual-cell-atlas/scbasecount/2026-01-12/h5ad/GeneFull/Homo_sapiens/SRX10075292.h5ad,arc-institute-virtual-cell-atlas/scbasecount/2026-01-12/h5ad/GeneFull/Homo_sapiens/SRX10075292.h5ad,9TxpgKYJyATbJHKXa794Bg==,2026-07-30 16:36:34,
768/1048,SRX9768487,uploaded,gs://arc-institute-virtual-cell-atlas/scbasecount/2026-01-12/h5ad/GeneFull/Homo_sapiens/SRX9768487.h5ad,arc-institute-virtual-cell-atlas/scbasecount/2026-01-12/h5ad/GeneFull/Homo_sapiens/SRX9768487.h5ad,tRtEkf3fPhW1huZ2zjvJtA==,2026-07-30 16:36:36,
769/1048,SRX9127141,uploaded,gs://arc-institute-virtual-cell-atlas/scbasecount/2026-01-12/h5ad/GeneFull/Homo_sapiens/SRX9127141.h5ad,arc-institute-virtual-cell-atlas/scbasecount/2026-01-12/h5ad/GeneFull/Homo_sapiens/SRX9127141.h5ad,YGvLqQlpb20ECvMMqT58iA==,2026-07-30 16:36:45,
770/1048,SRX27113469,uploaded,gs://arc-institute-virtual-cell-atlas/scbasecount/2026-01-12/h5ad/GeneFull/Homo_sapiens/SRX27113469.h5ad,arc-institute-virtual-cell-atlas/scbasecount/2026-01-12/h5ad/GeneFull/Homo_sapiens/SRX27113469.h5ad,QrrJGJbuj+nb9OEbNAeG1Q==,2026-07-30 16:36:53,
771/1048,SRX27113470,uploaded,gs://arc-institute-virtual-cell-atlas/scbasecount/2026-01-12/h5ad/GeneFull/Homo_sapiens/SRX27113470.h5ad,arc-institute-virtual-cell-atlas/scbasecount/2026-01-12/h5ad/GeneFull/Homo_sapiens/SRX27113470.h5ad,VgSY95oWiG1P6RvpsbZM0g==,2026-07-30 16:36:56,
772/1048,SRX27113473,uploaded,gs://arc-institute-virtual-cell-atlas/scbasecount/2026-01-12/h5ad/GeneFull/Homo_sapiens/SRX27113473.h5ad,arc-institute-virtual-cell-atlas/scbasecount/2026-01-12/h5ad/GeneFull/Homo_sapiens/SRX27113473.h5ad,b4jX4Ur1Z3udcM0G7ggYHg==,2026-07-30 16:37:00,
773/1048,SRX27113475,uploaded,gs://arc-institute-virtual-cell-atlas/scbasecount/2026-01-12/h5ad/GeneFull/Homo_sapiens/SRX27113475.h5ad,arc-institute-virtual-cell-atlas/scbasecount/2026-01-12/h5ad/GeneFull/Homo_sapiens/SRX27113475.h5ad,Gdf62wlFSyXFtb+7GGqWAQ==,2026-07-30 16:37:07,
774/1048,SRX27113476,uploaded,gs://arc-institute-virtual-cell-atlas/scbasecount/2026-01-12/h5ad/GeneFull/Homo_sapiens/SRX27113476.h5ad,arc-institute-virtual-cell-atlas/scbasecount/2026-01-12/h5ad/GeneFull/Homo_sapiens/SRX27113476.h5ad,6gKOfz1L1YWIaprqkbfyCQ==,2026-07-30 16:37:13,
775/1048,SRX27113467,uploaded,gs://arc-institute-virtual-cell-atlas/scbasecount/2026-01-12/h5ad/GeneFull/Homo_sapiens/SRX27113467.h5ad,arc-institute-virtual-cell-atlas/scbasecount/2026-01-12/h5ad/GeneFull/Homo_sapiens/SRX27113467.h5ad,8cZKIUbjIdZSPzZ3gPw2ag==,2026-07-30 16:37:22,
776/1048,SRX27113455,uploaded,gs://arc-institute-virtual-cell-atlas/scbasecount/2026-01-12/h5ad/GeneFull/Homo_sapiens/SRX27113455.h5ad,arc-institute-virtual-cell-atlas/scbasecount/2026-01-12/h5ad/GeneFull/Homo_sapiens/SRX27113455.h5ad,3irkMomx+LXrJhphWdI0UA==,2026-07-30 16:37:29,
777/1048,SRX27995674,uploaded,gs://arc-institute-virtual-cell-atlas/scbasecount/2026-01-12/h5ad/GeneFull/Homo_sapiens/SRX27995674.h5ad,arc-institute-virtual-cell-atlas/scbasecount/2026-01-12/h5ad/GeneFull/Homo_sapiens/SRX27995674.h5ad,sDTqRiiqn3djL+IhV584UQ==,2026-07-30 16:37:30,
778/1048,SRX9816697,uploaded,gs://arc-institute-virtual-cell-atlas/scbasecount/2026-01-12/h5ad/GeneFull/Homo_sapiens/SRX9816697.h5ad,arc-institute-virtual-cell-atlas/scbasecount/2026-01-12/h5ad/GeneFull/Homo_sapiens/SRX9816697.h5ad,5uoun904SgFzkJtkd9Iuug==,2026-07-30 16:37:40,
779/1048,SRX9816696,uploaded,gs://arc-institute-virtual-cell-atlas/scbasecount/2026-01-12/h5ad/GeneFull/Homo_sapiens/SRX9816696.h5ad,arc-institute-virtual-cell-atlas/scbasecount/2026-01-12/h5ad/GeneFull/Homo_sapiens/SRX9816696.h5ad,LTZyTw0NvYuhO4k5iae/Qw==,2026-07-30 16:37:48,
780/1048,SRX10048390,uploaded,gs://arc-institute-virtual-cell-atlas/scbasecount/2026-01-12/h5ad/GeneFull/Homo_sapiens/SRX10048390.h5ad,arc-institute-virtual-cell-atlas/scbasecount/2026-01-12/h5ad/GeneFull/Homo_sapiens/SRX10048390.h5ad,U/cEruNnRevbXuGXgHdRmw==,2026-07-30 16:38:05,
781/1048,SRX9849885,uploaded,gs://arc-institute-virtual-cell-atlas/scbasecount/2026-01-12/h5ad/GeneFull/Homo_sapiens/SRX9849885.h5ad,arc-institute-virtual-cell-atlas/scbasecount/2026-01-12/h5ad/GeneFull/Homo_sapiens/SRX9849885.h5ad,YDZoN84sGCgfGqnNn4W/6A==,2026-07-30 16:38:14,
782/1048,SRX9461574,uploaded,gs://arc-institute-virtual-cell-atlas/scbasecount/2026-01-12/h5ad/GeneFull/Homo_sapiens/SRX9461574.h5ad,arc-institute-virtual-cell-atlas/scbasecount/2026-01-12/h5ad/GeneFull/Homo_sapiens/SRX9461574.h5ad,klUowyoW9TykU+fMiN9YLw==,2026-07-30 16:38:24,
783/1048,SRX9058158,uploaded,gs://arc-institute-virtual-cell-atlas/scbasecount/2026-01-12/h5ad/GeneFull/Homo_sapiens/SRX9058158.h5ad,arc-institute-virtual-cell-atlas/scbasecount/2026-01-12/h5ad/GeneFull/Homo_sapiens/SRX9058158.h5ad,kYtlUMZlquFS3PF9A+RmMg==,2026-07-30 16:38:28,
784/1048,SRX9058160,uploaded,gs://arc-institute-virtual-cell-atlas/scbasecount/2026-01-12/h5ad/GeneFull/Homo_sapiens/SRX9058160.h5ad,arc-institute-virtual-cell-atlas/scbasecount/2026-01-12/h5ad/GeneFull/Homo_sapiens/SRX9058160.h5ad,ugZMd7GAwbWZ5NE4wwIT/A==,2026-07-30 16:38:33,
785/1048,SRX9078406,uploaded,gs://arc-institute-virtual-cell-atlas/scbasecount/2026-01-12/h5ad/GeneFull/Homo_sapiens/SRX9078406.h5ad,arc-institute-virtual-cell-atlas/scbasecount/2026-01-12/h5ad/GeneFull/Homo_sapiens/SRX9078406.h5ad,W75cUP07D7O0SuZCv1ufIg==,2026-07-30 16:38:40,
786/1048,SRX9276327,uploaded,gs://arc-institute-virtual-cell-atlas/scbasecount/2026-01-12/h5ad/GeneFull/Homo_sapiens/SRX9276327.h5ad,arc-institute-virtual-cell-atlas/scbasecount/2026-01-12/h5ad/GeneFull/Homo_sapiens/SRX9276327.h5ad,DcxZ5muV8xl6GnpnaeoAUA==,2026-07-30 16:38:44,
787/1048,SRX9058157,uploaded,gs://arc-institute-virtual-cell-atlas/scbasecount/2026-01-12/h5ad/GeneFull/Homo_sapiens/SRX9058157.h5ad,arc-institute-virtual-cell-atlas/scbasecount/2026-01-12/h5ad/GeneFull/Homo_sapiens/SRX9058157.h5ad,6DDJxRUVLxte0IxkwOjqiQ==,2026-07-30 16:38:54,
788/1048,SRX9058187,uploaded,gs://arc-institute-virtual-cell-atlas/scbasecount/2026-01-12/h5ad/GeneFull/Homo_sapiens/SRX9058187.h5ad,arc-institute-virtual-cell-atlas/scbasecount/2026-01-12/h5ad/GeneFull/Homo_sapiens/SRX9058187.h5ad,yw13DyZJchTOqXVo8Eg7ZA==,2026-07-30 16:38:58,
789/1048,SRX9058165,uploaded,gs://arc-institute-virtual-cell-atlas/scbasecount/2026-01-12/h5ad/GeneFull/Homo_sapiens/SRX9058165.h5ad,arc-institute-virtual-cell-atlas/scbasecount/2026-01-12/h5ad/GeneFull/Homo_sapiens/SRX9058165.h5ad,x+XoQJKgRjF7yAJkY9vRLg==,2026-07-30 16:39:02,
790/1048,SRX9276321,uploaded,gs://arc-institute-virtual-cell-atlas/scbasecount/2026-01-12/h5ad/GeneFull/Homo_sapiens/SRX9276321.h5ad,arc-institute-virtual-cell-atlas/scbasecount/2026-01-12/h5ad/GeneFull/Homo_sapiens/SRX9276321.h5ad,Kgi0rXRBsBFRLr15vmhvXg==,2026-07-30 16:39:06,
791/1048,SRX9296016,uploaded,gs://arc-institute-virtual-cell-atlas/scbasecount/2026-01-12/h5ad/GeneFull/Homo_sapiens/SRX9296016.h5ad,arc-institute-virtual-cell-atlas/scbasecount/2026-01-12/h5ad/GeneFull/Homo_sapiens/SRX9296016.h5ad,iXwf6FUzdWaUJr9s4W5L4g==,2026-07-30 16:39:08,
792/1048,SRX9058155,uploaded,gs://arc-institute-virtual-cell-atlas/scbasecount/2026-01-12/h5ad/GeneFull/Homo_sapiens/SRX9058155.h5ad,arc-institute-virtual-cell-atlas/scbasecount/2026-01-12/h5ad/GeneFull/Homo_sapiens/SRX9058155.h5ad,N/zvFL3MWrd54Uv+kiAtcw==,2026-07-30 16:39:17,
793/1048,SRX9276300,uploaded,gs://arc-institute-virtual-cell-atlas/scbasecount/2026-01-12/h5ad/GeneFull/Homo_sapiens/SRX9276300.h5ad,arc-institute-virtual-cell-atlas/scbasecount/2026-01-12/h5ad/GeneFull/Homo_sapiens/SRX9276300.h5ad,ESszCQ8FHIb9uxE+ed+clg==,2026-07-30 16:39:21,
794/1048,SRX9058162,uploaded,gs://arc-institute-virtual-cell-atlas/scbasecount/2026-01-12/h5ad/GeneFull/Homo_sapiens/SRX9058162.h5ad,arc-institute-virtual-cell-atlas/scbasecount/2026-01-12/h5ad/GeneFull/Homo_sapiens/SRX9058162.h5ad,F3P4bnDIA5jvDwjJD6jctQ==,2026-07-30 16:39:24,
795/1048,SRX9276299,uploaded,gs://arc-institute-virtual-cell-atlas/scbasecount/2026-01-12/h5ad/GeneFull/Homo_sapiens/SRX9276299.h5ad,arc-institute-virtual-cell-atlas/scbasecount/2026-01-12/h5ad/GeneFull/Homo_sapiens/SRX9276299.h5ad,0S2PXWZ4Csidh/IUL1+4Iw==,2026-07-30 16:39:28,
796/1048,SRX9276314,uploaded,gs://arc-institute-virtual-cell-atlas/scbasecount/2026-01-12/h5ad/GeneFull/Homo_sapiens/SRX9276314.h5ad,arc-institute-virtual-cell-atlas/scbasecount/2026-01-12/h5ad/GeneFull/Homo_sapiens/SRX9276314.h5ad,22WtnSteR+uPoqyOY22/rw==,2026-07-30 16:39:31,
797/1048,SRX9058167,uploaded,gs://arc-institute-virtual-cell-atlas/scbasecount/2026-01-12/h5ad/GeneFull/Homo_sapiens/SRX9058167.h5ad,arc-institute-virtual-cell-atlas/scbasecount/2026-01-12/h5ad/GeneFull/Homo_sapiens/SRX9058167.h5ad,u9RTdyQouozkRanNgcDDSg==,2026-07-30 16:39:37,
798/1048,SRX9058170,uploaded,gs://arc-institute-virtual-cell-atlas/scbasecount/2026-01-12/h5ad/GeneFull/Homo_sapiens/SRX9058170.h5ad,arc-institute-virtual-cell-atlas/scbasecount/2026-01-12/h5ad/GeneFull/Homo_sapiens/SRX9058170.h5ad,8oSY6GJP2huhipu81imoUg==,2026-07-30 16:39:41,
799/1048,SRX9058154,uploaded,gs://arc-institute-virtual-cell-atlas/scbasecount/2026-01-12/h5ad/GeneFull/Homo_sapiens/SRX9058154.h5ad,arc-institute-virtual-cell-atlas/scbasecount/2026-01-12/h5ad/GeneFull/Homo_sapiens/SRX9058154.h5ad,VQNpG2rdsSLuEmwdCZr4xg==,2026-07-30 16:39:45,
800/1048,SRX9058143,uploaded,gs://arc-institute-virtual-cell-atlas/scbasecount/2026-01-12/h5ad/GeneFull/Homo_sapiens/SRX9058143.h5ad,arc-institute-virtual-cell-atlas/scbasecount/2026-01-12/h5ad/GeneFull/Homo_sapiens/SRX9058143.h5ad,evWjOEIGO2YQJZkWPBGnMw==,2026-07-30 16:39:50,
801/1048,SRX9058150,uploaded,gs://arc-institute-virtual-cell-atlas/scbasecount/2026-01-12/h5ad/GeneFull/Homo_sapiens/SRX9058150.h5ad,arc-institute-virtual-cell-atlas/scbasecount/2026-01-12/h5ad/GeneFull/Homo_sapiens/SRX9058150.h5ad,9Rt+giWVsIPklwxyDubfOw==,2026-07-30 16:39:54,
802/1048,SRX9058184,uploaded,gs://arc-institute-virtual-cell-atlas/scbasecount/2026-01-12/h5ad/GeneFull/Homo_sapiens/SRX9058184.h5ad,arc-institute-virtual-cell-atlas/scbasecount/2026-01-12/h5ad/GeneFull/Homo_sapiens/SRX9058184.h5ad,9vJOTXJu6U0YE81i+4QLOQ==,2026-07-30 16:39:57,
803/1048,SRX9062366,uploaded,gs://arc-institute-virtual-cell-atlas/scbasecount/2026-01-12/h5ad/GeneFull/Homo_sapiens/SRX9062366.h5ad,arc-institute-virtual-cell-atlas/scbasecount/2026-01-12/h5ad/GeneFull/Homo_sapiens/SRX9062366.h5ad,yiHjgnyegUQOy62gJfuglg==,2026-07-30 16:40:00,
804/1048,SRX9246189,uploaded,gs://arc-institute-virtual-cell-atlas/scbasecount/2026-01-12/h5ad/GeneFull/Homo_sapiens/SRX9246189.h5ad,arc-institute-virtual-cell-atlas/scbasecount/2026-01-12/h5ad/GeneFull/Homo_sapiens/SRX9246189.h5ad,SCNXUKc2UlKB4RRJ1RBh4w==,2026-07-30 16:40:16,
805/1048,SRX9058161,uploaded,gs://arc-institute-virtual-cell-atlas/scbasecount/2026-01-12/h5ad/GeneFull/Homo_sapiens/SRX9058161.h5ad,arc-institute-virtual-cell-atlas/scbasecount/2026-01-12/h5ad/GeneFull/Homo_sapiens/SRX9058161.h5ad,vtvBIlBRj6wTJ+SpuOR3tw==,2026-07-30 16:40:20,
806/1048,SRX9078404,uploaded,gs://arc-institute-virtual-cell-atlas/scbasecount/2026-01-12/h5ad/GeneFull/Homo_sapiens/SRX9078404.h5ad,arc-institute-virtual-cell-atlas/scbasecount/2026-01-12/h5ad/GeneFull/Homo_sapiens/SRX9078404.h5ad,6imwkJX88r6dvC00jbcLCw==,2026-07-30 16:40:25,
807/1048,SRX9276301,uploaded,gs://arc-institute-virtual-cell-atlas/scbasecount/2026-01-12/h5ad/GeneFull/Homo_sapiens/SRX9276301.h5ad,arc-institute-virtual-cell-atlas/scbasecount/2026-01-12/h5ad/GeneFull/Homo_sapiens/SRX9276301.h5ad,TWdXmcUkk9OqeVfPoTPwxQ==,2026-07-30 16:40:28,
808/1048,SRX9058151,uploaded,gs://arc-institute-virtual-cell-atlas/scbasecount/2026-01-12/h5ad/GeneFull/Homo_sapiens/SRX9058151.h5ad,arc-institute-virtual-cell-atlas/scbasecount/2026-01-12/h5ad/GeneFull/Homo_sapiens/SRX9058151.h5ad,OwqWT8m+6nERdQOZWlh0/Q==,2026-07-30 16:40:32,
809/1048,SRX9058152,uploaded,gs://arc-institute-virtual-cell-atlas/scbasecount/2026-01-12/h5ad/GeneFull/Homo_sapiens/SRX9058152.h5ad,arc-institute-virtual-cell-atlas/scbasecount/2026-01-12/h5ad/GeneFull/Homo_sapiens/SRX9058152.h5ad,wt8B7DSD1K/i5I1T02DLIg==,2026-07-30 16:40:37,
810/1048,SRX9058153,uploaded,gs://arc-institute-virtual-cell-atlas/scbasecount/2026-01-12/h5ad/GeneFull/Homo_sapiens/SRX9058153.h5ad,arc-institute-virtual-cell-atlas/scbasecount/2026-01-12/h5ad/GeneFull/Homo_sapiens/SRX9058153.h5ad,vlMiKPpp+FAzcxzryujS9g==,2026-07-30 16:40:42,
811/1048,SRX9062365,uploaded,gs://arc-institute-virtual-cell-atlas/scbasecount/2026-01-12/h5ad/GeneFull/Homo_sapiens/SRX9062365.h5ad,arc-institute-virtual-cell-atlas/scbasecount/2026-01-12/h5ad/GeneFull/Homo_sapiens/SRX9062365.h5ad,ZjXu11IsfcRbXpSKhrGZbQ==,2026-07-30 16:40:44,
812/1048,SRX9058141,uploaded,gs://arc-institute-virtual-cell-atlas/scbasecount/2026-01-12/h5ad/GeneFull/Homo_sapiens/SRX9058141.h5ad,arc-institute-virtual-cell-atlas/scbasecount/2026-01-12/h5ad/GeneFull/Homo_sapiens/SRX9058141.h5ad,L5vGlyBlDco1CaruB5Tz0g==,2026-07-30 16:40:47,
813/1048,SRX9058186,uploaded,gs://arc-institute-virtual-cell-atlas/scbasecount/2026-01-12/h5ad/GeneFull/Homo_sapiens/SRX9058186.h5ad,arc-institute-virtual-cell-atlas/scbasecount/2026-01-12/h5ad/GeneFull/Homo_sapiens/SRX9058186.h5ad,yUGXMIGHoJyIaVgzAzS4OQ==,2026-07-30 16:40:50,
814/1048,SRX9058156,uploaded,gs://arc-institute-virtual-cell-atlas/scbasecount/2026-01-12/h5ad/GeneFull/Homo_sapiens/SRX9058156.h5ad,arc-institute-virtual-cell-atlas/scbasecount/2026-01-12/h5ad/GeneFull/Homo_sapiens/SRX9058156.h5ad,RaeDq3PlL/jUtk4LpLvdyw==,2026-07-30 16:40:55,
815/1048,SRX9058168,uploaded,gs://arc-institute-virtual-cell-atlas/scbasecount/2026-01-12/h5ad/GeneFull/Homo_sapiens/SRX9058168.h5ad,arc-institute-virtual-cell-atlas/scbasecount/2026-01-12/h5ad/GeneFull/Homo_sapiens/SRX9058168.h5ad,q/MY4Pz01b4B/q2krNPweQ==,2026-07-30 16:40:58,
816/1048,SRX9058149,uploaded,gs://arc-institute-virtual-cell-atlas/scbasecount/2026-01-12/h5ad/GeneFull/Homo_sapiens/SRX9058149.h5ad,arc-institute-virtual-cell-atlas/scbasecount/2026-01-12/h5ad/GeneFull/Homo_sapiens/SRX9058149.h5ad,Vz+qc+Lyl7KyW24O1m+cTA==,2026-07-30 16:41:05,
817/1048,SRX9078405,uploaded,gs://arc-institute-virtual-cell-atlas/scbasecount/2026-01-12/h5ad/GeneFull/Homo_sapiens/SRX9078405.h5ad,arc-institute-virtual-cell-atlas/scbasecount/2026-01-12/h5ad/GeneFull/Homo_sapiens/SRX9078405.h5ad,7igkigOI0ijeHpU9CVF3aA==,2026-07-30 16:41:12,
818/1048,SRX9062363,uploaded,gs://arc-institute-virtual-cell-atlas/scbasecount/2026-01-12/h5ad/GeneFull/Homo_sapiens/SRX9062363.h5ad,arc-institute-virtual-cell-atlas/scbasecount/2026-01-12/h5ad/GeneFull/Homo_sapiens/SRX9062363.h5ad,5O93L1vfYKvSM743rDN4ag==,2026-07-30 16:41:15,
819/1048,SRX9058189,uploaded,gs://arc-institute-virtual-cell-atlas/scbasecount/2026-01-12/h5ad/GeneFull/Homo_sapiens/SRX9058189.h5ad,arc-institute-virtual-cell-atlas/scbasecount/2026-01-12/h5ad/GeneFull/Homo_sapiens/SRX9058189.h5ad,qo/aNXd1a3839cezAdbJfQ==,2026-07-30 16:41:19,
820/1048,SRX9058166,uploaded,gs://arc-institute-virtual-cell-atlas/scbasecount/2026-01-12/h5ad/GeneFull/Homo_sapiens/SRX9058166.h5ad,arc-institute-virtual-cell-atlas/scbasecount/2026-01-12/h5ad/GeneFull/Homo_sapiens/SRX9058166.h5ad,1bSAyha1ohMMG1mZl5yLeQ==,2026-07-30 16:41:23,
821/1048,SRX9863288,uploaded,gs://arc-institute-virtual-cell-atlas/scbasecount/2026-01-12/h5ad/GeneFull/Homo_sapiens/SRX9863288.h5ad,arc-institute-virtual-cell-atlas/scbasecount/2026-01-12/h5ad/GeneFull/Homo_sapiens/SRX9863288.h5ad,MHZMW39Xw5yALmc3iJ+5JQ==,2026-07-30 16:41:34,
822/1048,SRX27113477,uploaded,gs://arc-institute-virtual-cell-atlas/scbasecount/2026-01-12/h5ad/GeneFull/Homo_sapiens/SRX27113477.h5ad,arc-institute-virtual-cell-atlas/scbasecount/2026-01-12/h5ad/GeneFull/Homo_sapiens/SRX27113477.h5ad,nTbeQuf6BpkRgAmRTo0rJw==,2026-07-30 16:41:38,
823/1048,SRX9246193,uploaded,gs://arc-institute-virtual-cell-atlas/scbasecount/2026-01-12/h5ad/GeneFull/Homo_sapiens/SRX9246193.h5ad,arc-institute-virtual-cell-atlas/scbasecount/2026-01-12/h5ad/GeneFull/Homo_sapiens/SRX9246193.h5ad,+4RNMUPonO1SxRANV4n+hw==,2026-07-30 16:41:49,
824/1048,SRX9276328,uploaded,gs://arc-institute-virtual-cell-atlas/scbasecount/2026-01-12/h5ad/GeneFull/Homo_sapiens/SRX9276328.h5ad,arc-institute-virtual-cell-atlas/scbasecount/2026-01-12/h5ad/GeneFull/Homo_sapiens/SRX9276328.h5ad,UxvY0oOchruPUOwk/eHwlg==,2026-07-30 16:41:53,
825/1048,SRX9058159,uploaded,gs://arc-institute-virtual-cell-atlas/scbasecount/2026-01-12/h5ad/GeneFull/Homo_sapiens/SRX9058159.h5ad,arc-institute-virtual-cell-atlas/scbasecount/2026-01-12/h5ad/GeneFull/Homo_sapiens/SRX9058159.h5ad,jSW3KJ9qngZfdz8qfX8m3A==,2026-07-30 16:41:57,
826/1048,SRX9078407,skipped,gs://arc-institute-virtual-cell-atlas/scbasecount/2026-01-12/h5ad/GeneFull/Homo_sapiens/SRX9078407.h5ad,arc-institute-virtual-cell-atlas/scbasecount/2026-01-12/h5ad/GeneFull/Homo_sapiens/SRX9078407.h5ad,8OqNPZgcxRTu7mWjiSXFBg==,2026-07-30 16:41:58,
827/1048,SRX9276296,uploaded,gs://arc-institute-virtual-cell-atlas/scbasecount/2026-01-12/h5ad/GeneFull/Homo_sapiens/SRX9276296.h5ad,arc-institute-virtual-cell-atlas/scbasecount/2026-01-12/h5ad/GeneFull/Homo_sapiens/SRX9276296.h5ad,66vozr6HwblrxC3B8SIQ5Q==,2026-07-30 16:42:01,
828/1048,SRX27113474,uploaded,gs://arc-institute-virtual-cell-atlas/scbasecount/2026-01-12/h5ad/GeneFull/Homo_sapiens/SRX27113474.h5ad,arc-institute-virtual-cell-atlas/scbasecount/2026-01-12/h5ad/GeneFull/Homo_sapiens/SRX27113474.h5ad,3QEO5QfVsOJy1fT3opm1dg==,2026-07-30 16:42:05,
829/1048,SRX27113468,uploaded,gs://arc-institute-virtual-cell-atlas/scbasecount/2026-01-12/h5ad/GeneFull/Homo_sapiens/SRX27113468.h5ad,arc-institute-virtual-cell-atlas/scbasecount/2026-01-12/h5ad/GeneFull/Homo_sapiens/SRX27113468.h5ad,hwMnVO1XQtlXsLjQq3UtAQ==,2026-07-30 16:42:10,
830/1048,SRX27113472,uploaded,gs://arc-institute-virtual-cell-atlas/scbasecount/2026-01-12/h5ad/GeneFull/Homo_sapiens/SRX27113472.h5ad,arc-institute-virtual-cell-atlas/scbasecount/2026-01-12/h5ad/GeneFull/Homo_sapiens/SRX27113472.h5ad,/JFJT8BMSK+VvtyniY3Qaw==,2026-07-30 16:42:16,
831/1048,SRX27113466,uploaded,gs://arc-institute-virtual-cell-atlas/scbasecount/2026-01-12/h5ad/GeneFull/Homo_sapiens/SRX27113466.h5ad,arc-institute-virtual-cell-atlas/scbasecount/2026-01-12/h5ad/GeneFull/Homo_sapiens/SRX27113466.h5ad,XqU89MSfirTwoZqtWawYPQ==,2026-07-30 16:42:23,
832/1048,SRX9058146,uploaded,gs://arc-institute-virtual-cell-atlas/scbasecount/2026-01-12/h5ad/GeneFull/Homo_sapiens/SRX9058146.h5ad,arc-institute-virtual-cell-atlas/scbasecount/2026-01-12/h5ad/GeneFull/Homo_sapiens/SRX9058146.h5ad,3J3HpG+gq5nVkLlR6Miyxw==,2026-07-30 16:42:26,
833/1048,SRX9062358,uploaded,gs://arc-institute-virtual-cell-atlas/scbasecount/2026-01-12/h5ad/GeneFull/Homo_sapiens/SRX9062358.h5ad,arc-institute-virtual-cell-atlas/scbasecount/2026-01-12/h5ad/GeneFull/Homo_sapiens/SRX9062358.h5ad,9pPfcTrDnOUg5tXm4cADXg==,2026-07-30 16:42:28,
834/1048,SRX9058169,uploaded,gs://arc-institute-virtual-cell-atlas/scbasecount/2026-01-12/h5ad/GeneFull/Homo_sapiens/SRX9058169.h5ad,arc-institute-virtual-cell-atlas/scbasecount/2026-01-12/h5ad/GeneFull/Homo_sapiens/SRX9058169.h5ad,VLqZV0153N4e9iNw6p8K9w==,2026-07-30 16:42:33,
835/1048,SRX9062357,uploaded,gs://arc-institute-virtual-cell-atlas/scbasecount/2026-01-12/h5ad/GeneFull/Homo_sapiens/SRX9062357.h5ad,arc-institute-virtual-cell-atlas/scbasecount/2026-01-12/h5ad/GeneFull/Homo_sapiens/SRX9062357.h5ad,wwM9sPkH1fV96BuXjLPesQ==,2026-07-30 16:42:36,
836/1048,SRX9276313,uploaded,gs://arc-institute-virtual-cell-atlas/scbasecount/2026-01-12/h5ad/GeneFull/Homo_sapiens/SRX9276313.h5ad,arc-institute-virtual-cell-atlas/scbasecount/2026-01-12/h5ad/GeneFull/Homo_sapiens/SRX9276313.h5ad,acuajfAMQpgP2VfeL6otSg==,2026-07-30 16:42:40,
837/1048,SRX9276331,uploaded,gs://arc-institute-virtual-cell-atlas/scbasecount/2026-01-12/h5ad/GeneFull/Homo_sapiens/SRX9276331.h5ad,arc-institute-virtual-cell-atlas/scbasecount/2026-01-12/h5ad/GeneFull/Homo_sapiens/SRX9276331.h5ad,pxdnD69GZnbkYXnt5ZiZ0Q==,2026-07-30 16:42:44,
838/1048,SRX9062364,uploaded,gs://arc-institute-virtual-cell-atlas/scbasecount/2026-01-12/h5ad/GeneFull/Homo_sapiens/SRX9062364.h5ad,arc-institute-virtual-cell-atlas/scbasecount/2026-01-12/h5ad/GeneFull/Homo_sapiens/SRX9062364.h5ad,/5I4XFT9Sjop1FRy5RbQSQ==,2026-07-30 16:42:46,
839/1048,SRX9276329,uploaded,gs://arc-institute-virtual-cell-atlas/scbasecount/2026-01-12/h5ad/GeneFull/Homo_sapiens/SRX9276329.h5ad,arc-institute-virtual-cell-atlas/scbasecount/2026-01-12/h5ad/GeneFull/Homo_sapiens/SRX9276329.h5ad,nebnk+HN62ZHwa80Ub6xNA==,2026-07-30 16:42:49,
840/1048,SRX9276297,uploaded,gs://arc-institute-virtual-cell-atlas/scbasecount/2026-01-12/h5ad/GeneFull/Homo_sapiens/SRX9276297.h5ad,arc-institute-virtual-cell-atlas/scbasecount/2026-01-12/h5ad/GeneFull/Homo_sapiens/SRX9276297.h5ad,rU4MlAlRs5gw764hpTEbgQ==,2026-07-30 16:42:53,
841/1048,SRX9058196,uploaded,gs://arc-institute-virtual-cell-atlas/scbasecount/2026-01-12/h5ad/GeneFull/Homo_sapiens/SRX9058196.h5ad,arc-institute-virtual-cell-atlas/scbasecount/2026-01-12/h5ad/GeneFull/Homo_sapiens/SRX9058196.h5ad,db7LW70otwJaxyvfpwKhdw==,2026-07-30 16:42:57,
842/1048,SRX9058164,uploaded,gs://arc-institute-virtual-cell-atlas/scbasecount/2026-01-12/h5ad/GeneFull/Homo_sapiens/SRX9058164.h5ad,arc-institute-virtual-cell-atlas/scbasecount/2026-01-12/h5ad/GeneFull/Homo_sapiens/SRX9058164.h5ad,iMlx5Jd7wx/zw+D8yZGJfg==,2026-07-30 16:43:02,
843/1048,SRX9276330,uploaded,gs://arc-institute-virtual-cell-atlas/scbasecount/2026-01-12/h5ad/GeneFull/Homo_sapiens/SRX9276330.h5ad,arc-institute-virtual-cell-atlas/scbasecount/2026-01-12/h5ad/GeneFull/Homo_sapiens/SRX9276330.h5ad,4eKf6TlWLIgUTWlt7YE3HQ==,2026-07-30 16:43:05,
844/1048,SRX8349957,uploaded,gs://arc-institute-virtual-cell-atlas/scbasecount/2026-01-12/h5ad/GeneFull/Homo_sapiens/SRX8349957.h5ad,arc-institute-virtual-cell-atlas/scbasecount/2026-01-12/h5ad/GeneFull/Homo_sapiens/SRX8349957.h5ad,QBXiw84Jq8efWFYSf8Cz7g==,2026-07-30 16:43:10,
845/1048,SRX8349949,uploaded,gs://arc-institute-virtual-cell-atlas/scbasecount/2026-01-12/h5ad/GeneFull/Homo_sapiens/SRX8349949.h5ad,arc-institute-virtual-cell-atlas/scbasecount/2026-01-12/h5ad/GeneFull/Homo_sapiens/SRX8349949.h5ad,buJYnoEBi0W7Q8KvWerGQA==,2026-07-30 16:43:15,
846/1048,SRX8349962,uploaded,gs://arc-institute-virtual-cell-atlas/scbasecount/2026-01-12/h5ad/GeneFull/Homo_sapiens/SRX8349962.h5ad,arc-institute-virtual-cell-atlas/scbasecount/2026-01-12/h5ad/GeneFull/Homo_sapiens/SRX8349962.h5ad,3coGNPj4M6hp6GhqsbpgZA==,2026-07-30 16:43:18,
847/1048,SRX9296019,uploaded,gs://arc-institute-virtual-cell-atlas/scbasecount/2026-01-12/h5ad/GeneFull/Homo_sapiens/SRX9296019.h5ad,arc-institute-virtual-cell-atlas/scbasecount/2026-01-12/h5ad/GeneFull/Homo_sapiens/SRX9296019.h5ad,lLBkIFWwht7Erdxsq5oFEg==,2026-07-30 16:43:43,
848/1048,SRX9062360,uploaded,gs://arc-institute-virtual-cell-atlas/scbasecount/2026-01-12/h5ad/GeneFull/Homo_sapiens/SRX9062360.h5ad,arc-institute-virtual-cell-atlas/scbasecount/2026-01-12/h5ad/GeneFull/Homo_sapiens/SRX9062360.h5ad,351hDYzCBbpZIq5ONufgAA==,2026-07-30 16:43:46,
849/1048,SRX9276312,uploaded,gs://arc-institute-virtual-cell-atlas/scbasecount/2026-01-12/h5ad/GeneFull/Homo_sapiens/SRX9276312.h5ad,arc-institute-virtual-cell-atlas/scbasecount/2026-01-12/h5ad/GeneFull/Homo_sapiens/SRX9276312.h5ad,ji8M73uc2kIA3udUh19+fg==,2026-07-30 16:43:52,
850/1048,SRX9246196,uploaded,gs://arc-institute-virtual-cell-atlas/scbasecount/2026-01-12/h5ad/GeneFull/Homo_sapiens/SRX9246196.h5ad,arc-institute-virtual-cell-atlas/scbasecount/2026-01-12/h5ad/GeneFull/Homo_sapiens/SRX9246196.h5ad,v7kFdxlALq4CGRmGpF3XwA==,2026-07-30 16:44:02,
851/1048,SRX8349948,uploaded,gs://arc-institute-virtual-cell-atlas/scbasecount/2026-01-12/h5ad/GeneFull/Homo_sapiens/SRX8349948.h5ad,arc-institute-virtual-cell-atlas/scbasecount/2026-01-12/h5ad/GeneFull/Homo_sapiens/SRX8349948.h5ad,mFx86v7MVt7ExqiKdh/ivg==,2026-07-30 16:44:07,
852/1048,SRX8349970,uploaded,gs://arc-institute-virtual-cell-atlas/scbasecount/2026-01-12/h5ad/GeneFull/Homo_sapiens/SRX8349970.h5ad,arc-institute-virtual-cell-atlas/scbasecount/2026-01-12/h5ad/GeneFull/Homo_sapiens/SRX8349970.h5ad,VIChOCkvFaM1SNsiNxeH0g==,2026-07-30 16:44:13,
853/1048,SRX9276298,uploaded,gs://arc-institute-virtual-cell-atlas/scbasecount/2026-01-12/h5ad/GeneFull/Homo_sapiens/SRX9276298.h5ad,arc-institute-virtual-cell-atlas/scbasecount/2026-01-12/h5ad/GeneFull/Homo_sapiens/SRX9276298.h5ad,05aRxcSE5MxboznWj4sPgQ==,2026-07-30 16:44:17,
854/1048,SRX9276317,uploaded,gs://arc-institute-virtual-cell-atlas/scbasecount/2026-01-12/h5ad/GeneFull/Homo_sapiens/SRX9276317.h5ad,arc-institute-virtual-cell-atlas/scbasecount/2026-01-12/h5ad/GeneFull/Homo_sapiens/SRX9276317.h5ad,VUC7yZQJEbu/6fSg0SJthA==,2026-07-30 16:44:23,
855/1048,SRX9078408,uploaded,gs://arc-institute-virtual-cell-atlas/scbasecount/2026-01-12/h5ad/GeneFull/Homo_sapiens/SRX9078408.h5ad,arc-institute-virtual-cell-atlas/scbasecount/2026-01-12/h5ad/GeneFull/Homo_sapiens/SRX9078408.h5ad,HQ74TtFfjWKU6YdLQ8wB7g==,2026-07-30 16:44:29,
856/1048,SRX8288949,uploaded,gs://arc-institute-virtual-cell-atlas/scbasecount/2026-01-12/h5ad/GeneFull/Homo_sapiens/SRX8288949.h5ad,arc-institute-virtual-cell-atlas/scbasecount/2026-01-12/h5ad/GeneFull/Homo_sapiens/SRX8288949.h5ad,yTwXr4g7vi40vXkU1vD7nA==,2026-07-30 16:44:41,
857/1048,SRX8349950,uploaded,gs://arc-institute-virtual-cell-atlas/scbasecount/2026-01-12/h5ad/GeneFull/Homo_sapiens/SRX8349950.h5ad,arc-institute-virtual-cell-atlas/scbasecount/2026-01-12/h5ad/GeneFull/Homo_sapiens/SRX8349950.h5ad,V1S7962QYHOymUNsv4O3Pw==,2026-07-30 16:44:46,
858/1048,SRX8349963,uploaded,gs://arc-institute-virtual-cell-atlas/scbasecount/2026-01-12/h5ad/GeneFull/Homo_sapiens/SRX8349963.h5ad,arc-institute-virtual-cell-atlas/scbasecount/2026-01-12/h5ad/GeneFull/Homo_sapiens/SRX8349963.h5ad,k1WkJ8fQb5IynOmunfSKRA==,2026-07-30 16:44:48,
859/1048,SRX8349967,uploaded,gs://arc-institute-virtual-cell-atlas/scbasecount/2026-01-12/h5ad/GeneFull/Homo_sapiens/SRX8349967.h5ad,arc-institute-virtual-cell-atlas/scbasecount/2026-01-12/h5ad/GeneFull/Homo_sapiens/SRX8349967.h5ad,auYQtsYTogZus11bQ+Pv3w==,2026-07-30 16:44:51,
860/1048,SRX8349964,uploaded,gs://arc-institute-virtual-cell-atlas/scbasecount/2026-01-12/h5ad/GeneFull/Homo_sapiens/SRX8349964.h5ad,arc-institute-virtual-cell-atlas/scbasecount/2026-01-12/h5ad/GeneFull/Homo_sapiens/SRX8349964.h5ad,8hozuOsMb9CmrXpIE0g3Yw==,2026-07-30 16:44:57,
861/1048,SRX8349955,uploaded,gs://arc-institute-virtual-cell-atlas/scbasecount/2026-01-12/h5ad/GeneFull/Homo_sapiens/SRX8349955.h5ad,arc-institute-virtual-cell-atlas/scbasecount/2026-01-12/h5ad/GeneFull/Homo_sapiens/SRX8349955.h5ad,qTW3mZpjLN/RcwJ6AWSsvw==,2026-07-30 16:45:01,
862/1048,SRX8349960,uploaded,gs://arc-institute-virtual-cell-atlas/scbasecount/2026-01-12/h5ad/GeneFull/Homo_sapiens/SRX8349960.h5ad,arc-institute-virtual-cell-atlas/scbasecount/2026-01-12/h5ad/GeneFull/Homo_sapiens/SRX8349960.h5ad,/A4y2Z1pJACL27KwB97VHA==,2026-07-30 16:45:06,
863/1048,SRX8349968,uploaded,gs://arc-institute-virtual-cell-atlas/scbasecount/2026-01-12/h5ad/GeneFull/Homo_sapiens/SRX8349968.h5ad,arc-institute-virtual-cell-atlas/scbasecount/2026-01-12/h5ad/GeneFull/Homo_sapiens/SRX8349968.h5ad,1PU3VBdN4hgOTOws+SIWog==,2026-07-30 16:45:15,
864/1048,SRX8353570,uploaded,gs://arc-institute-virtual-cell-atlas/scbasecount/2026-01-12/h5ad/GeneFull/Homo_sapiens/SRX8353570.h5ad,arc-institute-virtual-cell-atlas/scbasecount/2026-01-12/h5ad/GeneFull/Homo_sapiens/SRX8353570.h5ad,z6rs8YP9ic0hhFSi3/m16w==,2026-07-30 16:45:25,
865/1048,SRX8349972,uploaded,gs://arc-institute-virtual-cell-atlas/scbasecount/2026-01-12/h5ad/GeneFull/Homo_sapiens/SRX8349972.h5ad,arc-institute-virtual-cell-atlas/scbasecount/2026-01-12/h5ad/GeneFull/Homo_sapiens/SRX8349972.h5ad,HFMWN7tqqQNmpWuCfzdAlg==,2026-07-30 16:45:32,
866/1048,SRX8353567,uploaded,gs://arc-institute-virtual-cell-atlas/scbasecount/2026-01-12/h5ad/GeneFull/Homo_sapiens/SRX8353567.h5ad,arc-institute-virtual-cell-atlas/scbasecount/2026-01-12/h5ad/GeneFull/Homo_sapiens/SRX8353567.h5ad,/w5xiKVDGDlIduhYm12lOQ==,2026-07-30 16:45:41,
867/1048,SRX7347524,uploaded,gs://arc-institute-virtual-cell-atlas/scbasecount/2026-01-12/h5ad/GeneFull/Homo_sapiens/SRX7347524.h5ad,arc-institute-virtual-cell-atlas/scbasecount/2026-01-12/h5ad/GeneFull/Homo_sapiens/SRX7347524.h5ad,oBOQWOqahBwJT4gjqaCM7w==,2026-07-30 16:45:52,
868/1048,SRX7347523,uploaded,gs://arc-institute-virtual-cell-atlas/scbasecount/2026-01-12/h5ad/GeneFull/Homo_sapiens/SRX7347523.h5ad,arc-institute-virtual-cell-atlas/scbasecount/2026-01-12/h5ad/GeneFull/Homo_sapiens/SRX7347523.h5ad,t1TdO8qL0uHqVAEgPkbarg==,2026-07-30 16:45:58,
869/1048,SRX7347525,uploaded,gs://arc-institute-virtual-cell-atlas/scbasecount/2026-01-12/h5ad/GeneFull/Homo_sapiens/SRX7347525.h5ad,arc-institute-virtual-cell-atlas/scbasecount/2026-01-12/h5ad/GeneFull/Homo_sapiens/SRX7347525.h5ad,YFEj8J5lxDHr8XY0DItsvQ==,2026-07-30 16:46:05,
870/1048,SRX6812456,uploaded,gs://arc-institute-virtual-cell-atlas/scbasecount/2026-01-12/h5ad/GeneFull/Homo_sapiens/SRX6812456.h5ad,arc-institute-virtual-cell-atlas/scbasecount/2026-01-12/h5ad/GeneFull/Homo_sapiens/SRX6812456.h5ad,ydb3vwAIpE2XJjoGwn4QNA==,2026-07-30 16:46:14,
871/1048,ERX12558782,uploaded,gs://arc-institute-virtual-cell-atlas/scbasecount/2026-01-12/h5ad/GeneFull/Homo_sapiens/ERX12558782.h5ad,arc-institute-virtual-cell-atlas/scbasecount/2026-01-12/h5ad/GeneFull/Homo_sapiens/ERX12558782.h5ad,Dh+UmKei0f+7pmkMyw74eQ==,2026-07-30 16:46:16,
872/1048,ERX9138787,uploaded,gs://arc-institute-virtual-cell-atlas/scbasecount/2026-01-12/h5ad/GeneFull/Homo_sapiens/ERX9138787.h5ad,arc-institute-virtual-cell-atlas/scbasecount/2026-01-12/h5ad/GeneFull/Homo_sapiens/ERX9138787.h5ad,HWMe7tF8at1ZM+n4rWCRew==,2026-07-30 16:46:18,
873/1048,ERX12558795,uploaded,gs://arc-institute-virtual-cell-atlas/scbasecount/2026-01-12/h5ad/GeneFull/Homo_sapiens/ERX12558795.h5ad,arc-institute-virtual-cell-atlas/scbasecount/2026-01-12/h5ad/GeneFull/Homo_sapiens/ERX12558795.h5ad,KTcRNqSOX5Km5M/sAntGQg==,2026-07-30 16:46:19,
874/1048,ERX9138805,uploaded,gs://arc-institute-virtual-cell-atlas/scbasecount/2026-01-12/h5ad/GeneFull/Homo_sapiens/ERX9138805.h5ad,arc-institute-virtual-cell-atlas/scbasecount/2026-01-12/h5ad/GeneFull/Homo_sapiens/ERX9138805.h5ad,yiH0vlwwvdQ2t8FbhmaDCQ==,2026-07-30 16:46:22,
875/1048,ERX9138738,uploaded,gs://arc-institute-virtual-cell-atlas/scbasecount/2026-01-12/h5ad/GeneFull/Homo_sapiens/ERX9138738.h5ad,arc-institute-virtual-cell-atlas/scbasecount/2026-01-12/h5ad/GeneFull/Homo_sapiens/ERX9138738.h5ad,G7H+w7vF2Sq1+z71wP33XQ==,2026-07-30 16:46:24,
876/1048,SRX5329388,uploaded,gs://arc-institute-virtual-cell-atlas/scbasecount/2026-01-12/h5ad/GeneFull/Homo_sapiens/SRX5329388.h5ad,arc-institute-virtual-cell-atlas/scbasecount/2026-01-12/h5ad/GeneFull/Homo_sapiens/SRX5329388.h5ad,Oi/+WeTSNuvAtcC1KqusrA==,2026-07-30 16:46:30,
877/1048,ERX12558776,uploaded,gs://arc-institute-virtual-cell-atlas/scbasecount/2026-01-12/h5ad/GeneFull/Homo_sapiens/ERX12558776.h5ad,arc-institute-virtual-cell-atlas/scbasecount/2026-01-12/h5ad/GeneFull/Homo_sapiens/ERX12558776.h5ad,vpK+CExwTPSPC3sSjVBFRg==,2026-07-30 16:46:32,
878/1048,ERX9138871,uploaded,gs://arc-institute-virtual-cell-atlas/scbasecount/2026-01-12/h5ad/GeneFull/Homo_sapiens/ERX9138871.h5ad,arc-institute-virtual-cell-atlas/scbasecount/2026-01-12/h5ad/GeneFull/Homo_sapiens/ERX9138871.h5ad,MlnkCtSELWxsdDb/8Zz0OQ==,2026-07-30 16:46:37,
879/1048,ERX9138867,uploaded,gs://arc-institute-virtual-cell-atlas/scbasecount/2026-01-12/h5ad/GeneFull/Homo_sapiens/ERX9138867.h5ad,arc-institute-virtual-cell-atlas/scbasecount/2026-01-12/h5ad/GeneFull/Homo_sapiens/ERX9138867.h5ad,FH0I6iymhceyERYuefsmuA==,2026-07-30 16:46:42,
880/1048,SRX11169657,uploaded,gs://arc-institute-virtual-cell-atlas/scbasecount/2026-01-12/h5ad/GeneFull/Homo_sapiens/SRX11169657.h5ad,arc-institute-virtual-cell-atlas/scbasecount/2026-01-12/h5ad/GeneFull/Homo_sapiens/SRX11169657.h5ad,POcOyuvTrCGEnrzFhRN4sQ==,2026-07-30 16:46:54,
881/1048,ERX12558793,uploaded,gs://arc-institute-virtual-cell-atlas/scbasecount/2026-01-12/h5ad/GeneFull/Homo_sapiens/ERX12558793.h5ad,arc-institute-virtual-cell-atlas/scbasecount/2026-01-12/h5ad/GeneFull/Homo_sapiens/ERX12558793.h5ad,8pi1kd2dbJfgScMIB33TXw==,2026-07-30 16:46:56,
882/1048,ERX9138888,uploaded,gs://arc-institute-virtual-cell-atlas/scbasecount/2026-01-12/h5ad/GeneFull/Homo_sapiens/ERX9138888.h5ad,arc-institute-virtual-cell-atlas/scbasecount/2026-01-12/h5ad/GeneFull/Homo_sapiens/ERX9138888.h5ad,4QKVixiPj5FTgJGW4SHtpQ==,2026-07-30 16:46:58,
883/1048,ERX9138869,uploaded,gs://arc-institute-virtual-cell-atlas/scbasecount/2026-01-12/h5ad/GeneFull/Homo_sapiens/ERX9138869.h5ad,arc-institute-virtual-cell-atlas/scbasecount/2026-01-12/h5ad/GeneFull/Homo_sapiens/ERX9138869.h5ad,vcWqhdxnSKM/Ba2B1MVgeA==,2026-07-30 16:47:07,
884/1048,ERX9138862,uploaded,gs://arc-institute-virtual-cell-atlas/scbasecount/2026-01-12/h5ad/GeneFull/Homo_sapiens/ERX9138862.h5ad,arc-institute-virtual-cell-atlas/scbasecount/2026-01-12/h5ad/GeneFull/Homo_sapiens/ERX9138862.h5ad,Jn7ZkrUuDBfm0I7pyRh95w==,2026-07-30 16:47:09,
885/1048,ERX9138845,uploaded,gs://arc-institute-virtual-cell-atlas/scbasecount/2026-01-12/h5ad/GeneFull/Homo_sapiens/ERX9138845.h5ad,arc-institute-virtual-cell-atlas/scbasecount/2026-01-12/h5ad/GeneFull/Homo_sapiens/ERX9138845.h5ad,x2f2KpEV0mQfnjq+kjoK3w==,2026-07-30 16:47:17,
886/1048,ERX9138808,uploaded,gs://arc-institute-virtual-cell-atlas/scbasecount/2026-01-12/h5ad/GeneFull/Homo_sapiens/ERX9138808.h5ad,arc-institute-virtual-cell-atlas/scbasecount/2026-01-12/h5ad/GeneFull/Homo_sapiens/ERX9138808.h5ad,1VikLCph0Uh9AqDnw93cuw==,2026-07-30 16:47:21,
887/1048,ERX12558773,uploaded,gs://arc-institute-virtual-cell-atlas/scbasecount/2026-01-12/h5ad/GeneFull/Homo_sapiens/ERX12558773.h5ad,arc-institute-virtual-cell-atlas/scbasecount/2026-01-12/h5ad/GeneFull/Homo_sapiens/ERX12558773.h5ad,5IFlkgNFafk66+SUBD+EIg==,2026-07-30 16:47:24,
888/1048,ERX12558765,uploaded,gs://arc-institute-virtual-cell-atlas/scbasecount/2026-01-12/h5ad/GeneFull/Homo_sapiens/ERX12558765.h5ad,arc-institute-virtual-cell-atlas/scbasecount/2026-01-12/h5ad/GeneFull/Homo_sapiens/ERX12558765.h5ad,85pt19WATtd0y4FpjQwcZQ==,2026-07-30 16:47:30,
889/1048,ERX9138798,uploaded,gs://arc-institute-virtual-cell-atlas/scbasecount/2026-01-12/h5ad/GeneFull/Homo_sapiens/ERX9138798.h5ad,arc-institute-virtual-cell-atlas/scbasecount/2026-01-12/h5ad/GeneFull/Homo_sapiens/ERX9138798.h5ad,ZR7g4EmJHdH7zaW99l8orQ==,2026-07-30 16:47:35,
890/1048,ERX9138761,uploaded,gs://arc-institute-virtual-cell-atlas/scbasecount/2026-01-12/h5ad/GeneFull/Homo_sapiens/ERX9138761.h5ad,arc-institute-virtual-cell-atlas/scbasecount/2026-01-12/h5ad/GeneFull/Homo_sapiens/ERX9138761.h5ad,W/UgAMcJKwsEP2hJv+EFdA==,2026-07-30 16:47:41,
891/1048,SRX7347526,uploaded,gs://arc-institute-virtual-cell-atlas/scbasecount/2026-01-12/h5ad/GeneFull/Homo_sapiens/SRX7347526.h5ad,arc-institute-virtual-cell-atlas/scbasecount/2026-01-12/h5ad/GeneFull/Homo_sapiens/SRX7347526.h5ad,RoPxXBX3+47o8RxTv1t33Q==,2026-07-30 16:47:47,
892/1048,ERX12558780,uploaded,gs://arc-institute-virtual-cell-atlas/scbasecount/2026-01-12/h5ad/GeneFull/Homo_sapiens/ERX12558780.h5ad,arc-institute-virtual-cell-atlas/scbasecount/2026-01-12/h5ad/GeneFull/Homo_sapiens/ERX12558780.h5ad,zsz9ydJbWXmMfCNDa01+bA==,2026-07-30 16:47:49,
893/1048,SRX5329391,uploaded,gs://arc-institute-virtual-cell-atlas/scbasecount/2026-01-12/h5ad/GeneFull/Homo_sapiens/SRX5329391.h5ad,arc-institute-virtual-cell-atlas/scbasecount/2026-01-12/h5ad/GeneFull/Homo_sapiens/SRX5329391.h5ad,8yIxXJZSYSdWzXzV8lg0Nw==,2026-07-30 16:47:53,
894/1048,SRX7347533,uploaded,gs://arc-institute-virtual-cell-atlas/scbasecount/2026-01-12/h5ad/GeneFull/Homo_sapiens/SRX7347533.h5ad,arc-institute-virtual-cell-atlas/scbasecount/2026-01-12/h5ad/GeneFull/Homo_sapiens/SRX7347533.h5ad,9k+Pb3gQLJ1TMSupDD+JWA==,2026-07-30 16:48:01,
895/1048,ERX9138903,uploaded,gs://arc-institute-virtual-cell-atlas/scbasecount/2026-01-12/h5ad/GeneFull/Homo_sapiens/ERX9138903.h5ad,arc-institute-virtual-cell-atlas/scbasecount/2026-01-12/h5ad/GeneFull/Homo_sapiens/ERX9138903.h5ad,bkpUYMufxNGpuyawA9ZkEg==,2026-07-30 16:48:03,
896/1048,ERX9138803,uploaded,gs://arc-institute-virtual-cell-atlas/scbasecount/2026-01-12/h5ad/GeneFull/Homo_sapiens/ERX9138803.h5ad,arc-institute-virtual-cell-atlas/scbasecount/2026-01-12/h5ad/GeneFull/Homo_sapiens/ERX9138803.h5ad,iMJHhHn+lRuzntI5Jh64Rg==,2026-07-30 16:48:09,
897/1048,ERX9138847,uploaded,gs://arc-institute-virtual-cell-atlas/scbasecount/2026-01-12/h5ad/GeneFull/Homo_sapiens/ERX9138847.h5ad,arc-institute-virtual-cell-atlas/scbasecount/2026-01-12/h5ad/GeneFull/Homo_sapiens/ERX9138847.h5ad,OAshpcNKBiYQQhEirRNbjA==,2026-07-30 16:48:20,
898/1048,ERX12558785,uploaded,gs://arc-institute-virtual-cell-atlas/scbasecount/2026-01-12/h5ad/GeneFull/Homo_sapiens/ERX12558785.h5ad,arc-institute-virtual-cell-atlas/scbasecount/2026-01-12/h5ad/GeneFull/Homo_sapiens/ERX12558785.h5ad,T6OyiR0o687PSgFT1GLNIQ==,2026-07-30 16:48:22,
899/1048,ERX9138865,uploaded,gs://arc-institute-virtual-cell-atlas/scbasecount/2026-01-12/h5ad/GeneFull/Homo_sapiens/ERX9138865.h5ad,arc-institute-virtual-cell-atlas/scbasecount/2026-01-12/h5ad/GeneFull/Homo_sapiens/ERX9138865.h5ad,uGqwRyFM+CChbVoUhU46hQ==,2026-07-30 16:48:27,
900/1048,ERX9138832,uploaded,gs://arc-institute-virtual-cell-atlas/scbasecount/2026-01-12/h5ad/GeneFull/Homo_sapiens/ERX9138832.h5ad,arc-institute-virtual-cell-atlas/scbasecount/2026-01-12/h5ad/GeneFull/Homo_sapiens/ERX9138832.h5ad,K/5WS/Z+UTniZlY65YsT9g==,2026-07-30 16:48:30,
901/1048,ERX9138778,uploaded,gs://arc-institute-virtual-cell-atlas/scbasecount/2026-01-12/h5ad/GeneFull/Homo_sapiens/ERX9138778.h5ad,arc-institute-virtual-cell-atlas/scbasecount/2026-01-12/h5ad/GeneFull/Homo_sapiens/ERX9138778.h5ad,ZihyUzdkWjU+wObFl3niYQ==,2026-07-30 16:48:34,
902/1048,ERX9138840,uploaded,gs://arc-institute-virtual-cell-atlas/scbasecount/2026-01-12/h5ad/GeneFull/Homo_sapiens/ERX9138840.h5ad,arc-institute-virtual-cell-atlas/scbasecount/2026-01-12/h5ad/GeneFull/Homo_sapiens/ERX9138840.h5ad,v4uc/epcfMXeqNWLD2AANQ==,2026-07-30 16:48:36,
903/1048,ERX9138744,uploaded,gs://arc-institute-virtual-cell-atlas/scbasecount/2026-01-12/h5ad/GeneFull/Homo_sapiens/ERX9138744.h5ad,arc-institute-virtual-cell-atlas/scbasecount/2026-01-12/h5ad/GeneFull/Homo_sapiens/ERX9138744.h5ad,m24brtx3J4ACquViXHUkSA==,2026-07-30 16:48:38,
904/1048,SRX6726370,uploaded,gs://arc-institute-virtual-cell-atlas/scbasecount/2026-01-12/h5ad/GeneFull/Homo_sapiens/SRX6726370.h5ad,arc-institute-virtual-cell-atlas/scbasecount/2026-01-12/h5ad/GeneFull/Homo_sapiens/SRX6726370.h5ad,+Xzqj4vUTA5L6D2u4pRHYw==,2026-07-30 16:48:45,
905/1048,ERX9138762,uploaded,gs://arc-institute-virtual-cell-atlas/scbasecount/2026-01-12/h5ad/GeneFull/Homo_sapiens/ERX9138762.h5ad,arc-institute-virtual-cell-atlas/scbasecount/2026-01-12/h5ad/GeneFull/Homo_sapiens/ERX9138762.h5ad,md6z65Ha8/4FeRH3UU80hA==,2026-07-30 16:48:50,
906/1048,SRX5329395,uploaded,gs://arc-institute-virtual-cell-atlas/scbasecount/2026-01-12/h5ad/GeneFull/Homo_sapiens/SRX5329395.h5ad,arc-institute-virtual-cell-atlas/scbasecount/2026-01-12/h5ad/GeneFull/Homo_sapiens/SRX5329395.h5ad,C4pH2m8VD9bF61kPk+gHGA==,2026-07-30 16:48:56,
907/1048,ERX9138817,uploaded,gs://arc-institute-virtual-cell-atlas/scbasecount/2026-01-12/h5ad/GeneFull/Homo_sapiens/ERX9138817.h5ad,arc-institute-virtual-cell-atlas/scbasecount/2026-01-12/h5ad/GeneFull/Homo_sapiens/ERX9138817.h5ad,53ofm8mUMRBnS0FNgR83Yw==,2026-07-30 16:48:58,
908/1048,ERX9138842,uploaded,gs://arc-institute-virtual-cell-atlas/scbasecount/2026-01-12/h5ad/GeneFull/Homo_sapiens/ERX9138842.h5ad,arc-institute-virtual-cell-atlas/scbasecount/2026-01-12/h5ad/GeneFull/Homo_sapiens/ERX9138842.h5ad,d00HoVFuxkaUqFJC2mxmrg==,2026-07-30 16:49:01,
909/1048,ERX9138752,uploaded,gs://arc-institute-virtual-cell-atlas/scbasecount/2026-01-12/h5ad/GeneFull/Homo_sapiens/ERX9138752.h5ad,arc-institute-virtual-cell-atlas/scbasecount/2026-01-12/h5ad/GeneFull/Homo_sapiens/ERX9138752.h5ad,6EhPSRUsG6rPlRM3T5GRKw==,2026-07-30 16:49:03,
910/1048,ERX12558808,uploaded,gs://arc-institute-virtual-cell-atlas/scbasecount/2026-01-12/h5ad/GeneFull/Homo_sapiens/ERX12558808.h5ad,arc-institute-virtual-cell-atlas/scbasecount/2026-01-12/h5ad/GeneFull/Homo_sapiens/ERX12558808.h5ad,I1q+nwDy6HHnd+LWJQL5Ew==,2026-07-30 16:49:05,
911/1048,SRX7347530,uploaded,gs://arc-institute-virtual-cell-atlas/scbasecount/2026-01-12/h5ad/GeneFull/Homo_sapiens/SRX7347530.h5ad,arc-institute-virtual-cell-atlas/scbasecount/2026-01-12/h5ad/GeneFull/Homo_sapiens/SRX7347530.h5ad,ekDZHBMh0LNQ3MBC1u0SUg==,2026-07-30 16:49:13,
912/1048,ERX12558763,uploaded,gs://arc-institute-virtual-cell-atlas/scbasecount/2026-01-12/h5ad/GeneFull/Homo_sapiens/ERX12558763.h5ad,arc-institute-virtual-cell-atlas/scbasecount/2026-01-12/h5ad/GeneFull/Homo_sapiens/ERX12558763.h5ad,1wlSSw6yDexGjmVA5t/9sQ==,2026-07-30 16:49:16,
913/1048,SRX6726373,uploaded,gs://arc-institute-virtual-cell-atlas/scbasecount/2026-01-12/h5ad/GeneFull/Homo_sapiens/SRX6726373.h5ad,arc-institute-virtual-cell-atlas/scbasecount/2026-01-12/h5ad/GeneFull/Homo_sapiens/SRX6726373.h5ad,VS++nanrmWUv4hd7E9JqPA==,2026-07-30 16:49:26,
914/1048,ERX12558792,uploaded,gs://arc-institute-virtual-cell-atlas/scbasecount/2026-01-12/h5ad/GeneFull/Homo_sapiens/ERX12558792.h5ad,arc-institute-virtual-cell-atlas/scbasecount/2026-01-12/h5ad/GeneFull/Homo_sapiens/ERX12558792.h5ad,9P9ouZKUwfDMBZP/0CKweQ==,2026-07-30 16:49:28,
915/1048,ERX9138816,uploaded,gs://arc-institute-virtual-cell-atlas/scbasecount/2026-01-12/h5ad/GeneFull/Homo_sapiens/ERX9138816.h5ad,arc-institute-virtual-cell-atlas/scbasecount/2026-01-12/h5ad/GeneFull/Homo_sapiens/ERX9138816.h5ad,s6zEYR/lmjBsIOkrStNSUw==,2026-07-30 16:49:31,
916/1048,ERX12558758,uploaded,gs://arc-institute-virtual-cell-atlas/scbasecount/2026-01-12/h5ad/GeneFull/Homo_sapiens/ERX12558758.h5ad,arc-institute-virtual-cell-atlas/scbasecount/2026-01-12/h5ad/GeneFull/Homo_sapiens/ERX12558758.h5ad,f5IS9AZeUyFD7UKEEkjviQ==,2026-07-30 16:49:34,
917/1048,ERX9138870,uploaded,gs://arc-institute-virtual-cell-atlas/scbasecount/2026-01-12/h5ad/GeneFull/Homo_sapiens/ERX9138870.h5ad,arc-institute-virtual-cell-atlas/scbasecount/2026-01-12/h5ad/GeneFull/Homo_sapiens/ERX9138870.h5ad,j0+7KK10rYJ26xffmpIpzg==,2026-07-30 16:49:37,
918/1048,ERX12558757,uploaded,gs://arc-institute-virtual-cell-atlas/scbasecount/2026-01-12/h5ad/GeneFull/Homo_sapiens/ERX12558757.h5ad,arc-institute-virtual-cell-atlas/scbasecount/2026-01-12/h5ad/GeneFull/Homo_sapiens/ERX12558757.h5ad,th6SyhluUjyAJKqVUvJI8w==,2026-07-30 16:49:44,
919/1048,ERX9138828,uploaded,gs://arc-institute-virtual-cell-atlas/scbasecount/2026-01-12/h5ad/GeneFull/Homo_sapiens/ERX9138828.h5ad,arc-institute-virtual-cell-atlas/scbasecount/2026-01-12/h5ad/GeneFull/Homo_sapiens/ERX9138828.h5ad,FH5ewoWqndqItS7HdWnDBg==,2026-07-30 16:49:46,
920/1048,ERX12558760,uploaded,gs://arc-institute-virtual-cell-atlas/scbasecount/2026-01-12/h5ad/GeneFull/Homo_sapiens/ERX12558760.h5ad,arc-institute-virtual-cell-atlas/scbasecount/2026-01-12/h5ad/GeneFull/Homo_sapiens/ERX12558760.h5ad,CBBdUoJLVSvjYNGGJAQeJA==,2026-07-30 16:49:52,
921/1048,ERX9138827,uploaded,gs://arc-institute-virtual-cell-atlas/scbasecount/2026-01-12/h5ad/GeneFull/Homo_sapiens/ERX9138827.h5ad,arc-institute-virtual-cell-atlas/scbasecount/2026-01-12/h5ad/GeneFull/Homo_sapiens/ERX9138827.h5ad,2C9l6W+qIm57knKe/IWzxA==,2026-07-30 16:49:54,
922/1048,SRX5329392,uploaded,gs://arc-institute-virtual-cell-atlas/scbasecount/2026-01-12/h5ad/GeneFull/Homo_sapiens/SRX5329392.h5ad,arc-institute-virtual-cell-atlas/scbasecount/2026-01-12/h5ad/GeneFull/Homo_sapiens/SRX5329392.h5ad,9b8eMyaPVjnHtq7J5Qreqw==,2026-07-30 16:49:59,
923/1048,SRX5329382,uploaded,gs://arc-institute-virtual-cell-atlas/scbasecount/2026-01-12/h5ad/GeneFull/Homo_sapiens/SRX5329382.h5ad,arc-institute-virtual-cell-atlas/scbasecount/2026-01-12/h5ad/GeneFull/Homo_sapiens/SRX5329382.h5ad,iUMdGv7yxyOy8EjO2iXTxA==,2026-07-30 16:50:04,
924/1048,ERX12558800,uploaded,gs://arc-institute-virtual-cell-atlas/scbasecount/2026-01-12/h5ad/GeneFull/Homo_sapiens/ERX12558800.h5ad,arc-institute-virtual-cell-atlas/scbasecount/2026-01-12/h5ad/GeneFull/Homo_sapiens/ERX12558800.h5ad,x/R0n/GRHyXwxvhucOhgJA==,2026-07-30 16:50:06,
925/1048,ERX9138876,uploaded,gs://arc-institute-virtual-cell-atlas/scbasecount/2026-01-12/h5ad/GeneFull/Homo_sapiens/ERX9138876.h5ad,arc-institute-virtual-cell-atlas/scbasecount/2026-01-12/h5ad/GeneFull/Homo_sapiens/ERX9138876.h5ad,TcY4ExoOibPzzlRgIex1iw==,2026-07-30 16:50:13,
926/1048,SRX6726377,uploaded,gs://arc-institute-virtual-cell-atlas/scbasecount/2026-01-12/h5ad/GeneFull/Homo_sapiens/SRX6726377.h5ad,arc-institute-virtual-cell-atlas/scbasecount/2026-01-12/h5ad/GeneFull/Homo_sapiens/SRX6726377.h5ad,xaCItvZ5aeHnjMvYaJjs1g==,2026-07-30 16:50:17,
927/1048,ERX9138819,uploaded,gs://arc-institute-virtual-cell-atlas/scbasecount/2026-01-12/h5ad/GeneFull/Homo_sapiens/ERX9138819.h5ad,arc-institute-virtual-cell-atlas/scbasecount/2026-01-12/h5ad/GeneFull/Homo_sapiens/ERX9138819.h5ad,1JYWw3tfW9shZu34e/wFig==,2026-07-30 16:50:19,
928/1048,ERX12558789,uploaded,gs://arc-institute-virtual-cell-atlas/scbasecount/2026-01-12/h5ad/GeneFull/Homo_sapiens/ERX12558789.h5ad,arc-institute-virtual-cell-atlas/scbasecount/2026-01-12/h5ad/GeneFull/Homo_sapiens/ERX12558789.h5ad,y9FgEO0tJRbMI8aXXT2z3g==,2026-07-30 16:50:21,
929/1048,ERX9138772,uploaded,gs://arc-institute-virtual-cell-atlas/scbasecount/2026-01-12/h5ad/GeneFull/Homo_sapiens/ERX9138772.h5ad,arc-institute-virtual-cell-atlas/scbasecount/2026-01-12/h5ad/GeneFull/Homo_sapiens/ERX9138772.h5ad,E7O/xLVV9JiimlXgc2pW7w==,2026-07-30 16:50:29,
930/1048,ERX9138792,uploaded,gs://arc-institute-virtual-cell-atlas/scbasecount/2026-01-12/h5ad/GeneFull/Homo_sapiens/ERX9138792.h5ad,arc-institute-virtual-cell-atlas/scbasecount/2026-01-12/h5ad/GeneFull/Homo_sapiens/ERX9138792.h5ad,X+7NEoc6dRwbTnHt4N49zA==,2026-07-30 16:50:31,
931/1048,ERX12558809,uploaded,gs://arc-institute-virtual-cell-atlas/scbasecount/2026-01-12/h5ad/GeneFull/Homo_sapiens/ERX12558809.h5ad,arc-institute-virtual-cell-atlas/scbasecount/2026-01-12/h5ad/GeneFull/Homo_sapiens/ERX12558809.h5ad,nsMC1BuvJV+dn0eGVhLh+A==,2026-07-30 16:50:33,
932/1048,ERX9138799,uploaded,gs://arc-institute-virtual-cell-atlas/scbasecount/2026-01-12/h5ad/GeneFull/Homo_sapiens/ERX9138799.h5ad,arc-institute-virtual-cell-atlas/scbasecount/2026-01-12/h5ad/GeneFull/Homo_sapiens/ERX9138799.h5ad,xP38D3t3ngFrZg32n9g9Cg==,2026-07-30 16:50:36,
933/1048,SRX6726381,uploaded,gs://arc-institute-virtual-cell-atlas/scbasecount/2026-01-12/h5ad/GeneFull/Homo_sapiens/SRX6726381.h5ad,arc-institute-virtual-cell-atlas/scbasecount/2026-01-12/h5ad/GeneFull/Homo_sapiens/SRX6726381.h5ad,GbRUUB9LHGJRFsQOnmFIiA==,2026-07-30 16:50:42,
934/1048,ERX12558766,uploaded,gs://arc-institute-virtual-cell-atlas/scbasecount/2026-01-12/h5ad/GeneFull/Homo_sapiens/ERX12558766.h5ad,arc-institute-virtual-cell-atlas/scbasecount/2026-01-12/h5ad/GeneFull/Homo_sapiens/ERX12558766.h5ad,/rlwtgKRSUu/bvifXl9h7Q==,2026-07-30 16:50:50,
935/1048,SRX7347529,uploaded,gs://arc-institute-virtual-cell-atlas/scbasecount/2026-01-12/h5ad/GeneFull/Homo_sapiens/SRX7347529.h5ad,arc-institute-virtual-cell-atlas/scbasecount/2026-01-12/h5ad/GeneFull/Homo_sapiens/SRX7347529.h5ad,G5dTLycsRBY6bR4m52NeqA==,2026-07-30 16:50:55,
936/1048,ERX9138797,uploaded,gs://arc-institute-virtual-cell-atlas/scbasecount/2026-01-12/h5ad/GeneFull/Homo_sapiens/ERX9138797.h5ad,arc-institute-virtual-cell-atlas/scbasecount/2026-01-12/h5ad/GeneFull/Homo_sapiens/ERX9138797.h5ad,9DiqouZ+JWTL1frV53Terw==,2026-07-30 16:50:59,
937/1048,ERX9138746,uploaded,gs://arc-institute-virtual-cell-atlas/scbasecount/2026-01-12/h5ad/GeneFull/Homo_sapiens/ERX9138746.h5ad,arc-institute-virtual-cell-atlas/scbasecount/2026-01-12/h5ad/GeneFull/Homo_sapiens/ERX9138746.h5ad,Ffuf84RvVwcXS2Vxzz2v9Q==,2026-07-30 16:51:02,
938/1048,SRX7347534,uploaded,gs://arc-institute-virtual-cell-atlas/scbasecount/2026-01-12/h5ad/GeneFull/Homo_sapiens/SRX7347534.h5ad,arc-institute-virtual-cell-atlas/scbasecount/2026-01-12/h5ad/GeneFull/Homo_sapiens/SRX7347534.h5ad,OI0TARwviZV0ahbKWC+7BQ==,2026-07-30 16:51:16,
939/1048,ERX12558799,uploaded,gs://arc-institute-virtual-cell-atlas/scbasecount/2026-01-12/h5ad/GeneFull/Homo_sapiens/ERX12558799.h5ad,arc-institute-virtual-cell-atlas/scbasecount/2026-01-12/h5ad/GeneFull/Homo_sapiens/ERX12558799.h5ad,Y5VU4Vhfep7DnMI/9B4pdg==,2026-07-30 16:51:17,
940/1048,ERX9138810,uploaded,gs://arc-institute-virtual-cell-atlas/scbasecount/2026-01-12/h5ad/GeneFull/Homo_sapiens/ERX9138810.h5ad,arc-institute-virtual-cell-atlas/scbasecount/2026-01-12/h5ad/GeneFull/Homo_sapiens/ERX9138810.h5ad,QLlDk5/NOISUpm4WIuljHg==,2026-07-30 16:51:20,
941/1048,SRX7347527,uploaded,gs://arc-institute-virtual-cell-atlas/scbasecount/2026-01-12/h5ad/GeneFull/Homo_sapiens/SRX7347527.h5ad,arc-institute-virtual-cell-atlas/scbasecount/2026-01-12/h5ad/GeneFull/Homo_sapiens/SRX7347527.h5ad,Brkmqg4wMg/XIoryeRIjqA==,2026-07-30 16:51:24,
942/1048,ERX9138739,uploaded,gs://arc-institute-virtual-cell-atlas/scbasecount/2026-01-12/h5ad/GeneFull/Homo_sapiens/ERX9138739.h5ad,arc-institute-virtual-cell-atlas/scbasecount/2026-01-12/h5ad/GeneFull/Homo_sapiens/ERX9138739.h5ad,ExUlQXn4ri3SKjz1TgmFaA==,2026-07-30 16:51:26,
943/1048,ERX9138782,uploaded,gs://arc-institute-virtual-cell-atlas/scbasecount/2026-01-12/h5ad/GeneFull/Homo_sapiens/ERX9138782.h5ad,arc-institute-virtual-cell-atlas/scbasecount/2026-01-12/h5ad/GeneFull/Homo_sapiens/ERX9138782.h5ad,6+prcd+SKMjHfd/n3hZ5OA==,2026-07-30 16:51:28,
944/1048,ERX9138785,uploaded,gs://arc-institute-virtual-cell-atlas/scbasecount/2026-01-12/h5ad/GeneFull/Homo_sapiens/ERX9138785.h5ad,arc-institute-virtual-cell-atlas/scbasecount/2026-01-12/h5ad/GeneFull/Homo_sapiens/ERX9138785.h5ad,pWmPCClEtVzJCsIn2MRF7A==,2026-07-30 16:51:30,
945/1048,ERX9138833,uploaded,gs://arc-institute-virtual-cell-atlas/scbasecount/2026-01-12/h5ad/GeneFull/Homo_sapiens/ERX9138833.h5ad,arc-institute-virtual-cell-atlas/scbasecount/2026-01-12/h5ad/GeneFull/Homo_sapiens/ERX9138833.h5ad,EWb2OUpIWx13C/V+mT4EXQ==,2026-07-30 16:51:33,
946/1048,ERX12558774,uploaded,gs://arc-institute-virtual-cell-atlas/scbasecount/2026-01-12/h5ad/GeneFull/Homo_sapiens/ERX12558774.h5ad,arc-institute-virtual-cell-atlas/scbasecount/2026-01-12/h5ad/GeneFull/Homo_sapiens/ERX12558774.h5ad,iQ8ZBVA943CBKYoWddVXHQ==,2026-07-30 16:51:36,
947/1048,ERX9138768,uploaded,gs://arc-institute-virtual-cell-atlas/scbasecount/2026-01-12/h5ad/GeneFull/Homo_sapiens/ERX9138768.h5ad,arc-institute-virtual-cell-atlas/scbasecount/2026-01-12/h5ad/GeneFull/Homo_sapiens/ERX9138768.h5ad,Qpw9tmrM+I/r8xTbMw2+8A==,2026-07-30 16:51:39,
948/1048,SRX6726376,uploaded,gs://arc-institute-virtual-cell-atlas/scbasecount/2026-01-12/h5ad/GeneFull/Homo_sapiens/SRX6726376.h5ad,arc-institute-virtual-cell-atlas/scbasecount/2026-01-12/h5ad/GeneFull/Homo_sapiens/SRX6726376.h5ad,dW1fDCKznS+PVDpql8h4IQ==,2026-07-30 16:51:49,
949/1048,ERX9138875,uploaded,gs://arc-institute-virtual-cell-atlas/scbasecount/2026-01-12/h5ad/GeneFull/Homo_sapiens/ERX9138875.h5ad,arc-institute-virtual-cell-atlas/scbasecount/2026-01-12/h5ad/GeneFull/Homo_sapiens/ERX9138875.h5ad,+ZPDTS/j9RPTFsw4mqpR8w==,2026-07-30 16:51:55,
950/1048,ERX9138897,uploaded,gs://arc-institute-virtual-cell-atlas/scbasecount/2026-01-12/h5ad/GeneFull/Homo_sapiens/ERX9138897.h5ad,arc-institute-virtual-cell-atlas/scbasecount/2026-01-12/h5ad/GeneFull/Homo_sapiens/ERX9138897.h5ad,gkZ6YSpxPaywpMylBB3ufw==,2026-07-30 16:51:57,
951/1048,ERX12558772,uploaded,gs://arc-institute-virtual-cell-atlas/scbasecount/2026-01-12/h5ad/GeneFull/Homo_sapiens/ERX12558772.h5ad,arc-institute-virtual-cell-atlas/scbasecount/2026-01-12/h5ad/GeneFull/Homo_sapiens/ERX12558772.h5ad,Sk+Y7/KTdKWEaKsfuXB20A==,2026-07-30 16:52:00,
952/1048,ERX9138854,uploaded,gs://arc-institute-virtual-cell-atlas/scbasecount/2026-01-12/h5ad/GeneFull/Homo_sapiens/ERX9138854.h5ad,arc-institute-virtual-cell-atlas/scbasecount/2026-01-12/h5ad/GeneFull/Homo_sapiens/ERX9138854.h5ad,gCk1Q1/iNaud2TP4XU9yxg==,2026-07-30 16:52:07,
953/1048,SRX6726396,uploaded,gs://arc-institute-virtual-cell-atlas/scbasecount/2026-01-12/h5ad/GeneFull/Homo_sapiens/SRX6726396.h5ad,arc-institute-virtual-cell-atlas/scbasecount/2026-01-12/h5ad/GeneFull/Homo_sapiens/SRX6726396.h5ad,PasyB55yAl7t75+Ajlt0uw==,2026-07-30 16:52:13,
954/1048,ERX9138773,uploaded,gs://arc-institute-virtual-cell-atlas/scbasecount/2026-01-12/h5ad/GeneFull/Homo_sapiens/ERX9138773.h5ad,arc-institute-virtual-cell-atlas/scbasecount/2026-01-12/h5ad/GeneFull/Homo_sapiens/ERX9138773.h5ad,A7fd26wEv1a/gjRtccNAjA==,2026-07-30 16:52:15,
955/1048,ERX9138863,uploaded,gs://arc-institute-virtual-cell-atlas/scbasecount/2026-01-12/h5ad/GeneFull/Homo_sapiens/ERX9138863.h5ad,arc-institute-virtual-cell-atlas/scbasecount/2026-01-12/h5ad/GeneFull/Homo_sapiens/ERX9138863.h5ad,Cn5E8zauO4PtUChlucnGWw==,2026-07-30 16:52:17,
956/1048,ERX12558784,uploaded,gs://arc-institute-virtual-cell-atlas/scbasecount/2026-01-12/h5ad/GeneFull/Homo_sapiens/ERX12558784.h5ad,arc-institute-virtual-cell-atlas/scbasecount/2026-01-12/h5ad/GeneFull/Homo_sapiens/ERX12558784.h5ad,ogmrlgRlRpGsVr7Uj/GWpQ==,2026-07-30 16:52:19,
957/1048,ERX9138763,uploaded,gs://arc-institute-virtual-cell-atlas/scbasecount/2026-01-12/h5ad/GeneFull/Homo_sapiens/ERX9138763.h5ad,arc-institute-virtual-cell-atlas/scbasecount/2026-01-12/h5ad/GeneFull/Homo_sapiens/ERX9138763.h5ad,S0wMWHWgcrlz7dagOLy01g==,2026-07-30 16:52:21,
958/1048,ERX9138769,uploaded,gs://arc-institute-virtual-cell-atlas/scbasecount/2026-01-12/h5ad/GeneFull/Homo_sapiens/ERX9138769.h5ad,arc-institute-virtual-cell-atlas/scbasecount/2026-01-12/h5ad/GeneFull/Homo_sapiens/ERX9138769.h5ad,6HLLey2xotRsLnvW9I75lQ==,2026-07-30 16:52:28,
959/1048,ERX12558815,uploaded,gs://arc-institute-virtual-cell-atlas/scbasecount/2026-01-12/h5ad/GeneFull/Homo_sapiens/ERX12558815.h5ad,arc-institute-virtual-cell-atlas/scbasecount/2026-01-12/h5ad/GeneFull/Homo_sapiens/ERX12558815.h5ad,wpKbx1b7zoZ9hFVl9wNcCw==,2026-07-30 16:52:35,
960/1048,ERX9138824,uploaded,gs://arc-institute-virtual-cell-atlas/scbasecount/2026-01-12/h5ad/GeneFull/Homo_sapiens/ERX9138824.h5ad,arc-institute-virtual-cell-atlas/scbasecount/2026-01-12/h5ad/GeneFull/Homo_sapiens/ERX9138824.h5ad,Q3hrNolkIOavY6Vl3OyiRg==,2026-07-30 16:52:38,
961/1048,ERX12558777,uploaded,gs://arc-institute-virtual-cell-atlas/scbasecount/2026-01-12/h5ad/GeneFull/Homo_sapiens/ERX12558777.h5ad,arc-institute-virtual-cell-atlas/scbasecount/2026-01-12/h5ad/GeneFull/Homo_sapiens/ERX12558777.h5ad,f67nWsnPtdmaSiLXuvObPg==,2026-07-30 16:52:40,
962/1048,ERX9138892,uploaded,gs://arc-institute-virtual-cell-atlas/scbasecount/2026-01-12/h5ad/GeneFull/Homo_sapiens/ERX9138892.h5ad,arc-institute-virtual-cell-atlas/scbasecount/2026-01-12/h5ad/GeneFull/Homo_sapiens/ERX9138892.h5ad,lMh0ggbt9Y9as8X4NxCs7Q==,2026-07-30 16:52:42,
963/1048,ERX9138873,uploaded,gs://arc-institute-virtual-cell-atlas/scbasecount/2026-01-12/h5ad/GeneFull/Homo_sapiens/ERX9138873.h5ad,arc-institute-virtual-cell-atlas/scbasecount/2026-01-12/h5ad/GeneFull/Homo_sapiens/ERX9138873.h5ad,Z0lQI5SkPvO7LtqIz04XeA==,2026-07-30 16:52:47,
964/1048,ERX9138822,uploaded,gs://arc-institute-virtual-cell-atlas/scbasecount/2026-01-12/h5ad/GeneFull/Homo_sapiens/ERX9138822.h5ad,arc-institute-virtual-cell-atlas/scbasecount/2026-01-12/h5ad/GeneFull/Homo_sapiens/ERX9138822.h5ad,h2Jap/XXyNm5SscffIJ3Zw==,2026-07-30 16:52:49,
965/1048,ERX9138856,uploaded,gs://arc-institute-virtual-cell-atlas/scbasecount/2026-01-12/h5ad/GeneFull/Homo_sapiens/ERX9138856.h5ad,arc-institute-virtual-cell-atlas/scbasecount/2026-01-12/h5ad/GeneFull/Homo_sapiens/ERX9138856.h5ad,h1ximFQhy0wrK9MwAz6oNg==,2026-07-30 16:52:51,
966/1048,SRX7347537,uploaded,gs://arc-institute-virtual-cell-atlas/scbasecount/2026-01-12/h5ad/GeneFull/Homo_sapiens/SRX7347537.h5ad,arc-institute-virtual-cell-atlas/scbasecount/2026-01-12/h5ad/GeneFull/Homo_sapiens/SRX7347537.h5ad,v5ynmkPbnteORbJv/Bk2Fg==,2026-07-30 16:53:04,
967/1048,ERX12558779,uploaded,gs://arc-institute-virtual-cell-atlas/scbasecount/2026-01-12/h5ad/GeneFull/Homo_sapiens/ERX12558779.h5ad,arc-institute-virtual-cell-atlas/scbasecount/2026-01-12/h5ad/GeneFull/Homo_sapiens/ERX12558779.h5ad,9uUyzFKYwgJBRIQJLGceoQ==,2026-07-30 16:53:06,
968/1048,ERX9138804,uploaded,gs://arc-institute-virtual-cell-atlas/scbasecount/2026-01-12/h5ad/GeneFull/Homo_sapiens/ERX9138804.h5ad,arc-institute-virtual-cell-atlas/scbasecount/2026-01-12/h5ad/GeneFull/Homo_sapiens/ERX9138804.h5ad,hksyi0OwxIKTgljjlwgbBw==,2026-07-30 16:53:08,
969/1048,ERX9138757,uploaded,gs://arc-institute-virtual-cell-atlas/scbasecount/2026-01-12/h5ad/GeneFull/Homo_sapiens/ERX9138757.h5ad,arc-institute-virtual-cell-atlas/scbasecount/2026-01-12/h5ad/GeneFull/Homo_sapiens/ERX9138757.h5ad,QLhvVbRwkSvgi8PmiinpYA==,2026-07-30 16:53:10,
970/1048,ERX9138800,uploaded,gs://arc-institute-virtual-cell-atlas/scbasecount/2026-01-12/h5ad/GeneFull/Homo_sapiens/ERX9138800.h5ad,arc-institute-virtual-cell-atlas/scbasecount/2026-01-12/h5ad/GeneFull/Homo_sapiens/ERX9138800.h5ad,aqQ+V+30ZHkD/YIgftrLvA==,2026-07-30 16:53:13,
971/1048,ERX9138751,uploaded,gs://arc-institute-virtual-cell-atlas/scbasecount/2026-01-12/h5ad/GeneFull/Homo_sapiens/ERX9138751.h5ad,arc-institute-virtual-cell-atlas/scbasecount/2026-01-12/h5ad/GeneFull/Homo_sapiens/ERX9138751.h5ad,/eTSmvWP6VrDqJF/8D1A4Q==,2026-07-30 16:53:16,
972/1048,ERX12558764,uploaded,gs://arc-institute-virtual-cell-atlas/scbasecount/2026-01-12/h5ad/GeneFull/Homo_sapiens/ERX12558764.h5ad,arc-institute-virtual-cell-atlas/scbasecount/2026-01-12/h5ad/GeneFull/Homo_sapiens/ERX12558764.h5ad,RwdOqQEiRVgDrfpLtPrfnA==,2026-07-30 16:53:20,
973/1048,SRX5329389,uploaded,gs://arc-institute-virtual-cell-atlas/scbasecount/2026-01-12/h5ad/GeneFull/Homo_sapiens/SRX5329389.h5ad,arc-institute-virtual-cell-atlas/scbasecount/2026-01-12/h5ad/GeneFull/Homo_sapiens/SRX5329389.h5ad,BKzgDXs0eJJhxEPb3QHTug==,2026-07-30 16:53:26,
974/1048,ERX12558798,uploaded,gs://arc-institute-virtual-cell-atlas/scbasecount/2026-01-12/h5ad/GeneFull/Homo_sapiens/ERX12558798.h5ad,arc-institute-virtual-cell-atlas/scbasecount/2026-01-12/h5ad/GeneFull/Homo_sapiens/ERX12558798.h5ad,t1q1cvLCP4wcde9rGY21rg==,2026-07-30 16:53:28,
975/1048,ERX9138790,uploaded,gs://arc-institute-virtual-cell-atlas/scbasecount/2026-01-12/h5ad/GeneFull/Homo_sapiens/ERX9138790.h5ad,arc-institute-virtual-cell-atlas/scbasecount/2026-01-12/h5ad/GeneFull/Homo_sapiens/ERX9138790.h5ad,IpJ5UVY3VSivnIEz6YIvaw==,2026-07-30 16:53:31,
976/1048,SRX6726388,uploaded,gs://arc-institute-virtual-cell-atlas/scbasecount/2026-01-12/h5ad/GeneFull/Homo_sapiens/SRX6726388.h5ad,arc-institute-virtual-cell-atlas/scbasecount/2026-01-12/h5ad/GeneFull/Homo_sapiens/SRX6726388.h5ad,LXQLXY9ODwowOEjvzuk92A==,2026-07-30 16:53:36,
977/1048,ERX12558810,uploaded,gs://arc-institute-virtual-cell-atlas/scbasecount/2026-01-12/h5ad/GeneFull/Homo_sapiens/ERX12558810.h5ad,arc-institute-virtual-cell-atlas/scbasecount/2026-01-12/h5ad/GeneFull/Homo_sapiens/ERX12558810.h5ad,h/QVl5gZJ37O4NL5fW45Bw==,2026-07-30 16:53:45,
978/1048,SRX6726392,uploaded,gs://arc-institute-virtual-cell-atlas/scbasecount/2026-01-12/h5ad/GeneFull/Homo_sapiens/SRX6726392.h5ad,arc-institute-virtual-cell-atlas/scbasecount/2026-01-12/h5ad/GeneFull/Homo_sapiens/SRX6726392.h5ad,rQTIrWzGYxj+zfMfvm5+NQ==,2026-07-30 16:53:49,
979/1048,ERX9138750,uploaded,gs://arc-institute-virtual-cell-atlas/scbasecount/2026-01-12/h5ad/GeneFull/Homo_sapiens/ERX9138750.h5ad,arc-institute-virtual-cell-atlas/scbasecount/2026-01-12/h5ad/GeneFull/Homo_sapiens/ERX9138750.h5ad,w8b+Z4N8LGQljtZ2h8CuaA==,2026-07-30 16:53:52,
980/1048,ERX9138789,uploaded,gs://arc-institute-virtual-cell-atlas/scbasecount/2026-01-12/h5ad/GeneFull/Homo_sapiens/ERX9138789.h5ad,arc-institute-virtual-cell-atlas/scbasecount/2026-01-12/h5ad/GeneFull/Homo_sapiens/ERX9138789.h5ad,IG6cWjQ5rnCtxC2pXsrAkQ==,2026-07-30 16:53:54,
981/1048,ERX12558762,uploaded,gs://arc-institute-virtual-cell-atlas/scbasecount/2026-01-12/h5ad/GeneFull/Homo_sapiens/ERX12558762.h5ad,arc-institute-virtual-cell-atlas/scbasecount/2026-01-12/h5ad/GeneFull/Homo_sapiens/ERX12558762.h5ad,xehaI7STck6wS1WaJ2AVGQ==,2026-07-30 16:53:57,
982/1048,SRX6726393,uploaded,gs://arc-institute-virtual-cell-atlas/scbasecount/2026-01-12/h5ad/GeneFull/Homo_sapiens/SRX6726393.h5ad,arc-institute-virtual-cell-atlas/scbasecount/2026-01-12/h5ad/GeneFull/Homo_sapiens/SRX6726393.h5ad,g1pEZmrHxfHjAI4mNA7d1g==,2026-07-30 16:54:03,
983/1048,ERX12558794,uploaded,gs://arc-institute-virtual-cell-atlas/scbasecount/2026-01-12/h5ad/GeneFull/Homo_sapiens/ERX12558794.h5ad,arc-institute-virtual-cell-atlas/scbasecount/2026-01-12/h5ad/GeneFull/Homo_sapiens/ERX12558794.h5ad,2dB32SLdFiSLABHBTMgiaA==,2026-07-30 16:54:05,
984/1048,ERX9138861,uploaded,gs://arc-institute-virtual-cell-atlas/scbasecount/2026-01-12/h5ad/GeneFull/Homo_sapiens/ERX9138861.h5ad,arc-institute-virtual-cell-atlas/scbasecount/2026-01-12/h5ad/GeneFull/Homo_sapiens/ERX9138861.h5ad,QOC17PV70RZktfrLGJJwEA==,2026-07-30 16:54:09,
985/1048,SRX11169659,uploaded,gs://arc-institute-virtual-cell-atlas/scbasecount/2026-01-12/h5ad/GeneFull/Homo_sapiens/SRX11169659.h5ad,arc-institute-virtual-cell-atlas/scbasecount/2026-01-12/h5ad/GeneFull/Homo_sapiens/SRX11169659.h5ad,hLqUB60rf6nA3hPB/Irwgg==,2026-07-30 16:54:23,
986/1048,ERX9138793,uploaded,gs://arc-institute-virtual-cell-atlas/scbasecount/2026-01-12/h5ad/GeneFull/Homo_sapiens/ERX9138793.h5ad,arc-institute-virtual-cell-atlas/scbasecount/2026-01-12/h5ad/GeneFull/Homo_sapiens/ERX9138793.h5ad,zljR/WNdpR5th92XJj8oBA==,2026-07-30 16:54:28,
987/1048,ERX9138826,uploaded,gs://arc-institute-virtual-cell-atlas/scbasecount/2026-01-12/h5ad/GeneFull/Homo_sapiens/ERX9138826.h5ad,arc-institute-virtual-cell-atlas/scbasecount/2026-01-12/h5ad/GeneFull/Homo_sapiens/ERX9138826.h5ad,gfOygZzFpv0gGPn5by8yoA==,2026-07-30 16:54:30,
988/1048,ERX12558787,uploaded,gs://arc-institute-virtual-cell-atlas/scbasecount/2026-01-12/h5ad/GeneFull/Homo_sapiens/ERX12558787.h5ad,arc-institute-virtual-cell-atlas/scbasecount/2026-01-12/h5ad/GeneFull/Homo_sapiens/ERX12558787.h5ad,+1orRskBaFrCveBztMDHrQ==,2026-07-30 16:54:32,
989/1048,ERX9138779,uploaded,gs://arc-institute-virtual-cell-atlas/scbasecount/2026-01-12/h5ad/GeneFull/Homo_sapiens/ERX9138779.h5ad,arc-institute-virtual-cell-atlas/scbasecount/2026-01-12/h5ad/GeneFull/Homo_sapiens/ERX9138779.h5ad,fGhlRr+oKfUe8rGmavLu9w==,2026-07-30 16:54:36,
990/1048,ERX9138839,uploaded,gs://arc-institute-virtual-cell-atlas/scbasecount/2026-01-12/h5ad/GeneFull/Homo_sapiens/ERX9138839.h5ad,arc-institute-virtual-cell-atlas/scbasecount/2026-01-12/h5ad/GeneFull/Homo_sapiens/ERX9138839.h5ad,jvBZKj65RtnU/piWEGsMAg==,2026-07-30 16:54:41,
991/1048,ERX9138764,uploaded,gs://arc-institute-virtual-cell-atlas/scbasecount/2026-01-12/h5ad/GeneFull/Homo_sapiens/ERX9138764.h5ad,arc-institute-virtual-cell-atlas/scbasecount/2026-01-12/h5ad/GeneFull/Homo_sapiens/ERX9138764.h5ad,6j8s2zVBnwxsPs5IZgPoFQ==,2026-07-30 16:54:43,
992/1048,ERX9138887,uploaded,gs://arc-institute-virtual-cell-atlas/scbasecount/2026-01-12/h5ad/GeneFull/Homo_sapiens/ERX9138887.h5ad,arc-institute-virtual-cell-atlas/scbasecount/2026-01-12/h5ad/GeneFull/Homo_sapiens/ERX9138887.h5ad,CXZA6XYh54L4LFc86YY08Q==,2026-07-30 16:54:45,
993/1048,ERX9138811,uploaded,gs://arc-institute-virtual-cell-atlas/scbasecount/2026-01-12/h5ad/GeneFull/Homo_sapiens/ERX9138811.h5ad,arc-institute-virtual-cell-atlas/scbasecount/2026-01-12/h5ad/GeneFull/Homo_sapiens/ERX9138811.h5ad,kS2Cy9/wGokP5Z5L8ZwIpw==,2026-07-30 16:54:47,
994/1048,ERX9138883,uploaded,gs://arc-institute-virtual-cell-atlas/scbasecount/2026-01-12/h5ad/GeneFull/Homo_sapiens/ERX9138883.h5ad,arc-institute-virtual-cell-atlas/scbasecount/2026-01-12/h5ad/GeneFull/Homo_sapiens/ERX9138883.h5ad,CvhK84z/BWVAVEWFb/Iy9w==,2026-07-30 16:54:53,
995/1048,ERX9138771,uploaded,gs://arc-institute-virtual-cell-atlas/scbasecount/2026-01-12/h5ad/GeneFull/Homo_sapiens/ERX9138771.h5ad,arc-institute-virtual-cell-atlas/scbasecount/2026-01-12/h5ad/GeneFull/Homo_sapiens/ERX9138771.h5ad,VsNw4gTAXQQLlMRXS6eTSg==,2026-07-30 16:54:55,
996/1048,ERX9138758,uploaded,gs://arc-institute-virtual-cell-atlas/scbasecount/2026-01-12/h5ad/GeneFull/Homo_sapiens/ERX9138758.h5ad,arc-institute-virtual-cell-atlas/scbasecount/2026-01-12/h5ad/GeneFull/Homo_sapiens/ERX9138758.h5ad,14f+JmpFnfoChOkSD6pCbQ==,2026-07-30 16:54:58,
997/1048,ERX9138745,uploaded,gs://arc-institute-virtual-cell-atlas/scbasecount/2026-01-12/h5ad/GeneFull/Homo_sapiens/ERX9138745.h5ad,arc-institute-virtual-cell-atlas/scbasecount/2026-01-12/h5ad/GeneFull/Homo_sapiens/ERX9138745.h5ad,EySyoo2Egks1VkIQDiPeww==,2026-07-30 16:55:00,
998/1048,ERX9138880,uploaded,gs://arc-institute-virtual-cell-atlas/scbasecount/2026-01-12/h5ad/GeneFull/Homo_sapiens/ERX9138880.h5ad,arc-institute-virtual-cell-atlas/scbasecount/2026-01-12/h5ad/GeneFull/Homo_sapiens/ERX9138880.h5ad,Nsmn7vhOh33ZHrvy2Bg6LA==,2026-07-30 16:55:03,
999/1048,ERX9138848,uploaded,gs://arc-institute-virtual-cell-atlas/scbasecount/2026-01-12/h5ad/GeneFull/Homo_sapiens/ERX9138848.h5ad,arc-institute-virtual-cell-atlas/scbasecount/2026-01-12/h5ad/GeneFull/Homo_sapiens/ERX9138848.h5ad,AhDfQzry+3kvX5/B4uDaSg==,2026-07-30 16:55:05,
1000/1048,ERX9138737,uploaded,gs://arc-institute-virtual-cell-atlas/scbasecount/2026-01-12/h5ad/GeneFull/Homo_sapiens/ERX9138737.h5ad,arc-institute-virtual-cell-atlas/scbasecount/2026-01-12/h5ad/GeneFull/Homo_sapiens/ERX9138737.h5ad,Ga746VIIPaTYfPSvKIeeEw==,2026-07-30 16:55:10,
1001/1048,ERX9138877,uploaded,gs://arc-institute-virtual-cell-atlas/scbasecount/2026-01-12/h5ad/GeneFull/Homo_sapiens/ERX9138877.h5ad,arc-institute-virtual-cell-atlas/scbasecount/2026-01-12/h5ad/GeneFull/Homo_sapiens/ERX9138877.h5ad,LUXWsBdciZg1XOM4FGANXQ==,2026-07-30 16:55:14,
1002/1048,ERX9138815,uploaded,gs://arc-institute-virtual-cell-atlas/scbasecount/2026-01-12/h5ad/GeneFull/Homo_sapiens/ERX9138815.h5ad,arc-institute-virtual-cell-atlas/scbasecount/2026-01-12/h5ad/GeneFull/Homo_sapiens/ERX9138815.h5ad,N0ZeKWq3yyBt9uckJCF/ow==,2026-07-30 16:55:17,
1003/1048,ERX12558791,uploaded,gs://arc-institute-virtual-cell-atlas/scbasecount/2026-01-12/h5ad/GeneFull/Homo_sapiens/ERX12558791.h5ad,arc-institute-virtual-cell-atlas/scbasecount/2026-01-12/h5ad/GeneFull/Homo_sapiens/ERX12558791.h5ad,HKwwewGOEakW13ui0+wNgA==,2026-07-30 16:55:19,
1004/1048,ERX9138795,uploaded,gs://arc-institute-virtual-cell-atlas/scbasecount/2026-01-12/h5ad/GeneFull/Homo_sapiens/ERX9138795.h5ad,arc-institute-virtual-cell-atlas/scbasecount/2026-01-12/h5ad/GeneFull/Homo_sapiens/ERX9138795.h5ad,1CE5zptEQU8uR8Nbn54znA==,2026-07-30 16:55:21,
1005/1048,ERX9138866,uploaded,gs://arc-institute-virtual-cell-atlas/scbasecount/2026-01-12/h5ad/GeneFull/Homo_sapiens/ERX9138866.h5ad,arc-institute-virtual-cell-atlas/scbasecount/2026-01-12/h5ad/GeneFull/Homo_sapiens/ERX9138866.h5ad,HKTDxv0A0EwsdsaNMqYezA==,2026-07-30 16:55:27,
1006/1048,SRX7347528,uploaded,gs://arc-institute-virtual-cell-atlas/scbasecount/2026-01-12/h5ad/GeneFull/Homo_sapiens/SRX7347528.h5ad,arc-institute-virtual-cell-atlas/scbasecount/2026-01-12/h5ad/GeneFull/Homo_sapiens/SRX7347528.h5ad,BZXEweC4DcgJqe+NUvDPvw==,2026-07-30 16:55:34,
1007/1048,ERX12558781,uploaded,gs://arc-institute-virtual-cell-atlas/scbasecount/2026-01-12/h5ad/GeneFull/Homo_sapiens/ERX12558781.h5ad,arc-institute-virtual-cell-atlas/scbasecount/2026-01-12/h5ad/GeneFull/Homo_sapiens/ERX12558781.h5ad,1fWKw3nbLenR0aZ1Cii/6Q==,2026-07-30 16:55:36,
1008/1048,ERX9138894,uploaded,gs://arc-institute-virtual-cell-atlas/scbasecount/2026-01-12/h5ad/GeneFull/Homo_sapiens/ERX9138894.h5ad,arc-institute-virtual-cell-atlas/scbasecount/2026-01-12/h5ad/GeneFull/Homo_sapiens/ERX9138894.h5ad,xpVz4+tv+m6e+J2iYFBqoQ==,2026-07-30 16:55:40,
1009/1048,ERX9138743,uploaded,gs://arc-institute-virtual-cell-atlas/scbasecount/2026-01-12/h5ad/GeneFull/Homo_sapiens/ERX9138743.h5ad,arc-institute-virtual-cell-atlas/scbasecount/2026-01-12/h5ad/GeneFull/Homo_sapiens/ERX9138743.h5ad,c22OsBbByv0vNNKtOj00WA==,2026-07-30 16:55:45,
1010/1048,ERX9138860,uploaded,gs://arc-institute-virtual-cell-atlas/scbasecount/2026-01-12/h5ad/GeneFull/Homo_sapiens/ERX9138860.h5ad,arc-institute-virtual-cell-atlas/scbasecount/2026-01-12/h5ad/GeneFull/Homo_sapiens/ERX9138860.h5ad,MXYcLt7+6P3tmA3TwNmLpw==,2026-07-30 16:55:52,
1011/1048,ERX9138786,uploaded,gs://arc-institute-virtual-cell-atlas/scbasecount/2026-01-12/h5ad/GeneFull/Homo_sapiens/ERX9138786.h5ad,arc-institute-virtual-cell-atlas/scbasecount/2026-01-12/h5ad/GeneFull/Homo_sapiens/ERX9138786.h5ad,0CMjWkAO55jLPlkgdqXHHA==,2026-07-30 16:55:57,
1012/1048,ERX9138742,uploaded,gs://arc-institute-virtual-cell-atlas/scbasecount/2026-01-12/h5ad/GeneFull/Homo_sapiens/ERX9138742.h5ad,arc-institute-virtual-cell-atlas/scbasecount/2026-01-12/h5ad/GeneFull/Homo_sapiens/ERX9138742.h5ad,+6ngp0me3N4drVbT8IJuFg==,2026-07-30 16:56:05,
1013/1048,ERX12558797,uploaded,gs://arc-institute-virtual-cell-atlas/scbasecount/2026-01-12/h5ad/GeneFull/Homo_sapiens/ERX12558797.h5ad,arc-institute-virtual-cell-atlas/scbasecount/2026-01-12/h5ad/GeneFull/Homo_sapiens/ERX12558797.h5ad,pKZkE65VUjW8kL1hqm5/0A==,2026-07-30 16:56:07,
1014/1048,ERX9138879,uploaded,gs://arc-institute-virtual-cell-atlas/scbasecount/2026-01-12/h5ad/GeneFull/Homo_sapiens/ERX9138879.h5ad,arc-institute-virtual-cell-atlas/scbasecount/2026-01-12/h5ad/GeneFull/Homo_sapiens/ERX9138879.h5ad,YsCOLgSRSvXa06JcdoU14A==,2026-07-30 16:56:09,
1015/1048,ERX12558759,uploaded,gs://arc-institute-virtual-cell-atlas/scbasecount/2026-01-12/h5ad/GeneFull/Homo_sapiens/ERX12558759.h5ad,arc-institute-virtual-cell-atlas/scbasecount/2026-01-12/h5ad/GeneFull/Homo_sapiens/ERX12558759.h5ad,nN1jx8psPLHw4GSE8BHc6A==,2026-07-30 16:56:12,
1016/1048,ERX9138765,uploaded,gs://arc-institute-virtual-cell-atlas/scbasecount/2026-01-12/h5ad/GeneFull/Homo_sapiens/ERX9138765.h5ad,arc-institute-virtual-cell-atlas/scbasecount/2026-01-12/h5ad/GeneFull/Homo_sapiens/ERX9138765.h5ad,kVIqex/yLrzVusariIaHuQ==,2026-07-30 16:56:14,
1017/1048,ERX12558812,uploaded,gs://arc-institute-virtual-cell-atlas/scbasecount/2026-01-12/h5ad/GeneFull/Homo_sapiens/ERX12558812.h5ad,arc-institute-virtual-cell-atlas/scbasecount/2026-01-12/h5ad/GeneFull/Homo_sapiens/ERX12558812.h5ad,Hr8GeCmqOJjKS1OOcoVOZw==,2026-07-30 16:56:32,
1018/1048,SRX6726384,uploaded,gs://arc-institute-virtual-cell-atlas/scbasecount/2026-01-12/h5ad/GeneFull/Homo_sapiens/SRX6726384.h5ad,arc-institute-virtual-cell-atlas/scbasecount/2026-01-12/h5ad/GeneFull/Homo_sapiens/SRX6726384.h5ad,NnE9kAsRhqMjPtzqJOAj6w==,2026-07-30 16:56:36,
1019/1048,ERX12558788,uploaded,gs://arc-institute-virtual-cell-atlas/scbasecount/2026-01-12/h5ad/GeneFull/Homo_sapiens/ERX12558788.h5ad,arc-institute-virtual-cell-atlas/scbasecount/2026-01-12/h5ad/GeneFull/Homo_sapiens/ERX12558788.h5ad,P4Ws/X24ZWq/ghHcuuZe8g==,2026-07-30 16:56:41,
1020/1048,ERX9138783,uploaded,gs://arc-institute-virtual-cell-atlas/scbasecount/2026-01-12/h5ad/GeneFull/Homo_sapiens/ERX9138783.h5ad,arc-institute-virtual-cell-atlas/scbasecount/2026-01-12/h5ad/GeneFull/Homo_sapiens/ERX9138783.h5ad,A3KAsWJnL54BvLt2KeMSGA==,2026-07-30 16:56:48,
1021/1048,SRX6726391,uploaded,gs://arc-institute-virtual-cell-atlas/scbasecount/2026-01-12/h5ad/GeneFull/Homo_sapiens/SRX6726391.h5ad,arc-institute-virtual-cell-atlas/scbasecount/2026-01-12/h5ad/GeneFull/Homo_sapiens/SRX6726391.h5ad,KiE4j9EfApH13BsPtdgZmQ==,2026-07-30 16:56:53,
1022/1048,ERX9138859,uploaded,gs://arc-institute-virtual-cell-atlas/scbasecount/2026-01-12/h5ad/GeneFull/Homo_sapiens/ERX9138859.h5ad,arc-institute-virtual-cell-atlas/scbasecount/2026-01-12/h5ad/GeneFull/Homo_sapiens/ERX9138859.h5ad,uTpmb4HYYxR0Tt73UZ2Vig==,2026-07-30 16:56:55,
1023/1048,ERX12558783,uploaded,gs://arc-institute-virtual-cell-atlas/scbasecount/2026-01-12/h5ad/GeneFull/Homo_sapiens/ERX12558783.h5ad,arc-institute-virtual-cell-atlas/scbasecount/2026-01-12/h5ad/GeneFull/Homo_sapiens/ERX12558783.h5ad,jlJBNADp46+Zx481DOhBqA==,2026-07-30 16:56:57,
1024/1048,ERX9138898,uploaded,gs://arc-institute-virtual-cell-atlas/scbasecount/2026-01-12/h5ad/GeneFull/Homo_sapiens/ERX9138898.h5ad,arc-institute-virtual-cell-atlas/scbasecount/2026-01-12/h5ad/GeneFull/Homo_sapiens/ERX9138898.h5ad,Yc094a/uh/dXFTB9UoZJag==,2026-07-30 16:56:59,
1025/1048,ERX9138829,uploaded,gs://arc-institute-virtual-cell-atlas/scbasecount/2026-01-12/h5ad/GeneFull/Homo_sapiens/ERX9138829.h5ad,arc-institute-virtual-cell-atlas/scbasecount/2026-01-12/h5ad/GeneFull/Homo_sapiens/ERX9138829.h5ad,E7f8CzYw4aPHA1OBpBosLQ==,2026-07-30 16:57:04,
1026/1048,ERX12558756,uploaded,gs://arc-institute-virtual-cell-atlas/scbasecount/2026-01-12/h5ad/GeneFull/Homo_sapiens/ERX12558756.h5ad,arc-institute-virtual-cell-atlas/scbasecount/2026-01-12/h5ad/GeneFull/Homo_sapiens/ERX12558756.h5ad,16lgnQM1Za+dF4TFCIOO3w==,2026-07-30 16:57:07,
1027/1048,ERX9138781,uploaded,gs://arc-institute-virtual-cell-atlas/scbasecount/2026-01-12/h5ad/GeneFull/Homo_sapiens/ERX9138781.h5ad,arc-institute-virtual-cell-atlas/scbasecount/2026-01-12/h5ad/GeneFull/Homo_sapiens/ERX9138781.h5ad,wgTPf49HyVHe6l9k5A99wg==,2026-07-30 16:57:12,
1028/1048,ERX9138775,uploaded,gs://arc-institute-virtual-cell-atlas/scbasecount/2026-01-12/h5ad/GeneFull/Homo_sapiens/ERX9138775.h5ad,arc-institute-virtual-cell-atlas/scbasecount/2026-01-12/h5ad/GeneFull/Homo_sapiens/ERX9138775.h5ad,R4EzMZ6fZTvUa9YAZVZOMw==,2026-07-30 16:57:15,
1029/1048,ERX9138818,uploaded,gs://arc-institute-virtual-cell-atlas/scbasecount/2026-01-12/h5ad/GeneFull/Homo_sapiens/ERX9138818.h5ad,arc-institute-virtual-cell-atlas/scbasecount/2026-01-12/h5ad/GeneFull/Homo_sapiens/ERX9138818.h5ad,CilRWaQTX5WNb4Wtub6jpQ==,2026-07-30 16:57:18,
1030/1048,ERX9138807,uploaded,gs://arc-institute-virtual-cell-atlas/scbasecount/2026-01-12/h5ad/GeneFull/Homo_sapiens/ERX9138807.h5ad,arc-institute-virtual-cell-atlas/scbasecount/2026-01-12/h5ad/GeneFull/Homo_sapiens/ERX9138807.h5ad,ziL3hvTjc6KTDtMbkUURmQ==,2026-07-30 16:57:23,
1031/1048,ERX12558775,uploaded,gs://arc-institute-virtual-cell-atlas/scbasecount/2026-01-12/h5ad/GeneFull/Homo_sapiens/ERX12558775.h5ad,arc-institute-virtual-cell-atlas/scbasecount/2026-01-12/h5ad/GeneFull/Homo_sapiens/ERX12558775.h5ad,42Du1QHNITlyS7Sjai8AiA==,2026-07-30 16:57:25,
1032/1048,ERX12558801,uploaded,gs://arc-institute-virtual-cell-atlas/scbasecount/2026-01-12/h5ad/GeneFull/Homo_sapiens/ERX12558801.h5ad,arc-institute-virtual-cell-atlas/scbasecount/2026-01-12/h5ad/GeneFull/Homo_sapiens/ERX12558801.h5ad,ZHEhHdbvL25XO4nUGHbSJQ==,2026-07-30 16:57:27,
1033/1048,SRX6726369,uploaded,gs://arc-institute-virtual-cell-atlas/scbasecount/2026-01-12/h5ad/GeneFull/Homo_sapiens/SRX6726369.h5ad,arc-institute-virtual-cell-atlas/scbasecount/2026-01-12/h5ad/GeneFull/Homo_sapiens/SRX6726369.h5ad,2a7iBT8fMo1sQuArWVYfmQ==,2026-07-30 16:57:33,
1034/1048,ERX9138857,uploaded,gs://arc-institute-virtual-cell-atlas/scbasecount/2026-01-12/h5ad/GeneFull/Homo_sapiens/ERX9138857.h5ad,arc-institute-virtual-cell-atlas/scbasecount/2026-01-12/h5ad/GeneFull/Homo_sapiens/ERX9138857.h5ad,zYST8JAa5JwTFNwYMIOXhw==,2026-07-30 16:57:38,
1035/1048,ERX9138784,uploaded,gs://arc-institute-virtual-cell-atlas/scbasecount/2026-01-12/h5ad/GeneFull/Homo_sapiens/ERX9138784.h5ad,arc-institute-virtual-cell-atlas/scbasecount/2026-01-12/h5ad/GeneFull/Homo_sapiens/ERX9138784.h5ad,jZxydrdT8Eydcueswkwojg==,2026-07-30 16:57:45,
1036/1048,ERX9138881,uploaded,gs://arc-institute-virtual-cell-atlas/scbasecount/2026-01-12/h5ad/GeneFull/Homo_sapiens/ERX9138881.h5ad,arc-institute-virtual-cell-atlas/scbasecount/2026-01-12/h5ad/GeneFull/Homo_sapiens/ERX9138881.h5ad,l9gRLHi74tfvjSW2FYBttQ==,2026-07-30 16:57:47,
1037/1048,ERX9138796,uploaded,gs://arc-institute-virtual-cell-atlas/scbasecount/2026-01-12/h5ad/GeneFull/Homo_sapiens/ERX9138796.h5ad,arc-institute-virtual-cell-atlas/scbasecount/2026-01-12/h5ad/GeneFull/Homo_sapiens/ERX9138796.h5ad,1lYIRnFVoOEWYMPMazqVbw==,2026-07-30 16:57:50,
1038/1048,ERX9138900,uploaded,gs://arc-institute-virtual-cell-atlas/scbasecount/2026-01-12/h5ad/GeneFull/Homo_sapiens/ERX9138900.h5ad,arc-institute-virtual-cell-atlas/scbasecount/2026-01-12/h5ad/GeneFull/Homo_sapiens/ERX9138900.h5ad,S/fBGd1hCFGMVwhT8b611A==,2026-07-30 16:57:52,
1039/1048,ERX9138754,uploaded,gs://arc-institute-virtual-cell-atlas/scbasecount/2026-01-12/h5ad/GeneFull/Homo_sapiens/ERX9138754.h5ad,arc-institute-virtual-cell-atlas/scbasecount/2026-01-12/h5ad/GeneFull/Homo_sapiens/ERX9138754.h5ad,8Liloq+uZTvbyWlm+GqhaA==,2026-07-30 16:57:55,
1040/1048,ERX9138836,uploaded,gs://arc-institute-virtual-cell-atlas/scbasecount/2026-01-12/h5ad/GeneFull/Homo_sapiens/ERX9138836.h5ad,arc-institute-virtual-cell-atlas/scbasecount/2026-01-12/h5ad/GeneFull/Homo_sapiens/ERX9138836.h5ad,PqB5WthH/RfoBXV2FM9UZw==,2026-07-30 16:57:58,
1041/1048,ERX9138830,uploaded,gs://arc-institute-virtual-cell-atlas/scbasecount/2026-01-12/h5ad/GeneFull/Homo_sapiens/ERX9138830.h5ad,arc-institute-virtual-cell-atlas/scbasecount/2026-01-12/h5ad/GeneFull/Homo_sapiens/ERX9138830.h5ad,oDXtEcYJndRWGwYJQvJPTw==,2026-07-30 16:58:00,
1042/1048,ERX12558768,uploaded,gs://arc-institute-virtual-cell-atlas/scbasecount/2026-01-12/h5ad/GeneFull/Homo_sapiens/ERX12558768.h5ad,arc-institute-virtual-cell-atlas/scbasecount/2026-01-12/h5ad/GeneFull/Homo_sapiens/ERX12558768.h5ad,S1ci4wxGDNWw9Hfk7TPvGA==,2026-07-30 16:58:01,
1043/1048,ERX9138882,uploaded,gs://arc-institute-virtual-cell-atlas/scbasecount/2026-01-12/h5ad/GeneFull/Homo_sapiens/ERX9138882.h5ad,arc-institute-virtual-cell-atlas/scbasecount/2026-01-12/h5ad/GeneFull/Homo_sapiens/ERX9138882.h5ad,E7xtZ6/2G2U3xJ1k+grv9w==,2026-07-30 16:58:03,
1044/1048,ERX12558767,uploaded,gs://arc-institute-virtual-cell-atlas/scbasecount/2026-01-12/h5ad/GeneFull/Homo_sapiens/ERX12558767.h5ad,arc-institute-virtual-cell-atlas/scbasecount/2026-01-12/h5ad/GeneFull/Homo_sapiens/ERX12558767.h5ad,frflLmnq8dTZiUJs4TdWJg==,2026-07-30 16:58:06,
1045/1048,ERX9138759,uploaded,gs://arc-institute-virtual-cell-atlas/scbasecount/2026-01-12/h5ad/GeneFull/Homo_sapiens/ERX9138759.h5ad,arc-institute-virtual-cell-atlas/scbasecount/2026-01-12/h5ad/GeneFull/Homo_sapiens/ERX9138759.h5ad,kw7jkUU+vn1GH6hO7jid7A==,2026-07-30 16:58:11,
1046/1048,ERX9138825,uploaded,gs://arc-institute-virtual-cell-atlas/scbasecount/2026-01-12/h5ad/GeneFull/Homo_sapiens/ERX9138825.h5ad,arc-institute-virtual-cell-atlas/scbasecount/2026-01-12/h5ad/GeneFull/Homo_sapiens/ERX9138825.h5ad,ByHetxJ8/6gJJgHqF1RbpQ==,2026-07-30 16:58:13,
1047/1048,ERX9138885,uploaded,gs://arc-institute-virtual-cell-atlas/scbasecount/2026-01-12/h5ad/GeneFull/Homo_sapiens/ERX9138885.h5ad,arc-institute-virtual-cell-atlas/scbasecount/2026-01-12/h5ad/GeneFull/Homo_sapiens/ERX9138885.h5ad,VRj83pMLLn4KWwQ5LJST0Q==,2026-07-30 16:58:16,
1048/1048,ERX9138760,uploaded,gs://arc-institute-virtual-cell-atlas/scbasecount/2026-01-12/h5ad/GeneFull/Homo_sapiens/ERX9138760.h5ad,arc-institute-virtual-cell-atlas/scbasecount/2026-01-12/h5ad/GeneFull/Homo_sapiens/ERX9138760.h5ad,ZXDd1sGdGeu7dIspu8Y/VQ==,2026-07-30 16:58:18,
