accession,r2Key,status,reason,studyAccession
ERX11662371,arc-institute-virtual-cell-atlas/scbasecount/2026-01-12/h5ad/GeneFull/Homo_sapiens/ERX11662371.h5ad,success,,PRJEB68315
SRX19233503,arc-institute-virtual-cell-atlas/scbasecount/2026-01-12/h5ad/GeneFull/Homo_sapiens/SRX19233503.h5ad,skip,cell_type_all_missing,
ERX11662373,arc-institute-virtual-cell-atlas/scbasecount/2026-01-12/h5ad/GeneFull/Homo_sapiens/ERX11662373.h5ad,success,,PRJEB68315
ERX11662385,arc-institute-virtual-cell-atlas/scbasecount/2026-01-12/h5ad/GeneFull/Homo_sapiens/ERX11662385.h5ad,skip,cell_type_all_missing,
ERX11662357,arc-institute-virtual-cell-atlas/scbasecount/2026-01-12/h5ad/GeneFull/Homo_sapiens/ERX11662357.h5ad,skip,cell_type_all_missing,
ERX11662360,arc-institute-virtual-cell-atlas/scbasecount/2026-01-12/h5ad/GeneFull/Homo_sapiens/ERX11662360.h5ad,skip,cell_type_all_missing,
ERX11662364,arc-institute-virtual-cell-atlas/scbasecount/2026-01-12/h5ad/GeneFull/Homo_sapiens/ERX11662364.h5ad,skip,cell_type_all_missing,
ERX11662370,arc-institute-virtual-cell-atlas/scbasecount/2026-01-12/h5ad/GeneFull/Homo_sapiens/ERX11662370.h5ad,skip,cell_type_all_missing,
ERX11662369,arc-institute-virtual-cell-atlas/scbasecount/2026-01-12/h5ad/GeneFull/Homo_sapiens/ERX11662369.h5ad,skip,cell_type_all_missing,
ERX11662367,arc-institute-virtual-cell-atlas/scbasecount/2026-01-12/h5ad/GeneFull/Homo_sapiens/ERX11662367.h5ad,skip,cell_type_all_missing,
ERX11662377,arc-institute-virtual-cell-atlas/scbasecount/2026-01-12/h5ad/GeneFull/Homo_sapiens/ERX11662377.h5ad,success,,PRJEB68315
ERX11662378,arc-institute-virtual-cell-atlas/scbasecount/2026-01-12/h5ad/GeneFull/Homo_sapiens/ERX11662378.h5ad,success,,PRJEB68315
ERX8831394,arc-institute-virtual-cell-atlas/scbasecount/2026-01-12/h5ad/GeneFull/Homo_sapiens/ERX8831394.h5ad,skip,cell_type_all_missing,
ERX8831397,arc-institute-virtual-cell-atlas/scbasecount/2026-01-12/h5ad/GeneFull/Homo_sapiens/ERX8831397.h5ad,skip,cell_type_all_missing,
SRX20098024,arc-institute-virtual-cell-atlas/scbasecount/2026-01-12/h5ad/GeneFull/Homo_sapiens/SRX20098024.h5ad,success,,PRJNA961720
SRX22613097,arc-institute-virtual-cell-atlas/scbasecount/2026-01-12/h5ad/GeneFull/Homo_sapiens/SRX22613097.h5ad,skip,cell_type_all_missing,
SRX19233504,arc-institute-virtual-cell-atlas/scbasecount/2026-01-12/h5ad/GeneFull/Homo_sapiens/SRX19233504.h5ad,skip,cell_type_all_missing,
ERX11662376,arc-institute-virtual-cell-atlas/scbasecount/2026-01-12/h5ad/GeneFull/Homo_sapiens/ERX11662376.h5ad,skip,cell_type_all_missing,
ERX11662375,arc-institute-virtual-cell-atlas/scbasecount/2026-01-12/h5ad/GeneFull/Homo_sapiens/ERX11662375.h5ad,success,,PRJEB68315
ERX11662381,arc-institute-virtual-cell-atlas/scbasecount/2026-01-12/h5ad/GeneFull/Homo_sapiens/ERX11662381.h5ad,skip,cell_type_all_missing,
ERX11662384,arc-institute-virtual-cell-atlas/scbasecount/2026-01-12/h5ad/GeneFull/Homo_sapiens/ERX11662384.h5ad,success,,PRJEB68315
ERX11662361,arc-institute-virtual-cell-atlas/scbasecount/2026-01-12/h5ad/GeneFull/Homo_sapiens/ERX11662361.h5ad,success,,PRJEB68315
SRX22613099,arc-institute-virtual-cell-atlas/scbasecount/2026-01-12/h5ad/GeneFull/Homo_sapiens/SRX22613099.h5ad,success,,PRJNA1044045
SRX22613094,arc-institute-virtual-cell-atlas/scbasecount/2026-01-12/h5ad/GeneFull/Homo_sapiens/SRX22613094.h5ad,success,,PRJNA1044045
SRX22613095,arc-institute-virtual-cell-atlas/scbasecount/2026-01-12/h5ad/GeneFull/Homo_sapiens/SRX22613095.h5ad,skip,cell_type_all_missing,
ERX11662382,arc-institute-virtual-cell-atlas/scbasecount/2026-01-12/h5ad/GeneFull/Homo_sapiens/ERX11662382.h5ad,success,,PRJEB68315
ERX11662366,arc-institute-virtual-cell-atlas/scbasecount/2026-01-12/h5ad/GeneFull/Homo_sapiens/ERX11662366.h5ad,success,,PRJEB68315
ERX11662359,arc-institute-virtual-cell-atlas/scbasecount/2026-01-12/h5ad/GeneFull/Homo_sapiens/ERX11662359.h5ad,success,,PRJEB68315
SRX22613098,arc-institute-virtual-cell-atlas/scbasecount/2026-01-12/h5ad/GeneFull/Homo_sapiens/SRX22613098.h5ad,success,,PRJNA1044045
ERX11662338,arc-institute-virtual-cell-atlas/scbasecount/2026-01-12/h5ad/GeneFull/Homo_sapiens/ERX11662338.h5ad,success,,PRJEB68315
ERX8831396,arc-institute-virtual-cell-atlas/scbasecount/2026-01-12/h5ad/GeneFull/Homo_sapiens/ERX8831396.h5ad,success,,PRJEB51720
SRX19192164,arc-institute-virtual-cell-atlas/scbasecount/2026-01-12/h5ad/GeneFull/Homo_sapiens/SRX19192164.h5ad,skip,cell_type_all_missing,
SRX10327362,arc-institute-virtual-cell-atlas/scbasecount/2026-01-12/h5ad/GeneFull/Homo_sapiens/SRX10327362.h5ad,success,,PRJNA713903
SRX26771412,arc-institute-virtual-cell-atlas/scbasecount/2026-01-12/h5ad/GeneFull/Homo_sapiens/SRX26771412.h5ad,skip,cell_type_all_missing,
ERX11876750,arc-institute-virtual-cell-atlas/scbasecount/2026-01-12/h5ad/GeneFull/Homo_sapiens/ERX11876750.h5ad,success,,PRJEB71931
ERX11876760,arc-institute-virtual-cell-atlas/scbasecount/2026-01-12/h5ad/GeneFull/Homo_sapiens/ERX11876760.h5ad,success,,PRJEB71931
ERX11876763,arc-institute-virtual-cell-atlas/scbasecount/2026-01-12/h5ad/GeneFull/Homo_sapiens/ERX11876763.h5ad,success,,PRJEB71931
ERX11876767,arc-institute-virtual-cell-atlas/scbasecount/2026-01-12/h5ad/GeneFull/Homo_sapiens/ERX11876767.h5ad,success,,PRJEB71931
SRX18248070,arc-institute-virtual-cell-atlas/scbasecount/2026-01-12/h5ad/GeneFull/Homo_sapiens/SRX18248070.h5ad,success,,PRJNA901260
ERX11876755,arc-institute-virtual-cell-atlas/scbasecount/2026-01-12/h5ad/GeneFull/Homo_sapiens/ERX11876755.h5ad,success,,PRJEB71931
ERX11876754,arc-institute-virtual-cell-atlas/scbasecount/2026-01-12/h5ad/GeneFull/Homo_sapiens/ERX11876754.h5ad,success,,PRJEB71931
ERX11876753,arc-institute-virtual-cell-atlas/scbasecount/2026-01-12/h5ad/GeneFull/Homo_sapiens/ERX11876753.h5ad,success,,PRJEB71931
ERX11876769,arc-institute-virtual-cell-atlas/scbasecount/2026-01-12/h5ad/GeneFull/Homo_sapiens/ERX11876769.h5ad,success,,PRJEB71931
ERX11876768,arc-institute-virtual-cell-atlas/scbasecount/2026-01-12/h5ad/GeneFull/Homo_sapiens/ERX11876768.h5ad,success,,PRJEB71931
ERX11876758,arc-institute-virtual-cell-atlas/scbasecount/2026-01-12/h5ad/GeneFull/Homo_sapiens/ERX11876758.h5ad,success,,PRJEB71931
ERX11876751,arc-institute-virtual-cell-atlas/scbasecount/2026-01-12/h5ad/GeneFull/Homo_sapiens/ERX11876751.h5ad,success,,PRJEB71931
ERX11876765,arc-institute-virtual-cell-atlas/scbasecount/2026-01-12/h5ad/GeneFull/Homo_sapiens/ERX11876765.h5ad,success,,PRJEB71931
SRX26487574,arc-institute-virtual-cell-atlas/scbasecount/2026-01-12/h5ad/GeneFull/Homo_sapiens/SRX26487574.h5ad,success,,PRJNA1177414
ERX11876770,arc-institute-virtual-cell-atlas/scbasecount/2026-01-12/h5ad/GeneFull/Homo_sapiens/ERX11876770.h5ad,success,,PRJEB71931
SRX22996343,arc-institute-virtual-cell-atlas/scbasecount/2026-01-12/h5ad/GeneFull/Homo_sapiens/SRX22996343.h5ad,success,,PRJNA1055415
SRX20407496,arc-institute-virtual-cell-atlas/scbasecount/2026-01-12/h5ad/GeneFull/Homo_sapiens/SRX20407496.h5ad,success,,PRJNA973717
ERX11876748,arc-institute-virtual-cell-atlas/scbasecount/2026-01-12/h5ad/GeneFull/Homo_sapiens/ERX11876748.h5ad,success,,PRJEB71931
SRX22996385,arc-institute-virtual-cell-atlas/scbasecount/2026-01-12/h5ad/GeneFull/Homo_sapiens/SRX22996385.h5ad,success,,PRJNA1055415
SRX24313469,arc-institute-virtual-cell-atlas/scbasecount/2026-01-12/h5ad/GeneFull/Homo_sapiens/SRX24313469.h5ad,success,,PRJNA1102421
SRX22996351,arc-institute-virtual-cell-atlas/scbasecount/2026-01-12/h5ad/GeneFull/Homo_sapiens/SRX22996351.h5ad,success,,PRJNA1055415
SRX22996310,arc-institute-virtual-cell-atlas/scbasecount/2026-01-12/h5ad/GeneFull/Homo_sapiens/SRX22996310.h5ad,success,,PRJNA1055415
SRX25038166,arc-institute-virtual-cell-atlas/scbasecount/2026-01-12/h5ad/GeneFull/Homo_sapiens/SRX25038166.h5ad,success,,PRJNA1127657
SRX27313889,arc-institute-virtual-cell-atlas/scbasecount/2026-01-12/h5ad/GeneFull/Homo_sapiens/SRX27313889.h5ad,success,,PRJNA1209070
SRX22996360,arc-institute-virtual-cell-atlas/scbasecount/2026-01-12/h5ad/GeneFull/Homo_sapiens/SRX22996360.h5ad,success,,PRJNA1055415
SRX26487567,arc-institute-virtual-cell-atlas/scbasecount/2026-01-12/h5ad/GeneFull/Homo_sapiens/SRX26487567.h5ad,success,,PRJNA1177414
SRX26487572,arc-institute-virtual-cell-atlas/scbasecount/2026-01-12/h5ad/GeneFull/Homo_sapiens/SRX26487572.h5ad,success,,PRJNA1177414
SRX22996331,arc-institute-virtual-cell-atlas/scbasecount/2026-01-12/h5ad/GeneFull/Homo_sapiens/SRX22996331.h5ad,success,,PRJNA1055415
SRX22996320,arc-institute-virtual-cell-atlas/scbasecount/2026-01-12/h5ad/GeneFull/Homo_sapiens/SRX22996320.h5ad,success,,PRJNA1055415
SRX22996346,arc-institute-virtual-cell-atlas/scbasecount/2026-01-12/h5ad/GeneFull/Homo_sapiens/SRX22996346.h5ad,success,,PRJNA1055415
SRX22996348,arc-institute-virtual-cell-atlas/scbasecount/2026-01-12/h5ad/GeneFull/Homo_sapiens/SRX22996348.h5ad,success,,PRJNA1055415
SRX22996356,arc-institute-virtual-cell-atlas/scbasecount/2026-01-12/h5ad/GeneFull/Homo_sapiens/SRX22996356.h5ad,success,,PRJNA1055415
SRX22996378,arc-institute-virtual-cell-atlas/scbasecount/2026-01-12/h5ad/GeneFull/Homo_sapiens/SRX22996378.h5ad,success,,PRJNA1055415
SRX22996323,arc-institute-virtual-cell-atlas/scbasecount/2026-01-12/h5ad/GeneFull/Homo_sapiens/SRX22996323.h5ad,success,,PRJNA1055415
SRX22996333,arc-institute-virtual-cell-atlas/scbasecount/2026-01-12/h5ad/GeneFull/Homo_sapiens/SRX22996333.h5ad,success,,PRJNA1055415
SRX22996328,arc-institute-virtual-cell-atlas/scbasecount/2026-01-12/h5ad/GeneFull/Homo_sapiens/SRX22996328.h5ad,success,,PRJNA1055415
SRX22996369,arc-institute-virtual-cell-atlas/scbasecount/2026-01-12/h5ad/GeneFull/Homo_sapiens/SRX22996369.h5ad,success,,PRJNA1055415
SRX22996322,arc-institute-virtual-cell-atlas/scbasecount/2026-01-12/h5ad/GeneFull/Homo_sapiens/SRX22996322.h5ad,success,,PRJNA1055415
SRX24732577,arc-institute-virtual-cell-atlas/scbasecount/2026-01-12/h5ad/GeneFull/Homo_sapiens/SRX24732577.h5ad,success,,PRJNA1117768
SRX10425169,arc-institute-virtual-cell-atlas/scbasecount/2026-01-12/h5ad/GeneFull/Homo_sapiens/SRX10425169.h5ad,success,,PRJNA716656
SRX22996392,arc-institute-virtual-cell-atlas/scbasecount/2026-01-12/h5ad/GeneFull/Homo_sapiens/SRX22996392.h5ad,success,,PRJNA1055415
SRX22146401,arc-institute-virtual-cell-atlas/scbasecount/2026-01-12/h5ad/GeneFull/Homo_sapiens/SRX22146401.h5ad,skip,too_few_cells,
SRX21460119,arc-institute-virtual-cell-atlas/scbasecount/2026-01-12/h5ad/GeneFull/Homo_sapiens/SRX21460119.h5ad,success,,PRJNA1008237
SRX20221194,arc-institute-virtual-cell-atlas/scbasecount/2026-01-12/h5ad/GeneFull/Homo_sapiens/SRX20221194.h5ad,success,,PRJNA967233
SRX21460097,arc-institute-virtual-cell-atlas/scbasecount/2026-01-12/h5ad/GeneFull/Homo_sapiens/SRX21460097.h5ad,success,,PRJNA1008237
SRX22996382,arc-institute-virtual-cell-atlas/scbasecount/2026-01-12/h5ad/GeneFull/Homo_sapiens/SRX22996382.h5ad,success,,PRJNA1055415
SRX22159982,arc-institute-virtual-cell-atlas/scbasecount/2026-01-12/h5ad/GeneFull/Homo_sapiens/SRX22159982.h5ad,success,,PRJNA1030397
SRX22996352,arc-institute-virtual-cell-atlas/scbasecount/2026-01-12/h5ad/GeneFull/Homo_sapiens/SRX22996352.h5ad,success,,PRJNA1055415
SRX22996373,arc-institute-virtual-cell-atlas/scbasecount/2026-01-12/h5ad/GeneFull/Homo_sapiens/SRX22996373.h5ad,success,,PRJNA1055415
SRX19844830,arc-institute-virtual-cell-atlas/scbasecount/2026-01-12/h5ad/GeneFull/Homo_sapiens/SRX19844830.h5ad,success,,PRJNA945854
SRX17689201,arc-institute-virtual-cell-atlas/scbasecount/2026-01-12/h5ad/GeneFull/Homo_sapiens/SRX17689201.h5ad,success,,PRJNA883741
SRX22996309,arc-institute-virtual-cell-atlas/scbasecount/2026-01-12/h5ad/GeneFull/Homo_sapiens/SRX22996309.h5ad,success,,PRJNA1055415
SRX22996384,arc-institute-virtual-cell-atlas/scbasecount/2026-01-12/h5ad/GeneFull/Homo_sapiens/SRX22996384.h5ad,success,,PRJNA1055415
SRX19727430,arc-institute-virtual-cell-atlas/scbasecount/2026-01-12/h5ad/GeneFull/Homo_sapiens/SRX19727430.h5ad,success,,PRJNA946652
ERX11876757,arc-institute-virtual-cell-atlas/scbasecount/2026-01-12/h5ad/GeneFull/Homo_sapiens/ERX11876757.h5ad,success,,PRJEB71931
SRX19886043,arc-institute-virtual-cell-atlas/scbasecount/2026-01-12/h5ad/GeneFull/Homo_sapiens/SRX19886043.h5ad,success,,PRJNA952672
SRX19844849,arc-institute-virtual-cell-atlas/scbasecount/2026-01-12/h5ad/GeneFull/Homo_sapiens/SRX19844849.h5ad,success,,PRJNA945854
SRX18248067,arc-institute-virtual-cell-atlas/scbasecount/2026-01-12/h5ad/GeneFull/Homo_sapiens/SRX18248067.h5ad,success,,PRJNA901260
SRX19886032,arc-institute-virtual-cell-atlas/scbasecount/2026-01-12/h5ad/GeneFull/Homo_sapiens/SRX19886032.h5ad,success,,PRJNA952672
SRX19704124,arc-institute-virtual-cell-atlas/scbasecount/2026-01-12/h5ad/GeneFull/Homo_sapiens/SRX19704124.h5ad,skip,too_few_cells,
SRX23231247,arc-institute-virtual-cell-atlas/scbasecount/2026-01-12/h5ad/GeneFull/Homo_sapiens/SRX23231247.h5ad,success,,PRJNA1065377
SRX19886028,arc-institute-virtual-cell-atlas/scbasecount/2026-01-12/h5ad/GeneFull/Homo_sapiens/SRX19886028.h5ad,success,,PRJNA952672
SRX22996312,arc-institute-virtual-cell-atlas/scbasecount/2026-01-12/h5ad/GeneFull/Homo_sapiens/SRX22996312.h5ad,success,,PRJNA1055415
SRX22996341,arc-institute-virtual-cell-atlas/scbasecount/2026-01-12/h5ad/GeneFull/Homo_sapiens/SRX22996341.h5ad,success,,PRJNA1055415
SRX22996316,arc-institute-virtual-cell-atlas/scbasecount/2026-01-12/h5ad/GeneFull/Homo_sapiens/SRX22996316.h5ad,success,,PRJNA1055415
SRX25319036,arc-institute-virtual-cell-atlas/scbasecount/2026-01-12/h5ad/GeneFull/Homo_sapiens/SRX25319036.h5ad,success,,PRJNA1135481
SRX19844834,arc-institute-virtual-cell-atlas/scbasecount/2026-01-12/h5ad/GeneFull/Homo_sapiens/SRX19844834.h5ad,success,,PRJNA945854
SRX25038163,arc-institute-virtual-cell-atlas/scbasecount/2026-01-12/h5ad/GeneFull/Homo_sapiens/SRX25038163.h5ad,success,,PRJNA1127657
SRX19844831,arc-institute-virtual-cell-atlas/scbasecount/2026-01-12/h5ad/GeneFull/Homo_sapiens/SRX19844831.h5ad,success,,PRJNA945854
SRX19704161,arc-institute-virtual-cell-atlas/scbasecount/2026-01-12/h5ad/GeneFull/Homo_sapiens/SRX19704161.h5ad,success,,PRJNA945854
SRX22996388,arc-institute-virtual-cell-atlas/scbasecount/2026-01-12/h5ad/GeneFull/Homo_sapiens/SRX22996388.h5ad,success,,PRJNA1055415
SRX17689199,arc-institute-virtual-cell-atlas/scbasecount/2026-01-12/h5ad/GeneFull/Homo_sapiens/SRX17689199.h5ad,success,,PRJNA883741
SRX19704151,arc-institute-virtual-cell-atlas/scbasecount/2026-01-12/h5ad/GeneFull/Homo_sapiens/SRX19704151.h5ad,success,,PRJNA945854
SRX22996374,arc-institute-virtual-cell-atlas/scbasecount/2026-01-12/h5ad/GeneFull/Homo_sapiens/SRX22996374.h5ad,success,,PRJNA1055415
SRX19704122,arc-institute-virtual-cell-atlas/scbasecount/2026-01-12/h5ad/GeneFull/Homo_sapiens/SRX19704122.h5ad,success,,PRJNA945854
SRX22996339,arc-institute-virtual-cell-atlas/scbasecount/2026-01-12/h5ad/GeneFull/Homo_sapiens/SRX22996339.h5ad,success,,PRJNA1055415
SRX19886030,arc-institute-virtual-cell-atlas/scbasecount/2026-01-12/h5ad/GeneFull/Homo_sapiens/SRX19886030.h5ad,success,,PRJNA952672
SRX22996383,arc-institute-virtual-cell-atlas/scbasecount/2026-01-12/h5ad/GeneFull/Homo_sapiens/SRX22996383.h5ad,success,,PRJNA1055415
SRX22996334,arc-institute-virtual-cell-atlas/scbasecount/2026-01-12/h5ad/GeneFull/Homo_sapiens/SRX22996334.h5ad,success,,PRJNA1055415
SRX19704126,arc-institute-virtual-cell-atlas/scbasecount/2026-01-12/h5ad/GeneFull/Homo_sapiens/SRX19704126.h5ad,success,,PRJNA945854
ERX11876764,arc-institute-virtual-cell-atlas/scbasecount/2026-01-12/h5ad/GeneFull/Homo_sapiens/ERX11876764.h5ad,success,,PRJEB71931
SRX19704198,arc-institute-virtual-cell-atlas/scbasecount/2026-01-12/h5ad/GeneFull/Homo_sapiens/SRX19704198.h5ad,success,,PRJNA945854
SRX17689198,arc-institute-virtual-cell-atlas/scbasecount/2026-01-12/h5ad/GeneFull/Homo_sapiens/SRX17689198.h5ad,success,,PRJNA883741
SRX17689200,arc-institute-virtual-cell-atlas/scbasecount/2026-01-12/h5ad/GeneFull/Homo_sapiens/SRX17689200.h5ad,success,,PRJNA883741
SRX17689197,arc-institute-virtual-cell-atlas/scbasecount/2026-01-12/h5ad/GeneFull/Homo_sapiens/SRX17689197.h5ad,success,,PRJNA883741
SRX17689204,arc-institute-virtual-cell-atlas/scbasecount/2026-01-12/h5ad/GeneFull/Homo_sapiens/SRX17689204.h5ad,success,,PRJNA883741
SRX17689203,arc-institute-virtual-cell-atlas/scbasecount/2026-01-12/h5ad/GeneFull/Homo_sapiens/SRX17689203.h5ad,success,,PRJNA883741
SRX17689205,arc-institute-virtual-cell-atlas/scbasecount/2026-01-12/h5ad/GeneFull/Homo_sapiens/SRX17689205.h5ad,success,,PRJNA883741
SRX17689210,arc-institute-virtual-cell-atlas/scbasecount/2026-01-12/h5ad/GeneFull/Homo_sapiens/SRX17689210.h5ad,success,,PRJNA883741
SRX17664572,arc-institute-virtual-cell-atlas/scbasecount/2026-01-12/h5ad/GeneFull/Homo_sapiens/SRX17664572.h5ad,success,,PRJNA882878
SRX23619806,arc-institute-virtual-cell-atlas/scbasecount/2026-01-12/h5ad/GeneFull/Homo_sapiens/SRX23619806.h5ad,success,,PRJNA1076461
SRX22834774,arc-institute-virtual-cell-atlas/scbasecount/2026-01-12/h5ad/GeneFull/Homo_sapiens/SRX22834774.h5ad,success,,PRJNA1050266
SRX22226502,arc-institute-virtual-cell-atlas/scbasecount/2026-01-12/h5ad/GeneFull/Homo_sapiens/SRX22226502.h5ad,success,,PRJNA1032112
SRX22996344,arc-institute-virtual-cell-atlas/scbasecount/2026-01-12/h5ad/GeneFull/Homo_sapiens/SRX22996344.h5ad,success,,PRJNA1055415
SRX22996325,arc-institute-virtual-cell-atlas/scbasecount/2026-01-12/h5ad/GeneFull/Homo_sapiens/SRX22996325.h5ad,success,,PRJNA1055415
SRX23619807,arc-institute-virtual-cell-atlas/scbasecount/2026-01-12/h5ad/GeneFull/Homo_sapiens/SRX23619807.h5ad,success,,PRJNA1076461
SRX23619809,arc-institute-virtual-cell-atlas/scbasecount/2026-01-12/h5ad/GeneFull/Homo_sapiens/SRX23619809.h5ad,success,,PRJNA1076461
SRX23838225,arc-institute-virtual-cell-atlas/scbasecount/2026-01-12/h5ad/GeneFull/Homo_sapiens/SRX23838225.h5ad,success,,PRJNA1076461
SRX17896694,arc-institute-virtual-cell-atlas/scbasecount/2026-01-12/h5ad/GeneFull/Homo_sapiens/SRX17896694.h5ad,success,,PRJNA890673
SRX17689209,arc-institute-virtual-cell-atlas/scbasecount/2026-01-12/h5ad/GeneFull/Homo_sapiens/SRX17689209.h5ad,success,,PRJNA883741
SRX17896691,arc-institute-virtual-cell-atlas/scbasecount/2026-01-12/h5ad/GeneFull/Homo_sapiens/SRX17896691.h5ad,success,,PRJNA890673
SRX16217005,arc-institute-virtual-cell-atlas/scbasecount/2026-01-12/h5ad/GeneFull/Homo_sapiens/SRX16217005.h5ad,success,,PRJNA858410
SRX17941758,arc-institute-virtual-cell-atlas/scbasecount/2026-01-12/h5ad/GeneFull/Homo_sapiens/SRX17941758.h5ad,skip,too_few_cells,
SRX16217016,arc-institute-virtual-cell-atlas/scbasecount/2026-01-12/h5ad/GeneFull/Homo_sapiens/SRX16217016.h5ad,success,,PRJNA858410
SRX16217009,arc-institute-virtual-cell-atlas/scbasecount/2026-01-12/h5ad/GeneFull/Homo_sapiens/SRX16217009.h5ad,success,,PRJNA858410
SRX12868714,arc-institute-virtual-cell-atlas/scbasecount/2026-01-12/h5ad/GeneFull/Homo_sapiens/SRX12868714.h5ad,success,,PRJNA773987
SRX14891764,arc-institute-virtual-cell-atlas/scbasecount/2026-01-12/h5ad/GeneFull/Homo_sapiens/SRX14891764.h5ad,success,,PRJNA827791
SRX14891759,arc-institute-virtual-cell-atlas/scbasecount/2026-01-12/h5ad/GeneFull/Homo_sapiens/SRX14891759.h5ad,success,,PRJNA827791
SRX17150750,arc-institute-virtual-cell-atlas/scbasecount/2026-01-12/h5ad/GeneFull/Homo_sapiens/SRX17150750.h5ad,success,,PRJNA871210
SRX15263316,arc-institute-virtual-cell-atlas/scbasecount/2026-01-12/h5ad/GeneFull/Homo_sapiens/SRX15263316.h5ad,success,,PRJNA837899
SRX16217017,arc-institute-virtual-cell-atlas/scbasecount/2026-01-12/h5ad/GeneFull/Homo_sapiens/SRX16217017.h5ad,success,,PRJNA858410
SRX16217006,arc-institute-virtual-cell-atlas/scbasecount/2026-01-12/h5ad/GeneFull/Homo_sapiens/SRX16217006.h5ad,success,,PRJNA858410
SRX16217004,arc-institute-virtual-cell-atlas/scbasecount/2026-01-12/h5ad/GeneFull/Homo_sapiens/SRX16217004.h5ad,success,,PRJNA858410
SRX16217013,arc-institute-virtual-cell-atlas/scbasecount/2026-01-12/h5ad/GeneFull/Homo_sapiens/SRX16217013.h5ad,success,,PRJNA858410
SRX14891761,arc-institute-virtual-cell-atlas/scbasecount/2026-01-12/h5ad/GeneFull/Homo_sapiens/SRX14891761.h5ad,success,,PRJNA827791
SRX17150749,arc-institute-virtual-cell-atlas/scbasecount/2026-01-12/h5ad/GeneFull/Homo_sapiens/SRX17150749.h5ad,success,,PRJNA871210
SRX16217015,arc-institute-virtual-cell-atlas/scbasecount/2026-01-12/h5ad/GeneFull/Homo_sapiens/SRX16217015.h5ad,success,,PRJNA858410
SRX18248068,arc-institute-virtual-cell-atlas/scbasecount/2026-01-12/h5ad/GeneFull/Homo_sapiens/SRX18248068.h5ad,success,,PRJNA901260
SRX18248066,arc-institute-virtual-cell-atlas/scbasecount/2026-01-12/h5ad/GeneFull/Homo_sapiens/SRX18248066.h5ad,success,,PRJNA901260
SRX18248065,arc-institute-virtual-cell-atlas/scbasecount/2026-01-12/h5ad/GeneFull/Homo_sapiens/SRX18248065.h5ad,success,,PRJNA901260
SRX18248062,arc-institute-virtual-cell-atlas/scbasecount/2026-01-12/h5ad/GeneFull/Homo_sapiens/SRX18248062.h5ad,success,,PRJNA901260
SRX18248064,arc-institute-virtual-cell-atlas/scbasecount/2026-01-12/h5ad/GeneFull/Homo_sapiens/SRX18248064.h5ad,success,,PRJNA901260
SRX15263318,arc-institute-virtual-cell-atlas/scbasecount/2026-01-12/h5ad/GeneFull/Homo_sapiens/SRX15263318.h5ad,success,,PRJNA837899
SRX18248063,arc-institute-virtual-cell-atlas/scbasecount/2026-01-12/h5ad/GeneFull/Homo_sapiens/SRX18248063.h5ad,success,,PRJNA901260
SRX14891765,arc-institute-virtual-cell-atlas/scbasecount/2026-01-12/h5ad/GeneFull/Homo_sapiens/SRX14891765.h5ad,success,,PRJNA827791
SRX16217002,arc-institute-virtual-cell-atlas/scbasecount/2026-01-12/h5ad/GeneFull/Homo_sapiens/SRX16217002.h5ad,success,,PRJNA858410
SRX14891767,arc-institute-virtual-cell-atlas/scbasecount/2026-01-12/h5ad/GeneFull/Homo_sapiens/SRX14891767.h5ad,success,,PRJNA827791
SRX15263315,arc-institute-virtual-cell-atlas/scbasecount/2026-01-12/h5ad/GeneFull/Homo_sapiens/SRX15263315.h5ad,success,,PRJNA837899
SRX12868715,arc-institute-virtual-cell-atlas/scbasecount/2026-01-12/h5ad/GeneFull/Homo_sapiens/SRX12868715.h5ad,success,,PRJNA773987
SRX12868717,arc-institute-virtual-cell-atlas/scbasecount/2026-01-12/h5ad/GeneFull/Homo_sapiens/SRX12868717.h5ad,success,,PRJNA773987
SRX17035589,arc-institute-virtual-cell-atlas/scbasecount/2026-01-12/h5ad/GeneFull/Homo_sapiens/SRX17035589.h5ad,success,,PRJNA868764
SRX17137139,arc-institute-virtual-cell-atlas/scbasecount/2026-01-12/h5ad/GeneFull/Homo_sapiens/SRX17137139.h5ad,success,,PRJNA870911
ERX4409913,arc-institute-virtual-cell-atlas/scbasecount/2026-01-12/h5ad/GeneFull/Homo_sapiens/ERX4409913.h5ad,success,,PRJEB39956
SRX16217012,arc-institute-virtual-cell-atlas/scbasecount/2026-01-12/h5ad/GeneFull/Homo_sapiens/SRX16217012.h5ad,success,,PRJNA858410
SRX14891769,arc-institute-virtual-cell-atlas/scbasecount/2026-01-12/h5ad/GeneFull/Homo_sapiens/SRX14891769.h5ad,success,,PRJNA827791
SRX16217003,arc-institute-virtual-cell-atlas/scbasecount/2026-01-12/h5ad/GeneFull/Homo_sapiens/SRX16217003.h5ad,success,,PRJNA858410
SRX16217007,arc-institute-virtual-cell-atlas/scbasecount/2026-01-12/h5ad/GeneFull/Homo_sapiens/SRX16217007.h5ad,success,,PRJNA858410
SRX16217010,arc-institute-virtual-cell-atlas/scbasecount/2026-01-12/h5ad/GeneFull/Homo_sapiens/SRX16217010.h5ad,success,,PRJNA858410
SRX12868713,arc-institute-virtual-cell-atlas/scbasecount/2026-01-12/h5ad/GeneFull/Homo_sapiens/SRX12868713.h5ad,success,,PRJNA773987
SRX12868721,arc-institute-virtual-cell-atlas/scbasecount/2026-01-12/h5ad/GeneFull/Homo_sapiens/SRX12868721.h5ad,success,,PRJNA773987
SRX15263317,arc-institute-virtual-cell-atlas/scbasecount/2026-01-12/h5ad/GeneFull/Homo_sapiens/SRX15263317.h5ad,success,,PRJNA837899
SRX12868712,arc-institute-virtual-cell-atlas/scbasecount/2026-01-12/h5ad/GeneFull/Homo_sapiens/SRX12868712.h5ad,success,,PRJNA773987
SRX18965979,arc-institute-virtual-cell-atlas/scbasecount/2026-01-12/h5ad/GeneFull/Homo_sapiens/SRX18965979.h5ad,success,,PRJNA919922
SRX14891760,arc-institute-virtual-cell-atlas/scbasecount/2026-01-12/h5ad/GeneFull/Homo_sapiens/SRX14891760.h5ad,success,,PRJNA827791
SRX12868719,arc-institute-virtual-cell-atlas/scbasecount/2026-01-12/h5ad/GeneFull/Homo_sapiens/SRX12868719.h5ad,success,,PRJNA773987
SRX14891762,arc-institute-virtual-cell-atlas/scbasecount/2026-01-12/h5ad/GeneFull/Homo_sapiens/SRX14891762.h5ad,success,,PRJNA827791
SRX19215444,arc-institute-virtual-cell-atlas/scbasecount/2026-01-12/h5ad/GeneFull/Homo_sapiens/SRX19215444.h5ad,success,,PRJNA929481
SRX19264641,arc-institute-virtual-cell-atlas/scbasecount/2026-01-12/h5ad/GeneFull/Homo_sapiens/SRX19264641.h5ad,success,,PRJNA930840
SRX19704127,arc-institute-virtual-cell-atlas/scbasecount/2026-01-12/h5ad/GeneFull/Homo_sapiens/SRX19704127.h5ad,success,,PRJNA945854
SRX19704147,arc-institute-virtual-cell-atlas/scbasecount/2026-01-12/h5ad/GeneFull/Homo_sapiens/SRX19704147.h5ad,success,,PRJNA945854
SRX19704149,arc-institute-virtual-cell-atlas/scbasecount/2026-01-12/h5ad/GeneFull/Homo_sapiens/SRX19704149.h5ad,success,,PRJNA945854
SRX19704169,arc-institute-virtual-cell-atlas/scbasecount/2026-01-12/h5ad/GeneFull/Homo_sapiens/SRX19704169.h5ad,success,,PRJNA945854
SRX19704128,arc-institute-virtual-cell-atlas/scbasecount/2026-01-12/h5ad/GeneFull/Homo_sapiens/SRX19704128.h5ad,success,,PRJNA945854
SRX19704148,arc-institute-virtual-cell-atlas/scbasecount/2026-01-12/h5ad/GeneFull/Homo_sapiens/SRX19704148.h5ad,success,,PRJNA945854
SRX19704188,arc-institute-virtual-cell-atlas/scbasecount/2026-01-12/h5ad/GeneFull/Homo_sapiens/SRX19704188.h5ad,success,,PRJNA945854
SRX19704159,arc-institute-virtual-cell-atlas/scbasecount/2026-01-12/h5ad/GeneFull/Homo_sapiens/SRX19704159.h5ad,success,,PRJNA945854
SRX19704164,arc-institute-virtual-cell-atlas/scbasecount/2026-01-12/h5ad/GeneFull/Homo_sapiens/SRX19704164.h5ad,success,,PRJNA945854
SRX19704166,arc-institute-virtual-cell-atlas/scbasecount/2026-01-12/h5ad/GeneFull/Homo_sapiens/SRX19704166.h5ad,success,,PRJNA945854
SRX19730968,arc-institute-virtual-cell-atlas/scbasecount/2026-01-12/h5ad/GeneFull/Homo_sapiens/SRX19730968.h5ad,success,,PRJNA934540
SRX19704139,arc-institute-virtual-cell-atlas/scbasecount/2026-01-12/h5ad/GeneFull/Homo_sapiens/SRX19704139.h5ad,success,,PRJNA945854
SRX19704165,arc-institute-virtual-cell-atlas/scbasecount/2026-01-12/h5ad/GeneFull/Homo_sapiens/SRX19704165.h5ad,success,,PRJNA945854
SRX19704156,arc-institute-virtual-cell-atlas/scbasecount/2026-01-12/h5ad/GeneFull/Homo_sapiens/SRX19704156.h5ad,success,,PRJNA945854
SRX19704157,arc-institute-virtual-cell-atlas/scbasecount/2026-01-12/h5ad/GeneFull/Homo_sapiens/SRX19704157.h5ad,success,,PRJNA945854
SRX19704170,arc-institute-virtual-cell-atlas/scbasecount/2026-01-12/h5ad/GeneFull/Homo_sapiens/SRX19704170.h5ad,success,,PRJNA945854
SRX19730933,arc-institute-virtual-cell-atlas/scbasecount/2026-01-12/h5ad/GeneFull/Homo_sapiens/SRX19730933.h5ad,success,,PRJNA934540
SRX19704142,arc-institute-virtual-cell-atlas/scbasecount/2026-01-12/h5ad/GeneFull/Homo_sapiens/SRX19704142.h5ad,success,,PRJNA945854
SRX19704160,arc-institute-virtual-cell-atlas/scbasecount/2026-01-12/h5ad/GeneFull/Homo_sapiens/SRX19704160.h5ad,success,,PRJNA945854
SRX19704197,arc-institute-virtual-cell-atlas/scbasecount/2026-01-12/h5ad/GeneFull/Homo_sapiens/SRX19704197.h5ad,success,,PRJNA945854
SRX19704162,arc-institute-virtual-cell-atlas/scbasecount/2026-01-12/h5ad/GeneFull/Homo_sapiens/SRX19704162.h5ad,success,,PRJNA945854
SRX19727434,arc-institute-virtual-cell-atlas/scbasecount/2026-01-12/h5ad/GeneFull/Homo_sapiens/SRX19727434.h5ad,success,,PRJNA946652
SRX19727429,arc-institute-virtual-cell-atlas/scbasecount/2026-01-12/h5ad/GeneFull/Homo_sapiens/SRX19727429.h5ad,success,,PRJNA946652
SRX19727435,arc-institute-virtual-cell-atlas/scbasecount/2026-01-12/h5ad/GeneFull/Homo_sapiens/SRX19727435.h5ad,success,,PRJNA946652
SRX19730934,arc-institute-virtual-cell-atlas/scbasecount/2026-01-12/h5ad/GeneFull/Homo_sapiens/SRX19730934.h5ad,success,,PRJNA934540
SRX19704196,arc-institute-virtual-cell-atlas/scbasecount/2026-01-12/h5ad/GeneFull/Homo_sapiens/SRX19704196.h5ad,success,,PRJNA945854
SRX19704179,arc-institute-virtual-cell-atlas/scbasecount/2026-01-12/h5ad/GeneFull/Homo_sapiens/SRX19704179.h5ad,success,,PRJNA945854
SRX19727431,arc-institute-virtual-cell-atlas/scbasecount/2026-01-12/h5ad/GeneFull/Homo_sapiens/SRX19727431.h5ad,success,,PRJNA946652
SRX19704180,arc-institute-virtual-cell-atlas/scbasecount/2026-01-12/h5ad/GeneFull/Homo_sapiens/SRX19704180.h5ad,success,,PRJNA945854
SRX19727428,arc-institute-virtual-cell-atlas/scbasecount/2026-01-12/h5ad/GeneFull/Homo_sapiens/SRX19727428.h5ad,success,,PRJNA946652
SRX19704171,arc-institute-virtual-cell-atlas/scbasecount/2026-01-12/h5ad/GeneFull/Homo_sapiens/SRX19704171.h5ad,success,,PRJNA945854
SRX19704186,arc-institute-virtual-cell-atlas/scbasecount/2026-01-12/h5ad/GeneFull/Homo_sapiens/SRX19704186.h5ad,success,,PRJNA945854
SRX19704181,arc-institute-virtual-cell-atlas/scbasecount/2026-01-12/h5ad/GeneFull/Homo_sapiens/SRX19704181.h5ad,success,,PRJNA945854
SRX19844846,arc-institute-virtual-cell-atlas/scbasecount/2026-01-12/h5ad/GeneFull/Homo_sapiens/SRX19844846.h5ad,success,,PRJNA945854
SRX19844825,arc-institute-virtual-cell-atlas/scbasecount/2026-01-12/h5ad/GeneFull/Homo_sapiens/SRX19844825.h5ad,success,,PRJNA945854
SRX19844838,arc-institute-virtual-cell-atlas/scbasecount/2026-01-12/h5ad/GeneFull/Homo_sapiens/SRX19844838.h5ad,success,,PRJNA945854
SRX19844819,arc-institute-virtual-cell-atlas/scbasecount/2026-01-12/h5ad/GeneFull/Homo_sapiens/SRX19844819.h5ad,success,,PRJNA945854
SRX19844818,arc-institute-virtual-cell-atlas/scbasecount/2026-01-12/h5ad/GeneFull/Homo_sapiens/SRX19844818.h5ad,success,,PRJNA945854
SRX19844821,arc-institute-virtual-cell-atlas/scbasecount/2026-01-12/h5ad/GeneFull/Homo_sapiens/SRX19844821.h5ad,success,,PRJNA945854
SRX19844832,arc-institute-virtual-cell-atlas/scbasecount/2026-01-12/h5ad/GeneFull/Homo_sapiens/SRX19844832.h5ad,success,,PRJNA945854
SRX14891756,arc-institute-virtual-cell-atlas/scbasecount/2026-01-12/h5ad/GeneFull/Homo_sapiens/SRX14891756.h5ad,success,,PRJNA827791
SRX19836244,arc-institute-virtual-cell-atlas/scbasecount/2026-01-12/h5ad/GeneFull/Homo_sapiens/SRX19836244.h5ad,success,,PRJNA950922
SRX19844837,arc-institute-virtual-cell-atlas/scbasecount/2026-01-12/h5ad/GeneFull/Homo_sapiens/SRX19844837.h5ad,success,,PRJNA945854
SRX19844835,arc-institute-virtual-cell-atlas/scbasecount/2026-01-12/h5ad/GeneFull/Homo_sapiens/SRX19844835.h5ad,success,,PRJNA945854
SRX19844836,arc-institute-virtual-cell-atlas/scbasecount/2026-01-12/h5ad/GeneFull/Homo_sapiens/SRX19844836.h5ad,success,,PRJNA945854
SRX19844823,arc-institute-virtual-cell-atlas/scbasecount/2026-01-12/h5ad/GeneFull/Homo_sapiens/SRX19844823.h5ad,success,,PRJNA945854
SRX19844822,arc-institute-virtual-cell-atlas/scbasecount/2026-01-12/h5ad/GeneFull/Homo_sapiens/SRX19844822.h5ad,success,,PRJNA945854
SRX19886046,arc-institute-virtual-cell-atlas/scbasecount/2026-01-12/h5ad/GeneFull/Homo_sapiens/SRX19886046.h5ad,success,,PRJNA952672
SRX19886045,arc-institute-virtual-cell-atlas/scbasecount/2026-01-12/h5ad/GeneFull/Homo_sapiens/SRX19886045.h5ad,success,,PRJNA952672
SRX19886027,arc-institute-virtual-cell-atlas/scbasecount/2026-01-12/h5ad/GeneFull/Homo_sapiens/SRX19886027.h5ad,success,,PRJNA952672
SRX19844848,arc-institute-virtual-cell-atlas/scbasecount/2026-01-12/h5ad/GeneFull/Homo_sapiens/SRX19844848.h5ad,success,,PRJNA945854
SRX19844828,arc-institute-virtual-cell-atlas/scbasecount/2026-01-12/h5ad/GeneFull/Homo_sapiens/SRX19844828.h5ad,success,,PRJNA945854
SRX19886023,arc-institute-virtual-cell-atlas/scbasecount/2026-01-12/h5ad/GeneFull/Homo_sapiens/SRX19886023.h5ad,success,,PRJNA952672
SRX19886022,arc-institute-virtual-cell-atlas/scbasecount/2026-01-12/h5ad/GeneFull/Homo_sapiens/SRX19886022.h5ad,success,,PRJNA952672
SRX19886031,arc-institute-virtual-cell-atlas/scbasecount/2026-01-12/h5ad/GeneFull/Homo_sapiens/SRX19886031.h5ad,success,,PRJNA952672
SRX19886040,arc-institute-virtual-cell-atlas/scbasecount/2026-01-12/h5ad/GeneFull/Homo_sapiens/SRX19886040.h5ad,success,,PRJNA952672
SRX19886029,arc-institute-virtual-cell-atlas/scbasecount/2026-01-12/h5ad/GeneFull/Homo_sapiens/SRX19886029.h5ad,success,,PRJNA952672
SRX19886042,arc-institute-virtual-cell-atlas/scbasecount/2026-01-12/h5ad/GeneFull/Homo_sapiens/SRX19886042.h5ad,success,,PRJNA952672
SRX19886039,arc-institute-virtual-cell-atlas/scbasecount/2026-01-12/h5ad/GeneFull/Homo_sapiens/SRX19886039.h5ad,success,,PRJNA952672
SRX19886037,arc-institute-virtual-cell-atlas/scbasecount/2026-01-12/h5ad/GeneFull/Homo_sapiens/SRX19886037.h5ad,success,,PRJNA952672
SRX19886035,arc-institute-virtual-cell-atlas/scbasecount/2026-01-12/h5ad/GeneFull/Homo_sapiens/SRX19886035.h5ad,success,,PRJNA952672
SRX19886050,arc-institute-virtual-cell-atlas/scbasecount/2026-01-12/h5ad/GeneFull/Homo_sapiens/SRX19886050.h5ad,success,,PRJNA952672
SRX19886034,arc-institute-virtual-cell-atlas/scbasecount/2026-01-12/h5ad/GeneFull/Homo_sapiens/SRX19886034.h5ad,success,,PRJNA952672
SRX19844824,arc-institute-virtual-cell-atlas/scbasecount/2026-01-12/h5ad/GeneFull/Homo_sapiens/SRX19844824.h5ad,success,,PRJNA945854
SRX19886049,arc-institute-virtual-cell-atlas/scbasecount/2026-01-12/h5ad/GeneFull/Homo_sapiens/SRX19886049.h5ad,success,,PRJNA952672
SRX19704152,arc-institute-virtual-cell-atlas/scbasecount/2026-01-12/h5ad/GeneFull/Homo_sapiens/SRX19704152.h5ad,success,,PRJNA945854
SRX20407494,arc-institute-virtual-cell-atlas/scbasecount/2026-01-12/h5ad/GeneFull/Homo_sapiens/SRX20407494.h5ad,success,,PRJNA973717
SRX20407493,arc-institute-virtual-cell-atlas/scbasecount/2026-01-12/h5ad/GeneFull/Homo_sapiens/SRX20407493.h5ad,success,,PRJNA973717
SRX20407497,arc-institute-virtual-cell-atlas/scbasecount/2026-01-12/h5ad/GeneFull/Homo_sapiens/SRX20407497.h5ad,success,,PRJNA973717
SRX20407499,arc-institute-virtual-cell-atlas/scbasecount/2026-01-12/h5ad/GeneFull/Homo_sapiens/SRX20407499.h5ad,success,,PRJNA973717
SRX19704193,arc-institute-virtual-cell-atlas/scbasecount/2026-01-12/h5ad/GeneFull/Homo_sapiens/SRX19704193.h5ad,success,,PRJNA945854
SRX19727432,arc-institute-virtual-cell-atlas/scbasecount/2026-01-12/h5ad/GeneFull/Homo_sapiens/SRX19727432.h5ad,success,,PRJNA946652
SRX19704145,arc-institute-virtual-cell-atlas/scbasecount/2026-01-12/h5ad/GeneFull/Homo_sapiens/SRX19704145.h5ad,success,,PRJNA945854
SRX19704143,arc-institute-virtual-cell-atlas/scbasecount/2026-01-12/h5ad/GeneFull/Homo_sapiens/SRX19704143.h5ad,success,,PRJNA945854
SRX19704194,arc-institute-virtual-cell-atlas/scbasecount/2026-01-12/h5ad/GeneFull/Homo_sapiens/SRX19704194.h5ad,success,,PRJNA945854
SRX19704144,arc-institute-virtual-cell-atlas/scbasecount/2026-01-12/h5ad/GeneFull/Homo_sapiens/SRX19704144.h5ad,success,,PRJNA945854
SRX20970826,arc-institute-virtual-cell-atlas/scbasecount/2026-01-12/h5ad/GeneFull/Homo_sapiens/SRX20970826.h5ad,success,,PRJNA993165
SRX20612052,arc-institute-virtual-cell-atlas/scbasecount/2026-01-12/h5ad/GeneFull/Homo_sapiens/SRX20612052.h5ad,success,,PRJNA980643
SRX21808827,arc-institute-virtual-cell-atlas/scbasecount/2026-01-12/h5ad/GeneFull/Homo_sapiens/SRX21808827.h5ad,success,,PRJNA1018509
SRX24275202,arc-institute-virtual-cell-atlas/scbasecount/2026-01-12/h5ad/GeneFull/Homo_sapiens/SRX24275202.h5ad,success,,PRJNA1100571
SRX22130035,arc-institute-virtual-cell-atlas/scbasecount/2026-01-12/h5ad/GeneFull/Homo_sapiens/SRX22130035.h5ad,success,,PRJNA1029622
SRX21897876,arc-institute-virtual-cell-atlas/scbasecount/2026-01-12/h5ad/GeneFull/Homo_sapiens/SRX21897876.h5ad,success,,PRJNA1021137
SRX21808834,arc-institute-virtual-cell-atlas/scbasecount/2026-01-12/h5ad/GeneFull/Homo_sapiens/SRX21808834.h5ad,success,,PRJNA1018509
SRX22478206,arc-institute-virtual-cell-atlas/scbasecount/2026-01-12/h5ad/GeneFull/Homo_sapiens/SRX22478206.h5ad,success,,PRJNA1037570
SRX21203377,arc-institute-virtual-cell-atlas/scbasecount/2026-01-12/h5ad/GeneFull/Homo_sapiens/SRX21203377.h5ad,success,,PRJNA1000503
SRX22836420,arc-institute-virtual-cell-atlas/scbasecount/2026-01-12/h5ad/GeneFull/Homo_sapiens/SRX22836420.h5ad,success,,PRJNA1050294
SRX22226494,arc-institute-virtual-cell-atlas/scbasecount/2026-01-12/h5ad/GeneFull/Homo_sapiens/SRX22226494.h5ad,success,,PRJNA1032112
SRX22226496,arc-institute-virtual-cell-atlas/scbasecount/2026-01-12/h5ad/GeneFull/Homo_sapiens/SRX22226496.h5ad,success,,PRJNA1032112
SRX22226498,arc-institute-virtual-cell-atlas/scbasecount/2026-01-12/h5ad/GeneFull/Homo_sapiens/SRX22226498.h5ad,success,,PRJNA1032112
SRX22226500,arc-institute-virtual-cell-atlas/scbasecount/2026-01-12/h5ad/GeneFull/Homo_sapiens/SRX22226500.h5ad,success,,PRJNA1032112
SRX22226492,arc-institute-virtual-cell-atlas/scbasecount/2026-01-12/h5ad/GeneFull/Homo_sapiens/SRX22226492.h5ad,success,,PRJNA1032112
SRX23331468,arc-institute-virtual-cell-atlas/scbasecount/2026-01-12/h5ad/GeneFull/Homo_sapiens/SRX23331468.h5ad,skip,excessive_cell_dropout,
SRX22996311,arc-institute-virtual-cell-atlas/scbasecount/2026-01-12/h5ad/GeneFull/Homo_sapiens/SRX22996311.h5ad,success,,PRJNA1055415
SRX22996313,arc-institute-virtual-cell-atlas/scbasecount/2026-01-12/h5ad/GeneFull/Homo_sapiens/SRX22996313.h5ad,success,,PRJNA1055415
SRX22996364,arc-institute-virtual-cell-atlas/scbasecount/2026-01-12/h5ad/GeneFull/Homo_sapiens/SRX22996364.h5ad,success,,PRJNA1055415
SRX23331472,arc-institute-virtual-cell-atlas/scbasecount/2026-01-12/h5ad/GeneFull/Homo_sapiens/SRX23331472.h5ad,success,,PRJNA1066790
SRX22996380,arc-institute-virtual-cell-atlas/scbasecount/2026-01-12/h5ad/GeneFull/Homo_sapiens/SRX22996380.h5ad,success,,PRJNA1055415
SRX22996391,arc-institute-virtual-cell-atlas/scbasecount/2026-01-12/h5ad/GeneFull/Homo_sapiens/SRX22996391.h5ad,success,,PRJNA1055415
SRX22996381,arc-institute-virtual-cell-atlas/scbasecount/2026-01-12/h5ad/GeneFull/Homo_sapiens/SRX22996381.h5ad,success,,PRJNA1055415
SRX22996393,arc-institute-virtual-cell-atlas/scbasecount/2026-01-12/h5ad/GeneFull/Homo_sapiens/SRX22996393.h5ad,success,,PRJNA1055415
SRX22996361,arc-institute-virtual-cell-atlas/scbasecount/2026-01-12/h5ad/GeneFull/Homo_sapiens/SRX22996361.h5ad,success,,PRJNA1055415
SRX22996397,arc-institute-virtual-cell-atlas/scbasecount/2026-01-12/h5ad/GeneFull/Homo_sapiens/SRX22996397.h5ad,success,,PRJNA1055415
SRX22996353,arc-institute-virtual-cell-atlas/scbasecount/2026-01-12/h5ad/GeneFull/Homo_sapiens/SRX22996353.h5ad,success,,PRJNA1055415
SRX22996363,arc-institute-virtual-cell-atlas/scbasecount/2026-01-12/h5ad/GeneFull/Homo_sapiens/SRX22996363.h5ad,success,,PRJNA1055415
SRX23395179,arc-institute-virtual-cell-atlas/scbasecount/2026-01-12/h5ad/GeneFull/Homo_sapiens/SRX23395179.h5ad,success,,PRJNA1069102
SRX22996354,arc-institute-virtual-cell-atlas/scbasecount/2026-01-12/h5ad/GeneFull/Homo_sapiens/SRX22996354.h5ad,success,,PRJNA1055415
SRX23331471,arc-institute-virtual-cell-atlas/scbasecount/2026-01-12/h5ad/GeneFull/Homo_sapiens/SRX23331471.h5ad,success,,PRJNA1066790
SRX23395191,arc-institute-virtual-cell-atlas/scbasecount/2026-01-12/h5ad/GeneFull/Homo_sapiens/SRX23395191.h5ad,success,,PRJNA1069102
SRX22996368,arc-institute-virtual-cell-atlas/scbasecount/2026-01-12/h5ad/GeneFull/Homo_sapiens/SRX22996368.h5ad,success,,PRJNA1055415
SRX22996367,arc-institute-virtual-cell-atlas/scbasecount/2026-01-12/h5ad/GeneFull/Homo_sapiens/SRX22996367.h5ad,success,,PRJNA1055415
SRX21256826,arc-institute-virtual-cell-atlas/scbasecount/2026-01-12/h5ad/GeneFull/Homo_sapiens/SRX21256826.h5ad,success,,PRJNA1002309
SRX22996349,arc-institute-virtual-cell-atlas/scbasecount/2026-01-12/h5ad/GeneFull/Homo_sapiens/SRX22996349.h5ad,success,,PRJNA1055415
SRX22996345,arc-institute-virtual-cell-atlas/scbasecount/2026-01-12/h5ad/GeneFull/Homo_sapiens/SRX22996345.h5ad,success,,PRJNA1055415
SRX22996347,arc-institute-virtual-cell-atlas/scbasecount/2026-01-12/h5ad/GeneFull/Homo_sapiens/SRX22996347.h5ad,success,,PRJNA1055415
SRX23395192,arc-institute-virtual-cell-atlas/scbasecount/2026-01-12/h5ad/GeneFull/Homo_sapiens/SRX23395192.h5ad,success,,PRJNA1069102
SRX22996371,arc-institute-virtual-cell-atlas/scbasecount/2026-01-12/h5ad/GeneFull/Homo_sapiens/SRX22996371.h5ad,success,,PRJNA1055415
SRX22996376,arc-institute-virtual-cell-atlas/scbasecount/2026-01-12/h5ad/GeneFull/Homo_sapiens/SRX22996376.h5ad,success,,PRJNA1055415
SRX22996395,arc-institute-virtual-cell-atlas/scbasecount/2026-01-12/h5ad/GeneFull/Homo_sapiens/SRX22996395.h5ad,success,,PRJNA1055415
SRX22996394,arc-institute-virtual-cell-atlas/scbasecount/2026-01-12/h5ad/GeneFull/Homo_sapiens/SRX22996394.h5ad,success,,PRJNA1055415
SRX22996358,arc-institute-virtual-cell-atlas/scbasecount/2026-01-12/h5ad/GeneFull/Homo_sapiens/SRX22996358.h5ad,success,,PRJNA1055415
SRX22996359,arc-institute-virtual-cell-atlas/scbasecount/2026-01-12/h5ad/GeneFull/Homo_sapiens/SRX22996359.h5ad,success,,PRJNA1055415
SRX22996355,arc-institute-virtual-cell-atlas/scbasecount/2026-01-12/h5ad/GeneFull/Homo_sapiens/SRX22996355.h5ad,success,,PRJNA1055415
SRX22996365,arc-institute-virtual-cell-atlas/scbasecount/2026-01-12/h5ad/GeneFull/Homo_sapiens/SRX22996365.h5ad,success,,PRJNA1055415
SRX23331463,arc-institute-virtual-cell-atlas/scbasecount/2026-01-12/h5ad/GeneFull/Homo_sapiens/SRX23331463.h5ad,success,,PRJNA1066790
SRX23395188,arc-institute-virtual-cell-atlas/scbasecount/2026-01-12/h5ad/GeneFull/Homo_sapiens/SRX23395188.h5ad,success,,PRJNA1069102
SRX22996337,arc-institute-virtual-cell-atlas/scbasecount/2026-01-12/h5ad/GeneFull/Homo_sapiens/SRX22996337.h5ad,success,,PRJNA1055415
SRX23395184,arc-institute-virtual-cell-atlas/scbasecount/2026-01-12/h5ad/GeneFull/Homo_sapiens/SRX23395184.h5ad,success,,PRJNA1069102
SRX22996387,arc-institute-virtual-cell-atlas/scbasecount/2026-01-12/h5ad/GeneFull/Homo_sapiens/SRX22996387.h5ad,success,,PRJNA1055415
SRX22996386,arc-institute-virtual-cell-atlas/scbasecount/2026-01-12/h5ad/GeneFull/Homo_sapiens/SRX22996386.h5ad,success,,PRJNA1055415
SRX17412852,arc-institute-virtual-cell-atlas/scbasecount/2026-01-12/h5ad/GeneFull/Homo_sapiens/SRX17412852.h5ad,success,,PRJNA563828
SRX25038161,arc-institute-virtual-cell-atlas/scbasecount/2026-01-12/h5ad/GeneFull/Homo_sapiens/SRX25038161.h5ad,success,,PRJNA1127657
SRX25038162,arc-institute-virtual-cell-atlas/scbasecount/2026-01-12/h5ad/GeneFull/Homo_sapiens/SRX25038162.h5ad,success,,PRJNA1127657
SRX25038164,arc-institute-virtual-cell-atlas/scbasecount/2026-01-12/h5ad/GeneFull/Homo_sapiens/SRX25038164.h5ad,success,,PRJNA1127657
SRX25038165,arc-institute-virtual-cell-atlas/scbasecount/2026-01-12/h5ad/GeneFull/Homo_sapiens/SRX25038165.h5ad,success,,PRJNA1127657
SRX25038167,arc-institute-virtual-cell-atlas/scbasecount/2026-01-12/h5ad/GeneFull/Homo_sapiens/SRX25038167.h5ad,success,,PRJNA1127657
SRX25038169,arc-institute-virtual-cell-atlas/scbasecount/2026-01-12/h5ad/GeneFull/Homo_sapiens/SRX25038169.h5ad,success,,PRJNA1127657
SRX25038171,arc-institute-virtual-cell-atlas/scbasecount/2026-01-12/h5ad/GeneFull/Homo_sapiens/SRX25038171.h5ad,success,,PRJNA1127657
SRX24841614,arc-institute-virtual-cell-atlas/scbasecount/2026-01-12/h5ad/GeneFull/Homo_sapiens/SRX24841614.h5ad,success,,PRJNA1121368
SRX24841615,arc-institute-virtual-cell-atlas/scbasecount/2026-01-12/h5ad/GeneFull/Homo_sapiens/SRX24841615.h5ad,success,,PRJNA1121368
ERX11876759,arc-institute-virtual-cell-atlas/scbasecount/2026-01-12/h5ad/GeneFull/Homo_sapiens/ERX11876759.h5ad,success,,PRJEB71931
SRX22996330,arc-institute-virtual-cell-atlas/scbasecount/2026-01-12/h5ad/GeneFull/Homo_sapiens/SRX22996330.h5ad,success,,PRJNA1055415
SRX22996327,arc-institute-virtual-cell-atlas/scbasecount/2026-01-12/h5ad/GeneFull/Homo_sapiens/SRX22996327.h5ad,success,,PRJNA1055415
SRX22996315,arc-institute-virtual-cell-atlas/scbasecount/2026-01-12/h5ad/GeneFull/Homo_sapiens/SRX22996315.h5ad,success,,PRJNA1055415
SRX22996342,arc-institute-virtual-cell-atlas/scbasecount/2026-01-12/h5ad/GeneFull/Homo_sapiens/SRX22996342.h5ad,success,,PRJNA1055415
SRX22996319,arc-institute-virtual-cell-atlas/scbasecount/2026-01-12/h5ad/GeneFull/Homo_sapiens/SRX22996319.h5ad,success,,PRJNA1055415
SRX22996318,arc-institute-virtual-cell-atlas/scbasecount/2026-01-12/h5ad/GeneFull/Homo_sapiens/SRX22996318.h5ad,success,,PRJNA1055415
SRX22996338,arc-institute-virtual-cell-atlas/scbasecount/2026-01-12/h5ad/GeneFull/Homo_sapiens/SRX22996338.h5ad,success,,PRJNA1055415
SRX26487585,arc-institute-virtual-cell-atlas/scbasecount/2026-01-12/h5ad/GeneFull/Homo_sapiens/SRX26487585.h5ad,success,,PRJNA1177414
SRX26487593,arc-institute-virtual-cell-atlas/scbasecount/2026-01-12/h5ad/GeneFull/Homo_sapiens/SRX26487593.h5ad,success,,PRJNA1177414
SRX26487581,arc-institute-virtual-cell-atlas/scbasecount/2026-01-12/h5ad/GeneFull/Homo_sapiens/SRX26487581.h5ad,skip,excessive_cell_dropout,
SRX25318272,arc-institute-virtual-cell-atlas/scbasecount/2026-01-12/h5ad/GeneFull/Homo_sapiens/SRX25318272.h5ad,success,,PRJNA1135480
SRX26487595,arc-institute-virtual-cell-atlas/scbasecount/2026-01-12/h5ad/GeneFull/Homo_sapiens/SRX26487595.h5ad,success,,PRJNA1177414
SRX26487569,arc-institute-virtual-cell-atlas/scbasecount/2026-01-12/h5ad/GeneFull/Homo_sapiens/SRX26487569.h5ad,success,,PRJNA1177414
SRX26487586,arc-institute-virtual-cell-atlas/scbasecount/2026-01-12/h5ad/GeneFull/Homo_sapiens/SRX26487586.h5ad,success,,PRJNA1177414
SRX26487598,arc-institute-virtual-cell-atlas/scbasecount/2026-01-12/h5ad/GeneFull/Homo_sapiens/SRX26487598.h5ad,success,,PRJNA1177414
SRX26487582,arc-institute-virtual-cell-atlas/scbasecount/2026-01-12/h5ad/GeneFull/Homo_sapiens/SRX26487582.h5ad,success,,PRJNA1177414
SRX24841617,arc-institute-virtual-cell-atlas/scbasecount/2026-01-12/h5ad/GeneFull/Homo_sapiens/SRX24841617.h5ad,success,,PRJNA1121368
SRX26487573,arc-institute-virtual-cell-atlas/scbasecount/2026-01-12/h5ad/GeneFull/Homo_sapiens/SRX26487573.h5ad,success,,PRJNA1177414
SRX24841618,arc-institute-virtual-cell-atlas/scbasecount/2026-01-12/h5ad/GeneFull/Homo_sapiens/SRX24841618.h5ad,success,,PRJNA1121368
SRX26487568,arc-institute-virtual-cell-atlas/scbasecount/2026-01-12/h5ad/GeneFull/Homo_sapiens/SRX26487568.h5ad,skip,excessive_cell_dropout,
SRX26487584,arc-institute-virtual-cell-atlas/scbasecount/2026-01-12/h5ad/GeneFull/Homo_sapiens/SRX26487584.h5ad,success,,PRJNA1177414
SRX26487587,arc-institute-virtual-cell-atlas/scbasecount/2026-01-12/h5ad/GeneFull/Homo_sapiens/SRX26487587.h5ad,skip,excessive_cell_dropout,
SRX26487562,arc-institute-virtual-cell-atlas/scbasecount/2026-01-12/h5ad/GeneFull/Homo_sapiens/SRX26487562.h5ad,success,,PRJNA1177414
SRX26487592,arc-institute-virtual-cell-atlas/scbasecount/2026-01-12/h5ad/GeneFull/Homo_sapiens/SRX26487592.h5ad,success,,PRJNA1177414
SRX26487594,arc-institute-virtual-cell-atlas/scbasecount/2026-01-12/h5ad/GeneFull/Homo_sapiens/SRX26487594.h5ad,success,,PRJNA1177414
SRX11143430,arc-institute-virtual-cell-atlas/scbasecount/2026-01-12/h5ad/GeneFull/Homo_sapiens/SRX11143430.h5ad,success,,PRJNA634136
SRX10957183,arc-institute-virtual-cell-atlas/scbasecount/2026-01-12/h5ad/GeneFull/Homo_sapiens/SRX10957183.h5ad,success,,PRJNA731910
SRX11987912,arc-institute-virtual-cell-atlas/scbasecount/2026-01-12/h5ad/GeneFull/Homo_sapiens/SRX11987912.h5ad,success,,PRJNA759630
SRX12571167,arc-institute-virtual-cell-atlas/scbasecount/2026-01-12/h5ad/GeneFull/Homo_sapiens/SRX12571167.h5ad,success,,PRJNA770341
ERX11876752,arc-institute-virtual-cell-atlas/scbasecount/2026-01-12/h5ad/GeneFull/Homo_sapiens/ERX11876752.h5ad,success,,PRJEB71931
SRX11987906,arc-institute-virtual-cell-atlas/scbasecount/2026-01-12/h5ad/GeneFull/Homo_sapiens/SRX11987906.h5ad,success,,PRJNA759630
SRX12571169,arc-institute-virtual-cell-atlas/scbasecount/2026-01-12/h5ad/GeneFull/Homo_sapiens/SRX12571169.h5ad,skip,too_few_cells,
SRX12708374,arc-institute-virtual-cell-atlas/scbasecount/2026-01-12/h5ad/GeneFull/Homo_sapiens/SRX12708374.h5ad,skip,too_few_cells,
SRX12708376,arc-institute-virtual-cell-atlas/scbasecount/2026-01-12/h5ad/GeneFull/Homo_sapiens/SRX12708376.h5ad,skip,too_few_cells,
SRX11987908,arc-institute-virtual-cell-atlas/scbasecount/2026-01-12/h5ad/GeneFull/Homo_sapiens/SRX11987908.h5ad,success,,PRJNA759630
SRX11143423,arc-institute-virtual-cell-atlas/scbasecount/2026-01-12/h5ad/GeneFull/Homo_sapiens/SRX11143423.h5ad,success,,PRJNA634136
SRX12708356,arc-institute-virtual-cell-atlas/scbasecount/2026-01-12/h5ad/GeneFull/Homo_sapiens/SRX12708356.h5ad,success,,PRJNA773094
SRX13061245,arc-institute-virtual-cell-atlas/scbasecount/2026-01-12/h5ad/GeneFull/Homo_sapiens/SRX13061245.h5ad,success,,PRJNA778775
SRX11515852,arc-institute-virtual-cell-atlas/scbasecount/2026-01-12/h5ad/GeneFull/Homo_sapiens/SRX11515852.h5ad,success,,PRJNA748731
SRX11987902,arc-institute-virtual-cell-atlas/scbasecount/2026-01-12/h5ad/GeneFull/Homo_sapiens/SRX11987902.h5ad,success,,PRJNA759630
SRX11987892,arc-institute-virtual-cell-atlas/scbasecount/2026-01-12/h5ad/GeneFull/Homo_sapiens/SRX11987892.h5ad,success,,PRJNA759630
SRX11987909,arc-institute-virtual-cell-atlas/scbasecount/2026-01-12/h5ad/GeneFull/Homo_sapiens/SRX11987909.h5ad,success,,PRJNA759630
SRX12285822,arc-institute-virtual-cell-atlas/scbasecount/2026-01-12/h5ad/GeneFull/Homo_sapiens/SRX12285822.h5ad,success,,PRJNA764933
SRX11438989,arc-institute-virtual-cell-atlas/scbasecount/2026-01-12/h5ad/GeneFull/Homo_sapiens/SRX11438989.h5ad,success,,PRJNA746455
SRX13198728,arc-institute-virtual-cell-atlas/scbasecount/2026-01-12/h5ad/GeneFull/Homo_sapiens/SRX13198728.h5ad,success,,PRJNA782639
SRX13198725,arc-institute-virtual-cell-atlas/scbasecount/2026-01-12/h5ad/GeneFull/Homo_sapiens/SRX13198725.h5ad,success,,PRJNA782639
SRX13198724,arc-institute-virtual-cell-atlas/scbasecount/2026-01-12/h5ad/GeneFull/Homo_sapiens/SRX13198724.h5ad,success,,PRJNA782639
SRX13198727,arc-institute-virtual-cell-atlas/scbasecount/2026-01-12/h5ad/GeneFull/Homo_sapiens/SRX13198727.h5ad,success,,PRJNA782639
SRX13198726,arc-institute-virtual-cell-atlas/scbasecount/2026-01-12/h5ad/GeneFull/Homo_sapiens/SRX13198726.h5ad,success,,PRJNA782639
SRX13198730,arc-institute-virtual-cell-atlas/scbasecount/2026-01-12/h5ad/GeneFull/Homo_sapiens/SRX13198730.h5ad,success,,PRJNA782639
SRX13198732,arc-institute-virtual-cell-atlas/scbasecount/2026-01-12/h5ad/GeneFull/Homo_sapiens/SRX13198732.h5ad,success,,PRJNA782639
SRX13198729,arc-institute-virtual-cell-atlas/scbasecount/2026-01-12/h5ad/GeneFull/Homo_sapiens/SRX13198729.h5ad,success,,PRJNA782639
SRX11515828,arc-institute-virtual-cell-atlas/scbasecount/2026-01-12/h5ad/GeneFull/Homo_sapiens/SRX11515828.h5ad,skip,too_few_cells,
SRX11438984,arc-institute-virtual-cell-atlas/scbasecount/2026-01-12/h5ad/GeneFull/Homo_sapiens/SRX11438984.h5ad,success,,PRJNA746455
SRX13325103,arc-institute-virtual-cell-atlas/scbasecount/2026-01-12/h5ad/GeneFull/Homo_sapiens/SRX13325103.h5ad,success,,PRJNA786555
SRX11987904,arc-institute-virtual-cell-atlas/scbasecount/2026-01-12/h5ad/GeneFull/Homo_sapiens/SRX11987904.h5ad,success,,PRJNA759630
SRX11438987,arc-institute-virtual-cell-atlas/scbasecount/2026-01-12/h5ad/GeneFull/Homo_sapiens/SRX11438987.h5ad,success,,PRJNA746455
SRX11987903,arc-institute-virtual-cell-atlas/scbasecount/2026-01-12/h5ad/GeneFull/Homo_sapiens/SRX11987903.h5ad,success,,PRJNA759630
SRX11438992,arc-institute-virtual-cell-atlas/scbasecount/2026-01-12/h5ad/GeneFull/Homo_sapiens/SRX11438992.h5ad,success,,PRJNA746455
SRX11143428,arc-institute-virtual-cell-atlas/scbasecount/2026-01-12/h5ad/GeneFull/Homo_sapiens/SRX11143428.h5ad,success,,PRJNA634136
SRX14098302,arc-institute-virtual-cell-atlas/scbasecount/2026-01-12/h5ad/GeneFull/Homo_sapiens/SRX14098302.h5ad,success,,PRJNA804479
SRX14098301,arc-institute-virtual-cell-atlas/scbasecount/2026-01-12/h5ad/GeneFull/Homo_sapiens/SRX14098301.h5ad,success,,PRJNA804479
SRX14098303,arc-institute-virtual-cell-atlas/scbasecount/2026-01-12/h5ad/GeneFull/Homo_sapiens/SRX14098303.h5ad,success,,PRJNA804479
SRX11987896,arc-institute-virtual-cell-atlas/scbasecount/2026-01-12/h5ad/GeneFull/Homo_sapiens/SRX11987896.h5ad,success,,PRJNA759630
SRX14098306,arc-institute-virtual-cell-atlas/scbasecount/2026-01-12/h5ad/GeneFull/Homo_sapiens/SRX14098306.h5ad,success,,PRJNA804479
SRX14589432,arc-institute-virtual-cell-atlas/scbasecount/2026-01-12/h5ad/GeneFull/Homo_sapiens/SRX14589432.h5ad,success,,PRJNA819093
SRX11987900,arc-institute-virtual-cell-atlas/scbasecount/2026-01-12/h5ad/GeneFull/Homo_sapiens/SRX11987900.h5ad,success,,PRJNA759630
SRX14495312,arc-institute-virtual-cell-atlas/scbasecount/2026-01-12/h5ad/GeneFull/Homo_sapiens/SRX14495312.h5ad,success,,PRJNA817261
SRX14589433,arc-institute-virtual-cell-atlas/scbasecount/2026-01-12/h5ad/GeneFull/Homo_sapiens/SRX14589433.h5ad,success,,PRJNA819093
SRX14589431,arc-institute-virtual-cell-atlas/scbasecount/2026-01-12/h5ad/GeneFull/Homo_sapiens/SRX14589431.h5ad,success,,PRJNA819093
SRX14767855,arc-institute-virtual-cell-atlas/scbasecount/2026-01-12/h5ad/GeneFull/Homo_sapiens/SRX14767855.h5ad,success,,PRJNA667491
SRX14767854,arc-institute-virtual-cell-atlas/scbasecount/2026-01-12/h5ad/GeneFull/Homo_sapiens/SRX14767854.h5ad,success,,PRJNA667491
SRX14767853,arc-institute-virtual-cell-atlas/scbasecount/2026-01-12/h5ad/GeneFull/Homo_sapiens/SRX14767853.h5ad,success,,PRJNA667491
SRX14767848,arc-institute-virtual-cell-atlas/scbasecount/2026-01-12/h5ad/GeneFull/Homo_sapiens/SRX14767848.h5ad,success,,PRJNA667491
SRX14767852,arc-institute-virtual-cell-atlas/scbasecount/2026-01-12/h5ad/GeneFull/Homo_sapiens/SRX14767852.h5ad,success,,PRJNA667491
SRX14767851,arc-institute-virtual-cell-atlas/scbasecount/2026-01-12/h5ad/GeneFull/Homo_sapiens/SRX14767851.h5ad,success,,PRJNA667491
SRX11987915,arc-institute-virtual-cell-atlas/scbasecount/2026-01-12/h5ad/GeneFull/Homo_sapiens/SRX11987915.h5ad,success,,PRJNA759630
SRX11143424,arc-institute-virtual-cell-atlas/scbasecount/2026-01-12/h5ad/GeneFull/Homo_sapiens/SRX11143424.h5ad,success,,PRJNA634136
SRX11438991,arc-institute-virtual-cell-atlas/scbasecount/2026-01-12/h5ad/GeneFull/Homo_sapiens/SRX11438991.h5ad,success,,PRJNA746455
SRX15390221,arc-institute-virtual-cell-atlas/scbasecount/2026-01-12/h5ad/GeneFull/Homo_sapiens/SRX15390221.h5ad,skip,too_few_cells,
SRX11143425,arc-institute-virtual-cell-atlas/scbasecount/2026-01-12/h5ad/GeneFull/Homo_sapiens/SRX11143425.h5ad,success,,PRJNA634136
SRX11438990,arc-institute-virtual-cell-atlas/scbasecount/2026-01-12/h5ad/GeneFull/Homo_sapiens/SRX11438990.h5ad,success,,PRJNA746455
SRX15390539,arc-institute-virtual-cell-atlas/scbasecount/2026-01-12/h5ad/GeneFull/Homo_sapiens/SRX15390539.h5ad,skip,too_few_cells,
SRX11143427,arc-institute-virtual-cell-atlas/scbasecount/2026-01-12/h5ad/GeneFull/Homo_sapiens/SRX11143427.h5ad,success,,PRJNA634136
SRX10335835,arc-institute-virtual-cell-atlas/scbasecount/2026-01-12/h5ad/GeneFull/Homo_sapiens/SRX10335835.h5ad,success,,PRJNA714138
SRX11515822,arc-institute-virtual-cell-atlas/scbasecount/2026-01-12/h5ad/GeneFull/Homo_sapiens/SRX11515822.h5ad,skip,too_few_cells,
SRX11143429,arc-institute-virtual-cell-atlas/scbasecount/2026-01-12/h5ad/GeneFull/Homo_sapiens/SRX11143429.h5ad,success,,PRJNA634136
SRX11515843,arc-institute-virtual-cell-atlas/scbasecount/2026-01-12/h5ad/GeneFull/Homo_sapiens/SRX11515843.h5ad,success,,PRJNA748731
SRX10152685,arc-institute-virtual-cell-atlas/scbasecount/2026-01-12/h5ad/GeneFull/Homo_sapiens/SRX10152685.h5ad,success,,PRJNA704098
SRX16217045,arc-institute-virtual-cell-atlas/scbasecount/2026-01-12/h5ad/GeneFull/Homo_sapiens/SRX16217045.h5ad,skip,too_few_cells,
SRX16217035,arc-institute-virtual-cell-atlas/scbasecount/2026-01-12/h5ad/GeneFull/Homo_sapiens/SRX16217035.h5ad,skip,too_few_cells,
SRX16217037,arc-institute-virtual-cell-atlas/scbasecount/2026-01-12/h5ad/GeneFull/Homo_sapiens/SRX16217037.h5ad,skip,too_few_cells,
SRX16217040,arc-institute-virtual-cell-atlas/scbasecount/2026-01-12/h5ad/GeneFull/Homo_sapiens/SRX16217040.h5ad,skip,too_few_cells,
SRX16217048,arc-institute-virtual-cell-atlas/scbasecount/2026-01-12/h5ad/GeneFull/Homo_sapiens/SRX16217048.h5ad,skip,too_few_cells,
SRX16217033,arc-institute-virtual-cell-atlas/scbasecount/2026-01-12/h5ad/GeneFull/Homo_sapiens/SRX16217033.h5ad,skip,too_few_cells,
SRX16217047,arc-institute-virtual-cell-atlas/scbasecount/2026-01-12/h5ad/GeneFull/Homo_sapiens/SRX16217047.h5ad,skip,too_few_cells,
SRX22613096,arc-institute-virtual-cell-atlas/scbasecount/2026-01-12/h5ad/GeneFull/Homo_sapiens/SRX22613096.h5ad,success,,PRJNA1044045
ERX11662356,arc-institute-virtual-cell-atlas/scbasecount/2026-01-12/h5ad/GeneFull/Homo_sapiens/ERX11662356.h5ad,skip,cell_type_all_missing,
ERX11662358,arc-institute-virtual-cell-atlas/scbasecount/2026-01-12/h5ad/GeneFull/Homo_sapiens/ERX11662358.h5ad,skip,cell_type_all_missing,
ERX11662363,arc-institute-virtual-cell-atlas/scbasecount/2026-01-12/h5ad/GeneFull/Homo_sapiens/ERX11662363.h5ad,skip,cell_type_all_missing,
ERX11662365,arc-institute-virtual-cell-atlas/scbasecount/2026-01-12/h5ad/GeneFull/Homo_sapiens/ERX11662365.h5ad,skip,cell_type_all_missing,
ERX11662362,arc-institute-virtual-cell-atlas/scbasecount/2026-01-12/h5ad/GeneFull/Homo_sapiens/ERX11662362.h5ad,success,,PRJEB68315
ERX11662383,arc-institute-virtual-cell-atlas/scbasecount/2026-01-12/h5ad/GeneFull/Homo_sapiens/ERX11662383.h5ad,skip,cell_type_all_missing,
ERX8831395,arc-institute-virtual-cell-atlas/scbasecount/2026-01-12/h5ad/GeneFull/Homo_sapiens/ERX8831395.h5ad,skip,cell_type_all_missing,
ERX11876756,arc-institute-virtual-cell-atlas/scbasecount/2026-01-12/h5ad/GeneFull/Homo_sapiens/ERX11876756.h5ad,success,,PRJEB71931
ERX11876771,arc-institute-virtual-cell-atlas/scbasecount/2026-01-12/h5ad/GeneFull/Homo_sapiens/ERX11876771.h5ad,success,,PRJEB71931
SRX25038170,arc-institute-virtual-cell-atlas/scbasecount/2026-01-12/h5ad/GeneFull/Homo_sapiens/SRX25038170.h5ad,success,,PRJNA1127657
SRX20407498,arc-institute-virtual-cell-atlas/scbasecount/2026-01-12/h5ad/GeneFull/Homo_sapiens/SRX20407498.h5ad,success,,PRJNA973717
SRX21808831,arc-institute-virtual-cell-atlas/scbasecount/2026-01-12/h5ad/GeneFull/Homo_sapiens/SRX21808831.h5ad,success,,PRJNA1018509
SRX22996389,arc-institute-virtual-cell-atlas/scbasecount/2026-01-12/h5ad/GeneFull/Homo_sapiens/SRX22996389.h5ad,success,,PRJNA1055415
SRX19836245,arc-institute-virtual-cell-atlas/scbasecount/2026-01-12/h5ad/GeneFull/Homo_sapiens/SRX19836245.h5ad,success,,PRJNA950922
SRX19730935,arc-institute-virtual-cell-atlas/scbasecount/2026-01-12/h5ad/GeneFull/Homo_sapiens/SRX19730935.h5ad,success,,PRJNA934540
SRX19886033,arc-institute-virtual-cell-atlas/scbasecount/2026-01-12/h5ad/GeneFull/Homo_sapiens/SRX19886033.h5ad,success,,PRJNA952672
SRX22996366,arc-institute-virtual-cell-atlas/scbasecount/2026-01-12/h5ad/GeneFull/Homo_sapiens/SRX22996366.h5ad,success,,PRJNA1055415
SRX22996335,arc-institute-virtual-cell-atlas/scbasecount/2026-01-12/h5ad/GeneFull/Homo_sapiens/SRX22996335.h5ad,success,,PRJNA1055415
SRX19704150,arc-institute-virtual-cell-atlas/scbasecount/2026-01-12/h5ad/GeneFull/Homo_sapiens/SRX19704150.h5ad,success,,PRJNA945854
SRX19836243,arc-institute-virtual-cell-atlas/scbasecount/2026-01-12/h5ad/GeneFull/Homo_sapiens/SRX19836243.h5ad,success,,PRJNA950922
SRX19704187,arc-institute-virtual-cell-atlas/scbasecount/2026-01-12/h5ad/GeneFull/Homo_sapiens/SRX19704187.h5ad,success,,PRJNA945854
ERX11876772,arc-institute-virtual-cell-atlas/scbasecount/2026-01-12/h5ad/GeneFull/Homo_sapiens/ERX11876772.h5ad,success,,PRJEB71931
SRX19844839,arc-institute-virtual-cell-atlas/scbasecount/2026-01-12/h5ad/GeneFull/Homo_sapiens/SRX19844839.h5ad,success,,PRJNA945854
SRX26487580,arc-institute-virtual-cell-atlas/scbasecount/2026-01-12/h5ad/GeneFull/Homo_sapiens/SRX26487580.h5ad,success,,PRJNA1177414
SRX17689208,arc-institute-virtual-cell-atlas/scbasecount/2026-01-12/h5ad/GeneFull/Homo_sapiens/SRX17689208.h5ad,success,,PRJNA883741
SRX25038168,arc-institute-virtual-cell-atlas/scbasecount/2026-01-12/h5ad/GeneFull/Homo_sapiens/SRX25038168.h5ad,success,,PRJNA1127657
SRX16757156,arc-institute-virtual-cell-atlas/scbasecount/2026-01-12/h5ad/GeneFull/Homo_sapiens/SRX16757156.h5ad,success,,PRJNA864822
SRX12366723,arc-institute-virtual-cell-atlas/scbasecount/2026-01-12/h5ad/GeneFull/Homo_sapiens/SRX12366723.h5ad,success,,PRJNA766517
SRX16757157,arc-institute-virtual-cell-atlas/scbasecount/2026-01-12/h5ad/GeneFull/Homo_sapiens/SRX16757157.h5ad,success,,PRJNA864822
SRX18248069,arc-institute-virtual-cell-atlas/scbasecount/2026-01-12/h5ad/GeneFull/Homo_sapiens/SRX18248069.h5ad,success,,PRJNA901260
SRX16217014,arc-institute-virtual-cell-atlas/scbasecount/2026-01-12/h5ad/GeneFull/Homo_sapiens/SRX16217014.h5ad,success,,PRJNA858410
SRX16217008,arc-institute-virtual-cell-atlas/scbasecount/2026-01-12/h5ad/GeneFull/Homo_sapiens/SRX16217008.h5ad,success,,PRJNA858410
SRX19704158,arc-institute-virtual-cell-atlas/scbasecount/2026-01-12/h5ad/GeneFull/Homo_sapiens/SRX19704158.h5ad,success,,PRJNA945854
SRX19727436,arc-institute-virtual-cell-atlas/scbasecount/2026-01-12/h5ad/GeneFull/Homo_sapiens/SRX19727436.h5ad,success,,PRJNA946652
SRX14891763,arc-institute-virtual-cell-atlas/scbasecount/2026-01-12/h5ad/GeneFull/Homo_sapiens/SRX14891763.h5ad,success,,PRJNA827791
SRX19162066,arc-institute-virtual-cell-atlas/scbasecount/2026-01-12/h5ad/GeneFull/Homo_sapiens/SRX19162066.h5ad,skip,cell_type_all_missing,
SRX19320094,arc-institute-virtual-cell-atlas/scbasecount/2026-01-12/h5ad/GeneFull/Homo_sapiens/SRX19320094.h5ad,success,,PRJNA934551
SRX19844820,arc-institute-virtual-cell-atlas/scbasecount/2026-01-12/h5ad/GeneFull/Homo_sapiens/SRX19844820.h5ad,success,,PRJNA945854
SRX19844833,arc-institute-virtual-cell-atlas/scbasecount/2026-01-12/h5ad/GeneFull/Homo_sapiens/SRX19844833.h5ad,success,,PRJNA945854
SRX19704131,arc-institute-virtual-cell-atlas/scbasecount/2026-01-12/h5ad/GeneFull/Homo_sapiens/SRX19704131.h5ad,skip,too_few_cells,
SRX19886044,arc-institute-virtual-cell-atlas/scbasecount/2026-01-12/h5ad/GeneFull/Homo_sapiens/SRX19886044.h5ad,success,,PRJNA952672
SRX19886047,arc-institute-virtual-cell-atlas/scbasecount/2026-01-12/h5ad/GeneFull/Homo_sapiens/SRX19886047.h5ad,success,,PRJNA952672
SRX19886025,arc-institute-virtual-cell-atlas/scbasecount/2026-01-12/h5ad/GeneFull/Homo_sapiens/SRX19886025.h5ad,success,,PRJNA952672
SRX21311407,arc-institute-virtual-cell-atlas/scbasecount/2026-01-12/h5ad/GeneFull/Homo_sapiens/SRX21311407.h5ad,success,,PRJNA1003807
SRX21808832,arc-institute-virtual-cell-atlas/scbasecount/2026-01-12/h5ad/GeneFull/Homo_sapiens/SRX21808832.h5ad,success,,PRJNA1018509
SRX21808829,arc-institute-virtual-cell-atlas/scbasecount/2026-01-12/h5ad/GeneFull/Homo_sapiens/SRX21808829.h5ad,success,,PRJNA1018509
SRX21808830,arc-institute-virtual-cell-atlas/scbasecount/2026-01-12/h5ad/GeneFull/Homo_sapiens/SRX21808830.h5ad,success,,PRJNA1018509
SRX21897873,arc-institute-virtual-cell-atlas/scbasecount/2026-01-12/h5ad/GeneFull/Homo_sapiens/SRX21897873.h5ad,success,,PRJNA1021137
SRX22130034,arc-institute-virtual-cell-atlas/scbasecount/2026-01-12/h5ad/GeneFull/Homo_sapiens/SRX22130034.h5ad,skip,too_few_cells,
SRX22226505,arc-institute-virtual-cell-atlas/scbasecount/2026-01-12/h5ad/GeneFull/Homo_sapiens/SRX22226505.h5ad,success,,PRJNA1032112
SRX22226504,arc-institute-virtual-cell-atlas/scbasecount/2026-01-12/h5ad/GeneFull/Homo_sapiens/SRX22226504.h5ad,success,,PRJNA1032112
SRX22996314,arc-institute-virtual-cell-atlas/scbasecount/2026-01-12/h5ad/GeneFull/Homo_sapiens/SRX22996314.h5ad,success,,PRJNA1055415
SRX23331462,arc-institute-virtual-cell-atlas/scbasecount/2026-01-12/h5ad/GeneFull/Homo_sapiens/SRX23331462.h5ad,success,,PRJNA1066790
SRX22996379,arc-institute-virtual-cell-atlas/scbasecount/2026-01-12/h5ad/GeneFull/Homo_sapiens/SRX22996379.h5ad,success,,PRJNA1055415
SRX22996390,arc-institute-virtual-cell-atlas/scbasecount/2026-01-12/h5ad/GeneFull/Homo_sapiens/SRX22996390.h5ad,success,,PRJNA1055415
SRX22996350,arc-institute-virtual-cell-atlas/scbasecount/2026-01-12/h5ad/GeneFull/Homo_sapiens/SRX22996350.h5ad,success,,PRJNA1055415
SRX23395186,arc-institute-virtual-cell-atlas/scbasecount/2026-01-12/h5ad/GeneFull/Homo_sapiens/SRX23395186.h5ad,success,,PRJNA1069102
SRX22996336,arc-institute-virtual-cell-atlas/scbasecount/2026-01-12/h5ad/GeneFull/Homo_sapiens/SRX22996336.h5ad,success,,PRJNA1055415
SRX23395190,arc-institute-virtual-cell-atlas/scbasecount/2026-01-12/h5ad/GeneFull/Homo_sapiens/SRX23395190.h5ad,success,,PRJNA1069102
SRX22996377,arc-institute-virtual-cell-atlas/scbasecount/2026-01-12/h5ad/GeneFull/Homo_sapiens/SRX22996377.h5ad,success,,PRJNA1055415
SRX22996396,arc-institute-virtual-cell-atlas/scbasecount/2026-01-12/h5ad/GeneFull/Homo_sapiens/SRX22996396.h5ad,success,,PRJNA1055415
SRX22996329,arc-institute-virtual-cell-atlas/scbasecount/2026-01-12/h5ad/GeneFull/Homo_sapiens/SRX22996329.h5ad,success,,PRJNA1055415
SRX24841616,arc-institute-virtual-cell-atlas/scbasecount/2026-01-12/h5ad/GeneFull/Homo_sapiens/SRX24841616.h5ad,success,,PRJNA1121368
SRX25038172,arc-institute-virtual-cell-atlas/scbasecount/2026-01-12/h5ad/GeneFull/Homo_sapiens/SRX25038172.h5ad,success,,PRJNA1127657
SRX26735837,arc-institute-virtual-cell-atlas/scbasecount/2026-01-12/h5ad/GeneFull/Homo_sapiens/SRX26735837.h5ad,success,,PRJNA1186577
SRX27291571,arc-institute-virtual-cell-atlas/scbasecount/2026-01-12/h5ad/GeneFull/Homo_sapiens/SRX27291571.h5ad,success,,PRJNA1208088
SRX27291594,arc-institute-virtual-cell-atlas/scbasecount/2026-01-12/h5ad/GeneFull/Homo_sapiens/SRX27291594.h5ad,success,,PRJNA1208088
SRX27291592,arc-institute-virtual-cell-atlas/scbasecount/2026-01-12/h5ad/GeneFull/Homo_sapiens/SRX27291592.h5ad,success,,PRJNA1208088
SRX27291605,arc-institute-virtual-cell-atlas/scbasecount/2026-01-12/h5ad/GeneFull/Homo_sapiens/SRX27291605.h5ad,success,,PRJNA1208088
SRX27291600,arc-institute-virtual-cell-atlas/scbasecount/2026-01-12/h5ad/GeneFull/Homo_sapiens/SRX27291600.h5ad,success,,PRJNA1208088
SRX27291570,arc-institute-virtual-cell-atlas/scbasecount/2026-01-12/h5ad/GeneFull/Homo_sapiens/SRX27291570.h5ad,success,,PRJNA1208088
SRX27291607,arc-institute-virtual-cell-atlas/scbasecount/2026-01-12/h5ad/GeneFull/Homo_sapiens/SRX27291607.h5ad,success,,PRJNA1208088
SRX27291598,arc-institute-virtual-cell-atlas/scbasecount/2026-01-12/h5ad/GeneFull/Homo_sapiens/SRX27291598.h5ad,success,,PRJNA1208088
SRX27291590,arc-institute-virtual-cell-atlas/scbasecount/2026-01-12/h5ad/GeneFull/Homo_sapiens/SRX27291590.h5ad,success,,PRJNA1208088
SRX27291620,arc-institute-virtual-cell-atlas/scbasecount/2026-01-12/h5ad/GeneFull/Homo_sapiens/SRX27291620.h5ad,success,,PRJNA1208088
SRX27291563,arc-institute-virtual-cell-atlas/scbasecount/2026-01-12/h5ad/GeneFull/Homo_sapiens/SRX27291563.h5ad,success,,PRJNA1208088
SRX27291616,arc-institute-virtual-cell-atlas/scbasecount/2026-01-12/h5ad/GeneFull/Homo_sapiens/SRX27291616.h5ad,success,,PRJNA1208088
SRX27291609,arc-institute-virtual-cell-atlas/scbasecount/2026-01-12/h5ad/GeneFull/Homo_sapiens/SRX27291609.h5ad,success,,PRJNA1208088
SRX27291603,arc-institute-virtual-cell-atlas/scbasecount/2026-01-12/h5ad/GeneFull/Homo_sapiens/SRX27291603.h5ad,success,,PRJNA1208088
SRX27291614,arc-institute-virtual-cell-atlas/scbasecount/2026-01-12/h5ad/GeneFull/Homo_sapiens/SRX27291614.h5ad,success,,PRJNA1208088
SRX27291613,arc-institute-virtual-cell-atlas/scbasecount/2026-01-12/h5ad/GeneFull/Homo_sapiens/SRX27291613.h5ad,success,,PRJNA1208088
SRX27291587,arc-institute-virtual-cell-atlas/scbasecount/2026-01-12/h5ad/GeneFull/Homo_sapiens/SRX27291587.h5ad,success,,PRJNA1208088
SRX27291595,arc-institute-virtual-cell-atlas/scbasecount/2026-01-12/h5ad/GeneFull/Homo_sapiens/SRX27291595.h5ad,success,,PRJNA1208088
SRX27208867,arc-institute-virtual-cell-atlas/scbasecount/2026-01-12/h5ad/GeneFull/Homo_sapiens/SRX27208867.h5ad,skip,too_few_cells,
SRX27208869,arc-institute-virtual-cell-atlas/scbasecount/2026-01-12/h5ad/GeneFull/Homo_sapiens/SRX27208869.h5ad,skip,excessive_cell_dropout,
SRX27208873,arc-institute-virtual-cell-atlas/scbasecount/2026-01-12/h5ad/GeneFull/Homo_sapiens/SRX27208873.h5ad,skip,too_few_cells,
SRX27208878,arc-institute-virtual-cell-atlas/scbasecount/2026-01-12/h5ad/GeneFull/Homo_sapiens/SRX27208878.h5ad,skip,too_few_cells,
SRX27208876,arc-institute-virtual-cell-atlas/scbasecount/2026-01-12/h5ad/GeneFull/Homo_sapiens/SRX27208876.h5ad,skip,too_few_cells,
SRX27208872,arc-institute-virtual-cell-atlas/scbasecount/2026-01-12/h5ad/GeneFull/Homo_sapiens/SRX27208872.h5ad,skip,excessive_cell_dropout,
SRX27208877,arc-institute-virtual-cell-atlas/scbasecount/2026-01-12/h5ad/GeneFull/Homo_sapiens/SRX27208877.h5ad,success,,PRJNA1204132
SRX27208868,arc-institute-virtual-cell-atlas/scbasecount/2026-01-12/h5ad/GeneFull/Homo_sapiens/SRX27208868.h5ad,success,,PRJNA1204132
SRX10327364,arc-institute-virtual-cell-atlas/scbasecount/2026-01-12/h5ad/GeneFull/Homo_sapiens/SRX10327364.h5ad,success,,PRJNA713903
SRX27291551,arc-institute-virtual-cell-atlas/scbasecount/2026-01-12/h5ad/GeneFull/Homo_sapiens/SRX27291551.h5ad,success,,PRJNA1208088
SRX27291559,arc-institute-virtual-cell-atlas/scbasecount/2026-01-12/h5ad/GeneFull/Homo_sapiens/SRX27291559.h5ad,success,,PRJNA1208088
SRX27291560,arc-institute-virtual-cell-atlas/scbasecount/2026-01-12/h5ad/GeneFull/Homo_sapiens/SRX27291560.h5ad,success,,PRJNA1208088
SRX27291565,arc-institute-virtual-cell-atlas/scbasecount/2026-01-12/h5ad/GeneFull/Homo_sapiens/SRX27291565.h5ad,success,,PRJNA1208088
SRX27291568,arc-institute-virtual-cell-atlas/scbasecount/2026-01-12/h5ad/GeneFull/Homo_sapiens/SRX27291568.h5ad,success,,PRJNA1208088
SRX27291569,arc-institute-virtual-cell-atlas/scbasecount/2026-01-12/h5ad/GeneFull/Homo_sapiens/SRX27291569.h5ad,success,,PRJNA1208088
SRX27291562,arc-institute-virtual-cell-atlas/scbasecount/2026-01-12/h5ad/GeneFull/Homo_sapiens/SRX27291562.h5ad,success,,PRJNA1208088
SRX27291574,arc-institute-virtual-cell-atlas/scbasecount/2026-01-12/h5ad/GeneFull/Homo_sapiens/SRX27291574.h5ad,success,,PRJNA1208088
SRX27291572,arc-institute-virtual-cell-atlas/scbasecount/2026-01-12/h5ad/GeneFull/Homo_sapiens/SRX27291572.h5ad,success,,PRJNA1208088
SRX27291564,arc-institute-virtual-cell-atlas/scbasecount/2026-01-12/h5ad/GeneFull/Homo_sapiens/SRX27291564.h5ad,success,,PRJNA1208088
SRX27291580,arc-institute-virtual-cell-atlas/scbasecount/2026-01-12/h5ad/GeneFull/Homo_sapiens/SRX27291580.h5ad,success,,PRJNA1208088
SRX27291567,arc-institute-virtual-cell-atlas/scbasecount/2026-01-12/h5ad/GeneFull/Homo_sapiens/SRX27291567.h5ad,success,,PRJNA1208088
SRX27291578,arc-institute-virtual-cell-atlas/scbasecount/2026-01-12/h5ad/GeneFull/Homo_sapiens/SRX27291578.h5ad,success,,PRJNA1208088
SRX27291584,arc-institute-virtual-cell-atlas/scbasecount/2026-01-12/h5ad/GeneFull/Homo_sapiens/SRX27291584.h5ad,success,,PRJNA1208088
SRX27291582,arc-institute-virtual-cell-atlas/scbasecount/2026-01-12/h5ad/GeneFull/Homo_sapiens/SRX27291582.h5ad,success,,PRJNA1208088
SRX27291588,arc-institute-virtual-cell-atlas/scbasecount/2026-01-12/h5ad/GeneFull/Homo_sapiens/SRX27291588.h5ad,success,,PRJNA1208088
SRX27291558,arc-institute-virtual-cell-atlas/scbasecount/2026-01-12/h5ad/GeneFull/Homo_sapiens/SRX27291558.h5ad,success,,PRJNA1208088
SRX27291599,arc-institute-virtual-cell-atlas/scbasecount/2026-01-12/h5ad/GeneFull/Homo_sapiens/SRX27291599.h5ad,success,,PRJNA1208088
SRX27291589,arc-institute-virtual-cell-atlas/scbasecount/2026-01-12/h5ad/GeneFull/Homo_sapiens/SRX27291589.h5ad,success,,PRJNA1208088
SRX27291624,arc-institute-virtual-cell-atlas/scbasecount/2026-01-12/h5ad/GeneFull/Homo_sapiens/SRX27291624.h5ad,success,,PRJNA1208088
SRX27291621,arc-institute-virtual-cell-atlas/scbasecount/2026-01-12/h5ad/GeneFull/Homo_sapiens/SRX27291621.h5ad,success,,PRJNA1208088
SRX27291623,arc-institute-virtual-cell-atlas/scbasecount/2026-01-12/h5ad/GeneFull/Homo_sapiens/SRX27291623.h5ad,success,,PRJNA1208088
SRX27291612,arc-institute-virtual-cell-atlas/scbasecount/2026-01-12/h5ad/GeneFull/Homo_sapiens/SRX27291612.h5ad,success,,PRJNA1208088
SRX27291611,arc-institute-virtual-cell-atlas/scbasecount/2026-01-12/h5ad/GeneFull/Homo_sapiens/SRX27291611.h5ad,success,,PRJNA1208088
SRX10327365,arc-institute-virtual-cell-atlas/scbasecount/2026-01-12/h5ad/GeneFull/Homo_sapiens/SRX10327365.h5ad,success,,PRJNA713903
SRX27358285,arc-institute-virtual-cell-atlas/scbasecount/2026-01-12/h5ad/GeneFull/Homo_sapiens/SRX27358285.h5ad,success,,PRJNA1210996
SRX23724110,arc-institute-virtual-cell-atlas/scbasecount/2026-01-12/h5ad/GeneFull/Homo_sapiens/SRX23724110.h5ad,success,,PRJNA847631
SRX23724101,arc-institute-virtual-cell-atlas/scbasecount/2026-01-12/h5ad/GeneFull/Homo_sapiens/SRX23724101.h5ad,success,,PRJNA847631
SRX23724094,arc-institute-virtual-cell-atlas/scbasecount/2026-01-12/h5ad/GeneFull/Homo_sapiens/SRX23724094.h5ad,success,,PRJNA847631
SRX23724124,arc-institute-virtual-cell-atlas/scbasecount/2026-01-12/h5ad/GeneFull/Homo_sapiens/SRX23724124.h5ad,success,,PRJNA847631
SRX23724103,arc-institute-virtual-cell-atlas/scbasecount/2026-01-12/h5ad/GeneFull/Homo_sapiens/SRX23724103.h5ad,success,,PRJNA847631
SRX23724088,arc-institute-virtual-cell-atlas/scbasecount/2026-01-12/h5ad/GeneFull/Homo_sapiens/SRX23724088.h5ad,success,,PRJNA847631
SRX23724122,arc-institute-virtual-cell-atlas/scbasecount/2026-01-12/h5ad/GeneFull/Homo_sapiens/SRX23724122.h5ad,success,,PRJNA847631
SRX23724100,arc-institute-virtual-cell-atlas/scbasecount/2026-01-12/h5ad/GeneFull/Homo_sapiens/SRX23724100.h5ad,success,,PRJNA847631
SRX23724123,arc-institute-virtual-cell-atlas/scbasecount/2026-01-12/h5ad/GeneFull/Homo_sapiens/SRX23724123.h5ad,success,,PRJNA847631
SRX23724125,arc-institute-virtual-cell-atlas/scbasecount/2026-01-12/h5ad/GeneFull/Homo_sapiens/SRX23724125.h5ad,success,,PRJNA847631
SRX23724081,arc-institute-virtual-cell-atlas/scbasecount/2026-01-12/h5ad/GeneFull/Homo_sapiens/SRX23724081.h5ad,success,,PRJNA847631
SRX23724107,arc-institute-virtual-cell-atlas/scbasecount/2026-01-12/h5ad/GeneFull/Homo_sapiens/SRX23724107.h5ad,success,,PRJNA847631
SRX22996340,arc-institute-virtual-cell-atlas/scbasecount/2026-01-12/h5ad/GeneFull/Homo_sapiens/SRX22996340.h5ad,success,,PRJNA1055415
SRX24841619,arc-institute-virtual-cell-atlas/scbasecount/2026-01-12/h5ad/GeneFull/Homo_sapiens/SRX24841619.h5ad,success,,PRJNA1121368
SRX23724098,arc-institute-virtual-cell-atlas/scbasecount/2026-01-12/h5ad/GeneFull/Homo_sapiens/SRX23724098.h5ad,success,,PRJNA847631
SRX23802731,arc-institute-virtual-cell-atlas/scbasecount/2026-01-12/h5ad/GeneFull/Homo_sapiens/SRX23802731.h5ad,success,,PRJNA847631
SRX23802736,arc-institute-virtual-cell-atlas/scbasecount/2026-01-12/h5ad/GeneFull/Homo_sapiens/SRX23802736.h5ad,success,,PRJNA847631
SRX23724090,arc-institute-virtual-cell-atlas/scbasecount/2026-01-12/h5ad/GeneFull/Homo_sapiens/SRX23724090.h5ad,success,,PRJNA847631
SRX23724082,arc-institute-virtual-cell-atlas/scbasecount/2026-01-12/h5ad/GeneFull/Homo_sapiens/SRX23724082.h5ad,success,,PRJNA847631
SRX23724096,arc-institute-virtual-cell-atlas/scbasecount/2026-01-12/h5ad/GeneFull/Homo_sapiens/SRX23724096.h5ad,success,,PRJNA847631
SRX23724109,arc-institute-virtual-cell-atlas/scbasecount/2026-01-12/h5ad/GeneFull/Homo_sapiens/SRX23724109.h5ad,success,,PRJNA847631
SRX23724121,arc-institute-virtual-cell-atlas/scbasecount/2026-01-12/h5ad/GeneFull/Homo_sapiens/SRX23724121.h5ad,success,,PRJNA847631
SRX23802728,arc-institute-virtual-cell-atlas/scbasecount/2026-01-12/h5ad/GeneFull/Homo_sapiens/SRX23802728.h5ad,success,,PRJNA847631
SRX23724091,arc-institute-virtual-cell-atlas/scbasecount/2026-01-12/h5ad/GeneFull/Homo_sapiens/SRX23724091.h5ad,success,,PRJNA847631
SRX22996317,arc-institute-virtual-cell-atlas/scbasecount/2026-01-12/h5ad/GeneFull/Homo_sapiens/SRX22996317.h5ad,success,,PRJNA1055415
SRX27995731,arc-institute-virtual-cell-atlas/scbasecount/2026-01-12/h5ad/GeneFull/Homo_sapiens/SRX27995731.h5ad,success,,PRJNA1202516
SRX17412842,arc-institute-virtual-cell-atlas/scbasecount/2026-01-12/h5ad/GeneFull/Homo_sapiens/SRX17412842.h5ad,success,,PRJNA563828
SRX17412811,arc-institute-virtual-cell-atlas/scbasecount/2026-01-12/h5ad/GeneFull/Homo_sapiens/SRX17412811.h5ad,success,,PRJNA563828
SRX17412807,arc-institute-virtual-cell-atlas/scbasecount/2026-01-12/h5ad/GeneFull/Homo_sapiens/SRX17412807.h5ad,success,,PRJNA563828
SRX17412831,arc-institute-virtual-cell-atlas/scbasecount/2026-01-12/h5ad/GeneFull/Homo_sapiens/SRX17412831.h5ad,success,,PRJNA563828
SRX17412814,arc-institute-virtual-cell-atlas/scbasecount/2026-01-12/h5ad/GeneFull/Homo_sapiens/SRX17412814.h5ad,success,,PRJNA563828
SRX17412844,arc-institute-virtual-cell-atlas/scbasecount/2026-01-12/h5ad/GeneFull/Homo_sapiens/SRX17412844.h5ad,success,,PRJNA563828
SRX17412830,arc-institute-virtual-cell-atlas/scbasecount/2026-01-12/h5ad/GeneFull/Homo_sapiens/SRX17412830.h5ad,success,,PRJNA563828
SRX17412805,arc-institute-virtual-cell-atlas/scbasecount/2026-01-12/h5ad/GeneFull/Homo_sapiens/SRX17412805.h5ad,success,,PRJNA563828
SRX17412832,arc-institute-virtual-cell-atlas/scbasecount/2026-01-12/h5ad/GeneFull/Homo_sapiens/SRX17412832.h5ad,success,,PRJNA563828
SRX17412786,arc-institute-virtual-cell-atlas/scbasecount/2026-01-12/h5ad/GeneFull/Homo_sapiens/SRX17412786.h5ad,success,,PRJNA563828
SRX17412835,arc-institute-virtual-cell-atlas/scbasecount/2026-01-12/h5ad/GeneFull/Homo_sapiens/SRX17412835.h5ad,success,,PRJNA563828
SRX17412812,arc-institute-virtual-cell-atlas/scbasecount/2026-01-12/h5ad/GeneFull/Homo_sapiens/SRX17412812.h5ad,success,,PRJNA563828
SRX17412828,arc-institute-virtual-cell-atlas/scbasecount/2026-01-12/h5ad/GeneFull/Homo_sapiens/SRX17412828.h5ad,success,,PRJNA563828
SRX17412817,arc-institute-virtual-cell-atlas/scbasecount/2026-01-12/h5ad/GeneFull/Homo_sapiens/SRX17412817.h5ad,success,,PRJNA563828
SRX17412843,arc-institute-virtual-cell-atlas/scbasecount/2026-01-12/h5ad/GeneFull/Homo_sapiens/SRX17412843.h5ad,success,,PRJNA563828
SRX17412820,arc-institute-virtual-cell-atlas/scbasecount/2026-01-12/h5ad/GeneFull/Homo_sapiens/SRX17412820.h5ad,success,,PRJNA563828
SRX17412851,arc-institute-virtual-cell-atlas/scbasecount/2026-01-12/h5ad/GeneFull/Homo_sapiens/SRX17412851.h5ad,success,,PRJNA563828
SRX17412823,arc-institute-virtual-cell-atlas/scbasecount/2026-01-12/h5ad/GeneFull/Homo_sapiens/SRX17412823.h5ad,success,,PRJNA563828
SRX17412802,arc-institute-virtual-cell-atlas/scbasecount/2026-01-12/h5ad/GeneFull/Homo_sapiens/SRX17412802.h5ad,success,,PRJNA563828
SRX17412792,arc-institute-virtual-cell-atlas/scbasecount/2026-01-12/h5ad/GeneFull/Homo_sapiens/SRX17412792.h5ad,success,,PRJNA563828
SRX17412841,arc-institute-virtual-cell-atlas/scbasecount/2026-01-12/h5ad/GeneFull/Homo_sapiens/SRX17412841.h5ad,success,,PRJNA563828
SRX17412808,arc-institute-virtual-cell-atlas/scbasecount/2026-01-12/h5ad/GeneFull/Homo_sapiens/SRX17412808.h5ad,success,,PRJNA563828
SRX17412849,arc-institute-virtual-cell-atlas/scbasecount/2026-01-12/h5ad/GeneFull/Homo_sapiens/SRX17412849.h5ad,success,,PRJNA563828
SRX17412825,arc-institute-virtual-cell-atlas/scbasecount/2026-01-12/h5ad/GeneFull/Homo_sapiens/SRX17412825.h5ad,success,,PRJNA563828
SRX17412816,arc-institute-virtual-cell-atlas/scbasecount/2026-01-12/h5ad/GeneFull/Homo_sapiens/SRX17412816.h5ad,success,,PRJNA563828
SRX17412839,arc-institute-virtual-cell-atlas/scbasecount/2026-01-12/h5ad/GeneFull/Homo_sapiens/SRX17412839.h5ad,success,,PRJNA563828
SRX17412847,arc-institute-virtual-cell-atlas/scbasecount/2026-01-12/h5ad/GeneFull/Homo_sapiens/SRX17412847.h5ad,success,,PRJNA563828
SRX17412836,arc-institute-virtual-cell-atlas/scbasecount/2026-01-12/h5ad/GeneFull/Homo_sapiens/SRX17412836.h5ad,success,,PRJNA563828
SRX17412845,arc-institute-virtual-cell-atlas/scbasecount/2026-01-12/h5ad/GeneFull/Homo_sapiens/SRX17412845.h5ad,success,,PRJNA563828
SRX23724111,arc-institute-virtual-cell-atlas/scbasecount/2026-01-12/h5ad/GeneFull/Homo_sapiens/SRX23724111.h5ad,success,,PRJNA847631
SRX23724106,arc-institute-virtual-cell-atlas/scbasecount/2026-01-12/h5ad/GeneFull/Homo_sapiens/SRX23724106.h5ad,success,,PRJNA847631
SRX23724104,arc-institute-virtual-cell-atlas/scbasecount/2026-01-12/h5ad/GeneFull/Homo_sapiens/SRX23724104.h5ad,success,,PRJNA847631
SRX23724105,arc-institute-virtual-cell-atlas/scbasecount/2026-01-12/h5ad/GeneFull/Homo_sapiens/SRX23724105.h5ad,success,,PRJNA847631
SRX23724085,arc-institute-virtual-cell-atlas/scbasecount/2026-01-12/h5ad/GeneFull/Homo_sapiens/SRX23724085.h5ad,success,,PRJNA847631
SRX23724073,arc-institute-virtual-cell-atlas/scbasecount/2026-01-12/h5ad/GeneFull/Homo_sapiens/SRX23724073.h5ad,success,,PRJNA847631
SRX23802735,arc-institute-virtual-cell-atlas/scbasecount/2026-01-12/h5ad/GeneFull/Homo_sapiens/SRX23802735.h5ad,success,,PRJNA847631
ERX4409915,arc-institute-virtual-cell-atlas/scbasecount/2026-01-12/h5ad/GeneFull/Homo_sapiens/ERX4409915.h5ad,success,,PRJEB39956
SRX10327368,arc-institute-virtual-cell-atlas/scbasecount/2026-01-12/h5ad/GeneFull/Homo_sapiens/SRX10327368.h5ad,success,,PRJNA713903
SRX12509396,arc-institute-virtual-cell-atlas/scbasecount/2026-01-12/h5ad/GeneFull/Homo_sapiens/SRX12509396.h5ad,success,,PRJNA769143
SRX17412822,arc-institute-virtual-cell-atlas/scbasecount/2026-01-12/h5ad/GeneFull/Homo_sapiens/SRX17412822.h5ad,skip,excessive_cell_dropout,
SRX17412848,arc-institute-virtual-cell-atlas/scbasecount/2026-01-12/h5ad/GeneFull/Homo_sapiens/SRX17412848.h5ad,success,,PRJNA563828
SRX17412813,arc-institute-virtual-cell-atlas/scbasecount/2026-01-12/h5ad/GeneFull/Homo_sapiens/SRX17412813.h5ad,success,,PRJNA563828
SRX17412827,arc-institute-virtual-cell-atlas/scbasecount/2026-01-12/h5ad/GeneFull/Homo_sapiens/SRX17412827.h5ad,success,,PRJNA563828
SRX17412833,arc-institute-virtual-cell-atlas/scbasecount/2026-01-12/h5ad/GeneFull/Homo_sapiens/SRX17412833.h5ad,success,,PRJNA563828
SRX17412850,arc-institute-virtual-cell-atlas/scbasecount/2026-01-12/h5ad/GeneFull/Homo_sapiens/SRX17412850.h5ad,success,,PRJNA563828
SRX17412809,arc-institute-virtual-cell-atlas/scbasecount/2026-01-12/h5ad/GeneFull/Homo_sapiens/SRX17412809.h5ad,success,,PRJNA563828
SRX17412806,arc-institute-virtual-cell-atlas/scbasecount/2026-01-12/h5ad/GeneFull/Homo_sapiens/SRX17412806.h5ad,success,,PRJNA563828
SRX17412821,arc-institute-virtual-cell-atlas/scbasecount/2026-01-12/h5ad/GeneFull/Homo_sapiens/SRX17412821.h5ad,success,,PRJNA563828
SRX17412834,arc-institute-virtual-cell-atlas/scbasecount/2026-01-12/h5ad/GeneFull/Homo_sapiens/SRX17412834.h5ad,success,,PRJNA563828
SRX17412840,arc-institute-virtual-cell-atlas/scbasecount/2026-01-12/h5ad/GeneFull/Homo_sapiens/SRX17412840.h5ad,success,,PRJNA563828
SRX17412815,arc-institute-virtual-cell-atlas/scbasecount/2026-01-12/h5ad/GeneFull/Homo_sapiens/SRX17412815.h5ad,success,,PRJNA563828
SRX17412853,arc-institute-virtual-cell-atlas/scbasecount/2026-01-12/h5ad/GeneFull/Homo_sapiens/SRX17412853.h5ad,success,,PRJNA563828
SRX17412818,arc-institute-virtual-cell-atlas/scbasecount/2026-01-12/h5ad/GeneFull/Homo_sapiens/SRX17412818.h5ad,success,,PRJNA563828
SRX17412837,arc-institute-virtual-cell-atlas/scbasecount/2026-01-12/h5ad/GeneFull/Homo_sapiens/SRX17412837.h5ad,success,,PRJNA563828
SRX17412846,arc-institute-virtual-cell-atlas/scbasecount/2026-01-12/h5ad/GeneFull/Homo_sapiens/SRX17412846.h5ad,success,,PRJNA563828
SRX17412829,arc-institute-virtual-cell-atlas/scbasecount/2026-01-12/h5ad/GeneFull/Homo_sapiens/SRX17412829.h5ad,success,,PRJNA563828
SRX17412824,arc-institute-virtual-cell-atlas/scbasecount/2026-01-12/h5ad/GeneFull/Homo_sapiens/SRX17412824.h5ad,success,,PRJNA563828
SRX17412854,arc-institute-virtual-cell-atlas/scbasecount/2026-01-12/h5ad/GeneFull/Homo_sapiens/SRX17412854.h5ad,success,,PRJNA563828
SRX19704118,arc-institute-virtual-cell-atlas/scbasecount/2026-01-12/h5ad/GeneFull/Homo_sapiens/SRX19704118.h5ad,success,,PRJNA945854
SRX19704117,arc-institute-virtual-cell-atlas/scbasecount/2026-01-12/h5ad/GeneFull/Homo_sapiens/SRX19704117.h5ad,success,,PRJNA945854
SRX24732576,arc-institute-virtual-cell-atlas/scbasecount/2026-01-12/h5ad/GeneFull/Homo_sapiens/SRX24732576.h5ad,success,,PRJNA1117768
SRX26517110,arc-institute-virtual-cell-atlas/scbasecount/2026-01-12/h5ad/GeneFull/Homo_sapiens/SRX26517110.h5ad,skip,excessive_cell_dropout,
SRX26517112,arc-institute-virtual-cell-atlas/scbasecount/2026-01-12/h5ad/GeneFull/Homo_sapiens/SRX26517112.h5ad,skip,excessive_cell_dropout,
SRX10425170,arc-institute-virtual-cell-atlas/scbasecount/2026-01-12/h5ad/GeneFull/Homo_sapiens/SRX10425170.h5ad,success,,PRJNA716656
SRX8372491,arc-institute-virtual-cell-atlas/scbasecount/2026-01-12/h5ad/GeneFull/Homo_sapiens/SRX8372491.h5ad,success,,PRJNA634159
SRX8372495,arc-institute-virtual-cell-atlas/scbasecount/2026-01-12/h5ad/GeneFull/Homo_sapiens/SRX8372495.h5ad,success,,PRJNA634159
SRX8372496,arc-institute-virtual-cell-atlas/scbasecount/2026-01-12/h5ad/GeneFull/Homo_sapiens/SRX8372496.h5ad,success,,PRJNA634159
SRX8372494,arc-institute-virtual-cell-atlas/scbasecount/2026-01-12/h5ad/GeneFull/Homo_sapiens/SRX8372494.h5ad,success,,PRJNA634159
SRX9927818,arc-institute-virtual-cell-atlas/scbasecount/2026-01-12/h5ad/GeneFull/Homo_sapiens/SRX9927818.h5ad,success,,PRJNA694436
SRX9127142,arc-institute-virtual-cell-atlas/scbasecount/2026-01-12/h5ad/GeneFull/Homo_sapiens/SRX9127142.h5ad,success,,PRJNA663601
SRX9768488,arc-institute-virtual-cell-atlas/scbasecount/2026-01-12/h5ad/GeneFull/Homo_sapiens/SRX9768488.h5ad,success,,PRJNA689219
SRX9495612,arc-institute-virtual-cell-atlas/scbasecount/2026-01-12/h5ad/GeneFull/Homo_sapiens/SRX9495612.h5ad,skip,too_few_cells,
SRX9495616,arc-institute-virtual-cell-atlas/scbasecount/2026-01-12/h5ad/GeneFull/Homo_sapiens/SRX9495616.h5ad,success,,PRJNA677962
SRX9430527,arc-institute-virtual-cell-atlas/scbasecount/2026-01-12/h5ad/GeneFull/Homo_sapiens/SRX9430527.h5ad,success,,PRJNA674516
SRX10048380,arc-institute-virtual-cell-atlas/scbasecount/2026-01-12/h5ad/GeneFull/Homo_sapiens/SRX10048380.h5ad,success,,PRJNA669824
SRX9127143,arc-institute-virtual-cell-atlas/scbasecount/2026-01-12/h5ad/GeneFull/Homo_sapiens/SRX9127143.h5ad,success,,PRJNA663601
SRX10048393,arc-institute-virtual-cell-atlas/scbasecount/2026-01-12/h5ad/GeneFull/Homo_sapiens/SRX10048393.h5ad,success,,PRJNA669824
SRX9768485,arc-institute-virtual-cell-atlas/scbasecount/2026-01-12/h5ad/GeneFull/Homo_sapiens/SRX9768485.h5ad,success,,PRJNA689219
SRX10048395,arc-institute-virtual-cell-atlas/scbasecount/2026-01-12/h5ad/GeneFull/Homo_sapiens/SRX10048395.h5ad,success,,PRJNA669824
SRX10048396,arc-institute-virtual-cell-atlas/scbasecount/2026-01-12/h5ad/GeneFull/Homo_sapiens/SRX10048396.h5ad,success,,PRJNA669824
SRX10048379,arc-institute-virtual-cell-atlas/scbasecount/2026-01-12/h5ad/GeneFull/Homo_sapiens/SRX10048379.h5ad,success,,PRJNA669824
SRX10008476,arc-institute-virtual-cell-atlas/scbasecount/2026-01-12/h5ad/GeneFull/Homo_sapiens/SRX10008476.h5ad,success,,PRJNA699012
SRX9768483,arc-institute-virtual-cell-atlas/scbasecount/2026-01-12/h5ad/GeneFull/Homo_sapiens/SRX9768483.h5ad,skip,too_few_cells,
SRX10048375,arc-institute-virtual-cell-atlas/scbasecount/2026-01-12/h5ad/GeneFull/Homo_sapiens/SRX10048375.h5ad,success,,PRJNA669824
SRX10048373,arc-institute-virtual-cell-atlas/scbasecount/2026-01-12/h5ad/GeneFull/Homo_sapiens/SRX10048373.h5ad,success,,PRJNA669824
SRX9495614,arc-institute-virtual-cell-atlas/scbasecount/2026-01-12/h5ad/GeneFull/Homo_sapiens/SRX9495614.h5ad,skip,too_few_cells,
SRX10048391,arc-institute-virtual-cell-atlas/scbasecount/2026-01-12/h5ad/GeneFull/Homo_sapiens/SRX10048391.h5ad,success,,PRJNA669824
SRX10048376,arc-institute-virtual-cell-atlas/scbasecount/2026-01-12/h5ad/GeneFull/Homo_sapiens/SRX10048376.h5ad,success,,PRJNA669824
SRX9127144,arc-institute-virtual-cell-atlas/scbasecount/2026-01-12/h5ad/GeneFull/Homo_sapiens/SRX9127144.h5ad,success,,PRJNA663601
SRX9495610,arc-institute-virtual-cell-atlas/scbasecount/2026-01-12/h5ad/GeneFull/Homo_sapiens/SRX9495610.h5ad,skip,too_few_cells,
SRX10048385,arc-institute-virtual-cell-atlas/scbasecount/2026-01-12/h5ad/GeneFull/Homo_sapiens/SRX10048385.h5ad,success,,PRJNA669824
SRX27113453,arc-institute-virtual-cell-atlas/scbasecount/2026-01-12/h5ad/GeneFull/Homo_sapiens/SRX27113453.h5ad,success,,PRJNA1172658
SRX27113459,arc-institute-virtual-cell-atlas/scbasecount/2026-01-12/h5ad/GeneFull/Homo_sapiens/SRX27113459.h5ad,success,,PRJNA1172658
SRX27113451,arc-institute-virtual-cell-atlas/scbasecount/2026-01-12/h5ad/GeneFull/Homo_sapiens/SRX27113451.h5ad,success,,PRJNA1172658
SRX27113465,arc-institute-virtual-cell-atlas/scbasecount/2026-01-12/h5ad/GeneFull/Homo_sapiens/SRX27113465.h5ad,success,,PRJNA1172658
SRX27113457,arc-institute-virtual-cell-atlas/scbasecount/2026-01-12/h5ad/GeneFull/Homo_sapiens/SRX27113457.h5ad,success,,PRJNA1172658
SRX27113449,arc-institute-virtual-cell-atlas/scbasecount/2026-01-12/h5ad/GeneFull/Homo_sapiens/SRX27113449.h5ad,success,,PRJNA1172658
SRX27113462,arc-institute-virtual-cell-atlas/scbasecount/2026-01-12/h5ad/GeneFull/Homo_sapiens/SRX27113462.h5ad,success,,PRJNA1172658
SRX27113460,arc-institute-virtual-cell-atlas/scbasecount/2026-01-12/h5ad/GeneFull/Homo_sapiens/SRX27113460.h5ad,success,,PRJNA1172658
SRX27113463,arc-institute-virtual-cell-atlas/scbasecount/2026-01-12/h5ad/GeneFull/Homo_sapiens/SRX27113463.h5ad,success,,PRJNA1172658
SRX10048397,arc-institute-virtual-cell-atlas/scbasecount/2026-01-12/h5ad/GeneFull/Homo_sapiens/SRX10048397.h5ad,success,,PRJNA669824
SRX10048389,arc-institute-virtual-cell-atlas/scbasecount/2026-01-12/h5ad/GeneFull/Homo_sapiens/SRX10048389.h5ad,success,,PRJNA669824
SRX9276336,arc-institute-virtual-cell-atlas/scbasecount/2026-01-12/h5ad/GeneFull/Homo_sapiens/SRX9276336.h5ad,success,,PRJNA668609
SRX9246202,arc-institute-virtual-cell-atlas/scbasecount/2026-01-12/h5ad/GeneFull/Homo_sapiens/SRX9246202.h5ad,success,,PRJNA667491
SRX8953167,arc-institute-virtual-cell-atlas/scbasecount/2026-01-12/h5ad/GeneFull/Homo_sapiens/SRX8953167.h5ad,success,,PRJNA657422
SRX9246191,arc-institute-virtual-cell-atlas/scbasecount/2026-01-12/h5ad/GeneFull/Homo_sapiens/SRX9246191.h5ad,success,,PRJNA667491
SRX9246190,arc-institute-virtual-cell-atlas/scbasecount/2026-01-12/h5ad/GeneFull/Homo_sapiens/SRX9246190.h5ad,success,,PRJNA667491
SRX9246200,arc-institute-virtual-cell-atlas/scbasecount/2026-01-12/h5ad/GeneFull/Homo_sapiens/SRX9246200.h5ad,success,,PRJNA667491
SRX9246197,arc-institute-virtual-cell-atlas/scbasecount/2026-01-12/h5ad/GeneFull/Homo_sapiens/SRX9246197.h5ad,success,,PRJNA667491
SRX9276294,arc-institute-virtual-cell-atlas/scbasecount/2026-01-12/h5ad/GeneFull/Homo_sapiens/SRX9276294.h5ad,success,,PRJNA668609
SRX9246203,arc-institute-virtual-cell-atlas/scbasecount/2026-01-12/h5ad/GeneFull/Homo_sapiens/SRX9246203.h5ad,success,,PRJNA667491
SRX9246199,arc-institute-virtual-cell-atlas/scbasecount/2026-01-12/h5ad/GeneFull/Homo_sapiens/SRX9246199.h5ad,success,,PRJNA667491
SRX9246204,arc-institute-virtual-cell-atlas/scbasecount/2026-01-12/h5ad/GeneFull/Homo_sapiens/SRX9246204.h5ad,success,,PRJNA667491
SRX9276324,arc-institute-virtual-cell-atlas/scbasecount/2026-01-12/h5ad/GeneFull/Homo_sapiens/SRX9276324.h5ad,success,,PRJNA668609
SRX9276308,arc-institute-virtual-cell-atlas/scbasecount/2026-01-12/h5ad/GeneFull/Homo_sapiens/SRX9276308.h5ad,success,,PRJNA668609
SRX9276319,arc-institute-virtual-cell-atlas/scbasecount/2026-01-12/h5ad/GeneFull/Homo_sapiens/SRX9276319.h5ad,success,,PRJNA668609
SRX9276334,arc-institute-virtual-cell-atlas/scbasecount/2026-01-12/h5ad/GeneFull/Homo_sapiens/SRX9276334.h5ad,success,,PRJNA668609
SRX9276306,arc-institute-virtual-cell-atlas/scbasecount/2026-01-12/h5ad/GeneFull/Homo_sapiens/SRX9276306.h5ad,success,,PRJNA668609
SRX9276295,arc-institute-virtual-cell-atlas/scbasecount/2026-01-12/h5ad/GeneFull/Homo_sapiens/SRX9276295.h5ad,success,,PRJNA668609
SRX9296013,arc-institute-virtual-cell-atlas/scbasecount/2026-01-12/h5ad/GeneFull/Homo_sapiens/SRX9296013.h5ad,success,,PRJNA669984
SRX9246195,arc-institute-virtual-cell-atlas/scbasecount/2026-01-12/h5ad/GeneFull/Homo_sapiens/SRX9246195.h5ad,success,,PRJNA667491
SRX9276333,arc-institute-virtual-cell-atlas/scbasecount/2026-01-12/h5ad/GeneFull/Homo_sapiens/SRX9276333.h5ad,success,,PRJNA668609
SRX9276292,arc-institute-virtual-cell-atlas/scbasecount/2026-01-12/h5ad/GeneFull/Homo_sapiens/SRX9276292.h5ad,success,,PRJNA668609
SRX9276304,arc-institute-virtual-cell-atlas/scbasecount/2026-01-12/h5ad/GeneFull/Homo_sapiens/SRX9276304.h5ad,success,,PRJNA668609
SRX9276293,arc-institute-virtual-cell-atlas/scbasecount/2026-01-12/h5ad/GeneFull/Homo_sapiens/SRX9276293.h5ad,success,,PRJNA668609
SRX9246194,arc-institute-virtual-cell-atlas/scbasecount/2026-01-12/h5ad/GeneFull/Homo_sapiens/SRX9246194.h5ad,success,,PRJNA667491
SRX9246206,arc-institute-virtual-cell-atlas/scbasecount/2026-01-12/h5ad/GeneFull/Homo_sapiens/SRX9246206.h5ad,success,,PRJNA667491
SRX9276335,arc-institute-virtual-cell-atlas/scbasecount/2026-01-12/h5ad/GeneFull/Homo_sapiens/SRX9276335.h5ad,success,,PRJNA668609
SRX9246207,arc-institute-virtual-cell-atlas/scbasecount/2026-01-12/h5ad/GeneFull/Homo_sapiens/SRX9246207.h5ad,success,,PRJNA667491
SRX9246208,arc-institute-virtual-cell-atlas/scbasecount/2026-01-12/h5ad/GeneFull/Homo_sapiens/SRX9246208.h5ad,success,,PRJNA667491
SRX9276289,arc-institute-virtual-cell-atlas/scbasecount/2026-01-12/h5ad/GeneFull/Homo_sapiens/SRX9276289.h5ad,success,,PRJNA668609
SRX8953166,arc-institute-virtual-cell-atlas/scbasecount/2026-01-12/h5ad/GeneFull/Homo_sapiens/SRX8953166.h5ad,success,,PRJNA657422
SRX9276291,arc-institute-virtual-cell-atlas/scbasecount/2026-01-12/h5ad/GeneFull/Homo_sapiens/SRX9276291.h5ad,success,,PRJNA668609
SRX9246201,arc-institute-virtual-cell-atlas/scbasecount/2026-01-12/h5ad/GeneFull/Homo_sapiens/SRX9246201.h5ad,success,,PRJNA667491
SRX9276302,arc-institute-virtual-cell-atlas/scbasecount/2026-01-12/h5ad/GeneFull/Homo_sapiens/SRX9276302.h5ad,success,,PRJNA668609
SRX9276303,arc-institute-virtual-cell-atlas/scbasecount/2026-01-12/h5ad/GeneFull/Homo_sapiens/SRX9276303.h5ad,success,,PRJNA668609
SRX10100448,arc-institute-virtual-cell-atlas/scbasecount/2026-01-12/h5ad/GeneFull/Homo_sapiens/SRX10100448.h5ad,success,,PRJNA701930
SRX8417844,arc-institute-virtual-cell-atlas/scbasecount/2026-01-12/h5ad/GeneFull/Homo_sapiens/SRX8417844.h5ad,skip,cell_type_all_missing,
SRX9246205,arc-institute-virtual-cell-atlas/scbasecount/2026-01-12/h5ad/GeneFull/Homo_sapiens/SRX9246205.h5ad,success,,PRJNA667491
SRX9276290,arc-institute-virtual-cell-atlas/scbasecount/2026-01-12/h5ad/GeneFull/Homo_sapiens/SRX9276290.h5ad,success,,PRJNA668609
SRX27113456,arc-institute-virtual-cell-atlas/scbasecount/2026-01-12/h5ad/GeneFull/Homo_sapiens/SRX27113456.h5ad,success,,PRJNA1172658
SRX27113454,arc-institute-virtual-cell-atlas/scbasecount/2026-01-12/h5ad/GeneFull/Homo_sapiens/SRX27113454.h5ad,success,,PRJNA1172658
SRX27113452,arc-institute-virtual-cell-atlas/scbasecount/2026-01-12/h5ad/GeneFull/Homo_sapiens/SRX27113452.h5ad,success,,PRJNA1172658
SRX27113450,arc-institute-virtual-cell-atlas/scbasecount/2026-01-12/h5ad/GeneFull/Homo_sapiens/SRX27113450.h5ad,success,,PRJNA1172658
SRX27113464,arc-institute-virtual-cell-atlas/scbasecount/2026-01-12/h5ad/GeneFull/Homo_sapiens/SRX27113464.h5ad,success,,PRJNA1172658
SRX27113461,arc-institute-virtual-cell-atlas/scbasecount/2026-01-12/h5ad/GeneFull/Homo_sapiens/SRX27113461.h5ad,success,,PRJNA1172658
SRX27113458,arc-institute-virtual-cell-atlas/scbasecount/2026-01-12/h5ad/GeneFull/Homo_sapiens/SRX27113458.h5ad,success,,PRJNA1172658
SRX9296012,arc-institute-virtual-cell-atlas/scbasecount/2026-01-12/h5ad/GeneFull/Homo_sapiens/SRX9296012.h5ad,success,,PRJNA669984
SRX9276322,arc-institute-virtual-cell-atlas/scbasecount/2026-01-12/h5ad/GeneFull/Homo_sapiens/SRX9276322.h5ad,success,,PRJNA668609
SRX9276315,arc-institute-virtual-cell-atlas/scbasecount/2026-01-12/h5ad/GeneFull/Homo_sapiens/SRX9276315.h5ad,success,,PRJNA668609
SRX9276323,arc-institute-virtual-cell-atlas/scbasecount/2026-01-12/h5ad/GeneFull/Homo_sapiens/SRX9276323.h5ad,success,,PRJNA668609
SRX8961824,arc-institute-virtual-cell-atlas/scbasecount/2026-01-12/h5ad/GeneFull/Homo_sapiens/SRX8961824.h5ad,success,,PRJNA657844
SRX9276318,arc-institute-virtual-cell-atlas/scbasecount/2026-01-12/h5ad/GeneFull/Homo_sapiens/SRX9276318.h5ad,success,,PRJNA668609
SRX9276309,arc-institute-virtual-cell-atlas/scbasecount/2026-01-12/h5ad/GeneFull/Homo_sapiens/SRX9276309.h5ad,success,,PRJNA668609
SRX9246192,arc-institute-virtual-cell-atlas/scbasecount/2026-01-12/h5ad/GeneFull/Homo_sapiens/SRX9246192.h5ad,success,,PRJNA667491
SRX9276316,arc-institute-virtual-cell-atlas/scbasecount/2026-01-12/h5ad/GeneFull/Homo_sapiens/SRX9276316.h5ad,success,,PRJNA668609
SRX9296018,arc-institute-virtual-cell-atlas/scbasecount/2026-01-12/h5ad/GeneFull/Homo_sapiens/SRX9296018.h5ad,success,,PRJNA669984
SRX8349959,arc-institute-virtual-cell-atlas/scbasecount/2026-01-12/h5ad/GeneFull/Homo_sapiens/SRX8349959.h5ad,success,,PRJNA633134
SRX8349966,arc-institute-virtual-cell-atlas/scbasecount/2026-01-12/h5ad/GeneFull/Homo_sapiens/SRX8349966.h5ad,success,,PRJNA633134
SRX8349956,arc-institute-virtual-cell-atlas/scbasecount/2026-01-12/h5ad/GeneFull/Homo_sapiens/SRX8349956.h5ad,success,,PRJNA633134
SRX29072180,arc-institute-virtual-cell-atlas/scbasecount/2026-01-12/h5ad/GeneFull/Homo_sapiens/SRX29072180.h5ad,skip,cell_type_all_missing,
SRX29072177,arc-institute-virtual-cell-atlas/scbasecount/2026-01-12/h5ad/GeneFull/Homo_sapiens/SRX29072177.h5ad,success,,PRJNA1272602
SRX29072175,arc-institute-virtual-cell-atlas/scbasecount/2026-01-12/h5ad/GeneFull/Homo_sapiens/SRX29072175.h5ad,success,,PRJNA1272602
SRX29072176,arc-institute-virtual-cell-atlas/scbasecount/2026-01-12/h5ad/GeneFull/Homo_sapiens/SRX29072176.h5ad,success,,PRJNA1272602
SRX8370854,arc-institute-virtual-cell-atlas/scbasecount/2026-01-12/h5ad/GeneFull/Homo_sapiens/SRX8370854.h5ad,success,,PRJNA634136
SRX29072179,arc-institute-virtual-cell-atlas/scbasecount/2026-01-12/h5ad/GeneFull/Homo_sapiens/SRX29072179.h5ad,success,,PRJNA1272602
SRX29072178,arc-institute-virtual-cell-atlas/scbasecount/2026-01-12/h5ad/GeneFull/Homo_sapiens/SRX29072178.h5ad,success,,PRJNA1272602
SRX28769081,arc-institute-virtual-cell-atlas/scbasecount/2026-01-12/h5ad/GeneFull/Homo_sapiens/SRX28769081.h5ad,success,,PRJNA1215450
SRX28769201,arc-institute-virtual-cell-atlas/scbasecount/2026-01-12/h5ad/GeneFull/Homo_sapiens/SRX28769201.h5ad,skip,too_few_cells,
SRX9276320,arc-institute-virtual-cell-atlas/scbasecount/2026-01-12/h5ad/GeneFull/Homo_sapiens/SRX9276320.h5ad,success,,PRJNA668609
SRX9276326,arc-institute-virtual-cell-atlas/scbasecount/2026-01-12/h5ad/GeneFull/Homo_sapiens/SRX9276326.h5ad,success,,PRJNA668609
SRX9276332,arc-institute-virtual-cell-atlas/scbasecount/2026-01-12/h5ad/GeneFull/Homo_sapiens/SRX9276332.h5ad,success,,PRJNA668609
SRX9276325,arc-institute-virtual-cell-atlas/scbasecount/2026-01-12/h5ad/GeneFull/Homo_sapiens/SRX9276325.h5ad,success,,PRJNA668609
SRX8349961,arc-institute-virtual-cell-atlas/scbasecount/2026-01-12/h5ad/GeneFull/Homo_sapiens/SRX8349961.h5ad,success,,PRJNA633134
SRX8349958,arc-institute-virtual-cell-atlas/scbasecount/2026-01-12/h5ad/GeneFull/Homo_sapiens/SRX8349958.h5ad,success,,PRJNA633134
SRX8353571,arc-institute-virtual-cell-atlas/scbasecount/2026-01-12/h5ad/GeneFull/Homo_sapiens/SRX8353571.h5ad,success,,PRJNA633281
SRX8370855,arc-institute-virtual-cell-atlas/scbasecount/2026-01-12/h5ad/GeneFull/Homo_sapiens/SRX8370855.h5ad,success,,PRJNA634136
SRX8370856,arc-institute-virtual-cell-atlas/scbasecount/2026-01-12/h5ad/GeneFull/Homo_sapiens/SRX8370856.h5ad,success,,PRJNA634136
SRX8370861,arc-institute-virtual-cell-atlas/scbasecount/2026-01-12/h5ad/GeneFull/Homo_sapiens/SRX8370861.h5ad,success,,PRJNA634136
SRX8370857,arc-institute-virtual-cell-atlas/scbasecount/2026-01-12/h5ad/GeneFull/Homo_sapiens/SRX8370857.h5ad,success,,PRJNA634136
SRX8370858,arc-institute-virtual-cell-atlas/scbasecount/2026-01-12/h5ad/GeneFull/Homo_sapiens/SRX8370858.h5ad,success,,PRJNA634136
SRX8370860,arc-institute-virtual-cell-atlas/scbasecount/2026-01-12/h5ad/GeneFull/Homo_sapiens/SRX8370860.h5ad,success,,PRJNA634136
SRX8353568,arc-institute-virtual-cell-atlas/scbasecount/2026-01-12/h5ad/GeneFull/Homo_sapiens/SRX8353568.h5ad,success,,PRJNA633281
SRX8370852,arc-institute-virtual-cell-atlas/scbasecount/2026-01-12/h5ad/GeneFull/Homo_sapiens/SRX8370852.h5ad,success,,PRJNA634136
SRX7692419,arc-institute-virtual-cell-atlas/scbasecount/2026-01-12/h5ad/GeneFull/Homo_sapiens/SRX7692419.h5ad,skip,cell_type_all_missing,
SRX6812462,arc-institute-virtual-cell-atlas/scbasecount/2026-01-12/h5ad/GeneFull/Homo_sapiens/SRX6812462.h5ad,skip,cell_type_all_missing,
SRX6812459,arc-institute-virtual-cell-atlas/scbasecount/2026-01-12/h5ad/GeneFull/Homo_sapiens/SRX6812459.h5ad,skip,cell_type_all_missing,
SRX29130823,arc-institute-virtual-cell-atlas/scbasecount/2026-01-12/h5ad/GeneFull/Homo_sapiens/SRX29130823.h5ad,skip,cell_type_all_missing,
SRX29130822,arc-institute-virtual-cell-atlas/scbasecount/2026-01-12/h5ad/GeneFull/Homo_sapiens/SRX29130822.h5ad,skip,cell_type_all_missing,
SRX29130825,arc-institute-virtual-cell-atlas/scbasecount/2026-01-12/h5ad/GeneFull/Homo_sapiens/SRX29130825.h5ad,skip,cell_type_all_missing,
SRX29130834,arc-institute-virtual-cell-atlas/scbasecount/2026-01-12/h5ad/GeneFull/Homo_sapiens/SRX29130834.h5ad,skip,cell_type_all_missing,
SRX6726375,arc-institute-virtual-cell-atlas/scbasecount/2026-01-12/h5ad/GeneFull/Homo_sapiens/SRX6726375.h5ad,skip,cell_type_all_missing,
SRX19352021,arc-institute-virtual-cell-atlas/scbasecount/2026-01-12/h5ad/GeneFull/Homo_sapiens/SRX19352021.h5ad,skip,cell_type_all_missing,
SRX6726367,arc-institute-virtual-cell-atlas/scbasecount/2026-01-12/h5ad/GeneFull/Homo_sapiens/SRX6726367.h5ad,skip,cell_type_all_missing,
SRX6726368,arc-institute-virtual-cell-atlas/scbasecount/2026-01-12/h5ad/GeneFull/Homo_sapiens/SRX6726368.h5ad,skip,cell_type_all_missing,
SRX6726385,arc-institute-virtual-cell-atlas/scbasecount/2026-01-12/h5ad/GeneFull/Homo_sapiens/SRX6726385.h5ad,skip,cell_type_all_missing,
SRX6726382,arc-institute-virtual-cell-atlas/scbasecount/2026-01-12/h5ad/GeneFull/Homo_sapiens/SRX6726382.h5ad,skip,cell_type_all_missing,
SRX6726386,arc-institute-virtual-cell-atlas/scbasecount/2026-01-12/h5ad/GeneFull/Homo_sapiens/SRX6726386.h5ad,skip,cell_type_all_missing,
SRX6726378,arc-institute-virtual-cell-atlas/scbasecount/2026-01-12/h5ad/GeneFull/Homo_sapiens/SRX6726378.h5ad,skip,cell_type_all_missing,
SRX6726395,arc-institute-virtual-cell-atlas/scbasecount/2026-01-12/h5ad/GeneFull/Homo_sapiens/SRX6726395.h5ad,skip,cell_type_all_missing,
SRX6726380,arc-institute-virtual-cell-atlas/scbasecount/2026-01-12/h5ad/GeneFull/Homo_sapiens/SRX6726380.h5ad,skip,cell_type_all_missing,
SRX6726379,arc-institute-virtual-cell-atlas/scbasecount/2026-01-12/h5ad/GeneFull/Homo_sapiens/SRX6726379.h5ad,skip,cell_type_all_missing,
SRX6726383,arc-institute-virtual-cell-atlas/scbasecount/2026-01-12/h5ad/GeneFull/Homo_sapiens/SRX6726383.h5ad,skip,cell_type_all_missing,
SRX6726387,arc-institute-virtual-cell-atlas/scbasecount/2026-01-12/h5ad/GeneFull/Homo_sapiens/SRX6726387.h5ad,skip,cell_type_all_missing,
SRX6726398,arc-institute-virtual-cell-atlas/scbasecount/2026-01-12/h5ad/GeneFull/Homo_sapiens/SRX6726398.h5ad,skip,cell_type_all_missing,
SRX6726390,arc-institute-virtual-cell-atlas/scbasecount/2026-01-12/h5ad/GeneFull/Homo_sapiens/SRX6726390.h5ad,skip,cell_type_all_missing,
SRX6726397,arc-institute-virtual-cell-atlas/scbasecount/2026-01-12/h5ad/GeneFull/Homo_sapiens/SRX6726397.h5ad,skip,cell_type_all_missing,
SRX6726394,arc-institute-virtual-cell-atlas/scbasecount/2026-01-12/h5ad/GeneFull/Homo_sapiens/SRX6726394.h5ad,skip,cell_type_all_missing,
SRX6726389,arc-institute-virtual-cell-atlas/scbasecount/2026-01-12/h5ad/GeneFull/Homo_sapiens/SRX6726389.h5ad,skip,cell_type_all_missing,
