srx,"CD4-positive, alpha-beta T cell",natural killer cell,B cell,"CD8-positive, alpha-beta T cell",intermediate monocyte,classical monocyte,monocyte,macrophage,,basophil,lung multiciliated epithelial cell,plasma cell,pulmonary alveolar type 2 cell,club cell,respiratory tract goblet cell,pulmonary alveolar type 1 cell,capillary endothelial cell,endothelial cell of lymphatic vessel,basal cell,neutrophil,adventitial cell,endothelial cell of artery,vein endothelial cell,alveolar adventitial fibroblast,mature NK T cell,bronchial smooth muscle cell,pericyte,sebocyte,melanocyte,T cell,smooth muscle cell,endothelial cell,fibroblast,mast cell,erythrocyte,"naive thymus-derived CD4-positive, alpha-beta T cell",hematopoietic precursor cell,non-classical monocyte,platelet
ERX11662361,0.19237367308356243,0.012374544649127158,0.7965660970409537,0.40618437766464166,0.48569906208796493,0.7542023898866398,0.6235702082127974,0.6234974937773069,,,,,,,,,,,,,,,,,,,,,,,,,,,,,,,
ERX11662357,,,,,,,,,0.7411132179563379,,,,,,,,,,,,,,,,,,,,,,,,,,,,,,
ERX11662338,0.3862557988051502,0.0,0.6259769338006052,0.2455116851484677,0.07902946963242717,0.07167536967655876,,0.17224980305721369,0.2863969571159562,0.2460288484082506,0.037033283716751436,0.5876513991857538,0.0,0.0,0.43949698692151334,,,,,,,,,,,,,,,,,,,,,,,,
ERX11662360,,,,,,,,,0.7057861582834115,,,,,,,,,,,,,,,,,,,,,,,,,,,,,,
ERX11662363,,,,,,,,,0.4720680996209399,,,,,,,,,,,,,,,,,,,,,,,,,,,,,,
ERX11662358,,,,,,,,,0.7431957286407423,,,,,,,,,,,,,,,,,,,,,,,,,,,,,,
ERX11662371,0.6468532835767947,0.6351792668199712,0.904526040344764,0.6082866867958068,0.7672444197167959,0.5581834466820162,,,,,0.19488708942343164,0.8474147785897874,0.7259501452943735,0.6043515040411317,0.6259492513878375,0.31591383906288933,0.6231623620263113,0.0,,,,,,,,,,,,,,,,,,,,,
ERX11662356,,,,,,,,,0.7910379491285523,,,,,,,,,,,,,,,,,,,,,,,,,,,,,,
ERX11662373,0.1728405198208805,0.9594838138869546,0.8005430336006655,0.4718199940526664,0.19722814068994288,0.4738626326735919,,0.6398243839286436,,0.13110652958234506,,,,,,,,,0.7614744352643515,,,,,,,,,,,,,,,,,,,,
ERX11662362,0.2987411256885268,0.10441907800540785,0.44844888901131585,0.29558165161463745,0.16781616144154332,0.051471472378174545,0.3626761794798551,0.042844650142760045,0.9980008838722995,0.27278294301859357,,,,,,,,,0.690733546900727,,,,,,,,,,,,,,,,,,,,
ERX11662369,,,,,,,,,0.8034622668763103,,,,,,,,,,,,,,,,,,,,,,,,,,,,,,
ERX11662370,,,,,,,,,0.47283853369358936,,,,,,,,,,,,,,,,,,,,,,,,,,,,,,
ERX11662375,0.5260154228781333,0.0,0.7484638525881169,0.19590927087360493,0.6689414400993378,0.7914830977337608,,0.7473414236084555,,,0.7366900445380381,0.7563216495159727,0.17203694935311378,0.668398354586668,0.821401835191644,0.14854949043034824,,,0.725098781453415,,,,,,,,,,,,,,,,,,,,
ERX11662364,,,,,,,,,0.5801334419522794,,,,,,,,,,,,,,,,,,,,,,,,,,,,,,
ERX11662382,0.42914790383926804,0.44782284872738237,0.6665287965086916,0.7072533917879632,0.588605603066439,0.5885269236993765,,0.7727449230703026,,,0.7375011655930386,0.7205344220879213,,0.9412590806411602,0.6503156104899528,0.0,,,,,,,,,,,,,,,,,,,,,,,
ERX11662366,0.6313739417923562,0.28718171639923296,0.6655527859413586,0.6367417254958389,0.543130159956946,0.6040850945830126,,0.5943260635218449,0.7773003099003686,0.10021741342150445,,0.9469115785765904,,,,,,,0.63125649211887,0.0,,,,,,,,,,,,,,,,,,,
ERX11662376,,,,,,,,,0.483150939136361,,,,,,,,,,,,,,,,,,,,,,,,,,,,,,
ERX11662381,,,,,,,,,0.8619044167652864,,,,,,,,,,,,,,,,,,,,,,,,,,,,,,
ERX11662365,,,,,,,,,0.7158445185281254,,,,,,,,,,,,,,,,,,,,,,,,,,,,,,
ERX11662384,0.45927652037009586,0.5784431724688872,0.8427786611723338,0.6320885590091435,0.8075490202461505,0.35031883080408405,,0.7915749837505289,,,,0.5740110817879132,,,,,,,,,,,,,,,,,,,,,,,,,,,
ERX11662367,,,,,,,,,0.7542592470277663,,,,,,,,,,,,,,,,,,,,,,,,,,,,,,
ERX11662359,0.40370412472244044,0.06634115571466408,0.6955661178473004,0.4037733558220627,0.5561121290481705,0.596326278947057,0.6409690461583614,0.5321184803163134,0.7395156719742697,0.10387989037548513,0.1702221485537448,0.5664130463829666,0.3346864551425189,0.5455886534041576,0.6159601422001022,0.957329437629297,0.7004299420582769,0.11496619827474731,0.6655839016040431,,0.8812908992306927,0.11299719902283,0.10783996913669329,0.17556502585750278,0.38913735913742176,,,,,,,,,,,,,,
ERX11662385,,,,,,,,,0.8143532696961799,,,,,,,,,,,,,,,,,,,,,,,,,,,,,,
ERX11876751,,,0.7017354831398279,,,,,0.6656102353387359,,,,0.2351933818192415,,,0.9182958340544894,,,,0.32917106138057456,,0.7394523757342845,0.8228237337459174,0.24207796073087573,0.5734600875844169,,0.6624663361868035,0.43960501389906265,,,,,,,,,,,,
ERX11876753,,,0.7708079609312745,,,,,,,,,0.2953802631540603,,,0.0,,,,0.41188593779380056,,0.6107629688154811,0.8440548694473743,0.3768195848138804,0.0,,0.2764711855579493,0.6230871446082283,,,,,,,,,,,,
ERX11876748,0.7100661733182491,,0.6024272032614763,,,,,0.6027994010972035,,,,0.896599396693663,0.5479156441451,0.6357972204072426,0.537613611739966,,0.20238228913468712,,0.5839008163383063,,0.6358752281763906,0.36270320021624325,0.5166252287955039,0.6935679621043369,,0.49667405982595036,0.6514518052260957,,,,,,,,,,,,
ERX11876754,0.46581293049874434,0.48890859144051524,0.6301383074507132,0.07050175960541472,,,,0.6345809141515966,,,,0.7016632281017587,0.5724244641871524,0.8812908992306927,0.7290517408534181,0.6880373033927769,0.1474984389945065,0.2672049405385351,0.5176408905390103,0.0,0.6507574602449177,0.6559061408410921,0.37993177257708105,0.5151170675186278,,0.37918699256011007,0.37599025758076915,,,,,,,,,,,,
ERX11876755,,0.0,0.7310428660976639,,,,,0.383721999748318,,,0.0,0.8217951691276381,0.0760346956656914,0.9990102708804813,0.5623296770114091,,0.1674491119921355,0.062114355789768504,0.5669760819821845,0.0,0.4835996905177377,0.48548570993520496,0.6066284217054665,0.362978966414001,,0.3499181622021018,,,,,,,,,,,,,
ERX11876750,,,0.7340005957692025,,,,,0.4428052115652858,,,,0.7410612799420723,,,0.0,,,,0.4057273365495139,0.0,0.49315174086204133,0.3422923147169179,0.12311261099294706,0.5986034099579175,,0.7410094249178637,0.6342585180041305,,,,,,,,,,,,
ERX11876752,0.49197178106629474,,0.6914699757884013,0.0,,,,0.6000430042650237,0.7754562590237535,,,0.587107943404076,,,0.21647219270161083,,0.582226013022694,0.14807673900041213,0.3681704140552509,0.9919924034538556,0.5682895817831622,0.339092291840589,0.18090259653095142,0.6939805168468403,,0.744507404260186,0.4484543607118091,,,,,,,,,,,,
ERX11876764,0.7476130852704397,,0.410106192298722,0.41466430559510237,,,,,,,,,,,,,,,,,,,,,,,,,,,,,,,,,,,
ERX11876763,0.5406929121210048,,0.16702680404522807,0.8254684703325493,,,,,,,,,,,,,,,,,,,,,,,,,,,,,,,,,,,
ERX11876756,0.7550351051042204,,0.7517035974129382,,,,,0.6440795176528247,,,,0.7883651969441053,0.9276824136249768,0.40741204356554717,0.6310494732723598,,0.26713123319141807,0.20559250818508307,0.6365060203838913,,0.5231352127166762,0.64929676240139,0.3333364674968239,0.7490795602423078,,0.5981294637432558,0.35712918831967977,,,,,,,,,,,,
ERX11876767,0.05247670321252144,,0.700667999941268,0.02610879531162862,,,,,,,,,,,,,,,,,,,,,,,,,,,,,,,,,,,
ERX11876760,0.8829786604745874,0.0,0.7950583385085448,0.0,,,,0.7277800551036929,,0.04639138357369902,,0.7517529248237805,,,0.9200871069989459,,0.34059201741205736,0.04175261832615954,0.3505774218350995,0.9531971725430558,0.5360479144093176,0.6846366186410386,0.641007052347396,0.722179053581505,0.26676498780302604,0.31172732913435675,0.546980763017304,,,,,,,,,,,,
ERX11876765,0.716817137156831,0.21639693245126465,0.2694846504782267,0.6900335691515176,0.26676498780302604,,,,,,,0.6640878842988018,,,,,,,,,,,,,,,,,,,,,,,,,,,
ERX11876758,,,0.8388000352299898,0.0,,,,0.3249642454053262,,0.15614130953282532,,0.8764797876608706,0.0,,0.2903838003276878,,0.21602117197333404,0.08290530188125138,0.4709283790503926,,0.4641222146481998,0.06722154475830686,0.12265678312332684,0.651157176232036,,0.6142331701723809,0.39578989795946645,,,,,,,,,,,,
ERX11876759,,,0.8334203654426633,,,,,,,,,,,,0.15649106290570153,,,,0.12702698295287315,,0.7665024537378669,,0.6681273338436139,0.9990723690745767,,0.39304625076990857,0.06676843354559714,,,,,,,,,,,,
ERX11876768,0.6615604593591887,,0.3793245062180819,,,,,,,,,0.839832708059134,0.5293608652873644,0.6380220252861852,0.620634477118459,,,,0.40969061005526397,,0.823899096751692,,0.6103019351149631,,,0.24465230846991445,0.45850033625304437,,,,,,,,,,,,
ERX11876757,,,0.7197185349039105,,,,,0.41398460584197316,,0.23542512201487645,,0.8478416028220297,0.0,,0.22907578786943059,0.2863969571159562,0.19997584129791468,0.0,0.516082233284114,,0.8424150435991707,0.14367253487256176,0.3020262734053843,0.7994797760813948,,0.8293560298808592,0.6291738384398983,,,,,,,,,,,,
ERX11876770,0.14272407143620675,,0.32734735290750533,,,0.6193821946787638,,0.339458651855574,,0.21084230031853216,,,0.2605240416779715,0.3607805650514635,0.393194031019757,,0.44357445630988407,0.0,0.732037214910119,0.4305518670104394,0.7923665032300944,0.93198876621108,0.5346513554332865,0.3870514213921979,,0.6569617131828386,0.4894653902456443,,,,,,,,,,,,
ERX4409915,,,0.0,,,,,,,,,0.0,,,0.0,,,,0.0,,,,,,,,,,,,,,,,,,,,
ERX4409913,,,,,,,,,,,,,,,,,,,0.0,,0.0,,,,,,,,,,,,,,,,,,
ERX11662377,0.38562424374871845,0.1831220683013728,0.6132309490009183,0.4478565344974524,0.6027520806425164,0.5527963587731032,,0.7290594410355327,0.7784601997548448,0.4160724379021762,0.06996834951178105,0.4087713162189898,0.568422666685896,0.6361607594737181,0.6789858523887965,0.8021511888139773,0.8437306287958708,,0.7541096952249322,,,0.7420969148684194,,,0.38968486926437285,,,,,,,,,,,,,,
ERX11876771,0.2129148481193345,,0.8005765415969267,0.0,,,,,,,,0.6580883028157376,0.6674742199595056,0.1350362028021276,0.7973265101474424,,0.4988059447252494,0.5101309357282041,0.4584970682977511,,0.7318070666211713,0.5599148550783434,0.5003681939656331,0.7920412682336181,,0.6538378778671706,0.32415256227142825,,,,,,,,,,,,
ERX11876769,,,0.7427645732954801,,,,,0.6701926265282949,0.5127091420308771,,,,,,0.0,,,,0.2360555590056724,,0.40634758219545986,,0.9826154285526119,0.9601186626422924,,0.5686444444493045,0.24044209173860484,,,,,,,,,,,,
ERX8831394,,,,,,,,,0.0,,,,,,,,,,,,,,,,,,,,,,,,,,,,,,
ERX11662378,0.3921617961241523,,0.8517981412987099,0.6052765567558498,0.11929335184987172,0.5337613494095497,,0.10804288058843063,0.36967746619163755,0.225512521575645,0.07885601377455284,0.9996098363678071,0.0,,0.011231343872279196,,0.6991165281971109,0.5011535315688265,0.034740392239205414,,0.5165158943432917,,0.19784391058669182,,0.6166895961319894,,,,,,,,,,,,,,
ERX11876772,,,0.8077746901524492,,,,,,0.9077398907785027,,,0.9037029095676218,,,,,0.40732287855859445,0.0,0.35529022954137823,,0.7286962154195631,0.6884935517629901,0.5679721156233282,0.7082581918175473,,0.506574356671929,0.7035985067055481,,,,,,,,,,,,
SRX10048376,0.4257133199954581,,0.6088129242895498,,0.976020648236615,,,0.6882766965617069,,0.0,0.5596490721548892,0.35080939634168995,0.3856326148242909,0.7563911172558423,0.7316407706546256,0.7226847345387745,0.5638468732414029,0.10928571467638523,0.7589135875987377,,0.4533673241768652,0.7298065758124647,0.3740619105597096,0.5508835763475549,,0.3208352044991185,0.8640282075506538,,,,,,,,,,,,
SRX10008476,,,,,,,,,,,,0.21084230031853216,,,,,,,0.3679625446911811,,0.42124220053076855,,,,,0.03663225874563136,,,,,,,,,,,,,
ERX8831397,,,,,,,,,0.0,,,,,,,,,,,,,,,,,,,,,,,,,,,,,,
ERX8831395,,,,,,,,,0.0,,,,,,,,,,,,,,,,,,,,,,,,,,,,,,
ERX8831396,,,0.0,,,,,,,,,0.0,,,,,,,0.0,,,,,,,,,,,,,,,,,,,,
SRX10048393,0.5956646033817775,,0.682328091598674,,,,,0.6564082096358823,,,0.08013604733127526,0.553025947652848,,,,0.5932271553663443,0.4576068604672564,,,,0.0,,0.2580186686648155,0.0,,,0.40790598013897633,,,,,,,,,,,,
SRX10048375,0.590044737485656,0.0,0.7263051575444173,0.9755259511264972,0.9264650636401605,0.38431154412649704,0.23913148810400034,0.6293789421437705,0.56815251264498,0.11327430349709669,0.1562149425485864,0.5040552073091952,,,0.1986202093250822,,0.6344418805926771,0.5891805604184231,,,0.4069341677875064,0.9984628557283827,0.5492722728008219,0.49365504880131866,,0.4560205340030941,0.6352925766135629,,,,,,,,,,,,
SRX10048397,0.5467670998632538,,0.7616096773429742,,,,,0.267827255878325,,,0.6103644510530045,0.8148798415990317,0.0,,0.7973265101474424,0.31303896621008587,0.48252915172796806,0.0,,,0.0,0.961236604722876,0.7286561673702678,0.060830626354146024,,0.12874507741338911,0.6097630879642212,,,,,,,,,,,,
SRX10048396,0.47897156345772596,,0.8126174547596015,,,,,0.2604006552532145,,,,0.7737635649919336,,,,0.0,0.4053318417385795,0.11886680531254395,,,0.27781050442320665,0.574803714168361,0.6615886295725169,0.2483929067997921,,0.4021791902022729,0.8775898900979706,,,,,,,,,,,,
SRX10048389,0.5552769988833798,,0.6717002851369316,,0.6946034122043317,0.6123034678652526,0.3584614377615047,0.6784281860095389,0.6296264994849979,0.0,0.4435322451837859,0.5085659342101746,0.13049969594355607,0.5435644431995964,0.35977818268695155,0.12120326260227456,0.5196147015327643,0.08365989249549191,,,,0.505651285953808,0.5822909654406304,0.14437935594585743,,0.4044483864864384,0.6901665526113375,,,,,,,,,,,,
SRX10048373,0.4478430602066663,,0.6436268605620066,0.39926925575877675,0.15284534455563048,0.28998604703320907,0.7591558863328451,0.5059267127141466,0.42752069671174453,0.07330869901080925,0.48679255505792757,0.46757957571988396,0.9674508781887893,0.05503793508320906,0.4658795978944085,0.15109697051711368,0.768533983962502,0.1549775882646822,0.3679347629570591,,0.6947474084003723,0.9333572600179804,0.14174748387633254,0.37179061807005037,,0.7226456030815737,0.6108830726158855,,,,,,,,,,,,
SRX10048385,0.43998549853897845,,0.6828854922336441,0.4666031366898676,0.5550427369126262,0.6880430686987148,0.4104190771196889,0.5834651614200455,0.40903132778415774,0.16737295343784145,0.37501412020847474,0.27878919779471006,0.03308633743334015,0.6077877385946578,0.5417075886268717,0.34768866320593356,0.5638117485664847,0.12038325679356753,0.3832370395105874,,,0.6412186945350935,0.2918538344196615,0.0687387750719269,,0.787126586201269,0.3926035296139579,,,,,,,,,,,,
SRX10152685,0.5757531475189009,0.0,0.5261966972021324,0.5706714555666991,0.39379104049278824,0.6067690769512845,,0.5244610886446557,0.5578578164321782,0.17556502585750278,0.6075909455810312,0.809492927640975,0.0,0.0,0.7261755696205903,0.24075048345657662,0.7332531422832299,0.21639693245126465,0.6190472977512075,,,0.0,0.0,,0.26676498780302604,,,,,,,,,,,,,,
SRX10048395,0.4210585130586265,,0.79706739441475,,,,,0.515168587180539,0.6949048809133914,0.0,0.4234312443260747,0.6045478181980712,0.0,,0.53802840667146,0.44213588771224394,0.14699879110885467,0.22533692111837123,,,0.18847719889548023,0.6035967490447888,0.33848221269008744,0.45162307640691585,,0.40717531319026157,0.5404348273770004,,,,,,,,,,,,
SRX10335835,0.7364271734350848,,0.867991214182276,,,,,,0.9210693213379958,,,0.7924934213099591,,,,,,,,,,,,,,,,,,,,,,,,,,,
ERX11662383,,,,,,,,,0.6891820764194303,,,,,,,,,,,,,,,,,,,,,,,,,,,,,,
SRX10048380,0.44941291313391335,0.3159971329784247,0.7017503542550411,0.28899185778484443,0.8516530129386896,0.6097573463287593,0.675819139282122,0.5428201346308127,0.14489961753310665,0.1649141665214432,0.27701013273192876,0.2572744602990916,0.03370677904927182,,,0.1595543619708644,0.5224078866605396,0.19113707077909828,,,0.08426242877623302,0.6374359148953388,0.4574792145908734,0.4594055823662192,,0.4164908617144135,0.6039186122110122,,,,,,,,,,,,
SRX10327364,,,0.6752479204674179,,,,,,,,0.5314098501380408,0.0,,,0.7705380256258465,,,,0.49116219953375717,,,,,,,,,,,,,,,,,,,,
SRX10327368,,,0.606039353729693,,,,,,0.8754622859440004,,0.2863969571159562,0.6517746427282184,,,0.6326012624954427,,,,0.5158265238606832,,,,,,,,,,,,,,,,,,,,
SRX10425170,0.3822954391522677,,0.6936131109988499,,0.6666781769217973,0.439351811773471,,0.772918986052612,,0.04466460085095255,0.2030739299866456,0.7329462153981628,0.06486635476598611,,0.28218171600995307,0.2837689703721876,0.15632379060861762,0.12068101401352381,,,0.1350362028021276,0.6321871852364039,0.4986535565129438,0.0,,0.24619489736997488,0.44868804078161745,,,,,,,,,,,,
SRX10425169,0.48381446578180626,0.0,0.7721984394927252,0.45320622153243145,0.4907469790058257,0.5137001566201126,,0.36504678139473223,,0.0549813138232189,0.09140162014739274,0.8402915055989384,0.4505390153710106,,,0.0,0.4132389448405568,0.16277931893188918,,,0.2758904789765431,0.5604440357760645,0.4013680181508401,0.1002802989586781,0.6098403047164005,0.21242083354733357,0.3712323266408757,,,,,,,,,,,,
SRX10984882,,,0.3387458961722498,,,,,,0.45868581620054033,,,0.5973125768822484,,,,,,,0.8101500611781395,,0.8593600204437322,,,,,0.8118624928672394,,,,,,,,,,,,,
SRX10048379,0.37523724603397374,0.14854949043034824,0.5705622107345907,0.5044219938307299,0.4950375525911189,0.18702753639448702,0.3214716585822292,0.5994262874516388,0.17517318400117765,0.1234623330246664,0.44508525959174744,0.13049606957113621,0.022073721703463674,0.6098403047164005,0.45650878572843273,0.28984673785258164,0.445239060692629,0.09191078564090154,0.16164102868620736,,0.4408278651356028,0.7227964663169767,0.4532107705679887,0.5097703954987972,,0.1719348751054185,0.776491589072125,,,,,,,,,,,,
SRX10327365,,,0.7062740891876007,,,,,,,,0.2961907493277739,0.30540057087920036,,,0.42748710005253443,,,,0.1769601194087934,,,,,,,,,,,,,,,,,,,,
SRX10327362,,,0.3591016256485496,,,,,,0.21084230031853216,,0.603248690792108,0.1484041132442457,,,0.5500340000658805,,,,0.2942915797166481,,,,,,,,,,,,,,,,,,,,
SRX11143425,,,,0.8417350324034293,,,,,,,,,,,,,,,,,,,,,,,,0.8780254947150857,0.6070567023906205,0.6529926769367576,0.8300358267137518,,,,,,,,
SRX11143423,0.4001636796741107,,0.6322828354443701,,,,,0.754405833939196,,,,0.2935672764530749,,,0.6467788140247126,,,,0.8924541000484504,,0.8384093169496546,,0.46566632946442277,,,0.6339372968291145,,,,,,,,,,,,,
SRX10957183,,,0.1851247601005459,,,,,,,,,0.15374218032876188,,,,,,,0.9775781497515226,,,,,,,,,,,,,,,,,,,,
SRX11143424,0.41043192373712084,,0.7829053544364705,,,,,0.976020648236615,,,,0.7180166943415842,,,0.3299485585662473,,,,0.743020750257877,,0.7595555228693033,,0.4152869479457213,,,0.7392705539235512,,,,,,,,,,,,,
SRX11438987,0.639251578139973,,0.7123224782831842,0.609678681840315,,,,0.5473570397270621,,,0.1831220683013728,0.8634971821614941,,,,,,,,,,,0.2135798153382773,,,,,,,,,,,,,,,,
SRX11143429,0.44343384327727814,,0.6167534005408067,,,,,0.31737719968061234,,,,0.7354096988839187,,,0.8319408093286663,,,,0.8652609457730465,,0.611192089828632,,,,0.5387611576969128,0.5519187751668639,,,,,,,,,,,,,
SRX11143428,0.8993352752103712,,0.9458694576496253,,,,,0.5961016986193115,0.8892117656765594,,,0.8091282366898084,,,,,,,0.8366804659368211,,0.8673085945686508,,,,0.8283024163292826,0.850533832553876,0.6471062836482654,,,,,,,,,,,,
SRX11438992,0.6595306741215188,0.4953053899645451,0.8648078284839977,0.722369093705656,0.0,,,0.5858839080416214,,,0.0888796956845758,0.633555677623675,,0.6031780977831303,0.35977818268695155,,0.24988229283318544,,0.7596986946788512,,,,0.0,,,,,,,,,,,,,,,,
SRX10048391,0.4878519832968593,,0.3700293896640114,0.726396815424565,,,0.5701651213722465,0.5861891340496415,0.33688704500387484,0.21410715562927227,0.5615158583823807,0.6343095546405662,0.2839802427714593,,,0.17584218957854658,0.49398910799214024,0.4658363917777457,,,0.13488114138461962,0.424970771444463,0.4747272403777263,0.45989058589517023,,0.17925606692832147,0.5487206748420581,,,,,,,,,,,,
SRX11143430,0.611970132860608,,,0.7928459815774068,,,,,,,,,,,,,,,,,,,,,,,,0.8194472669478109,0.39923725201050675,0.8373314825405616,0.8372630923621174,0.7995789215949071,0.34941360927609805,0.6690598465208027,,,,,
SRX11438989,0.5429951768970318,0.2374377386131413,0.8438036361625867,0.47329854048900727,,,,0.6154301681543061,,,0.29181825659888583,0.8248274133226895,0.0,0.7178188916329179,0.712456555545079,,0.3884443053218102,,0.5731855867871839,,0.22614994743549924,0.8106964090099102,0.7128776666633674,0.11327430349709669,,0.13612163401119692,0.6691915483764259,,,,,,,,,,,,
SRX11987892,,,0.6192305773248612,,,,,,,,,,,,,,0.6243274143872234,,,,0.047205971580879046,0.5607692015803303,0.0,0.9988455359952018,,0.7131201669249662,0.6341306917335091,,,,,,,,,,,,
SRX11438984,0.6343160036022475,,0.6403137622367024,0.3710362557230064,,,,,,0.0,0.5893834135895125,0.5923077106322215,0.6258250009824867,0.657882132106617,0.9247274010514659,0.6704264817966972,0.7924623547655377,,0.6329452962874287,,0.6973086952597461,,0.2756058178142647,0.6824287266070304,,0.7230433296025137,0.45972663259070035,,,,,,,,,,,,
SRX11438990,0.5050066973452056,0.2135798153382773,0.7130301441075347,0.5375305428036047,0.21834892436360026,,,0.4774289062764012,,,,0.9123913437509007,,0.0,,,0.4990015601242035,,0.4155991846375259,,,,0.12724489255115182,0.0,,0.29181825659888583,,,,,,,,,,,,,
SRX11987900,,,0.6245309340567348,,,,,,,,,0.8594234742866661,,,,,0.20214278761166815,,,,0.17556502585750278,0.5805098564141493,0.32216788622486997,,,0.5293608652873644,0.1817990136176831,,,,,,,,,,,,
SRX11987902,0.5608244837210252,,0.7834974889584496,,,,,,,,,0.7857929710806723,,,,,0.4130738135270906,,,,,0.7439535851683263,,0.26676498780302604,,0.23181305002459018,0.6124719401209358,,,,,,,,,,,,
SRX11987906,0.26374630334484733,,0.6652112573806209,,,,,,,,,0.8010922660346013,,,,,0.4475056138275613,,,,0.8481212265681418,0.7651040380340284,0.8186937623820035,,,0.615266587383889,0.566725277240034,,,,,,,,,,,,
SRX11143427,0.3222148252410853,,0.5956609956017945,,,,,0.5875154924072234,,,,0.6614069458578711,,,0.4730510880461674,,,,0.834560816371471,,0.29308424891066326,,,,,0.26347555448267673,,,,,,,,,,,,,
SRX11987904,0.639092062752988,,0.7515804679312269,0.5293608652873644,,,,0.27379033592190155,,,,0.8250152906141935,,,,,0.5848281799956587,,,,0.5488834471052061,0.8202637164846754,0.9865446300055644,0.4953754914506919,,0.5598580073833812,0.4322730703058404,,,,,,,,,,,,
SRX11987908,0.2272871632137707,,0.7828584279684299,0.26676498780302604,,,,,,,,0.8777200067496804,,,,,0.14266114305301833,,0.3440971983749351,,0.4267802441897016,0.5067135356253002,0.29280703141954545,0.2953802631540603,,0.39161135925989693,0.7427466158921371,,,,,,,,,,,,
SRX11987896,0.2756058178142647,,0.7896097394882988,,,,,,,,,0.8568081417594168,0.0,,,,0.09154392777651209,,0.166610316830256,,0.6666967520594866,0.06345811641554697,0.05476192236963693,0.38668988657857495,,0.624892468382501,0.3444235790125103,,,,,,,,,,,,
SRX11515852,0.38318173664710814,0.6407332523846457,0.21980299679400003,0.7090666891266392,,0.1870632109798143,,0.651038687061479,0.7728281440711434,,,0.4465629326044677,,,,,,,,,,,,,,,,,,,,,,,0.5779935316668633,0.27999744288537187,0.5418429033217226,,
SRX11438991,0.5092594386911549,0.6233922460490815,0.7976212479666116,0.6871714371246325,0.37859935083835344,0.4392570936953995,,0.6816174937912222,,,0.7277867257904632,0.8310406147941009,0.6735876463099149,0.7764672677243368,0.8771058390761785,0.2571374158009541,0.28552321784429363,0.24988229283318544,0.5788041548056881,,0.7194540777856775,0.8865408928220898,0.508593448925551,0.5958295229295257,,0.4948374136939763,0.5113464770141877,,,,,,,,,,,,
SRX11987903,0.0,,0.6049211037099581,0.0,,,,,,,,0.6672261725069824,,,,,0.27361919223372877,,,,0.4305518670104394,0.11327430349709669,0.26676498780302604,0.24988229283318544,,0.4854607607459134,0.6338792323582754,,,,,,,,,,,,
SRX12708356,0.19354127553125555,,0.9313219123658145,,,,,,,,,0.7395063852089501,,,,,,,,0.6293928363951902,,,,,,,,,,,,,,,,,,,
SRX11987912,0.7756422138045476,,0.7955393751554065,0.47104218955128807,,,,,,,,0.8835470882053319,,,,,0.4610433553414768,,,,0.9937071066045081,0.07201647168541384,0.08476541959014547,,,0.9927744539878083,0.7085893717484133,,,,,,,,,,,,
SRX11987909,0.7512874566694778,,0.6521703127244571,,,,,,,,,0.8236660535485829,,,,,0.5765866133049194,,0.4218850218865907,,0.16204894008417625,0.07642429309554777,0.0,,,0.7733294825580258,0.7642979043722541,,,,,,,,,,,,
SRX11987915,0.2673224623196439,,0.5986622696013997,,,,,,,,,0.8149709742555376,,,,,0.4166176386718528,0.12394986771100759,0.0,,0.41853993113503235,0.5862795199068447,0.35974430031605104,0.0,,0.6997047762597945,0.3603418466903231,,,,,,,,,,,,
SRX11515843,0.470882198776595,0.6056296688137265,0.11552240885303845,0.7884268869706371,,0.3680387909666913,,0.6605106848426155,0.6815363088000063,,,0.5029328588242662,,,,,,,,,,,,,0.8645884182026741,,,,,,,,,,0.32984607020714635,0.2431761387340247,0.573219287674531,0.0,0.08294245411430679
SRX12571167,0.0,,0.0,0.0,,,,,,,,,,,,,,,,,,,,,,,,,,,,,,,,,,,
SRX12366723,0.8337384554875051,,0.5666346493242292,,,,,,,,,0.5998787320038322,,,,,0.7995309441296946,,0.8173454221465103,,,,,,,,0.0,,,,,,,,,,,,
SRX12285822,0.5576090335467013,,0.36514980881638864,,,,,0.7344305720629024,0.08728058888363333,,,0.10684922969939546,,,0.7669555853442851,,,,0.8580265621095107,,0.7650903042212711,,,,0.6494863668308913,,,,,,,,,,,,,,
SRX12868712,0.3149664844428399,,0.62761613332424,0.2811937964320427,0.6713516981386527,0.33601231788286573,,0.5863660509854761,,0.0,0.23056866771087353,0.7337688617427013,0.5984384812171211,0.056915048364396745,0.39043127590691595,,0.537194439251568,0.0,0.45001121082417717,,0.43275015878875406,0.0,0.0908052376669517,0.31319504711541096,,0.6945542576074797,0.5028980520647923,,,,,,,,,,,,
SRX13061245,0.8872076768491854,,0.8865754018656931,0.8467039708288149,,,,,,,,0.8276980963773903,,,,,0.8676344727607139,,,,,,,,0.777543605133433,,,,,,,,,,,,,,
SRX12868719,0.4386421232026485,0.0,0.7202638465584373,0.06630236703634827,0.8048674880303466,0.6235371001682339,,0.43187959240580187,,0.04915023516969271,0.0,0.7577815654749881,0.3943598171037072,0.6531483919326607,0.7453200912842147,0.493606562250343,0.7464024374777698,,0.8741469692531902,,0.21084230031853216,0.36757830312882933,0.1292337748458849,,,,0.0,,,,,,,,,,,,
SRX12868715,0.38526432427362395,0.1392329990550989,0.7684114542774839,0.800253642336582,0.5335798536583345,0.375876154544901,,0.5845874792075908,,0.18699170722805,0.287335928548031,0.4764194461249103,0.9725523165688429,0.6091369537632635,0.3704199977525921,0.869915529773626,0.8234652043322723,,,,0.12874507741338911,0.3533593350214213,0.0,0.0,0.3237837983572334,0.9132401614300724,0.5011195428719312,,,,,,,,,,,,
SRX12509396,,,,,,,,0.780801629594147,,,,,,,,,0.7913893685045095,,,,,0.8748660954120336,,,,,0.6268157315535458,,,,0.8077921397110461,0.9174320885827744,,,,,,,
SRX12868714,0.06721278865072298,0.38278903777635104,0.5434901120428366,0.2177808707111637,0.11857789852689114,0.42603498132578554,,0.3720069321768131,0.7661550305543401,0.4435345537878536,0.39493140789339526,0.8793363555366276,0.24988229283318544,0.7219280948873623,0.20274632454113417,0.20819059383851846,0.40960701202527877,0.0,0.3626761794798551,,0.0,0.0,0.22951175086808256,0.0,0.5618847026087792,0.0,,,,,,,,,,,,,
SRX12868721,0.2230921155046397,0.0,0.8606890849756799,0.5891517201873009,0.473564847858759,0.3468496316671356,,0.22437182478676013,,0.08432238188049054,0.4309815780916023,0.28207943098179805,0.6091032920345789,0.3387625393626201,0.5393981629838075,0.7363759722556822,0.7347340663550979,,0.6216197239157206,0.0,,0.15614130953282532,0.09015950182915561,0.0,,,,,,,,,,,,,,,
SRX13198725,0.6915221902436589,0.16755928349707236,0.7294355539228564,0.6518165641091339,,0.4264309277299184,,0.39193441425270414,0.8680778648453299,0.06841518356245495,0.21464775030238573,0.7611105323315606,0.1539513774622643,0.7681814717903613,0.2683761935690721,0.2567129405751496,0.7802946445080526,,0.6553213631238555,,0.22795787555527894,0.7410600697756512,,,0.3159350319366996,0.2811937964320427,0.45607255528384383,,,,,,,,,,,,
SRX13198724,0.5361772458776174,0.5435644431995964,0.681703754513485,0.26078903265517533,0.8256414979733914,0.6876532612925844,,0.49091365475733056,,0.1322995642167771,0.2917620465552557,0.7728562347871643,0.7015767670735799,0.665992785936713,0.6376108184664923,,0.5390701371522674,,0.8162421464618366,0.2761954276479391,0.5522800137367604,0.6544248178191874,,,0.6745081304178853,,,,,,,,,,,,,,
SRX13198726,0.6078053569755952,0.06385368546122085,0.599952463127556,0.41518205921331836,0.4255543767172959,0.2109858074032753,,0.24916300498393185,0.713677845952221,0.034808160391180516,0.07050175960541472,0.6457856754293713,0.11397020802905504,,0.15405767236812595,0.5094416088413087,0.4663334197210494,,0.668979398954515,0.022702557798730635,0.5782102142848037,,,,0.14761877439920665,,,,,,,,,,,,,,
SRX10100448,0.7899143824009839,,0.812256604208361,,,,,,0.6387857317322416,,0.08783593588540445,0.812567564615712,,,0.6559167667005926,,,,0.4406351223925035,,,,,,,,,,,,,,,,,,,,
SRX12868717,0.2964024734971921,0.0,0.6048244520631028,0.0,0.6443034091557378,0.562392548614627,,0.7478547490205867,,0.0,0.6482789185536662,0.3946221374799994,0.5281276622834862,0.49668073099296983,0.6671923643054354,0.7005276637194153,0.4174714408665606,,0.8074972227081484,0.0,0.0,0.7235999372331908,0.0,,,,,,,,,,,,,,,,
SRX12868713,0.49348664928617014,,0.744639879045004,0.08010015744780749,0.2612042498705645,0.10437999144007692,,0.4213493568010426,0.7744065574451692,0.024942509040032524,0.536787899640245,0.8073948720921964,0.46052028217326507,0.5314867486682568,0.6943985934815711,0.39894124116309965,0.7796448212298385,0.0,0.6636280199688736,,0.0,0.4755432399616938,0.13933769374328506,,0.1760445577214847,,0.2719413038348006,,,,,,,,,,,,
SRX14098302,0.7751862464662163,,0.8655212663305026,,0.8576876866431884,0.7381268640043458,,0.6098408543873036,0.7782169839091725,0.0,0.5390753033232466,0.6187145115651528,0.0,,0.0,,0.6197248214134786,,0.38117773264879656,,0.4820986069352983,0.15109697051711368,,,,,,,,,,,,,,,,,
SRX13325103,0.4637632346858584,0.03724440188016405,0.6709288000446709,0.568897621309654,0.5840182377001304,0.5429375829030906,,0.6028380134045449,0.9426831892554923,,0.40716134412669786,0.7901707961819862,0.11102002823390326,0.1392329990550989,0.9184916398502246,0.5373157374869353,0.492874674511631,0.08010015744780749,0.40214383122993314,,0.5631981313599719,,0.0,,0.16349917454142085,0.5888559465521004,,,,,,,,,,,,,
SRX13198730,0.5319963336930089,0.3237837983572334,0.7747225371352282,0.2601215817239883,0.40472269905897035,0.5015896638304158,,0.6956112032707216,,0.07416143347606623,0.3940997436867719,0.8617081678117274,0.8835850861052531,0.17215243207580666,0.7065442182128787,0.2521079810389514,0.7155873702724312,,0.5330667678129228,0.0,0.225512521575645,0.49663254514853844,,0.33464897597846643,0.30364485181730105,,0.6859752582678584,,,,,,,,,,,,
SRX13198727,0.12950680118731758,0.11661887923138316,0.22227582118218706,0.10125703484151177,0.5785482815028442,0.33082359656440824,,0.5505965389741778,0.38767522793524645,0.1304247712481236,0.15100249664859047,0.6406482738778195,0.0,0.11976136836823532,,0.1834422660597786,0.42302094087824627,0.2792879313346762,,0.0,0.053361433898144774,0.2906759755361649,0.44642674712058944,0.19143325481419346,0.04778304934442124,,0.42622865699814483,,,,,,,,,,,,
SRX13198728,0.4835270430192724,0.0,0.5175939928677444,0.3316114959853377,0.42613631651178535,0.13931074664606738,,0.4602410567083879,,0.07245288335312196,,0.8058908483625823,0.0,0.173781322679433,,0.1253703110126789,0.26168904200740467,,,0.08426242877623302,0.445468552077406,0.11329974665992289,0.1753355032053231,0.22581833476164836,0.25081391331842945,0.0,0.3093710437429296,,,,,,,,,,,,
SRX14589432,0.5851535431348962,,0.617205314583844,,0.0,0.14372616993938178,,0.0,,,,0.8026650445681374,,,,,,,,,,,,,,,,,,,,,,,,,,,
SRX14495312,0.6199013737312234,0.0,0.8822983321912351,0.8823276558143135,0.6382841021992295,0.8097277498307868,,0.5246455665662212,,,,0.5753454567907466,,,,,,,,,,,,,,,,,,,,,,,,,,,
SRX14589433,0.3720090674606088,0.0,0.7881627768889328,0.7325376413236244,0.06532302841143263,0.11102002823390326,,0.2062893369339312,0.5308581388580564,,,0.18878686379878587,,,,,,,,,,,,,,,,,,,,,,,,,,,
SRX14098303,0.5976518682892518,0.16310778895955494,0.8681254814800652,0.23247542605923177,0.5793323874640891,0.710143557758085,,0.35809722405898675,0.7798574206622408,0.06827286198665437,0.44661843081539354,0.6815312116123773,0.06571651111989166,0.6022260014404364,0.0,0.2537045559683684,0.6794915778524039,0.2720831248915598,0.5964133250027636,,0.11632945818265926,0.09099433059174056,0.0,0.0,0.3120476843149903,0.29947422669502394,0.5859253924224543,,,,,,,,,,,,
SRX13198729,0.7583795961025138,0.09694460606247313,0.6274206362103709,0.44639480807162624,0.22667966751071067,0.15185736291509627,,0.6753780373113737,0.7702147770301752,0.0851854202402428,0.7303069391934293,0.7085528573040061,0.20534756397369183,0.304581877212564,0.6946327969331403,,0.641870514754405,0.0,0.7366815168303938,0.0,0.07327370383783911,0.29389994006345993,0.1415410841501432,0.08137258490509365,0.43482650254159,,0.7296992275384477,,,,,,,,,,,,
SRX14767851,,,,,,,,,0.0,,0.6570734327706584,,,,0.6473645229468014,,,,0.6375792547195966,,,,,,,,,,,,,,,,,,,,
SRX14589431,0.5468068169177939,,0.879400188732455,0.5123464896713747,0.0,0.0,,0.0,0.7513088465394349,,,0.7512647262962787,,,,,,,,,,,,,,,,,,,,,,,,,,,
SRX14098301,0.7341402673539089,,0.5059676202804149,,0.60156500943965,0.5010693569626948,,0.6352858453116867,0.48495921713751855,0.03798213716068391,0.3419586399641025,0.31800958211732033,0.2563906057080308,0.4234019367263804,0.5624731272428957,0.3313140496675384,0.6848292943001874,0.2811937964320427,0.3820468148821065,,0.2829773585474454,0.1838100294539593,0.2355568409620591,0.0,,0.4325313997248343,0.6907015675252898,,,,,,,,,,,,
SRX13198732,0.5588281645980941,0.05737934720942686,0.7543947608052433,0.3958325879206349,0.5351106701206554,0.5297387829093657,,0.5092596903824195,0.7989422391441016,0.23029895814983076,,0.8409826686638305,0.3732393167155662,0.392377826823129,,0.3788326735339427,0.29304838401860284,,0.6941223701505445,0.0,0.11203746595556505,0.2333495280668037,0.0,0.25352388769204226,0.21256521392819813,,0.35538344510114384,,,,,,,,,,,,
SRX14098306,0.3959960842176849,0.17002464574515685,0.7763314075876696,0.25220818011468227,0.1256580501725674,0.1460942501201363,,0.30868537045426403,,0.26718441764825895,0.11140753597936155,0.8204328757517456,0.290913154403665,0.2460288484082506,0.4732614999490744,0.06403751229347636,0.4569139919149066,0.2725879858092858,0.4454769376580519,,0.13096143105467403,0.25966679133440546,,0.29181825659888583,0.28904477456353445,0.49249111135930174,0.14633651332950573,,,,,,,,,,,,
SRX14767854,,,,,,,,,,,0.25821348543941586,,,,0.45022137892629566,,,,0.518275870410308,,,,,,,,,,,,,,,,,,,,
SRX14767853,,,,,,,,,,,0.49411830094116505,0.6636668536179737,,,0.41127119889150476,,,,0.2872976411886097,,,,,,,,,,,,,,,,,,,,
SRX14767852,,,0.18717625687320819,,,,,,0.0,,0.7566817771691257,0.22853814395352803,,,0.49839856919791636,,,,0.27497255390029435,,,,,,,,,,,,,,,,,,,,
SRX14767855,,,0.8799053499499166,,,,,,,,0.5690405303496661,0.7434272721610411,,,0.614697426271468,,,,0.15661457201860943,,,,,,,,,,,,,,,,,,,,
SRX14767848,,,,,,,,,,,0.5909066263172302,0.0,,,0.42700530501532347,,,,0.5407726483730786,,,,,,,,,,,,,,,,,,,,
SRX14891759,0.44731076703871814,0.49273420947190844,0.7554808954950469,0.7618183180007161,0.5219051179099528,0.48992438021461654,,0.3382204121884164,,0.2870860727445793,0.09448178461683825,0.7887126995721506,0.6701270398576417,,0.16542703399626682,0.0,0.49150546323365385,,,0.0,,,,,0.8066874805638028,,,,,,,,,,,,,,
SRX14891763,0.15503479641130133,0.07393638194769338,0.7832943371993019,0.1893138953549545,0.3617340740819246,0.49483442258616245,,0.4461877426406675,0.3299626496797608,0.0705250806409592,0.12603159290050747,0.28677968045570373,0.05153928932135067,0.33093288160136225,0.7487368590694103,0.07582125721802974,0.37016990844539427,0.14372616993938178,,0.02778838328949856,0.0,0.0,,0.0,0.5612913974379389,0.0,0.7553754125614287,,,,,,,,,,,,
SRX14891756,0.5614762189997594,,0.8581290343363515,0.17310409966855417,,,,0.28105746386141556,0.8108199307512163,0.3278756154319385,0.816558896960003,0.8975037278919539,0.18688165412459254,0.34037328575964604,0.9821410328348753,,0.7944893574072834,,0.32408308520843415,,0.6077729520089457,,,,,,,,,,,,,,,,,,
SRX14891760,0.5903082636828237,,0.6584160396350996,0.3019770552367118,0.14590139530413382,0.4965446537895801,,0.46064648621995624,0.4608772379667527,0.1190248994765254,0.33595293318565017,0.4803232572009792,0.44142988629556024,0.5826156601311686,0.6518602289275338,,0.773468370522767,,0.6425943463445284,0.25223944821098915,0.1680774065537331,0.9852281360342515,0.20062232431271465,0.0,,0.0,0.0,,,,,,,,,,,,
SRX14891762,0.6453112512695146,0.0,0.6745726566081865,0.4595737833444488,0.4848643816876459,0.6053817931835744,,0.5788752423524517,,0.06287035854564385,0.09317131799548935,0.5221798299517044,0.5633001798058639,0.5019681019907288,0.8072188994110966,0.3042211976516049,0.5469567900614706,,0.9157910794443949,0.1256580501725674,0.15649106290570153,0.19590927087360493,0.0,0.18717625687320819,,,,,,,,,,,,,,,
SRX14891761,0.10671684428079752,0.39806001509275823,0.797584653223604,0.4658487561357044,0.5304728344750625,0.6579939388521481,,0.3793897841902597,,0.10048119986837654,0.6665783579949205,0.6703952133572436,0.14032727099059328,0.1622809225227878,0.5934312260133705,0.5628502892699053,0.470456202882378,0.05909292838573303,,0.09549123781111851,0.0,0.0,0.0,0.0922772477445739,0.6721809844979957,0.29181825659888583,,,,,,,,,,,,,
SRX14891765,0.40501340421266235,,0.6853855855236559,0.3829614629788865,0.820765993010822,0.6226606402289784,,0.677854449109626,,0.2146625753369654,0.16542703399626682,0.21228560730770327,0.804497150244612,0.5854979881536297,0.7361485266369653,,0.534093668729253,,0.7363457502775188,0.0,0.5475844288749034,,,,,,,,,,,,,,,,,,
SRX15263315,,,0.632464795718166,,,,,0.3577167280610751,0.8041963097912934,,,0.547684909428554,,,0.614095919763024,,,,0.6798683154378383,,0.734804204457941,0.6992618455920364,,,0.8684092641012661,0.5949658673384275,0.6093498390777087,,,,,,,,,,,,
SRX15263318,0.6001968738800915,,0.6131258215956765,,,,,0.6296186718863134,,,,0.415629149600166,,,0.7175892859235609,,0.42833529399181913,,0.4826386461571064,,0.7677099282936899,0.7339250638160025,,,0.823574301029043,0.8904143113868103,0.7790059778791896,,,,,,,,,,,,
SRX15263317,,,0.5098110339742509,,,,,0.0674704312636188,0.0,,,0.07923412211457588,,,0.43068404436614216,0.7850289196286524,,,0.7642575441254229,,0.5794114118249745,0.5277692409158949,,,0.577131847989362,0.9376012833609151,0.6130131798296862,,,,,,,,,,,,
SRX14891767,0.774822777043514,0.1986202093250822,0.7024997232424165,0.40764477934588045,0.4977643703748105,0.6391699317077439,,0.6025270295017651,0.34546757713880993,0.10679203237584188,,0.2294049148099449,0.49070641659176356,0.45103306076535465,0.6659423318806316,,0.35335018700573717,,0.7936925878123571,0.0,0.0,0.21639693245126465,0.2617939462866108,0.0,,,0.25305229619307174,,,,,,,,,,,,
SRX14891769,0.4282843797527834,0.10790566445587843,0.7691147400947687,0.3618776533419019,0.43063039794566954,0.31569448603761857,0.5714605724922208,0.5140200107535539,0.8304209827800653,0.0872130294709122,0.22578592451692292,0.8285748522297506,0.3241867763470358,0.7433981802171588,0.19268411343405276,0.09562255703857894,0.5399187499863582,0.2379134329754027,0.6799719107118187,0.027206102134318854,0.5435644431995964,0.14507302473425981,0.38256147577126487,0.08807225904068133,0.6037576102060682,0.1443748927665289,0.45001121082417717,,,,,,,,,,,,
SRX15263316,0.8316396160779836,,0.7670304329013883,,,,,0.5347287658299227,,,,0.44608804883358255,,,0.7183901453272061,,,,0.7688921181053798,,0.8876693418786218,0.5536380878846829,,,0.5335142836818195,0.8070980965903726,0.8522318060372949,,,,,,,,,,,,
SRX16217002,0.3863888434316817,,0.7929241895036702,0.20661377847100892,,,,,0.20559250818508307,,,0.45440830019008527,,,,,,,0.3136668428500764,,,,,,,,,,,,,,,,,,,,
SRX16217005,0.646688849749663,,0.7766386043072703,0.5701505496440314,,,,,,,,0.5748301815731436,,,,,,,,,,,,,,,,,,,,,,,,,,,
SRX16217004,0.10120359730987542,,0.9632372258112746,0.019232499990584268,,,,,0.12068101401352381,,,0.23764128173938023,,,,,,,,,,,,,,,,,,,,,,,,,,,
SRX16217003,0.032962686535884946,,0.7427930815274716,0.050556933576743124,,,,,,,,0.8183430370220953,,,,,,,,,,,,,,,,,,,,,,,,,,,
SRX14891764,0.520310563151589,0.4035151400004137,0.630679341415338,0.3713311037191491,0.631254024779021,0.76040561885118,,0.6417062654111979,0.5276766096224922,0.122186443785613,0.4477721222867947,0.35285234446147495,0.6708980072417805,0.5788026949237396,0.6698826970429649,,0.44888333699193655,,0.8649067588622688,0.0,0.46566632946442277,,0.21639693245126465,0.0,,0.21639693245126465,0.2863969571159562,,,,,,,,,,,,
SRX16217007,0.6562495894586388,,0.7917247203486665,0.5734397065534561,,,,,,,,0.6678176707686013,,,,,,,0.42622865699814483,,,,,,,,,,,,,,,,,,,,
SRX16217006,0.6416460575742567,,0.7188253739676028,0.6567565658797205,,,,,,,,,,,,,,,,,,,,,,,,,,,,,,,,,,,
SRX16217012,0.7424152682249255,,0.6233529563761889,0.3053109359233441,,,,,,,,,,,,,,,,,,,,,,,,,,,,,,,,,,,
SRX16217013,0.5996391957454538,,0.6970470740564497,0.28063673872679834,,,,,,,,,,,,,,,,,,,,,,,,,,,,,,,,,,,
SRX16757156,0.3249884746200931,,,0.42670122363071283,,,,0.4948437566285055,,,,,,,,,0.6066983951801413,,,,,0.5558227377664953,,,,,0.5409820917573671,,,,0.3839371551944173,0.7303751217404807,0.3182334861222687,0.0,,,,,
SRX17035589,0.6605786665954099,,0.6681769328962552,0.23884351236013288,,,,0.3650551896402849,,,,,,,,,,,,,,,,,,,,,,,,,,,,,,,
SRX16217017,0.7783327213028265,,0.6638682512614889,0.20984767382102507,,,,,,,,,,,,,,,0.6283898247235197,,,,,,,,,,,,,,,,,,,,
SRX16217008,0.5495414235465622,,0.6479830512242434,0.7707351845770767,,,,,,,,0.9471772432519091,,,,,,,0.31374592183069844,,,,,,,,,,,,,,,,,,,,
SRX16217010,0.5428041191411207,,0.6712336422906473,0.6396251600622607,,,,,,,,,,,,,,,0.8420918598895943,,,,,,,,,,,,,,,,,,,,
SRX17412786,0.25191825228155856,0.0,0.8042490546617383,,0.1354393794992451,0.11743282416329048,,0.631581397648551,,,,0.7976050857781644,0.0,,,,0.2943539158996971,0.0,,,,,0.0,,,,,,,,,,,,,,,,
SRX17412802,,,0.8561146277685724,,0.16866093149667025,0.8554508105601307,,0.9850481875636855,,,,,,,,,,,,,,,,,,,,,,,,,,,,,,,
SRX16217016,0.7701083050296796,,0.6993477105813221,0.22243035853012358,,,,,,,,,,,,,,,,,,,,,,,,,,,,,,,,,,,
SRX17412792,0.3809465857053901,,0.2391323302820359,,0.0,0.0,,0.8310711226002413,,,0.0,0.4488644887230295,,,,,,0.0,,,,,,,,,,,,,,,,,,,,,
SRX16757157,0.4203786805561738,,0.45991456401465286,0.3991960445442232,,,,0.17718189899646564,,,,,,,,,0.19035764643259875,,,,,0.24988229283318544,,,0.7382848661434506,,0.6411517513356266,,,,0.6388302749090533,0.5723427883845431,0.4666483339251182,0.0,0.6818071884509581,,,,
SRX16217014,0.1672128420211743,,0.5595933963122542,0.028363487304226324,,,,,0.12758226006437393,,,0.5732096915105478,,,,,,,,,,,,,,,,,,,,,,,,,,,
SRX16217015,0.5618774036984236,,0.7951140142380295,0.6434023602276442,,,,,,,,,,,,,,,0.6989341290084004,,,,,,,,,,,,,,,,,,,,
SRX17412805,0.2807561297707661,0.0,0.7544503600217232,0.2761954276479391,0.7979807795315624,0.6706311658187034,,0.4679662585722924,,0.0,,0.8805880320674717,0.0,,,0.0,0.5675934940720958,0.16866093149667025,,,0.0,0.0,,0.0,0.17925606692832147,,,,,,,,,,,,,,
SRX16217009,0.5746793528226335,,0.6067078122358941,0.5084931061541916,,,,,,,,0.5928576490433152,,,,,,,0.2351933818192415,,,,,,,,,,,,,,,,,,,,
SRX17412806,0.5019761865746769,,0.727317812673874,0.3533593350214213,0.5961958795115702,0.8118126881672665,,0.7140669178963088,,,0.0,0.8897121174624537,,,,,0.26676498780302604,0.0,,,0.18717625687320819,,,,,,,,,,,,,,,,,,
SRX17412808,0.4115472142241321,0.0,0.7548570545064308,0.21639693245126465,0.7045918002812283,0.6347818140108972,,0.4691760578390459,,0.0,0.22394856156092816,0.8688752578348333,0.0,,0.3809465857053901,,0.26500690173867,0.0,0.8036355439249652,,0.45868581620054033,0.0,,,0.08728058888363333,,,,,,,,,,,,,,
SRX17412812,0.21684643164110862,0.0,0.7920433687404612,0.9744894033980523,0.3911346524394397,0.9779998100608095,,0.35183886520840213,,,0.0,0.9642508340183118,,,,,,,,,,,,,0.3159971329784247,,,,,,,,,,,,,,
SRX17412814,0.6918708256731413,0.0,0.8128682777568809,0.9990308942916307,0.5503175254946254,0.35975988062430014,0.43949698692151334,0.5769049691278216,,,0.0,0.8388198584352577,,,0.0,,0.2623112196143366,,0.0,,,,,,0.2974722489192897,,,,,,,,,,,,,,
SRX17412815,0.3992414623897829,0.0,0.883688031850523,0.0,0.6946165926490012,0.5107878229540133,,0.012262956164857222,,,,,,,,0.0,0.3712323266408757,,,,,,,,,,,,,,,,,,,,,,
SRX17412809,0.17958492882303917,0.0,0.763927119133823,0.9923985003332222,0.6795851972782938,0.6840384356390417,,0.653746306966674,,,0.0,0.9341753030150114,,,,,,0.0,,,,,,,0.0,,,,,,,,,,,,,,
SRX17412813,0.29115349425453146,0.0,0.7453898358031334,0.40379715049939247,0.7948362804937775,0.38343233909190305,,0.5402660934066649,,,0.0,0.904061661354657,0.0,,,,0.40790598013897633,,0.8112781244591328,,0.0,,,0.0,,,,,,,,,,,,,,,
SRX17412818,0.16410070312699704,,0.7850052085318137,,0.6187094447984426,0.31853357389974574,,0.38789179958070774,,0.0,,0.7850559524070899,,,,,,,,,0.0,,,,,,,,,,,,,,,,,,
SRX17412820,0.6051695139605103,0.40985537031840497,0.8499271390059132,0.7032634833099306,0.7015897169137517,0.5283053053130208,,0.41120708131961997,,,,0.8382578739422631,0.0,,,0.07823246525771237,0.25138896391283977,0.0,,,0.0,,,0.0,0.5798672382720748,,,,,,,,,,,,,,
SRX17412811,0.15608707178300862,0.0,0.7289888529514256,0.0,0.8023421550872171,0.80771331052125,,0.34872514600587246,,0.16866093149667025,0.3104431696985348,0.7623575487972032,,0.17203694935311378,0.20559250818508307,0.16866093149667025,0.836378222738941,0.0,0.5931648710702542,,,,,,0.06466104967715192,,,,,,,,,,,,,,
SRX17412807,0.48064786413436844,0.0,0.8072528380892788,0.09054385326964297,0.3600898132971549,0.0,,0.7048549693088532,0.6888221281672129,,0.25233797249148043,0.6918091595350548,,,0.7355085815538399,0.0,0.7031344271885346,,,,,,,,,,,,,,,,,,,,,,
SRX17412821,0.44602756562829404,0.09895909535574308,0.7512240575827097,0.5830194167347008,0.5519663923392173,0.19261174063526865,,0.5857417675885025,,,0.13262047222890105,0.8852628177189166,,,,,0.5705753242271775,0.0,,,0.0,,,0.0,,,,,,,,,,,,,,,
SRX17412817,0.3254323897824565,0.0,0.7962999856959726,0.3372900666170139,0.8110830015844244,0.6041560233807427,,0.6819633858555445,,0.05363316840061029,0.0,0.8983830031258802,,,,0.21084230031853216,0.5599545833872722,0.0,0.7695756163983518,,0.20819059383851846,,0.0,,,,0.3136668428500764,,,,,,,,,,,,
SRX17412816,0.4007461078660849,0.0,0.8136793304355998,0.9328330312384983,0.37444379270741085,0.5021305442364045,,0.42854828457788613,,0.0,0.3681150054280774,0.9265812000694487,0.6051865766334205,,0.20559250818508307,,0.7618006016491328,0.0,0.7048084683610079,,0.15649106290570153,,0.0,0.0,0.0,,,,,,,,,,,,,,
SRX17412823,0.26958760129661796,,0.6537493994949881,,0.30009723050874393,0.2589370984890186,,0.7106907718883264,,,0.07761951112637416,0.8259324389011049,,,0.0,,,,,,,,,,,,,,,,,,,,,,,,
SRX17412828,0.4492479228882473,,0.8138918166742232,0.4959690720618337,0.6301384745592506,0.628916059034469,,0.6608125572382602,0.9069933004281752,,0.07244717626175778,0.8103214327026509,,,0.5266170655714282,0.0,0.4953478856424286,0.0,0.9709505944546688,,0.0,0.0,0.0,,,,,,,,,,,,,,,,
SRX17412829,0.3299596861860409,0.0,0.5328087644874276,0.6260098330237154,0.4832897008818116,0.5478026234931722,,0.5028177802633139,,0.0,0.07498515348038796,0.8949992618086883,,0.5813214987637029,0.6929353190499113,,,0.17925606692832147,0.28049215268763145,,0.0,,0.0,,,,,,,,,,,,,,,,
SRX17412833,,,0.43275015878875406,,,,,0.0,,,0.0,,,,,,,,,,,,,,,,,,,,,,,,,,,,
SRX17412830,0.43051191083062373,0.0,0.7643741180634029,0.0,0.7820862136365342,0.5545369502823573,,0.7119345952530407,,,0.74959525725948,0.7997558805875996,,,,,,,,,,,,,0.0,,,,,,,,,,,,,,
SRX17412827,0.19672043851565965,0.0,0.7220907570676475,0.925015873745592,0.749858464092507,0.8329633417800177,,0.45165549578090275,,0.0,0.07394002858638271,0.7744521828538468,0.4537163391869449,0.25530317370482036,0.3712323266408757,,,0.0,0.20184944473612962,,0.0,,0.0,,0.0,,,,,,,,,,,,,,
SRX17412831,0.2175458333778555,0.0,0.7725636404838787,0.0,0.739374448472043,0.735241861033346,,0.7419753498589929,,,0.46454335191234214,0.2168018842691417,,,0.7261852630027534,,,,0.688898583524776,,0.0,,0.17203694935311378,,,,,,,,,,,,,,,,
SRX17412824,0.24704162285181502,0.0,0.7007611220277415,0.907525068754045,0.45463661239967784,0.28949749217592147,,0.46657252781066033,,,0.03556899448644905,0.7888484158943553,0.0,0.0,0.2726818387100482,,,,0.38014455157560273,,0.0,,,,,,,,,,,,,,,,,,
SRX17412825,0.18701791367963327,,0.8076007746372491,0.4138168503036338,0.7139336695606334,0.5921698841111245,,0.7978902132705076,,,0.0,0.8501007280859124,,,0.464514944090552,,0.26724375575350806,0.0,0.5301943997227259,,0.9657539630902983,0.0,0.0,,,0.13303964861069892,0.0,,,,,,,,,,,,
SRX17137139,0.793822981371042,,0.6226661119653751,,,,,0.5692734998428556,0.8558684536721669,,,0.6706953868479989,0.46871783146683077,,0.760623529682108,,,,0.8288571388985722,,0.7136209061141384,,0.652019065128097,,0.8937633651801902,,,,,,,,,,,,,,
SRX17412837,0.426478348429267,0.0,0.6516104534288766,0.0,0.4994007480602248,0.3620699437106649,,0.7947136412255004,,,0.1222915970693747,0.682608961690118,,,,,0.3299626496797608,,,,0.47710508034176263,,0.0,,0.22228483068568797,0.4305518670104394,,,,,,,,,,,,,
SRX17150749,,,0.0,,,,,0.0,,,,,,,,,,,0.0,,0.0,,0.0,,,,,,,,,,,,,,,,
SRX17412839,0.17164614641099873,0.0,0.614831852210177,0.8474179614176633,0.5288187584744163,0.39934797218251217,,0.6681473291677817,,,0.050848149137063814,0.7883500123261948,,,0.18717625687320819,,0.3809465857053901,,0.6754183700682223,,0.9991802351145687,,0.0,0.40597703847557115,,0.9940302114769566,,,,,,,,,,,,,
SRX17412840,0.4058530306586505,,0.7704087276170531,0.0,0.8778343875710299,0.8467198543870303,,0.349221089115158,,,0.12148047831884834,0.7299672103935816,,,0.0,,,0.0,,,0.0,,,,,,,,,,,,,,,,,,
SRX17150750,,,0.0,,,,,0.0,,,,,,,,,,,0.0,,0.0,,0.0,,,,,,,,,,,,,,,,
SRX17412832,0.4480603811400791,,0.6055356866512145,0.17437145292163492,0.0,0.0758415063771471,,0.6379445265419089,,,0.3890933730302413,,,0.2863969571159562,0.7545296420704691,,,,0.4313118373573068,,,,,,,,,,,,,,,,,,,,
SRX17412842,0.23268946126200357,,0.7606090097620816,0.1659665493500267,0.6911331879045128,0.6029745011379227,,0.5450668236863624,,,0.10802319526362833,0.8684280051669946,,,0.9262122127346664,0.43275015878875406,0.26403136658742804,0.0,0.5225440344086791,,0.5690760318885882,0.0,0.045800011832609046,0.10441907800540785,,0.8826013308449941,0.45388180719468524,,,,,,,,,,,,
SRX17412846,0.24104313091980126,0.0,0.6692878216625366,0.99819587904281,0.32984607020714635,0.0,,0.7150564533761988,,,0.11327430349709669,0.4021029120137833,,,,,,0.0,,,0.0,,,,,,,,,,,,,,,,,,
SRX17412834,0.4658853598335343,0.0,0.783078429615102,0.3562048039313226,0.561201434873956,0.4806276321951738,,0.5322216281826387,,,0.02417909928510282,0.7602866135427423,,0.0,0.6098403047164005,,,,0.0,,,,,,0.0,,,,,,,,,,,,,,
SRX17412843,0.23108013899463878,0.0,0.7826210394122899,0.1222915970693747,0.5651504143624597,0.40257750157676186,,0.7209545564998888,,,0.08707423921757702,0.9117487054344308,,,0.2863969571159562,0.0,0.3943207575657339,0.0,0.23202215566909185,,0.4660387307655612,0.9011701959974223,0.043588095738005976,0.0,,0.672294817075638,0.31339124357165965,,,,,,,,,,,,
SRX17412844,0.10388834135796167,,0.6652524828548116,,0.5709164367180631,0.5411087498647928,,0.5574024374040307,,,0.11802068666529161,0.7113444281350987,,,0.9631672450918831,,0.44156114526904805,,0.4755432399616938,,0.0741494835779208,0.5159469300074474,0.0,,,,,,,,,,,,,,,,
SRX17412847,0.436927656094124,0.1256580501725674,0.582257621306945,0.7553754125614287,0.3674716782155035,0.531637995166703,,0.6123580461501231,,,0.047299498924588214,0.8030429816591763,,,0.0,,0.40300461272476146,0.0,0.1350362028021276,,0.08354288831032232,,0.0,0.2761954276479391,,0.4021791902022729,0.3159971329784247,,,,,,,,,,,,
SRX17412849,0.21838805728071667,0.0,0.6413325754410065,0.45607255528384383,0.1623261801753929,,,0.6031663454460093,,,0.4288109647301171,0.6105235462718445,,,,,,,,,0.1460942501201363,0.2761954276479391,0.07001205049536138,,,0.0,,,,,,,,,,,,,
SRX17412845,0.12844974710039728,,0.7705983328291421,0.0,0.3745324820439785,0.3011622078599877,,0.7025358033114115,,,0.0685860940364442,0.8492606331087651,,,0.15935006268563445,,0.5983148752612542,0.0,0.5527465479824044,,0.04256591576655208,0.0,0.0,0.0,,0.5916727785823274,0.2870860727445793,,,,,,,,,,,,
SRX17412852,0.16274173343563986,0.0,0.5198840117378553,0.7309263775906011,0.17607956527988522,0.20807133575848055,,0.7077540358390095,,,0.0,0.8321548548077634,,,,,0.21084230031853216,,,,0.0,,,,,,,,,,,,,,,,,,
SRX17412848,0.4177249639452149,0.0,0.7576288700915589,0.9718887677836453,0.3138129641688651,0.4067461825604608,,0.5888340906190861,,,0.1446869249790848,0.7090950893778739,,,0.0,,,,,,0.24229218908241482,,,,0.3159971329784247,,,,,,,,,,,,,,
SRX17412835,0.4411492444284893,0.07701687574298335,0.6651936379962451,0.5199548417922282,0.7129390349623334,0.6504963005731843,,0.7427146970950372,,0.0,0.47471470169370616,0.8110632451559004,,0.6360156177392153,0.5111179318823716,,,0.20062232431271465,0.5127013977151513,,0.11521148074862173,,0.0,,0.24229218908241482,,,,,,,,,,,,,,
SRX17412836,0.5225551559131376,0.0,0.8023485210916846,0.1882492645788759,0.6441457204015991,0.6069112391012469,,0.743477223194541,0.8516493752742957,0.10928571467638523,0.04050661203429174,0.44530025925975525,,,0.5547781633412736,,0.28891477197802534,0.0,0.6635605644137532,,0.04013368440237026,0.971864344549656,0.30540057087920036,0.0,,0.3366051506891244,0.33560378276922226,,,,,,,,,,,,
SRX17412841,0.19480796285129728,,0.7149192015016117,0.0,0.6250688192574774,0.4803174827147386,,0.7497931933499085,,,0.2017280490215057,0.8980081128094408,0.7219280948873623,0.1292337748458849,0.694545572760834,,,,0.5759220770567288,,0.0,,0.24988229283318544,,,,,,,,,,,,,,,,
SRX17412850,0.4051632474112601,,0.6589982371537181,,,0.5435644431995964,,0.8384136034123706,,,0.2351933818192415,0.877463431568074,,,,,0.5089949631007031,0.0,0.20559250818508307,,0.5710596499373756,0.20062232431271465,0.0,,,,,,,,,,,,,,,,
SRX17412851,0.2542295272354857,,0.8665932189409686,,0.7038932510894038,0.7065405258957561,,0.2751111092293229,,0.0,0.22341244720099956,0.9142828422488654,,0.5692557338156683,0.5174799136041606,,0.30802387961239436,0.09054385326964297,0.449427888066218,,0.6306653043963674,0.6961310117127494,0.08364172107737972,0.8304289983406247,,0.5532411150866672,0.36018506301474407,,,,,,,,,,,,
SRX17689199,0.5168223047764262,0.0,0.5299476288336075,0.6136190195993708,0.9996437496778561,0.5225593745369408,,0.20298756419334052,,,0.1370994788998177,0.8742076690674222,0.0,,0.5328350630342235,,0.7055520012014781,0.0,,,0.0,0.8285143312488952,0.47847156735760454,0.0,,,,,,,,,,,,,,,
SRX17689204,0.6575366433851202,,0.7265270426595073,0.4796742052541945,0.7219280948873623,0.3712323266408757,,0.5305098433840434,,0.0,0.2870860727445793,0.8105211829544062,0.0,,,,0.2061619162974495,,0.659517637169433,,0.05256375109324405,0.0,0.18717625687320819,0.0,,,,,,,,,,,,,,,
SRX17412854,0.5861759583503907,0.0,0.8750362633071078,0.20559250818508307,0.7583370057761879,0.6445139211123081,,0.5364088697771354,0.7641882462010712,,0.2863562694522313,0.8308360731227613,,0.5586293734521992,0.7410747658643804,,0.5172349193735299,0.0,0.6785983911793807,,0.8497511372532974,,,,0.0,,,,,,,,,,,,,,
SRX17689198,0.3726589541295732,,0.8483981322684936,,0.17203694935311378,,,0.05318960918159063,,0.0,0.289114505098732,0.780281376547349,0.3533593350214213,0.24532052578806793,0.6523714232924798,,0.3955897101863984,0.0,0.32707706620481264,,0.03651241162786831,0.0,0.07701687574298335,0.0,,0.3650551896402849,0.7512360600214943,,,,,,,,,,,,
SRX17689201,0.5259012160159496,,0.7474061139047753,0.7595880334030285,0.562576446356762,0.9004854334784268,,0.5470357778234893,,0.0,0.08214305133815328,0.9242895812657516,0.49012384703683154,0.9957274520849256,0.47303307592971705,,0.33455654175342614,0.17203694935311378,0.5538251971300477,,0.4405439345033152,0.5544769209218793,0.3140156689448082,0.0,0.6881253043884296,0.40379715049939247,0.5117639900786846,,,,,,,,,,,,
SRX17689200,0.29228267314114065,,0.7372092429387033,0.0,0.3375188516587831,,,0.7470993069255071,,0.1105808447698871,0.3148690740995059,0.8207154506732997,0.21084230031853216,0.11317313692881359,0.5812963604866225,,0.6993307867040458,,0.48491047141045024,,0.09895909535574308,0.3540373232133461,0.022278964494142354,,,0.26676498780302604,0.5916727785823274,,,,,,,,,,,,
SRX17689197,0.3160238437702839,,0.7917066968928715,0.0,0.8035011609619714,0.5606082034413061,,0.3212443792808636,,0.029794662748215753,0.05909292838573303,0.7268375986885778,0.0,0.0,0.2911681497026733,,0.46970315176084565,0.09140162014739274,0.3995869626674061,,0.6320623374145239,0.5024764869639672,0.2599456845105576,0.13882957980322316,,0.4794795520596476,0.49068534798454905,,,,,,,,,,,,
SRX17689203,0.3322647726710897,,0.6899294147512387,0.04324154504802914,0.6634173486362492,0.6632498881451105,,0.8438701712569767,,0.0,0.0,0.7783561875542865,0.3322866302216151,,0.4965446537895801,,0.5765596123639497,,,,0.19129770461187479,0.9760517185620546,0.5223623512325302,0.0,,0.22853814395352803,0.4633544200897832,,,,,,,,,,,,
SRX17689205,0.5110842339421358,,0.7383420646538118,0.0,0.569190721437998,0.6833041494483211,,0.38582770270266303,,0.0,0.4788012628978749,0.8868486449206211,,0.0,0.6292495666341716,,,0.2863969571159562,0.3562587469464284,,0.04965089062789833,0.16093826217168336,0.10240513772486401,,,,,,,,,,,,,,,,
SRX17412853,0.3603155793920723,0.24229218908241482,0.7708303996682623,0.22775687139140025,0.6972659173376398,0.5790849781398136,,0.6590951951956462,,0.26676498780302604,0.03615786754989352,0.8254626940833149,0.0922772477445739,0.3912435636292556,0.2914149101320786,,0.6057123800338806,,0.2909294233995683,,0.0,0.42622865699814483,0.0,,0.3237837983572334,,,,,,,,,,,,,,
SRX17689208,0.42757842755970504,0.0,0.7906712825590173,0.6776229794761488,0.6611836685942015,0.8728517224188937,,0.2550650139342055,0.8206398094005325,0.0,0.5542659309783483,0.8374472618594594,0.2307099556914764,,0.6892019851173655,,0.1944976068634819,0.08499555983671264,0.3350655517687581,,0.525557766271187,0.5077156767450531,0.17220636563013647,0.0,,0.3860189005698934,,,,,,,,,,,,,
SRX17664572,0.6459392536837522,,0.7668237917797963,,,,,0.5452460528645825,0.6183203709705837,,0.8335704440023031,0.6444743338968012,,,,,,,,,,,0.6690158350565576,,,,0.06952964699480782,,,,,,,,,,,,
SRX17689209,0.304536289375498,0.0,0.5989169741626142,0.22853814395352803,0.5443712751343922,0.2635429960370051,,0.5258228435728994,,,,0.7751659858345119,0.16756763953194384,,,,0.24854163514327507,0.054185698091702955,0.5843201996043199,,0.3066285729251861,0.5574847139840834,,0.1460942501201363,,,,,,,,,,,,,,,
SRX17689210,0.6742778155645494,,0.594953957132564,0.28622101342878775,0.9922666387194963,0.7219280948873623,,0.4202432440092619,,0.0,0.4256005079303148,0.8594496678182252,,,0.4351228271492098,,0.3136668428500764,0.04022215086538087,0.44717574578406616,,0.7557008541011639,0.04694498838652574,0.06696645918540851,0.5636084603708051,,0.3690732658162246,0.5453505487594815,,,,,,,,,,,,
SRX17896694,,,0.7037048795212029,,,,,,,,,,,,0.6736828805951879,,,,0.9131101254478369,,,,0.7828450740497765,,,,,,,,,,,,,,,,
SRX17896691,0.942488926185394,,0.8283080150745732,,,,,,,,,0.7202002355823893,0.2580186686648155,0.8928268918616005,0.6199626908099255,,,,0.7450994658459447,,,,0.5713619478607342,,,,,,,,,,,,,,,,
SRX18248068,0.6080008127469709,0.36549779098060226,0.7524301783026568,0.5791528568036955,0.0,0.21084230031853216,,0.5586081867633423,,0.0,0.49528986612058423,0.46036454047240427,0.92481870497303,,0.10327508457163545,0.5435644431995964,0.3930582255124478,,,,0.5152734452350943,,,,0.8527924884900406,,,,,,,,,,,,,,
SRX18248067,0.5536588895172249,,0.6580596845878878,0.1294968728328032,0.6113699408265705,0.4138168503036338,,0.4114940733074476,,0.0,,0.79107957780336,0.07823246525771237,0.9135702389681,0.4573271477111582,0.0,0.575394795194481,,0.254932465728422,0.0,0.8631205685666311,0.8832225588099292,0.5916727785823274,0.0,,,0.6574796697748432,,,,,,,,,,,,
SRX18248063,0.1959102060578912,,0.5701715672200854,0.0888796956845758,0.49409037408295026,0.47017290354721814,,0.5769333202263598,,0.08079313589591118,0.09629276368136151,0.45177782139883876,0.43015212405366343,0.39306791834495003,0.6337077663163055,,0.7654755165561243,,0.6956515892399691,,,0.6136190195993708,0.15006700322120575,,,,,,,,,,,,,,,,
SRX19162066,,,,,,,,,0.6719793749833669,,,,,,,,,,,,,,,,,,,,,,,,,,,,,,
SRX18248069,0.18319983833854286,,0.7657590804733462,0.0,0.13996319519903366,0.1441104011558362,,0.42015516471465214,0.5137968566868725,0.08452298835414691,0.17287960437052008,0.7026920921435648,0.0,0.0,0.0,0.0,0.7350062039635442,,0.7186885255558024,,0.27655554228286566,0.4912373418243331,0.19590927087360493,0.16542703399626682,0.26676498780302604,0.2761954276479391,,,,,,,,,,,,,
SRX18248065,0.5143162344447032,,0.7848075800709573,0.3436828564357453,0.49250940343677946,0.5543456013528221,,0.2060094998224914,0.8978492532371053,0.07953239539765251,0.46165430240825867,0.7379622931225724,0.133697960635451,0.09794058271817413,0.48620446561116965,0.23035181244967062,0.7808251892716469,,0.6153810023039198,,0.48206170770501583,0.28397611164715686,0.5546546162177822,0.42171134743284694,,0.5437684333925195,0.4252640780469279,,,,,,,,,,,,
SRX19215444,,,0.8696573279320198,,,,,,,,,,,,0.6418383460205349,,,,0.8552120379406922,,0.9265083846125888,,0.8524764552396993,,,,,,,,,,,,,,,,
SRX18248066,0.3943803607886674,0.06664560813700166,0.8309370061539227,0.3659495564376811,0.5418168914123646,0.6929934736821945,,0.32126831394315697,,0.12333291423022405,0.19708297826900145,0.8830120189978317,0.07424133842669783,,0.0,0.16225583917736888,0.3617708322656773,,0.6117470664766455,0.054185698091702955,0.0,0.18018514436067445,,0.04044620295560836,0.22089092184033451,0.5746850355983366,0.13764886947120228,,,,,,,,,,,,
SRX18248062,0.2519522258870063,,0.46401458772700127,0.2228931524148309,,0.2122428492553584,,0.8022554419913771,,0.15795616977064647,0.396773511959048,0.776971868970356,0.0,0.9852281360342515,0.12394986771100759,,0.563225440500722,,0.5007174289580654,,,0.0,,,0.2580186686648155,,,,,,,,,,,,,,
SRX19233503,,,,,,,,,0.7383725051923966,,,,,,,,,,,,,,,,,,,,,,,,,,,,,,
SRX18248064,0.5852070399943461,0.244450527364647,0.730568480395981,0.48835390507982995,0.18583587976485544,0.13811155995895164,,0.7267141326446142,0.6300972415698746,0.27074605276663555,0.3511408226338049,0.6548675964041097,0.0,0.8571484374283717,0.25593004383911305,0.1831220683013728,0.5108386026510766,,0.5899413777101284,,0.0,0.15991026687067728,0.24988229283318544,0.04143657108746384,0.521693671745111,0.4357800612176848,0.3470431104729845,,,,,,,,,,,,
SRX19704117,0.620749367784069,0.0,0.825719368341681,0.656540281386946,0.7706290693639406,0.9043814577244939,,0.5746356978376794,0.8513106593945968,,0.036733169681904765,0.6602859955970346,0.0,0.6758635715876158,0.859715846418219,0.0,0.2480091159478184,,0.49291958261889807,,0.4953478856424286,0.47975468479103983,,,0.3372900666170139,,,,,,,,,,,,,,
SRX19320094,0.879940570061529,,0.7465444012563496,,,,,,,,,0.592433993640917,,,,,,,0.4892975618006745,,,,,,,,,,,,,,,,,,,,
SRX19233504,,,,,,,,,0.6051496304876433,,,,,,,,,,,,,,,,,,,,,,,,,,,,,,
SRX19704126,0.3877282478634883,,0.8138753319924217,,0.7921089364578029,0.7627720457333929,,0.594400296221846,0.789515925494586,,0.19601644770046137,0.8133738379578326,,,0.08983240320525457,,0.7504885828048882,,0.32418598757615574,,0.28565066768500597,0.04541469233379411,0.07818241751701253,,,0.30039141736478187,0.43895915993783674,,,,,,,,,,,,
SRX19704122,0.3782929797167526,,0.8565359298918414,,0.9975025463691153,0.8792405451022122,,0.5130778219324218,,,0.15608843154114832,0.8226027381396438,,,0.5950058030179518,0.3299626496797608,0.44209589881163586,,0.5304498784132481,,0.7088710618224654,0.4487291040309741,0.0,,,,,,,,,,,,,,,,
SRX19704118,0.5416729824213283,,0.7400890603467342,0.0,0.7386278810965451,0.676112380460203,,0.5884769892191513,,,0.14505909557008448,0.8689862280230332,,0.3274449191544763,0.6114918518469744,0.5205045904698238,0.5244672665427634,0.0,0.5223614259588129,,0.4280350554138334,0.2967160466045502,0.13262047222890105,,,,0.2863969571159562,,,,,,,,,,,,
SRX19704127,0.3804587081570911,,0.840595918469088,,0.7991621790999884,0.8362370837733445,,0.6233546465415233,0.5021854096195733,0.0,0.16060881016606485,0.5063501061285588,,0.0,0.03987015819662847,0.26676498780302604,0.8104689532835745,0.24988229283318544,0.35528989568681346,,0.13182384283170467,0.1346487886030324,0.040041929507564314,,,0.1993098764274603,0.4716734178155154,,,,,,,,,,,,
SRX19704128,0.8722906644135084,,0.7593790808002155,,0.8223761050495078,0.640449625479916,,0.8102962252036768,,,0.17006642047275536,0.8574541729697874,0.11258759940039272,,0.676941869780886,0.5992373055699699,0.5348030352645128,,0.2761954276479391,,,0.5617526078313283,0.32984607020714635,,,,,,,,,,,,,,,,
SRX19264641,,,0.9220468834052592,,,,,,,,,0.24075048345657662,,,,,,,0.8427490096439659,,,,0.8229532003875949,,,,,,,,,,,,,,,,
SRX19704147,0.6439972401691391,,0.6071000690685742,,,,,0.486614446083752,,0.0,0.07834167291228934,0.7604014145501545,0.0,,0.14372616993938178,0.21242083354733357,0.4849419721555657,,,,,0.0,,,,,,,,,,,,,,,,,
SRX19704139,0.5739913547440426,,0.5251424215635268,0.1002802989586781,0.21682505664723145,0.43949698692151334,,0.18285847960841323,,,0.3124983945687479,0.7415485984190943,0.056117491045298326,0.9996995428565172,0.0,0.07548198000116044,0.6391079604531517,0.10598808740545235,0.5972924195251339,,0.5591940223573911,0.5649095455035262,,0.1198929467195168,0.13183719183795195,0.3538775214123084,0.5743691488142116,,,,,,,,,,,,
SRX19704142,0.3851765794189957,0.0,0.8033074606112407,0.4383360391988149,0.6030476645774697,0.5521694139458432,,0.4475952851043191,0.8112982798647552,,0.4051202852559148,0.6698285604888954,,0.4438200594602467,0.7198541059545482,0.2785528411560743,0.46040418132288635,0.31773160484853896,0.7847904607881262,,0.6433717833637427,0.46510578594061397,,,0.41790703479554037,,,,,,,,,,,,,,
SRX19192164,,,,,,,,,0.7075530708917109,,,,,,,,,,,,,,,,,,,,,,,,,,,,,,
SRX18248070,0.28127240910819534,,0.6270690167702294,0.29997340309684123,,0.2351933818192415,,0.8787746274498766,,0.0,0.11714601408049186,0.778746325647066,0.0,0.828055725379504,0.29425290204158044,,0.3673209685151215,,,,,,,,0.3254079177887343,,,,,,,,,,,,,,
SRX19704150,0.722220798595886,,0.7826200170298191,,0.9156031393406446,0.8355894232302725,,0.4027670195749124,,0.0,,0.8668305502212736,,,,,0.7137800977215387,,,,,,,,,,,,,,,,,,,,,,
SRX19704148,0.718702915604149,,0.6074268761579035,,0.8277602855904441,0.719591170000067,,0.4951660408414022,,0.0,0.26881164176202715,0.25568452280755066,,0.06905438212565047,0.07549576366256087,,0.8839740670616787,,0.44093354272057994,,,,,,,,,,,,,,,,,,,,
SRX19704149,,,0.1220586443036316,,0.0,0.0,,0.0,,0.0,0.0,0.1786290817822825,,,,,0.4488644887230295,,,,,,,,,,,,,,,,,,,,,,
SRX19704152,0.44014286516706236,0.0,0.7816711427078941,0.5511123820903349,0.6260338310181527,0.5822999337230997,,0.5242654604345742,0.8454491299240406,0.5913712412003557,0.20951194501918283,0.4303692605430624,0.22280733531402278,0.4346140215484437,0.5889619774418463,0.4329128815572601,0.8654841909309959,0.5161582458966578,0.6076551549948812,,0.36222524066092116,0.4715485923878411,0.4675296536675284,,0.6261098882730829,0.0,0.24988229283318544,,,,,,,,,,,,
SRX19704151,0.4355194333250861,,0.7762244693307165,,0.6926902207097073,0.7322285195440863,,0.7138049538472734,0.4286394521311276,0.0,0.38799021817348506,0.6696612771048841,,0.672294817075638,0.4690759954971694,,0.8793627100006651,0.0,0.7590001752338308,,0.6342117284880644,0.18042688421259742,0.0,,,,,,,,,,,,,,,,
SRX19704144,0.732034938292917,,0.7946020053808432,0.30090038832356725,0.6213944439944096,0.6644340765212248,,0.4220447202238527,0.7263074954485581,,0.2296139193072556,0.8001894086820375,0.6428943011139886,0.7678496858622379,0.2723152423284123,0.6890881330384365,0.46877852673072407,0.5102396197283849,0.7920200083965168,,0.6541835054129326,0.5543086966910533,0.10679203237584188,,0.5344152224907256,,,,,,,,,,,,,,
SRX19704143,0.4724053728634037,,0.8123839661098079,0.13213024087411465,0.6432520720058934,0.6276025278198941,,0.5184060596427376,0.5363847711713164,0.5591375803854881,0.4279128221813457,0.26969879539434966,,0.22094575424666998,0.5738967376042888,0.3550507323901175,0.4477345250500694,0.2361360720633122,0.7235780774003888,,0.5097498729168293,0.5644596928240466,0.19524827145556398,,0.3124474692370099,0.8112781244591328,,,,,,,,,,,,,
SRX19704145,0.54513587038535,,0.863962510380625,,,,,0.3963309353868102,0.9233257230387989,,0.6266029517589259,0.8573879359105724,,0.2886422664538586,0.6359087279736023,0.833764907210665,0.7415973755311334,0.5192982665718829,0.48098433950982794,,0.21696822544932987,0.3759317919022733,0.13845088161455138,,,0.8375716232049935,0.9006757139383933,,,,,,,,,,,,
SRX19704156,0.5856704533327345,0.43949698692151334,0.9115605857590391,0.5726659213531735,0.6725811934092797,0.7575641791906378,,0.564086484038328,0.8342010831928666,,0.2492482054280857,0.8754380110245046,0.5065329087020222,0.4600401430058155,0.572859353024281,0.6002343924100076,0.44479872233124285,0.22951175086808256,0.5436335646626965,,0.29528894319671517,0.655366694071717,0.4046894290687022,,0.6892447803995486,0.1831220683013728,,,,,,,,,,,,,
SRX19704157,0.5962590022832042,0.0,0.8254607218685857,0.1849101144199887,0.6894171172342877,0.6429538344699275,,0.6391118074647244,0.8056883625918698,,0.15906610802196516,0.8430354594845895,0.501045911302386,0.44083241116121424,0.651932817544347,0.5853345701848716,0.5517986954563101,0.3191592461749449,0.5345469842545724,,0.17210772179352415,0.537192068067459,0.4157962559781655,,0.3740458561536958,,,,,,,,,,,,,,
SRX19704160,0.4089949159224076,0.0,0.7695597875464817,0.09732843667327248,0.595739742883927,0.6374424288983928,,0.4895083395951682,,0.3538412907179541,0.09950830119270292,0.7991906359761987,0.4128090323460347,0.4427242207176988,0.5971218915038621,0.6583253992319886,0.3556738465659861,,0.6211337804963826,,0.2146625753369654,0.6978165724537444,0.22228483068568797,,0.09317131799548935,,,,,,,,,,,,,,
SRX19704166,0.6686593347042648,,0.8765648954412218,0.6950069960245675,0.7700097298195324,0.835590437183246,,0.5323617501968171,0.8083881478023806,,0.146697296792628,0.8338474001676497,0.5578578164321782,0.4912373418243331,0.572960652664369,0.7877023735786125,0.19823013243502433,0.1292337748458849,0.6282815390005804,,0.5863577283978473,0.3227697625543065,,,0.5762618140059886,,,,,,,,,,,,,,
SRX19704161,0.34539617616234497,,0.6088301549439992,0.6638107833743871,0.7219280948873623,0.5740110817879132,,0.09145749550734412,,,0.2555715978919681,0.8321572709183043,,0.11684976092365494,0.4751086386449956,,0.3471119176818377,,0.3500760667422724,,0.06564316416292995,0.1072785650053484,0.03412469622493673,,,0.0,0.24634786667542713,,,,,,,,,,,,
SRX19352021,,,,,,,,,0.0,,,,,,,,,,,,,,,,,,,,,,,,,,,,,,
SRX19704165,0.3645710635183269,,0.6860787629169589,0.3681150054280774,0.914389547548017,0.9417001077238522,,0.3453081870101132,,,0.05954668534649748,0.8487755215094361,,0.22853814395352803,0.3025906507070464,,0.49773379158470366,0.0,0.528040028523804,,0.5968375213214536,0.5739527049483023,0.5529789334317818,,,,,,,,,,,,,,,,
SRX19704169,0.41793032400420943,0.0,0.6667095380022333,0.15109697051711368,0.695700445465054,0.6344308969541909,,0.6220915488504193,0.2587701922248433,0.0,0.31607578033014366,0.1685405169842977,0.3159971329784247,0.0,0.07642429309554777,,0.6580190091422202,,0.37787004094938415,,0.16542703399626682,0.173781322679433,0.0,0.0,,0.74959525725948,0.3963502004156961,,,,,,,,,,,,
SRX19704159,0.6331353375542738,,0.7762100681296968,,0.7017513514713934,0.9235785996175947,,0.319054095491281,0.8149007766575397,,0.3788388759867813,0.7681448430314709,,0.20931049982849106,0.4520386012363602,0.20062232431271465,0.7083904933298829,0.43256534494735244,0.45673705638515744,,0.28861560739386005,0.33066217605985787,0.09049306530588576,,,,,,,,,,,,,,,,
SRX19704170,0.7140129878608822,,0.6405987781779798,,0.7126783152292702,0.7688959325426034,,0.7442979153498619,0.12453702283058678,0.11611507530476971,0.29515769221306376,0.1362292708402591,0.11759466565886476,0.0,0.0,,0.7526618236880028,,0.2005733355019082,,0.3579245150099651,0.13552540589323847,0.17242420781097653,,,0.2580186686648155,0.2580186686648155,,,,,,,,,,,,
SRX19704158,0.6619112736119993,0.13569024515192862,0.7777964921992919,0.48789666972938295,0.7178562853621804,0.7380882086999853,,0.631970603453956,0.899255223102194,0.2792879313346762,0.14611661368406728,0.9078217621021131,0.187210990597642,0.39789914043835745,0.5825964910703961,0.4561053308511627,0.37733178007461843,0.21224076459719957,0.5466861682517464,,0.21391478458256735,0.4943040243961617,0.7340221865091822,,0.5113351358285934,,0.3609426759035663,,,,,,,,,,,,
SRX19704171,0.6822125799068703,0.04599532480368182,0.5762024317368132,0.08499555983671264,0.8168829435216665,0.6626698355556924,0.3601715862663382,0.4327175748828977,0.6521243965185791,,0.43949698692151334,0.11909960987917324,0.5083652932820523,,,0.38961397524636376,0.7938813566177162,,,,0.18097519948921978,0.10559103637519525,0.0,,0.276681702535966,,,,,,,,,,,,,,
SRX19704179,0.41771520566151826,0.0,0.7686121806382582,0.4308612734624543,0.47847156735760454,0.7361876114634371,,0.42720282481870964,0.7875707708652541,0.0,0.12687945306708193,0.8856088250251436,0.3772895625525487,0.9946937953613058,0.2328810592843135,0.28758826604332854,0.5798394324578844,0.0,0.7545412836508251,,0.3040931480901326,0.4817885863507189,0.42992763312562077,0.09863340492879592,0.3110981202824072,0.7973265101474424,0.2070849679138783,,,,,,,,,,,,
SRX19704162,0.6086091015991677,0.0,0.8191082752804436,0.4341093763581638,0.6052856407389027,0.8011874976728659,,0.5024618071573257,0.8178187893594318,,0.2316665321996264,0.853705887543584,0.12793106729272918,0.34694559548355836,0.5887064989660928,0.19674168357396257,0.3725719814702866,,0.7770582073244002,,0.35880271989596485,0.43024003385948156,,,0.47366401836031113,,,,,,,,,,,,,,
SRX19704164,0.5198462377217677,,0.717818679872579,,0.62075509436813,,,0.2962290983519246,0.9144581901708881,,0.5027347000239774,0.7560497765070694,0.0,0.20316011899156958,0.4132697120945061,0.11621773468462288,0.8005036543749889,,0.4977632504861289,,0.3757323722799685,0.41991924824241333,0.0,,,,,,,,,,,,,,,,
SRX19704186,0.7703997085972286,0.24229218908241482,0.8416861408039267,0.5918300448766949,0.7248841900393863,0.49418325883920555,,0.40179405953199615,0.8552180780623603,0.21084230031853216,0.1986078532747293,0.7752008837591633,0.3193133886909044,0.6128232456032124,0.593846773719822,0.5595958349276852,0.531893097726816,0.31648632626027795,0.5116867548476661,,0.19206579119965544,0.20705319248760481,0.18927843126120164,,0.5411315797093441,,0.37084237789487046,,,,,,,,,,,,
SRX19704180,0.6439539318945541,,0.7692798304875448,,0.46186102480999675,0.4699582315005135,,0.33433154140495924,0.799798634065014,,0.6625879442335973,0.8576513847138622,0.35751541231930123,0.2278824817611691,0.5221585387945983,0.6945944919455751,0.42724458068125365,0.6718107395036247,0.35674635743325794,,0.31569720009328794,0.42368868804552723,0.16688046370884604,,,,,,,,,,,,,,,,
SRX19704197,0.527006561955262,,0.8063410835877872,,0.6438233837162678,0.74529646757353,,0.635229812788577,0.21426560653886947,0.0,0.7024665512903904,0.7289599798405745,0.21639693245126465,0.5519177871975315,0.7315374566203547,,,0.3589962496465304,0.5623333596081307,,0.3896265163604963,0.18861632024550617,0.0,0.26676498780302604,,0.3350116625643644,,,,,,,,,,,,,
SRX19704193,0.7068086111280695,,0.5451685774093941,,0.6309957286026435,0.5699864857479834,,0.4269893837641801,0.7798873693264748,0.13545867325492214,0.4121814286512166,0.354462583617232,0.0437636231174992,,,0.1610292217845028,0.639456669224186,0.15183861737241808,0.3041545225352108,,0.8344977359444803,0.5401212239182904,0.09135328391554211,0.1651315254284854,,0.3978982473513105,0.6170095250577567,,,,,,,,,,,,
SRX19704188,0.5995475362259113,,0.6418296941753896,0.30734386594546054,0.7902217821363159,0.6834997926713906,,0.5000217149705302,,0.48495921713751855,0.5533707877401043,0.8211335659543838,,0.434562356149946,0.592640205481476,0.6130473963176625,0.19832321253483096,0.20799502358755667,0.497759465918134,,0.5244902901841829,0.47875125994281714,0.7062740891876007,,0.3154587300327418,0.2537302422399946,0.19879845070630578,,,,,,,,,,,,
SRX19704181,0.6820703925216203,,0.8894654469678092,,0.3899170229492723,0.43949698692151334,,0.25751145836626993,0.8306834675932456,,0.37773388510858347,0.8371374140640615,0.5586293734521992,0.19143325481419346,0.5222596427369353,0.37926250052517585,0.39875617948617276,0.0,0.4548013093430146,,0.16480157582128255,0.18964587520363865,0.0,,,,,,,,,,,,,,,,
SRX19727426,0.5353111075168904,0.5435527338311658,0.8883250197728093,0.7549379621752118,0.2862537167728329,0.48791175317209323,,0.50663897011622,,,0.10559103637519525,0.7567742081511052,,,0.9967916319816367,,,,0.7739488137502335,,,,,,0.7682440040175184,,,,,,,,,,,,,,
SRX19704196,0.6055531809565459,,0.43022027425942194,,0.605331363388584,0.7415742252729199,,0.3637054274754436,0.15665570482128138,0.0,0.5665397049615379,0.26132175520825973,,0.0,0.3264701282678472,,0.3449127348365872,,0.5821451357419078,,,0.697563759419143,,,,,,,,,,,,,,,,,
SRX19727427,0.7245561914541874,0.3601838821882111,0.8471929774245782,0.6832885285687677,0.7771316270159493,0.8661144479953379,,1.0,,,,0.49191227970908447,,,,,,,,,,,,,0.7481016028757465,,,,,,,,,,,,,,
SRX19727428,0.4160791404124449,0.0,0.9044852535939977,0.24960800438420105,0.715192108141704,0.6992227523189821,,0.5803272490822569,,,,0.9222430343349161,,0.6650099119652509,0.7349351890914991,,,,,,,,,,0.21639693245126465,,,,,,,,,,,,,,
SRX19704187,0.7475875233995929,,0.7925168610401665,,0.591414431687077,0.5746300432419699,,0.5291183082117459,,0.17363298756768702,0.30046521514189856,0.8532945681220702,0.6042483464110082,0.5828491685272255,0.6778886133385346,0.47551848905544314,0.7015182875424141,0.437154777320283,0.3865284666217718,,0.621064910301487,0.4982634115536263,0.5441281171812922,,,0.39538347396800944,,,,,,,,,,,,,
SRX18965979,,,0.5854542158956345,,,,,,,,0.0,0.9798687566511527,,,0.32677446222384765,,,,0.3244994657686721,,,,,,,,,,,,,,,,,,,,
SRX19704194,0.8289498563615217,,0.8260516806816544,,0.6631228297660542,0.5802434030807765,,0.7396018208446223,,0.05909292838573303,0.6749431357410892,0.7817273014687166,0.08574268253550253,0.419708746100297,0.4189430849024024,0.4450648570508386,0.9115322894864288,,0.44652309792783307,,0.3468087798593259,0.49652246974184894,0.0,0.0,,0.32824086535981156,0.68960530447336,,,,,,,,,,,,
SRX19727425,0.6885082743088089,0.17812707579711318,0.8943346937978972,0.5239279594024534,0.5510027968088603,0.41442048975839696,,0.28289273976140206,,,,0.7124449830935495,,,,,,,,,,,,,0.7423641620202434,,,,,,,,,,,,,,
SRX19727432,0.6830433840863381,0.812493376096635,0.8220593470906606,0.7272720853486639,0.74201215521992,0.5715627063706723,,0.3782891345775868,,0.0,0.12830530196590784,0.7257441056989062,0.0,0.6360156177392153,0.2707829137326376,,,,,,,,,,,,,,,,,,,,,,,,
SRX19727430,0.5255636839938226,0.9250957259151966,0.9298677000492538,0.7825094660719174,0.8340926855458016,0.7207434942098464,,0.40589954807715756,0.8611810601591453,,,0.33464897597846643,,,,,,,0.5614426512221273,,0.0,,,,0.5893796048782278,,,,,,,,,,,,,,
SRX19727436,0.5458948707555232,0.0,0.6483701973470306,0.2923900695575267,0.24988229283318544,0.5435644431995964,,0.43949698692151334,,,,,,,,,,,,,,,,,0.0,,,,,,,,,,,,,,
SRX19727434,0.48653231190327406,0.08970338978684995,0.9204652761295781,0.6289642203279845,,0.8153296499325386,,0.7020193643195991,,,0.22853814395352803,,0.0,0.6289220687878017,0.5586293734521992,,,,,,,,,,0.20549612650752264,,,,,,,,,,,,,,
SRX19727429,0.439564480273582,0.5757433527079676,0.7621964008533302,0.6904895723086378,0.6527028928725247,0.6163457274088741,,0.29427375872876566,,,,0.6512504916950663,,,,,,,,,,,,,0.6713585781190098,,,,,,,,,,,,,,
SRX19727435,0.12634388745379926,0.0,0.8930825193322351,0.4700015979756182,,0.7697686543324732,,0.4216551285051581,,,,0.4940904185023381,,,,,,,,,,,,,0.3042211976516049,,,,,,,,,,,,,,
SRX19727431,0.17212116692672144,0.7703307013828085,0.9253311510269913,0.761401548958359,0.532094425086948,0.8011456183104579,,0.4354900987621561,,,,0.5381132528060606,,0.0,,,,,,,,,,,0.8239338485141271,,,,,,,,,,,,,,
SRX19704198,0.28375571218352547,0.0,0.7511673736050655,0.5653248937660386,0.6847911023635415,0.5188458000543406,,0.7717364455440743,,0.19143325481419346,0.31477985371245626,0.8476741057200867,0.8954260414863775,0.7447882184566099,0.6156746741216581,0.6508886788057782,0.622376616847882,0.0,0.5619125660403925,,0.3959647991297175,0.3931426743275514,0.08650421412134598,,0.2311524734988683,,,,,,,,,,,,,,
SRX19836243,0.345156029364562,,0.3463516860337494,0.48278713351866454,,,,0.7635783765133992,,,,,,,,,0.4483902961929402,,,,,0.2863969571159562,,,,,0.4896651259894265,,,,0.6947724859034417,0.8132962579622296,0.5475658725849529,0.0,0.8839130318774727,,,,
SRX19730933,,,0.7396271840412842,,,,,0.8159350563348324,,,,0.3375188516587831,,,0.8168966961394206,,,,0.7146076277548921,,0.890336588687685,,,,,0.9825567213996916,,,,,,,,,,,,,
SRX19727433,0.5672998398381188,,0.7930637985138934,0.4868680900006922,0.7134850295390233,0.80235344282919,,0.10103030899201366,,,0.1484041132442457,0.8631119241248932,,,0.0,,,,0.6803454839201114,,,,,,0.37454915999274974,,,,,,,,,,,,,,
SRX19844819,0.739423426314245,,0.8167678715887516,,0.863725154824983,0.7947332173637316,,0.7395478950746057,0.6297972803655286,,0.25110267367702294,0.39320676538638877,0.30540057087920036,0.7706290693639406,0.80235344282919,0.6506238481173187,0.7094131933086538,,0.41370439942782133,,,0.676941869780886,0.5455773649714992,,,0.0,0.6005274645974786,,,,,,,,,,,,
SRX19844818,0.7249873202405063,,0.7591944685876224,,0.891286857278417,0.6752271112975786,,0.40447097374561797,0.37416327521902387,0.0,0.31809754157220577,0.2623306647863782,,0.0,0.4938595328622569,,,,0.4573162328333628,,,0.3912435636292556,0.0,,,,,,,,,,,,,,,,
SRX19844820,0.7007164483825954,,0.6158026641753086,,0.7005399776496885,0.6583639375738476,,0.5996409633340827,,0.0741494835779208,0.5056985505810933,0.5025941325152943,0.34771951039245674,0.5096673060703172,0.5919339476526478,0.0,0.7343646404355101,,0.42268878584192016,,,0.33052737630794277,0.0,,,,,,,,,,,,,,,,
SRX19844822,0.46308262923029403,,0.31862010669838386,0.0,0.634138221242053,0.48505147919242114,,0.6002683627191917,0.2718338140775774,0.16633572731717952,0.6022143101170822,0.13921684091023206,0.36117882241863697,0.7222860571679056,0.4721311594301224,,0.49787713745806655,,0.6602446279626721,,0.4869122277579779,0.5249295573667585,0.0,,,0.3912435636292556,0.41651138937082327,,,,,,,,,,,,
SRX19730968,,,0.6352319245865569,,,,,0.22249568927569618,0.0,,,0.18545295276020246,,,,,,,0.2761954276479391,,0.6167798984058326,,,0.45316823864038336,,0.7507739953112847,,,,,,,,,,,,,
SRX19844825,0.8770345596569922,,0.6604348433569639,,0.5610684924430512,0.47975468479103983,,0.2666528451163423,,,0.6298429377659974,0.14144239356646882,,0.10106696361212417,0.6348143089121486,,,,0.4816499740459668,,,,0.0,,,,,,,,,,,,,,,,
SRX19836245,0.02847987056076351,,0.6005274645974786,0.02839217961584919,,,,0.09508898606624522,,,,,,,,,0.15743997814876354,,,,,0.6517339658336039,,,0.0,,0.3490272880600486,,,,0.3890759462016411,0.48497714961823035,0.16642268468465674,0.0,0.6494004813225576,,,,
SRX19844823,0.4520418389905036,0.10928571467638523,0.3063233527377322,0.5085137347935822,0.7621759469278309,0.6517717333713475,,0.7008119810108959,0.21517219222331918,0.1125247416485506,0.8215370947142848,0.09971380677439634,0.5665095065529053,0.2909266693157188,0.5539527268858303,,0.42521045890447046,,0.5291678579530001,,0.7511796854133734,0.2070420252726233,0.2351933818192415,,,,0.4035279336946659,,,,,,,,,,,,
SRX19844824,0.6695919455357793,,0.5758386045996255,,0.6244753732372805,0.9996995428565172,,0.4948777570459981,0.42369072327402046,,0.3097398312666298,0.18507946112708687,,0.0,0.6261873492719358,,,,0.49823655478857803,,,,,,,,,,,,,,,,,,,,
SRX19844821,0.4591747808806842,,0.3658453498338961,,0.6362448601485734,0.46456496656492724,0.0,0.4311705311953406,0.44156114526904805,0.0,0.5136584901319884,0.42487614706911897,0.0556509906772474,0.13158901976079687,0.23830788376918888,,0.460865918285882,,0.37333256959632893,0.11611507530476971,0.697563759419143,0.18394691317125655,0.0,,,0.2580186686648155,0.5578578164321782,,,,,,,,,,,,
SRX19836244,0.01631142013313357,,0.8935711016541907,0.02287404797658002,,,,0.2672501647575118,0.3716724610825602,,,,,,,,0.33968294659683823,,,,,0.22853814395352803,,,,,0.6936431791338374,,,,0.44052219687188293,0.5743612786034119,0.2759491309490289,0.0,0.10808883095901958,,,,
SRX19844831,0.5046839721942751,0.15597294359954647,0.8763600880511186,0.6750901260096615,0.31467168355988406,0.8524051786494786,,0.9444894545916529,,,0.42622865699814483,0.5924918923235272,,,0.0,0.2211869764206194,,,0.8438638868082826,,,,,,0.7322797065972458,,,,,,,,,,,,,,
SRX19844828,0.7235893230074315,,0.613648114123369,0.14144054254182067,,,,0.21446569775405544,0.4492018679159979,,0.08365642139218278,0.8661598230724157,0.5986148657890701,0.6808581897202834,0.35406778964738045,0.1899222959704587,0.6790164905636421,0.0830280363515676,0.5598193914360547,,0.21884730298989233,0.4544377590288731,,,0.7315080946287099,,,,,,,,,,,,,,
SRX19844830,0.5708708608436072,0.20559250818508307,0.7987696570006277,0.7408298933391461,0.7158259310602147,0.5407040970774404,,0.12339913170889656,,,0.04987944623542703,0.7251191100788065,,0.42622865699814483,0.5048945716496109,0.37439393571421525,0.3698953797801448,0.0,0.750597006886367,,0.3495149813861174,0.4865647181419337,0.0,,,,,,,,,,,,,,,,
SRX19844835,0.6611165766280712,,0.6615926278038925,,0.9694309156463241,0.56996137604035,,0.060553126492796976,,0.0,0.17925606692832147,0.6903158494055647,,,0.09863340492879592,,0.7755490855036324,,0.6396141109479172,,0.0,0.0,0.0,,,,0.0,,,,,,,,,,,,
SRX19730934,,,0.6582501723100568,,,,,0.3999285961244389,,,,0.5813214987637029,,,,,,,0.40019006809303187,,0.523531305117741,,,0.43949698692151334,,0.7113016569649349,,,,,,,,,,,,,
SRX19730935,,,0.8011580820555356,,,,,0.6877830718529078,,,,0.2571374158009541,,,0.7313333924359259,,,,0.5416475571310083,,0.7648626736493,,,0.46899559358928117,,0.7090197919824893,,,,,,,,,,,,,
SRX19844834,0.4398731405704855,,0.7863474890216039,,0.8147332359509052,0.6813737680601243,,0.7340734223277229,,0.0,0.26940842515181684,0.7969477210749397,,0.5578578164321782,0.7527327988862318,,,,0.28242047043740104,0.2863969571159562,0.14362022939752617,0.0,0.0,,,0.22853814395352803,0.49040560518888765,,,,,,,,,,,,
SRX19844849,0.4017642826521599,,0.7698140949420679,,0.9000675311670928,,,0.4113529449315476,,,0.0,0.6197152314802077,,0.0,0.4300349626001616,,,,0.9340680553754911,,,,,,,,,,,,,,,,,,,,
SRX19844838,0.49229647244318897,,0.9165502728752356,,,0.8175817337644011,,0.204015173508737,,,0.09501724567107638,0.5596927064672416,,0.0,0.0758415063771471,0.0,0.5916727785823274,,0.7313093597346828,,,,,,,,,,,,,,,,,,,,
SRX19844832,0.7747671498017664,0.338352924719958,0.7958800760902375,0.58012643207805,0.7868291322406297,0.8002411419695534,,0.6425638751939057,,,0.13427132311578133,0.8561186145659607,0.0,,0.2782437115403222,0.3138129641688651,0.5361239423028232,,0.8125866787069361,,0.6531822761588254,,,,0.7248923993867981,,,,,,,,,,,,,,
SRX19844836,0.8338586402973313,,0.7801917660314457,,0.7237228794116407,0.6340355350205332,,0.6837704417323994,0.3323583981846689,,0.09025350745142435,0.672199862464074,0.5435644431995964,0.0,0.3838027167948767,,0.6231064245874705,,0.0,,,0.17203694935311378,0.0,,,0.26676498780302604,,,,,,,,,,,,,
SRX19844846,0.4553595475852389,0.0,0.8446566486175965,0.5741645183658728,0.17677669701805482,0.6343095546405662,,,,,,0.7815377556662512,,,,,0.20731018585948174,,,,,,,,0.23181305002459018,,,,,,,,,,,,,,
SRX19844848,0.7518422983733656,0.2538784402981616,0.8466489373819669,0.6747357081377846,0.16542703399626682,0.17203694935311378,,0.7708036670144929,,,,0.6980766820327401,,,,,0.16866093149667025,,,,,0.5606987876205061,,,0.7666031096732476,,,,,,,,,,,,,,
SRX19844839,0.7720450036778149,,0.7432563378817139,,0.8016209213009883,0.5996335875465441,,0.5823275583920005,,,0.14012208164246723,0.451478254925095,0.1520337741072313,0.7192528822623473,0.561540084399621,0.22967081074993517,0.7845134836999687,,0.5040388901409802,,,0.3008148798347379,0.0,,,,,,,,,,,,,,,,
SRX19844837,0.6727260367590489,,0.6760164794071711,,0.8811202795895772,0.9550358764531344,,0.55750792026263,0.3573266224262026,0.11002469826418268,0.31401862720124374,0.20075781113248262,0.0,0.2441014935172632,0.5669888022222871,,0.8895405179700567,,0.462931242406198,,0.3299626496797608,0.15284534455563048,0.05532848503795462,,,0.19823496409776625,0.24075048345657662,,,,,,,,,,,,
SRX19886025,,,0.46899559358928117,,,,,,,,,,,,,,,,0.9026722801130701,,,,0.9991802351145687,,,,,,,,,,,,,,,,
SRX19844833,0.5446716115653897,,0.6899553923552445,0.1674882222613333,0.6253672838327432,0.5381136810159962,,0.15738148848757724,0.9200752729762189,,0.4246989742204789,0.7488179826146539,0.34249425761693675,0.1454915208390592,0.5680252331662549,0.43304650259717686,0.33186390478465677,0.05678304419418399,0.5245982931643054,,0.11499125559625624,0.5686661509930241,0.4910948425173433,,0.3682784431111846,0.2974722489192897,0.42833529399181913,,,,,,,,,,,,
SRX19886028,,,0.613311650901776,,,,,,,,,,,,,,,,0.6812824672984381,,,,0.7821725487829716,,,,,,,,,,,,,,,,
SRX19886031,,,0.0,,,,,,,,,,,,,,,,0.9253623713134973,,,,0.9683211863989214,,,,,,,,,,,,,,,,
SRX19886027,,,0.528158671747918,,,,,,,,,,,,,,,,0.7740854716271316,,,,0.9014723958325782,,,,,,,,,,,,,,,,
SRX19886029,,,0.4798320236161284,,,,,,,,,,,,,,,,0.9406469706889412,,0.9340680553754911,,0.9887368171985009,,,,,,,,,,,,,,,,
SRX19886030,,,0.3809465857053901,,,,,,,,,,,,,,,,0.9324064484820287,,,,0.9277892502681174,,,,,,,,,,,,,,,,
SRX19886023,,,0.7607859931846075,,,,,,,,,,,,,,,,0.7998862164923402,,0.6500224216483541,,0.9619516331623532,,,,,,,,,,,,,,,,
SRX19886022,,,0.0,,,,,,,,,,,,,,,,0.0,,0.0,,0.0,,,,,,,,,,,,,,,,
SRX19886032,,,0.6628061327333954,,,,,,,,,,,,,,,,0.26627813000596934,,,,0.3613658040306044,,,,,,,,,,,,,,,,
SRX19886043,,,0.0,,,,,,,,,,,,0.0,,,,0.1889913216430842,,,,,,,,,,,,,,,,,,,,
SRX19886034,,,0.08669689891281093,,,,,,,,,0.0,,,,,,,0.5317687860522703,,0.40707680632541937,,0.7340400949063683,,,,,,,,,,,,,,,,
SRX19886046,,,0.6365740925734392,,,,,,,,,0.3533593350214213,,,0.21101043476877968,,,,0.6193456267586482,,,,,,,,,,,,,,,,,,,,
SRX19886037,,,0.27866980356389914,,,,,,,,,,,,,,,,0.5869688780718609,,,,,,,,,,,,,,,,,,,,
SRX19886040,,,0.7300166301457939,,,,,,,,,,,,0.4997580164034803,,,,0.7928006978632277,,,,,,,,,,,,,,,,,,,,
SRX19886042,,,0.49982971674595134,,,,,,,,,,,,0.6273254774718653,,,,0.9339579764660709,,,,,,,,,,,,,,,,,,,,
SRX19886047,,,0.7248648088379198,,,,,,,,,0.5293608652873644,,,0.822650753664199,,,,0.6265660701829587,,,,,,,,,,,,,,,,,,,,
SRX19886035,,,0.5665095065529053,,,,,,,,,,,,,,,,0.9820280375823415,,,,0.9668576557676358,,,,,,,,,,,,,,,,
SRX19886033,,,0.845859565220101,,,,,,,,,,,,,,,,0.5977267928407346,,0.4756122079756547,,0.9262974977627847,,,,,,,,,,,,,,,,
SRX19886039,,,0.5586293734521992,,,,,,,,,,,,,,,,0.27829817202512513,,,,,,,,,,,,,,,,,,,,
SRX19886044,0.0,,0.0,,,,,,,,,0.0,,,0.0,,,,0.0,,,,0.0,,,,,,,,,,,,,,,,
SRX19886049,,,,,,,,,,,,,,,,,,,0.0,,,,,,,,,,,,,,,,,,,,
SRX20221194,0.5506323924807118,0.3859043883366065,0.7672006188151359,0.43581074992435376,0.24684186658953558,,,0.5832502823351771,,0.0,,0.6685366495127204,,,,,,,,0.0,0.6915791282482165,,,0.44869723432268943,0.20062232431271465,0.4970285953415294,0.5341780011573047,,,,,,,,,,,,
SRX20407496,0.417463812947408,,0.6341069505057555,0.15935006268563445,0.4153735007338398,0.17925606692832147,,0.19841299751235286,,0.028522209120029104,,0.7705701199093348,0.0,,,0.0,0.34118477387771523,,,,,0.0,,,,,,,,,,,,,,,,,
SRX20407493,0.3666066895903358,0.1842362798659163,0.5671144893375741,0.255741661173465,0.4890721984252535,0.7827786147734286,,0.39821588113321693,0.6684860593237286,0.047153333532014806,,0.7764678607118826,0.8098649678957884,0.5079353563991222,0.4488644887230295,0.6652735227649414,0.5628533296325077,,,0.2580186686648155,,0.7936341956352528,0.4257051199564074,0.0,0.17556502585750278,0.48341286988680693,0.34041238195260487,,,,,,,,,,,,
SRX19886045,0.7355085815538399,,0.9235785996175947,,,,,,,,,0.9957274520849256,,0.42200051688315315,0.6413203758099254,,,,0.944032178406387,,,,0.6892019851173655,,,,,,,,,,,,,,,,
SRX19886050,,,0.41586890156615186,,,,,,,,,,,,,0.2685569194871225,,,0.8239475942025072,,0.7576575754935096,0.5919463742546006,0.7992906829787338,,,0.5577639228982008,,,,,,,,,,,,,
SRX20612052,0.3077847010098789,0.22278893602834057,0.9076999577942892,0.5186980182998746,0.6087255080656003,0.3398495114261091,0.9587118829771317,,,,,0.9371967142269872,,,,,,,0.8803353645955583,,,,,,0.37696466129208567,,,,,,,,,,,,,,
SRX20407494,0.5966773128728412,0.2719571165617105,0.7251373396757089,0.3982088412642043,0.557158746204453,0.42289843996114723,,0.6011621912491883,0.6415448228357976,0.20237729160096474,0.7692552373208172,0.6155910089754258,0.03922049444707204,0.9293636260137188,0.3809465857053901,0.22657152330267366,0.4375009938516994,,0.6010784285633224,0.0,0.25700339611545797,0.4625452592149501,0.34333856966490883,0.19368716032026928,0.6146861819436191,0.530385532810306,0.375483911810943,,,,,,,,,,,,
SRX20407498,0.6615980586497164,0.13189531545088146,0.6908186712400122,0.3845332881639686,0.653273922419447,0.588007643902929,,0.4343070175173727,0.7367779994549479,0.10573729907403076,0.5482186180122288,0.8074524232705418,0.6865163424708098,0.2761894677838873,0.7498910352774915,0.9366673818775625,0.4466034332524164,,,,0.1060515309283787,0.1446700263440256,0.08843513464179492,0.06590010265181881,0.5837978912371997,0.24135755200750125,0.411022036151653,,,,,,,,,,,,
SRX20407497,0.5995540315071953,0.4309207393539492,0.8461610817609659,0.49824370794145917,0.10106696361212417,0.09597040299587187,,0.4514684237991255,0.6781480573446812,0.17380872639899822,,0.7682091803112143,0.6786338889896524,0.7224203231813546,0.7127039536143651,0.5631131828156116,0.6536932889849018,0.3424146543935129,0.7341005143975122,,0.10733000428540831,0.11850406131248503,0.1727633912670707,0.14032727099059328,0.5603585009526904,0.42200051688315315,0.45721105722527444,,,,,,,,,,,,
SRX20098024,,,0.6431154166266014,,,,,,,,,0.36545535266434176,,,0.5489687651144607,,,,0.8009582443750433,,,,,,,,,,,,,,,,,,,,
SRX20407499,0.4375080105305762,0.052275587216121924,0.8044574967272479,0.5707362800878362,0.11621118267258274,0.27860504605402414,,0.4453542045852031,0.6581176485619048,0.10329944672087919,,0.8717459339916176,0.5254087167827197,0.24171249389496893,0.6956959868571865,0.5929582712562048,0.45016926637124205,,,,0.0,0.20905980566852453,0.12737261306771072,0.10802319526362833,0.38753989045002574,,0.19236742854692096,,,,,,,,,,,,
SRX21311407,0.2859271001518242,0.28203006518999085,0.9113421867988182,0.49895673366654264,0.0,0.0,,0.0,,,,,,,,,,,,,,,,,,,,,,,,,,,,,,,
SRX21256826,0.60568159097076,,0.7747377881025281,0.2238125551345859,0.33920498078999817,0.3110115322096943,,0.2552514953740153,,,,0.5783692301004819,,,0.13109731358159105,,,,0.19331426677246102,0.022658871367063266,0.6292492238560347,,,,,,,,,,,,,,,,,,
SRX20970826,0.5158394207990106,,0.5168138528673296,0.4537163391869449,,,,0.045036285093553896,0.2615978441783494,,,0.26357250640223256,,,0.36743519619055715,,,,0.9176958289076632,,0.790742732331392,,,,0.3290874147537282,,,,,,,,,,,,,,
SRX21460097,0.4048259594595526,0.0,0.7064513795189726,0.08536612311954853,,0.5506450624005456,,0.32063075312517053,,,0.030197379220470683,0.8243749975191591,0.0,0.5066472780328931,0.45411709855328414,0.062001214431213196,0.6168194833228076,0.13471806224117716,0.18951197513555806,,0.20062232431271465,0.5996145772291993,0.6253361323887974,0.7695756163983518,0.10827623879177878,0.3533593350214213,0.7024665512903904,,,,,,,,,,,,
SRX21203377,0.5722157655168395,,0.6598933556880626,,,,,,,,0.07693171176742546,0.5020651291519581,0.34583643908556977,0.12135768703227125,0.12366798597818356,0.2441731152251733,0.6465462164303319,,0.4430162374747662,,0.6495733866459006,,,0.3997818600793517,,0.5987374446986793,0.6691142729963069,,,,,,,,,,,,
SRX21808827,0.20174393033078653,,0.8988662175213283,,,0.2351933818192415,,0.1587517494805631,,0.0,,0.6625579450751099,,,,,0.8739520838987448,0.4695176118475082,0.28585200685064344,0.0,0.15821232460346235,0.5869560906927326,0.4077203769544841,,,0.10171583936124903,0.4947564115781983,,,,,,,,,,,,
SRX22159982,0.1655732036263953,,0.23231718465198015,,,,,,,,,0.39924413307768963,,,,,,,,,,,,,,,,,,,,,,,,,,,
SRX21808831,0.3740309983322672,,0.7760908101505928,,0.9656361333706097,0.25556794254576076,,0.31710347451333404,,0.050317612906927774,,0.8043958834041247,,,,,,,0.23898837328093306,0.0,0.9938524278121332,0.5236816352113401,0.3979766543841423,0.6409441847875288,,0.05683240450033151,0.2761954276479391,,,,,,,,,,,,
SRX21808832,0.16006545979548373,0.17067435490537844,0.7196510335857775,0.6657913511626015,,0.44642674712058944,,0.2636062327997264,,0.0,,0.9024987432392355,,,,,0.6969651806478373,,0.5353699914903123,0.0,0.5810369202661617,0.7257639320397331,0.6862052139462467,,,0.44762971268843277,0.6833570233726313,,,,,,,,,,,,
SRX21808829,0.06994025669764421,,0.49305827577297995,0.17781191748559763,,0.2903901066361421,,0.16595915057980856,,0.0,,0.8797944714419872,,,,,0.3543617670300761,0.21518723868268733,0.3735357880072331,0.0,0.1516034842246261,0.1565092307832249,0.10640797091026208,,,0.058510654472836925,0.5946753639143337,,,,,,,,,,,,
SRX22226492,0.5347015618989523,0.04128046811908642,0.8070798753433882,0.6442709247359939,0.0,,,0.1877394446218954,,0.0,,0.8542643331062136,0.3316699298296626,,0.1831220683013728,,0.5293373180706498,0.0,0.7017655649273008,0.24988229283318544,0.362978966414001,0.6212401886627852,0.7148032861414374,,0.7056796303950269,,,,,,,,,,,,,,
SRX22226496,0.47595082678231465,0.3982250716377983,0.7756988591985492,0.5535221756243494,,,,0.14214431943504002,0.906230960768407,0.13680520989875383,0.0,0.8276588387708075,0.3912435636292556,,0.0,,0.6181088743645661,,0.5800069689402855,,0.4651611687168964,0.4854253152942407,,,0.6901630058042636,,,,,,,,,,,,,,
SRX22226500,0.30670094458408903,0.26676498780302604,0.863434504618954,0.7384964795445709,,,,0.2654777509645022,,0.0,,0.8351252060309085,0.0,,,,0.6466679607429593,,,0.0,0.7043895211636204,0.6840160993838091,0.3727052964167112,0.6820474840091947,,,0.41370439942782133,,,,,,,,,,,,
SRX22226494,0.601527777097975,0.6463257362226734,0.7669231037556612,0.647634014079108,,,,0.11244928335721993,,0.1256580501725674,,0.8378550990648606,0.8054848387405957,,,,0.5820703729497616,0.0,0.6083682673362445,,0.3428615730855235,0.545019713101128,,,0.7468088270916514,,,,,,,,,,,,,,
SRX21808830,,,0.909147963483552,,,0.17433409703557343,,0.3767966047849622,,0.0,,0.8419488967439602,,,,,0.9986359641585719,0.16421955626534365,0.46226905614010266,0.0,0.3895009295975869,0.20549834947919204,0.1315428638878175,,,0.12394248091511237,0.19092340087379187,,,,,,,,,,,,
SRX21460119,0.5093595137727721,0.11875628311974089,0.7503477038594067,0.4925881980059032,0.3712323266408757,0.6338257780739964,,0.46300061013582766,0.1460942501201363,,0.08927882488363466,0.10406642751242506,0.016384505190637118,0.3427546419607956,0.4842741049065749,0.374604905165829,0.7660486124668813,0.07655290560946207,0.3552827003449765,,0.06722154475830686,0.37853801870750675,0.3763411100308612,0.4138391591928304,0.47502754356397014,0.04191259510349149,0.21647219270161083,,,,,,,,,,,,
SRX22130035,,,0.3734867059212529,,,,,0.11569317808167393,,,,,0.7896443030555996,0.7728281007279859,0.750012887630038,,,,0.8062908367239743,,,,,,,,,,,,,,,,,,,,
SRX22226498,0.6575730189930563,0.12394986771100759,0.766889245008155,0.5917175395328083,,,,0.18087305826074151,,0.10904743858183148,0.0,0.8508844360945832,0.6699400614517441,,0.6014353864290771,,0.41357704647533494,,0.4023839338766402,,0.35391071916690114,0.6873338956031269,,0.0,0.45388180719468524,0.3589962496465304,,,,,,,,,,,,,
SRX22226504,0.47663020484148977,0.0,0.8213218175214937,0.45321041227988595,0.0,0.2811937964320427,,0.7286500890516607,,0.0,0.0,0.7577346348732221,,,0.22228483068568797,,0.3883935436493456,,0.6959255032847621,0.0,0.5985857963038027,0.5747242817656476,,0.4802038604077439,,0.7087012514477177,0.40571639070405274,,,,,,,,,,,,
SRX22226502,0.34521083435576344,,0.6789964503458903,0.24916590580172535,,,,0.28703931094648893,,0.0,,0.3937809898128153,0.06507307495461,,,,0.5772926528214488,,,,0.2663451694937598,0.6177637360493384,0.8812908992306927,0.9448125197988139,,0.6002211506624193,,,,,,,,,,,,,
SRX21897876,0.0,,0.0,0.0,,,,,,,,,,,,,,,,,,,,,,,,,,,,,,,,,,,
SRX22226505,0.46600197132171794,,0.8954367860556695,0.8378775156730852,0.9994110647387552,0.5358140831058779,,0.5833566423701997,0.9090808944337178,0.0,0.15649106290570153,0.8054302357576274,,,0.954434002924965,,0.20577929919020785,,0.11919925216807073,0.2351933818192415,0.523825878675151,0.5985573553279995,,0.2756058178142647,,0.947265995282269,0.3249178631854306,,,,,,,,,,,,
SRX21897873,0.6737107748224891,,0.7891484443722605,0.8406275080824124,,,,,,,,,,,,,,,,,,,,,,,,,,,,,,,,,,,
SRX22834774,0.5019639200748369,,0.40902117093584206,,,,,0.22708789103462135,,,,0.5547057746180439,,,0.0,,,,,,,,,,,,,,,,,,,,,,,,
SRX22613096,,,,,,,,,,,,,,,0.0,0.4566836315394428,,,0.6069113723342425,,,0.9696055994904406,0.0,,,0.1256580501725674,,,,,,,,,,,,,
SRX21808834,0.5863821101375052,,0.9325494836791921,,0.2863969571159562,0.33811210437849404,,0.19806986876545446,0.906208573114088,0.08426242877623302,,0.8904922994612764,,,,,0.6935989229033824,0.3788021276050734,0.6106372436565544,0.0,0.5346151416698713,0.5342831371805271,0.4139438999530857,,,0.3364227496093348,0.5646553941156478,,,,,,,,,,,,
SRX22996309,0.41282426598421545,0.5516699920020824,0.8004231606037268,0.5424135149098647,0.9438244873571747,0.712416053587907,,0.38792088041781475,,0.17203694935311378,0.1112410494829923,,0.0,,0.2792879313346762,0.0,0.4217644251745975,0.22853814395352803,,,,,,,0.9910760598382222,,,,,,,,,,,,,,
SRX22613094,,,,,,,,,,,,,0.21084230031853216,,0.31924086371991517,0.0,,,0.6172920593474305,,,,0.3912435636292556,,,,,,,,,,,,,,,,
SRX22996310,0.48840748529375244,0.0,0.7817727023696429,0.7807762156726354,0.5911458811659317,0.9081783472997053,,0.23423188482514784,,0.0,0.0,0.8738845074797778,0.06345811641554697,,0.44156114526904805,0.0,0.29429032631067714,0.0,,,,0.2761954276479391,,,0.3854821932369692,,,,,,,,,,,,,,
SRX22613098,,,0.0,,,,,,,,,,,,0.8437582063121659,0.9994730201859837,,,0.3673400103935026,,,0.9669285531411271,0.3712323266408757,,,0.9596868937742168,,,,,,,,,,,,,
SRX22996312,0.753891903009041,,0.8440464529332397,0.7580052088332547,0.67536042711575,0.7133616148799171,,0.8046473385008147,0.9159042658782233,0.1000009430103235,0.0741494835779208,,,0.0,0.483592719936229,,,,0.5935169352562453,,0.5216796954859207,,0.0,,,0.40113892610602564,0.30337483608641397,,,,,,,,,,,,
SRX22613095,,,,,,,,,0.0,,,,,,,,,,,,,,,,,,,,,,,,,,,,,,
SRX22996311,0.3755182957201824,0.11164131525606416,0.5803645381704536,0.5809939140898727,0.5596727619943012,0.9300018394355551,,0.09991039780925273,,0.21084230031853216,0.18638492322197742,,0.14144054254182067,0.0,0.9145891955877994,0.0,0.47031910777547553,0.21639693245126465,0.36553222159979826,,0.0,0.0,,,0.325082197645191,,,,,,,,,,,,,,
SRX22613099,,,,,,,,,,,,,,,,0.9895875212220555,,,0.32726321609552206,,,0.7985237652450764,,,,0.6947570868163001,,,,,,,,,,,,,
SRX22836420,0.8749333274888537,,0.7074583691798869,,,,,0.6294324259675208,,,,,0.7517232451112142,0.7958289071093361,0.7692560821114024,0.6881363492464804,,,0.9441645460500978,,,,0.8652008004725714,,,,,,,,,,,,,,,,
SRX22996314,0.34410644278884633,0.0,0.7803484039808523,0.970483609526263,0.7149555854879349,0.8650278023718145,,0.19633142225647326,0.5246455665662212,0.0,0.14854949043034824,0.9206207179609991,0.0,,0.0,0.0762646052276295,0.4496632815026801,0.0,,,,,,,0.6184346657044972,,,,,,,,,,,,,,
SRX22996317,0.20136451619679496,0.0,0.49835872098838374,0.4907443860639842,0.0,0.0,,0.0,,,,,0.0,,0.09798890608234186,,0.9768740126265281,,,,,,,,0.16542703399626682,,,,,,,,,,,,,,
SRX22478206,0.7857919298974153,,0.8514248288501731,,,,,0.749798482966379,0.15240699892386775,,,0.5238771919350343,,,,0.6897115341829088,,,0.8757490594963512,,0.8259079014154082,,0.78919491236176,,0.7058789454453973,,,,,,,,,,,,,,
SRX22996313,0.5388639556219506,0.07360348308562405,0.9468556982191348,0.6183581578777987,0.8739810481273579,0.9534985819759996,,0.5022166125245718,,0.0,0.20731018585948174,0.762620901734327,0.0,0.0,0.0,,,,,,,,,,0.6012438179546239,,,,,,,,,,,,,,
SRX22996320,0.34960989635299045,0.0,0.6435718884781333,0.5413117314973156,0.6951730119164035,0.8125419033991309,,0.5244325356194716,,,,0.777112094268198,0.0,,0.11591688393483926,,0.6295706928965557,,,,,,,,0.2660710931970283,,,,,,,,,,,,,,
SRX22996319,0.4456673242943186,0.0,0.6457443131789262,0.4221075875041435,0.5992119481037144,0.617145581718616,,0.4271743890374877,0.6816900379901324,,,0.5706464249403574,0.0,,0.07557888002360359,,0.9649567669505686,,,,,,,,0.0,,,,,,,,,,,,,,
SRX22613097,,,,,,,,,0.0,,,,,,,,,,,,,,,,,,,,,,,,,,,,,,
SRX22996315,0.7061808973573681,0.07642429309554777,0.8472005335447328,0.7142003277888556,0.6895413340313215,0.7212623044859927,,0.6817824935345315,,0.0,0.27457266539773384,0.826876661711482,0.0,0.20062232431271465,0.0,,,,,,,,,,0.5561450522512598,,,,,,,,,,,,,,
SRX22996318,0.37230175072226246,0.0,0.651786503591869,0.4897268722441856,0.6097283619792524,0.6147049199634732,,0.16977000753515503,0.8774682879978283,,,0.5612209768318546,0.0,,0.12057273010373201,,0.9961344835095797,,,,,,,,0.22228483068568797,,,,,,,,,,,,,,
SRX22996316,0.5397335101527693,0.3809465857053901,0.8843195709518552,0.7470166324753791,0.5288896716665831,0.9559312637896479,,0.5277996673809086,,0.0,0.19590927087360493,0.7497707964740457,0.0,0.16866093149667025,0.0,,,,,,,,,,0.6109621398163118,,,,,,,,,,,,,,
SRX22996323,0.7464166902902145,0.0,0.6982427777886383,0.2029461640746908,0.835818561655671,0.6029433210559225,,0.6005851215609068,,0.0,0.0,,0.0,,0.33464897597846643,,0.5563308144749578,,,,,,,,0.0,,,,,,,,,,,,,,
SRX22996322,0.5884300264770311,,0.842119806324477,0.3463516860337494,0.8535575219790543,0.7688784806773464,,0.6630261950651324,,0.11467550533614675,0.0667796410970523,,,0.0,0.5348564093533459,,,,0.7051056261887794,,0.6848801639200586,0.2863969571159562,0.0,,,0.4878527713892914,0.4051871396086176,,,,,,,,,,,,
SRX22996329,0.5757503321670743,,0.6489765037867496,0.7257145464971326,,0.1831220683013728,,0.3000619334488444,0.7171093208354077,0.0,,0.9052752495371962,0.571080270262957,0.32297928234199363,0.3995706082899204,,0.6924338693695541,,0.7140767552032878,,0.15405767236812595,0.15935006268563445,0.2122428492553584,,,,0.17265703141636932,,,,,,,,,,,,
SRX22996330,0.3830056226493774,,0.6951199148725344,0.21729838696429962,0.0,0.3375188516587831,,0.0,,,,0.6730932140193928,,,,,,,0.5079590416863667,,,,,,,,,,,,,,,,,,,,
SRX22996325,0.4288835421190577,,0.5589235929193012,0.6405006683758943,0.7456952813582645,0.6673610496436274,,0.323089309432879,0.6822877458663892,0.19143325481419346,,0.8975695520594512,0.6080918472088277,0.4319843262603759,0.8721617883411699,,0.6324649760887598,,0.8113042406944695,,0.35184576927126215,0.32030016231693004,0.2460225782203316,,,0.5435644431995964,0.15374218032876188,,,,,,,,,,,,
SRX22996333,0.3868164976790183,,0.6929659206393491,0.10203192054113254,0.0,0.0,,0.0,,,,,,,,,,,0.6412889216517258,,,,,,,,,,,,,,,,,,,,
SRX22996327,0.6134971509630897,,0.6611021799492872,0.8049751029852568,0.3375188516587831,0.0,,0.47285380360755846,0.7464769336514828,,,0.9129259972474428,0.6663472146092736,0.6500224216483541,0.6045781115106796,,0.8696769360836005,,0.8114790575773302,,0.25437182508676254,0.26108959510113633,0.4143562461352435,,,0.0,0.0,,,,,,,,,,,,
SRX22996339,0.37862036196196003,,0.8014210053631409,,,,,0.22228483068568797,,,0.0,0.8279253392294769,0.4750594846416138,,0.2122428492553584,0.19879557214940188,0.3239470349932675,0.3218968308108826,0.7799302846668992,,0.45070904527651323,0.8719864016547417,0.32249272051214883,0.27260244667905886,,0.7294675615119349,0.6840884002367065,,,,,,,,,,,,
SRX22996334,0.05391115749897598,,0.7183795120740737,0.06642902783058685,0.0,0.17203694935311378,,0.04143657108746384,,0.0,,0.8597404791911516,,,,,,,0.6988465721302113,,,,,,,,,,,,,,,,,,,,
SRX22996335,0.46483243209379965,,0.6894057568997236,0.1209573130006441,0.22228483068568797,0.0,,0.1105808447698871,0.697817929319323,0.0,,0.6813626170073366,,,,,,,0.6525208456507193,,,,,,,,,,,,,,,,,,,,
SRX22996340,0.495954786230956,,0.7973539423711252,,,,,,,,,0.7728576296172947,0.4091484684749094,,0.17265703141636932,0.4922843617065267,0.5727554348190041,0.0,,,0.6796319044833086,0.5845801394923251,0.4792153066412836,0.21247160336809426,,0.7334957813317801,0.6500224216483541,,,,,,,,,,,,
SRX22996338,0.5190818037387428,0.34918437350730797,0.7156552514536598,0.5335875028520687,0.7084607423358088,0.23565455423665685,,0.4538448413467094,,0.0,0.0,,0.0,,0.0,,0.7644829840360469,,,,,,,,0.6241499939243565,,,,,,,,,,,,,,
SRX22996341,0.43838837773540806,,0.7676700451212644,,,,,0.2351933818192415,,,0.0,0.8235684125178843,0.4587212108935676,0.0,0.0,0.08728058888363333,0.5768648802642312,0.225512521575645,,,0.4331451323298724,0.40449650730586395,0.2651774798654065,0.5961045458832346,,0.8779088122091132,0.7313133614114589,,,,,,,,,,,,
SRX22996331,0.5655117433165032,,0.569847257535305,0.4642006490828965,0.8980587934501658,0.7897492536625224,,0.3557951975011439,,,,,,,,,,,0.558038139841494,,,,,,,,,,,,,,,,,,,,
SRX22996336,0.6740271520066493,,0.6246319347984028,0.36010876813999126,0.7024665512903904,0.43949698692151334,,0.430472135533278,,0.0,,0.7484159060514814,,,,,,,0.7823989074203012,,,,,,,,,,,,,,,,,,,,
SRX22996328,0.32191632838711876,,0.8181346992598107,0.0,0.7219280948873623,0.48890859144051524,,0.11854535556765734,,0.0,0.12741851179235877,0.8031041165430453,0.11467550533614675,,0.0,,,,,,,,0.21084230031853216,,,,,,,,,,,,,,,,
SRX22996337,0.4961703607436728,0.08079313589591118,0.9109351350975952,0.5356207802298952,0.48204851991170916,0.6452165927759935,,0.5271437624378369,0.7975395672306317,0.0,0.06952964699480782,0.8962406251802891,0.0,0.0,0.0,,,,,,,,,,0.4711349333456012,,,,,,,,,,,,,,
SRX22996348,0.5504592077535861,,0.5563417737148753,0.0,,,,0.3069233827363686,,0.0,0.08728058888363333,0.666179201103105,0.8263541679009075,0.5062462840737638,0.5366815233894081,,0.7186099825621639,0.0,,,0.0,0.22614994743549924,0.0643788771638313,,,,0.5293608652873644,,,,,,,,,,,,
SRX22996347,0.5659728352001404,,0.5592873195754765,0.0,,,,0.3289022361853688,,0.0,0.14420841180474794,0.7878732975393475,0.7553754125614287,0.9354139399287134,0.5124140934833944,,0.848704952594228,,,,0.0,0.0,0.09063153367114513,,,,0.5746356978376794,,,,,,,,,,,,
SRX22996343,0.3406670467267392,,0.8007078735696141,0.1392329990550989,0.8812908992306927,0.6840384356390417,,0.11863122359228125,,0.0,0.15649106290570153,0.9001543961540559,0.0,,0.4909522495968217,,,,,,,,0.22228483068568797,,,,,,,,,,,,,,,,
SRX22996345,0.3680077320035669,,0.544639814274784,0.06812462580532022,0.0,0.0,,0.03807386836875478,,,,0.7374305209802982,,,,,,,,,,,,,,,,,,,,,,,,,,,
SRX22996350,0.18134156875586288,0.0,0.9039725337141087,0.19709272908774295,0.5952124653513117,0.6281663708031536,,0.3227569588973983,,0.0,0.0,,0.0,,,,,,,,,,,,0.07885601377455284,,,,,,,,,,,,,,
SRX22996346,0.6324448901077622,,0.4784712273602762,0.2351933818192415,,,,0.4655273558201689,,0.10215803640865039,0.0,0.6441031614628192,0.9656854098186428,0.7882081247337939,0.6195223620368759,,0.787599306882429,,,,0.0,0.1962887621370678,0.18233425528982902,,,,0.6294324259675208,,,,,,,,,,,,
SRX22996349,0.6057327019544408,,0.6466538116712053,0.4537163391869449,,,,0.48518193916244035,,0.0,0.0730661193138456,0.8824705000899477,0.8611247055579297,0.9940302114769566,0.5377205824893392,,0.7667248508905087,,,,0.20559250818508307,0.14219869068714475,0.09619456647778568,,,,,,,,,,,,,,,,
SRX22996344,0.3599217570906879,,0.5596162078430446,0.07671359238866882,0.13158901976079687,0.15374218032876188,,0.02099499294105126,,,,,,,0.46899559358928117,,,,,,,,,,,,,,,,,,,,,,,,
SRX22996342,0.3821435137298808,,0.5993120588006257,0.059774993391550624,0.0,0.0,,0.03833714261255966,,,,0.6243046164262442,,,,,,,0.6952489499496564,,,,,,,,,,,,,,,,,,,,
SRX22996358,0.7207432013770335,,0.8364070956422075,,,,,0.6152122098444872,,0.03386855598926829,0.22853814395352803,0.8522586629185356,0.18586321577817508,0.7347584400209609,0.7711316065221515,,0.8880305192466913,0.0,0.8723924396803373,,0.6077891164674185,0.3626761794798551,0.08423967991639304,,,0.6643465859533362,0.22989656654022325,,,,,,,,,,,,
SRX22996354,0.2024669837161965,0.0,0.715840965880425,0.20437023989049793,0.5004269841857644,0.4170111449304408,,0.173781322679433,,0.08650421412134598,0.0,,0.0,,,,,,,,,,,,0.0715037894499587,,,,,,,,,,,,,,
SRX22996359,0.6322675561750715,,0.8121578965935847,,,,,0.5089007537070067,,0.0344903607395326,0.23542512201487645,0.9120827004710332,0.0667796410970523,0.6637377931417907,0.7641334499626983,,,,0.7800788218979656,,0.3729444837863621,0.2953802631540603,0.12166783280779961,,,0.8256752543978462,0.27614481451421585,,,,,,,,,,,,
SRX22996356,0.6752112110863387,,0.6712894039807711,0.5363062662361927,0.8435070855739036,0.31844117502683744,,0.30923119061228316,,0.0,,0.7939323266181012,,0.024787624823548165,0.0,,,,0.4518385520647907,,0.0,,0.2351933818192415,,,,,,,,,,,,,,,,
SRX22996351,0.22146538559845275,0.0,0.7820743437558895,0.1622818261244526,0.43083432811559136,0.579457279322045,,0.6582147185016137,,0.08807225904068133,0.0,,0.0,,,,,,,,,,,,0.0715037894499587,,,,,,,,,,,,,,
SRX22996355,0.749338701085935,,0.6746250116351057,0.48559970296300276,0.7320666900931938,0.18666849051997997,,0.3298435335196012,,0.08536734654262206,,0.7867510068026587,,0.02576454913517821,0.35140430941764067,,,,0.6513919323678016,,0.0,,,,,,,,,,,,,,,,,,
SRX22996353,0.49616230633548364,,0.8182484314179537,0.5223999718617378,,0.6661487031528028,,0.45854847424099004,,0.0,0.0,0.9036853967618231,0.05714385792985574,,0.15109697051711368,,,,0.6913248999438898,,,,0.0,,,,,,,,,,,,,,,,
SRX22996352,0.5919147803520521,0.8249724575575756,0.8683763522540084,0.6458880152796057,0.8193184459802505,0.4767190701227405,,0.6196938292313752,,0.0,0.16866093149667025,0.7229998135494471,0.0,,,,,,,,,,,,0.749286953722589,,,,,,,,,,,,,,
SRX22996371,0.4312365794212889,0.045036285093553896,0.7939016463009951,0.43672740422329304,0.8649832752018336,0.6811814580933258,,0.9426831892554923,,0.0,,,,,,,,,,,,,,,,,,,,,,,,,,,,,
SRX22996360,0.6559119331185448,,0.8748367699654499,,,,,0.5998517673542951,,0.06611983552212929,0.17810654129291525,0.8691033855674632,0.47635597694051,0.663021594043069,0.7092071055318822,,0.8257772243417453,,0.8346192930545978,,0.7139715827130125,0.3042211976516049,0.09353775683104755,,,0.7128643728610224,0.4076927711301146,,,,,,,,,,,,
SRX22996365,0.6392271813058342,,0.700913977347005,0.3722286702437887,,0.0,,0.0,0.8302944606225254,,0.11987350543617378,0.9019113169474656,0.14041128339748885,0.8865408928220898,0.504630387631124,,0.46371668896980694,0.0,0.7156053716322631,,0.12352039477085366,0.7401470427139037,0.6094373162014013,,,0.7065405258957561,0.24389776897985949,,,,,,,,,,,,
SRX22996363,0.39120640464519063,0.0,0.8140987143970123,0.36389213926820485,0.7625191103740192,0.49692203597781653,,0.8524051786494786,,0.22228483068568797,,,,,,,,,,,,,,,0.5608244837210252,,,,,,,,,,,,,,
SRX22996373,0.4636432730818842,,0.602089196496262,0.4941829348497886,,,,0.24685387576874077,,0.0,0.0,0.7467622570895442,0.7035821005719903,0.6098588553261973,0.5987628093710899,,0.8225567580310615,,,,0.2122428492553584,0.0,0.0,,,,0.2351933818192415,,,,,,,,,,,,
SRX22996364,0.4393741984757435,,0.8096186689733523,0.20438288910874633,,0.479536474864947,,0.1041130098900664,,0.0,0.0,0.8362064719105264,0.06306780800385679,,0.0,,,,,,,,0.2351933818192415,,,,,,,,,,,,,,,,
SRX22996368,0.06893854445633014,,0.2835257562813399,0.0758415063771471,0.0,0.0,,0.0,,,,0.9063593311749661,,,,,,,,,,,,,,,,,,,,,,,,,,,
SRX22996366,0.2175935180850857,0.0,0.5140279606174033,0.5782484529710327,0.429118142489781,0.6034712589321283,,0.22511406046012206,,0.3533593350214213,0.08214305133815328,0.8099513058936777,0.0,0.3538412907179541,0.4079098239950656,0.07642429309554777,0.4874577711172542,0.0,0.5203024113400215,,0.0,0.26500690173867,,,0.0685860940364442,,,,,,,,,,,,,,
SRX22996367,0.08874390690121485,,0.21967251253929412,0.19034913462725503,0.0,0.0,,0.10106696361212417,,0.0,,,,,0.0,,,,,,,,,,,,,,,,,,,,,,,,
SRX22996369,0.07814060148046484,,0.26838148640367815,0.10679203237584188,0.0,0.0,,0.0,,0.0,,0.858672711073255,,,0.0,,,,,,,,,,,,,,,,,,,,,,,,
SRX22996361,0.7850025994748934,,0.8372586061479947,,,,,0.6395673699664247,,0.0,0.0,0.8666363621636787,0.18805433064436058,0.596405152152867,0.7264782152154264,,0.8637899420166129,,0.8530924557234796,,0.6939468425491894,,0.06532209561009505,,,0.6101694005727418,0.09140162014739274,,,,,,,,,,,,
SRX22996378,0.276052954959638,0.9961031593544556,0.7469101243988668,0.7433276247727816,0.8614707863412776,0.7621139073408714,,0.07318532577515957,0.5311349054540876,0.0,0.4362296369608147,,0.13303964861069892,0.0,0.7013466378891351,0.21084230031853216,0.4182991139256911,0.0,0.41700035299886923,,0.0,0.2351933818192415,,,0.7867145730841542,,,,,,,,,,,,,,
SRX22996374,0.6363534417544815,0.0,0.8568748275717453,0.5469099093691012,0.9746760801162997,0.6210517857572265,,0.30485351836914104,0.8535738328463823,0.04256591576655208,,0.7888536960873886,,,,,,,,,,,,,0.5061471991414219,,,,,,,,,,,,,,
SRX22996379,0.34202417064923457,,0.7572792089922626,0.8812908992306927,,,,0.7793498372920851,,,0.0,0.8699685522628612,0.999423115853216,0.0,0.5445202202495597,,0.22510745808251242,0.10679203237584188,0.6974498959718815,,0.30957341643083847,0.0,0.15006700322120575,,,0.606024956089071,0.5788387404856218,,,,,,,,,,,,
SRX22996377,0.3983857165186621,,0.8992437347723733,0.5648560119394679,0.8265039494228557,0.5555081409286675,,0.1671071041671134,0.7004621386140795,0.0,,0.8159143374863819,,,,,0.7599195715218963,,,,,,,,,,,,,,,,,,,,,,
SRX22996380,0.5735338657950477,,0.7882035727216522,0.6500224216483541,,0.5893905718878836,,0.5852675596932048,,,0.15374218032876188,0.9476297448256401,0.0,,0.19624705835891523,,0.2473792172404876,0.0,0.41577576622164125,,0.741770659930534,0.0,0.0,,,0.7513437902185965,0.6049313487546184,,,,,,,,,,,,
SRX22996383,0.43011736398675465,0.0,0.8219062161426012,0.46787196183580565,0.5812404204023176,0.5565901845973317,,0.4112856350534869,0.8114571568831985,0.0,,0.724127430418941,,,,,,,,,,,,,0.7361103940132281,,,,,,,,,,,,,,
SRX22996381,0.3468356088372077,,0.7201946199990541,0.8708644692353646,,,,0.5425511814942717,,,0.0,,0.7448367271184392,0.9852281360342515,0.9174351086623875,,0.4940429823304417,0.0,0.44407527988772283,,0.6639880675587825,0.8497511372532974,0.5508039743238642,0.45001121082417717,,0.6568739770285189,0.699802881422468,,,,,,,,,,,,
SRX22996386,0.5768277848125618,,0.7583363930908772,0.0,,,,0.0486130293582974,,0.0,0.2383753911652756,0.9194373369552862,0.6867168377426308,0.8552260173101223,0.23542512201487645,0.7215326173740844,0.5325328781927532,0.10327508457163545,,,0.92481870497303,0.7199877141320895,0.3809465857053901,0.0,,,,,,,,,,,,,,,
SRX22996382,0.35720766830504036,,0.7939612348854671,0.8497511372532974,,,,0.5015482335153106,,,0.0,0.8860446125018381,0.9990308942916307,0.24988229283318544,0.4261099013749495,,0.18614429824713183,0.1292337748458849,0.499844494745793,,0.09319093445823624,0.0,0.0,,,0.4047468218872822,0.6008337816242457,,,,,,,,,,,,
SRX22996385,0.36756314891864006,0.07761951112637416,0.6702450052051881,0.33286343223698345,0.06192738891155925,0.043114193821056496,,0.4667167207081866,0.6508325667886686,0.0,,0.6048087352655636,,,,,,,,,,,,,0.1831220683013728,,,,,,,,,,,,,,
SRX22996376,0.49581458712142373,0.0,0.8284160151043917,0.5148351798919171,0.8593888670441248,0.6826827724405453,,0.2341733670039067,,0.0,,0.6914176736406051,,,,,0.8352342505512772,,,,,,,,,,,,,,,,,,,,,,
SRX22996387,0.6252914784669253,,0.7372616130537784,,,,,0.30080356108476547,,,0.0,0.8109828621714139,0.49167101927055745,0.6581428516249467,0.3955897101863984,0.5363596511250623,0.651148102483422,0.0,,,0.0,0.0,0.0,,,,,,,,,,,,,,,,
SRX22996384,0.6505031907231191,0.0,0.7971572355444551,0.6013692663930615,0.9193801432712874,0.5745830001791654,,0.47369103142155794,0.8464139845121307,0.0,,0.5296724964503046,,,,,,,,,,,,,0.48020776787591113,,,,,,,,,,,,,,
SRX22996394,0.5593415518350235,,0.8086471357678365,,,,,0.1831220683013728,,,,0.8609743358426549,0.5412257228079581,0.21639693245126465,,0.2074928688120553,0.3920718831971023,0.0,,,,,,0.0,,,0.5773159313434216,,,,,,,,,,,,
SRX22996393,0.7093286035872117,,0.6097630879642212,,,,,0.0,,,,0.4454613396897392,0.0431040020924439,0.0,,0.25665219261081484,0.4477588175067602,,,,,,,,,,0.32984607020714635,,,,,,,,,,,,
SRX22996389,0.23533641935133706,0.7522928973036723,0.8513320763529835,0.9332444784900873,0.7932140294854787,0.423276797360747,,0.2964229407814965,,0.0,0.33858961964858136,0.8318206147461074,0.0,,0.7101234912653349,0.07823246525771237,0.5643324563946684,0.0,0.35746663375321497,,0.0,0.22228483068568797,,,0.6746603830678806,,,,,,,,,,,,,,
SRX22996395,0.4725848045598081,,,,,,,0.3299626496797608,,,,0.8812365699244995,0.46062945103657554,0.6840384356390417,,0.28235340060770087,0.44002451854903385,,,,,,,,,,0.0,,,,,,,,,,,,
SRX22996390,0.6235352110407733,,0.858765888630221,0.24988229283318544,,,,0.040819652463459435,,,0.2152570613363183,0.885676909657926,0.4730263528485248,0.8041854683189305,0.20062232431271465,0.47702313103395655,0.7135702614723517,0.11759466565886476,,,0.5066503344840896,0.2953802631540603,0.0,0.0,,,,,,,,,,,,,,,
SRX22996388,0.497997030290415,,0.8724094771250844,,,,,0.0,,,0.17810654129291525,0.8516851523947777,0.6187959374990402,0.7891653078890382,0.4153735007338398,0.4868051645753897,0.5955551025150309,0.0,,,0.7401470427139037,0.40597703847557115,0.26676498780302604,0.0,,,,,,,,,,,,,,,
SRX22996397,0.4863892109061082,,0.6410172320577081,0.5209931174900525,,0.0,,0.26676498780302604,0.8298396053372356,,0.03581063431610225,0.8522743587260135,0.22683288673162652,0.9043814577244939,0.46957366149433133,,0.4813286922225321,0.22228483068568797,0.4954284041636706,,0.5581860723110713,0.7017282267101714,0.43827462939834255,,,0.611629517579723,0.22149921650742344,,,,,,,,,,,,
SRX23331468,,,0.0,,,,,,,,0.596999516760455,0.0,,,0.0,,,,0.017072279528030435,,,,,,,,,,,,,,,,,,,,
SRX22996396,0.4331547003466599,,0.7410188229871324,0.4185709933415732,,,,0.25844992786316917,0.7067082569652106,,0.0457608239829192,0.9534299749492082,0.1518679863197836,0.9575534837147484,0.3740264822309099,,0.4059337503988225,0.0,0.5620927081530442,,0.07233996897880125,0.8960382325345574,0.37931416767039533,0.0,,0.3982250716377983,0.565054059051592,,,,,,,,,,,,
SRX22996392,0.0765152598815517,,0.24423303237737137,0.15391697287867767,0.0,0.0,,0.0922772477445739,,0.0,,0.7298466991620975,,,0.0,,,,,,,,,,,,,,,,,,,,,,,,
SRX23231247,0.6812287252636451,0.5961094853942435,0.893818686873911,0.7902033676389946,0.6202483375495255,0.5275081070914128,,0.43965470174289156,,0.4415516705081735,,0.7469025448984332,,,,,0.4061162736164202,,,0.053361433898144774,,,,,0.8530764993276806,,0.6344418805926771,,,,,,,,,,,,
SRX22996391,0.4941052896129203,,0.7303928206784197,0.0,,,,0.6402644731129727,,,0.0,0.8260477839537111,0.23062854047353276,0.8571714519694273,0.25223944821098915,0.3880099736705969,0.5085287635139989,0.0,,,0.09317131799548935,0.0,,0.0,,,,,,,,,,,,,,,
SRX23395184,,,0.08365989249549191,,,,,,,,0.09542320995597271,0.06155707966316687,,,0.8863815740311349,,,,0.755255815483905,,,,,,,,,,,,,,,,,,,,
SRX23395191,,,,,,,,,,,0.883871244051836,0.587022889273603,,,0.410523753804562,,,,0.7159193938403411,,,,,,,,,,,,,,,,,,,,
SRX23395179,,,0.07792190849807022,,,,,,0.057370187010567196,,0.5562273703752171,0.04336993583141903,,,0.8002801845005877,,,,0.7035192043930195,,,,,,,,,,,,,,,,,,,,
SRX23331462,,,0.43949698692151334,,,,,,,,0.5230242441385559,,,,0.6267200296166785,,,,0.25793965433543403,,,,,,,,,,,,,,,,,,,,
SRX23395186,0.0,,0.08480700100686092,,,,,,0.2811937964320427,,0.6072791371206595,0.03501625802579052,,,0.811347267292932,,,,0.36554430281302397,,,,,,,,,,,,,,,,,,,,
SRX23395192,,,,,,,,,,,0.5212235289307582,0.08258854974509539,,,0.4238926739262783,,,,0.7199820925235048,,,,,,,,,,,,,,,,,,,,
SRX23331472,,,,,,,,,0.17908276332734135,,0.27760302766051187,,,,0.6028415392246449,,,,0.26692429668851436,,,,,,,,,,,,,,,,,,,,
SRX23395190,,,0.0,,,,,,0.0,,0.34461547349801996,0.03565078233300356,,,0.5998831619074717,,,,0.8247576350874825,,,,,,,,,,,,,,,,,,,,
SRX23331471,,,,,,,,,0.145446523997477,,0.5361888280515338,,,,0.8949618705869855,,,,0.5457125867014576,,,,,,,,,,,,,,,,,,,,
SRX23395188,0.0,,0.02274718336693245,,,,,,0.0,,0.42825966709220026,0.014137461123080952,,,0.7630934148575199,,,,0.5995327960255219,,,,,,,,,,,,,,,,,,,,
SRX23619806,,,0.749283364308045,,,,,,,,,,,,,,,,0.752255491575306,,0.7776016990581945,,0.8202809593295189,,,,,,,,,,,,,,,,
SRX23331463,,,,,,,,,0.22089092184033451,,0.6172930688073892,,,,0.5183614432277237,,,,0.6510846815336884,,,,,,,,,,,,,,,,,,,,
SRX23395185,0.38100315226351683,,0.15719944710851796,,,,,,0.1197586160198236,,0.2541965515509331,0.14563675351979025,,,0.8450400907369885,,,,0.7898992854292313,,,,,,,,,,,,,,,,,,,,
SRX23619807,0.8085428938489331,,0.8488835499575126,,,,,,,,,0.6955930451439442,,,,,,,0.6864225337592915,,0.39643290010088233,,0.9206652197445204,,,,,,,,,,,,,,,,
SRX23724088,0.5479624890663838,,0.8503393104634765,0.07761951112637416,0.23526174304807182,0.45120897653216446,,0.687889325084263,0.8766223726571473,0.20559250818508307,0.7171858303339187,0.795562021006436,0.21426343133797765,,0.7580576463396799,0.5498749227909967,0.7219914865601345,0.5216901127697157,0.8201660560795798,0.0,0.4101415445497693,0.5615261027914181,0.23781698438018276,0.0,,0.3538412907179541,,,,,,,,,,,,,
SRX23619809,0.6454645236511275,,0.7676623467444751,,,,,,,,,0.7608589240804691,,,,,,,0.8364358178818886,,,,0.8171297339615906,,,,,,,,,,,,,,,,
SRX23724085,0.37688232330755495,,0.7513326625327398,0.3788467849580263,0.9097692192234875,0.9076727178302498,,0.5641867621813629,,0.0,,0.680886129456602,0.5782180248363659,,,0.5640643275659741,0.6552870932576956,0.2523722485776608,0.7291687388422038,0.0,0.5632740196523259,0.6587835880474868,0.48484941367243223,0.9182958340544894,,0.0,,,,,,,,,,,,,
SRX23724090,0.5632956871339875,0.0,0.7214294515633333,0.3095434291503252,0.45087879346817394,0.5863577283978473,,0.6384198359135873,0.7141664865650579,0.20430418708307074,0.4965446537895801,0.499444668636907,0.22198123993454336,,0.7732266742876345,0.720488542504862,0.542427517110308,0.6346047105495832,0.8144232034084927,0.17925606692832147,0.24566687549020408,0.20024062620443756,0.18116640155354566,0.31591383906288933,,0.0,,,,,,,,,,,,,
SRX23724081,0.4010596868119736,0.0,0.6946240262891876,0.22096220651451962,0.2982867410220439,0.15263392935930054,,0.5308825040672992,0.4930480437128381,0.21929730813217538,0.3724434966526578,0.5032877412937421,0.2411926341479226,,0.5543644072263278,0.14940675699572417,0.3463278043391352,0.16450747219106668,0.4780343461955632,0.0,0.2545006423332494,0.317820461283245,0.15626961952065596,0.0,0.10215803640865039,0.5216105981178346,0.48769700375300645,,,,,,,,,,,,
SRX23724096,0.45794662173105505,0.2199482465202431,0.5391728534086778,0.5994273740581361,0.2870860727445793,0.34941360927609805,,0.3327806693451275,0.511276038666409,0.4668568341525852,0.37126637990450423,0.3061151508814976,0.17556502585750278,,0.849082610265292,0.5154560300376627,0.6781954335320304,0.1610292217845028,0.45826981417677504,,0.13158901976079687,0.5943717746280025,0.2891877032656309,0.028754095353637186,0.33052737630794277,0.2498829809851009,0.7863891954002691,,,,,,,,,,,,
SRX23724098,0.4931774160275145,0.1777593529860349,0.7272259516102924,0.23759956167057308,0.0,0.4368802148460378,,0.4593655181348983,0.6197837632862111,0.17265703141636932,0.21595383006459132,0.5163064139514217,0.18033116218408168,,0.5107604480638227,0.36966997360857234,0.604940495119786,0.23585901922788713,0.4695924863854458,,0.1484041132442457,0.4597680642893713,0.2085458947358984,0.06472588334609988,0.2870860727445793,0.22733487695890633,0.7818127442688929,,,,,,,,,,,,
SRX23724103,0.4496127633691437,0.0,0.8099602061527519,0.24229218908241482,,0.42622865699814483,,0.6240964843536945,0.6457530035059189,0.10808883095901958,0.1425733302598987,0.6956812640496879,0.1858704220455327,,,0.3832931353915913,0.12928389297762174,0.30603464200613256,0.556089389735131,0.0,0.45638890602172955,0.08013604733127526,,0.7059568821931945,,,0.5278146128863995,,,,,,,,,,,,
SRX23724094,0.2745175687646004,0.04846941621436584,0.5999770093179407,0.31857411377311745,0.10441907800540785,0.4922843617065267,,0.5693934716030968,0.26724375575350806,0.07823246525771237,0.4256580550917404,0.23370341801658273,0.055646611020642424,,0.5337409841163053,0.1819274916877734,0.37764689941138296,0.13980861337229403,0.42037881105221037,0.0,0.0,0.45893920811442673,0.3241191150728327,0.10255329130580094,0.15649106290570153,0.31440752389444576,0.6506203927407309,,,,,,,,,,,,
SRX23724101,0.29301178346904533,0.04811136356313621,0.4339915201222718,0.17278318116412433,0.18717625687320819,0.31591383906288933,,0.45405924312189955,0.5327019088500123,0.1256580501725674,0.6307082410729092,0.2422482411044311,0.13338745047837147,,0.49139946897462866,0.14204236805342083,0.6142482228627635,0.2983492992896191,0.7012408117905023,,0.28590197334624123,0.6232407622416408,0.2529454161275685,0.4679680908408427,0.0,0.43176692087313134,,,,,,,,,,,,,
SRX23724100,0.49865400751387623,0.08424863591451157,0.6980795150954321,0.2314900205942325,0.1370994788998177,0.2826693872125532,,0.48014734187703856,0.7882316257448388,0.1623261801753929,0.7175951563331724,0.5092435342253548,0.25885031740986825,,0.68330708784799,0.591322493666761,0.6099116682390444,0.2290860604196038,0.7370163747635512,,0.27138940863820604,0.4691139855019312,0.35636202492616315,0.5884215052958313,0.12874507741338911,0.45662228633171364,0.7168312271167423,,,,,,,,,,,,
SRX23724073,0.3097672584052227,0.07445815227096048,0.7044585776265867,0.2715753795326763,0.3983296963544202,0.5218184647214793,0.6878342069611664,0.6417459369723896,0.604745408526531,0.08343296292175464,0.23652682930738506,0.8339468658142472,0.3341753697050473,0.5787946246321198,0.6582501723100568,0.2568822529554086,0.40367132970100544,0.38823017488749906,0.5167397793664179,0.7468290331494538,0.6777516893099831,0.5080195317251541,0.5718024046104241,0.09060310514470887,0.2155329208945833,0.4452682902989289,0.2193335443356836,,,,,,,,,,,0.44142988629556024,
SRX23724082,0.47973386607758006,,0.35570247960006307,0.44156114526904805,0.5368238221205068,0.726437737402118,,0.41869189775204807,0.24508742468644876,0.2660710931970283,0.3236337038212266,0.4444441314301741,0.5904577588536877,0.6629659764613994,0.6919182355000489,0.711069861194867,0.4245301771294891,0.5568159677424555,0.6426499198257378,0.17556502585750278,0.2619236180639844,0.4015628472168047,0.5413281354191625,0.32984607020714635,0.5820033281447563,0.18348934216375748,0.15006700322120575,,,,,,,,,,,,
SRX23724111,0.3082817717958031,0.1516319280565018,0.8071396506631424,0.616495444178953,0.443996062485757,0.5494736981270284,,0.3552443566037218,,0.05683240450033151,0.08426242877623302,0.6691147717214893,0.2974722489192897,0.21639693245126465,0.5302910328104032,0.4423365975789106,0.4601731329432965,0.14144054254182067,,0.07671934408867367,0.1831220683013728,0.4575739171654146,0.2122428492553584,0.3612133857223323,,0.13680520989875383,0.6327333096940568,,,,,,,,,,,,
SRX23724122,0.4097484939630068,0.19143325481419346,0.7583853190658371,0.7990485210442682,0.3218968308108826,0.0,,0.4784063694642913,0.2094526707127929,0.0,0.2711031513429079,0.31923123184351515,0.12737261306771072,,0.32167774879400934,0.24357985577522276,0.5200284363861767,0.33328883161647643,0.8238366650821809,0.0,0.3059305839599889,0.4962655700206662,0.17925606692832147,0.0,0.858672711073255,,0.5412173867293397,,,,,,,,,,,,
SRX23724105,0.4038118549880128,0.13656828392823372,0.7350980224523235,0.3766141893667869,0.7342136553273911,0.6176347668892911,,0.5509031618838708,,0.05542582227221548,0.7523798137021901,0.5662962949506604,0.5916727785823274,,0.6302593707353715,0.6190374976596061,0.37290314505923294,0.513486297618566,0.6798040395963364,,0.4435483447164714,0.61745982224804,0.3779298267743405,,,,,,,,,,,,,,,,
SRX23724124,0.5725701744885063,,0.7649580103477661,0.8661236813986258,,,,0.6388312384719859,,0.0,,0.7580712049580316,0.7075696438613485,,,0.6605806303240166,0.8282313349360886,0.0,,0.0,0.7912720678863625,,0.4716734178155154,,,,,,,,,,,,,,,,
SRX23724109,0.3158277233528331,0.08205879991582446,0.8501479511578423,0.40079227510830934,0.10327508457163545,0.19246160040113983,,0.3987824930734392,,0.10633850673708448,0.538160447435153,0.8021801116374803,0.11759466565886476,,0.5376465470342895,0.7290934941217295,0.3659665245332517,0.16093826217168336,0.8220713543241918,0.0,0.3748617304117923,0.6631610522610333,0.22955496060393954,,,,,,,,,,,,,,,,
SRX23724110,0.2966212269709798,0.06812462580532022,0.7952113110442659,0.2636108490349569,0.19590927087360493,0.2122428492553584,,0.4536480360769351,0.7226503011020906,0.1330629879149767,0.5213049413281498,0.7105305892314735,0.14962996478548782,,0.45866445767440167,0.46464244809923505,0.6809627679600184,0.2615252046521987,0.6313903215697295,0.2811937964320427,0.6646034219358157,0.645878471827637,0.4063991782030325,0.38157072895146915,0.19143325481419346,0.45206070367255163,,,,,,,,,,,,,
SRX23724106,0.3417918714215419,0.1577827189771707,0.8296257772603661,0.4479617976016912,,0.4845605800770273,,0.5459313173881105,0.5281895371634999,0.0679897325093773,0.4785411060473891,0.45833593589516963,0.09063153367114513,0.7950402793845223,0.8243961759062338,0.7685962413262307,0.44894603176523545,0.09786156152957602,0.7975436848513116,,0.51944337414189,0.6920431865911567,0.23173909177749702,0.42622865699814483,,,,,,,,,,,,,,,
SRX23724104,0.3811477076800034,0.08828054813645245,0.7475109139459631,0.40748071799901603,0.1071483307004161,0.2818257339899203,,0.36716808012499047,0.439351811773471,0.06047429775658423,0.3698289948155499,0.5234505387455566,0.11190990870168402,,0.14295535512672705,0.2661376248359063,0.5108914052923947,0.0,0.6429503338692016,,0.452311282580034,0.5074366006930907,0.13745439531302084,,,,,,,,,,,,,,,,
SRX23724123,0.5181476623343688,0.0,0.7148622258420497,0.3398550782221443,0.5818610535181284,0.6378352551484013,,0.6727069402282042,0.49672898514957003,0.0,,0.41967426155131776,0.4676612603039806,0.8200425960260093,,0.7165359589382948,0.7865023017260856,0.34576710697072194,0.8812587864754082,0.11467550533614675,0.49824625382825405,0.5698847530170064,0.7267581793723891,0.5334660138054378,,0.5022514670263062,,,,,,,,,,,,,
SRX23724121,0.7285116638593172,,0.7658844714320756,0.22367848185635822,0.6575639264012784,0.6325086687089011,,0.5855014407162946,0.719184203630493,0.2507679764806825,,0.8125641824772781,0.740607581732661,0.7876913964761899,,0.5938433000234463,0.7498739925315913,0.6295049302155717,0.7480919469742099,0.44156114526904805,0.7554583185686992,0.7083878460957069,0.5065134093171508,0.2698490563694226,0.8612571273967995,0.43817910492774453,0.8635483959550367,,,,,,,,,,,,
SRX23838225,0.8465504315584742,,0.8808571042442274,,,,,,,,,0.5707765251134992,,,0.8523055850330213,,,,0.8159041812285833,,0.5576772686425693,,0.9084381574382565,,,,0.8086698890504174,,,,,,,,,,,,
SRX23724107,0.6190940072684327,0.2307099556914764,0.7779524217251158,0.6524294683308702,,0.8104375707179466,,0.5470041145316084,0.7284285549879815,0.09146107329070806,0.5672354905425822,,0.6654478562419522,,0.7188744505616719,0.7021976954822272,0.641265077312588,0.5806188235800243,0.8607949118521957,,0.6892292347531552,0.7060510454803204,0.565929500023827,,0.9448771320008301,,,,,,,,,,,,,,
SRX24073302,0.05618729000476004,,0.6088405296356713,0.0,0.0,0.0,,0.0,,0.0,0.0,0.877573659733737,,,0.5625858124531764,,,0.15649106290570153,0.5688099072442073,,0.0,,0.02911668108015386,,,0.0,0.43949698692151334,,,,,,,,,,,,
SRX24073303,0.5858870098293155,,0.6037485323600358,0.38431154412649704,,,,0.5462947022805018,,,0.0,0.6471788396956052,,,0.7383584030223401,,,,0.7075019978331174,,,,0.0,,,,,,,,,,,,,,,,
SRX24073304,0.2818845832642248,,0.5931648710702542,,,,,,,,0.943601631299382,0.6193821946787638,,,0.3966415130248542,,,,0.308979039205164,,,,,,,,,,,,,,,,,,,,
SRX24073307,0.4163739968818996,,0.8517660375493138,0.0,,,,0.7993104496752675,0.8724951286271538,,0.45428954197594346,0.830707256365631,0.7165937594920331,0.2005733355019082,0.6101930733526069,,0.5724771289335948,,0.7386920545274718,,0.6284565109933489,,0.45349990606472307,0.6955153787997685,,0.7546212535205392,0.6711740956595729,,,,,,,,,,,,
SRX23802728,0.4505856997153745,0.17952833752399097,0.7652444140952392,0.142769181517876,0.6387864349346285,0.45090080846774266,0.740418097859929,0.7093523295895452,0.7668034721348184,0.3615884305623225,0.2811715107923007,0.6021227849681816,0.026796921926467477,,0.22212542304040064,0.20281356860423136,0.5764253015634072,0.14462855803154126,0.3766062556732221,0.30850322573292327,0.49241092131589836,0.5007457991011264,0.39663721678852976,0.11714601408049186,0.24931056579926442,0.0,0.4678972923810787,,,,,,,,,,,,
SRX24073315,0.31243675083606054,0.24075048345657662,,,,,,0.182822541076007,,,,0.4477565725197704,0.4434581453896789,,,0.6764059480392953,0.49493733461110967,,0.7076690004167968,,0.7218587260937759,0.7754506909712793,,0.6422278294523359,,0.7213546702887651,0.14854949043034824,,,,,,,,,,,,
SRX23802731,0.39523706833280514,0.10802319526362833,0.576811175192205,0.1560725189508201,0.5264659606660886,0.38548550873571646,0.6335789742344075,0.5727448816915175,0.4224552475278672,0.0,0.44049916640485715,0.29763865825290176,0.13642480533326784,,0.2761954276479391,0.25230369798139657,0.5461786662366004,0.1792883356453399,0.6679161607622461,0.2244867051277572,0.2524915475149477,0.46845959754114763,0.42125275079499264,0.28044511069923356,0.6676630112297665,0.20651067168875437,0.2870860727445793,,,,,,,,,,,,
SRX24073324,0.6512886505367252,,0.5510645146393184,0.0,,,,0.45486331539384955,,0.0,,0.8752729632173386,0.19354127553125555,,,0.9596868937742168,0.53802840667146,0.0,,,0.6847792714791703,,0.22853814395352803,0.4632095205099283,,0.4232797130500774,0.42622049293360725,,,,,,,,,,,,
SRX23724091,0.0,,0.0,0.0,0.0,0.0,0.0,0.0,0.0,0.0,0.0,,0.0,0.0,0.0,0.0,0.0,,0.0,,0.0,0.0,0.0,0.0,,0.0,0.0,,,,,,,,,,,0.0,
SRX24073312,0.24706975392775585,0.0,0.7027053770523294,0.9777945702913884,0.3447422058885897,0.4102600899948353,,0.737834964291591,0.8909683143010614,,0.5153598998180996,0.8749310592666476,0.40915220341721076,,0.5628909736996509,0.0,0.6081770812110968,0.18702753639448702,0.6364903314840437,,0.4997064885350556,0.8064568331451036,0.1392329990550989,0.5916727785823274,,0.5266032882413376,0.33019837230919735,,,,,,,,,,,,
SRX23802736,0.5827618950447928,0.2589370984890186,0.8413221597085464,0.39805857228210434,0.35487574928189897,0.2971066708876931,0.6678105433089547,0.5072849733227659,0.9251714699633238,0.17242420781097653,0.27478956535214255,0.7538449242492156,0.032177267604870594,,0.14477354477133533,0.20668389788942945,0.6201679136335988,0.10600578169379644,0.3801933066881588,0.1623261801753929,0.3085056679156777,0.4377310892548236,0.5276419364214537,0.14962996478548782,0.4721210453353786,0.27920889367929075,0.46489575415787004,,,,,,,,,,,,
SRX24073318,0.2652619074982422,,0.7706029267700488,,,,,0.32116412113159076,,,0.3533593350214213,0.5109640474436811,,,0.23632078770060125,,,,0.6677124762230605,,0.33130561305778844,,0.04699944783142707,,,0.5787946246321198,,,,,,,,,,,,,
SRX24073325,0.19163604151030286,,0.9261276368456923,0.0,,,,,0.912233799624689,,0.6064750375283057,0.9426509448329785,,,0.6551558950407159,,,,0.5828340782206873,,0.9985090989176322,,0.18574377159490613,,,0.0,0.5462947022805018,,,,,,,,,,,,
SRX23802735,0.48227980534769727,0.32167774879400934,0.8370774290797063,0.21906172985704472,0.6013651867003986,0.48925497779212107,0.7213335303933125,0.7145191116491795,0.8721174049945188,0.212798844816864,0.28075720685894673,0.9488712573245821,0.1737715225198057,,0.3208321140354833,0.1663881045686926,0.46226246548990074,0.2860254050263567,0.6009291598945768,0.1933267233883847,0.20890996316058963,0.4671541907663731,0.41184342353840525,0.3986579014506201,0.6987735288635849,0.3826318300448682,0.5480700117916639,,,,,,,,,,,,
SRX23724125,0.3361557582173229,0.09420059129074829,0.7513738173329956,0.14733234671873566,0.3731865461354834,0.39165184770800726,,0.5236445524407147,0.6071335370504479,0.10251469742883779,0.4346140215484437,0.5909593159966973,0.09685428862247279,0.3912435636292556,,0.4000385694978123,0.46213127658535347,0.10414249700734951,,0.04039258461689624,0.42040874699165637,0.6166908787783811,0.43332282679583284,0.06405347705857843,,0.6572914050721822,0.6214063725165714,,,,,,,,,,,,
SRX24275202,0.0,,0.0,,,,,,,,,0.0,,,,,,,0.0,,0.0,,,,,,,,,,,,,,,,,,
SRX24732577,0.44101223603466044,0.1105808447698871,0.7890091544967052,0.7406261415241595,,,,0.4449891102746056,,0.0,0.15109697051711368,0.783111861244865,0.2534706820053132,,,0.16866093149667025,0.7571514757368123,,,0.0,,,,,,,,,,,,,,,,,,,
SRX24073314,0.0793327673997226,,0.7534485984085042,0.0,,,,0.8414762554641345,,,0.1256580501725674,0.7470161582667209,0.0,0.0,0.2813332878173024,,0.3237837983572334,0.0,0.6568967068463472,,0.181442968504551,,0.11327430349709669,0.0,,0.39555755842178997,0.4065862107481924,,,,,,,,,,,,
SRX24732576,0.7400610803126483,0.0,0.7274423584502603,0.41661417073684315,,,,0.33490493240893054,,0.0,0.1460942501201363,0.7812685905057094,0.02323275928370002,,,0.4021791902022729,0.8055514606526746,,,0.0,,0.0,,,,,,,,,,,,,,,,,
SRX24073319,0.19930832223677727,,0.7658851499157363,,,,,0.6490936986980806,,,,0.8673076608944138,,,0.22876558028358873,,,,0.3331783975399249,,,,0.0,,,0.0,0.0715037894499587,,,,,,,,,,,,
SRX24841617,0.28507436504765216,,0.7534458175574783,0.0,0.20559250818508307,0.15509223302913736,,0.12759547829840853,,,0.5084610282139358,0.8319775371740259,0.21864482089764004,0.17556502585750278,0.5607083250362708,0.14450614339047504,0.6020911381240182,,0.2811567145969604,,,0.4537163391869449,,,,,,,,,,,,,,,,,
SRX25038163,0.5310380709617712,,0.925144514695578,,,,,0.809647390717544,,,,0.6258218972924874,0.07583868342444258,0.0,0.5656220461965048,,0.5586293734521992,,0.37630234016244984,,0.46077966425606526,,,,,,,,,,,,,,,,,,
SRX24841619,0.5945862137662168,,0.5807692422957157,,0.11858759959671408,0.0,,0.32476980537805156,,,0.025485002897852008,0.8043500827599456,0.026463035590685306,0.31853357389974574,0.38431154412649704,,0.6694820965821058,,,,,,,,,,,,,,,,,,,,,,
SRX24841616,0.20492415744808237,,0.638367952268769,0.306424729870515,0.2870860727445793,0.17217870198852966,,0.3568911318784042,,,0.44688723107431233,0.7038838333602553,0.6768118860626002,0.18170824524201745,0.45453476235909157,0.4152418383717573,0.730074747523863,,0.5957803270814774,,,0.691289869405789,,,,,,,,,,,,,,,,,
SRX25038161,,,0.805783092342892,,,,,,,,,0.876716288999464,0.0,,0.44300439223187904,,,,0.5894361749687065,,,,,,,,,,,,,,,,,,,,
SRX24841614,0.3038024984572108,,0.7464164585695269,,0.0,0.33829576571239695,,0.3866499345615363,,,0.024924853821448475,0.7330784315597425,0.2693546402859508,0.1962887621370678,0.4732240215674014,0.15614130953282532,0.7627574117454518,,0.26298506241372754,,,0.582226013022694,,,,,,,,,,,,,,,,,
SRX24841615,0.28169298577599705,,0.6758958879020707,0.2623188228599079,,,,0.08759648693642579,0.09311028507560667,,0.12555410181570018,0.7060188591552006,0.36428019010396345,0.6718132940303074,0.6086813457322184,0.635363411376351,0.7890155252796598,,0.7319685705511966,,,0.43295958251149297,,,,0.47838285418315724,,,,,,,,,,,,,
SRX25038162,0.24107619480728978,0.940285958670631,0.7466101920069659,0.5657958431125077,0.6747204750310136,0.5628192865314815,,0.5657215481245268,,0.0,0.5817536159512542,0.755924529031103,0.0,,0.2460225782203316,0.2538784402981616,0.723485770858871,,,,0.0,0.14372616993938178,,,0.9103480624345155,,,,,,,,,,,,,,
SRX24313469,0.6525208456507193,,0.7074552179256226,,,,,0.0,0.22101075816536636,,,0.4592132938429956,,,,,,,0.6939230099127247,,0.6744586613136029,,0.7159581606833971,,,,,,,,,,,,,,,,
SRX25038164,0.5177305079330179,0.7883723942858366,0.8112501722167815,0.3180415777208388,0.0,0.24988229283318544,,0.5247226410892645,,0.0,0.5855536558326656,0.8546644678129458,,,0.0,,0.3495149813861174,,,,,0.3159971329784247,,,0.570968523160485,,,,,,,,,,,,,,
SRX24841618,0.44517017466508313,,0.5996926818299085,,0.09941856934721513,0.0,,0.700016125134498,0.6879670009576112,0.2863969571159562,0.6528128204766432,0.8259329528623612,0.3045866885214023,0.2463843260771316,0.7275426840985529,,0.46372396160615587,,0.549366586182079,,,0.10622541443901427,0.0,,,,,,,,,,,,,,,,
SRX25038166,0.27338393170906083,0.0,0.6675071873493295,0.4435447681584535,,0.0,,0.5677274204467397,,0.0,0.15662141053910195,0.6686106909910721,0.2414103076493585,,0.6152538910563409,,0.6483509431732294,,,,,0.18717625687320819,,,0.1855664776649848,,,,,,,,,,,,,,
SRX25038165,0.5208845791822918,,0.7839703034077992,,,,,0.6235702082127974,,,,0.5012236458960934,0.1706331976841845,,,,0.5536708950188459,,0.37897855127729213,,0.08574268253550253,,,,,,,,,,,,,,,,,,
SRX25038168,0.5943983565667665,0.26958182759426313,0.8082402620956105,0.538501531619979,0.31924711846708487,0.5455615388237315,,0.7250755309551651,,0.13303964861069892,0.1834422660597786,0.8852035229823431,0.0,,0.4798320236161284,,,0.19207575071672775,,,0.17556502585750278,0.20559250818508307,,,0.6886905924177222,,,,,,,,,,,,,,
SRX26487568,0.6752557344055418,,0.5628122646865633,,,,,0.24634786667542713,,,0.2460225782203316,0.7630686460600131,,,,,0.6399356572957415,,,,,,,,,,,,,,,,,,,,,,
SRX25038172,0.5175007085672211,0.08180100127782765,0.8380861795849414,0.5515137188357953,0.42089726920939446,0.7424875695421236,,0.4318369511666,,0.07294627403429545,0.13770921293612215,0.8363693790051795,0.5064439239084183,,0.4716734178155154,0.3159971329784247,0.6378861244311215,,,,,0.0,,,0.5225440344086791,,0.0,,,,,,,,,,,,
SRX25038167,0.4290650041746989,,0.5395717694272182,,,,,0.5352773336285244,0.43500793472533283,,,0.37443330883839343,0.15038197184637686,,0.47314248315878416,,0.3372672811438482,,0.7202986025986736,,0.2748302682248737,,,,0.3095434291503252,,,,,,,,,,,,,,
SRX25038171,0.8483474462189519,,0.377703459635173,,,,,0.5934681640557335,,,,0.5106900290018153,0.2475417654544944,0.5676828057613508,0.4971828579445274,,,,0.5814418741387378,,,,,,,,,,,,,,,,,,,,
SRX25038170,0.6223293715954356,0.10337750636317916,0.7788821140666984,0.5415134831696632,0.5218987008388021,0.6891994142176979,,0.630766464842391,,0.09694460606247313,0.4869674320911261,0.8371689916715582,0.04522463667671496,0.9798687566511527,0.0,,0.6564775152304987,0.26500690173867,,,0.0,0.08650421412134598,,,0.5584644463513572,,,,,,,,,,,,,,
SRX26487573,0.6252727979172095,,0.5640112904446086,,,,,,,,,0.5569757609568956,,,,,,,,,,,,,,,,,,,,,,,,,,,
SRX25038169,0.8361231452000801,,0.780524439721195,,,,,0.6476808345520687,,,0.826074224242703,0.7320668144694268,0.6089292519103714,0.8792040725133475,0.7995754602452526,,0.9550899134753453,,0.9082513557490983,,0.6316805205741478,,,,,,,,,,,,,,,,,,
SRX26487581,0.6087303600265349,,0.5585914809352807,,,,,,,,,0.6319626047027669,,,0.0,,,,,,,,,,,,,,,,,,,,,,,,
SRX26487584,0.6928769258184283,,0.5722798621257408,,,,,,,,,0.7155529949793077,,,,,,,,,,,,,,,,,,,,,,,,,,,
SRX26487569,0.42705047928935325,,0.86868208950052,0.48670458472956424,0.0,0.20062232431271465,,0.0,0.9252253278054431,,,,,,,,,,0.6593758812786993,,,,,,,,,,,,,,,,,,,,
SRX26487580,0.6747337566405297,0.0,0.6713487538215196,0.4480241336944528,,,,,0.8044209172646895,0.0,,,,,0.0,,,,0.0,,,,,,,,,,,,,,,,,,,,
SRX26487562,0.6827744298404524,,0.7477294158093245,0.4376520667600751,,0.0,,0.12874507741338911,0.6037025257003482,,,,,,,,,,0.7560641742814834,,,,,,,,,,,,,,,,,,,,
SRX26487582,0.40836354357929566,0.4537163391869449,0.6807758874191605,0.489836186837035,,,,,0.5568154047360994,0.0,,0.9247594771939368,,,0.42200051688315315,,,,0.681504155671258,,,,,,,,,,,,,,,,,,,,
SRX26487585,0.23003503085017674,,0.6607256860543037,,,,,0.0,,,0.1119664718460505,0.8814795740593051,,,,0.14372616993938178,0.8467729073988097,0.20062232431271465,,,,,,,,,,,,,,,,,,,,,
SRX26487567,0.4692750210739925,0.19590927087360493,0.780674418431251,0.2823776848647173,0.5836750808395414,0.4088257537764997,,0.3630201639090356,0.561698954953805,0.4651818203872074,0.4449331682684307,0.8797599620084884,0.6757959660519647,0.17601874051460212,0.3236871955942201,0.5590724946566756,0.5531183640633157,0.0,0.5333987874904436,,0.3377411656587792,0.4194475395684139,,0.0,,0.0,0.4716734178155154,,,,,,,,,,,,
SRX26487574,0.9201294248198115,,0.8040644167556289,0.6559098318436668,0.26676498780302604,0.5131568569324174,,,0.8500135611951577,,,0.8663875840717823,,,,,,,,,,,,,0.8212809417449864,,,,,,,,,,,,,,
SRX26487587,0.6955253447848347,,0.6237947166965153,,,,,,,,,0.6665468280375941,,,,,,,,,,,,,,,,,,,,,,,,,,,
SRX26517110,0.7148859311129889,,0.6500224216483541,,,,,,,,,0.6351164767504012,,,,,,,,,,,,,,,,,,,,,,,,,,,
SRX26487595,0.7135639810302735,,0.8143744772969375,,,,,0.5578578164321782,0.6955287186317453,,,0.9243753730574504,,,,,0.8716742258608269,,,,,,,,,,0.4638320660812321,,,,,,,,,,,,
SRX26487593,0.9124022673260421,,0.8094861281600974,,,,,0.3826818063383488,0.936303973512296,0.0,,0.8808961029535514,,,0.8867829494075313,,0.652216808932784,,,,,,,,,,0.6329269398119202,,,,,,,,,,,,
SRX25319036,,,0.511621935634805,,,,,,0.49040560518888765,,0.5298290292903203,0.41034927049123243,,,0.8417310605824225,,,,0.5462149087295581,,,,,,,,,,,,,,,,,,,,
SRX26487572,0.7477471464120002,,0.6503212604895114,0.4768537105614703,0.0,,,0.1753355032053231,0.7910375016176562,,,,,,,,,,,,,,,,,,,,,,,,,,,,,,
SRX26487586,0.6432150899570703,,0.8951381921341716,0.3888458847343547,0.0,0.20430418708307074,,0.1370994788998177,0.7289617638493102,,,,,,,,,,0.4051871396086176,,,,,,0.39998803047744275,,,,,,,,,,,,,,
SRX26487592,0.4429344341285495,0.2351933818192415,0.6487680626026157,0.18907462012631276,0.6698153599752676,0.5600871493821968,,0.15551878523217758,,0.05622035839027107,0.19590927087360493,0.6280435083772701,0.2619710656440117,0.3700454315440031,0.34292834806770023,,0.42229695755704844,,0.42372996098974175,0.9888743840857281,0.2122428492553584,0.3327741785184668,0.0,,,0.7642045065086203,0.10441907800540785,,,,,,,,,,,,
SRX27113449,0.2570117341144666,,0.654210322836613,,,,,0.5003938726296797,,,0.42080327776306536,0.8931247901710665,0.0,,0.4804371561853623,0.1582874616641115,0.4890752974213801,0.38547278828603315,0.29872736158281893,,0.0,0.9108783787500366,0.3995956106611101,0.1411339100105706,,0.7355085815538399,0.7491626714731379,,,,,,,,,,,,
SRX27113452,0.48357294700152564,,0.864683124716289,,,0.21084230031853216,,0.49560828335525203,,,0.1520762076178839,0.8410170537858312,,0.4195261826092959,0.659373030108565,0.28622101342878775,0.5270281532631208,0.3136668428500764,0.5381460205752476,0.22228483068568797,0.0,,0.3161425589684181,0.12311463565031057,,,0.63176044106794,,,,,,,,,,,,
SRX26487598,0.4854448547448969,0.0,0.5295652444910525,0.4725396437919109,0.4670002355980344,0.3337126103565233,,0.3156361065703587,,0.14210716983299415,0.29422658650350664,0.8866082972492982,0.5223323070921504,0.13027568877854093,0.552492811680022,0.20966536979107028,0.5590743551164374,0.0,0.4460566757403844,0.03236804986412326,0.0,0.7062740891876007,0.0,,,,0.7213546702887651,,,,,,,,,,,,
SRX27113450,0.5346982585050579,,0.8041737802767391,,,,,0.4942620908021751,,0.0,0.421134888189265,0.8036007767068315,0.16824461050055645,,0.3645604856018675,0.33831778347597996,0.45710633407551104,0.1558924500554828,0.2827643487979584,,0.1571952258581087,0.5766834926065983,0.5569667626856004,0.21757787635529707,,0.3850952496482499,0.5257869997591916,,,,,,,,,,,,
SRX27113451,0.5830837654475775,,0.8700127251349505,,,,,0.266909179806822,,,0.25261664625654257,0.8417321247739151,0.0,0.0,0.5035517569464996,0.0,0.5581400383503516,0.21338229988476204,0.23142098689717547,,0.0,0.1460942501201363,0.04642258975187646,0.0429008690735602,,,0.38753989045002574,,,,,,,,,,,,
SRX27113458,0.7774671734155582,,0.8866198334219376,,,,,0.4785451497407639,,,0.09327626174439214,0.8253756408041182,,,0.35834912251501344,,0.6821497349679615,,0.30603464200613256,,,,0.2761954276479391,0.0,,,,,,,,,,,,,,,
SRX27113457,0.6327855805558208,,0.8094168498415714,,,,,0.23661735665406491,,,0.1226049876510815,0.8143623760832343,0.0,,0.5860425596567198,0.20559250818508307,0.581239680526587,0.0,0.23914134060289938,,0.0,0.7858895831387681,0.35831270252113184,0.0,,,0.26294007032812483,,,,,,,,,,,,
SRX27113456,0.5866158742602522,,0.8256961058549245,,,,,0.5865463616689419,,,0.4756258000045628,0.8250319349500621,0.2761954276479391,,0.5841628704353101,0.4466634552417896,0.6760735299841246,0.3511325263560228,0.21982076314564747,,,0.5296313328006694,0.2976287741547906,0.04367566967447157,,0.0,0.43253983517151584,,,,,,,,,,,,
SRX26487594,0.7513818432962039,,0.5801786862430184,0.5277674760801023,0.5317419291200273,0.48585186074670983,,0.3497318122629582,,0.22028326695127431,,0.878072985125854,0.5364118066095988,0.3237837983572334,0.3016209437018273,,0.6074114142603869,0.31374592183069844,0.5985645237875504,,0.4307415078469103,0.5647939603554719,0.6719856471758194,,,0.6032340215479072,0.17026968544067303,,,,,,,,,,,,
SRX27113453,0.7008490590346932,,0.8614797423473999,,,,,0.41893594304484916,,,0.6923671402446782,0.8396800571019943,,,0.6334034224380337,,0.4916509692877868,,0.14105396601630177,,,,0.40770429078506826,,,,,,,,,,,,,,,,
SRX26735837,,,0.656540281386946,,,,,,,,,,,,0.7872737415693883,,,,0.4753099091676236,,,,,,,,,,,,,,,,,,,,
SRX27113454,0.7010033655080022,,0.7592650498440273,,,,,0.23837501294400318,,0.0,0.4895707696843916,0.8789951319212692,0.0,0.5418418337683604,0.42389754647304806,0.5841413521619363,0.6708114272038387,0.14854949043034824,0.16450209716262312,,0.0,0.0,0.2122428492553584,0.0,,,0.17925606692832147,,,,,,,,,,,,
SRX27113463,0.5751212330818919,,0.7156482600507367,,,,,0.318405695111124,,,0.2042948045692737,0.9170251660990136,0.0,,0.05943184720325876,0.062302547120773724,0.2788621887948593,0.20818094555717104,0.16940436891790292,,,0.7290985685440595,0.8871654758677151,0.08754148669229417,,,0.4814281923172114,,,,,,,,,,,,
SRX27208869,0.0,,0.0,,,,,,,,,0.0,,,,,,,,,,,,,,,,,,,,,,,,,,,
SRX27113464,0.4127932870596017,,0.7711021396688192,,,,,0.4153540320391976,,,0.28633967259103504,0.782060963103885,,,0.34546709894866473,,,0.0,0.1473407949040917,,,,0.25393289146684606,0.0,,,0.21639693245126465,,,,,,,,,,,,
SRX27113465,0.49088118286816307,,0.6587301164171983,,,,,0.30004590274521453,,,0.22936703775582637,0.699706758684595,,,0.5165113584045185,0.0,0.5701373593125131,0.15547825383053868,0.6354979198536761,,0.0,0.534093668729253,0.319833190161381,0.14954665314937443,,0.6098403047164005,0.4059321914918527,,,,,,,,,,,,
SRX27113459,0.48086171737140615,0.17006642047275536,0.7566287044972576,0.5753186736129683,0.7761088946176797,0.5246455665662212,,0.4561890030445085,,0.24988229283318544,0.3533593350214213,,0.11883984964776428,,,0.0,0.6838677361596844,0.15585672182604773,,,,0.4886196975586228,0.6038654126356107,0.26398109812295106,,,0.46932992477756674,,,,,,,,,,,,
SRX27113461,0.45530125135854693,,0.788216483467644,,,,,0.478072886664165,,,0.4764862330232001,0.7978092323766743,0.18854707285499606,,,0.10910709489474575,0.5025576425430728,0.12138200684051356,,,0.7039260680195971,0.42802721870636873,0.5942098268860551,0.32678497263585876,,,0.34157873436874026,,,,,,,,,,,,
SRX27291551,0.5143491653759529,,0.6187631462394195,,,,,0.4979147377390004,0.7362529167407333,,0.12734857148115106,0.49372242620054657,0.0,,0.26946880804565454,0.19277926578651683,0.1610488718398944,0.3455121025457722,0.7471240742797937,,0.0,0.15649106290570153,0.3175329841768855,0.015716839415703475,,,0.396053060393083,,,,,,,,,,,,
SRX26771412,,,,,,,,,0.8864628045966026,,,,,,,,,,,,,,,,,,,,,,,,,,,,,,
SRX27113460,0.7577151507696571,,0.8620553005675486,,,,,0.2640787384251706,,,0.5041300565774758,0.8196751704988197,0.15614130953282532,0.7452094893472314,0.714862153042499,0.8330281710895308,0.6164897104577814,0.11327430349709669,0.30639154147158865,,,0.0,0.4098546006531677,0.28339789375633423,,0.16542703399626682,0.5610708421811086,,,,,,,,,,,,
SRX27113462,0.41132548042053796,,0.5374343338680256,,0.7334957813317801,0.22228483068568797,,0.4760535001664696,,,0.2713169290163283,0.8550527370752845,0.0,,0.2314724830285174,0.11480372457082495,0.4749130241018023,0.2943052762116067,0.18677426977332975,,,0.6834776216783047,0.5908820290376623,0.18501567240956943,,,0.40327582054500166,,,,,,,,,,,,
SRX27291559,0.7297586414936575,,0.7903667411278014,,,,,0.5110636233561958,,,0.20527615967379734,0.69638800267749,0.13303964861069892,,,0.1505867185149378,0.398742475455606,0.38189623095230185,,,,0.0,,0.12634644180334823,,,0.5602414128586,,,,,,,,,,,,
SRX27291560,0.6658138336151573,,0.8610052543718799,,,,,0.42865411707658346,0.9146294650881023,0.0,0.14766294321185136,0.8030167344654698,0.10679203237584188,,0.0,0.0846272707872734,0.636607476612452,0.2713895875081111,0.0,,0.0,0.1582874616641115,0.0,0.08462007104123527,,,0.6020809891310988,,,,,,,,,,,,
SRX27208868,0.583445167113244,0.5688654254741449,0.8234278274520433,0.7759663339176391,,0.0,,,0.8875961653898647,,,,,,,,,,0.5816718657178868,,,,,,0.9777226280212021,,,,,,,,,,,,,,
SRX27208877,0.7588188220286087,0.6680646180073022,0.8327577733449414,0.34029612209983995,0.7102317696351805,0.7152417300700245,,0.7885836419072932,0.6916682056534101,0.37880830072941074,0.6698609162048068,0.9158107875422492,,,0.5794922606168552,,,,0.5860908770979484,,,,,,0.5079392376773357,,,,,,,,,,,,,,
SRX27291567,0.6710222073839763,,0.4975081553326212,,,,,0.6689970198861414,0.5032583347756457,,0.26496353609662915,0.5817395529234025,,,,0.09514992503907366,0.4570607792290464,,,,,,,0.0,,,0.2580186686648155,,,,,,,,,,,,
SRX27291558,0.7668025863315234,,0.8137850379349731,0.754416218142716,,,0.6823472767169271,0.5490110158147631,0.8852898673884693,,0.38271679856693097,0.8646696853433394,0.46899559358928117,,,0.6597653067242699,0.8023249365600674,0.5482030056958482,,,,0.2847583456756838,,0.29475847743966416,0.5827717761476329,,0.36482961998278857,,,,,,,,,,,,
SRX27291565,0.6825792890567647,,0.7763736933778883,,,,,0.37708080024453183,0.7689485265505075,,0.11486089440170588,0.7723508821494726,,,0.19652123717745176,0.07466126932408536,0.6610434563522982,,,,,,,0.4138503882657591,,,0.7980927809989763,,,,,,,,,,,,
SRX27291568,0.6638174573522542,,0.7675380881193504,,,,,0.6250996906048945,0.7453793356295536,,,0.7218758720317594,0.0,,,0.5155300134327666,0.6611885226246407,0.44837151866451297,,,,0.19698859317839504,0.24229218908241482,0.3358640913190306,,,0.39853066590749625,,,,,,,,,,,,
SRX27291569,0.8344821303799331,,0.8179421301734302,,,,,0.6090854223559888,0.8282833212067793,,0.17290430438335416,0.7709009841337217,,,,0.24229218908241482,0.6277280804477743,,,,,0.45868581620054033,,0.4559450128748276,,,0.6658873573795172,,,,,,,,,,,,
SRX27291572,0.5826465001001783,,0.6318010141615258,,,,,0.3282707388887883,,,0.7054648729337876,0.6270848560791127,0.0,,0.0,0.2030299307353884,0.4960983021110862,0.2351933818192415,,,,,,0.11190990870168402,,,,,,,,,,,,,,,
SRX27291562,0.8139559483665344,,0.8546011523860142,,,,,0.7255252083852032,0.6635242984614855,,0.0696196234099133,0.6797487693042535,,,,0.5089195846504243,0.6458124560225407,,,,,,,0.6988355270602225,,,0.6680157825112503,,,,,,,,,,,,
SRX27291564,0.7799064868512985,,0.8447008754220307,,,,,0.6962535340122649,0.8916673165337974,,0.11637834606538343,0.8968971124095498,0.6945090209113348,,,0.6405615769709594,0.8724184313026343,,,,,,,0.6027041981596187,,,0.6043632725577389,,,,,,,,,,,,
SRX27291578,0.49255043793568865,,0.868261405436778,,,,,0.7269528743445092,,,0.5917521121073063,0.6994834189512729,0.10750902152173882,,,0.11452768996318964,0.5307910195398671,0.0,,,,,,0.17542964265799327,,,0.0,,,,,,,,,,,,
SRX27291580,0.5220130387739952,,0.6955613704815731,,,,,0.5833923618748624,,,0.6706333788599258,0.5741628963133426,0.691289869405789,,0.2024272260010219,0.3641394336494101,0.6399624512091455,,,,,,,,,,,,,,,,,,,,,,
SRX27291584,0.6444021864560789,,0.7790891897131277,,,,,0.18827672003468193,,,0.36399601537851817,0.8745512932839278,0.5876446142980418,,0.0,0.36147868236389125,0.6797065422595072,,,,,,0.0,0.0,,,,,,,,,,,,,,,
SRX27291570,0.8323955011442843,,0.9203585773745662,,,,,0.7173160122721222,0.8840473398897055,,0.5341560419416284,0.8970316411436582,0.627528204293981,,0.7334811179063402,0.24835065083211508,0.6489742752900167,0.8909891550448812,0.43671752498179134,,,0.3497062857984251,0.3707328288951068,0.32390946953376815,,,0.734846508130932,,,,,,,,,,,,
SRX27291574,0.5222673913618666,0.0,0.47767802714754626,,,0.9283620723948678,,0.43429762678906214,,,0.16038775083749052,0.7511329017868614,0.28422880474423046,0.14489961753310665,0.09895909535574308,0.2913569822790251,0.7501754446951165,0.4756122079756547,0.14144054254182067,,,,,0.0374954616578566,,,,,,,,,,,,,,,
SRX27291589,0.8169883186315811,,0.7744436083916448,,,,,0.7512123550774455,0.8482229584442108,,0.24178602442043648,,0.7694784062120942,,,0.5188433317562421,0.7612509209380279,,,,,,,0.6145907237449143,,,0.46386191792724485,,,,,,,,,,,,
SRX27291592,0.41281068288662265,,0.37170238424469787,,,,,0.3935912328043806,0.535925489802332,,0.20010103612972352,0.5380091157605279,,,0.2779787788859539,0.5809326380440767,0.530977707585642,,,,,,,0.37947540222475284,,,0.29316880597669187,,,,,,,,,,,,
SRX27291582,0.6004469937557896,,0.6759000689947255,0.3963502004156961,,,,0.272210834795641,,0.0,0.5573695599995034,0.7788347517361262,0.1296907230638694,,,0.12889623379923243,0.6094485815431967,0.1634650408698241,,,,,,0.03787894667149061,,,0.6777919002666499,,,,,,,,,,,,
SRX27291590,0.5086199038315364,,0.5361836453418722,,,,,0.7248604115283731,0.6095561710067202,,0.7090143475251345,0.4576891820071258,,,,0.2560061601105604,0.3151042402516558,,,,,,,0.12403722861602426,,,0.25686595547010094,,,,,,,,,,,,
SRX25318272,,,0.6152538910563409,,,,,,,,0.0,0.7979196219596978,,,0.1046055627206613,,,,0.6111929365957219,,,,,,,,,,,,,,,,,,,,
SRX27291594,0.7786664087394023,,0.8590389424159106,,,,,0.48049453553186466,0.8007346552328295,,0.16942173095626278,0.7892091381652246,,,,0.4293721893759852,0.8506712007052865,,,,,0.6097630879642212,,0.5490690549246648,,,0.7086213697122162,,,,,,,,,,,,
SRX27291599,0.7122533939411937,,0.7369596791342296,,,,,0.5846393622713582,,,0.39687410014914515,0.7334336612140356,,,0.3271810510745909,0.0,0.6141381179737291,,0.5052636515984086,,,,,,,,0.34206885672972426,,,,,,,,,,,,
SRX27291588,0.6148709805140126,,0.6994727795630818,,,,,0.49547628958870576,,,0.5471439768964286,0.8336126905994348,0.3697799667980171,,0.29233677926699253,0.2060866277641591,0.6055453716051181,0.0,0.4035151400004137,,,,0.17556502585750278,0.0,,,0.2068676956657504,,,,,,,,,,,,
SRX27291571,0.7351691695575265,,0.766618529421059,,,0.778102212803956,,0.45231732745772385,0.6670390517490982,,0.18588555729877584,0.7391538703035531,0.36984027829692684,,0.19894158180334598,0.5151870330475822,0.6697636290630965,0.4781534990819728,,,,0.248041649440867,,0.12942054850643334,,,0.43844005261144303,,,,,,,,,,,,
SRX27291600,0.7836584933703866,,0.8900879345380427,,,,,0.4160212585670848,0.8453195912469923,,0.35181102005960724,0.9304662415058005,,,0.49838721705341676,0.2128603471283138,0.6628680355646088,,0.39476800012097574,,,0.4535714941783829,,0.3237837983572334,,,0.495666004264782,,,,,,,,,,,,
SRX27291598,0.35637376975376284,,0.5456789204913861,,,,,0.5801954953637369,0.3394860002142788,,0.3246523304334332,0.5983474220910422,,,0.42558845473205553,,0.35001059292688497,,0.531340014180167,,,,,0.0,,,0.6252624052234231,,,,,,,,,,,,
SRX27291605,0.573682792892843,,0.7157630970402078,,,,,0.3989666022304854,,,0.3478298733104773,0.6875712020867092,0.0876744830483882,,0.43570715926282566,0.5401113808397475,0.6346177009084246,0.0,0.1330629879149767,,,0.0,0.1623261801753929,0.030426401876334434,,,0.0,,,,,,,,,,,,
SRX27291609,0.6702561909812725,,0.890958520145797,,,,,0.7773651673356559,0.8220754307965734,,0.22851741862321362,0.8608914512543975,,,0.5241333881162729,0.10271325407997653,0.6319056693244534,0.7858564550086992,0.2982867410220439,,,,0.7772837894301543,0.37333009344226703,,,0.5708200197960682,,,,,,,,,,,,
SRX27291603,0.7542193411303406,,0.5550981650711271,0.8433426540429227,,0.38198168202313637,,0.6276308792518419,0.7338400021193119,,0.2062893369339312,,0.6193821946787638,,,0.1350362028021276,0.25929466615573504,0.26157026245295245,,,,,0.1582874616641115,0.3005608695581543,,,0.3812127906617176,,,,,,,,,,,,
SRX27291616,0.6377651637987498,,0.7130886774061783,,,,,0.3967990270622692,0.3423435460265628,0.0,0.4143917956901714,0.6726316441212739,,,0.5777581491229026,,,,0.42331274201188657,,,,0.20085570934635513,0.0,,,0.5917965887233435,,,,,,,,,,,,
SRX27291620,0.7735960748862016,,0.7535657677728326,,,,,0.6603595950260945,0.7368294179947164,,0.4832677439663319,0.7378141026157987,,,,0.7757843947464188,0.7824006347859378,,,,,,,0.3400799593055862,,,0.5789008894648069,,,,,,,,,,,,
SRX27291614,0.6386710226162019,,0.6307852470774987,,,,,0.36885254113775373,0.7476044768894743,,0.5415242034684358,0.6839649191943272,,,0.5255054108008532,0.21084230031853216,0.4975581821194537,0.6051854972393869,0.2774386214119113,,,0.40693341859099225,0.47486461450579054,0.24636958241919046,,,0.3783475495947722,,,,,,,,,,,,
SRX27291611,0.6460257938487086,,0.6037347575581506,,,,,0.7180382734669997,0.6043515040411317,,0.4478771099405662,0.8255655763988435,,,,0.13017670224611844,0.5803147064734715,,,,,,,0.2225567970259511,,,0.22964964351065148,,,,,,,,,,,,
SRX27291595,0.4249751439057947,,0.5117884624769187,0.5301513522532316,0.839385292821944,,0.7877250979946768,0.7646300920630721,0.7845241752124332,,0.4314656106084755,,0.3095434291503252,,0.31248187717835973,0.1323803307097878,0.6441809582464928,0.6312438572901651,,,,0.2744470931090967,0.536400020012293,0.40761339454733303,0.2580186686648155,,0.4137703425102061,,,,,,,,,,,,
SRX27291607,0.6596475001849268,,0.6771078128073262,,,,,0.5796573544951261,,,0.5238981042171511,0.402880412606377,0.22815805339879497,,0.44270154744824425,0.20881113117522546,0.6892864312084478,0.15405767236812595,0.44326885582432407,,,0.1392329990550989,0.21037758055811862,0.05121533467154175,,,0.06941390864312871,,,,,,,,,,,,
SRX27465233,,,,,,,,,0.766379538656286,,,,,,,,,,,,,,,,,,,,,,,,,,,,,,
SRX27358285,0.0,,0.0,,,,,,,,,0.0,,,,,,,0.0,,,,,,,,,,,,,,,,,,,,
SRX27291587,0.7919311270293965,0.29910671585125675,0.7484208529687848,0.37547353970403785,0.633671037964057,0.5157519236957303,0.5540879287995857,0.7103776538900335,0.6996622957205945,0.3093710437429296,0.32870462356555497,0.7677994033656979,0.3427872911286117,,,0.5853105625270567,0.7254423926313198,0.5195682510057402,,0.7890803045621788,0.0,0.25699053289821217,0.6268748313173084,0.6977516768759111,0.4328311858990346,0.6297972803655286,0.5639971834193271,,,,,,,,,,,,
SRX27465283,,,,,,,,,0.4877360689184257,,,,,,,,,,,,,,,,,,,,,,,,,,,,,,
SRX28768400,,,,,,,,,0.4135726318153655,,,,,,,,,,,,,,,,,,,,,,,,,,,,,,
SRX27465288,0.5420867747787474,0.6547614974144043,0.858672711073255,,,,,0.4537163391869449,,,,0.43949698692151334,,,,,,,,,,,,,,,,,,,,,,,,0.4074497297424219,,,
SRX28768666,,,,,,,,,0.0,,,,,,,,,,,,,,,,,,,,,,,,,,,,,,
SRX27291613,0.44436267020817555,,0.6829968718423963,0.49203811225316785,,0.7061589038547333,,0.7733684924024554,0.44171533339614194,0.0,0.4644913623115073,0.7397701306881668,0.47787555288244216,,0.2896329177610293,0.3526755465882184,0.43374930624863983,0.44492476631179656,,,,0.22109229365749355,0.3591016256485496,0.36107390493141706,0.3094977967946406,0.8330281710895308,0.5646761489528327,,,,,,,,,,,,
SRX28769081,0.3917954579224338,,0.4806593482286773,,,,,0.10559544053429708,0.7812402160003469,,0.18394691317125655,0.7652843118284773,,,,,0.8970055431533306,,,,,,,,,,,,,,,,,,,,,,
SRX27291623,0.44754295118601795,,0.5802512163337896,,,,,0.5039552836537498,0.5225667422077679,0.0,0.27422481385305064,0.46350644997386486,0.0,,0.5423621108127976,0.0,0.2652412541883579,0.2870860727445793,0.35697139077873524,,,,0.09054385326964297,0.33285134925050447,,0.6193821946787638,0.5029535153118561,,,,,,,,,,,,
SRX27291621,0.37697232914119105,,0.416010352201618,,,,,0.2824254044346484,0.3589421224348328,,0.23932355125709312,0.6376864126133305,,,0.18023628771252834,,0.3463772920736512,,0.18717625687320819,,,,,0.17625939591522627,,,0.2854509558772489,,,,,,,,,,,,
SRX27995731,0.45946768399136595,,0.9084430133888616,0.34964284928913403,0.1831220683013728,,,0.5373545006327483,,,,0.8274360000053307,,,0.0774174994680112,,,,0.6578651815533628,,,,,,,,,,,,,,,,,,,,
SRX27291624,0.8206867773547445,,0.7535357652471607,,,,,0.5636405618141092,0.7730686197608577,0.2351933818192415,0.2305915052248989,0.685487944486581,0.5378886382814193,,0.399299724134238,0.21520040886559025,0.6320011750424431,0.4730731433500198,,,,0.23542512201487645,0.5460442586301942,0.3313930679725149,,,0.4053386810664242,,,,,,,,,,,,
SRX29072176,0.34401687778666057,,0.43526088858169426,0.588047491649137,0.2602402545673406,0.10806524413664412,0.2953802631540603,0.7061464393065002,0.9369545515616297,0.0,,0.8273428193562536,,,,,,,,,,,,,,,,,,,,,,,,,,,
SRX29072177,0.6910309066889323,,0.6614756087416086,0.24020215023561475,0.36219679596086735,0.3384868566723827,,0.5258209112949118,0.8994147477404183,,,0.8634999818528547,,,,,,,0.7386176277347177,,,,,,,,,,,,,,,,,,,,
SRX29072179,0.5922904783050419,,0.46356557857188807,0.45601211684554294,0.6426785983955198,0.7625786317349822,,0.5229221790066917,,,,,,,,,,,0.43376898246352674,,,,,,,,,,,,,,,,,,,,
SRX29072175,0.4410583073635186,,0.5041156097396322,0.2102009297342909,0.14828648758684143,0.4933644501650937,,0.32552034730650464,0.8258272380039979,0.0,,0.6378489675338652,,,,,,,0.7298466991620975,,,,,,,,,,,,,,,,,,,,
SRX29130822,,,,,,,,,0.0,,,,,,,,,,,,,,,,,,,,,,,,,,,,,,
SRX27291563,0.5672655933854951,,0.5823344608007481,,0.8434669144817953,0.7308532760485962,0.8258211329441634,0.7407365712763733,0.5270549646071566,,0.857406749327608,0.6748689122822967,0.6583449905862198,,,0.5083145790104205,0.7102290407117481,,,,,,0.9124321133669705,0.4660287820582462,0.5915038205653664,,0.7382254751173162,,,,,,,,,,,0.6891161111186714,
SRX6726367,,,,,,,,,0.7781978089395379,,,,,,,,,,,,,,,,,,,,,,,,,,,,,,
SRX6726368,,,,,,,,,0.8596923747031574,,,,,,,,,,,,,,,,,,,,,,,,,,,,,,
SRX29130825,,,,,,,,,0.05827761241207366,,,,,,,,,,,,,,,,,,,,,,,,,,,,,,
SRX29130823,,,,,,,,,0.2925326288709571,,,,,,,,,,,,,,,,,,,,,,,,,,,,,,
SRX6726379,,,,,,,,,0.906817152633526,,,,,,,,,,,,,,,,,,,,,,,,,,,,,,
SRX29072180,,,,,,,,,0.7085469763420906,,,,,,,,,,,,,,,,,,,,,,,,,,,,,,
SRX27291612,0.5628408225998702,,0.8435584567770281,0.574353852893843,,0.7120560593284488,,0.7167901097661054,0.858042325798413,0.20062232431271465,0.41036567486783,0.7920090049340197,0.2591865954536197,0.7477392256234021,0.32925081715194676,0.514750806331152,0.6809806653849383,0.3320075883692613,0.47571345846819074,,,0.41197352214703126,0.5122048186064121,0.2915218839677735,0.5654114668784198,0.8475297165243778,0.4103235783502637,,,,,,,,,,,,
SRX27313889,,,0.9965322634876734,,,,,,0.876716288999464,,,0.8233045447828533,,,,,,,0.9827165771579264,,0.9386410736173335,0.8980587934501658,0.8224042259549891,,,0.46899559358928117,,,,,,,,,,,,,
SRX29072178,0.5735512205258674,,0.3134352926323524,0.30177282959364793,0.6199236372044596,0.6065763773099156,0.9455455033182417,0.27467488485746766,,0.2761954276479391,,0.5836093146077433,,,,,,,,0.15649106290570153,,,,,,,,,,,,,,,,,,,
SRX6726383,,,,,,,,,0.9145206590062787,,,,,,,,,,,,,,,,,,,,,,,,,,,,,,
SRX6726385,,,,,,,,,0.7149491296318438,,,,,,,,,,,,,,,,,,,,,,,,,,,,,,
SRX6726380,,,,,,,,,0.7610661363780804,,,,,,,,,,,,,,,,,,,,,,,,,,,,,,
SRX6726386,,,,,,,,,0.664065106886313,,,,,,,,,,,,,,,,,,,,,,,,,,,,,,
SRX29130834,,,,,,,,,0.039595696939514924,,,,,,,,,,,,,,,,,,,,,,,,,,,,,,
SRX6726395,,,,,,,,,0.8480071604125425,,,,,,,,,,,,,,,,,,,,,,,,,,,,,,
SRX6726390,,,,,,,,,0.9472125674996433,,,,,,,,,,,,,,,,,,,,,,,,,,,,,,
SRX6726389,,,,,,,,,0.8469290419129047,,,,,,,,,,,,,,,,,,,,,,,,,,,,,,
SRX6726375,,,,,,,,,0.866596995612766,,,,,,,,,,,,,,,,,,,,,,,,,,,,,,
SRX6726387,,,,,,,,,0.7802155282606001,,,,,,,,,,,,,,,,,,,,,,,,,,,,,,
SRX7692419,,,,,,,,,0.050283623400766704,,,,,,,,,,,,,,,,,,,,,,,,,,,,,,
SRX6726397,,,,,,,,,0.7781290621141213,,,,,,,,,,,,,,,,,,,,,,,,,,,,,,
SRX8349956,,,0.8904497784454862,,,,,,,,0.0,0.6681510669915672,0.18426059333965514,,0.8597840194385804,0.1851247601005459,,,0.24445894109972588,,,,,,,,,,,,,,,,,,,,
SRX6726398,,,,,,,,,0.7447558117231696,,,,,,,,,,,,,,,,,,,,,,,,,,,,,,
SRX8008855,0.5043314591938239,,0.8878876893855864,,0.9206198357143052,0.8153296499325386,,0.6367076248654326,0.8148647051002408,,,0.6278689935287468,,,,,,,,,,,,,,,,,,,,,,,,,,,
SRX8349966,0.30337483608641397,,0.3864197886930161,,,,,,,0.0,0.0,,0.0,,0.502353198884332,,,,0.4501513826758916,,,,0.0,,,,,,,,,,,,,,,,
SRX8349961,0.7338238593706607,,0.8328130441694175,,,,,,,,0.04411928310443161,0.9565900178886079,0.827438261603831,0.5714117900181237,0.7858277156623009,,0.8829786604745874,,0.11102117713884108,,,,,,,,,,,,,,,,,,,,
SRX6726394,,,,,,,,,0.7162429204110992,,,,,,,,,,,,,,,,,,,,,,,,,,,,,,
SRX8349958,0.5914161142945584,,0.5387661046662738,,0.0,,,0.3095434291503252,,,0.0,0.6879881245990912,0.6304550610835242,,0.42206206246088473,,,,0.5823410505612188,,,,,,,,,,,,,,,,,,,,
SRX6726378,,,,,,,,,0.761751808624294,,,,,,,,,,,,,,,,,,,,,,,,,,,,,,
SRX8349959,,,0.8005071529034175,,,,,,,,0.09801116178482465,,0.0,,0.4866428174669984,,,,0.2329023488698029,,,,,,,,,,,,,,,,,,,,
SRX6812459,,,,,,,,,0.8134712497388861,,,,,,,,,,,,,,,,,,,,,,,,,,,,,,
SRX6726382,,,,,,,,,0.744263435191626,,,,,,,,,,,,,,,,,,,,,,,,,,,,,,
SRX6812462,,,,,,,,,0.6833623097048991,,,,,,,,,,,,,,,,,,,,,,,,,,,,,,
SRX8370855,,,0.8212384910051823,,,,,,,,,0.5208800740904868,,,0.42250398816692,,,,0.40394589377052403,,0.507396565552837,0.4447683945678477,,,,,,,,,,,,,,,,,
SRX8370856,,,0.16404623917193467,,,,,,,,,0.0,,,0.4552154669848975,,,,0.6715786424397969,,0.5537742877682397,0.5107878229540133,,,,,,,,,,,,,,,,,
SRX8353568,0.7941084119871489,,0.693135715215751,,0.7025898711152383,0.6245657544832713,0.6526725496116969,0.6773169548441331,,,,0.5990507238236283,0.7320666900931938,0.2863969571159562,0.6789431241360905,0.6932787835737907,0.8049666441919264,,0.6789497755320351,,0.5856313500727214,0.7751453926953418,,,,,,,,,,,,,,,,,
SRX8353571,0.876079992675341,,0.7927442805657107,,0.7397798646050006,0.6289140806836442,0.90981234492484,0.7255247730369052,,,,0.6994682095073501,,0.9972883922350803,0.8071836566462012,0.828926104543457,,,0.8308923568049602,,0.7494411411900236,,,,,0.7530901326806787,,,,,,,,,,,,0.912346280298317,
SRX8370860,,,0.799090330340863,,,,,,,,,0.27648564102651424,,,0.5604385220493077,,,,0.8325906993226693,,0.8724448451049663,0.8443902046953102,,,,,,,,,,,,,,,,,
SRX8372494,0.5785996449829969,,0.3524431172018706,0.6844414600365147,,,,,,,,0.6487335171093797,,,,,0.4150338071643344,,,,,0.760772571119348,,,,,,,,,,,,,,,,,
SRX8370857,,,0.766099497696356,,,,,,,,,0.7008477838428967,,,0.8621387164857522,,,,0.949342772499561,,0.8913535981156133,0.8103455125484408,,,,,,,,,,,,,,,,,
SRX8417844,,,,,,,,,0.7884374698416247,,,,,,,,,,,,,,,,,,,,,,,,,,,,,,
SRX8370861,,,0.6402577377531192,,,,,,,,,0.4623000309492066,,,0.643576551037787,,,,0.7680501489898817,,0.8981427092222286,0.755572947053145,,,,,,,,,,,,,,,,,
SRX8961824,0.5364703803511819,,0.8628523564342927,0.9992492479956566,0.0,,,0.45824996264979984,,,,0.620168110944577,,,0.835873558418509,,,,0.7184173966404459,,0.6114969751389565,,,,0.8112781244591328,,,,,,,,,,,,,,
SRX8953167,0.5422680843387072,,0.7354069482685751,0.5397568384737366,0.7473944462440388,0.2761954276479391,,0.5301770736685766,,0.0,0.2870860727445793,0.7934659957203926,0.0,,,,0.18884361598759916,,0.659517637169433,,0.0922772477445739,0.0,0.0,0.0,,,,,,,,,,,,,,,
SRX8370852,,,0.0,,,,,,,,,0.0,,,,,,,0.0,,0.0,0.0,,,,,,,,,,,,,,,,,
SRX8372495,0.08295434884147342,,0.6370490623414524,0.10162283777049409,0.0,0.504593043456173,,0.13238838316272517,,0.0,,0.805901463444795,,0.0,,,,,,,0.12199013031339714,,0.18717625687320819,0.0,,0.9831491282282877,0.4625277086747844,,,,,,,,,,,,
SRX8370854,,,0.0,,,,,,,,,0.0,,,0.0,,,,0.0,,0.0,0.0,,,,0.0,,,,,,,,,,,,,
SRX9078407,,,0.5419600731477822,,,,,0.3136668428500764,,,0.8335704440023031,,,,0.7755049692763334,,,,0.4805897377151576,,,,,,,,,,,,,,,,,,,,
SRX8953166,0.5765805054125748,,0.6637672146691553,0.5199517273970145,0.7678286241755508,0.6847446703952672,,0.5626249566345514,,0.0,0.0,0.7668973491261981,0.3322866302216151,,0.6024308020404453,,0.407596036182501,,,,0.1894770972000436,0.7559699029892675,0.6603769229926888,,,0.22853814395352803,0.49947628448681597,,,,,,,,,,,,
SRX9127142,,,0.7795140616660791,,,,,,,,,0.7885043487857779,0.7001775202587628,0.390028203145525,0.6307287502326534,0.6080594664090473,0.7657665725172388,,0.6200646336380098,,0.6093815878589528,0.6321373021323358,,,,,0.0,,,,,,,,,,,,
SRX8370858,,,0.5629016045932372,,,,,,,,,0.23781698438018276,,,0.7176564245771371,,,,0.783677297206124,,0.5553440538851656,0.5230095267390629,,,,,,,,,,,,,,,,,
SRX9246191,,,,,,,,,,,0.21367760599517902,0.13891570832850045,,,0.6032045955335342,,,,0.46698488908197805,,,,,,,,,,,,,,,,,,,,
SRX9127143,,,0.7350029464904004,,,,,,0.46899559358928117,,,0.8210722669823683,0.18717625687320819,,0.9995491108252484,0.5373228252021075,,,0.7488048847343933,,0.5952456412628061,0.5131568569324174,,,,,,,,,,,,,,,,,
SRX9246197,,,,,,,,,,,0.5195307618977809,0.486032805473784,,,0.2531349924954227,,,,0.5311714207853653,,,,,,,,,,,,,,,,,,,,
SRX9246192,,,,,,,,,,,0.5294162059373602,0.2744682578840496,,,0.5747938228848319,,,,0.47750235940902863,,,,,,,,,,,,,,,,,,,,
SRX8372491,0.44697678508302124,0.0,0.7293060132143443,0.462454098632913,0.48710414867442914,0.39144530415607504,,0.5653659163642972,0.5876430601662823,0.13680520989875383,0.38871558519012356,0.4976917760741911,0.5562734710016376,0.355622041710301,0.47366766432714486,0.9862958176866949,0.6657088322425113,,0.49231972055162354,,0.17925606692832147,,,,0.4184184538878319,,0.2863969571159562,,,,,,,,,,,,
SRX9246194,,,,,,,,,,,0.256829826045369,,,,0.409810406306384,,,,0.28997439038888023,,,,,,,,,,,,,,,,,,,,
SRX9246195,,,,,,,,,,,0.2930750257282881,,,,0.42127307338675024,,,,0.2925667213228502,,,,,,,,,,,,,,,,,,,,
SRX9127144,,,0.7367061895489987,,,,,,,,,0.7024665512903904,0.5387379148665815,,0.4752601593199377,0.6442275516281905,,,0.4059322038827396,,,0.7974760097878811,,,,,,,,,,,,,,,,,
SRX9246205,,,,,,,,,,,0.06306780800385679,0.0,,,0.21066254413999083,,,,0.6545798665759851,,,,,,,,,,,,,,,,,,,,
SRX8372496,0.490761073215354,0.2729708579140699,0.7717167990223497,0.20366201430764116,0.21819599419163574,0.4273989705079277,,0.305064503879508,0.8103576831128588,0.3555872820510312,0.6556690013285417,0.7604856924585388,,,0.6373874992221911,,0.7624918279007966,,0.48243338787176926,0.06471905855893653,0.9182958340544894,0.9255427279264685,0.8460710143414403,0.0,0.6807091300006018,0.3218968308108826,0.7585384014928477,,,,,,,,,,,,
SRX9246190,,,0.5225593745369408,,,,,,,,0.5625512425104126,0.3191122672252719,,,0.3474995661993891,,,,0.61861577082101,,,,,,,,,,,,,,,,,,,,
SRX9246200,,,,,,,,,,,0.5188929074040853,0.8631205685666311,,,0.1672894504114175,,,,0.40907763424158017,,,,,,,,,,,,,,,,,,,,
SRX9246204,,,0.9927744539878083,,,,,,,,0.34683879298527004,0.2863969571159562,,,0.3081586899628803,,,,0.5638061177083054,,,,,,,,,,,,,,,,,,,,
SRX9246199,,,,,,,,,,,0.1918539969607487,0.9886994082884974,,,0.24239444093049356,,,,0.42528826105901263,,,,,,,,,,,,,,,,,,,,
SRX9276290,,,0.7651631367388738,,,,,0.04745848578878793,,,0.2953802631540603,0.7526228980912154,,,0.0,,0.4928007629046365,0.04853894317184565,,,,0.6768855841493758,0.7170576921564178,,,,0.49663254514853844,,,,,,,,,,,,
SRX9246207,,,,,,,,,,,0.37717155780845746,0.6844856132451035,,,0.21339995973455717,,,,0.16940201612749253,,,,,,,,,,,,,,,,,,,,
SRX9276289,0.5716822087918082,,0.6371860398354534,,,,,0.08612162048398905,,,0.04820510758524191,0.6584702778981053,0.5170064232223359,0.3841324096410453,0.5981675279547016,,0.6948450569112565,,0.5743741505751238,,0.5591375803854881,0.8173454462833886,0.0,,,,,,,,,,,,,,,,
SRX9246203,,,0.22853814395352803,,,,,,0.9182958340544894,,0.19044406080157958,0.7771529943226336,,,0.2405328782995644,,,,0.563924006375557,,,,,,,,,,,,,,,,,,,,
SRX9246201,,,,,,,,,,,0.5277891496704616,0.9986359641585719,,,0.136177364994601,,,,0.5744264454853548,,,,,,,,,,,,,,,,,,,,
SRX9276291,0.11223547620028741,,0.7630124652681791,0.0,0.6086536536706839,0.5398794679789571,,0.7594877612297498,,,0.20559250818508307,0.7961823709195688,0.0,,0.3227569588973983,,0.8759661622068267,,,,0.09863340492879592,,,,,,,,,,,,,,,,,,
SRX9276292,,,0.8678440069928134,,,,,0.24075048345657662,,,,0.8741998283556294,,,,,,,,,0.5688452741511277,,0.0,0.1969924654917583,,0.6918955678859368,0.27681528281076756,,,,,,,,,,,,
SRX9276295,0.22223921002014288,,0.8820892191498622,,0.5855051452428512,0.621843154579972,,0.5461158052783955,,0.0,,0.6136464401580161,,,,,0.4455097314526195,,,,0.0,,0.34511731494495296,,,,,,,,,,,,,,,,
SRX9246206,,,,,,,,,,,0.29283884890683176,0.722179053581505,,,0.31132418343879253,,,,0.26935701144037055,,,,,,,,,,,,,,,,,,,,
SRX9276302,0.1975344208848854,,0.5427473600396795,,,,,0.3533593350214213,,,0.12506879805664906,0.45167428366432905,0.0,0.11885450753107825,0.483150750390515,,0.26262411132493935,,0.4435889365027853,,,0.2863969571159562,,,,,,,,,,,,,,,,,
SRX9276294,0.4100845763200949,,0.7415065414830072,,0.6468558458066643,0.5364764704732714,,0.5787879743462351,,0.0,0.1773894531859974,0.70788778529861,0.0,0.0,0.9688977092243805,,0.609662166826389,,0.5263107316152036,,0.0,0.20790552671773144,0.08810656654590496,,,,0.1831220683013728,,,,,,,,,,,,
SRX9276303,0.7962699368824384,,0.614311552236763,,,,,0.36893176852221005,,,0.1773894531859974,0.4517834853569913,0.0,,0.0,,0.11619260354765787,0.499915958164528,0.2351933818192415,,0.24988229283318544,0.03448391549870226,0.015847420122233218,,,,,,,,,,,,,,,,
SRX9276306,0.7350311924704703,,0.8388029726573043,0.0,,,,0.582507628847727,,,,0.7556421460833367,0.3912435636292556,0.3562048039313226,0.43356992855513815,0.5564215672884281,0.723578203859422,0.06532209561009505,0.1997056255304642,,0.07962586841347705,0.11320236968833668,0.06749830416819673,0.07991302373405382,0.2953802631540603,0.13282511239512237,0.329184762637275,,,,,,,,,,,,
SRX9246208,,,,,,,,,,,0.44606369672751084,0.9967916319816367,,,0.2207691632651132,,,,0.18061848458729463,,,,,,,,,,,,,,,,,,,,
SRX9276309,0.360908995508946,,0.8635152792774271,0.5813214987637029,0.7553740682326716,0.7633274434558384,,0.8097638324112804,,,,0.8287709448976679,,,,,0.8766513108629819,,,,0.3227569588973983,0.26676498780302604,,,,,,,,,,,,,,,,,
SRX9276304,0.08525826630553258,,0.6660135625565176,0.0,0.5095218399588022,0.555957113721235,,0.5404943185723223,,0.0,,0.8765322321803067,,,,,,,,,,,,,,,,,,,,,,,,,,,
SRX9276308,,,0.5921782638659885,,,,,0.555220329238516,,,,0.8137633986770249,0.0,,,,0.5098396760291571,0.03950117460432034,,,0.0,0.5991056967520118,0.34245424608487635,,,0.16681501527017753,0.15509223302913736,,,,,,,,,,,,
SRX9276316,0.876234714308206,,0.9301189310086088,,,,,,,,0.0865698962781219,0.7893469328503011,0.6709145620526294,0.7220535259181856,0.5886635230347808,0.6357349699685427,0.8121643501390595,,0.40194551562769243,,0.7603209721424641,0.9023608624813978,,,,,,,,,,,,,,,,,
SRX9276322,0.44156114526904805,,0.8343853407084741,,0.9494520153879485,,,0.42481740147912495,,,,0.8929177109747379,,,0.0,,0.4261732737955919,,0.5732968023711296,,0.04246981360304418,0.7180597101231962,0.09895909535574308,0.11435275846319817,,0.5939733847338698,0.4072008283083516,,,,,,,,,,,,
SRX9276293,0.5851641991068803,,0.7248946638264527,,,,,0.047367326850181225,,,0.448666979406511,0.7001331038744156,0.3351934738917123,0.14708089698362847,0.3794612597015805,,0.6482416645041865,,0.32230630191564685,,,,0.0,,,,0.0,,,,,,,,,,,,
SRX9276320,0.7043584879754102,,0.826060594544524,,,,,0.10020465259366393,,,0.06433069483957744,0.6859999422949217,0.2121193865288777,0.5618767800804315,0.5964119884633063,,0.5179679846004539,,0.7888225982759377,,0.37790560548509544,0.6488966738103932,,0.3042845195459498,,0.48920195662251503,0.2177237291220371,,,,,,,,,,,,
SRX9246202,,,0.4570902973181133,,,,,,,,0.22549170295780974,0.6878889207542114,,,0.3169031670380807,,,,0.6533569533713305,,,,,,,,,,,,,,,,,,,,
SRX9276324,,,0.6241859447104802,,0.0,,,0.04187247741754088,,,,0.6864256563905257,,,,,0.2393514861625054,0.06722154475830686,,,,0.6650344226391988,0.10384539156507366,,,,,,,,,,,,,,,,
SRX9276319,0.13822670287696429,,0.792376263693713,0.2351933818192415,0.28177962402620593,0.1963102279768347,,0.40953487674207223,,0.05752586381048191,,0.7262224572774143,,,,,0.7578390214424512,,,,,,0.20062232431271465,,,,,,,,,,,,,,,,
SRX9276318,,,0.5321433590802468,,,,,,,,,0.46675990626074565,,,,,0.4319065896642668,0.07764499382497136,,,,0.294673125639702,0.09417713361690165,,,,0.0,,,,,,,,,,,,
SRX9276325,0.1831877615795878,,0.810618535740388,0.0,0.7323745253691347,0.4699266312879482,,0.8272551508202498,0.8070027314271102,,,0.726676270252909,,,,,0.8282922766805367,,,,,,,,,,,,,,,,,,,,,,
SRX9276332,0.17056230669024522,,0.7374224983113699,,0.6103644510530045,,,0.6404031297777005,,0.0,0.0,0.8899570436507661,,,0.22249568927569618,,0.7916869848983287,,0.47672073134247533,,0.7491299195321682,,0.0,0.17314235165626904,,0.6512888470192232,0.7000893215353385,,,,,,,,,,,,
SRX9276323,0.8314743880097293,,0.7932008105524213,,,,,0.16247600553113017,,,0.01279804733109704,0.723364914730245,0.05363316840061029,0.04846941621436584,0.6012813420460871,0.3136668428500764,0.39538347396800944,,0.2790521706410516,,,,,,,,,,,,,,,,,,,,
SRX9276315,0.6319957214099478,,0.48345203640043877,,,,,0.5131568569324174,,,0.07508213798448911,0.5484439696733734,0.6550239908788728,0.0,0.14824666763449512,,0.8429551749301787,,0.09571919590260512,,0.2863969571159562,,,,,0.0,0.22228483068568797,,,,,,,,,,,,
SRX9276333,0.7586783656660014,,0.75219650739196,,,,,0.21929730813217538,,,0.10769793311311943,0.7678948726329771,0.18717625687320819,0.11475063857596463,0.5471353930983408,,0.5857213481454208,,0.47018079819299063,,,,,,,,,,,,,,,,,,,,
SRX9276335,0.08447490582526615,,0.5780935572597676,0.0,0.6817406190719982,0.11121796407527162,,0.44952838450805543,,0.0,,0.8069064921362794,,,0.0,,0.49988041632617036,,,,,,,,,,,,,,,,,,,,,,
SRX9276326,0.2644526966686645,,0.7798781158755984,0.46899559358928117,0.801999843893108,0.6081452457724135,,0.7696985613489591,0.8109952554295898,,0.2538784402981616,0.9265829224029669,,,0.0,,0.6653761277023393,,0.21639693245126465,,0.0,0.26676498780302604,0.0,,,,,,,,,,,,,,,,
SRX9768485,0.0,,0.0,,,,,,,,,,,,,,,,,,,,,,,,,,,,,,,,,,,,
SRX9768488,0.7483338193721676,,0.5893317454865017,0.7787380422828616,,,,,,,,,,,,,,,0.9104769235040715,,,,,,,,,,,,,,,,,,,,
SRX9276336,0.12812943589104264,,0.5907916761551575,,0.5579081548151077,0.3227569588973983,,0.22832770195417318,,0.0,0.12456938987191254,0.8481650217520271,,0.5465830980043144,0.7584135648362904,,0.6526370466050082,,0.2152570613363183,,0.0,,0.0,,,,,,,,,,,,,,,,
SRX9276334,0.3285712672251914,,0.7839092196362117,,,,,0.3715119520630966,,,,0.8782022852177239,,,0.36205125173399794,,0.47673491322867273,0.0,0.540657705638583,,,0.9565253848477536,0.7345550396036328,,,,,,,,,,,,,,,,
SRX9430527,0.0,,0.0,,,,,0.0,,,0.0,0.0,,,,,,,,,,,,,,,,,,,,,,,,,,,
SRX9296013,0.29367630985136955,,0.3025157467889951,,,,,0.0,,,,0.17033057560105985,,,0.1623261801753929,,,,0.9683766796417042,,0.8950724903456717,,,,,,,,,,,,,,,,,,
SRX9927818,0.49493265643653933,,0.6194778911381996,0.4631879141248084,0.45181909409853044,0.2911889393947028,,0.1904469296398839,,0.13402979616803595,,0.8537459672612068,,,,,,,0.7440297253704145,,0.0,,,,,,,,,,,,,,,,,,
SRX9296012,0.5542874012588473,,0.6899943887644298,,,,,0.21603926838380566,,,,0.6762768235727312,,,0.4892215558675547,,,,0.5730802045580112,,0.7038490938480051,,,,,,,,,,,,,,,,,,
SRX9495616,0.8818874107960969,,0.7705991500286093,,,,,0.3414518657897442,,,,0.6530853258545933,,,0.6398243839286436,,,,0.8270121042698367,,0.8850605589202956,,,,,,,,,,,,,,,,,,
SRX9296018,0.5518441588814719,,0.7208276359954745,,,,,0.15420033902331584,0.0,,,0.6307279026964511,,,,,,,0.7356301276546806,,0.7814867939428976,,,,,,,,,,,,,,,,,,
