srx_accession,entrez_id,file_path,obs_count,lib_prep,tech_10x,cell_prep,organism,tissue,tissue_ontology_term_id,disease,disease_ontology_term_id,perturbation,cell_line,antibody_derived_tag,czi_collection_id,czi_collection_name,is_lung,study_accession
SRX19162061,26358130,gs://arc-institute-virtual-cell-atlas/scbasecount/2026-01-12/h5ad/GeneFull/Homo_sapiens/SRX19162061.h5ad,685,10x_Genomics,5_prime_gex,single_cell,Homo sapiens,"lungs, lung-associated lymph nodes","UBERON:0000170,UBERON:0039167",unsure,,unsure,unsure,no,,,True,PRJNA927026
SRX19162060,26358129,gs://arc-institute-virtual-cell-atlas/scbasecount/2026-01-12/h5ad/GeneFull/Homo_sapiens/SRX19162060.h5ad,1005,10x_Genomics,5_prime_gex,single_cell,Homo sapiens,"lung, lung lymph node, mesenteric lymph node","UBERON:0002048,UBERON:0007644,UBERON:0002509",unsure,,none,B cells,no,,,True,PRJNA927026
SRX19162058,26358127,gs://arc-institute-virtual-cell-atlas/scbasecount/2026-01-12/h5ad/GeneFull/Homo_sapiens/SRX19162058.h5ad,3425,10x_Genomics,5_prime_gex,single_cell,Homo sapiens,"lung, lung-associated lymph nodes, mesenteric lymph nodes","UBERON:0002048,UBERON:0035764,UBERON:0002509",unsure,,unsure,unsure,maybe,,,True,PRJNA927026
SRX19162062,26358131,gs://arc-institute-virtual-cell-atlas/scbasecount/2026-01-12/h5ad/GeneFull/Homo_sapiens/SRX19162062.h5ad,3522,10x_Genomics,5_prime_gex,single_cell,Homo sapiens,lung and lung-associated lymph nodes,"UBERON:0002048,UBERON:0035764",none,,none,none,no,,,True,PRJNA927026
SRX19162064,26358133,gs://arc-institute-virtual-cell-atlas/scbasecount/2026-01-12/h5ad/GeneFull/Homo_sapiens/SRX19162064.h5ad,5478,10x_Genomics,5_prime_gex,single_cell,Homo sapiens,lung and lung-associated lymph nodes,"UBERON:0002048,UBERON:0035764",unsure,,unsure,unsure,maybe,,,True,PRJNA927026
ERX11662371,34277419,gs://arc-institute-virtual-cell-atlas/scbasecount/2026-01-12/h5ad/GeneFull/Homo_sapiens/ERX11662371.h5ad,2840,10x_Genomics,3_prime_gex,single_cell,Homo sapiens,lung,UBERON:0002048,lung adenocarcinoma,MONDO:0005061,unsure,unsure,no,,,True,PRJEB68315
SRX19162063,26358132,gs://arc-institute-virtual-cell-atlas/scbasecount/2026-01-12/h5ad/GeneFull/Homo_sapiens/SRX19162063.h5ad,5054,10x_Genomics,5_prime_gex,single_cell,Homo sapiens,lung and lung-associated lymph nodes,"UBERON:0002048,UBERON:0039167",unsure,,unsure,unsure,no,,,True,PRJNA927026
SRX19233503,26437775,gs://arc-institute-virtual-cell-atlas/scbasecount/2026-01-12/h5ad/GeneFull/Homo_sapiens/SRX19233503.h5ad,4404,10x_Genomics,3_prime_gex,single_cell,Homo sapiens,distal thrombus from pulmonary artery,UBERON:0010210,chronic thromboembolic pulmonary hypertension,MONDO:0013024,unsure,not_applicable,no,,,True,PRJNA929967
ERX11662373,34280022,gs://arc-institute-virtual-cell-atlas/scbasecount/2026-01-12/h5ad/GeneFull/Homo_sapiens/ERX11662373.h5ad,3124,10x_Genomics,3_prime_gex,single_cell,Homo sapiens,lung,UBERON:0002048,lung adenocarcinoma,MONDO:0005061,unsure,not_applicable,no,,,True,PRJEB68315
SRX19233502,26437774,gs://arc-institute-virtual-cell-atlas/scbasecount/2026-01-12/h5ad/GeneFull/Homo_sapiens/SRX19233502.h5ad,691,10x_Genomics,3_prime_gex,single_cell,Homo sapiens,distal thrombus from pulmonary artery,UBERON:8600060,chronic thromboembolic pulmonary hypertension,MONDO:0013024,none,none,no,,,True,PRJNA929967
ERX11662385,34275557,gs://arc-institute-virtual-cell-atlas/scbasecount/2026-01-12/h5ad/GeneFull/Homo_sapiens/ERX11662385.h5ad,6929,10x_Genomics,3_prime_gex,single_cell,Homo sapiens,lung,UBERON:0002048,non-small cell lung cancer (NSCLC),MONDO:0005233,not specified,not applicable,no,,,True,PRJEB68315
ERX11662357,34280800,gs://arc-institute-virtual-cell-atlas/scbasecount/2026-01-12/h5ad/GeneFull/Homo_sapiens/ERX11662357.h5ad,16332,10x_Genomics,3_prime_gex,single_cell,Homo sapiens,lung,UBERON:0002048,lung squamous cell carcinoma,MONDO:0005097,tissues kept in cold complete RPMI medium until dissection,patient 20,no,,,True,PRJEB68315
ERX11662360,34277174,gs://arc-institute-virtual-cell-atlas/scbasecount/2026-01-12/h5ad/GeneFull/Homo_sapiens/ERX11662360.h5ad,24878,10x_Genomics,3_prime_gex,single_cell,Homo sapiens,lung,UBERON:0002048,lung squamous cell carcinoma,MONDO:0005097,unsure,not applicable,no,,,True,PRJEB68315
ERX11662364,34274134,gs://arc-institute-virtual-cell-atlas/scbasecount/2026-01-12/h5ad/GeneFull/Homo_sapiens/ERX11662364.h5ad,31892,10x_Genomics,3_prime_gex,single_cell,Homo sapiens,lung,UBERON:0002048,lung squamous cell carcinoma,MONDO:0005097,unsure,not_applicable,no,,,True,PRJEB68315
ERX11662370,34281490,gs://arc-institute-virtual-cell-atlas/scbasecount/2026-01-12/h5ad/GeneFull/Homo_sapiens/ERX11662370.h5ad,9181,10x_Genomics,3_prime_gex,single_cell,Homo sapiens,lung,UBERON:0002048,lung adenocarcinoma,MONDO:0005061,unsure,unsure,no,,,True,PRJEB68315
ERX11662369,34284000,gs://arc-institute-virtual-cell-atlas/scbasecount/2026-01-12/h5ad/GeneFull/Homo_sapiens/ERX11662369.h5ad,12566,10x_Genomics,3_prime_gex,single_cell,Homo sapiens,lung,UBERON:0002048,lung adenocarcinoma,MONDO:0005061,unsure,not_applicable,no,,,True,PRJEB68315
ERX11662380,34278224,gs://arc-institute-virtual-cell-atlas/scbasecount/2026-01-12/h5ad/GeneFull/Homo_sapiens/ERX11662380.h5ad,14747,10x_Genomics,3_prime_gex,single_cell,Homo sapiens,lung (normal tissue adjacent to tumor),,non-small cell lung cancer (NSCLC),MONDO:0005233,unsure,unsure,no,,,True,PRJEB68315
ERX11662367,34282652,gs://arc-institute-virtual-cell-atlas/scbasecount/2026-01-12/h5ad/GeneFull/Homo_sapiens/ERX11662367.h5ad,25538,10x_Genomics,3_prime_gex,single_cell,Homo sapiens,lung,UBERON:0002048,lung adenocarcinoma,MONDO:0005061,unsure,not_applicable,no,,,True,PRJEB68315
ERX11662377,34278804,gs://arc-institute-virtual-cell-atlas/scbasecount/2026-01-12/h5ad/GeneFull/Homo_sapiens/ERX11662377.h5ad,28944,10x_Genomics,3_prime_gex,single_cell,Homo sapiens,lung,UBERON:0002048,non-small cell lung cancer,MONDO:0005233,cells treated with collagenase IV and DNase I,not specified,no,,,True,PRJEB68315
ERX11662378,34275895,gs://arc-institute-virtual-cell-atlas/scbasecount/2026-01-12/h5ad/GeneFull/Homo_sapiens/ERX11662378.h5ad,29473,10x_Genomics,3_prime_gex,single_cell,Homo sapiens,lung,UBERON:0002048,lung adenocarcinoma,MONDO:0005061,unsure,not_applicable,no,,,True,PRJEB68315
ERX8831394,34097775,gs://arc-institute-virtual-cell-atlas/scbasecount/2026-01-12/h5ad/GeneFull/Homo_sapiens/ERX8831394.h5ad,4254,10x_Genomics,3_prime_gex,single_cell,Homo sapiens,lung,UBERON:0002048,squamous cell lung carcinoma,MONDO:0005097,"Calbindin-deficient HARA 3D5 cells, HARA.LTR7-GFP+ and HARA.LTR7-GFP- cells",HARA (epithelial cell),no,,,True,PRJEB51720
ERX8831397,34080375,gs://arc-institute-virtual-cell-atlas/scbasecount/2026-01-12/h5ad/GeneFull/Homo_sapiens/ERX8831397.h5ad,12548,10x_Genomics,3_prime_gex,single_cell,Homo sapiens,lung,UBERON:0002048,squamous cell lung carcinoma,MONDO:0005097,HERVH LTR7-GFP transduction,HARA,no,,,True,PRJEB51720
SRX20098024,27506854,gs://arc-institute-virtual-cell-atlas/scbasecount/2026-01-12/h5ad/GeneFull/Homo_sapiens/SRX20098024.h5ad,5395,10x_Genomics,5_prime_gex,single_cell,Homo sapiens,lung cancer organoid,,lung cancer,MONDO:0008903,unsure,derived from cryobiopsy specimens of lung cancer patients,no,,,True,PRJNA961720
SRX19780691,27123120,gs://arc-institute-virtual-cell-atlas/scbasecount/2026-01-12/h5ad/GeneFull/Homo_sapiens/SRX19780691.h5ad,3212,10x_Genomics,5_prime_gex,single_cell,Homo sapiens,Bronchoalveolar cells,UBERON:0008870,Post-COVID lung disease,MONDO:0100320,No active treatment or perturbation applied,Not applicable,no,,,True,PRJNA949104
SRX19780690,27123119,gs://arc-institute-virtual-cell-atlas/scbasecount/2026-01-12/h5ad/GeneFull/Homo_sapiens/SRX19780690.h5ad,4168,10x_Genomics,5_prime_gex,single_cell,Homo sapiens,bronchoalveolar cells,UBERON:0004903,post-COVID lung disease,MONDO:0100320,unsure,unsure,no,,,True,PRJNA949104
SRX19780688,27123117,gs://arc-institute-virtual-cell-atlas/scbasecount/2026-01-12/h5ad/GeneFull/Homo_sapiens/SRX19780688.h5ad,4183,10x_Genomics,5_prime_gex,single_cell,Homo sapiens,Bronchoalveolar cells,UBERON:0008870,"Post-COVID-19 lung disease, fibrotic",MONDO:0100320,unsure,unsure,no,,,True,PRJNA949104
SRX19780694,27123123,gs://arc-institute-virtual-cell-atlas/scbasecount/2026-01-12/h5ad/GeneFull/Homo_sapiens/SRX19780694.h5ad,2090,10x_Genomics,5_prime_gex,single_cell,Homo sapiens,bronchoalveolar cells,UBERON:0000115,post-COVID lung disease,MONDO:0100320,none,none,no,,,True,PRJNA949104
SRX22613097,30615615,gs://arc-institute-virtual-cell-atlas/scbasecount/2026-01-12/h5ad/GeneFull/Homo_sapiens/SRX22613097.h5ad,3332,10x_Genomics,3_prime_gex,single_cell,Homo sapiens,lung adenocarcinoma,,non-small cell lung cancer (NSCLC),MONDO:0005233,DMSO,HCC4006,no,,,True,PRJNA1044045
SRX19162057,26358126,gs://arc-institute-virtual-cell-atlas/scbasecount/2026-01-12/h5ad/GeneFull/Homo_sapiens/SRX19162057.h5ad,5499,10x_Genomics,5_prime_gex,single_cell,Homo sapiens,lung and lung-associated lymph nodes,"UBERON:0002048,UBERON:0039167",unsure,,unsure,unsure,maybe,,,True,PRJNA927026
SRX18965987,26106287,gs://arc-institute-virtual-cell-atlas/scbasecount/2026-01-12/h5ad/GeneFull/Homo_sapiens/SRX18965987.h5ad,1848,10x_Genomics,3_prime_gex,single_cell,Homo sapiens,human airway organoid,UBERON:0000379,none,,Vehicle,none,no,,,True,PRJNA919922
SRX19233504,26437776,gs://arc-institute-virtual-cell-atlas/scbasecount/2026-01-12/h5ad/GeneFull/Homo_sapiens/SRX19233504.h5ad,4652,10x_Genomics,3_prime_gex,single_cell,Homo sapiens,distal thrombus from pulmonary artery,UBERON:8600060,Chronic Thromboembolic Pulmonary Hypertension (CTEPH),MONDO:0013024,unsure,unsure,no,,,True,PRJNA929967
ERX11662376,34277976,gs://arc-institute-virtual-cell-atlas/scbasecount/2026-01-12/h5ad/GeneFull/Homo_sapiens/ERX11662376.h5ad,21550,10x_Genomics,3_prime_gex,single_cell,Homo sapiens,lung,UBERON:0002048,lung adenocarcinoma,MONDO:0005061,unsure,not_applicable,no,,,True,PRJEB68315
ERX11662375,34284472,gs://arc-institute-virtual-cell-atlas/scbasecount/2026-01-12/h5ad/GeneFull/Homo_sapiens/ERX11662375.h5ad,4710,10x_Genomics,3_prime_gex,single_cell,Homo sapiens,lung,UBERON:0002048,lung adenocarcinoma,MONDO:0005061,unsure,not_applicable,no,,,True,PRJEB68315
ERX11662381,34283643,gs://arc-institute-virtual-cell-atlas/scbasecount/2026-01-12/h5ad/GeneFull/Homo_sapiens/ERX11662381.h5ad,11700,10x_Genomics,3_prime_gex,single_cell,Homo sapiens,lung,UBERON:0002048,lung adenocarcinoma,MONDO:0005061,none specified,patient 22,no,,,True,PRJEB68315
ERX11662384,34284361,gs://arc-institute-virtual-cell-atlas/scbasecount/2026-01-12/h5ad/GeneFull/Homo_sapiens/ERX11662384.h5ad,2832,10x_Genomics,3_prime_gex,single_cell,Homo sapiens,lung,UBERON:0002048,lung adenocarcinoma,MONDO:0005061,unsure,unsure,no,,,True,PRJEB68315
ERX11662361,34283421,gs://arc-institute-virtual-cell-atlas/scbasecount/2026-01-12/h5ad/GeneFull/Homo_sapiens/ERX11662361.h5ad,5423,10x_Genomics,3_prime_gex,single_cell,Homo sapiens,lung,UBERON:0002048,lung squamous cell carcinoma,MONDO:0005097,unsure,unsure,no,,,True,PRJEB68315
SRX22613099,30615617,gs://arc-institute-virtual-cell-atlas/scbasecount/2026-01-12/h5ad/GeneFull/Homo_sapiens/SRX22613099.h5ad,2643,10x_Genomics,3_prime_gex,single_cell,Homo sapiens,lung adenocarcinoma,UBERON:0004821,non-small cell lung cancer (NSCLC),MONDO:0005233,"Osimertinib (1 µM), Tipifarnib (1 µM)",HCC4006,no,,,True,PRJNA1044045
SRX22613094,30615612,gs://arc-institute-virtual-cell-atlas/scbasecount/2026-01-12/h5ad/GeneFull/Homo_sapiens/SRX22613094.h5ad,2442,10x_Genomics,3_prime_gex,single_cell,Homo sapiens,lung adenocarcinoma,UBERON:0000115,lung adenocarcinoma,MONDO:0005061,DMSO,HCC4006,no,,,True,PRJNA1044045
SRX22613095,30615613,gs://arc-institute-virtual-cell-atlas/scbasecount/2026-01-12/h5ad/GeneFull/Homo_sapiens/SRX22613095.h5ad,3222,10x_Genomics,3_prime_gex,single_cell,Homo sapiens,lung adenocarcinoma,UBERON:0002048,non-small cell lung cancer (NSCLC),MONDO:0005233,"Osimertinib (1 µM), Osimertinib + Tipifarnib (1 µM)",HCC4006,no,,,True,PRJNA1044045
ERX11662382,34277797,gs://arc-institute-virtual-cell-atlas/scbasecount/2026-01-12/h5ad/GeneFull/Homo_sapiens/ERX11662382.h5ad,1651,10x_Genomics,3_prime_gex,single_cell,Homo sapiens,lung,UBERON:0002048,lung adenocarcinoma,MONDO:0005061,unsure,not_applicable,no,,,True,PRJEB68315
SRX23886062,32190804,gs://arc-institute-virtual-cell-atlas/scbasecount/2026-01-12/h5ad/GeneFull/Homo_sapiens/SRX23886062.h5ad,4683,10x_Genomics,3_prime_gex,single_cell,Homo sapiens,pleural mesothelioma,UBERON:0000977,pleural mesothelioma,MONDO:0003308,unsure,unsure,no,,,True,PRJNA787622
SRX23886064,32190806,gs://arc-institute-virtual-cell-atlas/scbasecount/2026-01-12/h5ad/GeneFull/Homo_sapiens/SRX23886064.h5ad,5476,10x_Genomics,3_prime_gex,single_cell,Homo sapiens,pleural mesothelioma,UBERON:0003390,"type 2 diabetes mellitus, obesity",MONDO:0005148,"semaglutide, dulaglutide, metformin, diet",unsure,no,,,True,PRJNA787622
SRX23886065,32190807,gs://arc-institute-virtual-cell-atlas/scbasecount/2026-01-12/h5ad/GeneFull/Homo_sapiens/SRX23886065.h5ad,30813,10x_Genomics,3_prime_gex,single_cell,Homo sapiens,pleural mesothelioma,UBERON:0003390,pleural mesothelioma,MONDO:0003308,"Collagenase IV, Collagenase D, DNAse I treatment",unsure,no,,,True,PRJNA787622
ERX11662366,34281062,gs://arc-institute-virtual-cell-atlas/scbasecount/2026-01-12/h5ad/GeneFull/Homo_sapiens/ERX11662366.h5ad,21377,10x_Genomics,3_prime_gex,single_cell,Homo sapiens,lung,UBERON:0002048,lung squamous cell carcinoma,MONDO:0005097,unsure,unsure,no,,,True,PRJEB68315
ERX11662359,34277249,gs://arc-institute-virtual-cell-atlas/scbasecount/2026-01-12/h5ad/GeneFull/Homo_sapiens/ERX11662359.h5ad,31955,10x_Genomics,3_prime_gex,single_cell,Homo sapiens,lung,UBERON:0002048,lung squamous cell carcinoma,MONDO:0005097,unsure,unsure,no,,,True,PRJEB68315
SRX22613098,30615616,gs://arc-institute-virtual-cell-atlas/scbasecount/2026-01-12/h5ad/GeneFull/Homo_sapiens/SRX22613098.h5ad,3086,10x_Genomics,3_prime_gex,single_cell,Homo sapiens,lung adenocarcinoma,UBERON:0004821,lung adenocarcinoma,MONDO:0005061,osimertinib (1 µM),HCC4006,no,,,True,PRJNA1044045
SRX23886063,32190805,gs://arc-institute-virtual-cell-atlas/scbasecount/2026-01-12/h5ad/GeneFull/Homo_sapiens/SRX23886063.h5ad,3363,10x_Genomics,3_prime_gex,single_cell,Homo sapiens,pleural mesothelioma,UBERON:0000977,pleural mesothelioma,MONDO:0003308,unsure,unsure,no,,,True,PRJNA787622
ERX11662338,34281323,gs://arc-institute-virtual-cell-atlas/scbasecount/2026-01-12/h5ad/GeneFull/Homo_sapiens/ERX11662338.h5ad,15099,10x_Genomics,3_prime_gex,single_cell,Homo sapiens,lung,UBERON:0002048,non-small cell lung cancer,MONDO:0005233,unsure,not applicable; the sample is from a patient,no,,,True,PRJEB68315
ERX8831396,34078806,gs://arc-institute-virtual-cell-atlas/scbasecount/2026-01-12/h5ad/GeneFull/Homo_sapiens/ERX8831396.h5ad,5408,10x_Genomics,3_prime_gex,single_cell,Homo sapiens,lung,UBERON:0002048,squamous cell lung carcinoma,MONDO:0005097,HERVH LTR7-GFP transduction,HARA,no,,,True,PRJEB51720
SRX19192164,26391783,gs://arc-institute-virtual-cell-atlas/scbasecount/2026-01-12/h5ad/GeneFull/Homo_sapiens/SRX19192164.h5ad,12689,10x_Genomics,not_applicable,single_cell,Homo sapiens,lung,UBERON:0002048,lung sequestration,MONDO:0017843,"anti-infection and anti-inflammatory regimen, ECMO support, surgical intervention for air leak",not applicable,no,,,True,PRJNA928385
SRX10327362,13454938,gs://arc-institute-virtual-cell-atlas/scbasecount/2026-01-12/h5ad/GeneFull/Homo_sapiens/SRX10327362.h5ad,5676,10x_Genomics,3_prime_gex,single_cell,Homo sapiens,lung (primary basal airway epithelial cells),UBERON:0002031,measles virus infection (MeV-exposed),MONDO:0004619,"exposure to measles virus, day 3 post-exposure, sorted GFP-",none (primary cells),no,,,True,PRJNA713903
ERX11876750,36179905,gs://arc-institute-virtual-cell-atlas/scbasecount/2026-01-12/h5ad/GeneFull/Homo_sapiens/ERX11876750.h5ad,7170,10x_Genomics,3_prime_gex,single_cell,Homo sapiens,lung tumor central margin,UBERON:0002048,non-small cell squamous lung carcinoma,MONDO:0056806,unsure,"fibroblast, endothelial cell",no,,,True,PRJEB71931
SRX23886061,32190803,gs://arc-institute-virtual-cell-atlas/scbasecount/2026-01-12/h5ad/GeneFull/Homo_sapiens/SRX23886061.h5ad,7778,10x_Genomics,3_prime_gex,single_cell,Homo sapiens,pleural mesothelioma,UBERON:0003390,pleural mesothelioma,MONDO:0003308,unsure,unsure,no,,,True,PRJNA787622
SRX23886066,32190808,gs://arc-institute-virtual-cell-atlas/scbasecount/2026-01-12/h5ad/GeneFull/Homo_sapiens/SRX23886066.h5ad,30013,10x_Genomics,3_prime_gex,single_cell,Homo sapiens,pleural mesothelioma,UBERON:0003390,pleural mesothelioma,MONDO:0003308,unsure,unsure,no,,,True,PRJNA787622
SRX23907174,32212198,gs://arc-institute-virtual-cell-atlas/scbasecount/2026-01-12/h5ad/GeneFull/Homo_sapiens/SRX23907174.h5ad,2662,10x_Genomics,other,single_nucleus,Homo sapiens,bronchial epithelial cells,UBERON:0002031,inflammation of the respiratory system,MONDO:0024355,"exposure to particulate matter, NAC pretreatment, AG490 treatment",16HBE,no,,,True,PRJNA799597
ERX11876760,36179455,gs://arc-institute-virtual-cell-atlas/scbasecount/2026-01-12/h5ad/GeneFull/Homo_sapiens/ERX11876760.h5ad,4235,10x_Genomics,3_prime_gex,single_cell,Homo sapiens,lung,UBERON:0002048,non-small cell lung adenocarcinoma,MONDO:0005233,surgical resection,not specified,no,,,True,PRJEB71931
ERX11876763,36178939,gs://arc-institute-virtual-cell-atlas/scbasecount/2026-01-12/h5ad/GeneFull/Homo_sapiens/ERX11876763.h5ad,2470,10x_Genomics,3_prime_gex,single_cell,Homo sapiens,lung tumor central margin,UBERON:0002048,non-small cell squamous lung carcinoma,MONDO:0056806,surgical resection of lung tissue,lymphocyte,no,,,True,PRJEB71931
ERX11876766,36180387,gs://arc-institute-virtual-cell-atlas/scbasecount/2026-01-12/h5ad/GeneFull/Homo_sapiens/ERX11876766.h5ad,616,10x_Genomics,3_prime_gex,single_cell,Homo sapiens,lung tumor central margin,,non-small cell squamous lung carcinoma,MONDO:0056806,unsure,lymphocyte,no,,,True,PRJEB71931
ERX11876767,36179222,gs://arc-institute-virtual-cell-atlas/scbasecount/2026-01-12/h5ad/GeneFull/Homo_sapiens/ERX11876767.h5ad,1408,10x_Genomics,3_prime_gex,single_cell,Homo sapiens,lung tumor subpleural margin,UBERON:0008946,non-small cell squamous lung carcinoma,MONDO:0056806,unsure,lymphocyte,no,,,True,PRJEB71931
SRX18248070,25232719,gs://arc-institute-virtual-cell-atlas/scbasecount/2026-01-12/h5ad/GeneFull/Homo_sapiens/SRX18248070.h5ad,11788,10x_Genomics,3_prime_gex,single_cell,Homo sapiens,lung,UBERON:0002048,lung adenocarcinoma,MONDO:0005061,unsure,unsure,no,,,True,PRJNA901260
ERX11876755,36180358,gs://arc-institute-virtual-cell-atlas/scbasecount/2026-01-12/h5ad/GeneFull/Homo_sapiens/ERX11876755.h5ad,6021,10x_Genomics,3_prime_gex,single_cell,Homo sapiens,lung,UBERON:0002048,non-small cell lung adenocarcinoma,MONDO:0005233,surgical resection,"fibroblast, endothelial cell",no,,,True,PRJEB71931
ERX11876754,36178598,gs://arc-institute-virtual-cell-atlas/scbasecount/2026-01-12/h5ad/GeneFull/Homo_sapiens/ERX11876754.h5ad,6834,10x_Genomics,3_prime_gex,single_cell,Homo sapiens,lung tumor subpleural margin,UBERON:0002401,non-small cell lung adenocarcinoma,MONDO:0005233,samples collected after surgical resection,"fibroblast, endothelial cell",no,,,True,PRJEB71931
SRX24476193,32792370,gs://arc-institute-virtual-cell-atlas/scbasecount/2026-01-12/h5ad/GeneFull/Homo_sapiens/SRX24476193.h5ad,731,10x_Genomics,3_prime_gex,single_cell,Homo sapiens,fetal lung organoids,,unsure,,unsure,BU3,no,,,True,PRJNA1108329
SRX26524302,35844324,gs://arc-institute-virtual-cell-atlas/scbasecount/2026-01-12/h5ad/GeneFull/Homo_sapiens/SRX26524302.h5ad,1993,10x_Genomics,3_prime_gex,single_cell,Homo sapiens,lung,UBERON:0002048,portal hypertension,MONDO:0005080,unsure,unsure,no,,,True,PRJNA1178711
SRX27123183,36603390,gs://arc-institute-virtual-cell-atlas/scbasecount/2026-01-12/h5ad/GeneFull/Homo_sapiens/SRX27123183.h5ad,7570,10x_Genomics,3_prime_gex,single_cell,Homo sapiens,lung organoids,UBERON:0002048,unsure,,LVV transduction,iPSCs-derived lung organoids,no,,,True,PRJNA1200047
ERX11876753,36178692,gs://arc-institute-virtual-cell-atlas/scbasecount/2026-01-12/h5ad/GeneFull/Homo_sapiens/ERX11876753.h5ad,3736,10x_Genomics,3_prime_gex,single_cell,Homo sapiens,lung tumor subpleural margin,UBERON:0002401,non-small cell squamous lung carcinoma,MONDO:0056806,tissue digested using MACS human tumor dissociation kit,"fibroblast, endothelial cell",no,,,True,PRJEB71931
SRX26524301,35844323,gs://arc-institute-virtual-cell-atlas/scbasecount/2026-01-12/h5ad/GeneFull/Homo_sapiens/SRX26524301.h5ad,4623,10x_Genomics,3_prime_gex,single_cell,Homo sapiens,lung,,HIV-associated neuropathy,MONDO:0005244,combined antiretroviral therapy (cART),unsure,no,,,True,PRJNA1178711
ERX11876769,36179547,gs://arc-institute-virtual-cell-atlas/scbasecount/2026-01-12/h5ad/GeneFull/Homo_sapiens/ERX11876769.h5ad,8074,10x_Genomics,3_prime_gex,single_cell,Homo sapiens,lung tumor subpleural margin,,non-small cell lung adenocarcinoma,MONDO:0005233,samples collected after surgical resection,"fibroblast, endothelial cell",no,,,True,PRJEB71931
ERX11876768,36180324,gs://arc-institute-virtual-cell-atlas/scbasecount/2026-01-12/h5ad/GeneFull/Homo_sapiens/ERX11876768.h5ad,3729,10x_Genomics,3_prime_gex,single_cell,Homo sapiens,lung tumor subpleural margin,UBERON:0002401,non-small cell lung adenocarcinoma,MONDO:0005233,unsure,other,no,,,True,PRJEB71931
ERX11876758,36178545,gs://arc-institute-virtual-cell-atlas/scbasecount/2026-01-12/h5ad/GeneFull/Homo_sapiens/ERX11876758.h5ad,6726,10x_Genomics,3_prime_gex,single_cell,Homo sapiens,lung tumor subpleural margin,UBERON:0008946,non-small cell lung adenocarcinoma,MONDO:0005233,unsure,unsure,no,,,True,PRJEB71931
ERX11876751,36179136,gs://arc-institute-virtual-cell-atlas/scbasecount/2026-01-12/h5ad/GeneFull/Homo_sapiens/ERX11876751.h5ad,5063,10x_Genomics,3_prime_gex,single_cell,Homo sapiens,lung tumor central margin,UBERON:0002048,non-small cell squamous lung carcinoma,MONDO:0056806,samples collected after surgical resection and digested using a MACS human tumor dissociation kit,"fibroblast, endothelial cell",no,,,True,PRJEB71931
ERX11876765,36179048,gs://arc-institute-virtual-cell-atlas/scbasecount/2026-01-12/h5ad/GeneFull/Homo_sapiens/ERX11876765.h5ad,1936,10x_Genomics,3_prime_gex,single_cell,Homo sapiens,lung tumor central margin,UBERON:0002048,non-small cell squamous lung carcinoma,MONDO:0056806,samples collected after surgical resection,lymphocyte,no,,,True,PRJEB71931
SRX25319045,33661520,gs://arc-institute-virtual-cell-atlas/scbasecount/2026-01-12/h5ad/GeneFull/Homo_sapiens/SRX25319045.h5ad,7280,10x_Genomics,3_prime_gex,single_cell,Homo sapiens,primary airway cells,UBERON:0004802,Primary Ciliary Dyskinesia,MONDO:0016575,unsure,unsure,no,,,True,PRJNA1135481
SRX26487588,35790369,gs://arc-institute-virtual-cell-atlas/scbasecount/2026-01-12/h5ad/GeneFull/Homo_sapiens/SRX26487588.h5ad,13713,10x_Genomics,5_prime_gex,single_cell,Homo sapiens,adjacent normal lung,UBERON:0002048,KRAS and STK11 mutations in lung cancer,MONDO:0005061,Nivolumab treatment,Cryopreserved dissociated tissue,no,,,True,PRJNA1177414
SRX26487574,35790355,gs://arc-institute-virtual-cell-atlas/scbasecount/2026-01-12/h5ad/GeneFull/Homo_sapiens/SRX26487574.h5ad,8634,10x_Genomics,5_prime_gex,single_cell,Homo sapiens,lung tumor,UBERON:0002048,KRAS-mutant lung cancer,MONDO:0005061,Nivolumab and ipilimumab,Cryopreserved dissociated tissue; Sorted T cells,no,,,True,PRJNA1177414
ERX11876770,36178873,gs://arc-institute-virtual-cell-atlas/scbasecount/2026-01-12/h5ad/GeneFull/Homo_sapiens/ERX11876770.h5ad,3007,10x_Genomics,3_prime_gex,single_cell,Homo sapiens,lung,UBERON:0002048,non-small cell lung adenocarcinoma,MONDO:0005233,unsure,unsure,no,,,True,PRJEB71931
SRX19907929,27280146,gs://arc-institute-virtual-cell-atlas/scbasecount/2026-01-12/h5ad/GeneFull/Homo_sapiens/SRX19907929.h5ad,1986,10x_Genomics,3_prime_gex,single_cell,Homo sapiens,lung,UBERON:0002048,unsure,,IL-13 treatment for 7 days,healthy human airway epithelial cells,no,,,True,PRJNA953399
SRX26524299,35844321,gs://arc-institute-virtual-cell-atlas/scbasecount/2026-01-12/h5ad/GeneFull/Homo_sapiens/SRX26524299.h5ad,1742,10x_Genomics,3_prime_gex,single_cell,Homo sapiens,lung,UBERON:0002048,unsure,,unsure,derived from normal lung organoids from 2 patients,no,,,True,PRJNA1178711
SRX25261711,33603785,gs://arc-institute-virtual-cell-atlas/scbasecount/2026-01-12/h5ad/GeneFull/Homo_sapiens/SRX25261711.h5ad,6569,10x_Genomics,5_prime_gex,single_cell,Homo sapiens,bronchoalveolar lavage,UBERON:0002048,fibrotic hypersensitivity pneumonitis,MONDO:0975896,"smoking status: former, FEV1: 65, DLCO: 38",unsure,no,,,True,PRJNA1133168
SRX25319046,33661521,gs://arc-institute-virtual-cell-atlas/scbasecount/2026-01-12/h5ad/GeneFull/Homo_sapiens/SRX25319046.h5ad,4655,10x_Genomics,3_prime_gex,single_cell,Homo sapiens,primary airway cells,UBERON:0004802,Primary Ciliary Dyskinesia,MONDO:0016575,unsure,unsure,no,,,True,PRJNA1135481
SRX25319040,33661515,gs://arc-institute-virtual-cell-atlas/scbasecount/2026-01-12/h5ad/GeneFull/Homo_sapiens/SRX25319040.h5ad,6864,10x_Genomics,3_prime_gex,single_cell,Homo sapiens,primary airway cells,UBERON:0004802,PCD (Primary Ciliary Dyskinesia),MONDO:0016575,unsure,unsure,no,,,True,PRJNA1135481
SRX22996343,31070153,gs://arc-institute-virtual-cell-atlas/scbasecount/2026-01-12/h5ad/GeneFull/Homo_sapiens/SRX22996343.h5ad,3917,10x_Genomics,3_prime_gex,single_cell,Homo sapiens,lung,UBERON:0002048,lung adenocarcinoma (LUAD),MONDO:0005061,unsure,unsure,no,,,True,PRJNA1055415
SRX25363536,33729883,gs://arc-institute-virtual-cell-atlas/scbasecount/2026-01-12/h5ad/GeneFull/Homo_sapiens/SRX25363536.h5ad,8551,10x_Genomics,3_prime_gex,single_cell,Homo sapiens,lung,UBERON:0002048,Trisomy 21 (Down Syndrome),MONDO:0700126,control group used,unsure,no,,,True,PRJNA1136930
SRX20407496,27829850,gs://arc-institute-virtual-cell-atlas/scbasecount/2026-01-12/h5ad/GeneFull/Homo_sapiens/SRX20407496.h5ad,9242,10x_Genomics,3_prime_gex,single_cell,Homo sapiens,lung,UBERON:0002048,lung adenocarcinoma,MONDO:0005061,unsure,unsure,no,,,True,PRJNA973717
ERX11876748,36179576,gs://arc-institute-virtual-cell-atlas/scbasecount/2026-01-12/h5ad/GeneFull/Homo_sapiens/ERX11876748.h5ad,7420,10x_Genomics,3_prime_gex,single_cell,Homo sapiens,lung tumor central margin,UBERON:0002048,non-small cell lung adenocarcinoma,MONDO:0005233,samples collected after surgical resection,"fibroblast, endothelial cell",no,,,True,PRJEB71931
SRX23457976,31689185,gs://arc-institute-virtual-cell-atlas/scbasecount/2026-01-12/h5ad/GeneFull/Homo_sapiens/SRX23457976.h5ad,3674,10x_Genomics,3_prime_gex,single_cell,Homo sapiens,bronchial epithelium,UBERON:0002031,unsure,,"Infected by HCoV-OC43, SARS-CoV, MERS-CoV, SARS-CoV-2, and mock control",HBEC organoid-control-3,no,,,True,PRJNA1071273
SRX20221196,27641472,gs://arc-institute-virtual-cell-atlas/scbasecount/2026-01-12/h5ad/GeneFull/Homo_sapiens/SRX20221196.h5ad,7734,10x_Genomics,3_prime_gex,single_cell,Homo sapiens,lung,UBERON:0002048,paraquat poisoning,MONDO:0017862,34 days post paraquat-poisoning,immune cells,no,,,True,PRJNA967233
SRX21460121,28901037,gs://arc-institute-virtual-cell-atlas/scbasecount/2026-01-12/h5ad/GeneFull/Homo_sapiens/SRX21460121.h5ad,6654,10x_Genomics,multiome,single_nucleus,Homo sapiens,tumor-distant normal lung,,lung cancer,MONDO:0008903,never-smoker status,other,no,,,True,PRJNA1008237
SRX20811753,28243075,gs://arc-institute-virtual-cell-atlas/scbasecount/2026-01-12/h5ad/GeneFull/Homo_sapiens/SRX20811753.h5ad,3940,10x_Genomics,5_prime_gex,single_cell,Homo sapiens,tracheal aspirate,,COVID-19,MONDO:0100096,NoDex (No Dexamethasone),other,no,,,True,PRJNA988459
SRX25363533,33729879,gs://arc-institute-virtual-cell-atlas/scbasecount/2026-01-12/h5ad/GeneFull/Homo_sapiens/SRX25363533.h5ad,2188,10x_Genomics,3_prime_gex,single_cell,Homo sapiens,lung,UBERON:0002048,trisomy 21 (Down Syndrome),MONDO:0008608,control (no treatment),not specified,no,,,True,PRJNA1136930
SRX24312776,32625510,gs://arc-institute-virtual-cell-atlas/scbasecount/2026-01-12/h5ad/GeneFull/Homo_sapiens/SRX24312776.h5ad,4166,10x_Genomics,3_prime_gex,single_cell,Homo sapiens,fetal lung,,other,,other,other,no,,,True,PRJNA1102355
SRX25261767,33603841,gs://arc-institute-virtual-cell-atlas/scbasecount/2026-01-12/h5ad/GeneFull/Homo_sapiens/SRX25261767.h5ad,5259,10x_Genomics,5_prime_gex,single_cell,Homo sapiens,bronchoalveolar lavage,,fibrotic hypersensitivity pneumonitis,MONDO:0975896,unsure,not_applicable,no,,,True,PRJNA1133168
SRX25319037,33661512,gs://arc-institute-virtual-cell-atlas/scbasecount/2026-01-12/h5ad/GeneFull/Homo_sapiens/SRX25319037.h5ad,5163,10x_Genomics,3_prime_gex,single_cell,Homo sapiens,primary airway cells,UBERON:0004802,other,,other,other,no,,,True,PRJNA1135481
SRX23457979,31689188,gs://arc-institute-virtual-cell-atlas/scbasecount/2026-01-12/h5ad/GeneFull/Homo_sapiens/SRX23457979.h5ad,1265,10x_Genomics,3_prime_gex,single_cell,Homo sapiens,bronchial epithelium,UBERON:0002031,not explicitly mentioned,,infected by four different betacoronaviruses,HBEC organoid-OC43-3,no,,,True,PRJNA1071273
SRX22996385,31070195,gs://arc-institute-virtual-cell-atlas/scbasecount/2026-01-12/h5ad/GeneFull/Homo_sapiens/SRX22996385.h5ad,5195,10x_Genomics,3_prime_gex,single_cell,Homo sapiens,lung,UBERON:0002048,lung adenocarcinoma (LUAD),MONDO:0005061,"serum, epidermal growth factor, kinase inhibitors, ultraviolet irradiation",not specified; involves human samples from patients with LUAD,no,,,True,PRJNA1055415
SRX24313469,32626979,gs://arc-institute-virtual-cell-atlas/scbasecount/2026-01-12/h5ad/GeneFull/Homo_sapiens/SRX24313469.h5ad,7656,10x_Genomics,3_prime_gex,single_cell,Homo sapiens,lung,UBERON:0002048,acute lung injury,MONDO:0015796,placenta-derived mesenchymal stem cells,RAW264.7,no,,,True,PRJNA1102421
SRX22996351,31070161,gs://arc-institute-virtual-cell-atlas/scbasecount/2026-01-12/h5ad/GeneFull/Homo_sapiens/SRX22996351.h5ad,4186,10x_Genomics,3_prime_gex,single_cell,Homo sapiens,lung,UBERON:0002048,lung adenocarcinoma,MONDO:0005061,unsure,unsure,no,,,True,PRJNA1055415
SRX22996310,31070120,gs://arc-institute-virtual-cell-atlas/scbasecount/2026-01-12/h5ad/GeneFull/Homo_sapiens/SRX22996310.h5ad,3136,10x_Genomics,3_prime_gex,single_cell,Homo sapiens,lung,UBERON:0002048,lung adenocarcinoma,MONDO:0005061,unsure,unsure,no,,,True,PRJNA1055415
SRX25038166,33375418,gs://arc-institute-virtual-cell-atlas/scbasecount/2026-01-12/h5ad/GeneFull/Homo_sapiens/SRX25038166.h5ad,5058,10x_Genomics,5_prime_gex,single_cell,Homo sapiens,lung,UBERON:0002048,COPD,MONDO:0005002,"samples from patients with lung cancer, diagnosed with COPD, current smokers",unsure,no,,,True,PRJNA1127657
SRX27313889,36849204,gs://arc-institute-virtual-cell-atlas/scbasecount/2026-01-12/h5ad/GeneFull/Homo_sapiens/SRX27313889.h5ad,10858,10x_Genomics,3_prime_gex,single_cell,Homo sapiens,lung cancer cell line,UBERON:0002048,lung cancer,MONDO:0008903,DMSO,NCI-H226,no,,,True,PRJNA1209070
SRX22146400,30098905,gs://arc-institute-virtual-cell-atlas/scbasecount/2026-01-12/h5ad/GeneFull/Homo_sapiens/SRX22146400.h5ad,35976,10x_Genomics,3_prime_gex,single_cell,Homo sapiens,IMR90 (lung fibroblast cell line),UBERON:0000114,not specified,,cells expressing vector control and RIS IMR90 cells expressing shA1 or vector control,IMR90,no,,,True,PRJNA1030004
SRX22996360,31070170,gs://arc-institute-virtual-cell-atlas/scbasecount/2026-01-12/h5ad/GeneFull/Homo_sapiens/SRX22996360.h5ad,3374,10x_Genomics,3_prime_gex,single_cell,Homo sapiens,lung,UBERON:0002048,lung adenocarcinoma (LUAD),MONDO:0005061,not specified,not specified,no,,,True,PRJNA1055415
SRX25595936,34594106,gs://arc-institute-virtual-cell-atlas/scbasecount/2026-01-12/h5ad/GeneFull/Homo_sapiens/SRX25595936.h5ad,7723,10x_Genomics,3_prime_gex,single_cell,Homo sapiens,lung,UBERON:0002048,not specified,,30th passage after one acute exposure (0.5 Gy),BEAS-2B,no,,,True,PRJNA1144126
SRX19907928,27280145,gs://arc-institute-virtual-cell-atlas/scbasecount/2026-01-12/h5ad/GeneFull/Homo_sapiens/SRX19907928.h5ad,2897,10x_Genomics,3_prime_gex,single_cell,Homo sapiens,lung,UBERON:0002048,not specified,,IL-13 treatment for 2 days,healthy human airway epithelial cells,no,,,True,PRJNA953399
SRX24312774,32625508,gs://arc-institute-virtual-cell-atlas/scbasecount/2026-01-12/h5ad/GeneFull/Homo_sapiens/SRX24312774.h5ad,5091,10x_Genomics,3_prime_gex,single_cell,Homo sapiens,fetal lung tissue,UBERON:0002048,unsure,,unsure,unsure,no,,,True,PRJNA1102355
SRX26487567,35790348,gs://arc-institute-virtual-cell-atlas/scbasecount/2026-01-12/h5ad/GeneFull/Homo_sapiens/SRX26487567.h5ad,8334,10x_Genomics,5_prime_gex,single_cell,Homo sapiens,lung tumor,UBERON:0002048,non-small cell lung cancer (NSCLC),MONDO:0005233,Nivolumab treatment,"Cryopreserved dissociated tissue, sorted T cells",no,,,True,PRJNA1177414
SRX23902410,32207434,gs://arc-institute-virtual-cell-atlas/scbasecount/2026-01-12/h5ad/GeneFull/Homo_sapiens/SRX23902410.h5ad,12346,10x_Genomics,3_prime_gex,single_cell,Homo sapiens,bronchoalveolar lavage fluid,,respiratory tract infections,MONDO:0024352,OM-85 150ug/ml + Isotype control Ab,BAL cells,no,,,True,PRJNA1086544
SRX26487572,35790353,gs://arc-institute-virtual-cell-atlas/scbasecount/2026-01-12/h5ad/GeneFull/Homo_sapiens/SRX26487572.h5ad,10960,10x_Genomics,5_prime_gex,single_cell,Homo sapiens,lung tumor,UBERON:0002048,non-small cell lung cancer (NSCLC),MONDO:0005233,nivolumab and ipilimumab,cryopreserved dissociated tissue; sorted T cells,no,,,True,PRJNA1177414
SRX21311406,28748538,gs://arc-institute-virtual-cell-atlas/scbasecount/2026-01-12/h5ad/GeneFull/Homo_sapiens/SRX21311406.h5ad,2228,10x_Genomics,3_prime_gex,single_cell,Homo sapiens,lung,UBERON:0002048,unsure,,unsure,unsure,no,,,True,PRJNA1003807
SRX22996331,31070141,gs://arc-institute-virtual-cell-atlas/scbasecount/2026-01-12/h5ad/GeneFull/Homo_sapiens/SRX22996331.h5ad,3080,10x_Genomics,3_prime_gex,single_cell,Homo sapiens,lung,UBERON:0002048,lung adenocarcinoma (LUAD),MONDO:0005061,unsure,not_applicable,no,,,True,PRJNA1055415
SRX22996320,31070130,gs://arc-institute-virtual-cell-atlas/scbasecount/2026-01-12/h5ad/GeneFull/Homo_sapiens/SRX22996320.h5ad,3420,10x_Genomics,3_prime_gex,single_cell,Homo sapiens,lung,UBERON:0002048,lung adenocarcinoma,MONDO:0005061,unsure,unsure,no,,,True,PRJNA1055415
SRX25261713,33603787,gs://arc-institute-virtual-cell-atlas/scbasecount/2026-01-12/h5ad/GeneFull/Homo_sapiens/SRX25261713.h5ad,5974,10x_Genomics,5_prime_gex,single_cell,Homo sapiens,bronchoalveolar lavage,,fibrotic hypersensitivity pneumonitis,MONDO:0975896,unsure,unsure,no,,,True,PRJNA1133168
SRX22996346,31070156,gs://arc-institute-virtual-cell-atlas/scbasecount/2026-01-12/h5ad/GeneFull/Homo_sapiens/SRX22996346.h5ad,3182,10x_Genomics,3_prime_gex,single_cell,Homo sapiens,lung,,lung adenocarcinoma,MONDO:0005061,unsure,unsure,no,,,True,PRJNA1055415
SRX25319041,33661516,gs://arc-institute-virtual-cell-atlas/scbasecount/2026-01-12/h5ad/GeneFull/Homo_sapiens/SRX25319041.h5ad,8099,10x_Genomics,3_prime_gex,single_cell,Homo sapiens,primary airway cells,UBERON:0004802,Primary Ciliary Dyskinesia (PCD),MONDO:0016575,unsure,unsure,no,,,True,PRJNA1135481
SRX25261764,33603838,gs://arc-institute-virtual-cell-atlas/scbasecount/2026-01-12/h5ad/GeneFull/Homo_sapiens/SRX25261764.h5ad,451,10x_Genomics,5_prime_gex,single_cell,Homo sapiens,bronchoalveolar lavage,,congenital hypothyroidism,MONDO:0005420,propylthiouracil treatment,unsure,no,,,True,PRJNA1133168
SRX22996348,31070158,gs://arc-institute-virtual-cell-atlas/scbasecount/2026-01-12/h5ad/GeneFull/Homo_sapiens/SRX22996348.h5ad,2962,10x_Genomics,3_prime_gex,single_cell,Homo sapiens,lung,UBERON:0002048,lung adenocarcinoma (LUAD),MONDO:0005061,unsure,unsure,no,,,True,PRJNA1055415
SRX22996356,31070166,gs://arc-institute-virtual-cell-atlas/scbasecount/2026-01-12/h5ad/GeneFull/Homo_sapiens/SRX22996356.h5ad,5432,10x_Genomics,3_prime_gex,single_cell,Homo sapiens,lung,UBERON:0002048,lung adenocarcinoma,MONDO:0005061,unsure,MRC008 Adeno_2,no,,,True,PRJNA1055415
SRX22996378,31070188,gs://arc-institute-virtual-cell-atlas/scbasecount/2026-01-12/h5ad/GeneFull/Homo_sapiens/SRX22996378.h5ad,3413,10x_Genomics,3_prime_gex,single_cell,Homo sapiens,lung,UBERON:0002048,lung adenocarcinoma,MONDO:0005061,unsure,unsure,no,,,True,PRJNA1055415
SRX20221195,27641471,gs://arc-institute-virtual-cell-atlas/scbasecount/2026-01-12/h5ad/GeneFull/Homo_sapiens/SRX20221195.h5ad,9239,10x_Genomics,3_prime_gex,single_cell,Homo sapiens,lung,,paraquat poisoning,MONDO:0017862,double-lung transplantation,endothelial cells,no,,,True,PRJNA967233
SRX22996323,31070133,gs://arc-institute-virtual-cell-atlas/scbasecount/2026-01-12/h5ad/GeneFull/Homo_sapiens/SRX22996323.h5ad,3245,10x_Genomics,3_prime_gex,single_cell,Homo sapiens,lung,UBERON:0002048,lung adenocarcinoma,MONDO:0005061,unsure,unsure,no,,,True,PRJNA1055415
SRX22996333,31070143,gs://arc-institute-virtual-cell-atlas/scbasecount/2026-01-12/h5ad/GeneFull/Homo_sapiens/SRX22996333.h5ad,3267,10x_Genomics,3_prime_gex,single_cell,Homo sapiens,lung,UBERON:0002048,lung adenocarcinoma,MONDO:0005061,unsure,unsure,no,,,True,PRJNA1055415
SRX24312786,32625520,gs://arc-institute-virtual-cell-atlas/scbasecount/2026-01-12/h5ad/GeneFull/Homo_sapiens/SRX24312786.h5ad,6845,10x_Genomics,3_prime_gex,single_cell,Homo sapiens,fetal lung tissue,UBERON:0008946,none,,none,none,no,,,True,PRJNA1102355
SRX22996328,31070138,gs://arc-institute-virtual-cell-atlas/scbasecount/2026-01-12/h5ad/GeneFull/Homo_sapiens/SRX22996328.h5ad,3922,10x_Genomics,3_prime_gex,single_cell,Homo sapiens,lung,UBERON:0002048,lung adenocarcinoma,MONDO:0005061,unsure,unsure,no,,,True,PRJNA1055415
SRX22996369,31070179,gs://arc-institute-virtual-cell-atlas/scbasecount/2026-01-12/h5ad/GeneFull/Homo_sapiens/SRX22996369.h5ad,6837,10x_Genomics,3_prime_gex,single_cell,Homo sapiens,lung,UBERON:0002048,lung adenocarcinoma,MONDO:0005061,unsure,unsure,no,,,True,PRJNA1055415
SRX22558191,30554143,gs://arc-institute-virtual-cell-atlas/scbasecount/2026-01-12/h5ad/GeneFull/Homo_sapiens/SRX22558191.h5ad,1665,10x_Genomics,5_prime_gex,single_cell,Homo sapiens,idiopathic subglottic tracheal stenosis,UBERON:0036068,anogenital herpes,MONDO:0005770,unsure,unsure,no,,,True,PRJNA1041779
SRX22996322,31070132,gs://arc-institute-virtual-cell-atlas/scbasecount/2026-01-12/h5ad/GeneFull/Homo_sapiens/SRX22996322.h5ad,2637,10x_Genomics,3_prime_gex,single_cell,Homo sapiens,lung,UBERON:0002048,lung adenocarcinoma,MONDO:0005061,not specified,not specified,no,,,True,PRJNA1055415
SRX24732577,33051797,gs://arc-institute-virtual-cell-atlas/scbasecount/2026-01-12/h5ad/GeneFull/Homo_sapiens/SRX24732577.h5ad,2635,10x_Genomics,3_prime_gex,single_cell,Homo sapiens,lung,UBERON:0002048,COPD,MONDO:0005002,IAV infected,primary lung tissue cells,no,,,True,PRJNA1117768
SRX10425169,13746999,gs://arc-institute-virtual-cell-atlas/scbasecount/2026-01-12/h5ad/GeneFull/Homo_sapiens/SRX10425169.h5ad,5692,10x_Genomics,3_prime_gex,single_cell,Homo sapiens,lung explant,UBERON:0002048,idiopathic pulmonary arterial hypertension (IPAH),MONDO:0001999,none reported,none reported,no,,,True,PRJNA716656
SRX22996392,31070202,gs://arc-institute-virtual-cell-atlas/scbasecount/2026-01-12/h5ad/GeneFull/Homo_sapiens/SRX22996392.h5ad,7628,10x_Genomics,3_prime_gex,single_cell,Homo sapiens,lung,UBERON:0002048,lung adenocarcinoma,MONDO:0005061,unsure,unsure,no,,,True,PRJNA1055415
SRX25261736,33603810,gs://arc-institute-virtual-cell-atlas/scbasecount/2026-01-12/h5ad/GeneFull/Homo_sapiens/SRX25261736.h5ad,7590,10x_Genomics,5_prime_gex,single_cell,Homo sapiens,peripheral blood mononuclear cells and bronchoalveolar lavage cells,,fibrotic hypersensitivity pneumonitis,MONDO:0975896,unsure,unsure,no,,,True,PRJNA1133168
SRX22146401,30098906,gs://arc-institute-virtual-cell-atlas/scbasecount/2026-01-12/h5ad/GeneFull/Homo_sapiens/SRX22146401.h5ad,9282,10x_Genomics,3_prime_gex,single_cell,Homo sapiens,"lung fibroblast, non-small cell lung carcinoma",UBERON:0002048,cancer-related biology,MONDO:0045054,"RAS-induced senescence, shHMGA1 treatment","IMR90, H1299",maybe,,,True,PRJNA1030004
SRX22226507,30185156,gs://arc-institute-virtual-cell-atlas/scbasecount/2026-01-12/h5ad/GeneFull/Homo_sapiens/SRX22226507.h5ad,5516,10x_Genomics,3_prime_gex,single_cell,Homo sapiens,lung,UBERON:0002048,unsure,,no treatment,unsure,no,,,True,PRJNA1032112
SRX21460119,28901035,gs://arc-institute-virtual-cell-atlas/scbasecount/2026-01-12/h5ad/GeneFull/Homo_sapiens/SRX21460119.h5ad,12557,10x_Genomics,multiome,single_nucleus,Homo sapiens,lung,UBERON:0002048,lung cancer,MONDO:0008903,smoking status,not_applicable,no,,,True,PRJNA1008237
SRX20811764,28243086,gs://arc-institute-virtual-cell-atlas/scbasecount/2026-01-12/h5ad/GeneFull/Homo_sapiens/SRX20811764.h5ad,1206,10x_Genomics,5_prime_gex,single_cell,Homo sapiens,tracheal aspirate,UBERON:0011537,COVID-19,MONDO:0100096,NoDex (No Dexamethasone),other,no,,,True,PRJNA988459
SRX22556482,30552367,gs://arc-institute-virtual-cell-atlas/scbasecount/2026-01-12/h5ad/GeneFull/Homo_sapiens/SRX22556482.h5ad,842,10x_Genomics,3_prime_gex,single_cell,Homo sapiens,"lung tissue, primary cultured human pulmonary microvascular endothelial cells (HPMEC)","UBERON:0002048,UBERON:0016405",idiopathic pulmonary fibrosis (IPF),MONDO:0800504,exposure to human sera from healthy donors and IPF patients,other,no,,,True,PRJNA1041762
SRX24312779,32625513,gs://arc-institute-virtual-cell-atlas/scbasecount/2026-01-12/h5ad/GeneFull/Homo_sapiens/SRX24312779.h5ad,9102,10x_Genomics,3_prime_gex,single_cell,Homo sapiens,fetal lung,UBERON:0002048,none,,none,none,no,,,True,PRJNA1102355
SRX20221194,27641470,gs://arc-institute-virtual-cell-atlas/scbasecount/2026-01-12/h5ad/GeneFull/Homo_sapiens/SRX20221194.h5ad,6030,10x_Genomics,3_prime_gex,single_cell,Homo sapiens,lung,UBERON:0002048,paraquat poisoning (lung injury),MONDO:0017862,double-lung transplantation after paraquat ingestion,not specified; primary cells isolated from lung specimens,no,,,True,PRJNA967233
SRX21460097,28901013,gs://arc-institute-virtual-cell-atlas/scbasecount/2026-01-12/h5ad/GeneFull/Homo_sapiens/SRX21460097.h5ad,10796,10x_Genomics,multiome,single_nucleus,Homo sapiens,lung,UBERON:0002048,lung cancer,MONDO:0008903,none,not applicable,no,,,True,PRJNA1008237
SRX22226506,30185155,gs://arc-institute-virtual-cell-atlas/scbasecount/2026-01-12/h5ad/GeneFull/Homo_sapiens/SRX22226506.h5ad,3541,10x_Genomics,3_prime_gex,single_cell,Homo sapiens,lung,UBERON:0002048,unsure,,no treatment,unsure,no,,,True,PRJNA1032112
SRX22556483,30552368,gs://arc-institute-virtual-cell-atlas/scbasecount/2026-01-12/h5ad/GeneFull/Homo_sapiens/SRX22556483.h5ad,508,10x_Genomics,3_prime_gex,single_cell,Homo sapiens,Human pulmonary blood vessel endothelial cells,UBERON:0005317,Idiopathic pulmonary fibrosis,MONDO:0800504,Exposure to human serum from healthy donors and IPF patients,Not applicable,no,,,True,PRJNA1041762
SRX22996382,31070192,gs://arc-institute-virtual-cell-atlas/scbasecount/2026-01-12/h5ad/GeneFull/Homo_sapiens/SRX22996382.h5ad,4259,10x_Genomics,3_prime_gex,single_cell,Homo sapiens,lung,UBERON:0002048,lung adenocarcinoma,MONDO:0005061,unsure,unsure,no,,,True,PRJNA1055415
SRX22159982,30114451,gs://arc-institute-virtual-cell-atlas/scbasecount/2026-01-12/h5ad/GeneFull/Homo_sapiens/SRX22159982.h5ad,3629,10x_Genomics,3_prime_gex,single_cell,Homo sapiens,lung neoplasms,,multidrug resistance in tumor cells,,"antineoplastic agents, mixed micelles for drug delivery","A549, A549/Taxol",no,,,True,PRJNA1030397
SRX22996352,31070162,gs://arc-institute-virtual-cell-atlas/scbasecount/2026-01-12/h5ad/GeneFull/Homo_sapiens/SRX22996352.h5ad,3377,10x_Genomics,3_prime_gex,single_cell,Homo sapiens,lung,UBERON:0002048,lung adenocarcinoma,MONDO:0005061,unsure,MRC008 Adeno ANT CD45+_3,no,,,True,PRJNA1055415
SRX22556485,30552370,gs://arc-institute-virtual-cell-atlas/scbasecount/2026-01-12/h5ad/GeneFull/Homo_sapiens/SRX22556485.h5ad,559,10x_Genomics,3_prime_gex,single_cell,Homo sapiens,Human pulmonary blood vessel endothelial cells (HPBEC) derived from lung tissue,UBERON:0013479,Idiopathic pulmonary fibrosis (comparison between healthy donor serum and IPF patient serum),MONDO:0800504,Exposure to human serum from healthy donors versus idiopathic pulmonary fibrosis patients,not applicable,no,,,True,PRJNA1041762
SRX22996373,31070183,gs://arc-institute-virtual-cell-atlas/scbasecount/2026-01-12/h5ad/GeneFull/Homo_sapiens/SRX22996373.h5ad,2693,10x_Genomics,3_prime_gex,single_cell,Homo sapiens,lung,UBERON:0002048,lung adenocarcinoma,MONDO:0005061,unsure,unsure,no,,,True,PRJNA1055415
SRX22556484,30552369,gs://arc-institute-virtual-cell-atlas/scbasecount/2026-01-12/h5ad/GeneFull/Homo_sapiens/SRX22556484.h5ad,812,10x_Genomics,3_prime_gex,single_cell,Homo sapiens,Human pulmonary blood vessel endothelial cells,UBERON:0005317,idiopathic pulmonary fibrosis,MONDO:0800504,exposure to human serum from healthy or IPF patients,primary cultured human pulmonary microvascular endothelial cells,no,,,True,PRJNA1041762
SRX22836419,30884223,gs://arc-institute-virtual-cell-atlas/scbasecount/2026-01-12/h5ad/GeneFull/Homo_sapiens/SRX22836419.h5ad,5481,10x_Genomics,3_prime_gex,single_cell,Homo sapiens,micro-patterned airway epithelial cells,UBERON:0004802,none,,cultured in DCIK+3i or PAL medium for 7 or 14 days,B2-3,no,,,True,PRJNA1050294
SRX23825227,32126937,gs://arc-institute-virtual-cell-atlas/scbasecount/2026-01-12/h5ad/GeneFull/Homo_sapiens/SRX23825227.h5ad,3806,10x_Genomics,5_prime_gex,single_cell,Homo sapiens,lung,UBERON:0002048,non-diseased,,"treated with PBS, DMEM, Collagenase II",not specified,no,,,True,PRJNA1083452
SRX19844830,27212929,gs://arc-institute-virtual-cell-atlas/scbasecount/2026-01-12/h5ad/GeneFull/Homo_sapiens/SRX19844830.h5ad,2425,10x_Genomics,3_prime_gex,single_cell,Homo sapiens,lung,UBERON:0002048,Idiopathic Pulmonary Fibrosis (IPF),MONDO:0800504,unsure,not applicable; primary human lung tissue samples,no,,,True,PRJNA945854
SRX17689201,24589234,gs://arc-institute-virtual-cell-atlas/scbasecount/2026-01-12/h5ad/GeneFull/Homo_sapiens/SRX17689201.h5ad,4478,10x_Genomics,3_prime_gex,single_cell,Homo sapiens,lung,UBERON:0002048,idiopathic pulmonary fibrosis,MONDO:0800504,unsure,unsure,no,,,True,PRJNA883741
SRX17689202,24589235,gs://arc-institute-virtual-cell-atlas/scbasecount/2026-01-12/h5ad/GeneFull/Homo_sapiens/SRX17689202.h5ad,5989,10x_Genomics,3_prime_gex,single_cell,Homo sapiens,lung,UBERON:0002048,normal,,none,not specified,no,,,True,PRJNA883741
SRX23457975,31689184,gs://arc-institute-virtual-cell-atlas/scbasecount/2026-01-12/h5ad/GeneFull/Homo_sapiens/SRX23457975.h5ad,3529,10x_Genomics,3_prime_gex,single_cell,Homo sapiens,bronchial epithelium,UBERON:0002031,none,,infected with betacoronaviruses,none,no,,,True,PRJNA1071273
SRX22996309,31070119,gs://arc-institute-virtual-cell-atlas/scbasecount/2026-01-12/h5ad/GeneFull/Homo_sapiens/SRX22996309.h5ad,3010,10x_Genomics,3_prime_gex,single_cell,Homo sapiens,lung,UBERON:0002048,lung adenocarcinoma (LUAD),MONDO:0005061,not specified,not specified,no,,,True,PRJNA1055415
SRX19844845,27212944,gs://arc-institute-virtual-cell-atlas/scbasecount/2026-01-12/h5ad/GeneFull/Homo_sapiens/SRX19844845.h5ad,486,10x_Genomics,3_prime_gex,single_cell,Homo sapiens,lung,,control,,unsure,unsure,no,,,True,PRJNA945854
SRX22996384,31070194,gs://arc-institute-virtual-cell-atlas/scbasecount/2026-01-12/h5ad/GeneFull/Homo_sapiens/SRX22996384.h5ad,5346,10x_Genomics,3_prime_gex,single_cell,Homo sapiens,lung,UBERON:0002048,lung adenocarcinoma,MONDO:0005061,unsure,unsure,no,,,True,PRJNA1055415
SRX19693841,27001394,gs://arc-institute-virtual-cell-atlas/scbasecount/2026-01-12/h5ad/GeneFull/Homo_sapiens/SRX19693841.h5ad,5761,10x_Genomics,3_prime_gex,single_cell,Homo sapiens,human bronchial epithelial cells (HBE),UBERON:0005926,other,,hypoxia (1% O2 for 6 hours),D65Q (HBE cells cultured on air-liquid interface),no,,,True,PRJNA945417
SRX19727430,27037982,gs://arc-institute-virtual-cell-atlas/scbasecount/2026-01-12/h5ad/GeneFull/Homo_sapiens/SRX19727430.h5ad,4898,10x_Genomics,3_prime_gex,single_cell,Homo sapiens,lung,,mild chronic obstructive pulmonary disease (COPD),MONDO:0005002,unsure,unsure,no,,,True,PRJNA946652
ERX11876757,36179708,gs://arc-institute-virtual-cell-atlas/scbasecount/2026-01-12/h5ad/GeneFull/Homo_sapiens/ERX11876757.h5ad,6344,10x_Genomics,3_prime_gex,single_cell,Homo sapiens,lung tumor central margin,UBERON:0002048,non-small cell lung adenocarcinoma,MONDO:0005233,surgical resection and tissue processing to enrich for stromal cells,"fibroblast, endothelial cell",no,,,True,PRJEB71931
SRX19886043,27256590,gs://arc-institute-virtual-cell-atlas/scbasecount/2026-01-12/h5ad/GeneFull/Homo_sapiens/SRX19886043.h5ad,1683,10x_Genomics,3_prime_gex,single_cell,Homo sapiens,lung,UBERON:0002048,carcinoma non-small cell,MONDO:0005233,AMG-510 800nm + TEADi 500nm,H358,no,,,True,PRJNA952672
SRX19844816,27212915,gs://arc-institute-virtual-cell-atlas/scbasecount/2026-01-12/h5ad/GeneFull/Homo_sapiens/SRX19844816.h5ad,2355,10x_Genomics,3_prime_gex,single_cell,Homo sapiens,lung,UBERON:0002048,control,,unsure,not_applicable,no,,,True,PRJNA945854
SRX19844849,27212948,gs://arc-institute-virtual-cell-atlas/scbasecount/2026-01-12/h5ad/GeneFull/Homo_sapiens/SRX19844849.h5ad,1433,10x_Genomics,3_prime_gex,single_cell,Homo sapiens,lung,UBERON:0002048,idiopathic pulmonary fibrosis,MONDO:0800504,unsure,unsure,no,,,True,PRJNA945854
SRX23825224,32126934,gs://arc-institute-virtual-cell-atlas/scbasecount/2026-01-12/h5ad/GeneFull/Homo_sapiens/SRX23825224.h5ad,10867,10x_Genomics,5_prime_gex,single_cell,Homo sapiens,lung,UBERON:0002048,non-diseased,,unsure,unsure,no,,,True,PRJNA1083452
SRX19910919,27285192,gs://arc-institute-virtual-cell-atlas/scbasecount/2026-01-12/h5ad/GeneFull/Homo_sapiens/SRX19910919.h5ad,4164,10x_Genomics,3_prime_gex,single_nucleus,Homo sapiens,lung adjacent normal,UBERON:0008946,Stage I lung cancer,MONDO:0008903,no specific treatment; samples from patients without recurrence,not applicable,no,,,True,PRJNA953640
SRX19162052,26358121,gs://arc-institute-virtual-cell-atlas/scbasecount/2026-01-12/h5ad/GeneFull/Homo_sapiens/SRX19162052.h5ad,6976,10x_Genomics,5_prime_gex,single_cell,Homo sapiens,"lung lymph node, mesenteric lymph node, lung",,unsure,,unsure,B cells,maybe,,,True,PRJNA927026
SRX18248067,25232716,gs://arc-institute-virtual-cell-atlas/scbasecount/2026-01-12/h5ad/GeneFull/Homo_sapiens/SRX18248067.h5ad,3806,10x_Genomics,3_prime_gex,single_cell,Homo sapiens,lung,UBERON:0002048,lung adenocarcinoma,MONDO:0005061,unsure,unsure,no,,,True,PRJNA901260
SRX25261716,33603790,gs://arc-institute-virtual-cell-atlas/scbasecount/2026-01-12/h5ad/GeneFull/Homo_sapiens/SRX25261716.h5ad,1248,10x_Genomics,5_prime_gex,single_cell,Homo sapiens,bronchoalveolar lavage,,fibrotic hypersensitivity pneumonitis,MONDO:0975896,samples from patients with varying smoking statuses,none,no,,,True,PRJNA1133168
SRX19704174,27011727,gs://arc-institute-virtual-cell-atlas/scbasecount/2026-01-12/h5ad/GeneFull/Homo_sapiens/SRX19704174.h5ad,15249,10x_Genomics,3_prime_gex,single_cell,Homo sapiens,lung,UBERON:0002048,control (healthy),,collagenase I/dispase II or Miltenyi Multi-Tissue Dissociation Kit,not specified,no,,,True,PRJNA945854
SRX19886032,27256579,gs://arc-institute-virtual-cell-atlas/scbasecount/2026-01-12/h5ad/GeneFull/Homo_sapiens/SRX19886032.h5ad,3309,10x_Genomics,3_prime_gex,single_cell,Homo sapiens,lung,UBERON:0002048,carcinoma non-small cell,MONDO:0005233,"AMG-510 1.5um + TEADi 500nm, Time Point: 72h",H23,no,,,True,PRJNA952672
SRX19704124,27011677,gs://arc-institute-virtual-cell-atlas/scbasecount/2026-01-12/h5ad/GeneFull/Homo_sapiens/SRX19704124.h5ad,3380,10x_Genomics,3_prime_gex,single_cell,Homo sapiens,lung,UBERON:0002048,Idiopathic Pulmonary Fibrosis (IPF),MONDO:0800504,unsure,not_applicable,no,,,True,PRJNA945854
SRX23231247,31394131,gs://arc-institute-virtual-cell-atlas/scbasecount/2026-01-12/h5ad/GeneFull/Homo_sapiens/SRX23231247.h5ad,8145,10x_Genomics,5_prime_gex,single_cell,Homo sapiens,lung,UBERON:0002048,idiopathic pulmonary fibrosis,MONDO:0800504,Bleomycin and thorax irradiation,not specified,no,,,True,PRJNA1065377
SRX19693843,27001396,gs://arc-institute-virtual-cell-atlas/scbasecount/2026-01-12/h5ad/GeneFull/Homo_sapiens/SRX19693843.h5ad,9566,10x_Genomics,3_prime_gex,single_cell,Homo sapiens,human bronchial epithelial cells,UBERON:0002031,not specified,,hypoxia (1% O2 for 6 hours),HBE cells (cultured on air-liquid interface),no,,,True,PRJNA945417
SRX22834769,30876732,gs://arc-institute-virtual-cell-atlas/scbasecount/2026-01-12/h5ad/GeneFull/Homo_sapiens/SRX22834769.h5ad,4300,10x_Genomics,5_prime_gex,single_cell,Homo sapiens,Tumor tissue from baseline tumors derived from patients with melanoma and lung cancer,"UBERON:0002097,UBERON:0002048",Melanoma and lung cancer,MONDO:0005105,Ex vivo processing involving tissue dissociation and single-cell capture using a 10X Genomics protocol,Not applicable,no,,,True,PRJNA1050266
SRX25319038,33661513,gs://arc-institute-virtual-cell-atlas/scbasecount/2026-01-12/h5ad/GeneFull/Homo_sapiens/SRX25319038.h5ad,4989,10x_Genomics,3_prime_gex,single_cell,Homo sapiens,primary airway cells,UBERON:0004802,healthy subject,,unsure,unsure,no,,,True,PRJNA1135481
SRX19886028,27256575,gs://arc-institute-virtual-cell-atlas/scbasecount/2026-01-12/h5ad/GeneFull/Homo_sapiens/SRX19886028.h5ad,2610,10x_Genomics,3_prime_gex,single_cell,Homo sapiens,lung,UBERON:0002048,carcinoma non-small cell,MONDO:0005233,AMG-510 1.5um,H23,no,,,True,PRJNA952672
SRX22996312,31070122,gs://arc-institute-virtual-cell-atlas/scbasecount/2026-01-12/h5ad/GeneFull/Homo_sapiens/SRX22996312.h5ad,2950,10x_Genomics,3_prime_gex,single_cell,Homo sapiens,lung,UBERON:0002048,lung adenocarcinoma,MONDO:0005061,unsure,unsure,no,,,True,PRJNA1055415
SRX22996341,31070151,gs://arc-institute-virtual-cell-atlas/scbasecount/2026-01-12/h5ad/GeneFull/Homo_sapiens/SRX22996341.h5ad,2366,10x_Genomics,3_prime_gex,single_cell,Homo sapiens,lung,UBERON:0002048,lung adenocarcinoma,MONDO:0005061,unsure,MRC007 Adeno ANT_6,no,,,True,PRJNA1055415
SRX23386174,31606444,gs://arc-institute-virtual-cell-atlas/scbasecount/2026-01-12/h5ad/GeneFull/Homo_sapiens/SRX23386174.h5ad,25046,10x_Genomics,3_prime_gex,single_cell,Homo sapiens,bronchial brushing,UBERON:0002048,neovascular age-related macular degeneration,MONDO:0005153,"bronchial cells dissociated from asthmatic children using Bacillus licheniformis protease, EDTA, ...",bronchial airway cells,no,,,True,PRJNA1068611
SRX21460107,28901023,gs://arc-institute-virtual-cell-atlas/scbasecount/2026-01-12/h5ad/GeneFull/Homo_sapiens/SRX21460107.h5ad,13465,10x_Genomics,multiome,single_nucleus,Homo sapiens,tumor-distant normal lung,UBERON:0002048,lung cancer susceptibility,MONDO:0012159,never-smokers and smokers,not applicable,no,,,True,PRJNA1008237
SRX20180656,27600003,gs://arc-institute-virtual-cell-atlas/scbasecount/2026-01-12/h5ad/GeneFull/Homo_sapiens/SRX20180656.h5ad,5334,10x_Genomics,3_prime_gex,single_cell,Homo sapiens,lung organoid co-cultured with macrophage,UBERON:0002048,unsure,,unsure,unsure,no,,,True,PRJNA966111
SRX22996316,31070126,gs://arc-institute-virtual-cell-atlas/scbasecount/2026-01-12/h5ad/GeneFull/Homo_sapiens/SRX22996316.h5ad,5798,10x_Genomics,3_prime_gex,single_cell,Homo sapiens,lung adenocarcinoma,UBERON:0002048,lung adenocarcinoma (LUAD),MONDO:0005061,unsure,unsure,no,,,True,PRJNA1055415
SRX19910925,27285198,gs://arc-institute-virtual-cell-atlas/scbasecount/2026-01-12/h5ad/GeneFull/Homo_sapiens/SRX19910925.h5ad,6649,10x_Genomics,3_prime_gex,single_nucleus,Homo sapiens,lung adjacent normal,UBERON:0002048,"recurrence, secondary primary",,unsure,NYU1562-N (snRNA-seq),no,,,True,PRJNA953640
SRX25319036,33661511,gs://arc-institute-virtual-cell-atlas/scbasecount/2026-01-12/h5ad/GeneFull/Homo_sapiens/SRX25319036.h5ad,10731,10x_Genomics,3_prime_gex,single_cell,Homo sapiens,primary airway cells,UBERON:0004802,testicular germ cell tumor,MONDO:0003510,unsure,unsure,no,,,True,PRJNA1135481
SRX25363534,33729880,gs://arc-institute-virtual-cell-atlas/scbasecount/2026-01-12/h5ad/GeneFull/Homo_sapiens/SRX25363534.h5ad,4228,10x_Genomics,3_prime_gex,single_cell,Homo sapiens,lung,UBERON:0002048,Trisomy 21 (Down Syndrome),MONDO:0700126,none,none,no,,,True,PRJNA1136930
SRX19844834,27212933,gs://arc-institute-virtual-cell-atlas/scbasecount/2026-01-12/h5ad/GeneFull/Homo_sapiens/SRX19844834.h5ad,4084,10x_Genomics,3_prime_gex,single_cell,Homo sapiens,lung,UBERON:0002048,IPF (Idiopathic Pulmonary Fibrosis),MONDO:0800504,unsure,not_applicable,no,,,True,PRJNA945854
SRX21460120,28901036,gs://arc-institute-virtual-cell-atlas/scbasecount/2026-01-12/h5ad/GeneFull/Homo_sapiens/SRX21460120.h5ad,12959,10x_Genomics,multiome,single_cell,Homo sapiens,tumor-distant normal lung,,lung cancer susceptibility,MONDO:0012159,never-smoker,single-cell analysis of lung cells,no,,,True,PRJNA1008237
SRX25038163,33375415,gs://arc-institute-virtual-cell-atlas/scbasecount/2026-01-12/h5ad/GeneFull/Homo_sapiens/SRX25038163.h5ad,5676,10x_Genomics,5_prime_gex,single_cell,Homo sapiens,lung,UBERON:0002048,lung cancer (patients with COPD),MONDO:0008903,none specified; samples obtained from patients undergoing surgical resection,organoid (derived from lung tissue),no,,,True,PRJNA1127657
SRX18235832,25219308,gs://arc-institute-virtual-cell-atlas/scbasecount/2026-01-12/h5ad/GeneFull/Homo_sapiens/SRX18235832.h5ad,6626,10x_Genomics,3_prime_gex,single_cell,Homo sapiens,pleural effusion,UBERON:0000175,adult acute monocytic leukemia,MONDO:0007896,"small-molecule inhibitor screens, CRISPR-Cas9 screens",U-937,no,,,True,PRJNA900364
SRX19844831,27212930,gs://arc-institute-virtual-cell-atlas/scbasecount/2026-01-12/h5ad/GeneFull/Homo_sapiens/SRX19844831.h5ad,3677,10x_Genomics,3_prime_gex,single_cell,Homo sapiens,lung,UBERON:0002048,idiopathic pulmonary fibrosis,MONDO:0800504,"brain-derived neurotrophic factor, umbilical cord blood-derived stem cells",unsure,no,,,True,PRJNA945854
SRX19704161,27011714,gs://arc-institute-virtual-cell-atlas/scbasecount/2026-01-12/h5ad/GeneFull/Homo_sapiens/SRX19704161.h5ad,9348,10x_Genomics,3_prime_gex,single_cell,Homo sapiens,lung,UBERON:0002048,idiopathic pulmonary fibrosis,MONDO:0800504,unsure,unsure,no,,,True,PRJNA945854
SRX23457978,31689187,gs://arc-institute-virtual-cell-atlas/scbasecount/2026-01-12/h5ad/GeneFull/Homo_sapiens/SRX23457978.h5ad,1789,10x_Genomics,3_prime_gex,single_cell,Homo sapiens,bronchial epithelium,UBERON:0002031,betacoronavirus infection,MONDO:0100096,infected by HCoV-OC43 and other betacoronaviruses,HBEC organoid-OC43-2,no,,,True,PRJNA1071273
SRX22996388,31070198,gs://arc-institute-virtual-cell-atlas/scbasecount/2026-01-12/h5ad/GeneFull/Homo_sapiens/SRX22996388.h5ad,2927,10x_Genomics,3_prime_gex,single_cell,Homo sapiens,lung,UBERON:0002048,lung adenocarcinoma,MONDO:0005061,unsure,unsure,no,,,True,PRJNA1055415
SRX19162053,26358122,gs://arc-institute-virtual-cell-atlas/scbasecount/2026-01-12/h5ad/GeneFull/Homo_sapiens/SRX19162053.h5ad,7489,10x_Genomics,5_prime_gex,single_cell,Homo sapiens,"mixture of lung lymph node, mesenteric lymph node, lung",,not specified,,not specified,B cells,no,,,True,PRJNA927026
SRX17689199,24589232,gs://arc-institute-virtual-cell-atlas/scbasecount/2026-01-12/h5ad/GeneFull/Homo_sapiens/SRX17689199.h5ad,2416,10x_Genomics,3_prime_gex,single_cell,Homo sapiens,lung,UBERON:0002048,idiopathic pulmonary fibrosis,MONDO:0800504,none,not_applicable,no,,,True,PRJNA883741
SRX19704151,27011704,gs://arc-institute-virtual-cell-atlas/scbasecount/2026-01-12/h5ad/GeneFull/Homo_sapiens/SRX19704151.h5ad,4882,10x_Genomics,3_prime_gex,single_cell,Homo sapiens,lung,UBERON:0002048,idiopathic pulmonary fibrosis,MONDO:0800504,unsure,not_applicable,no,,,True,PRJNA945854
SRX26487570,35790351,gs://arc-institute-virtual-cell-atlas/scbasecount/2026-01-12/h5ad/GeneFull/Homo_sapiens/SRX26487570.h5ad,11691,10x_Genomics,5_prime_gex,single_cell,Homo sapiens,adjacent normal lung,UBERON:0002048,related to KRAS-mutant lung cancers,,nivolumab and ipilimumab,cryopreserved dissociated tissue,no,,,True,PRJNA1177414
SRX23457980,31689189,gs://arc-institute-virtual-cell-atlas/scbasecount/2026-01-12/h5ad/GeneFull/Homo_sapiens/SRX23457980.h5ad,1246,10x_Genomics,3_prime_gex,single_cell,Homo sapiens,bronchial epithelium,UBERON:0002031,infected by betacoronaviruses,,infected by betacoronaviruses,HBEC organoid-SARS1-1,no,,,True,PRJNA1071273
SRX23115055,31227861,gs://arc-institute-virtual-cell-atlas/scbasecount/2026-01-12/h5ad/GeneFull/Homo_sapiens/SRX23115055.h5ad,10490,10x_Genomics,3_prime_gex,single_cell,Homo sapiens,"human umbilical cord endothelial cells, normal human lung fibroblast",UBERON:0007777,hereditary hemorrhagic telangiectasia (HHT),MONDO:0019180,IPTG 3 mm (used to induce gene knockdown),"human umbilical cord endothelial cells, normal human lung fibroblast",no,,,True,PRJNA1061642
SRX17949765,24890232,gs://arc-institute-virtual-cell-atlas/scbasecount/2026-01-12/h5ad/GeneFull/Homo_sapiens/SRX17949765.h5ad,13430,10x_Genomics,5_prime_gex,single_cell,Homo sapiens,ALI Distal Lung Organoid,UBERON:0002299,Stroke,MONDO:0005098,unsure,"NonImmune, Collagen, Male, 75 years, Non-infected",no,,,True,PRJNA891766
SRX25261769,33603843,gs://arc-institute-virtual-cell-atlas/scbasecount/2026-01-12/h5ad/GeneFull/Homo_sapiens/SRX25261769.h5ad,579,10x_Genomics,5_prime_gex,single_cell,Homo sapiens,bronchoalveolar lavage,,fibrotic hypersensitivity pneumonitis,MONDO:0975896,unsure,unsure,no,,,True,PRJNA1133168
SRX22996374,31070184,gs://arc-institute-virtual-cell-atlas/scbasecount/2026-01-12/h5ad/GeneFull/Homo_sapiens/SRX22996374.h5ad,4842,10x_Genomics,3_prime_gex,single_cell,Homo sapiens,lung,UBERON:0002048,lung adenocarcinoma,MONDO:0005061,unsure,unsure,no,,,True,PRJNA1055415
SRX19704122,27011675,gs://arc-institute-virtual-cell-atlas/scbasecount/2026-01-12/h5ad/GeneFull/Homo_sapiens/SRX19704122.h5ad,5233,10x_Genomics,3_prime_gex,single_cell,Homo sapiens,lung,UBERON:0002048,Idiopathic Pulmonary Fibrosis (IPF),MONDO:0800504,unsure,not_applicable,no,,,True,PRJNA945854
SRX22996339,31070149,gs://arc-institute-virtual-cell-atlas/scbasecount/2026-01-12/h5ad/GeneFull/Homo_sapiens/SRX22996339.h5ad,2293,10x_Genomics,3_prime_gex,single_cell,Homo sapiens,lung,,lung adenocarcinoma,MONDO:0005061,unsure,unsure,no,,,True,PRJNA1055415
SRX19886030,27256577,gs://arc-institute-virtual-cell-atlas/scbasecount/2026-01-12/h5ad/GeneFull/Homo_sapiens/SRX19886030.h5ad,2370,10x_Genomics,3_prime_gex,single_cell,Homo sapiens,lung,UBERON:0002048,non-small cell carcinoma,MONDO:0005233,AMG-510 (1.5 µM) + TEAD inhibitor (500 nM),H-23,no,,,True,PRJNA952672
SRX22996383,31070193,gs://arc-institute-virtual-cell-atlas/scbasecount/2026-01-12/h5ad/GeneFull/Homo_sapiens/SRX22996383.h5ad,5493,10x_Genomics,3_prime_gex,single_cell,Homo sapiens,lung adenocarcinoma,,lung adenocarcinoma,MONDO:0005061,unsure,unsure,no,,,True,PRJNA1055415
SRX22996334,31070144,gs://arc-institute-virtual-cell-atlas/scbasecount/2026-01-12/h5ad/GeneFull/Homo_sapiens/SRX22996334.h5ad,6606,10x_Genomics,3_prime_gex,single_cell,Homo sapiens,lung,UBERON:0002048,lung adenocarcinoma,MONDO:0005061,unsure,unsure,no,,,True,PRJNA1055415
SRX23902413,32207437,gs://arc-institute-virtual-cell-atlas/scbasecount/2026-01-12/h5ad/GeneFull/Homo_sapiens/SRX23902413.h5ad,9598,10x_Genomics,3_prime_gex,single_cell,Homo sapiens,bronchoalveolar lavage fluid,UBERON:0035963,"COPD, pulmonary silicosis, healthy lung",MONDO:0005002,OM-85 150ug/ml + Isotype control Ab,BAL cells,no,,,True,PRJNA1086544
SRX19910918,27285191,gs://arc-institute-virtual-cell-atlas/scbasecount/2026-01-12/h5ad/GeneFull/Homo_sapiens/SRX19910918.h5ad,5302,10x_Genomics,3_prime_gex,single_nucleus,Homo sapiens,lung adjacent normal,UBERON:0002048,early-stage lung adenocarcinoma,MONDO:0005061,R0 resection with lymph node dissection,NYU1368-N,no,,,True,PRJNA953640
SRX18965975,26106275,gs://arc-institute-virtual-cell-atlas/scbasecount/2026-01-12/h5ad/GeneFull/Homo_sapiens/SRX18965975.h5ad,36239,10x_Genomics,multiome,single_cell,Homo sapiens,human airway organoid,UBERON:0001005,none,,vehicle,none,no,,,True,PRJNA919922
SRX22226501,30185150,gs://arc-institute-virtual-cell-atlas/scbasecount/2026-01-12/h5ad/GeneFull/Homo_sapiens/SRX22226501.h5ad,648,10x_Genomics,3_prime_gex,single_cell,Homo sapiens,lung,UBERON:0002048,SARS-CoV-2 infection,MONDO:0100096,SARS,not specified,no,,,True,PRJNA1032112
SRX19730969,27041952,gs://arc-institute-virtual-cell-atlas/scbasecount/2026-01-12/h5ad/GeneFull/Homo_sapiens/SRX19730969.h5ad,574,10x_Genomics,3_prime_gex,single_cell,Homo sapiens,lung tumor,,lung carcinoma,MONDO:0005138,"FACS sorted, transduced with PU.1, IRF8, BATF3, EGFP","Donor: L2061, sorted live (DAPI-), EGFP+, CD45 and HLA-DR",no,,,True,PRJNA934540
SRX24312777,32625511,gs://arc-institute-virtual-cell-atlas/scbasecount/2026-01-12/h5ad/GeneFull/Homo_sapiens/SRX24312777.h5ad,10146,10x_Genomics,3_prime_gex,single_cell,Homo sapiens,fetal lung,UBERON:0002048,unsure,,unsure,unsure,no,,,True,PRJNA1102355
SRX19693839,27001392,gs://arc-institute-virtual-cell-atlas/scbasecount/2026-01-12/h5ad/GeneFull/Homo_sapiens/SRX19693839.h5ad,9007,10x_Genomics,3_prime_gex,single_cell,Homo sapiens,human bronchial epithelial cells (HBE),,not specified,,"normoxia, 6 hours","D66Q, HBE cells (ALI)",no,,,True,PRJNA945417
SRX22226503,30185152,gs://arc-institute-virtual-cell-atlas/scbasecount/2026-01-12/h5ad/GeneFull/Homo_sapiens/SRX22226503.h5ad,1438,10x_Genomics,3_prime_gex,single_cell,Homo sapiens,lung,UBERON:0002048,unsure,,no treatment,unsure,no,,,True,PRJNA1032112
SRX19704126,27011679,gs://arc-institute-virtual-cell-atlas/scbasecount/2026-01-12/h5ad/GeneFull/Homo_sapiens/SRX19704126.h5ad,3666,10x_Genomics,3_prime_gex,single_cell,Homo sapiens,lung,UBERON:0002048,idiopathic pulmonary fibrosis,MONDO:0800504,RBC transfusion support,unsure,no,,,True,PRJNA945854
ERX11876764,36179989,gs://arc-institute-virtual-cell-atlas/scbasecount/2026-01-12/h5ad/GeneFull/Homo_sapiens/ERX11876764.h5ad,3200,10x_Genomics,3_prime_gex,single_cell,Homo sapiens,lung tumor subpleural margin,UBERON:0002401,non-small cell squamous lung carcinoma,MONDO:0056806,samples collected after surgical resection,lymphocyte (sample from a patient),no,,,True,PRJEB71931
SRX19704198,27011751,gs://arc-institute-virtual-cell-atlas/scbasecount/2026-01-12/h5ad/GeneFull/Homo_sapiens/SRX19704198.h5ad,11327,10x_Genomics,3_prime_gex,single_cell,Homo sapiens,lung,UBERON:0002048,Interstitial Pneumonia with Autoimmune Features (IPAF),MONDO:0015925,unsure,unsure,no,,,True,PRJNA945854
SRX17689198,24589231,gs://arc-institute-virtual-cell-atlas/scbasecount/2026-01-12/h5ad/GeneFull/Homo_sapiens/SRX17689198.h5ad,4060,10x_Genomics,3_prime_gex,single_cell,Homo sapiens,lung,UBERON:0002048,idiopathic pulmonary fibrosis,MONDO:0800504,unsure,unsure,no,,,True,PRJNA883741
SRX17689200,24589233,gs://arc-institute-virtual-cell-atlas/scbasecount/2026-01-12/h5ad/GeneFull/Homo_sapiens/SRX17689200.h5ad,4340,10x_Genomics,3_prime_gex,single_cell,Homo sapiens,lung,UBERON:0002048,Idiopathic Pulmonary Fibrosis (IPF),MONDO:0800504,unsure,unsure,no,,,True,PRJNA883741
SRX17689197,24589230,gs://arc-institute-virtual-cell-atlas/scbasecount/2026-01-12/h5ad/GeneFull/Homo_sapiens/SRX17689197.h5ad,6173,10x_Genomics,3_prime_gex,single_cell,Homo sapiens,lung,UBERON:0002048,Idiopathic Pulmonary Fibrosis (IPF),MONDO:0800504,bleomycin-injured Twist1-overexpressing Col1a2 Cre-ER mice,other,no,,,True,PRJNA883741
SRX17689204,24589237,gs://arc-institute-virtual-cell-atlas/scbasecount/2026-01-12/h5ad/GeneFull/Homo_sapiens/SRX17689204.h5ad,4457,10x_Genomics,3_prime_gex,single_cell,Homo sapiens,lung,UBERON:0002048,Idiopathic Pulmonary Fibrosis (IPF),MONDO:0800504,Bleomycin-injured Twist1-overexpressing Col1a2 Cre-ER mice,Single-nucleus ATAC sequencing performed on lung samples from patients with IPF (n=3) and donor c...,no,,,True,PRJNA883741
SRX17689203,24589236,gs://arc-institute-virtual-cell-atlas/scbasecount/2026-01-12/h5ad/GeneFull/Homo_sapiens/SRX17689203.h5ad,3755,10x_Genomics,3_prime_gex,single_nucleus,Homo sapiens,lung,UBERON:0002048,idiopathic pulmonary fibrosis,MONDO:0800504,"Celastrol, Actinonin",unsure,no,,,True,PRJNA883741
SRX17689205,24589238,gs://arc-institute-virtual-cell-atlas/scbasecount/2026-01-12/h5ad/GeneFull/Homo_sapiens/SRX17689205.h5ad,3603,10x_Genomics,5_prime_gex,single_cell,Homo sapiens,lung,,idiopathic pulmonary fibrosis,MONDO:0800504,unsure,unsure,no,,,True,PRJNA883741
SRX17689195,24589228,gs://arc-institute-virtual-cell-atlas/scbasecount/2026-01-12/h5ad/GeneFull/Homo_sapiens/SRX17689195.h5ad,3581,10x_Genomics,3_prime_gex,single_cell,Homo sapiens,lung,UBERON:0002048,normal,,none,SC45,no,,,True,PRJNA883741
SRX17689210,24589243,gs://arc-institute-virtual-cell-atlas/scbasecount/2026-01-12/h5ad/GeneFull/Homo_sapiens/SRX17689210.h5ad,4612,10x_Genomics,5_prime_gex,single_cell,Homo sapiens,"lung, lower lobe",UBERON:0008949,idiopathic pulmonary fibrosis (IPF),MONDO:0800504,CD45+ and EPCAM+ cell populations partially depleted using Miltenyi magnetic bead separation,"Sample Name: SC325, Age of Donor: 73 years, Sex of Donor: Female",no,,,True,PRJNA883741
SRX17689207,24589240,gs://arc-institute-virtual-cell-atlas/scbasecount/2026-01-12/h5ad/GeneFull/Homo_sapiens/SRX17689207.h5ad,3813,10x_Genomics,5_prime_gex,single_cell,Homo sapiens,lung,UBERON:0002048,normal,,none,not_applicable,no,,,True,PRJNA883741
SRX17664572,24564281,gs://arc-institute-virtual-cell-atlas/scbasecount/2026-01-12/h5ad/GeneFull/Homo_sapiens/SRX17664572.h5ad,5086,10x_Genomics,3_prime_gex,single_cell,Homo sapiens,lung,UBERON:0002048,cystic fibrosis,MONDO:0009061,antibiotic treatment for pulmonary exacerbation,other,no,,,True,PRJNA882878
SRX17689211,24589244,gs://arc-institute-virtual-cell-atlas/scbasecount/2026-01-12/h5ad/GeneFull/Homo_sapiens/SRX17689211.h5ad,3123,10x_Genomics,5_prime_gex,single_cell,Homo sapiens,lung,UBERON:0002048,normal,,CD45+ and EPCAM+ cell populations were partially depleted with Miltenyi magnetic bead separation.,"Sample Name: SC333, Age: 62, Sex: Male, Core Code: 2019-113-CORE, Sample Name: CONTROL 4, Protoco...",no,,,True,PRJNA883741
SRX17689212,24589245,gs://arc-institute-virtual-cell-atlas/scbasecount/2026-01-12/h5ad/GeneFull/Homo_sapiens/SRX17689212.h5ad,3470,10x_Genomics,5_prime_gex,single_cell,Homo sapiens,lung,UBERON:0002048,normal,,none,not_applicable,no,,,True,PRJNA883741
SRX23619806,31895527,gs://arc-institute-virtual-cell-atlas/scbasecount/2026-01-12/h5ad/GeneFull/Homo_sapiens/SRX23619806.h5ad,6738,10x_Genomics,3_prime_gex,single_cell,Homo sapiens,pulmonary neuroendocrine cells (PNECs),UBERON:0010002,small cell lung cancer (SCLC),MONDO:0008433,cMYC induction via doxycycline-regulated transgene,RUES2,no,,,True,PRJNA1076461
SRX19704168,27011721,gs://arc-institute-virtual-cell-atlas/scbasecount/2026-01-12/h5ad/GeneFull/Homo_sapiens/SRX19704168.h5ad,1954,10x_Genomics,3_prime_gex,single_cell,Homo sapiens,lung,UBERON:0002048,control,,none,none,no,,,True,PRJNA945854
SRX22834774,30876737,gs://arc-institute-virtual-cell-atlas/scbasecount/2026-01-12/h5ad/GeneFull/Homo_sapiens/SRX22834774.h5ad,2252,10x_Genomics,5_prime_gex,single_cell,Homo sapiens,lung tissue,UBERON:0002048,cancer (lung cancer and melanoma),MONDO:0004992,baseline,unsure,no,,,True,PRJNA1050266
SRX19727427,27037979,gs://arc-institute-virtual-cell-atlas/scbasecount/2026-01-12/h5ad/GeneFull/Homo_sapiens/SRX19727427.h5ad,2183,10x_Genomics,3_prime_gex,single_cell,Homo sapiens,lung,UBERON:0002048,no COPD,,differences in ferroptosis in alveolar macrophages,"wo COPD 3, scRNAseq",no,,,True,PRJNA946652
SRX22226502,30185151,gs://arc-institute-virtual-cell-atlas/scbasecount/2026-01-12/h5ad/GeneFull/Homo_sapiens/SRX22226502.h5ad,3900,10x_Genomics,3_prime_gex,single_cell,Homo sapiens,lung,UBERON:0002048,Acute Respiratory Distress Syndrome (ARDS) from COVID-19,MONDO:0006502,Infection with SARS-CoV-2,other,no,,,True,PRJNA1032112
SRX22996344,31070154,gs://arc-institute-virtual-cell-atlas/scbasecount/2026-01-12/h5ad/GeneFull/Homo_sapiens/SRX22996344.h5ad,4404,10x_Genomics,3_prime_gex,single_cell,Homo sapiens,lung,UBERON:0002048,lung adenocarcinoma (LUAD),MONDO:0005061,unsure,MRC007 Adeno_2,no,,,True,PRJNA1055415
SRX22996325,31070135,gs://arc-institute-virtual-cell-atlas/scbasecount/2026-01-12/h5ad/GeneFull/Homo_sapiens/SRX22996325.h5ad,3357,10x_Genomics,3_prime_gex,single_cell,Homo sapiens,lung,UBERON:0002048,lung adenocarcinoma,MONDO:0005061,unsure,unsure,no,,,True,PRJNA1055415
SRX24312787,32625521,gs://arc-institute-virtual-cell-atlas/scbasecount/2026-01-12/h5ad/GeneFull/Homo_sapiens/SRX24312787.h5ad,6516,10x_Genomics,3_prime_gex,single_cell,Homo sapiens,fetal lung,UBERON:0002048,unsure,,unsure,unsure,no,,,True,PRJNA1102355
SRX23619807,31895528,gs://arc-institute-virtual-cell-atlas/scbasecount/2026-01-12/h5ad/GeneFull/Homo_sapiens/SRX23619807.h5ad,8097,10x_Genomics,3_prime_gex,single_cell,Homo sapiens,Human embryonic stem cell-derived pulmonary neuroendocrine cells,UBERON:0010002,Model for small cell lung cancer (SCLC),MONDO:0008433,Doxycycline-regulated expression of wild-type or mutant cMYC transgene combined with reduced expression of TP53 and RB1,RUES2 RPM WT,no,,,True,PRJNA1076461
SRX23619809,31895530,gs://arc-institute-virtual-cell-atlas/scbasecount/2026-01-12/h5ad/GeneFull/Homo_sapiens/SRX23619809.h5ad,6847,10x_Genomics,3_prime_gex,single_cell,Homo sapiens,pulmonary neuroendocrine cells,UBERON:0010002,small cell lung cancer,MONDO:0008433,doxycycline-regulated cMYC expression,RUES2-derived,no,,,True,PRJNA1076461
SRX17772371,24681185,gs://arc-institute-virtual-cell-atlas/scbasecount/2026-01-12/h5ad/GeneFull/Homo_sapiens/SRX17772371.h5ad,9136,10x_Genomics,3_prime_gex,single_cell,Homo sapiens,bronchial cells,UBERON:0002031,inflammation related to diesel particulate matter,MONDO:0021166,exposure to diesel particulate matter,human bronchial cells,no,,,True,PRJNA886085
SRX17689206,24589239,gs://arc-institute-virtual-cell-atlas/scbasecount/2026-01-12/h5ad/GeneFull/Homo_sapiens/SRX17689206.h5ad,1633,10x_Genomics,5_prime_gex,single_cell,Homo sapiens,lung,UBERON:0002048,normal,,none,not specified,no,,,True,PRJNA883741
SRX17896693,24830389,gs://arc-institute-virtual-cell-atlas/scbasecount/2026-01-12/h5ad/GeneFull/Homo_sapiens/SRX17896693.h5ad,2992,10x_Genomics,3_prime_gex,single_cell,Homo sapiens,hESC-derived distal lung organoid,UBERON:0002048,unsure,,unsure,RUES2,no,,,True,PRJNA890673
SRX23838225,32140604,gs://arc-institute-virtual-cell-atlas/scbasecount/2026-01-12/h5ad/GeneFull/Homo_sapiens/SRX23838225.h5ad,7059,10x_Genomics,3_prime_gex,single_cell,Homo sapiens,Pulmonary neuroendocrine cells derived from human embryonic stem cells (hESCs),UBERON:0010002,Model for small cell lung cancer (SCLC),MONDO:0008433,Doxycycline-regulated expression of wild-type or mutant cMYC in a background of reduced TP53 and RB1 expression,RUES2-derived RPM and RPM(T58A) cultures,no,,,True,PRJNA1076461
SRX17896694,24830390,gs://arc-institute-virtual-cell-atlas/scbasecount/2026-01-12/h5ad/GeneFull/Homo_sapiens/SRX17896694.h5ad,2444,10x_Genomics,3_prime_gex,single_cell,Homo sapiens,hESC-derived distal lung organoid,UBERON:0008870,Parkinson Disease,MONDO:0005180,unsure,Rockefeller University Embryonic Stem Cell Line 2 (RUES2),no,,,True,PRJNA890673
SRX17689209,24589242,gs://arc-institute-virtual-cell-atlas/scbasecount/2026-01-12/h5ad/GeneFull/Homo_sapiens/SRX17689209.h5ad,3460,10x_Genomics,5_prime_gex,single_cell,Homo sapiens,lung,UBERON:0002048,Idiopathic Pulmonary Fibrosis (IPF),MONDO:0800504,bleomycin-injured Twist1-overexpressing,SC323 (GSM6598831),no,,,True,PRJNA883741
SRX23886072,32190814,gs://arc-institute-virtual-cell-atlas/scbasecount/2026-01-12/h5ad/GeneFull/Homo_sapiens/SRX23886072.h5ad,1058,10x_Genomics,3_prime_gex,single_cell,Homo sapiens,pleural mesothelioma,UBERON:0003390,unsure,,unsure,unsure,maybe,,,True,PRJNA787622
SRX17896691,24830387,gs://arc-institute-virtual-cell-atlas/scbasecount/2026-01-12/h5ad/GeneFull/Homo_sapiens/SRX17896691.h5ad,3164,10x_Genomics,3_prime_gex,single_cell,Homo sapiens,hESC-derived distal lung organoid,UBERON:0002299,"interstitial lung disease, viral infection, human lung development",MONDO:0015925,unsure,Rockefeller University Embryonic Stem Cell Line 2 (RUES2),no,,,True,PRJNA890673
SRX23886073,32190815,gs://arc-institute-virtual-cell-atlas/scbasecount/2026-01-12/h5ad/GeneFull/Homo_sapiens/SRX23886073.h5ad,1357,10x_Genomics,3_prime_gex,single_cell,Homo sapiens,pleural,UBERON:0000977,mesothelioma,MONDO:0005065,unsure,unsure,no,,,True,PRJNA787622
SRX16217005,22921627,gs://arc-institute-virtual-cell-atlas/scbasecount/2026-01-12/h5ad/GeneFull/Homo_sapiens/SRX16217005.h5ad,8128,10x_Genomics,3_prime_gex,single_cell,Homo sapiens,lung tumour,UBERON:0002048,cancer,MONDO:0004992,"DP47, PD1-TIM3, PD1-LAG3, anti-PD1, control isotype",CD45+,maybe,,,True,PRJNA858410
SRX17150748,23953746,gs://arc-institute-virtual-cell-atlas/scbasecount/2026-01-12/h5ad/GeneFull/Homo_sapiens/SRX17150748.h5ad,12224,10x_Genomics,3_prime_gex,single_cell,Homo sapiens,lung,UBERON:0002048,duodenal gastrointestinal stromal tumors,MONDO:0006159,irradiated A549 cells (6 Gy γ-ray treatment),A549,no,,,True,PRJNA871210
SRX17035590,23822841,gs://arc-institute-virtual-cell-atlas/scbasecount/2026-01-12/h5ad/GeneFull/Homo_sapiens/SRX17035590.h5ad,1792,10x_Genomics,3_prime_gex,single_cell,Homo sapiens,normal lung,UBERON:0002048,non-small cell lung cancer (NSCLC),MONDO:0005233,samples from healthy individuals and NSCLC patients post-surgery,Treg cells and CD8+ T cells,no,,,True,PRJNA868764
SRX17941758,24882224,gs://arc-institute-virtual-cell-atlas/scbasecount/2026-01-12/h5ad/GeneFull/Homo_sapiens/SRX17941758.h5ad,4715,10x_Genomics,3_prime_gex,single_cell,Homo sapiens,lung carcinoma cell line (A549),,lung cancer,MONDO:0008903,"lentiviral pool, tamoxifen-inducible Cas9, puromycin selection",A549,no,,,True,PRJNA891742
SRX16217016,22921638,gs://arc-institute-virtual-cell-atlas/scbasecount/2026-01-12/h5ad/GeneFull/Homo_sapiens/SRX16217016.h5ad,12855,10x_Genomics,3_prime_gex,single_cell,Homo sapiens,lung tumour,,cancer immunotherapy,MONDO:0004992,PD1-LAG3 treatment for 96 hours,CD45+ cells from tumor suspensions of patients,no,,,True,PRJNA858410
SRX17949771,24890238,gs://arc-institute-virtual-cell-atlas/scbasecount/2026-01-12/h5ad/GeneFull/Homo_sapiens/SRX17949771.h5ad,6761,10x_Genomics,5_prime_gex,single_cell,Homo sapiens,distal lung,UBERON:0008874,non-infected,,unsure,unsure,no,,,True,PRJNA891766
SRX17949772,24890239,gs://arc-institute-virtual-cell-atlas/scbasecount/2026-01-12/h5ad/GeneFull/Homo_sapiens/SRX17949772.h5ad,5244,10x_Genomics,5_prime_gex,single_cell,Homo sapiens,ALI Distal Lung Organoid,,non-infected,,none,"ALI Distal Lung Organoid, 76 years, male",no,,,True,PRJNA891766
SRX17949768,24890235,gs://arc-institute-virtual-cell-atlas/scbasecount/2026-01-12/h5ad/GeneFull/Homo_sapiens/SRX17949768.h5ad,6549,10x_Genomics,5_prime_gex,single_cell,Homo sapiens,ALI Distal Lung Organoid,UBERON:0002299,non-infected,,organoids harvested from collagen; analyzed using scRNAseq,"immune, male, 66 years",no,,,True,PRJNA891766
SRX16217009,22921631,gs://arc-institute-virtual-cell-atlas/scbasecount/2026-01-12/h5ad/GeneFull/Homo_sapiens/SRX16217009.h5ad,22322,10x_Genomics,3_prime_gex,single_cell,Homo sapiens,lung tumour,UBERON:0002048,cancer immunotherapy,MONDO:0004992,DP47 treatment with bispecific antibodies targeting PD1 and TIM3 or LAG3,CD45+ cells from tumor suspensions,no,,,True,PRJNA858410
SRX17949766,24890233,gs://arc-institute-virtual-cell-atlas/scbasecount/2026-01-12/h5ad/GeneFull/Homo_sapiens/SRX17949766.h5ad,4133,10x_Genomics,5_prime_gex,single_cell,Homo sapiens,ALI Distal Lung Organoid,UBERON:0002299,not_applicable,,non-infected,Immune,no,,,True,PRJNA891766
SRX17949764,24890231,gs://arc-institute-virtual-cell-atlas/scbasecount/2026-01-12/h5ad/GeneFull/Homo_sapiens/SRX17949764.h5ad,11757,10x_Genomics,5_prime_gex,single_cell,Homo sapiens,ALI Distal Lung Organoid,UBERON:0002299,non-infected,,organoids harvested from collagen; analyzed using scRNAseq,ALI Distal Lung Organoid,no,,,True,PRJNA891766
SRX17949767,24890234,gs://arc-institute-virtual-cell-atlas/scbasecount/2026-01-12/h5ad/GeneFull/Homo_sapiens/SRX17949767.h5ad,7578,10x_Genomics,5_prime_gex,single_cell,Homo sapiens,ALI Distal Lung Organoid,UBERON:0004821,unsure,,unsure,"NonImmune, Suspension, Female, 48 years, Non-infected",no,,,True,PRJNA891766
SRX12868714,17542898,gs://arc-institute-virtual-cell-atlas/scbasecount/2026-01-12/h5ad/GeneFull/Homo_sapiens/SRX12868714.h5ad,11325,10x_Genomics,3_prime_gex,single_cell,Homo sapiens,lung,UBERON:0002048,"lung adenocarcinoma, stage IA",MONDO:0005061,left lower lobe superior segmentectomy,not_applicable,no,,,True,PRJNA773987
SRX16757154,23514453,gs://arc-institute-virtual-cell-atlas/scbasecount/2026-01-12/h5ad/GeneFull/Homo_sapiens/SRX16757154.h5ad,6218,10x_Genomics,3_prime_gex,single_cell,Homo sapiens,medium/small size pulmonary artery,UBERON:8600060,healthy control,,unsure,PA resident cells,no,,,True,PRJNA864822
SRX24073315,32380755,gs://arc-institute-virtual-cell-atlas/scbasecount/2026-01-12/h5ad/GeneFull/Homo_sapiens/SRX24073315.h5ad,2250,10x_Genomics,3_prime_gex,single_cell,Homo sapiens,Airway explants and precision cut lung slices (PCLS),"UBERON:0001005,UBERON:0002048",Non-disease,,"Fresh tissue, no additional treatment",None,no,,,True,PRJNA1092571
SRX24073311,32380751,gs://arc-institute-virtual-cell-atlas/scbasecount/2026-01-12/h5ad/GeneFull/Homo_sapiens/SRX24073311.h5ad,3999,10x_Genomics,3_prime_gex,single_cell,Homo sapiens,Airway,UBERON:0001005,unsure,,unsure,Large airway explants,no,,,True,PRJNA1092571
SRX24073309,32380749,gs://arc-institute-virtual-cell-atlas/scbasecount/2026-01-12/h5ad/GeneFull/Homo_sapiens/SRX24073309.h5ad,2691,10x_Genomics,3_prime_gex,single_cell,Homo sapiens,lung,UBERON:0002048,none,,"cryopreservation, enzymatic digestion, culture",none,no,,,True,PRJNA1092571
SRX24073303,32380743,gs://arc-institute-virtual-cell-atlas/scbasecount/2026-01-12/h5ad/GeneFull/Homo_sapiens/SRX24073303.h5ad,2658,10x_Genomics,3_prime_gex,single_cell,Homo sapiens,airway explants,UBERON:0001005,non-disease,,prolonged culture treatment,none,no,,,True,PRJNA1092571
SRX14891764,21326078,gs://arc-institute-virtual-cell-atlas/scbasecount/2026-01-12/h5ad/GeneFull/Homo_sapiens/SRX14891764.h5ad,9558,10x_Genomics,3_prime_gex,single_cell,Homo sapiens,lung,UBERON:0002048,multiple primary lung cancer (MPLC),MONDO:0008903,unsure,unsure,no,,,True,PRJNA827791
SRX24073302,32380742,gs://arc-institute-virtual-cell-atlas/scbasecount/2026-01-12/h5ad/GeneFull/Homo_sapiens/SRX24073302.h5ad,6609,10x_Genomics,3_prime_gex,single_cell,Homo sapiens,Airway,UBERON:0001005,Non-disease status,,Fresh condition,Large airway explants,no,,,True,PRJNA1092571
SRX15325286,21862129,gs://arc-institute-virtual-cell-atlas/scbasecount/2026-01-12/h5ad/GeneFull/Homo_sapiens/SRX15325286.h5ad,1687,10x_Genomics,5_prime_gex,single_cell,Homo sapiens,upper bronchial airways,UBERON:0002182,grass pollen-allergic,MONDO:0004784,allergen-specific immunotherapy (AIT),airway epithelium,no,,,True,PRJNA839251
SRX24073323,32380763,gs://arc-institute-virtual-cell-atlas/scbasecount/2026-01-12/h5ad/GeneFull/Homo_sapiens/SRX24073323.h5ad,3236,10x_Genomics,3_prime_gex,single_cell,Homo sapiens,"lung parenchyma, large airway explants, small airway explants, precision cut lung slices","UBERON:0008946,UBERON:0003126,UBERON:8600000,UBERON:0002048",none,,prolonged/explant culture with cryopreservation,not_applicable,no,,,True,PRJNA1092571
SRX24073324,32380764,gs://arc-institute-virtual-cell-atlas/scbasecount/2026-01-12/h5ad/GeneFull/Homo_sapiens/SRX24073324.h5ad,2560,10x_Genomics,3_prime_gex,single_cell,Homo sapiens,"Large Airway Explants, Small Airway Explants, Precision Cut Lung Slices","UBERON:0003126,UBERON:0002186,UBERON:0002048",non-disease donor lungs,,"culture durations (0, 2, 14 days)",none,no,,,True,PRJNA1092571
SRX24073304,32380744,gs://arc-institute-virtual-cell-atlas/scbasecount/2026-01-12/h5ad/GeneFull/Homo_sapiens/SRX24073304.h5ad,2899,10x_Genomics,3_prime_gex,single_cell,Homo sapiens,"lung explants (large airway, small airway, precision cut lung slices)","UBERON:0003126,UBERON:0002186,UBERON:0002048",non-disease,,"cryopreserved and cultured for 0, 2, or 14 days",none,no,,,True,PRJNA1092571
SRX24073308,32380748,gs://arc-institute-virtual-cell-atlas/scbasecount/2026-01-12/h5ad/GeneFull/Homo_sapiens/SRX24073308.h5ad,4459,10x_Genomics,3_prime_gex,single_cell,Homo sapiens,"lung parenchyma, large airway, small airway, precision cut lung slices","UBERON:0008946,UBERON:0003126,UBERON:0002186,UBERON:0002048",non-disease (healthy),,"cryopreservation, thawing, enzymatic digestion",none,no,,,True,PRJNA1092571
SRX24073322,32380762,gs://arc-institute-virtual-cell-atlas/scbasecount/2026-01-12/h5ad/GeneFull/Homo_sapiens/SRX24073322.h5ad,3649,10x_Genomics,3_prime_gex,single_cell,Homo sapiens,"large airway explants, small airway explants, precision cut lung slices","UBERON:0003126,UBERON:0002186,UBERON:0002048",none,,"cultured for 0, 2, and 14 days",none,no,,,True,PRJNA1092571
SRX24073320,32380760,gs://arc-institute-virtual-cell-atlas/scbasecount/2026-01-12/h5ad/GeneFull/Homo_sapiens/SRX24073320.h5ad,4835,10x_Genomics,3_prime_gex,single_cell,Homo sapiens,small airway explants from non-diseased human lung tissue,UBERON:0004815,none,,none,none,no,,,True,PRJNA1092571
SRX14891759,21326073,gs://arc-institute-virtual-cell-atlas/scbasecount/2026-01-12/h5ad/GeneFull/Homo_sapiens/SRX14891759.h5ad,9595,10x_Genomics,3_prime_gex,single_cell,Homo sapiens,lung,,multiple primary lung cancer (MPLC),MONDO:0008903,unsure,unsure,no,,,True,PRJNA827791
SRX24073321,32380761,gs://arc-institute-virtual-cell-atlas/scbasecount/2026-01-12/h5ad/GeneFull/Homo_sapiens/SRX24073321.h5ad,2584,10x_Genomics,3_prime_gex,single_cell,Homo sapiens,"Airway explants from non-disease human lung tissue, including large airway explants (LAE), small airway explants (SAE), and precision cut lung slices (PCLS)","UBERON:0002185,UBERON:0002186,UBERON:0002048",None,,"Cryopreservation and culture time-points (e.g., fresh, day 2, day 14)",None,no,,,True,PRJNA1092571
SRX17150750,23953748,gs://arc-institute-virtual-cell-atlas/scbasecount/2026-01-12/h5ad/GeneFull/Homo_sapiens/SRX17150750.h5ad,16161,10x_Genomics,3_prime_gex,single_cell,Homo sapiens,lung cancer,UBERON:0002048,lung adenocarcinoma,MONDO:0005061,irradiation (IR 6h),A549,no,,,True,PRJNA871210
SRX24073314,32380754,gs://arc-institute-virtual-cell-atlas/scbasecount/2026-01-12/h5ad/GeneFull/Homo_sapiens/SRX24073314.h5ad,5134,10x_Genomics,3_prime_gex,single_cell,Homo sapiens,Airway,UBERON:0001005,Not indicated (non-disease),,"Specific culture conditions (e.g., a 14‐day condition)",Small airway explants,no,,,True,PRJNA1092571
SRX24073313,32380753,gs://arc-institute-virtual-cell-atlas/scbasecount/2026-01-12/h5ad/GeneFull/Homo_sapiens/SRX24073313.h5ad,5682,10x_Genomics,3_prime_gex,single_cell,Homo sapiens,Airway,UBERON:0001005,unsure,,"0 (fresh), 2, and 14 days in culture",Small airway explants,no,,,True,PRJNA1092571
SRX24073325,32380765,gs://arc-institute-virtual-cell-atlas/scbasecount/2026-01-12/h5ad/GeneFull/Homo_sapiens/SRX24073325.h5ad,3702,10x_Genomics,3_prime_gex,single_cell,Homo sapiens,lung tissue (airway explants and precision cut lung slices),UBERON:0002048,non-disease,,none,none,no,,,True,PRJNA1092571
SRX24073317,32380757,gs://arc-institute-virtual-cell-atlas/scbasecount/2026-01-12/h5ad/GeneFull/Homo_sapiens/SRX24073317.h5ad,7016,10x_Genomics,3_prime_gex,single_cell,Homo sapiens,"large airway explant, small airway explant, precision cut lung slices","UBERON:0003126,UBERON:0002186,UBERON:0002048",non-diseased,,fresh (0 day in culture),not_applicable,no,,,True,PRJNA1092571
SRX15263316,21790937,gs://arc-institute-virtual-cell-atlas/scbasecount/2026-01-12/h5ad/GeneFull/Homo_sapiens/SRX15263316.h5ad,5356,10x_Genomics,5_prime_gex,single_cell,Homo sapiens,airway organoids,UBERON:0001005,SARS-CoV-2 infection,MONDO:0100096,SARS-CoV-2 infection,H1 (CIART Knockout),no,,,True,PRJNA837899
SRX24028452,32335133,gs://arc-institute-virtual-cell-atlas/scbasecount/2026-01-12/h5ad/GeneFull/Homo_sapiens/SRX24028452.h5ad,9823,10x_Genomics,3_prime_gex,single_cell,Homo sapiens,Pleural effusion,UBERON:0000175,Metastatic HR+/HER2- breast cancer,MONDO:0700079,CDK4/6 inhibitor treatment,None – primary patient sample,no,,,True,PRJNA1090971
SRX24073312,32380752,gs://arc-institute-virtual-cell-atlas/scbasecount/2026-01-12/h5ad/GeneFull/Homo_sapiens/SRX24073312.h5ad,6420,10x_Genomics,3_prime_gex,single_cell,Homo sapiens,Airway,UBERON:0001005,Non-disease human lung tissue,,fresh preparation,Small airway explants,no,,,True,PRJNA1092571
SRX24073318,32380758,gs://arc-institute-virtual-cell-atlas/scbasecount/2026-01-12/h5ad/GeneFull/Homo_sapiens/SRX24073318.h5ad,3380,10x_Genomics,3_prime_gex,single_cell,Homo sapiens,lung,UBERON:0002048,non-disease,,cryopreserved tissues cultured for different durations,Large airway explants,no,,,True,PRJNA1092571
SRX16217017,22921639,gs://arc-institute-virtual-cell-atlas/scbasecount/2026-01-12/h5ad/GeneFull/Homo_sapiens/SRX16217017.h5ad,12450,10x_Genomics,3_prime_gex,single_cell,Homo sapiens,lung tumour,UBERON:0002048,chronic kidney disease related to anemia,MONDO:0005300,DP47 for 96 hours,CD45+,maybe,,,True,PRJNA858410
SRX15325285,21862128,gs://arc-institute-virtual-cell-atlas/scbasecount/2026-01-12/h5ad/GeneFull/Homo_sapiens/SRX15325285.h5ad,15563,10x_Genomics,5_prime_gex,single_cell,Homo sapiens,upper bronchial airways,UBERON:0002185,grass pollen-allergic,MONDO:0004784,IL4 treated,airway epithelium,no,,,True,PRJNA839251
SRX24073319,32380759,gs://arc-institute-virtual-cell-atlas/scbasecount/2026-01-12/h5ad/GeneFull/Homo_sapiens/SRX24073319.h5ad,5023,10x_Genomics,3_prime_gex,single_cell,Homo sapiens,lung tissue,UBERON:0002048,no disease,,"cryopreservation, enzymatic digestion, mechanical pipetting",none,no,,,True,PRJNA1092571
SRX15805161,22459322,gs://arc-institute-virtual-cell-atlas/scbasecount/2026-01-12/h5ad/GeneFull/Homo_sapiens/SRX15805161.h5ad,2860,10x_Genomics,5_prime_gex,single_cell,Homo sapiens,lung,UBERON:0002048,unsure,,unsure,unsure,no,,,True,PRJNA851108
SRX24073310,32380750,gs://arc-institute-virtual-cell-atlas/scbasecount/2026-01-12/h5ad/GeneFull/Homo_sapiens/SRX24073310.h5ad,8123,10x_Genomics,3_prime_gex,single_cell,Homo sapiens,lung airway explant,UBERON:0002186,none,,2-day culture,none,no,,,True,PRJNA1092571
SRX24073305,32380745,gs://arc-institute-virtual-cell-atlas/scbasecount/2026-01-12/h5ad/GeneFull/Homo_sapiens/SRX24073305.h5ad,4116,10x_Genomics,3_prime_gex,single_cell,Homo sapiens,"airway explants, precision cut lung slices","UBERON:0001005,UBERON:0002048",non-diseased donors,,"cryopreserved, thawed, enzymatically dissociated, cultured for 0, 2, and 14 days",none,no,,,True,PRJNA1092571
SRX16217006,22921628,gs://arc-institute-virtual-cell-atlas/scbasecount/2026-01-12/h5ad/GeneFull/Homo_sapiens/SRX16217006.h5ad,12622,10x_Genomics,3_prime_gex,single_cell,Homo sapiens,lung tumor,,cancer,MONDO:0004992,PD1 treatment for 96 hours,CD45+ cells,maybe,,,True,PRJNA858410
SRX16217004,22921626,gs://arc-institute-virtual-cell-atlas/scbasecount/2026-01-12/h5ad/GeneFull/Homo_sapiens/SRX16217004.h5ad,12292,10x_Genomics,3_prime_gex,single_cell,Homo sapiens,lung tumor,UBERON:0002048,related to lung tumor,MONDO:0008903,PD1-LAG3 treatment for 48 hours,CD45+,maybe,,,True,PRJNA858410
SRX15325287,21862130,gs://arc-institute-virtual-cell-atlas/scbasecount/2026-01-12/h5ad/GeneFull/Homo_sapiens/SRX15325287.h5ad,10231,10x_Genomics,5_prime_gex,single_cell,Homo sapiens,upper bronchial airways,UBERON:0002185,grass pollen-allergic,MONDO:0004784,IL-4 treated,airway epithelium (derived from ALI culture),no,,,True,PRJNA839251
SRX16757153,23514452,gs://arc-institute-virtual-cell-atlas/scbasecount/2026-01-12/h5ad/GeneFull/Homo_sapiens/SRX16757153.h5ad,601,10x_Genomics,3_prime_gex,single_cell,Homo sapiens,medium/small size pulmonary artery,UBERON:8600060,healthy control,,unsure,PA resident cells,no,,,True,PRJNA864822
SRX15805174,22459335,gs://arc-institute-virtual-cell-atlas/scbasecount/2026-01-12/h5ad/GeneFull/Homo_sapiens/SRX15805174.h5ad,2914,10x_Genomics,5_prime_gex,single_cell,Homo sapiens,lung lymph node,UBERON:0035764,none,,none,none,no,,,True,PRJNA851108
SRX12868716,17542900,gs://arc-institute-virtual-cell-atlas/scbasecount/2026-01-12/h5ad/GeneFull/Homo_sapiens/SRX12868716.h5ad,10689,10x_Genomics,3_prime_gex,single_cell,Homo sapiens,lung,UBERON:0002048,"Normal appearing adjacent lung tissue from lung adenocarcinoma patient, Stage IA",,"Right upper lobe, segmentectomy",other,no,,,True,PRJNA773987
SRX16217013,22921635,gs://arc-institute-virtual-cell-atlas/scbasecount/2026-01-12/h5ad/GeneFull/Homo_sapiens/SRX16217013.h5ad,9927,10x_Genomics,3_prime_gex,single_cell,Homo sapiens,lung tumour,,cancer immunotherapy,MONDO:0004992,DP47 treatment with bispecific antibodies,CD45+ cells from tumor suspensions,no,,,True,PRJNA858410
SRX24073316,32380756,gs://arc-institute-virtual-cell-atlas/scbasecount/2026-01-12/h5ad/GeneFull/Homo_sapiens/SRX24073316.h5ad,3190,10x_Genomics,3_prime_gex,single_cell,Homo sapiens,"lung parenchyma, large airway explants, small airway explants, precision cut lung slices","UBERON:0008946,UBERON:0003126,UBERON:0002186,UBERON:0002048",non-diseased,,"cryopreservation, culturing, enzymatic dissociation",none,no,,,True,PRJNA1092571
SRX24073307,32380747,gs://arc-institute-virtual-cell-atlas/scbasecount/2026-01-12/h5ad/GeneFull/Homo_sapiens/SRX24073307.h5ad,2556,10x_Genomics,3_prime_gex,single_cell,Homo sapiens,"Large airway explants (LAE), small airway explants (SAE), precision cut lung slides (PCLS)","UBERON:0003126,UBERON:8600000,UBERON:0002048",non-disease,,"cryopreserved after 0 (fresh), 2 and 14 days in culture",none,no,,,True,PRJNA1092571
SRX14891761,21326075,gs://arc-institute-virtual-cell-atlas/scbasecount/2026-01-12/h5ad/GeneFull/Homo_sapiens/SRX14891761.h5ad,9514,10x_Genomics,3_prime_gex,single_cell,Homo sapiens,lung,UBERON:0002048,multiple primary lung cancer (MPLC),MONDO:0008903,unsure,unsure,no,,,True,PRJNA827791
SRX24073306,32380746,gs://arc-institute-virtual-cell-atlas/scbasecount/2026-01-12/h5ad/GeneFull/Homo_sapiens/SRX24073306.h5ad,3033,10x_Genomics,3_prime_gex,single_cell,Homo sapiens,Airway,UBERON:0001005,Not reported,,Not reported,Small airway explants,no,,,True,PRJNA1092571
SRX17150749,23953747,gs://arc-institute-virtual-cell-atlas/scbasecount/2026-01-12/h5ad/GeneFull/Homo_sapiens/SRX17150749.h5ad,15150,10x_Genomics,3_prime_gex,single_cell,Homo sapiens,lung,UBERON:0002048,lung adenocarcinoma,MONDO:0005061,6 Gy γ-ray treatment,A549,no,,,True,PRJNA871210
SRX16217015,22921637,gs://arc-institute-virtual-cell-atlas/scbasecount/2026-01-12/h5ad/GeneFull/Homo_sapiens/SRX16217015.h5ad,18221,10x_Genomics,3_prime_gex,single_cell,Homo sapiens,lung tumour,UBERON:0002048,cancer immunotherapy,MONDO:0004992,PD1-TIM3,CD45+,maybe,,,True,PRJNA858410
SRX17035588,23822839,gs://arc-institute-virtual-cell-atlas/scbasecount/2026-01-12/h5ad/GeneFull/Homo_sapiens/SRX17035588.h5ad,1359,10x_Genomics,3_prime_gex,single_cell,Homo sapiens,normal lung,UBERON:0002048,non-small cell lung cancer (NSCLC),MONDO:0005233,surgery for curative resection,Treg cells and CD8+ T cells from normal lung tissues and tumor-infiltrating lymphocytes (TILs) of...,no,,,True,PRJNA868764
SRX18221589,25204693,gs://arc-institute-virtual-cell-atlas/scbasecount/2026-01-12/h5ad/GeneFull/Homo_sapiens/SRX18221589.h5ad,4495,10x_Genomics,3_prime_gex,single_cell,Homo sapiens,airway epithelium,UBERON:0004802,primary ciliary dyskinesia (PCD) related to DNAH5 mutation,MONDO:0016575,12 years old (age of the patient),"airway organoid, Normal, rep1 (wild type genotype)",no,,,True,PRJNA899793
SRX18248068,25232717,gs://arc-institute-virtual-cell-atlas/scbasecount/2026-01-12/h5ad/GeneFull/Homo_sapiens/SRX18248068.h5ad,3349,10x_Genomics,3_prime_gex,single_cell,Homo sapiens,lung,UBERON:0002048,lung adenocarcinoma,MONDO:0005061,unsure,unsure,no,,,True,PRJNA901260
SRX18221588,25204692,gs://arc-institute-virtual-cell-atlas/scbasecount/2026-01-12/h5ad/GeneFull/Homo_sapiens/SRX18221588.h5ad,6283,10x_Genomics,3_prime_gex,single_cell,Homo sapiens,airway epithelium,UBERON:0004802,primary ciliary dyskinesia due to DNAH5 mutation,MONDO:0016575,12 years old (age of the patient),airway organoid with DNAH5 mutation,no,,,True,PRJNA899793
SRX18235831,25219307,gs://arc-institute-virtual-cell-atlas/scbasecount/2026-01-12/h5ad/GeneFull/Homo_sapiens/SRX18235831.h5ad,5317,10x_Genomics,3_prime_gex,single_cell,Homo sapiens,pleural effusion,UBERON:0000175,adult acute monocytic leukemia,MONDO:0007896,CROP-seq (CRISPR screening),U-937,no,,,True,PRJNA900364
SRX18248066,25232715,gs://arc-institute-virtual-cell-atlas/scbasecount/2026-01-12/h5ad/GeneFull/Homo_sapiens/SRX18248066.h5ad,8791,10x_Genomics,3_prime_gex,single_cell,Homo sapiens,lung,UBERON:0002048,lung adenocarcinoma,MONDO:0005061,unsure,unsure,no,,,True,PRJNA901260
SRX18248065,25232714,gs://arc-institute-virtual-cell-atlas/scbasecount/2026-01-12/h5ad/GeneFull/Homo_sapiens/SRX18248065.h5ad,13440,10x_Genomics,3_prime_gex,single_cell,Homo sapiens,lung,UBERON:0002048,lung adenocarcinoma,MONDO:0005061,unsure,unsure,no,,,True,PRJNA901260
SRX18248062,25232711,gs://arc-institute-virtual-cell-atlas/scbasecount/2026-01-12/h5ad/GeneFull/Homo_sapiens/SRX18248062.h5ad,13330,10x_Genomics,3_prime_gex,single_cell,Homo sapiens,lung,UBERON:0002048,lung adenocarcinoma,MONDO:0005061,unsure,unsure,no,,,True,PRJNA901260
SRX18248064,25232713,gs://arc-institute-virtual-cell-atlas/scbasecount/2026-01-12/h5ad/GeneFull/Homo_sapiens/SRX18248064.h5ad,21137,10x_Genomics,3_prime_gex,single_cell,Homo sapiens,lung,UBERON:0002048,lung adenocarcinoma,MONDO:0005061,unsure,unsure,no,,,True,PRJNA901260
SRX15263318,21790939,gs://arc-institute-virtual-cell-atlas/scbasecount/2026-01-12/h5ad/GeneFull/Homo_sapiens/SRX15263318.h5ad,4150,10x_Genomics,5_prime_gex,single_cell,Homo sapiens,airway organoids,UBERON:0000167,SARS-CoV-2 infection,MONDO:0100096,SARS-CoV-2 infection,H1 (WT),no,,,True,PRJNA837899
SRX18248063,25232712,gs://arc-institute-virtual-cell-atlas/scbasecount/2026-01-12/h5ad/GeneFull/Homo_sapiens/SRX18248063.h5ad,9507,10x_Genomics,3_prime_gex,single_cell,Homo sapiens,lung,UBERON:0002048,lung adenocarcinoma,MONDO:0005061,unsure,unsure,no,,,True,PRJNA901260
SRX14891765,21326079,gs://arc-institute-virtual-cell-atlas/scbasecount/2026-01-12/h5ad/GeneFull/Homo_sapiens/SRX14891765.h5ad,6620,10x_Genomics,3_prime_gex,single_cell,Homo sapiens,lung,UBERON:0002048,multiple primary lung cancer (MPLC),MONDO:0008903,unsure,unsure,no,,,True,PRJNA827791
SRX16217002,22921624,gs://arc-institute-virtual-cell-atlas/scbasecount/2026-01-12/h5ad/GeneFull/Homo_sapiens/SRX16217002.h5ad,15289,10x_Genomics,3_prime_gex,single_cell,Homo sapiens,lung tumour,,cancer immunotherapy,MONDO:0004992,PD1 treatment,CD45+,maybe,,,True,PRJNA858410
SRX17137141,23938062,gs://arc-institute-virtual-cell-atlas/scbasecount/2026-01-12/h5ad/GeneFull/Homo_sapiens/SRX17137141.h5ad,13666,10x_Genomics,3_prime_gex,single_cell,Homo sapiens,lung,UBERON:0002048,unsure,,"4 mock, 4 infected with SARS-CoV-2",organoid,no,,,True,PRJNA870911
SRX12868711,17542895,gs://arc-institute-virtual-cell-atlas/scbasecount/2026-01-12/h5ad/GeneFull/Homo_sapiens/SRX12868711.h5ad,11584,10x_Genomics,3_prime_gex,single_cell,Homo sapiens,lung,UBERON:0002048,normal adjacent lung tissue from lung adenocarcinoma patient,,right lower lobe lobectomy,unsure,no,,,True,PRJNA773987
SRX14891767,21326081,gs://arc-institute-virtual-cell-atlas/scbasecount/2026-01-12/h5ad/GeneFull/Homo_sapiens/SRX14891767.h5ad,9404,10x_Genomics,3_prime_gex,single_cell,Homo sapiens,lung,UBERON:0002048,multiple primary lung cancers (MPLC),MONDO:0008903,unsure,unsure,no,,,True,PRJNA827791
SRX16757152,23514451,gs://arc-institute-virtual-cell-atlas/scbasecount/2026-01-12/h5ad/GeneFull/Homo_sapiens/SRX16757152.h5ad,22182,10x_Genomics,3_prime_gex,single_cell,Homo sapiens,pulmonary artery,UBERON:0002012,healthy control,,unsure,PA resident cells,no,,,True,PRJNA864822
SRX15805165,22459326,gs://arc-institute-virtual-cell-atlas/scbasecount/2026-01-12/h5ad/GeneFull/Homo_sapiens/SRX15805165.h5ad,3467,10x_Genomics,5_prime_gex,single_cell,Homo sapiens,lung,UBERON:0002048,unsure,,unsure,unsure,no,,,True,PRJNA851108
SRX15263315,21790936,gs://arc-institute-virtual-cell-atlas/scbasecount/2026-01-12/h5ad/GeneFull/Homo_sapiens/SRX15263315.h5ad,7700,10x_Genomics,5_prime_gex,single_cell,Homo sapiens,airway organoids,UBERON:0001005,COVID-19,MONDO:0100096,mock,H1 (CIART Knockout),no,,,True,PRJNA837899
SRX15772262,22417176,gs://arc-institute-virtual-cell-atlas/scbasecount/2026-01-12/h5ad/GeneFull/Homo_sapiens/SRX15772262.h5ad,5075,10x_Genomics,3_prime_gex,single_cell,Homo sapiens,lung,UBERON:0002048,not explicitly mentioned; related to post-stroke effects,,treated with nattokinase and Trypsin-EDTA,ECFC-ECs and normal human lung fibroblasts,no,,,True,PRJNA849915
SRX12868715,17542899,gs://arc-institute-virtual-cell-atlas/scbasecount/2026-01-12/h5ad/GeneFull/Homo_sapiens/SRX12868715.h5ad,10277,10x_Genomics,3_prime_gex,single_cell,Homo sapiens,lung,UBERON:0002048,lung adenocarcinoma,MONDO:0005061,left lower lobe superior segmentectomy,not specified,no,,,True,PRJNA773987
SRX12868717,17542901,gs://arc-institute-virtual-cell-atlas/scbasecount/2026-01-12/h5ad/GeneFull/Homo_sapiens/SRX12868717.h5ad,9922,10x_Genomics,3_prime_gex,single_cell,Homo sapiens,lung tumor tissue,UBERON:0002048,"lung adenocarcinoma, Stage IA",MONDO:0005061,"right upper lobe, segmentectomy",unsure,no,,,True,PRJNA773987
SRX17035589,23822840,gs://arc-institute-virtual-cell-atlas/scbasecount/2026-01-12/h5ad/GeneFull/Homo_sapiens/SRX17035589.h5ad,2430,10x_Genomics,3_prime_gex,single_cell,Homo sapiens,lung,UBERON:0002048,NSCLC,MONDO:0008433,samples from healthy individuals and NSCLC patients,Treg cells and CD8 positive T cells,no,,,True,PRJNA868764
SRX15325288,21862131,gs://arc-institute-virtual-cell-atlas/scbasecount/2026-01-12/h5ad/GeneFull/Homo_sapiens/SRX15325288.h5ad,11616,10x_Genomics,5_prime_gex,single_cell,Homo sapiens,upper bronchial airways,UBERON:0002185,grass pollen-allergic,MONDO:0004784,allergen-specific immunotherapy (AIT),airway epithelium,no,,,True,PRJNA839251
SRX17137139,23938060,gs://arc-institute-virtual-cell-atlas/scbasecount/2026-01-12/h5ad/GeneFull/Homo_sapiens/SRX17137139.h5ad,19000,10x_Genomics,3_prime_gex,single_cell,Homo sapiens,lung organoid,UBERON:0002048,SARS-CoV-2 infection,MONDO:0100096,4 mock + 4 infected with SARS-CoV-2,lung organoids from different donors,no,,,True,PRJNA870911
ERX4409913,15411085,gs://arc-institute-virtual-cell-atlas/scbasecount/2026-01-12/h5ad/GeneFull/Homo_sapiens/ERX4409913.h5ad,1625,10x_Genomics,3_prime_gex,single_cell,Homo sapiens,lung,UBERON:0002048,lung adenocarcinoma,MONDO:0005061,treated with osimertinib for 24h or 72h; control with DMSO,PC-9,no,,,True,PRJEB39956
SRX15805163,22459324,gs://arc-institute-virtual-cell-atlas/scbasecount/2026-01-12/h5ad/GeneFull/Homo_sapiens/SRX15805163.h5ad,3931,10x_Genomics,5_prime_gex,single_cell,Homo sapiens,lung lymph node,UBERON:0039167,unsure,,unsure,T cells,no,,,True,PRJNA851108
SRX16217012,22921634,gs://arc-institute-virtual-cell-atlas/scbasecount/2026-01-12/h5ad/GeneFull/Homo_sapiens/SRX16217012.h5ad,9344,10x_Genomics,3_prime_gex,single_cell,Homo sapiens,lung tumour,,cancer immunotherapy,MONDO:0004992,PD1-LAG3,CD45+,maybe,,,True,PRJNA858410
SRX14891769,21326083,gs://arc-institute-virtual-cell-atlas/scbasecount/2026-01-12/h5ad/GeneFull/Homo_sapiens/SRX14891769.h5ad,14050,10x_Genomics,3_prime_gex,single_cell,Homo sapiens,lung,UBERON:0002048,multiple primary lung cancer (MPLC),MONDO:0008903,unsure,unsure,no,,,True,PRJNA827791
SRX16217003,22921625,gs://arc-institute-virtual-cell-atlas/scbasecount/2026-01-12/h5ad/GeneFull/Homo_sapiens/SRX16217003.h5ad,12722,10x_Genomics,feature_barcoding,single_cell,Homo sapiens,lung tumour,,cancer immunotherapy,MONDO:0004992,PD1-TIM3,CD45+,no,,,True,PRJNA858410
SRX16217007,22921629,gs://arc-institute-virtual-cell-atlas/scbasecount/2026-01-12/h5ad/GeneFull/Homo_sapiens/SRX16217007.h5ad,11318,10x_Genomics,3_prime_gex,single_cell,Homo sapiens,lung tumour,UBERON:0002048,cancer immunotherapy,MONDO:0004992,PD1-TIM3 treatment,CD45+ cells,maybe,,,True,PRJNA858410
SRX16217010,22921632,gs://arc-institute-virtual-cell-atlas/scbasecount/2026-01-12/h5ad/GeneFull/Homo_sapiens/SRX16217010.h5ad,12599,10x_Genomics,3_prime_gex,single_cell,Homo sapiens,lung tumor,UBERON:0002048,cancer immunotherapy related,MONDO:0004992,PD1 treatment (48h),CD45+ cells from tumor suspensions of patients,no,,,True,PRJNA858410
SRX12868713,17542897,gs://arc-institute-virtual-cell-atlas/scbasecount/2026-01-12/h5ad/GeneFull/Homo_sapiens/SRX12868713.h5ad,13603,10x_Genomics,3_prime_gex,single_cell,Homo sapiens,lung,,lung adenocarcinoma,MONDO:0005061,wedge resection,other,no,,,True,PRJNA773987
SRX12868721,17542905,gs://arc-institute-virtual-cell-atlas/scbasecount/2026-01-12/h5ad/GeneFull/Homo_sapiens/SRX12868721.h5ad,7109,10x_Genomics,3_prime_gex,single_cell,Homo sapiens,lung,UBERON:0002048,"lung adenocarcinoma, Stage IA",MONDO:0005061,"right lower lobe, segmentectomy",not specified; sample is lung tumor tissue from a never smoker,no,,,True,PRJNA773987
SRX18965974,26106274,gs://arc-institute-virtual-cell-atlas/scbasecount/2026-01-12/h5ad/GeneFull/Homo_sapiens/SRX18965974.h5ad,31982,10x_Genomics,multiome,single_cell,Homo sapiens,human airway organoid,UBERON:0001005,other,,vehicle,primary lung,no,,,True,PRJNA919922
SRX15263317,21790938,gs://arc-institute-virtual-cell-atlas/scbasecount/2026-01-12/h5ad/GeneFull/Homo_sapiens/SRX15263317.h5ad,4433,10x_Genomics,5_prime_gex,single_cell,Homo sapiens,airway organoids,UBERON:0002048,COVID-19,MONDO:0100096,mock,H1,no,,,True,PRJNA837899
SRX12868712,17542896,gs://arc-institute-virtual-cell-atlas/scbasecount/2026-01-12/h5ad/GeneFull/Homo_sapiens/SRX12868712.h5ad,8614,10x_Genomics,3_prime_gex,single_cell,Homo sapiens,lung,UBERON:0002048,lung adenocarcinoma,MONDO:0005061,right lower lobe lobectomy,not specified; sample is lung tumor tissue from a never smoker,no,,,True,PRJNA773987
SRX18965978,26106278,gs://arc-institute-virtual-cell-atlas/scbasecount/2026-01-12/h5ad/GeneFull/Homo_sapiens/SRX18965978.h5ad,45358,10x_Genomics,multiome,single_cell,Homo sapiens,human airway organoid,,not specified,,vehicle,not specified,no,,,True,PRJNA919922
SRX14891768,21326082,gs://arc-institute-virtual-cell-atlas/scbasecount/2026-01-12/h5ad/GeneFull/Homo_sapiens/SRX14891768.h5ad,11791,10x_Genomics,3_prime_gex,single_cell,Homo sapiens,lung,UBERON:0002048,unsure,,unsure,unsure,no,,,True,PRJNA827791
SRX18965979,26106279,gs://arc-institute-virtual-cell-atlas/scbasecount/2026-01-12/h5ad/GeneFull/Homo_sapiens/SRX18965979.h5ad,36710,10x_Genomics,multiome,single_cell,Homo sapiens,human airway organoid,UBERON:0004802,colorectal cancer,MONDO:0005575,5-Fluorouracil treatment,not specified,no,,,True,PRJNA919922
SRX14891760,21326074,gs://arc-institute-virtual-cell-atlas/scbasecount/2026-01-12/h5ad/GeneFull/Homo_sapiens/SRX14891760.h5ad,10579,10x_Genomics,3_prime_gex,single_cell,Homo sapiens,lung,UBERON:0002048,multiple primary lung cancer (MPLC),MONDO:0008903,unsure,unsure,no,,,True,PRJNA827791
SRX18965984,26106284,gs://arc-institute-virtual-cell-atlas/scbasecount/2026-01-12/h5ad/GeneFull/Homo_sapiens/SRX18965984.h5ad,21969,10x_Genomics,multiome,single_cell,Homo sapiens,human airway organoid,UBERON:0001005,none,,vehicle (control),none,no,,,True,PRJNA919922
SRX15325289,21862132,gs://arc-institute-virtual-cell-atlas/scbasecount/2026-01-12/h5ad/GeneFull/Homo_sapiens/SRX15325289.h5ad,11751,10x_Genomics,5_prime_gex,single_cell,Homo sapiens,upper bronchial airways,UBERON:0002185,grass pollen-allergic,MONDO:0004784,IL4 treated,airway epithelium,no,,,True,PRJNA839251
SRX12868719,17542903,gs://arc-institute-virtual-cell-atlas/scbasecount/2026-01-12/h5ad/GeneFull/Homo_sapiens/SRX12868719.h5ad,6665,10x_Genomics,3_prime_gex,single_cell,Homo sapiens,lung,UBERON:0002048,"lung adenocarcinoma, Stage IA",MONDO:0005061,"left upper lobe, wedge resection",not specified,no,,,True,PRJNA773987
SRX14891762,21326076,gs://arc-institute-virtual-cell-atlas/scbasecount/2026-01-12/h5ad/GeneFull/Homo_sapiens/SRX14891762.h5ad,9714,10x_Genomics,3_prime_gex,single_cell,Homo sapiens,lung,UBERON:0002048,multiple primary lung cancer (MPLC),MONDO:0008903,unsure,unsure,no,,,True,PRJNA827791
SRX19162051,26358120,gs://arc-institute-virtual-cell-atlas/scbasecount/2026-01-12/h5ad/GeneFull/Homo_sapiens/SRX19162051.h5ad,6320,10x_Genomics,5_prime_gex,single_cell,Homo sapiens,"lung lymph node, mesenteric lymph node, lung","UBERON:0035764,UBERON:0002509,UBERON:0002048",unsure,,unsure,B cells,no,,,True,PRJNA927026
SRX19162054,26358123,gs://arc-institute-virtual-cell-atlas/scbasecount/2026-01-12/h5ad/GeneFull/Homo_sapiens/SRX19162054.h5ad,6984,10x_Genomics,5_prime_gex,single_cell,Homo sapiens,"lung lymph node, mesenteric lymph node, lung","UBERON:0035764,UBERON:0002509,UBERON:0002048",unsure,,unsure,B cells,maybe,,,True,PRJNA927026
SRX19162055,26358124,gs://arc-institute-virtual-cell-atlas/scbasecount/2026-01-12/h5ad/GeneFull/Homo_sapiens/SRX19162055.h5ad,7461,10x_Genomics,5_prime_gex,single_cell,Homo sapiens,"lung lymph node, mesenteric lymph node, lung","UBERON:0039167,UBERON:0002509,UBERON:0002048",unsure,,unsure,B cells,no,,,True,PRJNA927026
SRX19215444,26418196,gs://arc-institute-virtual-cell-atlas/scbasecount/2026-01-12/h5ad/GeneFull/Homo_sapiens/SRX19215444.h5ad,1259,10x_Genomics,multiome,single_cell,Homo sapiens,lung adenocarcinoma,,lung adenocarcinoma,MONDO:0005061,unsure,"H2228, H1975, A549, H838, HCC827",no,,,True,PRJNA929481
SRX19264641,26486080,gs://arc-institute-virtual-cell-atlas/scbasecount/2026-01-12/h5ad/GeneFull/Homo_sapiens/SRX19264641.h5ad,2691,10x_Genomics,3_prime_gex,single_cell,Homo sapiens,lung,UBERON:0002048,non-small cell lung cancer,MONDO:0005233,"TGFβ inhibitors, IL-6 modulation","H9, BEAS-2B, NCI-H460",no,,,True,PRJNA930840
SRX18965983,26106283,gs://arc-institute-virtual-cell-atlas/scbasecount/2026-01-12/h5ad/GeneFull/Homo_sapiens/SRX18965983.h5ad,36162,10x_Genomics,multiome,single_cell,Homo sapiens,airway organoid,UBERON:0004802,unsure,,"beta, ALI-AO",unsure,no,,,True,PRJNA919922
SRX19215443,26418195,gs://arc-institute-virtual-cell-atlas/scbasecount/2026-01-12/h5ad/GeneFull/Homo_sapiens/SRX19215443.h5ad,6529,10x_Genomics,multiome,single_cell,Homo sapiens,lung adenocarcinoma,UBERON:0001004,bacterial infections,MONDO:0005113,glyconanomaterials for combating bacterial infections,"H2228, H1975, A549, H838, HCC827",no,,,True,PRJNA929481
SRX19704127,27011680,gs://arc-institute-virtual-cell-atlas/scbasecount/2026-01-12/h5ad/GeneFull/Homo_sapiens/SRX19704127.h5ad,4457,10x_Genomics,3_prime_gex,single_cell,Homo sapiens,lung,UBERON:0002048,Idiopathic Pulmonary Fibrosis (IPF),MONDO:0800504,Tissue samples digested using collagenase I/dispase II or Miltenyi Multi-Tissue Dissociation Kit....,not specified,no,,,True,PRJNA945854
SRX19704132,27011685,gs://arc-institute-virtual-cell-atlas/scbasecount/2026-01-12/h5ad/GeneFull/Homo_sapiens/SRX19704132.h5ad,66,10x_Genomics,3_prime_gex,single_cell,Homo sapiens,lung,UBERON:0002048,interstitial lung disease,MONDO:0015925,unsure,unsure,no,,,True,PRJNA945854
SRX19704133,27011686,gs://arc-institute-virtual-cell-atlas/scbasecount/2026-01-12/h5ad/GeneFull/Homo_sapiens/SRX19704133.h5ad,50,10x_Genomics,3_prime_gex,single_cell,Homo sapiens,lung,UBERON:0002048,ILD (Interstitial Lung Disease),MONDO:0015925,ALARA radiation reduction protocol,unsure,no,,,True,PRJNA945854
SRX19704147,27011700,gs://arc-institute-virtual-cell-atlas/scbasecount/2026-01-12/h5ad/GeneFull/Homo_sapiens/SRX19704147.h5ad,3969,10x_Genomics,3_prime_gex,single_cell,Homo sapiens,lung,UBERON:0002048,Idiopathic Pulmonary Fibrosis (IPF),MONDO:0800504,unsure,unsure,no,,,True,PRJNA945854
SRX19704136,27011689,gs://arc-institute-virtual-cell-atlas/scbasecount/2026-01-12/h5ad/GeneFull/Homo_sapiens/SRX19704136.h5ad,9533,10x_Genomics,3_prime_gex,single_cell,Homo sapiens,lung,UBERON:0002048,control (healthy),,not specified,not specified,no,,,True,PRJNA945854
SRX19704134,27011687,gs://arc-institute-virtual-cell-atlas/scbasecount/2026-01-12/h5ad/GeneFull/Homo_sapiens/SRX19704134.h5ad,4332,10x_Genomics,3_prime_gex,single_cell,Homo sapiens,lung,UBERON:0002048,control (healthy individuals),,none,none,no,,,True,PRJNA945854
SRX19704149,27011702,gs://arc-institute-virtual-cell-atlas/scbasecount/2026-01-12/h5ad/GeneFull/Homo_sapiens/SRX19704149.h5ad,3330,10x_Genomics,3_prime_gex,single_cell,Homo sapiens,lung,,Idiopathic Pulmonary Fibrosis (IPF),MONDO:0800504,Tissue samples digested using collagenase I/dispase II or Miltenyi Multi-Tissue Dissociation Kit.,not specified,no,,,True,PRJNA945854
SRX19704138,27011691,gs://arc-institute-virtual-cell-atlas/scbasecount/2026-01-12/h5ad/GeneFull/Homo_sapiens/SRX19704138.h5ad,14719,10x_Genomics,3_prime_gex,single_cell,Homo sapiens,lung,,control (healthy),,not specified,not specified,no,,,True,PRJNA945854
SRX19704140,27011693,gs://arc-institute-virtual-cell-atlas/scbasecount/2026-01-12/h5ad/GeneFull/Homo_sapiens/SRX19704140.h5ad,4123,10x_Genomics,3_prime_gex,single_cell,Homo sapiens,lung,UBERON:0002048,control (healthy),,none,not applicable (primary tissue sample),no,,,True,PRJNA945854
SRX19704169,27011722,gs://arc-institute-virtual-cell-atlas/scbasecount/2026-01-12/h5ad/GeneFull/Homo_sapiens/SRX19704169.h5ad,7333,10x_Genomics,3_prime_gex,single_cell,Homo sapiens,lung,,interstitial lung disease,MONDO:0015925,unsure,unsure,no,,,True,PRJNA945854
SRX19693846,27001399,gs://arc-institute-virtual-cell-atlas/scbasecount/2026-01-12/h5ad/GeneFull/Homo_sapiens/SRX19693846.h5ad,11084,10x_Genomics,3_prime_gex,single_cell,Homo sapiens,bronchial epithelial cells,,none,,hypoxia treatment,HBE cells,no,,,True,PRJNA945417
SRX19704125,27011678,gs://arc-institute-virtual-cell-atlas/scbasecount/2026-01-12/h5ad/GeneFull/Homo_sapiens/SRX19704125.h5ad,232,10x_Genomics,3_prime_gex,single_cell,Homo sapiens,lung,UBERON:0002048,Idiopathic Pulmonary Fibrosis (IPF),MONDO:0800504,unsure,not_applicable,no,,,True,PRJNA945854
SRX19704167,27011720,gs://arc-institute-virtual-cell-atlas/scbasecount/2026-01-12/h5ad/GeneFull/Homo_sapiens/SRX19704167.h5ad,962,10x_Genomics,3_prime_gex,single_cell,Homo sapiens,lung,UBERON:0002048,pulmonary fibrosis,MONDO:0002771,Ayurvedic management,not specified,no,,,True,PRJNA945854
SRX19704135,27011688,gs://arc-institute-virtual-cell-atlas/scbasecount/2026-01-12/h5ad/GeneFull/Homo_sapiens/SRX19704135.h5ad,9956,10x_Genomics,3_prime_gex,single_cell,Homo sapiens,lung,UBERON:0002048,control,,collagenase I/dispase II or Miltenyi Multi-Tissue Dissociation Kit,VUHD094,no,,,True,PRJNA945854
SRX19704137,27011690,gs://arc-institute-virtual-cell-atlas/scbasecount/2026-01-12/h5ad/GeneFull/Homo_sapiens/SRX19704137.h5ad,5764,10x_Genomics,3_prime_gex,single_cell,Homo sapiens,lung,UBERON:0002048,control (healthy),,radiofrequency-assisted perforation of the atrial septum,unsure,no,,,True,PRJNA945854
SRX19704128,27011681,gs://arc-institute-virtual-cell-atlas/scbasecount/2026-01-12/h5ad/GeneFull/Homo_sapiens/SRX19704128.h5ad,3150,10x_Genomics,3_prime_gex,single_cell,Homo sapiens,lung,UBERON:0002048,Interstitial Lung Disease/Hypersensitivity Pneumonitis,MONDO:0015925,scRNA-seq of lung tissue from patients with pulmonary fibrosis and healthy controls,not specified,no,,,True,PRJNA945854
SRX19704148,27011701,gs://arc-institute-virtual-cell-atlas/scbasecount/2026-01-12/h5ad/GeneFull/Homo_sapiens/SRX19704148.h5ad,6904,10x_Genomics,3_prime_gex,single_cell,Homo sapiens,lung,UBERON:0002048,Idiopathic Pulmonary Fibrosis (IPF),MONDO:0800504,Tissue samples digested using collagenase I/dispase II or Miltenyi Multi-Tissue Dissociation Kit....,not specified; primary human lung tissue,no,,,True,PRJNA945854
SRX19704155,27011708,gs://arc-institute-virtual-cell-atlas/scbasecount/2026-01-12/h5ad/GeneFull/Homo_sapiens/SRX19704155.h5ad,2566,10x_Genomics,3_prime_gex,single_cell,Homo sapiens,lung,UBERON:0002048,control (healthy individual),,not specified,not specified,no,,,True,PRJNA945854
SRX19704202,27011755,gs://arc-institute-virtual-cell-atlas/scbasecount/2026-01-12/h5ad/GeneFull/Homo_sapiens/SRX19704202.h5ad,1093,10x_Genomics,3_prime_gex,single_cell,Homo sapiens,lung,UBERON:0002048,control (healthy),,not specified,not specified,no,,,True,PRJNA945854
SRX19704201,27011754,gs://arc-institute-virtual-cell-atlas/scbasecount/2026-01-12/h5ad/GeneFull/Homo_sapiens/SRX19704201.h5ad,2599,10x_Genomics,3_prime_gex,single_cell,Homo sapiens,lung,UBERON:0002048,control (healthy),,unsure,unsure,no,,,True,PRJNA945854
SRX19704188,27011741,gs://arc-institute-virtual-cell-atlas/scbasecount/2026-01-12/h5ad/GeneFull/Homo_sapiens/SRX19704188.h5ad,10103,10x_Genomics,3_prime_gex,single_cell,Homo sapiens,lung,,Idiopathic Pulmonary Fibrosis (IPF),MONDO:0800504,Tissue samples digested using collagenase I/dispase II or Miltenyi Multi-Tissue Dissociation Kit....,"VUILD98-MF, Age: 59, Sex: Male, Ethnicity: European, Tissue Type: More fibrotic",no,,,True,PRJNA945854
SRX19704163,27011716,gs://arc-institute-virtual-cell-atlas/scbasecount/2026-01-12/h5ad/GeneFull/Homo_sapiens/SRX19704163.h5ad,4146,10x_Genomics,3_prime_gex,single_cell,Homo sapiens,lung,UBERON:0002048,CTD-ILD,MONDO:0015925,Tissue samples digested using collagenase I/dispase II or Miltenyi Multi-Tissue Dissociation Kit....,not specified; primary human lung tissue,no,,,True,PRJNA945854
SRX19704159,27011712,gs://arc-institute-virtual-cell-atlas/scbasecount/2026-01-12/h5ad/GeneFull/Homo_sapiens/SRX19704159.h5ad,18023,10x_Genomics,3_prime_gex,single_cell,Homo sapiens,lung,UBERON:0002048,idiopathic pulmonary fibrosis,MONDO:0800504,unsure,unsure,no,,,True,PRJNA945854
SRX19704164,27011717,gs://arc-institute-virtual-cell-atlas/scbasecount/2026-01-12/h5ad/GeneFull/Homo_sapiens/SRX19704164.h5ad,18072,10x_Genomics,3_prime_gex,single_cell,Homo sapiens,lung,UBERON:0002048,idiopathic pulmonary fibrosis,MONDO:0800504,collagenase I/dispase II or Miltenyi Multi-Tissue Dissociation Kit,not specified; primary human lung tissue,no,,,True,PRJNA945854
SRX19704166,27011719,gs://arc-institute-virtual-cell-atlas/scbasecount/2026-01-12/h5ad/GeneFull/Homo_sapiens/SRX19704166.h5ad,3323,10x_Genomics,3_prime_gex,single_cell,Homo sapiens,lung,UBERON:0002048,pulmonary fibrosis,MONDO:0002771,unsure,not_applicable,no,,,True,PRJNA945854
SRX19704176,27011729,gs://arc-institute-virtual-cell-atlas/scbasecount/2026-01-12/h5ad/GeneFull/Homo_sapiens/SRX19704176.h5ad,14792,10x_Genomics,3_prime_gex,single_cell,Homo sapiens,lung,,control (healthy individual),,not specified,not specified,no,,,True,PRJNA945854
SRX19730968,27041951,gs://arc-institute-virtual-cell-atlas/scbasecount/2026-01-12/h5ad/GeneFull/Homo_sapiens/SRX19730968.h5ad,2591,10x_Genomics,3_prime_gex,single_cell,Homo sapiens,lung tumor,,lung carcinoma,MONDO:0005138,"FACS sorted, EGFP transduced, collected 9 days post-transduction",L2061,no,,,True,PRJNA934540
SRX19704139,27011692,gs://arc-institute-virtual-cell-atlas/scbasecount/2026-01-12/h5ad/GeneFull/Homo_sapiens/SRX19704139.h5ad,8979,10x_Genomics,3_prime_gex,single_cell,Homo sapiens,lung,UBERON:0002048,pulmonary fibrosis,MONDO:0002771,surgical intervention for cor triatriatum dexter,not specified,no,,,True,PRJNA945854
SRX19704165,27011718,gs://arc-institute-virtual-cell-atlas/scbasecount/2026-01-12/h5ad/GeneFull/Homo_sapiens/SRX19704165.h5ad,5385,10x_Genomics,3_prime_gex,single_cell,Homo sapiens,lung,UBERON:0002048,Idiopathic Pulmonary Fibrosis (IPF),MONDO:0800504,collagenase I/dispase II or Miltenyi Multi-Tissue Dissociation Kit,VUILD91-MF,no,,,True,PRJNA945854
SRX19704156,27011709,gs://arc-institute-virtual-cell-atlas/scbasecount/2026-01-12/h5ad/GeneFull/Homo_sapiens/SRX19704156.h5ad,9866,10x_Genomics,3_prime_gex,single_cell,Homo sapiens,lung,UBERON:0002048,IPAF (Interstitial Pneumonia with Autoimmune Features),MONDO:0015925,unsure,unsure,no,,,True,PRJNA945854
SRX19704157,27011710,gs://arc-institute-virtual-cell-atlas/scbasecount/2026-01-12/h5ad/GeneFull/Homo_sapiens/SRX19704157.h5ad,10491,10x_Genomics,3_prime_gex,single_cell,Homo sapiens,lung,UBERON:0002048,IPAF (Interstitial Pneumonia with Autoimmune Features),MONDO:0015925,unsure,unsure,no,,,True,PRJNA945854
SRX19704901,27012454,gs://arc-institute-virtual-cell-atlas/scbasecount/2026-01-12/h5ad/GeneFull/Homo_sapiens/SRX19704901.h5ad,24948,10x_Genomics,3_prime_gex,single_cell,Homo sapiens,human bronchial epithelial cells,UBERON:0002031,"aortic diseases, acute aortic syndrome, aortic dissection",MONDO:0005561,cultured under normoxic and hypoxic conditions,D16S (HBE cells),no,,,True,PRJNA945866
SRX19704170,27011723,gs://arc-institute-virtual-cell-atlas/scbasecount/2026-01-12/h5ad/GeneFull/Homo_sapiens/SRX19704170.h5ad,9252,10x_Genomics,3_prime_gex,single_cell,Homo sapiens,lung,UBERON:0002048,Interstitial Lung Disease (ILD),MONDO:0015925,unsure,not specified; primary human lung tissue,no,,,True,PRJNA945854
SRX19693840,27001393,gs://arc-institute-virtual-cell-atlas/scbasecount/2026-01-12/h5ad/GeneFull/Homo_sapiens/SRX19693840.h5ad,7453,10x_Genomics,3_prime_gex,single_cell,Homo sapiens,human bronchial epithelial cells (HBE),UBERON:0002031,not specified,,hypoxia (1% O2) for 5 days,D65Q (HBE cells cultured on air-liquid interface),no,,,True,PRJNA945417
SRX19704130,27011683,gs://arc-institute-virtual-cell-atlas/scbasecount/2026-01-12/h5ad/GeneFull/Homo_sapiens/SRX19704130.h5ad,1803,10x_Genomics,3_prime_gex,single_cell,Homo sapiens,lung,UBERON:0002048,control,,none,none,no,,,True,PRJNA945854
SRX19730933,27041916,gs://arc-institute-virtual-cell-atlas/scbasecount/2026-01-12/h5ad/GeneFull/Homo_sapiens/SRX19730933.h5ad,2017,10x_Genomics,3_prime_gex,single_cell,Homo sapiens,lung tumor,UBERON:0002048,lung carcinoma,MONDO:0005138,"FACS sorted, transduced with PU.1, IRF8, BATF3 (PIB) and EGFP",L6903 (donor),no,,,True,PRJNA934540
SRX19704898,27012451,gs://arc-institute-virtual-cell-atlas/scbasecount/2026-01-12/h5ad/GeneFull/Homo_sapiens/SRX19704898.h5ad,15594,10x_Genomics,3_prime_gex,single_cell,Homo sapiens,human bronchial epithelial cells (HBE),UBERON:0002031,not specified,,"normoxia, symmetrical hypoxic, asymmetrical hypoxic","HBE cells (ALI), source name: D15S, batch: 1",no,,,True,PRJNA945866
SRX19704900,27012453,gs://arc-institute-virtual-cell-atlas/scbasecount/2026-01-12/h5ad/GeneFull/Homo_sapiens/SRX19704900.h5ad,28838,10x_Genomics,3_prime_gex,single_cell,Homo sapiens,Human bronchial epithelial cells (HBE cells),UBERON:0002031,Not explicitly mentioned; study focuses on cellular response to hypoxia.,,"Symmetrical hypoxia (3.5% O2), Asymmetrical hypoxia (3.5% O2 basolateral with apical cap ~ 1% O2)",D15S (HBE cells cultured on air-liquid interface),no,,,True,PRJNA945866
SRX19704142,27011695,gs://arc-institute-virtual-cell-atlas/scbasecount/2026-01-12/h5ad/GeneFull/Homo_sapiens/SRX19704142.h5ad,12249,10x_Genomics,3_prime_gex,single_cell,Homo sapiens,lung,UBERON:0002048,idiopathic pulmonary fibrosis,MONDO:0800504,collagenase I/dispase II or Miltenyi Multi-Tissue Dissociation Kit,not specified,no,,,True,PRJNA945854
SRX19704160,27011713,gs://arc-institute-virtual-cell-atlas/scbasecount/2026-01-12/h5ad/GeneFull/Homo_sapiens/SRX19704160.h5ad,5899,10x_Genomics,3_prime_gex,single_cell,Homo sapiens,lung,,Idiopathic Pulmonary Fibrosis (IPF),MONDO:0800504,Tissue samples were digested using collagenase I/dispase II or Miltenyi Multi-Tissue Dissociation...,"VUILD84-LF, GSM7103288, Age: 61, Sex: Male, Ethnicity: Caucasian, Tissue Type: Less fibrotic",no,,,True,PRJNA945854
SRX19704197,27011750,gs://arc-institute-virtual-cell-atlas/scbasecount/2026-01-12/h5ad/GeneFull/Homo_sapiens/SRX19704197.h5ad,3920,10x_Genomics,3_prime_gex,single_cell,Homo sapiens,lung,UBERON:0002048,idiopathic pulmonary fibrosis,MONDO:0800504,unsure,unsure,no,,,True,PRJNA945854
SRX19704162,27011715,gs://arc-institute-virtual-cell-atlas/scbasecount/2026-01-12/h5ad/GeneFull/Homo_sapiens/SRX19704162.h5ad,9016,10x_Genomics,3_prime_gex,single_cell,Homo sapiens,lung,UBERON:0002048,idiopathic pulmonary fibrosis,MONDO:0800504,collagenase I/dispase II or Miltenyi Multi-Tissue Dissociation Kit,not specified,no,,,True,PRJNA945854
SRX19727425,27037977,gs://arc-institute-virtual-cell-atlas/scbasecount/2026-01-12/h5ad/GeneFull/Homo_sapiens/SRX19727425.h5ad,5997,10x_Genomics,3_prime_gex,single_cell,Homo sapiens,lung,UBERON:0002048,no COPD,,unsure,unsure,no,,,True,PRJNA946652
SRX19727434,27037986,gs://arc-institute-virtual-cell-atlas/scbasecount/2026-01-12/h5ad/GeneFull/Homo_sapiens/SRX19727434.h5ad,2172,10x_Genomics,3_prime_gex,single_cell,Homo sapiens,lung,UBERON:0002048,moderate COPD,MONDO:0005002,unsure,unsure,no,,,True,PRJNA946652
SRX19693844,27001397,gs://arc-institute-virtual-cell-atlas/scbasecount/2026-01-12/h5ad/GeneFull/Homo_sapiens/SRX19693844.h5ad,11565,10x_Genomics,3_prime_gex,single_cell,Homo sapiens,human bronchial epithelial cells,UBERON:0002031,none,,normoxia (6 hours),primary human bronchial epithelial cells,no,,,True,PRJNA945417
SRX19730932,27041915,gs://arc-institute-virtual-cell-atlas/scbasecount/2026-01-12/h5ad/GeneFull/Homo_sapiens/SRX19730932.h5ad,872,10x_Genomics,3_prime_gex,single_cell,Homo sapiens,lung tumor,UBERON:0002048,lung carcinoma,MONDO:0005138,"FACS sorted, EGFP transduced, collected 9 days post-transduction",L6903,no,,,True,PRJNA934540
SRX19727429,27037981,gs://arc-institute-virtual-cell-atlas/scbasecount/2026-01-12/h5ad/GeneFull/Homo_sapiens/SRX19727429.h5ad,4757,10x_Genomics,3_prime_gex,single_cell,Homo sapiens,lung,,mild COPD,MONDO:0005002,unsure,unsure,no,,,True,PRJNA946652
SRX19727435,27037987,gs://arc-institute-virtual-cell-atlas/scbasecount/2026-01-12/h5ad/GeneFull/Homo_sapiens/SRX19727435.h5ad,1465,10x_Genomics,3_prime_gex,single_cell,Homo sapiens,lung,UBERON:0002048,moderate COPD,MONDO:0005002,unsure,unsure,no,,,True,PRJNA946652
SRX19730934,27041917,gs://arc-institute-virtual-cell-atlas/scbasecount/2026-01-12/h5ad/GeneFull/Homo_sapiens/SRX19730934.h5ad,5555,10x_Genomics,3_prime_gex,single_cell,Homo sapiens,lung tumor,UBERON:0002048,lung carcinoma,MONDO:0005138,"FACS sorted, EGFP transduced","L2404 day0, sorted live (DAPI-) and EGFP+",no,,,True,PRJNA934540
SRX19704196,27011749,gs://arc-institute-virtual-cell-atlas/scbasecount/2026-01-12/h5ad/GeneFull/Homo_sapiens/SRX19704196.h5ad,7615,10x_Genomics,3_prime_gex,single_cell,Homo sapiens,lung,UBERON:0002048,idiopathic pulmonary fibrosis,MONDO:0800504,unsure,not_applicable,no,,,True,PRJNA945854
SRX19704179,27011732,gs://arc-institute-virtual-cell-atlas/scbasecount/2026-01-12/h5ad/GeneFull/Homo_sapiens/SRX19704179.h5ad,9277,10x_Genomics,3_prime_gex,single_cell,Homo sapiens,lung,UBERON:0002048,pulmonary fibrosis,MONDO:0002771,tissue samples from patients with PF and healthy controls,primary human lung tissue from 116 individuals,no,,,True,PRJNA945854
SRX19704177,27011730,gs://arc-institute-virtual-cell-atlas/scbasecount/2026-01-12/h5ad/GeneFull/Homo_sapiens/SRX19704177.h5ad,19642,10x_Genomics,3_prime_gex,single_cell,Homo sapiens,lung,UBERON:0002048,control (healthy),,not specified,not specified,no,,,True,PRJNA945854
SRX19727431,27037983,gs://arc-institute-virtual-cell-atlas/scbasecount/2026-01-12/h5ad/GeneFull/Homo_sapiens/SRX19727431.h5ad,2180,10x_Genomics,3_prime_gex,single_cell,Homo sapiens,lung,UBERON:0002048,mild COPD,MONDO:0005002,unsure,unsure,no,,,True,PRJNA946652
SRX19704180,27011733,gs://arc-institute-virtual-cell-atlas/scbasecount/2026-01-12/h5ad/GeneFull/Homo_sapiens/SRX19704180.h5ad,14953,10x_Genomics,3_prime_gex,single_cell,Homo sapiens,lung,UBERON:0002048,idiopathic pulmonary fibrosis,MONDO:0800504,collagenase I/dispase II treatment,not specified,no,,,True,PRJNA945854
SRX19727428,27037980,gs://arc-institute-virtual-cell-atlas/scbasecount/2026-01-12/h5ad/GeneFull/Homo_sapiens/SRX19727428.h5ad,3200,10x_Genomics,3_prime_gex,single_cell,Homo sapiens,lung,UBERON:0002048,Chronic Obstructive Pulmonary Disease (COPD),MONDO:0005002,none,not_applicable,no,,,True,PRJNA946652
SRX19704171,27011724,gs://arc-institute-virtual-cell-atlas/scbasecount/2026-01-12/h5ad/GeneFull/Homo_sapiens/SRX19704171.h5ad,8094,10x_Genomics,3_prime_gex,single_cell,Homo sapiens,lung,UBERON:0002048,Interstitial Lung Disease (ILD),MONDO:0015925,collagenase I/dispase II or Miltenyi Multi-Tissue Dissociation Kit,other,no,,,True,PRJNA945854
SRX19780681,27123110,gs://arc-institute-virtual-cell-atlas/scbasecount/2026-01-12/h5ad/GeneFull/Homo_sapiens/SRX19780681.h5ad,6028,10x_Genomics,5_prime_gex,single_cell,Homo sapiens,bronchoalveolar cells,,post-COVID-19 lung disease,MONDO:0100320,unsure,unsure,no,,,True,PRJNA949104
SRX19704186,27011739,gs://arc-institute-virtual-cell-atlas/scbasecount/2026-01-12/h5ad/GeneFull/Homo_sapiens/SRX19704186.h5ad,11814,10x_Genomics,3_prime_gex,single_cell,Homo sapiens,lung,UBERON:0002048,idiopathic pulmonary fibrosis (IPF),MONDO:0800504,unsure,not_applicable,no,,,True,PRJNA945854
SRX19704184,27011737,gs://arc-institute-virtual-cell-atlas/scbasecount/2026-01-12/h5ad/GeneFull/Homo_sapiens/SRX19704184.h5ad,7693,10x_Genomics,3_prime_gex,single_cell,Homo sapiens,lung,,Coal Workers' Pneumoconiosis (CWP),MONDO:0015926,Tissue digested with collagenase I/dispase II or Miltenyi Multi-Tissue Dissociation Kit; cell sor...,not specified; primary human lung tissue,no,,,True,PRJNA945854
SRX19704181,27011734,gs://arc-institute-virtual-cell-atlas/scbasecount/2026-01-12/h5ad/GeneFull/Homo_sapiens/SRX19704181.h5ad,16610,10x_Genomics,3_prime_gex,single_cell,Homo sapiens,lung,UBERON:0002048,idiopathic pulmonary fibrosis (IPF),MONDO:0800504,unsure,not_applicable,no,,,True,PRJNA945854
SRX19780677,27123106,gs://arc-institute-virtual-cell-atlas/scbasecount/2026-01-12/h5ad/GeneFull/Homo_sapiens/SRX19780677.h5ad,17132,10x_Genomics,5_prime_gex,single_cell,Homo sapiens,bronchoalveolar cells,UBERON:0004821,post-COVID-19 lung disease,MONDO:0100320,unsure,unsure,no,,,True,PRJNA949104
SRX19844846,27212945,gs://arc-institute-virtual-cell-atlas/scbasecount/2026-01-12/h5ad/GeneFull/Homo_sapiens/SRX19844846.h5ad,1399,10x_Genomics,3_prime_gex,single_cell,Homo sapiens,lung,UBERON:0002048,idiopathic pulmonary fibrosis,MONDO:0800504,unsure,not_applicable,no,,,True,PRJNA945854
SRX19844843,27212942,gs://arc-institute-virtual-cell-atlas/scbasecount/2026-01-12/h5ad/GeneFull/Homo_sapiens/SRX19844843.h5ad,853,10x_Genomics,3_prime_gex,single_cell,Homo sapiens,lung,UBERON:0002048,control,,unsure,unsure,no,,,True,PRJNA945854
SRX19844825,27212924,gs://arc-institute-virtual-cell-atlas/scbasecount/2026-01-12/h5ad/GeneFull/Homo_sapiens/SRX19844825.h5ad,1676,10x_Genomics,3_prime_gex,single_cell,Homo sapiens,lung,UBERON:0002048,Idiopathic Pulmonary Fibrosis (IPF),MONDO:0800504,unsure,unsure,no,,,True,PRJNA945854
SRX19844838,27212937,gs://arc-institute-virtual-cell-atlas/scbasecount/2026-01-12/h5ad/GeneFull/Homo_sapiens/SRX19844838.h5ad,3895,10x_Genomics,3_prime_gex,single_cell,Homo sapiens,lung,UBERON:0002048,Interstitial Lung Disease (ILD),MONDO:0015925,unsure,not_applicable,no,,,True,PRJNA945854
SRX19844817,27212916,gs://arc-institute-virtual-cell-atlas/scbasecount/2026-01-12/h5ad/GeneFull/Homo_sapiens/SRX19844817.h5ad,1495,10x_Genomics,3_prime_gex,single_cell,Homo sapiens,lung,UBERON:0002048,control,,unsure,not_applicable,no,,,True,PRJNA945854
SRX19844819,27212918,gs://arc-institute-virtual-cell-atlas/scbasecount/2026-01-12/h5ad/GeneFull/Homo_sapiens/SRX19844819.h5ad,4396,10x_Genomics,3_prime_gex,single_cell,Homo sapiens,lung,UBERON:0002048,ILD (Interstitial Lung Disease),MONDO:0015925,Tissue samples digested in collagenase I/dispase II or Miltenyi Multi-Tissue Dissociation Kit,unsure,no,,,True,PRJNA945854
SRX19844844,27212943,gs://arc-institute-virtual-cell-atlas/scbasecount/2026-01-12/h5ad/GeneFull/Homo_sapiens/SRX19844844.h5ad,487,10x_Genomics,3_prime_gex,single_cell,Homo sapiens,lung,UBERON:0002048,control,,unsure,unsure,no,,,True,PRJNA945854
SRX19844826,27212925,gs://arc-institute-virtual-cell-atlas/scbasecount/2026-01-12/h5ad/GeneFull/Homo_sapiens/SRX19844826.h5ad,8685,10x_Genomics,3_prime_gex,single_cell,Homo sapiens,lung,,sarcoidosis,MONDO:0019338,unsure,unsure,no,,,True,PRJNA945854
SRX19844840,27212939,gs://arc-institute-virtual-cell-atlas/scbasecount/2026-01-12/h5ad/GeneFull/Homo_sapiens/SRX19844840.h5ad,719,10x_Genomics,3_prime_gex,single_cell,Homo sapiens,lung,UBERON:0002048,pulmonary fibrosis,MONDO:0002771,collagenase I/dispase II digestion,none,no,,,True,PRJNA945854
SRX25737230,34768400,gs://arc-institute-virtual-cell-atlas/scbasecount/2026-01-12/h5ad/GeneFull/Homo_sapiens/SRX25737230.h5ad,5630,10x_Genomics,3_prime_gex,single_cell,Homo sapiens,Primary airway cells,UBERON:0004802,unsure,,unsure,unsure,no,,,True,PRJNA1149046
SRX19844818,27212917,gs://arc-institute-virtual-cell-atlas/scbasecount/2026-01-12/h5ad/GeneFull/Homo_sapiens/SRX19844818.h5ad,4339,10x_Genomics,3_prime_gex,single_cell,Homo sapiens,lung,UBERON:0002048,ILD (Interstitial Lung Disease),MONDO:0015925,unsure,not_applicable,no,,,True,PRJNA945854
SRX19780685,27123114,gs://arc-institute-virtual-cell-atlas/scbasecount/2026-01-12/h5ad/GeneFull/Homo_sapiens/SRX19780685.h5ad,435,10x_Genomics,5_prime_gex,single_cell,Homo sapiens,bronchoalveolar cells,UBERON:0000479,post-COVID-19 lung disease,MONDO:0100320,flexible fibreoptic bronchoscopy for BAL samples,bronchoalveolar cells,no,,,True,PRJNA949104
SRX19844829,27212928,gs://arc-institute-virtual-cell-atlas/scbasecount/2026-01-12/h5ad/GeneFull/Homo_sapiens/SRX19844829.h5ad,1864,10x_Genomics,3_prime_gex,single_cell,Homo sapiens,lung,UBERON:0002048,control,,unsure,unsure,no,,,True,PRJNA945854
SRX19844841,27212940,gs://arc-institute-virtual-cell-atlas/scbasecount/2026-01-12/h5ad/GeneFull/Homo_sapiens/SRX19844841.h5ad,174,10x_Genomics,3_prime_gex,single_cell,Homo sapiens,lung,UBERON:0002048,control,,unsure,unsure,no,,,True,PRJNA945854
SRX19844821,27212920,gs://arc-institute-virtual-cell-atlas/scbasecount/2026-01-12/h5ad/GeneFull/Homo_sapiens/SRX19844821.h5ad,11996,10x_Genomics,3_prime_gex,single_cell,Homo sapiens,lung,UBERON:0002048,Idiopathic Pulmonary Fibrosis (IPF),MONDO:0800504,Ciliary neurotrophic factor (CNTF),unsure,no,,,True,PRJNA945854
SRX19844832,27212931,gs://arc-institute-virtual-cell-atlas/scbasecount/2026-01-12/h5ad/GeneFull/Homo_sapiens/SRX19844832.h5ad,6385,10x_Genomics,3_prime_gex,single_cell,Homo sapiens,lung,UBERON:0002048,idiopathic pulmonary fibrosis,MONDO:0800504,Senegenin (30 mg/g) injected into the tail vein for 3 days post-injury,unsure,no,,,True,PRJNA945854
SRX19836242,27193144,gs://arc-institute-virtual-cell-atlas/scbasecount/2026-01-12/h5ad/GeneFull/Homo_sapiens/SRX19836242.h5ad,4513,10x_Genomics,3_prime_gex,single_cell,Homo sapiens,medium/small size pulmonary artery,UBERON:8600060,control,,normobaric hypoxia (10% O2) or normoxia (21% O2),PA resident cells,no,,,True,PRJNA950922
SRX18965980,26106280,gs://arc-institute-virtual-cell-atlas/scbasecount/2026-01-12/h5ad/GeneFull/Homo_sapiens/SRX18965980.h5ad,35893,10x_Genomics,multiome,single_cell,Homo sapiens,airway organoid,UBERON:0004802,influenza,MONDO:0005812,"treatment with influenza, ALI-AO culture method",primary lung,no,,,True,PRJNA919922
SRX18965985,26106285,gs://arc-institute-virtual-cell-atlas/scbasecount/2026-01-12/h5ad/GeneFull/Homo_sapiens/SRX18965985.h5ad,39038,10x_Genomics,multiome,single_cell,Homo sapiens,human airway organoid,UBERON:0001005,not specified,,"Delta, Culture Method: ALI-AO",not specified,no,,,True,PRJNA919922
SRX18965986,26106286,gs://arc-institute-virtual-cell-atlas/scbasecount/2026-01-12/h5ad/GeneFull/Homo_sapiens/SRX18965986.h5ad,31573,10x_Genomics,3_prime_gex,single_cell,Homo sapiens,human airway organoid,UBERON:0004802,not specified,,omicron (agent),not specified,no,,,True,PRJNA919922
SRX18965976,26106276,gs://arc-institute-virtual-cell-atlas/scbasecount/2026-01-12/h5ad/GeneFull/Homo_sapiens/SRX18965976.h5ad,38553,10x_Genomics,3_prime_gex,single_cell,Homo sapiens,human airway organoid,,unsure,,vehicle treatment,unsure,no,,,True,PRJNA919922
SRX14891756,21326070,gs://arc-institute-virtual-cell-atlas/scbasecount/2026-01-12/h5ad/GeneFull/Homo_sapiens/SRX14891756.h5ad,9426,10x_Genomics,3_prime_gex,single_cell,Homo sapiens,lung,UBERON:0002048,multiple primary lung cancer (MPLC),MONDO:0008903,unsure,human lung,no,,,True,PRJNA827791
SRX19844814,27212913,gs://arc-institute-virtual-cell-atlas/scbasecount/2026-01-12/h5ad/GeneFull/Homo_sapiens/SRX19844814.h5ad,9888,10x_Genomics,3_prime_gex,single_cell,Homo sapiens,lung,,control,,unsure,unsure,no,,,True,PRJNA945854
SRX19836244,27193146,gs://arc-institute-virtual-cell-atlas/scbasecount/2026-01-12/h5ad/GeneFull/Homo_sapiens/SRX19836244.h5ad,18046,10x_Genomics,3_prime_gex,single_cell,Homo sapiens,Medium/small size pulmonary artery,UBERON:8600060,Pulmonary hypertension associated with pulmonary fibrosis (PHPF),MONDO:0005149,Pulmonary arteries were isolated from 12-week-old male mice kept under normobaric hypoxia (10% O2...,"Cell type: PA resident cells, Sample title: PHPF_2, scRNAseq",no,,,True,PRJNA950922
SRX19844815,27212914,gs://arc-institute-virtual-cell-atlas/scbasecount/2026-01-12/h5ad/GeneFull/Homo_sapiens/SRX19844815.h5ad,7059,10x_Genomics,3_prime_gex,single_cell,Homo sapiens,lung,UBERON:0002048,control,,autologous bone marrow mononuclear cells,unsure,no,,,True,PRJNA945854
SRX19844837,27212936,gs://arc-institute-virtual-cell-atlas/scbasecount/2026-01-12/h5ad/GeneFull/Homo_sapiens/SRX19844837.h5ad,6673,10x_Genomics,3_prime_gex,single_cell,Homo sapiens,lung,UBERON:0002048,interstitial lung disease,MONDO:0015925,unsure,not_applicable,no,,,True,PRJNA945854
SRX19780686,27123115,gs://arc-institute-virtual-cell-atlas/scbasecount/2026-01-12/h5ad/GeneFull/Homo_sapiens/SRX19780686.h5ad,3743,10x_Genomics,5_prime_gex,single_cell,Homo sapiens,bronchoalveolar cells,UBERON:0004821,post-COVID-19 lung disease,MONDO:0100320,unsure,unsure,no,,,True,PRJNA949104
SRX19844835,27212934,gs://arc-institute-virtual-cell-atlas/scbasecount/2026-01-12/h5ad/GeneFull/Homo_sapiens/SRX19844835.h5ad,2157,10x_Genomics,3_prime_gex,single_cell,Homo sapiens,lung,UBERON:0002048,idiopathic pulmonary fibrosis,MONDO:0800504,none,none,no,,,True,PRJNA945854
SRX25737229,34768399,gs://arc-institute-virtual-cell-atlas/scbasecount/2026-01-12/h5ad/GeneFull/Homo_sapiens/SRX25737229.h5ad,11860,10x_Genomics,3_prime_gex,single_cell,Homo sapiens,Airway cells,UBERON:0004802,Healthy,,None,None,no,,,True,PRJNA1149046
SRX19844836,27212935,gs://arc-institute-virtual-cell-atlas/scbasecount/2026-01-12/h5ad/GeneFull/Homo_sapiens/SRX19844836.h5ad,4278,10x_Genomics,3_prime_gex,single_cell,Homo sapiens,lung,UBERON:0002048,ILD (Interstitial Lung Disease),MONDO:0015925,unsure,not_applicable,no,,,True,PRJNA945854
SRX19844813,27212912,gs://arc-institute-virtual-cell-atlas/scbasecount/2026-01-12/h5ad/GeneFull/Homo_sapiens/SRX19844813.h5ad,1551,10x_Genomics,3_prime_gex,single_cell,Homo sapiens,lung,UBERON:0002048,control,,unsure,unsure,no,,,True,PRJNA945854
SRX19844823,27212922,gs://arc-institute-virtual-cell-atlas/scbasecount/2026-01-12/h5ad/GeneFull/Homo_sapiens/SRX19844823.h5ad,8501,10x_Genomics,3_prime_gex,single_cell,Homo sapiens,lung,UBERON:0002048,IPF (Idiopathic Pulmonary Fibrosis),MONDO:0800504,unsure,not_applicable,no,,,True,PRJNA945854
SRX19844822,27212921,gs://arc-institute-virtual-cell-atlas/scbasecount/2026-01-12/h5ad/GeneFull/Homo_sapiens/SRX19844822.h5ad,7698,10x_Genomics,3_prime_gex,single_cell,Homo sapiens,lung,UBERON:0002048,IPF (Idiopathic Pulmonary Fibrosis),MONDO:0800504,unsure,not_applicable,no,,,True,PRJNA945854
SRX19844812,27212911,gs://arc-institute-virtual-cell-atlas/scbasecount/2026-01-12/h5ad/GeneFull/Homo_sapiens/SRX19844812.h5ad,4286,10x_Genomics,3_prime_gex,single_cell,Homo sapiens,lung,UBERON:0002048,sarcoidosis,MONDO:0019338,unsure,not_applicable,no,,,True,PRJNA945854
SRX19844842,27212941,gs://arc-institute-virtual-cell-atlas/scbasecount/2026-01-12/h5ad/GeneFull/Homo_sapiens/SRX19844842.h5ad,207,10x_Genomics,3_prime_gex,single_cell,Homo sapiens,lung,UBERON:0002048,pulmonary fibrosis,MONDO:0002771,cytoreductive surgery plus hyperthermic intraperitoneal chemotherapy,none,no,,,True,PRJNA945854
SRX19836241,27193143,gs://arc-institute-virtual-cell-atlas/scbasecount/2026-01-12/h5ad/GeneFull/Homo_sapiens/SRX19836241.h5ad,24909,10x_Genomics,3_prime_gex,single_cell,Homo sapiens,medium/small size pulmonary artery,UBERON:8600060,control (no disease state),,not specified,PA resident cells,no,,,True,PRJNA950922
SRX19886046,27256593,gs://arc-institute-virtual-cell-atlas/scbasecount/2026-01-12/h5ad/GeneFull/Homo_sapiens/SRX19886046.h5ad,1185,10x_Genomics,3_prime_gex,single_cell,Homo sapiens,lung,UBERON:0002048,non-small cell carcinoma,MONDO:0005233,"AMG-510 (800nm) + TEAD inhibitor (G'7883) (500nm), 72 hours",H358 (Carcinoma Non-Small Cell),no,,,True,PRJNA952672
SRX19886026,27256573,gs://arc-institute-virtual-cell-atlas/scbasecount/2026-01-12/h5ad/GeneFull/Homo_sapiens/SRX19886026.h5ad,1685,10x_Genomics,3_prime_gex,single_cell,Homo sapiens,lung,,acute promyelocytic leukemia,MONDO:0012883,"AMG-510 (1.5 µM), 24 hours",H-23 (Carcinoma Non-Small Cell),no,,,True,PRJNA952672
SRX19844850,27212949,gs://arc-institute-virtual-cell-atlas/scbasecount/2026-01-12/h5ad/GeneFull/Homo_sapiens/SRX19844850.h5ad,566,10x_Genomics,3_prime_gex,single_cell,Homo sapiens,lung,UBERON:0002048,idiopathic pulmonary fibrosis,MONDO:0800504,unsure,unsure,no,,,True,PRJNA945854
SRX19886045,27256592,gs://arc-institute-virtual-cell-atlas/scbasecount/2026-01-12/h5ad/GeneFull/Homo_sapiens/SRX19886045.h5ad,8212,10x_Genomics,3_prime_gex,single_cell,Homo sapiens,lung,UBERON:0002048,carcinoma non-small cell,MONDO:0005233,"AMG-510 800nm, 72h",H358,no,,,True,PRJNA952672
SRX19886027,27256574,gs://arc-institute-virtual-cell-atlas/scbasecount/2026-01-12/h5ad/GeneFull/Homo_sapiens/SRX19886027.h5ad,2308,10x_Genomics,3_prime_gex,single_cell,Homo sapiens,lung,UBERON:0002048,carcinoma non-small cell,MONDO:0005233,AMG-510 1.5um,H23,no,,,True,PRJNA952672
SRX25737227,34768397,gs://arc-institute-virtual-cell-atlas/scbasecount/2026-01-12/h5ad/GeneFull/Homo_sapiens/SRX25737227.h5ad,25031,10x_Genomics,3_prime_gex,single_cell,Homo sapiens,Primary airway cells,UBERON:0004802,None reported,,None reported,None,no,,,True,PRJNA1149046
SRX25737232,34768402,gs://arc-institute-virtual-cell-atlas/scbasecount/2026-01-12/h5ad/GeneFull/Homo_sapiens/SRX25737232.h5ad,9511,10x_Genomics,3_prime_gex,single_cell,Homo sapiens,Airway cells,UBERON:0004802,No disease state indicated (sample from a healthy control),,No specific treatment or perturbation applied,Not applicable (sample derived from primary cells rather than an established cell line),no,,,True,PRJNA1149046
SRX19844847,27212946,gs://arc-institute-virtual-cell-atlas/scbasecount/2026-01-12/h5ad/GeneFull/Homo_sapiens/SRX19844847.h5ad,663,10x_Genomics,3_prime_gex,single_cell,Homo sapiens,lung,UBERON:0002048,idiopathic pulmonary fibrosis,MONDO:0800504,none,none,no,,,True,PRJNA945854
SRX19844848,27212947,gs://arc-institute-virtual-cell-atlas/scbasecount/2026-01-12/h5ad/GeneFull/Homo_sapiens/SRX19844848.h5ad,1209,10x_Genomics,3_prime_gex,single_cell,Homo sapiens,lung,,IPF (Idiopathic Pulmonary Fibrosis),MONDO:0800504,unsure,not_applicable,no,,,True,PRJNA945854
SRX19844828,27212927,gs://arc-institute-virtual-cell-atlas/scbasecount/2026-01-12/h5ad/GeneFull/Homo_sapiens/SRX19844828.h5ad,12358,10x_Genomics,3_prime_gex,single_cell,Homo sapiens,lung,UBERON:0002048,pulmonary fibrosis,MONDO:0002771,none,VUHD84,no,,,True,PRJNA945854
SRX19886023,27256570,gs://arc-institute-virtual-cell-atlas/scbasecount/2026-01-12/h5ad/GeneFull/Homo_sapiens/SRX19886023.h5ad,7207,10x_Genomics,3_prime_gex,single_cell,Homo sapiens,lung,UBERON:0002048,non-small cell lung carcinoma,MONDO:0005233,"DMSO, Sotorasib, Sotorasib + TEAD inhibitor","H-23, H-358",no,,,True,PRJNA952672
SRX19886022,27256569,gs://arc-institute-virtual-cell-atlas/scbasecount/2026-01-12/h5ad/GeneFull/Homo_sapiens/SRX19886022.h5ad,7335,10x_Genomics,3_prime_gex,single_cell,Homo sapiens,lung,UBERON:0002048,carcinoma non-small cell,MONDO:0005233,"DMSO, Sotorasib (AMG-510), combination of Sotorasib and TEAD inhibitor (G'7883)",H23,no,,,True,PRJNA952672
SRX19886031,27256578,gs://arc-institute-virtual-cell-atlas/scbasecount/2026-01-12/h5ad/GeneFull/Homo_sapiens/SRX19886031.h5ad,2297,10x_Genomics,3_prime_gex,single_cell,Homo sapiens,lung,UBERON:0002048,carcinoma non-small cell,MONDO:0005233,AMG-510 (1.5 µM) + TEAD inhibitor (500 nM),H-23,no,,,True,PRJNA952672
SRX19886040,27256587,gs://arc-institute-virtual-cell-atlas/scbasecount/2026-01-12/h5ad/GeneFull/Homo_sapiens/SRX19886040.h5ad,3982,10x_Genomics,3_prime_gex,single_cell,Homo sapiens,lung,UBERON:0002048,carcinoma non-small cell,MONDO:0005233,"AMG-510 800nm, 24h",H358,no,,,True,PRJNA952672
SRX19886029,27256576,gs://arc-institute-virtual-cell-atlas/scbasecount/2026-01-12/h5ad/GeneFull/Homo_sapiens/SRX19886029.h5ad,3206,10x_Genomics,3_prime_gex,single_cell,Homo sapiens,lung,UBERON:0002048,non-small cell lung carcinoma,MONDO:0005233,"AMG-510 (1.5 µM), Day 15",H-23,no,,,True,PRJNA952672
SRX19886042,27256589,gs://arc-institute-virtual-cell-atlas/scbasecount/2026-01-12/h5ad/GeneFull/Homo_sapiens/SRX19886042.h5ad,4648,10x_Genomics,3_prime_gex,single_cell,Homo sapiens,lung,UBERON:0002048,carcinoma non-small cell,MONDO:0005233,AMG-510 800nm + TEADi 500nm,H358,no,,,True,PRJNA952672
SRX19886039,27256586,gs://arc-institute-virtual-cell-atlas/scbasecount/2026-01-12/h5ad/GeneFull/Homo_sapiens/SRX19886039.h5ad,5008,10x_Genomics,3_prime_gex,single_cell,Homo sapiens,lung,,carcinoma non-small cell,MONDO:0005233,baseline,H358,no,,,True,PRJNA952672
SRX19886037,27256584,gs://arc-institute-virtual-cell-atlas/scbasecount/2026-01-12/h5ad/GeneFull/Homo_sapiens/SRX19886037.h5ad,4816,10x_Genomics,3_prime_gex,single_cell,Homo sapiens,lung,,non-small cell lung carcinoma,MONDO:0005233,"baseline (DMSO, Sotorasib, TEAD inhibitor)",H358,no,,,True,PRJNA952672
SRX19886041,27256588,gs://arc-institute-virtual-cell-atlas/scbasecount/2026-01-12/h5ad/GeneFull/Homo_sapiens/SRX19886041.h5ad,3646,10x_Genomics,3_prime_gex,single_cell,Homo sapiens,lung,UBERON:0002048,salt-sensitive hypertension,MONDO:0005044,"AMG-510 (Sotorasib) at 800 nm, 24 hours post-treatment",H358 (Carcinoma Non-Small Cell),no,,,True,PRJNA952672
SRX19886035,27256582,gs://arc-institute-virtual-cell-atlas/scbasecount/2026-01-12/h5ad/GeneFull/Homo_sapiens/SRX19886035.h5ad,6300,10x_Genomics,3_prime_gex,single_cell,Homo sapiens,lung,UBERON:0002048,carcinoma non-small cell,MONDO:0005233,"DMSO, 72h",H-23,no,,,True,PRJNA952672
SRX19886050,27256597,gs://arc-institute-virtual-cell-atlas/scbasecount/2026-01-12/h5ad/GeneFull/Homo_sapiens/SRX19886050.h5ad,3754,10x_Genomics,3_prime_gex,single_cell,Homo sapiens,lung,UBERON:0002048,non-small cell carcinoma,MONDO:0005233,"AMG-510 (800 nm), several months",H358,no,,,True,PRJNA952672
SRX19886034,27256581,gs://arc-institute-virtual-cell-atlas/scbasecount/2026-01-12/h5ad/GeneFull/Homo_sapiens/SRX19886034.h5ad,6315,10x_Genomics,3_prime_gex,single_cell,Homo sapiens,lung,UBERON:0002048,carcinoma non-small cell,MONDO:0005233,"AMG-510 1.5um + TEADi 500nm, Day 15",H23,no,,,True,PRJNA952672
SRX19704116,27011669,gs://arc-institute-virtual-cell-atlas/scbasecount/2026-01-12/h5ad/GeneFull/Homo_sapiens/SRX19704116.h5ad,903,10x_Genomics,3_prime_gex,single_cell,Homo sapiens,lung,UBERON:0002048,control,,not specified,not specified,no,,,True,PRJNA945854
SRX19910927,27285200,gs://arc-institute-virtual-cell-atlas/scbasecount/2026-01-12/h5ad/GeneFull/Homo_sapiens/SRX19910927.h5ad,5445,10x_Genomics,3_prime_gex,single_nucleus,Homo sapiens,lung adjacent normal,UBERON:0008946,early-stage lung adenocarcinoma,MONDO:0005061,snap frozen Stage I lung cancer tumor and matching adjacent lung specimens,NYU1630,no,,,True,PRJNA953640
SRX19910935,27285208,gs://arc-institute-virtual-cell-atlas/scbasecount/2026-01-12/h5ad/GeneFull/Homo_sapiens/SRX19910935.h5ad,6490,10x_Genomics,3_prime_gex,single_nucleus,Homo sapiens,lung adjacent normal,UBERON:0002048,Stage I lung cancer,MONDO:0008903,Snap frozen specimens from R0 resection,not specified,no,,,True,PRJNA953640
SRX19910933,27285206,gs://arc-institute-virtual-cell-atlas/scbasecount/2026-01-12/h5ad/GeneFull/Homo_sapiens/SRX19910933.h5ad,5409,10x_Genomics,3_prime_gex,single_nucleus,Homo sapiens,lung adjacent normal,UBERON:0002048,lung cancer (Stage I),MONDO:0008903,unsure,unsure,no,,,True,PRJNA953640
SRX19907930,27280147,gs://arc-institute-virtual-cell-atlas/scbasecount/2026-01-12/h5ad/GeneFull/Homo_sapiens/SRX19907930.h5ad,3450,10x_Genomics,3_prime_gex,single_cell,Homo sapiens,lung,UBERON:0002048,not specified,,IL-13 treatment for 21 days,healthy human airway epithelial cells,no,,,True,PRJNA953399
SRX19910912,27285185,gs://arc-institute-virtual-cell-atlas/scbasecount/2026-01-12/h5ad/GeneFull/Homo_sapiens/SRX19910912.h5ad,6508,10x_Genomics,3_prime_gex,single_nucleus,Homo sapiens,lung adjacent normal,,Stage I lung cancer,MONDO:0008903,Snap frozen specimens from patients with R0 resection and lymph node dissection,Not specified; sample from patient NYU1321,no,,,True,PRJNA953640
SRX19907927,27280144,gs://arc-institute-virtual-cell-atlas/scbasecount/2026-01-12/h5ad/GeneFull/Homo_sapiens/SRX19907927.h5ad,937,10x_Genomics,3_prime_gex,single_cell,Homo sapiens,lung,UBERON:0002048,not specified (control treatment),,no IL-13 treatment (control),healthy human airway epithelial cells,no,,,True,PRJNA953399
SRX19910941,27285214,gs://arc-institute-virtual-cell-atlas/scbasecount/2026-01-12/h5ad/GeneFull/Homo_sapiens/SRX19910941.h5ad,10024,10x_Genomics,3_prime_gex,single_nucleus,Homo sapiens,lung adjacent normal,UBERON:0008946,lung cancer (Stage I),MONDO:0008903,unsure,unsure,no,,,True,PRJNA953640
SRX19844824,27212923,gs://arc-institute-virtual-cell-atlas/scbasecount/2026-01-12/h5ad/GeneFull/Homo_sapiens/SRX19844824.h5ad,2369,10x_Genomics,3_prime_gex,single_cell,Homo sapiens,lung,UBERON:0002048,IPF (Idiopathic Pulmonary Fibrosis),MONDO:0800504,unsure,not_applicable,no,,,True,PRJNA945854
SRX19886049,27256596,gs://arc-institute-virtual-cell-atlas/scbasecount/2026-01-12/h5ad/GeneFull/Homo_sapiens/SRX19886049.h5ad,1425,10x_Genomics,3_prime_gex,single_cell,Homo sapiens,lung,UBERON:0002048,carcinoma non-small cell,MONDO:0005233,"DMSO, Sotorasib (AMG-510), Combination of Sotorasib and TEAD inhibitor (G'7883)",H358,no,,,True,PRJNA952672
SRX19704154,27011707,gs://arc-institute-virtual-cell-atlas/scbasecount/2026-01-12/h5ad/GeneFull/Homo_sapiens/SRX19704154.h5ad,9202,10x_Genomics,3_prime_gex,single_cell,Homo sapiens,lung,UBERON:0002048,CWP (Coal Workers' Pneumoconiosis),MONDO:0006654,Tissue samples digested using collagenase I/dispase II or Miltenyi Multi-Tissue Dissociation Kit....,not specified; primary human lung tissue samples,no,,,True,PRJNA945854
SRX19704152,27011705,gs://arc-institute-virtual-cell-atlas/scbasecount/2026-01-12/h5ad/GeneFull/Homo_sapiens/SRX19704152.h5ad,7178,10x_Genomics,3_prime_gex,single_cell,Homo sapiens,lung,UBERON:0002048,idiopathic pulmonary fibrosis,MONDO:0800504,unsure,not_applicable,no,,,True,PRJNA945854
SRX19704153,27011706,gs://arc-institute-virtual-cell-atlas/scbasecount/2026-01-12/h5ad/GeneFull/Homo_sapiens/SRX19704153.h5ad,4234,10x_Genomics,3_prime_gex,single_cell,Homo sapiens,lung,UBERON:0002048,control (healthy),,not specified,not specified,no,,,True,PRJNA945854
SRX20180659,27600006,gs://arc-institute-virtual-cell-atlas/scbasecount/2026-01-12/h5ad/GeneFull/Homo_sapiens/SRX20180659.h5ad,4100,10x_Genomics,3_prime_gex,single_cell,Homo sapiens,lung organoid co-cultured with macrophage,UBERON:0002048,severe plaque psoriasis,MONDO:0005083,"acitretin (30 mg/day), methotrexate (15 mg/week)",lung organoid co-cultured with macrophage,no,,,True,PRJNA966111
SRX20180655,27600002,gs://arc-institute-virtual-cell-atlas/scbasecount/2026-01-12/h5ad/GeneFull/Homo_sapiens/SRX20180655.h5ad,4292,10x_Genomics,3_prime_gex,single_cell,Homo sapiens,lung organoid,UBERON:0002048,essential hypertension,MONDO:0001134,amlodipine treatment,"LO_2, scRNAseq",no,,,True,PRJNA966111
SRX10606547,14083551,gs://arc-institute-virtual-cell-atlas/scbasecount/2026-01-12/h5ad/GeneFull/Homo_sapiens/SRX10606547.h5ad,7066,10x_Genomics,5_prime_gex,single_cell,Homo sapiens,pleural mesothelioma tumor,UBERON:0003390,malignant pleural mesothelioma,MONDO:0005065,none reported,none,no,,,True,PRJNA722248
SRX25737234,34768404,gs://arc-institute-virtual-cell-atlas/scbasecount/2026-01-12/h5ad/GeneFull/Homo_sapiens/SRX25737234.h5ad,2172,10x_Genomics,3_prime_gex,single_cell,Homo sapiens,primary airway cells,UBERON:0004802,primary ciliary dyskinesia,MONDO:0016575,unsure,not_applicable,no,,,True,PRJNA1149046
SRX20180654,27600001,gs://arc-institute-virtual-cell-atlas/scbasecount/2026-01-12/h5ad/GeneFull/Homo_sapiens/SRX20180654.h5ad,4679,10x_Genomics,3_prime_gex,single_cell,Homo sapiens,lung organoid,UBERON:0002048,unsure,,unsure,unsure,no,,,True,PRJNA966111
SRX20407494,27829848,gs://arc-institute-virtual-cell-atlas/scbasecount/2026-01-12/h5ad/GeneFull/Homo_sapiens/SRX20407494.h5ad,13893,10x_Genomics,3_prime_gex,single_cell,Homo sapiens,lung adenocarcinoma cell,UBERON:0000115,lung adenocarcinoma,MONDO:0005061,unsure,CAV-002X3,no,,,True,PRJNA973717
SRX20407493,27829847,gs://arc-institute-virtual-cell-atlas/scbasecount/2026-01-12/h5ad/GeneFull/Homo_sapiens/SRX20407493.h5ad,11296,10x_Genomics,3_prime_gex,single_cell,Homo sapiens,lung adenocarcinoma cell,UBERON:0002048,ground-glass opacity featured lung adenocarcinoma,MONDO:0005061,unsure,CAV-001X3,no,,,True,PRJNA973717
SRX20407497,27829851,gs://arc-institute-virtual-cell-atlas/scbasecount/2026-01-12/h5ad/GeneFull/Homo_sapiens/SRX20407497.h5ad,15409,10x_Genomics,3_prime_gex,single_cell,Homo sapiens,lung adenocarcinoma cell,,lung adenocarcinoma,MONDO:0005061,unsure,CAN-005X3,no,,,True,PRJNA973717
SRX20407499,27829853,gs://arc-institute-virtual-cell-atlas/scbasecount/2026-01-12/h5ad/GeneFull/Homo_sapiens/SRX20407499.h5ad,11039,10x_Genomics,3_prime_gex,single_cell,Homo sapiens,lung adenocarcinoma cell,,ground-glass opacity featured lung adenocarcinoma,MONDO:0005061,unsure,"CAV-003X3, derived from lung adenocarcinoma",no,,,True,PRJNA973717
SRX19693847,27001400,gs://arc-institute-virtual-cell-atlas/scbasecount/2026-01-12/h5ad/GeneFull/Homo_sapiens/SRX19693847.h5ad,7015,10x_Genomics,3_prime_gex,single_cell,Homo sapiens,human bronchial epithelial cells,UBERON:0002031,related to heart diseases,MONDO:0005267,hypoxia (1% O2) for 6 hours,D66Q (HBE cells cultured on air-liquid interface),no,,,True,PRJNA945417
SRX25737231,34768401,gs://arc-institute-virtual-cell-atlas/scbasecount/2026-01-12/h5ad/GeneFull/Homo_sapiens/SRX25737231.h5ad,5376,10x_Genomics,3_prime_gex,single_cell,Homo sapiens,Primary airway cells,UBERON:0001005,none,,none,none,no,,,True,PRJNA1149046
SRX19704193,27011746,gs://arc-institute-virtual-cell-atlas/scbasecount/2026-01-12/h5ad/GeneFull/Homo_sapiens/SRX19704193.h5ad,7952,10x_Genomics,3_prime_gex,single_cell,Homo sapiens,lung,UBERON:0002048,interstitial lung disease,MONDO:0015925,collagenase I/dispase II treatment,none,no,,,True,PRJNA945854
SRX19704175,27011728,gs://arc-institute-virtual-cell-atlas/scbasecount/2026-01-12/h5ad/GeneFull/Homo_sapiens/SRX19704175.h5ad,20928,10x_Genomics,3_prime_gex,single_cell,Homo sapiens,lung,UBERON:0002048,control (healthy),,none,not applicable,no,,,True,PRJNA945854
SRX19727433,27037985,gs://arc-institute-virtual-cell-atlas/scbasecount/2026-01-12/h5ad/GeneFull/Homo_sapiens/SRX19727433.h5ad,5009,10x_Genomics,3_prime_gex,single_cell,Homo sapiens,lung,UBERON:0002048,no COPD,,unsure,unsure,no,,,True,PRJNA946652
SRX19727432,27037984,gs://arc-institute-virtual-cell-atlas/scbasecount/2026-01-12/h5ad/GeneFull/Homo_sapiens/SRX19727432.h5ad,3078,10x_Genomics,3_prime_gex,single_cell,Homo sapiens,lung,,moderate COPD,MONDO:0005002,unsure,unsure,no,,,True,PRJNA946652
SRX19727426,27037978,gs://arc-institute-virtual-cell-atlas/scbasecount/2026-01-12/h5ad/GeneFull/Homo_sapiens/SRX19727426.h5ad,1865,10x_Genomics,3_prime_gex,single_cell,Homo sapiens,lung,UBERON:0002048,no COPD,,unsure,unsure,no,,,True,PRJNA946652
SRX19704145,27011698,gs://arc-institute-virtual-cell-atlas/scbasecount/2026-01-12/h5ad/GeneFull/Homo_sapiens/SRX19704145.h5ad,29773,10x_Genomics,3_prime_gex,single_cell,Homo sapiens,lung,UBERON:0002048,NSIP (Non-Specific Interstitial Pneumonia),MONDO:0002429,collagenase I/dispase II digestion,not specified,no,,,True,PRJNA945854
SRX19704143,27011696,gs://arc-institute-virtual-cell-atlas/scbasecount/2026-01-12/h5ad/GeneFull/Homo_sapiens/SRX19704143.h5ad,14086,10x_Genomics,3_prime_gex,single_cell,Homo sapiens,lung,UBERON:0002048,idiopathic pulmonary fibrosis,MONDO:0800504,unsure,unsure,no,,,True,PRJNA945854
SRX19704194,27011747,gs://arc-institute-virtual-cell-atlas/scbasecount/2026-01-12/h5ad/GeneFull/Homo_sapiens/SRX19704194.h5ad,9500,10x_Genomics,3_prime_gex,single_cell,Homo sapiens,lung,UBERON:0002048,Interstitial Lung Disease (ILD),MONDO:0015925,unsure,not_applicable,no,,,True,PRJNA945854
SRX19704144,27011697,gs://arc-institute-virtual-cell-atlas/scbasecount/2026-01-12/h5ad/GeneFull/Homo_sapiens/SRX19704144.h5ad,16165,10x_Genomics,3_prime_gex,single_cell,Homo sapiens,lung,UBERON:0002048,NSIP (Non-Specific Interstitial Pneumonia),MONDO:0002429,collagenase I/dispase II or Miltenyi Multi-Tissue Dissociation Kit,not specified,no,,,True,PRJNA945854
SRX19704173,27011726,gs://arc-institute-virtual-cell-atlas/scbasecount/2026-01-12/h5ad/GeneFull/Homo_sapiens/SRX19704173.h5ad,23165,10x_Genomics,3_prime_gex,single_cell,Homo sapiens,lung,UBERON:0002048,control (healthy),,not specified,not specified,no,,,True,PRJNA945854
SRX19780680,27123109,gs://arc-institute-virtual-cell-atlas/scbasecount/2026-01-12/h5ad/GeneFull/Homo_sapiens/SRX19780680.h5ad,6511,10x_Genomics,5_prime_gex,single_cell,Homo sapiens,bronchoalveolar cells,UBERON:0004821,post-COVID-19 lung disease,MONDO:0100320,unsure,unsure,no,,,True,PRJNA949104
SRX19704172,27011725,gs://arc-institute-virtual-cell-atlas/scbasecount/2026-01-12/h5ad/GeneFull/Homo_sapiens/SRX19704172.h5ad,10684,10x_Genomics,3_prime_gex,single_cell,Homo sapiens,lung,UBERON:0002048,control (healthy tissue),,unsure,unsure,no,,,True,PRJNA945854
SRX25737235,34768405,gs://arc-institute-virtual-cell-atlas/scbasecount/2026-01-12/h5ad/GeneFull/Homo_sapiens/SRX25737235.h5ad,3170,10x_Genomics,3_prime_gex,single_cell,Homo sapiens,primary airway cells,UBERON:0004802,ciliopathy (primary ciliary dyskinesia),MONDO:0005308,none,not_applicable,no,,,True,PRJNA1149046
SRX19780682,27123111,gs://arc-institute-virtual-cell-atlas/scbasecount/2026-01-12/h5ad/GeneFull/Homo_sapiens/SRX19780682.h5ad,5866,10x_Genomics,5_prime_gex,single_cell,Homo sapiens,bronchoalveolar cells,UBERON:0004903,post-COVID-19 lung disease,MONDO:0100320,unsure,unsure,no,,,True,PRJNA949104
SRX19780683,27123112,gs://arc-institute-virtual-cell-atlas/scbasecount/2026-01-12/h5ad/GeneFull/Homo_sapiens/SRX19780683.h5ad,4702,10x_Genomics,5_prime_gex,single_cell,Homo sapiens,bronchoalveolar cells,UBERON:0002048,post-COVID-19 lung disease,MONDO:0100320,unsure,unsure,no,,,True,PRJNA949104
SRX19780684,27123113,gs://arc-institute-virtual-cell-atlas/scbasecount/2026-01-12/h5ad/GeneFull/Homo_sapiens/SRX19780684.h5ad,7890,10x_Genomics,5_prime_gex,single_cell,Homo sapiens,bronchoalveolar cells,UBERON:0004821,post-COVID-19 lung disease,MONDO:0100320,radiotherapy for squamous cell carcinoma,unsure,no,,,True,PRJNA949104
SRX19780678,27123107,gs://arc-institute-virtual-cell-atlas/scbasecount/2026-01-12/h5ad/GeneFull/Homo_sapiens/SRX19780678.h5ad,8295,10x_Genomics,5_prime_gex,single_cell,Homo sapiens,bronchoalveolar cells,UBERON:0004821,post-COVID-19 lung disease,MONDO:0100320,unsure,unsure,no,,,True,PRJNA949104
SRX19704903,27012456,gs://arc-institute-virtual-cell-atlas/scbasecount/2026-01-12/h5ad/GeneFull/Homo_sapiens/SRX19704903.h5ad,12415,10x_Genomics,3_prime_gex,single_cell,Homo sapiens,human bronchial epithelial cells,UBERON:0002031,not specified,,asymmetrical hypoxic (3.5% O2 basolateral with apical cap ~ 1% O2),"D16S, HBE cells (ALI)",no,,,True,PRJNA945866
SRX20811756,28243078,gs://arc-institute-virtual-cell-atlas/scbasecount/2026-01-12/h5ad/GeneFull/Homo_sapiens/SRX20811756.h5ad,5954,10x_Genomics,5_prime_gex,single_cell,Homo sapiens,tracheal aspirate,UBERON:0006833,COVID-19,MONDO:0100096,NoDex (No Dexamethasone),unsure,no,,,True,PRJNA988459
SRX20970826,28404611,gs://arc-institute-virtual-cell-atlas/scbasecount/2026-01-12/h5ad/GeneFull/Homo_sapiens/SRX20970826.h5ad,7832,10x_Genomics,3_prime_gex,single_cell,Homo sapiens,lung adenocarcinoma,UBERON:0002048,cancer,MONDO:0004992,none,Calu-3,no,,,True,PRJNA993165
SRX20612052,28040761,gs://arc-institute-virtual-cell-atlas/scbasecount/2026-01-12/h5ad/GeneFull/Homo_sapiens/SRX20612052.h5ad,6369,10x_Genomics,5_prime_gex,single_cell,Homo sapiens,lung,UBERON:0002048,lung cancer,MONDO:0008903,"thoracoscopic left upper lobectomy, ligature plication with absorbable monofilament suture",not applicable,no,,,True,PRJNA980643
SRX20811757,28243079,gs://arc-institute-virtual-cell-atlas/scbasecount/2026-01-12/h5ad/GeneFull/Homo_sapiens/SRX20811757.h5ad,2198,10x_Genomics,5_prime_gex,single_cell,Homo sapiens,tracheal aspirate,UBERON:0016553,COVID-19,MONDO:0100096,NoDex (No Dexamethasone),not applicable,no,,,True,PRJNA988459
SRX20811755,28243077,gs://arc-institute-virtual-cell-atlas/scbasecount/2026-01-12/h5ad/GeneFull/Homo_sapiens/SRX20811755.h5ad,799,10x_Genomics,5_prime_gex,single_cell,Homo sapiens,tracheal aspirate,UBERON:0006833,COVID-19,MONDO:0100096,NoDex (no dexamethasone),not specified,no,,,True,PRJNA988459
SRX20970828,28404613,gs://arc-institute-virtual-cell-atlas/scbasecount/2026-01-12/h5ad/GeneFull/Homo_sapiens/SRX20970828.h5ad,2573,10x_Genomics,3_prime_gex,single_cell,Homo sapiens,lung adenocarcinoma,UBERON:0002048,non-specific neck pain and low back pain,,none,Calu-3,no,,,True,PRJNA993165
SRX20811747,28243069,gs://arc-institute-virtual-cell-atlas/scbasecount/2026-01-12/h5ad/GeneFull/Homo_sapiens/SRX20811747.h5ad,1449,10x_Genomics,5_prime_gex,single_cell,Homo sapiens,tracheal aspirate,UBERON:0016553,COVID-19,MONDO:0100096,Dexamethasone (Dex),other,no,,,True,PRJNA988459
SRX20811748,28243070,gs://arc-institute-virtual-cell-atlas/scbasecount/2026-01-12/h5ad/GeneFull/Homo_sapiens/SRX20811748.h5ad,3711,10x_Genomics,5_prime_gex,single_cell,Homo sapiens,tracheal aspirate,,COVID-19,MONDO:0100096,dexamethasone,unsure,no,,,True,PRJNA988459
SRX20811749,28243071,gs://arc-institute-virtual-cell-atlas/scbasecount/2026-01-12/h5ad/GeneFull/Homo_sapiens/SRX20811749.h5ad,2559,10x_Genomics,5_prime_gex,single_cell,Homo sapiens,tracheal aspirate,,COVID-19,MONDO:0100096,Dexamethasone (Dex),other,no,,,True,PRJNA988459
SRX20811743,28243065,gs://arc-institute-virtual-cell-atlas/scbasecount/2026-01-12/h5ad/GeneFull/Homo_sapiens/SRX20811743.h5ad,5302,10x_Genomics,5_prime_gex,single_cell,Homo sapiens,tracheal aspirate,UBERON:0006538,COVID-19,MONDO:0100096,Dexamethasone (Dex),other,no,,,True,PRJNA988459
SRX21311408,28748540,gs://arc-institute-virtual-cell-atlas/scbasecount/2026-01-12/h5ad/GeneFull/Homo_sapiens/SRX21311408.h5ad,4354,10x_Genomics,3_prime_gex,single_cell,Homo sapiens,lung,UBERON:0002048,unsure,,unsure,innate lymphoid cells,no,,,True,PRJNA1003807
SRX21460116,28901032,gs://arc-institute-virtual-cell-atlas/scbasecount/2026-01-12/h5ad/GeneFull/Homo_sapiens/SRX21460116.h5ad,14984,10x_Genomics,multiome,single_nucleus,Homo sapiens,tumor-distant normal lung,UBERON:0002048,lung cancer susceptibility,MONDO:0012159,smokers and never-smokers,not applicable,no,,,True,PRJNA1008237
SRX21460117,28901033,gs://arc-institute-virtual-cell-atlas/scbasecount/2026-01-12/h5ad/GeneFull/Homo_sapiens/SRX21460117.h5ad,13434,10x_Genomics,multiome,single_cell,Homo sapiens,tumor-distant normal lung,,lung cancer susceptibility,MONDO:0012159,"smoker status (female, smoker)",not specified,no,,,True,PRJNA1008237
SRX21460106,28901022,gs://arc-institute-virtual-cell-atlas/scbasecount/2026-01-12/h5ad/GeneFull/Homo_sapiens/SRX21460106.h5ad,18555,10x_Genomics,multiome,single_nucleus,Homo sapiens,tumor-distant normal lung,UBERON:0002048,lung cancer susceptibility,MONDO:0012159,male never-smokers; no specific treatment,not applicable,no,,,True,PRJNA1008237
SRX19366526,26627437,gs://arc-institute-virtual-cell-atlas/scbasecount/2026-01-12/h5ad/GeneFull/Homo_sapiens/SRX19366526.h5ad,6499,10x_Genomics,3_prime_gex,single_cell,Homo sapiens,hESC-derived transitional lung organoids,,other,,other,Rockefeller University Embryonic Stem Cell Line 2 (RUES2),no,,,True,PRJNA934917
SRX21460094,28901010,gs://arc-institute-virtual-cell-atlas/scbasecount/2026-01-12/h5ad/GeneFull/Homo_sapiens/SRX21460094.h5ad,15330,10x_Genomics,multiome,single_nucleus,Homo sapiens,tumor-distant normal lung,UBERON:0002048,lung cancer susceptibility,MONDO:0012159,smokers and never-smokers,not applicable,no,,,True,PRJNA1008237
SRX21460115,28901031,gs://arc-institute-virtual-cell-atlas/scbasecount/2026-01-12/h5ad/GeneFull/Homo_sapiens/SRX21460115.h5ad,19023,10x_Genomics,multiome,single_nucleus,Homo sapiens,tumor-distant normal lung,,lung cancer,MONDO:0008903,"smoker status (female, smoker)",not specified,no,,,True,PRJNA1008237
SRX21460093,28901009,gs://arc-institute-virtual-cell-atlas/scbasecount/2026-01-12/h5ad/GeneFull/Homo_sapiens/SRX21460093.h5ad,13635,10x_Genomics,multiome,single_nucleus,Homo sapiens,tumor-distant normal lung,,lung cancer susceptibility,MONDO:0012159,smoking effects on gene expression,other,no,,,True,PRJNA1008237
SRX21808828,29614582,gs://arc-institute-virtual-cell-atlas/scbasecount/2026-01-12/h5ad/GeneFull/Homo_sapiens/SRX21808828.h5ad,11576,10x_Genomics,3_prime_gex,single_cell,Homo sapiens,parietal pleura,UBERON:0002400,type 2 diabetes mellitus,MONDO:0005148,bifidobacterium tetragenous viable bacteria tablets,unsure,no,,,True,PRJNA1018509
SRX25737228,34768398,gs://arc-institute-virtual-cell-atlas/scbasecount/2026-01-12/h5ad/GeneFull/Homo_sapiens/SRX25737228.h5ad,8034,10x_Genomics,3_prime_gex,single_cell,Homo sapiens,Airway cells,UBERON:0008397,not applicable,,not applicable,not applicable,no,,,True,PRJNA1149046
SRX21808827,29614581,gs://arc-institute-virtual-cell-atlas/scbasecount/2026-01-12/h5ad/GeneFull/Homo_sapiens/SRX21808827.h5ad,9186,10x_Genomics,3_prime_gex,single_cell,Homo sapiens,parietal pleura,UBERON:0002400,"pleural mesothelioma, rheumatoid arthritis",MONDO:0003308,collagenase I and DNase I treatment,not specified,no,,,True,PRJNA1018509
SRX24275202,32587757,gs://arc-institute-virtual-cell-atlas/scbasecount/2026-01-12/h5ad/GeneFull/Homo_sapiens/SRX24275202.h5ad,9976,10x_Genomics,3_prime_gex,single_cell,Homo sapiens,lung,UBERON:0002048,COVID-19,MONDO:0100096,In vitro SARS-CoV-2 infection (MOI = 0.1),A549-ACE2,no,,,True,PRJNA1100571
SRX22130035,30081487,gs://arc-institute-virtual-cell-atlas/scbasecount/2026-01-12/h5ad/GeneFull/Homo_sapiens/SRX22130035.h5ad,5196,10x_Genomics,3_prime_gex,single_cell,Homo sapiens,hESC-derived lung organoid,,Idiopathic pulmonary fibrosis (IPF),MONDO:0800504,HPS1 deletion,Rockefeller University Embryonic Stem Cell Line 2 (RUES2),no,,,True,PRJNA1029622
SRX21897876,29793056,gs://arc-institute-virtual-cell-atlas/scbasecount/2026-01-12/h5ad/GeneFull/Homo_sapiens/SRX21897876.h5ad,11531,10x_Genomics,3_prime_gex,single_cell,Homo sapiens,lung,UBERON:0002048,lung adenocarcinoma,MONDO:0005061,"CAR T cell therapy, SUV39H1-knockout","CAR-T cells, gSUV",no,,,True,PRJNA1021137
SRX21897877,29793057,gs://arc-institute-virtual-cell-atlas/scbasecount/2026-01-12/h5ad/GeneFull/Homo_sapiens/SRX21897877.h5ad,9691,10x_Genomics,3_prime_gex,single_cell,Homo sapiens,lung,UBERON:0002048,Experimental Autoimmune Encephalomyelitis (EAE),MONDO:0005134,Administration of ellagic acid,CAR-T cells,no,,,True,PRJNA1021137
SRX21897874,29793054,gs://arc-institute-virtual-cell-atlas/scbasecount/2026-01-12/h5ad/GeneFull/Homo_sapiens/SRX21897874.h5ad,6383,10x_Genomics,3_prime_gex,single_cell,Homo sapiens,mouse lungs,UBERON:0002048,lung adenocarcinoma,MONDO:0005061,"CAR T cell infusion, CRISPR/Cas9 knockout","CAR-T cells, gSUV",no,,,True,PRJNA1021137
SRX21897868,29793048,gs://arc-institute-virtual-cell-atlas/scbasecount/2026-01-12/h5ad/GeneFull/Homo_sapiens/SRX21897868.h5ad,10342,10x_Genomics,3_prime_gex,single_cell,Homo sapiens,lung,UBERON:0002048,depression,MONDO:0002050,CAR T cells (SUV39H1-knockout vs. Mock),CAR-T cells,no,,,True,PRJNA1021137
SRX21808834,29614588,gs://arc-institute-virtual-cell-atlas/scbasecount/2026-01-12/h5ad/GeneFull/Homo_sapiens/SRX21808834.h5ad,14876,10x_Genomics,3_prime_gex,single_cell,Homo sapiens,parietal pleura,UBERON:0002400,pleural mesothelioma,MONDO:0003308,unsure,unsure,no,,,True,PRJNA1018509
SRX22478206,30463995,gs://arc-institute-virtual-cell-atlas/scbasecount/2026-01-12/h5ad/GeneFull/Homo_sapiens/SRX22478206.h5ad,13251,10x_Genomics,multiome,single_cell,Homo sapiens,"lung, epithelial",UBERON:0000115,mesothelioma,MONDO:0005065,treated with GNE-7883 and DMSO,"NCI-H226_CL3, NCI-H226",no,,,True,PRJNA1037570
SRX22558190,30554142,gs://arc-institute-virtual-cell-atlas/scbasecount/2026-01-12/h5ad/GeneFull/Homo_sapiens/SRX22558190.h5ad,8039,10x_Genomics,5_prime_gex,single_cell,Homo sapiens,subglottic tracheal tissue,UBERON:0036068,idiopathic subglottic tracheal stenosis,MONDO:0958099,unsure,unsure,no,,,True,PRJNA1041779
SRX22558193,30554145,gs://arc-institute-virtual-cell-atlas/scbasecount/2026-01-12/h5ad/GeneFull/Homo_sapiens/SRX22558193.h5ad,2160,10x_Genomics,5_prime_gex,single_cell,Homo sapiens,trachea,UBERON:0003126,none,,none,none,no,,,True,PRJNA1041779
SRX22538049,30532324,gs://arc-institute-virtual-cell-atlas/scbasecount/2026-01-12/h5ad/GeneFull/Homo_sapiens/SRX22538049.h5ad,12099,10x_Genomics,3_prime_gex,single_cell,Homo sapiens,bronchial/tracheal epithelial cells,UBERON:0008397,influenza A infection,MONDO:0005812,Cal/04/09 infection (MOI of 0.5),NHBE,no,,,True,PRJNA1010235
SRX21203377,28639699,gs://arc-institute-virtual-cell-atlas/scbasecount/2026-01-12/h5ad/GeneFull/Homo_sapiens/SRX21203377.h5ad,8613,10x_Genomics,3_prime_gex,single_cell,Homo sapiens,lung,UBERON:0002048,fibrotic lung disease,MONDO:0002771,none (control biopsy),"epithelium, mesenchyme",no,,,True,PRJNA1000503
SRX22836418,30884222,gs://arc-institute-virtual-cell-atlas/scbasecount/2026-01-12/h5ad/GeneFull/Homo_sapiens/SRX22836418.h5ad,3544,10x_Genomics,3_prime_gex,single_cell,Homo sapiens,micro-patterned alveolar epithelial cells,UBERON:0004821,neoplasms,MONDO:0005070,"DCIK+3i (CHIR99021, SB431542, Y27632)",B2-3,no,,,True,PRJNA1050294
SRX22836420,30884224,gs://arc-institute-virtual-cell-atlas/scbasecount/2026-01-12/h5ad/GeneFull/Homo_sapiens/SRX22836420.h5ad,2968,10x_Genomics,3_prime_gex,single_cell,Homo sapiens,pulmonary epithelial cells,UBERON:0000115,tumor cells and mechanical stress,MONDO:0005070,"DCIK+3i medium (CHIR99021, SB431542, Y27632)",B2-3 (Micro-patterned alveolar epithelial cells),no,,,True,PRJNA1050294
SRX22836421,30884225,gs://arc-institute-virtual-cell-atlas/scbasecount/2026-01-12/h5ad/GeneFull/Homo_sapiens/SRX22836421.h5ad,3501,10x_Genomics,3_prime_gex,single_cell,Homo sapiens,micro-patterned airway epithelial cells,UBERON:0004802,unsure,,cultured in 'PAL' medium for 14 days,B2-3,no,,,True,PRJNA1050294
SRX22226494,30185143,gs://arc-institute-virtual-cell-atlas/scbasecount/2026-01-12/h5ad/GeneFull/Homo_sapiens/SRX22226494.h5ad,3264,10x_Genomics,3_prime_gex,single_cell,Homo sapiens,lung,UBERON:0002048,SARS-CoV-2 infection,MONDO:0100096,SARS/NT treatment,not specified,no,,,True,PRJNA1032112
SRX22226496,30185145,gs://arc-institute-virtual-cell-atlas/scbasecount/2026-01-12/h5ad/GeneFull/Homo_sapiens/SRX22226496.h5ad,3044,10x_Genomics,3_prime_gex,single_cell,Homo sapiens,lung,UBERON:0002048,SARS-CoV-2 infection,MONDO:0100096,Flu/NT (non-treated),not specified; samples derived from human lung slices,no,,,True,PRJNA1032112
SRX22226498,30185147,gs://arc-institute-virtual-cell-atlas/scbasecount/2026-01-12/h5ad/GeneFull/Homo_sapiens/SRX22226498.h5ad,3308,10x_Genomics,3_prime_gex,single_cell,Homo sapiens,lung,UBERON:0002048,SARS-CoV-2 infection,MONDO:0100096,Flu/NT (non-treated),not specified,no,,,True,PRJNA1032112
SRX22226500,30185149,gs://arc-institute-virtual-cell-atlas/scbasecount/2026-01-12/h5ad/GeneFull/Homo_sapiens/SRX22226500.h5ad,1989,10x_Genomics,3_prime_gex,single_cell,Homo sapiens,lung,UBERON:0002048,SARS-CoV-2 infection,MONDO:0100096,SARS,other,no,,,True,PRJNA1032112
SRX22226492,30185141,gs://arc-institute-virtual-cell-atlas/scbasecount/2026-01-12/h5ad/GeneFull/Homo_sapiens/SRX22226492.h5ad,3967,10x_Genomics,3_prime_gex,single_cell,Homo sapiens,lung,UBERON:0002048,acute respiratory distress syndrome (ARDS) from COVID-19,MONDO:0006502,infection with SARS-CoV-2,precision-cut lung slices from 2 different subjects,no,,,True,PRJNA1032112
SRX23341417,31555473,gs://arc-institute-virtual-cell-atlas/scbasecount/2026-01-12/h5ad/GeneFull/Homo_sapiens/SRX23341417.h5ad,3158,10x_Genomics,5_prime_gex,single_cell,Homo sapiens,lung,UBERON:0002048,tuberculosis,MONDO:0018076,fresh resected human lung tissue,lung tissue with 18F-FDG avidity,no,,,True,PRJNA1067353
SRX23341416,31555472,gs://arc-institute-virtual-cell-atlas/scbasecount/2026-01-12/h5ad/GeneFull/Homo_sapiens/SRX23341416.h5ad,3832,10x_Genomics,5_prime_gex,single_cell,Homo sapiens,lung,UBERON:0002048,tuberculosis,MONDO:0018076,fresh resected human lung tissue,lung tissue with 18F-FDG avidity,no,,,True,PRJNA1067353
SRX23341414,31555470,gs://arc-institute-virtual-cell-atlas/scbasecount/2026-01-12/h5ad/GeneFull/Homo_sapiens/SRX23341414.h5ad,4080,10x_Genomics,5_prime_gex,single_cell,Homo sapiens,lung,UBERON:0002048,tuberculosis,MONDO:0018076,fresh resected human lung tissue,lung tissue with 18F-FDG avidity; cell type: immune cells,no,,,True,PRJNA1067353
SRX23331468,31543307,gs://arc-institute-virtual-cell-atlas/scbasecount/2026-01-12/h5ad/GeneFull/Homo_sapiens/SRX23331468.h5ad,2862,10x_Genomics,3_prime_gex,single_cell,Homo sapiens,primary human airway epithelial cells,UBERON:0004802,SARS-CoV-2 infection,MONDO:0100096,"Infected with SARS-CoV-2 variants (D614G, Delta, Omicron) at MOI 0.05",primary human large/small airway epithelial cells (LAE/SAE),no,,,True,PRJNA1066790
SRX23331467,31543306,gs://arc-institute-virtual-cell-atlas/scbasecount/2026-01-12/h5ad/GeneFull/Homo_sapiens/SRX23331467.h5ad,1449,10x_Genomics,3_prime_gex,single_cell,Homo sapiens,airway epithelium,UBERON:0004802,unsure,,mock infection,large airway epithelial,no,,,True,PRJNA1066790
SRX22996311,31070121,gs://arc-institute-virtual-cell-atlas/scbasecount/2026-01-12/h5ad/GeneFull/Homo_sapiens/SRX22996311.h5ad,3444,10x_Genomics,3_prime_gex,single_cell,Homo sapiens,lung,UBERON:0002048,lung adenocarcinoma,MONDO:0005061,unsure,unsure,no,,,True,PRJNA1055415
SRX23341415,31555471,gs://arc-institute-virtual-cell-atlas/scbasecount/2026-01-12/h5ad/GeneFull/Homo_sapiens/SRX23341415.h5ad,4277,10x_Genomics,5_prime_gex,single_cell,Homo sapiens,lung,UBERON:0002048,tuberculosis,MONDO:0018076,fresh resected human lung tissue,lung tissue with 18F-FDG avidity; cell type: immune cells,no,,,True,PRJNA1067353
SRX22996313,31070123,gs://arc-institute-virtual-cell-atlas/scbasecount/2026-01-12/h5ad/GeneFull/Homo_sapiens/SRX22996313.h5ad,4611,10x_Genomics,3_prime_gex,single_cell,Homo sapiens,lung,UBERON:0002048,lung adenocarcinoma (LUAD),MONDO:0005061,unsure,unsure,no,,,True,PRJNA1055415
SRX22996364,31070174,gs://arc-institute-virtual-cell-atlas/scbasecount/2026-01-12/h5ad/GeneFull/Homo_sapiens/SRX22996364.h5ad,3728,10x_Genomics,3_prime_gex,single_cell,Homo sapiens,lung,UBERON:0002048,lung adenocarcinoma (LUAD),MONDO:0005061,not specified,not specified,no,,,True,PRJNA1055415
SRX23331472,31543311,gs://arc-institute-virtual-cell-atlas/scbasecount/2026-01-12/h5ad/GeneFull/Homo_sapiens/SRX23331472.h5ad,6494,10x_Genomics,3_prime_gex,single_cell,Homo sapiens,airway epithelial cells,UBERON:0004802,SARS-CoV-2 infection,MONDO:0100096,Infected with SARS-CoV-2 variants,Primary human airway epithelial cells,no,,,True,PRJNA1066790
SRX22996380,31070190,gs://arc-institute-virtual-cell-atlas/scbasecount/2026-01-12/h5ad/GeneFull/Homo_sapiens/SRX22996380.h5ad,3807,10x_Genomics,3_prime_gex,single_cell,Homo sapiens,lung,UBERON:0002048,lung adenocarcinoma (LUAD),MONDO:0005061,unsure,unsure,no,,,True,PRJNA1055415
SRX22996391,31070201,gs://arc-institute-virtual-cell-atlas/scbasecount/2026-01-12/h5ad/GeneFull/Homo_sapiens/SRX22996391.h5ad,2761,10x_Genomics,3_prime_gex,single_cell,Homo sapiens,lung,UBERON:0002048,lung adenocarcinoma,MONDO:0005061,unsure,unsure,no,,,True,PRJNA1055415
SRX22996381,31070191,gs://arc-institute-virtual-cell-atlas/scbasecount/2026-01-12/h5ad/GeneFull/Homo_sapiens/SRX22996381.h5ad,4113,10x_Genomics,3_prime_gex,single_cell,Homo sapiens,lung,UBERON:0002048,lung adenocarcinoma,MONDO:0005061,unsure,unsure,no,,,True,PRJNA1055415
SRX22996393,31070203,gs://arc-institute-virtual-cell-atlas/scbasecount/2026-01-12/h5ad/GeneFull/Homo_sapiens/SRX22996393.h5ad,2498,10x_Genomics,3_prime_gex,single_cell,Homo sapiens,lung,UBERON:0002048,lung adenocarcinoma,MONDO:0005061,unsure,unsure,no,,,True,PRJNA1055415
SRX22996361,31070171,gs://arc-institute-virtual-cell-atlas/scbasecount/2026-01-12/h5ad/GeneFull/Homo_sapiens/SRX22996361.h5ad,3339,10x_Genomics,3_prime_gex,single_cell,Homo sapiens,lung,UBERON:0002048,lung adenocarcinoma,MONDO:0005061,unsure,unsure,no,,,True,PRJNA1055415
SRX23331461,31543300,gs://arc-institute-virtual-cell-atlas/scbasecount/2026-01-12/h5ad/GeneFull/Homo_sapiens/SRX23331461.h5ad,8851,10x_Genomics,3_prime_gex,single_cell,Homo sapiens,airway epithelium,UBERON:0004802,mental health issues in children of immigrant mothers,,"D614G variant of SARS-CoV-2, 48 hours post-infection",large airway epithelial cells,no,,,True,PRJNA1066790
SRX22996397,31070207,gs://arc-institute-virtual-cell-atlas/scbasecount/2026-01-12/h5ad/GeneFull/Homo_sapiens/SRX22996397.h5ad,3943,10x_Genomics,3_prime_gex,single_cell,Homo sapiens,lung,UBERON:0002048,lung adenocarcinoma (LUAD),MONDO:0005061,unsure,unsure,no,,,True,PRJNA1055415
SRX22996353,31070163,gs://arc-institute-virtual-cell-atlas/scbasecount/2026-01-12/h5ad/GeneFull/Homo_sapiens/SRX22996353.h5ad,3904,10x_Genomics,3_prime_gex,single_cell,Homo sapiens,lung,,lung adenocarcinoma,MONDO:0005061,unsure,unsure,no,,,True,PRJNA1055415
SRX22996363,31070173,gs://arc-institute-virtual-cell-atlas/scbasecount/2026-01-12/h5ad/GeneFull/Homo_sapiens/SRX22996363.h5ad,2857,10x_Genomics,3_prime_gex,single_cell,Homo sapiens,lung,UBERON:0002048,lung adenocarcinoma,MONDO:0005061,unsure,MRC009 Adeno ANT_2,no,,,True,PRJNA1055415
SRX23331464,31543303,gs://arc-institute-virtual-cell-atlas/scbasecount/2026-01-12/h5ad/GeneFull/Homo_sapiens/SRX23331464.h5ad,10153,10x_Genomics,3_prime_gex,single_cell,Homo sapiens,airway epithelium,UBERON:0004802,not specified,,"Delta, 48 hours post infection",small airway epithelial (Primary air-liquid interface culture),no,,,True,PRJNA1066790
SRX23331473,31543312,gs://arc-institute-virtual-cell-atlas/scbasecount/2026-01-12/h5ad/GeneFull/Homo_sapiens/SRX23331473.h5ad,5378,10x_Genomics,3_prime_gex,single_cell,Homo sapiens,airway epithelium,,unsure,,"omicron, 96 hours post infection",small airway epithelial,no,,,True,PRJNA1066790
SRX23395179,31616148,gs://arc-institute-virtual-cell-atlas/scbasecount/2026-01-12/h5ad/GeneFull/Homo_sapiens/SRX23395179.h5ad,9393,10x_Genomics,3_prime_gex,single_cell,Homo sapiens,lung,UBERON:0002048,Infected with SARS-CoV-2,MONDO:0100096,Infected with SARS-CoV-2,Epithelial (from lung tissue),no,,,True,PRJNA1069102
SRX23395181,31616150,gs://arc-institute-virtual-cell-atlas/scbasecount/2026-01-12/h5ad/GeneFull/Homo_sapiens/SRX23395181.h5ad,2830,10x_Genomics,3_prime_gex,single_cell,Homo sapiens,lung,UBERON:0002048,acute coronary syndrome,MONDO:0005542,mock,epithelial,no,,,True,PRJNA1069102
SRX23395180,31616149,gs://arc-institute-virtual-cell-atlas/scbasecount/2026-01-12/h5ad/GeneFull/Homo_sapiens/SRX23395180.h5ad,1256,10x_Genomics,3_prime_gex,single_cell,Homo sapiens,lung,UBERON:0002048,not specified,,mock,not specified,no,,,True,PRJNA1069102
SRX22996354,31070164,gs://arc-institute-virtual-cell-atlas/scbasecount/2026-01-12/h5ad/GeneFull/Homo_sapiens/SRX22996354.h5ad,3907,10x_Genomics,3_prime_gex,single_cell,Homo sapiens,lung,UBERON:0002048,lung adenocarcinoma,MONDO:0005061,unsure,unsure,no,,,True,PRJNA1055415
SRX23331470,31543309,gs://arc-institute-virtual-cell-atlas/scbasecount/2026-01-12/h5ad/GeneFull/Homo_sapiens/SRX23331470.h5ad,9906,10x_Genomics,3_prime_gex,single_cell,Homo sapiens,airway epithelium,UBERON:0004802,unsure,,"D614G, 96 hours post infection",large airway epithelial,no,,,True,PRJNA1066790
SRX23331469,31543308,gs://arc-institute-virtual-cell-atlas/scbasecount/2026-01-12/h5ad/GeneFull/Homo_sapiens/SRX23331469.h5ad,6339,10x_Genomics,3_prime_gex,single_cell,Homo sapiens,airway epithelium,UBERON:0004802,unsure,,"D614G, 96 hours post infection",large airway epithelial,no,,,True,PRJNA1066790
SRX23331471,31543310,gs://arc-institute-virtual-cell-atlas/scbasecount/2026-01-12/h5ad/GeneFull/Homo_sapiens/SRX23331471.h5ad,7637,10x_Genomics,3_prime_gex,single_cell,Homo sapiens,airway epithelium,UBERON:0004802,SARS-CoV-2 infection,MONDO:0100096,"D614G variant, 96 hours post-infection",small airway epithelial,no,,,True,PRJNA1066790
SRX23395182,31616151,gs://arc-institute-virtual-cell-atlas/scbasecount/2026-01-12/h5ad/GeneFull/Homo_sapiens/SRX23395182.h5ad,677,10x_Genomics,3_prime_gex,single_cell,Homo sapiens,lung,UBERON:0002048,infected with SARS-CoV-2,MONDO:0100096,infected with SARS-CoV-2,"epithelial, pediatric, 5 weeks, male, Caucasian",no,,,True,PRJNA1069102
SRX23395191,31616160,gs://arc-institute-virtual-cell-atlas/scbasecount/2026-01-12/h5ad/GeneFull/Homo_sapiens/SRX23395191.h5ad,2178,10x_Genomics,3_prime_gex,single_cell,Homo sapiens,lung,UBERON:0002048,SARS-CoV-2 infection,MONDO:0100096,mock infection,primary lung epithelial cells,no,,,True,PRJNA1069102
SRX22996368,31070178,gs://arc-institute-virtual-cell-atlas/scbasecount/2026-01-12/h5ad/GeneFull/Homo_sapiens/SRX22996368.h5ad,6764,10x_Genomics,3_prime_gex,single_cell,Homo sapiens,lung,UBERON:0002048,lung adenocarcinoma,MONDO:0005061,unsure,unsure,no,,,True,PRJNA1055415
SRX23395185,31616154,gs://arc-institute-virtual-cell-atlas/scbasecount/2026-01-12/h5ad/GeneFull/Homo_sapiens/SRX23395185.h5ad,9161,10x_Genomics,3_prime_gex,single_cell,Homo sapiens,lung,UBERON:0002048,no specific disease; study on SARS-CoV-2 response,,mock (control group),"epithelial, pediatric, 6 months, male, Caucasian",no,,,True,PRJNA1069102
SRX22996367,31070177,gs://arc-institute-virtual-cell-atlas/scbasecount/2026-01-12/h5ad/GeneFull/Homo_sapiens/SRX22996367.h5ad,6776,10x_Genomics,3_prime_gex,single_cell,Homo sapiens,lung,UBERON:0002048,lung adenocarcinoma,MONDO:0005061,unsure,unsure,no,,,True,PRJNA1055415
SRX23395189,31616158,gs://arc-institute-virtual-cell-atlas/scbasecount/2026-01-12/h5ad/GeneFull/Homo_sapiens/SRX23395189.h5ad,4340,10x_Genomics,3_prime_gex,single_cell,Homo sapiens,lung,UBERON:0002048,unsure,,mock,unsure,no,,,True,PRJNA1069102
SRX23457973,31689182,gs://arc-institute-virtual-cell-atlas/scbasecount/2026-01-12/h5ad/GeneFull/Homo_sapiens/SRX23457973.h5ad,1836,10x_Genomics,3_prime_gex,single_cell,Homo sapiens,bronchial epithelium,UBERON:0002031,unsure,,infected by four different betacoronaviruses and mock control,HBEC organoid-BA275-1,no,,,True,PRJNA1071273
SRX21256826,28693622,gs://arc-institute-virtual-cell-atlas/scbasecount/2026-01-12/h5ad/GeneFull/Homo_sapiens/SRX21256826.h5ad,4339,10x_Genomics,vdj,single_cell,Homo sapiens,lung,UBERON:0002048,non-small cell lung cancer (NSCLC),MONDO:0005233,MRTX849 + TNO155 resistant,lung tumor cell,no,,,True,PRJNA1002309
SRX23457969,31689178,gs://arc-institute-virtual-cell-atlas/scbasecount/2026-01-12/h5ad/GeneFull/Homo_sapiens/SRX23457969.h5ad,1325,10x_Genomics,3_prime_gex,single_cell,Homo sapiens,bronchial epithelium,UBERON:0002031,infected by betacoronaviruses,,mock control,HBEC organoid-control-1,no,,,True,PRJNA1071273
SRX22996349,31070159,gs://arc-institute-virtual-cell-atlas/scbasecount/2026-01-12/h5ad/GeneFull/Homo_sapiens/SRX22996349.h5ad,3185,10x_Genomics,3_prime_gex,single_cell,Homo sapiens,lung adenocarcinoma,,lung adenocarcinoma (LUAD),MONDO:0005061,unsure,unsure,no,,,True,PRJNA1055415
SRX22996345,31070155,gs://arc-institute-virtual-cell-atlas/scbasecount/2026-01-12/h5ad/GeneFull/Homo_sapiens/SRX22996345.h5ad,4314,10x_Genomics,3_prime_gex,single_cell,Homo sapiens,lung,UBERON:0002048,lung adenocarcinoma,MONDO:0005061,unsure,unsure,no,,,True,PRJNA1055415
SRX23386175,31606445,gs://arc-institute-virtual-cell-atlas/scbasecount/2026-01-12/h5ad/GeneFull/Homo_sapiens/SRX23386175.h5ad,12487,10x_Genomics,3_prime_gex,single_cell,Homo sapiens,bronchial brushing,UBERON:0002031,acute myeloid leukaemia (AML) or myelodysplastic syndrome (MDS),MONDO:0018874,Treosulfan plus fludarabine; Busulfan plus fludarabine,bronchial airway cells,no,,,True,PRJNA1068611
SRX22996347,31070157,gs://arc-institute-virtual-cell-atlas/scbasecount/2026-01-12/h5ad/GeneFull/Homo_sapiens/SRX22996347.h5ad,3090,10x_Genomics,3_prime_gex,single_cell,Homo sapiens,lung,,lung adenocarcinoma,MONDO:0005061,unsure,unsure,no,,,True,PRJNA1055415
SRX23902409,32207433,gs://arc-institute-virtual-cell-atlas/scbasecount/2026-01-12/h5ad/GeneFull/Homo_sapiens/SRX23902409.h5ad,13548,10x_Genomics,3_prime_gex,single_cell,Homo sapiens,bronchoalveolar lavage fluid,,"Chronic Obstructive Pulmonary Disease (COPD), Pulmonary Silicosis",MONDO:0005002,Ex vivo stimulation with bacterial lysate OM-85,BAL cells,no,,,True,PRJNA1086544
SRX23395192,31616161,gs://arc-institute-virtual-cell-atlas/scbasecount/2026-01-12/h5ad/GeneFull/Homo_sapiens/SRX23395192.h5ad,3034,10x_Genomics,3_prime_gex,single_cell,Homo sapiens,lung,UBERON:0002048,SARS-CoV-2 infection,MONDO:0100096,SARS-CoV-2 infection,not_applicable,no,,,True,PRJNA1069102
SRX22996371,31070181,gs://arc-institute-virtual-cell-atlas/scbasecount/2026-01-12/h5ad/GeneFull/Homo_sapiens/SRX22996371.h5ad,2708,10x_Genomics,3_prime_gex,single_cell,Homo sapiens,lung,UBERON:0002048,lung adenocarcinoma,MONDO:0005061,unsure,unsure,no,,,True,PRJNA1055415
SRX22996376,31070186,gs://arc-institute-virtual-cell-atlas/scbasecount/2026-01-12/h5ad/GeneFull/Homo_sapiens/SRX22996376.h5ad,4692,10x_Genomics,3_prime_gex,single_cell,Homo sapiens,lung,UBERON:0002048,lung adenocarcinoma (LUAD),MONDO:0005061,unsure,unsure,no,,,True,PRJNA1055415
SRX22996395,31070205,gs://arc-institute-virtual-cell-atlas/scbasecount/2026-01-12/h5ad/GeneFull/Homo_sapiens/SRX22996395.h5ad,2214,10x_Genomics,3_prime_gex,single_cell,Homo sapiens,lung,,lung adenocarcinoma (LUAD),MONDO:0005061,unsure,unsure,no,,,True,PRJNA1055415
SRX22996394,31070204,gs://arc-institute-virtual-cell-atlas/scbasecount/2026-01-12/h5ad/GeneFull/Homo_sapiens/SRX22996394.h5ad,2584,10x_Genomics,3_prime_gex,single_cell,Homo sapiens,lung,UBERON:0002048,lung adenocarcinoma,MONDO:0005061,unsure,unsure,no,,,True,PRJNA1055415
SRX22996358,31070168,gs://arc-institute-virtual-cell-atlas/scbasecount/2026-01-12/h5ad/GeneFull/Homo_sapiens/SRX22996358.h5ad,3335,10x_Genomics,3_prime_gex,single_cell,Homo sapiens,lung,UBERON:0002048,lung adenocarcinoma (LUAD),MONDO:0005061,unsure,unsure,no,,,True,PRJNA1055415
SRX22996359,31070169,gs://arc-institute-virtual-cell-atlas/scbasecount/2026-01-12/h5ad/GeneFull/Homo_sapiens/SRX22996359.h5ad,3212,10x_Genomics,3_prime_gex,single_cell,Homo sapiens,lung,UBERON:0002048,lung adenocarcinoma,MONDO:0005061,unsure,unsure,no,,,True,PRJNA1055415
SRX22996355,31070165,gs://arc-institute-virtual-cell-atlas/scbasecount/2026-01-12/h5ad/GeneFull/Homo_sapiens/SRX22996355.h5ad,5828,10x_Genomics,3_prime_gex,single_cell,Homo sapiens,lung,UBERON:0002048,lung adenocarcinoma,MONDO:0005061,unsure,unsure,no,,,True,PRJNA1055415
SRX23826524,32128234,gs://arc-institute-virtual-cell-atlas/scbasecount/2026-01-12/h5ad/GeneFull/Homo_sapiens/SRX23826524.h5ad,3804,10x_Genomics,3_prime_gex,single_cell,Homo sapiens,lung,UBERON:0002048,not specified,,8 days post transplantation (8dpt),P63+ lung progenitor cells,no,,,True,PRJNA1083474
SRX23825229,32126939,gs://arc-institute-virtual-cell-atlas/scbasecount/2026-01-12/h5ad/GeneFull/Homo_sapiens/SRX23825229.h5ad,3725,10x_Genomics,5_prime_gex,single_cell,Homo sapiens,lung,,non-diseased,,Collagenase II treatment for cell suspension,not specified,no,,,True,PRJNA1083452
SRX23825228,32126938,gs://arc-institute-virtual-cell-atlas/scbasecount/2026-01-12/h5ad/GeneFull/Homo_sapiens/SRX23825228.h5ad,3537,10x_Genomics,5_prime_gex,single_cell,Homo sapiens,lung,UBERON:0002048,none,,Collagenase II and red blood cell lysis buffer treatment,not specified,no,,,True,PRJNA1083452
SRX23825230,32126940,gs://arc-institute-virtual-cell-atlas/scbasecount/2026-01-12/h5ad/GeneFull/Homo_sapiens/SRX23825230.h5ad,22273,10x_Genomics,5_prime_gex,single_cell,Homo sapiens,lung,UBERON:0002048,non-diseased,,Treated with collagenase for single-cell suspension.,not specified,no,,,True,PRJNA1083452
SRX23826525,32128235,gs://arc-institute-virtual-cell-atlas/scbasecount/2026-01-12/h5ad/GeneFull/Homo_sapiens/SRX23826525.h5ad,7611,10x_Genomics,3_prime_gex,single_cell,Homo sapiens,lung,UBERON:0002048,unsure,,35 days post transplantation (35dpt),P63+ lung progenitor cells,no,,,True,PRJNA1083474
SRX23825226,32126936,gs://arc-institute-virtual-cell-atlas/scbasecount/2026-01-12/h5ad/GeneFull/Homo_sapiens/SRX23825226.h5ad,3270,10x_Genomics,5_prime_gex,single_cell,Homo sapiens,lung,UBERON:0002048,non-diseased,,Collagenase II treatment for single-cell suspension,not specified,no,,,True,PRJNA1083452
SRX23825225,32126935,gs://arc-institute-virtual-cell-atlas/scbasecount/2026-01-12/h5ad/GeneFull/Homo_sapiens/SRX23825225.h5ad,10808,10x_Genomics,5_prime_gex,single_cell,Homo sapiens,lung,UBERON:0002048,non-diseased,,Collagenase II and RBC lysis buffer treatment,not specified,no,,,True,PRJNA1083452
SRX24312780,32625514,gs://arc-institute-virtual-cell-atlas/scbasecount/2026-01-12/h5ad/GeneFull/Homo_sapiens/SRX24312780.h5ad,12505,10x_Genomics,3_prime_gex,single_cell,Homo sapiens,fetal lung,,unsure,,unsure,unsure,no,,,True,PRJNA1102355
SRX24312783,32625517,gs://arc-institute-virtual-cell-atlas/scbasecount/2026-01-12/h5ad/GeneFull/Homo_sapiens/SRX24312783.h5ad,8845,10x_Genomics,3_prime_gex,single_cell,Homo sapiens,fetal lung,UBERON:0002048,unsure,,unsure,unsure,no,,,True,PRJNA1102355
SRX24312782,32625516,gs://arc-institute-virtual-cell-atlas/scbasecount/2026-01-12/h5ad/GeneFull/Homo_sapiens/SRX24312782.h5ad,6230,10x_Genomics,3_prime_gex,single_cell,Homo sapiens,fetal lung,UBERON:0002048,not specified,,not specified,not specified,no,,,True,PRJNA1102355
SRX24312784,32625518,gs://arc-institute-virtual-cell-atlas/scbasecount/2026-01-12/h5ad/GeneFull/Homo_sapiens/SRX24312784.h5ad,10829,10x_Genomics,3_prime_gex,single_cell,Homo sapiens,fetal lung,UBERON:0002048,unsure,,unsure,unsure,no,,,True,PRJNA1102355
SRX24312768,32625502,gs://arc-institute-virtual-cell-atlas/scbasecount/2026-01-12/h5ad/GeneFull/Homo_sapiens/SRX24312768.h5ad,13627,10x_Genomics,3_prime_gex,single_cell,Homo sapiens,fetal lung,UBERON:0005597,unsure,,unsure,unsure,no,,,True,PRJNA1102355
SRX22996365,31070175,gs://arc-institute-virtual-cell-atlas/scbasecount/2026-01-12/h5ad/GeneFull/Homo_sapiens/SRX22996365.h5ad,3552,10x_Genomics,3_prime_gex,single_cell,Homo sapiens,lung,UBERON:0002048,lung adenocarcinoma (LUAD),MONDO:0005061,unsure,unsure,no,,,True,PRJNA1055415
SRX23395183,31616152,gs://arc-institute-virtual-cell-atlas/scbasecount/2026-01-12/h5ad/GeneFull/Homo_sapiens/SRX23395183.h5ad,2364,10x_Genomics,3_prime_gex,single_cell,Homo sapiens,lung,UBERON:0002048,not specified,,mock,"epithelial, pediatric, 2 months, male, caucasian",no,,,True,PRJNA1069102
SRX23331463,31543302,gs://arc-institute-virtual-cell-atlas/scbasecount/2026-01-12/h5ad/GeneFull/Homo_sapiens/SRX23331463.h5ad,14073,10x_Genomics,3_prime_gex,single_cell,Homo sapiens,airway epithelium,UBERON:0004802,SARS-CoV-2 infection,MONDO:0100096,"Delta variant of SARS-CoV-2, 48 hours post-infection",large airway epithelial cells,no,,,True,PRJNA1066790
SRX23395188,31616157,gs://arc-institute-virtual-cell-atlas/scbasecount/2026-01-12/h5ad/GeneFull/Homo_sapiens/SRX23395188.h5ad,7747,10x_Genomics,3_prime_gex,single_cell,Homo sapiens,lung,UBERON:0002048,infected with SARS-CoV-2,MONDO:0100096,infected with SARS-CoV-2,epithelial,no,,,True,PRJNA1069102
SRX22996332,31070142,gs://arc-institute-virtual-cell-atlas/scbasecount/2026-01-12/h5ad/GeneFull/Homo_sapiens/SRX22996332.h5ad,2875,10x_Genomics,3_prime_gex,single_cell,Homo sapiens,lung,UBERON:0002048,unsure,,unsure,unsure,no,,,True,PRJNA1055415
SRX22996337,31070147,gs://arc-institute-virtual-cell-atlas/scbasecount/2026-01-12/h5ad/GeneFull/Homo_sapiens/SRX22996337.h5ad,5637,10x_Genomics,3_prime_gex,single_cell,Homo sapiens,lung,UBERON:0002048,lung adenocarcinoma,MONDO:0005061,unsure,unsure,no,,,True,PRJNA1055415
SRX23331466,31543305,gs://arc-institute-virtual-cell-atlas/scbasecount/2026-01-12/h5ad/GeneFull/Homo_sapiens/SRX23331466.h5ad,12859,10x_Genomics,3_prime_gex,single_cell,Homo sapiens,airway epithelium,,not specified,,"Omicron, 48 hours post infection",large airway epithelial,no,,,True,PRJNA1066790
SRX23395184,31616153,gs://arc-institute-virtual-cell-atlas/scbasecount/2026-01-12/h5ad/GeneFull/Homo_sapiens/SRX23395184.h5ad,1734,10x_Genomics,3_prime_gex,single_cell,Homo sapiens,lung,UBERON:0002048,infected with SARS-CoV-2,MONDO:0100096,infected with SARS-CoV-2,"epithelial cells, pediatric, 2 months old, male, Caucasian",no,,,True,PRJNA1069102
SRX23457972,31689181,gs://arc-institute-virtual-cell-atlas/scbasecount/2026-01-12/h5ad/GeneFull/Homo_sapiens/SRX23457972.h5ad,1378,10x_Genomics,3_prime_gex,single_cell,Homo sapiens,bronchial epithelium,UBERON:0002031,"related to betacoronaviruses (HCoV-OC43, SARS-CoV, MERS-CoV, SARS-CoV-2)",,infected by MERS-CoV,HBEC organoid (Human Bronchial Epithelial Cell organoid),no,,,True,PRJNA1071273
SRX23457970,31689179,gs://arc-institute-virtual-cell-atlas/scbasecount/2026-01-12/h5ad/GeneFull/Homo_sapiens/SRX23457970.h5ad,3835,10x_Genomics,3_prime_gex,single_cell,Homo sapiens,bronchial epithelium,UBERON:0002031,infections by betacoronaviruses,MONDO:0020753,control group (HBEC organoid-control-2),human bronchial epithelial organoids,no,,,True,PRJNA1071273
SRX23457983,31689192,gs://arc-institute-virtual-cell-atlas/scbasecount/2026-01-12/h5ad/GeneFull/Homo_sapiens/SRX23457983.h5ad,1186,10x_Genomics,3_prime_gex,single_cell,Homo sapiens,bronchial epithelium,UBERON:0002031,not specified,,infected by MERS-CoV,HBEC organoid-MERS-1,no,,,True,PRJNA1071273
SRX23457982,31689191,gs://arc-institute-virtual-cell-atlas/scbasecount/2026-01-12/h5ad/GeneFull/Homo_sapiens/SRX23457982.h5ad,2624,10x_Genomics,3_prime_gex,single_cell,Homo sapiens,bronchial epithelium,UBERON:0002031,related to betacoronaviruses,,infected by four different betacoronaviruses,HBEC organoid-SARS1-3,no,,,True,PRJNA1071273
SRX22996387,31070197,gs://arc-institute-virtual-cell-atlas/scbasecount/2026-01-12/h5ad/GeneFull/Homo_sapiens/SRX22996387.h5ad,2968,10x_Genomics,3_prime_gex,single_cell,Homo sapiens,lung,UBERON:0002048,lung adenocarcinoma (LUAD),MONDO:0005061,unsure,unsure,no,,,True,PRJNA1055415
SRX22996386,31070196,gs://arc-institute-virtual-cell-atlas/scbasecount/2026-01-12/h5ad/GeneFull/Homo_sapiens/SRX22996386.h5ad,2880,10x_Genomics,3_prime_gex,single_cell,Homo sapiens,lung,UBERON:0002048,lung adenocarcinoma,MONDO:0005061,matched adjacent tissue and tumor samples,unsure,no,,,True,PRJNA1055415
SRX23825222,32126932,gs://arc-institute-virtual-cell-atlas/scbasecount/2026-01-12/h5ad/GeneFull/Homo_sapiens/SRX23825222.h5ad,16579,10x_Genomics,3_prime_gex,single_cell,Homo sapiens,lung,UBERON:0002048,non-diseased,,active surveillance vs. surgery for low-risk papillary thyroid cancer,not specified,no,,,True,PRJNA1083452
SRX24312785,32625519,gs://arc-institute-virtual-cell-atlas/scbasecount/2026-01-12/h5ad/GeneFull/Homo_sapiens/SRX24312785.h5ad,11289,10x_Genomics,3_prime_gex,single_cell,Homo sapiens,fetal lung,UBERON:0002048,unsure,,unsure,unsure,no,,,True,PRJNA1102355
SRX24476190,32792367,gs://arc-institute-virtual-cell-atlas/scbasecount/2026-01-12/h5ad/GeneFull/Homo_sapiens/SRX24476190.h5ad,1378,10x_Genomics,3_prime_gex,single_cell,Homo sapiens,fetal lung cells,UBERON:0002048,unsure,,differentiation of hPSCs into fetal lung cells,CA1,no,,,True,PRJNA1108329
SRX24476192,32792369,gs://arc-institute-virtual-cell-atlas/scbasecount/2026-01-12/h5ad/GeneFull/Homo_sapiens/SRX24476192.h5ad,1065,10x_Genomics,3_prime_gex,single_cell,Homo sapiens,fetal lung cells,UBERON:0002048,unsure,,unsure,BU3,no,,,True,PRJNA1108329
SRX24475802,32791979,gs://arc-institute-virtual-cell-atlas/scbasecount/2026-01-12/h5ad/GeneFull/Homo_sapiens/SRX24475802.h5ad,6980,10x_Genomics,5_prime_gex,single_cell,Homo sapiens,bronchoalveolar lavage,,healthy control,,post-infection with Mycobacterium tuberculosis,BAL cells,no,,,True,PRJNA1108287
SRX24475794,32791971,gs://arc-institute-virtual-cell-atlas/scbasecount/2026-01-12/h5ad/GeneFull/Homo_sapiens/SRX24475794.h5ad,5706,10x_Genomics,5_prime_gex,single_cell,Homo sapiens,bronchoalveolar lavage,UBERON:0001954,healthy control,,post-infection with Mtb H37Rv,BAL cells,no,,,True,PRJNA1108287
SRX24475786,32791963,gs://arc-institute-virtual-cell-atlas/scbasecount/2026-01-12/h5ad/GeneFull/Homo_sapiens/SRX24475786.h5ad,8201,10x_Genomics,5_prime_gex,single_cell,Homo sapiens,bronchoalveolar lavage,,People Living with HIV (PLWH),MONDO:0005109,Cells infected with Mtb H37Rv at an MOI of 2:1,none,no,,,True,PRJNA1108287
SRX24475787,32791964,gs://arc-institute-virtual-cell-atlas/scbasecount/2026-01-12/h5ad/GeneFull/Homo_sapiens/SRX24475787.h5ad,11376,10x_Genomics,5_prime_gex,single_cell,Homo sapiens,bronchoalveolar lavage (BAL) cells,UBERON:0035963,"HIV, tuberculosis","MONDO:0005109,MONDO:0018076","anti-retroviral therapy, Mycobacterium tuberculosis infection",other,no,,,True,PRJNA1108287
SRX17412852,24241910,gs://arc-institute-virtual-cell-atlas/scbasecount/2026-01-12/h5ad/GeneFull/Homo_sapiens/SRX17412852.h5ad,2227,10x_Genomics,3_prime_gex,single_cell,Homo sapiens,Whole Lung Dissociate,UBERON:0002048,IPF (Idiopathic Pulmonary Fibrosis),MONDO:0800504,unsure,unsure,no,f86d6317-7215-409e-bfda-3f4ded3dadaa,Human CellCards Multi-Study CellRef 1.0 Atlas,True,PRJNA563828
SRX24475788,32791965,gs://arc-institute-virtual-cell-atlas/scbasecount/2026-01-12/h5ad/GeneFull/Homo_sapiens/SRX24475788.h5ad,2416,10x_Genomics,5_prime_gex,single_cell,Homo sapiens,bronchoalveolar lavage,UBERON:0035963,PLWH (People Living With HIV),MONDO:0005109,post-infection with Mtb (Mycobacterium tuberculosis),BAL Cells (Bronchoalveolar Lavage Cells),no,,,True,PRJNA1108287
SRX24475800,32791977,gs://arc-institute-virtual-cell-atlas/scbasecount/2026-01-12/h5ad/GeneFull/Homo_sapiens/SRX24475800.h5ad,8595,10x_Genomics,5_prime_gex,single_cell,Homo sapiens,bronchoalveolar lavage,UBERON:0002411,healthy control,,post-infection with Mtb,BAL cells,no,,,True,PRJNA1108287
SRX24475799,32791976,gs://arc-institute-virtual-cell-atlas/scbasecount/2026-01-12/h5ad/GeneFull/Homo_sapiens/SRX24475799.h5ad,8080,10x_Genomics,5_prime_gex,single_cell,Homo sapiens,bronchoalveolar lavage,UBERON:0001966,healthy control,,uninfected,BAL Cells,no,,,True,PRJNA1108287
SRX24475790,32791967,gs://arc-institute-virtual-cell-atlas/scbasecount/2026-01-12/h5ad/GeneFull/Homo_sapiens/SRX24475790.h5ad,3077,10x_Genomics,5_prime_gex,single_cell,Homo sapiens,bronchoalveolar lavage,,healthy control,,post-infection with Mycobacterium tuberculosis,BAL cells,no,,,True,PRJNA1108287
SRX24475789,32791966,gs://arc-institute-virtual-cell-atlas/scbasecount/2026-01-12/h5ad/GeneFull/Homo_sapiens/SRX24475789.h5ad,8587,10x_Genomics,5_prime_gex,single_cell,Homo sapiens,bronchoalveolar lavage,UBERON:0002048,healthy control,,uninfected,other,no,,,True,PRJNA1108287
SRX24475795,32791972,gs://arc-institute-virtual-cell-atlas/scbasecount/2026-01-12/h5ad/GeneFull/Homo_sapiens/SRX24475795.h5ad,9827,10x_Genomics,5_prime_gex,single_cell,Homo sapiens,bronchoalveolar lavage,UBERON:0002104,PLWH (People Living With HIV),MONDO:0005109,uninfected,BAL Cells (Bronchoalveolar Lavage Cells),no,,,True,PRJNA1108287
SRX24476191,32792368,gs://arc-institute-virtual-cell-atlas/scbasecount/2026-01-12/h5ad/GeneFull/Homo_sapiens/SRX24476191.h5ad,1719,10x_Genomics,3_prime_gex,single_cell,Homo sapiens,fetal lung organoids,UBERON:0002048,unsure,,unsure,CA1,no,,,True,PRJNA1108329
SRX24475798,32791975,gs://arc-institute-virtual-cell-atlas/scbasecount/2026-01-12/h5ad/GeneFull/Homo_sapiens/SRX24475798.h5ad,8661,10x_Genomics,5_prime_gex,single_cell,Homo sapiens,bronchoalveolar lavage,UBERON:0002048,People Living with HIV (PLWH),MONDO:0005109,Post-infection with Mtb H37Rv,BAL Cells,no,,,True,PRJNA1108287
SRX24475785,32791962,gs://arc-institute-virtual-cell-atlas/scbasecount/2026-01-12/h5ad/GeneFull/Homo_sapiens/SRX24475785.h5ad,10665,10x_Genomics,5_prime_gex,single_cell,Homo sapiens,bronchoalveolar lavage,UBERON:0002971,PLWH,MONDO:0005109,post-infection with Mtb H37Rv,BAL Cells,no,,,True,PRJNA1108287
SRX24475797,32791974,gs://arc-institute-virtual-cell-atlas/scbasecount/2026-01-12/h5ad/GeneFull/Homo_sapiens/SRX24475797.h5ad,15022,10x_Genomics,5_prime_gex,single_cell,Homo sapiens,bronchoalveolar lavage,,HIV,MONDO:0005109,uninfected,BAL cells,no,,,True,PRJNA1108287
SRX24285425,32597980,gs://arc-institute-virtual-cell-atlas/scbasecount/2026-01-12/h5ad/GeneFull/Homo_sapiens/SRX24285425.h5ad,6418,10x_Genomics,3_prime_gex,single_cell,Homo sapiens,primary human airway epithelial cultures,UBERON:0004802,not specified,,not specified,bronchi epithelial cells,no,,,True,PRJNA1101441
SRX25038161,33375413,gs://arc-institute-virtual-cell-atlas/scbasecount/2026-01-12/h5ad/GeneFull/Homo_sapiens/SRX25038161.h5ad,5061,10x_Genomics,5_prime_gex,single_cell,Homo sapiens,lung,UBERON:0002048,"lung cancer, COPD","MONDO:0008903,MONDO:0005002",organoid culture,TH122,no,,,True,PRJNA1127657
SRX25038162,33375414,gs://arc-institute-virtual-cell-atlas/scbasecount/2026-01-12/h5ad/GeneFull/Homo_sapiens/SRX25038162.h5ad,5239,10x_Genomics,5_prime_gex,single_cell,Homo sapiens,lung,UBERON:0002048,"lung cancer, COPD","MONDO:0008903,MONDO:0005002",samples from patients with lung cancer,scRNA-seq on lung tissues from COPD and control samples,no,,,True,PRJNA1127657
SRX25038164,33375416,gs://arc-institute-virtual-cell-atlas/scbasecount/2026-01-12/h5ad/GeneFull/Homo_sapiens/SRX25038164.h5ad,3905,10x_Genomics,5_prime_gex,single_cell,Homo sapiens,lung,UBERON:0002048,chronic obstructive pulmonary disease (COPD),MONDO:0005002,samples obtained from patients with lung cancer,not specified,no,,,True,PRJNA1127657
SRX25038165,33375417,gs://arc-institute-virtual-cell-atlas/scbasecount/2026-01-12/h5ad/GeneFull/Homo_sapiens/SRX25038165.h5ad,6500,10x_Genomics,5_prime_gex,single_cell,Homo sapiens,lung,,chronic obstructive pulmonary disease (COPD),MONDO:0005002,organoid culture from lung cancer patients,organoid derived from lung tissue,no,,,True,PRJNA1127657
SRX25038167,33375419,gs://arc-institute-virtual-cell-atlas/scbasecount/2026-01-12/h5ad/GeneFull/Homo_sapiens/SRX25038167.h5ad,17292,10x_Genomics,5_prime_gex,single_cell,Homo sapiens,lung,UBERON:0002048,Chronic Obstructive Pulmonary Disease (COPD),MONDO:0005002,Samples obtained from patients with lung cancer.,"TH153, Control, Organoid, scRNA",no,,,True,PRJNA1127657
SRX25038169,33375421,gs://arc-institute-virtual-cell-atlas/scbasecount/2026-01-12/h5ad/GeneFull/Homo_sapiens/SRX25038169.h5ad,5479,10x_Genomics,5_prime_gex,single_cell,Homo sapiens,lung,UBERON:0002048,COPD,MONDO:0005002,"tissue from lung cancer patients, organoid culture",organoid culture from lung tissue,no,,,True,PRJNA1127657
SRX25038171,33375423,gs://arc-institute-virtual-cell-atlas/scbasecount/2026-01-12/h5ad/GeneFull/Homo_sapiens/SRX25038171.h5ad,5965,10x_Genomics,5_prime_gex,single_cell,Homo sapiens,lung,UBERON:0002048,COPD,MONDO:0005002,"samples from lung cancer patients, organoid culture",organoid derived from lung tissue of COPD patients,no,,,True,PRJNA1127657
SRX24841614,33175948,gs://arc-institute-virtual-cell-atlas/scbasecount/2026-01-12/h5ad/GeneFull/Homo_sapiens/SRX24841614.h5ad,14702,10x_Genomics,5_prime_gex,single_cell,Homo sapiens,distal lung,UBERON:0002299,Chronic Obstructive Pulmonary Disease (COPD),MONDO:0005002,lung transplantation,not specified,no,,,True,PRJNA1121368
SRX24841615,33175949,gs://arc-institute-virtual-cell-atlas/scbasecount/2026-01-12/h5ad/GeneFull/Homo_sapiens/SRX24841615.h5ad,22670,10x_Genomics,5_prime_gex,single_cell,Homo sapiens,distal lung tissue,UBERON:0008870,COPD explant,MONDO:0005002,"lung samples digested using Miltenyi Multi Tissue Dissociation Kit 1, treated with ACK buffer, ce...","not specified; sample from a COPD patient (male, age 62)",no,,,True,PRJNA1121368
ERX11876759,36180250,gs://arc-institute-virtual-cell-atlas/scbasecount/2026-01-12/h5ad/GeneFull/Homo_sapiens/ERX11876759.h5ad,4569,10x_Genomics,not_applicable,single_cell,Homo sapiens,lung tumor central margin,,non-small cell lung adenocarcinoma,MONDO:0005233,samples collected after surgical resection,"fibroblast, endothelial cell",no,,,True,PRJEB71931
SRX25261714,33603788,gs://arc-institute-virtual-cell-atlas/scbasecount/2026-01-12/h5ad/GeneFull/Homo_sapiens/SRX25261714.h5ad,756,10x_Genomics,5_prime_gex,single_cell,Homo sapiens,bronchoalveolar lavage,UBERON:0035963,fibrotic hypersensitivity pneumonitis,MONDO:0975896,"samples from three cohort sites: Chicago, Mexico City, and New Haven",unsure,no,,,True,PRJNA1133168
SRX25261715,33603789,gs://arc-institute-virtual-cell-atlas/scbasecount/2026-01-12/h5ad/GeneFull/Homo_sapiens/SRX25261715.h5ad,545,10x_Genomics,5_prime_gex,single_cell,Homo sapiens,bronchoalveolar lavage,UBERON:0002048,fibrotic hypersensitivity pneumonitis,MONDO:0975896,single-cell RNA sequencing on PBMCs and bronchoalveolar lavage cells,peripheral blood mononuclear cells (PBMCs),no,,,True,PRJNA1133168
SRX25261720,33603794,gs://arc-institute-virtual-cell-atlas/scbasecount/2026-01-12/h5ad/GeneFull/Homo_sapiens/SRX25261720.h5ad,6447,10x_Genomics,5_prime_gex,single_cell,Homo sapiens,peripheral blood mononuclear cells (PBMC) and bronchoalveolar lavage (BAL) cells,"UBERON:0000178,UBERON:0002048",fibrotic hypersensitivity pneumonitis,MONDO:0975896,unsure,unsure,no,,,True,PRJNA1133168
SRX25261738,33603812,gs://arc-institute-virtual-cell-atlas/scbasecount/2026-01-12/h5ad/GeneFull/Homo_sapiens/SRX25261738.h5ad,5082,10x_Genomics,5_prime_gex,single_cell,Homo sapiens,bronchoalveolar lavage,UBERON:0035963,fibrotic hypersensitivity pneumonitis,MONDO:0975896,unsure,unsure,no,,,True,PRJNA1133168
SRX22996330,31070140,gs://arc-institute-virtual-cell-atlas/scbasecount/2026-01-12/h5ad/GeneFull/Homo_sapiens/SRX22996330.h5ad,3156,10x_Genomics,3_prime_gex,single_cell,Homo sapiens,lung,UBERON:0002048,lung adenocarcinoma,MONDO:0005061,unsure,unsure,no,,,True,PRJNA1055415
SRX22996327,31070137,gs://arc-institute-virtual-cell-atlas/scbasecount/2026-01-12/h5ad/GeneFull/Homo_sapiens/SRX22996327.h5ad,3629,10x_Genomics,3_prime_gex,single_cell,Homo sapiens,lung,UBERON:0002048,lung adenocarcinoma,MONDO:0005061,unsure,unsure,no,,,True,PRJNA1055415
SRX25261763,33603837,gs://arc-institute-virtual-cell-atlas/scbasecount/2026-01-12/h5ad/GeneFull/Homo_sapiens/SRX25261763.h5ad,1165,10x_Genomics,5_prime_gex,single_cell,Homo sapiens,bronchoalveolar lavage,,fibrotic hypersensitivity pneumonitis,MONDO:0975896,unsure,unsure,no,,,True,PRJNA1133168
SRX22996315,31070125,gs://arc-institute-virtual-cell-atlas/scbasecount/2026-01-12/h5ad/GeneFull/Homo_sapiens/SRX22996315.h5ad,5377,10x_Genomics,3_prime_gex,single_cell,Homo sapiens,lung,UBERON:0002048,lung adenocarcinoma,MONDO:0005061,unsure,unsure,no,,,True,PRJNA1055415
SRX22996342,31070152,gs://arc-institute-virtual-cell-atlas/scbasecount/2026-01-12/h5ad/GeneFull/Homo_sapiens/SRX22996342.h5ad,4285,10x_Genomics,3_prime_gex,single_cell,Homo sapiens,lung,UBERON:0002048,lung adenocarcinoma,MONDO:0005061,unsure,unsure,no,,,True,PRJNA1055415
SRX25289879,33632184,gs://arc-institute-virtual-cell-atlas/scbasecount/2026-01-12/h5ad/GeneFull/Homo_sapiens/SRX25289879.h5ad,4456,10x_Genomics,3_prime_gex,single_cell,Homo sapiens,alveolar epithelial,UBERON:0004821,influenza A virus infection (H1N1),MONDO:0005812,infected with H1N1 (A/California/07/2009),A549,no,,,True,PRJNA1134791
SRX10327369,13454945,gs://arc-institute-virtual-cell-atlas/scbasecount/2026-01-12/h5ad/GeneFull/Homo_sapiens/SRX10327369.h5ad,4416,10x_Genomics,3_prime_gex,single_cell,Homo sapiens,lung (primary basal cells),UBERON:0000115,none (mock-exposed control),,mock,primary basal cells (not an established cell line),no,,,True,PRJNA713903
SRX22996319,31070129,gs://arc-institute-virtual-cell-atlas/scbasecount/2026-01-12/h5ad/GeneFull/Homo_sapiens/SRX22996319.h5ad,3070,10x_Genomics,3_prime_gex,single_cell,Homo sapiens,lung,UBERON:0002048,lung adenocarcinoma,MONDO:0005061,unsure,unsure,no,,,True,PRJNA1055415
SRX22996318,31070128,gs://arc-institute-virtual-cell-atlas/scbasecount/2026-01-12/h5ad/GeneFull/Homo_sapiens/SRX22996318.h5ad,3279,10x_Genomics,3_prime_gex,single_cell,Homo sapiens,lung,UBERON:0002048,lung adenocarcinoma,MONDO:0005061,unsure,unsure,no,,,True,PRJNA1055415
SRX22996338,31070148,gs://arc-institute-virtual-cell-atlas/scbasecount/2026-01-12/h5ad/GeneFull/Homo_sapiens/SRX22996338.h5ad,3398,10x_Genomics,3_prime_gex,single_cell,Homo sapiens,lung,UBERON:0002048,lung adenocarcinoma,MONDO:0005061,unsure,unsure,no,,,True,PRJNA1055415
SRX26487571,35790352,gs://arc-institute-virtual-cell-atlas/scbasecount/2026-01-12/h5ad/GeneFull/Homo_sapiens/SRX26487571.h5ad,5790,10x_Genomics,5_prime_gex,single_cell,Homo sapiens,"Adjacent normal lung, T cells",UBERON:0002048,Non-small cell lung cancer (NSCLC) context,MONDO:0005233,Nivolumab and ipilimumab treatment,none,no,,,True,PRJNA1177414
SRX25319035,33661510,gs://arc-institute-virtual-cell-atlas/scbasecount/2026-01-12/h5ad/GeneFull/Homo_sapiens/SRX25319035.h5ad,7403,10x_Genomics,3_prime_gex,single_cell,Homo sapiens,primary airway cells,UBERON:0004802,healthy subject,,none,not applicable,no,,,True,PRJNA1135481
SRX26487579,35790360,gs://arc-institute-virtual-cell-atlas/scbasecount/2026-01-12/h5ad/GeneFull/Homo_sapiens/SRX26487579.h5ad,2072,10x_Genomics,5_prime_gex,single_cell,Homo sapiens,adjacent normal lung,UBERON:0002048,non-small cell lung cancer,MONDO:0005233,nivolumab+chemotherapy,none,no,,,True,PRJNA1177414
SRX26487585,35790366,gs://arc-institute-virtual-cell-atlas/scbasecount/2026-01-12/h5ad/GeneFull/Homo_sapiens/SRX26487585.h5ad,4819,10x_Genomics,5_prime_gex,single_cell,Homo sapiens,"lung tissue, T cells",UBERON:0002048,non-small cell lung cancer (NSCLC),MONDO:0005233,"nivolumab treatment, neoadjuvant immune checkpoint blockade",none,no,,,True,PRJNA1177414
SRX26487593,35790374,gs://arc-institute-virtual-cell-atlas/scbasecount/2026-01-12/h5ad/GeneFull/Homo_sapiens/SRX26487593.h5ad,2128,10x_Genomics,5_prime_gex,single_cell,Homo sapiens,lung tumor,UBERON:0002048,non-small cell lung cancer with KRAS/STK11 mutations,MONDO:0005233,immune checkpoint blockade with chemotherapy,not_applicable,no,,,True,PRJNA1177414
SRX26487581,35790362,gs://arc-institute-virtual-cell-atlas/scbasecount/2026-01-12/h5ad/GeneFull/Homo_sapiens/SRX26487581.h5ad,2539,10x_Genomics,5_prime_gex,single_cell,Homo sapiens,"lung tumor, tumor-infiltrating lymphocytes",,non-small cell lung cancer (NSCLC) with KRAS mutation,MONDO:0005233,neoadjuvant immune checkpoint blockade (ICB) and chemoimmunotherapy,none,no,,,True,PRJNA1177414
SRX25318272,33660747,gs://arc-institute-virtual-cell-atlas/scbasecount/2026-01-12/h5ad/GeneFull/Homo_sapiens/SRX25318272.h5ad,31721,10x_Genomics,3_prime_gex,single_cell,Homo sapiens,lung,UBERON:0002048,lung cancer,MONDO:0008903,exposure to flagellin,primary human bronchial epithelial cells,no,,,True,PRJNA1135480
SRX26487595,35790376,gs://arc-institute-virtual-cell-atlas/scbasecount/2026-01-12/h5ad/GeneFull/Homo_sapiens/SRX26487595.h5ad,2171,10x_Genomics,5_prime_gex,single_cell,Homo sapiens,lung tumor tissue,UBERON:0002048,non-small cell lung cancer with KRAS and STK11 mutations,MONDO:0005233,treated with immune checkpoint blockade and chemotherapy,not applicable,no,,,True,PRJNA1177414
SRX10327367,13454943,gs://arc-institute-virtual-cell-atlas/scbasecount/2026-01-12/h5ad/GeneFull/Homo_sapiens/SRX10327367.h5ad,6894,10x_Genomics,3_prime_gex,single_cell,Homo sapiens,lung,UBERON:0002048,none specified; measles virus infection experiment,,measles virus infection (14 days post-exposure),none reported,no,,,True,PRJNA713903
SRX25363535,33729882,gs://arc-institute-virtual-cell-atlas/scbasecount/2026-01-12/h5ad/GeneFull/Homo_sapiens/SRX25363535.h5ad,5224,10x_Genomics,3_prime_gex,single_cell,Homo sapiens,lung,UBERON:0002048,control,,none,not_applicable,no,,,True,PRJNA1136930
SRX26487569,35790350,gs://arc-institute-virtual-cell-atlas/scbasecount/2026-01-12/h5ad/GeneFull/Homo_sapiens/SRX26487569.h5ad,5875,10x_Genomics,5_prime_gex,single_cell,Homo sapiens,lung tumor,UBERON:0002048,KRAS-mutant lung cancer,MONDO:0005061,Nivolumab and ipilimumab,Cryopreserved dissociated tissue (Sorted T cells),no,,,True,PRJNA1177414
SRX26487586,35790367,gs://arc-institute-virtual-cell-atlas/scbasecount/2026-01-12/h5ad/GeneFull/Homo_sapiens/SRX26487586.h5ad,10093,10x_Genomics,5_prime_gex,single_cell,Homo sapiens,lung tumor,UBERON:0002048,malignant pleural mesothelioma,MONDO:0005065,nivolumab,cryopreserved dissociated tissue,no,,,True,PRJNA1177414
SRX26487596,35790377,gs://arc-institute-virtual-cell-atlas/scbasecount/2026-01-12/h5ad/GeneFull/Homo_sapiens/SRX26487596.h5ad,968,10x_Genomics,5_prime_gex,single_cell,Homo sapiens,lung tumor,UBERON:0002048,KRASmutSTK11wt,MONDO:0005061,Nivolumab + chemotherapy,Freshly dissociated tissue,no,,,True,PRJNA1177414
SRX26487598,35790379,gs://arc-institute-virtual-cell-atlas/scbasecount/2026-01-12/h5ad/GeneFull/Homo_sapiens/SRX26487598.h5ad,5303,10x_Genomics,5_prime_gex,single_cell,Homo sapiens,lung tumor,,KRAS-mutant lung cancer,MONDO:0005061,Nivolumab + chemotherapy,Freshly dissociated tissue; Mixed CD45 positive and negative; Genotype: KRASmutSTK11wt,no,,,True,PRJNA1177414
SRX26487582,35790363,gs://arc-institute-virtual-cell-atlas/scbasecount/2026-01-12/h5ad/GeneFull/Homo_sapiens/SRX26487582.h5ad,2719,10x_Genomics,5_prime_gex,single_cell,Homo sapiens,lung tumor,UBERON:0002048,non-small cell lung cancer (NSCLC),MONDO:0005233,Nivolumab + chemotherapy,freshly dissociated tissue; mixed CD45 positive and negative cells,no,,,True,PRJNA1177414
SRX24841617,33175951,gs://arc-institute-virtual-cell-atlas/scbasecount/2026-01-12/h5ad/GeneFull/Homo_sapiens/SRX24841617.h5ad,8852,10x_Genomics,5_prime_gex,single_cell,Homo sapiens,distal lung tissue,,COPD (Chronic Obstructive Pulmonary Disease),MONDO:0005002,unsure,unsure,no,,,True,PRJNA1121368
SRX26487573,35790354,gs://arc-institute-virtual-cell-atlas/scbasecount/2026-01-12/h5ad/GeneFull/Homo_sapiens/SRX26487573.h5ad,5514,10x_Genomics,5_prime_gex,single_cell,Homo sapiens,lung tumor,,non-small cell lung cancer with KRAS mutations,MONDO:0005233,neoadjuvant immunotherapy (nivolumab and ipilimumab),none,no,,,True,PRJNA1177414
SRX24841618,33175952,gs://arc-institute-virtual-cell-atlas/scbasecount/2026-01-12/h5ad/GeneFull/Homo_sapiens/SRX24841618.h5ad,8049,10x_Genomics,5_prime_gex,single_cell,Homo sapiens,distal lung,,COPD explant,MONDO:0005002,EPCAM magnetic bead selection,unsure,no,,,True,PRJNA1121368
SRX26487568,35790349,gs://arc-institute-virtual-cell-atlas/scbasecount/2026-01-12/h5ad/GeneFull/Homo_sapiens/SRX26487568.h5ad,11091,10x_Genomics,5_prime_gex,single_cell,Homo sapiens,lung tumor,UBERON:0002048,non-small cell lung cancer,MONDO:0005233,nivolumab,none,no,,,True,PRJNA1177414
SRX25319034,33661509,gs://arc-institute-virtual-cell-atlas/scbasecount/2026-01-12/h5ad/GeneFull/Homo_sapiens/SRX25319034.h5ad,21968,10x_Genomics,3_prime_gex,single_cell,Homo sapiens,primary airway cells,UBERON:0004802,healthy subject,,unsure,unsure,no,,,True,PRJNA1135481
SRX26487589,35790370,gs://arc-institute-virtual-cell-atlas/scbasecount/2026-01-12/h5ad/GeneFull/Homo_sapiens/SRX26487589.h5ad,9528,10x_Genomics,5_prime_gex,single_cell,Homo sapiens,Adjacent normal lung,UBERON:0002048,Not explicitly provided,,Nivolumab,Not provided as a defined cell line,no,,,True,PRJNA1177414
SRX26487584,35790365,gs://arc-institute-virtual-cell-atlas/scbasecount/2026-01-12/h5ad/GeneFull/Homo_sapiens/SRX26487584.h5ad,2314,10x_Genomics,5_prime_gex,single_cell,Homo sapiens,lung tumor,UBERON:0002048,non-small cell lung cancer,MONDO:0005233,nivolumab plus chemotherapy,not_applicable,no,,,True,PRJNA1177414
SRX26487587,35790368,gs://arc-institute-virtual-cell-atlas/scbasecount/2026-01-12/h5ad/GeneFull/Homo_sapiens/SRX26487587.h5ad,6598,10x_Genomics,5_prime_gex,single_cell,Homo sapiens,Lung tumor,UBERON:0002048,Non-small cell lung cancer (NSCLC),MONDO:0005233,"Nivolumab treatment, immune checkpoint blockade",none,no,,,True,PRJNA1177414
SRX25319042,33661517,gs://arc-institute-virtual-cell-atlas/scbasecount/2026-01-12/h5ad/GeneFull/Homo_sapiens/SRX25319042.h5ad,5093,10x_Genomics,3_prime_gex,single_cell,Homo sapiens,primary airway cells,UBERON:0004802,Primary Ciliary Dyskinesia (PCD),MONDO:0016575,unsure,unsure,no,,,True,PRJNA1135481
SRX26487597,35790378,gs://arc-institute-virtual-cell-atlas/scbasecount/2026-01-12/h5ad/GeneFull/Homo_sapiens/SRX26487597.h5ad,431,10x_Genomics,5_prime_gex,single_cell,Homo sapiens,lung tumor,UBERON:0002048,non-small cell lung cancer,MONDO:0005233,nivolumab+chemotherapy,unsure,no,,,True,PRJNA1177414
SRX25363532,33729878,gs://arc-institute-virtual-cell-atlas/scbasecount/2026-01-12/h5ad/GeneFull/Homo_sapiens/SRX25363532.h5ad,4373,10x_Genomics,3_prime_gex,single_cell,Homo sapiens,lung,UBERON:0002048,Trisomy 21 (Down Syndrome),MONDO:0700126,unsure,not_applicable,no,,,True,PRJNA1136930
SRX25363540,33729888,gs://arc-institute-virtual-cell-atlas/scbasecount/2026-01-12/h5ad/GeneFull/Homo_sapiens/SRX25363540.h5ad,3612,10x_Genomics,3_prime_gex,single_cell,Homo sapiens,lung,UBERON:0002048,Down Syndrome,MONDO:0008608,control group,not specified,no,,,True,PRJNA1136930
SRX25363537,33729884,gs://arc-institute-virtual-cell-atlas/scbasecount/2026-01-12/h5ad/GeneFull/Homo_sapiens/SRX25363537.h5ad,3328,10x_Genomics,3_prime_gex,single_cell,Homo sapiens,lung,UBERON:0002048,Trisomy 21 (Down Syndrome),MONDO:0700126,none,not_applicable,no,,,True,PRJNA1136930
SRX26487601,35790382,gs://arc-institute-virtual-cell-atlas/scbasecount/2026-01-12/h5ad/GeneFull/Homo_sapiens/SRX26487601.h5ad,52229,10x_Genomics,5_prime_gex,single_cell,Homo sapiens,adjacent normal lung,UBERON:0002048,non-small cell lung cancer,MONDO:0005233,nivolumab+chemotherapy,unsure,no,,,True,PRJNA1177414
SRX26487562,35790343,gs://arc-institute-virtual-cell-atlas/scbasecount/2026-01-12/h5ad/GeneFull/Homo_sapiens/SRX26487562.h5ad,16134,10x_Genomics,5_prime_gex,single_cell,Homo sapiens,lung tumor,UBERON:0002048,KRAS-mutant lung cancer,MONDO:0005061,Nivolumab and ipilimumab,Cryopreserved dissociated tissue; Sorted T cells,no,,,True,PRJNA1177414
SRX26487576,35790357,gs://arc-institute-virtual-cell-atlas/scbasecount/2026-01-12/h5ad/GeneFull/Homo_sapiens/SRX26487576.h5ad,11750,10x_Genomics,5_prime_gex,single_cell,Homo sapiens,adjacent normal lung,UBERON:0002048,KRAS-mutant lung cancer,MONDO:0005061,Nivolumab treatment,sorted T cells,no,,,True,PRJNA1177414
SRX26487560,35790341,gs://arc-institute-virtual-cell-atlas/scbasecount/2026-01-12/h5ad/GeneFull/Homo_sapiens/SRX26487560.h5ad,10396,10x_Genomics,5_prime_gex,single_cell,Homo sapiens,adjacent normal lung,UBERON:0002048,non-small cell lung cancer (NSCLC) with KRAS and STK11 co-mutations,MONDO:0005233,nivolumab and ipilimumab,cryopreserved dissociated tissue; sorted T cells,no,,,True,PRJNA1177414
SRX26487592,35790373,gs://arc-institute-virtual-cell-atlas/scbasecount/2026-01-12/h5ad/GeneFull/Homo_sapiens/SRX26487592.h5ad,7055,10x_Genomics,5_prime_gex,single_cell,Homo sapiens,lung tumor,,KRAS-mutant lung cancer,MONDO:0005061,Nivolumab + chemotherapy,freshly dissociated tissue,no,,,True,PRJNA1177414
SRX26487590,35790371,gs://arc-institute-virtual-cell-atlas/scbasecount/2026-01-12/h5ad/GeneFull/Homo_sapiens/SRX26487590.h5ad,12343,10x_Genomics,5_prime_gex,single_cell,Homo sapiens,lung tumor,,KRASmutSTK11wt,MONDO:0005061,Nivolumab treatment,Cryopreserved dissociated tissue,no,,,True,PRJNA1177414
SRX26487600,35790381,gs://arc-institute-virtual-cell-atlas/scbasecount/2026-01-12/h5ad/GeneFull/Homo_sapiens/SRX26487600.h5ad,7410,10x_Genomics,3_prime_gex,single_cell,Homo sapiens,adjacent normal lung,UBERON:0008946,KRAS and STK11 mutations in lung cancer,MONDO:0005061,Nivolumab + chemotherapy,freshly dissociated tissue,no,,,True,PRJNA1177414
SRX25507043,34467660,gs://arc-institute-virtual-cell-atlas/scbasecount/2026-01-12/h5ad/GeneFull/Homo_sapiens/SRX25507043.h5ad,4719,10x_Genomics,3_prime_gex,single_cell,Homo sapiens,bronchoalveolar lavage,,"latent TB infection, HIV",MONDO:0018076,Mtb strain H37Rv challenge,HepG2,no,,,True,PRJNA1141503
SRX25507031,34467648,gs://arc-institute-virtual-cell-atlas/scbasecount/2026-01-12/h5ad/GeneFull/Homo_sapiens/SRX25507031.h5ad,6151,10x_Genomics,3_prime_gex,single_cell,Homo sapiens,bronchoalveolar lavage,,latent TB infection,MONDO:0040753,Mtb strain H37Rv at MOI 6.5:1,"sample from a female subject, age 47",no,,,True,PRJNA1141503
SRX25507041,34467658,gs://arc-institute-virtual-cell-atlas/scbasecount/2026-01-12/h5ad/GeneFull/Homo_sapiens/SRX25507041.h5ad,6377,10x_Genomics,3_prime_gex,single_cell,Homo sapiens,bronchoalveolar lavage,,"Latent TB Infection, Mtb challenged",MONDO:0040753,"Mtb strain H37Rv at MOI 6.5:1, 25h incubation","Subject: 2RTB0196, Female, Age: 59, ART regimen: TDF_FTC_EFV",no,,,True,PRJNA1141503
SRX25507055,34467672,gs://arc-institute-virtual-cell-atlas/scbasecount/2026-01-12/h5ad/GeneFull/Homo_sapiens/SRX25507055.h5ad,7476,10x_Genomics,3_prime_gex,single_cell,Homo sapiens,bronchoalveolar lavage,UBERON:0002048,"latent TB infection, resisters to TB",MONDO:0040753,cultured with media or media + Mycobacterium tuberculosis,BAL cells,no,,,True,PRJNA1141503
SRX25507051,34467668,gs://arc-institute-virtual-cell-atlas/scbasecount/2026-01-12/h5ad/GeneFull/Homo_sapiens/SRX25507051.h5ad,5820,10x_Genomics,3_prime_gex,single_cell,Homo sapiens,bronchoalveolar lavage,,"HIV, latent TB infection","MONDO:0005109,MONDO:0040753","Mtb strain H37Rv challenge, ART regimen TDF_FTC_EFV","sample from female, age 57, no TB history",maybe,,,True,PRJNA1141503
SRX26524303,35844325,gs://arc-institute-virtual-cell-atlas/scbasecount/2026-01-12/h5ad/GeneFull/Homo_sapiens/SRX26524303.h5ad,2316,10x_Genomics,3_prime_gex,single_cell,Homo sapiens,lung,UBERON:0002048,other,,other,other,no,,,True,PRJNA1178711
SRX25507049,34467666,gs://arc-institute-virtual-cell-atlas/scbasecount/2026-01-12/h5ad/GeneFull/Homo_sapiens/SRX25507049.h5ad,6478,10x_Genomics,3_prime_gex,single_cell,Homo sapiens,bronchoalveolar lavage,,Mycobacterium tuberculosis infection in people with HIV,MONDO:0018076,Media + Mtb strain H37Rv,Resister (individuals negative for TB despite exposure),no,,,True,PRJNA1141503
SRX25507048,34467665,gs://arc-institute-virtual-cell-atlas/scbasecount/2026-01-12/h5ad/GeneFull/Homo_sapiens/SRX25507048.h5ad,5259,10x_Genomics,3_prime_gex,single_cell,Homo sapiens,bronchoalveolar lavage,,"HIV positive, no history of tuberculosis despite long-term exposure to Mycobacterium tuberculosis",MONDO:0005109,"MtbNEG (not challenged), ART: ABC_3TC_NVP, Years on ART: 12","Sample from bronchoalveolar lavage (BAL) cells, Subject characteristics: Female, Age: 54, Non-smo...",no,,,True,PRJNA1141503
SRX25507054,34467671,gs://arc-institute-virtual-cell-atlas/scbasecount/2026-01-12/h5ad/GeneFull/Homo_sapiens/SRX25507054.h5ad,7028,10x_Genomics,3_prime_gex,single_cell,Homo sapiens,bronchoalveolar lavage,,Autism Spectrum Disorder,MONDO:0005258,challenged with Mycobacterium tuberculosis,bronchoalveolar lavage cells,no,,,True,PRJNA1141503
SRX25507050,34467667,gs://arc-institute-virtual-cell-atlas/scbasecount/2026-01-12/h5ad/GeneFull/Homo_sapiens/SRX25507050.h5ad,5779,10x_Genomics,3_prime_gex,single_cell,Homo sapiens,bronchoalveolar lavage,UBERON:0035963,"latent TB infection, Resisters (persistently TST & IGRA negative)",MONDO:0040753,"Media or media + Mtb strain H37Rv at MOI 6.5:1, 6 or 24 hours","Sample from a female participant, age 54, ART: ABC_3TC_NVP for 12 years",no,,,True,PRJNA1141503
SRX25507052,34467669,gs://arc-institute-virtual-cell-atlas/scbasecount/2026-01-12/h5ad/GeneFull/Homo_sapiens/SRX25507052.h5ad,9756,10x_Genomics,3_prime_gex,single_cell,Homo sapiens,bronchoalveolar lavage,UBERON:0006524,Mycobacterium tuberculosis infection,MONDO:0018076,Media + Mtb strain H37Rv,not specified,no,,,True,PRJNA1141503
SRX25507058,34467675,gs://arc-institute-virtual-cell-atlas/scbasecount/2026-01-12/h5ad/GeneFull/Homo_sapiens/SRX25507058.h5ad,8531,10x_Genomics,3_prime_gex,single_cell,Homo sapiens,bronchoalveolar lavage,,latent TB infection (LTBI),MONDO:0040753,Media + Mtb strain H37Rv at MOI 6.5:1,"Subject: 2RTB0113, Sex: Female, Age: 51",no,,,True,PRJNA1141503
SRX25507056,34467673,gs://arc-institute-virtual-cell-atlas/scbasecount/2026-01-12/h5ad/GeneFull/Homo_sapiens/SRX25507056.h5ad,6321,10x_Genomics,3_prime_gex,single_cell,Homo sapiens,bronchoalveolar lavage,,"Resisters (TST & IGRA negative), LTBI",MONDO:0040753,"Media or media + Mtb strain H37Rv, ART regimen: TDF_FTC_EFV","Sample from female, age 57, 11 years on ART",no,,,True,PRJNA1141503
SRX25507061,34467678,gs://arc-institute-virtual-cell-atlas/scbasecount/2026-01-12/h5ad/GeneFull/Homo_sapiens/SRX25507061.h5ad,7570,10x_Genomics,3_prime_gex,single_cell,Homo sapiens,bronchoalveolar lavage,,latent tuberculosis infection,MONDO:0040753,"TDF_FTC_EFV (Antiretroviral therapy), Mtb challenged, 6 hours incubation","sample from a female subject, age 47, no history of tuberculosis despite long-term exposure to Mtb",no,,,True,PRJNA1141503
SRX25507036,34467653,gs://arc-institute-virtual-cell-atlas/scbasecount/2026-01-12/h5ad/GeneFull/Homo_sapiens/SRX25507036.h5ad,9143,10x_Genomics,3_prime_gex,single_cell,Homo sapiens,bronchoalveolar lavage,UBERON:0001881,Mycobacterium tuberculosis infection,MONDO:0018076,"Media + Mtb strain H37Rv at MOI 6.5:1, 6 hours","Sample from a female participant, age 55, Group: Resister",no,,,True,PRJNA1141503
SRX25507057,34467674,gs://arc-institute-virtual-cell-atlas/scbasecount/2026-01-12/h5ad/GeneFull/Homo_sapiens/SRX25507057.h5ad,7584,10x_Genomics,3_prime_gex,single_cell,Homo sapiens,bronchoalveolar lavage,,"Latent TB Infection, Mtb challenged",MONDO:0040753,"MtbINF.6h, ART: TDF_FTC_EFV, 13 years on ART","2RTB0113, Female, Age 51",no,,,True,PRJNA1141503
SRX25507063,34467680,gs://arc-institute-virtual-cell-atlas/scbasecount/2026-01-12/h5ad/GeneFull/Homo_sapiens/SRX25507063.h5ad,5705,10x_Genomics,3_prime_gex,single_cell,Homo sapiens,bronchoalveolar lavage,UBERON:0002048,"latent TB infection, Resisters (TST & IGRA negative)",,"Mtb strain H37Rv challenge, Unstimulated or ex vivo stimulated with Mtb","Sample from female, age 41, 14 years on ART (TDF_3TC_ATV/r)",no,,,True,PRJNA1141503
SRX25507062,34467679,gs://arc-institute-virtual-cell-atlas/scbasecount/2026-01-12/h5ad/GeneFull/Homo_sapiens/SRX25507062.h5ad,7127,10x_Genomics,3_prime_gex,single_cell,Homo sapiens,bronchoalveolar lavage,,"latent tuberculosis infection, HIV","MONDO:0040753,MONDO:0005109",Mtb strain H37Rv challenge,bronchoalveolar lavage cells,no,,,True,PRJNA1141503
SRX25507069,34467686,gs://arc-institute-virtual-cell-atlas/scbasecount/2026-01-12/h5ad/GeneFull/Homo_sapiens/SRX25507069.h5ad,5956,10x_Genomics,3_prime_gex,single_cell,Homo sapiens,bronchoalveolar lavage,,Mycobacterium tuberculosis infection in people living with HIV,MONDO:0018076,"Mtb strain H37Rv at MOI 6.5:1, ART TDF_FTC_EFV",alveolar macrophages and T cells,no,,,True,PRJNA1141503
SRX25507072,34467689,gs://arc-institute-virtual-cell-atlas/scbasecount/2026-01-12/h5ad/GeneFull/Homo_sapiens/SRX25507072.h5ad,7433,10x_Genomics,3_prime_gex,single_cell,Homo sapiens,bronchoalveolar lavage,,latent TB infection (LTBI),MONDO:0040753,"Mtb challenge (Mycobacterium tuberculosis), MtbINF (6h incubation)","not specified, primary cells from bronchoalveolar lavage",no,,,True,PRJNA1141503
SRX25507070,34467687,gs://arc-institute-virtual-cell-atlas/scbasecount/2026-01-12/h5ad/GeneFull/Homo_sapiens/SRX25507070.h5ad,6998,10x_Genomics,3_prime_gex,single_cell,Homo sapiens,bronchoalveolar lavage,,Mycobacterium tuberculosis infection,MONDO:0018076,challenged with Mtb strain H37Rv,unsure,no,,,True,PRJNA1141503
SRX26487583,35790364,gs://arc-institute-virtual-cell-atlas/scbasecount/2026-01-12/h5ad/GeneFull/Homo_sapiens/SRX26487583.h5ad,10318,10x_Genomics,5_prime_gex,single_cell,Homo sapiens,adjacent normal lung,UBERON:0008946,KRAS-mutant lung cancers,MONDO:0005061,Nivolumab treatment,cryopreserved dissociated tissue,no,,,True,PRJNA1177414
SRX26487594,35790375,gs://arc-institute-virtual-cell-atlas/scbasecount/2026-01-12/h5ad/GeneFull/Homo_sapiens/SRX26487594.h5ad,5825,10x_Genomics,3_prime_gex,single_cell,Homo sapiens,lung tumor,UBERON:0002048,KRAS-mutant lung cancer,MONDO:0005061,Nivolumab + chemotherapy,freshly dissociated tissue,no,,,True,PRJNA1177414
SRX25507029,34467646,gs://arc-institute-virtual-cell-atlas/scbasecount/2026-01-12/h5ad/GeneFull/Homo_sapiens/SRX25507029.h5ad,5363,10x_Genomics,3_prime_gex,single_cell,Homo sapiens,bronchoalveolar lavage,,LBR-related regressive spondylometaphyseal dysplasia,MONDO:0018663,Media + Mtb strain H37Rv,"Resister, Subject ID: 2RTB0062",no,,,True,PRJNA1141503
SRX25507026,34467643,gs://arc-institute-virtual-cell-atlas/scbasecount/2026-01-12/h5ad/GeneFull/Homo_sapiens/SRX25507026.h5ad,6467,10x_Genomics,3_prime_gex,single_cell,Homo sapiens,bronchoalveolar lavage,,"latent TB infection, Mtb challenged",MONDO:0018076,"Mtb strain H37Rv challenge, ART: TDF_FTC_EFV","2RTB0092, female, age 42",maybe,,,True,PRJNA1141503
SRX26524304,35844326,gs://arc-institute-virtual-cell-atlas/scbasecount/2026-01-12/h5ad/GeneFull/Homo_sapiens/SRX26524304.h5ad,3249,10x_Genomics,3_prime_gex,single_cell,Homo sapiens,lung,UBERON:0002048,unsure,,unsure,unsure,no,,,True,PRJNA1178711
SRX25507028,34467645,gs://arc-institute-virtual-cell-atlas/scbasecount/2026-01-12/h5ad/GeneFull/Homo_sapiens/SRX25507028.h5ad,11868,10x_Genomics,3_prime_gex,single_cell,Homo sapiens,bronchoalveolar lavage,UBERON:0002048,Mycobacterium tuberculosis infection,MONDO:0018076,Media + Mtb strain H37Rv at MOI 6.5:1 (challenged); Unstimulated (MtbNEG),Sample from a participant classified as LTBI (latent TB infection),no,,,True,PRJNA1141503
SRX25507027,34467644,gs://arc-institute-virtual-cell-atlas/scbasecount/2026-01-12/h5ad/GeneFull/Homo_sapiens/SRX25507027.h5ad,11189,10x_Genomics,3_prime_gex,single_cell,Homo sapiens,bronchoalveolar lavage,UBERON:0001984,Latent Tuberculosis Infection (LTBI),MONDO:0040753,Antiretroviral therapy (ART) - TDF_FTC_EFV,other,no,,,True,PRJNA1141503
SRX25507032,34467649,gs://arc-institute-virtual-cell-atlas/scbasecount/2026-01-12/h5ad/GeneFull/Homo_sapiens/SRX25507032.h5ad,2822,10x_Genomics,3_prime_gex,single_cell,Homo sapiens,bronchoalveolar lavage,UBERON:0004398,"HIV, latent TB infection","MONDO:0005109,MONDO:0040753",Mtb strain H37Rv challenge,none,no,,,True,PRJNA1141503
SRX26524298,35844320,gs://arc-institute-virtual-cell-atlas/scbasecount/2026-01-12/h5ad/GeneFull/Homo_sapiens/SRX26524298.h5ad,2483,10x_Genomics,3_prime_gex,single_cell,Homo sapiens,lung,UBERON:0002048,unsure,,unsure,unsure,no,,,True,PRJNA1178711
SRX25507023,34467640,gs://arc-institute-virtual-cell-atlas/scbasecount/2026-01-12/h5ad/GeneFull/Homo_sapiens/SRX25507023.h5ad,4900,10x_Genomics,3_prime_gex,single_cell,Homo sapiens,bronchoalveolar lavage,,latent TB infection (LTBI),MONDO:0040753,"Mtb strain H37Rv at MOI 6.5:1 (challenged), Unstimulated (not challenged)","Sample from a male participant, age 51, Years on ART: 14, Alcohol use: Occasionally, Smoker: No, ...",no,,,True,PRJNA1141503
SRX25507035,34467652,gs://arc-institute-virtual-cell-atlas/scbasecount/2026-01-12/h5ad/GeneFull/Homo_sapiens/SRX25507035.h5ad,3491,10x_Genomics,3_prime_gex,single_cell,Homo sapiens,bronchoalveolar lavage,,Mycobacterium tuberculosis infection,MONDO:0018076,challenged with Mtb strain H37Rv at MOI 6.5:1,not specified,no,,,True,PRJNA1141503
SRX25507034,34467651,gs://arc-institute-virtual-cell-atlas/scbasecount/2026-01-12/h5ad/GeneFull/Homo_sapiens/SRX25507034.h5ad,4041,10x_Genomics,3_prime_gex,single_cell,Homo sapiens,bronchoalveolar lavage,UBERON:0002048,"HIV, latent TB infection","MONDO:0005109,MONDO:0040753",ex vivo stimulated with Mycobacterium tuberculosis,primary cells from participants,no,,,True,PRJNA1141503
SRX25507024,34467641,gs://arc-institute-virtual-cell-atlas/scbasecount/2026-01-12/h5ad/GeneFull/Homo_sapiens/SRX25507024.h5ad,7733,10x_Genomics,3_prime_gex,single_cell,Homo sapiens,bronchoalveolar lavage,,Mycobacterium tuberculosis infection,MONDO:0018076,Cells cultured with media or media + Mtb strain H37Rv,"2RTB0014, LTBI, MtbNEG, 7h, BAL, scRNA-seq",no,,,True,PRJNA1141503
SRX25507040,34467657,gs://arc-institute-virtual-cell-atlas/scbasecount/2026-01-12/h5ad/GeneFull/Homo_sapiens/SRX25507040.h5ad,6253,10x_Genomics,3_prime_gex,single_cell,Homo sapiens,bronchoalveolar lavage,UBERON:0001981,"Latent TB Infection, Mtb challenged",MONDO:0040753,"MtbINF.24h, ART: TDF_FTC_EFV, Years on ART: 13","Sample Name: 2RTB0113, Sex: Female, Age: 51, Alcohol Use: No, Smoker: No, Recreational Drugs: No,...",no,,,True,PRJNA1141503
SRX25507038,34467655,gs://arc-institute-virtual-cell-atlas/scbasecount/2026-01-12/h5ad/GeneFull/Homo_sapiens/SRX25507038.h5ad,8656,10x_Genomics,3_prime_gex,single_cell,Homo sapiens,bronchoalveolar lavage,UBERON:0015119,"latent TB infection, Resisters (persistently IGRA negative)",MONDO:0040753,"Media + Mtb strain H37Rv at MOI 6.5:1 for 6 or 24 hours, Unstimulated or ex vivo stimulated with Mtb","Sample from a female participant, age 41, on ART for 14 years",no,,,True,PRJNA1141503
SRX25507042,34467659,gs://arc-institute-virtual-cell-atlas/scbasecount/2026-01-12/h5ad/GeneFull/Homo_sapiens/SRX25507042.h5ad,7013,10x_Genomics,3_prime_gex,single_cell,Homo sapiens,bronchoalveolar lavage,,"Latent TB Infection, Mtb challenged",MONDO:0040753,"Media + Mtb strain H37Rv at MOI 6.5:1, ART regimen: TDF_FTC_EFV","Sample subject: 2RTB0196, Female, Age: 59, Years on ART: 11",no,,,True,PRJNA1141503
SRX25507044,34467661,gs://arc-institute-virtual-cell-atlas/scbasecount/2026-01-12/h5ad/GeneFull/Homo_sapiens/SRX25507044.h5ad,6943,10x_Genomics,3_prime_gex,single_cell,Homo sapiens,bronchoalveolar lavage,,latent TB infection,MONDO:0040753,not challenged with Mycobacterium tuberculosis,2RTB0196,no,,,True,PRJNA1141503
SRX26524297,35844319,gs://arc-institute-virtual-cell-atlas/scbasecount/2026-01-12/h5ad/GeneFull/Homo_sapiens/SRX26524297.h5ad,4307,10x_Genomics,3_prime_gex,single_cell,Homo sapiens,lung,UBERON:0002048,rhabdomyosarcoma,MONDO:0005212,chemoradiotherapy,not_applicable,no,,,True,PRJNA1178711
SRX25507071,34467688,gs://arc-institute-virtual-cell-atlas/scbasecount/2026-01-12/h5ad/GeneFull/Homo_sapiens/SRX25507071.h5ad,8496,10x_Genomics,3_prime_gex,single_cell,Homo sapiens,bronchoalveolar lavage,,latent TB infection,MONDO:0040753,"ART: TDF_FTC_EFV, Alcohol: Occasionally, Smoker: No, Drugs: No","Sample Subject: 2RTB0215, Sex: Female, Age: 43",no,,,True,PRJNA1141503
SRX26524300,35844322,gs://arc-institute-virtual-cell-atlas/scbasecount/2026-01-12/h5ad/GeneFull/Homo_sapiens/SRX26524300.h5ad,2277,10x_Genomics,3_prime_gex,single_cell,Homo sapiens,lung,UBERON:0002048,unsure,,unsure,unsure,no,,,True,PRJNA1178711
SRX25507065,34467682,gs://arc-institute-virtual-cell-atlas/scbasecount/2026-01-12/h5ad/GeneFull/Homo_sapiens/SRX25507065.h5ad,5585,10x_Genomics,3_prime_gex,single_cell,Homo sapiens,bronchoalveolar lavage,,Latent TB Infection,MONDO:0040753,Mtb infected for 6 hours,"2RTB0205, LTBI, MtbINF, 6h, BAL, scRNA-seq",no,,,True,PRJNA1141503
SRX25507068,34467685,gs://arc-institute-virtual-cell-atlas/scbasecount/2026-01-12/h5ad/GeneFull/Homo_sapiens/SRX25507068.h5ad,7407,10x_Genomics,3_prime_gex,single_cell,Homo sapiens,bronchoalveolar lavage,,latent TB infection,MONDO:0040753,Mtb strain H37Rv challenge,none,no,,,True,PRJNA1141503
SRX25507064,34467681,gs://arc-institute-virtual-cell-atlas/scbasecount/2026-01-12/h5ad/GeneFull/Homo_sapiens/SRX25507064.h5ad,4302,10x_Genomics,3_prime_gex,single_cell,Homo sapiens,bronchoalveolar lavage,UBERON:0006524,"HIV, latent TB infection","MONDO:0005109,MONDO:0040753",stimulated with Mycobacterium tuberculosis,BAL cells from resisters and LTBI,no,,,True,PRJNA1141503
SRX25507066,34467683,gs://arc-institute-virtual-cell-atlas/scbasecount/2026-01-12/h5ad/GeneFull/Homo_sapiens/SRX25507066.h5ad,3046,10x_Genomics,3_prime_gex,single_cell,Homo sapiens,bronchoalveolar lavage,UBERON:0002048,latent TB infection,MONDO:0040753,not challenged with Mycobacterium tuberculosis,2RTB0205,no,,,True,PRJNA1141503
SRX25595938,34594108,gs://arc-institute-virtual-cell-atlas/scbasecount/2026-01-12/h5ad/GeneFull/Homo_sapiens/SRX25595938.h5ad,9212,10x_Genomics,3_prime_gex,single_cell,Homo sapiens,lung,UBERON:0002048,other,,10th passage after low dose rate exposure (0.5Gy),BEAS-2B (human bronchial epithelial cells),no,,,True,PRJNA1144126
SRX11143430,14829043,gs://arc-institute-virtual-cell-atlas/scbasecount/2026-01-12/h5ad/GeneFull/Homo_sapiens/SRX11143430.h5ad,10863,10x_Genomics,3_prime_gex,single_cell,Homo sapiens,"skin, breast, lung, large intestine (cancer cell lines: A375, BT474, COLO829, EFM192A, HCC827, HT29, MMACSF, PC9)","UBERON:0002097,UBERON:0000310,UBERON:0002048,UBERON:0000059","cancer (melanoma, breast cancer, lung cancer, colorectal cancer)","MONDO:0004992,MONDO:0005105,MONDO:0007254,MONDO:0008903,MONDO:0005575","kinase inhibitor pool (osimertinib, dabrafenib, lapatinib), day 10, non-cycling persister population","A375, BT474, COLO829, EFM192A, HCC827, HT29, MMACSF, PC9",no,,,True,PRJNA634136
SRX11515819,15427761,gs://arc-institute-virtual-cell-atlas/scbasecount/2026-01-12/h5ad/GeneFull/Homo_sapiens/SRX11515819.h5ad,3869,10x_Genomics,5_prime_gex,single_cell,Homo sapiens,"peripheral blood mononuclear cells (PBMCs), endotracheal aspirate (ETA)",UBERON:0003126,COVID-19 (critically ill ICU patients),MONDO:0100096,none (cell hashing for multiplexing only),none,no,,,True,PRJNA748731
SRX11515871,15427813,gs://arc-institute-virtual-cell-atlas/scbasecount/2026-01-12/h5ad/GeneFull/Homo_sapiens/SRX11515871.h5ad,7210,10x_Genomics,5_prime_gex,single_cell,Homo sapiens,"Peripheral blood mononuclear cells (PBMCs), endotracheal aspirate","UBERON:0000178,UBERON:0006833",COVID-19,MONDO:0100096,none reported (cell hashing for multiplexing only),none,no,,,True,PRJNA748731
SRX11071624,14734102,gs://arc-institute-virtual-cell-atlas/scbasecount/2026-01-12/h5ad/GeneFull/Homo_sapiens/SRX11071624.h5ad,9986,10x_Genomics,5_prime_gex,single_cell,Homo sapiens,"peripheral blood mononuclear cells (PBMC), bronchoalveolar lavage (BAL)",UBERON:8850000,none (healthy donor),,none reported,none,no,,,True,PRJNA735258
SRX11515851,15427793,gs://arc-institute-virtual-cell-atlas/scbasecount/2026-01-12/h5ad/GeneFull/Homo_sapiens/SRX11515851.h5ad,4851,10x_Genomics,5_prime_gex,single_cell,Homo sapiens,"Peripheral blood mononuclear cells (PBMCs), endotracheal aspirates",UBERON:0016553,"COVID-19, ARDS, healthy control",MONDO:0100096,"ICU sampling at days 1, 5, 10; TotalSeq-C antibody hashing for multiplexing",none,no,,,True,PRJNA748731
SRX12150516,16070285,gs://arc-institute-virtual-cell-atlas/scbasecount/2026-01-12/h5ad/GeneFull/Homo_sapiens/SRX12150516.h5ad,4844,10x_Genomics,3_prime_gex,single_cell,Homo sapiens,bronchoalveolar lavage fluid (BALF) cells,UBERON:0035963,COPD (chronic obstructive pulmonary disease),MONDO:0005002,none specified,not applicable,no,,,True,PRJNA762558
SRX25261766,33603840,gs://arc-institute-virtual-cell-atlas/scbasecount/2026-01-12/h5ad/GeneFull/Homo_sapiens/SRX25261766.h5ad,9438,10x_Genomics,5_prime_gex,single_cell,Homo sapiens,Bronchoalveolar Lavage (BAL),UBERON:0035963,Fibrotic Hypersensitivity Pneumonitis,MONDO:0975896,unsure,unsure,no,,,True,PRJNA1133168
SRX10984886,14606280,gs://arc-institute-virtual-cell-atlas/scbasecount/2026-01-12/h5ad/GeneFull/Homo_sapiens/SRX10984886.h5ad,1001,10x_Genomics,3_prime_gex,single_cell,Homo sapiens,fetal lung fibroblast,UBERON:0002048,,,replicative senescence (PDL 29),WI-38,no,,,True,PRJNA732700
SRX10957183,14574492,gs://arc-institute-virtual-cell-atlas/scbasecount/2026-01-12/h5ad/GeneFull/Homo_sapiens/SRX10957183.h5ad,5904,10x_Genomics,3_prime_gex,single_cell,Homo sapiens,lung adenocarcinoma cell line (PC9),UBERON:0004821,lung adenocarcinoma,MONDO:0005061,none specified,PC9,no,,,True,PRJNA731910
SRX10984889,14606283,gs://arc-institute-virtual-cell-atlas/scbasecount/2026-01-12/h5ad/GeneFull/Homo_sapiens/SRX10984889.h5ad,725,10x_Genomics,3_prime_gex,single_cell,Homo sapiens,lung fibroblast (WI-38 cell line),UBERON:0002048,none (replicative senescence model),,replicative senescence time course; hTERT expression,"WI-38, WI-38 hTERT",no,,,True,PRJNA732700
SRX11987894,15906679,gs://arc-institute-virtual-cell-atlas/scbasecount/2026-01-12/h5ad/GeneFull/Homo_sapiens/SRX11987894.h5ad,426,10x_Genomics,3_prime_gex,single_cell,Homo sapiens,"lung tumor stroma (NSCLC, FACS-sorted CD29+, PDPN+ cells)",UBERON:0000114,non-small cell lung carcinoma (NSCLC),MONDO:0005233,none reported,not_applicable,no,,,True,PRJNA759630
SRX11987895,15906680,gs://arc-institute-virtual-cell-atlas/scbasecount/2026-01-12/h5ad/GeneFull/Homo_sapiens/SRX11987895.h5ad,3459,10x_Genomics,3_prime_gex,single_cell,Homo sapiens,lung (adjacent normal tissue),UBERON:0002048,non-small cell lung cancer (adjacent normal),MONDO:0005233,none reported,not_applicable,no,,,True,PRJNA759630
SRX11987893,15906678,gs://arc-institute-virtual-cell-atlas/scbasecount/2026-01-12/h5ad/GeneFull/Homo_sapiens/SRX11987893.h5ad,592,10x_Genomics,3_prime_gex,single_cell,Homo sapiens,"lung (adjacent non-tumor), sorted stromal cells (CD29+, PDPN+, CD45–, EpCAM–)","UBERON:0002048,UBERON:0003891",adjacent non-tumor (control for NSCLC); donor not diseased,MONDO:0005233,none reported,not applicable,no,,,True,PRJNA759630
SRX11987898,15906683,gs://arc-institute-virtual-cell-atlas/scbasecount/2026-01-12/h5ad/GeneFull/Homo_sapiens/SRX11987898.h5ad,3988,10x_Genomics,3_prime_gex,single_cell,Homo sapiens,"lung tumor, adjacent normal lung, stromal cells","UBERON:0002048,UBERON:0008946",non-small cell lung cancer (NSCLC),MONDO:0005233,none reported,none,no,,,True,PRJNA759630
SRX11987911,15906696,gs://arc-institute-virtual-cell-atlas/scbasecount/2026-01-12/h5ad/GeneFull/Homo_sapiens/SRX11987911.h5ad,1541,10x_Genomics,3_prime_gex,single_cell,Homo sapiens,"lung (adjacent, non-tumor)",UBERON:0002048,none (healthy adjacent tissue),,none reported,none (primary FACS-sorted stromal cells),no,,,True,PRJNA759630
SRX11987912,15906697,gs://arc-institute-virtual-cell-atlas/scbasecount/2026-01-12/h5ad/GeneFull/Homo_sapiens/SRX11987912.h5ad,1751,10x_Genomics,3_prime_gex,single_cell,Homo sapiens,lung tumor stroma (non-small cell lung cancer),UBERON:0000114,non-small cell lung cancer,MONDO:0005233,none reported,none,no,,,True,PRJNA759630
SRX12457899,16898117,gs://arc-institute-virtual-cell-atlas/scbasecount/2026-01-12/h5ad/GeneFull/Homo_sapiens/SRX12457899.h5ad,4445,10x_Genomics,3_prime_gex,single_cell,Homo sapiens,primary human bronchial epithelial cells (air–liquid interface culture),UBERON:0002031,none (healthy donors),,"IFN-α, IL-17, IL-13 stimulation, or control",none (primary cells pooled from four donors),no,,,True,PRJNA768255
SRX12509395,16958934,gs://arc-institute-virtual-cell-atlas/scbasecount/2026-01-12/h5ad/GeneFull/Homo_sapiens/SRX12509395.h5ad,9721,10x_Genomics,3_prime_gex,single_cell,Homo sapiens,pulmonary arterial endothelial cells,UBERON:0005317,pulmonary arterial hypertension and healthy controls,MONDO:0015924,none reported,primary cultured cells; not an immortalized line,no,,,True,PRJNA769143
SRX12509393,16958932,gs://arc-institute-virtual-cell-atlas/scbasecount/2026-01-12/h5ad/GeneFull/Homo_sapiens/SRX12509393.h5ad,11650,10x_Genomics,3_prime_gex,single_cell,Homo sapiens,pulmonary arterial endothelial cells,UBERON:0005317,healthy donor,,none reported,primary cultured cells,no,,,True,PRJNA769143
SRX12571162,17072532,gs://arc-institute-virtual-cell-atlas/scbasecount/2026-01-12/h5ad/GeneFull/Homo_sapiens/SRX12571162.h5ad,1797,10x_Genomics,5_prime_gex,single_cell,Homo sapiens,"bronchoalveolar lavage (BAL) fluid, T cells",UBERON:0035963,lung transplant rejection (HLA mismatch),MONDO:0700220,FACS sorting by HLA mismatch,none,no,,,True,PRJNA770341
SRX12509397,16958936,gs://arc-institute-virtual-cell-atlas/scbasecount/2026-01-12/h5ad/GeneFull/Homo_sapiens/SRX12509397.h5ad,13200,10x_Genomics,3_prime_gex,single_cell,Homo sapiens,pulmonary arterial endothelial cells,UBERON:0005317,pulmonary arterial hypertension and healthy control,MONDO:0015924,none reported,"primary cells, not a cell line",no,,,True,PRJNA769143
SRX12571164,17072534,gs://arc-institute-virtual-cell-atlas/scbasecount/2026-01-12/h5ad/GeneFull/Homo_sapiens/SRX12571164.h5ad,3748,10x_Genomics,5_prime_gex,single_cell,Homo sapiens,bronchoalveolar lavage (BAL) T cells,UBERON:8850000,acute cellular rejection after lung transplantation,MONDO:0020546,high-dose systemic glucocorticoid therapy,none,no,,,True,PRJNA770341
SRX12571167,17072537,gs://arc-institute-virtual-cell-atlas/scbasecount/2026-01-12/h5ad/GeneFull/Homo_sapiens/SRX12571167.h5ad,3984,10x_Genomics,5_prime_gex,single_cell,Homo sapiens,"Lung (bronchoalveolar lavage), CD3+ T cells",UBERON:0035963,Acute cellular rejection (lung transplant),MONDO:0020546,Pre-glucocorticoid treatment,none,no,,,True,PRJNA770341
SRX12457900,16898118,gs://arc-institute-virtual-cell-atlas/scbasecount/2026-01-12/h5ad/GeneFull/Homo_sapiens/SRX12457900.h5ad,4044,10x_Genomics,3_prime_gex,single_cell,Homo sapiens,primary human bronchial epithelial cells (HBECs),UBERON:0002031,none (healthy primary cells),,"cytokine stimulation: IFN-α, IL-17, IL-13",none (primary cells),no,,,True,PRJNA768255
ERX11876752,36178820,gs://arc-institute-virtual-cell-atlas/scbasecount/2026-01-12/h5ad/GeneFull/Homo_sapiens/ERX11876752.h5ad,6673,10x_Genomics,3_prime_gex,single_cell,Homo sapiens,lung tumor subpleural margin (primary fibroblasts and endothelial cells),UBERON:0002401,non-small cell squamous lung carcinoma,MONDO:0056806,none reported,none; primary cells,no,,,True,PRJEB71931
SRX11987906,15906691,gs://arc-institute-virtual-cell-atlas/scbasecount/2026-01-12/h5ad/GeneFull/Homo_sapiens/SRX11987906.h5ad,2768,10x_Genomics,3_prime_gex,single_cell,Homo sapiens,lung (NSCLC tumor stroma),UBERON:0000114,non-small cell lung cancer (NSCLC),MONDO:0005233,none reported,none,maybe,,,True,PRJNA759630
SRX12571171,17072541,gs://arc-institute-virtual-cell-atlas/scbasecount/2026-01-12/h5ad/GeneFull/Homo_sapiens/SRX12571171.h5ad,3325,10x_Genomics,5_prime_gex,single_cell,Homo sapiens,"bronchoalveolar lavage (BAL) fluid, FACS-sorted recipient-derived T cells",UBERON:0006314,acute cellular rejection (lung transplant),MONDO:0020546,"pre-treatment, prior to systemic glucocorticoids",none,no,,,True,PRJNA770341
SRX12571169,17072539,gs://arc-institute-virtual-cell-atlas/scbasecount/2026-01-12/h5ad/GeneFull/Homo_sapiens/SRX12571169.h5ad,1672,10x_Genomics,5_prime_gex,single_cell,Homo sapiens,lung (bronchoalveolar lavage),UBERON:0035963,acute cellular rejection (post-lung transplant),MONDO:0020546,high-dose systemic glucocorticoids (post-rejection samples),none,no,,,True,PRJNA770341
SRX12571174,17072544,gs://arc-institute-virtual-cell-atlas/scbasecount/2026-01-12/h5ad/GeneFull/Homo_sapiens/SRX12571174.h5ad,3462,10x_Genomics,5_prime_gex,single_cell,Homo sapiens,lung (bronchoalveolar lavage),UBERON:0035963,acute cellular rejection,,systemic glucocorticoids (steroid treatment),none,no,,,True,PRJNA770341
SRX12635179,17177183,gs://arc-institute-virtual-cell-atlas/scbasecount/2026-01-12/h5ad/GeneFull/Homo_sapiens/SRX12635179.h5ad,3897,10x_Genomics,3_prime_gex,single_cell,Homo sapiens,bronchial organoid,,chronic obstructive pulmonary disease (COPD),MONDO:0005002,none,none,no,,,True,PRJNA771701
SRX12708371,17286715,gs://arc-institute-virtual-cell-atlas/scbasecount/2026-01-12/h5ad/GeneFull/Homo_sapiens/SRX12708371.h5ad,43890,10x_Genomics,5_prime_gex,single_cell,Homo sapiens,"blood, endotracheal aspirate","UBERON:0000178,UBERON:0003126",COVID-19,MONDO:0100096,none,none,maybe,,,True,PRJNA773094
SRX12708372,17286716,gs://arc-institute-virtual-cell-atlas/scbasecount/2026-01-12/h5ad/GeneFull/Homo_sapiens/SRX12708372.h5ad,651,10x_Genomics,5_prime_gex,single_cell,Homo sapiens,endotracheal aspirate (lung leukocytes),UBERON:0006833,COVID-19,MONDO:0100096,none reported,not_applicable,maybe,,,True,PRJNA773094
SRX12708373,17286717,gs://arc-institute-virtual-cell-atlas/scbasecount/2026-01-12/h5ad/GeneFull/Homo_sapiens/SRX12708373.h5ad,30140,10x_Genomics,5_prime_gex,single_cell,Homo sapiens,"blood (leukocytes), endotracheal aspirate (leukocytes)","UBERON:0000178,UBERON:0006538",COVID-19,MONDO:0100096,none reported,none,no,,,True,PRJNA773094
SRX12708374,17286718,gs://arc-institute-virtual-cell-atlas/scbasecount/2026-01-12/h5ad/GeneFull/Homo_sapiens/SRX12708374.h5ad,4482,10x_Genomics,5_prime_gex,single_cell,Homo sapiens,lung (endotracheal aspirate),UBERON:0002048,COVID-19,MONDO:0100096,none reported,not applicable,no,,,True,PRJNA773094
SRX12708370,17286714,gs://arc-institute-virtual-cell-atlas/scbasecount/2026-01-12/h5ad/GeneFull/Homo_sapiens/SRX12708370.h5ad,642,10x_Genomics,5_prime_gex,single_cell,Homo sapiens,endotracheal aspirate neutrophils,UBERON:0006538,severe COVID-19 (SARS-CoV-2 infection),MONDO:0100096,"none (primary patient samples, mechanical dissociation, RBC depletion, Fc block, ADT staining)",none,maybe,,,True,PRJNA773094
SRX12708376,17286720,gs://arc-institute-virtual-cell-atlas/scbasecount/2026-01-12/h5ad/GeneFull/Homo_sapiens/SRX12708376.h5ad,1897,10x_Genomics,5_prime_gex,single_cell,Homo sapiens,"lung, blood","UBERON:0002048,UBERON:0000178",COVID-19,MONDO:0100096,none,none,maybe,,,True,PRJNA773094
SRX12708360,17286704,gs://arc-institute-virtual-cell-atlas/scbasecount/2026-01-12/h5ad/GeneFull/Homo_sapiens/SRX12708360.h5ad,684,10x_Genomics,5_prime_gex,single_cell,Homo sapiens,Leukocytes from whole blood and endotracheal aspirates,"UBERON:0000178,UBERON:0003126",Severe COVID-19,MONDO:0100096,none,not_applicable,maybe,,,True,PRJNA773094
SRX12708362,17286706,gs://arc-institute-virtual-cell-atlas/scbasecount/2026-01-12/h5ad/GeneFull/Homo_sapiens/SRX12708362.h5ad,873,10x_Genomics,5_prime_gex,single_cell,Homo sapiens,lung endotracheal aspirate,UBERON:0035963,COVID-19,MONDO:0100096,,,maybe,,,True,PRJNA773094
SRX11987908,15906693,gs://arc-institute-virtual-cell-atlas/scbasecount/2026-01-12/h5ad/GeneFull/Homo_sapiens/SRX11987908.h5ad,2030,10x_Genomics,3_prime_gex,single_cell,Homo sapiens,lung tumor (sorted stromal cells from NSCLC),UBERON:0000114,non-small cell lung carcinoma (NSCLC),MONDO:0005233,none reported,not_applicable,no,,,True,PRJNA759630
SRX11143423,14829036,gs://arc-institute-virtual-cell-atlas/scbasecount/2026-01-12/h5ad/GeneFull/Homo_sapiens/SRX11143423.h5ad,11084,10x_Genomics,3_prime_gex,single_cell,Homo sapiens,lung,UBERON:0002048,lung cancer,MONDO:0008903,untreated,PC9,no,,,True,PRJNA634136
SRX12635178,17177182,gs://arc-institute-virtual-cell-atlas/scbasecount/2026-01-12/h5ad/GeneFull/Homo_sapiens/SRX12635178.h5ad,4802,10x_Genomics,3_prime_gex,single_cell,Homo sapiens,bronchial organoids (from healthy donor lungs),UBERON:0002031,none (healthy),,none,none,no,,,True,PRJNA771701
SRX11515869,15427811,gs://arc-institute-virtual-cell-atlas/scbasecount/2026-01-12/h5ad/GeneFull/Homo_sapiens/SRX11515869.h5ad,31084,10x_Genomics,5_prime_gex,single_cell,Homo sapiens,"Peripheral blood mononuclear cells (PBMCs), endotracheal aspirates","UBERON:0000178,UBERON:0001155","COVID-19, ARDS, critically ill",MONDO:0100096,TotalSeq-C antibody hashing for multiplexing,none,no,,,True,PRJNA748731
SRX12708358,17286702,gs://arc-institute-virtual-cell-atlas/scbasecount/2026-01-12/h5ad/GeneFull/Homo_sapiens/SRX12708358.h5ad,198,10x_Genomics,5_prime_gex,single_cell,Homo sapiens,endotracheal aspirate (lung),UBERON:0006538,COVID-19,MONDO:0100096,SARS-CoV-2 infection (clinical),none,no,,,True,PRJNA773094
SRX12708364,17286708,gs://arc-institute-virtual-cell-atlas/scbasecount/2026-01-12/h5ad/GeneFull/Homo_sapiens/SRX12708364.h5ad,2508,10x_Genomics,5_prime_gex,single_cell,Homo sapiens,"blood (circulating leukocytes), endotracheal aspirate (ETA)","UBERON:0000178,UBERON:0035963","severe COVID-19 (SARS-CoV-2 infection, ARDS), healthy control",MONDO:0100096,none noted,none,no,,,True,PRJNA773094
SRX12457903,16898121,gs://arc-institute-virtual-cell-atlas/scbasecount/2026-01-12/h5ad/GeneFull/Homo_sapiens/SRX12457903.h5ad,3562,10x_Genomics,3_prime_gex,single_cell,Homo sapiens,bronchial epithelial cells (ALI-cultured) from lung transplant donors,UBERON:0002031,none specified (presumed healthy),,"cytokine stimulation (four different cytokines, one per donor pool)",primary HBECs (not immortalized),no,,,True,PRJNA768255
SRX12708356,17286700,gs://arc-institute-virtual-cell-atlas/scbasecount/2026-01-12/h5ad/GeneFull/Homo_sapiens/SRX12708356.h5ad,1082,10x_Genomics,5_prime_gex,single_cell,Homo sapiens,lung (endotracheal aspirate),UBERON:0002048,COVID-19,MONDO:0100096,unsure,unsure,no,,,True,PRJNA773094
SRX10984891,14606285,gs://arc-institute-virtual-cell-atlas/scbasecount/2026-01-12/h5ad/GeneFull/Homo_sapiens/SRX10984891.h5ad,1117,10x_Genomics,3_prime_gex,single_cell,Homo sapiens,WI-38 fetal lung fibroblast cell culture,UBERON:0000114,"none (normal fibroblasts, replicative senescence model)",,"replicative senescence (population doubling level 46, time point TP6)",WI-38,no,,,True,PRJNA732700
SRX11515858,15427800,gs://arc-institute-virtual-cell-atlas/scbasecount/2026-01-12/h5ad/GeneFull/Homo_sapiens/SRX11515858.h5ad,403,10x_Genomics,5_prime_gex,single_cell,Homo sapiens,"peripheral blood mononuclear cells (PBMC), endotracheal aspirate",UBERON:0006538,COVID-19 (critical),MONDO:0100096,ICU management,none,no,,,True,PRJNA748731
SRX11515807,15427749,gs://arc-institute-virtual-cell-atlas/scbasecount/2026-01-12/h5ad/GeneFull/Homo_sapiens/SRX11515807.h5ad,40871,10x_Genomics,5_prime_gex,single_cell,Homo sapiens,"Peripheral blood mononuclear cells (PBMCs), endotracheal aspirates",UBERON:0006538,"COVID-19, ARDS",MONDO:0100096,ICU care (no specific drug/treatment),none,maybe,,,True,PRJNA748731
SRX11438983,15302932,gs://arc-institute-virtual-cell-atlas/scbasecount/2026-01-12/h5ad/GeneFull/Homo_sapiens/SRX11438983.h5ad,6188,10x_Genomics,3_prime_gex,single_cell,Homo sapiens,fetal lung xenograft,UBERON:0002048,naive (non-infected),,none reported,none specified,no,,,True,PRJNA746455
SRX12457904,16898122,gs://arc-institute-virtual-cell-atlas/scbasecount/2026-01-12/h5ad/GeneFull/Homo_sapiens/SRX12457904.h5ad,3337,10x_Genomics,3_prime_gex,single_cell,Homo sapiens,primary human bronchial epithelial cells (HBECs),UBERON:0002031,none (healthy donors),,"cytokine stimulation (IFN-α, IL-17, IL-13) and unstimulated control",primary cells (no immortalized cell line),no,,,True,PRJNA768255
SRX13061245,17767610,gs://arc-institute-virtual-cell-atlas/scbasecount/2026-01-12/h5ad/GeneFull/Homo_sapiens/SRX13061245.h5ad,6307,10x_Genomics,5_prime_gex,single_cell,Homo sapiens,lung,UBERON:0002048,COVID-19,MONDO:0100096,none,none,no,,,True,PRJNA778775
SRX11987897,15906682,gs://arc-institute-virtual-cell-atlas/scbasecount/2026-01-12/h5ad/GeneFull/Homo_sapiens/SRX11987897.h5ad,3484,10x_Genomics,3_prime_gex,single_cell,Homo sapiens,lung stroma (adjacent normal tissue),UBERON:0000114,none (adjacent normal from NSCLC patients),,none,none,no,,,True,PRJNA759630
SRX11515852,15427794,gs://arc-institute-virtual-cell-atlas/scbasecount/2026-01-12/h5ad/GeneFull/Homo_sapiens/SRX11515852.h5ad,11597,10x_Genomics,5_prime_gex,single_cell,Homo sapiens,"Peripheral blood mononuclear cells (PBMCs), endotracheal aspirate (airway)",UBERON:0003126,"COVID-19, ARDS (acute respiratory distress syndrome)",MONDO:0100096,"ICU care, timepoints (day 1, 5, 10)",,no,,,True,PRJNA748731
SRX11515825,15427767,gs://arc-institute-virtual-cell-atlas/scbasecount/2026-01-12/h5ad/GeneFull/Homo_sapiens/SRX11515825.h5ad,7765,10x_Genomics,5_prime_gex,single_cell,Homo sapiens,"Peripheral blood mononuclear cells (PBMC), endotracheal aspirate",UBERON:0006833,COVID-19 (critically ill patients),MONDO:0100096,ICU standard of care,not_applicable,no,,,True,PRJNA748731
SRX11987902,15906687,gs://arc-institute-virtual-cell-atlas/scbasecount/2026-01-12/h5ad/GeneFull/Homo_sapiens/SRX11987902.h5ad,1681,10x_Genomics,3_prime_gex,single_cell,Homo sapiens,"lung tumor (non-small cell lung carcinoma), stromal cells (CD45–, EpCAM–, CD29+, PDPN+)","UBERON:0002048,UBERON:0003891",non-small cell lung carcinoma (NSCLC),MONDO:0005233,none reported,none,no,,,True,PRJNA759630
SRX11438988,15302937,gs://arc-institute-virtual-cell-atlas/scbasecount/2026-01-12/h5ad/GeneFull/Homo_sapiens/SRX11438988.h5ad,5291,10x_Genomics,3_prime_gex,single_cell,Homo sapiens,fetal lung xenograft,UBERON:0002048,"none (naive, non-infected)",,AAV-hFlt3L,none,no,,,True,PRJNA746455
SRX11987892,15906677,gs://arc-institute-virtual-cell-atlas/scbasecount/2026-01-12/h5ad/GeneFull/Homo_sapiens/SRX11987892.h5ad,1226,10x_Genomics,3_prime_gex,single_cell,Homo sapiens,"lung tumor stroma (primary sorted stromal cells, CD45–/EpCAM–, CD29+/PDPN+)",UBERON:0004539,non-small cell lung cancer (NSCLC),MONDO:0005233,none specified,none,no,,,True,PRJNA759630
SRX11987901,15906686,gs://arc-institute-virtual-cell-atlas/scbasecount/2026-01-12/h5ad/GeneFull/Homo_sapiens/SRX11987901.h5ad,1856,10x_Genomics,3_prime_gex,single_cell,Homo sapiens,lung (adjacent normal tissue),UBERON:0002048,none (normal tissue),,none reported,none,no,,,True,PRJNA759630
SRX11987909,15906694,gs://arc-institute-virtual-cell-atlas/scbasecount/2026-01-12/h5ad/GeneFull/Homo_sapiens/SRX11987909.h5ad,3333,10x_Genomics,3_prime_gex,single_cell,Homo sapiens,"lung tumor stroma (CD45-, EpCAM-, CD29+, PDPN+)",UBERON:0000114,non-small cell lung cancer (NSCLC),MONDO:0005233,none reported,none,no,,,True,PRJNA759630
SRX11515879,15427821,gs://arc-institute-virtual-cell-atlas/scbasecount/2026-01-12/h5ad/GeneFull/Homo_sapiens/SRX11515879.h5ad,15734,10x_Genomics,5_prime_gex,single_cell,Homo sapiens,"Peripheral blood mononuclear cells (PBMCs), endotracheal aspirate cells",UBERON:0002174,"COVID-19, ARDS (acute respiratory distress syndrome)",MONDO:0100096,ICU treatment context; no specific chemical/drug perturbation,None,no,,,True,PRJNA748731
SRX12285822,16205595,gs://arc-institute-virtual-cell-atlas/scbasecount/2026-01-12/h5ad/GeneFull/Homo_sapiens/SRX12285822.h5ad,4377,10x_Genomics,5_prime_gex,single_cell,Homo sapiens,"lung (A549 cell line, ACE2-transduced)",UBERON:0002048,SARS-CoV-2 infection,MONDO:0100096,"SARS-CoV-2 infection, MOI 0.01, 24h",A549 (ACE2-transduced),no,,,True,PRJNA764933
SRX11438989,15302938,gs://arc-institute-virtual-cell-atlas/scbasecount/2026-01-12/h5ad/GeneFull/Homo_sapiens/SRX11438989.h5ad,4159,10x_Genomics,3_prime_gex,single_cell,Homo sapiens,fetal lung xenograft,UBERON:0002048,SARS-CoV-2 infection,MONDO:0100096,SARS-CoV-2 WA-Isolate infection (1×10^6 PFU),none,no,,,True,PRJNA746455
SRX12150517,16070286,gs://arc-institute-virtual-cell-atlas/scbasecount/2026-01-12/h5ad/GeneFull/Homo_sapiens/SRX12150517.h5ad,2584,10x_Genomics,3_prime_gex,single_cell,Homo sapiens,"bronchoalveolar lavage fluid (BALF) cells, alveolar macrophages",UBERON:0035963,"COPD, healthy non-smokers, healthy smokers",MONDO:0005002,none reported,none,no,,,True,PRJNA762558
SRX11515863,15427805,gs://arc-institute-virtual-cell-atlas/scbasecount/2026-01-12/h5ad/GeneFull/Homo_sapiens/SRX11515863.h5ad,4391,10x_Genomics,5_prime_gex,single_cell,Homo sapiens,"Peripheral blood mononuclear cells (PBMCs), endotracheal aspirate cells","UBERON:0000178,UBERON:0001004","COVID-19, non-COVID ARDS, healthy",MONDO:0100096,none,none,no,,,True,PRJNA748731
SRX11071620,14734098,gs://arc-institute-virtual-cell-atlas/scbasecount/2026-01-12/h5ad/GeneFull/Homo_sapiens/SRX11071620.h5ad,4275,10x_Genomics,5_prime_gex,single_cell,Homo sapiens,"PBMC, bronchoalveolar lavage (BAL) T cells","UBERON:0000178,UBERON:8850000",post-acute COVID-19 convalescent,MONDO:0100320,none specified,not applicable,no,,,True,PRJNA735258
SRX11515808,15427750,gs://arc-institute-virtual-cell-atlas/scbasecount/2026-01-12/h5ad/GeneFull/Homo_sapiens/SRX11515808.h5ad,25760,10x_Genomics,5_prime_gex,single_cell,Homo sapiens,"peripheral blood mononuclear cells (PBMCs), endotracheal aspirate",UBERON:0006538,"COVID-19, ARDS",MONDO:0100096,"ICU care, time course (days 1, 5, 10), TotalSeq-C antibody hashing",none,maybe,,,True,PRJNA748731
SRX13139340,17928147,gs://arc-institute-virtual-cell-atlas/scbasecount/2026-01-12/h5ad/GeneFull/Homo_sapiens/SRX13139340.h5ad,4255,10x_Genomics,3_prime_gex,single_cell,Homo sapiens,iPSC-derived alveolar organoids,UBERON:0008870,unsure,,10 μM Y-27632 treatment,201B7 iPSC,no,,,True,PRJNA780480
SRX13198728,18058414,gs://arc-institute-virtual-cell-atlas/scbasecount/2026-01-12/h5ad/GeneFull/Homo_sapiens/SRX13198728.h5ad,11968,10x_Genomics,3_prime_gex,single_cell,Homo sapiens,"lung (adenocarcinoma, primary tumor)",UBERON:0002048,minimally invasive adenocarcinoma (MIA),MONDO:0004991,treatment-naive,not_applicable,no,,,True,PRJNA782639
SRX13198725,18058411,gs://arc-institute-virtual-cell-atlas/scbasecount/2026-01-12/h5ad/GeneFull/Homo_sapiens/SRX13198725.h5ad,14947,10x_Genomics,3_prime_gex,single_cell,Homo sapiens,"lung (adenocarcinoma, invasive adenocarcinoma)",UBERON:0002048,lung adenocarcinoma (invasive adenocarcinoma),MONDO:0005061,treatment-naive,none,no,,,True,PRJNA782639
SRX12457905,16898123,gs://arc-institute-virtual-cell-atlas/scbasecount/2026-01-12/h5ad/GeneFull/Homo_sapiens/SRX12457905.h5ad,5684,10x_Genomics,3_prime_gex,single_cell,Homo sapiens,bronchial epithelial cells (air-liquid interface culture),UBERON:0002031,none specified,,none specified,primary human bronchial epithelial cells (HBECs),no,,,True,PRJNA768255
SRX10984893,14606287,gs://arc-institute-virtual-cell-atlas/scbasecount/2026-01-12/h5ad/GeneFull/Homo_sapiens/SRX10984893.h5ad,554,10x_Genomics,3_prime_gex,single_cell,Homo sapiens,fetal lung fibroblast (WI-38 cell line),UBERON:0004883,replicative senescence,MONDO:0019303,population doubling level 50 (PDL 50),WI-38,no,,,True,PRJNA732700
SRX13198724,18058410,gs://arc-institute-virtual-cell-atlas/scbasecount/2026-01-12/h5ad/GeneFull/Homo_sapiens/SRX13198724.h5ad,18081,10x_Genomics,3_prime_gex,single_cell,Homo sapiens,lung adenocarcinoma (resected tumor tissue),UBERON:0002048,invasive adenocarcinoma (subsolid nodule),MONDO:0004971,treatment-naïve,not applicable,no,,,True,PRJNA782639
SRX13198727,18058413,gs://arc-institute-virtual-cell-atlas/scbasecount/2026-01-12/h5ad/GeneFull/Homo_sapiens/SRX13198727.h5ad,16344,10x_Genomics,3_prime_gex,single_cell,Homo sapiens,"lung adenocarcinoma (AIS, minimally invasive, invasive)",UBERON:0002048,lung adenocarcinoma,MONDO:0005061,none (treatment-naïve),none,no,,,True,PRJNA782639
SRX13198726,18058412,gs://arc-institute-virtual-cell-atlas/scbasecount/2026-01-12/h5ad/GeneFull/Homo_sapiens/SRX13198726.h5ad,17528,10x_Genomics,3_prime_gex,single_cell,Homo sapiens,lung adenocarcinoma (primary tumor),UBERON:0002048,"lung adenocarcinoma (invasive adenocarcinoma, subsolid nodule)",MONDO:0005061,none (treatment-naïve),none (primary tumor cells),no,,,True,PRJNA782639
SRX13198730,18058416,gs://arc-institute-virtual-cell-atlas/scbasecount/2026-01-12/h5ad/GeneFull/Homo_sapiens/SRX13198730.h5ad,9419,10x_Genomics,3_prime_gex,single_cell,Homo sapiens,"lung adenocarcinoma tumor (treatment-naïve, AIS stage)",UBERON:0004821,lung adenocarcinoma (adenocarcinoma in situ),MONDO:0000503,none (treatment-naïve),none,no,,,True,PRJNA782639
SRX13198732,18058418,gs://arc-institute-virtual-cell-atlas/scbasecount/2026-01-12/h5ad/GeneFull/Homo_sapiens/SRX13198732.h5ad,15764,10x_Genomics,3_prime_gex,single_cell,Homo sapiens,lung tissue,UBERON:0002048,lung adenocarcinoma,MONDO:0005061,none,none,no,,,True,PRJNA782639
SRX13198729,18058415,gs://arc-institute-virtual-cell-atlas/scbasecount/2026-01-12/h5ad/GeneFull/Homo_sapiens/SRX13198729.h5ad,20104,10x_Genomics,3_prime_gex,single_cell,Homo sapiens,lung adenocarcinoma (primary tumor),UBERON:0002048,lung adenocarcinoma,MONDO:0005061,treatment-naive,not_applicable,no,,,True,PRJNA782639
SRX11515813,15427755,gs://arc-institute-virtual-cell-atlas/scbasecount/2026-01-12/h5ad/GeneFull/Homo_sapiens/SRX11515813.h5ad,29988,10x_Genomics,5_prime_gex,single_cell,Homo sapiens,"Peripheral blood mononuclear cells (PBMCs), endotracheal aspirate","UBERON:0000178,UBERON:0006833",COVID-19,MONDO:0100096,ICU management (no specific molecular perturbation),none,no,,,True,PRJNA748731
SRX11071619,14734097,gs://arc-institute-virtual-cell-atlas/scbasecount/2026-01-12/h5ad/GeneFull/Homo_sapiens/SRX11071619.h5ad,4218,10x_Genomics,vdj,single_cell,Homo sapiens,"peripheral blood mononuclear cells (PBMC), bronchoalveolar lavage (BAL)",UBERON:0004903,COVID-19,MONDO:0100096,none specified,none specified,no,,,True,PRJNA735258
SRX11071616,14734094,gs://arc-institute-virtual-cell-atlas/scbasecount/2026-01-12/h5ad/GeneFull/Homo_sapiens/SRX11071616.h5ad,12922,10x_Genomics,5_prime_gex,single_cell,Homo sapiens,"Peripheral blood mononuclear cells (PBMC), bronchoalveolar lavage (BAL)",UBERON:0000178,COVID-19 convalescent,MONDO:0100320,none indicated,none,no,,,True,PRJNA735258
SRX11515812,15427754,gs://arc-institute-virtual-cell-atlas/scbasecount/2026-01-12/h5ad/GeneFull/Homo_sapiens/SRX11515812.h5ad,30299,10x_Genomics,5_prime_gex,single_cell,Homo sapiens,"Peripheral blood mononuclear cells (PBMCs), endotracheal aspirate","UBERON:0000178,UBERON:0016553","COVID-19, ARDS, critically ill",MONDO:0100096,"Sampling at days 1, 5, 10 post-enrollment; some samples multiplexed with TotalSeq-C antibodies",none,maybe,,,True,PRJNA748731
SRX11515827,15427769,gs://arc-institute-virtual-cell-atlas/scbasecount/2026-01-12/h5ad/GeneFull/Homo_sapiens/SRX11515827.h5ad,57043,10x_Genomics,5_prime_gex,single_cell,Homo sapiens,"Peripheral blood mononuclear cells (PBMCs), endotracheal aspirate (ETA)","UBERON:0000178,UBERON:0006538","COVID-19, ARDS, healthy control",MONDO:0100096,none reported (patient samples),none,maybe,,,True,PRJNA748731
SRX11515830,15427772,gs://arc-institute-virtual-cell-atlas/scbasecount/2026-01-12/h5ad/GeneFull/Homo_sapiens/SRX11515830.h5ad,14813,10x_Genomics,5_prime_gex,single_cell,Homo sapiens,"peripheral blood mononuclear cells (PBMCs), endotracheal aspirates",UBERON:0006833,"COVID-19, ARDS",MONDO:0100096,"ICU timepoints (day 1, 5, 10)",none,no,,,True,PRJNA748731
SRX11515805,15427747,gs://arc-institute-virtual-cell-atlas/scbasecount/2026-01-12/h5ad/GeneFull/Homo_sapiens/SRX11515805.h5ad,56438,10x_Genomics,5_prime_gex,single_cell,Homo sapiens,"Peripheral blood mononuclear cells (PBMCs), endotracheal aspirates",UBERON:0006833,Acute respiratory distress syndrome (ARDS),MONDO:0006502,none reported,not applicable,maybe,,,True,PRJNA748731
SRX11515828,15427770,gs://arc-institute-virtual-cell-atlas/scbasecount/2026-01-12/h5ad/GeneFull/Homo_sapiens/SRX11515828.h5ad,37632,10x_Genomics,5_prime_gex,single_cell,Homo sapiens,"Peripheral blood mononuclear cells (PBMCs), endotracheal aspirate (airway) cells",UBERON:0001901,COVID-19 (SARS-CoV-2 infection),MONDO:0100096,none reported (cell hashing only),not applicable,maybe,,,True,PRJNA748731
SRX11438984,15302933,gs://arc-institute-virtual-cell-atlas/scbasecount/2026-01-12/h5ad/GeneFull/Homo_sapiens/SRX11438984.h5ad,3680,10x_Genomics,3_prime_gex,single_cell,Homo sapiens,fetal lung xenograft (implanted in NRG-Flk2–/– HNFL mice),UBERON:0002048,SARS-CoV-2 infection,MONDO:0100096,"SARS-CoV-2 challenge, 2 and 7 days post-infection",none,no,,,True,PRJNA746455
SRX11438986,15302935,gs://arc-institute-virtual-cell-atlas/scbasecount/2026-01-12/h5ad/GeneFull/Homo_sapiens/SRX11438986.h5ad,450,10x_Genomics,3_prime_gex,single_cell,Homo sapiens,fetal lung xenograft,UBERON:0002048,none (naive control),,AAV-hFlt3L transduction,none,no,,,True,PRJNA746455
SRX13325105,18281300,gs://arc-institute-virtual-cell-atlas/scbasecount/2026-01-12/h5ad/GeneFull/Homo_sapiens/SRX13325105.h5ad,6966,10x_Genomics,5_prime_gex,single_cell,Homo sapiens,LAM tumor (lung),UBERON:0002048,"lymphangioleiomyomatosis (LAM), Tuberous Sclerosis Complex",MONDO:0011705,none for this sample,none,no,,,True,PRJNA786555
SRX13325103,18281298,gs://arc-institute-virtual-cell-atlas/scbasecount/2026-01-12/h5ad/GeneFull/Homo_sapiens/SRX13325103.h5ad,6824,10x_Genomics,5_prime_gex,single_cell,Homo sapiens,LAM lung,UBERON:0002048,LAM lung,MONDO:0006277,unsure,unsure,no,,,True,PRJNA786555
SRX13325102,18281297,gs://arc-institute-virtual-cell-atlas/scbasecount/2026-01-12/h5ad/GeneFull/Homo_sapiens/SRX13325102.h5ad,16058,10x_Genomics,5_prime_gex,single_cell,Homo sapiens,lung (LAM lung),UBERON:0002048,lymphangioleiomyomatosis (LAM),MONDO:0011705,none specified,none specified,no,,,True,PRJNA786555
SRX11515831,15427773,gs://arc-institute-virtual-cell-atlas/scbasecount/2026-01-12/h5ad/GeneFull/Homo_sapiens/SRX11515831.h5ad,63950,10x_Genomics,5_prime_gex,single_cell,Homo sapiens,"Peripheral blood mononuclear cells (PBMCs), endotracheal aspirates",UBERON:0006538,COVID-19 (critically ill patients),MONDO:0100096,None reported; samples collected at day 1 and day 10 post-ICU enrollment,None; primary patient samples,no,,,True,PRJNA748731
SRX11515859,15427801,gs://arc-institute-virtual-cell-atlas/scbasecount/2026-01-12/h5ad/GeneFull/Homo_sapiens/SRX11515859.h5ad,7650,10x_Genomics,3_prime_gex,single_cell,Homo sapiens,"Peripheral blood mononuclear cells (PBMC), endotracheal aspirate","UBERON:0000178,UBERON:0001155",COVID-19,MONDO:0100096,unsure,none,no,,,True,PRJNA748731
SRX11987899,15906684,gs://arc-institute-virtual-cell-atlas/scbasecount/2026-01-12/h5ad/GeneFull/Homo_sapiens/SRX11987899.h5ad,3006,10x_Genomics,3_prime_gex,single_cell,Homo sapiens,"lung (adjacent non-tumor tissue), stromal cells","UBERON:0002048,UBERON:0003891",none (normal adjacent tissue from NSCLC patients),,none reported,not applicable (primary cells),no,,,True,PRJNA759630
SRX11515866,15427808,gs://arc-institute-virtual-cell-atlas/scbasecount/2026-01-12/h5ad/GeneFull/Homo_sapiens/SRX11515866.h5ad,8372,10x_Genomics,5_prime_gex,single_cell,Homo sapiens,"peripheral blood mononuclear cells (PBMC), endotracheal aspirate (ETA)","UBERON:0000178,UBERON:0006538",COVID-19,MONDO:0100096,none reported,none,no,,,True,PRJNA748731
SRX11515826,15427768,gs://arc-institute-virtual-cell-atlas/scbasecount/2026-01-12/h5ad/GeneFull/Homo_sapiens/SRX11515826.h5ad,40433,10x_Genomics,5_prime_gex,single_cell,Homo sapiens,"peripheral blood mononuclear cells (PBMCs), endotracheal aspirate (ETA)",UBERON:0006538,COVID-19,MONDO:0100096,none reported,none,no,,,True,PRJNA748731
SRX13325101,18281296,gs://arc-institute-virtual-cell-atlas/scbasecount/2026-01-12/h5ad/GeneFull/Homo_sapiens/SRX13325101.h5ad,5500,10x_Genomics,5_prime_gex,single_cell,Homo sapiens,lung (LAM lung),UBERON:0002048,lymphangioleiomyomatosis (LAM),MONDO:0011705,none specified,none,no,,,True,PRJNA786555
SRX10984883,14606277,gs://arc-institute-virtual-cell-atlas/scbasecount/2026-01-12/h5ad/GeneFull/Homo_sapiens/SRX10984883.h5ad,1142,10x_Genomics,3_prime_gex,single_cell,Homo sapiens,WI-38 fetal lung fibroblasts,UBERON:0002048,replicative senescence,MONDO:0019303,"hTERT immortalization, altered cell density, radiation-induced senescence (10 Gy X-ray)",WI-38,no,,,True,PRJNA732700
SRX11071614,14734092,gs://arc-institute-virtual-cell-atlas/scbasecount/2026-01-12/h5ad/GeneFull/Homo_sapiens/SRX11071614.h5ad,7935,10x_Genomics,5_prime_gex,single_cell,Homo sapiens,"PBMC, bronchoalveolar lavage (BAL)",UBERON:0000178,COVID-19 convalescent lung sequelae,MONDO:0100320,none specified,none,maybe,,,True,PRJNA735258
SRX13426726,18575579,gs://arc-institute-virtual-cell-atlas/scbasecount/2026-01-12/h5ad/GeneFull/Homo_sapiens/SRX13426726.h5ad,4007,10x_Genomics,3_prime_gex,single_cell,Homo sapiens,human bronchial epithelial tissue,UBERON:0002031,healthy donor,,Not specified,Not specified,no,,,True,PRJNA789499
SRX13426727,18575580,gs://arc-institute-virtual-cell-atlas/scbasecount/2026-01-12/h5ad/GeneFull/Homo_sapiens/SRX13426727.h5ad,3649,10x_Genomics,3_prime_gex,single_cell,Homo sapiens,Human bronchial epithelial tissue,UBERON:0002031,unsure,,unsure,unsure,no,,,True,PRJNA789499
SRX11987904,15906689,gs://arc-institute-virtual-cell-atlas/scbasecount/2026-01-12/h5ad/GeneFull/Homo_sapiens/SRX11987904.h5ad,2537,10x_Genomics,3_prime_gex,single_cell,Homo sapiens,"lung tumor (non-small-cell lung carcinoma, patient 12)",UBERON:0000115,non-small-cell lung carcinoma (NSCLC),MONDO:0005233,none reported,none,no,,,True,PRJNA759630
SRX13441701,18597738,gs://arc-institute-virtual-cell-atlas/scbasecount/2026-01-12/h5ad/GeneFull/Homo_sapiens/SRX13441701.h5ad,2763,10x_Genomics,3_prime_gex,single_cell,Homo sapiens,airway tissue,UBERON:0004802,idiopathic subglottic stenosis,MONDO:0958099,none,none,no,,,True,PRJNA789838
SRX10984890,14606284,gs://arc-institute-virtual-cell-atlas/scbasecount/2026-01-12/h5ad/GeneFull/Homo_sapiens/SRX10984890.h5ad,615,10x_Genomics,3_prime_gex,single_cell,Homo sapiens,lung fibroblast (WI-38 cell line),UBERON:0000114,none (replicative senescence model),,"replicative senescence time course (population doubling level 37, TP5)",WI-38,no,,,True,PRJNA732700
SRX11438987,15302936,gs://arc-institute-virtual-cell-atlas/scbasecount/2026-01-12/h5ad/GeneFull/Homo_sapiens/SRX11438987.h5ad,1481,10x_Genomics,3_prime_gex,single_cell,Homo sapiens,fetal lung xenograft,UBERON:0002048,SARS-CoV-2 infection,MONDO:0100096,"AAV-hFlt3L, SARS-CoV-2 WA-isolate (1×10^6 PFU), 2 days post-infection",none,no,,,True,PRJNA746455
SRX11515848,15427790,gs://arc-institute-virtual-cell-atlas/scbasecount/2026-01-12/h5ad/GeneFull/Homo_sapiens/SRX11515848.h5ad,9844,10x_Genomics,5_prime_gex,single_cell,Homo sapiens,"Peripheral blood mononuclear cells (PBMCs), endotracheal aspirate",,"COVID-19, ARDS (acute respiratory distress syndrome)",MONDO:0100096,"ICU care, sampled at days 1, 5, and 10 post-enrollment",,no,,,True,PRJNA748731
SRX10984882,14606276,gs://arc-institute-virtual-cell-atlas/scbasecount/2026-01-12/h5ad/GeneFull/Homo_sapiens/SRX10984882.h5ad,2177,10x_Genomics,3_prime_gex,single_cell,Homo sapiens,lung fibroblast (WI-38 cell line),UBERON:0002048,no disease; replicative senescence model,,"hTERT immortalization, radiation, cell density, population doubling",WI-38,no,,,True,PRJNA732700
SRX11515850,15427792,gs://arc-institute-virtual-cell-atlas/scbasecount/2026-01-12/h5ad/GeneFull/Homo_sapiens/SRX11515850.h5ad,2681,10x_Genomics,5_prime_gex,single_cell,Homo sapiens,"Peripheral blood mononuclear cells (PBMCs), endotracheal aspirates","UBERON:0000178,UBERON:0001155","COVID-19, ARDS, healthy control",MONDO:0100096,ICU care for ARDS/COVID-19,none,no,,,True,PRJNA748731
SRX13441702,18597739,gs://arc-institute-virtual-cell-atlas/scbasecount/2026-01-12/h5ad/GeneFull/Homo_sapiens/SRX13441702.h5ad,3733,10x_Genomics,3_prime_gex,single_cell,Homo sapiens,subglottic mucosa (airway scar),UBERON:0001824,idiopathic subglottic stenosis,MONDO:0958099,none reported,none,no,,,True,PRJNA789838
SRX11438994,15302943,gs://arc-institute-virtual-cell-atlas/scbasecount/2026-01-12/h5ad/GeneFull/Homo_sapiens/SRX11438994.h5ad,370,10x_Genomics,3_prime_gex,single_cell,Homo sapiens,fetal lung xenograft (human fetal lung tissue engrafted in mouse),UBERON:0002048,SARS-CoV-2 infection (WA isolate),MONDO:0100096,AAV-hFlt3L treatment,CD34+ human hematopoietic stem cells,no,,,True,PRJNA746455
SRX13441698,18597735,gs://arc-institute-virtual-cell-atlas/scbasecount/2026-01-12/h5ad/GeneFull/Homo_sapiens/SRX13441698.h5ad,1516,10x_Genomics,3_prime_gex,single_cell,Homo sapiens,proximal airway mucosal scar,UBERON:0000379,idiopathic subglottic stenosis (iSGS),MONDO:0958099,none,none,no,,,True,PRJNA789838
SRX11071612,14734090,gs://arc-institute-virtual-cell-atlas/scbasecount/2026-01-12/h5ad/GeneFull/Homo_sapiens/SRX11071612.h5ad,2204,10x_Genomics,5_prime_gex,single_cell,Homo sapiens,"peripheral blood mononuclear cells (PBMC), bronchoalveolar lavage (BAL)",UBERON:0000178,COVID-19 (post-acute lung sequelae),MONDO:0100096,convalescent donor (COVID-19 survivor),not_applicable,no,,,True,PRJNA735258
SRX10984879,14606273,gs://arc-institute-virtual-cell-atlas/scbasecount/2026-01-12/h5ad/GeneFull/Homo_sapiens/SRX10984879.h5ad,2380,10x_Genomics,3_prime_gex,single_cell,Homo sapiens,fetal lung fibroblast,UBERON:0004883,none reported,,"replicative senescence, radiation-induced senescence (10 Gy X-rays), slowed growth via cell density","WI-38, hTERT-immortalized WI-38",no,,,True,PRJNA732700
SRX11071621,14734099,gs://arc-institute-virtual-cell-atlas/scbasecount/2026-01-12/h5ad/GeneFull/Homo_sapiens/SRX11071621.h5ad,4786,10x_Genomics,5_prime_gex,single_cell,Homo sapiens,"PBMC, bronchoalveolar lavage (BAL)",,post-acute COVID-19 lung sequelae,MONDO:0100320,none specified,not_applicable,no,,,True,PRJNA735258
SRX11987907,15906692,gs://arc-institute-virtual-cell-atlas/scbasecount/2026-01-12/h5ad/GeneFull/Homo_sapiens/SRX11987907.h5ad,1685,10x_Genomics,3_prime_gex,single_cell,Homo sapiens,adjacent (non-tumor) lung tissue,UBERON:0008946,none (adjacent to NSCLC tumor),,none reported,none,no,,,True,PRJNA759630
SRX11987903,15906688,gs://arc-institute-virtual-cell-atlas/scbasecount/2026-01-12/h5ad/GeneFull/Homo_sapiens/SRX11987903.h5ad,2400,10x_Genomics,3_prime_gex,single_cell,Homo sapiens,lung tumor stroma (NSCLC),UBERON:0000114,non-small cell lung cancer (NSCLC),MONDO:0005233,none reported,none,no,,,True,PRJNA759630
SRX13814623,19235120,gs://arc-institute-virtual-cell-atlas/scbasecount/2026-01-12/h5ad/GeneFull/Homo_sapiens/SRX13814623.h5ad,15603,10x_Genomics,3_prime_gex,single_cell,Homo sapiens,bronchoalveolar lavage fluid (BALF),UBERON:0035963,healthy donor,,none reported,not_applicable,no,,,True,PRJNA797951
SRX13814619,19235116,gs://arc-institute-virtual-cell-atlas/scbasecount/2026-01-12/h5ad/GeneFull/Homo_sapiens/SRX13814619.h5ad,3016,10x_Genomics,3_prime_gex,single_cell,Homo sapiens,bronchoalveolar lavage fluid (alveolar macrophages),UBERON:0035963,none (healthy),,none reported,not applicable,no,,,True,PRJNA797951
SRX13814617,19235114,gs://arc-institute-virtual-cell-atlas/scbasecount/2026-01-12/h5ad/GeneFull/Homo_sapiens/SRX13814617.h5ad,10664,10x_Genomics,3_prime_gex,single_cell,Homo sapiens,"bronchoalveolar lavage fluid (BALF), right middle lobe, lung","UBERON:0035963,UBERON:0002174",none (healthy control),,none reported,none,no,,,True,PRJNA797951
SRX13814625,19235122,gs://arc-institute-virtual-cell-atlas/scbasecount/2026-01-12/h5ad/GeneFull/Homo_sapiens/SRX13814625.h5ad,4036,10x_Genomics,3_prime_gex,single_cell,Homo sapiens,bronchoalveolar lavage fluid (BALF),UBERON:0035963,"cystic fibrosis, healthy control",MONDO:0009061,none reported,none,no,,,True,PRJNA797951
SRX12457896,16898114,gs://arc-institute-virtual-cell-atlas/scbasecount/2026-01-12/h5ad/GeneFull/Homo_sapiens/SRX12457896.h5ad,5824,10x_Genomics,3_prime_gex,single_cell,Homo sapiens,"bronchial epithelium (primary human bronchial epithelial cells, HBECs, air–liquid-interface cultured)",UBERON:0002031,none (healthy donors),,"cytokine stimulation: IFN-α, IL-17, IL-13",primary HBECs (no immortalized cell line),no,,,True,PRJNA768255
SRX12457901,16898119,gs://arc-institute-virtual-cell-atlas/scbasecount/2026-01-12/h5ad/GeneFull/Homo_sapiens/SRX12457901.h5ad,4300,10x_Genomics,3_prime_gex,single_cell,Homo sapiens,primary human bronchial epithelial cells (HBECs),UBERON:0002031,none specified (healthy primary cells),,"cytokine stimulations: IFN-α, IL-17, IL-13",primary cells (no established cell line),no,,,True,PRJNA768255
SRX13789895,19184659,gs://arc-institute-virtual-cell-atlas/scbasecount/2026-01-12/h5ad/GeneFull/Homo_sapiens/SRX13789895.h5ad,15481,10x_Genomics,3_prime_gex,single_cell,Homo sapiens,"primary human bronchial epithelium (cultured, submerged and air–liquid interface formats)",UBERON:0002031,healthy donors; study context is fibrotic lung disease/EMT but samples are from healthy individuals,,submerged vs. ALI culture; EMT induction in ALI cultures,primary cells; no immortalized cell line,no,,,True,PRJNA797244
SRX13814621,19235118,gs://arc-institute-virtual-cell-atlas/scbasecount/2026-01-12/h5ad/GeneFull/Homo_sapiens/SRX13814621.h5ad,42282,10x_Genomics,3_prime_gex,single_cell,Homo sapiens,bronchoalveolar lavage fluid cells,UBERON:0008870,cystic fibrosis,MONDO:0009061,none,not_applicable,no,,,True,PRJNA797951
SRX13814627,19235124,gs://arc-institute-virtual-cell-atlas/scbasecount/2026-01-12/h5ad/GeneFull/Homo_sapiens/SRX13814627.h5ad,4176,10x_Genomics,3_prime_gex,single_cell,Homo sapiens,bronchoalveolar lavage fluid (BALF),UBERON:0035963,"cystic fibrosis, healthy control",MONDO:0009061,TotalSeq antibody tagging,none,no,,,True,PRJNA797951
SRX13814629,19235126,gs://arc-institute-virtual-cell-atlas/scbasecount/2026-01-12/h5ad/GeneFull/Homo_sapiens/SRX13814629.h5ad,22346,10x_Genomics,3_prime_gex,single_cell,Homo sapiens,bronchoalveolar lavage fluid,UBERON:0035963,cystic fibrosis,MONDO:0009061,research bronchoscopy with local anesthesia and IV sedation,none,maybe,,,True,PRJNA797951
SRX13789894,19184658,gs://arc-institute-virtual-cell-atlas/scbasecount/2026-01-12/h5ad/GeneFull/Homo_sapiens/SRX13789894.h5ad,17201,10x_Genomics,3_prime_gex,single_cell,Homo sapiens,bronchial epithelium,UBERON:0002031,none,,EMT induction vs control,none,no,,,True,PRJNA797244
SRX13789893,19184657,gs://arc-institute-virtual-cell-atlas/scbasecount/2026-01-12/h5ad/GeneFull/Homo_sapiens/SRX13789893.h5ad,17106,10x_Genomics,3_prime_gex,single_cell,Homo sapiens,primary bronchial epithelial cells (bronchial epithelium),UBERON:0002031,none (healthy donors),,"submerged culture, no EMT induction","primary cells from three healthy donors (ages 11M, 60M, 19F)",no,,,True,PRJNA797244
SRX11438992,15302941,gs://arc-institute-virtual-cell-atlas/scbasecount/2026-01-12/h5ad/GeneFull/Homo_sapiens/SRX11438992.h5ad,2654,10x_Genomics,3_prime_gex,single_cell,Homo sapiens,fetal lung xenograft (dissociated into single-cell suspension),UBERON:0002048,SARS-CoV-2 infection,MONDO:0100096,AAV-hFlt3L administration; SARS-CoV-2 infection; harvested at 2 days post-infection,CD34+ human hematopoietic stem cells engrafted in NRG Flk2-/- mouse,no,,,True,PRJNA746455
SRX11143428,14829041,gs://arc-institute-virtual-cell-atlas/scbasecount/2026-01-12/h5ad/GeneFull/Homo_sapiens/SRX11143428.h5ad,23544,10x_Genomics,3_prime_gex,single_cell,Homo sapiens,lung,UBERON:0002048,lung adenocarcinoma,MONDO:0005061,none (untreated control),PC9_LUNG,no,,,True,PRJNA634136
SRX14098305,19855919,gs://arc-institute-virtual-cell-atlas/scbasecount/2026-01-12/h5ad/GeneFull/Homo_sapiens/SRX14098305.h5ad,3677,10x_Genomics,5_prime_gex,single_cell,Homo sapiens,"lung parenchyma, airway biopsy","UBERON:0008946,UBERON:0001005","chronic obstructive pulmonary disease (COPD), control",MONDO:0005002,none reported,none,no,,,True,PRJNA804479
SRX13789891,19184655,gs://arc-institute-virtual-cell-atlas/scbasecount/2026-01-12/h5ad/GeneFull/Homo_sapiens/SRX13789891.h5ad,15890,10x_Genomics,3_prime_gex,single_cell,Homo sapiens,Bronchial epithelium,UBERON:0002031,No explicit disease annotation,,In vitro EMT induction was applied,Primary cells (not an established cell line),no,,,True,PRJNA797244
SRX11987905,15906690,gs://arc-institute-virtual-cell-atlas/scbasecount/2026-01-12/h5ad/GeneFull/Homo_sapiens/SRX11987905.h5ad,2588,10x_Genomics,3_prime_gex,single_cell,Homo sapiens,stromal cells from lung tumor and adjacent normal lung tissue,"UBERON:0000114,UBERON:0002048",non-small cell lung cancer (NSCLC),MONDO:0005233,none reported,not applicable,no,,,True,PRJNA759630
SRX11438985,15302934,gs://arc-institute-virtual-cell-atlas/scbasecount/2026-01-12/h5ad/GeneFull/Homo_sapiens/SRX11438985.h5ad,5037,10x_Genomics,3_prime_gex,single_cell,Homo sapiens,fetal lung xenograft,UBERON:0002048,"none (SARS-CoV-2 infection experiment, not a disease model)",,SARS-CoV-2 WA-isolate infection,none,no,,,True,PRJNA746455
SRX14098302,19855916,gs://arc-institute-virtual-cell-atlas/scbasecount/2026-01-12/h5ad/GeneFull/Homo_sapiens/SRX14098302.h5ad,5955,10x_Genomics,5_prime_gex,single_cell,Homo sapiens,lung,UBERON:0002048,COPD,MONDO:0005002,unsure,unsure,no,,,True,PRJNA804479
SRX14098301,19855915,gs://arc-institute-virtual-cell-atlas/scbasecount/2026-01-12/h5ad/GeneFull/Homo_sapiens/SRX14098301.h5ad,17649,10x_Genomics,5_prime_gex,single_cell,Homo sapiens,"Lung tissue, specifically small airways/distal lung parenchymal samples",UBERON:0008874,Chronic obstructive pulmonary disease (COPD),MONDO:0005002,No specific treatment applied; native perturbations related to COPD pathology,None,no,,,True,PRJNA804479
SRX14098303,19855917,gs://arc-institute-virtual-cell-atlas/scbasecount/2026-01-12/h5ad/GeneFull/Homo_sapiens/SRX14098303.h5ad,19069,10x_Genomics,5_prime_gex,single_cell,Homo sapiens,Explanted lung parenchymal samples from small airways,UBERON:0008874,COPD,MONDO:0005002,No exogenous treatment applied; cell sorting used,No cell line used; primary lung tissue,no,,,True,PRJNA804479
SRX10984887,14606281,gs://arc-institute-virtual-cell-atlas/scbasecount/2026-01-12/h5ad/GeneFull/Homo_sapiens/SRX10984887.h5ad,1037,10x_Genomics,3_prime_gex,single_cell,Homo sapiens,fetal lung fibroblast,UBERON:0000114,none (modeling replicative senescence),,"replicative senescence induction; population doubling level 33; matched hTERT, DNA-damage, and density controls in study",WI-38,no,,,True,PRJNA732700
SRX11987896,15906681,gs://arc-institute-virtual-cell-atlas/scbasecount/2026-01-12/h5ad/GeneFull/Homo_sapiens/SRX11987896.h5ad,2541,10x_Genomics,3_prime_gex,single_cell,Homo sapiens,lung tumor (sorted stromal cells),UBERON:0000114,non-small cell lung carcinoma (NSCLC),MONDO:0005233,none indicated,none,no,,,True,PRJNA759630
SRX14098306,19855920,gs://arc-institute-virtual-cell-atlas/scbasecount/2026-01-12/h5ad/GeneFull/Homo_sapiens/SRX14098306.h5ad,10561,10x_Genomics,5_prime_gex,single_cell,Homo sapiens,lung (explanted lungs),UBERON:0002048,COPD,MONDO:0005002,none specified,none,no,,,True,PRJNA804479
SRX12457898,16898116,gs://arc-institute-virtual-cell-atlas/scbasecount/2026-01-12/h5ad/GeneFull/Homo_sapiens/SRX12457898.h5ad,2854,10x_Genomics,3_prime_gex,single_cell,Homo sapiens,"primary human bronchial epithelial cells (HBECs), air–liquid interface culture",UBERON:0002031,none specified (healthy donors),,"cytokine stimulation: IFN-α, IL-17, IL-13",primary cells (no immortalized cell line),no,,,True,PRJNA768255
SRX11515833,15427775,gs://arc-institute-virtual-cell-atlas/scbasecount/2026-01-12/h5ad/GeneFull/Homo_sapiens/SRX11515833.h5ad,57064,10x_Genomics,5_prime_gex,single_cell,Homo sapiens,"Peripheral blood mononuclear cells (PBMC), endotracheal aspirate","UBERON:0000178,UBERON:0006833",COVID-19,MONDO:0100096,none specified,not applicable,maybe,,,True,PRJNA748731
SRX10984892,14606286,gs://arc-institute-virtual-cell-atlas/scbasecount/2026-01-12/h5ad/GeneFull/Homo_sapiens/SRX10984892.h5ad,1079,10x_Genomics,3_prime_gex,single_cell,Homo sapiens,lung fibroblast (WI-38 cell line),UBERON:0000114,none (normal cell line),,"replicative senescence time-course, population doublings = 46 (TP6)",WI-38,no,,,True,PRJNA732700
SRX11515820,15427762,gs://arc-institute-virtual-cell-atlas/scbasecount/2026-01-12/h5ad/GeneFull/Homo_sapiens/SRX11515820.h5ad,2434,10x_Genomics,5_prime_gex,single_cell,Homo sapiens,"Peripheral blood mononuclear cells (PBMCs), endotracheal aspirate (ETA) cells",UBERON:0000178,"COVID-19 (critically ill, ARDS)",MONDO:0100096,"RBC lysis, cell hashing (TotalSeq-C)",none,maybe,,,True,PRJNA748731
SRX11987918,15906703,gs://arc-institute-virtual-cell-atlas/scbasecount/2026-01-12/h5ad/GeneFull/Homo_sapiens/SRX11987918.h5ad,1037,10x_Genomics,3_prime_gex,single_cell,Homo sapiens,lung (adjacent non-tumor tissue) stromal cells,UBERON:0000114,none (adjacent normal tissue from NSCLC patients),,none reported,none,no,,,True,PRJNA759630
SRX11071617,14734095,gs://arc-institute-virtual-cell-atlas/scbasecount/2026-01-12/h5ad/GeneFull/Homo_sapiens/SRX11071617.h5ad,13912,10x_Genomics,5_prime_gex,single_cell,Homo sapiens,"PBMC, bronchoalveolar lavage (BAL)","UBERON:0000178,UBERON:0002048",post-acute COVID-19 lung sequelae,MONDO:0100320,none reported,none,no,,,True,PRJNA735258
SRX11515876,15427818,gs://arc-institute-virtual-cell-atlas/scbasecount/2026-01-12/h5ad/GeneFull/Homo_sapiens/SRX11515876.h5ad,27229,10x_Genomics,5_prime_gex,single_cell,Homo sapiens,"Peripheral blood mononuclear cells (PBMCs), endotracheal aspirates",UBERON:0006833,"COVID-19, ARDS",MONDO:0100096,"ICU treatment, sampling at days 1, 5, 10 post-enrollment",not_applicable,no,,,True,PRJNA748731
SRX14495318,20685717,gs://arc-institute-virtual-cell-atlas/scbasecount/2026-01-12/h5ad/GeneFull/Homo_sapiens/SRX14495318.h5ad,4480,10x_Genomics,3_prime_gex,single_cell,Homo sapiens,"Peripheral blood mononuclear cells (PBMC), tumor-infiltrating lymphocytes from osteosarcoma lung tissue","UBERON:0002411,UBERON:0002048",Osteosarcoma,MONDO:0009807,none,none,no,,,True,PRJNA817261
SRX14589432,20812472,gs://arc-institute-virtual-cell-atlas/scbasecount/2026-01-12/h5ad/GeneFull/Homo_sapiens/SRX14589432.h5ad,1376,10x_Genomics,3_prime_gex,single_cell,Homo sapiens,lung immune cells,UBERON:0001963,COVID-19,MONDO:0100096,"Remdesivir, anti-IFNAR2 antibody, dexamethasone",unsure,maybe,,,True,PRJNA819093
SRX11987900,15906685,gs://arc-institute-virtual-cell-atlas/scbasecount/2026-01-12/h5ad/GeneFull/Homo_sapiens/SRX11987900.h5ad,1729,10x_Genomics,3_prime_gex,single_cell,Homo sapiens,lung tumor stroma,UBERON:0000114,non-small cell lung carcinoma (NSCLC),MONDO:0005233,none specified,not applicable,no,,,True,PRJNA759630
SRX14495312,20685711,gs://arc-institute-virtual-cell-atlas/scbasecount/2026-01-12/h5ad/GeneFull/Homo_sapiens/SRX14495312.h5ad,2968,10x_Genomics,3_prime_gex,single_cell,Homo sapiens,lung tissue,UBERON:0002048,Ewing sarcoma,MONDO:0012817,none,none,no,,,True,PRJNA817261
SRX14589433,20812473,gs://arc-institute-virtual-cell-atlas/scbasecount/2026-01-12/h5ad/GeneFull/Homo_sapiens/SRX14589433.h5ad,6976,10x_Genomics,3_prime_gex,single_cell,Homo sapiens,lung immune cells,UBERON:0001963,COVID-19,MONDO:0100096,"Remdesivir, anti-IFNAR2 antibody, dexamethasone",none,maybe,,,True,PRJNA819093
SRX14589431,20812471,gs://arc-institute-virtual-cell-atlas/scbasecount/2026-01-12/h5ad/GeneFull/Homo_sapiens/SRX14589431.h5ad,5708,10x_Genomics,3_prime_gex,single_cell,Homo sapiens,lung immune cells,UBERON:0001963,COVID-19,MONDO:0100096,none,none,no,,,True,PRJNA819093
SRX11071611,14734089,gs://arc-institute-virtual-cell-atlas/scbasecount/2026-01-12/h5ad/GeneFull/Homo_sapiens/SRX11071611.h5ad,6681,10x_Genomics,5_prime_gex,single_cell,Homo sapiens,"PBMC (peripheral blood mononuclear cells), BAL (bronchoalveolar lavage)",UBERON:0035963,COVID-19 (post-acute lung sequelae),MONDO:0100096,none reported,none,no,,,True,PRJNA735258
SRX10984881,14606275,gs://arc-institute-virtual-cell-atlas/scbasecount/2026-01-12/h5ad/GeneFull/Homo_sapiens/SRX10984881.h5ad,1306,10x_Genomics,3_prime_gex,single_cell,Homo sapiens,fetal lung fibroblast (WI-38),UBERON:0002048,none specified,,"replicative senescence, hTERT control, radiation-induced senescence, cell density control",WI-38,no,,,True,PRJNA732700
SRX11515857,15427799,gs://arc-institute-virtual-cell-atlas/scbasecount/2026-01-12/h5ad/GeneFull/Homo_sapiens/SRX11515857.h5ad,1321,10x_Genomics,5_prime_gex,single_cell,Homo sapiens,"Peripheral blood mononuclear cells (PBMCs), endotracheal aspirate",UBERON:0006538,COVID-19,MONDO:0100096,none reported,none,maybe,,,True,PRJNA748731
SRX11987916,15906701,gs://arc-institute-virtual-cell-atlas/scbasecount/2026-01-12/h5ad/GeneFull/Homo_sapiens/SRX11987916.h5ad,1545,10x_Genomics,3_prime_gex,single_cell,Homo sapiens,"lung (adjacent normal, stromal cells)",UBERON:0000114,none (adjacent normal tissue from NSCLC patient),,none,none,no,,,True,PRJNA759630
SRX14767850,21142990,gs://arc-institute-virtual-cell-atlas/scbasecount/2026-01-12/h5ad/GeneFull/Homo_sapiens/SRX14767850.h5ad,5299,10x_Genomics,3_prime_gex,single_cell,Homo sapiens,lung tissue; primary human airway epithelial cells (basal cells),"UBERON:0002048,UBERON:0004802",non-CF,,untreated,none,no,,,True,PRJNA667491
SRX14767855,21142995,gs://arc-institute-virtual-cell-atlas/scbasecount/2026-01-12/h5ad/GeneFull/Homo_sapiens/SRX14767855.h5ad,5221,10x_Genomics,3_prime_gex,single_cell,Homo sapiens,lung,UBERON:0002048,cystic fibrosis,MONDO:0009061,untreated,unsure,no,,,True,PRJNA667491
SRX14767854,21142994,gs://arc-institute-virtual-cell-atlas/scbasecount/2026-01-12/h5ad/GeneFull/Homo_sapiens/SRX14767854.h5ad,6036,10x_Genomics,3_prime_gex,single_cell,Homo sapiens,Human airway epithelial cells,UBERON:0008397,Cystic fibrosis context,MONDO:0009061,Untreated,Not applicable,no,,,True,PRJNA667491
SRX14767853,21142993,gs://arc-institute-virtual-cell-atlas/scbasecount/2026-01-12/h5ad/GeneFull/Homo_sapiens/SRX14767853.h5ad,9187,10x_Genomics,3_prime_gex,single_cell,Homo sapiens,lung,UBERON:0002048,Cystic Fibrosis,MONDO:0009061,untreated,none,no,,,True,PRJNA667491
SRX14767848,21142988,gs://arc-institute-virtual-cell-atlas/scbasecount/2026-01-12/h5ad/GeneFull/Homo_sapiens/SRX14767848.h5ad,9097,10x_Genomics,3_prime_gex,single_cell,Homo sapiens,lung,UBERON:0002048,non-cystic fibrosis,MONDO:0009061,untreated,unsure,no,,,True,PRJNA667491
SRX14767849,21142989,gs://arc-institute-virtual-cell-atlas/scbasecount/2026-01-12/h5ad/GeneFull/Homo_sapiens/SRX14767849.h5ad,4694,10x_Genomics,3_prime_gex,single_cell,Homo sapiens,lung,UBERON:0002048,non-CF,,untreated,unsure,no,,,True,PRJNA667491
SRX14767852,21142992,gs://arc-institute-virtual-cell-atlas/scbasecount/2026-01-12/h5ad/GeneFull/Homo_sapiens/SRX14767852.h5ad,6492,10x_Genomics,3_prime_gex,single_cell,Homo sapiens,lung,UBERON:0002048,Cystic Fibrosis,MONDO:0009061,untreated,Primary basal cells from human airway cultures,no,,,True,PRJNA667491
SRX14767851,21142991,gs://arc-institute-virtual-cell-atlas/scbasecount/2026-01-12/h5ad/GeneFull/Homo_sapiens/SRX14767851.h5ad,4962,10x_Genomics,3_prime_gex,single_cell,Homo sapiens,Human airway epithelial cells,UBERON:0004802,Cystic Fibrosis,MONDO:0009061,untreated,other,no,,,True,PRJNA667491
SRX11071622,14734100,gs://arc-institute-virtual-cell-atlas/scbasecount/2026-01-12/h5ad/GeneFull/Homo_sapiens/SRX11071622.h5ad,5310,10x_Genomics,5_prime_gex,single_cell,Homo sapiens,"peripheral blood mononuclear cells (PBMC), bronchoalveolar lavage (BAL)",UBERON:0000178,COVID-19,MONDO:0100096,unsure,none,no,,,True,PRJNA735258
SRX11515875,15427817,gs://arc-institute-virtual-cell-atlas/scbasecount/2026-01-12/h5ad/GeneFull/Homo_sapiens/SRX11515875.h5ad,3834,10x_Genomics,5_prime_gex,single_cell,Homo sapiens,"Peripheral blood mononuclear cells (PBMCs), endotracheal aspirates",UBERON:0006833,"COVID-19, ARDS, healthy control",MONDO:0100096,cell hashing antibodies for multiplexing,none,no,,,True,PRJNA748731
SRX11987915,15906700,gs://arc-institute-virtual-cell-atlas/scbasecount/2026-01-12/h5ad/GeneFull/Homo_sapiens/SRX11987915.h5ad,2949,10x_Genomics,3_prime_gex,single_cell,Homo sapiens,Stromal cells from non-small cell lung cancer (NSCLC) tumor,UBERON:0003891,Non-small cell lung cancer (NSCLC),MONDO:0005233,none specified,not applicable,no,,,True,PRJNA759630
SRX11143424,14829037,gs://arc-institute-virtual-cell-atlas/scbasecount/2026-01-12/h5ad/GeneFull/Homo_sapiens/SRX11143424.h5ad,9647,10x_Genomics,3_prime_gex,single_cell,Homo sapiens,"lung (PC9), skin (COLO829)","UBERON:0002048,UBERON:0002097","lung adenocarcinoma (PC9), melanoma (COLO829)",MONDO:0005061,untreated control,"PC9, COLO829",no,,,True,PRJNA634136
SRX11438991,15302940,gs://arc-institute-virtual-cell-atlas/scbasecount/2026-01-12/h5ad/GeneFull/Homo_sapiens/SRX11438991.h5ad,4001,10x_Genomics,3_prime_gex,single_cell,Homo sapiens,fetal lung xenograft,UBERON:0002048,SARS-CoV-2 infection,MONDO:0100096,"SARS-CoV-2 challenge, naïve vs infected, co-engrafted with human immune system",none,no,,,True,PRJNA746455
SRX11515823,15427765,gs://arc-institute-virtual-cell-atlas/scbasecount/2026-01-12/h5ad/GeneFull/Homo_sapiens/SRX11515823.h5ad,47122,10x_Genomics,5_prime_gex,single_cell,Homo sapiens,"Peripheral blood mononuclear cells (PBMCs), endotracheal aspirate",UBERON:0000178,"COVID-19, ARDS",MONDO:0100096,"longitudinal sampling (day 1, 5, 10 post-ICU enrollment)",none,maybe,,,True,PRJNA748731
SRX11515811,15427753,gs://arc-institute-virtual-cell-atlas/scbasecount/2026-01-12/h5ad/GeneFull/Homo_sapiens/SRX11515811.h5ad,3186,10x_Genomics,5_prime_gex,single_cell,Homo sapiens,"Peripheral blood mononuclear cells (PBMCs), endotracheal aspirate",UBERON:0035963,"COVID-19, ARDS",MONDO:0100096,"ICU care, time course sampling, TotalSeq-C antibody hashing",none,maybe,,,True,PRJNA748731
SRX15390221,21929983,gs://arc-institute-virtual-cell-atlas/scbasecount/2026-01-12/h5ad/GeneFull/Homo_sapiens/SRX15390221.h5ad,10929,10x_Genomics,3_prime_gex,single_cell,Homo sapiens,lung,UBERON:0002048,Viral infection,,Perturb-seq,K562,no,,,True,PRJNA831566
SRX10984888,14606282,gs://arc-institute-virtual-cell-atlas/scbasecount/2026-01-12/h5ad/GeneFull/Homo_sapiens/SRX10984888.h5ad,827,10x_Genomics,3_prime_gex,single_cell,Homo sapiens,fetal lung fibroblast,UBERON:0002048,replicative senescence (cellular aging),MONDO:0019303,serial passaging (no drug or genetic perturbation),WI-38,no,,,True,PRJNA732700
SRX11143425,14829038,gs://arc-institute-virtual-cell-atlas/scbasecount/2026-01-12/h5ad/GeneFull/Homo_sapiens/SRX11143425.h5ad,5176,10x_Genomics,3_prime_gex,single_cell,Homo sapiens,"skin, large intestine, lung (cell lines: A375, COLO829, MMACSF, HT29, PC9)","UBERON:0002097,UBERON:0000059,UBERON:0002048",cancer (cell lines derived from tumors),MONDO:0004992,untreated control (osimertinib treatment in other samples),"A375, COLO829, MMACSF, HT29, PC9",no,,,True,PRJNA634136
SRX11438990,15302939,gs://arc-institute-virtual-cell-atlas/scbasecount/2026-01-12/h5ad/GeneFull/Homo_sapiens/SRX11438990.h5ad,5342,10x_Genomics,3_prime_gex,single_cell,Homo sapiens,fetal lung xenograft,UBERON:0002048,SARS-CoV-2 infection,MONDO:0100096,AAV-hFlt3L,none,no,,,True,PRJNA746455
SRX12457902,16898120,gs://arc-institute-virtual-cell-atlas/scbasecount/2026-01-12/h5ad/GeneFull/Homo_sapiens/SRX12457902.h5ad,10412,10x_Genomics,3_prime_gex,single_cell,Homo sapiens,"primary human bronchial epithelial cells (lung, ALI culture)",UBERON:0002031,none specified,,"cytokine stimulation: IFN-α, IL-17, IL-13",none (primary cells),no,,,True,PRJNA768255
SRX15390539,21930301,gs://arc-institute-virtual-cell-atlas/scbasecount/2026-01-12/h5ad/GeneFull/Homo_sapiens/SRX15390539.h5ad,24307,10x_Genomics,3_prime_gex,single_cell,Homo sapiens,lung,UBERON:0002048,non-small cell lung carcinoma,MONDO:0005233,erlotinib,NCI-H1975,no,,,True,PRJNA831566
SRX11071613,14734091,gs://arc-institute-virtual-cell-atlas/scbasecount/2026-01-12/h5ad/GeneFull/Homo_sapiens/SRX11071613.h5ad,7902,10x_Genomics,5_prime_gex,single_cell,Homo sapiens,PBMC and bronchoalveolar lavage (BAL) CD3+ T cells,"UBERON:0000178,UBERON:0002048",COVID-19 (convalescent),MONDO:0100096,none reported,not_applicable,no,,,True,PRJNA735258
SRX11515818,15427760,gs://arc-institute-virtual-cell-atlas/scbasecount/2026-01-12/h5ad/GeneFull/Homo_sapiens/SRX11515818.h5ad,580,10x_Genomics,5_prime_gex,single_cell,Homo sapiens,"Peripheral blood mononuclear cells (PBMCs), endotracheal aspirate cells",UBERON:0001155,COVID-19,MONDO:0100096,Samples collected at day 1 and day 5 post-infection,none,maybe,,,True,PRJNA748731
SRX11515804,15427746,gs://arc-institute-virtual-cell-atlas/scbasecount/2026-01-12/h5ad/GeneFull/Homo_sapiens/SRX11515804.h5ad,51680,10x_Genomics,5_prime_gex,single_cell,Homo sapiens,"Peripheral blood mononuclear cells (PBMCs), endotracheal aspirates",UBERON:0006833,"COVID-19, ARDS",MONDO:0100096,"ICU care, TotalSeq-C antibody hashing",none,no,,,True,PRJNA748731
SRX11143427,14829040,gs://arc-institute-virtual-cell-atlas/scbasecount/2026-01-12/h5ad/GeneFull/Homo_sapiens/SRX11143427.h5ad,10188,10x_Genomics,3_prime_gex,single_cell,Homo sapiens,PC9 lung cancer cell line (cultured cells),,lung cancer (adenocarcinoma),MONDO:0005061,"osimertinib treatment (14 days, 300 nM); mCherry sorting (non-cycling)",PC9,no,,,True,PRJNA634136
SRX11071615,14734093,gs://arc-institute-virtual-cell-atlas/scbasecount/2026-01-12/h5ad/GeneFull/Homo_sapiens/SRX11071615.h5ad,7114,10x_Genomics,5_prime_gex,single_cell,Homo sapiens,"Peripheral blood mononuclear cells (PBMC), bronchoalveolar lavage (BAL) T cells",UBERON:0035963,Post-acute COVID-19 lung sequelae (convalescent donor),MONDO:0100320,none reported,not applicable,no,,,True,PRJNA735258
SRX10984884,14606278,gs://arc-institute-virtual-cell-atlas/scbasecount/2026-01-12/h5ad/GeneFull/Homo_sapiens/SRX10984884.h5ad,1274,10x_Genomics,3_prime_gex,single_cell,Homo sapiens,fetal lung fibroblast,UBERON:0004883,replicative senescence,MONDO:0019303,serial passaging to PDL 25,WI-38,no,,,True,PRJNA732700
SRX10335835,13463411,gs://arc-institute-virtual-cell-atlas/scbasecount/2026-01-12/h5ad/GeneFull/Homo_sapiens/SRX10335835.h5ad,6530,10x_Genomics,3_prime_gex,single_cell,Homo sapiens,lung,UBERON:0002048,lung cancer,MONDO:0008903,none reported,none,no,,,True,PRJNA714138
SRX11515880,15427822,gs://arc-institute-virtual-cell-atlas/scbasecount/2026-01-12/h5ad/GeneFull/Homo_sapiens/SRX11515880.h5ad,12660,10x_Genomics,5_prime_gex,single_cell,Homo sapiens,"Peripheral blood mononuclear cells (PBMCs), endotracheal aspirate","UBERON:0000178,UBERON:0016553","COVID-19, ARDS",MONDO:0100096,none,none,no,,,True,PRJNA748731
SRX11515822,15427764,gs://arc-institute-virtual-cell-atlas/scbasecount/2026-01-12/h5ad/GeneFull/Homo_sapiens/SRX11515822.h5ad,35761,10x_Genomics,5_prime_gex,single_cell,Homo sapiens,"Peripheral blood mononuclear cells (PBMC), endotracheal aspirate (lung)",UBERON:0002048,COVID-19 (critically ill patients),MONDO:0100096,"TotalSeq-C antibody hashing, pooled by time point",not_applicable,no,,,True,PRJNA748731
SRX11143429,14829042,gs://arc-institute-virtual-cell-atlas/scbasecount/2026-01-12/h5ad/GeneFull/Homo_sapiens/SRX11143429.h5ad,11744,10x_Genomics,3_prime_gex,single_cell,Homo sapiens,"lung (PC9 cell line, lung adenocarcinoma)",UBERON:0002048,lung cancer,MONDO:0008903,"osimertinib treatment (300 nM, time course)",PC9,no,,,True,PRJNA634136
SRX11987910,15906695,gs://arc-institute-virtual-cell-atlas/scbasecount/2026-01-12/h5ad/GeneFull/Homo_sapiens/SRX11987910.h5ad,1356,10x_Genomics,3_prime_gex,single_cell,Homo sapiens,lung (adjacent normal tissue),UBERON:0002048,none (adjacent normal tissue from NSCLC patient),,none reported,none; primary stromal cells,no,,,True,PRJNA759630
SRX11515843,15427785,gs://arc-institute-virtual-cell-atlas/scbasecount/2026-01-12/h5ad/GeneFull/Homo_sapiens/SRX11515843.h5ad,14585,10x_Genomics,5_prime_gex,single_cell,Homo sapiens,"Peripheral blood mononuclear cells (PBMCs), endotracheal aspirate (airway) cells","UBERON:0000178,UBERON:0001901","COVID-19, ARDS, critically ill",MONDO:0100096,"Samples collected at ICU days 1, 5, and 10",none,no,,,True,PRJNA748731
SRX10152685,13280261,gs://arc-institute-virtual-cell-atlas/scbasecount/2026-01-12/h5ad/GeneFull/Homo_sapiens/SRX10152685.h5ad,5680,10x_Genomics,3_prime_gex,single_cell,Homo sapiens,lung (peripheral lung parenchyma),UBERON:0008946,chronic obstructive pulmonary disease (COPD),MONDO:0005002,none reported,none,no,,,True,PRJNA704098
SRX10697704,14221823,gs://arc-institute-virtual-cell-atlas/scbasecount/2026-01-12/h5ad/GeneFull/Homo_sapiens/SRX10697704.h5ad,4222,10x_Genomics,3_prime_gex,single_cell,Homo sapiens,breast carcinoma cells from metastatic pleural effusion,UBERON:0000175,breast carcinoma (metastatic),MONDO:0004989,doxycycline induction (ZEB1 expression),MCF7-V,no,,,True,PRJNA725827
SRX10327366,13454942,gs://arc-institute-virtual-cell-atlas/scbasecount/2026-01-12/h5ad/GeneFull/Homo_sapiens/SRX10327366.h5ad,3462,10x_Genomics,3_prime_gex,single_cell,Homo sapiens,lung (primary basal cells),UBERON:0000115,not specified,,measles virus infection,primary basal cells,no,,,True,PRJNA713903
SRX10697703,14221822,gs://arc-institute-virtual-cell-atlas/scbasecount/2026-01-12/h5ad/GeneFull/Homo_sapiens/SRX10697703.h5ad,5298,10x_Genomics,3_prime_gex,single_cell,Homo sapiens,MCF7-V breast carcinoma cell line (pleural effusion metastasis),UBERON:0001087,breast carcinoma (ER+); MCF7-V cell line,MONDO:0004989,Doxycycline-induced ZEB1 expression; FACS sorting EpCAM_high/low,MCF7-V,no,,,True,PRJNA725827
SRX15805189,22459350,gs://arc-institute-virtual-cell-atlas/scbasecount/2026-01-12/h5ad/GeneFull/Homo_sapiens/SRX15805189.h5ad,1879,10x_Genomics,5_prime_gex,single_cell,Homo sapiens,lung lymph node,UBERON:0007644,unsure,,unsure,unsure,no,,,True,PRJNA851108
SRX15805169,22459330,gs://arc-institute-virtual-cell-atlas/scbasecount/2026-01-12/h5ad/GeneFull/Homo_sapiens/SRX15805169.h5ad,4050,10x_Genomics,5_prime_gex,single_cell,Homo sapiens,lung,UBERON:0002048,unsure,,unsure,unsure,no,,,True,PRJNA851108
SRX15805181,22459342,gs://arc-institute-virtual-cell-atlas/scbasecount/2026-01-12/h5ad/GeneFull/Homo_sapiens/SRX15805181.h5ad,2605,10x_Genomics,5_prime_gex,single_cell,Homo sapiens,lung tissue (T cells from lung),UBERON:0002048,unsure,,unsure,unsure,no,,,True,PRJNA851108
SRX15805177,22459338,gs://arc-institute-virtual-cell-atlas/scbasecount/2026-01-12/h5ad/GeneFull/Homo_sapiens/SRX15805177.h5ad,3034,10x_Genomics,5_prime_gex,single_cell,Homo sapiens,lung lymph node,UBERON:0039167,unsure,,unsure,not_applicable,no,,,True,PRJNA851108
SRX16217038,22921660,gs://arc-institute-virtual-cell-atlas/scbasecount/2026-01-12/h5ad/GeneFull/Homo_sapiens/SRX16217038.h5ad,14050,10x_Genomics,3_prime_gex,single_cell,Homo sapiens,Lung Tumour,,unsure,,PD1-TIM3,unsure,no,,,True,PRJNA858410
SRX16217045,22921667,gs://arc-institute-virtual-cell-atlas/scbasecount/2026-01-12/h5ad/GeneFull/Homo_sapiens/SRX16217045.h5ad,5115,10x_Genomics,3_prime_gex,single_cell,Homo sapiens,lung tumour,,cancer-related,MONDO:0045054,"PD1 treatment, 96-hour timepoint",not_applicable,maybe,,,True,PRJNA858410
SRX16217035,22921657,gs://arc-institute-virtual-cell-atlas/scbasecount/2026-01-12/h5ad/GeneFull/Homo_sapiens/SRX16217035.h5ad,19093,10x_Genomics,3_prime_gex,single_cell,Homo sapiens,lung tumor tissue and tumor-infiltrating lymphocytes,UBERON:0002048,cancer,MONDO:0004992,"bispecific antibodies targeting PD1-TIM3, PD1-LAG3, anti-PD1, or control isotype",none,maybe,,,True,PRJNA858410
SRX16217037,22921659,gs://arc-institute-virtual-cell-atlas/scbasecount/2026-01-12/h5ad/GeneFull/Homo_sapiens/SRX16217037.h5ad,13215,10x_Genomics,3_prime_gex,single_cell,Homo sapiens,Lung Tumour tissue,UBERON:0002048,Tumour,MONDO:0005070,PD1 treatment for 96h,unsure,no,,,True,PRJNA858410
SRX16217040,22921662,gs://arc-institute-virtual-cell-atlas/scbasecount/2026-01-12/h5ad/GeneFull/Homo_sapiens/SRX16217040.h5ad,14615,10x_Genomics,3_prime_gex,single_cell,Homo sapiens,tumor infiltrating lymphocytes (TILs) from lung tumor,UBERON:0002048,cancer,MONDO:0004992,"treated with PD1-TIM3, PD1-LAG3, anti-PD1 or control isotype",primary CD45+ cells,maybe,,,True,PRJNA858410
SRX16217048,22921670,gs://arc-institute-virtual-cell-atlas/scbasecount/2026-01-12/h5ad/GeneFull/Homo_sapiens/SRX16217048.h5ad,5109,10x_Genomics,3_prime_gex,single_cell,Homo sapiens,lung tumor,UBERON:0002048,cancer,MONDO:0004992,"PD1-TIM3, PD1-LAG3, anti-PD1, control isotype",not_applicable,no,,,True,PRJNA858410
SRX16217033,22921655,gs://arc-institute-virtual-cell-atlas/scbasecount/2026-01-12/h5ad/GeneFull/Homo_sapiens/SRX16217033.h5ad,19788,10x_Genomics,3_prime_gex,single_cell,Homo sapiens,lung tumor,UBERON:0002048,cancer,MONDO:0004992,PD1 treatment for 48h,unsure,no,,,True,PRJNA858410
SRX16217047,22921669,gs://arc-institute-virtual-cell-atlas/scbasecount/2026-01-12/h5ad/GeneFull/Homo_sapiens/SRX16217047.h5ad,5571,10x_Genomics,3_prime_gex,single_cell,Homo sapiens,Lung Tumour,,Lung Tumour,MONDO:0021117,PD1-LAG3,CD45+ cells,no,,,True,PRJNA858410
SRX16217034,22921656,gs://arc-institute-virtual-cell-atlas/scbasecount/2026-01-12/h5ad/GeneFull/Homo_sapiens/SRX16217034.h5ad,16093,10x_Genomics,3_prime_gex,single_cell,Homo sapiens,Lung Tumour,UBERON:0002048,unsure,,"Immune checkpoint inhibitor treatment (e.g., PD1-TIM3)",Not applicable,no,,,True,PRJNA858410
SRX18096298,25063305,gs://arc-institute-virtual-cell-atlas/scbasecount/2026-01-12/h5ad/GeneFull/Homo_sapiens/SRX18096298.h5ad,5124,10x_Genomics,3_prime_gex,single_cell,Homo sapiens,bronchoalveolar lavage (BAL),UBERON:0006524,unsure,,incubated with Cryptococcus neoformans,none,no,,,True,PRJNA896321
SRX10606548,14083552,gs://arc-institute-virtual-cell-atlas/scbasecount/2026-01-12/h5ad/GeneFull/Homo_sapiens/SRX10606548.h5ad,2906,10x_Genomics,5_prime_gex,single_cell,Homo sapiens,pleural and peritoneal mesothelioma tumor tissue,"UBERON:0003390,UBERON:0005669",malignant mesothelioma,MONDO:0005065,none reported,none,no,,,True,PRJNA722248
SRX18096301,25063308,gs://arc-institute-virtual-cell-atlas/scbasecount/2026-01-12/h5ad/GeneFull/Homo_sapiens/SRX18096301.h5ad,9527,10x_Genomics,3_prime_gex,single_cell,Homo sapiens,bronchoalveolar lavage (BAL) cells,UBERON:0004892,unsure,,incubated with Cryptococcus neoformans,not_applicable,no,,,True,PRJNA896321
SRX18096300,25063307,gs://arc-institute-virtual-cell-atlas/scbasecount/2026-01-12/h5ad/GeneFull/Homo_sapiens/SRX18096300.h5ad,3131,10x_Genomics,3_prime_gex,single_cell,Homo sapiens,bronchoalveolar lavage (BAL) cells,UBERON:0008870,none,,incubation with Cryptococcus neoformans,none,no,,,True,PRJNA896321
SRX18096299,25063306,gs://arc-institute-virtual-cell-atlas/scbasecount/2026-01-12/h5ad/GeneFull/Homo_sapiens/SRX18096299.h5ad,5218,10x_Genomics,3_prime_gex,single_cell,Homo sapiens,Bronchoalveolar lavage cells,UBERON:0008870,unsure,,2h incubation with Cryptococcus neoformans,not_applicable,no,,,True,PRJNA896321
SRX18096297,25063304,gs://arc-institute-virtual-cell-atlas/scbasecount/2026-01-12/h5ad/GeneFull/Homo_sapiens/SRX18096297.h5ad,6312,10x_Genomics,3_prime_gex,single_cell,Homo sapiens,bronchoalveolar lavage (BAL) cells,UBERON:0004892,unsure,,incubation with Cryptococcus neoformans,not_applicable,no,,,True,PRJNA896321
SRX22613096,30615614,gs://arc-institute-virtual-cell-atlas/scbasecount/2026-01-12/h5ad/GeneFull/Homo_sapiens/SRX22613096.h5ad,1934,10x_Genomics,3_prime_gex,single_cell,Homo sapiens,lung adenocarcinoma,UBERON:0002044,non-small cell lung cancer (NSCLC),MONDO:0005233,Osimertinib (1 µM) + Tipifarnib (1 µM),HCC4006,no,,,True,PRJNA1044045
ERX11662356,34275521,gs://arc-institute-virtual-cell-atlas/scbasecount/2026-01-12/h5ad/GeneFull/Homo_sapiens/ERX11662356.h5ad,34777,10x_Genomics,3_prime_gex,single_cell,Homo sapiens,lung,,lung squamous cell carcinoma,MONDO:0005097,tissues kept in cold complete RPMI medium until dissection,CD235a- (depleted of erythrocytes),no,,,True,PRJEB68315
ERX11662358,34280627,gs://arc-institute-virtual-cell-atlas/scbasecount/2026-01-12/h5ad/GeneFull/Homo_sapiens/ERX11662358.h5ad,33699,10x_Genomics,3_prime_gex,single_cell,Homo sapiens,lung,UBERON:0002048,lung squamous cell carcinoma,MONDO:0005097,unsure,unsure,no,,,True,PRJEB68315
ERX11662363,34278720,gs://arc-institute-virtual-cell-atlas/scbasecount/2026-01-12/h5ad/GeneFull/Homo_sapiens/ERX11662363.h5ad,25356,10x_Genomics,3_prime_gex,single_cell,Homo sapiens,lung,,lung squamous cell carcinoma,MONDO:0005097,unsure,unsure,no,,,True,PRJEB68315
ERX11662365,34274430,gs://arc-institute-virtual-cell-atlas/scbasecount/2026-01-12/h5ad/GeneFull/Homo_sapiens/ERX11662365.h5ad,38751,10x_Genomics,3_prime_gex,single_cell,Homo sapiens,lung,UBERON:0002048,lung squamous cell carcinoma,MONDO:0005097,dopamine receptor antagonist treatment,not specified; study involves primary human tissues from patients,no,,,True,PRJEB68315
ERX11662362,34274496,gs://arc-institute-virtual-cell-atlas/scbasecount/2026-01-12/h5ad/GeneFull/Homo_sapiens/ERX11662362.h5ad,35110,10x_Genomics,3_prime_gex,single_cell,Homo sapiens,lung,UBERON:0002048,lung squamous cell carcinoma,MONDO:0005097,personalized antiplatelet therapy,other,no,,,True,PRJEB68315
ERX11662383,34281103,gs://arc-institute-virtual-cell-atlas/scbasecount/2026-01-12/h5ad/GeneFull/Homo_sapiens/ERX11662383.h5ad,43718,10x_Genomics,3_prime_gex,single_cell,Homo sapiens,lung,UBERON:0002048,non-small cell lung cancer,MONDO:0005233,Tissues kept in cold complete RPMI medium until dissection. Single-cell suspensions generated usi...,"Patient 23, age 67, female. Sample name: E-MTAB-13526_2:P23_T2.",no,,,True,PRJEB68315
ERX8831395,34095715,gs://arc-institute-virtual-cell-atlas/scbasecount/2026-01-12/h5ad/GeneFull/Homo_sapiens/ERX8831395.h5ad,12146,10x_Genomics,3_prime_gex,single_cell,Homo sapiens,lung,UBERON:0002048,squamous cell lung carcinoma,MONDO:0005097,CRISPR-Cas9 mediated mutation of CALB1 gene,HARA,no,,,True,PRJEB51720
SRX22917447,30982334,gs://arc-institute-virtual-cell-atlas/scbasecount/2026-01-12/h5ad/GeneFull/Homo_sapiens/SRX22917447.h5ad,9580,10x_Genomics,not_applicable,single_cell,Homo sapiens,lung,UBERON:0002048,osteoporosis,MONDO:0005298,unsure,unsure,no,,,True,PRJNA1053822
ERX11876756,36179461,gs://arc-institute-virtual-cell-atlas/scbasecount/2026-01-12/h5ad/GeneFull/Homo_sapiens/ERX11876756.h5ad,7121,10x_Genomics,3_prime_gex,single_cell,Homo sapiens,lung tumor central margin,,non-small cell lung adenocarcinoma,MONDO:0005233,samples collected after surgical resection,"fibroblast, endothelial cell",no,,,True,PRJEB71931
SRX24312775,32625509,gs://arc-institute-virtual-cell-atlas/scbasecount/2026-01-12/h5ad/GeneFull/Homo_sapiens/SRX24312775.h5ad,9742,10x_Genomics,3_prime_gex,single_cell,Homo sapiens,fetal lung,UBERON:0002048,unsure,,unsure,unsure,no,,,True,PRJNA1102355
SRX25289894,33632199,gs://arc-institute-virtual-cell-atlas/scbasecount/2026-01-12/h5ad/GeneFull/Homo_sapiens/SRX25289894.h5ad,4375,10x_Genomics,3_prime_gex,single_cell,Homo sapiens,alveolar epithelial cells,UBERON:0004821,prostate cancer,MONDO:0008315,uninfected (mock treatment),A549,no,,,True,PRJNA1134791
ERX11876771,36178863,gs://arc-institute-virtual-cell-atlas/scbasecount/2026-01-12/h5ad/GeneFull/Homo_sapiens/ERX11876771.h5ad,5963,10x_Genomics,3_prime_gex,single_cell,Homo sapiens,lung tumor central margin,UBERON:0002048,non-small cell squamous lung carcinoma,MONDO:0056806,samples collected after surgical resection of lung lobe or wedges from patients,"fibroblast, endothelial cell",no,,,True,PRJEB71931
SRX25363538,33729885,gs://arc-institute-virtual-cell-atlas/scbasecount/2026-01-12/h5ad/GeneFull/Homo_sapiens/SRX25363538.h5ad,3203,10x_Genomics,3_prime_gex,single_cell,Homo sapiens,lung,UBERON:0002048,Trisomy 21 (Down Syndrome),MONDO:0700126,unsure,unsure,no,,,True,PRJNA1136930
SRX25261770,33603844,gs://arc-institute-virtual-cell-atlas/scbasecount/2026-01-12/h5ad/GeneFull/Homo_sapiens/SRX25261770.h5ad,640,10x_Genomics,5_prime_gex,single_cell,Homo sapiens,bronchoalveolar lavage,UBERON:0002048,fibrotic hypersensitivity pneumonitis,MONDO:0975896,unsure,unsure,no,,,True,PRJNA1133168
SRX25038170,33375422,gs://arc-institute-virtual-cell-atlas/scbasecount/2026-01-12/h5ad/GeneFull/Homo_sapiens/SRX25038170.h5ad,6293,10x_Genomics,5_prime_gex,single_cell,Homo sapiens,lung,UBERON:0002048,Chronic Obstructive Pulmonary Disease (COPD),MONDO:0005002,not specified,not specified,no,,,True,PRJNA1127657
SRX23902411,32207435,gs://arc-institute-virtual-cell-atlas/scbasecount/2026-01-12/h5ad/GeneFull/Homo_sapiens/SRX23902411.h5ad,10476,10x_Genomics,3_prime_gex,single_cell,Homo sapiens,bronchoalveolar lavage fluid,UBERON:0035963,"COPD, pulmonary silicosis, healthy lung",MONDO:0005002,OM-85 (150ug/ml) + Anti-TLR2/4 Abs,BAL cells,no,,,True,PRJNA1086544
SRX24312781,32625515,gs://arc-institute-virtual-cell-atlas/scbasecount/2026-01-12/h5ad/GeneFull/Homo_sapiens/SRX24312781.h5ad,7173,10x_Genomics,3_prime_gex,single_cell,Homo sapiens,fetal lung,UBERON:0002048,unsure,,unsure,unsure,no,,,True,PRJNA1102355
SRX24312773,32625507,gs://arc-institute-virtual-cell-atlas/scbasecount/2026-01-12/h5ad/GeneFull/Homo_sapiens/SRX24312773.h5ad,6367,10x_Genomics,3_prime_gex,single_cell,Homo sapiens,fetal lung,UBERON:0002048,unsure,,unsure,unsure,no,,,True,PRJNA1102355
SRX24312772,32625506,gs://arc-institute-virtual-cell-atlas/scbasecount/2026-01-12/h5ad/GeneFull/Homo_sapiens/SRX24312772.h5ad,7382,10x_Genomics,3_prime_gex,single_cell,Homo sapiens,fetal lung,UBERON:0002048,unsure,,unsure,unsure,no,,,True,PRJNA1102355
SRX20407498,27829852,gs://arc-institute-virtual-cell-atlas/scbasecount/2026-01-12/h5ad/GeneFull/Homo_sapiens/SRX20407498.h5ad,12013,10x_Genomics,3_prime_gex,single_cell,Homo sapiens,lung adenocarcinoma cell,UBERON:0002048,lung adenocarcinoma,MONDO:0005061,unsure,unsure,no,,,True,PRJNA973717
SRX24312778,32625512,gs://arc-institute-virtual-cell-atlas/scbasecount/2026-01-12/h5ad/GeneFull/Homo_sapiens/SRX24312778.h5ad,7558,10x_Genomics,3_prime_gex,single_cell,Homo sapiens,fetal lung,UBERON:0002048,none,,none,none,no,,,True,PRJNA1102355
SRX19704182,27011735,gs://arc-institute-virtual-cell-atlas/scbasecount/2026-01-12/h5ad/GeneFull/Homo_sapiens/SRX19704182.h5ad,5694,10x_Genomics,3_prime_gex,single_cell,Homo sapiens,lung,UBERON:0002048,CWP (Coal Workers' Pneumoconiosis),MONDO:0006654,Tissue samples digested using collagenase I/dispase II or Miltenyi Multi-Tissue Dissociation Kit,none,no,,,True,PRJNA945854
SRX25595940,34594110,gs://arc-institute-virtual-cell-atlas/scbasecount/2026-01-12/h5ad/GeneFull/Homo_sapiens/SRX25595940.h5ad,11849,10x_Genomics,3_prime_gex,single_cell,Homo sapiens,lung,UBERON:0002048,unsure,,50th passage after low dose rate exposure (0.5 Gy),BEAS-2B,no,,,True,PRJNA1144126
SRX21808831,29614585,gs://arc-institute-virtual-cell-atlas/scbasecount/2026-01-12/h5ad/GeneFull/Homo_sapiens/SRX21808831.h5ad,7592,10x_Genomics,3_prime_gex,single_cell,Homo sapiens,parietal pleura,UBERON:0002400,pleural mesothelioma,MONDO:0003308,samples from VATS for pneumothorax,not specified,no,,,True,PRJNA1018509
SRX23825231,32126941,gs://arc-institute-virtual-cell-atlas/scbasecount/2026-01-12/h5ad/GeneFull/Homo_sapiens/SRX23825231.h5ad,4897,10x_Genomics,5_prime_gex,single_cell,Homo sapiens,lung,UBERON:0002048,non-diseased,,not specified,not specified,no,,,True,PRJNA1083452
SRX25261737,33603811,gs://arc-institute-virtual-cell-atlas/scbasecount/2026-01-12/h5ad/GeneFull/Homo_sapiens/SRX25261737.h5ad,10662,10x_Genomics,5_prime_gex,single_cell,Homo sapiens,bronchoalveolar lavage,UBERON:0002048,fibrotic hypersensitivity pneumonitis,MONDO:0975896,immune perturbations,unsure,no,,,True,PRJNA1133168
SRX23457974,31689183,gs://arc-institute-virtual-cell-atlas/scbasecount/2026-01-12/h5ad/GeneFull/Homo_sapiens/SRX23457974.h5ad,13814,10x_Genomics,3_prime_gex,single_cell,Homo sapiens,bronchial epithelium,UBERON:0002031,infected by betacoronaviruses,,unsure,HBEC organoid-BA275-2,no,,,True,PRJNA1071273
SRX23457971,31689180,gs://arc-institute-virtual-cell-atlas/scbasecount/2026-01-12/h5ad/GeneFull/Homo_sapiens/SRX23457971.h5ad,2054,10x_Genomics,3_prime_gex,single_cell,Homo sapiens,bronchial epithelium,,MERS-CoV infection,MONDO:0100116,infected by MERS-CoV,HBEC organoid-MERS-2,no,,,True,PRJNA1071273
SRX19704899,27012452,gs://arc-institute-virtual-cell-atlas/scbasecount/2026-01-12/h5ad/GeneFull/Homo_sapiens/SRX19704899.h5ad,11852,10x_Genomics,3_prime_gex,single_cell,Homo sapiens,human bronchial epithelial cells (HBE),UBERON:0002031,not specified,,normoxia (control condition),D16S (HBE cells cultured on air-liquid interface),no,,,True,PRJNA945866
SRX22996389,31070199,gs://arc-institute-virtual-cell-atlas/scbasecount/2026-01-12/h5ad/GeneFull/Homo_sapiens/SRX22996389.h5ad,3334,10x_Genomics,3_prime_gex,single_cell,Homo sapiens,lung,UBERON:0002048,lung adenocarcinoma (LUAD),MONDO:0005061,unsure,unsure,no,,,True,PRJNA1055415
SRX19836245,27193147,gs://arc-institute-virtual-cell-atlas/scbasecount/2026-01-12/h5ad/GeneFull/Homo_sapiens/SRX19836245.h5ad,7156,10x_Genomics,3_prime_gex,single_cell,Homo sapiens,medium/small size pulmonary artery,UBERON:8600060,pulmonary hypertension associated with pulmonary fibrosis,MONDO:0005149,unsure,PA resident cells,no,,,True,PRJNA950922
SRX19730935,27041918,gs://arc-institute-virtual-cell-atlas/scbasecount/2026-01-12/h5ad/GeneFull/Homo_sapiens/SRX19730935.h5ad,5568,10x_Genomics,3_prime_gex,single_cell,Homo sapiens,lung tumor,UBERON:0002048,lung carcinoma,MONDO:0005138,"Cells were transduced with PU.1, IRF8, BATF3 (PIB) and EGFP",L2404,no,,,True,PRJNA934540
SRX19886033,27256580,gs://arc-institute-virtual-cell-atlas/scbasecount/2026-01-12/h5ad/GeneFull/Homo_sapiens/SRX19886033.h5ad,6230,10x_Genomics,3_prime_gex,single_cell,Homo sapiens,lung,,carcinoma non-small cell,MONDO:0005233,"AMG-510 1.5um + TEADi 500nm, 72h",H23,no,,,True,PRJNA952672
SRX22996366,31070176,gs://arc-institute-virtual-cell-atlas/scbasecount/2026-01-12/h5ad/GeneFull/Homo_sapiens/SRX22996366.h5ad,3399,10x_Genomics,3_prime_gex,single_cell,Homo sapiens,lung,UBERON:0002048,lung adenocarcinoma,MONDO:0005061,unsure,unsure,no,,,True,PRJNA1055415
SRX20811754,28243076,gs://arc-institute-virtual-cell-atlas/scbasecount/2026-01-12/h5ad/GeneFull/Homo_sapiens/SRX20811754.h5ad,3386,10x_Genomics,5_prime_gex,single_cell,Homo sapiens,tracheal aspirate,UBERON:0002819,COVID-19,MONDO:0100096,NoDex (no dexamethasone),other,no,,,True,PRJNA988459
SRX20811744,28243066,gs://arc-institute-virtual-cell-atlas/scbasecount/2026-01-12/h5ad/GeneFull/Homo_sapiens/SRX20811744.h5ad,1160,10x_Genomics,5_prime_gex,single_cell,Homo sapiens,tracheal aspirate,UBERON:0006833,COVID-19,MONDO:0100096,Dexamethasone (Dex),not specified; sample derived from patient 357,no,,,True,PRJNA988459
SRX19704146,27011699,gs://arc-institute-virtual-cell-atlas/scbasecount/2026-01-12/h5ad/GeneFull/Homo_sapiens/SRX19704146.h5ad,389,10x_Genomics,3_prime_gex,single_cell,Homo sapiens,lung,UBERON:0002048,pulmonary fibrosis,MONDO:0002771,none,VUHD0076,no,,,True,PRJNA945854
SRX19704192,27011745,gs://arc-institute-virtual-cell-atlas/scbasecount/2026-01-12/h5ad/GeneFull/Homo_sapiens/SRX19704192.h5ad,909,10x_Genomics,3_prime_gex,single_cell,Homo sapiens,lung,UBERON:0002048,control (healthy),,not specified,not applicable,no,,,True,PRJNA945854
SRX22996335,31070145,gs://arc-institute-virtual-cell-atlas/scbasecount/2026-01-12/h5ad/GeneFull/Homo_sapiens/SRX22996335.h5ad,6478,10x_Genomics,3_prime_gex,single_cell,Homo sapiens,lung,UBERON:0002048,lung adenocarcinoma,MONDO:0005061,not specified,not specified,no,,,True,PRJNA1055415
SRX19704150,27011703,gs://arc-institute-virtual-cell-atlas/scbasecount/2026-01-12/h5ad/GeneFull/Homo_sapiens/SRX19704150.h5ad,1945,10x_Genomics,3_prime_gex,single_cell,Homo sapiens,lung,,pulmonary fibrosis,MONDO:0002771,tissue samples from ILD and nonfibrotic controls,primary human lung tissue,no,,,True,PRJNA945854
SRX19836243,27193145,gs://arc-institute-virtual-cell-atlas/scbasecount/2026-01-12/h5ad/GeneFull/Homo_sapiens/SRX19836243.h5ad,2503,10x_Genomics,3_prime_gex,single_cell,Homo sapiens,medium/small size pulmonary artery,UBERON:8600060,pulmonary hypertension associated with pulmonary fibrosis,MONDO:0005149,unsure,PA resident cells,no,,,True,PRJNA950922
SRX23457977,31689186,gs://arc-institute-virtual-cell-atlas/scbasecount/2026-01-12/h5ad/GeneFull/Homo_sapiens/SRX23457977.h5ad,2127,10x_Genomics,3_prime_gex,single_cell,Homo sapiens,bronchial epithelium,UBERON:0002031,viral infections,MONDO:0020950,"infected with HCoV-OC43, SARS-CoV, MERS-CoV, and SARS-CoV-2",HBEC organoid-OC43-1,no,,,True,PRJNA1071273
SRX19704187,27011740,gs://arc-institute-virtual-cell-atlas/scbasecount/2026-01-12/h5ad/GeneFull/Homo_sapiens/SRX19704187.h5ad,16539,10x_Genomics,3_prime_gex,single_cell,Homo sapiens,lung,UBERON:0002048,idiopathic pulmonary fibrosis,MONDO:0800504,unsure,not_applicable,no,,,True,PRJNA945854
SRX22558192,30554144,gs://arc-institute-virtual-cell-atlas/scbasecount/2026-01-12/h5ad/GeneFull/Homo_sapiens/SRX22558192.h5ad,9758,10x_Genomics,5_prime_gex,single_cell,Homo sapiens,subglottic tracheal tissue,UBERON:0036068,idiopathic subglottic tracheal stenosis,MONDO:0958099,dissociation using MACS Miltenyi Tumor Dissociation Kit,unsure,no,,,True,PRJNA1041779
SRX19704199,27011752,gs://arc-institute-virtual-cell-atlas/scbasecount/2026-01-12/h5ad/GeneFull/Homo_sapiens/SRX19704199.h5ad,6570,10x_Genomics,3_prime_gex,single_cell,Homo sapiens,lung,,control (healthy),,not specified,not specified,no,,,True,PRJNA945854
ERX11876772,36179491,gs://arc-institute-virtual-cell-atlas/scbasecount/2026-01-12/h5ad/GeneFull/Homo_sapiens/ERX11876772.h5ad,7084,10x_Genomics,3_prime_gex,single_cell,Homo sapiens,lung tumor subpleural margin,UBERON:0008946,non-small cell squamous lung carcinoma,MONDO:0056806,samples collected after surgical resection,"fibroblast, endothelial cell",no,,,True,PRJEB71931
SRX17689196,24589229,gs://arc-institute-virtual-cell-atlas/scbasecount/2026-01-12/h5ad/GeneFull/Homo_sapiens/SRX17689196.h5ad,4532,10x_Genomics,3_prime_gex,single_cell,Homo sapiens,lung,UBERON:0002048,normal,,none,SC56,no,,,True,PRJNA883741
SRX19704178,27011731,gs://arc-institute-virtual-cell-atlas/scbasecount/2026-01-12/h5ad/GeneFull/Homo_sapiens/SRX19704178.h5ad,24834,10x_Genomics,3_prime_gex,single_cell,Homo sapiens,lung,UBERON:0002048,control (healthy individual),,not specified,not specified,no,,,True,PRJNA945854
SRX19844839,27212938,gs://arc-institute-virtual-cell-atlas/scbasecount/2026-01-12/h5ad/GeneFull/Homo_sapiens/SRX19844839.h5ad,5081,10x_Genomics,3_prime_gex,single_cell,Homo sapiens,lung,UBERON:0002048,ILD (Interstitial Lung Disease),MONDO:0015925,unsure,not_applicable,no,,,True,PRJNA945854
SRX26487580,35790361,gs://arc-institute-virtual-cell-atlas/scbasecount/2026-01-12/h5ad/GeneFull/Homo_sapiens/SRX26487580.h5ad,3255,10x_Genomics,5_prime_gex,single_cell,Homo sapiens,lung tumor,,non-small cell lung cancer (NSCLC),MONDO:0005233,nivolumab + chemotherapy,freshly dissociated tissue,no,,,True,PRJNA1177414
SRX17689208,24589241,gs://arc-institute-virtual-cell-atlas/scbasecount/2026-01-12/h5ad/GeneFull/Homo_sapiens/SRX17689208.h5ad,3892,10x_Genomics,3_prime_gex,single_cell,Homo sapiens,lung,UBERON:0002048,idiopathic pulmonary fibrosis,MONDO:0800504,unsure,unsure,no,,,True,PRJNA883741
SRX17896692,24830388,gs://arc-institute-virtual-cell-atlas/scbasecount/2026-01-12/h5ad/GeneFull/Homo_sapiens/SRX17896692.h5ad,3990,10x_Genomics,3_prime_gex,single_cell,Homo sapiens,hESC-derived distal lung organoid,UBERON:0002299,Acute Coronary Syndrome,MONDO:0005542,not specified,RUES2,no,,,True,PRJNA890673
SRX17941757,24882223,gs://arc-institute-virtual-cell-atlas/scbasecount/2026-01-12/h5ad/GeneFull/Homo_sapiens/SRX17941757.h5ad,5740,10x_Genomics,3_prime_gex,single_cell,Homo sapiens,lung carcinoma cell line,,not specified,,"lentiviral pool for expression of 120 gRNAs, tamoxifen, puromycin",A549,no,,,True,PRJNA891742
SRX17949769,24890236,gs://arc-institute-virtual-cell-atlas/scbasecount/2026-01-12/h5ad/GeneFull/Homo_sapiens/SRX17949769.h5ad,7002,10x_Genomics,5_prime_gex,single_cell,Homo sapiens,ALI Distal Lung Organoid,UBERON:0004821,unsure,,unsure,"NonImmune, Collagen, Male, 66 years, Non-infected",no,,,True,PRJNA891766
SRX25038168,33375420,gs://arc-institute-virtual-cell-atlas/scbasecount/2026-01-12/h5ad/GeneFull/Homo_sapiens/SRX25038168.h5ad,6592,10x_Genomics,5_prime_gex,single_cell,Homo sapiens,lung,UBERON:0002048,"lung cancer, COPD","MONDO:0008903,MONDO:0005002","samples from patients with lung cancer, organoid culture protocol",none,no,,,True,PRJNA1127657
SRX16757155,23514454,gs://arc-institute-virtual-cell-atlas/scbasecount/2026-01-12/h5ad/GeneFull/Homo_sapiens/SRX16757155.h5ad,964,10x_Genomics,3_prime_gex,single_cell,Homo sapiens,medium/small size pulmonary artery,UBERON:8600060,pulmonary arterial hypertension (PAH),MONDO:0015924,normobaric hypoxia (10% O2) or normoxia (21% O2),PA resident cells,no,,,True,PRJNA864822
SRX12868720,17542904,gs://arc-institute-virtual-cell-atlas/scbasecount/2026-01-12/h5ad/GeneFull/Homo_sapiens/SRX12868720.h5ad,14168,10x_Genomics,3_prime_gex,single_cell,Homo sapiens,lung,UBERON:0002048,normal adjacent lung tissue from lung adenocarcinoma patient,,"right lower lobe, segmentectomy",not_applicable,no,,,True,PRJNA773987
SRX17150747,23953745,gs://arc-institute-virtual-cell-atlas/scbasecount/2026-01-12/h5ad/GeneFull/Homo_sapiens/SRX17150747.h5ad,17300,10x_Genomics,3_prime_gex,single_cell,Homo sapiens,lung,UBERON:0002048,hereditary neuropathy with liability to pressure palsy,MONDO:0008087,irradiation,A549,no,,,True,PRJNA871210
SRX16757156,23514455,gs://arc-institute-virtual-cell-atlas/scbasecount/2026-01-12/h5ad/GeneFull/Homo_sapiens/SRX16757156.h5ad,3378,10x_Genomics,3_prime_gex,single_cell,Homo sapiens,medium/small size pulmonary artery,UBERON:8600060,pulmonary arterial hypertension (PAH),MONDO:0015924,normobaric hypoxia (10% O2) or normoxia (21% O2) for three weeks,PA resident cells,no,,,True,PRJNA864822
SRX12366723,16543594,gs://arc-institute-virtual-cell-atlas/scbasecount/2026-01-12/h5ad/GeneFull/Homo_sapiens/SRX12366723.h5ad,4032,10x_Genomics,3_prime_gex,single_cell,Homo sapiens,lung,UBERON:0002048,lung neoplasms,MONDO:0021117,unsure,unsure,no,,,True,PRJNA766517
SRX14891758,21326072,gs://arc-institute-virtual-cell-atlas/scbasecount/2026-01-12/h5ad/GeneFull/Homo_sapiens/SRX14891758.h5ad,9863,10x_Genomics,3_prime_gex,single_cell,Homo sapiens,lung,UBERON:0002048,unsure,,unsure,human lung,no,,,True,PRJNA827791
SRX16757157,23514456,gs://arc-institute-virtual-cell-atlas/scbasecount/2026-01-12/h5ad/GeneFull/Homo_sapiens/SRX16757157.h5ad,11275,10x_Genomics,3_prime_gex,single_cell,Homo sapiens,medium/small size pulmonary artery,UBERON:8600060,pulmonary arterial hypertension (PAH),MONDO:0015924,mice kept under normobaric hypoxia (10% O2) or normoxia (21% O2) for three weeks,PA resident cells,no,,,True,PRJNA864822
SRX18248069,25232718,gs://arc-institute-virtual-cell-atlas/scbasecount/2026-01-12/h5ad/GeneFull/Homo_sapiens/SRX18248069.h5ad,9325,10x_Genomics,3_prime_gex,single_cell,Homo sapiens,lung tumor tissue,UBERON:0002048,lung adenocarcinoma,MONDO:0005061,unsure,unsure,no,,,True,PRJNA901260
SRX16217014,22921636,gs://arc-institute-virtual-cell-atlas/scbasecount/2026-01-12/h5ad/GeneFull/Homo_sapiens/SRX16217014.h5ad,20810,10x_Genomics,3_prime_gex,single_cell,Homo sapiens,lung tumour,UBERON:0002048,cancer immunotherapy,MONDO:0004992,"treatment with PD1, 96 hours",CD45+,maybe,,,True,PRJNA858410
SRX19704191,27011744,gs://arc-institute-virtual-cell-atlas/scbasecount/2026-01-12/h5ad/GeneFull/Homo_sapiens/SRX19704191.h5ad,2361,10x_Genomics,3_prime_gex,single_cell,Homo sapiens,lung,UBERON:0002048,control (healthy),,unsure,unsure,no,,,True,PRJNA945854
SRX19704141,27011694,gs://arc-institute-virtual-cell-atlas/scbasecount/2026-01-12/h5ad/GeneFull/Homo_sapiens/SRX19704141.h5ad,17093,10x_Genomics,3_prime_gex,single_cell,Homo sapiens,lung,UBERON:0002048,pulmonary fibrosis (PF) and healthy controls,MONDO:0002771,collagenase I/dispase II or Miltenyi Multi-Tissue Dissociation Kit,VUHD106,no,,,True,PRJNA945854
SRX18965982,26106282,gs://arc-institute-virtual-cell-atlas/scbasecount/2026-01-12/h5ad/GeneFull/Homo_sapiens/SRX18965982.h5ad,36932,10x_Genomics,multiome,single_cell,Homo sapiens,human airway organoid,,not specified,,beta (agent),not specified,no,,,True,PRJNA919922
SRX16217008,22921630,gs://arc-institute-virtual-cell-atlas/scbasecount/2026-01-12/h5ad/GeneFull/Homo_sapiens/SRX16217008.h5ad,12463,10x_Genomics,3_prime_gex,single_cell,Homo sapiens,lung tumour,,cancer immunotherapy,MONDO:0004992,PD1-LAG3,CD45+,no,,,True,PRJNA858410
SRX18965977,26106277,gs://arc-institute-virtual-cell-atlas/scbasecount/2026-01-12/h5ad/GeneFull/Homo_sapiens/SRX18965977.h5ad,46917,10x_Genomics,3_prime_gex,single_cell,Homo sapiens,airway organoid,UBERON:0004802,unsure,,ALI-AO (agent: alpha),unsure,no,,,True,PRJNA919922
SRX19704189,27011742,gs://arc-institute-virtual-cell-atlas/scbasecount/2026-01-12/h5ad/GeneFull/Homo_sapiens/SRX19704189.h5ad,20354,10x_Genomics,3_prime_gex,single_cell,Homo sapiens,lung,UBERON:0002048,CTD-ILD,MONDO:0015925,collagenase I/dispase II digestion,unsure,no,,,True,PRJNA945854
SRX19704200,27011753,gs://arc-institute-virtual-cell-atlas/scbasecount/2026-01-12/h5ad/GeneFull/Homo_sapiens/SRX19704200.h5ad,3829,10x_Genomics,3_prime_gex,single_cell,Homo sapiens,lung,UBERON:0002048,control (healthy),,unsure,unsure,no,,,True,PRJNA945854
SRX19704158,27011711,gs://arc-institute-virtual-cell-atlas/scbasecount/2026-01-12/h5ad/GeneFull/Homo_sapiens/SRX19704158.h5ad,14887,10x_Genomics,3_prime_gex,single_cell,Homo sapiens,lung,UBERON:0002048,idiopathic pulmonary fibrosis,MONDO:0800504,unsure,other,no,,,True,PRJNA945854
SRX19727436,27037988,gs://arc-institute-virtual-cell-atlas/scbasecount/2026-01-12/h5ad/GeneFull/Homo_sapiens/SRX19727436.h5ad,1324,10x_Genomics,3_prime_gex,single_cell,Homo sapiens,lung,UBERON:0002048,moderate COPD,MONDO:0005002,unsure,unsure,no,,,True,PRJNA946652
SRX14891763,21326077,gs://arc-institute-virtual-cell-atlas/scbasecount/2026-01-12/h5ad/GeneFull/Homo_sapiens/SRX14891763.h5ad,9384,10x_Genomics,3_prime_gex,single_cell,Homo sapiens,lung,,multiple primary lung cancer,MONDO:0008903,unsure,unsure,no,,,True,PRJNA827791
SRX19162056,26358125,gs://arc-institute-virtual-cell-atlas/scbasecount/2026-01-12/h5ad/GeneFull/Homo_sapiens/SRX19162056.h5ad,7417,10x_Genomics,5_prime_gex,single_cell,Homo sapiens,"lung lymph node, mesenteric lymph node, lung","UBERON:0035764,UBERON:0002509,UBERON:0002048",unsure,,unsure,B cells,no,,,True,PRJNA927026
SRX19162065,26358134,gs://arc-institute-virtual-cell-atlas/scbasecount/2026-01-12/h5ad/GeneFull/Homo_sapiens/SRX19162065.h5ad,7325,10x_Genomics,5_prime_gex,single_cell,Homo sapiens,"lung lymph node, mesenteric lymph node, lung","UBERON:0035764,UBERON:0002509,UBERON:0002048",unsure,,unsure,B cells,no,,,True,PRJNA927026
SRX19162066,26358135,gs://arc-institute-virtual-cell-atlas/scbasecount/2026-01-12/h5ad/GeneFull/Homo_sapiens/SRX19162066.h5ad,6745,10x_Genomics,5_prime_gex,single_cell,Homo sapiens,"mixture of lung lymph node, mesenteric lymph node, lung","UBERON:0035764,UBERON:0002509,UBERON:0002048",related to cancer treatment and vascular disruption,,"Brimamin treatment, inhibits tubulin polymerization, induces apoptosis","endothelial cells, carcinoma-derived cells",no,,,True,PRJNA927026
SRX19320094,26568289,gs://arc-institute-virtual-cell-atlas/scbasecount/2026-01-12/h5ad/GeneFull/Homo_sapiens/SRX19320094.h5ad,4630,10x_Genomics,3_prime_gex,single_cell,Homo sapiens,lung,,non-small-cell lung cancer (NSCLC),MONDO:0005233,"Crizotinib, Alectinib, Ceritinib","NIH 3T3 Cells, Tumor Cell Lines",no,,,True,PRJNA934551
SRX19844827,27212926,gs://arc-institute-virtual-cell-atlas/scbasecount/2026-01-12/h5ad/GeneFull/Homo_sapiens/SRX19844827.h5ad,10537,10x_Genomics,3_prime_gex,single_cell,Homo sapiens,lung,UBERON:0002048,sarcoidosis,MONDO:0019338,collagenase I/dispase II or Miltenyi Multi-Tissue Dissociation Kit,not specified,no,,,True,PRJNA945854
SRX19844820,27212919,gs://arc-institute-virtual-cell-atlas/scbasecount/2026-01-12/h5ad/GeneFull/Homo_sapiens/SRX19844820.h5ad,9010,10x_Genomics,3_prime_gex,single_cell,Homo sapiens,lung,UBERON:0002048,IPF (Idiopathic Pulmonary Fibrosis),MONDO:0800504,unsure,not_applicable,no,,,True,PRJNA945854
SRX19844833,27212932,gs://arc-institute-virtual-cell-atlas/scbasecount/2026-01-12/h5ad/GeneFull/Homo_sapiens/SRX19844833.h5ad,14577,10x_Genomics,3_prime_gex,single_cell,Homo sapiens,lung,UBERON:0002048,IPF (Idiopathic Pulmonary Fibrosis),MONDO:0800504,unsure,unsure,no,,,True,PRJNA945854
SRX19704123,27011676,gs://arc-institute-virtual-cell-atlas/scbasecount/2026-01-12/h5ad/GeneFull/Homo_sapiens/SRX19704123.h5ad,2297,10x_Genomics,3_prime_gex,single_cell,Homo sapiens,lung,UBERON:0002048,control (healthy),,not specified,not specified,no,,,True,PRJNA945854
SRX19704131,27011684,gs://arc-institute-virtual-cell-atlas/scbasecount/2026-01-12/h5ad/GeneFull/Homo_sapiens/SRX19704131.h5ad,4834,10x_Genomics,3_prime_gex,single_cell,Homo sapiens,lung,UBERON:0002048,idiopathic pulmonary fibrosis,MONDO:0800504,unsure,unsure,no,,,True,PRJNA945854
SRX19704129,27011682,gs://arc-institute-virtual-cell-atlas/scbasecount/2026-01-12/h5ad/GeneFull/Homo_sapiens/SRX19704129.h5ad,3128,10x_Genomics,3_prime_gex,single_cell,Homo sapiens,lung,UBERON:0002048,ILD/HP,MONDO:0015925,unsure,unsure,no,,,True,PRJNA945854
SRX20180657,27600004,gs://arc-institute-virtual-cell-atlas/scbasecount/2026-01-12/h5ad/GeneFull/Homo_sapiens/SRX20180657.h5ad,4548,10x_Genomics,3_prime_gex,single_cell,Homo sapiens,lung organoid co-cultured with macrophage,,unsure,,unsure,unsure,no,,,True,PRJNA966111
SRX20221193,27641469,gs://arc-institute-virtual-cell-atlas/scbasecount/2026-01-12/h5ad/GeneFull/Homo_sapiens/SRX20221193.h5ad,8190,10x_Genomics,3_prime_gex,single_cell,Homo sapiens,lung,UBERON:0002048,paraquat poisoning,MONDO:0017862,34 days post paraquat-poisoning,epithelial cells,no,,,True,PRJNA967233
SRX19886024,27256571,gs://arc-institute-virtual-cell-atlas/scbasecount/2026-01-12/h5ad/GeneFull/Homo_sapiens/SRX19886024.h5ad,7338,10x_Genomics,3_prime_gex,single_cell,Homo sapiens,lung,UBERON:0002048,mantle cell lymphoma,MONDO:0004992,anti-JAM-C therapy,"H-23, H-358",no,,,True,PRJNA952672
SRX19886044,27256591,gs://arc-institute-virtual-cell-atlas/scbasecount/2026-01-12/h5ad/GeneFull/Homo_sapiens/SRX19886044.h5ad,5144,10x_Genomics,3_prime_gex,single_cell,Homo sapiens,lung,UBERON:0002048,non-small cell carcinoma,MONDO:0005233,AMG-510 (800 nm),H358,no,,,True,PRJNA952672
SRX19886047,27256594,gs://arc-institute-virtual-cell-atlas/scbasecount/2026-01-12/h5ad/GeneFull/Homo_sapiens/SRX19886047.h5ad,1243,10x_Genomics,3_prime_gex,single_cell,Homo sapiens,lung,UBERON:0002048,carcinoma non-small cell,MONDO:0005233,AMG-510 800nm + TEADi 500nm,H358,no,,,True,PRJNA952672
SRX19886025,27256572,gs://arc-institute-virtual-cell-atlas/scbasecount/2026-01-12/h5ad/GeneFull/Homo_sapiens/SRX19886025.h5ad,1690,10x_Genomics,3_prime_gex,single_cell,Homo sapiens,lung,UBERON:0002048,carcinoma non-small cell,MONDO:0005233,"AMG-510 (1.5 µM), 24 hours",H23,no,,,True,PRJNA952672
SRX20970825,28404610,gs://arc-institute-virtual-cell-atlas/scbasecount/2026-01-12/h5ad/GeneFull/Homo_sapiens/SRX20970825.h5ad,7392,10x_Genomics,3_prime_gex,single_cell,Homo sapiens,lung adenocarcinoma,,rheumatoid arthritis,MONDO:0008383,none,Calu-3,no,,,True,PRJNA993165
SRX20811742,28243064,gs://arc-institute-virtual-cell-atlas/scbasecount/2026-01-12/h5ad/GeneFull/Homo_sapiens/SRX20811742.h5ad,695,10x_Genomics,5_prime_gex,single_cell,Homo sapiens,tracheal aspirate,UBERON:0006833,COVID-19,MONDO:0100096,Dexamethasone (Dex),not specified; sample derived from patient 161,no,,,True,PRJNA988459
SRX20811751,28243073,gs://arc-institute-virtual-cell-atlas/scbasecount/2026-01-12/h5ad/GeneFull/Homo_sapiens/SRX20811751.h5ad,4367,10x_Genomics,5_prime_gex,single_cell,Homo sapiens,tracheal aspirate,UBERON:0016553,COVID-19,MONDO:0100096,Dexamethasone (Dex),unsure,no,,,True,PRJNA988459
SRX20811745,28243067,gs://arc-institute-virtual-cell-atlas/scbasecount/2026-01-12/h5ad/GeneFull/Homo_sapiens/SRX20811745.h5ad,2062,10x_Genomics,5_prime_gex,single_cell,Homo sapiens,tracheal aspirate,,COVID-19,MONDO:0100096,Dexamethasone (Dex),other,no,,,True,PRJNA988459
SRX20811750,28243072,gs://arc-institute-virtual-cell-atlas/scbasecount/2026-01-12/h5ad/GeneFull/Homo_sapiens/SRX20811750.h5ad,3163,10x_Genomics,5_prime_gex,single_cell,Homo sapiens,tracheal aspirate,UBERON:0006538,COVID-19,MONDO:0100096,dexamethasone,other,no,,,True,PRJNA988459
SRX21311407,28748539,gs://arc-institute-virtual-cell-atlas/scbasecount/2026-01-12/h5ad/GeneFull/Homo_sapiens/SRX21311407.h5ad,3605,10x_Genomics,3_prime_gex,single_cell,Homo sapiens,lung,UBERON:0002048,fibrotic lung (recipient),MONDO:0002771,unsure,innate lymphoid cells,no,,,True,PRJNA1003807
SRX21460095,28901011,gs://arc-institute-virtual-cell-atlas/scbasecount/2026-01-12/h5ad/GeneFull/Homo_sapiens/SRX21460095.h5ad,18410,10x_Genomics,multiome,single_nucleus,Homo sapiens,tumor-distant normal lung,UBERON:0002048,absence epilepsy,MONDO:0010826,ethosuximide,not specified,no,,,True,PRJNA1008237
SRX21460108,28901024,gs://arc-institute-virtual-cell-atlas/scbasecount/2026-01-12/h5ad/GeneFull/Homo_sapiens/SRX21460108.h5ad,14212,10x_Genomics,multiome,unsure,Homo sapiens,tumor-distant normal lung,UBERON:0002048,unsure,,unsure,unsure,no,,,True,PRJNA1008237
SRX21808832,29614586,gs://arc-institute-virtual-cell-atlas/scbasecount/2026-01-12/h5ad/GeneFull/Homo_sapiens/SRX21808832.h5ad,10066,10x_Genomics,3_prime_gex,single_cell,Homo sapiens,parietal pleura,UBERON:0002400,"pleural conditions, including pleural mesothelioma",MONDO:0003308,unsure,not provided; sample from healthy adult human tissue,no,,,True,PRJNA1018509
SRX21808829,29614583,gs://arc-institute-virtual-cell-atlas/scbasecount/2026-01-12/h5ad/GeneFull/Homo_sapiens/SRX21808829.h5ad,11663,10x_Genomics,3_prime_gex,single_cell,Homo sapiens,parietal pleura,UBERON:0002400,pleural mesothelioma,MONDO:0003308,collagenase I and DNase I treatment,not specified,no,,,True,PRJNA1018509
SRX21808830,29614584,gs://arc-institute-virtual-cell-atlas/scbasecount/2026-01-12/h5ad/GeneFull/Homo_sapiens/SRX21808830.h5ad,10808,10x_Genomics,3_prime_gex,single_cell,Homo sapiens,parietal pleura,UBERON:0002400,"Glycogen storage disease type Ia, secondary gout",MONDO:0009287,"collagenase I, DNase I, FACS, lifestyle intervention, allopurinol, raw corn starch",not specified,no,,,True,PRJNA1018509
SRX21808833,29614587,gs://arc-institute-virtual-cell-atlas/scbasecount/2026-01-12/h5ad/GeneFull/Homo_sapiens/SRX21808833.h5ad,5007,10x_Genomics,3_prime_gex,single_cell,Homo sapiens,parietal pleura,UBERON:0002400,related to pleural conditions,MONDO:0006502,unsure,unsure,no,,,True,PRJNA1018509
SRX21897873,29793053,gs://arc-institute-virtual-cell-atlas/scbasecount/2026-01-12/h5ad/GeneFull/Homo_sapiens/SRX21897873.h5ad,7807,10x_Genomics,3_prime_gex,single_cell,Homo sapiens,lung,UBERON:0002048,lung adenocarcinoma,MONDO:0005061,CAR T cell therapy with SUV39H1 knockout,A549,no,,,True,PRJNA1021137
SRX22130034,30081486,gs://arc-institute-virtual-cell-atlas/scbasecount/2026-01-12/h5ad/GeneFull/Homo_sapiens/SRX22130034.h5ad,3092,10x_Genomics,3_prime_gex,single_cell,Homo sapiens,hESC-derived lung organoid,UBERON:0002048,idiopathic pulmonary fibrosis (IPF),MONDO:0800504,unsure,Rockefeller University Embryonic Stem Cell Line 2 (RUES2),no,,,True,PRJNA1029622
SRX22226505,30185154,gs://arc-institute-virtual-cell-atlas/scbasecount/2026-01-12/h5ad/GeneFull/Homo_sapiens/SRX22226505.h5ad,4581,10x_Genomics,3_prime_gex,single_cell,Homo sapiens,lung,UBERON:0002048,SARS-CoV-2 infection,MONDO:0100096,SARS,unsure,no,,,True,PRJNA1032112
SRX22226504,30185153,gs://arc-institute-virtual-cell-atlas/scbasecount/2026-01-12/h5ad/GeneFull/Homo_sapiens/SRX22226504.h5ad,2994,10x_Genomics,3_prime_gex,single_cell,Homo sapiens,lung,UBERON:0002048,SARS-CoV-2 infection,MONDO:0100096,SARS,not specified,no,,,True,PRJNA1032112
SRX22996314,31070124,gs://arc-institute-virtual-cell-atlas/scbasecount/2026-01-12/h5ad/GeneFull/Homo_sapiens/SRX22996314.h5ad,2889,10x_Genomics,3_prime_gex,single_cell,Homo sapiens,lung,UBERON:0002048,lung adenocarcinoma (LUAD),MONDO:0005061,unsure,unsure,no,,,True,PRJNA1055415
SRX23341418,31555474,gs://arc-institute-virtual-cell-atlas/scbasecount/2026-01-12/h5ad/GeneFull/Homo_sapiens/SRX23341418.h5ad,2592,10x_Genomics,5_prime_gex,single_cell,Homo sapiens,lung,UBERON:0002048,tuberculosis,MONDO:0018076,fresh resected human lung tissue,immune cells,no,,,True,PRJNA1067353
SRX23331462,31543301,gs://arc-institute-virtual-cell-atlas/scbasecount/2026-01-12/h5ad/GeneFull/Homo_sapiens/SRX23331462.h5ad,9709,10x_Genomics,3_prime_gex,single_cell,Homo sapiens,airway epithelium,UBERON:0004802,SARS-CoV-2 infection,MONDO:0100096,"D614G variant of SARS-CoV-2, 48 hours post-infection","small airway epithelial, primary air-liquid interface culture",no,,,True,PRJNA1066790
SRX22996379,31070189,gs://arc-institute-virtual-cell-atlas/scbasecount/2026-01-12/h5ad/GeneFull/Homo_sapiens/SRX22996379.h5ad,4113,10x_Genomics,3_prime_gex,single_cell,Homo sapiens,lung,UBERON:0002048,lung adenocarcinoma,MONDO:0005061,unsure,unsure,no,,,True,PRJNA1055415
SRX22996390,31070200,gs://arc-institute-virtual-cell-atlas/scbasecount/2026-01-12/h5ad/GeneFull/Homo_sapiens/SRX22996390.h5ad,2880,10x_Genomics,3_prime_gex,single_cell,Homo sapiens,lung,UBERON:0002048,lung adenocarcinoma,MONDO:0005061,unsure,unsure,no,,,True,PRJNA1055415
SRX22996350,31070160,gs://arc-institute-virtual-cell-atlas/scbasecount/2026-01-12/h5ad/GeneFull/Homo_sapiens/SRX22996350.h5ad,3089,10x_Genomics,3_prime_gex,single_cell,Homo sapiens,lung,UBERON:0002048,lung adenocarcinoma,MONDO:0005061,unsure,unsure,no,,,True,PRJNA1055415
SRX23395186,31616155,gs://arc-institute-virtual-cell-atlas/scbasecount/2026-01-12/h5ad/GeneFull/Homo_sapiens/SRX23395186.h5ad,5382,10x_Genomics,3_prime_gex,single_cell,Homo sapiens,lung,UBERON:0002048,infected with SARS-CoV-2,MONDO:0100096,infected with SARS-CoV-2,"epithelial, pediatric, 6 months, male, Caucasian",no,,,True,PRJNA1069102
SRX22996336,31070146,gs://arc-institute-virtual-cell-atlas/scbasecount/2026-01-12/h5ad/GeneFull/Homo_sapiens/SRX22996336.h5ad,6532,10x_Genomics,3_prime_gex,single_cell,Homo sapiens,lung,UBERON:0002048,lung adenocarcinoma,MONDO:0005061,unsure,unsure,no,,,True,PRJNA1055415
SRX23395187,31616156,gs://arc-institute-virtual-cell-atlas/scbasecount/2026-01-12/h5ad/GeneFull/Homo_sapiens/SRX23395187.h5ad,9177,10x_Genomics,3_prime_gex,single_cell,Homo sapiens,lung,UBERON:0002048,other,,mock,"epithelial, pediatric (2 months), male",no,,,True,PRJNA1069102
SRX23395190,31616159,gs://arc-institute-virtual-cell-atlas/scbasecount/2026-01-12/h5ad/GeneFull/Homo_sapiens/SRX23395190.h5ad,7181,10x_Genomics,3_prime_gex,single_cell,Homo sapiens,lung,UBERON:0002048,infected with SARS-CoV-2,MONDO:0100096,infected with SARS-CoV-2,not specified; sample from primary lung epithelial cells,no,,,True,PRJNA1069102
SRX22996377,31070187,gs://arc-institute-virtual-cell-atlas/scbasecount/2026-01-12/h5ad/GeneFull/Homo_sapiens/SRX22996377.h5ad,4699,10x_Genomics,3_prime_gex,single_cell,Homo sapiens,lung,UBERON:0002048,lung adenocarcinoma,MONDO:0005061,unsure,MRC009 Adeno_4,no,,,True,PRJNA1055415
SRX22996396,31070206,gs://arc-institute-virtual-cell-atlas/scbasecount/2026-01-12/h5ad/GeneFull/Homo_sapiens/SRX22996396.h5ad,3522,10x_Genomics,3_prime_gex,single_cell,Homo sapiens,lung,UBERON:0002048,lung adenocarcinoma (LUAD),MONDO:0005061,unsure,unsure,no,,,True,PRJNA1055415
SRX23902412,32207436,gs://arc-institute-virtual-cell-atlas/scbasecount/2026-01-12/h5ad/GeneFull/Homo_sapiens/SRX23902412.h5ad,11527,10x_Genomics,3_prime_gex,single_cell,Homo sapiens,bronchoalveolar lavage fluid,UBERON:0035963,"COPD, pulmonary silicosis",MONDO:0005002,bacterial lysate OM-85,BAL cells,no,,,True,PRJNA1086544
SRX24312771,32625505,gs://arc-institute-virtual-cell-atlas/scbasecount/2026-01-12/h5ad/GeneFull/Homo_sapiens/SRX24312771.h5ad,10038,10x_Genomics,3_prime_gex,single_cell,Homo sapiens,fetal lung,,not specified,,not specified,not specified,no,,,True,PRJNA1102355
SRX24475791,32791968,gs://arc-institute-virtual-cell-atlas/scbasecount/2026-01-12/h5ad/GeneFull/Homo_sapiens/SRX24475791.h5ad,4610,10x_Genomics,5_prime_gex,single_cell,Homo sapiens,bronchoalveolar lavage,,healthy controls,,uninfected,BAL Cells,no,,,True,PRJNA1108287
SRX24475801,32791978,gs://arc-institute-virtual-cell-atlas/scbasecount/2026-01-12/h5ad/GeneFull/Homo_sapiens/SRX24475801.h5ad,847,10x_Genomics,3_prime_gex,single_cell,Homo sapiens,bronchoalveolar lavage,UBERON:0035963,healthy control,,uninfected,other,no,,,True,PRJNA1108287
SRX24475792,32791969,gs://arc-institute-virtual-cell-atlas/scbasecount/2026-01-12/h5ad/GeneFull/Homo_sapiens/SRX24475792.h5ad,4987,10x_Genomics,5_prime_gex,single_cell,Homo sapiens,bronchoalveolar lavage,UBERON:0002048,healthy control,,post-infection with Mycobacterium tuberculosis,BAL cells,no,,,True,PRJNA1108287
SRX22996329,31070139,gs://arc-institute-virtual-cell-atlas/scbasecount/2026-01-12/h5ad/GeneFull/Homo_sapiens/SRX22996329.h5ad,3638,10x_Genomics,3_prime_gex,single_cell,Homo sapiens,lung,UBERON:0002048,lung adenocarcinoma,MONDO:0005061,unsure,unsure,no,,,True,PRJNA1055415
SRX24841616,33175950,gs://arc-institute-virtual-cell-atlas/scbasecount/2026-01-12/h5ad/GeneFull/Homo_sapiens/SRX24841616.h5ad,11915,10x_Genomics,5_prime_gex,single_cell,Homo sapiens,distal lung tissue,UBERON:0008946,COPD explant,MONDO:0005002,"enzymatic cocktail digestion, ACK buffer treatment, EPCAM magnetic bead-based selection",not specified,no,,,True,PRJNA1121368
SRX25261718,33603792,gs://arc-institute-virtual-cell-atlas/scbasecount/2026-01-12/h5ad/GeneFull/Homo_sapiens/SRX25261718.h5ad,15213,10x_Genomics,5_prime_gex,single_cell,Homo sapiens,bronchoalveolar lavage,UBERON:0002048,fibrotic hypersensitivity pneumonitis,MONDO:0975896,unsure,unsure,no,,,True,PRJNA1133168
SRX25038172,33375424,gs://arc-institute-virtual-cell-atlas/scbasecount/2026-01-12/h5ad/GeneFull/Homo_sapiens/SRX25038172.h5ad,4774,10x_Genomics,5_prime_gex,single_cell,Homo sapiens,lung,UBERON:0002048,COPD,MONDO:0005002,"samples from patients with lung cancer, diagnosed with COPD, current smoking status",not specified,no,,,True,PRJNA1127657
SRX26487578,35790359,gs://arc-institute-virtual-cell-atlas/scbasecount/2026-01-12/h5ad/GeneFull/Homo_sapiens/SRX26487578.h5ad,4338,10x_Genomics,5_prime_gex,single_cell,Homo sapiens,adjacent normal lung,,non-small cell lung cancer (NSCLC),MONDO:0005233,Nivolumab + chemotherapy,KRASmutSTK11wt,no,,,True,PRJNA1177414
SRX24312770,32625504,gs://arc-institute-virtual-cell-atlas/scbasecount/2026-01-12/h5ad/GeneFull/Homo_sapiens/SRX24312770.h5ad,13235,10x_Genomics,3_prime_gex,single_cell,Homo sapiens,fetal lung tissue,UBERON:0002048,none,,none,none,no,,,True,PRJNA1102355
SRX26735837,36123429,gs://arc-institute-virtual-cell-atlas/scbasecount/2026-01-12/h5ad/GeneFull/Homo_sapiens/SRX26735837.h5ad,8534,10x_Genomics,multiome,single_nucleus,Homo sapiens,"lung, distal airway epithelial cells","UBERON:0002048,UBERON:0001958",Idiopathic Pulmonary Fibrosis (IPF),MONDO:0800504,"JUNB O-GlcNAcylation, chronic injury",3D patient-derived organoid model,no,,,True,PRJNA1186577
SRX26735834,36123426,gs://arc-institute-virtual-cell-atlas/scbasecount/2026-01-12/h5ad/GeneFull/Homo_sapiens/SRX26735834.h5ad,7932,10x_Genomics,multiome,single_nucleus,Homo sapiens,Lung,UBERON:0002048,Healthy,,unsure,Airway epithelium,no,,,True,PRJNA1186577
SRX10152687,13280263,gs://arc-institute-virtual-cell-atlas/scbasecount/2026-01-12/h5ad/GeneFull/Homo_sapiens/SRX10152687.h5ad,522,10x_Genomics,3_prime_gex,single_cell,Homo sapiens,lung parenchyma,UBERON:0008946,COPD and control,MONDO:0005002,none reported,none,no,,,True,PRJNA704098
SRX27123182,36603389,gs://arc-institute-virtual-cell-atlas/scbasecount/2026-01-12/h5ad/GeneFull/Homo_sapiens/SRX27123182.h5ad,2768,10x_Genomics,3_prime_gex,single_cell,Homo sapiens,lung organoids,UBERON:0002048,unsure,,lentiviral vector transduced,induced-pluripotent stem cells,no,,,True,PRJNA1200047
SRX27291571,36822918,gs://arc-institute-virtual-cell-atlas/scbasecount/2026-01-12/h5ad/GeneFull/Homo_sapiens/SRX27291571.h5ad,20509,10x_Genomics,3_prime_gex,single_nucleus,Homo sapiens,lung tissue cores,UBERON:0002048,Idiopathic Pulmonary Fibrosis (IPF),MONDO:0800504,none,not_applicable,no,,,True,PRJNA1208088
SRX27291594,36822941,gs://arc-institute-virtual-cell-atlas/scbasecount/2026-01-12/h5ad/GeneFull/Homo_sapiens/SRX27291594.h5ad,12371,10x_Genomics,multiome,single_nucleus,Homo sapiens,lung,UBERON:0002048,Idiopathic Pulmonary Fibrosis,MONDO:0800504,unsure,unsure,no,,,True,PRJNA1208088
SRX27291604,36822951,gs://arc-institute-virtual-cell-atlas/scbasecount/2026-01-12/h5ad/GeneFull/Homo_sapiens/SRX27291604.h5ad,8404,10x_Genomics,3_prime_gex,single_nucleus,Homo sapiens,lung,UBERON:0002048,IPF,MONDO:0800504,unsure,unsure,no,,,True,PRJNA1208088
SRX27291593,36822940,gs://arc-institute-virtual-cell-atlas/scbasecount/2026-01-12/h5ad/GeneFull/Homo_sapiens/SRX27291593.h5ad,6689,10x_Genomics,3_prime_gex,single_nucleus,Homo sapiens,lung,UBERON:0002048,control,,none,none,no,,,True,PRJNA1208088
SRX27291591,36822938,gs://arc-institute-virtual-cell-atlas/scbasecount/2026-01-12/h5ad/GeneFull/Homo_sapiens/SRX27291591.h5ad,16331,10x_Genomics,3_prime_gex,single_nucleus,Homo sapiens,Lung tissue – frozen tissue cores from IPF lungs (post-transplant) and unused donor control lungs,UBERON:0002048,Idiopathic Pulmonary Fibrosis (IPF),MONDO:0800504,none,none,no,,,True,PRJNA1208088
SRX27291592,36822939,gs://arc-institute-virtual-cell-atlas/scbasecount/2026-01-12/h5ad/GeneFull/Homo_sapiens/SRX27291592.h5ad,7911,10x_Genomics,3_prime_gex,single_nucleus,Homo sapiens,Lung tissue,UBERON:0002048,Idiopathic Pulmonary Fibrosis (IPF),MONDO:0800504,none,none,no,,,True,PRJNA1208088
SRX27291605,36822952,gs://arc-institute-virtual-cell-atlas/scbasecount/2026-01-12/h5ad/GeneFull/Homo_sapiens/SRX27291605.h5ad,5534,10x_Genomics,multiome,single_nucleus,Homo sapiens,lung,UBERON:0002048,Idiopathic Pulmonary Fibrosis (IPF),MONDO:0800504,unsure,unsure,no,,,True,PRJNA1208088
SRX27291600,36822947,gs://arc-institute-virtual-cell-atlas/scbasecount/2026-01-12/h5ad/GeneFull/Homo_sapiens/SRX27291600.h5ad,13850,10x_Genomics,multiome,single_nucleus,Homo sapiens,lung,UBERON:0002048,Idiopathic Pulmonary Fibrosis,MONDO:0800504,none,none,no,,,True,PRJNA1208088
SRX27291570,36822917,gs://arc-institute-virtual-cell-atlas/scbasecount/2026-01-12/h5ad/GeneFull/Homo_sapiens/SRX27291570.h5ad,17640,10x_Genomics,3_prime_gex,single_nucleus,Homo sapiens,lung,UBERON:0002048,Idiopathic Pulmonary Fibrosis (IPF),MONDO:0800504,unsure,not_applicable,no,,,True,PRJNA1208088
SRX27291597,36822944,gs://arc-institute-virtual-cell-atlas/scbasecount/2026-01-12/h5ad/GeneFull/Homo_sapiens/SRX27291597.h5ad,8217,10x_Genomics,3_prime_gex,single_nucleus,Homo sapiens,lung,UBERON:0002048,control,,control,not_applicable,no,,,True,PRJNA1208088
SRX27291607,36822954,gs://arc-institute-virtual-cell-atlas/scbasecount/2026-01-12/h5ad/GeneFull/Homo_sapiens/SRX27291607.h5ad,9730,10x_Genomics,multiome,single_nucleus,Homo sapiens,lung tissue,UBERON:0002048,Idiopathic Pulmonary Fibrosis,MONDO:0800504,none,not_applicable,no,,,True,PRJNA1208088
SRX27291598,36822945,gs://arc-institute-virtual-cell-atlas/scbasecount/2026-01-12/h5ad/GeneFull/Homo_sapiens/SRX27291598.h5ad,6845,10x_Genomics,3_prime_gex,single_nucleus,Homo sapiens,lung,UBERON:0002048,Idiopathic Pulmonary Fibrosis (IPF),MONDO:0800504,none,not_applicable,no,,,True,PRJNA1208088
SRX27291590,36822937,gs://arc-institute-virtual-cell-atlas/scbasecount/2026-01-12/h5ad/GeneFull/Homo_sapiens/SRX27291590.h5ad,8112,10x_Genomics,3_prime_gex,single_nucleus,Homo sapiens,Lung tissue,UBERON:0002048,Idiopathic Pulmonary Fibrosis (IPF),MONDO:0800504,none,none,no,,,True,PRJNA1208088
SRX27291620,36822967,gs://arc-institute-virtual-cell-atlas/scbasecount/2026-01-12/h5ad/GeneFull/Homo_sapiens/SRX27291620.h5ad,5453,10x_Genomics,3_prime_gex,single_nucleus,Homo sapiens,lung,UBERON:0002048,Idiopathic Pulmonary Fibrosis (IPF),MONDO:0800504,none,not_applicable,no,,,True,PRJNA1208088
SRX27291563,36822910,gs://arc-institute-virtual-cell-atlas/scbasecount/2026-01-12/h5ad/GeneFull/Homo_sapiens/SRX27291563.h5ad,48355,10x_Genomics,multiome,single_nucleus,Homo sapiens,lung,UBERON:0002048,Idiopathic Pulmonary Fibrosis (IPF),MONDO:0800504,unsure,unsure,no,,,True,PRJNA1208088
SRX27291616,36822963,gs://arc-institute-virtual-cell-atlas/scbasecount/2026-01-12/h5ad/GeneFull/Homo_sapiens/SRX27291616.h5ad,10156,10x_Genomics,3_prime_gex,single_nucleus,Homo sapiens,lung,UBERON:0002048,Idiopathic Pulmonary Fibrosis (IPF),MONDO:0800504,none,none,no,,,True,PRJNA1208088
SRX27291609,36822956,gs://arc-institute-virtual-cell-atlas/scbasecount/2026-01-12/h5ad/GeneFull/Homo_sapiens/SRX27291609.h5ad,9122,10x_Genomics,3_prime_gex,single_nucleus,Homo sapiens,Lung tissue,UBERON:0002048,Idiopathic Pulmonary Fibrosis (IPF),MONDO:0800504,None,None,no,,,True,PRJNA1208088
SRX27291603,36822950,gs://arc-institute-virtual-cell-atlas/scbasecount/2026-01-12/h5ad/GeneFull/Homo_sapiens/SRX27291603.h5ad,9198,10x_Genomics,3_prime_gex,single_nucleus,Homo sapiens,lung,UBERON:0002048,Idiopathic Pulmonary Fibrosis (IPF),MONDO:0800504,unsure,unsure,no,,,True,PRJNA1208088
SRX27291619,36822966,gs://arc-institute-virtual-cell-atlas/scbasecount/2026-01-12/h5ad/GeneFull/Homo_sapiens/SRX27291619.h5ad,10334,10x_Genomics,3_prime_gex,single_nucleus,Homo sapiens,Frozen tissue cores from IPF lungs and control lungs,"UBERON:0008870,UBERON:0002048",Idiopathic Pulmonary Fibrosis (IPF),MONDO:0800504,unsure,unsure,no,,,True,PRJNA1208088
SRX27291617,36822964,gs://arc-institute-virtual-cell-atlas/scbasecount/2026-01-12/h5ad/GeneFull/Homo_sapiens/SRX27291617.h5ad,14837,10x_Genomics,3_prime_gex,single_nucleus,Homo sapiens,lung,UBERON:0002048,IPF,MONDO:0800504,unsure,unsure,no,,,True,PRJNA1208088
SRX27291614,36822961,gs://arc-institute-virtual-cell-atlas/scbasecount/2026-01-12/h5ad/GeneFull/Homo_sapiens/SRX27291614.h5ad,10842,10x_Genomics,multiome,single_nucleus,Homo sapiens,lung,UBERON:0002048,Idiopathic Pulmonary Fibrosis (IPF),MONDO:0800504,unsure,unsure,no,,,True,PRJNA1208088
SRX27291613,36822960,gs://arc-institute-virtual-cell-atlas/scbasecount/2026-01-12/h5ad/GeneFull/Homo_sapiens/SRX27291613.h5ad,18046,10x_Genomics,3_prime_gex,single_nucleus,Homo sapiens,lung,UBERON:0002048,Idiopathic Pulmonary Fibrosis (IPF),MONDO:0800504,unsure,unsure,no,,,True,PRJNA1208088
SRX27291587,36822934,gs://arc-institute-virtual-cell-atlas/scbasecount/2026-01-12/h5ad/GeneFull/Homo_sapiens/SRX27291587.h5ad,24543,10x_Genomics,3_prime_gex,single_nucleus,Homo sapiens,lung,UBERON:0002048,Idiopathic Pulmonary Fibrosis (IPF),MONDO:0800504,none,none,no,,,True,PRJNA1208088
SRX27291622,36822969,gs://arc-institute-virtual-cell-atlas/scbasecount/2026-01-12/h5ad/GeneFull/Homo_sapiens/SRX27291622.h5ad,11075,10x_Genomics,3_prime_gex,single_nucleus,Homo sapiens,lung,UBERON:0002048,IPF,MONDO:0800504,unsure,unsure,no,,,True,PRJNA1208088
SRX27291595,36822942,gs://arc-institute-virtual-cell-atlas/scbasecount/2026-01-12/h5ad/GeneFull/Homo_sapiens/SRX27291595.h5ad,14054,10x_Genomics,multiome,single_nucleus,Homo sapiens,lung,UBERON:0002048,Idiopathic Pulmonary Fibrosis (IPF),MONDO:0800504,none,not_applicable,no,,,True,PRJNA1208088
SRX27208867,36704088,gs://arc-institute-virtual-cell-atlas/scbasecount/2026-01-12/h5ad/GeneFull/Homo_sapiens/SRX27208867.h5ad,7387,10x_Genomics,5_prime_gex,single_cell,Homo sapiens,"lung, hilar lymph nodes","UBERON:0002048,UBERON:0039167","chronic lung allograft dysfunction, idiopathic pulmonary fibrosis",MONDO:0015265,NKG2D blockade,none,no,,,True,PRJNA1204132
SRX27208869,36704090,gs://arc-institute-virtual-cell-atlas/scbasecount/2026-01-12/h5ad/GeneFull/Homo_sapiens/SRX27208869.h5ad,4990,10x_Genomics,5_prime_gex,single_cell,Homo sapiens,lung,UBERON:0002048,chronic lung allograft dysfunction (CLAD),MONDO:0015265,NKG2D blockade,not applicable,no,,,True,PRJNA1204132
SRX27208873,36704094,gs://arc-institute-virtual-cell-atlas/scbasecount/2026-01-12/h5ad/GeneFull/Homo_sapiens/SRX27208873.h5ad,6865,10x_Genomics,5_prime_gex,single_cell,Homo sapiens,"lung tissue, hilar lymph nodes","UBERON:0002048,UBERON:0039167",chronic lung allograft dysfunction,MONDO:0015265,NKG2D blockade,unsure,no,,,True,PRJNA1204132
SRX27208878,36704099,gs://arc-institute-virtual-cell-atlas/scbasecount/2026-01-12/h5ad/GeneFull/Homo_sapiens/SRX27208878.h5ad,12313,10x_Genomics,5_prime_gex,single_cell,Homo sapiens,"lung, hilar lymph nodes","UBERON:0002048,UBERON:0039167","Chronic lung allograft dysfunction (CLAD), IPF",MONDO:0015265,NKG2D blockade,not applicable,no,,,True,PRJNA1204132
SRX27208876,36704097,gs://arc-institute-virtual-cell-atlas/scbasecount/2026-01-12/h5ad/GeneFull/Homo_sapiens/SRX27208876.h5ad,4592,10x_Genomics,5_prime_gex,single_cell,Homo sapiens,lungs and lung-draining lymph nodes,"UBERON:0002048,UBERON:0007644",chronic lung allograft dysfunction (CLAD),MONDO:0015265,NKG2D blockade,primary T cells,no,,,True,PRJNA1204132
SRX27208872,36704093,gs://arc-institute-virtual-cell-atlas/scbasecount/2026-01-12/h5ad/GeneFull/Homo_sapiens/SRX27208872.h5ad,8439,10x_Genomics,5_prime_gex,single_cell,Homo sapiens,Hilar lymph nodes and lung tissue,"UBERON:0039167,UBERON:0002048",Chronic lung allograft dysfunction (CLAD),MONDO:0015265,NKG2D blockade,No cell line used; primary T cells sorted from patient tissues,no,,,True,PRJNA1204132
SRX27208875,36704096,gs://arc-institute-virtual-cell-atlas/scbasecount/2026-01-12/h5ad/GeneFull/Homo_sapiens/SRX27208875.h5ad,3078,10x_Genomics,5_prime_gex,single_cell,Homo sapiens,lungs and hilar lymph nodes,"UBERON:0000170,UBERON:0039167","chronic lung allograft dysfunction, idiopathic pulmonary fibrosis",MONDO:0015265,NKG2D blockade,none,no,,,True,PRJNA1204132
SRX27208877,36704098,gs://arc-institute-virtual-cell-atlas/scbasecount/2026-01-12/h5ad/GeneFull/Homo_sapiens/SRX27208877.h5ad,21539,10x_Genomics,5_prime_gex,single_cell,Homo sapiens,lung,UBERON:0002048,chronic lung allograft dysfunction (CLAD),MONDO:0015265,idiopathic pulmonary fibrosis (IPF),T-cell,no,,,True,PRJNA1204132
SRX27208868,36704089,gs://arc-institute-virtual-cell-atlas/scbasecount/2026-01-12/h5ad/GeneFull/Homo_sapiens/SRX27208868.h5ad,7003,10x_Genomics,5_prime_gex,single_cell,Homo sapiens,lung,UBERON:0002048,chronic lung allograft dysfunction (CLAD),MONDO:0015265,"mixed sample (control, CLAD)",T-cell (isolated from lung and hilar lymph nodes of patients),no,,,True,PRJNA1204132
SRX10327364,13454940,gs://arc-institute-virtual-cell-atlas/scbasecount/2026-01-12/h5ad/GeneFull/Homo_sapiens/SRX10327364.h5ad,3196,10x_Genomics,3_prime_gex,single_cell,Homo sapiens,lung airway epithelial cells (primary basal cells),UBERON:0004802,Measles virus infection (MeV exposure),MONDO:0004619,"Measles virus exposure, day 3 post-infection, GFP+ sorting",primary human airway basal cells,no,,,True,PRJNA713903
SRX27291551,36822898,gs://arc-institute-virtual-cell-atlas/scbasecount/2026-01-12/h5ad/GeneFull/Homo_sapiens/SRX27291551.h5ad,13923,10x_Genomics,3_prime_gex,single_nucleus,Homo sapiens,lung,UBERON:0002048,Idiopathic Pulmonary Fibrosis (IPF),MONDO:0800504,nuclei isolated from frozen lung tissue using a 10X Genomics nuclei extraction kit,none,no,,,True,PRJNA1208088
SRX27291556,36822903,gs://arc-institute-virtual-cell-atlas/scbasecount/2026-01-12/h5ad/GeneFull/Homo_sapiens/SRX27291556.h5ad,6109,10x_Genomics,multiome,single_nucleus,Homo sapiens,Frozen tissue cores from IPF lungs following transplant and unused donor control lungs,"UBERON:0002048,UBERON:0002048",Idiopathic Pulmonary Fibrosis (IPF),MONDO:0800504,Nuclei isolated using 10X Genomics nuclei extraction kit; library construction for 3' v3.1 and Multiome ATAC + Gene Expression assays,unsure,no,,,True,PRJNA1208088
SRX27291559,36822906,gs://arc-institute-virtual-cell-atlas/scbasecount/2026-01-12/h5ad/GeneFull/Homo_sapiens/SRX27291559.h5ad,11454,10x_Genomics,3_prime_gex,single_nucleus,Homo sapiens,lung,UBERON:0002048,Idiopathic Pulmonary Fibrosis (IPF),MONDO:0800504,unsure,unsure,no,,,True,PRJNA1208088
SRX27291561,36822908,gs://arc-institute-virtual-cell-atlas/scbasecount/2026-01-12/h5ad/GeneFull/Homo_sapiens/SRX27291561.h5ad,4652,10x_Genomics,3_prime_gex,single_nucleus,Homo sapiens,lung,UBERON:0002048,control,,unsure,unsure,no,,,True,PRJNA1208088
SRX27291560,36822907,gs://arc-institute-virtual-cell-atlas/scbasecount/2026-01-12/h5ad/GeneFull/Homo_sapiens/SRX27291560.h5ad,7015,10x_Genomics,3_prime_gex,single_nucleus,Homo sapiens,lung,UBERON:0002048,Idiopathic Pulmonary Fibrosis (IPF),MONDO:0800504,none,not_applicable,no,,,True,PRJNA1208088
SRX27291553,36822900,gs://arc-institute-virtual-cell-atlas/scbasecount/2026-01-12/h5ad/GeneFull/Homo_sapiens/SRX27291553.h5ad,13773,10x_Genomics,3_prime_gex,single_nucleus,Homo sapiens,lung tissue from IPF patient samples and unused donor control lungs,"UBERON:0008870,UBERON:0002048",Idiopathic Pulmonary Fibrosis (IPF),MONDO:0800504,none,none,no,,,True,PRJNA1208088
SRX27291565,36822912,gs://arc-institute-virtual-cell-atlas/scbasecount/2026-01-12/h5ad/GeneFull/Homo_sapiens/SRX27291565.h5ad,10213,10x_Genomics,3_prime_gex,single_nucleus,Homo sapiens,lung,UBERON:0002048,Idiopathic Pulmonary Fibrosis (IPF),MONDO:0800504,none,none,no,,,True,PRJNA1208088
SRX27291568,36822915,gs://arc-institute-virtual-cell-atlas/scbasecount/2026-01-12/h5ad/GeneFull/Homo_sapiens/SRX27291568.h5ad,7765,10x_Genomics,3_prime_gex,single_nucleus,Homo sapiens,lung tissue cores,UBERON:0002048,Idiopathic Pulmonary Fibrosis (IPF),MONDO:0800504,none,none,no,,,True,PRJNA1208088
SRX27291569,36822916,gs://arc-institute-virtual-cell-atlas/scbasecount/2026-01-12/h5ad/GeneFull/Homo_sapiens/SRX27291569.h5ad,6243,10x_Genomics,multiome,single_nucleus,Homo sapiens,lung,UBERON:0002048,Idiopathic Pulmonary Fibrosis (IPF),MONDO:0800504,unsure,unsure,no,,,True,PRJNA1208088
SRX27291552,36822899,gs://arc-institute-virtual-cell-atlas/scbasecount/2026-01-12/h5ad/GeneFull/Homo_sapiens/SRX27291552.h5ad,12653,10x_Genomics,multiome,single_nucleus,Homo sapiens,Lung,UBERON:0002048,Idiopathic Pulmonary Fibrosis (control),MONDO:0800504,none,not_applicable,no,,,True,PRJNA1208088
SRX27291566,36822913,gs://arc-institute-virtual-cell-atlas/scbasecount/2026-01-12/h5ad/GeneFull/Homo_sapiens/SRX27291566.h5ad,11641,10x_Genomics,3_prime_gex,single_nucleus,Homo sapiens,Frozen lung tissue cores from IPF lungs (post-transplant) and unused donor control lungs,"UBERON:0002048,UBERON:0002048",Idiopathic Pulmonary Fibrosis (IPF),MONDO:0800504,none,none,no,,,True,PRJNA1208088
SRX27291562,36822909,gs://arc-institute-virtual-cell-atlas/scbasecount/2026-01-12/h5ad/GeneFull/Homo_sapiens/SRX27291562.h5ad,8621,10x_Genomics,3_prime_gex,single_nucleus,Homo sapiens,lung,UBERON:0002048,Idiopathic Pulmonary Fibrosis (IPF),MONDO:0800504,none,none,no,,,True,PRJNA1208088
SRX27291574,36822921,gs://arc-institute-virtual-cell-atlas/scbasecount/2026-01-12/h5ad/GeneFull/Homo_sapiens/SRX27291574.h5ad,10751,10x_Genomics,multiome,single_nucleus,Homo sapiens,lung,UBERON:0002048,Idiopathic Pulmonary Fibrosis (IPF),MONDO:0800504,none,not_applicable,no,,,True,PRJNA1208088
SRX27291554,36822901,gs://arc-institute-virtual-cell-atlas/scbasecount/2026-01-12/h5ad/GeneFull/Homo_sapiens/SRX27291554.h5ad,12553,10x_Genomics,multiome,single_nucleus,Homo sapiens,lung,UBERON:0002048,Not applicable (sample is labeled as control),,Not reported,Not applicable,no,,,True,PRJNA1208088
SRX27291576,36822923,gs://arc-institute-virtual-cell-atlas/scbasecount/2026-01-12/h5ad/GeneFull/Homo_sapiens/SRX27291576.h5ad,7150,10x_Genomics,3_prime_gex,single_nucleus,Homo sapiens,lung tissue,UBERON:0002048,control in study of Idiopathic Pulmonary Fibrosis (IPF),,none,not_applicable,no,,,True,PRJNA1208088
SRX27291572,36822919,gs://arc-institute-virtual-cell-atlas/scbasecount/2026-01-12/h5ad/GeneFull/Homo_sapiens/SRX27291572.h5ad,4703,10x_Genomics,multiome,single_nucleus,Homo sapiens,lung tissue,UBERON:0002048,Idiopathic Pulmonary Fibrosis (IPF),MONDO:0800504,unsure,unsure,no,,,True,PRJNA1208088
SRX27291564,36822911,gs://arc-institute-virtual-cell-atlas/scbasecount/2026-01-12/h5ad/GeneFull/Homo_sapiens/SRX27291564.h5ad,7622,10x_Genomics,3_prime_gex,single_nucleus,Homo sapiens,lung tissue,UBERON:0002048,Idiopathic Pulmonary Fibrosis (IPF),MONDO:0800504,Not applicable,Not applicable,no,,,True,PRJNA1208088
SRX27291580,36822927,gs://arc-institute-virtual-cell-atlas/scbasecount/2026-01-12/h5ad/GeneFull/Homo_sapiens/SRX27291580.h5ad,3385,10x_Genomics,3_prime_gex,single_nucleus,Homo sapiens,lung tissue cores,UBERON:0002048,Idiopathic Pulmonary Fibrosis (IPF),MONDO:0800504,none,none,no,,,True,PRJNA1208088
SRX27291567,36822914,gs://arc-institute-virtual-cell-atlas/scbasecount/2026-01-12/h5ad/GeneFull/Homo_sapiens/SRX27291567.h5ad,6412,10x_Genomics,3_prime_gex,single_nucleus,Homo sapiens,lung,UBERON:0002048,Idiopathic Pulmonary Fibrosis (IPF),MONDO:0800504,unsure,unsure,no,,,True,PRJNA1208088
SRX27291550,36822897,gs://arc-institute-virtual-cell-atlas/scbasecount/2026-01-12/h5ad/GeneFull/Homo_sapiens/SRX27291550.h5ad,17791,10x_Genomics,multiome,single_nucleus,Homo sapiens,lung,UBERON:0002048,Idiopathic Pulmonary Fibrosis (IPF) vs. control,MONDO:0800504,unsure,unsure,no,,,True,PRJNA1208088
SRX27291578,36822925,gs://arc-institute-virtual-cell-atlas/scbasecount/2026-01-12/h5ad/GeneFull/Homo_sapiens/SRX27291578.h5ad,3602,10x_Genomics,3_prime_gex,single_nucleus,Homo sapiens,lung tissue,UBERON:0002048,Idiopathic Pulmonary Fibrosis (IPF),MONDO:0800504,none,none,no,,,True,PRJNA1208088
SRX27291584,36822931,gs://arc-institute-virtual-cell-atlas/scbasecount/2026-01-12/h5ad/GeneFull/Homo_sapiens/SRX27291584.h5ad,4394,10x_Genomics,3_prime_gex,single_nucleus,Homo sapiens,lung,UBERON:0002048,Idiopathic Pulmonary Fibrosis (IPF),MONDO:0800504,none,none,no,,,True,PRJNA1208088
SRX27291582,36822929,gs://arc-institute-virtual-cell-atlas/scbasecount/2026-01-12/h5ad/GeneFull/Homo_sapiens/SRX27291582.h5ad,10523,10x_Genomics,multiome,single_nucleus,Homo sapiens,lung,UBERON:0002048,Idiopathic Pulmonary Fibrosis (IPF),MONDO:0800504,unsure,unsure,no,,,True,PRJNA1208088
SRX27291555,36822902,gs://arc-institute-virtual-cell-atlas/scbasecount/2026-01-12/h5ad/GeneFull/Homo_sapiens/SRX27291555.h5ad,11804,10x_Genomics,multiome,single_nucleus,Homo sapiens,lung,UBERON:0002048,unsure,,unsure,unsure,no,,,True,PRJNA1208088
SRX27291588,36822935,gs://arc-institute-virtual-cell-atlas/scbasecount/2026-01-12/h5ad/GeneFull/Homo_sapiens/SRX27291588.h5ad,11952,10x_Genomics,multiome,single_nucleus,Homo sapiens,lung tissue,UBERON:0002048,Idiopathic Pulmonary Fibrosis (IPF),MONDO:0800504,none,not_applicable,no,,,True,PRJNA1208088
SRX27291557,36822904,gs://arc-institute-virtual-cell-atlas/scbasecount/2026-01-12/h5ad/GeneFull/Homo_sapiens/SRX27291557.h5ad,11308,10x_Genomics,3_prime_gex,single_nucleus,Homo sapiens,lung,UBERON:0002048,control,,unsure,unsure,no,,,True,PRJNA1208088
SRX27291558,36822905,gs://arc-institute-virtual-cell-atlas/scbasecount/2026-01-12/h5ad/GeneFull/Homo_sapiens/SRX27291558.h5ad,10553,10x_Genomics,3_prime_gex,single_nucleus,Homo sapiens,lung,UBERON:0002048,Idiopathic Pulmonary Fibrosis,MONDO:0800504,none,none,no,,,True,PRJNA1208088
SRX27291599,36822946,gs://arc-institute-virtual-cell-atlas/scbasecount/2026-01-12/h5ad/GeneFull/Homo_sapiens/SRX27291599.h5ad,4260,10x_Genomics,multiome,single_nucleus,Homo sapiens,Lung tissue,UBERON:0002048,Idiopathic Pulmonary Fibrosis (IPF),MONDO:0800504,No specific treatment; comparison with control lungs,Not applicable,no,,,True,PRJNA1208088
SRX27291589,36822936,gs://arc-institute-virtual-cell-atlas/scbasecount/2026-01-12/h5ad/GeneFull/Homo_sapiens/SRX27291589.h5ad,3179,10x_Genomics,3_prime_gex,single_nucleus,Homo sapiens,lung,UBERON:0002048,Idiopathic Pulmonary Fibrosis (IPF),MONDO:0800504,unsure,unsure,no,,,True,PRJNA1208088
SRX27291624,36822971,gs://arc-institute-virtual-cell-atlas/scbasecount/2026-01-12/h5ad/GeneFull/Homo_sapiens/SRX27291624.h5ad,19667,10x_Genomics,3_prime_gex,single_nucleus,Homo sapiens,Lung,UBERON:0002048,Idiopathic pulmonary fibrosis (IPF),MONDO:0800504,none,not_applicable,no,,,True,PRJNA1208088
SRX27291621,36822968,gs://arc-institute-virtual-cell-atlas/scbasecount/2026-01-12/h5ad/GeneFull/Homo_sapiens/SRX27291621.h5ad,14987,10x_Genomics,multiome,single_nucleus,Homo sapiens,lung,UBERON:0002048,Idiopathic Pulmonary Fibrosis,MONDO:0800504,unsure,unsure,no,,,True,PRJNA1208088
SRX27291623,36822970,gs://arc-institute-virtual-cell-atlas/scbasecount/2026-01-12/h5ad/GeneFull/Homo_sapiens/SRX27291623.h5ad,7873,10x_Genomics,multiome,single_nucleus,Homo sapiens,lung,UBERON:0002048,Idiopathic Pulmonary Fibrosis (IPF),MONDO:0800504,none,none,no,,,True,PRJNA1208088
SRX27291612,36822959,gs://arc-institute-virtual-cell-atlas/scbasecount/2026-01-12/h5ad/GeneFull/Homo_sapiens/SRX27291612.h5ad,21984,10x_Genomics,multiome,single_nucleus,Homo sapiens,lung,UBERON:0002048,Idiopathic Pulmonary Fibrosis (IPF),MONDO:0800504,none,not_applicable,no,,,True,PRJNA1208088
SRX27291611,36822958,gs://arc-institute-virtual-cell-atlas/scbasecount/2026-01-12/h5ad/GeneFull/Homo_sapiens/SRX27291611.h5ad,10114,10x_Genomics,3_prime_gex,single_nucleus,Homo sapiens,lung tissue,UBERON:0002048,Idiopathic Pulmonary Fibrosis (IPF),MONDO:0800504,none,not applicable,no,,,True,PRJNA1208088
SRX27291610,36822957,gs://arc-institute-virtual-cell-atlas/scbasecount/2026-01-12/h5ad/GeneFull/Homo_sapiens/SRX27291610.h5ad,16040,10x_Genomics,3_prime_gex,single_nucleus,Homo sapiens,Lung tissue - frozen tissue cores from IPF lungs and unused donor control lungs,UBERON:0002048,Idiopathic Pulmonary Fibrosis (IPF),MONDO:0800504,No experimental treatment or perturbation,Not provided,no,,,True,PRJNA1208088
SRX10327365,13454941,gs://arc-institute-virtual-cell-atlas/scbasecount/2026-01-12/h5ad/GeneFull/Homo_sapiens/SRX10327365.h5ad,3828,10x_Genomics,3_prime_gex,single_cell,Homo sapiens,airway epithelial cells,UBERON:0004802,Measles virus infection,MONDO:0004619,"Measles virus infection, day 14 post-exposure, GFP+ sorted",primary human airway epithelial cultures,no,,,True,PRJNA713903
SRX27358284,36908551,gs://arc-institute-virtual-cell-atlas/scbasecount/2026-01-12/h5ad/GeneFull/Homo_sapiens/SRX27358284.h5ad,5374,10x_Genomics,3_prime_gex,single_cell,Homo sapiens,human alveolar epithelial,UBERON:0004821,unsure,,Uninfected,A549,no,,,True,PRJNA1210996
SRX27358287,36908554,gs://arc-institute-virtual-cell-atlas/scbasecount/2026-01-12/h5ad/GeneFull/Homo_sapiens/SRX27358287.h5ad,4606,10x_Genomics,3_prime_gex,single_cell,Homo sapiens,Human alveolar epithelial cells (A549 cell line),UBERON:0008870,Influenza infection context,MONDO:0005812,Infection with influenza virus A/Perth/16/2009,A549,no,,,True,PRJNA1210996
SRX27358292,36908559,gs://arc-institute-virtual-cell-atlas/scbasecount/2026-01-12/h5ad/GeneFull/Homo_sapiens/SRX27358292.h5ad,5719,10x_Genomics,3_prime_gex,single_cell,Homo sapiens,Human alveolar epithelial,UBERON:0004821,Influenza infection,MONDO:0005812,Infection with influenza A virus,A549,no,,,True,PRJNA1210996
SRX27358285,36908552,gs://arc-institute-virtual-cell-atlas/scbasecount/2026-01-12/h5ad/GeneFull/Homo_sapiens/SRX27358285.h5ad,1554,10x_Genomics,3_prime_gex,single_cell,Homo sapiens,lung,UBERON:0002048,Influenza virus infection,MONDO:0005812,Cells infected with A/Perth/16/2009 (H3N2),A549,no,,,True,PRJNA1210996
SRX27358288,36908555,gs://arc-institute-virtual-cell-atlas/scbasecount/2026-01-12/h5ad/GeneFull/Homo_sapiens/SRX27358288.h5ad,390,10x_Genomics,3_prime_gex,single_cell,Homo sapiens,alveolar epithelial cells,UBERON:0004821,none,,viral infection (H3N2),A549,no,,,True,PRJNA1210996
SRX27358291,36908558,gs://arc-institute-virtual-cell-atlas/scbasecount/2026-01-12/h5ad/GeneFull/Homo_sapiens/SRX27358291.h5ad,5449,10x_Genomics,3_prime_gex,single_cell,Homo sapiens,A549 cells (human alveolar epithelial cell line),UBERON:0004821,"infected with influenza A virus (strain A/Perth/16/2009, H3N2)",MONDO:0005812,"infected with influenza virus, stained with F16v3, sorted for infected/uninfected",A549 cells,no,,,True,PRJNA1210996
SRX27358294,36908561,gs://arc-institute-virtual-cell-atlas/scbasecount/2026-01-12/h5ad/GeneFull/Homo_sapiens/SRX27358294.h5ad,6088,10x_Genomics,3_prime_gex,single_cell,Homo sapiens,human alveolar epithelial,UBERON:0004821,none,,"Influenza A virus infection (H3N2, A/Perth/16/2009)",A549,no,,,True,PRJNA1210996
SRX23724110,32011754,gs://arc-institute-virtual-cell-atlas/scbasecount/2026-01-12/h5ad/GeneFull/Homo_sapiens/SRX23724110.h5ad,8925,10x_Genomics,3_prime_gex,single_cell,Homo sapiens,lung,UBERON:0002048,COVID-19 (SARS-CoV-2 infection),MONDO:0100096,"cultured 96h under BSL-3, infection flag = FALSE",none (primary cells),no,2a9a17c9-1f61-4877-b384-b8cd5ffa4085,A molecular cell atlas of COVID-19 initiation in human lung,True,PRJNA847631
SRX23724101,32011745,gs://arc-institute-virtual-cell-atlas/scbasecount/2026-01-12/h5ad/GeneFull/Homo_sapiens/SRX23724101.h5ad,9110,10x_Genomics,3_prime_gex,single_cell,Homo sapiens,lung (ex vivo cultured lung slices),UBERON:0002048,SARS-CoV-2 infection,MONDO:0100096,"ex vivo viral infection, multiple timepoints",not_applicable,no,2a9a17c9-1f61-4877-b384-b8cd5ffa4085,A molecular cell atlas of COVID-19 initiation in human lung,True,PRJNA847631
SRX23724094,32011738,gs://arc-institute-virtual-cell-atlas/scbasecount/2026-01-12/h5ad/GeneFull/Homo_sapiens/SRX23724094.h5ad,9504,10x_Genomics,3_prime_gex,single_cell,Homo sapiens,ex vivo cultured human lung slice,UBERON:0002048,SARS-CoV-2 infection,MONDO:0100096,none reported,none,no,2a9a17c9-1f61-4877-b384-b8cd5ffa4085,A molecular cell atlas of COVID-19 initiation in human lung,True,PRJNA847631
SRX23724095,32011739,gs://arc-institute-virtual-cell-atlas/scbasecount/2026-01-12/h5ad/GeneFull/Homo_sapiens/SRX23724095.h5ad,5275,10x_Genomics,3_prime_gex,single_cell,Homo sapiens,lung (ex vivo slices),UBERON:0002048,"SARS-CoV-2 infection, mock-infected control",MONDO:0100096,ex vivo SARS-CoV-2 infection,none,no,2a9a17c9-1f61-4877-b384-b8cd5ffa4085,A molecular cell atlas of COVID-19 initiation in human lung,True,PRJNA847631
SRX23724097,32011741,gs://arc-institute-virtual-cell-atlas/scbasecount/2026-01-12/h5ad/GeneFull/Homo_sapiens/SRX23724097.h5ad,3598,10x_Genomics,3_prime_gex,single_cell,Homo sapiens,lung (primary lung slice culture),UBERON:0002048,none (mock-infected),,none,not applicable (primary tissue),no,2a9a17c9-1f61-4877-b384-b8cd5ffa4085,A molecular cell atlas of COVID-19 initiation in human lung,True,PRJNA847631
SRX23724124,32011768,gs://arc-institute-virtual-cell-atlas/scbasecount/2026-01-12/h5ad/GeneFull/Homo_sapiens/SRX23724124.h5ad,1953,10x_Genomics,3_prime_gex,single_cell,Homo sapiens,lung,UBERON:0002048,SARS-CoV-2 infection,MONDO:0100096,remdesivir,unsure,no,2a9a17c9-1f61-4877-b384-b8cd5ffa4085,A molecular cell atlas of COVID-19 initiation in human lung,True,PRJNA847631
SRX23724103,32011747,gs://arc-institute-virtual-cell-atlas/scbasecount/2026-01-12/h5ad/GeneFull/Homo_sapiens/SRX23724103.h5ad,3183,10x_Genomics,3_prime_gex,single_cell,Homo sapiens,lung tissue slices,UBERON:0008946,SARS-CoV-2 infection (COVID-19),MONDO:0100096,ex vivo infection with SARS-CoV-2 strain WA1 for 72h,none,no,2a9a17c9-1f61-4877-b384-b8cd5ffa4085,A molecular cell atlas of COVID-19 initiation in human lung,True,PRJNA847631
SRX23724088,32011732,gs://arc-institute-virtual-cell-atlas/scbasecount/2026-01-12/h5ad/GeneFull/Homo_sapiens/SRX23724088.h5ad,4947,10x_Genomics,3_prime_gex,single_cell,Homo sapiens,lung,UBERON:0002048,SARS-CoV-2 infection,MONDO:0100096,"heat treatment, viral infection (SARS-CoV-2), 72h culture",none,no,2a9a17c9-1f61-4877-b384-b8cd5ffa4085,A molecular cell atlas of COVID-19 initiation in human lung,True,PRJNA847631
SRX23724120,32011764,gs://arc-institute-virtual-cell-atlas/scbasecount/2026-01-12/h5ad/GeneFull/Homo_sapiens/SRX23724120.h5ad,7662,10x_Genomics,3_prime_gex,single_cell,Homo sapiens,lung,UBERON:0002048,,,,,no,2a9a17c9-1f61-4877-b384-b8cd5ffa4085,A molecular cell atlas of COVID-19 initiation in human lung,True,PRJNA847631
SRX23724122,32011766,gs://arc-institute-virtual-cell-atlas/scbasecount/2026-01-12/h5ad/GeneFull/Homo_sapiens/SRX23724122.h5ad,4650,10x_Genomics,3_prime_gex,single_cell,Homo sapiens,lung (ex vivo tissue slices),UBERON:0002048,SARS-CoV-2 infection,MONDO:0100096,"infection with SARS-CoV-2 (WA1 strain), 72h post-infection",not_applicable,no,2a9a17c9-1f61-4877-b384-b8cd5ffa4085,A molecular cell atlas of COVID-19 initiation in human lung,True,PRJNA847631
SRX23724100,32011744,gs://arc-institute-virtual-cell-atlas/scbasecount/2026-01-12/h5ad/GeneFull/Homo_sapiens/SRX23724100.h5ad,10638,10x_Genomics,3_prime_gex,single_cell,Homo sapiens,lung,UBERON:0002048,SARS-CoV-2 infection (COVID-19),MONDO:0100096,viral infection (WA1 strain),,no,2a9a17c9-1f61-4877-b384-b8cd5ffa4085,A molecular cell atlas of COVID-19 initiation in human lung,True,PRJNA847631
SRX23724102,32011746,gs://arc-institute-virtual-cell-atlas/scbasecount/2026-01-12/h5ad/GeneFull/Homo_sapiens/SRX23724102.h5ad,9788,10x_Genomics,3_prime_gex,single_cell,Homo sapiens,lung,UBERON:0002048,none reported,,remdesivir (RDV) treatment,none,no,2a9a17c9-1f61-4877-b384-b8cd5ffa4085,A molecular cell atlas of COVID-19 initiation in human lung,True,PRJNA847631
SRX23724123,32011767,gs://arc-institute-virtual-cell-atlas/scbasecount/2026-01-12/h5ad/GeneFull/Homo_sapiens/SRX23724123.h5ad,6524,10x_Genomics,3_prime_gex,single_cell,Homo sapiens,lung,UBERON:0002048,SARS-CoV-2 infection,MONDO:0100096,none,none,no,2a9a17c9-1f61-4877-b384-b8cd5ffa4085,A molecular cell atlas of COVID-19 initiation in human lung,True,PRJNA847631
SRX23724125,32011769,gs://arc-institute-virtual-cell-atlas/scbasecount/2026-01-12/h5ad/GeneFull/Homo_sapiens/SRX23724125.h5ad,16970,10x_Genomics,3_prime_gex,single_cell,Homo sapiens,lung (ex vivo cultured human lung slices),UBERON:0002048,SARS-CoV-2 infection,MONDO:0100096,ex vivo infection with SARS-CoV-2 under BSL-3 conditions,not applicable,no,2a9a17c9-1f61-4877-b384-b8cd5ffa4085,A molecular cell atlas of COVID-19 initiation in human lung,True,PRJNA847631
SRX23724081,32011725,gs://arc-institute-virtual-cell-atlas/scbasecount/2026-01-12/h5ad/GeneFull/Homo_sapiens/SRX23724081.h5ad,9195,10x_Genomics,3_prime_gex,single_cell,Homo sapiens,lung (ex vivo cultured human lung slices),UBERON:0002048,SARS-CoV-2 infection (COVID-19 model),MONDO:0100096,"ex vivo infection with SARS-CoV-2 strain WA1, 24h culture",none (primary tissue),no,2a9a17c9-1f61-4877-b384-b8cd5ffa4085,A molecular cell atlas of COVID-19 initiation in human lung,True,PRJNA847631
SRX23724084,32011728,gs://arc-institute-virtual-cell-atlas/scbasecount/2026-01-12/h5ad/GeneFull/Homo_sapiens/SRX23724084.h5ad,4777,10x_Genomics,3_prime_gex,single_cell,Homo sapiens,lung,UBERON:0002048,none (experimental infection with SARS-CoV-2),,"UV treatment, SARS-CoV-2 infection",none,no,2a9a17c9-1f61-4877-b384-b8cd5ffa4085,A molecular cell atlas of COVID-19 initiation in human lung,True,PRJNA847631
SRX23724083,32011727,gs://arc-institute-virtual-cell-atlas/scbasecount/2026-01-12/h5ad/GeneFull/Homo_sapiens/SRX23724083.h5ad,21660,10x_Genomics,3_prime_gex,single_cell,Homo sapiens,ex vivo cultured healthy human lung slices,UBERON:0002048,SARS-CoV-2 infection (COVID-19 model),MONDO:0100096,"Infection with SARS-CoV-2 WA1 strain, 72h post-infection",none,no,2a9a17c9-1f61-4877-b384-b8cd5ffa4085,A molecular cell atlas of COVID-19 initiation in human lung,True,PRJNA847631
SRX23724087,32011731,gs://arc-institute-virtual-cell-atlas/scbasecount/2026-01-12/h5ad/GeneFull/Homo_sapiens/SRX23724087.h5ad,5152,10x_Genomics,3_prime_gex,single_cell,Homo sapiens,lung (ex vivo lung slices),UBERON:0002048,"none (mock infection, uninfected control)",,"mock treatment, cultured 72h under BSL-3 conditions",none (primary ex vivo lung tissue),no,2a9a17c9-1f61-4877-b384-b8cd5ffa4085,A molecular cell atlas of COVID-19 initiation in human lung,True,PRJNA847631
SRX23724107,32011751,gs://arc-institute-virtual-cell-atlas/scbasecount/2026-01-12/h5ad/GeneFull/Homo_sapiens/SRX23724107.h5ad,22198,10x_Genomics,3_prime_gex,single_cell,Homo sapiens,lung,UBERON:0002048,SARS-CoV-2 infection (COVID-19),MONDO:0100096,"remdesivir treatment, viral infection (WA1 strain), 72h culture",none,no,2a9a17c9-1f61-4877-b384-b8cd5ffa4085,A molecular cell atlas of COVID-19 initiation in human lung,True,PRJNA847631
SRX23724099,32011743,gs://arc-institute-virtual-cell-atlas/scbasecount/2026-01-12/h5ad/GeneFull/Homo_sapiens/SRX23724099.h5ad,13327,10x_Genomics,3_prime_gex,single_cell,Homo sapiens,lung,UBERON:0002048,unsure,,mock treatment (72 h time point),C3_ST015 (not a standard cell line),no,2a9a17c9-1f61-4877-b384-b8cd5ffa4085,A molecular cell atlas of COVID-19 initiation in human lung,True,PRJNA847631
SRX22996340,31070150,gs://arc-institute-virtual-cell-atlas/scbasecount/2026-01-12/h5ad/GeneFull/Homo_sapiens/SRX22996340.h5ad,2269,10x_Genomics,3_prime_gex,single_cell,Homo sapiens,lung,UBERON:0002048,lung adenocarcinoma (LUAD),MONDO:0005061,unsure,unsure,no,,,True,PRJNA1055415
SRX25318271,33660746,gs://arc-institute-virtual-cell-atlas/scbasecount/2026-01-12/h5ad/GeneFull/Homo_sapiens/SRX25318271.h5ad,15905,10x_Genomics,3_prime_gex,single_cell,Homo sapiens,lung,,mumps,MONDO:0000989,flagellin exposure,Air Liquid Interface Inserts,no,,,True,PRJNA1135480
SRX24841619,33175953,gs://arc-institute-virtual-cell-atlas/scbasecount/2026-01-12/h5ad/GeneFull/Homo_sapiens/SRX24841619.h5ad,6104,10x_Genomics,5_prime_gex,single_cell,Homo sapiens,distal lung tissue,UBERON:0008870,COPD explant,MONDO:0005002,unsure,not_applicable,no,,,True,PRJNA1121368
SRX25319044,33661519,gs://arc-institute-virtual-cell-atlas/scbasecount/2026-01-12/h5ad/GeneFull/Homo_sapiens/SRX25319044.h5ad,5080,10x_Genomics,3_prime_gex,single_cell,Homo sapiens,primary airway cells,UBERON:0004802,Mother PCD (Primary Ciliary Dyskinesia) subject,MONDO:0016575,unsure,unsure,no,,,True,PRJNA1135481
SRX25319043,33661518,gs://arc-institute-virtual-cell-atlas/scbasecount/2026-01-12/h5ad/GeneFull/Homo_sapiens/SRX25319043.h5ad,10591,10x_Genomics,3_prime_gex,single_cell,Homo sapiens,primary airway cells,UBERON:0004802,Mother PCD subject,MONDO:0016575,unsure,unsure,no,,,True,PRJNA1135481
SRX25507030,34467647,gs://arc-institute-virtual-cell-atlas/scbasecount/2026-01-12/h5ad/GeneFull/Homo_sapiens/SRX25507030.h5ad,6235,10x_Genomics,3_prime_gex,single_cell,Homo sapiens,bronchoalveolar lavage,UBERON:0011167,Mycobacterium tuberculosis infection,MONDO:0018076,Mtb challenge for 6 hours,sample from a female participant (2RTB0062),no,,,True,PRJNA1141503
SRX25507022,34467639,gs://arc-institute-virtual-cell-atlas/scbasecount/2026-01-12/h5ad/GeneFull/Homo_sapiens/SRX25507022.h5ad,5363,10x_Genomics,3_prime_gex,single_cell,Homo sapiens,bronchoalveolar lavage,,"latent TB infection, Mtb challenged",MONDO:0018076,"MtbINF challenged, ART TDF_FTC_EFV","Subject 2RTB0014, Male, Age 51",no,,,True,PRJNA1141503
SRX23724098,32011742,gs://arc-institute-virtual-cell-atlas/scbasecount/2026-01-12/h5ad/GeneFull/Homo_sapiens/SRX23724098.h5ad,11246,10x_Genomics,3_prime_gex,single_cell,Homo sapiens,lung,UBERON:0002048,SARS-CoV-2 infection,MONDO:0100096,"none reported (infected, 72h)","primary human lung cells, donor C3_ST015",no,2a9a17c9-1f61-4877-b384-b8cd5ffa4085,A molecular cell atlas of COVID-19 initiation in human lung,True,PRJNA847631
SRX23802731,32100215,gs://arc-institute-virtual-cell-atlas/scbasecount/2026-01-12/h5ad/GeneFull/Homo_sapiens/SRX23802731.h5ad,22441,10x_Genomics,3_prime_gex,single_cell,Homo sapiens,lung (ex vivo cultured lung tissue slices),UBERON:0002048,SARS-CoV-2 infection (COVID-19 model),MONDO:0100096,"ex vivo SARS-CoV-2 infection, 24h post-infection",none,no,2a9a17c9-1f61-4877-b384-b8cd5ffa4085,A molecular cell atlas of COVID-19 initiation in human lung,True,PRJNA847631
SRX23802736,32100220,gs://arc-institute-virtual-cell-atlas/scbasecount/2026-01-12/h5ad/GeneFull/Homo_sapiens/SRX23802736.h5ad,18482,10x_Genomics,3_prime_gex,single_cell,Homo sapiens,lung,UBERON:0002048,SARS-CoV-2 infection,MONDO:0100096,SARS-CoV-2 infection,not_applicable,no,2a9a17c9-1f61-4877-b384-b8cd5ffa4085,A molecular cell atlas of COVID-19 initiation in human lung,True,PRJNA847631
SRX23724090,32011734,gs://arc-institute-virtual-cell-atlas/scbasecount/2026-01-12/h5ad/GeneFull/Homo_sapiens/SRX23724090.h5ad,4151,10x_Genomics,3_prime_gex,single_cell,Homo sapiens,lung,UBERON:0002048,SARS-CoV-2 infection (COVID-19),MONDO:0100096,"SARS-CoV-2 infection, heat treatment, cultured 72h",none specified,no,2a9a17c9-1f61-4877-b384-b8cd5ffa4085,A molecular cell atlas of COVID-19 initiation in human lung,True,PRJNA847631
SRX23802732,32100216,gs://arc-institute-virtual-cell-atlas/scbasecount/2026-01-12/h5ad/GeneFull/Homo_sapiens/SRX23802732.h5ad,12659,10x_Genomics,3_prime_gex,single_cell,Homo sapiens,lung (ex vivo cultured lung tissue slices),UBERON:0002048,SARS-CoV-2 infection model (mock control),MONDO:0100096,mock infection,none (primary tissue slices),no,2a9a17c9-1f61-4877-b384-b8cd5ffa4085,A molecular cell atlas of COVID-19 initiation in human lung,True,PRJNA847631
SRX23724074,32011718,gs://arc-institute-virtual-cell-atlas/scbasecount/2026-01-12/h5ad/GeneFull/Homo_sapiens/SRX23724074.h5ad,25318,10x_Genomics,3_prime_gex,single_cell,Homo sapiens,lung (ex vivo lung slice),UBERON:0002048,none (healthy),,none,none,no,2a9a17c9-1f61-4877-b384-b8cd5ffa4085,A molecular cell atlas of COVID-19 initiation in human lung,True,PRJNA847631
SRX25507033,34467650,gs://arc-institute-virtual-cell-atlas/scbasecount/2026-01-12/h5ad/GeneFull/Homo_sapiens/SRX25507033.h5ad,5717,10x_Genomics,3_prime_gex,single_cell,Homo sapiens,bronchoalveolar lavage,UBERON:0002193,"Resisters (TST & IGRA negative), LTBI (latent TB infection)",MONDO:0040753,"Media or media + Mtb strain H37Rv at MOI 6.5:1, 6h or 24h","Sample from female, age 55, on ART for 8 years",no,,,True,PRJNA1141503
SRX25507045,34467662,gs://arc-institute-virtual-cell-atlas/scbasecount/2026-01-12/h5ad/GeneFull/Homo_sapiens/SRX25507045.h5ad,2888,10x_Genomics,3_prime_gex,single_cell,Homo sapiens,bronchoalveolar lavage,UBERON:0006524,latent TB infection,MONDO:0040753,Mycobacterium tuberculosis infected,2RTB0205,no,,,True,PRJNA1141503
SRX25507039,34467656,gs://arc-institute-virtual-cell-atlas/scbasecount/2026-01-12/h5ad/GeneFull/Homo_sapiens/SRX25507039.h5ad,7639,10x_Genomics,3_prime_gex,single_cell,Homo sapiens,bronchoalveolar lavage,,latent TB infection,MONDO:0040753,"MtbNEG, ART: TDF_FTC_EFV",2RTB0092,no,,,True,PRJNA1141503
SRX25507053,34467670,gs://arc-institute-virtual-cell-atlas/scbasecount/2026-01-12/h5ad/GeneFull/Homo_sapiens/SRX25507053.h5ad,9276,10x_Genomics,3_prime_gex,single_cell,Homo sapiens,bronchoalveolar lavage,,"HIV positive, long-term ART, no TB history",MONDO:0005109,"MtbINF at MOI 6.5:1, 6 hours incubation","sample from female, age 57, no alcohol/smoking/drug use",no,,,True,PRJNA1141503
SRX25507060,34467677,gs://arc-institute-virtual-cell-atlas/scbasecount/2026-01-12/h5ad/GeneFull/Homo_sapiens/SRX25507060.h5ad,8708,10x_Genomics,3_prime_gex,single_cell,Homo sapiens,bronchoalveolar lavage,,latent tuberculosis infection,MONDO:0040753,cultured with Mycobacterium tuberculosis strain H37Rv,BAL cells,no,,,True,PRJNA1141503
SRX25595935,34594105,gs://arc-institute-virtual-cell-atlas/scbasecount/2026-01-12/h5ad/GeneFull/Homo_sapiens/SRX25595935.h5ad,7213,10x_Genomics,3_prime_gex,single_cell,Homo sapiens,lung,UBERON:0002048,other,,10th passage after one acute exposure (0.5 Gy),BEAS-2B,no,,,True,PRJNA1144126
SRX25595937,34594107,gs://arc-institute-virtual-cell-atlas/scbasecount/2026-01-12/h5ad/GeneFull/Homo_sapiens/SRX25595937.h5ad,11403,10x_Genomics,3_prime_gex,single_cell,Homo sapiens,lung,UBERON:0002048,other,,50th passage after one acute exposure (0.5 Gy),BEAS-2B,no,,,True,PRJNA1144126
SRX23724082,32011726,gs://arc-institute-virtual-cell-atlas/scbasecount/2026-01-12/h5ad/GeneFull/Homo_sapiens/SRX23724082.h5ad,19177,10x_Genomics,3_prime_gex,single_cell,Homo sapiens,"lung (human lung slice, ex vivo)",UBERON:0002048,SARS-CoV-2 infection,MONDO:0100096,"viral infection (SARS-CoV-2, WA1_new strain, 72h culture)",none (primary tissue),no,2a9a17c9-1f61-4877-b384-b8cd5ffa4085,A molecular cell atlas of COVID-19 initiation in human lung,True,PRJNA847631
SRX23724096,32011740,gs://arc-institute-virtual-cell-atlas/scbasecount/2026-01-12/h5ad/GeneFull/Homo_sapiens/SRX23724096.h5ad,11802,10x_Genomics,3_prime_gex,single_cell,Homo sapiens,lung (ex vivo lung tissue slices),UBERON:0002048,SARS-CoV-2 infection,MONDO:0100096,ex vivo infection with SARS-CoV-2,not_applicable,no,2a9a17c9-1f61-4877-b384-b8cd5ffa4085,A molecular cell atlas of COVID-19 initiation in human lung,True,PRJNA847631
SRX23724109,32011753,gs://arc-institute-virtual-cell-atlas/scbasecount/2026-01-12/h5ad/GeneFull/Homo_sapiens/SRX23724109.h5ad,7699,10x_Genomics,3_prime_gex,single_cell,Homo sapiens,lung (ex vivo human lung slices),UBERON:0002048,SARS-CoV-2 infection (COVID-19),MONDO:0100096,"SARS-CoV-2 infection, DMSO treatment, 72h post-infection",none (primary tissue),no,2a9a17c9-1f61-4877-b384-b8cd5ffa4085,A molecular cell atlas of COVID-19 initiation in human lung,True,PRJNA847631
SRX23724086,32011730,gs://arc-institute-virtual-cell-atlas/scbasecount/2026-01-12/h5ad/GeneFull/Homo_sapiens/SRX23724086.h5ad,2904,10x_Genomics,3_prime_gex,single_cell,Homo sapiens,lung (cells dissociated from ex vivo lung slices),UBERON:0002048,none (mock-infected),,none,none,no,2a9a17c9-1f61-4877-b384-b8cd5ffa4085,A molecular cell atlas of COVID-19 initiation in human lung,True,PRJNA847631
SRX23802729,32100213,gs://arc-institute-virtual-cell-atlas/scbasecount/2026-01-12/h5ad/GeneFull/Homo_sapiens/SRX23802729.h5ad,21693,10x_Genomics,3_prime_gex,single_cell,Homo sapiens,"lung (ex vivo cultured lung slice, 24 h)",UBERON:0002048,mock (uninfected),,none,not_applicable,no,2a9a17c9-1f61-4877-b384-b8cd5ffa4085,A molecular cell atlas of COVID-19 initiation in human lung,True,PRJNA847631
SRX23802734,32100218,gs://arc-institute-virtual-cell-atlas/scbasecount/2026-01-12/h5ad/GeneFull/Homo_sapiens/SRX23802734.h5ad,12815,10x_Genomics,3_prime_gex,single_cell,Homo sapiens,"lung (primary lung tissue, ex vivo lung slices)","UBERON:0002048,UBERON:0002048",none (mock infection),,none,none,no,2a9a17c9-1f61-4877-b384-b8cd5ffa4085,A molecular cell atlas of COVID-19 initiation in human lung,True,PRJNA847631
SRX23724121,32011765,gs://arc-institute-virtual-cell-atlas/scbasecount/2026-01-12/h5ad/GeneFull/Homo_sapiens/SRX23724121.h5ad,17601,10x_Genomics,3_prime_gex,single_cell,Homo sapiens,lung,UBERON:0002048,SARS-CoV-2 infection,MONDO:0100096,none,none,no,2a9a17c9-1f61-4877-b384-b8cd5ffa4085,A molecular cell atlas of COVID-19 initiation in human lung,True,PRJNA847631
SRX23802728,32100212,gs://arc-institute-virtual-cell-atlas/scbasecount/2026-01-12/h5ad/GeneFull/Homo_sapiens/SRX23802728.h5ad,18972,10x_Genomics,3_prime_gex,single_cell,Homo sapiens,lung tissue slices (ex vivo cultured),UBERON:0002048,SARS-CoV-2 infection (COVID-19),MONDO:0100096,SARS-CoV-2 infection; BSL2 vs BSL3 workflow,none,no,2a9a17c9-1f61-4877-b384-b8cd5ffa4085,A molecular cell atlas of COVID-19 initiation in human lung,True,PRJNA847631
SRX23724091,32011735,gs://arc-institute-virtual-cell-atlas/scbasecount/2026-01-12/h5ad/GeneFull/Homo_sapiens/SRX23724091.h5ad,33545,10x_Genomics,3_prime_gex,single_cell,Homo sapiens,lung tissue slices,UBERON:0002048,SARS-CoV-2 infection (COVID-19),MONDO:0100096,ex vivo SARS-CoV-2 infection,none,no,2a9a17c9-1f61-4877-b384-b8cd5ffa4085,A molecular cell atlas of COVID-19 initiation in human lung,True,PRJNA847631
SRX22996317,31070127,gs://arc-institute-virtual-cell-atlas/scbasecount/2026-01-12/h5ad/GeneFull/Homo_sapiens/SRX22996317.h5ad,3068,10x_Genomics,3_prime_gex,single_cell,Homo sapiens,lung,UBERON:0002048,lung adenocarcinoma,MONDO:0005061,,,no,,,True,PRJNA1055415
SRX27995701,37678111,gs://arc-institute-virtual-cell-atlas/scbasecount/2026-01-12/h5ad/GeneFull/Homo_sapiens/SRX27995701.h5ad,664,10x_Genomics,3_prime_gex,single_cell,Homo sapiens,lung,UBERON:0002048,"lung cancer, HER2 positive",MONDO:0008903,Anti-HER2 CAR-macrophage cell therapy,none,no,,,True,PRJNA1202516
SRX27995730,37678140,gs://arc-institute-virtual-cell-atlas/scbasecount/2026-01-12/h5ad/GeneFull/Homo_sapiens/SRX27995730.h5ad,568,10x_Genomics,vdj,single_cell,Homo sapiens,lung,UBERON:0002048,lung cancer,MONDO:0008903,unsure,unsure,no,,,True,PRJNA1202516
SRX27995731,37678141,gs://arc-institute-virtual-cell-atlas/scbasecount/2026-01-12/h5ad/GeneFull/Homo_sapiens/SRX27995731.h5ad,1446,10x_Genomics,5_prime_gex,single_cell,Homo sapiens,lung tumor biopsy,UBERON:0002048,Lung Cancer,MONDO:0008903,not applicable,not applicable,no,,,True,PRJNA1202516
SRX17412790,24241848,gs://arc-institute-virtual-cell-atlas/scbasecount/2026-01-12/h5ad/GeneFull/Homo_sapiens/SRX17412790.h5ad,6015,10x_Genomics,3_prime_gex,single_cell,Homo sapiens,lung,UBERON:0002048,healthy control,,none reported,none,no,f86d6317-7215-409e-bfda-3f4ded3dadaa,Human CellCards Multi-Study CellRef 1.0 Atlas,True,PRJNA563828
SRX17412793,24241851,gs://arc-institute-virtual-cell-atlas/scbasecount/2026-01-12/h5ad/GeneFull/Homo_sapiens/SRX17412793.h5ad,2549,10x_Genomics,3_prime_gex,single_cell,Homo sapiens,lung,UBERON:0002048,healthy (control),,none reported,not applicable,no,,,True,PRJNA563828
SRX17412842,24241900,gs://arc-institute-virtual-cell-atlas/scbasecount/2026-01-12/h5ad/GeneFull/Homo_sapiens/SRX17412842.h5ad,3631,10x_Genomics,3_prime_gex,single_cell,Homo sapiens,lung,UBERON:0002048,idiopathic pulmonary fibrosis (IPF),MONDO:0800504,,,no,f86d6317-7215-409e-bfda-3f4ded3dadaa,Human CellCards Multi-Study CellRef 1.0 Atlas,True,PRJNA563828
SRX17412819,24241877,gs://arc-institute-virtual-cell-atlas/scbasecount/2026-01-12/h5ad/GeneFull/Homo_sapiens/SRX17412819.h5ad,587,10x_Genomics,3_prime_gex,single_cell,Homo sapiens,lung,UBERON:0002048,COPD,MONDO:0005002,none reported,not applicable,no,f86d6317-7215-409e-bfda-3f4ded3dadaa,Human CellCards Multi-Study CellRef 1.0 Atlas,True,PRJNA563828
SRX17412826,24241884,gs://arc-institute-virtual-cell-atlas/scbasecount/2026-01-12/h5ad/GeneFull/Homo_sapiens/SRX17412826.h5ad,5347,10x_Genomics,3_prime_gex,single_cell,Homo sapiens,lung,UBERON:0002048,"idiopathic pulmonary fibrosis (IPF), chronic obstructive pulmonary disease (COPD), healthy control",MONDO:0800504,none reported,none,no,f86d6317-7215-409e-bfda-3f4ded3dadaa,Human CellCards Multi-Study CellRef 1.0 Atlas,True,PRJNA563828
SRX17412811,24241869,gs://arc-institute-virtual-cell-atlas/scbasecount/2026-01-12/h5ad/GeneFull/Homo_sapiens/SRX17412811.h5ad,7417,10x_Genomics,3_prime_gex,single_cell,Homo sapiens,lung,UBERON:0002048,COPD,MONDO:0005002,none reported,none,no,f86d6317-7215-409e-bfda-3f4ded3dadaa,Human CellCards Multi-Study CellRef 1.0 Atlas,True,PRJNA563828
SRX17412791,24241849,gs://arc-institute-virtual-cell-atlas/scbasecount/2026-01-12/h5ad/GeneFull/Homo_sapiens/SRX17412791.h5ad,8087,10x_Genomics,3_prime_gex,single_cell,Homo sapiens,lung (whole lung dissociate),UBERON:0002048,control (no disease),,none reported,not_applicable,no,f86d6317-7215-409e-bfda-3f4ded3dadaa,Human CellCards Multi-Study CellRef 1.0 Atlas,True,PRJNA563828
SRX17412807,24241865,gs://arc-institute-virtual-cell-atlas/scbasecount/2026-01-12/h5ad/GeneFull/Homo_sapiens/SRX17412807.h5ad,12027,10x_Genomics,3_prime_gex,single_cell,Homo sapiens,lung,UBERON:0002048,COPD,MONDO:0005002,,,no,f86d6317-7215-409e-bfda-3f4ded3dadaa,Human CellCards Multi-Study CellRef 1.0 Atlas,True,PRJNA563828
SRX17412831,24241889,gs://arc-institute-virtual-cell-atlas/scbasecount/2026-01-12/h5ad/GeneFull/Homo_sapiens/SRX17412831.h5ad,6572,10x_Genomics,3_prime_gex,single_cell,Homo sapiens,lung,UBERON:0002048,idiopathic pulmonary fibrosis (IPF),MONDO:0800504,none reported,not applicable,no,f86d6317-7215-409e-bfda-3f4ded3dadaa,Human CellCards Multi-Study CellRef 1.0 Atlas,True,PRJNA563828
SRX17412814,24241872,gs://arc-institute-virtual-cell-atlas/scbasecount/2026-01-12/h5ad/GeneFull/Homo_sapiens/SRX17412814.h5ad,2886,10x_Genomics,3_prime_gex,single_cell,Homo sapiens,lung,UBERON:0002048,COPD,MONDO:0005002,,,no,f86d6317-7215-409e-bfda-3f4ded3dadaa,Human CellCards Multi-Study CellRef 1.0 Atlas,True,PRJNA563828
SRX17412844,24241902,gs://arc-institute-virtual-cell-atlas/scbasecount/2026-01-12/h5ad/GeneFull/Homo_sapiens/SRX17412844.h5ad,4033,10x_Genomics,3_prime_gex,single_cell,Homo sapiens,lung,UBERON:0002048,Idiopathic Pulmonary Fibrosis (IPF),MONDO:0800504,none specified,none specified,no,f86d6317-7215-409e-bfda-3f4ded3dadaa,Human CellCards Multi-Study CellRef 1.0 Atlas,True,PRJNA563828
SRX17412830,24241888,gs://arc-institute-virtual-cell-atlas/scbasecount/2026-01-12/h5ad/GeneFull/Homo_sapiens/SRX17412830.h5ad,5498,10x_Genomics,3_prime_gex,single_cell,Homo sapiens,lung,UBERON:0002048,idiopathic pulmonary fibrosis (IPF),MONDO:0800504,none indicated,none,no,f86d6317-7215-409e-bfda-3f4ded3dadaa,Human CellCards Multi-Study CellRef 1.0 Atlas,True,PRJNA563828
SRX17412777,24241835,gs://arc-institute-virtual-cell-atlas/scbasecount/2026-01-12/h5ad/GeneFull/Homo_sapiens/SRX17412777.h5ad,9112,10x_Genomics,3_prime_gex,single_cell,Homo sapiens,lung,UBERON:0002048,none (healthy control),,none specified,none,no,f86d6317-7215-409e-bfda-3f4ded3dadaa,Human CellCards Multi-Study CellRef 1.0 Atlas,True,PRJNA563828
SRX17412805,24241863,gs://arc-institute-virtual-cell-atlas/scbasecount/2026-01-12/h5ad/GeneFull/Homo_sapiens/SRX17412805.h5ad,5424,10x_Genomics,3_prime_gex,single_cell,Homo sapiens,lung,UBERON:0002048,COPD,MONDO:0005002,none indicated,none,no,f86d6317-7215-409e-bfda-3f4ded3dadaa,Human CellCards Multi-Study CellRef 1.0 Atlas,True,PRJNA563828
SRX17412799,24241857,gs://arc-institute-virtual-cell-atlas/scbasecount/2026-01-12/h5ad/GeneFull/Homo_sapiens/SRX17412799.h5ad,1721,10x_Genomics,3_prime_gex,single_cell,Homo sapiens,lung,UBERON:0002048,none (control),,none reported,none reported,no,f86d6317-7215-409e-bfda-3f4ded3dadaa,Human CellCards Multi-Study CellRef 1.0 Atlas,True,PRJNA563828
SRX17412782,24241840,gs://arc-institute-virtual-cell-atlas/scbasecount/2026-01-12/h5ad/GeneFull/Homo_sapiens/SRX17412782.h5ad,481,10x_Genomics,3_prime_gex,single_cell,Homo sapiens,lung,UBERON:0002048,none (healthy control),,none reported,none,no,f86d6317-7215-409e-bfda-3f4ded3dadaa,Human CellCards Multi-Study CellRef 1.0 Atlas,True,PRJNA563828
SRX17412801,24241859,gs://arc-institute-virtual-cell-atlas/scbasecount/2026-01-12/h5ad/GeneFull/Homo_sapiens/SRX17412801.h5ad,1722,10x_Genomics,3_prime_gex,single_cell,Homo sapiens,lung,UBERON:0002048,none (healthy control),,none reported,none reported,no,f86d6317-7215-409e-bfda-3f4ded3dadaa,Human CellCards Multi-Study CellRef 1.0 Atlas,True,PRJNA563828
SRX17412832,24241890,gs://arc-institute-virtual-cell-atlas/scbasecount/2026-01-12/h5ad/GeneFull/Homo_sapiens/SRX17412832.h5ad,4817,10x_Genomics,3_prime_gex,single_cell,Homo sapiens,lung,UBERON:0002048,idiopathic pulmonary fibrosis (IPF),MONDO:0800504,,,no,f86d6317-7215-409e-bfda-3f4ded3dadaa,Human CellCards Multi-Study CellRef 1.0 Atlas,True,PRJNA563828
SRX17412786,24241844,gs://arc-institute-virtual-cell-atlas/scbasecount/2026-01-12/h5ad/GeneFull/Homo_sapiens/SRX17412786.h5ad,4052,10x_Genomics,3_prime_gex,single_cell,Homo sapiens,lung,UBERON:0002048,idiopathic pulmonary fibrosis (IPF),MONDO:0800504,none reported,not applicable,no,f86d6317-7215-409e-bfda-3f4ded3dadaa,Human CellCards Multi-Study CellRef 1.0 Atlas,True,PRJNA563828
SRX17412798,24241856,gs://arc-institute-virtual-cell-atlas/scbasecount/2026-01-12/h5ad/GeneFull/Homo_sapiens/SRX17412798.h5ad,4482,10x_Genomics,3_prime_gex,single_cell,Homo sapiens,lung,UBERON:0002048,"Idiopathic pulmonary fibrosis (IPF), chronic obstructive pulmonary disease (COPD), healthy control","MONDO:0800504,MONDO:0005002",none reported,none,no,f86d6317-7215-409e-bfda-3f4ded3dadaa,Human CellCards Multi-Study CellRef 1.0 Atlas,True,PRJNA563828
SRX17412784,24241842,gs://arc-institute-virtual-cell-atlas/scbasecount/2026-01-12/h5ad/GeneFull/Homo_sapiens/SRX17412784.h5ad,2831,10x_Genomics,3_prime_gex,single_cell,Homo sapiens,lung,UBERON:0002048,control (no disease),,none reported,none,no,f86d6317-7215-409e-bfda-3f4ded3dadaa,Human CellCards Multi-Study CellRef 1.0 Atlas,True,PRJNA563828
SRX17412835,24241893,gs://arc-institute-virtual-cell-atlas/scbasecount/2026-01-12/h5ad/GeneFull/Homo_sapiens/SRX17412835.h5ad,9761,10x_Genomics,3_prime_gex,single_cell,Homo sapiens,lung,UBERON:0002048,idiopathic pulmonary fibrosis (IPF),MONDO:0800504,none reported,none,no,f86d6317-7215-409e-bfda-3f4ded3dadaa,Human CellCards Multi-Study CellRef 1.0 Atlas,True,PRJNA563828
SRX17412812,24241870,gs://arc-institute-virtual-cell-atlas/scbasecount/2026-01-12/h5ad/GeneFull/Homo_sapiens/SRX17412812.h5ad,3340,10x_Genomics,3_prime_gex,single_cell,Homo sapiens,lung,UBERON:0002048,COPD,MONDO:0005002,none reported,none,no,f86d6317-7215-409e-bfda-3f4ded3dadaa,Human CellCards Multi-Study CellRef 1.0 Atlas,True,PRJNA563828
SRX17412828,24241886,gs://arc-institute-virtual-cell-atlas/scbasecount/2026-01-12/h5ad/GeneFull/Homo_sapiens/SRX17412828.h5ad,5783,10x_Genomics,3_prime_gex,single_cell,Homo sapiens,lung,UBERON:0002048,idiopathic pulmonary fibrosis (IPF),MONDO:0800504,unsure,none,no,f86d6317-7215-409e-bfda-3f4ded3dadaa,Human CellCards Multi-Study CellRef 1.0 Atlas,True,PRJNA563828
SRX17412817,24241875,gs://arc-institute-virtual-cell-atlas/scbasecount/2026-01-12/h5ad/GeneFull/Homo_sapiens/SRX17412817.h5ad,3749,10x_Genomics,3_prime_gex,single_cell,Homo sapiens,lung,UBERON:0002048,COPD,MONDO:0005002,none reported,none,no,f86d6317-7215-409e-bfda-3f4ded3dadaa,Human CellCards Multi-Study CellRef 1.0 Atlas,True,PRJNA563828
SRX17412843,24241901,gs://arc-institute-virtual-cell-atlas/scbasecount/2026-01-12/h5ad/GeneFull/Homo_sapiens/SRX17412843.h5ad,5579,10x_Genomics,3_prime_gex,single_cell,Homo sapiens,lung,UBERON:0002048,idiopathic pulmonary fibrosis (IPF),MONDO:0800504,,,no,f86d6317-7215-409e-bfda-3f4ded3dadaa,Human CellCards Multi-Study CellRef 1.0 Atlas,True,PRJNA563828
SRX17412778,24241836,gs://arc-institute-virtual-cell-atlas/scbasecount/2026-01-12/h5ad/GeneFull/Homo_sapiens/SRX17412778.h5ad,4912,10x_Genomics,3_prime_gex,single_cell,Homo sapiens,lung,UBERON:0002048,"idiopathic pulmonary fibrosis (IPF), chronic obstructive pulmonary disease (COPD), control",MONDO:0800504,none reported,none,no,,,True,PRJNA563828
SRX17412820,24241878,gs://arc-institute-virtual-cell-atlas/scbasecount/2026-01-12/h5ad/GeneFull/Homo_sapiens/SRX17412820.h5ad,3836,10x_Genomics,3_prime_gex,single_cell,Homo sapiens,lung,UBERON:0002048,chronic obstructive pulmonary disease (COPD),MONDO:0005002,none reported,not_applicable,no,f86d6317-7215-409e-bfda-3f4ded3dadaa,Human CellCards Multi-Study CellRef 1.0 Atlas,True,PRJNA563828
SRX17412851,24241909,gs://arc-institute-virtual-cell-atlas/scbasecount/2026-01-12/h5ad/GeneFull/Homo_sapiens/SRX17412851.h5ad,4936,10x_Genomics,3_prime_gex,single_cell,Homo sapiens,lung,UBERON:0002048,idiopathic pulmonary fibrosis (IPF),MONDO:0800504,none reported,none,no,f86d6317-7215-409e-bfda-3f4ded3dadaa,Human CellCards Multi-Study CellRef 1.0 Atlas,True,PRJNA563828
SRX17412823,24241881,gs://arc-institute-virtual-cell-atlas/scbasecount/2026-01-12/h5ad/GeneFull/Homo_sapiens/SRX17412823.h5ad,3908,10x_Genomics,3_prime_gex,single_cell,Homo sapiens,lung,UBERON:0002048,idiopathic pulmonary fibrosis (IPF),MONDO:0800504,unsure,not_applicable,no,f86d6317-7215-409e-bfda-3f4ded3dadaa,Human CellCards Multi-Study CellRef 1.0 Atlas,True,PRJNA563828
SRX17412795,24241853,gs://arc-institute-virtual-cell-atlas/scbasecount/2026-01-12/h5ad/GeneFull/Homo_sapiens/SRX17412795.h5ad,2651,10x_Genomics,3_prime_gex,single_cell,Homo sapiens,lung,UBERON:0002048,"Idiopathic pulmonary fibrosis (IPF), chronic obstructive pulmonary disease (COPD), control","MONDO:0800504,MONDO:0005002",none reported,none reported,no,f86d6317-7215-409e-bfda-3f4ded3dadaa,Human CellCards Multi-Study CellRef 1.0 Atlas,True,PRJNA563828
SRX17412797,24241855,gs://arc-institute-virtual-cell-atlas/scbasecount/2026-01-12/h5ad/GeneFull/Homo_sapiens/SRX17412797.h5ad,982,10x_Genomics,3_prime_gex,single_cell,Homo sapiens,lung,UBERON:0002048,none (control),,none specified,none,no,f86d6317-7215-409e-bfda-3f4ded3dadaa,Human CellCards Multi-Study CellRef 1.0 Atlas,True,PRJNA563828
SRX17412802,24241860,gs://arc-institute-virtual-cell-atlas/scbasecount/2026-01-12/h5ad/GeneFull/Homo_sapiens/SRX17412802.h5ad,1251,10x_Genomics,3_prime_gex,single_cell,Homo sapiens,lung,UBERON:0002048,idiopathic pulmonary fibrosis (IPF),MONDO:0800504,none specified,none,no,f86d6317-7215-409e-bfda-3f4ded3dadaa,Human CellCards Multi-Study CellRef 1.0 Atlas,True,PRJNA563828
SRX17412792,24241850,gs://arc-institute-virtual-cell-atlas/scbasecount/2026-01-12/h5ad/GeneFull/Homo_sapiens/SRX17412792.h5ad,2050,10x_Genomics,3_prime_gex,single_cell,Homo sapiens,lung,UBERON:0002048,idiopathic pulmonary fibrosis (IPF),MONDO:0800504,none reported,none,no,f86d6317-7215-409e-bfda-3f4ded3dadaa,Human CellCards Multi-Study CellRef 1.0 Atlas,True,PRJNA563828
SRX17412841,24241899,gs://arc-institute-virtual-cell-atlas/scbasecount/2026-01-12/h5ad/GeneFull/Homo_sapiens/SRX17412841.h5ad,5506,10x_Genomics,3_prime_gex,single_cell,Homo sapiens,lung (whole lung dissociate),UBERON:0002048,Idiopathic Pulmonary Fibrosis (IPF),MONDO:0800504,none specified,not applicable,no,f86d6317-7215-409e-bfda-3f4ded3dadaa,Human CellCards Multi-Study CellRef 1.0 Atlas,True,PRJNA563828
SRX17412808,24241866,gs://arc-institute-virtual-cell-atlas/scbasecount/2026-01-12/h5ad/GeneFull/Homo_sapiens/SRX17412808.h5ad,7009,10x_Genomics,3_prime_gex,single_cell,Homo sapiens,lung,UBERON:0002048,COPD,MONDO:0005002,,,no,f86d6317-7215-409e-bfda-3f4ded3dadaa,Human CellCards Multi-Study CellRef 1.0 Atlas,True,PRJNA563828
SRX17412810,24241868,gs://arc-institute-virtual-cell-atlas/scbasecount/2026-01-12/h5ad/GeneFull/Homo_sapiens/SRX17412810.h5ad,7646,10x_Genomics,3_prime_gex,single_cell,Homo sapiens,lung,UBERON:0002048,"Idiopathic pulmonary fibrosis (IPF), chronic obstructive pulmonary disease (COPD), healthy control","MONDO:0800504,MONDO:0005002",none reported,none,no,f86d6317-7215-409e-bfda-3f4ded3dadaa,Human CellCards Multi-Study CellRef 1.0 Atlas,True,PRJNA563828
SRX17412849,24241907,gs://arc-institute-virtual-cell-atlas/scbasecount/2026-01-12/h5ad/GeneFull/Homo_sapiens/SRX17412849.h5ad,1466,10x_Genomics,3_prime_gex,single_cell,Homo sapiens,lung,UBERON:0002048,idiopathic pulmonary fibrosis (IPF),MONDO:0800504,none reported,not_applicable,no,f86d6317-7215-409e-bfda-3f4ded3dadaa,Human CellCards Multi-Study CellRef 1.0 Atlas,True,PRJNA563828
SRX17412796,24241854,gs://arc-institute-virtual-cell-atlas/scbasecount/2026-01-12/h5ad/GeneFull/Homo_sapiens/SRX17412796.h5ad,2314,10x_Genomics,3_prime_gex,single_cell,Homo sapiens,lung,UBERON:0002048,none (healthy control),,none reported,none,no,f86d6317-7215-409e-bfda-3f4ded3dadaa,Human CellCards Multi-Study CellRef 1.0 Atlas,True,PRJNA563828
SRX17412825,24241883,gs://arc-institute-virtual-cell-atlas/scbasecount/2026-01-12/h5ad/GeneFull/Homo_sapiens/SRX17412825.h5ad,4333,10x_Genomics,3_prime_gex,single_cell,Homo sapiens,lung,UBERON:0002048,Idiopathic Pulmonary Fibrosis (IPF),MONDO:0800504,none reported,none reported,no,f86d6317-7215-409e-bfda-3f4ded3dadaa,Human CellCards Multi-Study CellRef 1.0 Atlas,True,PRJNA563828
SRX17412816,24241874,gs://arc-institute-virtual-cell-atlas/scbasecount/2026-01-12/h5ad/GeneFull/Homo_sapiens/SRX17412816.h5ad,4923,10x_Genomics,3_prime_gex,single_cell,Homo sapiens,lung,UBERON:0002048,COPD,MONDO:0005002,none indicated,none,no,f86d6317-7215-409e-bfda-3f4ded3dadaa,Human CellCards Multi-Study CellRef 1.0 Atlas,True,PRJNA563828
SRX17412839,24241897,gs://arc-institute-virtual-cell-atlas/scbasecount/2026-01-12/h5ad/GeneFull/Homo_sapiens/SRX17412839.h5ad,8186,10x_Genomics,3_prime_gex,single_cell,Homo sapiens,lung,UBERON:0002048,Idiopathic Pulmonary Fibrosis (IPF),MONDO:0800504,,,no,,,True,PRJNA563828
SRX17412800,24241858,gs://arc-institute-virtual-cell-atlas/scbasecount/2026-01-12/h5ad/GeneFull/Homo_sapiens/SRX17412800.h5ad,1130,10x_Genomics,3_prime_gex,single_cell,Homo sapiens,lung,UBERON:0002048,"control (study includes IPF, COPD, and control)",,none reported,none,no,f86d6317-7215-409e-bfda-3f4ded3dadaa,Human CellCards Multi-Study CellRef 1.0 Atlas,True,PRJNA563828
SRX17412847,24241905,gs://arc-institute-virtual-cell-atlas/scbasecount/2026-01-12/h5ad/GeneFull/Homo_sapiens/SRX17412847.h5ad,5379,10x_Genomics,3_prime_gex,single_cell,Homo sapiens,lung,UBERON:0002048,idiopathic pulmonary fibrosis (IPF),MONDO:0800504,none specified,none,no,f86d6317-7215-409e-bfda-3f4ded3dadaa,Human CellCards Multi-Study CellRef 1.0 Atlas,True,PRJNA563828
SRX17412781,24241839,gs://arc-institute-virtual-cell-atlas/scbasecount/2026-01-12/h5ad/GeneFull/Homo_sapiens/SRX17412781.h5ad,11260,10x_Genomics,3_prime_gex,single_cell,Homo sapiens,lung,UBERON:0002048,control (no disease); part of IPF/COPD/control lung cell atlas study,,none reported,none,no,f86d6317-7215-409e-bfda-3f4ded3dadaa,Human CellCards Multi-Study CellRef 1.0 Atlas,True,PRJNA563828
SRX17412836,24241894,gs://arc-institute-virtual-cell-atlas/scbasecount/2026-01-12/h5ad/GeneFull/Homo_sapiens/SRX17412836.h5ad,13255,10x_Genomics,3_prime_gex,single_cell,Homo sapiens,lung,UBERON:0002048,idiopathic pulmonary fibrosis (IPF),MONDO:0800504,none reported,none,no,f86d6317-7215-409e-bfda-3f4ded3dadaa,Human CellCards Multi-Study CellRef 1.0 Atlas,True,PRJNA563828
SRX17412845,24241903,gs://arc-institute-virtual-cell-atlas/scbasecount/2026-01-12/h5ad/GeneFull/Homo_sapiens/SRX17412845.h5ad,5956,10x_Genomics,3_prime_gex,single_cell,Homo sapiens,lung,UBERON:0002048,Idiopathic pulmonary fibrosis (IPF),MONDO:0800504,none reported,none,no,f86d6317-7215-409e-bfda-3f4ded3dadaa,Human CellCards Multi-Study CellRef 1.0 Atlas,True,PRJNA563828
SRX17412789,24241847,gs://arc-institute-virtual-cell-atlas/scbasecount/2026-01-12/h5ad/GeneFull/Homo_sapiens/SRX17412789.h5ad,5965,10x_Genomics,3_prime_gex,single_cell,Homo sapiens,lung,UBERON:0002048,healthy (control),,none reported,not applicable,no,f86d6317-7215-409e-bfda-3f4ded3dadaa,Human CellCards Multi-Study CellRef 1.0 Atlas,True,PRJNA563828
SRX23724111,32011755,gs://arc-institute-virtual-cell-atlas/scbasecount/2026-01-12/h5ad/GeneFull/Homo_sapiens/SRX23724111.h5ad,6416,10x_Genomics,3_prime_gex,single_cell,Homo sapiens,lung (ex vivo cultured human lung slices),UBERON:0002048,SARS-CoV-2 infection (ex vivo infection model),MONDO:0100096,infection with SARS-CoV-2,not_applicable,no,2a9a17c9-1f61-4877-b384-b8cd5ffa4085,A molecular cell atlas of COVID-19 initiation in human lung,True,PRJNA847631
SRX23724106,32011750,gs://arc-institute-virtual-cell-atlas/scbasecount/2026-01-12/h5ad/GeneFull/Homo_sapiens/SRX23724106.h5ad,10544,10x_Genomics,3_prime_gex,single_cell,Homo sapiens,lung,UBERON:0002048,"COVID-19, SARS-CoV-2 infection",MONDO:0100096,remdesivir treatment,none,no,2a9a17c9-1f61-4877-b384-b8cd5ffa4085,A molecular cell atlas of COVID-19 initiation in human lung,True,PRJNA847631
SRX23724118,32011762,gs://arc-institute-virtual-cell-atlas/scbasecount/2026-01-12/h5ad/GeneFull/Homo_sapiens/SRX23724118.h5ad,7704,10x_Genomics,3_prime_gex,single_cell,Homo sapiens,lung,UBERON:0002048,unsure,,"SA virus infection, remdesivir treatment",none,no,2a9a17c9-1f61-4877-b384-b8cd5ffa4085,A molecular cell atlas of COVID-19 initiation in human lung,True,PRJNA847631
SRX23724132,32011776,gs://arc-institute-virtual-cell-atlas/scbasecount/2026-01-12/h5ad/GeneFull/Homo_sapiens/SRX23724132.h5ad,12108,10x_Genomics,3_prime_gex,single_cell,Homo sapiens,lung (ex vivo lung tissue slices),UBERON:0002048,none (uninfected control),,DMSO (mock),none (primary ex vivo lung slice),no,2a9a17c9-1f61-4877-b384-b8cd5ffa4085,A molecular cell atlas of COVID-19 initiation in human lung,True,PRJNA847631
SRX23802730,32100214,gs://arc-institute-virtual-cell-atlas/scbasecount/2026-01-12/h5ad/GeneFull/Homo_sapiens/SRX23802730.h5ad,12563,10x_Genomics,3_prime_gex,single_cell,Homo sapiens,lung,UBERON:0002048,none,,mock cultured 72h,none,no,2a9a17c9-1f61-4877-b384-b8cd5ffa4085,A molecular cell atlas of COVID-19 initiation in human lung,True,PRJNA847631
SRX23724104,32011748,gs://arc-institute-virtual-cell-atlas/scbasecount/2026-01-12/h5ad/GeneFull/Homo_sapiens/SRX23724104.h5ad,9667,10x_Genomics,3_prime_gex,single_cell,Homo sapiens,lung slices,UBERON:0002048,SARS-CoV-2 infection (COVID-19),MONDO:0100096,"DMSO treatment, SARS-CoV-2 infection, 72h ex vivo culture",none,no,2a9a17c9-1f61-4877-b384-b8cd5ffa4085,A molecular cell atlas of COVID-19 initiation in human lung,True,PRJNA847631
SRX23724105,32011749,gs://arc-institute-virtual-cell-atlas/scbasecount/2026-01-12/h5ad/GeneFull/Homo_sapiens/SRX23724105.h5ad,10380,10x_Genomics,3_prime_gex,single_cell,Homo sapiens,lung (ex vivo cultured human lung slices),UBERON:0002048,SARS-CoV-2 infection (COVID-19),MONDO:0100096,ex vivo infection with SARS-CoV-2,none,no,2a9a17c9-1f61-4877-b384-b8cd5ffa4085,A molecular cell atlas of COVID-19 initiation in human lung,True,PRJNA847631
SRX23724133,32011777,gs://arc-institute-virtual-cell-atlas/scbasecount/2026-01-12/h5ad/GeneFull/Homo_sapiens/SRX23724133.h5ad,9404,10x_Genomics,3_prime_gex,single_cell,Homo sapiens,lung,UBERON:0002048,none (not infected),,remdesivir (RDV),not_applicable,no,2a9a17c9-1f61-4877-b384-b8cd5ffa4085,A molecular cell atlas of COVID-19 initiation in human lung,True,PRJNA847631
SRX23724085,32011729,gs://arc-institute-virtual-cell-atlas/scbasecount/2026-01-12/h5ad/GeneFull/Homo_sapiens/SRX23724085.h5ad,4982,10x_Genomics,3_prime_gex,single_cell,Homo sapiens,lung,UBERON:0002048,SARS-CoV-2 infection,MONDO:0100096,UV treatment,none,no,2a9a17c9-1f61-4877-b384-b8cd5ffa4085,A molecular cell atlas of COVID-19 initiation in human lung,True,PRJNA847631
SRX23724116,32011760,gs://arc-institute-virtual-cell-atlas/scbasecount/2026-01-12/h5ad/GeneFull/Homo_sapiens/SRX23724116.h5ad,5326,10x_Genomics,3_prime_gex,single_cell,Homo sapiens,lung (ex vivo lung tissue slices),UBERON:0002048,none (not a disease cohort; ex vivo infection model),,"SARS-CoV-2 infection, mock control",DNW099,no,2a9a17c9-1f61-4877-b384-b8cd5ffa4085,A molecular cell atlas of COVID-19 initiation in human lung,True,PRJNA847631
SRX23724073,32011717,gs://arc-institute-virtual-cell-atlas/scbasecount/2026-01-12/h5ad/GeneFull/Homo_sapiens/SRX23724073.h5ad,24163,10x_Genomics,3_prime_gex,single_cell,Homo sapiens,lung slice,UBERON:0002048,SARS-CoV-2 infection,MONDO:0100096,"SARS-CoV-2 infection, cultured 0 h",,no,2a9a17c9-1f61-4877-b384-b8cd5ffa4085,A molecular cell atlas of COVID-19 initiation in human lung,True,PRJNA847631
SRX23802735,32100219,gs://arc-institute-virtual-cell-atlas/scbasecount/2026-01-12/h5ad/GeneFull/Homo_sapiens/SRX23802735.h5ad,23056,10x_Genomics,3_prime_gex,single_cell,Homo sapiens,lung (ex vivo cultured human lung slices),UBERON:0002048,SARS-CoV-2 infection (COVID-19),MONDO:0100096,infection with SARS-CoV-2 (WA1 strain),none,no,2a9a17c9-1f61-4877-b384-b8cd5ffa4085,A molecular cell atlas of COVID-19 initiation in human lung,True,PRJNA847631
SRX17412780,24241838,gs://arc-institute-virtual-cell-atlas/scbasecount/2026-01-12/h5ad/GeneFull/Homo_sapiens/SRX17412780.h5ad,5282,10x_Genomics,3_prime_gex,single_cell,Homo sapiens,lung,UBERON:0002048,"none (control, non-IPF, non-COPD)",,none reported,not applicable,no,f86d6317-7215-409e-bfda-3f4ded3dadaa,Human CellCards Multi-Study CellRef 1.0 Atlas,True,PRJNA563828
SRX8008855,10445514,gs://arc-institute-virtual-cell-atlas/scbasecount/2026-01-12/h5ad/GeneFull/Homo_sapiens/SRX8008855.h5ad,9939,10x_Genomics,5_prime_gex,single_cell,Homo sapiens,lung,UBERON:0002048,no record of lung disease or smoking in donors,,not specified,not specified,no,,,True,PRJNA613670
SRX8008854,10445513,gs://arc-institute-virtual-cell-atlas/scbasecount/2026-01-12/h5ad/GeneFull/Homo_sapiens/SRX8008854.h5ad,2582,10x_Genomics,5_prime_gex,single_cell,Homo sapiens,lung,UBERON:0002048,none,,not specified,CD45- single cells from healthy lung biopsies of 5 deceased patients from NDRI,no,,,True,PRJNA613670
SRX17412783,24241841,gs://arc-institute-virtual-cell-atlas/scbasecount/2026-01-12/h5ad/GeneFull/Homo_sapiens/SRX17412783.h5ad,10789,10x_Genomics,3_prime_gex,single_cell,Homo sapiens,lung,UBERON:0002048,none (control),,none,none,no,f86d6317-7215-409e-bfda-3f4ded3dadaa,Human CellCards Multi-Study CellRef 1.0 Atlas,True,PRJNA563828
SRX11185436,14909386,gs://arc-institute-virtual-cell-atlas/scbasecount/2026-01-12/h5ad/GeneFull/Homo_sapiens/SRX11185436.h5ad,14293,10x_Genomics,3_prime_gex,single_cell,Homo sapiens,lung (organoid-derived),UBERON:0002048,none/normal,,EGF depletion,none,no,f86d6317-7215-409e-bfda-3f4ded3dadaa,Human CellCards Multi-Study CellRef 1.0 Atlas,True,PRJNA739470
SRX11185438,14909388,gs://arc-institute-virtual-cell-atlas/scbasecount/2026-01-12/h5ad/GeneFull/Homo_sapiens/SRX11185438.h5ad,15957,10x_Genomics,3_prime_gex,single_cell,Homo sapiens,distal lung organoid,UBERON:0002299,none,,none,lung organoid,no,f86d6317-7215-409e-bfda-3f4ded3dadaa,Human CellCards Multi-Study CellRef 1.0 Atlas,True,PRJNA739470
SRX12509392,16958931,gs://arc-institute-virtual-cell-atlas/scbasecount/2026-01-12/h5ad/GeneFull/Homo_sapiens/SRX12509392.h5ad,10339,10x_Genomics,other,single_cell,Homo sapiens,Cultured human pulmonary arterial endothelial cells,UBERON:0005317,Healthy,,None provided,Not applicable,no,,,True,PRJNA769143
SRX12509394,16958933,gs://arc-institute-virtual-cell-atlas/scbasecount/2026-01-12/h5ad/GeneFull/Homo_sapiens/SRX12509394.h5ad,15665,10x_Genomics,other,single_cell,Homo sapiens,pulmonary arterial endothelial cells,UBERON:0005317,healthy and pulmonary arterial hypertension,,none,none,no,,,True,PRJNA769143
ERX4409915,15411087,gs://arc-institute-virtual-cell-atlas/scbasecount/2026-01-12/h5ad/GeneFull/Homo_sapiens/ERX4409915.h5ad,2444,10x_Genomics,other,single_cell,Homo sapiens,lung,UBERON:0002048,lung adenocarcinoma,MONDO:0005061,osimertinib (300 mg for 72 hours),PC-9,no,,,True,PRJEB39956
SRX10327368,13454944,gs://arc-institute-virtual-cell-atlas/scbasecount/2026-01-12/h5ad/GeneFull/Homo_sapiens/SRX10327368.h5ad,3117,10x_Genomics,3_prime_gex,single_cell,Homo sapiens,airway epithelial basal cells (lung),UBERON:0002031,Measles virus infection,MONDO:0004619,"Measles virus exposure, GFP- cell sorting, day 7 post-infection",primary human basal cells,no,,,True,PRJNA713903
SRX12509396,16958935,gs://arc-institute-virtual-cell-atlas/scbasecount/2026-01-12/h5ad/GeneFull/Homo_sapiens/SRX12509396.h5ad,13533,10x_Genomics,other,single_cell,Homo sapiens,Human pulmonary arterial endothelial cells,UBERON:0005317,Pulmonary arterial hypertension,MONDO:0015924,none,none,no,,,True,PRJNA769143
SRX13441699,18597736,gs://arc-institute-virtual-cell-atlas/scbasecount/2026-01-12/h5ad/GeneFull/Homo_sapiens/SRX13441699.h5ad,996,10x_Genomics,other,single_cell,Homo sapiens,airway mucosal scar,UBERON:0004785,idiopathic subglottic stenosis,MONDO:0958099,enzymatic dissociation process,not applicable,no,,,True,PRJNA789838
SRX17412822,24241880,gs://arc-institute-virtual-cell-atlas/scbasecount/2026-01-12/h5ad/GeneFull/Homo_sapiens/SRX17412822.h5ad,1150,10x_Genomics,3_prime_gex,single_cell,Homo sapiens,lung,UBERON:0002048,COPD,MONDO:0005002,none reported,none reported,no,f86d6317-7215-409e-bfda-3f4ded3dadaa,Human CellCards Multi-Study CellRef 1.0 Atlas,True,PRJNA563828
SRX17412848,24241906,gs://arc-institute-virtual-cell-atlas/scbasecount/2026-01-12/h5ad/GeneFull/Homo_sapiens/SRX17412848.h5ad,4625,10x_Genomics,3_prime_gex,single_cell,Homo sapiens,lung,UBERON:0002048,idiopathic pulmonary fibrosis (IPF),MONDO:0800504,none reported,not applicable,no,f86d6317-7215-409e-bfda-3f4ded3dadaa,Human CellCards Multi-Study CellRef 1.0 Atlas,True,PRJNA563828
SRX17412794,24241852,gs://arc-institute-virtual-cell-atlas/scbasecount/2026-01-12/h5ad/GeneFull/Homo_sapiens/SRX17412794.h5ad,5098,10x_Genomics,3_prime_gex,single_cell,Homo sapiens,lung,UBERON:0002048,none reported (control),,none reported,none,no,f86d6317-7215-409e-bfda-3f4ded3dadaa,Human CellCards Multi-Study CellRef 1.0 Atlas,True,PRJNA563828
SRX17412804,24241862,gs://arc-institute-virtual-cell-atlas/scbasecount/2026-01-12/h5ad/GeneFull/Homo_sapiens/SRX17412804.h5ad,1011,10x_Genomics,3_prime_gex,single_cell,Homo sapiens,lung,UBERON:0002048,healthy donor,,none,none,no,f86d6317-7215-409e-bfda-3f4ded3dadaa,Human CellCards Multi-Study CellRef 1.0 Atlas,True,PRJNA563828
SRX17412788,24241846,gs://arc-institute-virtual-cell-atlas/scbasecount/2026-01-12/h5ad/GeneFull/Homo_sapiens/SRX17412788.h5ad,11643,10x_Genomics,3_prime_gex,single_cell,Homo sapiens,lung,UBERON:0002048,none (healthy control),,none reported,none,no,f86d6317-7215-409e-bfda-3f4ded3dadaa,Human CellCards Multi-Study CellRef 1.0 Atlas,True,PRJNA563828
SRX17412813,24241871,gs://arc-institute-virtual-cell-atlas/scbasecount/2026-01-12/h5ad/GeneFull/Homo_sapiens/SRX17412813.h5ad,3393,10x_Genomics,3_prime_gex,single_cell,Homo sapiens,lung,UBERON:0002048,COPD (chronic obstructive pulmonary disease),MONDO:0005002,none reported,none,no,f86d6317-7215-409e-bfda-3f4ded3dadaa,Human CellCards Multi-Study CellRef 1.0 Atlas,True,PRJNA563828
SRX17412779,24241837,gs://arc-institute-virtual-cell-atlas/scbasecount/2026-01-12/h5ad/GeneFull/Homo_sapiens/SRX17412779.h5ad,947,10x_Genomics,3_prime_gex,single_cell,Homo sapiens,lung,UBERON:0002048,none (control),,none reported,none,no,f86d6317-7215-409e-bfda-3f4ded3dadaa,Human CellCards Multi-Study CellRef 1.0 Atlas,True,PRJNA563828
SRX17412827,24241885,gs://arc-institute-virtual-cell-atlas/scbasecount/2026-01-12/h5ad/GeneFull/Homo_sapiens/SRX17412827.h5ad,8008,10x_Genomics,3_prime_gex,single_cell,Homo sapiens,lung (whole lung dissociate),UBERON:0002048,Idiopathic Pulmonary Fibrosis (IPF),MONDO:0800504,none reported,not_applicable,no,f86d6317-7215-409e-bfda-3f4ded3dadaa,Human CellCards Multi-Study CellRef 1.0 Atlas,True,PRJNA563828
SRX17412833,24241891,gs://arc-institute-virtual-cell-atlas/scbasecount/2026-01-12/h5ad/GeneFull/Homo_sapiens/SRX17412833.h5ad,1244,10x_Genomics,3_prime_gex,single_cell,Homo sapiens,lung,UBERON:0002048,idiopathic pulmonary fibrosis (IPF),MONDO:0800504,,,no,f86d6317-7215-409e-bfda-3f4ded3dadaa,Human CellCards Multi-Study CellRef 1.0 Atlas,True,PRJNA563828
SRX17412785,24241843,gs://arc-institute-virtual-cell-atlas/scbasecount/2026-01-12/h5ad/GeneFull/Homo_sapiens/SRX17412785.h5ad,2961,10x_Genomics,3_prime_gex,single_cell,Homo sapiens,lung,UBERON:0002048,none (healthy control),,none reported,none,no,f86d6317-7215-409e-bfda-3f4ded3dadaa,Human CellCards Multi-Study CellRef 1.0 Atlas,True,PRJNA563828
SRX17412850,24241908,gs://arc-institute-virtual-cell-atlas/scbasecount/2026-01-12/h5ad/GeneFull/Homo_sapiens/SRX17412850.h5ad,5900,10x_Genomics,3_prime_gex,single_cell,Homo sapiens,lung,UBERON:0002048,idiopathic pulmonary fibrosis (IPF),MONDO:0800504,none reported,not applicable,no,f86d6317-7215-409e-bfda-3f4ded3dadaa,Human CellCards Multi-Study CellRef 1.0 Atlas,True,PRJNA563828
SRX17412803,24241861,gs://arc-institute-virtual-cell-atlas/scbasecount/2026-01-12/h5ad/GeneFull/Homo_sapiens/SRX17412803.h5ad,1276,10x_Genomics,3_prime_gex,single_cell,Homo sapiens,lung (whole lung dissociates),UBERON:0002048,control (healthy),,none reported,not applicable,no,f86d6317-7215-409e-bfda-3f4ded3dadaa,Human CellCards Multi-Study CellRef 1.0 Atlas,True,PRJNA563828
SRX17412809,24241867,gs://arc-institute-virtual-cell-atlas/scbasecount/2026-01-12/h5ad/GeneFull/Homo_sapiens/SRX17412809.h5ad,4663,10x_Genomics,3_prime_gex,single_cell,Homo sapiens,lung,UBERON:0002048,COPD,MONDO:0005002,,,no,f86d6317-7215-409e-bfda-3f4ded3dadaa,Human CellCards Multi-Study CellRef 1.0 Atlas,True,PRJNA563828
SRX17412806,24241864,gs://arc-institute-virtual-cell-atlas/scbasecount/2026-01-12/h5ad/GeneFull/Homo_sapiens/SRX17412806.h5ad,3974,10x_Genomics,3_prime_gex,single_cell,Homo sapiens,lung,UBERON:0002048,COPD,MONDO:0005002,,,no,f86d6317-7215-409e-bfda-3f4ded3dadaa,Human CellCards Multi-Study CellRef 1.0 Atlas,True,PRJNA563828
SRX17412821,24241879,gs://arc-institute-virtual-cell-atlas/scbasecount/2026-01-12/h5ad/GeneFull/Homo_sapiens/SRX17412821.h5ad,5103,10x_Genomics,3_prime_gex,single_cell,Homo sapiens,lung,UBERON:0002048,COPD,MONDO:0005002,none reported,none,no,f86d6317-7215-409e-bfda-3f4ded3dadaa,Human CellCards Multi-Study CellRef 1.0 Atlas,True,PRJNA563828
SRX17412834,24241892,gs://arc-institute-virtual-cell-atlas/scbasecount/2026-01-12/h5ad/GeneFull/Homo_sapiens/SRX17412834.h5ad,6106,10x_Genomics,3_prime_gex,single_cell,Homo sapiens,lung,UBERON:0002048,idiopathic pulmonary fibrosis (IPF),MONDO:0800504,none reported,none,no,f86d6317-7215-409e-bfda-3f4ded3dadaa,Human CellCards Multi-Study CellRef 1.0 Atlas,True,PRJNA563828
SRX17412840,24241898,gs://arc-institute-virtual-cell-atlas/scbasecount/2026-01-12/h5ad/GeneFull/Homo_sapiens/SRX17412840.h5ad,3980,10x_Genomics,3_prime_gex,single_cell,Homo sapiens,lung,UBERON:0002048,idiopathic pulmonary fibrosis (IPF),MONDO:0800504,none reported,none,no,f86d6317-7215-409e-bfda-3f4ded3dadaa,Human CellCards Multi-Study CellRef 1.0 Atlas,True,PRJNA563828
SRX17412815,24241873,gs://arc-institute-virtual-cell-atlas/scbasecount/2026-01-12/h5ad/GeneFull/Homo_sapiens/SRX17412815.h5ad,2251,10x_Genomics,3_prime_gex,single_cell,Homo sapiens,lung,UBERON:0002048,COPD,MONDO:0005002,none reported,not_applicable,no,f86d6317-7215-409e-bfda-3f4ded3dadaa,Human CellCards Multi-Study CellRef 1.0 Atlas,True,PRJNA563828
SRX17412853,24241911,gs://arc-institute-virtual-cell-atlas/scbasecount/2026-01-12/h5ad/GeneFull/Homo_sapiens/SRX17412853.h5ad,7203,10x_Genomics,3_prime_gex,single_cell,Homo sapiens,lung,UBERON:0002048,idiopathic pulmonary fibrosis (IPF),MONDO:0800504,none reported,none,no,f86d6317-7215-409e-bfda-3f4ded3dadaa,Human CellCards Multi-Study CellRef 1.0 Atlas,True,PRJNA563828
SRX17412818,24241876,gs://arc-institute-virtual-cell-atlas/scbasecount/2026-01-12/h5ad/GeneFull/Homo_sapiens/SRX17412818.h5ad,2375,10x_Genomics,3_prime_gex,single_cell,Homo sapiens,lung,UBERON:0002048,COPD,MONDO:0005002,none reported,none reported,no,f86d6317-7215-409e-bfda-3f4ded3dadaa,Human CellCards Multi-Study CellRef 1.0 Atlas,True,PRJNA563828
SRX17412837,24241895,gs://arc-institute-virtual-cell-atlas/scbasecount/2026-01-12/h5ad/GeneFull/Homo_sapiens/SRX17412837.h5ad,3629,10x_Genomics,3_prime_gex,single_cell,Homo sapiens,lung,UBERON:0002048,Idiopathic Pulmonary Fibrosis (IPF),MONDO:0800504,none reported,none reported,no,f86d6317-7215-409e-bfda-3f4ded3dadaa,Human CellCards Multi-Study CellRef 1.0 Atlas,True,PRJNA563828
SRX17412846,24241904,gs://arc-institute-virtual-cell-atlas/scbasecount/2026-01-12/h5ad/GeneFull/Homo_sapiens/SRX17412846.h5ad,3133,10x_Genomics,3_prime_gex,single_cell,Homo sapiens,lung,UBERON:0002048,Idiopathic Pulmonary Fibrosis (IPF),MONDO:0800504,none reported,none,no,f86d6317-7215-409e-bfda-3f4ded3dadaa,Human CellCards Multi-Study CellRef 1.0 Atlas,True,PRJNA563828
SRX17412829,24241887,gs://arc-institute-virtual-cell-atlas/scbasecount/2026-01-12/h5ad/GeneFull/Homo_sapiens/SRX17412829.h5ad,6492,10x_Genomics,3_prime_gex,single_cell,Homo sapiens,lung,UBERON:0002048,Idiopathic Pulmonary Fibrosis (IPF),MONDO:0800504,none reported,none,no,f86d6317-7215-409e-bfda-3f4ded3dadaa,Human CellCards Multi-Study CellRef 1.0 Atlas,True,PRJNA563828
SRX17412824,24241882,gs://arc-institute-virtual-cell-atlas/scbasecount/2026-01-12/h5ad/GeneFull/Homo_sapiens/SRX17412824.h5ad,7242,10x_Genomics,3_prime_gex,single_cell,Homo sapiens,lung (whole lung dissociate),UBERON:0002048,idiopathic pulmonary fibrosis (IPF),MONDO:0800504,none reported,none,no,f86d6317-7215-409e-bfda-3f4ded3dadaa,Human CellCards Multi-Study CellRef 1.0 Atlas,True,PRJNA563828
SRX17412854,24241912,gs://arc-institute-virtual-cell-atlas/scbasecount/2026-01-12/h5ad/GeneFull/Homo_sapiens/SRX17412854.h5ad,8681,10x_Genomics,3_prime_gex,single_cell,Homo sapiens,lung,UBERON:0002048,idiopathic pulmonary fibrosis (IPF),MONDO:0800504,none reported,none,no,f86d6317-7215-409e-bfda-3f4ded3dadaa,Human CellCards Multi-Study CellRef 1.0 Atlas,True,PRJNA563828
SRX10327363,13454939,gs://arc-institute-virtual-cell-atlas/scbasecount/2026-01-12/h5ad/GeneFull/Homo_sapiens/SRX10327363.h5ad,2475,10x_Genomics,3_prime_gex,single_cell,Homo sapiens,primary human airway epithelial cells (lung),UBERON:0002031,none (mock control),,"mock exposure (control), 3 days post-exposure",primary basal cells from human airway epithelia,no,,,True,PRJNA713903
SRX19234378,26438650,gs://arc-institute-virtual-cell-atlas/scbasecount/2026-01-12/h5ad/GeneFull/Homo_sapiens/SRX19234378.h5ad,12041,10x_Genomics,other,single_cell,Homo sapiens,Metastatic breast cancer (pleural effusion),UBERON:0000175,Estrogen Receptor-positive metastatic breast cancer,MONDO:0007254,10 nM E2 treatment for 2h,MCF7 and MCF7 TDP2KO,no,,,True,PRJNA815369
SRX19234377,26438649,gs://arc-institute-virtual-cell-atlas/scbasecount/2026-01-12/h5ad/GeneFull/Homo_sapiens/SRX19234377.h5ad,9649,10x_Genomics,other,single_cell,Homo sapiens,Metastatic breast cancer (pleural effusion),UBERON:0000175,Estrogen Receptor-positive metastatic breast cancer,MONDO:0007254,TDP2 gene knockout by CRISPR/CAS9,MCF7,no,,,True,PRJNA815369
SRX19234380,26438652,gs://arc-institute-virtual-cell-atlas/scbasecount/2026-01-12/h5ad/GeneFull/Homo_sapiens/SRX19234380.h5ad,13392,10x_Genomics,other,single_cell,Homo sapiens,Metastatic breast cancer (pleural effusion),UBERON:0000175,Estrogen Receptor-positive metastatic breast cancer,MONDO:0007254,10 nM E2 treatment for 2h; TDP2 gene knockout (TDP2KO) via CRISPR/CAS9,MCF7 and TDP2KO variant,no,,,True,PRJNA815369
SRX19704118,27011671,gs://arc-institute-virtual-cell-atlas/scbasecount/2026-01-12/h5ad/GeneFull/Homo_sapiens/SRX19704118.h5ad,6873,10x_Genomics,other,single_cell,Homo sapiens,lung,UBERON:0002048,CTD-ILD (Interstitial Lung Disease),MONDO:0015925,Tissue digested using collagenase I/dispase II or Miltenyi Multi-Tissue Dissociation Kit. Cell so...,not specified; primary human lung tissue samples,no,,,True,PRJNA945854
SRX19910910,27285183,gs://arc-institute-virtual-cell-atlas/scbasecount/2026-01-12/h5ad/GeneFull/Homo_sapiens/SRX19910910.h5ad,5288,10x_Genomics,other,single_nucleus,Homo sapiens,lung adjacent normal,,Stage I lung cancer,MONDO:0008903,Snap frozen specimens,unsure,no,,,True,PRJNA953640
SRX19910914,27285187,gs://arc-institute-virtual-cell-atlas/scbasecount/2026-01-12/h5ad/GeneFull/Homo_sapiens/SRX19910914.h5ad,7911,10x_Genomics,not_applicable,single_nucleus,Homo sapiens,lung adjacent normal,UBERON:0002048,"Stage I lung cancer, recurrence, systemic progression",MONDO:0008903,Snap frozen specimens,unsure,no,,,True,PRJNA953640
SRX19234376,26438648,gs://arc-institute-virtual-cell-atlas/scbasecount/2026-01-12/h5ad/GeneFull/Homo_sapiens/SRX19234376.h5ad,2523,10x_Genomics,other,single_cell,Homo sapiens,Metastatic breast cancer (pleural effusion),UBERON:0000175,unsure,,10 nM E2 treatment for 2h,MCF7,no,,,True,PRJNA815369
SRX19704117,27011670,gs://arc-institute-virtual-cell-atlas/scbasecount/2026-01-12/h5ad/GeneFull/Homo_sapiens/SRX19704117.h5ad,3385,10x_Genomics,other,single_cell,Homo sapiens,lung,UBERON:0002048,Idiopathic Pulmonary Fibrosis (IPF),MONDO:0800504,unsure,unsure,no,,,True,PRJNA945854
SRX19910929,27285202,gs://arc-institute-virtual-cell-atlas/scbasecount/2026-01-12/h5ad/GeneFull/Homo_sapiens/SRX19910929.h5ad,4427,10x_Genomics,other,single_nucleus,Homo sapiens,lung adjacent normal,UBERON:0002048,lung cancer (Stage I),MONDO:0008903,unsure,unsure,no,,,True,PRJNA953640
SRX19910921,27285194,gs://arc-institute-virtual-cell-atlas/scbasecount/2026-01-12/h5ad/GeneFull/Homo_sapiens/SRX19910921.h5ad,4212,10x_Genomics,not_applicable,single_nucleus,Homo sapiens,lung adjacent normal,UBERON:0002048,recurrence in early-stage lung adenocarcinoma,MONDO:0005061,unsure,unsure,no,,,True,PRJNA953640
SRX19910932,27285205,gs://arc-institute-virtual-cell-atlas/scbasecount/2026-01-12/h5ad/GeneFull/Homo_sapiens/SRX19910932.h5ad,4916,10x_Genomics,other,single_nucleus,Homo sapiens,lung adjacent normal,UBERON:0003019,lung cancer (Stage I),MONDO:0008903,snap frozen Stage I lung cancer tumor and matching adjacent lung specimens were collected,NYU1845-N (snRNA-seq),no,,,True,PRJNA953640
SRX19910923,27285196,gs://arc-institute-virtual-cell-atlas/scbasecount/2026-01-12/h5ad/GeneFull/Homo_sapiens/SRX19910923.h5ad,2072,10x_Genomics,other,single_nucleus,Homo sapiens,lung adjacent normal,,lung cancer (Stage I),MONDO:0008903,unsure,unsure,no,,,True,PRJNA953640
SRX23457981,31689190,gs://arc-institute-virtual-cell-atlas/scbasecount/2026-01-12/h5ad/GeneFull/Homo_sapiens/SRX23457981.h5ad,1594,10x_Genomics,not_applicable,single_cell,Homo sapiens,bronchial epithelium,UBERON:0002031,not specified,,"infected by four different betacoronaviruses (HCoV-OC43, SARS-CoV, MERS-CoV, SARS-CoV-2)",HBEC organoid-SARS1-2,no,,,True,PRJNA1071273
SRX23331465,31543304,gs://arc-institute-virtual-cell-atlas/scbasecount/2026-01-12/h5ad/GeneFull/Homo_sapiens/SRX23331465.h5ad,11436,10x_Genomics,not_applicable,single_cell,Homo sapiens,airway epithelium,UBERON:0004802,not specified,,"Delta, 48 hours post infection",small airway epithelial,no,,,True,PRJNA1066790
SRX24028444,32335125,gs://arc-institute-virtual-cell-atlas/scbasecount/2026-01-12/h5ad/GeneFull/Homo_sapiens/SRX24028444.h5ad,7495,10x_Genomics,other,single_cell,Homo sapiens,pleural effusion,UBERON:0000175,metastatic HR+/HER2- breast cancer,MONDO:0700079,pre-treatment with CDK4/6 inhibitors,unsure,no,,,True,PRJNA1090971
SRX24028453,32335134,gs://arc-institute-virtual-cell-atlas/scbasecount/2026-01-12/h5ad/GeneFull/Homo_sapiens/SRX24028453.h5ad,10035,10x_Genomics,other,single_cell,Homo sapiens,Pleural effusion,UBERON:0000175,unsure,,unsure,unsure,no,,,True,PRJNA1090971
SRX25261768,33603842,gs://arc-institute-virtual-cell-atlas/scbasecount/2026-01-12/h5ad/GeneFull/Homo_sapiens/SRX25261768.h5ad,696,10x_Genomics,not_applicable,single_cell,Homo sapiens,bronchoalveolar lavage,,fibrotic hypersensitivity pneumonitis,MONDO:0975896,analysis of immune mechanisms,peripheral blood mononuclear cells,no,,,True,PRJNA1133168
SRX25261712,33603786,gs://arc-institute-virtual-cell-atlas/scbasecount/2026-01-12/h5ad/GeneFull/Homo_sapiens/SRX25261712.h5ad,7975,10x_Genomics,not_applicable,single_cell,Homo sapiens,bronchoalveolar lavage,,fibrotic hypersensitivity pneumonitis,MONDO:0975896,unsure,peripheral blood mononuclear cells (PBMCs),no,,,True,PRJNA1133168
SRX25261735,33603809,gs://arc-institute-virtual-cell-atlas/scbasecount/2026-01-12/h5ad/GeneFull/Homo_sapiens/SRX25261735.h5ad,6192,10x_Genomics,not_applicable,single_cell,Homo sapiens,bronchoalveolar lavage,UBERON:0002048,fibrotic hypersensitivity pneumonitis,MONDO:0975896,unsure,unsure,no,,,True,PRJNA1133168
SRX24028450,32335131,gs://arc-institute-virtual-cell-atlas/scbasecount/2026-01-12/h5ad/GeneFull/Homo_sapiens/SRX24028450.h5ad,7340,10x_Genomics,other,single_cell,Homo sapiens,Pleural effusion,UBERON:0000175,Metastatic HR+/HER2- breast cancer,MONDO:0700079,CDK4/6 inhibitor treatment (combined with endocrine therapy),Not applicable,no,,,True,PRJNA1090971
SRX24028459,32335140,gs://arc-institute-virtual-cell-atlas/scbasecount/2026-01-12/h5ad/GeneFull/Homo_sapiens/SRX24028459.h5ad,10233,10x_Genomics,other,single_cell,Homo sapiens,Pleural effusion sample,UBERON:0000175,Metastatic HR+/HER2- breast cancer,MONDO:0700079,Sample obtained pre-treatment; study focuses on response to CDK4/6 inhibitors combined with endocrine therapy,Not applicable,no,,,True,PRJNA1090971
SRX24028456,32335137,gs://arc-institute-virtual-cell-atlas/scbasecount/2026-01-12/h5ad/GeneFull/Homo_sapiens/SRX24028456.h5ad,9767,10x_Genomics,other,single_cell,Homo sapiens,Pleural effusion,UBERON:0000175,Metastatic HR+/HER2- breast cancer,MONDO:0700079,Baseline sample prior to CDK4/6 inhibitor treatment,Not applicable,no,,,True,PRJNA1090971
SRX24732576,33051796,gs://arc-institute-virtual-cell-atlas/scbasecount/2026-01-12/h5ad/GeneFull/Homo_sapiens/SRX24732576.h5ad,3506,10x_Genomics,not_applicable,single_cell,Homo sapiens,lung,UBERON:0002048,COPD,MONDO:0005002,unsure,primary cells,no,,,True,PRJNA1117768
SRX26213237,35376289,gs://arc-institute-virtual-cell-atlas/scbasecount/2026-01-12/h5ad/GeneFull/Homo_sapiens/SRX26213237.h5ad,7601,10x_Genomics,other,single_cell,Homo sapiens,bronchial,UBERON:0002185,not mentioned,,"RAF inhibitor, Belvarafenib",Differentiated NHBE cells,no,,,True,PRJNA1046517
SRX25363539,33729886,gs://arc-institute-virtual-cell-atlas/scbasecount/2026-01-12/h5ad/GeneFull/Homo_sapiens/SRX25363539.h5ad,4175,10x_Genomics,not_applicable,single_cell,Homo sapiens,lung,UBERON:0002048,trisomy 21 (Down Syndrome),MONDO:0008608,none specified,none specified,no,,,True,PRJNA1136930
SRX26517110,35837132,gs://arc-institute-virtual-cell-atlas/scbasecount/2026-01-12/h5ad/GeneFull/Homo_sapiens/SRX26517110.h5ad,3199,10x_Genomics,other,single_cell,Homo sapiens,Lung,UBERON:0002048,Non Small Cell Lung Tumor,MONDO:0005233,unsure,CD8+T cells,no,,,True,PRJNA1178589
SRX26517112,35837134,gs://arc-institute-virtual-cell-atlas/scbasecount/2026-01-12/h5ad/GeneFull/Homo_sapiens/SRX26517112.h5ad,4536,10x_Genomics,other,single_cell,Homo sapiens,lung,UBERON:0002048,Non Small Cell Lung Tumor,MONDO:0005233,pre-treatment state relative to chemoimmunotherapy,none,no,,,True,PRJNA1178589
SRX26213238,35376290,gs://arc-institute-virtual-cell-atlas/scbasecount/2026-01-12/h5ad/GeneFull/Homo_sapiens/SRX26213238.h5ad,4130,10x_Genomics,other,single_cell,Homo sapiens,Bronchial epithelial cells,UBERON:0002031,none,,none,none,no,,,True,PRJNA1046517
SRX10425170,13747000,gs://arc-institute-virtual-cell-atlas/scbasecount/2026-01-12/h5ad/GeneFull/Homo_sapiens/SRX10425170.h5ad,5250,10x_Genomics,3_prime_gex,single_cell,Homo sapiens,lung,UBERON:0002048,idiopathic pulmonary arterial hypertension (IPAH),MONDO:0001999,none reported,not applicable,no,,,True,PRJNA716656
SRX8372491,10889688,gs://arc-institute-virtual-cell-atlas/scbasecount/2026-01-12/h5ad/GeneFull/Homo_sapiens/SRX8372491.h5ad,18569,10x_Genomics,not_applicable,single_cell,Homo sapiens,lung,UBERON:0002048,non-small cell lung cancer (NSCLC),MONDO:0005233,unsure,unsure,no,,,True,PRJNA634159
SRX8372495,10889692,gs://arc-institute-virtual-cell-atlas/scbasecount/2026-01-12/h5ad/GeneFull/Homo_sapiens/SRX8372495.h5ad,5924,10x_Genomics,not_applicable,single_cell,Homo sapiens,lung tumor,UBERON:0002048,non-small cell lung cancer (NSCLC),MONDO:0005233,unsure,unsure,no,,,True,PRJNA634159
SRX8372496,10889693,gs://arc-institute-virtual-cell-atlas/scbasecount/2026-01-12/h5ad/GeneFull/Homo_sapiens/SRX8372496.h5ad,22964,10x_Genomics,not_applicable,single_cell,Homo sapiens,lung,UBERON:0002048,non-small cell lung cancer,MONDO:0005233,unsure,unsure,no,,,True,PRJNA634159
SRX8372494,10889691,gs://arc-institute-virtual-cell-atlas/scbasecount/2026-01-12/h5ad/GeneFull/Homo_sapiens/SRX8372494.h5ad,2724,10x_Genomics,other,single_cell,Homo sapiens,lung,UBERON:0002048,non-small cell lung cancer (NSCLC),MONDO:0005233,unsure,unsure,no,,,True,PRJNA634159
SRX9927818,12988115,gs://arc-institute-virtual-cell-atlas/scbasecount/2026-01-12/h5ad/GeneFull/Homo_sapiens/SRX9927818.h5ad,13610,10x_Genomics,3_prime_gex,single_cell,Homo sapiens,lung tumor (CD45+ immune cells),UBERON:0002048,"lung tumor, stage III-A",MONDO:0021117,none/untreated,not_applicable,no,,,True,PRJNA694436
SRX9474643,12381887,gs://arc-institute-virtual-cell-atlas/scbasecount/2026-01-12/h5ad/GeneFull/Homo_sapiens/SRX9474643.h5ad,8343,10x_Genomics,3_prime_gex,single_cell,Homo sapiens,hPSC-derived lung organoid,UBERON:0002048,none reported,,none reported,H9,no,,,True,PRJNA677825
SRX9127142,11882847,gs://arc-institute-virtual-cell-atlas/scbasecount/2026-01-12/h5ad/GeneFull/Homo_sapiens/SRX9127142.h5ad,3566,10x_Genomics,3_prime_gex,single_cell,Homo sapiens,lung Lin–EpCAM+ epithelial cells,UBERON:0002048,idiopathic pulmonary fibrosis (IPF),MONDO:0800504,none reported,not a cell line; primary sorted epithelial cells,no,,,True,PRJNA663601
SRX9670790,12638552,gs://arc-institute-virtual-cell-atlas/scbasecount/2026-01-12/h5ad/GeneFull/Homo_sapiens/SRX9670790.h5ad,5773,10x_Genomics,3_prime_gex,single_cell,Homo sapiens,hESC-derived lung cells,UBERON:0002048,none indicated (control),,none (control sample),RUES2,no,,,True,PRJNA684305
SRX9768484,12771222,gs://arc-institute-virtual-cell-atlas/scbasecount/2026-01-12/h5ad/GeneFull/Homo_sapiens/SRX9768484.h5ad,619,10x_Genomics,5_prime_gex,single_cell,Homo sapiens,Tumor-infiltrating and peripheral blood CD4+ T cells (Tregs and naïve T convs) from non-small cell lung cancer patients,"UBERON:0008946,UBERON:0000178",Non-small cell lung cancer (NSCLC),MONDO:0005233,none reported,none,no,,,True,PRJNA689219
SRX9768488,12771226,gs://arc-institute-virtual-cell-atlas/scbasecount/2026-01-12/h5ad/GeneFull/Homo_sapiens/SRX9768488.h5ad,3073,10x_Genomics,5_prime_gex,single_cell,Homo sapiens,"lung tumor, peripheral blood",UBERON:0000178,non-small-cell lung carcinoma,MONDO:0005233,unsure,none,no,,,True,PRJNA689219
SRX9474644,12381888,gs://arc-institute-virtual-cell-atlas/scbasecount/2026-01-12/h5ad/GeneFull/Homo_sapiens/SRX9474644.h5ad,9050,10x_Genomics,3_prime_gex,single_cell,Homo sapiens,hPSC-derived lung organoid,UBERON:0002048,,,,H9,maybe,,,True,PRJNA677825
SRX9127138,11882843,gs://arc-institute-virtual-cell-atlas/scbasecount/2026-01-12/h5ad/GeneFull/Homo_sapiens/SRX9127138.h5ad,4667,10x_Genomics,3_prime_gex,single_cell,Homo sapiens,lung (Lin- EpCAM+ epithelial cells),UBERON:0002048,none (healthy donor),,FACS isolation of Lin- EpCAM+ cells,none,no,,,True,PRJNA663601
SRX9495612,12410787,gs://arc-institute-virtual-cell-atlas/scbasecount/2026-01-12/h5ad/GeneFull/Homo_sapiens/SRX9495612.h5ad,2296,10x_Genomics,3_prime_gex,single_cell,Homo sapiens,"A549 cell line (lung, adenocarcinoma)",UBERON:0004821,lung adenocarcinoma,MONDO:0005061,none reported,A549,no,,,True,PRJNA677962
SRX9495616,12410791,gs://arc-institute-virtual-cell-atlas/scbasecount/2026-01-12/h5ad/GeneFull/Homo_sapiens/SRX9495616.h5ad,9712,10x_Genomics,3_prime_gex,single_cell,Homo sapiens,lung carcinoma xenograft metastases,,lung adenocarcinoma,MONDO:0005061,in vivo passaging in mice; lineage recording via custom amplicon PCR,A549 LM0,no,,,True,PRJNA677962
SRX9430527,12325858,gs://arc-institute-virtual-cell-atlas/scbasecount/2026-01-12/h5ad/GeneFull/Homo_sapiens/SRX9430527.h5ad,7384,10x_Genomics,3_prime_gex,single_cell,Homo sapiens,lung broncho-alveolar lavage (BAL) cells,UBERON:0008870,lung transplant recipient,MONDO:0700221,"cryopreserved, sorted for viability",none,no,,,True,PRJNA674516
SRX10048380,13175956,gs://arc-institute-virtual-cell-atlas/scbasecount/2026-01-12/h5ad/GeneFull/Homo_sapiens/SRX10048380.h5ad,12397,10x_Genomics,3_prime_gex,single_nucleus,Homo sapiens,lung (explant),UBERON:0002048,idiopathic pulmonary fibrosis (IPF),MONDO:0800504,none reported,not_applicable,no,,,True,PRJNA669824
SRX9670791,12638553,gs://arc-institute-virtual-cell-atlas/scbasecount/2026-01-12/h5ad/GeneFull/Homo_sapiens/SRX9670791.h5ad,6819,10x_Genomics,3_prime_gex,single_cell,Homo sapiens,hESC-derived lung cells co-cultured with M1 macrophages,UBERON:0000115,none specified,,co-culture with M1 macrophages,"RUES2, H1",no,,,True,PRJNA684305
SRX9127143,11882848,gs://arc-institute-virtual-cell-atlas/scbasecount/2026-01-12/h5ad/GeneFull/Homo_sapiens/SRX9127143.h5ad,4272,10x_Genomics,3_prime_gex,single_cell,Homo sapiens,lung (EpCAM+ epithelial cells),UBERON:0000115,idiopathic pulmonary fibrosis (IPF),MONDO:0800504,none reported,not applicable,no,,,True,PRJNA663601
SRX9718439,12709087,gs://arc-institute-virtual-cell-atlas/scbasecount/2026-01-12/h5ad/GeneFull/Homo_sapiens/SRX9718439.h5ad,15613,10x_Genomics,3_prime_gex,single_cell,Homo sapiens,lung organoids (alveolar and airway),"UBERON:0002299,UBERON:0004802",,,,RUES2,no,,,True,PRJNA687221
SRX9127133,11882838,gs://arc-institute-virtual-cell-atlas/scbasecount/2026-01-12/h5ad/GeneFull/Homo_sapiens/SRX9127133.h5ad,2042,10x_Genomics,3_prime_gex,single_cell,Homo sapiens,"lung (lineage-negative, EpCAM+ epithelial cells)",UBERON:0000115,healthy donor,,none reported,not_applicable,no,,,True,PRJNA663601
SRX10048381,13175957,gs://arc-institute-virtual-cell-atlas/scbasecount/2026-01-12/h5ad/GeneFull/Homo_sapiens/SRX10048381.h5ad,13604,10x_Genomics,3_prime_gex,single_nucleus,Homo sapiens,lung (autopsy),UBERON:0002048,control (non-COVID),,none reported,not applicable,no,,,True,PRJNA669824
SRX9127135,11882840,gs://arc-institute-virtual-cell-atlas/scbasecount/2026-01-12/h5ad/GeneFull/Homo_sapiens/SRX9127135.h5ad,2160,10x_Genomics,3_prime_gex,single_cell,Homo sapiens,lung Lin- EpCAM+ epithelial cells,UBERON:0000115,none (healthy donor),,none,none,no,,,True,PRJNA663601
SRX10048393,13175969,gs://arc-institute-virtual-cell-atlas/scbasecount/2026-01-12/h5ad/GeneFull/Homo_sapiens/SRX10048393.h5ad,1535,10x_Genomics,3_prime_gex,unsure,Homo sapiens,lung (autopsy),UBERON:0002048,COVID-19 (lethal cases),MONDO:0100096,none specified,not applicable,no,,,True,PRJNA669824
SRX9768481,12771219,gs://arc-institute-virtual-cell-atlas/scbasecount/2026-01-12/h5ad/GeneFull/Homo_sapiens/SRX9768481.h5ad,192,10x_Genomics,5_prime_gex,single_cell,Homo sapiens,Tumor-infiltrating regulatory T cells from NSCLC tumors (lung tumor); paired blood,UBERON:0002048,Non-small cell lung cancer (NSCLC),MONDO:0005233,none reported,none,no,,,True,PRJNA689219
SRX10100447,13228023,gs://arc-institute-virtual-cell-atlas/scbasecount/2026-01-12/h5ad/GeneFull/Homo_sapiens/SRX10100447.h5ad,15055,10x_Genomics,3_prime_gex,single_cell,Homo sapiens,primary human bronchial epithelial cells,UBERON:0002031,SARS-CoV-2 infection,MONDO:0100096,"co-culture with SARS-CoV-2, 2 days post-infection",differentiated primary human bronchial epithelial cells,no,2a79d190-a41e-4408-88c8-ac5c4d03c0fc,Single-cell longitudinal analysis of SARS-CoV-2 infection in human bronchial epithelial cells,True,PRJNA701930
SRX9863287,12910748,gs://arc-institute-virtual-cell-atlas/scbasecount/2026-01-12/h5ad/GeneFull/Homo_sapiens/SRX9863287.h5ad,6013,10x_Genomics,3_prime_gex,single_cell,Homo sapiens,airway epithelial organoids,UBERON:0002107,none (healthy organoids),,"mock or rhinovirus A1 (RV1A) infection, 5 days post-infection",primary human airway epithelial organoid culture,no,,,True,PRJNA692726
SRX9768485,12771223,gs://arc-institute-virtual-cell-atlas/scbasecount/2026-01-12/h5ad/GeneFull/Homo_sapiens/SRX9768485.h5ad,1221,10x_Genomics,5_prime_gex,single_cell,Homo sapiens,"lung tumor, peripheral blood","UBERON:0002048,UBERON:0000178",non-small cell lung cancer (NSCLC),MONDO:0005233,none reported,none,no,,,True,PRJNA689219
SRX10048388,13175964,gs://arc-institute-virtual-cell-atlas/scbasecount/2026-01-12/h5ad/GeneFull/Homo_sapiens/SRX10048388.h5ad,12093,10x_Genomics,3_prime_gex,single_nucleus,Homo sapiens,lung (autopsy),UBERON:0002048,non-COVID control,,none,none,no,,,True,PRJNA669824
SRX10048395,13175971,gs://arc-institute-virtual-cell-atlas/scbasecount/2026-01-12/h5ad/GeneFull/Homo_sapiens/SRX10048395.h5ad,8876,10x_Genomics,3_prime_gex,unsure,Homo sapiens,"lung (autopsy, endothelial-enriched pulmonary vasculature and non-vascular cells)",UBERON:0002048,COVID-19 (lethal cases),MONDO:0100096,none reported,not_applicable,no,,,True,PRJNA669824
SRX10075291,13202867,gs://arc-institute-virtual-cell-atlas/scbasecount/2026-01-12/h5ad/GeneFull/Homo_sapiens/SRX10075291.h5ad,8557,10x_Genomics,5_prime_gex,single_cell,Homo sapiens,airway epithelium (3D human airway epithelial cultures),UBERON:0004802,none (control),,PBS (control),basal-like human airway progenitor cells,maybe,,,True,PRJNA701396
SRX9461573,12358922,gs://arc-institute-virtual-cell-atlas/scbasecount/2026-01-12/h5ad/GeneFull/Homo_sapiens/SRX9461573.h5ad,5012,10x_Genomics,3_prime_gex,single_cell,Homo sapiens,"airway epithelium (primary human airway basal stem cells, hABSC, cultured at air–liquid interface)",UBERON:0004802,healthy (nonsmoker),,mock control (no SARS-CoV-2 or cigarette smoke exposure),primary cells (not immortalized cell line),no,cdfb9ead-cb58-4a53-879d-5e4ed5329e73,Direct Exposure to SARS-CoV-2 and Cigarette Smoke Increases Infection Severity and Alters the Stem Cell-Derived Airway Repair Response,True,PRJNA675538
SRX10048396,13175972,gs://arc-institute-virtual-cell-atlas/scbasecount/2026-01-12/h5ad/GeneFull/Homo_sapiens/SRX10048396.h5ad,3396,10x_Genomics,3_prime_gex,single_nucleus,Homo sapiens,lung (autopsy),UBERON:0002048,COVID-19,MONDO:0100096,none reported,not applicable,no,,,True,PRJNA669824
SRX10100446,13228022,gs://arc-institute-virtual-cell-atlas/scbasecount/2026-01-12/h5ad/GeneFull/Homo_sapiens/SRX10100446.h5ad,11783,10x_Genomics,3_prime_gex,single_cell,Homo sapiens,bronchial epithelial cells,UBERON:0002031,SARS-CoV-2 infection,MONDO:0100096,"SARS-CoV-2 infection, 1 day post-infection",none,no,2a79d190-a41e-4408-88c8-ac5c4d03c0fc,Single-cell longitudinal analysis of SARS-CoV-2 infection in human bronchial epithelial cells,True,PRJNA701930
SRX9127139,11882844,gs://arc-institute-virtual-cell-atlas/scbasecount/2026-01-12/h5ad/GeneFull/Homo_sapiens/SRX9127139.h5ad,4020,10x_Genomics,3_prime_gex,single_cell,Homo sapiens,"lung epithelial cells (Lin- EpCAM+), lung","UBERON:0000115,UBERON:0002048","idiopathic pulmonary fibrosis (IPF), healthy control",MONDO:0800504,none recorded,none,no,,,True,PRJNA663601
SRX10048379,13175955,gs://arc-institute-virtual-cell-atlas/scbasecount/2026-01-12/h5ad/GeneFull/Homo_sapiens/SRX10048379.h5ad,15184,10x_Genomics,3_prime_gex,single_nucleus,Homo sapiens,lung (autopsy),UBERON:0002048,idiopathic pulmonary fibrosis (IPF),MONDO:0800504,none,none,no,,,True,PRJNA669824
SRX10008476,13135890,gs://arc-institute-virtual-cell-atlas/scbasecount/2026-01-12/h5ad/GeneFull/Homo_sapiens/SRX10008476.h5ad,2326,10x_Genomics,3_prime_gex,single_cell,Homo sapiens,lung (CD90+ cells from lung explant),UBERON:0002048,idiopathic pulmonary fibrosis (IPF),MONDO:0800504,none reported,none; primary cells,no,,,True,PRJNA699012
SRX9768483,12771221,gs://arc-institute-virtual-cell-atlas/scbasecount/2026-01-12/h5ad/GeneFull/Homo_sapiens/SRX9768483.h5ad,4608,10x_Genomics,5_prime_gex,single_cell,Homo sapiens,"Tumor (non-small cell lung cancer), peripheral blood",UBERON:0000178,Non-small cell lung cancer,MONDO:0005233,none reported,none,no,,,True,PRJNA689219
SRX9127134,11882839,gs://arc-institute-virtual-cell-atlas/scbasecount/2026-01-12/h5ad/GeneFull/Homo_sapiens/SRX9127134.h5ad,6858,10x_Genomics,3_prime_gex,single_cell,Homo sapiens,"lung epithelial cells (Lin- EpCAM+), healthy donor",UBERON:0000115,none (healthy),,none reported,not_applicable,no,,,True,PRJNA663601
SRX10048375,13175951,gs://arc-institute-virtual-cell-atlas/scbasecount/2026-01-12/h5ad/GeneFull/Homo_sapiens/SRX10048375.h5ad,11687,10x_Genomics,3_prime_gex,single_nucleus,Homo sapiens,lung,UBERON:0002048,idiopathic pulmonary fibrosis (IPF),MONDO:0800504,none reported,none,no,,,True,PRJNA669824
SRX10100445,13228021,gs://arc-institute-virtual-cell-atlas/scbasecount/2026-01-12/h5ad/GeneFull/Homo_sapiens/SRX10100445.h5ad,22687,10x_Genomics,3_prime_gex,single_cell,Homo sapiens,bronchial epithelial cells,UBERON:0002031,none (mock infection),,mock infection,primary human bronchial epithelial cells,no,2a79d190-a41e-4408-88c8-ac5c4d03c0fc,Single-cell longitudinal analysis of SARS-CoV-2 infection in human bronchial epithelial cells,True,PRJNA701930
SRX9474645,12381889,gs://arc-institute-virtual-cell-atlas/scbasecount/2026-01-12/h5ad/GeneFull/Homo_sapiens/SRX9474645.h5ad,8732,10x_Genomics,3_prime_gex,single_cell,Homo sapiens,hESC-derived lung organoid,UBERON:0002048,none,,5α-reductase inhibitor (antiandrogenic drug),H9,no,,,True,PRJNA677825
SRX10048384,13175960,gs://arc-institute-virtual-cell-atlas/scbasecount/2026-01-12/h5ad/GeneFull/Homo_sapiens/SRX10048384.h5ad,7790,10x_Genomics,3_prime_gex,single_cell,Homo sapiens,lung,UBERON:0002048,control (non-COVID-19),,none,none,no,,,True,PRJNA669824
SRX9849883,12897059,gs://arc-institute-virtual-cell-atlas/scbasecount/2026-01-12/h5ad/GeneFull/Homo_sapiens/SRX9849883.h5ad,8955,10x_Genomics,3_prime_gex,single_cell,Homo sapiens,lung (primary pulmonary endothelial cells),UBERON:0013479,healthy (control),,none reported,not applicable (primary cells),no,,,True,PRJNA692173
SRX9127140,11882845,gs://arc-institute-virtual-cell-atlas/scbasecount/2026-01-12/h5ad/GeneFull/Homo_sapiens/SRX9127140.h5ad,2077,10x_Genomics,3_prime_gex,single_cell,Homo sapiens,lung epithelial cells (Lin- EpCAM+ sorted cells),UBERON:0000115,idiopathic pulmonary fibrosis (IPF) and healthy controls,MONDO:0800504,none reported,not applicable,no,,,True,PRJNA663601
SRX10048373,13175949,gs://arc-institute-virtual-cell-atlas/scbasecount/2026-01-12/h5ad/GeneFull/Homo_sapiens/SRX10048373.h5ad,13251,10x_Genomics,3_prime_gex,single_nucleus,Homo sapiens,"lung (pulmonary vasculature, autopsy)",UBERON:0000102,"COVID-19, idiopathic pulmonary fibrosis (IPF)",MONDO:0100096,none reported,none,no,,,True,PRJNA669824
SRX10048377,13175953,gs://arc-institute-virtual-cell-atlas/scbasecount/2026-01-12/h5ad/GeneFull/Homo_sapiens/SRX10048377.h5ad,16804,10x_Genomics,3_prime_gex,single_nucleus,Homo sapiens,"lung (vascular fraction, autopsy)",UBERON:0000102,healthy control (study includes COVID-19 and idiopathic pulmonary fibrosis),,none reported,none,no,,,True,PRJNA669824
SRX9461575,12358924,gs://arc-institute-virtual-cell-atlas/scbasecount/2026-01-12/h5ad/GeneFull/Homo_sapiens/SRX9461575.h5ad,3794,10x_Genomics,3_prime_gex,single_cell,Homo sapiens,"airway basal stem cells (hABSC), air-liquid interface culture",UBERON:0004802,none specified,,cigarette smoke exposure (4 days),primary human airway basal stem cells,no,cdfb9ead-cb58-4a53-879d-5e4ed5329e73,Direct Exposure to SARS-CoV-2 and Cigarette Smoke Increases Infection Severity and Alters the Stem Cell-Derived Airway Repair Response,True,PRJNA675538
SRX9495614,12410789,gs://arc-institute-virtual-cell-atlas/scbasecount/2026-01-12/h5ad/GeneFull/Homo_sapiens/SRX9495614.h5ad,6292,10x_Genomics,3_prime_gex,single_cell,Homo sapiens,lung (A549 cell line),UBERON:0004821,adenocarcinoma,MONDO:0004970,none reported,A549,no,,,True,PRJNA677962
SRX9127136,11882841,gs://arc-institute-virtual-cell-atlas/scbasecount/2026-01-12/h5ad/GeneFull/Homo_sapiens/SRX9127136.h5ad,926,10x_Genomics,3_prime_gex,single_cell,Homo sapiens,"lung epithelial cells (Lin–EpCAM+), lung","UBERON:0000115,UBERON:0002048",none (healthy),,none,none,no,,,True,PRJNA663601
SRX9670792,12638554,gs://arc-institute-virtual-cell-atlas/scbasecount/2026-01-12/h5ad/GeneFull/Homo_sapiens/SRX9670792.h5ad,6230,10x_Genomics,3_prime_gex,single_cell,Homo sapiens,hESC-derived lung cells,UBERON:0002048,none,,co-culture with M2 macrophages,RUES2,no,,,True,PRJNA684305
SRX10075292,13202868,gs://arc-institute-virtual-cell-atlas/scbasecount/2026-01-12/h5ad/GeneFull/Homo_sapiens/SRX10075292.h5ad,8506,10x_Genomics,5_prime_gex,single_cell,Homo sapiens,"Pseudostratified human airway epithelial cultures (from hTert-immortalized basal-like airway progenitor cells, Bci-NS1.1)",UBERON:0010499,none specified (normal cultures),,"HTO barcoding, apical PBS wash, TrpLE dissociation, Pluronic supplementation",Bci-NS1.1,maybe,,,True,PRJNA701396
SRX10048391,13175967,gs://arc-institute-virtual-cell-atlas/scbasecount/2026-01-12/h5ad/GeneFull/Homo_sapiens/SRX10048391.h5ad,23078,10x_Genomics,3_prime_gex,single_nucleus,Homo sapiens,lung,UBERON:0002048,COVID-19,MONDO:0100096,none reported,not_applicable,no,,,True,PRJNA669824
SRX9768487,12771225,gs://arc-institute-virtual-cell-atlas/scbasecount/2026-01-12/h5ad/GeneFull/Homo_sapiens/SRX9768487.h5ad,340,10x_Genomics,5_prime_gex,single_cell,Homo sapiens,tumor-infiltrating regulatory T cells from non-small cell lung carcinoma,UBERON:0002048,non-small cell lung carcinoma,MONDO:0005233,none reported,not_applicable,no,,,True,PRJNA689219
SRX10048376,13175952,gs://arc-institute-virtual-cell-atlas/scbasecount/2026-01-12/h5ad/GeneFull/Homo_sapiens/SRX10048376.h5ad,4849,10x_Genomics,3_prime_gex,single_nucleus,Homo sapiens,lung,UBERON:0002048,idiopathic pulmonary fibrosis (IPF),MONDO:0800504,none reported,not_applicable,no,,,True,PRJNA669824
SRX9127144,11882849,gs://arc-institute-virtual-cell-atlas/scbasecount/2026-01-12/h5ad/GeneFull/Homo_sapiens/SRX9127144.h5ad,4205,10x_Genomics,3_prime_gex,single_cell,Homo sapiens,lung,UBERON:0002048,idiopathic pulmonary fibrosis (IPF),MONDO:0800504,none reported,none,no,,,True,PRJNA663601
SRX9495610,12410785,gs://arc-institute-virtual-cell-atlas/scbasecount/2026-01-12/h5ad/GeneFull/Homo_sapiens/SRX9495610.h5ad,12650,10x_Genomics,3_prime_gex,single_cell,Homo sapiens,A549 lung adenocarcinoma cell line,,lung adenocarcinoma,MONDO:0005061,none reported,A549,no,,,True,PRJNA677962
SRX9127141,11882846,gs://arc-institute-virtual-cell-atlas/scbasecount/2026-01-12/h5ad/GeneFull/Homo_sapiens/SRX9127141.h5ad,4382,10x_Genomics,3_prime_gex,single_cell,Homo sapiens,"lung epithelial cells (EpCAM+), from IPF patients and healthy donors",UBERON:0000115,"idiopathic pulmonary fibrosis (IPF), healthy",MONDO:0800504,none reported,none,no,,,True,PRJNA663601
SRX10048385,13175961,gs://arc-institute-virtual-cell-atlas/scbasecount/2026-01-12/h5ad/GeneFull/Homo_sapiens/SRX10048385.h5ad,12369,10x_Genomics,3_prime_gex,single_nucleus,Homo sapiens,lung,UBERON:0002048,idiopathic pulmonary fibrosis (IPF),MONDO:0800504,none reported,none,no,,,True,PRJNA669824
SRX27113453,36591428,gs://arc-institute-virtual-cell-atlas/scbasecount/2026-01-12/h5ad/GeneFull/Homo_sapiens/SRX27113453.h5ad,5961,10x_Genomics,5_prime_gex,single_nucleus,Homo sapiens,lung (distal basal segment of right lower lobe),UBERON:8600017,idiopathic pulmonary fibrosis (IPF),MONDO:0800504,none reported,not applicable,no,,,True,PRJNA1172658
SRX27113469,36591444,gs://arc-institute-virtual-cell-atlas/scbasecount/2026-01-12/h5ad/GeneFull/Homo_sapiens/SRX27113469.h5ad,6975,10x_Genomics,5_prime_gex,single_nucleus,Homo sapiens,"distal lung (right lower lobe, basal segment)",UBERON:0008870,healthy control,,none,not_applicable,no,,,True,PRJNA1172658
SRX27113470,36591445,gs://arc-institute-virtual-cell-atlas/scbasecount/2026-01-12/h5ad/GeneFull/Homo_sapiens/SRX27113470.h5ad,4191,10x_Genomics,5_prime_gex,single_nucleus,Homo sapiens,distal right lower lung lobe,UBERON:0002171,healthy (control); study relates to idiopathic pulmonary fibrosis,,none reported,none,no,,,True,PRJNA1172658
SRX27113473,36591448,gs://arc-institute-virtual-cell-atlas/scbasecount/2026-01-12/h5ad/GeneFull/Homo_sapiens/SRX27113473.h5ad,5948,10x_Genomics,5_prime_gex,single_nucleus,Homo sapiens,"lung (basal right lower lobe, frozen)",UBERON:0012059,none (healthy control),,none reported,not applicable,no,,,True,PRJNA1172658
SRX27113459,36591434,gs://arc-institute-virtual-cell-atlas/scbasecount/2026-01-12/h5ad/GeneFull/Homo_sapiens/SRX27113459.h5ad,7677,10x_Genomics,5_prime_gex,single_nucleus,Homo sapiens,"lung (distal lung, basal segments of right lower lobe)","UBERON:0008874,UBERON:8600017",idiopathic pulmonary fibrosis (IPF),MONDO:0800504,none reported,none,no,,,True,PRJNA1172658
SRX27113451,36591426,gs://arc-institute-virtual-cell-atlas/scbasecount/2026-01-12/h5ad/GeneFull/Homo_sapiens/SRX27113451.h5ad,5835,10x_Genomics,5_prime_gex,single_nucleus,Homo sapiens,"lung (distal fibrotic region, right lower lobe)",UBERON:0002171,idiopathic pulmonary fibrosis (IPF),MONDO:0800504,none,not_applicable,no,,,True,PRJNA1172658
SRX27113465,36591440,gs://arc-institute-virtual-cell-atlas/scbasecount/2026-01-12/h5ad/GeneFull/Homo_sapiens/SRX27113465.h5ad,4325,10x_Genomics,5_prime_gex,single_nucleus,Homo sapiens,"lung (distal, right lower lobe)",UBERON:0002171,idiopathic pulmonary fibrosis (IPF),MONDO:0800504,none reported,not applicable,no,,,True,PRJNA1172658
SRX27113457,36591432,gs://arc-institute-virtual-cell-atlas/scbasecount/2026-01-12/h5ad/GeneFull/Homo_sapiens/SRX27113457.h5ad,4401,10x_Genomics,5_prime_gex,single_nucleus,Homo sapiens,distal lung (basal segments of right lower lobe),UBERON:8600017,idiopathic pulmonary fibrosis (IPF),MONDO:0800504,none reported,not_applicable,no,,,True,PRJNA1172658
SRX27113475,36591450,gs://arc-institute-virtual-cell-atlas/scbasecount/2026-01-12/h5ad/GeneFull/Homo_sapiens/SRX27113475.h5ad,6622,10x_Genomics,5_prime_gex,single_nucleus,Homo sapiens,"lung, distal basal segments of right lower lobe","UBERON:0002048,UBERON:0005679",healthy control (no pulmonary fibrosis),,none,none,no,,,True,PRJNA1172658
SRX27113449,36591424,gs://arc-institute-virtual-cell-atlas/scbasecount/2026-01-12/h5ad/GeneFull/Homo_sapiens/SRX27113449.h5ad,4785,10x_Genomics,5_prime_gex,single_nucleus,Homo sapiens,distal lung (basal segments of right lower lobes),UBERON:8600017,idiopathic pulmonary fibrosis (IPF),MONDO:0800504,none reported,not applicable,no,,,True,PRJNA1172658
SRX27113462,36591437,gs://arc-institute-virtual-cell-atlas/scbasecount/2026-01-12/h5ad/GeneFull/Homo_sapiens/SRX27113462.h5ad,5213,10x_Genomics,5_prime_gex,single_nucleus,Homo sapiens,distal lung (right lower lobe basal segments),UBERON:0004861,idiopathic pulmonary fibrosis (IPF),MONDO:0800504,none,none,no,,,True,PRJNA1172658
SRX27113460,36591435,gs://arc-institute-virtual-cell-atlas/scbasecount/2026-01-12/h5ad/GeneFull/Homo_sapiens/SRX27113460.h5ad,7055,10x_Genomics,5_prime_gex,single_nucleus,Homo sapiens,"lung (distal lung, basal segments of right lower lobe)","UBERON:0002299,UBERON:0005679",idiopathic pulmonary fibrosis (IPF),MONDO:0800504,none,none,no,,,True,PRJNA1172658
SRX27113476,36591451,gs://arc-institute-virtual-cell-atlas/scbasecount/2026-01-12/h5ad/GeneFull/Homo_sapiens/SRX27113476.h5ad,6452,10x_Genomics,5_prime_gex,single_nucleus,Homo sapiens,right lower lung lobe,UBERON:0002171,none (healthy lung),,none reported,not applicable,no,,,True,PRJNA1172658
SRX27113467,36591442,gs://arc-institute-virtual-cell-atlas/scbasecount/2026-01-12/h5ad/GeneFull/Homo_sapiens/SRX27113467.h5ad,9369,10x_Genomics,5_prime_gex,single_nucleus,Homo sapiens,distal lung (basal segments of right lower lobes),UBERON:0008870,"idiopathic pulmonary fibrosis (IPF), healthy control",MONDO:0800504,none,none,no,,,True,PRJNA1172658
SRX27113455,36591430,gs://arc-institute-virtual-cell-atlas/scbasecount/2026-01-12/h5ad/GeneFull/Homo_sapiens/SRX27113455.h5ad,7373,10x_Genomics,5_prime_gex,single_nucleus,Homo sapiens,right lower lung lobe,UBERON:0002171,none specified,,none specified,none specified,no,,,True,PRJNA1172658
SRX27995674,37678084,gs://arc-institute-virtual-cell-atlas/scbasecount/2026-01-12/h5ad/GeneFull/Homo_sapiens/SRX27995674.h5ad,200,10x_Genomics,other,single_cell,Homo sapiens,lung tissue,UBERON:0002048,lung cancer,MONDO:0008903,none,none,no,,,True,PRJNA1202516
SRX27113463,36591438,gs://arc-institute-virtual-cell-atlas/scbasecount/2026-01-12/h5ad/GeneFull/Homo_sapiens/SRX27113463.h5ad,3449,10x_Genomics,5_prime_gex,single_nucleus,Homo sapiens,"lung (distal lung, right lower lobe, fibrotic regions)","UBERON:0008874,UBERON:0002171",idiopathic pulmonary fibrosis (IPF),MONDO:0800504,none (native tissue),not_applicable,no,,,True,PRJNA1172658
SRX9816697,12858144,gs://arc-institute-virtual-cell-atlas/scbasecount/2026-01-12/h5ad/GeneFull/Homo_sapiens/SRX9816697.h5ad,7266,10x_Genomics,3_prime_gex,single_cell,Homo sapiens,lung (3D alveolar epithelial organoid),UBERON:0004821,not specified,,not specified,SV40 large T antigen–transduced alveolar epithelial cell line,no,,,True,PRJNA691041
SRX9816696,12858143,gs://arc-institute-virtual-cell-atlas/scbasecount/2026-01-12/h5ad/GeneFull/Homo_sapiens/SRX9816696.h5ad,4330,10x_Genomics,3_prime_gex,single_cell,Homo sapiens,lung (alveolar epithelial cells),UBERON:0004821,none (normal donor lung),,ROCK inhibitor (Y-27632); SV40 large T antigen transduction,AEC-ON,no,,,True,PRJNA691041
SRX10048390,13175966,gs://arc-institute-virtual-cell-atlas/scbasecount/2026-01-12/h5ad/GeneFull/Homo_sapiens/SRX10048390.h5ad,12218,10x_Genomics,3_prime_gex,single_nucleus,Homo sapiens,lung,UBERON:0002048,"non-COVID control (study includes COVID-19, IPF, and healthy controls)",,none specified,none,no,,,True,PRJNA669824
SRX9849885,12897061,gs://arc-institute-virtual-cell-atlas/scbasecount/2026-01-12/h5ad/GeneFull/Homo_sapiens/SRX9849885.h5ad,4962,10x_Genomics,3_prime_gex,single_cell,Homo sapiens,lung (whole-lung dissociates and primary pulmonary microvascular cells),UBERON:0002048,none (control),,none reported,not_applicable,no,,,True,PRJNA692173
SRX10048397,13175973,gs://arc-institute-virtual-cell-atlas/scbasecount/2026-01-12/h5ad/GeneFull/Homo_sapiens/SRX10048397.h5ad,2298,10x_Genomics,3_prime_gex,single_cell,Homo sapiens,lung,UBERON:0002048,"COVID-19, ARDS, lethal infection",MONDO:0100096,none reported,none reported,no,,,True,PRJNA669824
SRX9461574,12358923,gs://arc-institute-virtual-cell-atlas/scbasecount/2026-01-12/h5ad/GeneFull/Homo_sapiens/SRX9461574.h5ad,13667,10x_Genomics,3_prime_gex,single_cell,Homo sapiens,bronchial airway epithelial cells (ALI culture),UBERON:0002031,none (mock infection),,cigarette smoke exposure; SARS-CoV-2 infection,primary human nonsmoker airway basal stem cells,no,cdfb9ead-cb58-4a53-879d-5e4ed5329e73,Direct Exposure to SARS-CoV-2 and Cigarette Smoke Increases Infection Severity and Alters the Stem Cell-Derived Airway Repair Response,True,PRJNA675538
SRX10048389,13175965,gs://arc-institute-virtual-cell-atlas/scbasecount/2026-01-12/h5ad/GeneFull/Homo_sapiens/SRX10048389.h5ad,10008,10x_Genomics,3_prime_gex,single_nucleus,Homo sapiens,lung,UBERON:0002048,COVID-19,MONDO:0100096,none reported,not_applicable,no,,,True,PRJNA669824
SRX9058158,11769234,gs://arc-institute-virtual-cell-atlas/scbasecount/2026-01-12/h5ad/GeneFull/Homo_sapiens/SRX9058158.h5ad,3654,10x_Genomics,3_prime_gex,single_cell,Homo sapiens,bronchoalveolar lavage fluid,,"COVID-19 (severe, fatal outcome)",MONDO:0100096,none specified,not applicable,no,,,True,PRJNA661032
SRX9058160,11769236,gs://arc-institute-virtual-cell-atlas/scbasecount/2026-01-12/h5ad/GeneFull/Homo_sapiens/SRX9058160.h5ad,4347,10x_Genomics,3_prime_gex,single_cell,Homo sapiens,bronchoalveolar lavage fluid,UBERON:0035963,COVID-19 (severe),MONDO:0100096,none specified,none,no,,,True,PRJNA661032
SRX9078406,11797542,gs://arc-institute-virtual-cell-atlas/scbasecount/2026-01-12/h5ad/GeneFull/Homo_sapiens/SRX9078406.h5ad,1880,10x_Genomics,3_prime_gex,single_cell,Homo sapiens,tracheal/bronchial epithelial cells,"UBERON:0001901,UBERON:0002031",SARS-CoV-2 infection,MONDO:0100096,Remdesivir treatment,primary normal human tracheal/bronchial epithelial cells,no,,,True,PRJNA661567
SRX9276327,12104799,gs://arc-institute-virtual-cell-atlas/scbasecount/2026-01-12/h5ad/GeneFull/Homo_sapiens/SRX9276327.h5ad,2315,10x_Genomics,3_prime_gex,single_cell,Homo sapiens,lung,UBERON:0002048,healthy,,none,none,no,,,True,PRJNA668609
SRX9276336,12104808,gs://arc-institute-virtual-cell-atlas/scbasecount/2026-01-12/h5ad/GeneFull/Homo_sapiens/SRX9276336.h5ad,4175,10x_Genomics,3_prime_gex,single_cell,Homo sapiens,lung,UBERON:0002048,idiopathic pulmonary fibrosis (IPF),MONDO:0800504,none reported,none reported,no,,,True,PRJNA668609
SRX9058157,11769233,gs://arc-institute-virtual-cell-atlas/scbasecount/2026-01-12/h5ad/GeneFull/Homo_sapiens/SRX9058157.h5ad,8288,10x_Genomics,3_prime_gex,single_cell,Homo sapiens,"bronchoalveolar lavage fluid, peripheral blood",UBERON:0000178,COVID-19,MONDO:0100096,none specified,none,no,,,True,PRJNA661032
SRX9058187,11769263,gs://arc-institute-virtual-cell-atlas/scbasecount/2026-01-12/h5ad/GeneFull/Homo_sapiens/SRX9058187.h5ad,3137,10x_Genomics,3_prime_gex,single_cell,Homo sapiens,"bronchoalveolar lavage fluid, peripheral blood mononuclear cells","UBERON:0035963,UBERON:0000178","COVID-19 (severe/fatal), healthy controls",MONDO:0100096,none reported,none,no,,,True,PRJNA661032
SRX9246202,12063429,gs://arc-institute-virtual-cell-atlas/scbasecount/2026-01-12/h5ad/GeneFull/Homo_sapiens/SRX9246202.h5ad,15930,10x_Genomics,3_prime_gex,single_cell,Homo sapiens,lung (primary basal cells),UBERON:0002031,cystic fibrosis,MONDO:0009061,none/untreated,none (primary cells),no,,,True,PRJNA667491
SRX8953167,11637889,gs://arc-institute-virtual-cell-atlas/scbasecount/2026-01-12/h5ad/GeneFull/Homo_sapiens/SRX8953167.h5ad,4461,10x_Genomics,3_prime_gex,single_cell,Homo sapiens,lung (upper lobe),UBERON:0008948,idiopathic pulmonary fibrosis (IPF),MONDO:0800504,none reported,none,no,,,True,PRJNA657422
SRX9058165,11769241,gs://arc-institute-virtual-cell-atlas/scbasecount/2026-01-12/h5ad/GeneFull/Homo_sapiens/SRX9058165.h5ad,2390,10x_Genomics,3_prime_gex,single_cell,Homo sapiens,"bronchoalveolar lavage fluid, peripheral blood mononuclear cells",UBERON:0035963,unsure,,unsure,none,no,,,True,PRJNA661032
SRX9276321,12104793,gs://arc-institute-virtual-cell-atlas/scbasecount/2026-01-12/h5ad/GeneFull/Homo_sapiens/SRX9276321.h5ad,3602,10x_Genomics,3_prime_gex,single_cell,Homo sapiens,lung,UBERON:0002048,"idiopathic pulmonary fibrosis (IPF), systemic sclerosis-interstitial lung disease (SSc-ILD), healthy control",MONDO:0800504,none reported,none,no,,,True,PRJNA668609
SRX9246191,12063418,gs://arc-institute-virtual-cell-atlas/scbasecount/2026-01-12/h5ad/GeneFull/Homo_sapiens/SRX9246191.h5ad,3714,10x_Genomics,3_prime_gex,single_cell,Homo sapiens,lung (primary basal epithelial cells),UBERON:0002031,cystic fibrosis (CF) and non-CF,MONDO:0009061,lentiviral transduction with GFP or CFTR,primary cells; no cell line,no,,,True,PRJNA667491
SRX9296016,12145483,gs://arc-institute-virtual-cell-atlas/scbasecount/2026-01-12/h5ad/GeneFull/Homo_sapiens/SRX9296016.h5ad,4586,10x_Genomics,5_prime_gex,single_cell,Homo sapiens,A549 cell line (lung adenocarcinoma),UBERON:0004821,none specified,,ACE2 overexpression (transgenic),A549,no,,,True,PRJNA669984
SRX9246190,12063417,gs://arc-institute-virtual-cell-atlas/scbasecount/2026-01-12/h5ad/GeneFull/Homo_sapiens/SRX9246190.h5ad,10738,10x_Genomics,3_prime_gex,single_cell,Homo sapiens,"primary human airway epithelial (basal) cells, polarized airway cultures","UBERON:0004802,UBERON:0010499",non-cystic fibrosis (non-CF),MONDO:0009061,untreated,primary basal cells,no,,,True,PRJNA667491
SRX9246200,12063427,gs://arc-institute-virtual-cell-atlas/scbasecount/2026-01-12/h5ad/GeneFull/Homo_sapiens/SRX9246200.h5ad,3759,10x_Genomics,3_prime_gex,single_cell,Homo sapiens,lung (primary basal cells),UBERON:0000115,cystic fibrosis,MONDO:0009061,transduced with HIV-CFTR lentivirus,primary cells (not immortalized cell line),no,,,True,PRJNA667491
SRX9246197,12063424,gs://arc-institute-virtual-cell-atlas/scbasecount/2026-01-12/h5ad/GeneFull/Homo_sapiens/SRX9246197.h5ad,2614,10x_Genomics,3_prime_gex,single_cell,Homo sapiens,lung (primary basal cells),UBERON:0002031,cystic fibrosis,MONDO:0009061,lentiviral transduction with HIV-CFTR,"primary basal cells, subject CFB_13_19",no,,,True,PRJNA667491
SRX9276294,12104766,gs://arc-institute-virtual-cell-atlas/scbasecount/2026-01-12/h5ad/GeneFull/Homo_sapiens/SRX9276294.h5ad,4114,10x_Genomics,3_prime_gex,single_cell,Homo sapiens,"lung (CD31+ endothelial cells, fresh explant)",UBERON:0002048,systemic sclerosis-associated interstitial lung disease (SSc-ILD),MONDO:0005100,none reported,not applicable,no,,,True,PRJNA668609
SRX9246203,12063430,gs://arc-institute-virtual-cell-atlas/scbasecount/2026-01-12/h5ad/GeneFull/Homo_sapiens/SRX9246203.h5ad,4431,10x_Genomics,3_prime_gex,single_cell,Homo sapiens,primary airway basal cells (bronchial epithelium),UBERON:0002031,cystic fibrosis (CF) and non-CF,MONDO:0009061,lentiviral transduction (GFP or human CFTR),primary basal cells from CF and non-CF donors,no,,,True,PRJNA667491
SRX9246199,12063426,gs://arc-institute-virtual-cell-atlas/scbasecount/2026-01-12/h5ad/GeneFull/Homo_sapiens/SRX9246199.h5ad,5871,10x_Genomics,3_prime_gex,single_cell,Homo sapiens,"airway epithelial basal cells (primary, polarized cultures)",UBERON:0004802,cystic fibrosis,MONDO:0009061,untreated,none (primary cells),no,,,True,PRJNA667491
SRX9058155,11769231,gs://arc-institute-virtual-cell-atlas/scbasecount/2026-01-12/h5ad/GeneFull/Homo_sapiens/SRX9058155.h5ad,6341,10x_Genomics,3_prime_gex,single_cell,Homo sapiens,"bronchoalveolar lavage fluid, peripheral blood","UBERON:0035963,UBERON:0000178","COVID-19, healthy control",MONDO:0100096,unsure,none,no,,,True,PRJNA661032
SRX9246204,12063431,gs://arc-institute-virtual-cell-atlas/scbasecount/2026-01-12/h5ad/GeneFull/Homo_sapiens/SRX9246204.h5ad,4710,10x_Genomics,3_prime_gex,single_cell,Homo sapiens,lung (primary basal cells),UBERON:0002048,cystic fibrosis,MONDO:0009061,transduced with HIV-GFP,none (primary cells),no,,,True,PRJNA667491
SRX9276324,12104796,gs://arc-institute-virtual-cell-atlas/scbasecount/2026-01-12/h5ad/GeneFull/Homo_sapiens/SRX9276324.h5ad,6280,10x_Genomics,3_prime_gex,single_cell,Homo sapiens,lung,UBERON:0002048,idiopathic pulmonary fibrosis (IPF),MONDO:0800504,none indicated,none,no,,,True,PRJNA668609
SRX9276300,12104772,gs://arc-institute-virtual-cell-atlas/scbasecount/2026-01-12/h5ad/GeneFull/Homo_sapiens/SRX9276300.h5ad,5154,10x_Genomics,3_prime_gex,single_cell,Homo sapiens,"lung (transplant rejection explant, control)",UBERON:0002048,none (control),,none reported,none,no,,,True,PRJNA668609
SRX9058162,11769238,gs://arc-institute-virtual-cell-atlas/scbasecount/2026-01-12/h5ad/GeneFull/Homo_sapiens/SRX9058162.h5ad,2827,10x_Genomics,3_prime_gex,single_cell,Homo sapiens,"bronchoalveolar lavage fluid (BAL), peripheral blood mononuclear cells (PBMCs)",UBERON:0035963,"COVID-19 (severe/fatal), healthy controls",MONDO:0100096,SARS-CoV-2 infection,not_applicable,no,,,True,PRJNA661032
SRX9276299,12104771,gs://arc-institute-virtual-cell-atlas/scbasecount/2026-01-12/h5ad/GeneFull/Homo_sapiens/SRX9276299.h5ad,4018,10x_Genomics,3_prime_gex,single_cell,Homo sapiens,lung (CD45+ immune cells from lung explants),UBERON:0002048,transplant rejection lung (control),MONDO:0700220,none reported,not applicable,no,,,True,PRJNA668609
SRX9276314,12104786,gs://arc-institute-virtual-cell-atlas/scbasecount/2026-01-12/h5ad/GeneFull/Homo_sapiens/SRX9276314.h5ad,1787,10x_Genomics,3_prime_gex,single_cell,Homo sapiens,lung (transplant-rejection control lung explant),UBERON:0002048,control (no disease),,none specified,none,no,,,True,PRJNA668609
SRX9058167,11769243,gs://arc-institute-virtual-cell-atlas/scbasecount/2026-01-12/h5ad/GeneFull/Homo_sapiens/SRX9058167.h5ad,4196,10x_Genomics,3_prime_gex,single_cell,Homo sapiens,broncho-alveolar lavage (BAL),UBERON:0006524,severe COVID-19,MONDO:0100096,none specified,none,no,,,True,PRJNA661032
SRX9276308,12104780,gs://arc-institute-virtual-cell-atlas/scbasecount/2026-01-12/h5ad/GeneFull/Homo_sapiens/SRX9276308.h5ad,5649,10x_Genomics,3_prime_gex,single_cell,Homo sapiens,"lung (bronchoalveolar lavage, FACS-sorted CD31+ endothelial cells)",UBERON:0016405,idiopathic pulmonary fibrosis (IPF),MONDO:0800504,none reported (enzymatic digestion and FACS sorting only),none (primary cells),no,,,True,PRJNA668609
SRX9058170,11769246,gs://arc-institute-virtual-cell-atlas/scbasecount/2026-01-12/h5ad/GeneFull/Homo_sapiens/SRX9058170.h5ad,2804,10x_Genomics,3_prime_gex,single_cell,Homo sapiens,"Peripheral blood immune cells, bronchoalveolar lavage (BAL) immune cells","UBERON:0000178,UBERON:8850000","COVID-19, healthy control",MONDO:0100096,none,none,no,,,True,PRJNA661032
SRX9058154,11769230,gs://arc-institute-virtual-cell-atlas/scbasecount/2026-01-12/h5ad/GeneFull/Homo_sapiens/SRX9058154.h5ad,3814,10x_Genomics,3_prime_gex,single_cell,Homo sapiens,bronchoalveolar lavage fluid,,COVID-19,MONDO:0100096,none reported,none,no,,,True,PRJNA661032
SRX9058143,11769219,gs://arc-institute-virtual-cell-atlas/scbasecount/2026-01-12/h5ad/GeneFull/Homo_sapiens/SRX9058143.h5ad,2795,10x_Genomics,3_prime_gex,single_cell,Homo sapiens,"bronchoalveolar lavage (BAL) fluid, peripheral blood mononuclear cells (PBMC)",UBERON:0035963,COVID-19,MONDO:0100096,severe/fatal COVID-19 infection,,no,,,True,PRJNA661032
SRX9276319,12104791,gs://arc-institute-virtual-cell-atlas/scbasecount/2026-01-12/h5ad/GeneFull/Homo_sapiens/SRX9276319.h5ad,3516,10x_Genomics,3_prime_gex,single_cell,Homo sapiens,"lung (fibrotic lung explant, CD45+ sorted cells)",UBERON:0002048,systemic sclerosis-associated interstitial lung disease (SSc-ILD),MONDO:0005100,none reported,none,no,,,True,PRJNA668609
SRX9058150,11769226,gs://arc-institute-virtual-cell-atlas/scbasecount/2026-01-12/h5ad/GeneFull/Homo_sapiens/SRX9058150.h5ad,2292,10x_Genomics,3_prime_gex,single_cell,Homo sapiens,bronchoalveolar lavage fluid,,COVID-19 (severe),MONDO:0100096,none specified,not_applicable,no,,,True,PRJNA661032
SRX9276334,12104806,gs://arc-institute-virtual-cell-atlas/scbasecount/2026-01-12/h5ad/GeneFull/Homo_sapiens/SRX9276334.h5ad,1457,10x_Genomics,3_prime_gex,single_cell,Homo sapiens,lung explant (CD31+ endothelial fraction),UBERON:0013479,idiopathic pulmonary fibrosis (IPF),MONDO:0800504,none reported,none,no,,,True,PRJNA668609
SRX9058184,11769260,gs://arc-institute-virtual-cell-atlas/scbasecount/2026-01-12/h5ad/GeneFull/Homo_sapiens/SRX9058184.h5ad,2909,10x_Genomics,3_prime_gex,single_cell,Homo sapiens,"Peripheral blood mononuclear cells (PBMCs), broncho-alveolar lavage (BAL) immune cells","UBERON:0000178,UBERON:0006524","Severe COVID-19, healthy control",MONDO:0100096,none reported,none,no,,,True,PRJNA661032
SRX9276306,12104778,gs://arc-institute-virtual-cell-atlas/scbasecount/2026-01-12/h5ad/GeneFull/Homo_sapiens/SRX9276306.h5ad,7613,10x_Genomics,3_prime_gex,single_cell,Homo sapiens,lung explant (lung),UBERON:0002048,idiopathic pulmonary fibrosis (IPF),MONDO:0800504,none indicated,none (primary EPCAM+ SAbGAL– cells from lung explants),no,,,True,PRJNA668609
SRX9276295,12104767,gs://arc-institute-virtual-cell-atlas/scbasecount/2026-01-12/h5ad/GeneFull/Homo_sapiens/SRX9276295.h5ad,6395,10x_Genomics,3_prime_gex,single_cell,Homo sapiens,"lung explant, CD45+ immune cells",UBERON:0002048,systemic sclerosis-associated interstitial lung disease (SSc-ILD),MONDO:0005100,none reported,not applicable,no,,,True,PRJNA668609
SRX9062366,11773500,gs://arc-institute-virtual-cell-atlas/scbasecount/2026-01-12/h5ad/GeneFull/Homo_sapiens/SRX9062366.h5ad,286,10x_Genomics,3_prime_gex,single_cell,Homo sapiens,lung,UBERON:0002048,none reported (normal tissue),,none reported,not applicable,no,,,True,PRJNA661081
SRX9246189,12063416,gs://arc-institute-virtual-cell-atlas/scbasecount/2026-01-12/h5ad/GeneFull/Homo_sapiens/SRX9246189.h5ad,9503,10x_Genomics,3_prime_gex,single_cell,Homo sapiens,Primary human airway epithelial (basal) cells from polarized cultures,UBERON:0004802,Cystic fibrosis and non-CF (healthy),MONDO:0009061,Lentiviral transduction with GFP or CFTR,Primary basal cells (not immortalized cell line),no,,,True,PRJNA667491
SRX9296013,12145480,gs://arc-institute-virtual-cell-atlas/scbasecount/2026-01-12/h5ad/GeneFull/Homo_sapiens/SRX9296013.h5ad,11938,10x_Genomics,5_prime_gex,single_cell,Homo sapiens,lung (alveolar basal epithelial),UBERON:0004821,alveolar basal epithelial carcinoma,MONDO:0005138,ACE2 overexpression (transgenic),A549-ACE2,no,,,True,PRJNA669984
SRX9246195,12063422,gs://arc-institute-virtual-cell-atlas/scbasecount/2026-01-12/h5ad/GeneFull/Homo_sapiens/SRX9246195.h5ad,5793,10x_Genomics,3_prime_gex,single_cell,Homo sapiens,lung (primary basal cells),UBERON:0002048,non-cystic fibrosis (non-CF),MONDO:0009061,HIV-GFP transduction,primary basal cells,no,,,True,PRJNA667491
SRX9276333,12104805,gs://arc-institute-virtual-cell-atlas/scbasecount/2026-01-12/h5ad/GeneFull/Homo_sapiens/SRX9276333.h5ad,4841,10x_Genomics,3_prime_gex,single_cell,Homo sapiens,"lung (bronchoalveolar lavage, explant lung tissue, EPCAM+ cells)","UBERON:0002048,UBERON:0000483",idiopathic pulmonary fibrosis (IPF),MONDO:0800504,none reported,not applicable,no,,,True,PRJNA668609
SRX9058161,11769237,gs://arc-institute-virtual-cell-atlas/scbasecount/2026-01-12/h5ad/GeneFull/Homo_sapiens/SRX9058161.h5ad,3622,10x_Genomics,3_prime_gex,single_cell,Homo sapiens,bronchoalveolar lavage (BAL),UBERON:0035963,Severe COVID-19,MONDO:0100096,none reported,not applicable,no,,,True,PRJNA661032
SRX9276292,12104764,gs://arc-institute-virtual-cell-atlas/scbasecount/2026-01-12/h5ad/GeneFull/Homo_sapiens/SRX9276292.h5ad,4534,10x_Genomics,3_prime_gex,single_cell,Homo sapiens,lung (CD90+ stromal cells),UBERON:0004883,systemic sclerosis-associated interstitial lung disease (SSc-ILD),MONDO:0005100,none reported,none,no,,,True,PRJNA668609
SRX9276304,12104776,gs://arc-institute-virtual-cell-atlas/scbasecount/2026-01-12/h5ad/GeneFull/Homo_sapiens/SRX9276304.h5ad,3517,10x_Genomics,3_prime_gex,single_cell,Homo sapiens,"lung (lung explant), CD45+ immune cells",UBERON:0002048,idiopathic pulmonary fibrosis (IPF),MONDO:0800504,none reported,none,no,,,True,PRJNA668609
SRX9276293,12104765,gs://arc-institute-virtual-cell-atlas/scbasecount/2026-01-12/h5ad/GeneFull/Homo_sapiens/SRX9276293.h5ad,5540,10x_Genomics,3_prime_gex,single_cell,Homo sapiens,lung (EPCAM+ sorted epithelial cells and other lineages),UBERON:0002048,systemic sclerosis-associated interstitial lung disease (SSc-ILD),MONDO:0005100,none,none,no,,,True,PRJNA668609
SRX9246194,12063421,gs://arc-institute-virtual-cell-atlas/scbasecount/2026-01-12/h5ad/GeneFull/Homo_sapiens/SRX9246194.h5ad,5742,10x_Genomics,3_prime_gex,single_cell,Homo sapiens,primary human airway basal cells (polarized airway epithelial cultures from lung donors),UBERON:0004807,cystic fibrosis (CF) and non-CF,MONDO:0009061,lentiviral transduction with HIV-CFTR vector; polarization of airway cultures,primary basal cells (not an immortalized cell line),no,,,True,PRJNA667491
SRX9246206,12063433,gs://arc-institute-virtual-cell-atlas/scbasecount/2026-01-12/h5ad/GeneFull/Homo_sapiens/SRX9246206.h5ad,7341,10x_Genomics,3_prime_gex,single_cell,Homo sapiens,lung (primary basal cells),UBERON:0002048,cystic fibrosis,MONDO:0009061,HIV-CFTR lentiviral transduction,primary basal cells,no,,,True,PRJNA667491
SRX9276335,12104807,gs://arc-institute-virtual-cell-atlas/scbasecount/2026-01-12/h5ad/GeneFull/Homo_sapiens/SRX9276335.h5ad,5055,10x_Genomics,3_prime_gex,single_cell,Homo sapiens,lung explant,UBERON:0002048,idiopathic pulmonary fibrosis (IPF),MONDO:0800504,none specified,none,no,,,True,PRJNA668609
SRX9078404,11797540,gs://arc-institute-virtual-cell-atlas/scbasecount/2026-01-12/h5ad/GeneFull/Homo_sapiens/SRX9078404.h5ad,2097,10x_Genomics,3_prime_gex,single_cell,Homo sapiens,tracheal/bronchial epithelial cells (nHTBE),"UBERON:0001901,UBERON:0002031",none (uninfected),,none (untreated),nHTBE,no,,,True,PRJNA661567
SRX9276301,12104773,gs://arc-institute-virtual-cell-atlas/scbasecount/2026-01-12/h5ad/GeneFull/Homo_sapiens/SRX9276301.h5ad,957,10x_Genomics,3_prime_gex,single_cell,Homo sapiens,lung explant,UBERON:0002048,idiopathic pulmonary fibrosis (IPF),MONDO:0800504,none reported,none,no,,,True,PRJNA668609
SRX9058151,11769227,gs://arc-institute-virtual-cell-atlas/scbasecount/2026-01-12/h5ad/GeneFull/Homo_sapiens/SRX9058151.h5ad,3140,10x_Genomics,3_prime_gex,single_cell,Homo sapiens,broncho-alveolar lavage (BAL) fluid,UBERON:0035963,COVID-19 (fatal cases),MONDO:0100096,none beyond standard RBC lysis for cell prep,none (primary patient cells),no,,,True,PRJNA661032
SRX9246207,12063434,gs://arc-institute-virtual-cell-atlas/scbasecount/2026-01-12/h5ad/GeneFull/Homo_sapiens/SRX9246207.h5ad,4659,10x_Genomics,3_prime_gex,single_cell,Homo sapiens,lung (polarized human airway cultures),UBERON:0010499,cystic fibrosis,MONDO:0009061,HIV-GFP lentiviral transduction,primary basal cells,no,,,True,PRJNA667491
SRX9058152,11769228,gs://arc-institute-virtual-cell-atlas/scbasecount/2026-01-12/h5ad/GeneFull/Homo_sapiens/SRX9058152.h5ad,4646,10x_Genomics,3_prime_gex,single_cell,Homo sapiens,bronchoalveolar lavage (BAL),,severe COVID-19,MONDO:0100096,none specified,not_applicable,no,,,True,PRJNA661032
SRX9058153,11769229,gs://arc-institute-virtual-cell-atlas/scbasecount/2026-01-12/h5ad/GeneFull/Homo_sapiens/SRX9058153.h5ad,5033,10x_Genomics,3_prime_gex,single_cell,Homo sapiens,bronchoalveolar lavage fluid,UBERON:0035963,COVID-19 (severe),MONDO:0100096,none reported,none,no,,,True,PRJNA661032
SRX9062365,11773499,gs://arc-institute-virtual-cell-atlas/scbasecount/2026-01-12/h5ad/GeneFull/Homo_sapiens/SRX9062365.h5ad,314,10x_Genomics,3_prime_gex,single_cell,Homo sapiens,lung (mesenchymal cells),UBERON:0004883,none (healthy donor),,none reported,none (primary cells),no,,,True,PRJNA661081
SRX9058141,11769217,gs://arc-institute-virtual-cell-atlas/scbasecount/2026-01-12/h5ad/GeneFull/Homo_sapiens/SRX9058141.h5ad,2954,10x_Genomics,3_prime_gex,single_cell,Homo sapiens,bronchoalveolar lavage fluid,UBERON:0035963,severe COVID-19,MONDO:0100096,none specified,not applicable,no,,,True,PRJNA661032
SRX9058186,11769262,gs://arc-institute-virtual-cell-atlas/scbasecount/2026-01-12/h5ad/GeneFull/Homo_sapiens/SRX9058186.h5ad,1211,10x_Genomics,3_prime_gex,single_cell,Homo sapiens,"peripheral blood mononuclear cells, bronchoalveolar lavage fluid",UBERON:0035963,COVID-19,MONDO:0100096,none specified,not applicable,no,,,True,PRJNA661032
SRX9058156,11769232,gs://arc-institute-virtual-cell-atlas/scbasecount/2026-01-12/h5ad/GeneFull/Homo_sapiens/SRX9058156.h5ad,5843,10x_Genomics,3_prime_gex,single_cell,Homo sapiens,bronchoalveolar lavage fluid (BAL),UBERON:0035963,severe COVID-19 (fatal outcome),MONDO:0100096,none specified,not applicable,no,,,True,PRJNA661032
SRX9058168,11769244,gs://arc-institute-virtual-cell-atlas/scbasecount/2026-01-12/h5ad/GeneFull/Homo_sapiens/SRX9058168.h5ad,2643,10x_Genomics,3_prime_gex,single_cell,Homo sapiens,bronchoalveolar lavage fluid,UBERON:0035963,COVID-19 (severe/fatal),MONDO:0100096,none (clinical sampling),not_applicable,no,,,True,PRJNA661032
SRX9246208,12063435,gs://arc-institute-virtual-cell-atlas/scbasecount/2026-01-12/h5ad/GeneFull/Homo_sapiens/SRX9246208.h5ad,5714,10x_Genomics,3_prime_gex,single_cell,Homo sapiens,lung (primary basal cells),UBERON:0000115,cystic fibrosis,MONDO:0009061,none/untreated,none (primary cells),no,,,True,PRJNA667491
SRX9276289,12104761,gs://arc-institute-virtual-cell-atlas/scbasecount/2026-01-12/h5ad/GeneFull/Homo_sapiens/SRX9276289.h5ad,3913,10x_Genomics,3_prime_gex,single_cell,Homo sapiens,lung (EPCAM+ epithelial cells from primary explant),UBERON:0000115,systemic sclerosis-associated interstitial lung disease (SSc-ILD),MONDO:0005100,none reported,not applicable,no,,,True,PRJNA668609
SRX9058149,11769225,gs://arc-institute-virtual-cell-atlas/scbasecount/2026-01-12/h5ad/GeneFull/Homo_sapiens/SRX9058149.h5ad,4174,10x_Genomics,3_prime_gex,single_cell,Homo sapiens,bronchoalveolar lavage fluid,UBERON:0035963,COVID-19 (severe),MONDO:0100096,none specified,not_applicable,no,,,True,PRJNA661032
SRX9078405,11797541,gs://arc-institute-virtual-cell-atlas/scbasecount/2026-01-12/h5ad/GeneFull/Homo_sapiens/SRX9078405.h5ad,2815,10x_Genomics,3_prime_gex,single_cell,Homo sapiens,tracheal/bronchial epithelium (primary nHTBE cells),UBERON:0008397,SARS-CoV-2 infection,MONDO:0100096,"viral infection (MOI 5, 24h post-infection)","primary normal human tracheal bronchial epithelial (nHTBE) cells, Lonza CC-2540S",no,,,True,PRJNA661567
SRX9062363,11773497,gs://arc-institute-virtual-cell-atlas/scbasecount/2026-01-12/h5ad/GeneFull/Homo_sapiens/SRX9062363.h5ad,569,10x_Genomics,3_prime_gex,single_cell,Homo sapiens,"lung (primary mesenchymal cells, EPCAM–/CD31–/CD45– sorted)",UBERON:0002048,none (healthy donor),,none reported,not_applicable,no,,,True,PRJNA661081
SRX9058189,11769265,gs://arc-institute-virtual-cell-atlas/scbasecount/2026-01-12/h5ad/GeneFull/Homo_sapiens/SRX9058189.h5ad,2561,10x_Genomics,3_prime_gex,single_cell,Homo sapiens,"Peripheral blood mononuclear cells (PBMC), bronchoalveolar lavage (BAL) fluid",UBERON:0035963,"COVID-19 (mild, severe, fatal), includes immunocompromised patients",MONDO:0100096,none (clinical/observational),none,no,,,True,PRJNA661032
SRX9058166,11769242,gs://arc-institute-virtual-cell-atlas/scbasecount/2026-01-12/h5ad/GeneFull/Homo_sapiens/SRX9058166.h5ad,1719,10x_Genomics,3_prime_gex,single_cell,Homo sapiens,bronchoalveolar lavage fluid,UBERON:0035963,COVID-19 (severe),MONDO:0100096,none specified,none,no,,,True,PRJNA661032
SRX8953166,11637888,gs://arc-institute-virtual-cell-atlas/scbasecount/2026-01-12/h5ad/GeneFull/Homo_sapiens/SRX8953166.h5ad,3756,10x_Genomics,3_prime_gex,single_cell,Homo sapiens,lung (lower lobe),UBERON:0008949,idiopathic pulmonary fibrosis (IPF),MONDO:0800504,none reported,none,no,,,True,PRJNA657422
SRX9276291,12104763,gs://arc-institute-virtual-cell-atlas/scbasecount/2026-01-12/h5ad/GeneFull/Homo_sapiens/SRX9276291.h5ad,4355,10x_Genomics,3_prime_gex,single_cell,Homo sapiens,lung (CD45+ sorted cells),UBERON:0002048,systemic sclerosis-associated interstitial lung disease (SSc-ILD),MONDO:0005100,none indicated,none,no,,,True,PRJNA668609
SRX9246201,12063428,gs://arc-institute-virtual-cell-atlas/scbasecount/2026-01-12/h5ad/GeneFull/Homo_sapiens/SRX9246201.h5ad,3109,10x_Genomics,3_prime_gex,single_cell,Homo sapiens,lung (primary basal cells),UBERON:0000115,cystic fibrosis,MONDO:0009061,HIV-GFP transduction,none,no,,,True,PRJNA667491
SRX9276302,12104774,gs://arc-institute-virtual-cell-atlas/scbasecount/2026-01-12/h5ad/GeneFull/Homo_sapiens/SRX9276302.h5ad,4710,10x_Genomics,3_prime_gex,single_cell,Homo sapiens,"lung (fresh explant), EPCAM+ epithelial cells","UBERON:0002048,UBERON:0000483",idiopathic pulmonary fibrosis (IPF),MONDO:0800504,none reported,not_applicable,no,,,True,PRJNA668609
SRX9276303,12104775,gs://arc-institute-virtual-cell-atlas/scbasecount/2026-01-12/h5ad/GeneFull/Homo_sapiens/SRX9276303.h5ad,4492,10x_Genomics,3_prime_gex,single_cell,Homo sapiens,"lung (fresh explant), CD31+ endothelial cells","UBERON:0002048,UBERON:0001986",idiopathic pulmonary fibrosis (IPF),MONDO:0800504,none reported,none,no,,,True,PRJNA668609
SRX9863288,12910749,gs://arc-institute-virtual-cell-atlas/scbasecount/2026-01-12/h5ad/GeneFull/Homo_sapiens/SRX9863288.h5ad,5592,10x_Genomics,3_prime_gex,single_cell,Homo sapiens,airway epithelial organoids,UBERON:0004802,"rhinovirus infection (RV1A), mock control",MONDO:0005108,"RV1A infection, mock control",primary organoid culture,no,,,True,PRJNA692726
SRX10100448,13228024,gs://arc-institute-virtual-cell-atlas/scbasecount/2026-01-12/h5ad/GeneFull/Homo_sapiens/SRX10100448.h5ad,28784,10x_Genomics,3_prime_gex,single_cell,Homo sapiens,bronchial epithelial cells (airway epithelium),UBERON:0002031,SARS-CoV-2 infection,MONDO:0100096,infection (3 days post-infection),primary human bronchial epithelial cells,no,2a79d190-a41e-4408-88c8-ac5c4d03c0fc,Single-cell longitudinal analysis of SARS-CoV-2 infection in human bronchial epithelial cells,True,PRJNA701930
SRX27113477,36591452,gs://arc-institute-virtual-cell-atlas/scbasecount/2026-01-12/h5ad/GeneFull/Homo_sapiens/SRX27113477.h5ad,2212,10x_Genomics,5_prime_gex,single_nucleus,Homo sapiens,distal lung,UBERON:0002299,none (healthy control),,none,not applicable,no,,,True,PRJNA1172658
SRX9246193,12063420,gs://arc-institute-virtual-cell-atlas/scbasecount/2026-01-12/h5ad/GeneFull/Homo_sapiens/SRX9246193.h5ad,5500,10x_Genomics,3_prime_gex,single_cell,Homo sapiens,airway epithelial cell cultures (primary basal cells from lung donors),UBERON:0004802,non-CF control,,untreated,primary human basal cells,no,,,True,PRJNA667491
SRX9276328,12104800,gs://arc-institute-virtual-cell-atlas/scbasecount/2026-01-12/h5ad/GeneFull/Homo_sapiens/SRX9276328.h5ad,2990,10x_Genomics,3_prime_gex,single_cell,Homo sapiens,"lung (EPCAM+ epithelial cells, fresh explant)",UBERON:0002048,control (no disease),,none reported,none,no,,,True,PRJNA668609
SRX9058159,11769235,gs://arc-institute-virtual-cell-atlas/scbasecount/2026-01-12/h5ad/GeneFull/Homo_sapiens/SRX9058159.h5ad,3226,10x_Genomics,3_prime_gex,single_cell,Homo sapiens,bronchoalveolar lavage (BAL),UBERON:0035963,"COVID-19 (severe, fatal)",MONDO:0100096,none reported,not_applicable,no,,,True,PRJNA661032
SRX9078407,11797543,gs://arc-institute-virtual-cell-atlas/scbasecount/2026-01-12/h5ad/GeneFull/Homo_sapiens/SRX9078407.h5ad,2138,10x_Genomics,3_prime_gex,single_cell,Homo sapiens,primary human airway epithelial cells,UBERON:0004802,no donor disease; experimental SARS-CoV-2 infection,,"IFN-β pretreatment, remdesivir pretreatment, SARS-CoV-2 infection",none (primary cells),no,,,True,PRJNA661567
SRX8417844,10949609,gs://arc-institute-virtual-cell-atlas/scbasecount/2026-01-12/h5ad/GeneFull/Homo_sapiens/SRX8417844.h5ad,3168,10x_Genomics,3_prime_gex,single_cell,Homo sapiens,lung,UBERON:0002048,idiopathic pulmonary fibrosis,MONDO:0800504,nintedanib,,no,,,True,PRJNA635636
SRX9276296,12104768,gs://arc-institute-virtual-cell-atlas/scbasecount/2026-01-12/h5ad/GeneFull/Homo_sapiens/SRX9276296.h5ad,1638,10x_Genomics,3_prime_gex,single_cell,Homo sapiens,lung,UBERON:0002048,control (no disease),,none reported,none,no,,,True,PRJNA668609
SRX9246205,12063432,gs://arc-institute-virtual-cell-atlas/scbasecount/2026-01-12/h5ad/GeneFull/Homo_sapiens/SRX9246205.h5ad,2325,10x_Genomics,3_prime_gex,single_cell,Homo sapiens,lung,UBERON:0002048,cystic fibrosis,MONDO:0009061,none/untreated,primary basal cells,no,,,True,PRJNA667491
SRX9276290,12104762,gs://arc-institute-virtual-cell-atlas/scbasecount/2026-01-12/h5ad/GeneFull/Homo_sapiens/SRX9276290.h5ad,4397,10x_Genomics,3_prime_gex,single_cell,Homo sapiens,"lung (CD31+ endothelial cells, explant)",UBERON:0002048,systemic sclerosis-associated interstitial lung disease (SSc-ILD),MONDO:0005100,none reported,none,no,,,True,PRJNA668609
SRX27113474,36591449,gs://arc-institute-virtual-cell-atlas/scbasecount/2026-01-12/h5ad/GeneFull/Homo_sapiens/SRX27113474.h5ad,4677,10x_Genomics,5_prime_gex,single_nucleus,Homo sapiens,lung (distal basal segment),UBERON:8600017,none (healthy control),,none,none,no,,,True,PRJNA1172658
SRX27113468,36591443,gs://arc-institute-virtual-cell-atlas/scbasecount/2026-01-12/h5ad/GeneFull/Homo_sapiens/SRX27113468.h5ad,4207,10x_Genomics,5_prime_gex,single_nucleus,Homo sapiens,right lower lung lobe,UBERON:0002171,healthy (control),,none,not_applicable,no,,,True,PRJNA1172658
SRX27113472,36591447,gs://arc-institute-virtual-cell-atlas/scbasecount/2026-01-12/h5ad/GeneFull/Homo_sapiens/SRX27113472.h5ad,5274,10x_Genomics,5_prime_gex,single_nucleus,Homo sapiens,lung (basal segments of right lower lobes),UBERON:8600017,none/healthy,,none,none,no,,,True,PRJNA1172658
SRX27113456,36591431,gs://arc-institute-virtual-cell-atlas/scbasecount/2026-01-12/h5ad/GeneFull/Homo_sapiens/SRX27113456.h5ad,6495,10x_Genomics,5_prime_gex,single_nucleus,Homo sapiens,lung (distal tissue from basal segments of right lower lobes),UBERON:0008946,idiopathic pulmonary fibrosis (IPF),MONDO:0800504,none reported,not_applicable,no,,,True,PRJNA1172658
SRX27113454,36591429,gs://arc-institute-virtual-cell-atlas/scbasecount/2026-01-12/h5ad/GeneFull/Homo_sapiens/SRX27113454.h5ad,5881,10x_Genomics,5_prime_gex,single_nucleus,Homo sapiens,"distal lung (right lower lobe, basal segments)",UBERON:0002299,idiopathic pulmonary fibrosis (IPF),MONDO:0800504,none reported,none,no,,,True,PRJNA1172658
SRX27113452,36591427,gs://arc-institute-virtual-cell-atlas/scbasecount/2026-01-12/h5ad/GeneFull/Homo_sapiens/SRX27113452.h5ad,4014,10x_Genomics,5_prime_gex,single_nucleus,Homo sapiens,"distal lung (right lower lobe, basal segment)",UBERON:8600017,idiopathic pulmonary fibrosis (IPF),MONDO:0800504,none,none,no,,,True,PRJNA1172658
SRX27113450,36591425,gs://arc-institute-virtual-cell-atlas/scbasecount/2026-01-12/h5ad/GeneFull/Homo_sapiens/SRX27113450.h5ad,5750,10x_Genomics,5_prime_gex,single_nucleus,Homo sapiens,"distal lung (right lower lobe, basal segments)",UBERON:8600017,idiopathic pulmonary fibrosis (IPF),MONDO:0800504,none reported,not applicable,no,,,True,PRJNA1172658
SRX27113466,36591441,gs://arc-institute-virtual-cell-atlas/scbasecount/2026-01-12/h5ad/GeneFull/Homo_sapiens/SRX27113466.h5ad,7582,10x_Genomics,5_prime_gex,single_nucleus,Homo sapiens,"distal lung (right lower lobe, basal segment)",UBERON:8600017,"idiopathic pulmonary fibrosis (IPF), healthy control",MONDO:0800504,none,none,no,,,True,PRJNA1172658
SRX27113464,36591439,gs://arc-institute-virtual-cell-atlas/scbasecount/2026-01-12/h5ad/GeneFull/Homo_sapiens/SRX27113464.h5ad,5685,10x_Genomics,5_prime_gex,single_nucleus,Homo sapiens,"distal lung (right lower lobe, IPF patient)",UBERON:0002171,idiopathic pulmonary fibrosis (IPF),MONDO:0800504,none reported,not applicable,no,,,True,PRJNA1172658
SRX27113461,36591436,gs://arc-institute-virtual-cell-atlas/scbasecount/2026-01-12/h5ad/GeneFull/Homo_sapiens/SRX27113461.h5ad,9072,10x_Genomics,5_prime_gex,single_nucleus,Homo sapiens,"lung (distal, right lower lobe)",UBERON:0002171,idiopathic pulmonary fibrosis (IPF),MONDO:0800504,none reported,none,no,,,True,PRJNA1172658
SRX27113458,36591433,gs://arc-institute-virtual-cell-atlas/scbasecount/2026-01-12/h5ad/GeneFull/Homo_sapiens/SRX27113458.h5ad,2962,10x_Genomics,5_prime_gex,single_nucleus,Homo sapiens,distal lung (fibrotic lesion),UBERON:0008946,Idiopathic Pulmonary Fibrosis (IPF),MONDO:0800504,none reported,not_applicable,no,,,True,PRJNA1172658
SRX9296012,12145479,gs://arc-institute-virtual-cell-atlas/scbasecount/2026-01-12/h5ad/GeneFull/Homo_sapiens/SRX9296012.h5ad,13242,10x_Genomics,5_prime_gex,single_cell,Homo sapiens,"A549 cell line (lung epithelial, alveolar basal)",UBERON:0004821,lung adenocarcinoma (carcinoma cell line),MONDO:0005061,ACE2 overexpression (transgenic),A549,no,,,True,PRJNA669984
SRX9276322,12104794,gs://arc-institute-virtual-cell-atlas/scbasecount/2026-01-12/h5ad/GeneFull/Homo_sapiens/SRX9276322.h5ad,3846,10x_Genomics,3_prime_gex,single_cell,Homo sapiens,lung (fibrotic lung explant),UBERON:0002048,idiopathic pulmonary fibrosis (IPF),MONDO:0800504,none reported,none,no,,,True,PRJNA668609
SRX9276315,12104787,gs://arc-institute-virtual-cell-atlas/scbasecount/2026-01-12/h5ad/GeneFull/Homo_sapiens/SRX9276315.h5ad,7002,10x_Genomics,3_prime_gex,single_cell,Homo sapiens,lung,UBERON:0002048,systemic sclerosis-associated interstitial lung disease (SSc-ILD),MONDO:0005100,none specified,none specified,no,,,True,PRJNA668609
SRX9058146,11769222,gs://arc-institute-virtual-cell-atlas/scbasecount/2026-01-12/h5ad/GeneFull/Homo_sapiens/SRX9058146.h5ad,1660,10x_Genomics,3_prime_gex,single_cell,Homo sapiens,"bronchoalveolar lavage fluid, peripheral blood","UBERON:0035963,UBERON:0000178",COVID-19 (severe),MONDO:0100096,none specified,none,no,,,True,PRJNA661032
SRX9062358,11773492,gs://arc-institute-virtual-cell-atlas/scbasecount/2026-01-12/h5ad/GeneFull/Homo_sapiens/SRX9062358.h5ad,191,10x_Genomics,3_prime_gex,single_cell,Homo sapiens,lung (mesenchymal/stromal cells),UBERON:0004883,idiopathic pulmonary fibrosis (IPF),MONDO:0800504,none reported,none,no,,,True,PRJNA661081
SRX9058169,11769245,gs://arc-institute-virtual-cell-atlas/scbasecount/2026-01-12/h5ad/GeneFull/Homo_sapiens/SRX9058169.h5ad,4684,10x_Genomics,3_prime_gex,single_cell,Homo sapiens,bronchoalveolar lavage fluid (BAL),UBERON:0035963,COVID-19 (severe),MONDO:0100096,none reported,not applicable,no,,,True,PRJNA661032
SRX9062357,11773491,gs://arc-institute-virtual-cell-atlas/scbasecount/2026-01-12/h5ad/GeneFull/Homo_sapiens/SRX9062357.h5ad,555,10x_Genomics,3_prime_gex,single_cell,Homo sapiens,lung,UBERON:0002048,idiopathic pulmonary fibrosis,MONDO:0800504,none reported,none,no,,,True,PRJNA661081
SRX9276323,12104795,gs://arc-institute-virtual-cell-atlas/scbasecount/2026-01-12/h5ad/GeneFull/Homo_sapiens/SRX9276323.h5ad,6333,10x_Genomics,3_prime_gex,single_cell,Homo sapiens,"lung (epithelial, endothelial, immune, stromal cells)",UBERON:0002048,idiopathic pulmonary fibrosis (IPF),MONDO:0800504,none reported,none,no,,,True,PRJNA668609
SRX9276313,12104785,gs://arc-institute-virtual-cell-atlas/scbasecount/2026-01-12/h5ad/GeneFull/Homo_sapiens/SRX9276313.h5ad,2450,10x_Genomics,3_prime_gex,single_cell,Homo sapiens,"lung (bronchoalveolar/explant tissue), CD31+ endothelial cells","UBERON:0008946,UBERON:0001986",control (no disease),,none reported,not applicable (primary cells),no,,,True,PRJNA668609
SRX9276318,12104790,gs://arc-institute-virtual-cell-atlas/scbasecount/2026-01-12/h5ad/GeneFull/Homo_sapiens/SRX9276318.h5ad,6032,10x_Genomics,3_prime_gex,single_cell,Homo sapiens,lung (CD31+ endothelial cells),UBERON:0013479,systemic sclerosis-associated interstitial lung disease (SSc-ILD),MONDO:0005100,none specified,not applicable,no,,,True,PRJNA668609
SRX9276331,12104803,gs://arc-institute-virtual-cell-atlas/scbasecount/2026-01-12/h5ad/GeneFull/Homo_sapiens/SRX9276331.h5ad,3436,10x_Genomics,3_prime_gex,single_cell,Homo sapiens,lung,UBERON:0002048,control (healthy donor),,none reported,none,no,,,True,PRJNA668609
SRX9062364,11773498,gs://arc-institute-virtual-cell-atlas/scbasecount/2026-01-12/h5ad/GeneFull/Homo_sapiens/SRX9062364.h5ad,471,10x_Genomics,3_prime_gex,single_cell,Homo sapiens,"lung (mesenchymal cells, healthy donor)",UBERON:0004883,none (healthy),,none reported,none,no,,,True,PRJNA661081
SRX9276329,12104801,gs://arc-institute-virtual-cell-atlas/scbasecount/2026-01-12/h5ad/GeneFull/Homo_sapiens/SRX9276329.h5ad,2143,10x_Genomics,3_prime_gex,single_cell,Homo sapiens,"lung (transplant explant, CD31+ sorted cells)",UBERON:0002048,none (control),,none reported,none,no,,,True,PRJNA668609
SRX9276297,12104769,gs://arc-institute-virtual-cell-atlas/scbasecount/2026-01-12/h5ad/GeneFull/Homo_sapiens/SRX9276297.h5ad,6058,10x_Genomics,3_prime_gex,single_cell,Homo sapiens,"lung epithelial cells (EPCAM+), lung explant","UBERON:0000115,UBERON:0002048",normal control (no disease),,none,none,no,,,True,PRJNA668609
SRX9276309,12104781,gs://arc-institute-virtual-cell-atlas/scbasecount/2026-01-12/h5ad/GeneFull/Homo_sapiens/SRX9276309.h5ad,2881,10x_Genomics,3_prime_gex,single_cell,Homo sapiens,lung explant (CD45+ immune cells),UBERON:0002048,idiopathic pulmonary fibrosis (IPF),MONDO:0800504,none reported,none,no,,,True,PRJNA668609
SRX9058196,11769272,gs://arc-institute-virtual-cell-atlas/scbasecount/2026-01-12/h5ad/GeneFull/Homo_sapiens/SRX9058196.h5ad,5190,10x_Genomics,3_prime_gex,single_cell,Homo sapiens,"blood, bronchoalveolar lavage fluid",UBERON:0000178,"COVID-19, healthy control",MONDO:0100096,none,none,no,,,True,PRJNA661032
SRX9058164,11769240,gs://arc-institute-virtual-cell-atlas/scbasecount/2026-01-12/h5ad/GeneFull/Homo_sapiens/SRX9058164.h5ad,4721,10x_Genomics,3_prime_gex,single_cell,Homo sapiens,"bronchoalveolar lavage (BAL) fluid, peripheral blood mononuclear cells (PBMCs)","UBERON:0002048,UBERON:0001971",COVID-19 (severe/fatal cases),MONDO:0100096,none reported (clinical samples),not_applicable,no,,,True,PRJNA661032
SRX9246192,12063419,gs://arc-institute-virtual-cell-atlas/scbasecount/2026-01-12/h5ad/GeneFull/Homo_sapiens/SRX9246192.h5ad,4699,10x_Genomics,3_prime_gex,single_cell,Homo sapiens,lung (primary basal cells),UBERON:0002048,non-cystic fibrosis (non-CF),MONDO:0009061,transduced with HIV-GFP,primary cells,no,,,True,PRJNA667491
SRX9276330,12104802,gs://arc-institute-virtual-cell-atlas/scbasecount/2026-01-12/h5ad/GeneFull/Homo_sapiens/SRX9276330.h5ad,1301,10x_Genomics,3_prime_gex,single_cell,Homo sapiens,"lung (CD45+ immune cells, explant)",UBERON:0002048,none (healthy control),,none,none,no,,,True,PRJNA668609
SRX9276316,12104788,gs://arc-institute-virtual-cell-atlas/scbasecount/2026-01-12/h5ad/GeneFull/Homo_sapiens/SRX9276316.h5ad,4872,10x_Genomics,3_prime_gex,single_cell,Homo sapiens,lung (EPCAM+ HT2-280+ epithelial cells),UBERON:0004821,systemic sclerosis-associated interstitial lung disease (SSc-ILD),MONDO:0005100,none (FACS sorting only),none,no,,,True,PRJNA668609
SRX9296018,12145485,gs://arc-institute-virtual-cell-atlas/scbasecount/2026-01-12/h5ad/GeneFull/Homo_sapiens/SRX9296018.h5ad,22503,10x_Genomics,5_prime_gex,single_cell,Homo sapiens,"A549 cell line (lung, alveolar basal epithelial carcinoma)",UBERON:0004821,lung carcinoma,MONDO:0005138,ACE2 overexpression (transgenic),A549,no,,,True,PRJNA669984
SRX8349957,10860915,gs://arc-institute-virtual-cell-atlas/scbasecount/2026-01-12/h5ad/GeneFull/Homo_sapiens/SRX8349957.h5ad,2790,10x_Genomics,3_prime_gex,single_cell,Homo sapiens,"proximal airway epithelium (bronchi and carina), FACS-sorted CD326+ airway epithelial cells","UBERON:0002416,UBERON:0002416",cystic fibrosis (CF) and healthy controls,MONDO:0009061,none reported,none,no,,,True,PRJNA633134
SRX8349949,10860907,gs://arc-institute-virtual-cell-atlas/scbasecount/2026-01-12/h5ad/GeneFull/Homo_sapiens/SRX8349949.h5ad,2847,10x_Genomics,3_prime_gex,single_cell,Homo sapiens,airway epithelium,UBERON:0004802,none (wild-type),,none reported,none,no,,,True,PRJNA633134
SRX8349962,10860920,gs://arc-institute-virtual-cell-atlas/scbasecount/2026-01-12/h5ad/GeneFull/Homo_sapiens/SRX8349962.h5ad,589,10x_Genomics,3_prime_gex,single_cell,Homo sapiens,primary human airway epithelium (bronchi and carina),UBERON:0004802,cystic fibrosis (genotype G542X/R785X),MONDO:0009061,none specified,primary airway epithelial cells (not immortalized),no,,,True,PRJNA633134
SRX9296019,12145486,gs://arc-institute-virtual-cell-atlas/scbasecount/2026-01-12/h5ad/GeneFull/Homo_sapiens/SRX9296019.h5ad,23695,10x_Genomics,5_prime_gex,single_cell,Homo sapiens,A549 cell line (human alveolar basal epithelial carcinoma),UBERON:0004821,lung carcinoma (A549 cell line),MONDO:0005138,"ACE2 overexpression, cell hashing, guide detection (ECCITE-seq)",A549,no,,,True,PRJNA669984
SRX9062360,11773494,gs://arc-institute-virtual-cell-atlas/scbasecount/2026-01-12/h5ad/GeneFull/Homo_sapiens/SRX9062360.h5ad,95,10x_Genomics,3_prime_gex,single_cell,Homo sapiens,"lung mesenchymal cells (EPCAM–/CD31–/CD45–), from IPF patient",UBERON:0004883,Idiopathic pulmonary fibrosis (IPF),MONDO:0800504,none reported,"primary cells, no cell line",no,,,True,PRJNA661081
SRX9276312,12104784,gs://arc-institute-virtual-cell-atlas/scbasecount/2026-01-12/h5ad/GeneFull/Homo_sapiens/SRX9276312.h5ad,3820,10x_Genomics,3_prime_gex,single_cell,Homo sapiens,lung (EPCAM+ epithelial cells),UBERON:0000115,"none (control, transplant donor)",,none,none,no,,,True,PRJNA668609
SRX9246196,12063423,gs://arc-institute-virtual-cell-atlas/scbasecount/2026-01-12/h5ad/GeneFull/Homo_sapiens/SRX9246196.h5ad,6457,10x_Genomics,3_prime_gex,single_cell,Homo sapiens,lung (primary basal cells),UBERON:0002031,non-cystic fibrosis (control),MONDO:0009061,none/untreated,none,no,,,True,PRJNA667491
SRX8349948,10860906,gs://arc-institute-virtual-cell-atlas/scbasecount/2026-01-12/h5ad/GeneFull/Homo_sapiens/SRX8349948.h5ad,2750,10x_Genomics,3_prime_gex,single_cell,Homo sapiens,"airway epithelium (bronchi, carina)",UBERON:0004802,cystic fibrosis and control (healthy),MONDO:0009061,"enzymatic dissociation, FACS enrichment, air-liquid interface culture",none; primary cells,no,,,True,PRJNA633134
SRX8349970,10860928,gs://arc-institute-virtual-cell-atlas/scbasecount/2026-01-12/h5ad/GeneFull/Homo_sapiens/SRX8349970.h5ad,4100,10x_Genomics,3_prime_gex,single_cell,Homo sapiens,bronchial epithelium (air-liquid interface culture),UBERON:0002031,cystic fibrosis (F508del/1811+1.6kbA>G),MONDO:0009061,cultured 28 days in Vertex ALI media,primary human bronchial epithelial cells,no,,,True,PRJNA633134
SRX8349959,10860917,gs://arc-institute-virtual-cell-atlas/scbasecount/2026-01-12/h5ad/GeneFull/Homo_sapiens/SRX8349959.h5ad,2309,10x_Genomics,3_prime_gex,single_cell,Homo sapiens,airway epithelium,UBERON:0004802,cystic fibrosis (dF508/dF508),MONDO:0009061,none specified,none,no,,,True,PRJNA633134
SRX8349966,10860924,gs://arc-institute-virtual-cell-atlas/scbasecount/2026-01-12/h5ad/GeneFull/Homo_sapiens/SRX8349966.h5ad,1659,10x_Genomics,3_prime_gex,single_cell,Homo sapiens,airway epithelium (bronchi and carina),UBERON:0004802,cystic fibrosis (dF508/1078delT genotype),MONDO:0009061,none specified,not applicable (primary cells),no,,,True,PRJNA633134
SRX8349956,10860914,gs://arc-institute-virtual-cell-atlas/scbasecount/2026-01-12/h5ad/GeneFull/Homo_sapiens/SRX8349956.h5ad,1400,10x_Genomics,3_prime_gex,single_cell,Homo sapiens,Airway epithelium (bronchi and carina),"UBERON:0002031,UBERON:0008397",Cystic fibrosis,MONDO:0009061,none specified,"primary cells, not a cell line",no,,,True,PRJNA633134
SRX29072180,39024988,gs://arc-institute-virtual-cell-atlas/scbasecount/2026-01-12/h5ad/GeneFull/Homo_sapiens/SRX29072180.h5ad,8905,10x_Genomics,3_prime_gex,single_cell,Homo sapiens,"lung tumor (non-small-cell lung carcinoma, NSCLC)",UBERON:0002048,non-small-cell lung carcinoma (NSCLC),MONDO:0005233,neoadjuvant chemotherapy,none,no,,,True,PRJNA1272602
SRX29072177,39024985,gs://arc-institute-virtual-cell-atlas/scbasecount/2026-01-12/h5ad/GeneFull/Homo_sapiens/SRX29072177.h5ad,5932,10x_Genomics,3_prime_gex,single_cell,Homo sapiens,NSCLC tumor (lung),UBERON:0002048,non-small cell lung cancer (NSCLC),MONDO:0005233,untreated (this sample); study includes pre- and post-chemotherapy,none (primary tumor cells),no,,,True,PRJNA1272602
SRX29072175,39024983,gs://arc-institute-virtual-cell-atlas/scbasecount/2026-01-12/h5ad/GeneFull/Homo_sapiens/SRX29072175.h5ad,9175,10x_Genomics,3_prime_gex,single_cell,Homo sapiens,non-small cell lung cancer tumor,UBERON:0002048,non-small cell lung cancer (NSCLC),MONDO:0005233,none/untreated,none,no,,,True,PRJNA1272602
SRX29072176,39024984,gs://arc-institute-virtual-cell-atlas/scbasecount/2026-01-12/h5ad/GeneFull/Homo_sapiens/SRX29072176.h5ad,6077,10x_Genomics,3_prime_gex,single_cell,Homo sapiens,non-small cell lung carcinoma (NSCLC) tumor,UBERON:0002048,non-small cell lung carcinoma (NSCLC),MONDO:0005233,neoadjuvant chemotherapy,none,no,,,True,PRJNA1272602
SRX8370854,10888051,gs://arc-institute-virtual-cell-atlas/scbasecount/2026-01-12/h5ad/GeneFull/Homo_sapiens/SRX8370854.h5ad,7761,10x_Genomics,3_prime_gex,single_cell,Homo sapiens,PC9 lung adenocarcinoma cell line,UBERON:0004821,lung adenocarcinoma,MONDO:0005061,"osimertinib (300 nM) treatment, day 3",PC9,no,,,True,PRJNA634136
SRX29072179,39024987,gs://arc-institute-virtual-cell-atlas/scbasecount/2026-01-12/h5ad/GeneFull/Homo_sapiens/SRX29072179.h5ad,4985,10x_Genomics,3_prime_gex,single_cell,Homo sapiens,non-small-cell lung carcinoma (NSCLC) tumor,UBERON:0002048,non-small-cell lung carcinoma (NSCLC),MONDO:0005233,neoadjuvant chemotherapy,not_applicable,no,,,True,PRJNA1272602
SRX29072178,39024986,gs://arc-institute-virtual-cell-atlas/scbasecount/2026-01-12/h5ad/GeneFull/Homo_sapiens/SRX29072178.h5ad,11144,10x_Genomics,3_prime_gex,single_cell,Homo sapiens,"lung tumor (NSCLC), tumor-infiltrating immune cells (myeloid, T cells, B cells)",UBERON:0002048,non-small cell lung carcinoma (NSCLC),MONDO:0005233,neoadjuvant chemotherapy,none,no,,,True,PRJNA1272602
SRX9276298,12104770,gs://arc-institute-virtual-cell-atlas/scbasecount/2026-01-12/h5ad/GeneFull/Homo_sapiens/SRX9276298.h5ad,3168,10x_Genomics,3_prime_gex,single_cell,Homo sapiens,"lung (fresh explant), FACS-sorted EPCAM+, CD31+, CD45+, triple-negative populations","UBERON:0002048,UBERON:0000483,UBERON:0001986","idiopathic pulmonary fibrosis (IPF), systemic sclerosis-associated interstitial lung disease (SSc-ILD), normal control",MONDO:0800504,"none (primary tissue, FACS sorting only)",none,no,,,True,PRJNA668609
SRX9276317,12104789,gs://arc-institute-virtual-cell-atlas/scbasecount/2026-01-12/h5ad/GeneFull/Homo_sapiens/SRX9276317.h5ad,5124,10x_Genomics,3_prime_gex,single_cell,Homo sapiens,"lung (bronchoalveolar lavage explant cells, sorted by FACS: EPCAM+, CD31+, CD45+, triple-negative)",UBERON:0002299,"idiopathic pulmonary fibrosis (IPF), systemic sclerosis-associated interstitial lung disease (SSc-ILD), control","MONDO:0800504,MONDO:0005100",none reported,none; primary cells,no,,,True,PRJNA668609
SRX9276320,12104792,gs://arc-institute-virtual-cell-atlas/scbasecount/2026-01-12/h5ad/GeneFull/Homo_sapiens/SRX9276320.h5ad,5242,10x_Genomics,3_prime_gex,single_cell,Homo sapiens,"lung (stromal, immune, epithelial, endothelial populations from explant tissue)",UBERON:0002048,systemic sclerosis-associated interstitial lung disease (SSc-ILD),MONDO:0005100,none reported,not applicable,no,,,True,PRJNA668609
SRX9276326,12104798,gs://arc-institute-virtual-cell-atlas/scbasecount/2026-01-12/h5ad/GeneFull/Homo_sapiens/SRX9276326.h5ad,3803,10x_Genomics,3_prime_gex,single_cell,Homo sapiens,lung explant,UBERON:0002048,idiopathic pulmonary fibrosis (IPF),MONDO:0800504,none reported,not_applicable,no,,,True,PRJNA668609
SRX9276332,12104804,gs://arc-institute-virtual-cell-atlas/scbasecount/2026-01-12/h5ad/GeneFull/Homo_sapiens/SRX9276332.h5ad,3463,10x_Genomics,3_prime_gex,single_cell,Homo sapiens,lung explant,UBERON:0002048,idiopathic pulmonary fibrosis (IPF),MONDO:0800504,none specified,none,no,,,True,PRJNA668609
SRX9276325,12104797,gs://arc-institute-virtual-cell-atlas/scbasecount/2026-01-12/h5ad/GeneFull/Homo_sapiens/SRX9276325.h5ad,3915,10x_Genomics,3_prime_gex,single_cell,Homo sapiens,"lung (CD45+ immune cells, FACS-sorted)",UBERON:0002048,idiopathic pulmonary fibrosis (IPF),MONDO:0800504,none reported,not_applicable,no,,,True,PRJNA668609
SRX9078408,11797544,gs://arc-institute-virtual-cell-atlas/scbasecount/2026-01-12/h5ad/GeneFull/Homo_sapiens/SRX9078408.h5ad,1866,10x_Genomics,3_prime_gex,single_cell,Homo sapiens,tracheal/bronchial epithelial cells,"UBERON:0001901,UBERON:0002031",SARS-CoV-2 infection,MONDO:0100096,Remdesivir pre-treatment,nHTBE primary cells,no,,,True,PRJNA661567
SRX8288949,10791528,gs://arc-institute-virtual-cell-atlas/scbasecount/2026-01-12/h5ad/GeneFull/Homo_sapiens/SRX8288949.h5ad,12209,10x_Genomics,3_prime_gex,single_cell,Homo sapiens,"lung (alveolar epithelial type 2 cells, AEC2s), fresh explant and 3D organoid co-culture",UBERON:0002048,none (healthy donor),,"organoid culture timepoints (day 7, 14, 21), co-culture with primary human mesenchyme",none (primary cells),no,,,True,PRJNA631019
SRX8349950,10860908,gs://arc-institute-virtual-cell-atlas/scbasecount/2026-01-12/h5ad/GeneFull/Homo_sapiens/SRX8349950.h5ad,2469,10x_Genomics,3_prime_gex,single_cell,Homo sapiens,Airway epithelium (bronchi and carina),UBERON:0004802,Wild-type (no cystic fibrosis mutation; control),,none reported,"Primary airway epithelial cells, FACS-sorted (DAPI–, CD45–, CD31–, CD326+) single cells",no,,,True,PRJNA633134
SRX8349963,10860921,gs://arc-institute-virtual-cell-atlas/scbasecount/2026-01-12/h5ad/GeneFull/Homo_sapiens/SRX8349963.h5ad,266,10x_Genomics,3_prime_gex,single_cell,Homo sapiens,Airway epithelium from bronchi and carina,"UBERON:0002031,UBERON:0001901",Cystic fibrosis (dF508/dF508) and non-CF controls,MONDO:0009061,FACS sorting; some samples expanded and cultured at air–liquid interface for 28 days,Primary cells; no immortalized cell line,no,,,True,PRJNA633134
SRX8349961,10860919,gs://arc-institute-virtual-cell-atlas/scbasecount/2026-01-12/h5ad/GeneFull/Homo_sapiens/SRX8349961.h5ad,1689,10x_Genomics,3_prime_gex,single_cell,Homo sapiens,airway epithelium (bronchi and carina),"UBERON:0002031,UBERON:0001901",cystic fibrosis (ΔF508/ΔF508 genotype),MONDO:0009061,none specified,none (primary cells),no,,,True,PRJNA633134
SRX8349967,10860925,gs://arc-institute-virtual-cell-atlas/scbasecount/2026-01-12/h5ad/GeneFull/Homo_sapiens/SRX8349967.h5ad,834,10x_Genomics,3_prime_gex,single_cell,Homo sapiens,airway epithelium (bronchi and carina),UBERON:0004802,cystic fibrosis (genotype ΔF508/R553X),MONDO:0009061,none reported,primary cells (not an established line),no,,,True,PRJNA633134
SRX8349964,10860922,gs://arc-institute-virtual-cell-atlas/scbasecount/2026-01-12/h5ad/GeneFull/Homo_sapiens/SRX8349964.h5ad,4185,10x_Genomics,other,single_cell,Homo sapiens,airway epithelium,UBERON:0004802,none (wild-type control; project studies cystic fibrosis but this sample is WT),,none reported,not applicable (primary cells),no,,,True,PRJNA633134
SRX8349955,10860913,gs://arc-institute-virtual-cell-atlas/scbasecount/2026-01-12/h5ad/GeneFull/Homo_sapiens/SRX8349955.h5ad,2447,10x_Genomics,3_prime_gex,single_cell,Homo sapiens,airway epithelium,UBERON:0004802,none reported (healthy),,none reported,none,no,,,True,PRJNA633134
SRX8349960,10860918,gs://arc-institute-virtual-cell-atlas/scbasecount/2026-01-12/h5ad/GeneFull/Homo_sapiens/SRX8349960.h5ad,1402,10x_Genomics,3_prime_gex,single_cell,Homo sapiens,"bronchi, carina epithelium (airway epithelial cells)","UBERON:0002185,UBERON:0001901","cystic fibrosis, control",MONDO:0009061,none reported; some samples ALI-cultured for 28 days,none; primary epithelial cells,no,,,True,PRJNA633134
SRX8349968,10860926,gs://arc-institute-virtual-cell-atlas/scbasecount/2026-01-12/h5ad/GeneFull/Homo_sapiens/SRX8349968.h5ad,9723,10x_Genomics,3_prime_gex,single_cell,Homo sapiens,Primary human bronchial and carinal airway epithelium (lung explants),"UBERON:0002031,UBERON:0001901",Cystic fibrosis and non-CF (control),MONDO:0009061,"Fresh isolation, FACS purification, air–liquid interface culture, enzymatic dissociation",Not applicable (primary cells),no,,,True,PRJNA633134
SRX8349958,10860916,gs://arc-institute-virtual-cell-atlas/scbasecount/2026-01-12/h5ad/GeneFull/Homo_sapiens/SRX8349958.h5ad,2913,10x_Genomics,3_prime_gex,single_cell,Homo sapiens,airway epithelium (bronchi and carina),UBERON:0004802,cystic fibrosis (ΔF508/ΔF508 genotype),MONDO:0009061,none reported,not_applicable,no,,,True,PRJNA633134
SRX8353570,10866125,gs://arc-institute-virtual-cell-atlas/scbasecount/2026-01-12/h5ad/GeneFull/Homo_sapiens/SRX8353570.h5ad,6230,10x_Genomics,3_prime_gex,single_cell,Homo sapiens,lung (RUES2-derived lung cells and M2 macrophages co-culture),UBERON:0002048,none specified,,none specified,RUES2,no,,,True,PRJNA633281
SRX8353571,10866126,gs://arc-institute-virtual-cell-atlas/scbasecount/2026-01-12/h5ad/GeneFull/Homo_sapiens/SRX8353571.h5ad,7433,10x_Genomics,3_prime_gex,single_cell,Homo sapiens,RUES2-derived lung epithelial cells co-cultured with M2 macrophages,UBERON:0000115,SARS-CoV-2 infection,MONDO:0100096,SARS-CoV-2 exposure,RUES2,no,,,True,PRJNA633281
SRX8349972,10860930,gs://arc-institute-virtual-cell-atlas/scbasecount/2026-01-12/h5ad/GeneFull/Homo_sapiens/SRX8349972.h5ad,3391,10x_Genomics,3_prime_gex,single_cell,Homo sapiens,bronchial/airway epithelium,UBERON:0002031,"none (wild-type, no cystic fibrosis mutation)",,none reported,primary human bronchial epithelial cells,no,,,True,PRJNA633134
SRX8370855,10888052,gs://arc-institute-virtual-cell-atlas/scbasecount/2026-01-12/h5ad/GeneFull/Homo_sapiens/SRX8370855.h5ad,5105,10x_Genomics,3_prime_gex,single_cell,Homo sapiens,lung cancer cell line (PC9),UBERON:0002048,lung adenocarcinoma,MONDO:0005061,"osimertinib treatment (300 nM, day 7)",PC9,no,,,True,PRJNA634136
SRX8370856,10888053,gs://arc-institute-virtual-cell-atlas/scbasecount/2026-01-12/h5ad/GeneFull/Homo_sapiens/SRX8370856.h5ad,3795,10x_Genomics,3_prime_gex,single_cell,Homo sapiens,lung adenocarcinoma (PC9 cell line),UBERON:0004821,EGFR-driven lung adenocarcinoma,MONDO:0005061,"osimertinib (300 nM), day 7 of treatment",PC9,no,,,True,PRJNA634136
SRX8370861,10888058,gs://arc-institute-virtual-cell-atlas/scbasecount/2026-01-12/h5ad/GeneFull/Homo_sapiens/SRX8370861.h5ad,4766,10x_Genomics,3_prime_gex,single_cell,Homo sapiens,PC9 cell line (lung adenocarcinoma),UBERON:0004821,lung adenocarcinoma,MONDO:0005061,"osimertinib treatment, day 14, medium mCherry expression",PC9,no,,,True,PRJNA634136
SRX8370857,10888054,gs://arc-institute-virtual-cell-atlas/scbasecount/2026-01-12/h5ad/GeneFull/Homo_sapiens/SRX8370857.h5ad,5538,10x_Genomics,3_prime_gex,single_cell,Homo sapiens,lung (PC9 cell line),UBERON:0000115,lung adenocarcinoma,MONDO:0005061,osimertinib (300 nM) for 14 days; mCherry high sorting,PC9,no,,,True,PRJNA634136
SRX8370858,10888055,gs://arc-institute-virtual-cell-atlas/scbasecount/2026-01-12/h5ad/GeneFull/Homo_sapiens/SRX8370858.h5ad,5610,10x_Genomics,3_prime_gex,single_cell,Homo sapiens,PC9 lung cancer cell line,,lung cancer (EGFR-mutant),MONDO:0008903,"osimertinib treatment, mCherry sorting for non-cycling persisters",PC9,no,,,True,PRJNA634136
SRX8370860,10888057,gs://arc-institute-virtual-cell-atlas/scbasecount/2026-01-12/h5ad/GeneFull/Homo_sapiens/SRX8370860.h5ad,4815,10x_Genomics,3_prime_gex,single_cell,Homo sapiens,lung (PC9 cell line),UBERON:0002048,lung adenocarcinoma,MONDO:0005061,"osimertinib treatment, mCherry expression low",PC9,no,,,True,PRJNA634136
SRX8353567,10866122,gs://arc-institute-virtual-cell-atlas/scbasecount/2026-01-12/h5ad/GeneFull/Homo_sapiens/SRX8353567.h5ad,5773,10x_Genomics,3_prime_gex,single_cell,Homo sapiens,RUES2-derived lung cells (in vitro differentiated lung cells),UBERON:0000115,none,,none,RUES2,no,,,True,PRJNA633281
SRX8353568,10866123,gs://arc-institute-virtual-cell-atlas/scbasecount/2026-01-12/h5ad/GeneFull/Homo_sapiens/SRX8353568.h5ad,6819,10x_Genomics,3_prime_gex,single_cell,Homo sapiens,RUES2-derived lung cells co-cultured with M1 macrophages,UBERON:0008946,SARS-CoV-2 (COVID-19) in vitro model,MONDO:0100096,Co-culture with M1 macrophages; ACE2 inhibition,RUES2,no,,,True,PRJNA633281
SRX8370852,10888049,gs://arc-institute-virtual-cell-atlas/scbasecount/2026-01-12/h5ad/GeneFull/Homo_sapiens/SRX8370852.h5ad,7885,10x_Genomics,3_prime_gex,single_cell,Homo sapiens,lung epithelium (PC9 cell line),UBERON:0000115,EGFR-mutant lung adenocarcinoma,MONDO:0005061,"osimertinib (300 nM), time course (0, 3, 7, 14 days), proliferative state sorting (mCherry)",PC9,no,,,True,PRJNA634136
SRX7347524,9630378,gs://arc-institute-virtual-cell-atlas/scbasecount/2026-01-12/h5ad/GeneFull/Homo_sapiens/SRX7347524.h5ad,7254,10x_Genomics,3_prime_gex,single_cell,Homo sapiens,tracheal epithelium (airway epithelial cells),UBERON:0001901,"none (healthy donor, heavy smoker)",,none reported,none,no,f86d6317-7215-409e-bfda-3f4ded3dadaa,Human CellCards Multi-Study CellRef 1.0 Atlas,True,PRJNA554141
SRX7347523,9630377,gs://arc-institute-virtual-cell-atlas/scbasecount/2026-01-12/h5ad/GeneFull/Homo_sapiens/SRX7347523.h5ad,4273,10x_Genomics,3_prime_gex,single_cell,Homo sapiens,tracheal epithelium,UBERON:0001901,"none reported (healthy donors, smoking status)",,none reported,none,no,f86d6317-7215-409e-bfda-3f4ded3dadaa,Human CellCards Multi-Study CellRef 1.0 Atlas,True,PRJNA554141
SRX7347525,9630379,gs://arc-institute-virtual-cell-atlas/scbasecount/2026-01-12/h5ad/GeneFull/Homo_sapiens/SRX7347525.h5ad,5269,10x_Genomics,3_prime_gex,single_cell,Homo sapiens,tracheal epithelium,UBERON:0001901,"smoking status (heavy smoker, light smoker, never smoker, pediatric)",MONDO:0100460,none reported; in vivo sampling,none,no,f86d6317-7215-409e-bfda-3f4ded3dadaa,Human CellCards Multi-Study CellRef 1.0 Atlas,True,PRJNA554141
SRX7692419,10040674,gs://arc-institute-virtual-cell-atlas/scbasecount/2026-01-12/h5ad/GeneFull/Homo_sapiens/SRX7692419.h5ad,2490,10x_Genomics,3_prime_gex,single_cell,Homo sapiens,lung (CD45+ immune cells),UBERON:0002048,non-small cell lung cancer (NSCLC),MONDO:0005233,none reported,none,no,,,True,PRJNA605420
SRX6812456,8972364,gs://arc-institute-virtual-cell-atlas/scbasecount/2026-01-12/h5ad/GeneFull/Homo_sapiens/SRX6812456.h5ad,4483,10x_Genomics,3_prime_gex,single_cell,Homo sapiens,lung fibroblasts,UBERON:0000114,none reported (healthy control),,none reported,none,no,,,True,PRJNA564295
SRX6812462,8972370,gs://arc-institute-virtual-cell-atlas/scbasecount/2026-01-12/h5ad/GeneFull/Homo_sapiens/SRX6812462.h5ad,4665,10x_Genomics,3_prime_gex,single_cell,Homo sapiens,lung (primary lung fibroblasts),UBERON:0002048,idiopathic pulmonary fibrosis (IPF),MONDO:0800504,phenotypic selection (invasive vs non-invasive fibroblasts),not a cell line; primary fibroblasts,no,,,True,PRJNA564295
SRX6812459,8972367,gs://arc-institute-virtual-cell-atlas/scbasecount/2026-01-12/h5ad/GeneFull/Homo_sapiens/SRX6812459.h5ad,5902,10x_Genomics,3_prime_gex,single_cell,Homo sapiens,lung fibroblast,UBERON:0002048,idiopathic pulmonary fibrosis,MONDO:0800504,none reported,none reported,no,,,True,PRJNA564295
SRX29130823,39090581,gs://arc-institute-virtual-cell-atlas/scbasecount/2026-01-12/h5ad/GeneFull/Homo_sapiens/SRX29130823.h5ad,8293,10x_Genomics,3_prime_gex,single_cell,Homo sapiens,"primary xenograft tumor, lymph node metastasis, liver metastasis, lung metastasis","UBERON:0000029,UBERON:0002107,UBERON:0002048",breast cancer (MDA-MB-231 xenograft),MONDO:0007254,"GFP sorting, some samples cryopreserved in 5% DMSO-FBS",MDA-MB-231 (GFP-expressing),no,,,True,PRJNA1274250
SRX29130822,39090580,gs://arc-institute-virtual-cell-atlas/scbasecount/2026-01-12/h5ad/GeneFull/Homo_sapiens/SRX29130822.h5ad,7233,10x_Genomics,3_prime_gex,single_cell,Homo sapiens,lung metastasis,UBERON:0002048,breast adenocarcinoma (implied by MDA-MB-231 cell line),MONDO:0004988,none specified,MDA-MB-231,no,,,True,PRJNA1274250
SRX29130825,39090583,gs://arc-institute-virtual-cell-atlas/scbasecount/2026-01-12/h5ad/GeneFull/Homo_sapiens/SRX29130825.h5ad,6825,10x_Genomics,3_prime_gex,single_cell,Homo sapiens,"primary tumor, liver metastasis, lung metastasis, lymph node metastasis (from MDA-MB-231 xenograft)","UBERON:0005200,UBERON:0002107,UBERON:0002048,UBERON:0000029",breast cancer (xenograft model),MONDO:0007254,none reported,MDA-MB-231,no,,,True,PRJNA1274250
SRX29130834,39090592,gs://arc-institute-virtual-cell-atlas/scbasecount/2026-01-12/h5ad/GeneFull/Homo_sapiens/SRX29130834.h5ad,9244,10x_Genomics,3_prime_gex,single_cell,Homo sapiens,lung metastasis (from MDA-MB-231 xenograft),UBERON:0002048,breast cancer metastasis,MONDO:0007254,GFP-sorted; no chemical treatment reported,MDA-MB-231,no,,,True,PRJNA1274250
ERX12558782,34493868,gs://arc-institute-virtual-cell-atlas/scbasecount/2026-01-12/h5ad/GeneFull/Homo_sapiens/ERX12558782.h5ad,1072,10x_Genomics,5_prime_gex,single_cell,Homo sapiens,fetal lung,UBERON:0002048,none reported (normal),,none reported,none,no,ec329aed-22bc-4d6e-8935-8282dcb1acac,Early human lung immune cell development and its role in epithelial cell fate,True,PRJEB76244
ERX9138787,21320789,gs://arc-institute-virtual-cell-atlas/scbasecount/2026-01-12/h5ad/GeneFull/Homo_sapiens/ERX9138787.h5ad,572,10x_Genomics,vdj,single_cell,Homo sapiens,lung (airway submucosal glands and associated compartments),UBERON:8410077,none (healthy),,none,none,no,c1241244-b22d-483d-875b-75699efb9f3c,A spatially resolved atlas of the human lung characterizes a gland-associated immune niche,True,PRJEB52292
ERX12558795,34494057,gs://arc-institute-virtual-cell-atlas/scbasecount/2026-01-12/h5ad/GeneFull/Homo_sapiens/ERX12558795.h5ad,1080,10x_Genomics,5_prime_gex,single_cell,Homo sapiens,fetal lung (12 post-conception weeks),UBERON:0002048,none reported,,none reported,not applicable,no,ec329aed-22bc-4d6e-8935-8282dcb1acac,Early human lung immune cell development and its role in epithelial cell fate,True,PRJEB76244
ERX9138805,21320805,gs://arc-institute-virtual-cell-atlas/scbasecount/2026-01-12/h5ad/GeneFull/Homo_sapiens/ERX9138805.h5ad,9101,10x_Genomics,5_prime_gex,single_cell,Homo sapiens,lung B cells,UBERON:0001963,,,,,no,c1241244-b22d-483d-875b-75699efb9f3c,A spatially resolved atlas of the human lung characterizes a gland-associated immune niche,True,PRJEB52292
ERX9138738,21320741,gs://arc-institute-virtual-cell-atlas/scbasecount/2026-01-12/h5ad/GeneFull/Homo_sapiens/ERX9138738.h5ad,1826,10x_Genomics,5_prime_gex,single_cell,Homo sapiens,lung (proximal–distal regions),UBERON:0002048,healthy,,none indicated,not applicable,no,c1241244-b22d-483d-875b-75699efb9f3c,A spatially resolved atlas of the human lung characterizes a gland-associated immune niche,True,PRJEB52292
SRX5329388,7204506,gs://arc-institute-virtual-cell-atlas/scbasecount/2026-01-12/h5ad/GeneFull/Homo_sapiens/SRX5329388.h5ad,7480,10x_Genomics,3_prime_gex,single_cell,Homo sapiens,lung,UBERON:0002048,none reported,,none reported,none,no,24d42e5e-ce6d-45ff-a66b-a3b3b715deaf,Single-cell transcriptomics of human T cells reveals tissue and activation signatures in health and disease,True,PRJNA520832
ERX12558776,34493553,gs://arc-institute-virtual-cell-atlas/scbasecount/2026-01-12/h5ad/GeneFull/Homo_sapiens/ERX12558776.h5ad,4661,10x_Genomics,5_prime_gex,single_cell,Homo sapiens,"fetal lung (8–20 post-conception weeks), CD45+ immune cells",UBERON:0002048,none (normal fetal tissue),,none reported,none,no,ec329aed-22bc-4d6e-8935-8282dcb1acac,Early human lung immune cell development and its role in epithelial cell fate,True,PRJEB76244
ERX9138871,21320869,gs://arc-institute-virtual-cell-atlas/scbasecount/2026-01-12/h5ad/GeneFull/Homo_sapiens/ERX9138871.h5ad,5614,10x_Genomics,3_prime_gex,single_nucleus,Homo sapiens,lung,UBERON:0002048,,,,,no,c1241244-b22d-483d-875b-75699efb9f3c,A spatially resolved atlas of the human lung characterizes a gland-associated immune niche,True,PRJEB52292
ERX9138867,21320866,gs://arc-institute-virtual-cell-atlas/scbasecount/2026-01-12/h5ad/GeneFull/Homo_sapiens/ERX9138867.h5ad,3120,10x_Genomics,5_prime_gex,single_cell,Homo sapiens,lung (proximal-to-distal regions),UBERON:0002048,none (healthy donor),,none,not_applicable,no,c1241244-b22d-483d-875b-75699efb9f3c,A spatially resolved atlas of the human lung characterizes a gland-associated immune niche,True,PRJEB52292
SRX11169657,14870188,gs://arc-institute-virtual-cell-atlas/scbasecount/2026-01-12/h5ad/GeneFull/Homo_sapiens/SRX11169657.h5ad,12414,10x_Genomics,3_prime_gex,single_cell,Homo sapiens,lung (distal airway),UBERON:0002186,none,,none,none,no,f86d6317-7215-409e-bfda-3f4ded3dadaa,Human CellCards Multi-Study CellRef 1.0 Atlas,True,PRJNA738600
ERX12558793,34493974,gs://arc-institute-virtual-cell-atlas/scbasecount/2026-01-12/h5ad/GeneFull/Homo_sapiens/ERX12558793.h5ad,728,10x_Genomics,5_prime_gex,single_cell,Homo sapiens,fetal lung,UBERON:0002048,none reported (normal),,none reported,not applicable,no,ec329aed-22bc-4d6e-8935-8282dcb1acac,Early human lung immune cell development and its role in epithelial cell fate,True,PRJEB76244
ERX9138888,21320886,gs://arc-institute-virtual-cell-atlas/scbasecount/2026-01-12/h5ad/GeneFull/Homo_sapiens/ERX9138888.h5ad,526,10x_Genomics,vdj,single_cell,Homo sapiens,lung,UBERON:0002048,,,,,no,c1241244-b22d-483d-875b-75699efb9f3c,A spatially resolved atlas of the human lung characterizes a gland-associated immune niche,True,PRJEB52292
ERX9138869,21320868,gs://arc-institute-virtual-cell-atlas/scbasecount/2026-01-12/h5ad/GeneFull/Homo_sapiens/ERX9138869.h5ad,15334,10x_Genomics,5_prime_gex,single_cell,Homo sapiens,lung (five proximal-to-distal locations),"UBERON:0002215,UBERON:0002467,UBERON:0002470,UBERON:0002471,UBERON:0002472",none (healthy),,none reported,none,no,c1241244-b22d-483d-875b-75699efb9f3c,A spatially resolved atlas of the human lung characterizes a gland-associated immune niche,True,PRJEB52292
ERX9138862,21320861,gs://arc-institute-virtual-cell-atlas/scbasecount/2026-01-12/h5ad/GeneFull/Homo_sapiens/ERX9138862.h5ad,2429,10x_Genomics,5_prime_gex,single_cell,Homo sapiens,lung cell suspension,UBERON:0002048,,,,,no,c1241244-b22d-483d-875b-75699efb9f3c,A spatially resolved atlas of the human lung characterizes a gland-associated immune niche,True,PRJEB52292
SRX6726375,8863484,gs://arc-institute-virtual-cell-atlas/scbasecount/2026-01-12/h5ad/GeneFull/Homo_sapiens/SRX6726375.h5ad,15887,10x_Genomics,5_prime_gex,single_cell,Homo sapiens,"lung (biopsy, primary lung tissue)",UBERON:0002048,pulmonary fibrosis,MONDO:0002771,none specified,none,no,f86d6317-7215-409e-bfda-3f4ded3dadaa,Human CellCards Multi-Study CellRef 1.0 Atlas,True,PRJNA560492
SRX19352021,26610229,gs://arc-institute-virtual-cell-atlas/scbasecount/2026-01-12/h5ad/GeneFull/Homo_sapiens/SRX19352021.h5ad,81811,10x_Genomics,3_prime_gex,single_cell,Homo sapiens,lung tumor (tumor-infiltrating lymphocytes),UBERON:0002048,lung adenocarcinoma,MONDO:0005061,none reported,not applicable,no,cec4ef8e-1e70-49a2-ae43-1e6bf1fd5978,Transcriptional responses of the human dorsal striatum in opioid use disorder implicates cell type-specifc programs,True,PRJNA934272
SRX6726367,8863476,gs://arc-institute-virtual-cell-atlas/scbasecount/2026-01-12/h5ad/GeneFull/Homo_sapiens/SRX6726367.h5ad,4034,10x_Genomics,5_prime_gex,single_cell,Homo sapiens,lung biopsy,UBERON:0002048,pulmonary fibrosis,MONDO:0002771,,,no,f86d6317-7215-409e-bfda-3f4ded3dadaa,Human CellCards Multi-Study CellRef 1.0 Atlas,True,PRJNA560492
ERX9138845,21320845,gs://arc-institute-virtual-cell-atlas/scbasecount/2026-01-12/h5ad/GeneFull/Homo_sapiens/ERX9138845.h5ad,6943,10x_Genomics,3_prime_gex,single_nucleus,Homo sapiens,lung (multiple proximal-to-distal regions),UBERON:0002048,none (healthy tissue),,none,none,no,c1241244-b22d-483d-875b-75699efb9f3c,A spatially resolved atlas of the human lung characterizes a gland-associated immune niche,True,PRJEB52292
ERX9138808,21320808,gs://arc-institute-virtual-cell-atlas/scbasecount/2026-01-12/h5ad/GeneFull/Homo_sapiens/ERX9138808.h5ad,3943,10x_Genomics,3_prime_gex,single_nucleus,Homo sapiens,lung,UBERON:0002048,none specified (likely healthy/normal),,none specified,none,no,c1241244-b22d-483d-875b-75699efb9f3c,A spatially resolved atlas of the human lung characterizes a gland-associated immune niche,True,PRJEB52292
ERX12558773,34493710,gs://arc-institute-virtual-cell-atlas/scbasecount/2026-01-12/h5ad/GeneFull/Homo_sapiens/ERX12558773.h5ad,4239,10x_Genomics,5_prime_gex,single_cell,Homo sapiens,"lung (12 post-conception weeks, male fetus)",UBERON:0002048,none indicated,,none indicated,none,no,ec329aed-22bc-4d6e-8935-8282dcb1acac,Early human lung immune cell development and its role in epithelial cell fate,True,PRJEB76244
ERX12558765,34492219,gs://arc-institute-virtual-cell-atlas/scbasecount/2026-01-12/h5ad/GeneFull/Homo_sapiens/ERX12558765.h5ad,7110,10x_Genomics,5_prime_gex,single_cell,Homo sapiens,"fetal lung (8–20 post-conception weeks), CD45+ immune cells",UBERON:0002048,none specified (normal developmental tissue),,none,none,no,ec329aed-22bc-4d6e-8935-8282dcb1acac,Early human lung immune cell development and its role in epithelial cell fate,True,PRJEB76244
ERX9138798,21320798,gs://arc-institute-virtual-cell-atlas/scbasecount/2026-01-12/h5ad/GeneFull/Homo_sapiens/ERX9138798.h5ad,2848,10x_Genomics,5_prime_gex,single_cell,Homo sapiens,lung (multiple proximal-to-distal locations),UBERON:0002048,healthy,,none reported,not applicable,no,c1241244-b22d-483d-875b-75699efb9f3c,A spatially resolved atlas of the human lung characterizes a gland-associated immune niche,True,PRJEB52292
ERX9138761,21320763,gs://arc-institute-virtual-cell-atlas/scbasecount/2026-01-12/h5ad/GeneFull/Homo_sapiens/ERX9138761.h5ad,5075,10x_Genomics,3_prime_gex,single_nucleus,Homo sapiens,lung (five proximal-to-distal lung and airway locations),UBERON:0000072,none (healthy tissue),,none reported,not applicable,no,c1241244-b22d-483d-875b-75699efb9f3c,A spatially resolved atlas of the human lung characterizes a gland-associated immune niche,True,PRJEB52292
SRX7347526,9630380,gs://arc-institute-virtual-cell-atlas/scbasecount/2026-01-12/h5ad/GeneFull/Homo_sapiens/SRX7347526.h5ad,2918,10x_Genomics,3_prime_gex,single_cell,Homo sapiens,tracheal epithelium (airway epithelial cells),UBERON:0001901,none specified,,"smoking status (heavy smoker, nonsmoker)",none,no,f86d6317-7215-409e-bfda-3f4ded3dadaa,Human CellCards Multi-Study CellRef 1.0 Atlas,True,PRJNA554141
ERX12558780,34493941,gs://arc-institute-virtual-cell-atlas/scbasecount/2026-01-12/h5ad/GeneFull/Homo_sapiens/ERX12558780.h5ad,736,10x_Genomics,5_prime_gex,single_cell,Homo sapiens,lung (CD45+ immune cells),UBERON:0002048,none (normal),,none,none,no,ec329aed-22bc-4d6e-8935-8282dcb1acac,Early human lung immune cell development and its role in epithelial cell fate,True,PRJEB76244
SRX5329391,7204509,gs://arc-institute-virtual-cell-atlas/scbasecount/2026-01-12/h5ad/GeneFull/Homo_sapiens/SRX5329391.h5ad,5222,10x_Genomics,3_prime_gex,single_cell,Homo sapiens,"lung, lymph node, bone marrow, peripheral blood","UBERON:0002048,UBERON:0000029,UBERON:0002371,UBERON:0000178",none reported,,"TCR stimulation (anti-CD3/anti-CD28, 16h) vs. control",none,no,24d42e5e-ce6d-45ff-a66b-a3b3b715deaf,Single-cell transcriptomics of human T cells reveals tissue and activation signatures in health and disease,True,PRJNA520832
SRX7347533,9630387,gs://arc-institute-virtual-cell-atlas/scbasecount/2026-01-12/h5ad/GeneFull/Homo_sapiens/SRX7347533.h5ad,3436,10x_Genomics,3_prime_gex,single_cell,Homo sapiens,tracheal epithelial cells (airway epithelium),UBERON:0001901,"none (healthy, but includes smokers and non-smokers)",,"smoking status (smoker vs non-smoker); enzymatic digestion, cryopreservation, thawing",none (primary cells),no,f86d6317-7215-409e-bfda-3f4ded3dadaa,Human CellCards Multi-Study CellRef 1.0 Atlas,True,PRJNA554141
ERX9138903,21320901,gs://arc-institute-virtual-cell-atlas/scbasecount/2026-01-12/h5ad/GeneFull/Homo_sapiens/ERX9138903.h5ad,1912,10x_Genomics,5_prime_gex,single_cell,Homo sapiens,lung,UBERON:0002048,healthy,,none reported,none,no,c1241244-b22d-483d-875b-75699efb9f3c,A spatially resolved atlas of the human lung characterizes a gland-associated immune niche,True,PRJEB52292
ERX9138803,21320803,gs://arc-institute-virtual-cell-atlas/scbasecount/2026-01-12/h5ad/GeneFull/Homo_sapiens/ERX9138803.h5ad,7437,10x_Genomics,3_prime_gex,single_cell,Homo sapiens,lung (proximal-to-distal regions of healthy human lung),UBERON:0002048,none (healthy),,none reported,not applicable (primary cells),no,c1241244-b22d-483d-875b-75699efb9f3c,A spatially resolved atlas of the human lung characterizes a gland-associated immune niche,True,PRJEB52292
ERX9138847,21320847,gs://arc-institute-virtual-cell-atlas/scbasecount/2026-01-12/h5ad/GeneFull/Homo_sapiens/ERX9138847.h5ad,16619,10x_Genomics,5_prime_gex,single_cell,Homo sapiens,"lung (five proximal-to-distal locations, including airway submucosal glands)","UBERON:0002048,UBERON:8410077",none (healthy),,none reported,not_applicable,no,c1241244-b22d-483d-875b-75699efb9f3c,A spatially resolved atlas of the human lung characterizes a gland-associated immune niche,True,PRJEB52292
ERX12558785,34492321,gs://arc-institute-virtual-cell-atlas/scbasecount/2026-01-12/h5ad/GeneFull/Homo_sapiens/ERX12558785.h5ad,3835,10x_Genomics,5_prime_gex,single_cell,Homo sapiens,fetal lung,UBERON:0002048,none reported,,IL-1β treatment in some samples (lung organoid model),none,no,ec329aed-22bc-4d6e-8935-8282dcb1acac,Early human lung immune cell development and its role in epithelial cell fate,True,PRJEB76244
ERX9138865,21320864,gs://arc-institute-virtual-cell-atlas/scbasecount/2026-01-12/h5ad/GeneFull/Homo_sapiens/ERX9138865.h5ad,8164,10x_Genomics,3_prime_gex,single_cell,Homo sapiens,"unsure (likely lung, but not explicitly stated)",UBERON:0002048,unsure,,unsure,unsure,no,c1241244-b22d-483d-875b-75699efb9f3c,A spatially resolved atlas of the human lung characterizes a gland-associated immune niche,True,PRJEB52292
ERX9138832,21320832,gs://arc-institute-virtual-cell-atlas/scbasecount/2026-01-12/h5ad/GeneFull/Homo_sapiens/ERX9138832.h5ad,1750,10x_Genomics,vdj,single_cell,Homo sapiens,lung,UBERON:0002048,none (healthy donor),,none reported,none,no,c1241244-b22d-483d-875b-75699efb9f3c,A spatially resolved atlas of the human lung characterizes a gland-associated immune niche,True,PRJEB52292
ERX9138778,21320780,gs://arc-institute-virtual-cell-atlas/scbasecount/2026-01-12/h5ad/GeneFull/Homo_sapiens/ERX9138778.h5ad,3525,10x_Genomics,3_prime_gex,single_nucleus,Homo sapiens,lung (five proximal-to-distal healthy human lung locations),"UBERON:0001155,UBERON:0000069,UBERON:0001541,UBERON:0009188,UBERON:0001004",none (healthy),,none reported,none,no,c1241244-b22d-483d-875b-75699efb9f3c,A spatially resolved atlas of the human lung characterizes a gland-associated immune niche,True,PRJEB52292
ERX9138840,21320840,gs://arc-institute-virtual-cell-atlas/scbasecount/2026-01-12/h5ad/GeneFull/Homo_sapiens/ERX9138840.h5ad,881,10x_Genomics,5_prime_gex,single_cell,Homo sapiens,lung,UBERON:0002048,,,,,no,c1241244-b22d-483d-875b-75699efb9f3c,A spatially resolved atlas of the human lung characterizes a gland-associated immune niche,True,PRJEB52292
ERX9138744,21320747,gs://arc-institute-virtual-cell-atlas/scbasecount/2026-01-12/h5ad/GeneFull/Homo_sapiens/ERX9138744.h5ad,1233,10x_Genomics,3_prime_gex,single_cell,Homo sapiens,lung,UBERON:0002048,,,,,no,c1241244-b22d-483d-875b-75699efb9f3c,A spatially resolved atlas of the human lung characterizes a gland-associated immune niche,True,PRJEB52292
SRX6726370,8863479,gs://arc-institute-virtual-cell-atlas/scbasecount/2026-01-12/h5ad/GeneFull/Homo_sapiens/SRX6726370.h5ad,4919,10x_Genomics,5_prime_gex,single_cell,Homo sapiens,lung (biopsy),UBERON:0002048,pulmonary fibrosis and non-fibrotic control,MONDO:0002771,disease state (fibrotic vs control),none,no,f86d6317-7215-409e-bfda-3f4ded3dadaa,Human CellCards Multi-Study CellRef 1.0 Atlas,True,PRJNA560492
ERX9138762,21320764,gs://arc-institute-virtual-cell-atlas/scbasecount/2026-01-12/h5ad/GeneFull/Homo_sapiens/ERX9138762.h5ad,5835,10x_Genomics,3_prime_gex,single_cell,Homo sapiens,lung (various proximal-to-distal regions),UBERON:0002048,none (healthy donor),,none,not applicable (primary cells),no,c1241244-b22d-483d-875b-75699efb9f3c,A spatially resolved atlas of the human lung characterizes a gland-associated immune niche,True,PRJEB52292
SRX5329395,7204513,gs://arc-institute-virtual-cell-atlas/scbasecount/2026-01-12/h5ad/GeneFull/Homo_sapiens/SRX5329395.h5ad,4956,10x_Genomics,3_prime_gex,single_cell,Homo sapiens,"lung, lymph node, bone marrow, peripheral blood","UBERON:0002048,UBERON:0000029,UBERON:0002371,UBERON:0000178",none (healthy donor),,"resting vs. TCR-stimulated (anti-CD3/CD28, 16h)",none (primary cells),no,24d42e5e-ce6d-45ff-a66b-a3b3b715deaf,Single-cell transcriptomics of human T cells reveals tissue and activation signatures in health and disease,True,PRJNA520832
ERX9138817,21320817,gs://arc-institute-virtual-cell-atlas/scbasecount/2026-01-12/h5ad/GeneFull/Homo_sapiens/ERX9138817.h5ad,3160,10x_Genomics,5_prime_gex,single_cell,Homo sapiens,lung,UBERON:0002048,,,,,no,c1241244-b22d-483d-875b-75699efb9f3c,A spatially resolved atlas of the human lung characterizes a gland-associated immune niche,True,PRJEB52292
ERX9138842,21320842,gs://arc-institute-virtual-cell-atlas/scbasecount/2026-01-12/h5ad/GeneFull/Homo_sapiens/ERX9138842.h5ad,1996,10x_Genomics,3_prime_gex,single_cell,Homo sapiens,lung (five proximal-to-distal locations),UBERON:0002048,none (healthy),,none reported,none,no,c1241244-b22d-483d-875b-75699efb9f3c,A spatially resolved atlas of the human lung characterizes a gland-associated immune niche,True,PRJEB52292
ERX9138752,21320755,gs://arc-institute-virtual-cell-atlas/scbasecount/2026-01-12/h5ad/GeneFull/Homo_sapiens/ERX9138752.h5ad,345,10x_Genomics,3_prime_gex,single_cell,Homo sapiens,lung (proximal–distal regions),UBERON:0000072,none (healthy donor),,none reported,not applicable (primary cells),no,c1241244-b22d-483d-875b-75699efb9f3c,A spatially resolved atlas of the human lung characterizes a gland-associated immune niche,True,PRJEB52292
ERX12558808,34493482,gs://arc-institute-virtual-cell-atlas/scbasecount/2026-01-12/h5ad/GeneFull/Homo_sapiens/ERX12558808.h5ad,2717,10x_Genomics,5_prime_gex,single_cell,Homo sapiens,fetal lung (CD45+ immune cells),UBERON:0002048,none (healthy fetal tissue),,none,not_applicable,no,ec329aed-22bc-4d6e-8935-8282dcb1acac,Early human lung immune cell development and its role in epithelial cell fate,True,PRJEB76244
SRX7347530,9630384,gs://arc-institute-virtual-cell-atlas/scbasecount/2026-01-12/h5ad/GeneFull/Homo_sapiens/SRX7347530.h5ad,3391,10x_Genomics,3_prime_gex,single_cell,Homo sapiens,tracheal epithelium,UBERON:0001901,none reported (donor is a heavy smoker),,none reported,none,no,f86d6317-7215-409e-bfda-3f4ded3dadaa,Human CellCards Multi-Study CellRef 1.0 Atlas,True,PRJNA554141
ERX12558763,34492345,gs://arc-institute-virtual-cell-atlas/scbasecount/2026-01-12/h5ad/GeneFull/Homo_sapiens/ERX12558763.h5ad,1121,10x_Genomics,5_prime_gex,single_cell,Homo sapiens,fetal lung (CD45+ immune cells),UBERON:0002048,none (normal fetal development),,"CD45+ enrichment, CITE-seq antibody staining, DAPI live/dead gating",none,no,ec329aed-22bc-4d6e-8935-8282dcb1acac,Early human lung immune cell development and its role in epithelial cell fate,True,PRJEB76244
SRX6726373,8863482,gs://arc-institute-virtual-cell-atlas/scbasecount/2026-01-12/h5ad/GeneFull/Homo_sapiens/SRX6726373.h5ad,12637,10x_Genomics,5_prime_gex,single_cell,Homo sapiens,lung biopsy,UBERON:0008946,non-fibrotic control,,none reported,not_applicable,no,f86d6317-7215-409e-bfda-3f4ded3dadaa,Human CellCards Multi-Study CellRef 1.0 Atlas,True,PRJNA560492
ERX12558792,34493595,gs://arc-institute-virtual-cell-atlas/scbasecount/2026-01-12/h5ad/GeneFull/Homo_sapiens/ERX12558792.h5ad,699,10x_Genomics,5_prime_gex,single_cell,Homo sapiens,fetal lung (8–20 post-conception weeks),UBERON:0002048,none (normal developmental samples),,none,none,no,ec329aed-22bc-4d6e-8935-8282dcb1acac,Early human lung immune cell development and its role in epithelial cell fate,True,PRJEB76244
ERX9138816,21320816,gs://arc-institute-virtual-cell-atlas/scbasecount/2026-01-12/h5ad/GeneFull/Homo_sapiens/ERX9138816.h5ad,5513,10x_Genomics,vdj,single_cell,Homo sapiens,lung (five proximal-to-distal locations),UBERON:0002048,none (healthy),,none,none,no,c1241244-b22d-483d-875b-75699efb9f3c,A spatially resolved atlas of the human lung characterizes a gland-associated immune niche,True,PRJEB52292
ERX12558758,34494355,gs://arc-institute-virtual-cell-atlas/scbasecount/2026-01-12/h5ad/GeneFull/Homo_sapiens/ERX12558758.h5ad,1441,10x_Genomics,5_prime_gex,single_cell,Homo sapiens,fetal lung,,none (normal development),,"CD45+ cell sorting, DAPI viability staining",none,no,ec329aed-22bc-4d6e-8935-8282dcb1acac,Early human lung immune cell development and its role in epithelial cell fate,True,PRJEB76244
ERX9138870,21359742,gs://arc-institute-virtual-cell-atlas/scbasecount/2026-01-12/h5ad/GeneFull/Homo_sapiens/ERX9138870.h5ad,1117,10x_Genomics,3_prime_gex,single_nucleus,Homo sapiens,lung,UBERON:0002048,none,,none,none,no,c1241244-b22d-483d-875b-75699efb9f3c,A spatially resolved atlas of the human lung characterizes a gland-associated immune niche,True,PRJEB52292
ERX12558757,34493342,gs://arc-institute-virtual-cell-atlas/scbasecount/2026-01-12/h5ad/GeneFull/Homo_sapiens/ERX12558757.h5ad,4521,10x_Genomics,5_prime_gex,single_cell,Homo sapiens,embryonic lung (CD45+ immune cells),UBERON:0002048,none (normal),,none,none,no,ec329aed-22bc-4d6e-8935-8282dcb1acac,Early human lung immune cell development and its role in epithelial cell fate,True,PRJEB76244
ERX9138828,21320828,gs://arc-institute-virtual-cell-atlas/scbasecount/2026-01-12/h5ad/GeneFull/Homo_sapiens/ERX9138828.h5ad,1191,10x_Genomics,vdj,single_cell,Homo sapiens,lung (five anatomical regions from proximal airways to distal alveolar compartments),UBERON:0002048,none (healthy lung),,none reported,none,no,c1241244-b22d-483d-875b-75699efb9f3c,A spatially resolved atlas of the human lung characterizes a gland-associated immune niche,True,PRJEB52292
ERX12558760,34492429,gs://arc-institute-virtual-cell-atlas/scbasecount/2026-01-12/h5ad/GeneFull/Homo_sapiens/ERX12558760.h5ad,4645,10x_Genomics,5_prime_gex,single_cell,Homo sapiens,"fetal lung (6–22 weeks post-conception), CD45+ immune cells",UBERON:0002048,none reported (normal fetal development),,none,none,no,ec329aed-22bc-4d6e-8935-8282dcb1acac,Early human lung immune cell development and its role in epithelial cell fate,True,PRJEB76244
ERX9138827,21320827,gs://arc-institute-virtual-cell-atlas/scbasecount/2026-01-12/h5ad/GeneFull/Homo_sapiens/ERX9138827.h5ad,246,10x_Genomics,5_prime_gex,single_cell,Homo sapiens,lung,UBERON:0002048,none (healthy),,none reported,none,no,c1241244-b22d-483d-875b-75699efb9f3c,A spatially resolved atlas of the human lung characterizes a gland-associated immune niche,True,PRJEB52292
SRX6726368,8863477,gs://arc-institute-virtual-cell-atlas/scbasecount/2026-01-12/h5ad/GeneFull/Homo_sapiens/SRX6726368.h5ad,4377,10x_Genomics,5_prime_gex,single_cell,Homo sapiens,lung,UBERON:0002048,pulmonary fibrosis,MONDO:0002771,none reported,none reported,no,f86d6317-7215-409e-bfda-3f4ded3dadaa,Human CellCards Multi-Study CellRef 1.0 Atlas,True,PRJNA560492
SRX5329392,7204510,gs://arc-institute-virtual-cell-atlas/scbasecount/2026-01-12/h5ad/GeneFull/Homo_sapiens/SRX5329392.h5ad,6625,10x_Genomics,3_prime_gex,single_cell,Homo sapiens,"lung, lymph node, bone marrow, blood","UBERON:0002048,UBERON:0000029,UBERON:0002371,UBERON:0000178",none (healthy donor),,anti-CD3/anti-CD28 stimulation vs unstimulated,none,no,24d42e5e-ce6d-45ff-a66b-a3b3b715deaf,Single-cell transcriptomics of human T cells reveals tissue and activation signatures in health and disease,True,PRJNA520832
SRX5329382,7204500,gs://arc-institute-virtual-cell-atlas/scbasecount/2026-01-12/h5ad/GeneFull/Homo_sapiens/SRX5329382.h5ad,4804,10x_Genomics,3_prime_gex,single_cell,Homo sapiens,lung (resting CD3+ T cells),UBERON:0002048,none reported,,none,none,no,24d42e5e-ce6d-45ff-a66b-a3b3b715deaf,Single-cell transcriptomics of human T cells reveals tissue and activation signatures in health and disease,True,PRJNA520832
ERX12558800,34492479,gs://arc-institute-virtual-cell-atlas/scbasecount/2026-01-12/h5ad/GeneFull/Homo_sapiens/ERX12558800.h5ad,204,10x_Genomics,5_prime_gex,single_cell,Homo sapiens,fetal lung,UBERON:0002048,healthy (normal) fetal tissue,,none,none,no,ec329aed-22bc-4d6e-8935-8282dcb1acac,Early human lung immune cell development and its role in epithelial cell fate,True,PRJEB76244
ERX9138876,21320874,gs://arc-institute-virtual-cell-atlas/scbasecount/2026-01-12/h5ad/GeneFull/Homo_sapiens/ERX9138876.h5ad,10387,10x_Genomics,3_prime_gex,single_nucleus,Homo sapiens,lung (proximal-to-distal regions),UBERON:0002048,none reported,,none reported,not a cell line; primary tissue,no,c1241244-b22d-483d-875b-75699efb9f3c,A spatially resolved atlas of the human lung characterizes a gland-associated immune niche,True,PRJEB52292
SRX6726377,8863486,gs://arc-institute-virtual-cell-atlas/scbasecount/2026-01-12/h5ad/GeneFull/Homo_sapiens/SRX6726377.h5ad,1434,10x_Genomics,5_prime_gex,single_cell,Homo sapiens,lung biopsy,UBERON:0002048,healthy (control),,none reported,none,no,f86d6317-7215-409e-bfda-3f4ded3dadaa,Human CellCards Multi-Study CellRef 1.0 Atlas,True,PRJNA560492
ERX9138819,21320819,gs://arc-institute-virtual-cell-atlas/scbasecount/2026-01-12/h5ad/GeneFull/Homo_sapiens/ERX9138819.h5ad,967,10x_Genomics,5_prime_gex,single_cell,Homo sapiens,"lung, airway (five proximal-to-distal lung locations, including airway submucosal glands)","UBERON:0002048,UBERON:0001005,UBERON:8410077",none (healthy),,none reported,none,no,c1241244-b22d-483d-875b-75699efb9f3c,A spatially resolved atlas of the human lung characterizes a gland-associated immune niche,True,PRJEB52292
ERX12558789,34494680,gs://arc-institute-virtual-cell-atlas/scbasecount/2026-01-12/h5ad/GeneFull/Homo_sapiens/ERX12558789.h5ad,972,10x_Genomics,5_prime_gex,single_cell,Homo sapiens,"fetal lung (6–22 post-conception weeks), CD45+ immune cells",UBERON:0002048,none (normal developmental tissue),,none,not applicable,maybe,ec329aed-22bc-4d6e-8935-8282dcb1acac,Early human lung immune cell development and its role in epithelial cell fate,True,PRJEB76244
ERX9138772,21320774,gs://arc-institute-virtual-cell-atlas/scbasecount/2026-01-12/h5ad/GeneFull/Homo_sapiens/ERX9138772.h5ad,9403,10x_Genomics,5_prime_gex,single_cell,Homo sapiens,lung (proximal-to-distal healthy human lung locations),UBERON:0002048,healthy,,none reported,not applicable,no,c1241244-b22d-483d-875b-75699efb9f3c,A spatially resolved atlas of the human lung characterizes a gland-associated immune niche,True,PRJEB52292
ERX9138792,21320794,gs://arc-institute-virtual-cell-atlas/scbasecount/2026-01-12/h5ad/GeneFull/Homo_sapiens/ERX9138792.h5ad,3436,10x_Genomics,5_prime_gex,single_cell,Homo sapiens,lung (primary cell suspension from healthy donor),UBERON:0002048,none (healthy),,none reported,not applicable (primary cells),no,c1241244-b22d-483d-875b-75699efb9f3c,A spatially resolved atlas of the human lung characterizes a gland-associated immune niche,True,PRJEB52292
ERX12558809,34493550,gs://arc-institute-virtual-cell-atlas/scbasecount/2026-01-12/h5ad/GeneFull/Homo_sapiens/ERX12558809.h5ad,1005,10x_Genomics,5_prime_gex,single_cell,Homo sapiens,fetal lung (6–22 post-conception weeks),UBERON:0002048,none reported (normal fetal tissue),,none reported,none,no,ec329aed-22bc-4d6e-8935-8282dcb1acac,Early human lung immune cell development and its role in epithelial cell fate,True,PRJEB76244
ERX9138799,21320799,gs://arc-institute-virtual-cell-atlas/scbasecount/2026-01-12/h5ad/GeneFull/Homo_sapiens/ERX9138799.h5ad,4008,10x_Genomics,5_prime_gex,single_cell,Homo sapiens,lung (proximal-to-distal regions of healthy adult lung),UBERON:0002048,none (healthy),,none,none,no,c1241244-b22d-483d-875b-75699efb9f3c,A spatially resolved atlas of the human lung characterizes a gland-associated immune niche,True,PRJEB52292
SRX6726381,8863490,gs://arc-institute-virtual-cell-atlas/scbasecount/2026-01-12/h5ad/GeneFull/Homo_sapiens/SRX6726381.h5ad,5016,10x_Genomics,5_prime_gex,single_cell,Homo sapiens,lung,UBERON:0002048,"none (control, non-fibrotic)",,none reported,not_applicable,no,f86d6317-7215-409e-bfda-3f4ded3dadaa,Human CellCards Multi-Study CellRef 1.0 Atlas,True,PRJNA560492
ERX12558766,34492222,gs://arc-institute-virtual-cell-atlas/scbasecount/2026-01-12/h5ad/GeneFull/Homo_sapiens/ERX12558766.h5ad,6301,10x_Genomics,5_prime_gex,single_cell,Homo sapiens,lung (CD45+ immune cells enriched),UBERON:0002048,none reported,,none reported,none reported,no,ec329aed-22bc-4d6e-8935-8282dcb1acac,Early human lung immune cell development and its role in epithelial cell fate,True,PRJEB76244
SRX7347529,9630383,gs://arc-institute-virtual-cell-atlas/scbasecount/2026-01-12/h5ad/GeneFull/Homo_sapiens/SRX7347529.h5ad,2463,10x_Genomics,3_prime_gex,single_cell,Homo sapiens,"tracheal epithelium, airway epithelial cells","UBERON:0001901,UBERON:0004802",none (healthy donors),,none,none,no,f86d6317-7215-409e-bfda-3f4ded3dadaa,Human CellCards Multi-Study CellRef 1.0 Atlas,True,PRJNA554141
ERX9138797,21359741,gs://arc-institute-virtual-cell-atlas/scbasecount/2026-01-12/h5ad/GeneFull/Homo_sapiens/ERX9138797.h5ad,5477,10x_Genomics,3_prime_gex,single_cell,Homo sapiens,lung (five proximal-to-distal locations),UBERON:0002048,none (healthy tissue),,none reported,none reported,no,c1241244-b22d-483d-875b-75699efb9f3c,A spatially resolved atlas of the human lung characterizes a gland-associated immune niche,True,PRJEB52292
ERX9138746,21320749,gs://arc-institute-virtual-cell-atlas/scbasecount/2026-01-12/h5ad/GeneFull/Homo_sapiens/ERX9138746.h5ad,2946,10x_Genomics,5_prime_gex,single_cell,Homo sapiens,lung (proximal-to-distal regions),UBERON:0000072,none (healthy),,none,none,no,c1241244-b22d-483d-875b-75699efb9f3c,A spatially resolved atlas of the human lung characterizes a gland-associated immune niche,True,PRJEB52292
SRX7347534,9630388,gs://arc-institute-virtual-cell-atlas/scbasecount/2026-01-12/h5ad/GeneFull/Homo_sapiens/SRX7347534.h5ad,5812,10x_Genomics,3_prime_gex,single_cell,Homo sapiens,tracheal epithelium (airway epithelial cells),UBERON:0001901,"none (healthy donor, nonsmoker)",,none,none,no,f86d6317-7215-409e-bfda-3f4ded3dadaa,Human CellCards Multi-Study CellRef 1.0 Atlas,True,PRJNA554141
SRX6726385,8863494,gs://arc-institute-virtual-cell-atlas/scbasecount/2026-01-12/h5ad/GeneFull/Homo_sapiens/SRX6726385.h5ad,3959,10x_Genomics,5_prime_gex,single_cell,Homo sapiens,lung biopsy,UBERON:0002048,pulmonary fibrosis,MONDO:0002771,,,no,f86d6317-7215-409e-bfda-3f4ded3dadaa,Human CellCards Multi-Study CellRef 1.0 Atlas,True,PRJNA560492
ERX12558799,34493374,gs://arc-institute-virtual-cell-atlas/scbasecount/2026-01-12/h5ad/GeneFull/Homo_sapiens/ERX12558799.h5ad,744,10x_Genomics,5_prime_gex,single_cell,Homo sapiens,fetal lung,UBERON:0002048,none (normal fetal development),,FACS enrichment for CD45+ cells; CITE-seq antibody labeling,not_applicable,no,ec329aed-22bc-4d6e-8935-8282dcb1acac,Early human lung immune cell development and its role in epithelial cell fate,True,PRJEB76244
SRX6726382,8863491,gs://arc-institute-virtual-cell-atlas/scbasecount/2026-01-12/h5ad/GeneFull/Homo_sapiens/SRX6726382.h5ad,11083,10x_Genomics,5_prime_gex,single_cell,Homo sapiens,lung,UBERON:0002048,pulmonary fibrosis,MONDO:0002771,,,no,f86d6317-7215-409e-bfda-3f4ded3dadaa,Human CellCards Multi-Study CellRef 1.0 Atlas,True,PRJNA560492
ERX9138810,21320810,gs://arc-institute-virtual-cell-atlas/scbasecount/2026-01-12/h5ad/GeneFull/Homo_sapiens/ERX9138810.h5ad,1785,10x_Genomics,5_prime_gex,single_cell,Homo sapiens,lung (five anatomical regions),"UBERON:0008952,UBERON:0008953,UBERON:0002170,UBERON:0002174,UBERON:0002171",none (healthy),,none,none,no,c1241244-b22d-483d-875b-75699efb9f3c,A spatially resolved atlas of the human lung characterizes a gland-associated immune niche,True,PRJEB52292
SRX7347527,9630381,gs://arc-institute-virtual-cell-atlas/scbasecount/2026-01-12/h5ad/GeneFull/Homo_sapiens/SRX7347527.h5ad,2418,10x_Genomics,3_prime_gex,single_cell,Homo sapiens,tracheal epithelium (primary human trachea),UBERON:0001901,none (healthy donors),,"smoking status (heavy smokers, never-smokers, light smokers, pediatric)",primary cells (no immortalized line),no,f86d6317-7215-409e-bfda-3f4ded3dadaa,Human CellCards Multi-Study CellRef 1.0 Atlas,True,PRJNA554141
ERX9138739,21320742,gs://arc-institute-virtual-cell-atlas/scbasecount/2026-01-12/h5ad/GeneFull/Homo_sapiens/ERX9138739.h5ad,730,10x_Genomics,5_prime_gex,single_cell,Homo sapiens,lung (proximal–distal locations of healthy human lung),UBERON:0002048,none (healthy),,none reported,none,no,c1241244-b22d-483d-875b-75699efb9f3c,A spatially resolved atlas of the human lung characterizes a gland-associated immune niche,True,PRJEB52292
ERX9138782,21320784,gs://arc-institute-virtual-cell-atlas/scbasecount/2026-01-12/h5ad/GeneFull/Homo_sapiens/ERX9138782.h5ad,630,10x_Genomics,vdj,single_cell,Homo sapiens,lung (five proximal-to-distal locations),"UBERON:0001954,UBERON:0000062,UBERON:0002671",none (healthy),,none reported,none,no,c1241244-b22d-483d-875b-75699efb9f3c,A spatially resolved atlas of the human lung characterizes a gland-associated immune niche,True,PRJEB52292
ERX9138785,21320787,gs://arc-institute-virtual-cell-atlas/scbasecount/2026-01-12/h5ad/GeneFull/Homo_sapiens/ERX9138785.h5ad,1105,10x_Genomics,vdj,single_cell,Homo sapiens,lung,UBERON:0002048,none (healthy),,none reported,not applicable,no,c1241244-b22d-483d-875b-75699efb9f3c,A spatially resolved atlas of the human lung characterizes a gland-associated immune niche,True,PRJEB52292
ERX9138833,21320833,gs://arc-institute-virtual-cell-atlas/scbasecount/2026-01-12/h5ad/GeneFull/Homo_sapiens/ERX9138833.h5ad,1757,10x_Genomics,3_prime_gex,single_cell,Homo sapiens,lung,UBERON:0002048,,,,,no,c1241244-b22d-483d-875b-75699efb9f3c,A spatially resolved atlas of the human lung characterizes a gland-associated immune niche,True,PRJEB52292
ERX12558774,34494296,gs://arc-institute-virtual-cell-atlas/scbasecount/2026-01-12/h5ad/GeneFull/Homo_sapiens/ERX12558774.h5ad,654,10x_Genomics,5_prime_gex,single_cell,Homo sapiens,embryonic lung (9 post-conception weeks),UBERON:0002048,none (normal fetal tissue),,FACS enrichment for CD45+ cells; AbTCR enrichment (CITE-seq),none,no,ec329aed-22bc-4d6e-8935-8282dcb1acac,Early human lung immune cell development and its role in epithelial cell fate,True,PRJEB76244
ERX9138768,21320770,gs://arc-institute-virtual-cell-atlas/scbasecount/2026-01-12/h5ad/GeneFull/Homo_sapiens/ERX9138768.h5ad,2655,10x_Genomics,3_prime_gex,single_cell,Homo sapiens,lung,UBERON:0002048,unsure,,unsure,unsure,no,c1241244-b22d-483d-875b-75699efb9f3c,A spatially resolved atlas of the human lung characterizes a gland-associated immune niche,True,PRJEB52292
SRX6726376,8863485,gs://arc-institute-virtual-cell-atlas/scbasecount/2026-01-12/h5ad/GeneFull/Homo_sapiens/SRX6726376.h5ad,11227,10x_Genomics,5_prime_gex,single_cell,Homo sapiens,lung,UBERON:0002048,pulmonary fibrosis and control,MONDO:0002771,none reported,none,no,f86d6317-7215-409e-bfda-3f4ded3dadaa,Human CellCards Multi-Study CellRef 1.0 Atlas,True,PRJNA560492
ERX9138875,21320873,gs://arc-institute-virtual-cell-atlas/scbasecount/2026-01-12/h5ad/GeneFull/Homo_sapiens/ERX9138875.h5ad,5740,10x_Genomics,3_prime_gex,single_nucleus,Homo sapiens,lung (five proximal-to-distal locations),UBERON:0002048,none (healthy donor),,none,none,no,c1241244-b22d-483d-875b-75699efb9f3c,A spatially resolved atlas of the human lung characterizes a gland-associated immune niche,True,PRJEB52292
ERX9138897,21320895,gs://arc-institute-virtual-cell-atlas/scbasecount/2026-01-12/h5ad/GeneFull/Homo_sapiens/ERX9138897.h5ad,598,10x_Genomics,5_prime_gex,single_cell,Homo sapiens,"lung (likely, based on study title); not explicitly specified",UBERON:0002048,unsure,,unsure,unsure,no,c1241244-b22d-483d-875b-75699efb9f3c,A spatially resolved atlas of the human lung characterizes a gland-associated immune niche,True,PRJEB52292
ERX12558772,34494230,gs://arc-institute-virtual-cell-atlas/scbasecount/2026-01-12/h5ad/GeneFull/Homo_sapiens/ERX12558772.h5ad,2409,10x_Genomics,5_prime_gex,single_cell,Homo sapiens,"fetal lung (8–20 post-conception weeks), CD45+ immune cells",UBERON:0002048,none reported,,none reported,none,no,ec329aed-22bc-4d6e-8935-8282dcb1acac,Early human lung immune cell development and its role in epithelial cell fate,True,PRJEB76244
ERX9138854,21320853,gs://arc-institute-virtual-cell-atlas/scbasecount/2026-01-12/h5ad/GeneFull/Homo_sapiens/ERX9138854.h5ad,7945,10x_Genomics,3_prime_gex,single_nucleus,Homo sapiens,lung,UBERON:0002048,none reported (healthy),,none reported,not_applicable,no,c1241244-b22d-483d-875b-75699efb9f3c,A spatially resolved atlas of the human lung characterizes a gland-associated immune niche,True,PRJEB52292
SRX6726386,8863495,gs://arc-institute-virtual-cell-atlas/scbasecount/2026-01-12/h5ad/GeneFull/Homo_sapiens/SRX6726386.h5ad,4135,10x_Genomics,5_prime_gex,single_cell,Homo sapiens,lung biopsy,UBERON:0002048,pulmonary fibrosis,MONDO:0002771,,,no,f86d6317-7215-409e-bfda-3f4ded3dadaa,Human CellCards Multi-Study CellRef 1.0 Atlas,True,PRJNA560492
SRX6726378,8863487,gs://arc-institute-virtual-cell-atlas/scbasecount/2026-01-12/h5ad/GeneFull/Homo_sapiens/SRX6726378.h5ad,9886,10x_Genomics,5_prime_gex,single_cell,Homo sapiens,lung,UBERON:0002048,pulmonary fibrosis,MONDO:0002771,,,no,f86d6317-7215-409e-bfda-3f4ded3dadaa,Human CellCards Multi-Study CellRef 1.0 Atlas,True,PRJNA560492
SRX6726396,8863505,gs://arc-institute-virtual-cell-atlas/scbasecount/2026-01-12/h5ad/GeneFull/Homo_sapiens/SRX6726396.h5ad,6372,10x_Genomics,5_prime_gex,single_cell,Homo sapiens,lung (normal and pulmonary fibrosis),UBERON:0002048,pulmonary fibrosis,MONDO:0002771,none reported,none,no,f86d6317-7215-409e-bfda-3f4ded3dadaa,Human CellCards Multi-Study CellRef 1.0 Atlas,True,PRJNA560492
ERX9138773,21320775,gs://arc-institute-virtual-cell-atlas/scbasecount/2026-01-12/h5ad/GeneFull/Homo_sapiens/ERX9138773.h5ad,3116,10x_Genomics,vdj,single_cell,Homo sapiens,lung,UBERON:0002048,,,,,no,c1241244-b22d-483d-875b-75699efb9f3c,A spatially resolved atlas of the human lung characterizes a gland-associated immune niche,True,PRJEB52292
SRX6726395,8863504,gs://arc-institute-virtual-cell-atlas/scbasecount/2026-01-12/h5ad/GeneFull/Homo_sapiens/SRX6726395.h5ad,3638,10x_Genomics,5_prime_gex,single_cell,Homo sapiens,lung (biopsy from idiopathic pulmonary fibrosis patient),UBERON:0002048,idiopathic pulmonary fibrosis,MONDO:0800504,none reported,none,no,f86d6317-7215-409e-bfda-3f4ded3dadaa,Human CellCards Multi-Study CellRef 1.0 Atlas,True,PRJNA560492
ERX9138863,21320862,gs://arc-institute-virtual-cell-atlas/scbasecount/2026-01-12/h5ad/GeneFull/Homo_sapiens/ERX9138863.h5ad,2255,10x_Genomics,5_prime_gex,single_cell,Homo sapiens,lung (proximal-to-distal locations),UBERON:0002048,none (healthy donor),,none,none,no,c1241244-b22d-483d-875b-75699efb9f3c,A spatially resolved atlas of the human lung characterizes a gland-associated immune niche,True,PRJEB52292
ERX12558784,34493113,gs://arc-institute-virtual-cell-atlas/scbasecount/2026-01-12/h5ad/GeneFull/Homo_sapiens/ERX12558784.h5ad,3957,10x_Genomics,5_prime_gex,single_cell,Homo sapiens,lung,UBERON:0002048,none (normal),,none,none,no,ec329aed-22bc-4d6e-8935-8282dcb1acac,Early human lung immune cell development and its role in epithelial cell fate,True,PRJEB76244
SRX6726380,8863489,gs://arc-institute-virtual-cell-atlas/scbasecount/2026-01-12/h5ad/GeneFull/Homo_sapiens/SRX6726380.h5ad,2872,10x_Genomics,5_prime_gex,single_cell,Homo sapiens,lung biopsy,UBERON:0002048,pulmonary fibrosis,MONDO:0002771,,,no,f86d6317-7215-409e-bfda-3f4ded3dadaa,Human CellCards Multi-Study CellRef 1.0 Atlas,True,PRJNA560492
ERX9138763,21320765,gs://arc-institute-virtual-cell-atlas/scbasecount/2026-01-12/h5ad/GeneFull/Homo_sapiens/ERX9138763.h5ad,1102,10x_Genomics,5_prime_gex,single_cell,Homo sapiens,lung (proximal-to-distal regions of healthy lung),UBERON:0002048,none (healthy),,none reported,none,no,c1241244-b22d-483d-875b-75699efb9f3c,A spatially resolved atlas of the human lung characterizes a gland-associated immune niche,True,PRJEB52292
ERX9138769,21320771,gs://arc-institute-virtual-cell-atlas/scbasecount/2026-01-12/h5ad/GeneFull/Homo_sapiens/ERX9138769.h5ad,6874,10x_Genomics,5_prime_gex,single_cell,Homo sapiens,lung (five proximal-to-distal sites of healthy human lung),UBERON:0002048,healthy,,none reported,not applicable,no,c1241244-b22d-483d-875b-75699efb9f3c,A spatially resolved atlas of the human lung characterizes a gland-associated immune niche,True,PRJEB52292
ERX12558815,34492288,gs://arc-institute-virtual-cell-atlas/scbasecount/2026-01-12/h5ad/GeneFull/Homo_sapiens/ERX12558815.h5ad,5859,10x_Genomics,5_prime_gex,single_cell,Homo sapiens,"fetal lung (CD45+ immune cells), ~20 post-conception weeks",UBERON:0002048,none (normal fetal tissue),,FACS enrichment for CD45+; CITE-seq antibody staining; V(D)J enrichment; no drug/chemical treatment,none (primary fetal cells),no,ec329aed-22bc-4d6e-8935-8282dcb1acac,Early human lung immune cell development and its role in epithelial cell fate,True,PRJEB76244
ERX9138824,21320824,gs://arc-institute-virtual-cell-atlas/scbasecount/2026-01-12/h5ad/GeneFull/Homo_sapiens/ERX9138824.h5ad,1657,10x_Genomics,vdj,single_cell,Homo sapiens,lung,UBERON:0002048,healthy,,none,none,no,c1241244-b22d-483d-875b-75699efb9f3c,A spatially resolved atlas of the human lung characterizes a gland-associated immune niche,True,PRJEB52292
ERX12558777,34493667,gs://arc-institute-virtual-cell-atlas/scbasecount/2026-01-12/h5ad/GeneFull/Homo_sapiens/ERX12558777.h5ad,11117,10x_Genomics,5_prime_gex,single_cell,Homo sapiens,"fetal lung (CD45+ immune cells, post-conception weeks 8–20)",UBERON:0002048,none (normal development),,antibody staining and FACS enrichment for CD45+ cells,none,no,ec329aed-22bc-4d6e-8935-8282dcb1acac,Early human lung immune cell development and its role in epithelial cell fate,True,PRJEB76244
ERX9138892,21320890,gs://arc-institute-virtual-cell-atlas/scbasecount/2026-01-12/h5ad/GeneFull/Homo_sapiens/ERX9138892.h5ad,514,10x_Genomics,3_prime_gex,single_cell,Homo sapiens,lung (five proximal-to-distal locations),UBERON:0002048,none (healthy),,none,none,no,c1241244-b22d-483d-875b-75699efb9f3c,A spatially resolved atlas of the human lung characterizes a gland-associated immune niche,True,PRJEB52292
ERX9138873,21320871,gs://arc-institute-virtual-cell-atlas/scbasecount/2026-01-12/h5ad/GeneFull/Homo_sapiens/ERX9138873.h5ad,2082,10x_Genomics,5_prime_gex,single_cell,Homo sapiens,"lung (multiple regions, including airway submucosal glands and peribronchial compartments)","UBERON:0002048,UBERON:8410077,UBERON:0003592",none (healthy),,none,none,no,c1241244-b22d-483d-875b-75699efb9f3c,A spatially resolved atlas of the human lung characterizes a gland-associated immune niche,True,PRJEB52292
ERX9138822,21320822,gs://arc-institute-virtual-cell-atlas/scbasecount/2026-01-12/h5ad/GeneFull/Homo_sapiens/ERX9138822.h5ad,1602,10x_Genomics,5_prime_gex,single_cell,Homo sapiens,lung,UBERON:0002048,unsure,,unsure,unsure,no,c1241244-b22d-483d-875b-75699efb9f3c,A spatially resolved atlas of the human lung characterizes a gland-associated immune niche,True,PRJEB52292
ERX9138856,21320855,gs://arc-institute-virtual-cell-atlas/scbasecount/2026-01-12/h5ad/GeneFull/Homo_sapiens/ERX9138856.h5ad,1873,10x_Genomics,vdj,single_cell,Homo sapiens,lung (proximal-to-distal locations),UBERON:0002048,none (healthy lung),,none reported,none,no,c1241244-b22d-483d-875b-75699efb9f3c,A spatially resolved atlas of the human lung characterizes a gland-associated immune niche,True,PRJEB52292
SRX7347537,9630391,gs://arc-institute-virtual-cell-atlas/scbasecount/2026-01-12/h5ad/GeneFull/Homo_sapiens/SRX7347537.h5ad,5419,10x_Genomics,3_prime_gex,single_cell,Homo sapiens,tracheal epithelium,UBERON:0001901,unsure,,unsure,unsure,no,f86d6317-7215-409e-bfda-3f4ded3dadaa,Human CellCards Multi-Study CellRef 1.0 Atlas,True,PRJNA554141
ERX12558779,34494612,gs://arc-institute-virtual-cell-atlas/scbasecount/2026-01-12/h5ad/GeneFull/Homo_sapiens/ERX12558779.h5ad,1029,10x_Genomics,5_prime_gex,single_cell,Homo sapiens,fetal lung,UBERON:0002048,none reported; healthy fetal tissue,,FACS enrichment for CD45+ immune cells,none,no,ec329aed-22bc-4d6e-8935-8282dcb1acac,Early human lung immune cell development and its role in epithelial cell fate,True,PRJEB76244
ERX9138804,21320804,gs://arc-institute-virtual-cell-atlas/scbasecount/2026-01-12/h5ad/GeneFull/Homo_sapiens/ERX9138804.h5ad,1018,10x_Genomics,5_prime_gex,single_cell,Homo sapiens,lung,UBERON:0002048,unsure,,unsure,none,no,c1241244-b22d-483d-875b-75699efb9f3c,A spatially resolved atlas of the human lung characterizes a gland-associated immune niche,True,PRJEB52292
ERX9138757,21320760,gs://arc-institute-virtual-cell-atlas/scbasecount/2026-01-12/h5ad/GeneFull/Homo_sapiens/ERX9138757.h5ad,2372,10x_Genomics,5_prime_gex,single_cell,Homo sapiens,lung (proximal-to-distal regions),UBERON:0002048,none (healthy),,none,none,no,c1241244-b22d-483d-875b-75699efb9f3c,A spatially resolved atlas of the human lung characterizes a gland-associated immune niche,True,PRJEB52292
ERX9138800,21320800,gs://arc-institute-virtual-cell-atlas/scbasecount/2026-01-12/h5ad/GeneFull/Homo_sapiens/ERX9138800.h5ad,945,10x_Genomics,5_prime_gex,single_cell,Homo sapiens,lung,UBERON:0002048,none (healthy),,none reported,none,no,c1241244-b22d-483d-875b-75699efb9f3c,A spatially resolved atlas of the human lung characterizes a gland-associated immune niche,True,PRJEB52292
ERX9138751,21320754,gs://arc-institute-virtual-cell-atlas/scbasecount/2026-01-12/h5ad/GeneFull/Homo_sapiens/ERX9138751.h5ad,2176,10x_Genomics,3_prime_gex,single_cell,Homo sapiens,"lung (proximal-to-distal locations), healthy adult",UBERON:0002048,none (healthy),,none,none,no,c1241244-b22d-483d-875b-75699efb9f3c,A spatially resolved atlas of the human lung characterizes a gland-associated immune niche,True,PRJEB52292
ERX12558764,34493094,gs://arc-institute-virtual-cell-atlas/scbasecount/2026-01-12/h5ad/GeneFull/Homo_sapiens/ERX12558764.h5ad,1628,10x_Genomics,5_prime_gex,single_cell,Homo sapiens,fetal lung (CD45+ immune cells),UBERON:0002048,none (normal),,none,none,maybe,ec329aed-22bc-4d6e-8935-8282dcb1acac,Early human lung immune cell development and its role in epithelial cell fate,True,PRJEB76244
SRX6726379,8863488,gs://arc-institute-virtual-cell-atlas/scbasecount/2026-01-12/h5ad/GeneFull/Homo_sapiens/SRX6726379.h5ad,4295,10x_Genomics,5_prime_gex,single_cell,Homo sapiens,lung (biopsy),UBERON:0002048,pulmonary fibrosis,MONDO:0002771,none reported,none,no,f86d6317-7215-409e-bfda-3f4ded3dadaa,Human CellCards Multi-Study CellRef 1.0 Atlas,True,PRJNA560492
SRX5329389,7204507,gs://arc-institute-virtual-cell-atlas/scbasecount/2026-01-12/h5ad/GeneFull/Homo_sapiens/SRX5329389.h5ad,5075,10x_Genomics,3_prime_gex,single_cell,Homo sapiens,"lung, hilar lymph node, bone marrow, peripheral blood","UBERON:0002048,UBERON:0039167,UBERON:0002371,UBERON:0000178",none (healthy donor),,TCR stimulation (CD3/CD28) vs. unstimulated,primary CD3+ T cells (no cell line),no,24d42e5e-ce6d-45ff-a66b-a3b3b715deaf,Single-cell transcriptomics of human T cells reveals tissue and activation signatures in health and disease,True,PRJNA520832
ERX12558798,34492209,gs://arc-institute-virtual-cell-atlas/scbasecount/2026-01-12/h5ad/GeneFull/Homo_sapiens/ERX12558798.h5ad,299,10x_Genomics,5_prime_gex,single_cell,Homo sapiens,fetal lung (8–20 post-conception weeks),UBERON:0002048,none (normal developmental tissue),,FACS enrichment for CD45+ immune cells; antibody staining; DAPI live/dead discrimination,none (primary cells),no,ec329aed-22bc-4d6e-8935-8282dcb1acac,Early human lung immune cell development and its role in epithelial cell fate,True,PRJEB76244
ERX9138790,21320792,gs://arc-institute-virtual-cell-atlas/scbasecount/2026-01-12/h5ad/GeneFull/Homo_sapiens/ERX9138790.h5ad,2456,10x_Genomics,5_prime_gex,single_cell,Homo sapiens,lung (proximal-to-distal regions),UBERON:0002113,none (healthy),,none reported,not applicable,no,c1241244-b22d-483d-875b-75699efb9f3c,A spatially resolved atlas of the human lung characterizes a gland-associated immune niche,True,PRJEB52292
SRX6726388,8863497,gs://arc-institute-virtual-cell-atlas/scbasecount/2026-01-12/h5ad/GeneFull/Homo_sapiens/SRX6726388.h5ad,7488,10x_Genomics,5_prime_gex,single_cell,Homo sapiens,lung,UBERON:0002048,"pulmonary fibrosis, healthy control",MONDO:0002771,none specified (disease vs control),none,no,f86d6317-7215-409e-bfda-3f4ded3dadaa,Human CellCards Multi-Study CellRef 1.0 Atlas,True,PRJNA560492
SRX6726383,8863492,gs://arc-institute-virtual-cell-atlas/scbasecount/2026-01-12/h5ad/GeneFull/Homo_sapiens/SRX6726383.h5ad,1815,10x_Genomics,5_prime_gex,single_cell,Homo sapiens,lung biopsy,UBERON:0002048,pulmonary fibrosis,MONDO:0002771,,,no,f86d6317-7215-409e-bfda-3f4ded3dadaa,Human CellCards Multi-Study CellRef 1.0 Atlas,True,PRJNA560492
ERX12558810,34494157,gs://arc-institute-virtual-cell-atlas/scbasecount/2026-01-12/h5ad/GeneFull/Homo_sapiens/ERX12558810.h5ad,6920,10x_Genomics,5_prime_gex,single_cell,Homo sapiens,"fetal lung, CD45+ immune cells",UBERON:0002048,none reported (healthy fetal),,"FACS enrichment, CITE-seq antibody staining (TotalSeq-C)",none,no,ec329aed-22bc-4d6e-8935-8282dcb1acac,Early human lung immune cell development and its role in epithelial cell fate,True,PRJEB76244
SRX6726392,8863501,gs://arc-institute-virtual-cell-atlas/scbasecount/2026-01-12/h5ad/GeneFull/Homo_sapiens/SRX6726392.h5ad,3650,10x_Genomics,5_prime_gex,single_cell,Homo sapiens,lung,UBERON:0002048,non-fibrotic (healthy control),,none reported,not applicable,no,f86d6317-7215-409e-bfda-3f4ded3dadaa,Human CellCards Multi-Study CellRef 1.0 Atlas,True,PRJNA560492
SRX6726387,8863496,gs://arc-institute-virtual-cell-atlas/scbasecount/2026-01-12/h5ad/GeneFull/Homo_sapiens/SRX6726387.h5ad,16291,10x_Genomics,5_prime_gex,single_cell,Homo sapiens,lung biopsy,UBERON:0002048,pulmonary fibrosis,MONDO:0002771,,,no,f86d6317-7215-409e-bfda-3f4ded3dadaa,Human CellCards Multi-Study CellRef 1.0 Atlas,True,PRJNA560492
ERX9138750,21320753,gs://arc-institute-virtual-cell-atlas/scbasecount/2026-01-12/h5ad/GeneFull/Homo_sapiens/ERX9138750.h5ad,3195,10x_Genomics,5_prime_gex,single_cell,Homo sapiens,lung (five proximal-to-distal lung and airway locations),UBERON:0002048,none (healthy),,none reported,none,no,c1241244-b22d-483d-875b-75699efb9f3c,A spatially resolved atlas of the human lung characterizes a gland-associated immune niche,True,PRJEB52292
ERX9138789,21320791,gs://arc-institute-virtual-cell-atlas/scbasecount/2026-01-12/h5ad/GeneFull/Homo_sapiens/ERX9138789.h5ad,1849,10x_Genomics,vdj,single_cell,Homo sapiens,lung,UBERON:0002048,unsure,,none reported,none reported,no,c1241244-b22d-483d-875b-75699efb9f3c,A spatially resolved atlas of the human lung characterizes a gland-associated immune niche,True,PRJEB52292
ERX12558762,34494363,gs://arc-institute-virtual-cell-atlas/scbasecount/2026-01-12/h5ad/GeneFull/Homo_sapiens/ERX12558762.h5ad,939,10x_Genomics,5_prime_gex,single_cell,Homo sapiens,fetal lung,UBERON:0002048,none,,none,none,no,ec329aed-22bc-4d6e-8935-8282dcb1acac,Early human lung immune cell development and its role in epithelial cell fate,True,PRJEB76244
SRX6726393,8863502,gs://arc-institute-virtual-cell-atlas/scbasecount/2026-01-12/h5ad/GeneFull/Homo_sapiens/SRX6726393.h5ad,6024,10x_Genomics,5_prime_gex,single_cell,Homo sapiens,lung biopsy,UBERON:0002048,control (no disease),,none reported,not applicable,no,f86d6317-7215-409e-bfda-3f4ded3dadaa,Human CellCards Multi-Study CellRef 1.0 Atlas,True,PRJNA560492
ERX12558794,34494234,gs://arc-institute-virtual-cell-atlas/scbasecount/2026-01-12/h5ad/GeneFull/Homo_sapiens/ERX12558794.h5ad,866,10x_Genomics,5_prime_gex,single_cell,Homo sapiens,"fetal lung (8–20 post-conception weeks), CD45+ immune cells",UBERON:0002048,none (normal development),,none,not_applicable,no,ec329aed-22bc-4d6e-8935-8282dcb1acac,Early human lung immune cell development and its role in epithelial cell fate,True,PRJEB76244
SRX6726398,8863507,gs://arc-institute-virtual-cell-atlas/scbasecount/2026-01-12/h5ad/GeneFull/Homo_sapiens/SRX6726398.h5ad,5835,10x_Genomics,5_prime_gex,single_cell,Homo sapiens,lung,UBERON:0002048,pulmonary fibrosis,MONDO:0002771,,,no,f86d6317-7215-409e-bfda-3f4ded3dadaa,Human CellCards Multi-Study CellRef 1.0 Atlas,True,PRJNA560492
ERX9138861,21320860,gs://arc-institute-virtual-cell-atlas/scbasecount/2026-01-12/h5ad/GeneFull/Homo_sapiens/ERX9138861.h5ad,1562,10x_Genomics,5_prime_gex,single_cell,Homo sapiens,lung (five proximal-to-distal locations),UBERON:0002048,none (healthy),,none,none,no,c1241244-b22d-483d-875b-75699efb9f3c,A spatially resolved atlas of the human lung characterizes a gland-associated immune niche,True,PRJEB52292
SRX11169659,14870190,gs://arc-institute-virtual-cell-atlas/scbasecount/2026-01-12/h5ad/GeneFull/Homo_sapiens/SRX11169659.h5ad,10806,10x_Genomics,3_prime_gex,single_cell,Homo sapiens,lung (distal airway),UBERON:0002186,none reported (normal),,none reported,none reported,no,f86d6317-7215-409e-bfda-3f4ded3dadaa,Human CellCards Multi-Study CellRef 1.0 Atlas,True,PRJNA738600
ERX9138793,21320795,gs://arc-institute-virtual-cell-atlas/scbasecount/2026-01-12/h5ad/GeneFull/Homo_sapiens/ERX9138793.h5ad,4791,10x_Genomics,3_prime_gex,single_cell,Homo sapiens,lung,UBERON:0002048,none (healthy donor),,none,none,no,c1241244-b22d-483d-875b-75699efb9f3c,A spatially resolved atlas of the human lung characterizes a gland-associated immune niche,True,PRJEB52292
ERX9138826,21320826,gs://arc-institute-virtual-cell-atlas/scbasecount/2026-01-12/h5ad/GeneFull/Homo_sapiens/ERX9138826.h5ad,2433,10x_Genomics,vdj,single_cell,Homo sapiens,lung,UBERON:0002048,none (healthy),,none,none,no,c1241244-b22d-483d-875b-75699efb9f3c,A spatially resolved atlas of the human lung characterizes a gland-associated immune niche,True,PRJEB52292
ERX12558787,34492543,gs://arc-institute-virtual-cell-atlas/scbasecount/2026-01-12/h5ad/GeneFull/Homo_sapiens/ERX12558787.h5ad,286,10x_Genomics,5_prime_gex,single_cell,Homo sapiens,lung (CD45+ immune cells),UBERON:0002048,none reported (normal),,none reported,none; primary cells,no,ec329aed-22bc-4d6e-8935-8282dcb1acac,Early human lung immune cell development and its role in epithelial cell fate,True,PRJEB76244
ERX9138779,21320781,gs://arc-institute-virtual-cell-atlas/scbasecount/2026-01-12/h5ad/GeneFull/Homo_sapiens/ERX9138779.h5ad,2984,10x_Genomics,3_prime_gex,single_cell,Homo sapiens,"lung (proximal-to-distal regions), healthy",UBERON:0002048,none (healthy),,none,none,no,c1241244-b22d-483d-875b-75699efb9f3c,A spatially resolved atlas of the human lung characterizes a gland-associated immune niche,True,PRJEB52292
ERX9138839,21320839,gs://arc-institute-virtual-cell-atlas/scbasecount/2026-01-12/h5ad/GeneFull/Homo_sapiens/ERX9138839.h5ad,3533,10x_Genomics,3_prime_gex,single_cell,Homo sapiens,lung (five proximal-to-distal locations of healthy adult lungs),UBERON:0002048,none (healthy),,none reported,none,no,c1241244-b22d-483d-875b-75699efb9f3c,A spatially resolved atlas of the human lung characterizes a gland-associated immune niche,True,PRJEB52292
ERX9138764,21320766,gs://arc-institute-virtual-cell-atlas/scbasecount/2026-01-12/h5ad/GeneFull/Homo_sapiens/ERX9138764.h5ad,1125,10x_Genomics,3_prime_gex,unsure,Homo sapiens,lung (five proximal-to-distal healthy human lung regions),UBERON:0002048,healthy,,none reported,not applicable,no,c1241244-b22d-483d-875b-75699efb9f3c,A spatially resolved atlas of the human lung characterizes a gland-associated immune niche,True,PRJEB52292
ERX9138887,21320885,gs://arc-institute-virtual-cell-atlas/scbasecount/2026-01-12/h5ad/GeneFull/Homo_sapiens/ERX9138887.h5ad,2010,10x_Genomics,vdj,single_cell,Homo sapiens,lung,UBERON:0002048,none (healthy),,none reported,none,no,c1241244-b22d-483d-875b-75699efb9f3c,A spatially resolved atlas of the human lung characterizes a gland-associated immune niche,True,PRJEB52292
ERX9138811,21320811,gs://arc-institute-virtual-cell-atlas/scbasecount/2026-01-12/h5ad/GeneFull/Homo_sapiens/ERX9138811.h5ad,1841,10x_Genomics,vdj,single_cell,Homo sapiens,lung (five proximal-to-distal locations of healthy lung and airways),UBERON:0002048,none (healthy tissue),,none,none,no,c1241244-b22d-483d-875b-75699efb9f3c,A spatially resolved atlas of the human lung characterizes a gland-associated immune niche,True,PRJEB52292
ERX9138883,21320881,gs://arc-institute-virtual-cell-atlas/scbasecount/2026-01-12/h5ad/GeneFull/Homo_sapiens/ERX9138883.h5ad,7179,10x_Genomics,3_prime_gex,single_cell,Homo sapiens,lung,UBERON:0002048,none reported (healthy lung),,none reported,not applicable,no,c1241244-b22d-483d-875b-75699efb9f3c,A spatially resolved atlas of the human lung characterizes a gland-associated immune niche,True,PRJEB52292
ERX9138771,21320773,gs://arc-institute-virtual-cell-atlas/scbasecount/2026-01-12/h5ad/GeneFull/Homo_sapiens/ERX9138771.h5ad,1561,10x_Genomics,vdj,single_cell,Homo sapiens,lung,UBERON:0002048,unsure,,unsure,unsure,no,c1241244-b22d-483d-875b-75699efb9f3c,A spatially resolved atlas of the human lung characterizes a gland-associated immune niche,True,PRJEB52292
ERX9138758,21359739,gs://arc-institute-virtual-cell-atlas/scbasecount/2026-01-12/h5ad/GeneFull/Homo_sapiens/ERX9138758.h5ad,3952,10x_Genomics,3_prime_gex,single_cell,Homo sapiens,lung (proximal and distal airway),"UBERON:0002185,UBERON:0002186",none (healthy),,none reported,not applicable,no,c1241244-b22d-483d-875b-75699efb9f3c,A spatially resolved atlas of the human lung characterizes a gland-associated immune niche,True,PRJEB52292
ERX9138745,21320748,gs://arc-institute-virtual-cell-atlas/scbasecount/2026-01-12/h5ad/GeneFull/Homo_sapiens/ERX9138745.h5ad,2604,10x_Genomics,5_prime_gex,single_cell,Homo sapiens,lung,UBERON:0002048,none reported,,none reported,none reported,no,c1241244-b22d-483d-875b-75699efb9f3c,A spatially resolved atlas of the human lung characterizes a gland-associated immune niche,True,PRJEB52292
SRX6726390,8863499,gs://arc-institute-virtual-cell-atlas/scbasecount/2026-01-12/h5ad/GeneFull/Homo_sapiens/SRX6726390.h5ad,7176,10x_Genomics,5_prime_gex,single_cell,Homo sapiens,lung biopsy,UBERON:0002048,pulmonary fibrosis,MONDO:0002771,,,no,f86d6317-7215-409e-bfda-3f4ded3dadaa,Human CellCards Multi-Study CellRef 1.0 Atlas,True,PRJNA560492
ERX9138880,21320878,gs://arc-institute-virtual-cell-atlas/scbasecount/2026-01-12/h5ad/GeneFull/Homo_sapiens/ERX9138880.h5ad,1932,10x_Genomics,3_prime_gex,single_cell,Homo sapiens,"lung (five proximal-to-distal regions, healthy donor)",UBERON:0002048,none (healthy),,none reported,not applicable,no,c1241244-b22d-483d-875b-75699efb9f3c,A spatially resolved atlas of the human lung characterizes a gland-associated immune niche,True,PRJEB52292
ERX9138848,21320848,gs://arc-institute-virtual-cell-atlas/scbasecount/2026-01-12/h5ad/GeneFull/Homo_sapiens/ERX9138848.h5ad,3682,10x_Genomics,5_prime_gex,single_cell,Homo sapiens,lung,UBERON:0002048,,,,,no,c1241244-b22d-483d-875b-75699efb9f3c,A spatially resolved atlas of the human lung characterizes a gland-associated immune niche,True,PRJEB52292
ERX9138737,21320740,gs://arc-institute-virtual-cell-atlas/scbasecount/2026-01-12/h5ad/GeneFull/Homo_sapiens/ERX9138737.h5ad,9307,10x_Genomics,3_prime_gex,single_nucleus,Homo sapiens,lung (proximal-to-distal regions),UBERON:0000072,none (healthy tissue),,none reported,none,no,c1241244-b22d-483d-875b-75699efb9f3c,A spatially resolved atlas of the human lung characterizes a gland-associated immune niche,True,PRJEB52292
ERX9138877,21320875,gs://arc-institute-virtual-cell-atlas/scbasecount/2026-01-12/h5ad/GeneFull/Homo_sapiens/ERX9138877.h5ad,3483,10x_Genomics,3_prime_gex,single_cell,Homo sapiens,lung (proximal-to-distal regions of healthy human lung),UBERON:0002048,none (healthy),,none,none,no,c1241244-b22d-483d-875b-75699efb9f3c,A spatially resolved atlas of the human lung characterizes a gland-associated immune niche,True,PRJEB52292
ERX9138815,21320815,gs://arc-institute-virtual-cell-atlas/scbasecount/2026-01-12/h5ad/GeneFull/Homo_sapiens/ERX9138815.h5ad,1699,10x_Genomics,3_prime_gex,single_cell,Homo sapiens,lung (five proximal-to-distal locations),"UBERON:0002182,UBERON:0002183,UBERON:0002184,UBERON:0002186,UBERON:0002187",none (healthy),,none,none,no,c1241244-b22d-483d-875b-75699efb9f3c,A spatially resolved atlas of the human lung characterizes a gland-associated immune niche,True,PRJEB52292
ERX12558791,34492173,gs://arc-institute-virtual-cell-atlas/scbasecount/2026-01-12/h5ad/GeneFull/Homo_sapiens/ERX12558791.h5ad,8362,10x_Genomics,5_prime_gex,single_cell,Homo sapiens,"fetal lung (CD45+ immune cells, 8–20 post-conception weeks)",UBERON:0002048,none (normal fetal tissue),,none reported,none,no,ec329aed-22bc-4d6e-8935-8282dcb1acac,Early human lung immune cell development and its role in epithelial cell fate,True,PRJEB76244
ERX9138795,21320796,gs://arc-institute-virtual-cell-atlas/scbasecount/2026-01-12/h5ad/GeneFull/Homo_sapiens/ERX9138795.h5ad,651,10x_Genomics,vdj,single_cell,Homo sapiens,lung (proximal-to-distal regions),UBERON:0002048,none (healthy donor),,none reported,not applicable,no,c1241244-b22d-483d-875b-75699efb9f3c,A spatially resolved atlas of the human lung characterizes a gland-associated immune niche,True,PRJEB52292
ERX9138866,21320865,gs://arc-institute-virtual-cell-atlas/scbasecount/2026-01-12/h5ad/GeneFull/Homo_sapiens/ERX9138866.h5ad,6862,10x_Genomics,5_prime_gex,single_cell,Homo sapiens,"lung (five proximal-to-distal locations), healthy donor",UBERON:0002048,none (healthy),,none,none,no,c1241244-b22d-483d-875b-75699efb9f3c,A spatially resolved atlas of the human lung characterizes a gland-associated immune niche,True,PRJEB52292
SRX7347528,9630382,gs://arc-institute-virtual-cell-atlas/scbasecount/2026-01-12/h5ad/GeneFull/Homo_sapiens/SRX7347528.h5ad,2739,10x_Genomics,3_prime_gex,single_cell,Homo sapiens,tracheal epithelium (airway epithelial cells),UBERON:0001901,none (healthy donor),,none,none,no,f86d6317-7215-409e-bfda-3f4ded3dadaa,Human CellCards Multi-Study CellRef 1.0 Atlas,True,PRJNA554141
ERX12558781,34492472,gs://arc-institute-virtual-cell-atlas/scbasecount/2026-01-12/h5ad/GeneFull/Homo_sapiens/ERX12558781.h5ad,853,10x_Genomics,5_prime_gex,single_cell,Homo sapiens,fetal lung (CD45-enriched cells),UBERON:0002048,none (normal),,none reported,none,no,ec329aed-22bc-4d6e-8935-8282dcb1acac,Early human lung immune cell development and its role in epithelial cell fate,True,PRJEB76244
ERX9138894,21320892,gs://arc-institute-virtual-cell-atlas/scbasecount/2026-01-12/h5ad/GeneFull/Homo_sapiens/ERX9138894.h5ad,4539,10x_Genomics,5_prime_gex,single_cell,Homo sapiens,lung (five proximal-to-distal locations),"UBERON:0001155,UBERON:0002177,UBERON:0002112,UBERON:0002103,UBERON:0001916",none reported (healthy),,none,none,no,c1241244-b22d-483d-875b-75699efb9f3c,A spatially resolved atlas of the human lung characterizes a gland-associated immune niche,True,PRJEB52292
ERX9138743,21320746,gs://arc-institute-virtual-cell-atlas/scbasecount/2026-01-12/h5ad/GeneFull/Homo_sapiens/ERX9138743.h5ad,2977,10x_Genomics,5_prime_gex,single_cell,Homo sapiens,lung (five proximal-to-distal locations),UBERON:0002048,none (healthy),,none reported,none,no,c1241244-b22d-483d-875b-75699efb9f3c,A spatially resolved atlas of the human lung characterizes a gland-associated immune niche,True,PRJEB52292
SRX6726397,8863506,gs://arc-institute-virtual-cell-atlas/scbasecount/2026-01-12/h5ad/GeneFull/Homo_sapiens/SRX6726397.h5ad,4215,10x_Genomics,5_prime_gex,single_cell,Homo sapiens,lung biopsy,UBERON:0002048,pulmonary fibrosis,MONDO:0002771,none reported,not_applicable,no,f86d6317-7215-409e-bfda-3f4ded3dadaa,Human CellCards Multi-Study CellRef 1.0 Atlas,True,PRJNA560492
ERX9138860,21320859,gs://arc-institute-virtual-cell-atlas/scbasecount/2026-01-12/h5ad/GeneFull/Homo_sapiens/ERX9138860.h5ad,8544,10x_Genomics,3_prime_gex,single_nucleus,Homo sapiens,lung (proximal-to-distal regions),UBERON:0000072,none (healthy donor),,none reported,not applicable,no,c1241244-b22d-483d-875b-75699efb9f3c,A spatially resolved atlas of the human lung characterizes a gland-associated immune niche,True,PRJEB52292
ERX9138786,21320788,gs://arc-institute-virtual-cell-atlas/scbasecount/2026-01-12/h5ad/GeneFull/Homo_sapiens/ERX9138786.h5ad,3266,10x_Genomics,5_prime_gex,single_cell,Homo sapiens,lung,UBERON:0002048,healthy,,none,none,no,c1241244-b22d-483d-875b-75699efb9f3c,A spatially resolved atlas of the human lung characterizes a gland-associated immune niche,True,PRJEB52292
ERX9138742,21320745,gs://arc-institute-virtual-cell-atlas/scbasecount/2026-01-12/h5ad/GeneFull/Homo_sapiens/ERX9138742.h5ad,7295,10x_Genomics,3_prime_gex,single_nucleus,Homo sapiens,lung,UBERON:0002048,none (healthy),,none reported,none,no,c1241244-b22d-483d-875b-75699efb9f3c,A spatially resolved atlas of the human lung characterizes a gland-associated immune niche,True,PRJEB52292
ERX12558797,34492494,gs://arc-institute-virtual-cell-atlas/scbasecount/2026-01-12/h5ad/GeneFull/Homo_sapiens/ERX12558797.h5ad,4363,10x_Genomics,5_prime_gex,single_cell,Homo sapiens,embryonic lung (20 post-conception weeks),UBERON:0002048,none (normal),,none reported,none,no,ec329aed-22bc-4d6e-8935-8282dcb1acac,Early human lung immune cell development and its role in epithelial cell fate,True,PRJEB76244
ERX9138879,21320877,gs://arc-institute-virtual-cell-atlas/scbasecount/2026-01-12/h5ad/GeneFull/Homo_sapiens/ERX9138879.h5ad,5028,10x_Genomics,5_prime_gex,single_cell,Homo sapiens,lung,UBERON:0002048,none (healthy donor),,none reported,not applicable,no,c1241244-b22d-483d-875b-75699efb9f3c,A spatially resolved atlas of the human lung characterizes a gland-associated immune niche,True,PRJEB52292
SRX6726394,8863503,gs://arc-institute-virtual-cell-atlas/scbasecount/2026-01-12/h5ad/GeneFull/Homo_sapiens/SRX6726394.h5ad,14341,10x_Genomics,5_prime_gex,single_cell,Homo sapiens,lung biopsy,UBERON:0002048,pulmonary fibrosis,MONDO:0002771,,,no,f86d6317-7215-409e-bfda-3f4ded3dadaa,Human CellCards Multi-Study CellRef 1.0 Atlas,True,PRJNA560492
SRX6726389,8863498,gs://arc-institute-virtual-cell-atlas/scbasecount/2026-01-12/h5ad/GeneFull/Homo_sapiens/SRX6726389.h5ad,2726,10x_Genomics,5_prime_gex,single_cell,Homo sapiens,lung (biopsy from pulmonary fibrosis patient),UBERON:0002048,pulmonary fibrosis,MONDO:0002771,none reported,none,no,f86d6317-7215-409e-bfda-3f4ded3dadaa,Human CellCards Multi-Study CellRef 1.0 Atlas,True,PRJNA560492
ERX12558759,34494044,gs://arc-institute-virtual-cell-atlas/scbasecount/2026-01-12/h5ad/GeneFull/Homo_sapiens/ERX12558759.h5ad,831,10x_Genomics,5_prime_gex,single_cell,Homo sapiens,"fetal lung (CD45+ immune cells, 8–20 post-conception weeks)",UBERON:0002048,none reported,,none reported,none,no,ec329aed-22bc-4d6e-8935-8282dcb1acac,Early human lung immune cell development and its role in epithelial cell fate,True,PRJEB76244
ERX9138765,21320767,gs://arc-institute-virtual-cell-atlas/scbasecount/2026-01-12/h5ad/GeneFull/Homo_sapiens/ERX9138765.h5ad,647,10x_Genomics,5_prime_gex,single_cell,Homo sapiens,lung,UBERON:0002048,none (healthy),,none reported,none,no,c1241244-b22d-483d-875b-75699efb9f3c,A spatially resolved atlas of the human lung characterizes a gland-associated immune niche,True,PRJEB52292
ERX12558812,34494703,gs://arc-institute-virtual-cell-atlas/scbasecount/2026-01-12/h5ad/GeneFull/Homo_sapiens/ERX12558812.h5ad,22944,10x_Genomics,5_prime_gex,single_cell,Homo sapiens,"fetal lung (CD45+ immune cells, 6–22 post-conception weeks)",UBERON:0002048,none reported (normal development),,none reported,none,no,ec329aed-22bc-4d6e-8935-8282dcb1acac,Early human lung immune cell development and its role in epithelial cell fate,True,PRJEB76244
SRX6726384,8863493,gs://arc-institute-virtual-cell-atlas/scbasecount/2026-01-12/h5ad/GeneFull/Homo_sapiens/SRX6726384.h5ad,2974,10x_Genomics,5_prime_gex,single_cell,Homo sapiens,lung biopsy,UBERON:0002048,none (control),,none reported,not applicable,no,f86d6317-7215-409e-bfda-3f4ded3dadaa,Human CellCards Multi-Study CellRef 1.0 Atlas,True,PRJNA560492
ERX12558788,34492455,gs://arc-institute-virtual-cell-atlas/scbasecount/2026-01-12/h5ad/GeneFull/Homo_sapiens/ERX12558788.h5ad,4843,10x_Genomics,5_prime_gex,single_cell,Homo sapiens,fetal lung (8–20 post-conception weeks),UBERON:0002048,none reported (normal developmental tissue),,CD45+ immune-cell enrichment by FACS,none,no,ec329aed-22bc-4d6e-8935-8282dcb1acac,Early human lung immune cell development and its role in epithelial cell fate,True,PRJEB76244
ERX9138783,21320785,gs://arc-institute-virtual-cell-atlas/scbasecount/2026-01-12/h5ad/GeneFull/Homo_sapiens/ERX9138783.h5ad,8658,10x_Genomics,5_prime_gex,single_cell,Homo sapiens,lung,UBERON:0002048,none (healthy donor),,none,not_applicable,no,c1241244-b22d-483d-875b-75699efb9f3c,A spatially resolved atlas of the human lung characterizes a gland-associated immune niche,True,PRJEB52292
SRX6726391,8863500,gs://arc-institute-virtual-cell-atlas/scbasecount/2026-01-12/h5ad/GeneFull/Homo_sapiens/SRX6726391.h5ad,10323,10x_Genomics,5_prime_gex,single_cell,Homo sapiens,lung biopsy,UBERON:0002048,none (control),,none reported,none reported,no,f86d6317-7215-409e-bfda-3f4ded3dadaa,Human CellCards Multi-Study CellRef 1.0 Atlas,True,PRJNA560492
ERX9138859,21320858,gs://arc-institute-virtual-cell-atlas/scbasecount/2026-01-12/h5ad/GeneFull/Homo_sapiens/ERX9138859.h5ad,1047,10x_Genomics,5_prime_gex,single_cell,Homo sapiens,lung (five proximal-to-distal locations),"UBERON:0000948,UBERON:0003020,UBERON:0002371,UBERON:0002368,UBERON:0001977",healthy,,none,none,no,c1241244-b22d-483d-875b-75699efb9f3c,A spatially resolved atlas of the human lung characterizes a gland-associated immune niche,True,PRJEB52292
ERX12558783,34494445,gs://arc-institute-virtual-cell-atlas/scbasecount/2026-01-12/h5ad/GeneFull/Homo_sapiens/ERX12558783.h5ad,6038,10x_Genomics,5_prime_gex,single_cell,Homo sapiens,"fetal lung, CD45+ immune cells",UBERON:0002048,,,,,no,ec329aed-22bc-4d6e-8935-8282dcb1acac,Early human lung immune cell development and its role in epithelial cell fate,True,PRJEB76244
ERX9138898,21320896,gs://arc-institute-virtual-cell-atlas/scbasecount/2026-01-12/h5ad/GeneFull/Homo_sapiens/ERX9138898.h5ad,1342,10x_Genomics,5_prime_gex,single_cell,Homo sapiens,lung (proximal-to-distal locations),"UBERON:0003126,UBERON:0002182,UBERON:0002183,UBERON:0002048",none (healthy donor),,none reported,not applicable,no,c1241244-b22d-483d-875b-75699efb9f3c,A spatially resolved atlas of the human lung characterizes a gland-associated immune niche,True,PRJEB52292
ERX9138829,21320829,gs://arc-institute-virtual-cell-atlas/scbasecount/2026-01-12/h5ad/GeneFull/Homo_sapiens/ERX9138829.h5ad,2530,10x_Genomics,5_prime_gex,single_cell,Homo sapiens,lung (proximal–distal region),UBERON:0002048,none (healthy),,none reported,none,no,c1241244-b22d-483d-875b-75699efb9f3c,A spatially resolved atlas of the human lung characterizes a gland-associated immune niche,True,PRJEB52292
ERX12558756,34492417,gs://arc-institute-virtual-cell-atlas/scbasecount/2026-01-12/h5ad/GeneFull/Homo_sapiens/ERX12558756.h5ad,1165,10x_Genomics,5_prime_gex,single_cell,Homo sapiens,embryonic lung (12 post-conception weeks),UBERON:0002048,none/normal,,none reported,not applicable,no,ec329aed-22bc-4d6e-8935-8282dcb1acac,Early human lung immune cell development and its role in epithelial cell fate,True,PRJEB76244
ERX9138781,21320783,gs://arc-institute-virtual-cell-atlas/scbasecount/2026-01-12/h5ad/GeneFull/Homo_sapiens/ERX9138781.h5ad,4930,10x_Genomics,3_prime_gex,single_cell,Homo sapiens,lung,UBERON:0002048,,,,,no,c1241244-b22d-483d-875b-75699efb9f3c,A spatially resolved atlas of the human lung characterizes a gland-associated immune niche,True,PRJEB52292
ERX9138775,21320777,gs://arc-institute-virtual-cell-atlas/scbasecount/2026-01-12/h5ad/GeneFull/Homo_sapiens/ERX9138775.h5ad,1825,10x_Genomics,5_prime_gex,single_cell,Homo sapiens,lung (five proximal-to-distal locations),"UBERON:0002182,UBERON:0002183,UBERON:0002184,UBERON:0002186,UBERON:0002299",none (healthy),,none,none,no,c1241244-b22d-483d-875b-75699efb9f3c,A spatially resolved atlas of the human lung characterizes a gland-associated immune niche,True,PRJEB52292
ERX9138818,21320818,gs://arc-institute-virtual-cell-atlas/scbasecount/2026-01-12/h5ad/GeneFull/Homo_sapiens/ERX9138818.h5ad,2504,10x_Genomics,3_prime_gex,single_cell,Homo sapiens,lung (five proximal-to-distal locations),UBERON:0002048,none (healthy),,none reported,none,no,c1241244-b22d-483d-875b-75699efb9f3c,A spatially resolved atlas of the human lung characterizes a gland-associated immune niche,True,PRJEB52292
ERX9138807,21320807,gs://arc-institute-virtual-cell-atlas/scbasecount/2026-01-12/h5ad/GeneFull/Homo_sapiens/ERX9138807.h5ad,2052,10x_Genomics,3_prime_gex,single_cell,Homo sapiens,lung,UBERON:0002048,unsure,,unsure,none,no,c1241244-b22d-483d-875b-75699efb9f3c,A spatially resolved atlas of the human lung characterizes a gland-associated immune niche,True,PRJEB52292
ERX12558775,34492361,gs://arc-institute-virtual-cell-atlas/scbasecount/2026-01-12/h5ad/GeneFull/Homo_sapiens/ERX12558775.h5ad,2184,10x_Genomics,5_prime_gex,single_cell,Homo sapiens,fetal lung,UBERON:0002048,none reported (healthy),,none reported,none,no,ec329aed-22bc-4d6e-8935-8282dcb1acac,Early human lung immune cell development and its role in epithelial cell fate,True,PRJEB76244
ERX12558801,34493376,gs://arc-institute-virtual-cell-atlas/scbasecount/2026-01-12/h5ad/GeneFull/Homo_sapiens/ERX12558801.h5ad,265,10x_Genomics,5_prime_gex,single_cell,Homo sapiens,"fetal lung (16 post-conception weeks), CD45+ immune cells",UBERON:0002048,none (normal fetal tissue),,none,none,maybe,ec329aed-22bc-4d6e-8935-8282dcb1acac,Early human lung immune cell development and its role in epithelial cell fate,True,PRJEB76244
SRX6726369,8863478,gs://arc-institute-virtual-cell-atlas/scbasecount/2026-01-12/h5ad/GeneFull/Homo_sapiens/SRX6726369.h5ad,4449,10x_Genomics,5_prime_gex,single_cell,Homo sapiens,lung biopsy,UBERON:0002048,healthy control,,none,not_applicable,no,f86d6317-7215-409e-bfda-3f4ded3dadaa,Human CellCards Multi-Study CellRef 1.0 Atlas,True,PRJNA560492
ERX9138857,21320856,gs://arc-institute-virtual-cell-atlas/scbasecount/2026-01-12/h5ad/GeneFull/Homo_sapiens/ERX9138857.h5ad,7260,10x_Genomics,3_prime_gex,single_cell,Homo sapiens,lung (proximal-to-distal locations),UBERON:0002048,none (healthy),,none reported,not applicable,no,c1241244-b22d-483d-875b-75699efb9f3c,A spatially resolved atlas of the human lung characterizes a gland-associated immune niche,True,PRJEB52292
ERX9138784,21320786,gs://arc-institute-virtual-cell-atlas/scbasecount/2026-01-12/h5ad/GeneFull/Homo_sapiens/ERX9138784.h5ad,10164,10x_Genomics,5_prime_gex,single_cell,Homo sapiens,lung (proximal-to-distal regions of healthy human lung),UBERON:0002048,none (healthy donor tissue),,none reported,not applicable (primary cells),no,c1241244-b22d-483d-875b-75699efb9f3c,A spatially resolved atlas of the human lung characterizes a gland-associated immune niche,True,PRJEB52292
ERX9138881,21320879,gs://arc-institute-virtual-cell-atlas/scbasecount/2026-01-12/h5ad/GeneFull/Homo_sapiens/ERX9138881.h5ad,2416,10x_Genomics,5_prime_gex,single_cell,Homo sapiens,lung (multiple proximal-to-distal locations),UBERON:0002048,none (healthy),,none,none,no,c1241244-b22d-483d-875b-75699efb9f3c,A spatially resolved atlas of the human lung characterizes a gland-associated immune niche,True,PRJEB52292
ERX9138796,21320797,gs://arc-institute-virtual-cell-atlas/scbasecount/2026-01-12/h5ad/GeneFull/Homo_sapiens/ERX9138796.h5ad,1129,10x_Genomics,3_prime_gex,single_cell,Homo sapiens,lung,UBERON:0002048,,,,,no,c1241244-b22d-483d-875b-75699efb9f3c,A spatially resolved atlas of the human lung characterizes a gland-associated immune niche,True,PRJEB52292
ERX9138900,21320898,gs://arc-institute-virtual-cell-atlas/scbasecount/2026-01-12/h5ad/GeneFull/Homo_sapiens/ERX9138900.h5ad,1059,10x_Genomics,vdj,single_cell,Homo sapiens,lung,UBERON:0002048,healthy,,none,none,no,c1241244-b22d-483d-875b-75699efb9f3c,A spatially resolved atlas of the human lung characterizes a gland-associated immune niche,True,PRJEB52292
ERX9138754,21320757,gs://arc-institute-virtual-cell-atlas/scbasecount/2026-01-12/h5ad/GeneFull/Homo_sapiens/ERX9138754.h5ad,1425,10x_Genomics,5_prime_gex,single_cell,Homo sapiens,lung (proximal-to-distal healthy human),UBERON:0002048,healthy,,none,not applicable,no,c1241244-b22d-483d-875b-75699efb9f3c,A spatially resolved atlas of the human lung characterizes a gland-associated immune niche,True,PRJEB52292
ERX9138836,21320836,gs://arc-institute-virtual-cell-atlas/scbasecount/2026-01-12/h5ad/GeneFull/Homo_sapiens/ERX9138836.h5ad,3207,10x_Genomics,5_prime_gex,single_cell,Homo sapiens,lung (proximal-to-distal regions),UBERON:0002048,none reported (healthy),,none,none,no,c1241244-b22d-483d-875b-75699efb9f3c,A spatially resolved atlas of the human lung characterizes a gland-associated immune niche,True,PRJEB52292
ERX9138830,21320830,gs://arc-institute-virtual-cell-atlas/scbasecount/2026-01-12/h5ad/GeneFull/Homo_sapiens/ERX9138830.h5ad,303,10x_Genomics,3_prime_gex,single_cell,Homo sapiens,lung,UBERON:0002048,none (healthy),,none reported,none,no,c1241244-b22d-483d-875b-75699efb9f3c,A spatially resolved atlas of the human lung characterizes a gland-associated immune niche,True,PRJEB52292
ERX12558768,34494620,gs://arc-institute-virtual-cell-atlas/scbasecount/2026-01-12/h5ad/GeneFull/Homo_sapiens/ERX12558768.h5ad,346,10x_Genomics,5_prime_gex,single_cell,Homo sapiens,fetal lung (8–20 post-conception weeks),UBERON:0002048,none specified (normal fetal development),,FACS enrichment for live CD45+ immune cells; some samples stained with TotalSeq-C antibody panel,none,no,ec329aed-22bc-4d6e-8935-8282dcb1acac,Early human lung immune cell development and its role in epithelial cell fate,True,PRJEB76244
ERX9138882,21320880,gs://arc-institute-virtual-cell-atlas/scbasecount/2026-01-12/h5ad/GeneFull/Homo_sapiens/ERX9138882.h5ad,3092,10x_Genomics,vdj,single_cell,Homo sapiens,lung,UBERON:0002048,unsure,,unsure,unsure,no,c1241244-b22d-483d-875b-75699efb9f3c,A spatially resolved atlas of the human lung characterizes a gland-associated immune niche,True,PRJEB52292
ERX12558767,34492402,gs://arc-institute-virtual-cell-atlas/scbasecount/2026-01-12/h5ad/GeneFull/Homo_sapiens/ERX12558767.h5ad,1617,10x_Genomics,5_prime_gex,single_cell,Homo sapiens,fetal lung,UBERON:0002048,none,,FACS enrichment for CD45+ cells; some samples stained with TotalSeq-C antibody panel; IL-1β tested in organoid differentiation assays,none,no,ec329aed-22bc-4d6e-8935-8282dcb1acac,Early human lung immune cell development and its role in epithelial cell fate,True,PRJEB76244
ERX9138759,21320761,gs://arc-institute-virtual-cell-atlas/scbasecount/2026-01-12/h5ad/GeneFull/Homo_sapiens/ERX9138759.h5ad,5745,10x_Genomics,5_prime_gex,single_cell,Homo sapiens,lung,UBERON:0002048,,,,,no,c1241244-b22d-483d-875b-75699efb9f3c,A spatially resolved atlas of the human lung characterizes a gland-associated immune niche,True,PRJEB52292
ERX9138825,21320825,gs://arc-institute-virtual-cell-atlas/scbasecount/2026-01-12/h5ad/GeneFull/Homo_sapiens/ERX9138825.h5ad,907,10x_Genomics,5_prime_gex,single_cell,Homo sapiens,lung (proximal-to-distal regions),UBERON:0002048,healthy,,none,none,no,c1241244-b22d-483d-875b-75699efb9f3c,A spatially resolved atlas of the human lung characterizes a gland-associated immune niche,True,PRJEB52292
ERX9138885,21320883,gs://arc-institute-virtual-cell-atlas/scbasecount/2026-01-12/h5ad/GeneFull/Homo_sapiens/ERX9138885.h5ad,2277,10x_Genomics,3_prime_gex,single_cell,Homo sapiens,lung,UBERON:0002048,none (healthy),,none,none,no,c1241244-b22d-483d-875b-75699efb9f3c,A spatially resolved atlas of the human lung characterizes a gland-associated immune niche,True,PRJEB52292
ERX9138760,21320762,gs://arc-institute-virtual-cell-atlas/scbasecount/2026-01-12/h5ad/GeneFull/Homo_sapiens/ERX9138760.h5ad,3450,10x_Genomics,5_prime_gex,single_cell,Homo sapiens,lung,UBERON:0002048,unsure,,unsure,unsure,no,c1241244-b22d-483d-875b-75699efb9f3c,A spatially resolved atlas of the human lung characterizes a gland-associated immune niche,True,PRJEB52292
