pseudobulk_id,gene_count_Unique,umi_count_Unique,gene_count_UniqueAndMult-EM,umi_count_UniqueAndMult-EM,gene_count_UniqueAndMult-Uniform,umi_count_UniqueAndMult-Uniform,SRX_accession,cell_type,cell_ontology_term_id,n_genes_by_counts,total_counts,pct_counts_in_top_50_genes,pct_counts_in_top_100_genes,pct_counts_in_top_200_genes,pct_counts_in_top_500_genes,total_counts_mt,pct_counts_mt,total_counts_ribo,pct_counts_ribo,total_counts_hb,pct_counts_hb,n_genes,study_accession,leiden_uncorrected,leiden_atlas,diseaseArea,diseaseAreaSource,diseaseName,diseaseOntologyTermId,diseased,isBiologicalControl,controlType,eligible,excludeReason,disease_ontology_term_id,psbulk_cells,psbulk_counts
ERX11662338_1,1028,1939.0,1112,2048.0,1132,2047.9998,ERX11662338,"CD4-positive, alpha-beta T cell",CL:0000624,1028,1939.0,30.118617844249613,41.10366168127901,53.068592057761734,72.76946879834966,173.0,8.922125,308.0,15.884477,0.0,0.0,1028,PRJEB68315,4,1,Lung Cancer,ontology,non-small cell lung carcinoma,MONDO:0005233,False,True,matchedAdjacent,True,,MONDO:0005233,48,174233.0
ERX11662338_24,5535,24906.0,5778,25864.998,5985,25865.002,ERX11662338,macrophage,CL:0000235,5535,24906.0,28.85248534489681,36.39283706737332,45.46695575363366,58.13458604352365,1198.0,4.810086,2306.0,9.258814,0.0,0.0,5535,PRJEB68315,39,24,Lung Cancer,ontology,non-small cell lung carcinoma,MONDO:0005233,False,True,matchedAdjacent,True,,MONDO:0005233,10,143134.0
ERX11662338_4,2111,4416.0,2247,4654.0005,2310,4654.0,ERX11662338,natural killer cell,CL:0000623,2111,4416.0,22.916666666666664,31.11413043478261,41.55344202898551,58.46920289855072,197.0,4.461051,524.0,11.865942,0.0,0.0,2111,PRJEB68315,6,4,Lung Cancer,ontology,non-small cell lung carcinoma,MONDO:0005233,False,True,matchedAdjacent,True,,MONDO:0005233,16,63838.0
ERX11662338_9,5848,26590.0,6119,28862.0,6376,28862.008,ERX11662338,macrophage,CL:0000235,5848,26590.0,23.49003384731102,30.16171493042497,38.322677698382854,51.87664535539677,1458.0,5.4832644,1226.0,4.610756,0.0,0.0,5848,PRJEB68315,49,9,Lung Cancer,ontology,non-small cell lung carcinoma,MONDO:0005233,False,True,matchedAdjacent,True,,MONDO:0005233,50,965681.0
ERX11662359_1,1285,2065.0,1386,2218.9993,1421,2218.9998,ERX11662359,"CD4-positive, alpha-beta T cell",CL:0000624,1285,2065.0,19.90314769975787,27.99031476997579,39.370460048426146,61.98547215496368,91.0,4.40678,63.0,3.0508475,0.0,0.0,1285,PRJEB68315,4,1,Lung Cancer,ontology,squamous cell lung carcinoma,MONDO:0005097,False,True,matchedAdjacent,True,,MONDO:0005097,65,179201.0
ERX11662359_24,4155,12611.0,4347,13229.0,4494,13229.0,ERX11662359,intermediate monocyte,CL:0002393,4155,12611.0,21.584331139481407,28.39584489731187,37.52279755768773,52.90619300610578,484.0,3.8379192,1019.0,8.080247,0.0,0.0,4155,PRJEB68315,39,24,Lung Cancer,ontology,squamous cell lung carcinoma,MONDO:0005097,False,True,matchedAdjacent,True,,MONDO:0005097,23,292398.0
ERX11662359_26,4288,14967.0,4540,15663.001,4673,15662.996,ERX11662359,macrophage,CL:0000235,4288,14967.0,23.10416249081312,30.65410569920492,40.221821340281956,55.96311886149529,931.0,6.2203517,975.0,6.514332,0.0,0.0,4288,PRJEB68315,39,26,Lung Cancer,ontology,squamous cell lung carcinoma,MONDO:0005097,False,True,matchedAdjacent,True,,MONDO:0005097,41,423258.0
ERX11662359_34,3301,12175.0,3478,12699.001,3592,12698.995,ERX11662359,intermediate monocyte,CL:0002393,3301,12175.0,24.03285420944559,33.95482546201232,45.49486652977413,62.53798767967146,440.0,3.613963,1543.0,12.673511,0.0,0.0,3301,PRJEB68315,43,34,Lung Cancer,ontology,squamous cell lung carcinoma,MONDO:0005097,False,True,matchedAdjacent,True,,MONDO:0005097,24,151951.0
ERX11662359_4,1228,2061.0,1307,2216.0,1331,2215.9995,ERX11662359,"CD8-positive, alpha-beta T cell",CL:0000625,1228,2061.0,27.365356622998544,35.37117903930131,45.608927704997576,64.67734109655507,92.0,4.4638524,208.0,10.092189,0.0,0.0,1228,PRJEB68315,6,4,Lung Cancer,ontology,squamous cell lung carcinoma,MONDO:0005097,False,True,matchedAdjacent,True,,MONDO:0005097,20,55203.0
ERX11662359_5,1169,1998.0,1276,2156.0,1307,2156.0,ERX11662359,"CD4-positive, alpha-beta T cell",CL:0000624,1169,1998.0,28.32832832832833,36.63663663663664,47.4974974974975,66.51651651651652,129.0,6.456456,228.0,11.411411,0.0,0.0,1169,PRJEB68315,4,5,Lung Cancer,ontology,squamous cell lung carcinoma,MONDO:0005097,False,True,matchedAdjacent,True,,MONDO:0005097,11,31312.0
ERX11662359_8,6701,34822.0,6982,36090.996,7232,36091.01,ERX11662359,macrophage,CL:0000235,6701,34822.0,35.451725920395155,40.293492619608294,46.32416288553213,56.811785652748256,1305.0,3.7476308,1863.0,5.350066,0.0,0.0,6701,PRJEB68315,26,8,Lung Cancer,ontology,squamous cell lung carcinoma,MONDO:0005097,False,True,matchedAdjacent,True,,MONDO:0005097,19,375320.0
ERX11662359_9,4955,17293.0,5194,17991.992,5362,17991.99,ERX11662359,macrophage,CL:0000235,4955,17293.0,17.24975423581796,24.23523969236107,32.84566009367953,48.0367778870063,662.0,3.8281386,836.0,4.834326,0.0,0.0,4955,PRJEB68315,49,9,Lung Cancer,ontology,squamous cell lung carcinoma,MONDO:0005097,False,True,matchedAdjacent,True,,MONDO:0005097,92,1276238.0
ERX11662361_1,2821,7733.0,2951,8068.9995,3036,8069.0015,ERX11662361,"CD4-positive, alpha-beta T cell",CL:0000624,2821,7733.0,21.052631578947366,29.742661321608686,41.12246217509375,58.48959006853743,222.0,2.8708134,946.0,12.233286,0.0,0.0,2821,PRJEB68315,4,1,Lung Cancer,ontology,squamous cell lung carcinoma,MONDO:0005097,False,True,matchedAdjacent,True,,MONDO:0005097,14,48162.0
ERX11662361_34,3512,12038.0,3680,12480.999,3805,12481.002,ERX11662361,intermediate monocyte,CL:0002393,3512,12038.0,22.860940355540787,31.97374979232431,43.18823724871241,59.685994351221126,454.0,3.7713907,1248.0,10.36717,0.0,0.0,3512,PRJEB68315,43,34,Lung Cancer,ontology,squamous cell lung carcinoma,MONDO:0005097,False,True,matchedAdjacent,True,,MONDO:0005097,11,107363.0
ERX11662361_4,545,745.0,577,776.99994,586,776.99994,ERX11662361,"CD4-positive, alpha-beta T cell",CL:0000624,545,745.0,28.187919463087248,40.26845637583892,53.691275167785236,93.95973154362416,1.0,0.1342282,8.0,1.0738256,0.0,0.0,545,PRJEB68315,4,4,Lung Cancer,ontology,squamous cell lung carcinoma,MONDO:0005097,False,True,matchedAdjacent,True,,MONDO:0005097,23,102000.0
ERX11662362_0,3538,10715.0,3703,11373.001,3820,11372.998,ERX11662362,"CD4-positive, alpha-beta T cell",CL:0000624,3538,10715.0,29.500699953336447,36.67755482967802,45.450303313112464,59.13205786280915,519.0,4.843677,1053.0,9.827345,0.0,0.0,3538,PRJEB68315,0,0,Lung Cancer,ontology,squamous cell lung carcinoma,MONDO:0005097,True,False,,True,,MONDO:0005097,38,378028.0
ERX11662362_1,1342,3553.0,1414,3785.0005,1448,3784.9995,ERX11662362,"CD4-positive, alpha-beta T cell",CL:0000624,1342,3553.0,35.097101041373485,49.90149169715733,61.35660005629045,76.30171685899239,107.0,3.0115395,1207.0,33.97129,0.0,0.0,1342,PRJEB68315,4,1,Lung Cancer,ontology,squamous cell lung carcinoma,MONDO:0005097,True,False,,True,,MONDO:0005097,114,483925.0
ERX11662362_24,3239,9968.0,3404,10412.998,3506,10413.002,ERX11662362,macrophage,CL:0000235,3239,9968.0,25.36115569823435,33.75802568218298,44.34189406099519,60.22271268057785,333.0,3.3406901,957.0,9.600722,0.0,0.0,3239,PRJEB68315,39,24,Lung Cancer,ontology,squamous cell lung carcinoma,MONDO:0005097,True,False,,True,,MONDO:0005097,15,226011.0
ERX11662362_26,2196,8107.0,2324,8481.001,2396,8481.002,ERX11662362,classical monocyte,CL:0000860,2196,8107.0,28.493894165535956,39.96546194646602,54.052053780683366,72.08585173307019,186.0,2.2943134,1072.0,13.22314,0.0,0.0,2196,PRJEB68315,35,26,Lung Cancer,ontology,squamous cell lung carcinoma,MONDO:0005097,True,False,,True,,MONDO:0005097,11,86591.0
ERX11662362_34,1846,5408.0,1953,5624.0,2001,5624.0,ERX11662362,classical monocyte,CL:0000860,1846,5408.0,32.87721893491125,43.5835798816568,55.43639053254438,71.6715976331361,187.0,3.4578402,485.0,8.968195,0.0,0.0,1846,PRJEB68315,43,34,Lung Cancer,ontology,squamous cell lung carcinoma,MONDO:0005097,True,False,,True,,MONDO:0005097,13,103339.0
ERX11662362_4,2069,4727.0,2187,5078.0,2264,5077.999,ERX11662362,"CD4-positive, alpha-beta T cell",CL:0000624,2069,4727.0,24.687962767082716,33.99619208800508,44.61603554051195,61.75163951766448,142.0,3.0040195,757.0,16.014385,0.0,0.0,2069,PRJEB68315,4,4,Lung Cancer,ontology,squamous cell lung carcinoma,MONDO:0005097,True,False,,True,,MONDO:0005097,24,97172.0
ERX11662362_5,1077,2517.0,1140,2670.0,1167,2670.0,ERX11662362,"CD4-positive, alpha-beta T cell",CL:0000624,1077,2517.0,38.06118394914581,51.291219705999204,62.0580055621772,77.07588398887565,93.0,3.6948748,798.0,31.70441,0.0,0.0,1077,PRJEB68315,4,5,Lung Cancer,ontology,squamous cell lung carcinoma,MONDO:0005097,True,False,,True,,MONDO:0005097,62,173612.0
ERX11662362_6,1225,3731.0,1306,4038.9998,1337,4038.9995,ERX11662362,UNKNOWN,,1225,3731.0,40.79335298847494,57.5984990619137,68.85553470919325,80.56821227552935,137.0,3.6719377,1496.0,40.09649,0.0,0.0,1225,PRJEB68315,1,6,Lung Cancer,ontology,squamous cell lung carcinoma,MONDO:0005097,True,False,,True,,MONDO:0005097,124,698138.0
ERX11662366_1,1423,2609.0,1521,2719.9998,1543,2719.9998,ERX11662366,"CD4-positive, alpha-beta T cell",CL:0000624,1423,2609.0,25.986968187044845,33.42276734380989,44.269835185894976,64.62246071291683,152.0,5.825987,34.0,1.3031813,0.0,0.0,1423,PRJEB68315,4,1,Lung Cancer,ontology,squamous cell lung carcinoma,MONDO:0005097,True,False,,True,,MONDO:0005097,65,325196.0
ERX11662366_24,4224,14432.0,4405,15011.999,4516,15011.998,ERX11662366,intermediate monocyte,CL:0002393,4224,14432.0,23.842849223946786,32.60116407982262,42.731430155210646,57.129988913525494,398.0,2.7577605,1539.0,10.663803,0.0,0.0,4224,PRJEB68315,39,24,Lung Cancer,ontology,squamous cell lung carcinoma,MONDO:0005097,True,False,,True,,MONDO:0005097,29,575173.0
ERX11662366_34,1460,3032.0,1545,3192.9995,1574,3192.9993,ERX11662366,B cell,CL:0000236,1460,3032.0,30.21108179419525,38.357519788918204,49.10949868073879,68.33773087071239,424.0,13.984169,138.0,4.551451,0.0,0.0,1460,PRJEB68315,39,34,Lung Cancer,ontology,squamous cell lung carcinoma,MONDO:0005097,True,False,,True,,MONDO:0005097,13,132123.0
ERX11662366_4,1919,4815.0,2017,5105.001,2073,5105.0,ERX11662366,"CD4-positive, alpha-beta T cell",CL:0000624,1919,4815.0,29.13811007268951,40.2907580477674,50.861889927310486,66.68743509865006,133.0,2.7622013,1075.0,22.326065,0.0,0.0,1919,PRJEB68315,4,4,Lung Cancer,ontology,squamous cell lung carcinoma,MONDO:0005097,True,False,,True,,MONDO:0005097,11,64714.0
ERX11662366_5,2674,4675.0,2821,4861.0,2875,4860.999,ERX11662366,"CD4-positive, alpha-beta T cell",CL:0000624,2674,4675.0,15.294117647058824,20.727272727272727,28.855614973262036,45.13368983957219,166.0,3.5508022,110.0,2.3529413,0.0,0.0,2674,PRJEB68315,47,5,Lung Cancer,ontology,squamous cell lung carcinoma,MONDO:0005097,True,False,,True,,MONDO:0005097,14,68614.0
ERX11662366_6,4056,13966.0,4246,14684.998,4384,14684.998,ERX11662366,B cell,CL:0000236,4056,13966.0,24.24459401403408,34.08993269368466,44.64413575827009,58.685378777029925,386.0,2.763855,2584.0,18.502075,0.0,0.0,4056,PRJEB68315,1,6,Lung Cancer,ontology,squamous cell lung carcinoma,MONDO:0005097,True,False,,True,,MONDO:0005097,72,488066.0
ERX11662371_4,2274,5457.0,2385,5677.0,2430,5677.001,ERX11662371,"CD8-positive, alpha-beta T cell",CL:0000625,2274,5457.0,28.11068352574675,36.39362286970863,45.81271761040865,61.55396738134507,253.0,4.636247,660.0,12.094557,0.0,0.0,2274,PRJEB68315,4,4,Lung Cancer,ontology,lung adenocarcinoma,MONDO:0005061,True,False,,True,,MONDO:0005061,11,49069.0
ERX11662373_34,1289,2376.0,1385,2662.0,1424,2661.9998,ERX11662373,B cell,CL:0000236,1289,2376.0,28.367003367003367,36.069023569023564,47.053872053872055,66.79292929292929,366.0,15.404041,133.0,5.5976434,0.0,0.0,1289,PRJEB68315,43,34,Lung Cancer,ontology,lung adenocarcinoma,MONDO:0005061,False,True,matchedAdjacent,True,,MONDO:0005061,15,161856.0
ERX11662375_44,4744,14391.0,4953,15166.002,5089,15165.995,ERX11662375,lung multiciliated epithelial cell,CL:1000271,4744,14391.0,17.212146480439163,24.140087554721703,33.35417969564311,48.919463553609894,319.0,2.2166631,931.0,6.4693213,0.0,0.0,4744,PRJEB68315,8,44,Lung Cancer,ontology,lung adenocarcinoma,MONDO:0005061,True,False,,True,,MONDO:0005061,10,157624.0
ERX11662375_9,3976,17404.0,4158,18078.002,4270,18077.994,ERX11662375,macrophage,CL:0000235,3976,17404.0,32.69363364743737,41.410020684900026,51.419213973799124,65.61135371179039,595.0,3.4187543,1385.0,7.9579406,0.0,0.0,3976,PRJEB68315,49,9,Lung Cancer,ontology,lung adenocarcinoma,MONDO:0005061,True,False,,True,,MONDO:0005061,26,400129.0
ERX11662377_1,1390,2674.0,1494,2837.0,1523,2837.0,ERX11662377,"CD4-positive, alpha-beta T cell",CL:0000624,1390,2674.0,27.973074046372474,37.84592370979806,48.915482423335824,66.71652954375467,151.0,5.6469707,462.0,17.277487,0.0,0.0,1390,PRJEB68315,4,1,Lung Cancer,ontology,non-small cell lung carcinoma,MONDO:0005233,True,False,,True,,MONDO:0005233,13,29379.0
ERX11662377_20,2931,6260.0,3079,6530.9995,3145,6530.999,ERX11662377,respiratory tract goblet cell,CL:0002370,2931,6260.0,20.97444089456869,27.268370607028753,36.102236421725244,52.3482428115016,563.0,8.99361,293.0,4.6805115,0.0,0.0,2931,PRJEB68315,12,20,Lung Cancer,ontology,non-small cell lung carcinoma,MONDO:0005233,True,False,,True,,MONDO:0005233,21,272242.0
ERX11662377_24,3201,7788.0,3347,8158.001,3457,8158.002,ERX11662377,classical monocyte,CL:0000860,3201,7788.0,20.172059578839242,28.171545968156135,37.429378531073446,53.081664098613246,291.0,3.7365177,634.0,8.140729,0.0,0.0,3201,PRJEB68315,39,24,Lung Cancer,ontology,non-small cell lung carcinoma,MONDO:0005233,True,False,,True,,MONDO:0005233,71,562632.0
ERX11662377_26,3710,10715.0,3904,12117.998,4031,12118.003,ERX11662377,macrophage,CL:0000235,3710,10715.0,28.259449370041995,34.18572095193654,41.70788614092394,55.352309846010264,855.0,7.9794683,144.0,1.3439105,0.0,0.0,3710,PRJEB68315,39,26,Lung Cancer,ontology,non-small cell lung carcinoma,MONDO:0005233,True,False,,True,,MONDO:0005233,96,656577.0
ERX11662377_34,2354,5782.0,2506,6076.999,2568,6076.9995,ERX11662377,intermediate monocyte,CL:0002393,2354,5782.0,22.15496368038741,32.04773434797648,44.37910757523348,61.743341404358354,265.0,4.5831895,680.0,11.760636,0.0,0.0,2354,PRJEB68315,39,34,Lung Cancer,ontology,non-small cell lung carcinoma,MONDO:0005233,True,False,,True,,MONDO:0005233,10,49085.0
ERX11662377_5,1093,2107.0,1168,2234.0,1192,2233.9998,ERX11662377,"CD4-positive, alpha-beta T cell",CL:0000624,1093,2107.0,31.03939250118652,41.71808258186996,53.6782154722354,71.85571903179877,55.0,2.6103466,435.0,20.645468,0.0,0.0,1093,PRJEB68315,4,5,Lung Cancer,ontology,non-small cell lung carcinoma,MONDO:0005233,True,False,,True,,MONDO:0005233,16,39059.0
ERX11662377_9,4309,11181.0,4558,11801.996,4700,11802.0,ERX11662377,macrophage,CL:0000235,4309,11181.0,21.581253912887934,26.732850371165366,33.87890170825508,47.231911278061,819.0,7.3249264,110.0,0.9838118,0.0,0.0,4309,PRJEB68315,12,9,Lung Cancer,ontology,non-small cell lung carcinoma,MONDO:0005233,True,False,,True,,MONDO:0005233,33,198204.0
ERX11662378_1,1223,2041.0,1283,2149.0,1317,2148.9998,ERX11662378,"CD4-positive, alpha-beta T cell",CL:0000624,1223,2041.0,24.49779519843214,33.219010289073985,44.48799608035277,64.57618814306713,30.0,1.4698677,357.0,17.491426,0.0,0.0,1223,PRJEB68315,3,1,Lung Cancer,ontology,lung adenocarcinoma,MONDO:0005061,False,True,matchedAdjacent,True,,MONDO:0005061,34,109035.0
ERX11662378_23,2400,7266.0,2562,7633.0,2603,7633.0005,ERX11662378,basal cell,CL:0000646,2400,7266.0,32.61767134599505,45.16928158546656,56.110652353426914,69.72199284338014,125.0,1.7203413,1579.0,21.731352,0.0,0.0,2400,PRJEB68315,47,23,Lung Cancer,ontology,lung adenocarcinoma,MONDO:0005061,False,True,matchedAdjacent,True,,MONDO:0005061,62,711310.0
ERX11662378_24,2513,6656.0,2669,6995.001,2746,6995.001,ERX11662378,classical monocyte,CL:0000860,2513,6656.0,24.534254807692307,34.16466346153847,45.77824519230769,62.48497596153846,176.0,2.6442308,1006.0,15.114182,0.0,0.0,2513,PRJEB68315,43,24,Lung Cancer,ontology,lung adenocarcinoma,MONDO:0005061,False,True,matchedAdjacent,True,,MONDO:0005061,47,271928.0
ERX11662378_26,3597,11848.0,3783,12301.004,3885,12301.0,ERX11662378,macrophage,CL:0000235,3597,11848.0,24.64550979068197,32.92538825118164,42.589466576637406,58.26299797434166,287.0,2.4223497,490.0,4.135719,0.0,0.0,3597,PRJEB68315,39,26,Lung Cancer,ontology,lung adenocarcinoma,MONDO:0005061,False,True,matchedAdjacent,True,,MONDO:0005061,13,70852.0
ERX11662378_3,2269,5914.0,2412,6229.001,2484,6229.0,ERX11662378,"CD4-positive, alpha-beta T cell",CL:0000624,2269,5914.0,24.754819073385185,35.999323638823135,47.531281704430164,64.20358471423741,66.0,1.1159959,1322.0,22.353737,0.0,0.0,2269,PRJEB68315,47,3,Lung Cancer,ontology,lung adenocarcinoma,MONDO:0005061,False,True,matchedAdjacent,True,,MONDO:0005061,40,189238.0
ERX11662378_5,1505,2327.0,1638,2468.9998,1661,2469.0005,ERX11662378,"CD4-positive, alpha-beta T cell",CL:0000624,1505,2327.0,18.564675547915773,25.741297808336917,36.570691877954445,56.81134507950151,97.0,4.168457,101.0,4.3403525,0.0,0.0,1505,PRJEB68315,4,5,Lung Cancer,ontology,lung adenocarcinoma,MONDO:0005061,False,True,matchedAdjacent,True,,MONDO:0005061,64,250463.0
ERX11662378_6,1266,2153.0,1356,2289.0002,1394,2288.9998,ERX11662378,B cell,CL:0000236,1266,2153.0,25.777984208081744,35.25313516024152,46.21458430097538,64.4217371110079,89.0,4.133767,391.0,18.160706,0.0,0.0,1266,PRJEB68315,1,6,Lung Cancer,ontology,lung adenocarcinoma,MONDO:0005061,False,True,matchedAdjacent,True,,MONDO:0005061,17,77489.0
ERX11662384_4,2084,4654.0,2197,4953.9995,2255,4954.0,ERX11662384,natural killer cell,CL:0000623,2084,4654.0,26.81564245810056,34.357541899441344,44.155565105285774,60.97980232058444,186.0,3.9965622,456.0,9.798023,0.0,0.0,2084,PRJEB68315,6,4,Lung Cancer,ontology,lung adenocarcinoma,MONDO:0005061,False,True,matchedAdjacent,True,,MONDO:0005061,10,45771.0
ERX11876748_14,5113,21232.0,5395,22460.002,5562,22460.008,ERX11876748,adventitial cell,CL:0002503,5113,21232.0,24.623210248681236,35.785606631499626,47.16936699321778,60.60192162773173,585.0,2.755275,4502.0,21.203842,0.0,0.0,5113,PRJEB71931,29,14,Lung Cancer,ontology,non-small cell lung carcinoma,MONDO:0005233,True,False,,True,,MONDO:0005233,42,462317.0
ERX11876748_20,5198,22791.0,5463,23839.0,5646,23839.004,ERX11876748,respiratory tract goblet cell,CL:0002370,5198,22791.0,31.529989908297136,39.37080426484138,47.93997630643675,60.28695537712255,706.0,3.097714,2760.0,12.110044,0.0,0.0,5198,PRJEB71931,12,20,Lung Cancer,ontology,non-small cell lung carcinoma,MONDO:0005233,True,False,,True,,MONDO:0005233,15,330096.0
ERX11876748_60,2489,5747.0,2628,6112.0,2683,6111.9995,ERX11876748,pericyte,CL:0000669,2489,5747.0,24.55194014268314,32.730120062641376,42.78754132590917,58.81329389246564,315.0,5.4811206,520.0,9.048199,0.0,0.0,2489,PRJEB71931,59,60,Lung Cancer,ontology,non-small cell lung carcinoma,MONDO:0005233,True,False,,True,,MONDO:0005233,21,148014.0
ERX11876750_14,5874,25471.0,6169,26793.998,6366,26793.99,ERX11876750,bronchial smooth muscle cell,CL:0002598,5874,25471.0,22.523654352008165,32.42118487691885,42.993993168701664,56.00879431510345,752.0,2.952377,3236.0,12.704645,0.0,0.0,5874,PRJEB71931,29,14,Lung Cancer,ontology,non-small cell squamous lung carcinoma,MONDO:0056806,True,False,,True,,MONDO:0056806,21,397789.0
ERX11876750_60,3306,8733.0,3481,9475.002,3596,9475.002,ERX11876750,pericyte,CL:0000669,3306,8733.0,23.623039047291883,31.501202335967022,41.14279170960724,56.395282262681775,608.0,6.9620976,680.0,7.786557,0.0,0.0,3306,PRJEB71931,59,60,Lung Cancer,ontology,non-small cell squamous lung carcinoma,MONDO:0056806,True,False,,True,,MONDO:0056806,26,336221.0
ERX11876751_14,4556,15885.0,4776,16924.004,4926,16923.996,ERX11876751,adventitial cell,CL:0002503,4556,15885.0,23.632357570034625,32.73528485993075,43.38684293358514,57.76518728360088,572.0,3.6008813,1672.0,10.525653,0.0,0.0,4556,PRJEB71931,29,14,Lung Cancer,ontology,non-small cell squamous lung carcinoma,MONDO:0056806,True,False,,True,,MONDO:0056806,20,420019.0
ERX11876751_60,5016,18865.0,5242,19837.0,5411,19836.994,ERX11876751,bronchial smooth muscle cell,CL:0002598,5016,18865.0,22.698118208322292,30.373707924728333,39.570633448184466,53.845746090644056,535.0,2.8359396,1682.0,8.915981,0.0,0.0,5016,PRJEB71931,59,60,Lung Cancer,ontology,non-small cell squamous lung carcinoma,MONDO:0056806,True,False,,True,,MONDO:0056806,20,254839.0
ERX11876752_14,5577,31185.0,5891,33060.02,6046,33060.023,ERX11876752,adventitial cell,CL:0002503,5577,31185.0,28.270001603334936,41.95606862273529,52.70161936828603,64.76190476190476,990.0,3.1746035,7701.0,24.694565,0.0,0.0,5577,PRJEB71931,29,14,Lung Cancer,ontology,non-small cell squamous lung carcinoma,MONDO:0056806,True,False,,True,,MONDO:0056806,15,381175.0
ERX11876752_36,5403,26372.0,5659,27680.994,5845,27680.998,ERX11876752,vein endothelial cell,CL:0002543,5403,26372.0,25.371606249052025,36.45912331260428,47.09540421659336,60.276050356438645,735.0,2.787047,5366.0,20.347338,0.0,0.0,5403,PRJEB71931,16,36,Lung Cancer,ontology,non-small cell squamous lung carcinoma,MONDO:0056806,True,False,,True,,MONDO:0056806,13,216416.0
ERX11876752_60,2938,7958.0,3128,8421.0,3227,8421.002,ERX11876752,pericyte,CL:0000669,2938,7958.0,24.17692887660216,34.217139984920834,44.734858004523744,60.316662478009555,313.0,3.933149,1163.0,14.614224,0.0,0.0,2938,PRJEB71931,59,60,Lung Cancer,ontology,non-small cell squamous lung carcinoma,MONDO:0056806,True,False,,True,,MONDO:0056806,26,223941.0
ERX11876753_14,2585,6098.0,2769,8291.004,2833,8291.009,ERX11876753,alveolar adventitial fibroblast,CL:4028006,2585,6098.0,32.797638570022954,38.225647753361756,45.65431288947196,59.4293210888816,531.0,8.707773,65.0,1.0659232,0.0,0.0,2585,PRJEB71931,29,14,Lung Cancer,ontology,non-small cell squamous lung carcinoma,MONDO:0056806,True,False,,True,,MONDO:0056806,13,298236.0
ERX11876753_60,7890,56698.0,8182,59923.992,8569,59923.95,ERX11876753,vein endothelial cell,CL:0002543,7890,56698.0,19.967194610039154,28.82641363011041,38.27119122367632,52.4357120180606,1760.0,3.104166,8170.0,14.409679,0.0,0.0,7890,PRJEB71931,59,60,Lung Cancer,ontology,non-small cell squamous lung carcinoma,MONDO:0056806,True,False,,True,,MONDO:0056806,16,244824.0
ERX11876754_14,2638,7291.0,2791,7706.0005,2860,7706.001,ERX11876754,alveolar adventitial fibroblast,CL:4028006,2638,7291.0,26.40241393498834,35.59182553833493,46.27623096968866,62.28226580715951,221.0,3.0311341,871.0,11.946235,0.0,0.0,2638,PRJEB71931,29,14,Lung Cancer,ontology,non-small cell lung carcinoma,MONDO:0005233,True,False,,True,,MONDO:0005233,12,203956.0
ERX11876754_36,3070,10050.0,3256,10597.004,3342,10597.004,ERX11876754,vein endothelial cell,CL:0002543,3070,10050.0,23.562189054726367,33.56218905472637,45.41293532338309,61.92039800995025,324.0,3.2238808,1318.0,13.1144285,0.0,0.0,3070,PRJEB71931,16,36,Lung Cancer,ontology,non-small cell lung carcinoma,MONDO:0005233,True,False,,True,,MONDO:0005233,23,275944.0
ERX11876754_60,2678,5932.0,2874,6228.0015,2935,6228.003,ERX11876754,pericyte,CL:0000669,2678,5932.0,21.628455832771408,29.80445043830074,39.91908293998652,55.900202292650036,223.0,3.7592716,509.0,8.58058,0.0,0.0,2678,PRJEB71931,59,60,Lung Cancer,ontology,non-small cell lung carcinoma,MONDO:0005233,True,False,,True,,MONDO:0005233,14,87238.0
ERX11876755_14,1253,3570.0,1325,3783.0,1361,3782.9998,ERX11876755,adventitial cell,CL:0002503,1253,3570.0,36.19047619047619,49.43977591036415,62.773109243697476,78.90756302521008,158.0,4.4257703,650.0,18.207283,0.0,0.0,1253,PRJEB71931,29,14,Lung Cancer,ontology,non-small cell lung carcinoma,MONDO:0005233,False,True,healthy,True,,MONDO:0005233,29,391298.0
ERX11876755_36,1762,3375.0,1883,3519.9995,1912,3519.9995,ERX11876755,capillary endothelial cell,CL:0002144,1762,3375.0,24.177777777777777,32.592592592592595,42.93333333333334,62.22222222222222,83.0,2.4592593,327.0,9.6888895,0.0,0.0,1762,PRJEB71931,16,36,Lung Cancer,ontology,non-small cell lung carcinoma,MONDO:0005233,False,True,healthy,True,,MONDO:0005233,11,74744.0
ERX11876756_14,4036,14379.0,4241,14909.997,4369,14909.992,ERX11876756,adventitial cell,CL:0002503,4036,14379.0,26.914249947840602,36.25425968426177,46.76959454760414,61.03345156130469,328.0,2.2811043,1756.0,12.212255,0.0,0.0,4036,PRJEB71931,29,14,Lung Cancer,ontology,non-small cell lung carcinoma,MONDO:0005233,True,False,,True,,MONDO:0005233,22,323964.0
ERX11876756_36,2719,7810.0,2869,8121.0005,2931,8121.0005,ERX11876756,vein endothelial cell,CL:0002543,2719,7810.0,26.76056338028169,36.24839948783611,47.37516005121639,63.30345710627401,130.0,1.6645327,1119.0,14.3277855,0.0,0.0,2719,PRJEB71931,16,36,Lung Cancer,ontology,non-small cell lung carcinoma,MONDO:0005233,True,False,,True,,MONDO:0005233,18,250275.0
ERX11876756_60,4295,14404.0,4535,15076.0,4657,15075.998,ERX11876756,bronchial smooth muscle cell,CL:0002598,4295,14404.0,23.15329075256873,32.39377950569286,42.94640377672869,57.09525131907803,324.0,2.249375,1552.0,10.774784,0.0,0.0,4295,PRJEB71931,59,60,Lung Cancer,ontology,non-small cell lung carcinoma,MONDO:0005233,True,False,,True,,MONDO:0005233,11,114562.0
ERX11876757_14,3230,8338.0,3400,8912.0,3496,8912.0,ERX11876757,alveolar adventitial fibroblast,CL:4028006,3230,8338.0,19.429119692971934,27.044854881266488,36.927320700407776,53.71791796593908,158.0,1.8949387,572.0,6.8601584,0.0,0.0,3230,PRJEB71931,29,14,Lung Cancer,ontology,non-small cell lung carcinoma,MONDO:0005233,True,False,,True,,MONDO:0005233,26,216516.0
ERX11876757_60,2830,7021.0,2988,7317.001,3057,7317.0005,ERX11876757,pericyte,CL:0000669,2830,7021.0,22.916963395527702,32.40279162512463,42.543797179888905,57.88349238000284,167.0,2.3785784,900.0,12.8186865,0.0,0.0,2830,PRJEB71931,59,60,Lung Cancer,ontology,non-small cell lung carcinoma,MONDO:0005233,True,False,,True,,MONDO:0005233,10,62220.0
ERX11876758_14,3928,13340.0,4147,14121.998,4236,14121.999,ERX11876758,alveolar adventitial fibroblast,CL:4028006,3928,13340.0,23.853073463268366,32.908545727136435,43.63568215892054,58.7856071964018,367.0,2.7511244,1434.0,10.749625,0.0,0.0,3928,PRJEB71931,29,14,Lung Cancer,ontology,non-small cell lung carcinoma,MONDO:0005233,True,False,,True,,MONDO:0005233,10,91745.0
ERX11876758_36,5612,22002.0,5863,23205.006,6038,23205.002,ERX11876758,vein endothelial cell,CL:0002543,5612,22002.0,16.516680301790746,24.438687392055268,33.97872920643577,49.72275247704754,361.0,1.64076,2764.0,12.562494,0.0,0.0,5612,PRJEB71931,16,36,Lung Cancer,ontology,non-small cell lung carcinoma,MONDO:0005233,True,False,,True,,MONDO:0005233,28,259539.0
ERX11876758_60,2524,5496.0,2670,5750.001,2715,5750.001,ERX11876758,pericyte,CL:0000669,2524,5496.0,24.490538573508005,32.71470160116448,42.41266375545851,57.42358078602619,170.0,3.0931587,524.0,9.534207,0.0,0.0,2524,PRJEB71931,59,60,Lung Cancer,ontology,non-small cell lung carcinoma,MONDO:0005233,True,False,,True,,MONDO:0005233,10,61025.0
ERX11876759_14,2441,5993.0,2600,6646.999,2704,6647.0015,ERX11876759,alveolar adventitial fibroblast,CL:4028006,2441,5993.0,24.17820790922743,31.10295344568663,40.597363590856,58.31803771066244,758.0,12.648089,70.0,1.1680294,0.0,0.0,2441,PRJEB71931,29,14,Lung Cancer,ontology,non-small cell lung carcinoma,MONDO:0005233,True,False,,True,,MONDO:0005233,13,234401.0
ERX11876759_60,2434,5584.0,2579,5986.0005,2642,5985.9985,ERX11876759,pericyte,CL:0000669,2434,5584.0,26.93409742120344,33.882521489971346,42.71131805157593,58.98997134670487,318.0,5.6948423,259.0,4.6382523,0.0,0.0,2434,PRJEB71931,59,60,Lung Cancer,ontology,non-small cell lung carcinoma,MONDO:0005233,True,False,,True,,MONDO:0005233,20,219345.0
ERX11876760_36,3316,11385.0,3530,11960.998,3622,11960.996,ERX11876760,vein endothelial cell,CL:0002543,3316,11385.0,32.43741765480896,42.54721124286341,52.498902064119456,65.39306104523496,1424.0,12.507686,2088.0,18.339922,0.0,0.0,3316,PRJEB71931,16,36,Lung Cancer,ontology,non-small cell lung carcinoma,MONDO:0005233,False,True,healthy,True,,MONDO:0005233,14,103929.0
ERX11876763_1,1430,3466.0,1517,3632.9998,1545,3632.9995,ERX11876763,"CD4-positive, alpha-beta T cell",CL:0000624,1430,3466.0,34.10271206001154,45.26832083092903,56.40507789959608,73.16791690709752,44.0,1.2694749,789.0,22.763992,0.0,0.0,1430,PRJEB71931,4,1,Lung Cancer,ontology,non-small cell squamous lung carcinoma,MONDO:0056806,True,False,,True,,MONDO:0056806,20,98210.0
ERX11876764_1,3058,9099.0,3201,9948.0,3327,9948.002,ERX11876764,"CD4-positive, alpha-beta T cell",CL:0000624,3058,9099.0,17.628310803384988,25.827013957577755,36.45455544565337,54.14880756127047,158.0,1.7364545,145.0,1.5935818,0.0,0.0,3058,PRJEB71931,4,1,Lung Cancer,ontology,non-small cell squamous lung carcinoma,MONDO:0056806,True,False,,True,,MONDO:0056806,31,174174.0
ERX11876764_5,2791,7446.0,2937,7763.0005,3032,7763.002,ERX11876764,"CD4-positive, alpha-beta T cell",CL:0000624,2791,7446.0,18.14396991673382,26.833199033037875,37.77867311308085,56.28525382755842,118.0,1.5847435,781.0,10.4888525,0.0,0.0,2791,PRJEB71931,4,5,Lung Cancer,ontology,non-small cell squamous lung carcinoma,MONDO:0056806,True,False,,True,,MONDO:0056806,10,59425.0
ERX11876768_33,2607,5788.0,2756,6063.001,2808,6063.001,ERX11876768,pericyte,CL:0000669,2607,5788.0,26.710435383552177,36.31651693158258,45.21423635107118,58.86316516931582,402.0,6.9454045,1041.0,17.985487,0.0,0.0,2607,PRJEB71931,21,33,Lung Cancer,ontology,non-small cell lung carcinoma,MONDO:0005233,True,False,,True,,MONDO:0005233,18,131208.0
ERX11876769_60,3647,10938.0,3855,11513.0,3962,11513.002,ERX11876769,pericyte,CL:0000669,3647,10938.0,23.633205339184492,31.459133296763575,41.47010422380691,56.77454744925946,514.0,4.699214,1059.0,9.681843,0.0,0.0,3647,PRJEB71931,59,60,Lung Cancer,ontology,non-small cell lung carcinoma,MONDO:0005233,True,False,,True,,MONDO:0005233,48,513972.0
ERX11876771_14,1140,2198.0,1222,2333.9995,1266,2334.0002,ERX11876771,adventitial cell,CL:0002503,1140,2198.0,26.25113739763421,35.80527752502275,48.49863512283895,70.88262056414922,185.0,8.416743,26.0,1.1828935,0.0,0.0,1140,PRJEB71931,29,14,Lung Cancer,ontology,non-small cell squamous lung carcinoma,MONDO:0056806,True,False,,True,,MONDO:0056806,23,312065.0
ERX11876771_36,846,1506.0,904,1616.0002,918,1616.0002,ERX11876771,UNKNOWN,,846,1506.0,30.0796812749004,40.70385126162019,54.38247011952191,77.02523240371846,135.0,8.964144,129.0,8.565738,0.0,0.0,846,PRJEB71931,16,36,Lung Cancer,ontology,non-small cell squamous lung carcinoma,MONDO:0056806,True,False,,True,,MONDO:0056806,15,161727.0
ERX11876772_14,4164,13226.0,4391,13821.001,4484,13820.996,ERX11876772,adventitial cell,CL:0002503,4164,13226.0,23.536972629668835,33.03341902313625,43.807651595342506,57.48525631332224,265.0,2.0036292,1704.0,12.883714,0.0,0.0,4164,PRJEB71931,29,14,Lung Cancer,ontology,non-small cell squamous lung carcinoma,MONDO:0056806,True,False,,True,,MONDO:0056806,43,476167.0
ERX11876772_60,2036,4998.0,2141,5277.0,2182,5277.0,ERX11876772,bronchial smooth muscle cell,CL:0002598,2036,4998.0,29.871948779511804,39.595838335334136,50.960384153661465,66.4265706282513,273.0,5.462185,644.0,12.885155,0.0,0.0,2036,PRJEB71931,59,60,Lung Cancer,ontology,non-small cell squamous lung carcinoma,MONDO:0056806,True,False,,True,,MONDO:0056806,17,119548.0
ERX8831396_17,4553,15023.0,4843,15865.002,5002,15864.996,ERX8831396,basal cell,CL:0000646,4553,15023.0,23.637089795646677,33.129201890434665,43.33355521533648,56.87279504759369,1095.0,7.288824,2873.0,19.12401,0.0,0.0,4553,PRJEB51720,71,17,Lung Cancer,ontology,squamous cell lung carcinoma,MONDO:0005097,True,False,,True,,MONDO:0005097,31,801731.0
ERX8831396_31,4920,18304.0,5197,19315.998,5357,19315.992,ERX8831396,basal cell,CL:0000646,4920,18304.0,22.618006993006993,32.495629370629366,42.95236013986014,56.44667832167832,1068.0,5.83479,3331.0,18.198208,1.0,0.005463287,4920,PRJEB51720,71,31,Lung Cancer,ontology,squamous cell lung carcinoma,MONDO:0005097,True,False,,True,,MONDO:0005097,12,265087.0
SRX10048373_0,3856,11165.0,4066,11946.997,4200,11947.001,SRX10048373,B cell,CL:0000236,3856,11165.0,30.470219435736677,35.960591133004925,42.97357814599194,55.97850425436632,1486.0,13.309449,58.0,0.5194805,1.0,0.008956561,3856,PRJNA669824,13,0,COVID-19 / SARS-CoV-2,ontology,COVID-19,MONDO:0100096,True,False,,True,,MONDO:0100096,14,40495.0
SRX10048373_14,554,718.0,609,856.0001,618,855.99963,SRX10048373,B cell,CL:0000236,554,718.0,25.069637883008355,36.768802228412255,50.69637883008357,92.47910863509749,6.0,0.8356546,15.0,2.0891364,0.0,0.0,554,PRJNA669824,13,14,COVID-19 / SARS-CoV-2,ontology,COVID-19,MONDO:0100096,True,False,,True,,MONDO:0100096,30,111738.0
SRX10048373_20,5141,17046.0,5393,17850.0,5649,17849.994,SRX10048373,respiratory tract goblet cell,CL:0002370,5141,17046.0,16.584535961515897,22.38648363252376,30.183034142907427,44.87856388595565,10.0,0.058664788,66.0,0.3871876,0.0,0.0,5141,PRJNA669824,13,20,COVID-19 / SARS-CoV-2,ontology,COVID-19,MONDO:0100096,True,False,,True,,MONDO:0100096,12,202026.0
SRX10048373_36,2097,4335.0,2239,4601.0,2329,4600.9995,SRX10048373,vein endothelial cell,CL:0002543,2097,4335.0,20.32295271049596,28.258362168396772,38.77739331026528,57.37024221453287,1.0,0.023068052,23.0,0.53056514,1.0,0.023068052,2097,PRJNA669824,51,36,COVID-19 / SARS-CoV-2,ontology,COVID-19,MONDO:0100096,True,False,,True,,MONDO:0100096,23,126334.0
SRX10048373_60,466,613.0,519,692.0,522,691.99994,SRX10048373,plasma cell,CL:0000786,466,613.0,29.200652528548126,40.29363784665579,56.6068515497553,100.0,3.0,0.48939642,11.0,1.7944535,0.0,0.0,466,PRJNA669824,13,60,COVID-19 / SARS-CoV-2,ontology,COVID-19,MONDO:0100096,True,False,,True,,MONDO:0100096,10,15182.0
SRX10048375_14,2623,6274.0,2800,6620.0005,2899,6620.0024,SRX10048375,macrophage,CL:0000235,2623,6274.0,21.96365954733822,29.550525980235893,39.12974179152056,56.200191265540326,6.0,0.09563277,17.0,0.27095953,5.0,0.07969398,2623,PRJNA669824,13,14,IPF / Pulmonary Fibrosis,ontology,idiopathic pulmonary fibrosis,MONDO:0800504,True,False,,True,,MONDO:0800504,57,353606.0
SRX10048375_36,2772,7750.0,2937,8083.0024,3031,8083.004,SRX10048375,vein endothelial cell,CL:0002543,2772,7750.0,20.89032258064516,29.806451612903224,40.70967741935484,58.47741935483871,36.0,0.46451613,24.0,0.30967742,0.0,0.0,2772,PRJNA669824,51,36,IPF / Pulmonary Fibrosis,ontology,idiopathic pulmonary fibrosis,MONDO:0800504,True,False,,True,,MONDO:0800504,17,101339.0
SRX10048375_60,1901,3407.0,2023,3688.9998,2101,3689.0,SRX10048375,bronchial smooth muscle cell,CL:0002598,1901,3407.0,20.017610801291458,27.590255356618727,37.62841209275022,57.02964484884062,4.0,0.11740534,12.0,0.35221604,3.0,0.08805401,1901,PRJNA669824,13,60,IPF / Pulmonary Fibrosis,ontology,idiopathic pulmonary fibrosis,MONDO:0800504,True,False,,True,,MONDO:0800504,50,395713.0
SRX10048377_26,1335,1929.0,1437,2046.0002,1464,2046.0001,SRX10048377,macrophage,CL:0000235,1335,1929.0,16.796267496111973,24.57231726283048,35.09590461378953,56.713322965266975,4.0,0.20736133,18.0,0.933126,0.0,0.0,1335,PRJNA669824,13,26,IPF / Pulmonary Fibrosis,disease_text,,,,False,,True,,,13,123338.0
SRX10048377_36,1597,2704.0,1726,2875.0005,1763,2874.9998,SRX10048377,capillary endothelial cell,CL:0002144,1597,2704.0,20.857988165680474,28.772189349112427,39.349112426035504,59.430473372781066,170.0,6.2869825,24.0,0.88757396,0.0,0.0,1597,PRJNA669824,51,36,IPF / Pulmonary Fibrosis,disease_text,,,,False,,True,,,23,135259.0
SRX10048377_8,5153,26163.0,5402,26987.008,5674,26987.012,SRX10048377,pulmonary alveolar type 2 cell,CL:0002063,5153,26163.0,30.52020028284218,36.15793295875855,43.46214119175936,56.576080724687536,60.0,0.22933151,80.0,0.3057753,0.0,0.0,5153,PRJNA669824,68,8,IPF / Pulmonary Fibrosis,disease_text,,,,False,,True,,,64,669018.0
SRX10048377_9,3665,8397.0,3872,8683.004,3984,8683.008,SRX10048377,macrophage,CL:0000235,3665,8397.0,15.815172085268546,21.37668214838633,29.3557222817673,45.34952959390258,19.0,0.22627129,44.0,0.52399665,0.0,0.0,3665,PRJNA669824,49,9,IPF / Pulmonary Fibrosis,disease_text,,,,False,,True,,,18,216012.0
SRX10048379_14,3357,8643.0,3555,8965.001,3667,8965.0,SRX10048379,alveolar adventitial fibroblast,CL:4028006,3357,8643.0,18.269119518685642,24.95661228740021,33.853985884530836,49.91322457480042,26.0,0.30082148,36.0,0.41652206,0.0,0.0,3357,PRJNA669824,13,14,IPF / Pulmonary Fibrosis,ontology,idiopathic pulmonary fibrosis,MONDO:0800504,True,False,,True,,MONDO:0800504,34,312637.0
SRX10048379_36,3089,7342.0,3305,7675.0005,3400,7674.9995,SRX10048379,vein endothelial cell,CL:0002543,3089,7342.0,17.175156633070007,24.148733315172976,33.587578316535,50.0408608008717,33.0,0.4494688,39.0,0.5311904,0.0,0.0,3089,PRJNA669824,51,36,IPF / Pulmonary Fibrosis,ontology,idiopathic pulmonary fibrosis,MONDO:0800504,True,False,,True,,MONDO:0800504,26,182190.0
SRX10048379_43,8831,42469.0,9102,44028.984,9599,44028.938,SRX10048379,lung multiciliated epithelial cell,CL:1000271,8831,42469.0,11.450705220278321,16.063481598342317,22.517601073724364,35.41406673102734,615.0,1.4481151,138.0,0.3249429,1.0,0.0023546587,8831,PRJNA669824,28,43,IPF / Pulmonary Fibrosis,ontology,idiopathic pulmonary fibrosis,MONDO:0800504,True,False,,True,,MONDO:0800504,17,167538.0
SRX10048379_44,4996,16031.0,5270,16655.0,5514,16654.99,SRX10048379,lung multiciliated epithelial cell,CL:1000271,4996,16031.0,16.31838313268043,22.419063065310958,30.840247021396046,46.25413261805252,19.0,0.118520364,67.0,0.41794023,0.0,0.0,4996,PRJNA669824,28,44,IPF / Pulmonary Fibrosis,ontology,idiopathic pulmonary fibrosis,MONDO:0800504,True,False,,True,,MONDO:0800504,27,523529.0
SRX10048379_45,4633,14459.0,4843,14913.001,5023,14912.99,SRX10048379,respiratory tract goblet cell,CL:0002370,4633,14459.0,20.741406736288816,26.115222352859814,33.453212531987,47.73497475620721,10.0,0.06916107,61.0,0.42188257,0.0,0.0,4633,PRJNA669824,13,45,IPF / Pulmonary Fibrosis,ontology,idiopathic pulmonary fibrosis,MONDO:0800504,True,False,,True,,MONDO:0800504,10,139762.0
SRX10048379_60,3677,12349.0,3836,12924.0,3972,12923.995,SRX10048379,bronchial smooth muscle cell,CL:0002598,3677,12349.0,23.507976354360675,29.91335330796016,39.02340270467244,54.927524495910596,11.0,0.08907604,38.0,0.30771723,0.0,0.0,3677,PRJNA669824,13,60,IPF / Pulmonary Fibrosis,ontology,idiopathic pulmonary fibrosis,MONDO:0800504,True,False,,True,,MONDO:0800504,23,202864.0
SRX10048381_14,1299,1798.0,1407,2097.0,1437,2096.9995,SRX10048381,alveolar adventitial fibroblast,CL:4028006,1299,1798.0,15.906562847608456,23.804226918798665,34.92769744160178,55.56173526140156,3.0,0.16685206,41.0,2.2803116,0.0,0.0,1299,PRJNA669824,13,14,COVID-19 / SARS-CoV-2,disease_text,,,,False,,True,,,20,103139.0
SRX10048381_36,1878,3813.0,1994,3978.9998,2053,3978.9985,SRX10048381,capillary endothelial cell,CL:0002144,1878,3813.0,21.50537634408602,29.95017046944663,41.22738001573564,60.03147128245476,2.0,0.05245214,16.0,0.41961712,0.0,0.0,1878,PRJNA669824,51,36,COVID-19 / SARS-CoV-2,disease_text,,,,False,,True,,,41,234865.0
SRX10048381_38,2791,6446.0,2953,6665.999,3045,6666.001,SRX10048381,pulmonary alveolar type 1 cell,CL:0002062,2791,6446.0,23.161650636053366,29.242941358982318,37.74433757368911,53.738752714861924,1.0,0.015513497,25.0,0.3878374,0.0,0.0,2791,PRJNA669824,50,38,COVID-19 / SARS-CoV-2,disease_text,,,,False,,True,,,13,147245.0
SRX10048381_8,4016,13413.0,4209,13878.999,4390,13878.998,SRX10048381,pulmonary alveolar type 2 cell,CL:0002063,4016,13413.0,21.762469246253634,28.256169387907253,36.874673823902185,51.97196749422203,8.0,0.059643626,36.0,0.26839635,0.0,0.0,4016,PRJNA669824,68,8,COVID-19 / SARS-CoV-2,disease_text,,,,False,,True,,,39,493850.0
SRX10048384_14,1370,1913.0,1492,2398.9998,1533,2399.0002,SRX10048384,alveolar adventitial fibroblast,CL:4028006,1370,1913.0,17.877679038159958,24.568740198640878,35.023523261892315,54.521693674856245,18.0,0.9409305,19.0,0.9932044,0.0,0.0,1370,PRJNA669824,13,14,COVID-19 / SARS-CoV-2,disease_text,,,,False,,True,,,10,30155.0
SRX10048384_36,775,986.0,821,1138.0002,841,1138.0001,SRX10048384,capillary endothelial cell,CL:0002144,775,986.0,19.878296146044626,30.02028397565923,41.683569979716026,72.10953346855985,43.0,4.361055,7.0,0.7099391,0.0,0.0,775,PRJNA669824,51,36,COVID-19 / SARS-CoV-2,disease_text,,,,False,,True,,,16,29579.0
SRX10048384_44,3016,5877.0,3190,6373.003,3327,6373.005,SRX10048384,lung multiciliated epithelial cell,CL:1000271,3016,5877.0,14.582269865577677,20.912029947252,29.828143610685725,46.70750382848392,59.0,1.0039136,14.0,0.23821679,0.0,0.0,3016,PRJNA669824,8,44,COVID-19 / SARS-CoV-2,disease_text,,,,False,,True,,,14,142233.0
SRX10048385_14,1249,1966.0,1362,2522.0,1385,2522.0012,SRX10048385,macrophage,CL:0000235,1249,1966.0,21.26144455747711,29.247202441505593,40.590030518819944,61.902339776195326,21.0,1.0681587,20.0,1.0172939,0.0,0.0,1249,PRJNA669824,13,14,IPF / Pulmonary Fibrosis,ontology,idiopathic pulmonary fibrosis,MONDO:0800504,True,False,,True,,MONDO:0800504,20,134494.0
SRX10048385_36,1508,2696.0,1606,2953.9993,1649,2953.9995,SRX10048385,capillary endothelial cell,CL:0002144,1508,2696.0,20.252225519287833,29.043026706231455,41.023738872403555,62.61127596439169,40.0,1.4836795,17.0,0.6305638,0.0,0.0,1508,PRJNA669824,51,36,IPF / Pulmonary Fibrosis,ontology,idiopathic pulmonary fibrosis,MONDO:0800504,True,False,,True,,MONDO:0800504,22,157718.0
SRX10048388_14,1776,3183.0,1901,3567.0005,1945,3567.0,SRX10048388,alveolar adventitial fibroblast,CL:4028006,1776,3183.0,21.143575243480992,28.495130380144516,38.894125039271124,59.06377631165567,4.0,0.1256676,16.0,0.5026704,0.0,0.0,1776,PRJNA669824,13,14,COVID-19 / SARS-CoV-2,disease_text,,,,False,,True,,,11,113559.0
SRX10048388_26,5692,29186.0,5969,30413.996,6268,30414.008,SRX10048388,macrophage,CL:0000235,5692,29186.0,17.05612279860207,23.93270746248201,32.70746248201192,48.72198999520318,2.0,0.0068526003,68.0,0.23298842,0.0,0.0,5692,PRJNA669824,49,26,COVID-19 / SARS-CoV-2,disease_text,,,,False,,True,,,14,210540.0
SRX10048388_36,2130,5147.0,2265,5423.0,2332,5423.003,SRX10048388,capillary endothelial cell,CL:0002144,2130,5147.0,22.51797163396153,30.79463765300175,41.6941907907519,60.850981154070325,71.0,1.3794444,21.0,0.40800464,0.0,0.0,2130,PRJNA669824,51,36,COVID-19 / SARS-CoV-2,disease_text,,,,False,,True,,,19,93197.0
SRX10048388_38,4434,15711.0,4653,16450.0,4866,16449.986,SRX10048388,pulmonary alveolar type 1 cell,CL:0002062,4434,15711.0,18.70027369359048,25.905416587104575,34.89911526955636,50.2705111068678,6.0,0.038189806,40.0,0.25459868,0.0,0.0,4434,PRJNA669824,50,38,COVID-19 / SARS-CoV-2,disease_text,,,,False,,True,,,15,199827.0
SRX10048388_8,2799,8234.0,2974,8738.0,3075,8738.0,SRX10048388,pulmonary alveolar type 2 cell,CL:0002063,2799,8234.0,24.556716055380132,32.02574690308477,41.85086227835802,59.20573232936604,2.0,0.024289532,35.0,0.4250668,0.0,0.0,2799,PRJNA669824,68,8,COVID-19 / SARS-CoV-2,disease_text,,,,False,,True,,,35,527397.0
SRX10048389_14,3580,12535.0,3800,13007.999,3983,13008.0,SRX10048389,alveolar adventitial fibroblast,CL:4028006,3580,12535.0,24.746709214200237,32.17391304347826,41.70721978460311,57.70243318707619,5.0,0.039888315,23.0,0.18348624,0.0,0.0,3580,PRJNA669824,13,14,COVID-19 / SARS-CoV-2,ontology,COVID-19,MONDO:0100096,True,False,,True,,MONDO:0100096,12,87955.0
SRX10048389_36,1234,1670.0,1364,1863.9999,1395,1864.0005,SRX10048389,capillary endothelial cell,CL:0002144,1234,1670.0,16.347305389221557,23.7125748502994,35.688622754491014,56.04790419161677,10.0,0.59880245,11.0,0.65868264,0.0,0.0,1234,PRJNA669824,51,36,COVID-19 / SARS-CoV-2,ontology,COVID-19,MONDO:0100096,True,False,,True,,MONDO:0100096,26,136173.0
SRX10048389_38,554,666.0,597,869.00024,606,869.0,SRX10048389,"CD4-positive, alpha-beta T cell",CL:0000624,554,666.0,23.723723723723726,31.83183183183183,46.846846846846844,91.8918918918919,31.0,4.6546545,19.0,2.8528528,0.0,0.0,554,PRJNA669824,13,38,COVID-19 / SARS-CoV-2,ontology,COVID-19,MONDO:0100096,True,False,,True,,MONDO:0100096,16,150099.0
SRX10048389_8,1901,3221.0,2023,3425.0,2083,3424.9988,SRX10048389,capillary endothelial cell,CL:0002144,1901,3221.0,22.72586153368519,28.655696988512886,37.87643588947532,56.50419124495498,2.0,0.062092517,10.0,0.3104626,0.0,0.0,1901,PRJNA669824,68,8,COVID-19 / SARS-CoV-2,ontology,COVID-19,MONDO:0100096,True,False,,True,,MONDO:0100096,25,284173.0
SRX10048390_14,5237,29504.0,5487,30514.998,5825,30515.023,SRX10048390,alveolar adventitial fibroblast,CL:4028006,5237,29504.0,21.830938177874188,29.69427874186551,39.892895878524946,56.42624728850325,14.0,0.047451194,31.0,0.105070494,0.0,0.0,5237,PRJNA669824,13,14,IPF / Pulmonary Fibrosis,disease_text,,,,False,,True,,,11,127386.0
SRX10048390_20,4818,16736.0,5070,17453.004,5315,17453.002,SRX10048390,respiratory tract goblet cell,CL:0002370,4818,16736.0,15.929732313575526,22.0901051625239,30.365678776290633,45.67997131931166,10.0,0.059751432,53.0,0.3166826,0.0,0.0,4818,PRJNA669824,13,20,IPF / Pulmonary Fibrosis,disease_text,,,,False,,True,,,17,251028.0
SRX10048390_26,5019,18528.0,5226,19276.994,5447,19276.994,SRX10048390,macrophage,CL:0000235,5019,18528.0,13.941062176165802,19.86183074265976,28.265328151986186,44.34909326424871,29.0,0.15651986,70.0,0.37780654,0.0,0.0,5019,PRJNA669824,13,26,IPF / Pulmonary Fibrosis,disease_text,,,,False,,True,,,13,165414.0
SRX10048390_36,1621,2615.0,1717,2816.0,1760,2815.9998,SRX10048390,capillary endothelial cell,CL:0002144,1621,2615.0,18.891013384321223,26.61567877629063,37.01720841300191,57.131931166348,92.0,3.5181646,24.0,0.917782,0.0,0.0,1621,PRJNA669824,51,36,IPF / Pulmonary Fibrosis,disease_text,,,,False,,True,,,30,207868.0
SRX10048390_38,4311,14344.0,4496,14916.999,4689,14916.999,SRX10048390,pulmonary alveolar type 1 cell,CL:0002062,4311,14344.0,17.742610150585612,24.77691020635806,33.84690462911322,49.8047964305633,32.0,0.2230898,43.0,0.2997769,0.0,0.0,4311,PRJNA669824,50,38,IPF / Pulmonary Fibrosis,disease_text,,,,False,,True,,,13,172553.0
SRX10048390_8,4737,14929.0,4927,16033.994,5145,16033.989,SRX10048390,pulmonary alveolar type 1 cell,CL:0002062,4737,14929.0,16.21006095518789,22.037644852300893,30.343626498760802,45.92404045816866,3.0,0.020095117,64.0,0.42869583,0.0,0.0,4737,PRJNA669824,13,8,IPF / Pulmonary Fibrosis,disease_text,,,,False,,True,,,16,307429.0
SRX10048391_14,1661,2246.0,1773,2341.0002,1796,2341.0,SRX10048391,B cell,CL:0000236,1661,2246.0,13.089937666963491,19.768477292965272,28.71772039180766,48.30810329474621,3.0,0.13357079,11.0,0.4897596,0.0,0.0,1661,PRJNA669824,13,14,COVID-19 / SARS-CoV-2,ontology,COVID-19,MONDO:0100096,True,False,,True,,MONDO:0100096,12,94402.0
SRX10048391_36,4109,11133.0,4301,11516.996,4450,11516.996,SRX10048391,vein endothelial cell,CL:0002543,4109,11133.0,18.78199946106171,24.791161412018322,33.26147489445791,48.34276475343573,1.0,0.008982305,37.0,0.33234528,0.0,0.0,4109,PRJNA669824,51,36,COVID-19 / SARS-CoV-2,ontology,COVID-19,MONDO:0100096,True,False,,True,,MONDO:0100096,25,213738.0
SRX10048391_38,5343,19909.0,5600,20524.006,5825,20524.006,SRX10048391,pulmonary alveolar type 1 cell,CL:0002062,5343,19909.0,24.451253202069413,29.86086694459792,37.0787081219549,50.765985232809285,7.0,0.035159975,41.0,0.205937,0.0,0.0,5343,PRJNA669824,50,38,COVID-19 / SARS-CoV-2,ontology,COVID-19,MONDO:0100096,True,False,,True,,MONDO:0100096,11,127193.0
SRX10048391_52,1261,1625.0,1347,1694.0,1360,1694.0,SRX10048391,B cell,CL:0000236,1261,1625.0,15.938461538461537,22.092307692307692,34.4,53.169230769230765,2.0,0.12307692,11.0,0.67692304,0.0,0.0,1261,PRJNA669824,13,52,COVID-19 / SARS-CoV-2,ontology,COVID-19,MONDO:0100096,True,False,,True,,MONDO:0100096,131,586690.0
SRX10048391_8,4778,16456.0,5002,16928.008,5209,16927.992,SRX10048391,pulmonary alveolar type 2 cell,CL:0002063,4778,16456.0,23.96694214876033,29.57583859990277,37.013855128828396,51.118133203694704,7.0,0.042537674,33.0,0.20053475,0.0,0.0,4778,PRJNA669824,68,8,COVID-19 / SARS-CoV-2,ontology,COVID-19,MONDO:0100096,True,False,,True,,MONDO:0100096,17,184636.0
SRX10048395_14,1529,2760.0,1603,2847.9998,1629,2847.9993,SRX10048395,adventitial cell,CL:0002503,1529,2760.0,21.920289855072465,29.67391304347826,41.05072463768116,62.71739130434783,9.0,0.32608694,9.0,0.32608694,0.0,0.0,1529,PRJNA669824,13,14,COVID-19 / SARS-CoV-2,ontology,COVID-19,MONDO:0100096,True,False,,True,,MONDO:0100096,29,250112.0
SRX10048395_36,3789,10626.0,3982,10987.001,4126,10986.999,SRX10048395,vein endothelial cell,CL:0002543,3789,10626.0,18.219461697722565,25.1270468661773,34.43440617353661,50.36702428006776,0.0,0.0,50.0,0.47054392,0.0,0.0,3789,PRJNA669824,51,36,COVID-19 / SARS-CoV-2,ontology,COVID-19,MONDO:0100096,True,False,,True,,MONDO:0100096,17,86790.0
SRX10048396_14,1038,1439.0,1147,1604.0004,1176,1604.0006,SRX10048396,alveolar adventitial fibroblast,CL:4028006,1038,1439.0,19.11049339819319,26.61570535093815,40.514246004169564,62.612925642807504,12.0,0.8339125,19.0,1.3203614,0.0,0.0,1038,PRJNA669824,13,14,COVID-19 / SARS-CoV-2,ontology,COVID-19,MONDO:0100096,True,False,,True,,MONDO:0100096,14,32115.0
SRX10048396_36,2292,5642.0,2430,5913.9985,2496,5913.9976,SRX10048396,vein endothelial cell,CL:0002543,2292,5642.0,17.653314427507976,25.41651896490606,35.99787309464729,56.11485288904644,3.0,0.053172633,41.0,0.7266927,0.0,0.0,2292,PRJNA669824,51,36,COVID-19 / SARS-CoV-2,ontology,COVID-19,MONDO:0100096,True,False,,True,,MONDO:0100096,14,61815.0
SRX10075291_45,1870,4639.0,2005,4813.9995,2016,4814.0,SRX10075291,respiratory tract goblet cell,CL:0002370,1870,4639.0,32.09743479198103,42.33671049795215,52.856219012718256,68.78637637421858,135.0,2.91011,506.0,10.907523,0.0,0.0,1870,PRJNA701396,17,45,Other,missing_ontology,,,False,True,healthy,True,,,20,106647.0
SRX10100445_20,5969,25482.0,6269,26803.99,6521,26803.994,SRX10100445,basal cell,CL:0000646,5969,25482.0,24.46040342202339,32.7603798759909,41.597990738560554,54.51691390000784,1029.0,4.0381446,4039.0,15.850404,0.0,0.0,5969,PRJNA701930,17,20,COVID-19 / SARS-CoV-2,study_consensus,,,False,True,healthy,True,,,18,182011.0
SRX10100445_23,1827,5253.0,2000,5494.9985,2043,5495.0,SRX10100445,basal cell,CL:0000646,1827,5253.0,36.68379973348563,47.11593375214163,58.13820673900628,72.7013135351228,114.0,2.1701884,837.0,15.933752,0.0,0.0,1827,PRJNA701930,17,23,COVID-19 / SARS-CoV-2,study_consensus,,,False,True,healthy,True,,,63,646374.0
SRX10100445_31,3943,16291.0,4166,17435.002,4290,17434.998,SRX10100445,basal cell,CL:0000646,3943,16291.0,29.359769197716528,42.22576882941502,54.189429746485786,66.73623473083298,359.0,2.2036707,3810.0,23.387146,0.0,0.0,3943,PRJNA701930,17,31,COVID-19 / SARS-CoV-2,study_consensus,,,False,True,healthy,True,,,57,488703.0
SRX10100445_43,5291,17555.0,5542,18339.0,5723,18338.998,SRX10100445,lung multiciliated epithelial cell,CL:1000271,5291,17555.0,17.823981771575053,25.616633437767018,35.03845058387924,49.56992309883224,904.0,5.14953,1798.0,10.242096,2.0,0.011392766,5291,PRJNA701930,24,43,COVID-19 / SARS-CoV-2,study_consensus,,,False,True,healthy,True,,,61,1018598.0
SRX10100445_44,3415,7029.0,3617,7269.002,3717,7269.0024,SRX10100445,lung multiciliated epithelial cell,CL:1000271,3415,7029.0,16.13316261203585,21.354388960022764,29.008393797126192,44.64361929150662,284.0,4.040404,70.0,0.9958742,0.0,0.0,3415,PRJNA701930,9,44,COVID-19 / SARS-CoV-2,study_consensus,,,False,True,healthy,True,,,12,138899.0
SRX10100445_45,3317,10585.0,3498,11022.001,3587,11022.003,SRX10100445,respiratory tract goblet cell,CL:0002370,3317,10585.0,32.46102975909306,41.02031176192725,50.108644307983,63.183750590458196,385.0,3.6372225,1421.0,13.424657,0.0,0.0,3317,PRJNA701930,17,45,COVID-19 / SARS-CoV-2,study_consensus,,,False,True,healthy,True,,,10,88676.0
SRX10100446_43,4879,16943.0,5139,17630.002,5267,17630.002,SRX10100446,lung multiciliated epithelial cell,CL:1000271,4879,16943.0,21.619547895886207,29.168388124889333,39.08398748745795,54.18757008794193,932.0,5.500797,1470.0,8.676149,0.0,0.0,4879,PRJNA701930,24,43,COVID-19 / SARS-CoV-2,ontology,COVID-19,MONDO:0100096,True,False,,True,,MONDO:0100096,11,286496.0
SRX10100446_44,4020,8719.0,4254,9083.001,4355,9083.002,SRX10100446,lung multiciliated epithelial cell,CL:1000271,4020,8719.0,11.985319417364376,17.90342929235004,26.436517949306115,42.29842871888978,183.0,2.0988646,381.0,4.369767,0.0,0.0,4020,PRJNA701930,9,44,COVID-19 / SARS-CoV-2,ontology,COVID-19,MONDO:0100096,True,False,,True,,MONDO:0100096,28,479355.0
SRX10100446_45,4223,13855.0,4463,14343.0,4573,14343.002,SRX10100446,respiratory tract goblet cell,CL:0002370,4223,13855.0,26.878383255142545,34.66618549260195,43.92638036809816,57.97906892818477,668.0,4.8213644,1321.0,9.534464,0.0,0.0,4223,PRJNA701930,17,45,COVID-19 / SARS-CoV-2,ontology,COVID-19,MONDO:0100096,True,False,,True,,MONDO:0100096,29,744856.0
SRX10100447_20,1156,2155.0,1252,2487.9995,1281,2487.9995,SRX10100447,UNKNOWN,,1156,2155.0,36.519721577726216,43.89791183294663,53.17865429234339,69.55916473317866,418.0,19.396751,164.0,7.6102085,0.0,0.0,1156,PRJNA701930,23,20,COVID-19 / SARS-CoV-2,ontology,COVID-19,MONDO:0100096,True,False,,True,,MONDO:0100096,12,142954.0
SRX10100447_23,6193,30649.0,6441,31985.004,6683,31985.002,SRX10100447,B cell,CL:0000236,6193,30649.0,35.110444060165094,42.960618617246894,50.82710692029103,61.58112825867076,1570.0,5.122516,3937.0,12.845443,0.0,0.0,6193,PRJNA701930,17,23,COVID-19 / SARS-CoV-2,ontology,COVID-19,MONDO:0100096,True,False,,True,,MONDO:0100096,12,267806.0
SRX10100447_31,5175,19228.0,5451,19978.002,5599,19978.002,SRX10100447,B cell,CL:0000236,5175,19228.0,31.240898689411274,39.18764302059496,46.837944664031625,58.25358851674641,1104.0,5.7416267,2368.0,12.315373,1.0,0.005200749,5175,PRJNA701930,17,31,COVID-19 / SARS-CoV-2,ontology,COVID-19,MONDO:0100096,True,False,,True,,MONDO:0100096,20,308407.0
SRX10100447_43,7909,33808.0,8251,35409.996,8548,35409.99,SRX10100447,respiratory tract goblet cell,CL:0002370,7909,33808.0,18.220539517274016,25.570870799810695,33.94462849029816,46.083767155702795,910.0,2.6916707,3959.0,11.710246,2.0,0.0059157596,7909,PRJNA701930,24,43,COVID-19 / SARS-CoV-2,ontology,COVID-19,MONDO:0100096,True,False,,True,,MONDO:0100096,23,524260.0
SRX10100447_44,5492,17066.0,5779,17874.998,5997,17874.992,SRX10100447,lung multiciliated epithelial cell,CL:1000271,5492,17066.0,18.463611859838274,24.16500644556428,31.753193484120473,45.56427985468182,1440.0,8.437829,739.0,4.3302474,2.0,0.011719208,5492,PRJNA701930,9,44,COVID-19 / SARS-CoV-2,ontology,COVID-19,MONDO:0100096,True,False,,True,,MONDO:0100096,45,939883.0
SRX10100447_45,5717,22892.0,5982,23735.006,6160,23735.004,SRX10100447,B cell,CL:0000236,5717,22892.0,28.05783679888171,35.03407303861611,42.95387034771972,55.37305608946357,1256.0,5.486633,1951.0,8.522628,0.0,0.0,5717,PRJNA701930,17,45,COVID-19 / SARS-CoV-2,ontology,COVID-19,MONDO:0100096,True,False,,True,,MONDO:0100096,46,675076.0
SRX10100448_20,2763,6215.0,2977,6494.9985,3059,6494.9985,SRX10100448,basal cell,CL:0000646,2763,6215.0,30.66773934030571,36.71761866452132,44.537409493161704,57.779565567176185,838.0,13.483508,494.0,7.948512,0.0,0.0,2763,PRJNA701930,17,20,COVID-19 / SARS-CoV-2,ontology,COVID-19,MONDO:0100096,True,False,,True,,MONDO:0100096,41,372501.0
SRX10100448_31,4952,16494.0,5195,17360.998,5359,17360.994,SRX10100448,basal cell,CL:0000646,4952,16494.0,23.19025100036377,32.181399296713955,41.47568812901661,54.01358069601066,915.0,5.5474715,2639.0,15.999757,0.0,0.0,4952,PRJNA701930,17,31,COVID-19 / SARS-CoV-2,ontology,COVID-19,MONDO:0100096,True,False,,True,,MONDO:0100096,110,1061229.0
SRX10100448_39,4373,13125.0,4634,13739.998,4789,13739.99,SRX10100448,basal cell,CL:0000646,4373,13125.0,21.843809523809522,29.04380952380952,37.91238095238095,52.220952380952376,1030.0,7.847619,1341.0,10.217143,0.0,0.0,4373,PRJNA701930,23,39,COVID-19 / SARS-CoV-2,ontology,COVID-19,MONDO:0100096,True,False,,True,,MONDO:0100096,10,70972.0
SRX10100448_43,3726,8404.0,3969,8828.999,4070,8829.003,SRX10100448,lung multiciliated epithelial cell,CL:1000271,3726,8404.0,19.978581627796288,27.332222751070915,36.1732508329367,50.297477391718225,626.0,7.4488344,888.0,10.566397,0.0,0.0,3726,PRJNA701930,24,43,COVID-19 / SARS-CoV-2,ontology,COVID-19,MONDO:0100096,True,False,,True,,MONDO:0100096,41,655596.0
SRX10100448_44,3102,6207.0,3275,6470.0005,3351,6469.9995,SRX10100448,lung multiciliated epithelial cell,CL:1000271,3102,6207.0,15.853069115514742,22.29740615434187,31.577251490252937,48.219751893024004,322.0,5.187691,310.0,4.994361,0.0,0.0,3102,PRJNA701930,9,44,COVID-19 / SARS-CoV-2,ontology,COVID-19,MONDO:0100096,True,False,,True,,MONDO:0100096,34,293898.0
SRX10100448_45,5971,22107.0,6275,23203.002,6487,23203.008,SRX10100448,respiratory tract goblet cell,CL:0002370,5971,22107.0,24.489980549147326,32.45578323607907,40.602524087393135,52.69824037635138,869.0,3.9308815,3049.0,13.792011,0.0,0.0,5971,PRJNA701930,17,45,COVID-19 / SARS-CoV-2,ontology,COVID-19,MONDO:0100096,True,False,,True,,MONDO:0100096,22,162306.0
SRX10152685_1,1194,3087.0,1270,3210.9998,1295,3211.0002,SRX10152685,"CD4-positive, alpha-beta T cell",CL:0000624,1194,3087.0,40.71914480077745,52.83446712018141,62.552640103660515,77.51862649821834,52.0,1.6844833,1097.0,35.536118,0.0,0.0,1194,PRJNA704098,4,1,COPD,ontology,chronic obstructive pulmonary disease,MONDO:0005002,True,False,,True,,MONDO:0005002,16,42717.0
SRX10152685_6,1213,3314.0,1287,3438.0002,1322,3438.0,SRX10152685,B cell,CL:0000236,1213,3314.0,39.981894990947495,53.681351840675916,64.48400724200361,78.48521424260713,86.0,2.5950513,1128.0,34.03742,0.0,0.0,1213,PRJNA704098,1,6,COPD,ontology,chronic obstructive pulmonary disease,MONDO:0005002,True,False,,True,,MONDO:0005002,12,36877.0
SRX10327363_44,7485,35144.0,7827,36351.004,8085,36351.008,SRX10327363,lung multiciliated epithelial cell,CL:1000271,7485,35144.0,17.0868427043023,22.7151149556112,30.69371727748691,44.56806282722513,2005.0,5.705099,1790.0,5.0933304,0.0,0.0,7485,PRJNA713903,9,44,Other,missing_ontology,,,False,True,healthy,True,,,14,371536.0
SRX10327367_31,1874,4163.0,2012,4436.0,2058,4436.0005,SRX10327367,basal cell,CL:0000646,1874,4163.0,30.218592361277924,39.682920970454,49.843862599087196,65.96204660100888,180.0,4.3238053,768.0,18.448235,0.0,0.0,1874,PRJNA713903,60,31,Other,missing_ontology,,,False,True,healthy,True,,,24,144829.0
SRX10327367_44,3236,7878.0,3454,8308.001,3555,8308.0,SRX10327367,lung multiciliated epithelial cell,CL:1000271,3236,7878.0,22.823051535922822,30.17263264788017,39.80705762883981,55.2043665905052,434.0,5.5090127,549.0,6.968774,0.0,0.0,3236,PRJNA713903,9,44,Other,missing_ontology,,,False,True,healthy,True,,,13,87350.0
SRX10327369_20,9309,63984.0,9659,66181.984,10204,66181.91,SRX10327369,respiratory tract goblet cell,CL:0002370,9309,63984.0,31.761065266316578,35.82145536384096,41.52288072018004,51.930170042510625,6528.0,10.202551,2147.0,3.3555264,0.0,0.0,9309,PRJNA713903,9,20,Other,missing_ontology,,,False,True,healthy,True,,,19,426613.0
SRX10335835_1,400,1309.0,431,1398.0001,451,1397.9999,SRX10335835,plasma cell,CL:0000786,400,1309.0,65.46982429335371,75.85943468296409,84.72116119174943,100.0,4.0,0.30557677,11.0,0.8403362,0.0,0.0,400,PRJNA714138,32,1,Lung Cancer,ontology,lung cancer,MONDO:0008903,True,False,,True,,MONDO:0008903,29,49288.0
SRX10335835_21,398,1109.0,421,1184.0,432,1184.0,SRX10335835,plasma cell,CL:0000786,398,1109.0,62.488728584310195,73.12894499549142,82.14607754733994,100.0,3.0,0.27051398,10.0,0.90171325,0.0,0.0,398,PRJNA714138,32,21,Lung Cancer,ontology,lung cancer,MONDO:0008903,True,False,,True,,MONDO:0008903,22,29453.0
SRX10335835_5,452,1342.0,492,1445.0,504,1444.9999,SRX10335835,plasma cell,CL:0000786,452,1342.0,62.51862891207154,72.5037257824143,81.2220566318927,100.0,5.0,0.37257826,11.0,0.8196721,0.0,0.0,452,PRJNA714138,32,5,Lung Cancer,ontology,lung cancer,MONDO:0008903,True,False,,True,,MONDO:0008903,12,15817.0
SRX10425170_36,1529,3131.0,1629,3247.0002,1651,3246.9998,SRX10425170,vein endothelial cell,CL:0002543,1529,3131.0,25.774512935164484,36.15458320025551,47.971893963589906,67.13510060683487,110.0,3.5132546,457.0,14.595975,0.0,0.0,1529,PRJNA716656,16,36,Pulmonary Hypertension,ontology,idiopathic pulmonary arterial hypertension,MONDO:0001999,True,False,,True,,MONDO:0001999,12,41143.0
SRX11071611_1,1320,4685.0,1389,5212.0,1417,5211.999,SRX11071611,"CD8-positive, alpha-beta T cell",CL:0000625,1320,4685.0,45.03735325506937,60.57630736392743,70.84311632870865,82.49733191035219,175.0,3.7353256,1989.0,42.454643,0.0,0.0,1320,PRJNA735258,5,1,COVID-19 / SARS-CoV-2,ontology,COVID-19,MONDO:0100096,True,False,,True,,MONDO:0100096,38,156493.0
SRX11071611_5,1376,2577.0,1449,3060.0,1466,3060.001,SRX11071611,natural killer cell,CL:0000623,1376,2577.0,28.6767559177338,38.6883973612728,49.08808692277842,66.0069848661234,88.0,3.4148235,516.0,20.023283,0.0,0.0,1376,PRJNA735258,5,5,COVID-19 / SARS-CoV-2,ontology,COVID-19,MONDO:0100096,True,False,,True,,MONDO:0100096,10,34156.0
SRX11071615_1,1068,1632.0,1145,1820.9999,1154,1821.0001,SRX11071615,"CD4-positive, alpha-beta T cell",CL:0000624,1068,1632.0,24.387254901960784,32.169117647058826,44.424019607843135,65.19607843137256,93.0,5.6985292,69.0,4.227941,0.0,0.0,1068,PRJNA735258,4,1,COVID-19 / SARS-CoV-2,ontology,post-COVID-19 disorder,MONDO:0100320,True,False,,True,,MONDO:0100320,18,50450.0
SRX11071615_5,1440,3158.0,1536,3530.0005,1568,3530.0002,SRX11071615,"CD4-positive, alpha-beta T cell",CL:0000624,1440,3158.0,29.575680810639643,41.41861937935402,53.641545281823944,70.23432552248259,85.0,2.691577,619.0,19.601013,0.0,0.0,1440,PRJNA735258,5,5,COVID-19 / SARS-CoV-2,ontology,post-COVID-19 disorder,MONDO:0100320,True,False,,True,,MONDO:0100320,13,31687.0
SRX11071615_9,4552,28144.0,4763,30285.998,4869,30286.002,SRX11071615,macrophage,CL:0000235,4552,28144.0,38.11114269471291,47.19300739056282,57.600198976691296,70.73976691301877,522.0,1.8547469,2056.0,7.305287,0.0,0.0,4552,PRJNA735258,52,9,COVID-19 / SARS-CoV-2,ontology,post-COVID-19 disorder,MONDO:0100320,True,False,,True,,MONDO:0100320,26,506562.0
SRX11071624_1,976,2292.0,1022,2546.9998,1044,2547.0005,SRX11071624,"CD4-positive, alpha-beta T cell",CL:0000624,976,2292.0,40.75043630017452,53.49040139616056,64.09249563699827,79.23211169284468,72.0,3.141361,779.0,33.987785,0.0,0.0,976,PRJNA735258,5,1,COVID-19 / SARS-CoV-2,study_consensus,,,False,True,healthy,True,,,22,54067.0
SRX11071624_4,803,1848.0,857,2007.0,877,2007.0001,SRX11071624,"CD4-positive, alpha-beta T cell",CL:0000624,803,1848.0,37.44588744588744,51.298701298701296,64.88095238095238,83.6038961038961,104.0,5.6277056,510.0,27.597404,0.0,0.0,803,PRJNA735258,5,4,COVID-19 / SARS-CoV-2,study_consensus,,,False,True,healthy,True,,,29,55087.0
SRX11071624_9,2459,12328.0,2585,12934.997,2639,12934.998,SRX11071624,"CD8-positive, alpha-beta T cell",CL:0000625,2459,12328.0,44.84101232965607,55.41044776119403,65.97177157689812,78.39065541855938,1.0,0.008111616,1460.0,11.842959,0.0,0.0,2459,PRJNA735258,52,9,COVID-19 / SARS-CoV-2,study_consensus,,,False,True,healthy,True,,,20,297058.0
SRX11143428_14,1055,1783.0,1140,1881.9996,1167,1881.9993,SRX11143428,B cell,CL:0000236,1055,1783.0,26.360067302299495,36.51149747616377,48.79416713404375,68.87268648345484,154.0,8.637129,282.0,15.81604,0.0,0.0,1055,PRJNA634136,65,14,Lung Cancer,ontology,lung adenocarcinoma,MONDO:0005061,True,False,,True,,MONDO:0005061,10,15642.0
SRX11143428_17,1399,2369.0,1517,2508.0012,1540,2508.001,SRX11143428,B cell,CL:0000236,1399,2369.0,23.17433516251583,33.094132545377796,43.64710848459266,62.05149852258337,163.0,6.8805404,382.0,16.124947,0.0,0.0,1399,PRJNA634136,65,17,Lung Cancer,ontology,lung adenocarcinoma,MONDO:0005061,True,False,,True,,MONDO:0005061,116,324811.0
SRX11143428_21,1099,2142.0,1178,2267.9998,1203,2268.0,SRX11143428,adventitial cell,CL:0002503,1099,2142.0,32.6797385620915,43.13725490196079,54.248366013071895,72.03548085901026,210.0,9.803922,390.0,18.207283,0.0,0.0,1099,PRJNA634136,65,21,Lung Cancer,ontology,lung adenocarcinoma,MONDO:0005061,True,False,,True,,MONDO:0005061,85,139110.0
SRX11143428_31,2120,4080.0,2272,4334.0,2324,4333.9995,SRX11143428,basal cell,CL:0000646,2120,4080.0,24.779411764705884,33.89705882352941,43.38235294117647,59.09313725490196,380.0,9.313725,691.0,16.936274,0.0,0.0,2120,PRJNA634136,65,31,Lung Cancer,ontology,lung adenocarcinoma,MONDO:0005061,True,False,,True,,MONDO:0005061,14,41080.0
SRX11143428_52,1653,2951.0,1809,3136.9993,1870,3136.9985,SRX11143428,adventitial cell,CL:0002503,1653,2951.0,23.212470349034227,32.56523212470349,43.713995255845475,60.928498813961376,203.0,6.879024,533.0,18.061674,0.0,0.0,1653,PRJNA634136,65,52,Lung Cancer,ontology,lung adenocarcinoma,MONDO:0005061,True,False,,True,,MONDO:0005061,27,57565.0
SRX11438983_14,4239,13179.0,4491,13681.001,4679,13680.993,SRX11438983,alveolar adventitial fibroblast,CL:4028006,4239,13179.0,20.798239623643674,27.331360497761594,35.57933075347143,50.64117156081645,637.0,4.833447,332.0,2.5191593,0.0,0.0,4239,PRJNA746455,29,14,COVID-19 / SARS-CoV-2,study_consensus,,,,False,,True,,,22,265409.0
SRX11438983_8,8230,51754.0,8515,53883.992,9000,53883.93,SRX11438983,pulmonary alveolar type 2 cell,CL:0002063,8230,51754.0,21.05730957993585,26.67426672334506,34.23696719094176,47.7315763032809,3628.0,7.010086,3122.0,6.032384,0.0,0.0,8230,PRJNA746455,19,8,COVID-19 / SARS-CoV-2,study_consensus,,,,False,,True,,,11,317074.0
SRX11438985_21,1096,2458.0,1176,2650.9998,1209,2651.0,SRX11438985,B cell,CL:0000236,1096,2458.0,32.58746948738812,44.14157851912124,57.56712774613507,75.75264442636289,3.0,0.12205045,419.0,17.04638,0.0,0.0,1096,PRJNA746455,7,21,COVID-19 / SARS-CoV-2,disease_text,,,,False,,True,,,17,33810.0
SRX11438988_1,1628,3080.0,1720,3417.999,1769,3417.9993,SRX11438988,"CD8-positive, alpha-beta T cell",CL:0000625,1628,3080.0,23.96103896103896,30.974025974025977,41.493506493506494,62.20779220779221,271.0,8.798701,94.0,3.051948,0.0,0.0,1628,PRJNA746455,4,1,COVID-19 / SARS-CoV-2,study_consensus,,,False,True,healthy,True,,,15,116867.0
SRX11438989_1,2643,6560.0,2805,7042.0005,2893,7042.0015,SRX11438989,"CD4-positive, alpha-beta T cell",CL:0000624,2643,6560.0,20.076219512195124,27.5609756097561,37.728658536585364,56.1890243902439,95.0,1.4481708,495.0,7.545732,0.0,0.0,2643,PRJNA746455,4,1,COVID-19 / SARS-CoV-2,ontology,COVID-19,MONDO:0100096,True,False,,True,,MONDO:0100096,13,93699.0
SRX11987895_0,888,3042.0,998,3142.0,1025,3141.9995,SRX11987895,B cell,CL:0000236,888,3042.0,68.24457593688363,72.2879684418146,77.38330046022354,87.24523339907955,55.0,1.8080211,97.0,3.1886916,0.0,0.0,888,PRJNA759630,0,0,Lung Cancer,ontology,non-small cell lung carcinoma,MONDO:0005233,False,True,matchedAdjacent,True,,MONDO:0005233,11,73136.0
SRX11987895_36,1609,3760.0,1741,3969.0002,1801,3968.9985,SRX11987895,vein endothelial cell,CL:0002543,1609,3760.0,29.069148936170215,38.45744680851064,50.37234042553192,69.0159574468085,57.0,1.5159575,607.0,16.143618,0.0,0.0,1609,PRJNA759630,16,36,Lung Cancer,ontology,non-small cell lung carcinoma,MONDO:0005233,False,True,matchedAdjacent,True,,MONDO:0005233,10,30958.0
SRX11987897_36,934,1479.0,1023,1546.0002,1042,1546.0004,SRX11987897,capillary endothelial cell,CL:0002144,934,1479.0,29.141311697092632,37.32251521298174,50.371872887085864,70.65584854631508,8.0,0.540906,64.0,4.327248,0.0,0.0,934,PRJNA759630,16,36,Lung Cancer,disease_text,,,False,True,matchedAdjacent,True,,,24,60528.0
SRX11987898_14,3638,15292.0,3898,16062.004,4065,16061.995,SRX11987898,adventitial cell,CL:0002503,3638,15292.0,28.622809312058596,38.71305257651059,50.496991891184926,65.68794140727178,146.0,0.95474756,1728.0,11.300026,0.0,0.0,3638,PRJNA759630,29,14,Lung Cancer,ontology,non-small cell lung carcinoma,MONDO:0005233,True,False,,True,,MONDO:0005233,12,87999.0
SRX11987900_36,1382,2371.0,1498,2511.9995,1558,2511.9988,SRX11987900,capillary endothelial cell,CL:0002144,1382,2371.0,26.613243357233234,33.90974272458878,43.821172501054406,62.800506115563046,18.0,0.75917333,105.0,4.428511,0.0,0.0,1382,PRJNA759630,16,36,Lung Cancer,ontology,non-small cell lung carcinoma,MONDO:0005233,True,False,,True,,MONDO:0005233,16,27021.0
SRX11987901_36,780,1244.0,870,1310.0,880,1309.9999,SRX11987901,capillary endothelial cell,CL:0002144,780,1244.0,32.475884244372985,41.47909967845659,53.37620578778135,77.491961414791,8.0,0.6430868,55.0,4.4212217,0.0,0.0,780,PRJNA759630,16,36,Lung Cancer,study_consensus,,,False,True,matchedAdjacent,True,,,16,48973.0
SRX11987903_36,1054,1575.0,1155,1634.0004,1170,1634.0002,SRX11987903,capillary endothelial cell,CL:0002144,1054,1575.0,23.682539682539684,31.555555555555554,44.25396825396825,64.82539682539684,19.0,1.2063493,51.0,3.2380953,0.0,0.0,1054,PRJNA759630,16,36,Lung Cancer,ontology,non-small cell lung carcinoma,MONDO:0005233,True,False,,True,,MONDO:0005233,16,32263.0
SRX11987903_60,2908,7393.0,3137,7758.0005,3256,7758.0024,SRX11987903,bronchial smooth muscle cell,CL:0002598,2908,7393.0,28.47287975111592,35.68240227241986,45.029081563641284,59.93507371838225,74.0,1.0009469,810.0,10.956309,0.0,0.0,2908,PRJNA759630,59,60,Lung Cancer,ontology,non-small cell lung carcinoma,MONDO:0005233,True,False,,True,,MONDO:0005233,10,38356.0
SRX11987904_0,1203,4671.0,1351,5142.002,1393,5142.004,SRX11987904,B cell,CL:0000236,1203,4671.0,64.11903232712481,69.40697923356883,75.52986512524085,84.94968957396704,44.0,0.9419824,350.0,7.493042,0.0,0.0,1203,PRJNA759630,0,0,Lung Cancer,ontology,non-small cell lung carcinoma,MONDO:0005233,True,False,,True,,MONDO:0005233,11,93014.0
SRX11987906_0,364,837.0,414,892.99994,423,893.00006,SRX11987906,B cell,CL:0000236,364,837.0,62.00716845878136,68.45878136200717,80.40621266427718,100.0,44.0,5.25687,14.0,1.6726404,0.0,0.0,364,PRJNA759630,0,0,Lung Cancer,ontology,non-small cell lung carcinoma,MONDO:0005233,True,False,,True,,MONDO:0005233,12,54503.0
SRX11987907_36,978,1619.0,1051,1683.0,1079,1683.0001,SRX11987907,capillary endothelial cell,CL:0002144,978,1619.0,30.203829524397776,38.35701050030883,50.71031500926498,70.47560222359482,19.0,1.173564,65.0,4.014824,0.0,0.0,978,PRJNA759630,16,36,Lung Cancer,disease_text,,,False,True,matchedAdjacent,True,,,13,17751.0
SRX11987909_14,2001,4257.0,2186,4470.0005,2245,4469.9985,SRX11987909,adventitial cell,CL:0002503,2001,4257.0,26.849894291754755,35.28306319003993,45.54850833920601,62.062485318299274,105.0,2.4665258,485.0,11.393,0.0,0.0,2001,PRJNA759630,29,14,Lung Cancer,ontology,non-small cell lung carcinoma,MONDO:0005233,True,False,,True,,MONDO:0005233,16,41376.0
SRX11987911_36,483,591.0,523,624.0,538,624.0001,SRX11987911,capillary endothelial cell,CL:0002144,483,591.0,25.888324873096447,35.19458544839256,52.115059221658214,100.0,0.0,0.0,9.0,1.5228426,0.0,0.0,483,PRJNA759630,51,36,Lung Cancer,study_consensus,,,False,True,matchedAdjacent,True,,,14,24638.0
SRX12150516_9,3769,12314.0,4027,12824.0,4158,12823.996,SRX12150516,macrophage,CL:0000235,3769,12314.0,30.201396784148127,37.948676303394514,46.92220237128472,60.15916842618159,1036.0,8.413188,922.0,7.4874125,0.0,0.0,3769,PRJNA762558,49,9,COPD,ontology,chronic obstructive pulmonary disease,MONDO:0005002,True,False,,True,,MONDO:0005002,31,609548.0
SRX12150517_9,4956,19311.0,5183,20063.0,5382,20062.998,SRX12150517,macrophage,CL:0000235,4956,19311.0,26.181968826057687,33.19351664854228,41.52037698720936,55.092952203407386,1488.0,7.705453,950.0,4.919476,0.0,0.0,4956,PRJNA762558,49,9,COPD,ontology,chronic obstructive pulmonary disease,MONDO:0005002,True,False,,True,,MONDO:0005002,10,294243.0
SRX12457896_23,5115,17207.0,5363,17731.998,5494,17731.998,SRX12457896,respiratory tract goblet cell,CL:0002370,5115,17207.0,24.966583367234264,32.39960481199512,40.99494391817284,53.37943860056954,862.0,5.009589,1673.0,9.722787,0.0,0.0,5115,PRJNA768255,60,23,Other,missing_ontology,,,False,True,healthy,True,,,10,219268.0
SRX12457896_31,5513,26441.0,5769,27691.996,5926,27692.002,SRX12457896,basal cell,CL:0000646,5513,26441.0,24.586815929805983,35.46386294013086,46.65859838886578,59.63844030104761,898.0,3.3962407,4352.0,16.459286,0.0,0.0,5513,PRJNA768255,60,31,Other,missing_ontology,,,False,True,healthy,True,,,10,103045.0
SRX12457898_31,5172,23529.0,5385,24488.998,5516,24489.004,SRX12457898,basal cell,CL:0000646,5172,23529.0,28.777253601938035,41.561477325853204,52.69667219176336,63.97636958646776,1015.0,4.3138256,5155.0,21.909134,0.0,0.0,5172,PRJNA768255,17,31,Other,missing_ontology,,,False,True,healthy,True,,,13,254277.0
SRX12457899_31,9041,79461.0,9361,82506.97,9683,82506.96,SRX12457899,basal cell,CL:0000646,9041,79461.0,24.720303041743747,35.82512175784347,46.42529039402978,58.57842211902694,3879.0,4.88164,13896.0,17.487823,0.0,0.0,9041,PRJNA768255,60,31,Other,missing_ontology,,,False,True,healthy,True,,,20,364494.0
SRX12457901_31,3530,9833.0,3725,10269.0,3839,10269.001,SRX12457901,basal cell,CL:0000646,3530,9833.0,24.722871961761417,34.343537069053184,44.035391030204416,57.764669988813175,437.0,4.4442186,1900.0,19.32269,0.0,0.0,3530,PRJNA768255,60,31,Other,missing_ontology,,,False,True,healthy,True,,,10,144380.0
SRX12457902_31,3631,9772.0,3844,10146.0,3939,10145.999,SRX12457902,basal cell,CL:0000646,3631,9772.0,21.41833810888252,30.761358984854688,40.912812116250514,55.30085959885387,510.0,5.218993,1606.0,16.434711,0.0,0.0,3631,PRJNA768255,60,31,Other,missing_ontology,,,False,True,healthy,True,,,22,229465.0
SRX12457902_45,3404,9512.0,3568,9760.998,3642,9760.999,SRX12457902,respiratory tract goblet cell,CL:0002370,3404,9512.0,30.025231286795627,35.838940285954585,43.46089150546678,57.6009251471825,932.0,9.79815,573.0,6.0239697,0.0,0.0,3404,PRJNA768255,60,45,Other,missing_ontology,,,False,True,healthy,True,,,13,130005.0
SRX12457905_20,3622,12428.0,3827,13098.0,3962,13097.996,SRX12457905,basal cell,CL:0000646,3622,12428.0,28.97489539748954,35.3797875764403,44.22272288381075,59.29353073704539,1455.0,11.707435,686.0,5.519794,0.0,0.0,3622,PRJNA768255,60,20,Other,missing_ontology,,,False,True,healthy,True,,,19,171918.0
SRX12868711_4,1464,2770.0,1532,2922.9998,1575,2923.0,SRX12868711,B cell,CL:0000236,1464,2770.0,29.27797833935018,37.18411552346571,47.1841155234657,65.1985559566787,192.0,6.931408,341.0,12.310469,0.0,0.0,1464,PRJNA773987,4,4,Lung Cancer,disease_text,,,False,True,matchedAdjacent,True,,,37,134926.0
SRX12868711_5,1589,3496.0,1672,3714.0002,1724,3713.9995,SRX12868711,"CD8-positive, alpha-beta T cell",CL:0000625,1589,3496.0,27.202517162471395,36.75629290617849,48.42677345537758,67.82036613272311,211.0,6.035469,382.0,10.926773,0.0,0.0,1589,PRJNA773987,4,5,Lung Cancer,disease_text,,,False,True,matchedAdjacent,True,,,24,76200.0
SRX12868713_1,1513,3194.0,1612,3362.9993,1654,3362.9995,SRX12868713,"CD4-positive, alpha-beta T cell",CL:0000624,1513,3194.0,26.111458985597995,37.41390106449593,49.060738885410146,68.28428303068253,97.0,3.0369442,574.0,17.971195,0.0,0.0,1513,PRJNA773987,4,1,Lung Cancer,ontology,lung adenocarcinoma,MONDO:0005061,True,False,,True,,MONDO:0005061,36,108878.0
SRX12868713_13,1771,4866.0,1883,5137.0,1932,5137.0,SRX12868713,basophil,CL:0000767,1771,4866.0,31.874229346485823,44.34854089601315,56.10357583230579,71.7016029593095,219.0,4.5006166,895.0,18.392931,0.0,0.0,1771,PRJNA773987,42,13,Lung Cancer,ontology,lung adenocarcinoma,MONDO:0005061,True,False,,True,,MONDO:0005061,14,93504.0
SRX12868713_20,1818,3928.0,1926,4080.0002,1997,4079.9998,SRX12868713,club cell,CL:0000158,1818,3928.0,30.448065173116092,37.5,46.69042769857434,64.12932790224033,306.0,7.790224,59.0,1.5020367,0.0,0.0,1818,PRJNA773987,12,20,Lung Cancer,ontology,lung adenocarcinoma,MONDO:0005061,True,False,,True,,MONDO:0005061,17,384377.0
SRX12868713_24,3188,12954.0,3387,13638.0,3492,13637.999,SRX12868713,classical monocyte,CL:0000860,3188,12954.0,28.80191446657403,41.02979774587,52.96433534043538,68.01760074108384,527.0,4.0682416,2540.0,19.607843,0.0,0.0,3188,PRJNA773987,39,24,Lung Cancer,ontology,lung adenocarcinoma,MONDO:0005061,True,False,,True,,MONDO:0005061,10,146062.0
SRX12868713_8,3696,11178.0,3854,11637.0,3977,11636.997,SRX12868713,club cell,CL:0000158,3696,11178.0,26.67740203972088,32.83234925747003,41.26856324923958,56.038647342995176,297.0,2.6570048,234.0,2.0933979,0.0,0.0,3696,PRJNA773987,12,8,Lung Cancer,ontology,lung adenocarcinoma,MONDO:0005061,True,False,,True,,MONDO:0005061,22,526794.0
SRX12868714_1,1300,2738.0,1411,2894.9993,1442,2894.9988,SRX12868714,"CD4-positive, alpha-beta T cell",CL:0000624,1300,2738.0,26.625273922571218,38.64134404674945,52.337472607742875,70.78159240321402,78.0,2.8487947,547.0,19.978086,0.0,0.0,1300,PRJNA773987,4,1,Lung Cancer,ontology,lung adenocarcinoma,MONDO:0005061,False,True,matchedAdjacent,True,,MONDO:0005061,24,83278.0
SRX12868714_4,2576,5504.0,2764,5781.002,2825,5781.002,SRX12868714,natural killer cell,CL:0000623,2576,5504.0,21.838662790697676,29.851017441860467,39.5530523255814,55.72311046511628,316.0,5.741279,523.0,9.50218,0.0,0.0,2576,PRJNA773987,6,4,Lung Cancer,ontology,lung adenocarcinoma,MONDO:0005061,False,True,matchedAdjacent,True,,MONDO:0005061,31,125911.0
SRX12868714_5,1515,2528.0,1622,2646.0002,1656,2646.0007,SRX12868714,B cell,CL:0000236,1515,2528.0,24.169303797468356,31.25,41.060126582278485,59.8496835443038,214.0,8.46519,135.0,5.34019,0.0,0.0,1515,PRJNA773987,4,5,Lung Cancer,ontology,lung adenocarcinoma,MONDO:0005061,False,True,matchedAdjacent,True,,MONDO:0005061,11,41924.0
SRX12868715_1,422,514.0,491,577.0,499,577.0,SRX12868715,"CD4-positive, alpha-beta T cell",CL:0000624,422,514.0,26.848249027237355,37.35408560311284,56.809338521400775,100.0,12.0,2.3346303,63.0,12.256809,0.0,0.0,422,PRJNA773987,5,1,Lung Cancer,ontology,lung adenocarcinoma,MONDO:0005061,True,False,,True,,MONDO:0005061,43,113490.0
SRX12868715_24,4042,15791.0,4220,16463.002,4359,16462.994,SRX12868715,intermediate monocyte,CL:0002393,4042,15791.0,23.310746627825978,33.13279716294091,44.27838642264581,60.091191184852136,1086.0,6.877335,2046.0,12.956747,0.0,0.0,4042,PRJNA773987,39,24,Lung Cancer,ontology,lung adenocarcinoma,MONDO:0005061,True,False,,True,,MONDO:0005061,14,156753.0
SRX12868716_1,2069,5616.0,2182,5913.0015,2248,5913.0015,SRX12868716,"CD4-positive, alpha-beta T cell",CL:0000624,2069,5616.0,28.757122507122507,38.01638176638177,48.86039886039886,66.06125356125357,183.0,3.2585473,668.0,11.894587,1.0,0.017806267,2069,PRJNA773987,4,1,Lung Cancer,disease_text,,,False,True,matchedAdjacent,True,,,14,76516.0
SRX12868716_4,3239,8231.0,3455,8644.002,3560,8644.004,SRX12868716,"CD8-positive, alpha-beta T cell",CL:0000625,3239,8231.0,20.09476369821407,27.153444295954323,36.228890778763216,52.654598469201794,302.0,3.669056,850.0,10.326813,1.0,0.012149191,3239,PRJNA773987,6,4,Lung Cancer,disease_text,,,False,True,matchedAdjacent,True,,,26,138812.0
SRX12868716_44,7099,28433.0,7420,29479.01,7669,29479.02,SRX12868716,lung multiciliated epithelial cell,CL:1000271,7099,28433.0,14.244012239299405,19.55122568846059,27.014384693841663,41.142334611191224,1266.0,4.452573,1513.0,5.321282,0.0,0.0,7099,PRJNA773987,8,44,Lung Cancer,disease_text,,,False,True,matchedAdjacent,True,,,12,245511.0
SRX12868716_9,7736,65149.0,8039,71505.016,8385,71504.984,SRX12868716,macrophage,CL:0000235,7736,65149.0,28.295138835592258,36.1110684738062,45.322261277993526,58.73919783880028,1472.0,2.2594361,3793.0,5.8220387,0.0,0.0,7736,PRJNA773987,49,9,Lung Cancer,disease_text,,,False,True,matchedAdjacent,True,,,12,513614.0
SRX12868717_1,2151,4893.0,2272,5204.999,2338,5204.9995,SRX12868717,"CD4-positive, alpha-beta T cell",CL:0000624,2151,4893.0,25.567136725935008,34.94788473329246,45.53443695074596,61.618638871857755,245.0,5.007153,728.0,14.878398,0.0,0.0,2151,PRJNA773987,4,1,Lung Cancer,ontology,lung adenocarcinoma,MONDO:0005061,True,False,,True,,MONDO:0005061,13,43269.0
SRX12868717_20,2941,6661.0,3096,6946.0005,3189,6946.0024,SRX12868717,lung multiciliated epithelial cell,CL:1000271,2941,6661.0,24.51583846269329,30.385827953760696,38.657859180303255,54.075964569884405,123.0,1.8465695,159.0,2.387029,0.0,0.0,2941,PRJNA773987,12,20,Lung Cancer,ontology,lung adenocarcinoma,MONDO:0005061,True,False,,True,,MONDO:0005061,44,984157.0
SRX12868719_1,1899,6316.0,2017,6710.0015,2073,6710.0,SRX12868719,"CD4-positive, alpha-beta T cell",CL:0000624,1899,6316.0,35.25965801139962,50.031665611146295,61.57378087397086,74.88917036098796,163.0,2.5807474,1967.0,31.14313,0.0,0.0,1899,PRJNA773987,4,1,Lung Cancer,ontology,lung adenocarcinoma,MONDO:0005061,True,False,,True,,MONDO:0005061,27,166413.0
SRX12868719_5,1362,2891.0,1451,3040.9998,1486,3040.9995,SRX12868719,"CD4-positive, alpha-beta T cell",CL:0000624,1362,2891.0,37.73780698720166,45.76271186440678,55.37876167416119,70.18332756831546,505.0,17.468004,384.0,13.282601,0.0,0.0,1362,PRJNA773987,4,5,Lung Cancer,ontology,lung adenocarcinoma,MONDO:0005061,True,False,,True,,MONDO:0005061,14,76297.0
SRX12868719_8,371,532.0,393,580.0,396,580.0,SRX12868719,plasma cell,CL:0000786,371,532.0,34.3984962406015,49.06015037593985,67.85714285714286,100.0,1.0,0.18796992,70.0,13.157895,0.0,0.0,371,PRJNA773987,26,8,Lung Cancer,ontology,lung adenocarcinoma,MONDO:0005061,True,False,,True,,MONDO:0005061,12,252200.0
SRX12868720_1,1410,3051.0,1492,3199.9995,1535,3199.9995,SRX12868720,"CD4-positive, alpha-beta T cell",CL:0000624,1410,3051.0,26.94198623402163,37.561455260570305,49.91805965257293,70.17371353654539,167.0,5.473615,418.0,13.700426,0.0,0.0,1410,PRJNA773987,4,1,Lung Cancer,disease_text,,,False,True,matchedAdjacent,True,,,17,43858.0
SRX12868720_4,2258,4556.0,2421,4773.001,2465,4772.9995,SRX12868720,"CD8-positive, alpha-beta T cell",CL:0000625,2258,4556.0,21.15891132572432,28.577699736611063,38.71817383669886,55.68481123792801,158.0,3.4679544,410.0,8.999122,0.0,0.0,2258,PRJNA773987,6,4,Lung Cancer,disease_text,,,False,True,matchedAdjacent,True,,,18,66702.0
SRX12868720_43,771,1194.0,817,1246.0,826,1246.0,SRX12868720,lung multiciliated epithelial cell,CL:1000271,771,1194.0,24.623115577889447,36.097152428810716,52.17755443886097,77.30318257956449,1.0,0.083752096,192.0,16.080402,0.0,0.0,771,PRJNA773987,8,43,Lung Cancer,disease_text,,,False,True,matchedAdjacent,True,,,15,223710.0
SRX12868720_44,3795,8212.0,4002,8581.998,4107,8582.001,SRX12868720,lung multiciliated epithelial cell,CL:1000271,3795,8212.0,14.953726254262056,21.237213833414515,29.456892352654652,45.14125669751583,309.0,3.7627861,533.0,6.490502,0.0,0.0,3795,PRJNA773987,8,44,Lung Cancer,disease_text,,,False,True,matchedAdjacent,True,,,21,274437.0
SRX12868720_45,4869,36369.0,5161,37520.004,5342,37520.004,SRX12868720,basal cell,CL:0000646,4869,36369.0,53.749072011878255,61.37094778520168,68.63262668756359,77.06563281915916,1160.0,3.1895294,5002.0,13.75347,0.0,0.0,4869,PRJNA773987,12,45,Lung Cancer,disease_text,,,False,True,matchedAdjacent,True,,,15,351710.0
SRX12868720_5,1872,4570.0,1975,4807.0005,2026,4807.0005,SRX12868720,"CD8-positive, alpha-beta T cell",CL:0000625,1872,4570.0,24.87964989059081,35.010940919037196,47.00218818380744,65.18599562363238,85.0,1.8599563,739.0,16.17068,0.0,0.0,1872,PRJNA773987,4,5,Lung Cancer,disease_text,,,False,True,matchedAdjacent,True,,,18,62279.0
SRX12868720_9,6966,42580.0,7284,44133.01,7508,44132.996,SRX12868720,macrophage,CL:0000235,6966,42580.0,33.57679661813058,41.81775481446689,51.1249412869892,62.90511977454204,507.0,1.1906998,4335.0,10.180836,0.0,0.0,6966,PRJNA773987,8,9,Lung Cancer,disease_text,,,False,True,matchedAdjacent,True,,,26,703253.0
SRX12868721_1,2523,7630.0,2655,8013.0,2738,8013.001,SRX12868721,"CD4-positive, alpha-beta T cell",CL:0000624,2523,7630.0,26.64482306684142,36.19921363040629,47.79816513761468,64.86238532110092,59.0,0.77326345,1162.0,15.229358,0.0,0.0,2523,PRJNA773987,4,1,Lung Cancer,ontology,lung adenocarcinoma,MONDO:0005061,True,False,,True,,MONDO:0005061,16,82071.0
SRX12868721_20,3242,8594.0,3433,8935.0,3556,8935.005,SRX12868721,club cell,CL:0000158,3242,8594.0,31.987433092855483,37.235280428205726,44.44961601117058,57.5750523621131,1604.0,18.664185,153.0,1.7803118,0.0,0.0,3242,PRJNA773987,12,20,Lung Cancer,ontology,lung adenocarcinoma,MONDO:0005061,True,False,,True,,MONDO:0005061,14,261935.0
SRX12868721_8,6236,23126.0,6509,24744.998,6824,24744.994,SRX12868721,club cell,CL:0000158,6236,23126.0,21.668252183689354,29.352244227276657,38.00916717114936,50.94266193894318,910.0,3.934965,2736.0,11.830839,0.0,0.0,6236,PRJNA773987,12,8,Lung Cancer,ontology,lung adenocarcinoma,MONDO:0005061,True,False,,True,,MONDO:0005061,20,432309.0
SRX13198724_1,993,1829.0,1061,1897.0,1070,1897.0,SRX13198724,B cell,CL:0000236,993,1829.0,29.852378348824494,41.00601421541826,53.36249316566429,73.04537998906507,45.0,2.460361,381.0,20.831057,0.0,0.0,993,PRJNA782639,4,1,Lung Cancer,study_consensus,adenoid cystic carcinoma,MONDO:0004971,,False,,True,,MONDO:0004971,21,35949.0
SRX13198724_20,902,1838.0,971,1920.9999,987,1921.0,SRX13198724,plasma cell,CL:0000786,902,1838.0,33.67791077257889,46.354733405875955,59.79325353645266,78.12840043525571,52.0,2.8291621,317.0,17.247007,0.0,0.0,902,PRJNA782639,12,20,Lung Cancer,study_consensus,adenoid cystic carcinoma,MONDO:0004971,,False,,True,,MONDO:0004971,21,150656.0
SRX13198724_24,1807,6643.0,1899,6804.9995,1927,6805.0005,SRX13198724,macrophage,CL:0000235,1807,6643.0,40.02709619147976,51.82899292488333,63.16423302724673,77.31446635556225,127.0,1.9117868,1041.0,15.67063,0.0,0.0,1807,PRJNA782639,39,24,Lung Cancer,study_consensus,adenoid cystic carcinoma,MONDO:0004971,,False,,True,,MONDO:0004971,31,175006.0
SRX13198724_26,1907,5679.0,2017,5848.9995,2030,5848.9995,SRX13198724,macrophage,CL:0000235,1907,5679.0,31.8013734812467,43.56400774784293,55.907730234196165,71.47385103011094,123.0,2.1658742,647.0,11.392851,0.0,0.0,1907,PRJNA782639,39,26,Lung Cancer,study_consensus,adenoid cystic carcinoma,MONDO:0004971,,False,,True,,MONDO:0004971,13,88487.0
SRX13198724_6,970,1845.0,1034,1907.0,1044,1907.0,SRX13198724,B cell,CL:0000236,970,1845.0,29.647696476964768,41.951219512195124,54.90514905149051,74.52574525745257,34.0,1.8428184,407.0,22.059622,0.0,0.0,970,PRJNA782639,1,6,Lung Cancer,study_consensus,adenoid cystic carcinoma,MONDO:0004971,,False,,True,,MONDO:0004971,31,59996.0
SRX13198724_8,1812,4630.0,1892,4800.0005,1905,4800.0005,SRX13198724,capillary endothelial cell,CL:0002144,1812,4630.0,33.21814254859611,42.26781857451404,53.045356371490286,68.98488120950323,276.0,5.961123,228.0,4.924406,0.0,0.0,1812,PRJNA782639,12,8,Lung Cancer,study_consensus,adenoid cystic carcinoma,MONDO:0004971,,False,,True,,MONDO:0004971,17,98817.0
SRX13198724_9,381,612.0,395,632.0,398,632.0,SRX13198724,plasma cell,CL:0000786,381,612.0,36.76470588235294,53.26797385620915,70.42483660130719,100.0,11.0,1.7973857,107.0,17.48366,0.0,0.0,381,PRJNA782639,39,9,Lung Cancer,study_consensus,adenoid cystic carcinoma,MONDO:0004971,,False,,True,,MONDO:0004971,13,72583.0
SRX13198725_1,1128,2646.0,1217,2765.9998,1235,2766.0,SRX13198725,"CD4-positive, alpha-beta T cell",CL:0000624,1128,2646.0,35.147392290249435,48.94179894179894,60.16628873771731,76.2660619803477,107.0,4.04384,814.0,30.763418,1.0,0.037792895,1128,PRJNA782639,4,1,Lung Cancer,ontology,lung adenocarcinoma,MONDO:0005061,True,False,,True,,MONDO:0005061,46,125269.0
SRX13198725_21,365,585.0,395,627.0,401,626.99994,SRX13198725,plasma cell,CL:0000786,365,585.0,39.48717948717949,54.700854700854705,71.7948717948718,100.0,6.0,1.0256411,205.0,35.042736,0.0,0.0,365,PRJNA782639,5,21,Lung Cancer,ontology,lung adenocarcinoma,MONDO:0005061,True,False,,True,,MONDO:0005061,10,20427.0
SRX13198725_5,1033,1956.0,1076,2050.0,1097,2049.9998,SRX13198725,"CD4-positive, alpha-beta T cell",CL:0000624,1033,1956.0,31.339468302658485,42.38241308793456,54.34560327198364,72.75051124744377,41.0,2.0961144,468.0,23.92638,0.0,0.0,1033,PRJNA782639,4,5,Lung Cancer,ontology,lung adenocarcinoma,MONDO:0005061,True,False,,True,,MONDO:0005061,40,88073.0
SRX13198726_1,1393,3389.0,1448,3524.9998,1466,3524.9998,SRX13198726,"CD4-positive, alpha-beta T cell",CL:0000624,1393,3389.0,35.73325464738861,46.591915019179694,57.1259958689879,73.6500442608439,11.0,0.3245795,1083.0,31.95633,1.0,0.02950723,1393,PRJNA782639,4,1,Lung Cancer,ontology,lung adenocarcinoma,MONDO:0005061,True,False,,True,,MONDO:0005061,83,278466.0
SRX13198726_26,6486,50325.0,6706,51581.99,6877,51581.97,SRX13198726,macrophage,CL:0000235,6486,50325.0,32.856433184302034,43.14555389965226,54.22354694485843,66.68653750620965,1047.0,2.0804768,6829.0,13.569796,0.0,0.0,6486,PRJNA782639,39,26,Lung Cancer,ontology,lung adenocarcinoma,MONDO:0005061,True,False,,True,,MONDO:0005061,11,215991.0
SRX13198726_34,533,1035.0,570,1078.9999,574,1079.0,SRX13198726,neutrophil,CL:0000775,533,1035.0,45.02415458937198,54.8792270531401,67.82608695652173,96.81159420289856,147.0,14.202899,12.0,1.1594204,0.0,0.0,533,PRJNA782639,58,34,Lung Cancer,ontology,lung adenocarcinoma,MONDO:0005061,True,False,,True,,MONDO:0005061,12,10589.0
SRX13198726_5,1020,1797.0,1083,1869.9999,1105,1870.0001,SRX13198726,"CD4-positive, alpha-beta T cell",CL:0000624,1020,1797.0,29.382303839732888,39.62159154145798,51.53032832498609,71.06288258208124,21.0,1.1686144,289.0,16.08236,0.0,0.0,1020,PRJNA782639,4,5,Lung Cancer,ontology,lung adenocarcinoma,MONDO:0005061,True,False,,True,,MONDO:0005061,28,73282.0
SRX13198726_6,2696,10419.0,2846,10817.999,2890,10817.999,SRX13198726,B cell,CL:0000236,2696,10419.0,34.0339763892888,45.67616853824743,57.09761013532969,70.98569920337845,94.0,0.9021979,2403.0,23.063635,1.0,0.00959785,2696,PRJNA782639,40,6,Lung Cancer,ontology,lung adenocarcinoma,MONDO:0005061,True,False,,True,,MONDO:0005061,19,80161.0
SRX13198727_1,2403,5384.0,2510,5614.001,2547,5614.0,SRX13198727,"CD4-positive, alpha-beta T cell",CL:0000624,2403,5384.0,19.167904903417536,27.303120356612183,38.00148588410104,56.64933135215453,131.0,2.4331353,627.0,11.645617,0.0,0.0,2403,PRJNA782639,4,1,Lung Cancer,ontology,lung adenocarcinoma,MONDO:0005061,True,False,,True,,MONDO:0005061,39,158272.0
SRX13198727_36,434,567.0,455,582.0,456,582.0,SRX13198727,endothelial cell of artery,CL:1000413,434,567.0,27.160493827160494,41.09347442680776,58.730158730158735,100.0,12.0,2.1164021,70.0,12.345679,0.0,0.0,434,PRJNA782639,16,36,Lung Cancer,ontology,lung adenocarcinoma,MONDO:0005061,True,False,,True,,MONDO:0005061,28,155458.0
SRX13198727_4,1779,3335.0,1868,3474.0,1895,3473.9998,SRX13198727,"CD8-positive, alpha-beta T cell",CL:0000625,1779,3335.0,21.73913043478261,30.044977511244376,40.569715142428784,60.26986506746626,217.0,6.5067463,247.0,7.4062967,0.0,0.0,1779,PRJNA782639,6,4,Lung Cancer,ontology,lung adenocarcinoma,MONDO:0005061,True,False,,True,,MONDO:0005061,22,88268.0
SRX13198727_6,2056,5108.0,2153,5304.9995,2187,5304.999,SRX13198727,B cell,CL:0000236,2056,5108.0,24.119028974158184,34.94518402505873,47.00469851213782,64.11511354737667,233.0,4.5614724,994.0,19.459671,0.0,0.0,2056,PRJNA782639,1,6,Lung Cancer,ontology,lung adenocarcinoma,MONDO:0005061,True,False,,True,,MONDO:0005061,73,400088.0
SRX13198728_1,1694,3529.0,1783,3653.9995,1813,3653.9993,SRX13198728,"CD4-positive, alpha-beta T cell",CL:0000624,1694,3529.0,22.385945026919806,31.963729101728532,44.545196939642956,64.29583451402664,96.0,2.7203174,417.0,11.816379,1.0,0.028336639,1694,PRJNA782639,4,1,Lung Cancer,ontology,minimally invasive lung adenocarcinoma,MONDO:0004991,True,False,,True,,MONDO:0004991,41,156208.0
SRX13198728_13,1060,2015.0,1111,2071.9998,1125,2072.0,SRX13198728,basophil,CL:0000767,1060,2015.0,28.78411910669975,40.49627791563275,52.655086848635236,72.20843672456576,149.0,7.3945413,374.0,18.560795,0.0,0.0,1060,PRJNA782639,42,13,Lung Cancer,ontology,minimally invasive lung adenocarcinoma,MONDO:0004991,True,False,,True,,MONDO:0004991,15,100384.0
SRX13198728_6,712,1998.0,750,2167.9998,762,2168.0,SRX13198728,B cell,CL:0000236,712,1998.0,44.394394394394396,60.810810810810814,73.42342342342343,89.38938938938938,42.0,2.102102,724.0,36.236237,0.0,0.0,712,PRJNA782639,0,6,Lung Cancer,ontology,minimally invasive lung adenocarcinoma,MONDO:0004991,True,False,,True,,MONDO:0004991,13,56238.0
SRX13198729_0,2993,6203.0,3168,6435.0,3207,6435.002,SRX13198729,B cell,CL:0000236,2993,6203.0,21.74754151217153,29.08270191842657,37.707560857649526,52.361760438497505,163.0,2.6277606,679.0,10.946317,0.0,0.0,2993,PRJNA782639,42,0,Lung Cancer,ontology,lung adenocarcinoma,MONDO:0005061,True,False,,True,,MONDO:0005061,62,225263.0
SRX13198729_1,1287,2747.0,1368,2852.9995,1387,2852.9998,SRX13198729,"CD4-positive, alpha-beta T cell",CL:0000624,1287,2747.0,28.503822351656353,39.679650527848565,52.784856206771025,71.35056425191118,75.0,2.730251,629.0,22.897707,0.0,0.0,1287,PRJNA782639,4,1,Lung Cancer,ontology,lung adenocarcinoma,MONDO:0005061,True,False,,True,,MONDO:0005061,53,173742.0
SRX13198729_13,2124,5635.0,2266,5842.001,2303,5841.999,SRX13198729,basophil,CL:0000767,2124,5635.0,26.26441881100266,37.142857142857146,49.0150842945874,65.53682342502218,189.0,3.3540373,865.0,15.350488,0.0,0.0,2124,PRJNA782639,42,13,Lung Cancer,ontology,lung adenocarcinoma,MONDO:0005061,True,False,,True,,MONDO:0005061,15,63106.0
SRX13198729_5,1117,2092.0,1182,2195.9998,1199,2196.0,SRX13198729,"CD4-positive, alpha-beta T cell",CL:0000624,1117,2092.0,27.62906309751434,37.95411089866157,50.1434034416826,70.50669216061185,107.0,5.1147227,318.0,15.200766,0.0,0.0,1117,PRJNA782639,4,5,Lung Cancer,ontology,lung adenocarcinoma,MONDO:0005061,True,False,,True,,MONDO:0005061,17,52612.0
SRX13198729_6,1838,4501.0,1938,4646.9995,1959,4647.0,SRX13198729,B cell,CL:0000236,1838,4501.0,30.259942235058872,40.10219951121973,51.14419017996001,67.56276383025994,52.0,1.1552988,943.0,20.9509,0.0,0.0,1838,PRJNA782639,1,6,Lung Cancer,ontology,lung adenocarcinoma,MONDO:0005061,True,False,,True,,MONDO:0005061,25,99139.0
SRX13198729_9,1415,2333.0,1493,2416.0,1508,2416.0,SRX13198729,B cell,CL:0000236,1415,2333.0,22.803257608229746,32.4903557651093,43.0775825117874,60.78011144449207,49.0,2.1003,358.0,15.345049,0.0,0.0,1415,PRJNA782639,42,9,Lung Cancer,ontology,lung adenocarcinoma,MONDO:0005061,True,False,,True,,MONDO:0005061,10,87454.0
SRX13198730_1,614,804.0,651,842.0,658,842.0,SRX13198730,"CD4-positive, alpha-beta T cell",CL:0000624,614,804.0,24.62686567164179,36.069651741293534,48.507462686567166,85.82089552238806,25.0,3.1094527,43.0,5.348259,0.0,0.0,614,PRJNA782639,4,1,Lung Cancer,ontology,lung adenocarcinoma in situ,MONDO:0000503,True,False,,True,,MONDO:0000503,22,52333.0
SRX13198730_26,1835,4421.0,1907,4560.0005,1928,4560.0005,SRX13198730,macrophage,CL:0000235,1835,4421.0,27.550327980095002,37.412350147025556,49.35534946844605,66.56864962678128,124.0,2.8047953,586.0,13.25492,0.0,0.0,1835,PRJNA782639,39,26,Lung Cancer,ontology,lung adenocarcinoma in situ,MONDO:0000503,True,False,,True,,MONDO:0000503,20,282094.0
SRX13198730_4,2196,5438.0,2308,5633.0,2335,5633.0005,SRX13198730,"CD8-positive, alpha-beta T cell",CL:0000625,2196,5438.0,27.951452739977935,37.550570062522986,48.142699521883046,63.828613460831185,93.0,1.7101877,768.0,14.122839,0.0,0.0,2196,PRJNA782639,6,4,Lung Cancer,ontology,lung adenocarcinoma in situ,MONDO:0000503,True,False,,True,,MONDO:0000503,12,34460.0
SRX13198730_5,1626,3468.0,1718,3585.0,1744,3584.9998,SRX13198730,"CD4-positive, alpha-beta T cell",CL:0000624,1626,3468.0,28.892733564013838,39.15801614763553,50.05767012687428,67.53171856978085,61.0,1.7589388,497.0,14.331026,0.0,0.0,1626,PRJNA782639,4,5,Lung Cancer,ontology,lung adenocarcinoma in situ,MONDO:0000503,True,False,,True,,MONDO:0000503,11,35309.0
SRX13198730_9,2818,8775.0,2971,9001.999,3007,9002.0,SRX13198730,macrophage,CL:0000235,2818,8775.0,33.61823361823362,41.333333333333336,50.73504273504273,65.04843304843305,250.0,2.8490028,408.0,4.649573,0.0,0.0,2818,PRJNA782639,49,9,Lung Cancer,ontology,lung adenocarcinoma in situ,MONDO:0000503,True,False,,True,,MONDO:0000503,10,170493.0
SRX13198732_1,1201,2189.0,1275,2285.0002,1298,2285.0002,SRX13198732,"CD4-positive, alpha-beta T cell",CL:0000624,1201,2189.0,24.66879853814527,34.536317953403376,47.60164458656921,67.97624486066697,42.0,1.9186844,312.0,14.253083,0.0,0.0,1201,PRJNA782639,4,1,Lung Cancer,ontology,lung adenocarcinoma,MONDO:0005061,True,False,,True,,MONDO:0005061,17,42644.0
SRX13198732_13,2851,7481.0,2988,7749.0005,3043,7749.0005,SRX13198732,basophil,CL:0000767,2851,7481.0,20.732522390054804,28.92661408902553,39.78077797085951,57.54578264937843,153.0,2.0451813,766.0,10.239272,0.0,0.0,2851,PRJNA782639,42,13,Lung Cancer,ontology,lung adenocarcinoma,MONDO:0005061,True,False,,True,,MONDO:0005061,38,180842.0
SRX13198732_24,2457,8023.0,2601,8235.0,2634,8235.002,SRX13198732,intermediate monocyte,CL:0002393,2457,8023.0,31.123021313723047,40.88246291910757,52.27471020815157,68.39087623083635,160.0,1.9942665,1080.0,13.461299,0.0,0.0,2457,PRJNA782639,39,24,Lung Cancer,ontology,lung adenocarcinoma,MONDO:0005061,True,False,,True,,MONDO:0005061,16,147831.0
SRX13198732_4,1535,2948.0,1631,3042.9998,1648,3042.9998,SRX13198732,natural killer cell,CL:0000623,1535,2948.0,26.322930800542743,35.44776119402985,46.70963364993216,64.89145183175033,72.0,2.442334,381.0,12.924017,0.0,0.0,1535,PRJNA782639,6,4,Lung Cancer,ontology,lung adenocarcinoma,MONDO:0005061,True,False,,True,,MONDO:0005061,16,44568.0
SRX13198732_5,1191,2135.0,1266,2223.9998,1282,2223.9995,SRX13198732,"CD4-positive, alpha-beta T cell",CL:0000624,1191,2135.0,26.088992974238877,37.00234192037471,48.758782201405154,67.63466042154566,51.0,2.3887587,380.0,17.798595,0.0,0.0,1191,PRJNA782639,4,5,Lung Cancer,ontology,lung adenocarcinoma,MONDO:0005061,True,False,,True,,MONDO:0005061,24,56184.0
SRX13198732_9,3736,15406.0,3893,15895.998,3975,15895.995,SRX13198732,macrophage,CL:0000235,3736,15406.0,27.333506426067768,36.29754641048942,47.51395560171362,63.780345320005196,313.0,2.0316758,1683.0,10.924315,0.0,0.0,3736,PRJNA782639,39,9,Lung Cancer,ontology,lung adenocarcinoma,MONDO:0005061,True,False,,True,,MONDO:0005061,10,137054.0
SRX13426726_44,7719,43067.0,8040,46064.004,8392,46064.004,SRX13426726,lung multiciliated epithelial cell,CL:1000271,7719,43067.0,24.930921587294215,30.561682959110225,37.908375322172425,50.59326166206144,4960.0,11.516938,1868.0,4.3374276,0.0,0.0,7719,PRJNA789499,9,44,Other,missing_ontology,,,False,True,healthy,True,,,12,341665.0
SRX13426727_20,11162,159806.0,11487,165729.02,12106,165728.98,SRX13426727,respiratory tract goblet cell,CL:0002370,11162,159806.0,29.27487078082175,35.72206300138919,43.027170444163545,53.32090159318174,17827.0,11.155401,15102.0,9.450209,0.0,0.0,11162,PRJNA789499,62,20,Other,missing_ontology,,,False,True,healthy,True,,,12,529377.0
SRX13789893_17,5903,25366.0,6201,26562.012,6405,26562.01,SRX13789893,basal cell,CL:0000646,5903,25366.0,23.2318852006623,33.03240558227549,42.87234881337223,55.59804462666561,1788.0,7.0488057,4040.0,15.92683,0.0,0.0,5903,PRJNA797244,61,17,Other,missing_ontology,,,False,True,healthy,True,,,38,1124712.0
SRX13789893_21,4279,19514.0,4516,20530.0,4657,20530.004,SRX13789893,basal cell,CL:0000646,4279,19514.0,32.59198524136517,44.87547401865327,55.180895767141536,67.10054319975403,1593.0,8.16337,4027.0,20.636467,0.0,0.0,4279,PRJNA797244,61,21,Other,missing_ontology,,,False,True,healthy,True,,,17,261292.0
SRX13789893_23,6364,30383.0,6648,31946.994,6883,31947.004,SRX13789893,basal cell,CL:0000646,6364,30383.0,21.02162393443702,31.158871737484777,41.427772109403286,54.62265082447422,440.0,1.4481783,5165.0,16.999638,0.0,0.0,6364,PRJNA797244,61,23,Other,missing_ontology,,,False,True,healthy,True,,,47,1296836.0
SRX13789893_31,4933,22938.0,5209,23952.998,5378,23953.01,SRX13789893,basal cell,CL:0000646,4933,22938.0,30.939925015258524,41.69936350161304,52.375970006103415,64.83564390966954,1850.0,8.065219,3677.0,16.030169,0.0,0.0,4933,PRJNA797244,61,31,Other,missing_ontology,,,False,True,healthy,True,,,75,1802050.0
SRX13789893_52,5371,20459.0,5622,21469.998,5804,21469.992,SRX13789893,basal cell,CL:0000646,5371,20459.0,25.66596607849846,35.57847402121316,44.50364142919987,56.23930788406081,1309.0,6.3981624,3601.0,17.601057,0.0,0.0,5371,PRJNA797244,61,52,Other,missing_ontology,,,False,True,healthy,True,,,10,249783.0
SRX13789894_17,7061,37254.0,7371,39030.996,7659,39030.97,SRX13789894,basal cell,CL:0000646,7061,37254.0,24.311483330649057,34.26209266119075,43.18730874536962,54.563268373865895,3180.0,8.535996,6071.0,16.296236,0.0,0.0,7061,PRJNA797244,61,17,Other,missing_ontology,,,False,True,healthy,True,,,40,1286136.0
SRX13789894_21,6624,35592.0,6882,37268.004,7185,37267.996,SRX13789894,basal cell,CL:0000646,6624,35592.0,25.339964036862217,35.17644414475163,45.20959766239604,57.21791413800854,2161.0,6.071589,5780.0,16.239605,0.0,0.0,6624,PRJNA797244,61,21,Other,missing_ontology,,,False,True,healthy,True,,,25,534314.0
SRX13789894_23,5216,21010.0,5526,21939.002,5716,21939.006,SRX13789894,respiratory tract goblet cell,CL:0002370,5216,21010.0,25.911470728224657,34.75487862922418,44.52165635411709,57.315564017134704,1586.0,7.548786,2431.0,11.570681,0.0,0.0,5216,PRJNA797244,61,23,Other,missing_ontology,,,False,True,healthy,True,,,47,1222669.0
SRX13789894_31,5453,25719.0,5702,26947.012,5931,26947.012,SRX13789894,basal cell,CL:0000646,5453,25719.0,25.486994051090633,36.89879077724639,47.40075430615499,60.16563630001166,1067.0,4.1486835,4758.0,18.499943,0.0,0.0,5453,PRJNA797244,61,31,Other,missing_ontology,,,False,True,healthy,True,,,74,1942395.0
SRX13789894_52,2725,8026.0,2922,8287.004,3024,8287.005,SRX13789894,basal cell,CL:0000646,2725,8026.0,34.92399700971841,41.50261649638674,49.7757288811363,63.9172688761525,1008.0,12.559183,245.0,3.0525792,0.0,0.0,2725,PRJNA797244,61,52,Other,missing_ontology,,,False,True,healthy,True,,,10,205659.0
SRX14098301_26,471,678.0,509,716.00006,516,716.0,SRX14098301,plasma cell,CL:0000786,471,678.0,31.710914454277283,45.28023598820059,60.02949852507374,100.0,22.0,3.2448378,63.0,9.292035,0.0,0.0,471,PRJNA804479,39,26,COPD,ontology,chronic obstructive pulmonary disease,MONDO:0005002,True,False,,True,,MONDO:0005002,30,127103.0
SRX14098301_9,388,530.0,418,561.0,423,561.0,SRX14098301,plasma cell,CL:0000786,388,530.0,32.45283018867924,45.660377358490564,64.52830188679245,100.0,18.0,3.3962264,44.0,8.301887,0.0,0.0,388,PRJNA804479,39,9,COPD,ontology,chronic obstructive pulmonary disease,MONDO:0005002,True,False,,True,,MONDO:0005002,109,167596.0
SRX14098302_26,1196,2280.0,1253,2391.9998,1275,2392.0005,SRX14098302,B cell,CL:0000236,1196,2280.0,30.394736842105264,39.56140350877193,50.6140350877193,69.47368421052632,9.0,0.39473683,260.0,11.403508,0.0,0.0,1196,PRJNA804479,39,26,COPD,ontology,chronic obstructive pulmonary disease,MONDO:0005002,True,False,,True,,MONDO:0005002,18,52269.0
SRX14098302_34,687,977.0,744,1181.9995,749,1181.9999,SRX14098302,B cell,CL:0000236,687,977.0,27.840327533265096,38.07574206755373,50.15353121801432,80.85977482088025,56.0,5.731832,63.0,6.4483113,1.0,0.10235415,687,PRJNA804479,39,34,COPD,ontology,chronic obstructive pulmonary disease,MONDO:0005002,True,False,,True,,MONDO:0005002,19,45375.0
SRX14098302_9,432,544.0,457,734.99976,460,735.00006,SRX14098302,plasma cell,CL:0000786,432,544.0,28.125,38.970588235294116,57.35294117647059,100.0,17.0,3.125,38.0,6.985294,0.0,0.0,432,PRJNA804479,39,9,COPD,ontology,chronic obstructive pulmonary disease,MONDO:0005002,True,False,,True,,MONDO:0005002,10,22000.0
SRX14098303_0,535,725.0,572,774.0,578,774.0,SRX14098303,"CD4-positive, alpha-beta T cell",CL:0000624,535,725.0,29.24137931034483,40.0,53.79310344827586,95.17241379310344,20.0,2.7586207,66.0,9.103448,0.0,0.0,535,PRJNA804479,41,0,COPD,ontology,chronic obstructive pulmonary disease,MONDO:0005002,True,False,,True,,MONDO:0005002,18,42898.0
SRX14098303_13,534,774.0,581,860.99994,585,860.9999,SRX14098303,plasma cell,CL:0000786,534,774.0,31.3953488372093,43.927648578811365,56.84754521963824,95.60723514211887,23.0,2.9715762,80.0,10.335917,0.0,0.0,534,PRJNA804479,41,13,COPD,ontology,chronic obstructive pulmonary disease,MONDO:0005002,True,False,,True,,MONDO:0005002,16,15830.0
SRX14098303_21,379,533.0,417,576.99994,417,576.99994,SRX14098303,plasma cell,CL:0000786,379,533.0,35.834896810506564,47.65478424015009,66.41651031894934,100.0,23.0,4.315197,55.0,10.318949,0.0,0.0,379,PRJNA804479,41,21,COPD,ontology,chronic obstructive pulmonary disease,MONDO:0005002,True,False,,True,,MONDO:0005002,22,14021.0
SRX14098303_34,501,647.0,544,690.0001,549,690.0,SRX14098303,plasma cell,CL:0000786,501,647.0,25.811437403400312,38.02163833075734,53.47758887171561,99.84544049459042,25.0,3.8639877,65.0,10.046368,0.0,0.0,501,PRJNA804479,41,34,COPD,ontology,chronic obstructive pulmonary disease,MONDO:0005002,True,False,,True,,MONDO:0005002,26,51673.0
SRX14098303_8,2850,9254.0,3014,10241.998,3061,10242.0,SRX14098303,pulmonary alveolar type 2 cell,CL:0002063,2850,9254.0,44.186297817160145,51.5020531661984,59.30408472012103,70.04538577912254,392.0,4.236006,955.0,10.319861,0.0,0.0,2850,PRJNA804479,26,8,COPD,ontology,chronic obstructive pulmonary disease,MONDO:0005002,True,False,,True,,MONDO:0005002,11,60720.0
SRX14098303_9,452,609.0,499,695.0,506,694.9999,SRX14098303,plasma cell,CL:0000786,452,609.0,30.049261083743843,42.20032840722496,58.620689655172406,100.0,20.0,3.2840722,60.0,9.852217,0.0,0.0,452,PRJNA804479,41,9,COPD,ontology,chronic obstructive pulmonary disease,MONDO:0005002,True,False,,True,,MONDO:0005002,43,97077.0
SRX14098305_36,370,514.0,387,572.0,388,572.0,SRX14098305,capillary endothelial cell,CL:0002144,370,514.0,35.019455252918284,47.47081712062256,66.9260700389105,100.0,1.0,0.19455253,41.0,7.9766536,0.0,0.0,370,PRJNA804479,16,36,COPD,ontology,chronic obstructive pulmonary disease,MONDO:0005002,True,False,,True,,MONDO:0005002,10,17820.0
SRX14098306_36,1578,2807.0,1656,2945.9993,1667,2945.999,SRX14098306,capillary endothelial cell,CL:0002144,1578,2807.0,24.118275739223368,32.2764517278233,42.92839330245814,61.59600997506235,197.0,7.018169,129.0,4.5956535,0.0,0.0,1578,PRJNA804479,16,36,COPD,ontology,chronic obstructive pulmonary disease,MONDO:0005002,True,False,,True,,MONDO:0005002,45,109546.0
SRX14098306_4,1958,4516.0,2015,4785.0,2029,4785.0,SRX14098306,"CD8-positive, alpha-beta T cell",CL:0000625,1958,4516.0,29.362267493356953,40.50044286979628,51.195748449955715,66.20903454384411,311.0,6.8866253,871.0,19.28698,0.0,0.0,1958,PRJNA804479,6,4,COPD,ontology,chronic obstructive pulmonary disease,MONDO:0005002,True,False,,True,,MONDO:0005002,11,50137.0
SRX14098306_60,1189,1905.0,1260,2019.9998,1267,2019.9998,SRX14098306,pericyte,CL:0000669,1189,1905.0,26.14173228346457,34.69816272965879,45.40682414698163,63.832020997375324,138.0,7.2440944,111.0,5.8267717,0.0,0.0,1189,PRJNA804479,59,60,COPD,ontology,chronic obstructive pulmonary disease,MONDO:0005002,True,False,,True,,MONDO:0005002,15,41674.0
SRX14589431_1,2832,8404.0,2990,8767.0,3069,8767.0,SRX14589431,basal cell,CL:0000646,2832,8404.0,24.809614469300335,36.70871013802951,47.85816277962875,63.01761066158972,252.0,2.998572,1807.0,21.501667,0.0,0.0,2832,PRJNA819093,3,1,COVID-19 / SARS-CoV-2,ontology,COVID-19,MONDO:0100096,True,False,,True,,MONDO:0100096,21,79074.0
SRX14589433_1,2335,4791.0,2507,5205.0,2575,5204.9995,SRX14589433,"CD4-positive, alpha-beta T cell",CL:0000624,2335,4791.0,19.954080567731165,26.67501565435191,36.02588186182425,54.03882279273638,423.0,8.829054,72.0,1.5028177,0.0,0.0,2335,PRJNA819093,4,1,COVID-19 / SARS-CoV-2,ontology,COVID-19,MONDO:0100096,True,False,,True,,MONDO:0100096,34,130998.0
SRX14589433_34,2005,3969.0,2125,4104.0,2165,4103.999,SRX14589433,B cell,CL:0000236,2005,3969.0,21.214411690602166,28.647014361300077,39.15343915343915,57.29402872260015,173.0,4.3587804,74.0,1.8644495,0.0,0.0,2005,PRJNA819093,43,34,COVID-19 / SARS-CoV-2,ontology,COVID-19,MONDO:0100096,True,False,,True,,MONDO:0100096,12,78155.0
SRX14767848_20,5093,21185.0,5375,22057.0,5586,22056.996,SRX14767848,respiratory tract goblet cell,CL:0002370,5093,21185.0,34.95397687042719,41.302808590984185,49.3131932971442,61.20368185036582,1690.0,7.9773426,1646.0,7.769648,0.0,0.0,5093,PRJNA667491,60,20,Cystic Fibrosis,ontology,cystic fibrosis,MONDO:0009061,True,False,,True,,MONDO:0009061,32,1019043.0
SRX14767848_31,1560,3012.0,1671,3168.9993,1703,3168.9993,SRX14767848,basal cell,CL:0000646,1560,3012.0,27.490039840637447,37.84860557768924,48.40637450199203,64.8074369189907,255.0,8.466136,569.0,18.891102,0.0,0.0,1560,PRJNA667491,60,31,Cystic Fibrosis,ontology,cystic fibrosis,MONDO:0009061,True,False,,True,,MONDO:0009061,25,196816.0
SRX14767848_44,7863,40220.0,8209,41764.992,8571,41764.977,SRX14767848,lung multiciliated epithelial cell,CL:1000271,7863,40220.0,20.144206862257583,25.9050223769269,33.6723023371457,47.18299353555445,3327.0,8.272004,2438.0,6.061661,1.0,0.002486325,7863,PRJNA667491,9,44,Cystic Fibrosis,ontology,cystic fibrosis,MONDO:0009061,True,False,,True,,MONDO:0009061,14,255276.0
SRX14767849_31,3817,11060.0,4018,11534.999,4116,11535.001,SRX14767849,basal cell,CL:0000646,3817,11060.0,30.78661844484629,38.68896925858951,47.32368896925859,59.511754068716094,1711.0,15.470162,1439.0,13.010851,0.0,0.0,3817,PRJNA667491,60,31,Cystic Fibrosis,study_consensus,,,,False,,True,,,11,204442.0
SRX14767850_31,3605,10894.0,3808,11324.0,3921,11323.997,SRX14767850,basal cell,CL:0000646,3605,10894.0,29.98898476225445,37.67211308977419,46.401689003120985,60.17073618505599,1656.0,15.201028,1055.0,9.68423,0.0,0.0,3605,PRJNA667491,60,31,Cystic Fibrosis,study_consensus,,,,False,,True,,,11,136183.0
SRX14767852_20,6495,33495.0,6817,34691.004,7086,34691.01,SRX14767852,respiratory tract goblet cell,CL:0002370,6495,33495.0,38.12807881773399,43.8572921331542,50.62845200776235,61.12852664576802,4849.0,14.476788,2610.0,7.7922077,0.0,0.0,6495,PRJNA667491,60,20,Cystic Fibrosis,ontology,cystic fibrosis,MONDO:0009061,True,False,,True,,MONDO:0009061,17,488874.0
SRX14767852_31,3112,9257.0,3331,9825.001,3438,9825.001,SRX14767852,basal cell,CL:0000646,3112,9257.0,35.06535594685103,44.604083396348706,53.76471859133629,65.70163119801231,1378.0,14.886032,1532.0,16.549639,0.0,0.0,3112,PRJNA667491,60,31,Cystic Fibrosis,ontology,cystic fibrosis,MONDO:0009061,True,False,,True,,MONDO:0009061,16,173993.0
SRX14767852_43,10058,88164.0,10419,91618.05,10983,91618.01,SRX14767852,respiratory tract goblet cell,CL:0002370,10058,88164.0,31.84973458554512,38.38414772469489,45.502699514541085,55.93552924096002,10875.0,12.334967,9231.0,10.47026,0.0,0.0,10058,PRJNA667491,9,43,Cystic Fibrosis,ontology,cystic fibrosis,MONDO:0009061,True,False,,True,,MONDO:0009061,10,443448.0
SRX14767853_20,4373,15711.0,4600,16206.999,4788,16206.994,SRX14767853,respiratory tract goblet cell,CL:0002370,4373,15711.0,30.908280822353767,36.7385907962574,44.89847877283432,58.818662083890274,1784.0,11.355102,897.0,5.7093754,0.0,0.0,4373,PRJNA667491,60,20,Cystic Fibrosis,ontology,cystic fibrosis,MONDO:0009061,True,False,,True,,MONDO:0009061,28,440115.0
SRX14767853_43,7702,35537.0,8063,36925.008,8400,36925.035,SRX14767853,respiratory tract goblet cell,CL:0002370,7702,35537.0,24.17761769423418,29.588879196330588,36.45214846498016,48.55221318625658,3480.0,9.79261,2450.0,6.8942227,1.0,0.0028139686,7702,PRJNA667491,9,43,Cystic Fibrosis,ontology,cystic fibrosis,MONDO:0009061,True,False,,True,,MONDO:0009061,12,211881.0
SRX14767853_44,6531,24798.0,6852,25740.994,7117,25741.012,SRX14767853,respiratory tract goblet cell,CL:0002370,6531,24798.0,22.142914751189615,27.187676425518188,34.13581740462941,46.69731429954029,2462.0,9.92822,1354.0,5.460118,0.0,0.0,6531,PRJNA667491,9,44,Cystic Fibrosis,ontology,cystic fibrosis,MONDO:0009061,True,False,,True,,MONDO:0009061,12,194942.0
SRX14767855_20,3280,9195.0,3469,9603.0,3554,9602.999,SRX14767855,basal cell,CL:0000646,3280,9195.0,32.25666122892877,40.609026644915716,48.743882544861336,61.08754758020664,1330.0,14.464383,1379.0,14.997281,0.0,0.0,3280,PRJNA667491,60,20,Cystic Fibrosis,ontology,cystic fibrosis,MONDO:0009061,True,False,,True,,MONDO:0009061,14,161320.0
SRX14767855_31,3731,11609.0,3941,12173.001,4046,12173.002,SRX14767855,basal cell,CL:0000646,3731,11609.0,31.363597209061933,40.91653027823241,49.58222069084331,61.883021793436136,1769.0,15.238178,1932.0,16.642262,0.0,0.0,3731,PRJNA667491,60,31,Cystic Fibrosis,ontology,cystic fibrosis,MONDO:0009061,True,False,,True,,MONDO:0009061,11,123246.0
SRX14767855_45,6912,41726.0,7248,42941.01,7560,42941.008,SRX14767855,respiratory tract goblet cell,CL:0002370,6912,41726.0,39.94871303264152,45.506398887983515,52.23601591333941,62.21540526290562,3496.0,8.378469,2818.0,6.7535834,0.0,0.0,6912,PRJNA667491,60,45,Cystic Fibrosis,ontology,cystic fibrosis,MONDO:0009061,True,False,,True,,MONDO:0009061,18,549548.0
SRX14891756_1,1817,3902.0,1918,4305.9995,1948,4306.0,SRX14891756,"CD4-positive, alpha-beta T cell",CL:0000624,1817,3902.0,27.319323423885187,36.98103536647873,47.23218862121989,64.30035879036392,69.0,1.768324,847.0,21.706816,0.0,0.0,1817,PRJNA827791,4,1,Lung Cancer,ontology,lung cancer,MONDO:0008903,True,False,,True,,MONDO:0008903,13,74901.0
SRX14891756_13,478,623.0,496,644.0,503,644.0,SRX14891756,plasma cell,CL:0000786,478,623.0,26.324237560192614,39.325842696629216,55.37720706260032,100.0,28.0,4.494382,105.0,16.853933,0.0,0.0,478,PRJNA827791,42,13,Lung Cancer,ontology,lung cancer,MONDO:0008903,True,False,,True,,MONDO:0008903,44,232934.0
SRX14891756_8,5382,25900.0,5632,26944.004,5746,26943.998,SRX14891756,pulmonary alveolar type 2 cell,CL:0002063,5382,25900.0,35.83011583011583,45.48648648648649,54.26254826254826,64.61776061776062,826.0,3.1891894,4760.0,18.378378,0.0,0.0,5382,PRJNA827791,26,8,Lung Cancer,ontology,lung cancer,MONDO:0008903,True,False,,True,,MONDO:0008903,25,392850.0
SRX14891758_1,4351,14901.0,4513,15761.995,4601,15761.997,SRX14891758,"CD8-positive, alpha-beta T cell",CL:0000625,4351,14901.0,25.280182538084695,35.339910073149454,45.03053486343199,57.76793503791692,396.0,2.6575398,2556.0,17.153212,0.0,0.0,4351,PRJNA827791,4,1,Lung Cancer,study_consensus,,,,False,,True,,,54,396201.0
SRX14891758_26,493,663.0,530,1388.0,536,1388.0001,SRX14891758,macrophage,CL:0000235,493,663.0,26.69683257918552,40.723981900452486,55.80693815987934,100.0,7.0,1.055807,57.0,8.597285,0.0,0.0,493,PRJNA827791,39,26,Lung Cancer,study_consensus,,,,False,,True,,,20,387263.0
SRX14891758_5,3774,10058.0,3934,10642.0,4020,10642.001,SRX14891758,"CD8-positive, alpha-beta T cell",CL:0000625,3774,10058.0,20.093457943925234,27.749055478226285,36.74686816464506,51.61065818254126,145.0,1.4416385,1294.0,12.865381,0.0,0.0,3774,PRJNA827791,4,5,Lung Cancer,study_consensus,,,,False,,True,,,14,116162.0
SRX14891758_6,1157,1848.0,1239,1977.0,1255,1976.9998,SRX14891758,B cell,CL:0000236,1157,1848.0,22.78138528138528,31.439393939393938,42.96536796536797,64.44805194805194,150.0,8.116883,54.0,2.922078,0.0,0.0,1157,PRJNA827791,1,6,Lung Cancer,study_consensus,,,,False,,True,,,12,93787.0
SRX14891759_1,1967,3950.0,2065,4293.0,2102,4292.999,SRX14891759,"CD4-positive, alpha-beta T cell",CL:0000624,1967,3950.0,24.151898734177216,33.265822784810126,43.088607594936704,60.07594936708861,243.0,6.1518984,603.0,15.265822,0.0,0.0,1967,PRJNA827791,4,1,Lung Cancer,ontology,lung cancer,MONDO:0008903,True,False,,True,,MONDO:0008903,18,73588.0
SRX14891759_4,3346,8690.0,3510,9386.997,3583,9387.001,SRX14891759,"CD8-positive, alpha-beta T cell",CL:0000625,3346,8690.0,22.83084004602992,29.459148446490218,38.12428078250863,53.567318757192176,85.0,0.97813576,828.0,9.528193,0.0,0.0,3346,PRJNA827791,6,4,Lung Cancer,ontology,lung cancer,MONDO:0008903,True,False,,True,,MONDO:0008903,23,153196.0
SRX14891759_5,2744,6269.0,2888,6673.0,2940,6673.0024,SRX14891759,"CD4-positive, alpha-beta T cell",CL:0000624,2744,6269.0,21.215504865209763,27.803477428617,36.68846706013718,53.51730738554793,10.0,0.15951508,828.0,13.207849,0.0,0.0,2744,PRJNA827791,4,5,Lung Cancer,ontology,lung cancer,MONDO:0008903,True,False,,True,,MONDO:0008903,16,77059.0
SRX14891759_8,5420,30332.0,5616,32312.002,5775,32312.002,SRX14891759,pulmonary alveolar type 2 cell,CL:0002063,5420,30332.0,30.614532506923382,38.02914413820388,47.425161545562446,61.743373335091654,1168.0,3.8507185,2265.0,7.4673615,0.0,0.0,5420,PRJNA827791,26,8,Lung Cancer,ontology,lung cancer,MONDO:0008903,True,False,,True,,MONDO:0008903,24,606319.0
SRX14891760_1,2059,4434.0,2146,4669.0,2166,4668.9995,SRX14891760,"CD4-positive, alpha-beta T cell",CL:0000624,2059,4434.0,28.822733423545333,38.22733423545331,47.31619305367614,62.35904375281912,99.0,2.232747,922.0,20.793865,1.0,0.022552999,2059,PRJNA827791,4,1,Lung Cancer,ontology,lung cancer,MONDO:0008903,True,False,,True,,MONDO:0008903,34,262351.0
SRX14891760_20,7570,38271.0,7835,39464.01,8074,39463.992,SRX14891760,respiratory tract goblet cell,CL:0002370,7570,38271.0,29.646468605471505,34.161636748451826,40.21321627341852,51.286875179639935,2943.0,7.6898956,729.0,1.9048365,21.0,0.05487183,7570,PRJNA827791,12,20,Lung Cancer,ontology,lung cancer,MONDO:0008903,True,False,,True,,MONDO:0008903,12,602245.0
SRX14891760_5,2588,6805.0,2705,7077.0,2756,7077.0005,SRX14891760,"CD4-positive, alpha-beta T cell",CL:0000624,2588,6805.0,27.83247612049963,39.059515062454075,49.58119030124909,63.42395297575312,124.0,1.8221896,1532.0,22.512857,4.0,0.05878031,2588,PRJNA827791,4,5,Lung Cancer,ontology,lung cancer,MONDO:0008903,True,False,,True,,MONDO:0008903,10,76532.0
SRX14891761_4,4592,15537.0,4803,16069.001,4890,16069.0,SRX14891761,"CD8-positive, alpha-beta T cell",CL:0000625,4592,15537.0,21.19456780588273,29.99292012615048,39.97554225397438,54.10954495719894,532.0,3.4240847,2229.0,14.346398,8.0,0.05148999,4592,PRJNA827791,4,4,Lung Cancer,ontology,lung cancer,MONDO:0008903,True,False,,True,,MONDO:0008903,29,204208.0
SRX14891761_9,8342,83189.0,8608,85242.99,8843,85243.01,SRX14891761,macrophage,CL:0000235,8342,83189.0,29.01825962567166,37.163567298561105,46.902835711452234,60.021156643306206,4774.0,5.7387395,6971.0,8.379713,57.0,0.068518676,8342,PRJNA827791,49,9,Lung Cancer,ontology,lung cancer,MONDO:0008903,True,False,,True,,MONDO:0008903,20,955349.0
SRX14891762_0,488,629.0,516,655.0,520,655.0,SRX14891762,plasma cell,CL:0000786,488,629.0,27.344992050874406,38.3147853736089,54.213036565977745,100.0,24.0,3.8155801,56.0,8.903021,8.0,1.2718601,488,PRJNA827791,42,0,Lung Cancer,ontology,lung cancer,MONDO:0008903,True,False,,True,,MONDO:0008903,19,70690.0
SRX14891762_1,2777,8390.0,2891,8700.001,2944,8700.002,SRX14891762,"CD4-positive, alpha-beta T cell",CL:0000624,2777,8390.0,29.642431466030988,41.99046483909416,52.25268176400477,65.51847437425506,248.0,2.9559,2089.0,24.89869,7.0,0.08343265,2777,PRJNA827791,4,1,Lung Cancer,ontology,lung cancer,MONDO:0008903,True,False,,True,,MONDO:0008903,35,272239.0
SRX14891762_20,6191,34020.0,6457,35115.0,6627,35115.0,SRX14891762,pulmonary alveolar type 2 cell,CL:0002063,6191,34020.0,32.131099353321574,40.74955908289242,50.293944738389186,62.13403880070547,1291.0,3.7948265,4537.0,13.336272,24.0,0.07054674,6191,PRJNA827791,12,20,Lung Cancer,ontology,lung cancer,MONDO:0008903,True,False,,True,,MONDO:0008903,12,384850.0
SRX14891763_1,2246,5010.0,2350,5227.0,2386,5227.0,SRX14891763,B cell,CL:0000236,2246,5010.0,26.86626746506986,35.18962075848303,44.830339321357286,60.27944111776448,270.0,5.389221,596.0,11.896208,0.0,0.0,2246,PRJNA827791,4,1,Lung Cancer,ontology,lung cancer,MONDO:0008903,True,False,,True,,MONDO:0008903,11,72456.0
SRX14891763_4,3461,9314.0,3636,9717.999,3698,9718.0,SRX14891763,natural killer cell,CL:0000623,3461,9314.0,20.764440627013098,29.289242001288386,38.91990551857419,54.48786772600387,312.0,3.3497958,1364.0,14.644621,12.0,0.1288383,3461,PRJNA827791,6,4,Lung Cancer,ontology,lung cancer,MONDO:0008903,True,False,,True,,MONDO:0008903,13,92929.0
SRX14891763_9,6289,36068.0,6532,37233.0,6676,37233.004,SRX14891763,macrophage,CL:0000235,6289,36068.0,27.234667849617388,35.35266718420761,45.23954752134857,58.808361982921156,2463.0,6.828768,3192.0,8.84995,25.0,0.06931352,6289,PRJNA827791,49,9,Lung Cancer,ontology,lung cancer,MONDO:0008903,True,False,,True,,MONDO:0008903,41,798691.0
SRX14891764_1,3284,9119.0,3423,9454.0,3474,9453.999,SRX14891764,"CD4-positive, alpha-beta T cell",CL:0000624,3284,9119.0,18.90558175238513,26.724421537449285,37.13126439302555,53.997148810176554,165.0,1.8094089,963.0,10.560369,0.0,0.0,3284,PRJNA827791,4,1,Lung Cancer,ontology,lung cancer,MONDO:0008903,True,False,,True,,MONDO:0008903,39,314818.0
SRX14891764_20,4128,12798.0,4323,13102.999,4424,13102.999,SRX14891764,macrophage,CL:0000235,4128,12798.0,36.669792155024226,40.99077980934521,47.101109548366935,58.08720112517582,1617.0,12.634787,105.0,0.8204407,0.0,0.0,4128,PRJNA827791,12,20,Lung Cancer,ontology,lung cancer,MONDO:0008903,True,False,,True,,MONDO:0008903,19,675540.0
SRX14891764_5,2245,5477.0,2357,5650.9995,2387,5651.0,SRX14891764,"CD4-positive, alpha-beta T cell",CL:0000624,2245,5477.0,29.614752601789302,39.109001278071936,48.7858316596677,63.301077232061346,353.0,6.4451346,839.0,15.318605,1.0,0.01825817,2245,PRJNA827791,4,5,Lung Cancer,ontology,lung cancer,MONDO:0008903,True,False,,True,,MONDO:0008903,11,78340.0
SRX14891765_1,3766,12849.0,3944,13296.001,4028,13295.999,SRX14891765,"CD4-positive, alpha-beta T cell",CL:0000624,3766,12849.0,19.075414429138455,28.017744571561987,39.24819052066309,56.019923729473106,304.0,2.365943,1498.0,11.658495,0.0,0.0,3766,PRJNA827791,4,1,Lung Cancer,ontology,lung cancer,MONDO:0008903,True,False,,True,,MONDO:0008903,20,170025.0
SRX14891767_1,3163,9523.0,3292,9845.0,3365,9845.004,SRX14891767,"CD4-positive, alpha-beta T cell",CL:0000624,3163,9523.0,25.48566628163394,33.319332143232174,43.116664916517905,59.330043053659566,363.0,3.8118238,625.0,6.563058,1.0,0.010500893,3163,PRJNA827791,4,1,Lung Cancer,ontology,lung cancer,MONDO:0008903,True,False,,True,,MONDO:0008903,52,469559.0
SRX14891767_5,1756,3483.0,1850,3612.0,1877,3612.0,SRX14891767,"CD8-positive, alpha-beta T cell",CL:0000625,1756,3483.0,25.064599483204137,33.62044214757393,44.04249210450761,62.61843238587424,123.0,3.5314386,459.0,13.178295,0.0,0.0,1756,PRJNA827791,4,5,Lung Cancer,ontology,lung cancer,MONDO:0008903,True,False,,True,,MONDO:0008903,12,101035.0
SRX14891768_1,4094,13341.0,4274,13838.002,4374,13837.998,SRX14891768,"CD4-positive, alpha-beta T cell",CL:0000624,4094,13341.0,22.951802713439772,32.1415186267896,42.44059665692227,57.04220073457762,247.0,1.8514354,1975.0,14.8039875,1.0,0.00749569,4094,PRJNA827791,4,1,Lung Cancer,study_consensus,,,,False,,True,,,51,492790.0
SRX14891768_21,945,1302.0,988,1347.0,997,1346.9999,SRX14891768,"CD4-positive, alpha-beta T cell",CL:0000624,945,1302.0,21.121351766513058,30.107526881720432,42.78033794162827,65.82181259600614,36.0,2.764977,148.0,11.367127,0.0,0.0,945,PRJNA827791,42,21,Lung Cancer,study_consensus,,,,False,,True,,,20,19997.0
SRX14891768_24,6514,40116.0,6724,41297.004,6893,41297.004,SRX14891768,basal cell,CL:0000646,6514,40116.0,26.208993917638846,36.55150064812045,48.26503140891415,61.83816930900389,2145.0,5.346994,5737.0,14.301027,0.0,0.0,6514,PRJNA827791,39,24,Lung Cancer,study_consensus,,,,False,,True,,,10,421094.0
SRX14891768_5,5164,20459.0,5350,21165.002,5480,21165.004,SRX14891768,"CD8-positive, alpha-beta T cell",CL:0000625,5164,20459.0,20.43110611466836,29.625103866269125,38.975511999608976,53.05733418055624,343.0,1.6765239,3454.0,16.882545,0.0,0.0,5164,PRJNA827791,4,5,Lung Cancer,study_consensus,,,,False,,True,,,16,153740.0
SRX14891769_1,3220,8988.0,3381,9299.999,3431,9299.999,SRX14891769,"CD8-positive, alpha-beta T cell",CL:0000625,3220,8988.0,26.14597240765465,36.18157543391188,45.50511793502447,58.67823765020027,430.0,4.784157,1796.0,19.982199,0.0,0.0,3220,PRJNA827791,4,1,Lung Cancer,ontology,lung cancer,MONDO:0008903,True,False,,True,,MONDO:0008903,12,76171.0
SRX14891769_34,538,741.0,582,774.0,583,774.0,SRX14891769,"CD4-positive, alpha-beta T cell",CL:0000624,538,741.0,31.44399460188934,40.89068825910931,54.385964912280706,94.87179487179486,46.0,6.207827,39.0,5.263158,0.0,0.0,538,PRJNA827791,58,34,Lung Cancer,ontology,lung cancer,MONDO:0008903,True,False,,True,,MONDO:0008903,32,125061.0
SRX14891769_4,3730,10301.0,3877,10596.0,3940,10595.999,SRX14891769,natural killer cell,CL:0000623,3730,10301.0,19.794194738374916,27.007086690612564,36.19066110086399,51.703718085622754,386.0,3.747209,905.0,8.785555,0.0,0.0,3730,PRJNA827791,6,4,Lung Cancer,ontology,lung cancer,MONDO:0008903,True,False,,True,,MONDO:0008903,23,121263.0
SRX14891769_8,3709,13265.0,3920,13684.998,3990,13685.001,SRX14891769,pulmonary alveolar type 2 cell,CL:0002063,3709,13265.0,34.47418017338862,41.16094986807388,49.558989822842065,62.76667923105917,679.0,5.1187334,1029.0,7.757256,0.0,0.0,3709,PRJNA827791,26,8,Lung Cancer,ontology,lung cancer,MONDO:0008903,True,False,,True,,MONDO:0008903,13,148611.0
SRX14891769_9,6963,45990.0,7210,47168.008,7381,47167.992,SRX14891769,macrophage,CL:0000235,6963,45990.0,28.86714503152859,36.183953033268104,45.34029136768863,58.33442052620135,1866.0,4.0574036,3037.0,6.6036096,0.0,0.0,6963,PRJNA827791,49,9,Lung Cancer,ontology,lung cancer,MONDO:0008903,True,False,,True,,MONDO:0008903,18,795153.0
SRX16217002_0,458,2492.0,486,3371.9954,507,3372.004,SRX16217002,B cell,CL:0000236,458,2492.0,79.97592295345103,84.63081861958266,89.64686998394865,100.0,6.0,0.24077047,211.0,8.467094,0.0,0.0,458,PRJNA858410,0,0,Lung Cancer,study_consensus,cancer,MONDO:0004992,True,False,,True,,MONDO:0004992,47,72614.0
SRX16217002_1,1873,3953.0,1977,4162.9995,2046,4162.9995,SRX16217002,"CD4-positive, alpha-beta T cell",CL:0000624,1873,3953.0,28.940045535036678,37.97116114343537,47.53351884644574,64.02732102200859,155.0,3.9210725,722.0,18.26461,0.0,0.0,1873,PRJNA858410,3,1,Lung Cancer,study_consensus,cancer,MONDO:0004992,True,False,,True,,MONDO:0004992,33,132471.0
SRX16217002_4,672,1147.0,709,1205.0,720,1205.0001,SRX16217002,"CD4-positive, alpha-beta T cell",CL:0000624,672,1147.0,38.44812554489974,47.51525719267654,58.84917175239755,85.00435919790759,85.0,7.4106364,145.0,12.641674,0.0,0.0,672,PRJNA858410,3,4,Lung Cancer,study_consensus,cancer,MONDO:0004992,True,False,,True,,MONDO:0004992,11,31893.0
SRX16217002_5,1526,3083.0,1641,3197.9995,1668,3197.9998,SRX16217002,"CD4-positive, alpha-beta T cell",CL:0000624,1526,3083.0,36.263379824845934,42.069412909503725,50.30814142069413,66.72072656503406,263.0,8.530652,173.0,5.6114173,0.0,0.0,1526,PRJNA858410,3,5,Lung Cancer,study_consensus,cancer,MONDO:0004992,True,False,,True,,MONDO:0004992,33,99491.0
SRX16217002_6,1331,2763.0,1392,2879.9995,1428,2879.9998,SRX16217002,B cell,CL:0000236,1331,2763.0,33.9124140427072,43.756786102062975,53.85450597176982,69.92399565689468,101.0,3.655447,527.0,19.073471,0.0,0.0,1331,PRJNA858410,1,6,Lung Cancer,study_consensus,cancer,MONDO:0004992,True,False,,True,,MONDO:0004992,37,110302.0
SRX16217003_0,340,573.0,378,635.99994,389,636.00006,SRX16217003,B cell,CL:0000236,340,573.0,42.059336823734725,58.1151832460733,75.5671902268761,100.0,1.0,0.17452008,116.0,20.24433,0.0,0.0,340,PRJNA858410,0,0,Lung Cancer,study_consensus,cancer,MONDO:0004992,True,False,,True,,MONDO:0004992,32,78839.0
SRX16217003_1,1988,4048.0,2096,4237.9995,2146,4237.9995,SRX16217003,"CD4-positive, alpha-beta T cell",CL:0000624,1988,4048.0,28.483201581027668,37.22826086956522,45.99802371541502,61.6600790513834,82.0,2.0256917,631.0,15.587945,0.0,0.0,1988,PRJNA858410,3,1,Lung Cancer,study_consensus,cancer,MONDO:0004992,True,False,,True,,MONDO:0004992,41,139899.0
SRX16217003_4,2183,4431.0,2358,4729.0015,2427,4729.0005,SRX16217003,B cell,CL:0000236,2183,4431.0,22.906793048973142,31.144211238997972,41.43534190927556,57.59422252313248,166.0,3.7463326,578.0,13.04446,0.0,0.0,2183,PRJNA858410,4,4,Lung Cancer,study_consensus,cancer,MONDO:0004992,True,False,,True,,MONDO:0004992,15,33552.0
SRX16217003_5,1224,2313.0,1308,2437.0,1328,2437.0,SRX16217003,B cell,CL:0000236,1224,2313.0,30.436662343277128,40.121054907047125,50.97276264591439,68.6986597492434,58.0,2.507566,373.0,16.126242,0.0,0.0,1224,PRJNA858410,3,5,Lung Cancer,study_consensus,cancer,MONDO:0004992,True,False,,True,,MONDO:0004992,21,55747.0
SRX16217003_6,1271,2999.0,1342,3169.0,1369,3168.9993,SRX16217003,B cell,CL:0000236,1271,2999.0,39.646548849616536,49.71657219073025,59.4864954984995,74.29143047682561,210.0,7.002334,567.0,18.906303,0.0,0.0,1271,PRJNA858410,1,6,Lung Cancer,study_consensus,cancer,MONDO:0004992,True,False,,True,,MONDO:0004992,29,104049.0
SRX16217004_0,365,564.0,392,623.00006,402,623.00006,SRX16217004,B cell,CL:0000236,365,564.0,37.4113475177305,53.01418439716312,70.74468085106383,100.0,0.0,0.0,122.0,21.631205,0.0,0.0,365,PRJNA858410,0,0,Lung Cancer,ontology,lung cancer,MONDO:0008903,True,False,,True,,MONDO:0008903,45,76799.0
SRX16217004_1,2284,6295.0,2395,6571.0005,2462,6571.0,SRX16217004,"CD4-positive, alpha-beta T cell",CL:0000624,2284,6295.0,29.737887212073073,39.475774424146145,49.64257347100874,65.3693407466243,124.0,1.9698173,1018.0,16.171564,0.0,0.0,2284,PRJNA858410,3,1,Lung Cancer,ontology,lung cancer,MONDO:0008903,True,False,,True,,MONDO:0008903,37,146973.0
SRX16217004_4,660,1084.0,716,1182.0,736,1181.9999,SRX16217004,B cell,CL:0000236,660,1084.0,36.53136531365313,45.75645756457565,57.564575645756456,85.23985239852398,113.0,10.424354,123.0,11.346863,0.0,0.0,660,PRJNA858410,4,4,Lung Cancer,ontology,lung cancer,MONDO:0008903,True,False,,True,,MONDO:0008903,12,19661.0
SRX16217004_5,922,1424.0,986,1491.9998,994,1492.0001,SRX16217004,"CD4-positive, alpha-beta T cell",CL:0000624,922,1424.0,28.72191011235955,36.72752808988764,49.29775280898877,70.36516853932584,72.0,5.0561795,74.0,5.196629,0.0,0.0,922,PRJNA858410,3,5,Lung Cancer,ontology,lung cancer,MONDO:0008903,True,False,,True,,MONDO:0008903,19,59461.0
SRX16217004_6,1798,3914.0,1945,4163.9995,2008,4164.0,SRX16217004,B cell,CL:0000236,1798,3914.0,29.381706693919263,38.50281042411855,48.03270311701584,64.92079713847725,145.0,3.70465,709.0,18.114462,0.0,0.0,1798,PRJNA858410,1,6,Lung Cancer,ontology,lung cancer,MONDO:0008903,True,False,,True,,MONDO:0008903,23,75365.0
SRX16217005_1,1577,3162.0,1686,3315.9998,1721,3315.9993,SRX16217005,"CD4-positive, alpha-beta T cell",CL:0000624,1577,3162.0,30.423782416192285,38.96268184693233,49.36748893105629,65.9392789373814,78.0,2.466793,494.0,15.623024,0.0,0.0,1577,PRJNA858410,3,1,Lung Cancer,study_consensus,cancer,MONDO:0004992,True,False,,True,,MONDO:0004992,33,153317.0
SRX16217005_5,2068,4330.0,2220,4602.9995,2279,4603.001,SRX16217005,"CD8-positive, alpha-beta T cell",CL:0000625,2068,4330.0,24.757505773672055,33.11778290993072,43.325635103926096,59.63048498845266,68.0,1.5704387,533.0,12.309468,36.0,0.8314088,2068,PRJNA858410,3,5,Lung Cancer,study_consensus,cancer,MONDO:0004992,True,False,,True,,MONDO:0004992,22,75916.0
SRX16217005_6,1505,3707.0,1604,3970.9998,1641,3971.0,SRX16217005,B cell,CL:0000236,1505,3707.0,36.33666037226868,48.772592392770434,58.672781224710015,72.88912867547882,151.0,4.0733747,974.0,26.274616,0.0,0.0,1505,PRJNA858410,1,6,Lung Cancer,study_consensus,cancer,MONDO:0004992,True,False,,True,,MONDO:0004992,13,70475.0
SRX16217006_1,1861,3248.0,2016,3414.9998,2055,3414.999,SRX16217006,B cell,CL:0000236,1861,3248.0,21.366995073891626,28.201970443349754,38.08497536945813,56.61945812807881,77.0,2.3706896,188.0,5.7881775,0.0,0.0,1861,PRJNA858410,3,1,Lung Cancer,study_consensus,cancer,MONDO:0004992,True,False,,True,,MONDO:0004992,67,237609.0
SRX16217006_4,2128,4297.0,2265,4540.0015,2319,4540.0005,SRX16217006,"CD8-positive, alpha-beta T cell",CL:0000625,2128,4297.0,22.45752850826158,30.463113800325807,40.44682336513847,57.412148010239704,72.0,1.6755877,642.0,14.940657,0.0,0.0,2128,PRJNA858410,3,4,Lung Cancer,study_consensus,cancer,MONDO:0004992,True,False,,True,,MONDO:0004992,19,47530.0
SRX16217006_5,1029,1735.0,1112,1861.9999,1135,1862.0001,SRX16217006,B cell,CL:0000236,1029,1735.0,31.585014409221902,40.461095100864554,51.98847262247839,69.5100864553314,128.0,7.3775215,324.0,18.67435,0.0,0.0,1029,PRJNA858410,3,5,Lung Cancer,study_consensus,cancer,MONDO:0004992,True,False,,True,,MONDO:0004992,25,55970.0
SRX16217006_6,1408,2514.0,1507,2641.0,1539,2641.0005,SRX16217006,B cell,CL:0000236,1408,2514.0,23.269689737470166,32.29912490055688,44.11296738265712,63.88225934765315,86.0,3.4208431,343.0,13.643596,0.0,0.0,1408,PRJNA858410,1,6,Lung Cancer,study_consensus,cancer,MONDO:0004992,True,False,,True,,MONDO:0004992,33,151515.0
SRX16217007_1,1681,3076.0,1792,3268.0,1833,3268.0,SRX16217007,"CD4-positive, alpha-beta T cell",CL:0000624,1681,3076.0,25.03250975292588,33.02990897269181,43.30299089726918,61.605981794538366,161.0,5.2340703,492.0,15.994799,0.0,0.0,1681,PRJNA858410,3,1,Lung Cancer,study_consensus,cancer,MONDO:0004992,True,False,,True,,MONDO:0004992,68,292607.0
SRX16217007_5,2388,4602.0,2494,4803.0,2565,4802.9995,SRX16217007,"CD8-positive, alpha-beta T cell",CL:0000625,2388,4602.0,17.94871794871795,24.94567579313342,34.44154715341156,51.60799652325076,129.0,2.8031292,371.0,8.061712,0.0,0.0,2388,PRJNA858410,3,5,Lung Cancer,study_consensus,cancer,MONDO:0004992,True,False,,True,,MONDO:0004992,18,68612.0
SRX16217007_6,1394,2945.0,1477,3103.0002,1510,3102.9993,SRX16217007,B cell,CL:0000236,1394,2945.0,30.424448217317483,40.98471986417657,52.25806451612903,69.64346349745331,96.0,3.2597623,578.0,19.626486,0.0,0.0,1394,PRJNA858410,1,6,Lung Cancer,study_consensus,cancer,MONDO:0004992,True,False,,True,,MONDO:0004992,26,178026.0
SRX16217008_1,1532,3464.0,1656,3692.9998,1691,3692.9995,SRX16217008,"CD4-positive, alpha-beta T cell",CL:0000624,1532,3464.0,35.47921478060046,46.44919168591224,55.83140877598153,70.20785219399538,169.0,4.878753,966.0,27.886835,0.0,0.0,1532,PRJNA858410,3,1,Lung Cancer,study_consensus,cancer,MONDO:0004992,True,False,,True,,MONDO:0004992,77,309909.0
SRX16217008_5,1329,2293.0,1430,2424.9998,1457,2424.9998,SRX16217008,B cell,CL:0000236,1329,2293.0,26.42825992150022,34.58351504579154,44.96293065852595,63.84648931530745,74.0,3.2272134,347.0,15.133013,0.0,0.0,1329,PRJNA858410,4,5,Lung Cancer,study_consensus,cancer,MONDO:0004992,True,False,,True,,MONDO:0004992,14,44403.0
SRX16217008_6,1576,3262.0,1703,3448.9995,1750,3448.9993,SRX16217008,B cell,CL:0000236,1576,3262.0,30.99325567136726,41.171060698957696,51.042305334150825,67.01410177805028,112.0,3.4334764,718.0,22.011036,0.0,0.0,1576,PRJNA858410,1,6,Lung Cancer,study_consensus,cancer,MONDO:0004992,True,False,,True,,MONDO:0004992,23,81737.0
SRX16217009_0,1120,2814.0,1221,3114.9995,1252,3114.999,SRX16217009,"CD4-positive, alpha-beta T cell",CL:0000624,1120,2814.0,50.1776830135039,56.18336886993603,64.0724946695096,77.96730632551528,41.0,1.4570007,270.0,9.594883,0.0,0.0,1120,PRJNA858410,3,0,Lung Cancer,study_consensus,cancer,MONDO:0004992,True,False,,True,,MONDO:0004992,19,183590.0
SRX16217009_1,4024,10963.0,4240,11592.001,4374,11591.997,SRX16217009,"CD8-positive, alpha-beta T cell",CL:0000625,4024,10963.0,23.488096323998906,32.345160996077716,40.98330748882606,53.625832345160994,333.0,3.0374897,2136.0,19.483719,0.0,0.0,4024,PRJNA858410,3,1,Lung Cancer,study_consensus,cancer,MONDO:0004992,True,False,,True,,MONDO:0004992,111,381994.0
SRX16217009_4,1114,2108.0,1191,2223.0002,1216,2223.0002,SRX16217009,B cell,CL:0000236,1114,2108.0,31.925996204933586,43.121442125237195,53.84250474383302,70.87286527514232,141.0,6.688805,492.0,23.339659,0.0,0.0,1114,PRJNA858410,6,4,Lung Cancer,study_consensus,cancer,MONDO:0004992,True,False,,True,,MONDO:0004992,16,36065.0
SRX16217009_5,1725,2861.0,1799,3001.9998,1847,3001.999,SRX16217009,"CD4-positive, alpha-beta T cell",CL:0000624,1725,2861.0,18.524991261796576,26.074799021321216,36.66550157287662,57.182803215658865,62.0,2.1670744,266.0,9.297448,0.0,0.0,1725,PRJNA858410,3,5,Lung Cancer,study_consensus,cancer,MONDO:0004992,True,False,,True,,MONDO:0004992,46,113081.0
SRX16217009_6,2044,3836.0,2193,4041.9998,2241,4042.0,SRX16217009,B cell,CL:0000236,2044,3836.0,21.16788321167883,28.988529718456725,38.52971845672575,56.438998957247136,139.0,3.6235662,524.0,13.660063,0.0,0.0,2044,PRJNA858410,1,6,Lung Cancer,study_consensus,cancer,MONDO:0004992,True,False,,True,,MONDO:0004992,47,175979.0
SRX16217010_1,1461,3851.0,1563,4145.0,1609,4144.999,SRX16217010,"CD4-positive, alpha-beta T cell",CL:0000624,1461,3851.0,40.97636977408465,52.687613606855365,61.542456504803944,75.0454427421449,127.0,3.297845,1147.0,29.784472,0.0,0.0,1461,PRJNA858410,3,1,Lung Cancer,study_consensus,cancer,MONDO:0004992,True,False,,True,,MONDO:0004992,80,382653.0
SRX16217010_5,1853,3793.0,1990,4031.9995,2052,4031.9988,SRX16217010,"CD4-positive, alpha-beta T cell",CL:0000624,1853,3793.0,28.183495913524915,35.038228315317696,44.08120221460585,61.798049037701034,88.0,2.3200634,356.0,9.38571,0.0,0.0,1853,PRJNA858410,3,5,Lung Cancer,study_consensus,cancer,MONDO:0004992,True,False,,True,,MONDO:0004992,27,142478.0
SRX16217010_6,2224,4928.0,2392,5236.9995,2439,5237.0,SRX16217010,B cell,CL:0000236,2224,4928.0,26.420454545454547,35.00405844155844,44.419642857142854,60.08522727272727,249.0,5.0527596,823.0,16.700487,0.0,0.0,2224,PRJNA858410,1,6,Lung Cancer,study_consensus,cancer,MONDO:0004992,True,False,,True,,MONDO:0004992,13,59449.0
SRX16217012_1,2014,4754.0,2149,5010.0,2199,5009.9995,SRX16217012,"CD4-positive, alpha-beta T cell",CL:0000624,2014,4754.0,32.47791333613799,40.976020193521244,50.021034917963824,65.03996634413126,182.0,3.8283548,803.0,16.891039,0.0,0.0,2014,PRJNA858410,3,1,Lung Cancer,study_consensus,cancer,MONDO:0004992,True,False,,True,,MONDO:0004992,69,427843.0
SRX16217012_5,1611,3649.0,1736,3894.0002,1783,3894.0,SRX16217012,"CD4-positive, alpha-beta T cell",CL:0000624,1611,3649.0,32.008769525897506,42.340367223896955,52.04165524801315,69.2792545902987,100.0,2.7404768,823.0,22.554125,0.0,0.0,1611,PRJNA858410,3,5,Lung Cancer,study_consensus,cancer,MONDO:0004992,True,False,,True,,MONDO:0004992,17,115490.0
SRX16217012_6,2225,5539.0,2354,5894.001,2407,5894.002,SRX16217012,B cell,CL:0000236,2225,5539.0,31.558042968044774,40.49467412890414,49.575735692363246,64.27152915688752,148.0,2.6719625,1242.0,22.422821,0.0,0.0,2225,PRJNA858410,1,6,Lung Cancer,study_consensus,cancer,MONDO:0004992,True,False,,True,,MONDO:0004992,16,120443.0
SRX16217013_1,2141,4910.0,2310,5185.0,2350,5185.0015,SRX16217013,"CD4-positive, alpha-beta T cell",CL:0000624,2141,4910.0,29.246435845213846,37.31160896130346,46.537678207739305,62.21995926680245,179.0,3.6456213,665.0,13.543788,0.0,0.0,2141,PRJNA858410,3,1,Lung Cancer,study_consensus,cancer,MONDO:0004992,True,False,,True,,MONDO:0004992,60,355626.0
SRX16217013_5,1836,4130.0,1951,4382.9995,2012,4383.0,SRX16217013,"CD8-positive, alpha-beta T cell",CL:0000625,1836,4130.0,32.663438256658594,39.8547215496368,49.12832929782082,65.49636803874091,177.0,4.2857146,589.0,14.2615,0.0,0.0,1836,PRJNA858410,3,5,Lung Cancer,study_consensus,cancer,MONDO:0004992,True,False,,True,,MONDO:0004992,33,173385.0
SRX16217013_6,2573,5995.0,2729,6278.0,2815,6278.003,SRX16217013,B cell,CL:0000236,2573,5995.0,21.90158465387823,29.7581317764804,39.816513761467895,56.94745621351126,167.0,2.7856548,736.0,12.276897,0.0,0.0,2573,PRJNA858410,1,6,Lung Cancer,study_consensus,cancer,MONDO:0004992,True,False,,True,,MONDO:0004992,12,92477.0
SRX16217014_1,638,905.0,684,992.9999,696,992.99976,SRX16217014,"CD4-positive, alpha-beta T cell",CL:0000624,638,905.0,29.613259668508285,40.552486187845304,51.60220994475138,84.7513812154696,22.0,2.4309392,182.0,20.110497,0.0,0.0,638,PRJNA858410,3,1,Lung Cancer,study_consensus,cancer,MONDO:0004992,True,False,,True,,MONDO:0004992,138,499924.0
SRX16217014_21,415,626.0,460,697.99994,474,697.99994,SRX16217014,UNKNOWN,,415,626.0,38.019169329073485,49.680511182108624,65.65495207667732,100.0,17.0,2.715655,159.0,25.39936,0.0,0.0,415,PRJNA858410,3,21,Lung Cancer,study_consensus,cancer,MONDO:0004992,True,False,,True,,MONDO:0004992,13,16763.0
SRX16217014_4,386,514.0,427,577.0,434,577.0,SRX16217014,B cell,CL:0000236,386,514.0,32.87937743190661,44.3579766536965,63.81322957198443,100.0,26.0,5.058366,101.0,19.649805,0.0,0.0,386,PRJNA858410,5,4,Lung Cancer,study_consensus,cancer,MONDO:0004992,True,False,,True,,MONDO:0004992,17,50933.0
SRX16217014_5,1284,2874.0,1385,3184.9993,1421,3184.999,SRX16217014,"CD8-positive, alpha-beta T cell",CL:0000625,1284,2874.0,37.717466945024356,47.6687543493389,57.79401530967293,72.72094641614476,233.0,8.107167,635.0,22.09464,0.0,0.0,1284,PRJNA858410,4,5,Lung Cancer,study_consensus,cancer,MONDO:0004992,True,False,,True,,MONDO:0004992,51,183672.0
SRX16217014_6,1335,3779.0,1426,4177.9995,1470,4177.999,SRX16217014,B cell,CL:0000236,1335,3779.0,42.25985710505425,57.0521301931728,65.9433712622387,77.90420746229161,175.0,4.6308546,1298.0,34.34771,0.0,0.0,1335,PRJNA858410,1,6,Lung Cancer,study_consensus,cancer,MONDO:0004992,True,False,,True,,MONDO:0004992,26,149559.0
SRX16217015_1,1708,4138.0,1837,4682.0005,1898,4682.0,SRX16217015,"CD4-positive, alpha-beta T cell",CL:0000624,1708,4138.0,35.83856935717738,46.979217013049784,56.42822619623006,70.8071532141131,109.0,2.6341228,1074.0,25.954569,0.0,0.0,1708,PRJNA858410,3,1,Lung Cancer,study_consensus,cancer,MONDO:0004992,True,False,,True,,MONDO:0004992,126,519362.0
SRX16217015_4,1652,3482.0,1787,3800.9995,1839,3800.999,SRX16217015,"CD4-positive, alpha-beta T cell",CL:0000624,1652,3482.0,30.901780585870192,41.44170017231476,51.26364158529581,66.91556576680068,134.0,3.8483632,826.0,23.721998,0.0,0.0,1652,PRJNA858410,4,4,Lung Cancer,study_consensus,cancer,MONDO:0004992,True,False,,True,,MONDO:0004992,13,48118.0
SRX16217015_5,2842,7950.0,3034,8512.003,3123,8512.0,SRX16217015,"CD8-positive, alpha-beta T cell",CL:0000625,2842,7950.0,31.28301886792453,41.77358490566038,50.35220125786164,63.55974842767296,269.0,3.3836477,1848.0,23.245283,0.0,0.0,2842,PRJNA858410,3,5,Lung Cancer,study_consensus,cancer,MONDO:0004992,True,False,,True,,MONDO:0004992,40,190648.0
SRX16217015_6,404,657.0,441,865.0,444,865.00006,SRX16217015,B cell,CL:0000236,404,657.0,45.96651445966514,53.72907153729072,68.94977168949772,100.0,83.0,12.633181,19.0,2.891933,0.0,0.0,404,PRJNA858410,1,6,Lung Cancer,study_consensus,cancer,MONDO:0004992,True,False,,True,,MONDO:0004992,14,77052.0
SRX16217016_1,1404,2598.0,1491,2705.0,1534,2704.9993,SRX16217016,"CD4-positive, alpha-beta T cell",CL:0000624,1404,2598.0,28.82986913010008,36.22016936104696,46.227867590454196,65.20400307929177,161.0,6.197075,29.0,1.1162432,0.0,0.0,1404,PRJNA858410,3,1,Lung Cancer,study_consensus,cancer,MONDO:0004992,True,False,,True,,MONDO:0004992,77,334898.0
SRX16217016_5,1329,2660.0,1423,2852.0,1459,2851.9995,SRX16217016,B cell,CL:0000236,1329,2660.0,31.76691729323308,41.090225563909776,51.65413533834587,68.83458646616542,47.0,1.7669173,482.0,18.1203,0.0,0.0,1329,PRJNA858410,3,5,Lung Cancer,study_consensus,cancer,MONDO:0004992,True,False,,True,,MONDO:0004992,26,166700.0
SRX16217016_6,2005,6293.0,2123,6761.0,2164,6761.002,SRX16217016,B cell,CL:0000236,2005,6293.0,40.45765135865247,53.56745590338471,62.54568568250437,74.05053233751788,273.0,4.3381534,1966.0,31.241062,0.0,0.0,2005,PRJNA858410,1,6,Lung Cancer,study_consensus,cancer,MONDO:0004992,True,False,,True,,MONDO:0004992,13,110987.0
SRX16217017_1,1353,3995.0,1437,4343.9995,1475,4343.998,SRX16217017,"CD4-positive, alpha-beta T cell",CL:0000624,1353,3995.0,45.006257822277846,58.22277847309137,66.80851063829788,78.64831038798498,322.0,8.060076,1269.0,31.764708,0.0,0.0,1353,PRJNA858410,3,1,Lung Cancer,study_consensus,chronic kidney disease,MONDO:0005300,True,False,,True,,MONDO:0005300,98,504526.0
SRX16217017_5,1861,4163.0,1984,4460.0,2051,4459.9995,SRX16217017,"CD4-positive, alpha-beta T cell",CL:0000624,1861,4163.0,29.93033869805429,38.91424453519097,48.69084794619265,65.0012010569301,86.0,2.065818,697.0,16.742733,0.0,0.0,1861,PRJNA858410,3,5,Lung Cancer,study_consensus,chronic kidney disease,MONDO:0005300,True,False,,True,,MONDO:0005300,25,109933.0
SRX16217017_6,2712,6811.0,2882,7280.001,2980,7280.001,SRX16217017,B cell,CL:0000236,2712,6811.0,27.029804727646457,35.39861987960652,44.41344883277052,59.47731610629864,219.0,3.2153866,1161.0,17.045956,0.0,0.0,2712,PRJNA858410,1,6,Lung Cancer,study_consensus,chronic kidney disease,MONDO:0005300,True,False,,True,,MONDO:0005300,11,73872.0
SRX16757154_34,2942,10517.0,3107,10861.0,3179,10861.001,SRX16757154,macrophage,CL:0000235,2942,10517.0,32.51877911952077,43.86231815156413,55.30094133307978,68.32746981078253,324.0,3.0807264,1921.0,18.265665,0.0,0.0,2942,PRJNA864822,43,34,Pulmonary Hypertension,study_consensus,,,False,True,healthy,True,,,10,70994.0
SRX16757154_36,3530,9742.0,3740,10150.997,3811,10150.998,SRX16757154,endothelial cell of artery,CL:1000413,3530,9742.0,23.485937179223978,33.10408540340792,43.26626975980292,57.47279819338945,129.0,1.3241634,1671.0,17.152536,0.0,0.0,3530,PRJNA864822,16,36,Pulmonary Hypertension,study_consensus,,,False,True,healthy,True,,,14,44521.0
SRX16757156_1,1351,3168.0,1440,3283.9998,1467,3284.0,SRX16757156,endothelial cell,CL:0000115,1351,3168.0,31.313131313131315,44.57070707070707,56.628787878787875,73.13762626262627,99.0,3.125,821.0,25.915405,0.0,0.0,1351,PRJNA864822,4,1,Pulmonary Hypertension,ontology,pulmonary arterial hypertension,MONDO:0015924,True,False,,True,,MONDO:0015924,13,34866.0
SRX16757157_1,570,998.0,607,1060.0,620,1060.0,SRX16757157,macrophage,CL:0000235,570,998.0,40.28056112224449,50.901803607214426,62.925851703406806,92.98597194388778,28.0,2.8056114,188.0,18.837675,0.0,0.0,570,PRJNA864822,4,1,Pulmonary Hypertension,ontology,pulmonary arterial hypertension,MONDO:0015924,True,False,,True,,MONDO:0015924,26,61168.0
SRX16757157_14,2011,6002.0,2167,6272.001,2207,6272.001,SRX16757157,smooth muscle cell,CL:0000192,2011,6002.0,34.63845384871709,48.73375541486171,60.04665111629457,72.74241919360213,80.0,1.3328891,1844.0,30.723091,0.0,0.0,2011,PRJNA864822,59,14,Pulmonary Hypertension,ontology,pulmonary arterial hypertension,MONDO:0015924,True,False,,True,,MONDO:0015924,11,120274.0
SRX16757157_26,2752,10719.0,2906,11056.999,2975,11057.002,SRX16757157,macrophage,CL:0000235,2752,10719.0,32.47504431383524,44.64968747084616,57.981154958484936,71.78841309823679,304.0,2.8360856,1888.0,17.613585,0.0,0.0,2752,PRJNA864822,39,26,Pulmonary Hypertension,ontology,pulmonary arterial hypertension,MONDO:0015924,True,False,,True,,MONDO:0015924,39,386153.0
SRX16757157_5,1079,2531.0,1143,2638.0,1176,2638.0,SRX16757157,"CD8-positive, alpha-beta T cell",CL:0000625,1079,2531.0,36.704859739233505,48.83445278546029,60.6084551560648,77.12366653496642,51.0,2.0150137,481.0,19.004347,0.0,0.0,1079,PRJNA864822,4,5,Pulmonary Hypertension,ontology,pulmonary arterial hypertension,MONDO:0015924,True,False,,True,,MONDO:0015924,19,44725.0
SRX17035589_4,3346,10697.0,3540,11514.996,3637,11514.998,SRX17035589,"CD8-positive, alpha-beta T cell",CL:0000625,3346,10697.0,29.316630831074132,39.384874263812286,48.789380200056094,61.85846499018416,549.0,5.13228,1975.0,18.46312,0.0,0.0,3346,PRJNA868764,4,4,Lung Cancer,ontology,small cell lung carcinoma,MONDO:0008433,False,True,healthy,True,,MONDO:0008433,15,131024.0
SRX17412777_26,2353,8711.0,2484,9029.0,2534,9029.002,SRX17412777,macrophage,CL:0000235,2353,8711.0,33.945586040638275,46.68809551142234,58.79921937779818,72.95373665480427,364.0,4.1786246,1826.0,20.962002,0.0,0.0,2353,PRJNA563828,39,26,Other,missing_ontology,,,False,True,explicitControl,True,,,48,288618.0
SRX17412777_8,951,2032.0,1042,2088.0,1052,2088.0,SRX17412777,capillary endothelial cell,CL:0002144,951,2032.0,46.55511811023622,53.395669291338585,63.04133858267716,77.80511811023622,188.0,9.251968,37.0,1.8208662,0.0,0.0,951,PRJNA563828,13,8,Other,missing_ontology,,,False,True,explicitControl,True,,,24,238866.0
SRX17412777_9,1984,5394.0,2096,5567.0,2123,5566.999,SRX17412777,macrophage,CL:0000235,1984,5394.0,34.631071560993696,43.084909158324066,53.281423804226925,68.57619577308121,250.0,4.6347795,582.0,10.789766,0.0,0.0,1984,PRJNA563828,49,9,Other,missing_ontology,,,False,True,explicitControl,True,,,16,94635.0
SRX17412778_26,801,1494.0,853,1549.0,875,1548.9999,SRX17412778,B cell,CL:0000236,801,1494.0,37.48326639892905,46.5194109772423,59.772423025435074,79.85274431057564,229.0,15.327978,157.0,10.508701,0.0,0.0,801,PRJNA563828,39,26,IPF / Pulmonary Fibrosis,ontology,idiopathic pulmonary fibrosis,MONDO:0800504,False,True,explicitControl,True,,MONDO:0800504,15,79449.0
SRX17412780_26,1089,2042.0,1168,2115.0,1185,2115.0,SRX17412780,macrophage,CL:0000235,1089,2042.0,34.42703232125368,42.40940254652302,52.54652301665035,71.15572967678746,333.0,16.30754,68.0,3.3300686,0.0,0.0,1089,PRJNA563828,39,26,IPF / Pulmonary Fibrosis,disease_text,,,False,True,explicitControl,True,,,27,120138.0
SRX17412780_34,610,1426.0,648,1465.0,663,1465.0,SRX17412780,B cell,CL:0000236,610,1426.0,47.54558204768583,59.04628330995793,71.24824684431978,92.28611500701263,217.0,15.217391,341.0,23.913044,0.0,0.0,610,PRJNA563828,39,34,IPF / Pulmonary Fibrosis,disease_text,,,False,True,explicitControl,True,,,16,41045.0
SRX17412781_26,1118,2791.0,1171,2849.9998,1186,2849.9998,SRX17412781,macrophage,CL:0000235,1118,2791.0,37.835901110713,48.333930490863494,60.62343246148334,77.85739878179864,45.0,1.6123254,328.0,11.75206,0.0,0.0,1118,PRJNA563828,35,26,IPF / Pulmonary Fibrosis,disease_text,,,False,True,explicitControl,True,,,67,207887.0
SRX17412783_26,1178,1921.0,1265,1973.0009,1272,1973.0005,SRX17412783,macrophage,CL:0000235,1178,1921.0,23.893805309734514,32.3269130661114,43.883394065590835,64.70588235294117,29.0,1.5096304,12.0,0.6246747,0.0,0.0,1178,PRJNA563828,49,26,Other,missing_ontology,,,False,True,explicitControl,True,,,16,74271.0
SRX17412783_34,1147,2636.0,1221,2716.0,1236,2715.9998,SRX17412783,intermediate monocyte,CL:0002393,1147,2636.0,36.26707132018209,47.0030349013657,58.8391502276176,75.45523520485584,130.0,4.9317145,439.0,16.65402,0.0,0.0,1147,PRJNA563828,39,34,Other,missing_ontology,,,False,True,explicitControl,True,,,12,17123.0
SRX17412783_5,821,1505.0,885,1563.0001,894,1563.0001,SRX17412783,"CD4-positive, alpha-beta T cell",CL:0000624,821,1505.0,35.348837209302324,46.84385382059801,58.7375415282392,78.67109634551494,35.0,2.3255813,384.0,25.514952,0.0,0.0,821,PRJNA563828,4,5,Other,missing_ontology,,,False,True,explicitControl,True,,,10,13517.0
SRX17412783_9,2933,9262.0,3090,9473.001,3139,9473.002,SRX17412783,macrophage,CL:0000235,2933,9262.0,36.35283955949039,43.73785359533578,52.180954437486506,65.63377240336861,531.0,5.733103,469.0,5.063701,0.0,0.0,2933,PRJNA563828,49,9,Other,missing_ontology,,,False,True,explicitControl,True,,,36,294029.0
SRX17412785_9,1829,4348.0,1948,4484.999,1969,4484.999,SRX17412785,macrophage,CL:0000235,1829,4348.0,31.140754369825206,41.05335786568538,52.138914443422266,68.00827966881324,217.0,4.9908004,646.0,14.857406,0.0,0.0,1829,PRJNA563828,49,9,Other,missing_ontology,,,False,True,explicitControl,True,,,10,25047.0
SRX17412786_26,3274,10072.0,3425,10401.001,3529,10401.001,SRX17412786,macrophage,CL:0000235,3274,10072.0,28.35583796664019,35.206513105639395,43.68546465448769,58.876092136616364,1035.0,10.276012,104.0,1.0325656,0.0,0.0,3274,PRJNA563828,39,26,IPF / Pulmonary Fibrosis,ontology,idiopathic pulmonary fibrosis,MONDO:0800504,False,True,explicitControl,True,,MONDO:0800504,11,43244.0
SRX17412786_9,3069,7544.0,3208,7767.9995,3258,7768.002,SRX17412786,macrophage,CL:0000235,3069,7544.0,23.329798515376456,29.71898197242842,38.74602332979852,54.75874867444327,342.0,4.5334044,359.0,4.758749,0.0,0.0,3069,PRJNA563828,49,9,IPF / Pulmonary Fibrosis,ontology,idiopathic pulmonary fibrosis,MONDO:0800504,False,True,explicitControl,True,,MONDO:0800504,10,60108.0
SRX17412788_1,374,543.0,417,565.0,417,565.0,SRX17412788,"CD4-positive, alpha-beta T cell",CL:0000624,374,543.0,37.20073664825046,49.53959484346225,67.95580110497238,100.0,46.0,8.471455,26.0,4.7882137,0.0,0.0,374,PRJNA563828,4,1,Other,missing_ontology,,,False,True,explicitControl,True,,,15,21616.0
SRX17412788_26,725,1222.0,787,1263.0,791,1263.0,SRX17412788,macrophage,CL:0000235,725,1222.0,35.51554828150573,45.00818330605565,57.03764320785597,81.58756137479541,207.0,16.939444,79.0,6.4648113,0.0,0.0,725,PRJNA563828,39,26,Other,missing_ontology,,,False,True,explicitControl,True,,,18,104140.0
SRX17412788_34,720,1388.0,768,1420.0,769,1420.0,SRX17412788,classical monocyte,CL:0000860,720,1388.0,38.328530259366,49.351585014409224,62.53602305475504,84.14985590778097,113.0,8.141211,135.0,9.726225,0.0,0.0,720,PRJNA563828,43,34,Other,missing_ontology,,,False,True,explicitControl,True,,,27,85539.0
SRX17412788_9,2486,8571.0,2596,8767.0,2634,8767.0,SRX17412788,macrophage,CL:0000235,2486,8571.0,38.51359234628398,47.56737836891845,57.75288764438222,71.2635631781589,426.0,4.970248,1030.0,12.017267,0.0,0.0,2486,PRJNA563828,49,9,Other,missing_ontology,,,False,True,explicitControl,True,,,36,272570.0
SRX17412789_26,2020,5737.0,2136,5894.0,2179,5893.9995,SRX17412789,macrophage,CL:0000235,2020,5737.0,38.086107721805824,46.66201847655569,55.882865609203414,70.05403521004008,851.0,14.833537,592.0,10.318982,0.0,0.0,2020,PRJNA563828,39,26,Other,missing_ontology,,,False,True,explicitControl,True,,,20,75849.0
SRX17412789_9,1998,4351.0,2121,4473.999,2156,4473.9985,SRX17412789,macrophage,CL:0000235,1998,4351.0,28.86692714318547,36.58928981843255,46.242243162491384,62.51436451390485,479.0,11.008964,204.0,4.688577,0.0,0.0,1998,PRJNA563828,49,9,Other,missing_ontology,,,False,True,explicitControl,True,,,34,201493.0
SRX17412790_9,2451,7976.0,2574,8162.0,2611,8162.0,SRX17412790,macrophage,CL:0000235,2451,7976.0,39.56870611835506,48.52056168505516,57.836008024072214,70.78736208625878,657.0,8.237211,601.0,7.535105,0.0,0.0,2451,PRJNA563828,49,9,Other,missing_ontology,,,False,True,explicitControl,True,,,32,286157.0
SRX17412791_1,605,924.0,658,968.99994,662,968.99994,SRX17412791,"CD4-positive, alpha-beta T cell",CL:0000624,605,924.0,30.952380952380953,41.99134199134199,56.16883116883117,88.63636363636364,40.0,4.3290043,12.0,1.2987013,0.0,0.0,605,PRJNA563828,4,1,Other,missing_ontology,,,False,True,explicitControl,True,,,22,35529.0
SRX17412791_26,1764,3680.0,1865,3772.9995,1890,3772.9988,SRX17412791,macrophage,CL:0000235,1764,3680.0,35.48913043478261,41.494565217391305,49.94565217391304,65.65217391304347,655.0,17.798912,65.0,1.7663043,0.0,0.0,1764,PRJNA563828,49,26,Other,missing_ontology,,,False,True,explicitControl,True,,,11,32815.0
SRX17412791_34,1303,2442.0,1390,2523.0,1406,2523.0,SRX17412791,B cell,CL:0000236,1303,2442.0,26.535626535626534,34.80753480753481,46.64209664209664,67.11711711711712,134.0,5.4873056,22.0,0.9009009,0.0,0.0,1303,PRJNA563828,39,34,Other,missing_ontology,,,False,True,explicitControl,True,,,16,40978.0
SRX17412791_9,3168,9453.0,3331,9736.999,3405,9736.998,SRX17412791,macrophage,CL:0000235,3168,9453.0,33.44969850841003,41.3836877181847,49.74082301914736,62.075531577277054,669.0,7.077118,711.0,7.5214214,0.0,0.0,3168,PRJNA563828,49,9,Other,missing_ontology,,,False,True,explicitControl,True,,,15,129170.0
SRX17412792_26,1502,3053.0,1615,3160.9995,1642,3160.9995,SRX17412792,macrophage,CL:0000235,1502,3053.0,29.08614477563053,37.47133966590239,48.24762528660334,67.17982312479528,158.0,5.175237,115.0,3.7667866,0.0,0.0,1502,PRJNA563828,39,26,IPF / Pulmonary Fibrosis,ontology,idiopathic pulmonary fibrosis,MONDO:0800504,False,True,explicitControl,True,,MONDO:0800504,13,40498.0
SRX17412793_9,1141,2433.0,1235,2519.0,1249,2519.0,SRX17412793,macrophage,CL:0000235,1141,2433.0,39.457459926017265,48.04767776407727,57.58323057953144,73.65392519523223,244.0,10.028771,233.0,9.576654,0.0,0.0,1141,PRJNA563828,49,9,Other,missing_ontology,,,False,True,explicitControl,True,,,11,51270.0
SRX17412794_26,1858,4377.0,1956,4491.0,1994,4491.0,SRX17412794,macrophage,CL:0000235,1858,4377.0,33.81311400502627,40.66712360063971,49.60018277358922,65.70710532328079,293.0,6.6940827,220.0,5.0262737,0.0,0.0,1858,PRJNA563828,39,26,Other,missing_ontology,,,False,True,explicitControl,True,,,21,86331.0
SRX17412795_9,2182,4858.0,2294,5002.0,2350,5001.999,SRX17412795,macrophage,CL:0000235,2182,4858.0,25.421984355701937,33.676410045286126,43.742280773981065,60.765747221078634,171.0,3.519967,445.0,9.160149,0.0,0.0,2182,PRJNA563828,49,9,Other,conflicting_ontology,idiopathic pulmonary fibrosis; chronic obstructive pulmonary disease,"MONDO:0800504,MONDO:0005002",False,True,explicitControl,True,,"MONDO:0800504,MONDO:0005002",12,63488.0
SRX17412798_9,2826,8074.0,3001,8282.001,3058,8282.002,SRX17412798,macrophage,CL:0000235,2826,8074.0,32.437453554619765,39.91825613079019,48.84815457022542,62.90562298736686,631.0,7.815209,553.0,6.849145,0.0,0.0,2826,PRJNA563828,49,9,Other,conflicting_ontology,idiopathic pulmonary fibrosis; chronic obstructive pulmonary disease,"MONDO:0800504,MONDO:0005002",False,True,explicitControl,True,,"MONDO:0800504,MONDO:0005002",11,88760.0
SRX17412805_9,2043,5381.0,2164,5535.9995,2207,5536.0,SRX17412805,macrophage,CL:0000235,2043,5381.0,32.54041999628322,41.38635941274856,51.960602118565326,67.29232484668277,228.0,4.2371306,593.0,11.020257,0.0,0.0,2043,PRJNA563828,49,9,COPD,ontology,chronic obstructive pulmonary disease,MONDO:0005002,True,False,,True,,MONDO:0005002,22,132871.0
SRX17412806_9,1467,3066.0,1527,3141.0,1555,3141.0002,SRX17412806,macrophage,CL:0000235,1467,3066.0,26.157860404435745,35.5512067840835,46.90150032615786,68.0365296803653,260.0,8.480104,124.0,4.0443573,0.0,0.0,1467,PRJNA563828,49,9,COPD,ontology,chronic obstructive pulmonary disease,MONDO:0005002,True,False,,True,,MONDO:0005002,12,41061.0
SRX17412807_24,485,768.0,516,785.0,517,785.0,SRX17412807,plasma cell,CL:0000786,485,768.0,38.41145833333333,49.86979166666667,62.890625,100.0,30.0,3.90625,67.0,8.723959,0.0,0.0,485,PRJNA563828,53,24,COPD,ontology,chronic obstructive pulmonary disease,MONDO:0005002,True,False,,True,,MONDO:0005002,11,37164.0
SRX17412807_9,1247,2265.0,1340,2328.0002,1352,2328.0002,SRX17412807,macrophage,CL:0000235,1247,2265.0,29.933774834437088,38.63134657836645,49.492273730684325,67.01986754966887,139.0,6.136865,209.0,9.227373,0.0,0.0,1247,PRJNA563828,49,9,COPD,ontology,chronic obstructive pulmonary disease,MONDO:0005002,True,False,,True,,MONDO:0005002,95,199788.0
SRX17412808_1,1850,4030.0,1975,4165.999,2014,4165.9985,SRX17412808,"CD4-positive, alpha-beta T cell",CL:0000624,1850,4030.0,25.23573200992556,34.392059553349874,45.75682382133995,63.47394540942928,94.0,2.3325062,637.0,15.806452,0.0,0.0,1850,PRJNA563828,4,1,COPD,ontology,chronic obstructive pulmonary disease,MONDO:0005002,True,False,,True,,MONDO:0005002,14,22044.0
SRX17412808_34,603,997.0,639,1017.0,642,1016.99994,SRX17412808,"CD4-positive, alpha-beta T cell",CL:0000624,603,997.0,38.11434302908726,48.144433299899696,59.578736208625884,89.66900702106318,101.0,10.130391,23.0,2.3069208,0.0,0.0,603,PRJNA563828,43,34,COPD,ontology,chronic obstructive pulmonary disease,MONDO:0005002,True,False,,True,,MONDO:0005002,22,49237.0
SRX17412808_9,1555,3624.0,1650,3736.0,1677,3735.9995,SRX17412808,macrophage,CL:0000235,1555,3624.0,35.375275938189844,43.26710816777042,52.95253863134658,70.88852097130243,427.0,11.78256,408.0,11.258278,0.0,0.0,1555,PRJNA563828,49,9,COPD,ontology,chronic obstructive pulmonary disease,MONDO:0005002,True,False,,True,,MONDO:0005002,10,69404.0
SRX17412809_9,3053,10676.0,3185,10928.999,3249,10928.998,SRX17412809,macrophage,CL:0000235,3053,10676.0,37.80442113150993,45.213563132259274,53.99962532783814,67.15061820906708,1677.0,15.708131,619.0,5.798052,0.0,0.0,3053,PRJNA563828,49,9,COPD,ontology,chronic obstructive pulmonary disease,MONDO:0005002,True,False,,True,,MONDO:0005002,20,150637.0
SRX17412811_1,816,1592.0,859,1635.0001,868,1634.9999,SRX17412811,"CD4-positive, alpha-beta T cell",CL:0000624,816,1592.0,38.19095477386934,49.120603015075375,61.30653266331658,80.15075376884423,41.0,2.5753767,390.0,24.497488,0.0,0.0,816,PRJNA563828,4,1,COPD,ontology,chronic obstructive pulmonary disease,MONDO:0005002,True,False,,True,,MONDO:0005002,12,15624.0
SRX17412811_34,1746,4533.0,1824,4658.0005,1858,4658.0,SRX17412811,intermediate monocyte,CL:0002393,1746,4533.0,31.72292080300022,43.150231634679024,55.28347672622987,71.12287668210898,172.0,3.7943966,876.0,19.324951,0.0,0.0,1746,PRJNA563828,43,34,COPD,ontology,chronic obstructive pulmonary disease,MONDO:0005002,True,False,,True,,MONDO:0005002,15,37609.0
SRX17412811_4,998,2067.0,1060,2123.0,1075,2123.0,SRX17412811,B cell,CL:0000236,998,2067.0,36.09095307208515,47.218190614417026,58.44218674407353,75.90711175616835,70.0,3.3865504,480.0,23.222061,0.0,0.0,998,PRJNA563828,6,4,COPD,ontology,chronic obstructive pulmonary disease,MONDO:0005002,True,False,,True,,MONDO:0005002,15,22778.0
SRX17412811_9,2166,6852.0,2263,6997.0,2290,6997.0,SRX17412811,macrophage,CL:0000235,2166,6852.0,40.29480443666083,48.62813776999416,57.67659077641565,71.51196730881495,511.0,7.4576764,505.0,7.3701105,0.0,0.0,2166,PRJNA563828,49,9,COPD,ontology,chronic obstructive pulmonary disease,MONDO:0005002,True,False,,True,,MONDO:0005002,12,89116.0
SRX17412812_9,3359,11422.0,3513,11789.0,3616,11789.001,SRX17412812,macrophage,CL:0000235,3359,11422.0,34.74873052004902,42.75083172824374,51.628436350901765,64.46331640693398,929.0,8.133427,989.0,8.658729,0.0,0.0,3359,PRJNA563828,49,9,COPD,ontology,chronic obstructive pulmonary disease,MONDO:0005002,True,False,,True,,MONDO:0005002,10,101205.0
SRX17412814_34,864,2061.0,920,2117.0002,932,2117.0,SRX17412814,classical monocyte,CL:0000860,864,2061.0,41.53323629306162,51.7224648229015,63.99805919456575,82.33867054827753,145.0,7.0354195,27.0,1.3100437,0.0,0.0,864,PRJNA563828,43,34,COPD,ontology,chronic obstructive pulmonary disease,MONDO:0005002,True,False,,True,,MONDO:0005002,10,25828.0
SRX17412815_9,1990,6259.0,2082,6431.0,2123,6431.0,SRX17412815,macrophage,CL:0000235,1990,6259.0,37.57788784150823,47.41971560952229,58.060393034031,72.61543377536348,950.0,15.178144,920.0,14.698833,0.0,0.0,1990,PRJNA563828,49,9,COPD,ontology,chronic obstructive pulmonary disease,MONDO:0005002,True,False,,True,,MONDO:0005002,14,162435.0
SRX17412816_9,1049,2012.0,1117,2071.0,1131,2071.0,SRX17412816,macrophage,CL:0000235,1049,2012.0,34.69184890656064,43.09145129224652,54.17495029821073,72.71371769383698,187.0,9.294235,83.0,4.1252484,0.0,0.0,1049,PRJNA563828,49,9,COPD,ontology,chronic obstructive pulmonary disease,MONDO:0005002,True,False,,True,,MONDO:0005002,14,59681.0
SRX17412817_26,1078,2325.0,1145,2395.0002,1163,2395.0002,SRX17412817,macrophage,CL:0000235,1078,2325.0,37.204301075268816,45.763440860215056,56.55913978494623,75.13978494623656,133.0,5.7204304,22.0,0.9462366,0.0,0.0,1078,PRJNA563828,39,26,COPD,ontology,chronic obstructive pulmonary disease,MONDO:0005002,True,False,,True,,MONDO:0005002,11,24502.0
SRX17412820_1,1115,2540.0,1176,2615.0002,1190,2614.9998,SRX17412820,"CD4-positive, alpha-beta T cell",CL:0000624,1115,2540.0,33.30708661417322,44.44881889763779,57.637795275590555,75.78740157480314,59.0,2.3228347,442.0,17.401575,0.0,0.0,1115,PRJNA563828,4,1,COPD,ontology,chronic obstructive pulmonary disease,MONDO:0005002,True,False,,True,,MONDO:0005002,10,24178.0
SRX17412820_5,1095,2707.0,1169,2791.9998,1187,2792.0,SRX17412820,"CD4-positive, alpha-beta T cell",CL:0000624,1095,2707.0,38.04950129294422,50.83117842630218,62.5046176579239,78.01994828223125,102.0,3.768009,750.0,27.705946,0.0,0.0,1095,PRJNA563828,4,5,COPD,ontology,chronic obstructive pulmonary disease,MONDO:0005002,True,False,,True,,MONDO:0005002,10,23700.0
SRX17412821_9,2690,8213.0,2795,8393.001,2848,8393.001,SRX17412821,macrophage,CL:0000235,2690,8213.0,34.96895166199927,43.090222817484474,52.48995494947035,66.78436624863022,431.0,5.247778,692.0,8.425667,0.0,0.0,2690,PRJNA563828,49,9,COPD,ontology,chronic obstructive pulmonary disease,MONDO:0005002,True,False,,True,,MONDO:0005002,15,53699.0
SRX17412823_26,1308,2817.0,1392,2896.0,1417,2895.9998,SRX17412823,macrophage,CL:0000235,1308,2817.0,31.06141285055023,39.261625843095494,50.86971955981541,71.31700390486333,14.0,0.4969826,24.0,0.8519702,0.0,0.0,1308,PRJNA563828,39,26,IPF / Pulmonary Fibrosis,ontology,idiopathic pulmonary fibrosis,MONDO:0800504,True,False,,True,,MONDO:0800504,11,101433.0
SRX17412824_24,2041,5688.0,2130,5825.0,2169,5825.0,SRX17412824,intermediate monocyte,CL:0002393,2041,5688.0,34.12447257383967,43.459915611814345,53.902953586497894,69.02250351617441,292.0,5.1336145,641.0,11.26934,0.0,0.0,2041,PRJNA563828,39,24,IPF / Pulmonary Fibrosis,ontology,idiopathic pulmonary fibrosis,MONDO:0800504,True,False,,True,,MONDO:0800504,12,80365.0
SRX17412824_26,2116,7429.0,2210,7598.9995,2255,7599.0,SRX17412824,macrophage,CL:0000235,2116,7429.0,41.51298963521335,51.87777628213757,61.70413245389689,74.63992461973348,1396.0,18.791224,1093.0,14.712612,0.0,0.0,2116,PRJNA563828,39,26,IPF / Pulmonary Fibrosis,ontology,idiopathic pulmonary fibrosis,MONDO:0800504,True,False,,True,,MONDO:0800504,22,142869.0
SRX17412825_26,705,1290.0,782,1356.0001,794,1356.0001,SRX17412825,intermediate monocyte,CL:0002393,705,1290.0,40.0,48.75968992248062,60.85271317829457,84.10852713178295,240.0,18.60465,45.0,3.4883723,0.0,0.0,705,PRJNA563828,39,26,IPF / Pulmonary Fibrosis,ontology,idiopathic pulmonary fibrosis,MONDO:0800504,True,False,,True,,MONDO:0800504,13,85006.0
SRX17412826_9,1106,3237.0,1180,3315.0002,1194,3315.0005,SRX17412826,macrophage,CL:0000235,1106,3237.0,48.96509113376583,57.553290083410566,67.53166512202657,81.27896200185357,540.0,16.682114,308.0,9.514983,0.0,0.0,1106,PRJNA563828,39,9,IPF / Pulmonary Fibrosis,ontology,idiopathic pulmonary fibrosis,MONDO:0800504,True,False,,True,,MONDO:0800504,12,95099.0
SRX17412827_26,4405,14766.0,4602,15125.002,4722,15125.002,SRX17412827,macrophage,CL:0000235,4405,14766.0,33.285927129893,38.50738182310714,45.53704456183124,57.61208180956251,2851.0,19.307869,987.0,6.684275,0.0,0.0,4405,PRJNA563828,39,26,IPF / Pulmonary Fibrosis,ontology,idiopathic pulmonary fibrosis,MONDO:0800504,True,False,,True,,MONDO:0800504,26,163585.0
SRX17412827_9,1886,5329.0,1984,5476.0,2023,5476.0005,SRX17412827,macrophage,CL:0000235,1886,5329.0,40.53293300806906,48.41433664852693,57.60930756239444,71.68324263464065,385.0,7.2246203,568.0,10.658661,0.0,0.0,1886,PRJNA563828,49,9,IPF / Pulmonary Fibrosis,ontology,idiopathic pulmonary fibrosis,MONDO:0800504,True,False,,True,,MONDO:0800504,14,121067.0
SRX17412828_24,498,772.0,520,790.0,523,790.0,SRX17412828,B cell,CL:0000236,498,772.0,34.196891191709845,47.40932642487047,61.398963730569946,100.0,25.0,3.238342,128.0,16.58031,0.0,0.0,498,PRJNA563828,39,24,IPF / Pulmonary Fibrosis,ontology,idiopathic pulmonary fibrosis,MONDO:0800504,True,False,,True,,MONDO:0800504,11,78649.0
SRX17412828_26,1461,3699.0,1553,3775.9998,1562,3775.9995,SRX17412828,macrophage,CL:0000235,1461,3699.0,39.57826439578264,47.715598810489325,57.258718572587185,74.02000540686672,108.0,2.919708,249.0,6.731549,0.0,0.0,1461,PRJNA563828,39,26,IPF / Pulmonary Fibrosis,ontology,idiopathic pulmonary fibrosis,MONDO:0800504,True,False,,True,,MONDO:0800504,12,54240.0
SRX17412828_34,730,1454.0,810,1516.9996,821,1516.9996,SRX17412828,B cell,CL:0000236,730,1454.0,38.78954607977992,50.137551581843184,63.54883081155434,84.181568088033,43.0,2.9573588,298.0,20.495186,0.0,0.0,730,PRJNA563828,43,34,IPF / Pulmonary Fibrosis,ontology,idiopathic pulmonary fibrosis,MONDO:0800504,True,False,,True,,MONDO:0800504,11,19216.0
SRX17412828_9,1986,6963.0,2095,7151.9995,2129,7152.001,SRX17412828,macrophage,CL:0000235,1986,6963.0,42.395519172770356,53.13801522332328,63.23423811575471,75.61395950021542,185.0,2.6569006,1414.0,20.307339,0.0,0.0,1986,PRJNA563828,49,9,IPF / Pulmonary Fibrosis,ontology,idiopathic pulmonary fibrosis,MONDO:0800504,True,False,,True,,MONDO:0800504,25,135512.0
SRX17412829_9,2487,8274.0,2638,8474.0,2682,8474.001,SRX17412829,macrophage,CL:0000235,2487,8274.0,35.89557650471356,45.975344452501815,56.852791878172596,71.00555958423979,560.0,6.7681894,1125.0,13.596809,0.0,0.0,2487,PRJNA563828,49,9,IPF / Pulmonary Fibrosis,ontology,idiopathic pulmonary fibrosis,MONDO:0800504,True,False,,True,,MONDO:0800504,17,149217.0
SRX17412830_26,1564,4360.0,1643,4482.0,1666,4482.0,SRX17412830,macrophage,CL:0000235,1564,4360.0,36.53669724770642,46.788990825688074,58.279816513761475,74.19724770642202,191.0,4.380734,516.0,11.834862,0.0,0.0,1564,PRJNA563828,39,26,IPF / Pulmonary Fibrosis,ontology,idiopathic pulmonary fibrosis,MONDO:0800504,True,False,,True,,MONDO:0800504,16,82027.0
SRX17412830_9,1801,5561.0,1885,5696.999,1909,5696.9995,SRX17412830,macrophage,CL:0000235,1801,5561.0,38.212551699334654,48.80417191152671,59.665527782772884,74.19528861715519,357.0,6.4197087,772.0,13.882396,0.0,0.0,1801,PRJNA563828,39,9,IPF / Pulmonary Fibrosis,ontology,idiopathic pulmonary fibrosis,MONDO:0800504,True,False,,True,,MONDO:0800504,10,112110.0
SRX17412831_26,1202,2797.0,1276,2853.0002,1300,2852.9998,SRX17412831,macrophage,CL:0000235,1202,2797.0,41.97354308187344,49.94637111190561,59.31355023239184,74.90168037182696,228.0,8.15159,18.0,0.64354664,0.0,0.0,1202,PRJNA563828,39,26,IPF / Pulmonary Fibrosis,ontology,idiopathic pulmonary fibrosis,MONDO:0800504,True,False,,True,,MONDO:0800504,24,166827.0
SRX17412831_9,454,630.0,477,644.99994,483,645.0,SRX17412831,plasma cell,CL:0000786,454,630.0,30.634920634920636,43.80952380952381,59.682539682539684,100.0,37.0,5.873016,62.0,9.84127,0.0,0.0,454,PRJNA563828,39,9,IPF / Pulmonary Fibrosis,ontology,idiopathic pulmonary fibrosis,MONDO:0800504,True,False,,True,,MONDO:0800504,17,62554.0
SRX17412832_26,2248,7814.0,2359,8094.0005,2415,8094.0015,SRX17412832,macrophage,CL:0000235,2248,7814.0,29.037624776042996,43.102124392116714,56.83388789352445,71.99897619657027,264.0,3.3785515,1831.0,23.4323,0.0,0.0,2248,PRJNA563828,39,26,IPF / Pulmonary Fibrosis,ontology,idiopathic pulmonary fibrosis,MONDO:0800504,True,False,,True,,MONDO:0800504,16,109299.0
SRX17412834_26,1555,3832.0,1649,3915.9993,1664,3915.9988,SRX17412834,macrophage,CL:0000235,1555,3832.0,35.82985386221294,44.650313152400834,55.40187891440501,72.46868475991648,159.0,4.149269,271.0,7.072025,0.0,0.0,1555,PRJNA563828,39,26,IPF / Pulmonary Fibrosis,ontology,idiopathic pulmonary fibrosis,MONDO:0800504,True,False,,True,,MONDO:0800504,16,96458.0
SRX17412834_9,3242,16052.0,3407,16421.004,3471,16421.002,SRX17412834,macrophage,CL:0000235,3242,16052.0,47.233989534014455,56.18614502865687,64.97009718415151,75.54198853725393,978.0,6.092699,1853.0,11.543733,1.0,0.0062297536,3242,PRJNA563828,49,9,IPF / Pulmonary Fibrosis,ontology,idiopathic pulmonary fibrosis,MONDO:0800504,True,False,,True,,MONDO:0800504,12,112426.0
SRX17412835_24,1245,3685.0,1345,3784.9993,1371,3784.9995,SRX17412835,macrophage,CL:0000235,1245,3685.0,40.135685210312076,51.99457259158752,64.31478968792402,79.78290366350068,172.0,4.667571,567.0,15.386703,0.0,0.0,1245,PRJNA563828,39,24,IPF / Pulmonary Fibrosis,ontology,idiopathic pulmonary fibrosis,MONDO:0800504,True,False,,True,,MONDO:0800504,13,88736.0
SRX17412835_26,2860,9667.0,3027,9966.001,3093,9966.0,SRX17412835,macrophage,CL:0000235,2860,9667.0,32.46094962242681,43.16747698355229,53.90503775731871,67.46663908141099,534.0,5.5239477,1672.0,17.295956,0.0,0.0,2860,PRJNA563828,39,26,IPF / Pulmonary Fibrosis,ontology,idiopathic pulmonary fibrosis,MONDO:0800504,True,False,,True,,MONDO:0800504,25,237725.0
SRX17412835_5,1291,3099.0,1344,3210.9998,1361,3210.9995,SRX17412835,"CD4-positive, alpha-beta T cell",CL:0000624,1291,3099.0,36.10842207163601,46.69248144562762,58.5027428202646,74.47563730235561,425.0,13.714102,626.0,20.200066,0.0,0.0,1291,PRJNA563828,4,5,IPF / Pulmonary Fibrosis,ontology,idiopathic pulmonary fibrosis,MONDO:0800504,True,False,,True,,MONDO:0800504,11,27562.0
SRX17412835_9,3392,11257.0,3576,11560.002,3649,11560.001,SRX17412835,macrophage,CL:0000235,3392,11257.0,32.89508750111042,39.98400994936484,48.92955494359065,62.6987652127565,547.0,4.8591986,685.0,6.0851026,0.0,0.0,3392,PRJNA563828,49,9,IPF / Pulmonary Fibrosis,ontology,idiopathic pulmonary fibrosis,MONDO:0800504,True,False,,True,,MONDO:0800504,16,131950.0
SRX17412836_24,2590,8762.0,2722,9057.0,2791,9057.001,SRX17412836,classical monocyte,CL:0000860,2590,8762.0,29.78771969869893,40.903903218443276,53.60648253823328,69.08240127824698,199.0,2.2711709,1393.0,15.898196,0.0,0.0,2590,PRJNA563828,39,24,IPF / Pulmonary Fibrosis,ontology,idiopathic pulmonary fibrosis,MONDO:0800504,True,False,,True,,MONDO:0800504,10,74831.0
SRX17412836_26,400,542.0,443,562.00006,443,562.00006,SRX17412836,B cell,CL:0000236,400,542.0,33.76383763837638,44.64944649446495,63.09963099630996,100.0,34.0,6.2730627,56.0,10.332103,0.0,0.0,400,PRJNA563828,39,26,IPF / Pulmonary Fibrosis,ontology,idiopathic pulmonary fibrosis,MONDO:0800504,True,False,,True,,MONDO:0800504,41,224809.0
SRX17412836_34,666,1205.0,696,1241.0,701,1241.0,SRX17412836,classical monocyte,CL:0000860,666,1205.0,36.18257261410788,46.72199170124481,61.32780082987552,86.2240663900415,89.0,7.3858924,165.0,13.692946,0.0,0.0,666,PRJNA563828,43,34,IPF / Pulmonary Fibrosis,ontology,idiopathic pulmonary fibrosis,MONDO:0800504,True,False,,True,,MONDO:0800504,11,34305.0
SRX17412836_9,2220,6026.0,2345,6188.9995,2391,6188.999,SRX17412836,macrophage,CL:0000235,2220,6026.0,36.010620643876535,43.67739794225025,52.4892134085629,66.89346166611351,663.0,11.002323,350.0,5.8081646,0.0,0.0,2220,PRJNA563828,49,9,IPF / Pulmonary Fibrosis,ontology,idiopathic pulmonary fibrosis,MONDO:0800504,True,False,,True,,MONDO:0800504,31,303393.0
SRX17412837_26,793,1580.0,850,1615.0,852,1615.0,SRX17412837,macrophage,CL:0000235,793,1580.0,41.139240506329116,50.44303797468355,62.46835443037975,81.45569620253164,37.0,2.3417723,115.0,7.278481,0.0,0.0,793,PRJNA563828,39,26,IPF / Pulmonary Fibrosis,ontology,idiopathic pulmonary fibrosis,MONDO:0800504,True,False,,True,,MONDO:0800504,13,76890.0
SRX17412839_26,947,1799.0,1025,1870.9999,1041,1870.9999,SRX17412839,macrophage,CL:0000235,947,1799.0,39.18843802112285,46.85936631461923,57.97665369649806,75.15286270150084,308.0,17.120623,65.0,3.6131184,0.0,0.0,947,PRJNA563828,39,26,IPF / Pulmonary Fibrosis,ontology,idiopathic pulmonary fibrosis,MONDO:0800504,True,False,,True,,MONDO:0800504,22,87540.0
SRX17412840_9,1714,4502.0,1802,4628.0005,1842,4627.9995,SRX17412840,macrophage,CL:0000235,1714,4502.0,38.22745446468237,46.33496223900488,56.01954686805865,71.72367836517104,731.0,16.237228,318.0,7.0635276,0.0,0.0,1714,PRJNA563828,49,9,IPF / Pulmonary Fibrosis,ontology,idiopathic pulmonary fibrosis,MONDO:0800504,True,False,,True,,MONDO:0800504,21,194404.0
SRX17412841_26,2979,11185.0,3116,11499.002,3152,11499.003,SRX17412841,macrophage,CL:0000235,2979,11185.0,34.63567277603934,44.06794814483683,55.037997317836385,68.97630755476084,378.0,3.379526,1301.0,11.63165,0.0,0.0,2979,PRJNA563828,39,26,IPF / Pulmonary Fibrosis,ontology,idiopathic pulmonary fibrosis,MONDO:0800504,True,False,,True,,MONDO:0800504,12,71604.0
SRX17412841_9,2602,8988.0,2745,9212.0,2786,9212.001,SRX17412841,macrophage,CL:0000235,2602,8988.0,37.70582999554962,47.2630173564753,56.97596795727636,70.21584334668447,370.0,4.1166,1027.0,11.426346,0.0,0.0,2602,PRJNA563828,39,9,IPF / Pulmonary Fibrosis,ontology,idiopathic pulmonary fibrosis,MONDO:0800504,True,False,,True,,MONDO:0800504,11,98243.0
SRX17412843_9,1988,5849.0,2103,6000.0005,2147,6000.001,SRX17412843,macrophage,CL:0000235,1988,5849.0,45.11882373055223,51.54727303812617,59.480253034706784,71.9439220379552,239.0,4.0861683,335.0,5.7274747,0.0,0.0,1988,PRJNA563828,39,9,IPF / Pulmonary Fibrosis,ontology,idiopathic pulmonary fibrosis,MONDO:0800504,True,False,,True,,MONDO:0800504,10,92193.0
SRX17412845_26,3497,13528.0,3632,13843.996,3716,13843.995,SRX17412845,macrophage,CL:0000235,3497,13528.0,33.86309875813128,42.193968066233,51.89237137788291,65.58249556475458,1050.0,7.7616796,1372.0,10.141928,0.0,0.0,3497,PRJNA563828,39,26,IPF / Pulmonary Fibrosis,ontology,idiopathic pulmonary fibrosis,MONDO:0800504,True,False,,True,,MONDO:0800504,15,119271.0
SRX17412845_9,2096,4723.0,2247,4872.0,2280,4872.0,SRX17412845,macrophage,CL:0000235,2096,4723.0,30.065636248147364,37.9208130425577,47.40630954901546,63.07431717128944,537.0,11.369892,222.0,4.7004023,0.0,0.0,2096,PRJNA563828,49,9,IPF / Pulmonary Fibrosis,ontology,idiopathic pulmonary fibrosis,MONDO:0800504,True,False,,True,,MONDO:0800504,20,117290.0
SRX17412847_26,1546,3215.0,1623,3313.9998,1657,3313.9998,SRX17412847,macrophage,CL:0000235,1546,3215.0,28.24261275272162,37.20062208398134,48.21150855365474,67.46500777604977,417.0,12.97045,302.0,9.393468,0.0,0.0,1546,PRJNA563828,39,26,IPF / Pulmonary Fibrosis,ontology,idiopathic pulmonary fibrosis,MONDO:0800504,True,False,,True,,MONDO:0800504,16,61327.0
SRX17412847_9,4293,18309.0,4513,18820.0,4625,18820.0,SRX17412847,macrophage,CL:0000235,4293,18309.0,29.70123982740729,36.95996504451362,46.11393303839642,60.60407449888034,1344.0,7.3406525,1412.0,7.7120543,0.0,0.0,4293,PRJNA563828,49,9,IPF / Pulmonary Fibrosis,ontology,idiopathic pulmonary fibrosis,MONDO:0800504,True,False,,True,,MONDO:0800504,10,85530.0
SRX17412848_9,4404,20875.0,4596,21328.0,4701,21328.0,SRX17412848,macrophage,CL:0000235,4404,20875.0,36.32574850299401,44.17245508982036,53.59041916167665,65.92574850299401,1068.0,5.1161675,1660.0,7.9520955,0.0,0.0,4404,PRJNA563828,49,9,IPF / Pulmonary Fibrosis,ontology,idiopathic pulmonary fibrosis,MONDO:0800504,True,False,,True,,MONDO:0800504,12,107875.0
SRX17412850_9,2944,12476.0,3093,12747.0,3142,12746.997,SRX17412850,macrophage,CL:0000235,2944,12476.0,40.07694773966015,49.51907662712408,60.452067970503364,73.20455274126323,238.0,1.9076626,1481.0,11.870791,0.0,0.0,2944,PRJNA563828,49,9,IPF / Pulmonary Fibrosis,ontology,idiopathic pulmonary fibrosis,MONDO:0800504,True,False,,True,,MONDO:0800504,37,243133.0
SRX17412851_26,1035,2226.0,1091,2288.0,1114,2287.9998,SRX17412851,B cell,CL:0000236,1035,2226.0,36.7026055705301,47.124887690925426,58.490566037735846,75.96585804132974,216.0,9.703505,315.0,14.150943,0.0,0.0,1035,PRJNA563828,39,26,IPF / Pulmonary Fibrosis,ontology,idiopathic pulmonary fibrosis,MONDO:0800504,True,False,,True,,MONDO:0800504,17,107121.0
SRX17412853_26,898,1769.0,948,1823.0002,962,1823.0001,SRX17412853,B cell,CL:0000236,898,1769.0,32.89994347088751,44.771057094403616,57.77275296777841,77.50141322781232,104.0,5.879028,301.0,17.015263,0.0,0.0,898,PRJNA563828,39,26,IPF / Pulmonary Fibrosis,ontology,idiopathic pulmonary fibrosis,MONDO:0800504,True,False,,True,,MONDO:0800504,13,91852.0
SRX17412853_9,3300,15173.0,3454,15556.0,3518,15555.999,SRX17412853,macrophage,CL:0000235,3300,15173.0,41.41567257628683,51.45982996111513,61.19422658670006,72.98490740130495,904.0,5.9579515,2102.0,13.853556,0.0,0.0,3300,PRJNA563828,49,9,IPF / Pulmonary Fibrosis,ontology,idiopathic pulmonary fibrosis,MONDO:0800504,True,False,,True,,MONDO:0800504,18,178964.0
SRX17412854_9,2867,9435.0,3014,9734.002,3079,9734.003,SRX17412854,macrophage,CL:0000235,2867,9435.0,39.55484896661367,47.60996290408055,55.84525702172761,67.90673025967143,1391.0,14.742978,1243.0,13.174351,0.0,0.0,2867,PRJNA563828,49,9,IPF / Pulmonary Fibrosis,ontology,idiopathic pulmonary fibrosis,MONDO:0800504,True,False,,True,,MONDO:0800504,34,163765.0
SRX17664572_14,2516,6172.0,2660,6462.0,2763,6462.0005,SRX17664572,B cell,CL:0000236,2516,6172.0,18.90797148412184,27.948801036941024,38.93389500972132,56.91834089436163,13.0,0.21062863,15.0,0.24303305,0.0,0.0,2516,PRJNA882878,20,14,Cystic Fibrosis,ontology,cystic fibrosis,MONDO:0009061,True,False,,True,,MONDO:0009061,11,106365.0
SRX17664572_26,2110,3696.0,2270,3993.9978,2342,3993.9978,SRX17664572,B cell,CL:0000236,2110,3696.0,16.125541125541126,23.593073593073594,33.19805194805195,51.89393939393939,12.0,0.32467532,17.0,0.4599567,0.0,0.0,2110,PRJNA882878,14,26,Cystic Fibrosis,ontology,cystic fibrosis,MONDO:0009061,True,False,,True,,MONDO:0009061,17,112643.0
SRX17664572_9,668,838.0,773,986.9998,792,986.9999,SRX17664572,B cell,CL:0000236,668,838.0,19.928400954653938,31.861575178997615,44.1527446300716,79.95226730310262,4.0,0.477327,7.0,0.8353222,0.0,0.0,668,PRJNA882878,14,9,Cystic Fibrosis,ontology,cystic fibrosis,MONDO:0009061,True,False,,True,,MONDO:0009061,12,53318.0
SRX17689195_26,3651,10559.0,3843,10911.001,3936,10911.004,SRX17689195,macrophage,CL:0000235,3651,10559.0,28.203428354957854,34.30249076617104,42.38090728288664,56.4636802727531,813.0,7.6995926,549.0,5.199356,2.0,0.018941188,3651,PRJNA883741,39,26,IPF / Pulmonary Fibrosis,study_consensus,,,False,True,healthy,True,,,14,87155.0
SRX17689197_1,1194,3179.0,1267,3332.0002,1310,3331.9998,SRX17689197,"CD4-positive, alpha-beta T cell",CL:0000624,1194,3179.0,36.898395721925134,48.63164517143756,61.654608367411136,78.16923560868197,105.0,3.3029253,760.0,23.906889,0.0,0.0,1194,PRJNA883741,4,1,IPF / Pulmonary Fibrosis,ontology,idiopathic pulmonary fibrosis,MONDO:0800504,True,False,,True,,MONDO:0800504,11,28153.0
SRX17689197_14,3225,10184.0,3403,10496.001,3468,10496.0,SRX17689197,alveolar adventitial fibroblast,CL:4028006,3225,10184.0,28.073448546739982,37.51963864886096,48.144147682639435,63.31500392772978,262.0,2.5726628,1109.0,10.88963,0.0,0.0,3225,PRJNA883741,29,14,IPF / Pulmonary Fibrosis,ontology,idiopathic pulmonary fibrosis,MONDO:0800504,True,False,,True,,MONDO:0800504,10,129208.0
SRX17689197_36,416,596.0,442,615.0,445,615.0,SRX17689197,plasma cell,CL:0000786,416,596.0,35.90604026845637,46.97986577181208,63.758389261744966,100.0,84.0,14.09396,46.0,7.7181206,0.0,0.0,416,PRJNA883741,16,36,IPF / Pulmonary Fibrosis,ontology,idiopathic pulmonary fibrosis,MONDO:0800504,True,False,,True,,MONDO:0800504,13,105201.0
SRX17689200_26,3402,14441.0,3591,14768.997,3658,14768.999,SRX17689200,macrophage,CL:0000235,3402,14441.0,41.146734990651616,50.25275257946126,60.15511391177897,71.52551762343327,791.0,5.47746,1416.0,9.805415,0.0,0.0,3402,PRJNA883741,39,26,IPF / Pulmonary Fibrosis,ontology,idiopathic pulmonary fibrosis,MONDO:0800504,True,False,,True,,MONDO:0800504,13,195746.0
SRX17689201_26,1697,5389.0,1801,5530.0,1842,5529.999,SRX17689201,macrophage,CL:0000235,1697,5389.0,42.75375765448135,52.718500649471146,62.442011504917424,76.58192614585266,366.0,6.7916126,621.0,11.523474,0.0,0.0,1697,PRJNA883741,39,26,IPF / Pulmonary Fibrosis,ontology,idiopathic pulmonary fibrosis,MONDO:0800504,True,False,,True,,MONDO:0800504,16,267447.0
SRX17689201_36,2101,5030.0,2215,5172.0,2250,5171.9995,SRX17689201,capillary endothelial cell,CL:0002144,2101,5030.0,25.467196819085487,34.47316103379722,45.46719681908549,62.86282306163022,173.0,3.439364,474.0,9.423459,0.0,0.0,2101,PRJNA883741,16,36,IPF / Pulmonary Fibrosis,ontology,idiopathic pulmonary fibrosis,MONDO:0800504,True,False,,True,,MONDO:0800504,10,91322.0
SRX17689202_9,3823,16647.0,4045,17260.994,4127,17260.996,SRX17689202,macrophage,CL:0000235,3823,16647.0,29.02024388778759,41.3467892112693,53.475100618730096,66.71472337358082,451.0,2.7091968,3161.0,18.988407,0.0,0.0,3823,PRJNA883741,49,9,IPF / Pulmonary Fibrosis,study_consensus,,,False,True,healthy,True,,,25,385398.0
SRX17689204_9,1321,3998.0,1403,4150.0,1434,4149.9995,SRX17689204,macrophage,CL:0000235,1321,3998.0,41.620810405202604,52.851425712856425,64.90745372686342,79.46473236618309,311.0,7.7788897,696.0,17.408705,0.0,0.0,1321,PRJNA883741,49,9,IPF / Pulmonary Fibrosis,ontology,idiopathic pulmonary fibrosis,MONDO:0800504,True,False,,True,,MONDO:0800504,10,96635.0
SRX17772371_17,3413,14682.0,3603,15371.998,3673,15371.996,SRX17772371,basal cell,CL:0000646,3413,14682.0,28.347636561776323,41.07750987603869,52.288516550878626,67.12981882577306,16.0,0.108976975,4368.0,29.750713,0.0,0.0,3413,PRJNA886085,20,17,Other,unmapped_ontology,inflammatory disease,MONDO:0021166,False,True,healthy,True,,MONDO:0021166,29,525383.0
SRX17772371_21,2265,7457.0,2409,7947.0005,2453,7947.002,SRX17772371,basal cell,CL:0000646,2265,7457.0,32.06383264047204,46.98940592731661,57.744401233740106,71.53010594072683,7.0,0.09387153,2609.0,34.98726,2.0,0.026820436,2265,PRJNA886085,20,21,Other,unmapped_ontology,inflammatory disease,MONDO:0021166,False,True,healthy,True,,MONDO:0021166,15,112554.0
SRX18248062_26,3708,14332.0,3919,14875.0,4049,14874.998,SRX18248062,macrophage,CL:0000235,3708,14332.0,27.707228579402738,37.14066424783701,48.778956181970415,63.612894222718396,594.0,4.144572,1388.0,9.684622,0.0,0.0,3708,PRJNA901260,49,26,Lung Cancer,ontology,lung adenocarcinoma,MONDO:0005061,True,False,,True,,MONDO:0005061,58,898659.0
SRX18248062_44,2305,4868.0,2457,5650.0005,2523,5650.0005,SRX18248062,lung multiciliated epithelial cell,CL:1000271,2305,4868.0,26.930977814297453,33.668857847165164,42.72801972062449,58.56614626129828,580.0,11.914544,171.0,3.5127363,0.0,0.0,2305,PRJNA901260,8,44,Lung Cancer,ontology,lung adenocarcinoma,MONDO:0005061,True,False,,True,,MONDO:0005061,12,141294.0
SRX18248062_9,3778,12298.0,3986,12839.0,4079,12839.0,SRX18248062,macrophage,CL:0000235,3778,12298.0,28.150918848593264,35.47731338429013,44.81216457960644,59.66823873800619,1101.0,8.952675,809.0,6.5783052,0.0,0.0,3778,PRJNA901260,49,9,Lung Cancer,ontology,lung adenocarcinoma,MONDO:0005061,True,False,,True,,MONDO:0005061,42,580218.0
SRX18248063_26,3746,12099.0,3943,12847.999,4076,12848.0,SRX18248063,macrophage,CL:0000235,3746,12099.0,30.52318373419291,37.44937598148607,45.94594594594595,59.674353252334896,1761.0,14.554922,250.0,2.0662866,0.0,0.0,3746,PRJNA901260,49,26,Lung Cancer,ontology,lung adenocarcinoma,MONDO:0005061,True,False,,True,,MONDO:0005061,13,330970.0
SRX18248063_34,4186,13717.0,4417,14285.998,4555,14285.999,SRX18248063,intermediate monocyte,CL:0002393,4186,13717.0,18.1016257199096,26.667638696507982,37.894583363709266,54.013268207333965,490.0,3.5722096,1370.0,9.987607,0.0,0.0,4186,PRJNA901260,39,34,Lung Cancer,ontology,lung adenocarcinoma,MONDO:0005061,True,False,,True,,MONDO:0005061,11,137529.0
SRX18248063_8,4516,14215.0,4764,14871.995,4947,14871.992,SRX18248063,club cell,CL:0000158,4516,14215.0,24.375659514597256,29.827646851916988,37.25641927541329,51.10798452339078,326.0,2.2933521,141.0,0.99191,0.0,0.0,4516,PRJNA901260,12,8,Lung Cancer,ontology,lung adenocarcinoma,MONDO:0005061,True,False,,True,,MONDO:0005061,11,255066.0
SRX18248063_9,4166,15665.0,4371,16584.0,4536,16583.992,SRX18248063,macrophage,CL:0000235,4166,15665.0,33.973827002872646,40.08937120970316,47.62208745611235,60.817108203000316,2864.0,18.282797,606.0,3.868497,0.0,0.0,4166,PRJNA901260,49,9,Lung Cancer,ontology,lung adenocarcinoma,MONDO:0005061,True,False,,True,,MONDO:0005061,15,363015.0
SRX18248064_26,811,1193.0,850,1387.0002,868,1386.9999,SRX18248064,macrophage,CL:0000235,811,1193.0,24.727577535624476,34.786253143336126,48.78457669740151,73.93126571668064,34.0,2.8499582,107.0,8.968986,0.0,0.0,811,PRJNA901260,49,26,Lung Cancer,ontology,lung adenocarcinoma,MONDO:0005061,True,False,,True,,MONDO:0005061,15,79317.0
SRX18248064_4,1839,3751.0,1956,4116.999,2009,4116.9995,SRX18248064,"CD8-positive, alpha-beta T cell",CL:0000625,1839,3751.0,22.76726206344975,31.751532924553455,42.97520661157025,61.42362036790189,104.0,2.772594,471.0,12.556651,0.0,0.0,1839,PRJNA901260,6,4,Lung Cancer,ontology,lung adenocarcinoma,MONDO:0005061,True,False,,True,,MONDO:0005061,13,41119.0
SRX18248064_5,1141,1972.0,1210,2145.9998,1244,2145.9995,SRX18248064,"CD8-positive, alpha-beta T cell",CL:0000625,1141,1972.0,25.25354969574036,34.27991886409736,46.8052738336714,67.49492900608519,54.0,2.7383366,220.0,11.156186,0.0,0.0,1141,PRJNA901260,4,5,Lung Cancer,ontology,lung adenocarcinoma,MONDO:0005061,True,False,,True,,MONDO:0005061,12,32816.0
SRX18248064_7,1552,2554.0,1654,2840.0,1685,2839.9995,SRX18248064,B cell,CL:0000236,1552,2554.0,22.278778386844166,29.913860610806577,39.81989036805012,58.80971025841817,35.0,1.3703994,220.0,8.613939,0.0,0.0,1552,PRJNA901260,49,7,Lung Cancer,ontology,lung adenocarcinoma,MONDO:0005061,True,False,,True,,MONDO:0005061,12,31208.0
SRX18248064_9,527,745.0,584,858.0001,592,858.0,SRX18248064,macrophage,CL:0000235,527,745.0,29.798657718120808,42.68456375838926,56.10738255033557,96.3758389261745,32.0,4.2953024,71.0,9.530202,0.0,0.0,527,PRJNA901260,49,9,Lung Cancer,ontology,lung adenocarcinoma,MONDO:0005061,True,False,,True,,MONDO:0005061,141,603396.0
SRX18248065_1,2178,4944.0,2305,5618.0,2360,5618.0005,SRX18248065,"CD4-positive, alpha-beta T cell",CL:0000624,2178,4944.0,25.667475728155342,36.58980582524271,46.96601941747573,62.398867313915865,183.0,3.7014563,912.0,18.446602,0.0,0.0,2178,PRJNA901260,4,1,Lung Cancer,ontology,lung adenocarcinoma,MONDO:0005061,True,False,,True,,MONDO:0005061,43,123589.0
SRX18248065_14,3014,7886.0,3167,8659.0,3266,8659.0,SRX18248065,bronchial smooth muscle cell,CL:0002598,3014,7886.0,28.341364443317268,36.53309662693381,46.27187420745626,60.58838447882323,136.0,1.7245753,878.0,11.133655,0.0,0.0,3014,PRJNA901260,59,14,Lung Cancer,ontology,lung adenocarcinoma,MONDO:0005061,True,False,,True,,MONDO:0005061,10,95887.0
SRX18248065_21,1650,3485.0,1777,3824.0,1807,3824.0002,SRX18248065,basal cell,CL:0000646,1650,3485.0,23.87374461979914,34.519368723099,46.571018651362984,66.22668579626972,59.0,1.6929699,592.0,16.987087,0.0,0.0,1650,PRJNA901260,20,21,Lung Cancer,ontology,lung adenocarcinoma,MONDO:0005061,True,False,,True,,MONDO:0005061,10,20151.0
SRX18248065_5,1357,2361.0,1440,2611.0,1469,2610.9998,SRX18248065,"CD4-positive, alpha-beta T cell",CL:0000624,1357,2361.0,20.626853028377806,30.156713257094452,43.07496823379924,63.70182126217704,81.0,3.43075,299.0,12.664125,0.0,0.0,1357,PRJNA901260,4,5,Lung Cancer,ontology,lung adenocarcinoma,MONDO:0005061,True,False,,True,,MONDO:0005061,14,44333.0
SRX18248065_52,2821,6035.0,3006,6561.0005,3095,6561.002,SRX18248065,B cell,CL:0000236,2821,6035.0,21.07705053852527,27.688483844241922,36.437448218724114,53.02402651201326,507.0,8.400994,389.0,6.4457335,0.0,0.0,2821,PRJNA901260,20,52,Lung Cancer,ontology,lung adenocarcinoma,MONDO:0005061,True,False,,True,,MONDO:0005061,17,327987.0
SRX18248066_1,1358,3449.0,1454,3823.0,1487,3823.0002,SRX18248066,"CD4-positive, alpha-beta T cell",CL:0000624,1358,3449.0,34.27080313134242,49.2606552623949,60.74224412873297,75.12322412293419,30.0,0.8698174,1051.0,30.4726,0.0,0.0,1358,PRJNA901260,4,1,Lung Cancer,ontology,lung adenocarcinoma,MONDO:0005061,True,False,,True,,MONDO:0005061,13,48528.0
SRX18248066_13,1724,3609.0,1860,3777.9995,1897,3777.999,SRX18248066,basophil,CL:0000767,1724,3609.0,26.489332224993074,36.85231366029371,47.32612912164034,65.5583264062067,176.0,4.876697,630.0,17.456358,0.0,0.0,1724,PRJNA901260,42,13,Lung Cancer,ontology,lung adenocarcinoma,MONDO:0005061,True,False,,True,,MONDO:0005061,14,128877.0
SRX18248066_9,6642,40718.0,6897,42878.984,7198,42878.945,SRX18248066,macrophage,CL:0000235,6642,40718.0,23.84449137973378,31.032958396777836,40.37280809470013,54.62449039736725,420.0,1.0314848,3243.0,7.9645367,0.0,0.0,6642,PRJNA901260,49,9,Lung Cancer,ontology,lung adenocarcinoma,MONDO:0005061,True,False,,True,,MONDO:0005061,10,337731.0
SRX18248069_1,1169,2167.0,1252,2682.0,1289,2681.9995,SRX18248069,"CD4-positive, alpha-beta T cell",CL:0000624,1169,2167.0,28.795569912321184,39.5016151361329,50.71527457314259,69.12782648823259,54.0,2.4919243,303.0,13.982465,0.0,0.0,1169,PRJNA901260,5,1,Lung Cancer,ontology,lung adenocarcinoma,MONDO:0005061,True,False,,True,,MONDO:0005061,15,31506.0
SRX18248069_20,4019,11955.0,4278,13353.003,4403,13353.001,SRX18248069,pulmonary alveolar type 2 cell,CL:0002063,4019,11955.0,35.45796737766625,41.63948138854036,48.93350062735257,59.93308239230447,2364.0,19.774153,903.0,7.5533247,0.0,0.0,4019,PRJNA901260,12,20,Lung Cancer,ontology,lung adenocarcinoma,MONDO:0005061,True,False,,True,,MONDO:0005061,16,242174.0
SRX18248069_24,1806,3798.0,1924,4662.0005,1972,4662.0015,SRX18248069,intermediate monocyte,CL:0002393,1806,3798.0,26.224328593996844,34.78146392838336,45.57661927330174,63.849394418114805,300.0,7.898894,355.0,9.347025,0.0,0.0,1806,PRJNA901260,39,24,Lung Cancer,ontology,lung adenocarcinoma,MONDO:0005061,True,False,,True,,MONDO:0005061,13,98591.0
SRX18248069_26,2795,7957.0,2962,11658.004,3080,11658.004,SRX18248069,macrophage,CL:0000235,2795,7957.0,32.424280507729044,38.708055799924594,47.35453060198567,62.18424029156717,1357.0,17.054167,90.0,1.1310796,0.0,0.0,2795,PRJNA901260,39,26,Lung Cancer,ontology,lung adenocarcinoma,MONDO:0005061,True,False,,True,,MONDO:0005061,20,268628.0
SRX18248069_6,1054,2014.0,1125,2347.0,1154,2347.001,SRX18248069,B cell,CL:0000236,1054,2014.0,28.351539225422044,40.16881827209533,52.73088381330685,72.49255213505462,95.0,4.7169814,403.0,20.00993,0.0,0.0,1054,PRJNA901260,1,6,Lung Cancer,ontology,lung adenocarcinoma,MONDO:0005061,True,False,,True,,MONDO:0005061,11,44505.0
SRX18248070_26,3945,17661.0,4116,18630.0,4238,18629.996,SRX18248070,macrophage,CL:0000235,3945,17661.0,27.382367929335828,36.69667629239567,47.103788007474094,63.416567578279825,998.0,5.650869,757.0,4.2862806,0.0,0.0,3945,PRJNA901260,49,26,Lung Cancer,ontology,lung adenocarcinoma,MONDO:0005061,True,False,,True,,MONDO:0005061,54,518102.0
SRX18248070_9,4284,19829.0,4481,20456.006,4609,20456.0,SRX18248070,macrophage,CL:0000235,4284,19829.0,34.73700136164204,43.022845327550556,52.25679560240053,65.79756921680368,1124.0,5.6684656,1045.0,5.270059,0.0,0.0,4284,PRJNA901260,49,9,Lung Cancer,ontology,lung adenocarcinoma,MONDO:0005061,True,False,,True,,MONDO:0005061,32,439854.0
SRX19693844_23,4427,15535.0,4661,16261.001,4800,16261.004,SRX19693844,basal cell,CL:0000646,4427,15535.0,30.45381396845832,41.46121660766012,49.85516575474735,61.27454135822337,1335.0,8.593499,3128.0,20.13518,0.0,0.0,4427,PRJNA945417,60,23,Other,missing_ontology,,,False,True,healthy,True,,,10,196545.0
SRX19693844_31,2002,4018.0,2170,4215.9976,2219,4215.997,SRX19693844,basal cell,CL:0000646,2002,4018.0,30.03982080637133,35.9880537580886,44.201095072175214,60.502737680438024,744.0,18.516674,31.0,0.7715281,0.0,0.0,2002,PRJNA945417,60,31,Other,missing_ontology,,,False,True,healthy,True,,,31,451457.0
SRX19693844_44,4044,10338.0,4264,10795.001,4426,10795.002,SRX19693844,lung multiciliated epithelial cell,CL:1000271,4044,10338.0,20.2070032888373,26.31069839427355,34.33933062487909,48.549042367962855,900.0,8.705746,99.0,0.95763206,1.0,0.009673051,4044,PRJNA945417,9,44,Other,missing_ontology,,,False,True,healthy,True,,,10,172271.0
SRX19693844_45,3234,9785.0,3441,10069.999,3511,10070.0,SRX19693844,respiratory tract goblet cell,CL:0002370,3234,9785.0,46.24425140521206,50.73071027082269,56.341338783852834,66.25447112927951,624.0,6.3771076,500.0,5.109862,0.0,0.0,3234,PRJNA945417,60,45,Other,missing_ontology,,,False,True,healthy,True,,,33,418979.0
SRX19693846_23,1740,4639.0,1850,4933.0,1907,4932.9995,SRX19693846,basal cell,CL:0000646,1740,4639.0,31.946540202629876,44.4707911187756,56.305238197887476,72.2353955593878,106.0,2.284975,917.0,19.76719,0.0,0.0,1740,PRJNA945417,60,23,Other,missing_ontology,,,False,True,healthy,True,,,14,221761.0
SRX19693846_31,4023,12687.0,4273,13474.003,4398,13473.995,SRX19693846,basal cell,CL:0000646,4023,12687.0,28.793252936076296,40.10404350910381,48.94774178292741,60.75510364940491,538.0,4.2405615,3128.0,24.655159,0.0,0.0,4023,PRJNA945417,60,31,Other,missing_ontology,,,False,True,healthy,True,,,34,573145.0
SRX19693846_43,8312,44780.0,8619,46853.0,9001,46852.977,SRX19693846,respiratory tract goblet cell,CL:0002370,8312,44780.0,25.97588209021885,34.269763287181775,41.72621706118803,52.311299687360425,4334.0,9.678428,7123.0,15.906654,0.0,0.0,8312,PRJNA945417,9,43,Other,missing_ontology,,,False,True,healthy,True,,,12,357553.0
SRX19693846_45,6146,26323.0,6414,27670.994,6636,27671.004,SRX19693846,basal cell,CL:0000646,6146,26323.0,25.935493674733124,36.211678000227934,44.55419215135053,55.96246628423812,930.0,3.5330317,4957.0,18.83144,0.0,0.0,6146,PRJNA945417,60,45,Other,missing_ontology,,,False,True,healthy,True,,,10,217693.0
SRX19704118_36,1029,2102.0,1119,2211.0005,1138,2211.0002,SRX19704118,endothelial cell of artery,CL:1000413,1029,2102.0,31.208372978116078,43.29210275927688,56.184586108468125,74.83349191246432,44.0,2.0932446,244.0,11.607992,0.0,0.0,1029,PRJNA945854,16,36,Interstitial Lung Disease,ontology,interstitial lung disease,MONDO:0015925,True,False,,True,,MONDO:0015925,13,18953.0
SRX19704122_44,1053,1544.0,1131,1756.9999,1147,1757.0005,SRX19704122,lung multiciliated epithelial cell,CL:1000271,1053,1544.0,21.178756476683937,30.634715025906733,43.5880829015544,64.18393782383419,74.0,4.792746,100.0,6.476684,0.0,0.0,1053,PRJNA945854,8,44,IPF / Pulmonary Fibrosis,ontology,idiopathic pulmonary fibrosis,MONDO:0800504,True,False,,True,,MONDO:0800504,10,19236.0
SRX19704123_8,1529,3957.0,1663,4062.9995,1673,4062.9993,SRX19704123,capillary endothelial cell,CL:0002144,1529,3957.0,50.13899418751579,55.319686631286324,61.91559262067222,73.99545109931766,355.0,8.971443,121.0,3.057872,0.0,0.0,1529,PRJNA945854,26,8,Other,missing_ontology,,,False,True,explicitControl,True,,,12,47817.0
SRX19704128_26,639,949.0,680,979.0,686,978.99994,SRX19704128,B cell,CL:0000236,639,949.0,26.65964172813488,38.25079030558483,53.74077976817703,85.35300316122235,59.0,6.2170706,22.0,2.3182297,0.0,0.0,639,PRJNA945854,39,26,Interstitial Lung Disease,ontology,interstitial lung disease,MONDO:0015925,True,False,,True,,MONDO:0015925,12,14001.0
SRX19704129_26,729,1179.0,773,1212.0,778,1212.0,SRX19704129,macrophage,CL:0000235,729,1179.0,29.855810008481765,40.37319762510602,55.13146734520781,80.57675996607294,61.0,5.1738763,69.0,5.8524175,0.0,0.0,729,PRJNA945854,39,26,Interstitial Lung Disease,ontology,interstitial lung disease,MONDO:0015925,True,False,,True,,MONDO:0015925,10,25213.0
SRX19704134_1,853,1748.0,901,1835.0001,920,1835.0001,SRX19704134,"CD4-positive, alpha-beta T cell",CL:0000624,853,1748.0,33.75286041189931,46.910755148741416,60.755148741418765,79.80549199084668,37.0,2.1167047,376.0,21.510298,0.0,0.0,853,PRJNA945854,5,1,Other,missing_ontology,,,False,True,explicitControl,True,,,11,20651.0
SRX19704135_1,880,2195.0,938,2323.0,958,2323.0002,SRX19704135,"CD4-positive, alpha-beta T cell",CL:0000624,880,2195.0,41.86788154897494,56.21867881548975,67.38041002277905,82.6879271070615,92.0,4.191344,803.0,36.583145,0.0,0.0,880,PRJNA945854,5,1,Other,missing_ontology,,,False,True,explicitControl,True,,,14,24123.0
SRX19704135_36,649,1006.0,693,1094.0,699,1094.0,SRX19704135,endothelial cell of artery,CL:1000413,649,1006.0,29.82107355864811,41.5506958250497,55.367793240556665,85.18886679920477,47.0,4.671968,125.0,12.425447,0.0,0.0,649,PRJNA945854,16,36,Other,missing_ontology,,,False,True,explicitControl,True,,,26,35785.0
SRX19704135_4,577,920.0,625,984.0,633,983.9999,SRX19704135,plasma cell,CL:0000786,577,920.0,33.69565217391305,45.76086956521739,59.02173913043478,91.63043478260869,45.0,4.8913045,121.0,13.152175,0.0,0.0,577,PRJNA945854,6,4,Other,missing_ontology,,,False,True,explicitControl,True,,,11,17809.0
SRX19704135_8,2226,7224.0,2366,7685.0005,2399,7685.0,SRX19704135,pulmonary alveolar type 2 cell,CL:0002063,2226,7224.0,39.70099667774086,49.141749723145075,58.74861572535991,71.88538205980066,244.0,3.3776302,1064.0,14.728682,0.0,0.0,2226,PRJNA945854,26,8,Other,missing_ontology,,,False,True,explicitControl,True,,,15,85562.0
SRX19704136_1,968,1829.0,1018,2415.0005,1040,2414.9993,SRX19704136,"CD4-positive, alpha-beta T cell",CL:0000624,968,1829.0,29.907053034445052,43.24767632586113,56.36960087479497,74.412247129579,66.0,3.6085293,388.0,21.213778,0.0,0.0,968,PRJNA945854,4,1,Other,missing_ontology,,,False,True,explicitControl,True,,,11,21559.0
SRX19704136_36,1002,1828.0,1061,1974.9999,1072,1974.9998,SRX19704136,capillary endothelial cell,CL:0002144,1002,1828.0,30.306345733041574,40.80962800875273,53.39168490153173,72.5382932166302,63.0,3.4463894,128.0,7.002188,0.0,0.0,1002,PRJNA945854,16,36,Other,missing_ontology,,,False,True,explicitControl,True,,,12,19760.0
SRX19704136_8,1716,4216.0,1819,4477.0,1851,4476.9995,SRX19704136,pulmonary alveolar type 1 cell,CL:0002062,1716,4216.0,31.997153700189752,43.35863377609108,53.91366223908919,70.0426944971537,166.0,3.9373815,891.0,21.133776,0.0,0.0,1716,PRJNA945854,12,8,Other,missing_ontology,,,False,True,explicitControl,True,,,21,143317.0
SRX19704137_36,689,1157.0,728,1289.0,737,1289.0,SRX19704137,capillary endothelial cell,CL:0002144,689,1157.0,33.01642178046673,43.38807260155575,57.73552290406223,83.66464995678479,26.0,2.247191,41.0,3.5436473,0.0,0.0,689,PRJNA945854,16,36,Other,missing_ontology,,,False,True,explicitControl,True,,,29,64200.0
SRX19704137_8,1187,2159.0,1247,2386.0005,1269,2385.9995,SRX19704137,pulmonary alveolar type 2 cell,CL:0002063,1187,2159.0,32.79295970356647,39.97220935618342,50.115794349235756,68.1797128300139,342.0,15.840668,36.0,1.6674386,0.0,0.0,1187,PRJNA945854,26,8,Other,missing_ontology,,,False,True,explicitControl,True,,,16,136384.0
SRX19704138_36,482,740.0,508,801.0,512,800.99994,SRX19704138,endothelial cell of artery,CL:1000413,482,740.0,35.67567567567568,48.37837837837838,61.891891891891895,100.0,27.0,3.6486487,47.0,6.351351,0.0,0.0,482,PRJNA945854,16,36,Other,missing_ontology,,,False,True,explicitControl,True,,,22,26789.0
SRX19704138_43,735,1283.0,794,1355.0,801,1354.9999,SRX19704138,lung multiciliated epithelial cell,CL:1000271,735,1283.0,33.203429462197974,44.19329696024942,58.3008573655495,81.68355416991426,232.0,18.082619,147.0,11.457521,0.0,0.0,735,PRJNA945854,8,43,Other,missing_ontology,,,False,True,explicitControl,True,,,11,21204.0
SRX19704138_59,695,1327.0,774,1417.0001,788,1417.0001,SRX19704138,endothelial cell of lymphatic vessel,CL:0002138,695,1327.0,34.36322532027129,47.55086661642803,62.69781461944235,85.3051996985682,45.0,3.391108,307.0,23.13489,0.0,0.0,695,PRJNA945854,15,59,Other,missing_ontology,,,False,True,explicitControl,True,,,11,15969.0
SRX19704138_8,727,1195.0,775,1303.0,787,1303.0,SRX19704138,capillary endothelial cell,CL:0002144,727,1195.0,36.48535564853557,44.853556485355654,55.89958158995816,81.00418410041841,165.0,13.80753,73.0,6.1087866,0.0,0.0,727,PRJNA945854,13,8,Other,missing_ontology,,,False,True,explicitControl,True,,,17,61182.0
SRX19704138_9,1558,4723.0,1650,4976.001,1672,4976.0,SRX19704138,macrophage,CL:0000235,1558,4723.0,38.30192674147788,49.67181875926318,60.78763497776837,76.4768155833157,294.0,6.224857,656.0,13.889477,0.0,0.0,1558,PRJNA945854,52,9,Other,missing_ontology,,,False,True,explicitControl,True,,,25,115242.0
SRX19704139_36,651,936.0,698,1059.0,703,1059.0,SRX19704139,capillary endothelial cell,CL:0002144,651,936.0,29.059829059829063,39.743589743589745,51.81623931623932,83.86752136752136,30.0,3.2051284,74.0,7.905983,0.0,0.0,651,PRJNA945854,16,36,IPF / Pulmonary Fibrosis,ontology,pulmonary fibrosis,MONDO:0002771,False,True,explicitControl,True,,MONDO:0002771,38,57226.0
SRX19704139_38,622,973.0,665,1028.9998,670,1029.0,SRX19704139,pulmonary alveolar type 1 cell,CL:0002062,622,973.0,31.654676258992804,42.959917780061666,56.62898252826311,87.46145940390545,78.0,8.016444,93.0,9.558067,0.0,0.0,622,PRJNA945854,12,38,IPF / Pulmonary Fibrosis,ontology,pulmonary fibrosis,MONDO:0002771,False,True,explicitControl,True,,MONDO:0002771,12,26965.0
SRX19704141_36,476,735.0,511,767.00006,521,767.0,SRX19704141,plasma cell,CL:0000786,476,735.0,34.69387755102041,48.435374149659864,62.44897959183674,100.0,15.0,2.0408163,115.0,15.646258,0.0,0.0,476,PRJNA945854,16,36,IPF / Pulmonary Fibrosis,ontology,pulmonary fibrosis,MONDO:0002771,False,True,explicitControl,True,,MONDO:0002771,13,14032.0
SRX19704141_43,1016,1548.0,1094,1787.9998,1107,1788.0,SRX19704141,lung multiciliated epithelial cell,CL:1000271,1016,1548.0,20.671834625322997,30.94315245478036,44.57364341085272,66.66666666666666,92.0,5.9431524,146.0,9.431524,0.0,0.0,1016,PRJNA945854,8,43,IPF / Pulmonary Fibrosis,ontology,pulmonary fibrosis,MONDO:0002771,False,True,explicitControl,True,,MONDO:0002771,22,43054.0
SRX19704141_44,1561,2568.0,1672,2726.0,1689,2725.9998,SRX19704141,lung multiciliated epithelial cell,CL:1000271,1561,2568.0,21.18380062305296,28.738317757009348,39.6417445482866,58.68380062305296,174.0,6.775701,156.0,6.0747666,0.0,0.0,1561,PRJNA945854,8,44,IPF / Pulmonary Fibrosis,ontology,pulmonary fibrosis,MONDO:0002771,False,True,explicitControl,True,,MONDO:0002771,10,16664.0
SRX19704141_45,1617,8742.0,1720,9119.999,1751,9120.001,SRX19704141,respiratory tract goblet cell,CL:0002370,1617,8742.0,69.50354609929079,74.9599633951041,80.32486845115534,87.22260352322124,268.0,3.06566,766.0,8.762297,0.0,0.0,1617,PRJNA945854,12,45,IPF / Pulmonary Fibrosis,ontology,pulmonary fibrosis,MONDO:0002771,False,True,explicitControl,True,,MONDO:0002771,17,54286.0
SRX19704141_8,781,1919.0,841,1989.0,861,1989.0001,SRX19704141,plasma cell,CL:0000786,781,1919.0,46.638874413757165,56.800416883793645,68.264721208963,85.35695674830642,53.0,2.7618551,332.0,17.300678,0.0,0.0,781,PRJNA945854,26,8,IPF / Pulmonary Fibrosis,ontology,pulmonary fibrosis,MONDO:0002771,False,True,explicitControl,True,,MONDO:0002771,46,78462.0
SRX19704141_9,1130,2881.0,1184,2994.0,1204,2993.9995,SRX19704141,macrophage,CL:0000235,1130,2881.0,35.05727178063173,47.726483859770916,61.402290871225276,78.13259284970496,199.0,6.907324,499.0,17.320375,0.0,0.0,1130,PRJNA945854,39,9,IPF / Pulmonary Fibrosis,ontology,pulmonary fibrosis,MONDO:0002771,False,True,explicitControl,True,,MONDO:0002771,23,44264.0
SRX19704142_1,1227,2326.0,1289,2459.0,1312,2458.9998,SRX19704142,"CD4-positive, alpha-beta T cell",CL:0000624,1227,2326.0,30.051590713671537,40.06878761822872,51.03181427343079,68.74462596732587,19.0,0.816853,376.0,16.165089,0.0,0.0,1227,PRJNA945854,5,1,IPF / Pulmonary Fibrosis,ontology,idiopathic pulmonary fibrosis,MONDO:0800504,True,False,,True,,MONDO:0800504,13,19635.0
SRX19704142_43,2445,5272.0,2569,5599.0,2613,5599.0,SRX19704142,lung multiciliated epithelial cell,CL:1000271,2445,5272.0,23.899848254931715,32.73899848254932,42.60242792109257,58.11836115326252,145.0,2.7503793,694.0,13.163884,0.0,0.0,2445,PRJNA945854,8,43,IPF / Pulmonary Fibrosis,ontology,idiopathic pulmonary fibrosis,MONDO:0800504,True,False,,True,,MONDO:0800504,29,39359.0
SRX19704142_44,3971,8947.0,4179,9557.001,4249,9557.006,SRX19704142,lung multiciliated epithelial cell,CL:1000271,3971,8947.0,14.541186990052532,20.58790656085839,28.89236615625349,44.67419246674863,94.0,1.0506315,402.0,4.4931264,0.0,0.0,3971,PRJNA945854,8,44,IPF / Pulmonary Fibrosis,ontology,idiopathic pulmonary fibrosis,MONDO:0800504,True,False,,True,,MONDO:0800504,27,125717.0
SRX19704143_1,423,644.0,456,679.0,457,679.0,SRX19704143,"CD4-positive, alpha-beta T cell",CL:0000624,423,644.0,40.993788819875775,49.84472049689441,65.37267080745342,100.0,26.0,4.0372667,12.0,1.8633541,0.0,0.0,423,PRJNA945854,5,1,IPF / Pulmonary Fibrosis,ontology,idiopathic pulmonary fibrosis,MONDO:0800504,True,False,,True,,MONDO:0800504,12,24731.0
SRX19704143_26,2639,9606.0,2788,10002.998,2821,10002.998,SRX19704143,macrophage,CL:0000235,2639,9606.0,39.43368727878409,47.917967936706226,57.870081199250464,71.08057464084948,164.0,1.7072663,782.0,8.140745,0.0,0.0,2639,PRJNA945854,39,26,IPF / Pulmonary Fibrosis,ontology,idiopathic pulmonary fibrosis,MONDO:0800504,True,False,,True,,MONDO:0800504,11,60095.0
SRX19704143_36,552,756.0,584,840.99994,586,840.99994,SRX19704143,capillary endothelial cell,CL:0002144,552,756.0,30.02645502645503,40.21164021164021,53.43915343915344,93.12169312169311,9.0,1.1904762,18.0,2.3809524,0.0,0.0,552,PRJNA945854,16,36,IPF / Pulmonary Fibrosis,ontology,idiopathic pulmonary fibrosis,MONDO:0800504,True,False,,True,,MONDO:0800504,12,21885.0
SRX19704143_43,814,1249.0,868,1474.0001,874,1474.0,SRX19704143,lung multiciliated epithelial cell,CL:1000271,814,1249.0,27.542033626901517,37.710168134507605,50.84067253803043,74.85988791032825,38.0,3.042434,137.0,10.968776,0.0,0.0,814,PRJNA945854,8,43,IPF / Pulmonary Fibrosis,ontology,idiopathic pulmonary fibrosis,MONDO:0800504,True,False,,True,,MONDO:0800504,36,40732.0
SRX19704143_44,1103,2178.0,1193,4177.0034,1204,4177.0034,SRX19704143,lung multiciliated epithelial cell,CL:1000271,1103,2178.0,42.102846648301195,48.39302112029385,57.57575757575758,72.31404958677686,357.0,16.391186,76.0,3.48944,0.0,0.0,1103,PRJNA945854,8,44,IPF / Pulmonary Fibrosis,ontology,idiopathic pulmonary fibrosis,MONDO:0800504,True,False,,True,,MONDO:0800504,23,138934.0
SRX19704143_9,423,546.0,468,652.0,472,652.00006,SRX19704143,plasma cell,CL:0000786,423,546.0,30.036630036630036,40.84249084249084,59.15750915750916,100.0,18.0,3.2967036,60.0,10.989011,0.0,0.0,423,PRJNA945854,8,9,IPF / Pulmonary Fibrosis,ontology,idiopathic pulmonary fibrosis,MONDO:0800504,True,False,,True,,MONDO:0800504,27,43312.0
SRX19704144_21,409,823.0,435,946.99976,442,946.9999,SRX19704144,plasma cell,CL:0000786,409,823.0,48.359659781287974,60.99635479951397,74.60510328068044,100.0,1.0,0.12150669,258.0,31.348722,0.0,0.0,409,PRJNA945854,12,21,IPF / Pulmonary Fibrosis,ontology,idiopathic interstitial pneumonia,MONDO:0002429,True,False,,True,,MONDO:0002429,53,85743.0
SRX19704144_34,796,1499.0,840,1666.9998,850,1666.9999,SRX19704144,plasma cell,CL:0000786,796,1499.0,33.15543695797198,45.030020013342224,59.43962641761175,80.25350233488993,22.0,1.467645,231.0,15.410273,0.0,0.0,796,PRJNA945854,43,34,IPF / Pulmonary Fibrosis,ontology,idiopathic interstitial pneumonia,MONDO:0002429,True,False,,True,,MONDO:0002429,13,32727.0
SRX19704144_36,1239,2531.0,1275,2749.0,1291,2748.9998,SRX19704144,capillary endothelial cell,CL:0002144,1239,2531.0,31.291979454760966,41.16949822204663,52.508889766890555,70.80205452390359,0.0,0.0,342.0,13.512446,0.0,0.0,1239,PRJNA945854,16,36,IPF / Pulmonary Fibrosis,ontology,idiopathic interstitial pneumonia,MONDO:0002429,True,False,,True,,MONDO:0002429,16,42505.0
SRX19704144_5,595,1179.0,640,1286.0,652,1285.9999,SRX19704144,plasma cell,CL:0000786,595,1179.0,40.79728583545377,53.18066157760815,66.49703138252757,91.94232400339271,23.0,1.9508058,327.0,27.73537,0.0,0.0,595,PRJNA945854,5,5,IPF / Pulmonary Fibrosis,ontology,idiopathic interstitial pneumonia,MONDO:0002429,True,False,,True,,MONDO:0002429,12,24662.0
SRX19704144_8,2505,9606.0,2651,10104.0,2698,10104.001,SRX19704144,pulmonary alveolar type 2 cell,CL:0002063,2505,9606.0,39.51696856131585,51.56152404747033,61.82594211950864,73.98500936914428,262.0,2.727462,2580.0,26.858213,0.0,0.0,2505,PRJNA945854,26,8,IPF / Pulmonary Fibrosis,ontology,idiopathic interstitial pneumonia,MONDO:0002429,True,False,,True,,MONDO:0002429,44,449370.0
SRX19704144_9,1808,4391.0,1947,4640.0,1978,4639.9995,SRX19704144,"CD8-positive, alpha-beta T cell",CL:0000625,1808,4391.0,32.316101115918926,42.83762240947392,53.6779776816215,68.98200865406513,102.0,2.3229332,747.0,17.01207,0.0,0.0,1808,PRJNA945854,39,9,IPF / Pulmonary Fibrosis,ontology,idiopathic interstitial pneumonia,MONDO:0002429,True,False,,True,,MONDO:0002429,22,132791.0
SRX19704145_20,1167,3311.0,1233,3637.9998,1251,3637.999,SRX19704145,plasma cell,CL:0000786,1167,3311.0,46.81365146481426,56.93144065237089,67.13983690727878,79.855028692238,48.0,1.4497131,518.0,15.64482,0.0,0.0,1167,PRJNA945854,12,20,IPF / Pulmonary Fibrosis,ontology,idiopathic interstitial pneumonia,MONDO:0002429,True,False,,True,,MONDO:0002429,25,52192.0
SRX19704145_21,554,876.0,592,1167.0002,602,1167.0001,SRX19704145,plasma cell,CL:0000786,554,876.0,36.3013698630137,48.05936073059361,59.589041095890416,93.83561643835617,11.0,1.2557077,151.0,17.237442,0.0,0.0,554,PRJNA945854,12,21,IPF / Pulmonary Fibrosis,ontology,idiopathic interstitial pneumonia,MONDO:0002429,True,False,,True,,MONDO:0002429,37,35989.0
SRX19704145_31,1874,4260.0,2012,4565.0005,2043,4565.0005,SRX19704145,basal cell,CL:0000646,1874,4260.0,33.4037558685446,43.051643192488264,52.58215962441315,67.74647887323944,164.0,3.8497653,788.0,18.497654,0.0,0.0,1874,PRJNA945854,17,31,IPF / Pulmonary Fibrosis,ontology,idiopathic interstitial pneumonia,MONDO:0002429,True,False,,True,,MONDO:0002429,22,60276.0
SRX19704145_36,482,783.0,513,837.0,521,837.0,SRX19704145,vein endothelial cell,CL:0002543,482,783.0,36.52618135376756,49.297573435504475,63.984674329501914,100.0,41.0,5.2362704,136.0,17.369093,0.0,0.0,482,PRJNA945854,16,36,IPF / Pulmonary Fibrosis,ontology,idiopathic interstitial pneumonia,MONDO:0002429,True,False,,True,,MONDO:0002429,26,28483.0
SRX19704145_43,554,975.0,592,1095.0,599,1094.9999,SRX19704145,B cell,CL:0000236,554,975.0,42.05128205128205,52.307692307692314,63.69230769230769,94.46153846153847,54.0,5.538461,167.0,17.128204,0.0,0.0,554,PRJNA945854,8,43,IPF / Pulmonary Fibrosis,ontology,idiopathic interstitial pneumonia,MONDO:0002429,True,False,,True,,MONDO:0002429,86,169368.0
SRX19704145_44,1248,2112.0,1323,2275.0,1337,2275.0,SRX19704145,lung multiciliated epithelial cell,CL:1000271,1248,2112.0,25.094696969696972,34.51704545454545,45.54924242424242,64.58333333333334,57.0,2.6988637,321.0,15.198864,1.0,0.047348484,1248,PRJNA945854,8,44,IPF / Pulmonary Fibrosis,ontology,idiopathic interstitial pneumonia,MONDO:0002429,True,False,,True,,MONDO:0002429,11,25633.0
SRX19704145_45,415,1564.0,459,1623.0,462,1623.0001,SRX19704145,plasma cell,CL:0000786,415,1564.0,74.29667519181585,79.85933503836317,86.2531969309463,100.0,8.0,0.51150894,158.0,10.102302,0.0,0.0,415,PRJNA945854,12,45,IPF / Pulmonary Fibrosis,ontology,idiopathic interstitial pneumonia,MONDO:0002429,True,False,,True,,MONDO:0002429,34,91887.0
SRX19704145_9,890,2191.0,946,2445.0,961,2445.0002,SRX19704145,macrophage,CL:0000235,890,2191.0,42.720219078046554,53.765403925148334,65.26700136923779,82.19990871748061,37.0,1.6887267,280.0,12.779553,0.0,0.0,890,PRJNA945854,39,9,IPF / Pulmonary Fibrosis,ontology,idiopathic interstitial pneumonia,MONDO:0002429,True,False,,True,,MONDO:0002429,34,49551.0
SRX19704147_9,497,655.0,533,701.99994,540,702.0,SRX19704147,plasma cell,CL:0000786,497,655.0,29.312977099236644,39.38931297709924,54.656488549618324,100.0,21.0,3.2061071,54.0,8.244274,0.0,0.0,497,PRJNA945854,39,9,IPF / Pulmonary Fibrosis,ontology,idiopathic pulmonary fibrosis,MONDO:0800504,True,False,,True,,MONDO:0800504,21,52665.0
SRX19704148_26,1448,2776.0,1523,2863.0,1537,2863.0,SRX19704148,macrophage,CL:0000235,1448,2776.0,30.79971181556196,38.65273775216138,48.27089337175792,65.85014409221903,190.0,6.8443804,50.0,1.8011527,0.0,0.0,1448,PRJNA945854,39,26,IPF / Pulmonary Fibrosis,ontology,idiopathic pulmonary fibrosis,MONDO:0800504,True,False,,True,,MONDO:0800504,33,104125.0
SRX19704148_9,2690,7890.0,2853,8553.998,2895,8553.998,SRX19704148,club cell,CL:0000158,2690,7890.0,32.623574144486696,43.10519645120405,52.9277566539924,66.61596958174904,523.0,6.6286435,1109.0,14.055766,0.0,0.0,2690,PRJNA945854,39,9,IPF / Pulmonary Fibrosis,ontology,idiopathic pulmonary fibrosis,MONDO:0800504,True,False,,True,,MONDO:0800504,28,24982.0
SRX19704149_26,1173,2277.0,1217,2337.0,1238,2337.0,SRX19704149,macrophage,CL:0000235,1173,2277.0,24.154589371980677,34.95827843653931,48.792270531400966,70.44356609574001,37.0,1.6249452,34.0,1.4931928,0.0,0.0,1173,PRJNA945854,39,26,IPF / Pulmonary Fibrosis,ontology,idiopathic pulmonary fibrosis,MONDO:0800504,True,False,,True,,MONDO:0800504,10,31103.0
SRX19704149_9,1742,3271.0,1840,3377.0002,1863,3377.0,SRX19704149,macrophage,CL:0000235,1742,3271.0,26.16936716600428,33.78171812901253,43.7175175787221,62.0299602568022,169.0,5.1666155,186.0,5.6863346,0.0,0.0,1742,PRJNA945854,39,9,IPF / Pulmonary Fibrosis,ontology,idiopathic pulmonary fibrosis,MONDO:0800504,True,False,,True,,MONDO:0800504,16,64891.0
SRX19704150_9,1618,6166.0,1702,6403.0,1730,6402.9995,SRX19704150,macrophage,CL:0000235,1618,6166.0,41.40447615958482,53.94096659098281,66.31527732727862,80.03567953292247,263.0,4.265326,1395.0,22.624067,0.0,0.0,1618,PRJNA945854,39,9,IPF / Pulmonary Fibrosis,ontology,pulmonary fibrosis,MONDO:0002771,True,False,,True,,MONDO:0002771,11,53366.0
SRX19704151_26,2901,11520.0,3081,12888.997,3142,12888.997,SRX19704151,macrophage,CL:0000235,2901,11520.0,35.494791666666664,46.979166666666664,58.411458333333336,71.44965277777777,624.0,5.4166665,1678.0,14.565971,0.0,0.0,2901,PRJNA945854,39,26,IPF / Pulmonary Fibrosis,ontology,idiopathic pulmonary fibrosis,MONDO:0800504,True,False,,True,,MONDO:0800504,14,94855.0
SRX19704152_9,502,682.0,538,746.00006,548,746.0001,SRX19704152,B cell,CL:0000236,502,682.0,28.445747800586513,41.05571847507331,55.718475073313776,99.70674486803519,26.0,3.812317,66.0,9.677419,0.0,0.0,502,PRJNA945854,39,9,IPF / Pulmonary Fibrosis,ontology,idiopathic pulmonary fibrosis,MONDO:0800504,True,False,,True,,MONDO:0800504,28,19270.0
SRX19704153_4,2214,5339.0,2336,5718.0,2361,5718.0005,SRX19704153,"CD8-positive, alpha-beta T cell",CL:0000625,2214,5339.0,26.165948679528,37.08559655366174,48.82936879565462,63.75725791346694,240.0,4.495224,820.0,15.358682,1.0,0.018730098,2214,PRJNA945854,5,4,Other,missing_ontology,,,False,True,explicitControl,True,,,12,43817.0
SRX19704154_20,1050,1896.0,1113,4121.997,1122,4122.0,SRX19704154,pulmonary alveolar type 1 cell,CL:0002062,1050,1896.0,29.58860759493671,40.29535864978903,52.426160337552744,70.9915611814346,98.0,5.168776,335.0,17.668776,0.0,0.0,1050,PRJNA945854,12,20,Interstitial Lung Disease,ontology,anthracosis,MONDO:0006654,True,False,,True,,MONDO:0006654,13,63712.0
SRX19704154_8,3242,14231.0,3407,14739.999,3452,14739.996,SRX19704154,pulmonary alveolar type 2 cell,CL:0002063,3242,14231.0,39.6458435809149,50.03864802192397,59.820111025226616,71.97667064858408,611.0,4.293444,2564.0,18.017004,0.0,0.0,3242,PRJNA945854,26,8,Interstitial Lung Disease,ontology,anthracosis,MONDO:0006654,True,False,,True,,MONDO:0006654,10,62586.0
SRX19704154_9,2273,7569.0,2383,7798.0005,2399,7798.0005,SRX19704154,macrophage,CL:0000235,2273,7569.0,38.1159994715286,47.826661381952704,57.78834720570749,71.88532170696261,229.0,3.0254989,603.0,7.9667063,0.0,0.0,2273,PRJNA945854,39,9,Interstitial Lung Disease,ontology,anthracosis,MONDO:0006654,True,False,,True,,MONDO:0006654,13,56088.0
SRX19704156_20,1404,2921.0,1509,3412.0,1525,3411.9995,SRX19704156,club cell,CL:0000158,1404,2921.0,43.13591235878123,48.4423142759329,55.35775419376926,69.05169462512838,470.0,16.09038,66.0,2.2595,0.0,0.0,1404,PRJNA945854,12,20,Interstitial Lung Disease,ontology,interstitial lung disease,MONDO:0015925,True,False,,True,,MONDO:0015925,17,115864.0
SRX19704157_26,1906,6337.0,2015,6638.999,2053,6638.999,SRX19704157,macrophage,CL:0000235,1906,6337.0,35.726684551049395,47.38835411077797,59.83904055546788,74.40429225185419,148.0,2.33549,877.0,13.839356,0.0,0.0,1906,PRJNA945854,39,26,Interstitial Lung Disease,ontology,interstitial lung disease,MONDO:0015925,True,False,,True,,MONDO:0015925,11,133607.0
SRX19704157_36,1117,1760.0,1207,2054.0,1212,2053.9993,SRX19704157,endothelial cell of artery,CL:1000413,1117,1760.0,26.704545454545453,34.54545454545455,45.909090909090914,64.94318181818181,140.0,7.9545455,36.0,2.0454545,0.0,0.0,1117,PRJNA945854,16,36,Interstitial Lung Disease,ontology,interstitial lung disease,MONDO:0015925,True,False,,True,,MONDO:0015925,16,58644.0
SRX19704158_36,425,514.0,447,566.9999,450,566.9999,SRX19704158,plasma cell,CL:0000786,425,514.0,26.653696498054476,36.77042801556421,56.22568093385214,100.0,20.0,3.8910503,12.0,2.3346303,0.0,0.0,425,PRJNA945854,16,36,IPF / Pulmonary Fibrosis,ontology,idiopathic pulmonary fibrosis,MONDO:0800504,True,False,,True,,MONDO:0800504,41,61202.0
SRX19704158_9,2204,6707.0,2308,7345.0005,2345,7345.0015,SRX19704158,macrophage,CL:0000235,2204,6707.0,34.62054569852393,44.47592067988669,54.94259728641717,69.89712240942299,161.0,2.400477,572.0,8.528403,0.0,0.0,2204,PRJNA945854,39,9,IPF / Pulmonary Fibrosis,ontology,idiopathic pulmonary fibrosis,MONDO:0800504,True,False,,True,,MONDO:0800504,30,262430.0
SRX19704159_20,791,1336.0,867,1447.0001,876,1447.0,SRX19704159,respiratory tract goblet cell,CL:0002370,791,1336.0,37.3502994011976,44.83532934131736,55.76347305389222,78.21856287425149,236.0,17.66467,67.0,5.0149703,0.0,0.0,791,PRJNA945854,12,20,IPF / Pulmonary Fibrosis,ontology,idiopathic pulmonary fibrosis,MONDO:0800504,True,False,,True,,MONDO:0800504,11,34090.0
SRX19704159_26,1008,2502.0,1089,2667.0002,1114,2667.0,SRX19704159,macrophage,CL:0000235,1008,2502.0,35.651478816946444,49.44044764188649,63.189448441246995,79.69624300559552,83.0,3.317346,516.0,20.6235,0.0,0.0,1008,PRJNA945854,39,26,IPF / Pulmonary Fibrosis,ontology,idiopathic pulmonary fibrosis,MONDO:0800504,True,False,,True,,MONDO:0800504,31,146888.0
SRX19704159_36,664,1173.0,714,1236.0,725,1236.0001,SRX19704159,vein endothelial cell,CL:0002543,664,1173.0,34.69735720375107,47.14407502131287,60.44330775788577,86.01875532821825,68.0,5.7971015,222.0,18.92583,0.0,0.0,664,PRJNA945854,16,36,IPF / Pulmonary Fibrosis,ontology,idiopathic pulmonary fibrosis,MONDO:0800504,True,False,,True,,MONDO:0800504,17,34352.0
SRX19704159_43,2631,6099.0,2778,6460.001,2825,6460.0,SRX19704159,lung multiciliated epithelial cell,CL:1000271,2631,6099.0,22.807017543859647,31.44777832431546,42.26922446302673,58.86210854238399,563.0,9.231021,713.0,11.690441,0.0,0.0,2631,PRJNA945854,8,43,IPF / Pulmonary Fibrosis,ontology,idiopathic pulmonary fibrosis,MONDO:0800504,True,False,,True,,MONDO:0800504,25,102746.0
SRX19704159_44,3996,11486.0,4179,12081.999,4266,12081.997,SRX19704159,lung multiciliated epithelial cell,CL:1000271,3996,11486.0,21.513146439143306,29.27041615880202,39.10847988855999,54.47501305937663,842.0,7.3306637,933.0,8.122932,1.0,0.008706251,3996,PRJNA945854,8,44,IPF / Pulmonary Fibrosis,ontology,idiopathic pulmonary fibrosis,MONDO:0800504,True,False,,True,,MONDO:0800504,28,109054.0
SRX19704159_45,1783,8356.0,1910,8646.997,1949,8647.001,SRX19704159,basal cell,CL:0000646,1783,8356.0,59.023456199138344,67.26902824317855,74.54523695548109,83.55672570607946,321.0,3.841551,1263.0,15.114887,0.0,0.0,1783,PRJNA945854,12,45,IPF / Pulmonary Fibrosis,ontology,idiopathic pulmonary fibrosis,MONDO:0800504,True,False,,True,,MONDO:0800504,16,99673.0
SRX19704159_9,667,1723.0,732,1800.9995,744,1800.9996,SRX19704159,macrophage,CL:0000235,667,1723.0,48.81021474172954,60.18572257690076,72.89611143354614,90.30760301799188,100.0,5.8038306,222.0,12.884503,0.0,0.0,667,PRJNA945854,39,9,IPF / Pulmonary Fibrosis,ontology,idiopathic pulmonary fibrosis,MONDO:0800504,True,False,,True,,MONDO:0800504,11,50436.0
SRX19704160_5,1088,2367.0,1160,2566.9998,1181,2566.9998,SRX19704160,"CD8-positive, alpha-beta T cell",CL:0000625,1088,2367.0,34.43177017321504,48.07773553020701,59.40008449514153,75.15842839036755,109.0,4.604985,643.0,27.16519,0.0,0.0,1088,PRJNA945854,5,5,IPF / Pulmonary Fibrosis,ontology,idiopathic pulmonary fibrosis,MONDO:0800504,True,False,,True,,MONDO:0800504,13,26625.0
SRX19704161_36,1568,3623.0,1641,3948.0002,1677,3948.0,SRX19704161,vein endothelial cell,CL:0002543,1568,3623.0,31.162020425062103,43.6378691691968,54.87165332597294,70.52166712669059,206.0,5.685896,844.0,23.29561,0.0,0.0,1568,PRJNA945854,16,36,IPF / Pulmonary Fibrosis,ontology,idiopathic pulmonary fibrosis,MONDO:0800504,True,False,,True,,MONDO:0800504,12,42252.0
SRX19704161_44,2291,4479.0,2411,4751.0,2439,4751.0,SRX19704161,lung multiciliated epithelial cell,CL:1000271,2291,4479.0,20.607278410359456,28.13127930341594,37.820942174592545,54.543424871623124,399.0,8.908238,239.0,5.3360124,0.0,0.0,2291,PRJNA945854,8,44,IPF / Pulmonary Fibrosis,ontology,idiopathic pulmonary fibrosis,MONDO:0800504,True,False,,True,,MONDO:0800504,28,166850.0
SRX19704162_26,1089,2919.0,1149,3014.9998,1165,3014.9995,SRX19704162,macrophage,CL:0000235,1089,2919.0,43.74785885577253,53.888317917094895,64.4741349777321,79.82185680027408,137.0,4.693388,259.0,8.872902,0.0,0.0,1089,PRJNA945854,39,26,IPF / Pulmonary Fibrosis,ontology,idiopathic pulmonary fibrosis,MONDO:0800504,True,False,,True,,MONDO:0800504,10,88389.0
SRX19704162_4,665,1107.0,716,1163.0,726,1163.0,SRX19704162,plasma cell,CL:0000786,665,1107.0,33.242999096657634,44.625112917795846,57.994579945799465,85.09485094850947,75.0,6.775068,169.0,15.266485,0.0,0.0,665,PRJNA945854,6,4,IPF / Pulmonary Fibrosis,ontology,idiopathic pulmonary fibrosis,MONDO:0800504,True,False,,True,,MONDO:0800504,10,11940.0
SRX19704162_9,1073,3212.0,1136,3469.0005,1157,3469.0005,SRX19704162,macrophage,CL:0000235,1073,3212.0,47.073474470734745,56.78704856787049,67.24782067247821,82.16064757160648,94.0,2.9265256,333.0,10.3673725,0.0,0.0,1073,PRJNA945854,39,9,IPF / Pulmonary Fibrosis,ontology,idiopathic pulmonary fibrosis,MONDO:0800504,True,False,,True,,MONDO:0800504,14,139362.0
SRX19704164_20,618,1226.0,673,1291.0001,685,1291.0001,SRX19704164,B cell,CL:0000236,618,1226.0,40.45676998368678,52.93637846655791,65.90538336052202,90.37520391517128,56.0,4.5677,220.0,17.944536,0.0,0.0,618,PRJNA945854,12,20,IPF / Pulmonary Fibrosis,ontology,idiopathic pulmonary fibrosis,MONDO:0800504,True,False,,True,,MONDO:0800504,19,46576.0
SRX19704164_21,445,1316.0,471,1354.0,475,1353.9998,SRX19704164,plasma cell,CL:0000786,445,1316.0,63.60182370820668,72.56838905775076,81.38297872340425,100.0,57.0,4.331307,157.0,11.930091,0.0,0.0,445,PRJNA945854,12,21,IPF / Pulmonary Fibrosis,ontology,idiopathic pulmonary fibrosis,MONDO:0800504,True,False,,True,,MONDO:0800504,13,18237.0
SRX19704164_26,1400,3690.0,1481,3825.9998,1507,3826.0,SRX19704164,macrophage,CL:0000235,1400,3690.0,39.24119241192412,49.56639566395664,60.84010840108402,75.60975609756098,137.0,3.712737,431.0,11.680217,0.0,0.0,1400,PRJNA945854,39,26,IPF / Pulmonary Fibrosis,ontology,idiopathic pulmonary fibrosis,MONDO:0800504,True,False,,True,,MONDO:0800504,11,52569.0
SRX19704164_43,514,716.0,564,762.00006,571,762.00006,SRX19704164,lung multiciliated epithelial cell,CL:1000271,514,716.0,30.58659217877095,42.17877094972067,56.14525139664804,98.04469273743017,83.0,11.592178,37.0,5.167598,0.0,0.0,514,PRJNA945854,8,43,IPF / Pulmonary Fibrosis,ontology,idiopathic pulmonary fibrosis,MONDO:0800504,True,False,,True,,MONDO:0800504,33,108004.0
SRX19704164_44,1029,1704.0,1107,1795.0002,1126,1795.0002,SRX19704164,lung multiciliated epithelial cell,CL:1000271,1029,1704.0,30.6924882629108,38.732394366197184,50.46948356807511,68.95539906103286,190.0,11.150235,140.0,8.215962,0.0,0.0,1029,PRJNA945854,8,44,IPF / Pulmonary Fibrosis,ontology,idiopathic pulmonary fibrosis,MONDO:0800504,True,False,,True,,MONDO:0800504,22,55974.0
SRX19704164_45,409,1241.0,438,1290.0,444,1290.0,SRX19704164,plasma cell,CL:0000786,409,1241.0,65.59226430298146,74.77840451248993,83.1587429492345,100.0,29.0,2.3368251,196.0,15.7937155,0.0,0.0,409,PRJNA945854,12,45,IPF / Pulmonary Fibrosis,ontology,idiopathic pulmonary fibrosis,MONDO:0800504,True,False,,True,,MONDO:0800504,23,79145.0
SRX19704164_9,516,831.0,558,868.00006,564,868.0,SRX19704164,plasma cell,CL:0000786,516,831.0,36.94344163658243,49.69915764139591,61.973525872442835,98.07460890493381,30.0,3.6101084,86.0,10.348977,0.0,0.0,516,PRJNA945854,39,9,IPF / Pulmonary Fibrosis,ontology,idiopathic pulmonary fibrosis,MONDO:0800504,True,False,,True,,MONDO:0800504,27,76981.0
SRX19704165_36,635,948.0,653,1019.00006,661,1019.00006,SRX19704165,B cell,CL:0000236,635,948.0,33.22784810126582,43.56540084388186,54.11392405063291,85.75949367088607,168.0,17.72152,25.0,2.6371307,0.0,0.0,635,PRJNA945854,51,36,IPF / Pulmonary Fibrosis,ontology,idiopathic pulmonary fibrosis,MONDO:0800504,True,False,,True,,MONDO:0800504,11,61639.0
SRX19704169_26,501,657.0,522,810.9996,529,810.99994,SRX19704169,plasma cell,CL:0000786,501,657.0,29.37595129375951,38.96499238964992,54.18569254185692,99.84779299847793,15.0,2.2831051,68.0,10.350076,0.0,0.0,501,PRJNA945854,39,26,Interstitial Lung Disease,ontology,interstitial lung disease,MONDO:0015925,True,False,,True,,MONDO:0015925,23,68620.0
SRX19704169_9,416,530.0,449,699.0003,454,699.0001,SRX19704169,plasma cell,CL:0000786,416,530.0,30.943396226415093,40.37735849056604,59.24528301886792,100.0,11.0,2.0754716,41.0,7.7358494,0.0,0.0,416,PRJNA945854,39,9,Interstitial Lung Disease,ontology,interstitial lung disease,MONDO:0015925,True,False,,True,,MONDO:0015925,32,52325.0
SRX19704170_26,523,786.0,549,893.0,553,892.99994,SRX19704170,macrophage,CL:0000235,523,786.0,33.587786259541986,46.18320610687023,58.905852417302796,97.07379134860051,4.0,0.5089058,39.0,4.961832,0.0,0.0,523,PRJNA945854,39,26,Interstitial Lung Disease,ontology,interstitial lung disease,MONDO:0015925,True,False,,True,,MONDO:0015925,23,62273.0
SRX19704170_9,426,506.0,464,651.99976,470,652.0,SRX19704170,plasma cell,CL:0000786,426,506.0,25.691699604743086,35.573122529644266,55.33596837944664,100.0,12.0,2.3715415,44.0,8.695652,0.0,0.0,426,PRJNA945854,39,9,Interstitial Lung Disease,ontology,interstitial lung disease,MONDO:0015925,True,False,,True,,MONDO:0015925,53,121552.0
SRX19704171_34,485,643.0,524,769.99963,531,769.99994,SRX19704171,plasma cell,CL:0000786,485,643.0,29.704510108864696,40.1244167962675,55.676516329704505,100.0,26.0,4.0435457,40.0,6.22084,0.0,0.0,485,PRJNA945854,39,34,Interstitial Lung Disease,ontology,interstitial lung disease,MONDO:0015925,True,False,,True,,MONDO:0015925,51,41529.0
SRX19704172_36,482,672.0,516,729.0,520,728.99994,SRX19704172,capillary endothelial cell,CL:0002144,482,672.0,31.69642857142857,43.154761904761905,58.03571428571429,100.0,17.0,2.529762,17.0,2.529762,0.0,0.0,482,PRJNA945854,16,36,Other,missing_ontology,,,False,True,explicitControl,True,,,15,15501.0
SRX19704173_36,538,789.0,572,873.00006,575,873.00006,SRX19704173,endothelial cell of artery,CL:1000413,538,789.0,29.02408111533587,41.69835234474017,57.16096324461344,95.18377693282636,21.0,2.661597,80.0,10.139417,0.0,0.0,538,PRJNA945854,16,36,Other,missing_ontology,,,False,True,explicitControl,True,,,18,21849.0
SRX19704173_43,644,827.0,684,903.99994,686,903.99994,SRX19704173,lung multiciliated epithelial cell,CL:1000271,644,827.0,22.49093107617896,34.220072551390565,46.31197097944377,82.58766626360338,32.0,3.8694077,37.0,4.4740024,0.0,0.0,644,PRJNA945854,24,43,Other,missing_ontology,,,False,True,explicitControl,True,,,80,200438.0
SRX19704173_44,580,733.0,618,780.99994,620,781.0,SRX19704173,lung multiciliated epithelial cell,CL:1000271,580,733.0,20.463847203274216,34.106412005457024,48.158253751705324,89.08594815825374,14.0,1.9099591,9.0,1.2278308,0.0,0.0,580,PRJNA945854,8,44,Other,missing_ontology,,,False,True,explicitControl,True,,,11,19673.0
SRX19704173_45,1175,11316.0,1249,11515.0,1262,11515.001,SRX19704173,respiratory tract goblet cell,CL:0002370,1175,11316.0,84.59703075291623,87.36302580417109,90.10250972074938,94.03499469777307,43.0,0.37999293,460.0,4.0650406,0.0,0.0,1175,PRJNA945854,12,45,Other,missing_ontology,,,False,True,explicitControl,True,,,27,141372.0
SRX19704173_8,599,1044.0,639,1112.0,653,1111.9999,SRX19704173,plasma cell,CL:0000786,599,1044.0,39.17624521072797,50.287356321839084,61.7816091954023,90.51724137931035,20.0,1.9157088,164.0,15.708812,0.0,0.0,599,PRJNA945854,26,8,Other,missing_ontology,,,False,True,explicitControl,True,,,39,102978.0
SRX19704173_9,1311,3054.0,1402,3184.0,1418,3183.9998,SRX19704173,macrophage,CL:0000235,1311,3054.0,36.37851997380485,46.82383759004584,57.498362802881466,73.44466273739359,69.0,2.259332,395.0,12.933858,0.0,0.0,1311,PRJNA945854,39,9,Other,missing_ontology,,,False,True,explicitControl,True,,,50,160668.0
SRX19704174_1,307,521.0,331,656.0,332,656.0,SRX19704174,"CD4-positive, alpha-beta T cell",CL:0000624,307,521.0,50.67178502879079,60.26871401151631,79.46257197696737,100.0,96.0,18.426104,12.0,2.303263,0.0,0.0,307,PRJNA945854,5,1,Other,missing_ontology,,,False,True,explicitControl,True,,,10,14027.0
SRX19704174_36,1662,3026.0,1748,3595.9995,1769,3595.9998,SRX19704174,capillary endothelial cell,CL:0002144,1662,3026.0,25.413086582947784,32.61731658955717,42.49834765366821,61.59947124917383,19.0,0.6278916,112.0,3.7012558,0.0,0.0,1662,PRJNA945854,16,36,Other,missing_ontology,,,False,True,explicitControl,True,,,37,52180.0
SRX19704174_8,3695,15756.0,3858,16688.996,3907,16688.994,SRX19704174,pulmonary alveolar type 2 cell,CL:0002063,3695,15756.0,41.76186849454176,50.24752475247525,58.63163239400863,69.77659304391977,178.0,1.1297283,2423.0,15.378268,0.0,0.0,3695,PRJNA945854,26,8,Other,missing_ontology,,,False,True,explicitControl,True,,,19,157996.0
SRX19704175_36,1234,2110.0,1314,3941.9973,1335,3942.0002,SRX19704175,endothelial cell of artery,CL:1000413,1234,2110.0,25.450236966824647,34.45497630331754,45.45023696682464,65.2132701421801,27.0,1.2796209,184.0,8.720379,0.0,0.0,1234,PRJNA945854,16,36,Other,missing_ontology,,,False,True,explicitControl,True,,,49,51918.0
SRX19704175_38,3803,8377.0,3997,8823.0,4062,8823.003,SRX19704175,pulmonary alveolar type 1 cell,CL:0002062,3803,8377.0,16.927300943058373,22.621463531097053,30.65536588277426,45.54136325653575,85.0,1.014683,321.0,3.8319209,0.0,0.0,3803,PRJNA945854,12,38,Other,missing_ontology,,,False,True,explicitControl,True,,,28,72019.0
SRX19704175_44,4754,12746.0,4973,13744.003,5083,13744.002,SRX19704175,lung multiciliated epithelial cell,CL:1000271,4754,12746.0,16.40514671269418,22.665934410795543,31.123489722265806,46.09289188765103,451.0,3.538365,731.0,5.7351327,0.0,0.0,4754,PRJNA945854,8,44,Other,missing_ontology,,,False,True,explicitControl,True,,,16,74412.0
SRX19704175_8,2031,5953.0,2149,6319.0005,2188,6319.002,SRX19704175,pulmonary alveolar type 2 cell,CL:0002063,2031,5953.0,36.65378800604737,47.57265244414581,57.853183268940036,71.51016294305393,180.0,3.0236855,1187.0,19.939528,0.0,0.0,2031,PRJNA945854,26,8,Other,missing_ontology,,,False,True,explicitControl,True,,,29,140626.0
SRX19704175_9,3835,14009.0,4028,15175.001,4093,15174.999,SRX19704175,macrophage,CL:0000235,3835,14009.0,32.75751302733957,42.78677992718967,52.566207438075516,65.26518666571491,233.0,1.6632166,1844.0,13.162966,0.0,0.0,3835,PRJNA945854,52,9,Other,missing_ontology,,,False,True,explicitControl,True,,,14,105482.0
SRX19704176_1,686,1324.0,727,1436.0,739,1436.0,SRX19704176,"CD4-positive, alpha-beta T cell",CL:0000624,686,1324.0,40.78549848942598,52.26586102719033,63.29305135951662,85.95166163141994,4.0,0.3021148,405.0,30.589125,0.0,0.0,686,PRJNA945854,5,1,Other,missing_ontology,,,False,True,explicitControl,True,,,12,16869.0
SRX19704176_26,1665,3011.0,1732,3129.9998,1753,3130.0,SRX19704176,macrophage,CL:0000235,1665,3011.0,27.66522749916971,34.60644304217868,43.6067751577549,61.30853537030887,214.0,7.1072736,207.0,6.874792,0.0,0.0,1665,PRJNA945854,39,26,Other,missing_ontology,,,False,True,explicitControl,True,,,26,187180.0
SRX19704176_36,591,823.0,621,913.0,628,912.9999,SRX19704176,capillary endothelial cell,CL:0002144,591,823.0,26.123936816524907,38.27460510328068,52.49088699878494,88.94289185905225,1.0,0.12150669,71.0,8.626974,0.0,0.0,591,PRJNA945854,16,36,Other,missing_ontology,,,False,True,explicitControl,True,,,29,49308.0
SRX19704176_8,1282,2200.0,1359,2471.9995,1370,2471.999,SRX19704176,capillary endothelial cell,CL:0002144,1282,2200.0,28.68181818181818,36.40909090909091,46.54545454545455,64.45454545454545,130.0,5.909091,67.0,3.0454545,0.0,0.0,1282,PRJNA945854,26,8,Other,missing_ontology,,,False,True,explicitControl,True,,,26,184715.0
SRX19704176_9,429,621.0,463,689.0,467,689.0,SRX19704176,plasma cell,CL:0000786,429,621.0,31.40096618357488,47.02093397745571,63.12399355877617,100.0,0.0,0.0,107.0,17.230274,0.0,0.0,429,PRJNA945854,39,9,Other,missing_ontology,,,False,True,explicitControl,True,,,15,100639.0
SRX19704177_36,380,532.0,425,606.0,432,606.00006,SRX19704177,plasma cell,CL:0000786,380,532.0,34.21052631578947,47.368421052631575,66.16541353383458,100.0,10.0,1.8796991,79.0,14.849624,0.0,0.0,380,PRJNA945854,16,36,Other,missing_ontology,,,False,True,explicitControl,True,,,21,17781.0
SRX19704177_43,538,801.0,581,925.00006,586,925.0001,SRX19704177,lung multiciliated epithelial cell,CL:1000271,538,801.0,34.706616729088644,45.31835205992509,57.802746566791505,95.25593008739077,32.0,3.995006,93.0,11.610487,0.0,0.0,538,PRJNA945854,8,43,Other,missing_ontology,,,False,True,explicitControl,True,,,33,52866.0
SRX19704177_44,1218,1783.0,1279,1857.0,1294,1857.0001,SRX19704177,lung multiciliated epithelial cell,CL:1000271,1218,1783.0,19.742007851934943,28.09871003925967,39.3157599551318,59.73079080201907,74.0,4.150308,117.0,6.5619745,0.0,0.0,1218,PRJNA945854,8,44,Other,missing_ontology,,,False,True,explicitControl,True,,,11,19959.0
SRX19704177_8,1226,2509.0,1299,2681.0,1316,2680.9998,SRX19704177,capillary endothelial cell,CL:0002144,1226,2509.0,37.4651255480271,45.87485053806297,55.24113192506975,71.06416899163013,79.0,3.148665,336.0,13.391789,0.0,0.0,1226,PRJNA945854,26,8,Other,missing_ontology,,,False,True,explicitControl,True,,,55,95091.0
SRX19704177_9,906,1791.0,966,1878.0001,973,1878.0001,SRX19704177,macrophage,CL:0000235,906,1791.0,35.90173087660525,46.95700725851479,59.2964824120603,77.33109994416527,23.0,1.2841988,170.0,9.491904,0.0,0.0,906,PRJNA945854,52,9,Other,missing_ontology,,,False,True,explicitControl,True,,,23,50947.0
SRX19704178_14,930,1340.0,997,1502.9998,1011,1502.9999,SRX19704178,pericyte,CL:0000669,930,1340.0,22.388059701492537,31.716417910447763,45.52238805970149,67.91044776119402,17.0,1.2686567,53.0,3.9552238,0.0,0.0,930,PRJNA945854,13,14,Other,missing_ontology,,,False,True,explicitControl,True,,,63,138560.0
SRX19704178_36,776,1106.0,841,1230.0001,844,1230.0,SRX19704178,capillary endothelial cell,CL:0002144,776,1106.0,26.13019891500904,35.53345388788427,47.920433996383366,75.04520795660035,23.0,2.079566,94.0,8.499096,0.0,0.0,776,PRJNA945854,16,36,Other,missing_ontology,,,False,True,explicitControl,True,,,46,42335.0
SRX19704178_38,476,593.0,512,637.0,518,637.0,SRX19704178,capillary endothelial cell,CL:0002144,476,593.0,23.946037099494095,36.59359190556493,53.456998313659355,100.0,17.0,2.866779,8.0,1.3490726,0.0,0.0,476,PRJNA945854,12,38,Other,missing_ontology,,,False,True,explicitControl,True,,,12,9777.0
SRX19704178_43,2064,3438.0,2187,3747.9998,2218,3747.9998,SRX19704178,lung multiciliated epithelial cell,CL:1000271,2064,3438.0,16.666666666666664,24.28737638161722,34.32228039557882,52.93775450843514,50.0,1.454334,282.0,8.202443,0.0,0.0,2064,PRJNA945854,8,43,Other,missing_ontology,,,False,True,explicitControl,True,,,33,89046.0
SRX19704178_44,2838,5265.0,3004,5897.0,3056,5896.998,SRX19704178,lung multiciliated epithelial cell,CL:1000271,2838,5265.0,19.31623931623932,25.66001899335233,33.941120607787276,48.509021842355175,332.0,6.305793,342.0,6.495727,0.0,0.0,2838,PRJNA945854,8,44,Other,missing_ontology,,,False,True,explicitControl,True,,,12,24969.0
SRX19704178_60,409,546.0,446,676.99994,450,676.99994,SRX19704178,pericyte,CL:0000669,409,546.0,34.24908424908425,43.40659340659341,61.72161172161172,100.0,32.0,5.860806,43.0,7.8754582,0.0,0.0,409,PRJNA945854,59,60,Other,missing_ontology,,,False,True,explicitControl,True,,,13,21214.0
SRX19704178_8,445,665.0,468,717.00006,477,717.0,SRX19704178,plasma cell,CL:0000786,445,665.0,35.48872180451128,48.1203007518797,63.1578947368421,100.0,70.0,10.526316,23.0,3.4586468,0.0,0.0,445,PRJNA945854,13,8,Other,missing_ontology,,,False,True,explicitControl,True,,,26,83338.0
SRX19704178_9,1423,4163.0,1518,4346.0,1538,4346.0,SRX19704178,macrophage,CL:0000235,1423,4163.0,39.01032908959885,49.3634398270478,60.70141724717752,77.56425654576027,29.0,0.696613,504.0,12.106654,0.0,0.0,1423,PRJNA945854,52,9,Other,missing_ontology,,,False,True,explicitControl,True,,,24,90356.0
SRX19704179_36,1521,2864.0,1595,3580.9998,1612,3580.9993,SRX19704179,capillary endothelial cell,CL:0002144,1521,2864.0,26.04748603351955,34.74162011173184,45.286312849162016,64.35055865921788,30.0,1.0474861,235.0,8.205307,0.0,0.0,1521,PRJNA945854,16,36,IPF / Pulmonary Fibrosis,ontology,pulmonary fibrosis,MONDO:0002771,False,True,explicitControl,True,,MONDO:0002771,14,21466.0
SRX19704179_38,658,1010.0,699,1276.9999,705,1277.0007,SRX19704179,pulmonary alveolar type 1 cell,CL:0002062,658,1010.0,34.554455445544555,44.45544554455446,54.65346534653466,84.35643564356435,171.0,16.930693,24.0,2.3762376,0.0,0.0,658,PRJNA945854,12,38,IPF / Pulmonary Fibrosis,ontology,pulmonary fibrosis,MONDO:0002771,False,True,explicitControl,True,,MONDO:0002771,13,36006.0
SRX19704179_8,1192,2391.0,1254,3268.001,1273,3268.0007,SRX19704179,B cell,CL:0000236,1192,2391.0,42.86909242994563,48.180677540777914,56.54537850271852,71.0581346716855,290.0,12.128817,51.0,2.1329987,0.0,0.0,1192,PRJNA945854,13,8,IPF / Pulmonary Fibrosis,ontology,pulmonary fibrosis,MONDO:0002771,False,True,explicitControl,True,,MONDO:0002771,29,235324.0
SRX19704180_20,982,2006.0,1043,2213.0,1054,2212.9998,SRX19704180,respiratory tract goblet cell,CL:0002370,982,2006.0,38.48454636091725,48.40478564307079,59.4715852442672,75.97208374875373,92.0,4.5862412,263.0,13.110667,0.0,0.0,982,PRJNA945854,12,20,IPF / Pulmonary Fibrosis,ontology,idiopathic pulmonary fibrosis,MONDO:0800504,True,False,,True,,MONDO:0800504,12,40012.0
SRX19704180_43,810,1074.0,850,1136.9999,855,1137.0,SRX19704180,lung multiciliated epithelial cell,CL:1000271,810,1074.0,20.949720670391063,30.26070763500931,43.20297951582867,71.13594040968343,48.0,4.4692736,81.0,7.541899,0.0,0.0,810,PRJNA945854,8,43,IPF / Pulmonary Fibrosis,ontology,idiopathic pulmonary fibrosis,MONDO:0800504,True,False,,True,,MONDO:0800504,25,44059.0
SRX19704180_44,1058,1513.0,1130,1605.0001,1139,1605.0,SRX19704180,lung multiciliated epithelial cell,CL:1000271,1058,1513.0,22.075346992729678,30.337078651685395,43.291473892927954,63.119629874421676,114.0,7.534699,66.0,4.362194,1.0,0.066093855,1058,PRJNA945854,8,44,IPF / Pulmonary Fibrosis,ontology,idiopathic pulmonary fibrosis,MONDO:0800504,True,False,,True,,MONDO:0800504,47,192900.0
SRX19704181_20,429,546.0,461,595.0,465,594.99994,SRX19704181,B cell,CL:0000236,429,546.0,29.67032967032967,39.743589743589745,58.058608058608066,100.0,43.0,7.8754582,22.0,4.029304,0.0,0.0,429,PRJNA945854,62,20,IPF / Pulmonary Fibrosis,ontology,idiopathic pulmonary fibrosis,MONDO:0800504,True,False,,True,,MONDO:0800504,10,20667.0
SRX19704181_36,422,549.0,443,580.0,447,580.0,SRX19704181,capillary endothelial cell,CL:0002144,422,549.0,32.240437158469945,41.34790528233151,59.56284153005464,100.0,17.0,3.0965393,17.0,3.0965393,0.0,0.0,422,PRJNA945854,16,36,IPF / Pulmonary Fibrosis,ontology,idiopathic pulmonary fibrosis,MONDO:0800504,True,False,,True,,MONDO:0800504,15,14248.0
SRX19704181_43,2181,6167.0,2325,6455.0,2359,6454.9995,SRX19704181,endothelial cell of artery,CL:1000413,2181,6167.0,40.40862656072645,49.39192476082374,58.18063888438463,70.52051240473489,284.0,4.6051564,1008.0,16.345062,0.0,0.0,2181,PRJNA945854,12,43,IPF / Pulmonary Fibrosis,ontology,idiopathic pulmonary fibrosis,MONDO:0800504,True,False,,True,,MONDO:0800504,31,75300.0
SRX19704181_44,1819,3047.0,1924,3352.9998,1949,3353.0002,SRX19704181,lung multiciliated epithelial cell,CL:1000271,1819,3047.0,22.218575648178536,29.110600590744994,38.75943551033804,56.71151952740401,281.0,9.222185,170.0,5.579258,1.0,0.032819167,1819,PRJNA945854,8,44,IPF / Pulmonary Fibrosis,ontology,idiopathic pulmonary fibrosis,MONDO:0800504,True,False,,True,,MONDO:0800504,52,173119.0
SRX19704181_45,1123,3230.0,1186,3336.9998,1202,3336.9993,SRX19704181,respiratory tract goblet cell,CL:0002370,1123,3230.0,53.28173374613003,61.733746130030966,69.28792569659443,80.71207430340557,92.0,2.848297,649.0,20.092878,0.0,0.0,1123,PRJNA945854,12,45,IPF / Pulmonary Fibrosis,ontology,idiopathic pulmonary fibrosis,MONDO:0800504,True,False,,True,,MONDO:0800504,18,56254.0
SRX19704181_9,2025,6022.0,2133,6428.0005,2169,6428.0,SRX19704181,macrophage,CL:0000235,2025,6022.0,37.01428096977748,46.96114247758219,57.10727333111924,71.40484888741283,173.0,2.8727996,675.0,11.2089,0.0,0.0,2025,PRJNA945854,39,9,IPF / Pulmonary Fibrosis,ontology,idiopathic pulmonary fibrosis,MONDO:0800504,True,False,,True,,MONDO:0800504,12,38403.0
SRX19704182_21,708,1547.0,752,1685.0001,755,1685.0,SRX19704182,plasma cell,CL:0000786,708,1547.0,42.46929541047188,54.23400129282482,67.16224951519068,86.5546218487395,1.0,0.064641245,349.0,22.559793,0.0,0.0,708,PRJNA945854,26,21,Interstitial Lung Disease,ontology,anthracosis,MONDO:0006654,True,False,,True,,MONDO:0006654,11,16946.0
SRX19704182_34,405,635.0,441,669.0,442,669.00006,SRX19704182,B cell,CL:0000236,405,635.0,37.79527559055118,51.96850393700787,67.71653543307087,100.0,22.0,3.464567,108.0,17.007874,0.0,0.0,405,PRJNA945854,43,34,Interstitial Lung Disease,ontology,anthracosis,MONDO:0006654,True,False,,True,,MONDO:0006654,17,70091.0
SRX19704184_36,915,1589.0,990,1651.9996,996,1651.9996,SRX19704184,capillary endothelial cell,CL:0002144,915,1589.0,29.641283826305852,40.08810572687225,52.80050346129641,73.88294524858402,30.0,1.8879799,123.0,7.7407174,0.0,0.0,915,PRJNA945854,16,36,Interstitial Lung Disease,ontology,pneumoconiosis,MONDO:0015926,True,False,,True,,MONDO:0015926,23,23895.0
SRX19704184_8,1690,4463.0,1784,4590.0,1797,4590.0,SRX19704184,pulmonary alveolar type 2 cell,CL:0002063,1690,4463.0,38.20300246470983,47.59130629621331,57.27089401747703,72.19359175442528,51.0,1.142729,769.0,17.230562,0.0,0.0,1690,PRJNA945854,26,8,Interstitial Lung Disease,ontology,pneumoconiosis,MONDO:0015926,True,False,,True,,MONDO:0015926,10,46778.0
SRX19704186_24,963,2054.0,1003,2147.0,1010,2147.0,SRX19704186,macrophage,CL:0000235,963,2054.0,33.98247322297955,45.56962025316456,58.17916260954236,77.45861733203505,91.0,4.43038,250.0,12.171372,0.0,0.0,963,PRJNA945854,39,24,IPF / Pulmonary Fibrosis,ontology,idiopathic pulmonary fibrosis,MONDO:0800504,True,False,,True,,MONDO:0800504,12,33431.0
SRX19704186_34,852,1720.0,902,1794.0,906,1794.0,SRX19704186,classical monocyte,CL:0000860,852,1720.0,33.43023255813954,45.17441860465116,58.720930232558146,79.53488372093022,99.0,5.7558136,223.0,12.965116,0.0,0.0,852,PRJNA945854,43,34,IPF / Pulmonary Fibrosis,ontology,idiopathic pulmonary fibrosis,MONDO:0800504,True,False,,True,,MONDO:0800504,11,22836.0
SRX19704186_36,1048,2221.0,1102,2315.0,1110,2315.0,SRX19704186,endothelial cell of artery,CL:1000413,1048,2221.0,33.40837460603332,46.24043223773075,57.85682125168843,75.32642953624493,34.0,1.530842,587.0,26.429537,0.0,0.0,1048,PRJNA945854,16,36,IPF / Pulmonary Fibrosis,ontology,idiopathic pulmonary fibrosis,MONDO:0800504,True,False,,True,,MONDO:0800504,10,14366.0
SRX19704186_4,721,1175.0,755,1246.0,765,1246.0,SRX19704186,plasma cell,CL:0000786,721,1175.0,37.02127659574468,45.53191489361702,55.659574468085104,81.19148936170212,226.0,19.234041,83.0,7.06383,0.0,0.0,721,PRJNA945854,12,4,IPF / Pulmonary Fibrosis,ontology,idiopathic pulmonary fibrosis,MONDO:0800504,True,False,,True,,MONDO:0800504,13,12012.0
SRX19704186_9,2359,8036.0,2469,8258.0,2487,8258.0,SRX19704186,macrophage,CL:0000235,2359,8036.0,36.68491786958686,46.87655550024888,57.8397212543554,72.21254355400697,310.0,3.8576405,890.0,11.075162,0.0,0.0,2359,PRJNA945854,52,9,IPF / Pulmonary Fibrosis,ontology,idiopathic pulmonary fibrosis,MONDO:0800504,True,False,,True,,MONDO:0800504,16,83257.0
SRX19704187_20,562,882.0,592,907.99994,594,908.0,SRX19704187,respiratory tract goblet cell,CL:0002370,562,882.0,35.941043083900226,47.27891156462585,58.95691609977324,92.97052154195012,104.0,11.791384,8.0,0.9070295,0.0,0.0,562,PRJNA945854,12,20,IPF / Pulmonary Fibrosis,ontology,idiopathic pulmonary fibrosis,MONDO:0800504,True,False,,True,,MONDO:0800504,12,41987.0
SRX19704187_24,1410,3817.0,1487,3958.0,1502,3957.9995,SRX19704187,B cell,CL:0000236,1410,3817.0,36.258842022530786,48.650772858265654,60.17815037987949,76.15928739848047,189.0,4.9515324,715.0,18.731989,0.0,0.0,1410,PRJNA945854,39,24,IPF / Pulmonary Fibrosis,ontology,idiopathic pulmonary fibrosis,MONDO:0800504,True,False,,True,,MONDO:0800504,10,27185.0
SRX19704187_26,896,2332.0,935,2389.0,945,2389.0,SRX19704187,macrophage,CL:0000235,896,2332.0,45.06861063464837,56.132075471698116,67.32418524871355,83.01886792452831,156.0,6.6895366,258.0,11.063465,0.0,0.0,896,PRJNA945854,39,26,IPF / Pulmonary Fibrosis,ontology,idiopathic pulmonary fibrosis,MONDO:0800504,True,False,,True,,MONDO:0800504,20,85185.0
SRX19704187_36,641,1323.0,678,1374.0,685,1374.0,SRX19704187,vein endothelial cell,CL:0002543,641,1323.0,40.74074074074074,53.59032501889644,66.66666666666666,89.34240362811792,153.0,11.564626,260.0,19.652306,0.0,0.0,641,PRJNA945854,16,36,IPF / Pulmonary Fibrosis,ontology,idiopathic pulmonary fibrosis,MONDO:0800504,True,False,,True,,MONDO:0800504,11,30741.0
SRX19704187_43,1105,1950.0,1176,2077.0,1185,2077.0,SRX19704187,lung multiciliated epithelial cell,CL:1000271,1105,1950.0,23.48717948717949,34.46153846153846,47.333333333333336,68.97435897435898,133.0,6.820513,177.0,9.076923,0.0,0.0,1105,PRJNA945854,8,43,IPF / Pulmonary Fibrosis,ontology,idiopathic pulmonary fibrosis,MONDO:0800504,True,False,,True,,MONDO:0800504,13,57865.0
SRX19704187_44,646,983.0,700,1096.0,703,1096.0001,SRX19704187,lung multiciliated epithelial cell,CL:1000271,646,983.0,33.5707019328586,43.743641912512714,54.62868769074263,85.14750762970499,191.0,19.430315,34.0,3.4587994,0.0,0.0,646,PRJNA945854,8,44,IPF / Pulmonary Fibrosis,ontology,idiopathic pulmonary fibrosis,MONDO:0800504,True,False,,True,,MONDO:0800504,21,67205.0
SRX19704187_45,1342,9511.0,1429,9629.002,1439,9629.002,SRX19704187,respiratory tract goblet cell,CL:0002370,1342,9511.0,78.24624119440648,82.01030385868994,85.89002207969719,91.14709283986963,199.0,2.0923142,413.0,4.3423405,0.0,0.0,1342,PRJNA945854,12,45,IPF / Pulmonary Fibrosis,ontology,idiopathic pulmonary fibrosis,MONDO:0800504,True,False,,True,,MONDO:0800504,13,69174.0
SRX19704187_9,1941,5427.0,2049,5626.0,2069,5626.0,SRX19704187,club cell,CL:0000158,1941,5427.0,34.69688594066703,46.913580246913575,57.619310853141705,71.64179104477611,331.0,6.099134,1186.0,21.853695,0.0,0.0,1941,PRJNA945854,39,9,IPF / Pulmonary Fibrosis,ontology,idiopathic pulmonary fibrosis,MONDO:0800504,True,False,,True,,MONDO:0800504,14,35790.0
SRX19704188_36,866,1416.0,935,1488.0005,945,1488.0005,SRX19704188,capillary endothelial cell,CL:0002144,866,1416.0,29.59039548022599,38.48870056497175,52.612994350282484,74.15254237288136,15.0,1.0593221,54.0,3.8135593,0.0,0.0,866,PRJNA945854,16,36,IPF / Pulmonary Fibrosis,ontology,idiopathic pulmonary fibrosis,MONDO:0800504,True,False,,True,,MONDO:0800504,11,18344.0
SRX19704188_43,820,1243.0,873,1312.0,885,1312.0001,SRX19704188,lung multiciliated epithelial cell,CL:1000271,820,1243.0,23.813354786806116,34.19147224456959,50.120675784392596,74.25583266291231,0.0,0.0,172.0,13.837489,0.0,0.0,820,PRJNA945854,8,43,IPF / Pulmonary Fibrosis,ontology,idiopathic pulmonary fibrosis,MONDO:0800504,True,False,,True,,MONDO:0800504,17,48608.0
SRX19704188_44,1365,2178.0,1453,2341.9998,1467,2342.0002,SRX19704188,lung multiciliated epithelial cell,CL:1000271,1365,2178.0,23.048668503213957,31.35904499540863,41.91919191919192,60.284664830119375,171.0,7.85124,137.0,6.2901745,0.0,0.0,1365,PRJNA945854,8,44,IPF / Pulmonary Fibrosis,ontology,idiopathic pulmonary fibrosis,MONDO:0800504,True,False,,True,,MONDO:0800504,22,126297.0
SRX19704189_21,452,801.0,471,829.0,480,828.99994,SRX19704189,plasma cell,CL:0000786,452,801.0,45.56803995006242,56.05493133583022,68.53932584269663,100.0,24.0,2.9962547,69.0,8.614232,0.0,0.0,452,PRJNA945854,36,21,Interstitial Lung Disease,ontology,interstitial lung disease,MONDO:0015925,True,False,,True,,MONDO:0015925,10,15067.0
SRX19704189_36,740,1215.0,799,1272.0,813,1272.0,SRX19704189,endothelial cell of artery,CL:1000413,740,1215.0,28.97119341563786,40.41152263374486,55.55555555555556,80.24691358024691,44.0,3.621399,106.0,8.724279,0.0,0.0,740,PRJNA945854,16,36,Interstitial Lung Disease,ontology,interstitial lung disease,MONDO:0015925,True,False,,True,,MONDO:0015925,12,12294.0
SRX19704189_43,382,516.0,405,537.0,407,537.0,SRX19704189,lung multiciliated epithelial cell,CL:1000271,382,516.0,35.65891472868217,45.348837209302324,64.72868217054264,100.0,75.0,14.5348835,42.0,8.139535,0.0,0.0,382,PRJNA945854,8,43,Interstitial Lung Disease,ontology,interstitial lung disease,MONDO:0015925,True,False,,True,,MONDO:0015925,34,47207.0
SRX19704189_8,1057,2237.0,1163,2380.9998,1179,2381.0002,SRX19704189,capillary endothelial cell,CL:0002144,1057,2237.0,42.78050961108627,50.60348681269558,60.303978542691105,75.10058113544926,55.0,2.45865,216.0,9.655789,0.0,0.0,1057,PRJNA945854,26,8,Interstitial Lung Disease,ontology,interstitial lung disease,MONDO:0015925,True,False,,True,,MONDO:0015925,61,127447.0
SRX19704189_9,829,1979.0,883,2064.0,898,2064.0005,SRX19704189,macrophage,CL:0000235,829,1979.0,39.71702880242547,51.89489641232946,64.93178372915614,83.37544214249621,66.0,3.3350177,218.0,11.015665,0.0,0.0,829,PRJNA945854,52,9,Interstitial Lung Disease,ontology,interstitial lung disease,MONDO:0015925,True,False,,True,,MONDO:0015925,24,37786.0
SRX19704193_32,594,758.0,626,897.0004,630,897.0001,SRX19704193,plasma cell,CL:0000786,594,758.0,24.142480211081793,34.82849604221636,48.02110817941953,87.59894459102902,18.0,2.37467,74.0,9.762533,0.0,0.0,594,PRJNA945854,41,32,Interstitial Lung Disease,ontology,interstitial lung disease,MONDO:0015925,True,False,,True,,MONDO:0015925,52,100212.0
SRX19704194_0,2442,25346.0,2582,29579.975,2633,29579.998,SRX19704194,B cell,CL:0000236,2442,25346.0,80.57681685473052,83.38988400536573,86.36865777637497,90.69281148899235,163.0,0.64309955,842.0,3.3220232,0.0,0.0,2442,PRJNA945854,0,0,Interstitial Lung Disease,ontology,interstitial lung disease,MONDO:0015925,True,False,,True,,MONDO:0015925,14,40943.0
SRX19704194_12,973,1438.0,1041,1684.9999,1059,1685.0,SRX19704194,macrophage,CL:0000235,973,1438.0,23.435326842837274,32.61474269819193,46.24478442280946,67.10709318497914,22.0,1.5299027,161.0,11.196106,0.0,0.0,973,PRJNA945854,41,12,Interstitial Lung Disease,ontology,interstitial lung disease,MONDO:0015925,True,False,,True,,MONDO:0015925,43,61198.0
SRX19704194_26,3105,11357.0,3238,13111.002,3284,13111.001,SRX19704194,macrophage,CL:0000235,3105,11357.0,30.91485427489654,41.66593290481641,53.31513603944704,67.87884124328608,464.0,4.085586,1381.0,12.159901,0.0,0.0,3105,PRJNA945854,39,26,Interstitial Lung Disease,ontology,interstitial lung disease,MONDO:0015925,True,False,,True,,MONDO:0015925,11,132613.0
SRX19704196_26,2673,7243.0,2807,8226.001,2840,8226.002,SRX19704196,macrophage,CL:0000235,2673,7243.0,29.614800497031617,38.75465967140688,48.943807814441534,63.57862764048047,258.0,3.5620599,853.0,11.776888,0.0,0.0,2673,PRJNA945854,39,26,IPF / Pulmonary Fibrosis,ontology,idiopathic pulmonary fibrosis,MONDO:0800504,True,False,,True,,MONDO:0800504,23,160284.0
SRX19704196_9,1007,1665.0,1042,1843.0,1048,1843.0001,SRX19704196,macrophage,CL:0000235,1007,1665.0,28.888888888888886,38.7987987987988,50.93093093093093,69.54954954954955,45.0,2.7027028,154.0,9.249249,0.0,0.0,1007,PRJNA945854,39,9,IPF / Pulmonary Fibrosis,ontology,idiopathic pulmonary fibrosis,MONDO:0800504,True,False,,True,,MONDO:0800504,37,96169.0
SRX19704197_26,866,1492.0,911,1592.0001,918,1592.0,SRX19704197,UNKNOWN,,866,1492.0,32.238605898123325,41.89008042895443,55.29490616621984,75.46916890080428,38.0,2.546917,135.0,9.048257,0.0,0.0,866,PRJNA945854,39,26,IPF / Pulmonary Fibrosis,ontology,idiopathic pulmonary fibrosis,MONDO:0800504,True,False,,True,,MONDO:0800504,32,259577.0
SRX19704198_26,2092,6687.0,2190,6906.001,2220,6906.0015,SRX19704198,macrophage,CL:0000235,2092,6687.0,35.7409899805593,47.10632570659489,58.44175265440407,72.55869597726932,165.0,2.4674742,1067.0,15.956333,0.0,0.0,2092,PRJNA945854,39,26,Interstitial Lung Disease,ontology,interstitial lung disease,MONDO:0015925,True,False,,True,,MONDO:0015925,27,139437.0
SRX19704198_44,2626,5494.0,2804,5812.0005,2833,5812.0005,SRX19704198,lung multiciliated epithelial cell,CL:1000271,2626,5494.0,17.71022934109938,25.263924281033855,35.22024026210411,53.00327630141973,187.0,3.4037132,307.0,5.587914,0.0,0.0,2626,PRJNA945854,8,44,Interstitial Lung Disease,ontology,interstitial lung disease,MONDO:0015925,True,False,,True,,MONDO:0015925,12,63839.0
SRX19704198_9,297,536.0,319,573.0,319,573.0,SRX19704198,plasma cell,CL:0000786,297,536.0,52.42537313432835,63.24626865671642,81.90298507462687,100.0,17.0,3.1716418,52.0,9.701492,0.0,0.0,297,PRJNA945854,39,9,Interstitial Lung Disease,ontology,interstitial lung disease,MONDO:0015925,True,False,,True,,MONDO:0015925,12,46844.0
SRX19704199_34,1965,4295.0,2086,4582.0,2119,4582.0,SRX19704199,classical monocyte,CL:0000860,1965,4295.0,23.09662398137369,32.852153667054715,44.470314318975554,62.18859138533178,119.0,2.7706635,503.0,11.711292,0.0,0.0,1965,PRJNA945854,43,34,Other,missing_ontology,,,False,True,explicitControl,True,,,25,136767.0
SRX19704199_9,3625,13589.0,3814,14456.998,3886,14456.998,SRX19704199,macrophage,CL:0000235,3625,13589.0,28.787990286260946,39.649716682610936,51.755096033556555,65.42791964088602,516.0,3.7971888,1901.0,13.989256,0.0,0.0,3625,PRJNA945854,39,9,Other,missing_ontology,,,False,True,explicitControl,True,,,21,175717.0
SRX19704200_9,484,676.0,506,706.0,508,706.0,SRX19704200,macrophage,CL:0000235,484,676.0,27.810650887573964,42.60355029585799,57.98816568047337,100.0,1.0,0.147929,55.0,8.136094,0.0,0.0,484,PRJNA945854,39,9,Other,missing_ontology,,,False,True,explicitControl,True,,,16,100348.0
SRX19727425_1,1174,2806.0,1231,2880.9995,1239,2880.9995,SRX19727425,B cell,CL:0000236,1174,2806.0,38.59586600142551,50.534568781183175,61.11903064861012,75.9800427655025,55.0,1.9600855,862.0,30.719885,0.0,0.0,1174,PRJNA946652,4,1,COPD,disease_text,,,,False,,True,,,16,39733.0
SRX19727425_4,1563,3220.0,1636,3293.0,1652,3293.0,SRX19727425,"CD8-positive, alpha-beta T cell",CL:0000625,1563,3220.0,28.54037267080745,37.577639751552795,48.57142857142857,66.98757763975155,58.0,1.8012424,504.0,15.652174,0.0,0.0,1563,PRJNA946652,6,4,COPD,disease_text,,,,False,,True,,,16,41356.0
SRX19727425_5,1271,2710.0,1334,2779.0002,1354,2778.9998,SRX19727425,B cell,CL:0000236,1271,2710.0,33.247232472324725,43.800738007380076,55.20295202952029,71.54981549815498,46.0,1.697417,680.0,25.09225,0.0,0.0,1271,PRJNA946652,4,5,COPD,disease_text,,,,False,,True,,,15,39061.0
SRX19727427_4,1240,2417.0,1301,2488.0002,1313,2488.0,SRX19727427,"CD8-positive, alpha-beta T cell",CL:0000625,1240,2417.0,28.87877534133223,38.891187422424494,51.05502689284237,69.38353330575093,38.0,1.572197,448.0,18.535374,0.0,0.0,1240,PRJNA946652,6,4,COPD,disease_text,,,,False,,True,,,10,22676.0
SRX19727428_34,476,810.0,509,830.0,510,830.0,SRX19727428,B cell,CL:0000236,476,810.0,39.876543209876544,53.333333333333336,65.92592592592592,100.0,78.0,9.629629,111.0,13.703704,0.0,0.0,476,PRJNA946652,43,34,COPD,ontology,chronic obstructive pulmonary disease,MONDO:0005002,True,False,,True,,MONDO:0005002,24,108269.0
SRX19727429_1,1354,3212.0,1407,3290.0,1423,3289.9993,SRX19727429,"CD4-positive, alpha-beta T cell",CL:0000624,1354,3212.0,35.18057285180573,46.4508094645081,57.81444582814446,73.41220423412204,75.0,2.3349936,790.0,24.595268,0.0,0.0,1354,PRJNA946652,4,1,COPD,ontology,chronic obstructive pulmonary disease,MONDO:0005002,True,False,,True,,MONDO:0005002,20,60510.0
SRX19727429_4,393,560.0,441,586.0,441,586.0,SRX19727429,B cell,CL:0000236,393,560.0,38.75,47.67857142857143,65.53571428571429,100.0,29.0,5.1785717,24.0,4.2857146,0.0,0.0,393,PRJNA946652,4,4,COPD,ontology,chronic obstructive pulmonary disease,MONDO:0005002,True,False,,True,,MONDO:0005002,14,44947.0
SRX19727430_1,553,783.0,583,799.00006,584,799.0001,SRX19727430,"CD4-positive, alpha-beta T cell",CL:0000624,553,783.0,32.82247765006386,42.1455938697318,54.91698595146871,93.23116219667943,27.0,3.4482758,21.0,2.6819923,0.0,0.0,553,PRJNA946652,4,1,COPD,ontology,chronic obstructive pulmonary disease,MONDO:0005002,True,False,,True,,MONDO:0005002,14,38591.0
SRX19727430_5,1274,2392.0,1342,2452.0002,1355,2452.0002,SRX19727430,"CD8-positive, alpha-beta T cell",CL:0000625,1274,2392.0,30.309364548494983,39.54849498327759,50.20903010033445,67.64214046822742,29.0,1.2123746,280.0,11.705686,0.0,0.0,1274,PRJNA946652,4,5,COPD,ontology,chronic obstructive pulmonary disease,MONDO:0005002,True,False,,True,,MONDO:0005002,11,34187.0
SRX19727433_1,556,932.0,589,961.0,593,961.0,SRX19727433,"CD4-positive, alpha-beta T cell",CL:0000624,556,932.0,37.76824034334764,48.497854077253216,61.80257510729614,93.99141630901288,17.0,1.8240343,170.0,18.240343,0.0,0.0,556,PRJNA946652,4,1,COPD,disease_text,,,,False,,True,,,13,11535.0
SRX19727433_5,480,863.0,502,881.0,503,881.0,SRX19727433,"CD8-positive, alpha-beta T cell",CL:0000625,480,863.0,41.59907300115875,54.461181923522595,67.5550405561993,100.0,22.0,2.5492468,261.0,30.243338,0.0,0.0,480,PRJNA946652,4,5,COPD,disease_text,,,,False,,True,,,14,15964.0
SRX19727435_1,1604,2972.0,1688,3073.0,1712,3072.9995,SRX19727435,"CD4-positive, alpha-beta T cell",CL:0000624,1604,2972.0,23.082099596231494,31.3257065948856,42.261103633916555,62.85329744279946,13.0,0.4374159,233.0,7.8398385,0.0,0.0,1604,PRJNA946652,4,1,COPD,ontology,chronic obstructive pulmonary disease,MONDO:0005002,True,False,,True,,MONDO:0005002,10,24465.0
SRX19730934_14,6486,32806.0,6743,34343.992,6967,34344.0,SRX19730934,adventitial cell,CL:0002503,6486,32806.0,24.388831311345484,33.86575626409803,43.56520148753277,56.0141437541913,408.0,1.243675,5433.0,16.560995,0.0,0.0,6486,PRJNA934540,90,14,Lung Cancer,ontology,lung carcinoma,MONDO:0005138,True,False,,True,,MONDO:0005138,54,1769503.0
SRX19730935_14,5279,23375.0,5573,26028.006,5741,26027.988,SRX19730935,respiratory tract goblet cell,CL:0002370,5279,23375.0,31.79465240641711,39.42673796791444,48.23529411764706,60.517647058823535,608.0,2.6010697,2427.0,10.382888,2.0,0.00855615,5279,PRJNA934540,90,14,Lung Cancer,ontology,lung carcinoma,MONDO:0005138,True,False,,True,,MONDO:0005138,32,776139.0
SRX19730935_39,4043,14907.0,4249,15527.0,4379,15526.996,SRX19730935,respiratory tract goblet cell,CL:0002370,4043,14907.0,29.43583551351714,37.72724223519152,47.44750788220299,61.427517273763996,433.0,2.9046757,1748.0,11.726034,0.0,0.0,4043,PRJNA934540,90,39,Lung Cancer,ontology,lung carcinoma,MONDO:0005138,True,False,,True,,MONDO:0005138,13,309459.0
SRX19730968_14,7895,68167.0,8183,71915.0,8547,71914.945,SRX19730968,adventitial cell,CL:0002503,7895,68167.0,22.666392829374917,32.699106605835674,44.53327856587499,58.66768377660745,2057.0,3.017589,9856.0,14.458609,0.0,0.0,7895,PRJNA934540,90,14,Lung Cancer,ontology,lung carcinoma,MONDO:0005138,True,False,,True,,MONDO:0005138,18,709925.0
SRX19730968_60,475,693.0,534,785.0,541,785.0,SRX19730968,plasma cell,CL:0000786,475,693.0,29.292929292929294,43.722943722943725,60.317460317460316,100.0,1.0,0.14430015,104.0,15.0072155,0.0,0.0,475,PRJNA934540,90,60,Lung Cancer,ontology,lung carcinoma,MONDO:0005138,True,False,,True,,MONDO:0005138,12,48922.0
SRX19780677_1,882,1662.0,946,1756.0001,965,1756.0002,SRX19780677,"CD4-positive, alpha-beta T cell",CL:0000624,882,1662.0,33.513838748495786,45.006016847172084,58.182912154031285,77.01564380264742,83.0,4.993983,255.0,15.342959,0.0,0.0,882,PRJNA949104,5,1,COVID-19 / SARS-CoV-2,ontology,post-COVID-19 disorder,MONDO:0100320,True,False,,True,,MONDO:0100320,14,17626.0
SRX19780677_24,1652,5055.0,1737,5323.0,1783,5322.9995,SRX19780677,B cell,CL:0000236,1652,5055.0,38.87240356083086,51.84965380811079,63.14540059347181,77.11177052423344,262.0,5.182987,978.0,19.347181,0.0,0.0,1652,PRJNA949104,39,24,COVID-19 / SARS-CoV-2,ontology,post-COVID-19 disorder,MONDO:0100320,True,False,,True,,MONDO:0100320,20,135110.0
SRX19780677_26,4086,17460.0,4322,18168.998,4402,18168.996,SRX19780677,macrophage,CL:0000235,4086,17460.0,36.294387170675826,44.616265750286374,54.43298969072165,67.0217640320733,743.0,4.2554407,1420.0,8.132875,0.0,0.0,4086,PRJNA949104,52,26,COVID-19 / SARS-CoV-2,ontology,post-COVID-19 disorder,MONDO:0100320,True,False,,True,,MONDO:0100320,53,642821.0
SRX19780677_5,1167,2132.0,1239,2255.0,1262,2255.0,SRX19780677,"CD4-positive, alpha-beta T cell",CL:0000624,1167,2132.0,26.26641651031895,37.429643527204504,50.14071294559099,68.71482176360225,89.0,4.174484,314.0,14.727955,0.0,0.0,1167,PRJNA949104,5,5,COVID-19 / SARS-CoV-2,ontology,post-COVID-19 disorder,MONDO:0100320,True,False,,True,,MONDO:0100320,22,38822.0
SRX19780677_9,3004,10449.0,3172,10954.0,3261,10954.002,SRX19780677,macrophage,CL:0000235,3004,10449.0,34.366925064599485,43.200306249401855,53.11513063451048,67.5471336970045,166.0,1.5886688,782.0,7.4839697,0.0,0.0,3004,PRJNA949104,52,9,COVID-19 / SARS-CoV-2,ontology,post-COVID-19 disorder,MONDO:0100320,True,False,,True,,MONDO:0100320,36,490487.0
SRX19780678_26,3469,11864.0,3617,12273.999,3700,12273.998,SRX19780678,macrophage,CL:0000235,3469,11864.0,30.984490896830746,39.54821308159137,49.75556304787593,63.57889413351315,536.0,4.5178695,1012.0,8.530006,0.0,0.0,3469,PRJNA949104,49,26,COVID-19 / SARS-CoV-2,ontology,post-COVID-19 disorder,MONDO:0100320,True,False,,True,,MONDO:0100320,20,276665.0
SRX19780678_9,3071,9474.0,3231,9872.997,3292,9872.996,SRX19780678,macrophage,CL:0000235,3071,9474.0,31.78171838716487,40.626979100696644,50.47498416719443,64.10175216381676,361.0,3.8104284,829.0,8.750263,0.0,0.0,3071,PRJNA949104,52,9,COVID-19 / SARS-CoV-2,ontology,post-COVID-19 disorder,MONDO:0100320,True,False,,True,,MONDO:0100320,49,785827.0
SRX19780680_9,4111,18938.0,4326,21184.0,4428,21184.0,SRX19780680,macrophage,CL:0000235,4111,18938.0,36.513887422114266,46.07667124300349,56.452634913929664,68.86682859858485,605.0,3.194635,1867.0,9.858485,0.0,0.0,4111,PRJNA949104,52,9,COVID-19 / SARS-CoV-2,ontology,post-COVID-19 disorder,MONDO:0100320,True,False,,True,,MONDO:0100320,35,463717.0
SRX19780681_9,1713,4033.0,1824,4361.9995,1855,4362.0005,SRX19780681,macrophage,CL:0000235,1713,4033.0,34.217703942474586,43.639970245474835,53.706917927101415,69.89833870567816,234.0,5.8021326,289.0,7.165881,0.0,0.0,1713,PRJNA949104,52,9,COVID-19 / SARS-CoV-2,ontology,post-COVID-19 disorder,MONDO:0100320,True,False,,True,,MONDO:0100320,58,273074.0
SRX19780682_26,4988,17410.0,5188,19459.998,5282,19460.002,SRX19780682,macrophage,CL:0000235,4988,17410.0,28.77656519241815,34.87076392877657,41.952900631820796,54.06088454910971,66.0,0.37909248,964.0,5.5370474,0.0,0.0,4988,PRJNA949104,49,26,COVID-19 / SARS-CoV-2,ontology,post-COVID-19 disorder,MONDO:0100320,True,False,,True,,MONDO:0100320,12,128529.0
SRX19780682_9,3133,9343.0,3277,10916.997,3321,10916.999,SRX19780682,macrophage,CL:0000235,3133,9343.0,35.898533661564805,43.30514823932356,51.921224446109385,64.52959434871026,584.0,6.250669,716.0,7.6634912,0.0,0.0,3133,PRJNA949104,52,9,COVID-19 / SARS-CoV-2,ontology,post-COVID-19 disorder,MONDO:0100320,True,False,,True,,MONDO:0100320,30,427511.0
SRX19780683_26,2659,6572.0,2813,7672.999,2876,7673.0005,SRX19780683,macrophage,CL:0000235,2659,6572.0,30.72124163116251,38.344491783323186,47.06329884357882,60.95556908094948,225.0,3.4236152,544.0,8.277541,0.0,0.0,2659,PRJNA949104,52,26,COVID-19 / SARS-CoV-2,ontology,post-COVID-19 disorder,MONDO:0100320,True,False,,True,,MONDO:0100320,17,235592.0
SRX19780683_9,3574,10957.0,3758,12217.998,3856,12217.998,SRX19780683,macrophage,CL:0000235,3574,10957.0,28.009491649174045,37.473761065985215,47.39435977001004,61.239390344072284,604.0,5.512458,1277.0,11.65465,0.0,0.0,3574,PRJNA949104,52,9,COVID-19 / SARS-CoV-2,ontology,post-COVID-19 disorder,MONDO:0100320,True,False,,True,,MONDO:0100320,11,187886.0
SRX19780684_9,1083,2034.0,1154,2244.0002,1165,2244.0002,SRX19780684,macrophage,CL:0000235,1083,2034.0,33.136676499508354,42.72369714847591,54.08062930186824,71.33726647000984,77.0,3.785644,193.0,9.488692,0.0,0.0,1083,PRJNA949104,52,9,COVID-19 / SARS-CoV-2,ontology,post-COVID-19 disorder,MONDO:0100320,True,False,,True,,MONDO:0100320,59,554475.0
SRX19780686_1,1890,3345.0,1997,3886.9998,2034,3887.001,SRX19780686,"CD4-positive, alpha-beta T cell",CL:0000624,1890,3345.0,20.717488789237667,28.609865470852018,39.04334828101644,58.02690582959641,125.0,3.7369206,312.0,9.327354,0.0,0.0,1890,PRJNA949104,4,1,COVID-19 / SARS-CoV-2,ontology,post-COVID-19 disorder,MONDO:0100320,True,False,,True,,MONDO:0100320,13,30903.0
SRX19780688_21,282,442.0,299,853.00037,306,852.99994,SRX19780688,plasma cell,CL:0000786,282,442.0,47.511312217194565,58.82352941176471,81.44796380090497,100.0,5.0,1.1312218,4.0,0.90497744,0.0,0.0,282,PRJNA949104,32,21,COVID-19 / SARS-CoV-2,ontology,post-COVID-19 disorder,MONDO:0100320,True,False,,True,,MONDO:0100320,11,5678.0
SRX19780688_26,268,373.0,295,594.9997,297,595.0006,SRX19780688,plasma cell,CL:0000786,268,373.0,41.55495978552279,54.95978552278821,81.76943699731903,100.0,20.0,5.3619304,0.0,0.0,0.0,0.0,268,PRJNA949104,32,26,COVID-19 / SARS-CoV-2,ontology,post-COVID-19 disorder,MONDO:0100320,True,False,,True,,MONDO:0100320,26,24125.0
SRX19780690_21,215,256.0,226,377.0005,228,376.99994,SRX19780690,plasma cell,CL:0000786,215,256.0,35.546875,55.078125,94.140625,100.0,13.0,5.078125,2.0,0.78125,0.0,0.0,215,PRJNA949104,32,21,COVID-19 / SARS-CoV-2,ontology,post-COVID-19 disorder,MONDO:0100320,True,False,,True,,MONDO:0100320,14,4683.0
SRX19780690_26,392,513.0,411,973.00006,418,973.0007,SRX19780690,macrophage,CL:0000235,392,513.0,31.384015594541907,43.07992202729044,62.57309941520468,100.0,8.0,1.5594542,2.0,0.38986355,0.0,0.0,392,PRJNA949104,32,26,COVID-19 / SARS-CoV-2,ontology,post-COVID-19 disorder,MONDO:0100320,True,False,,True,,MONDO:0100320,23,18946.0
SRX19780691_26,299,471.0,326,1217.0001,347,1217.0009,SRX19780691,plasma cell,CL:0000786,299,471.0,47.13375796178344,57.74946921443737,78.98089171974523,100.0,60.0,12.738853,7.0,1.4861995,0.0,0.0,299,PRJNA949104,32,26,COVID-19 / SARS-CoV-2,ontology,post-COVID-19 disorder,MONDO:0100320,True,False,,True,,MONDO:0100320,12,7069.0
SRX19836241_1,1020,1826.0,1085,1894.9999,1110,1895.0,SRX19836241,"CD8-positive, alpha-beta T cell",CL:0000625,1020,1826.0,31.32530120481928,40.36144578313253,51.91675794085433,71.52245345016429,30.0,1.6429354,359.0,19.66046,0.0,0.0,1020,PRJNA950922,4,1,Pulmonary Hypertension,study_consensus,,,False,True,explicitControl,True,,,11,12580.0
SRX19836241_14,2257,5769.0,2401,5952.0005,2446,5952.0015,SRX19836241,fibroblast,CL:0000057,2257,5769.0,27.127751776737735,37.4068296065176,49.436644132431965,65.01993413069856,177.0,3.0681226,821.0,14.231236,0.0,0.0,2257,PRJNA950922,29,14,Pulmonary Hypertension,study_consensus,,,False,True,explicitControl,True,,,101,413006.0
SRX19836241_26,1144,2122.0,1221,2183.0,1235,2183.0002,SRX19836241,macrophage,CL:0000235,1144,2122.0,28.746465598491987,38.737040527803956,50.471253534401505,69.65127238454288,65.0,3.0631478,206.0,9.707823,0.0,0.0,1144,PRJNA950922,39,26,Pulmonary Hypertension,study_consensus,,,False,True,explicitControl,True,,,28,79194.0
SRX19836241_34,1373,3338.0,1476,3458.9998,1501,3459.0,SRX19836241,macrophage,CL:0000235,1373,3338.0,33.073696824445776,43.888556021569805,56.111443978430195,73.8466147393649,73.0,2.1869383,562.0,16.83643,0.0,0.0,1373,PRJNA950922,43,34,Pulmonary Hypertension,study_consensus,,,False,True,explicitControl,True,,,23,60698.0
SRX19836241_36,397,586.0,418,605.0,420,605.0,SRX19836241,endothelial cell,CL:0000115,397,586.0,37.54266211604095,49.31740614334471,66.38225255972696,100.0,21.0,3.583618,12.0,2.0477817,0.0,0.0,397,PRJNA950922,16,36,Pulmonary Hypertension,study_consensus,,,False,True,explicitControl,True,,,26,81473.0
SRX19836241_60,1468,3526.0,1544,3608.9995,1562,3608.9995,SRX19836241,pericyte,CL:0000669,1468,3526.0,34.571752694271126,44.6114577424844,55.41690300623936,72.54679523539421,140.0,3.970505,411.0,11.656268,0.0,0.0,1468,PRJNA950922,59,60,Pulmonary Hypertension,study_consensus,,,False,True,explicitControl,True,,,50,138922.0
SRX19836242_36,4117,13397.0,4337,13848.0,4424,13847.999,SRX19836242,capillary endothelial cell,CL:0002144,4117,13397.0,24.244233783682915,35.493020825557956,46.07748003284318,59.40135851309994,438.0,3.2693884,2718.0,20.288124,0.0,0.0,4117,PRJNA950922,16,36,Pulmonary Hypertension,study_consensus,,,False,True,explicitControl,True,,,10,55922.0
SRX19836242_4,1271,2566.0,1388,2690.0,1415,2690.0,SRX19836242,"CD8-positive, alpha-beta T cell",CL:0000625,1271,2566.0,28.21512081060016,39.78955572876072,52.41621200311769,69.95323460639126,115.0,4.4816837,524.0,20.420889,1.0,0.03897116,1271,PRJNA950922,6,4,Pulmonary Hypertension,study_consensus,,,False,True,explicitControl,True,,,10,33325.0
SRX19836244_1,2057,5137.0,2186,5356.9995,2250,5357.0,SRX19836244,"CD8-positive, alpha-beta T cell",CL:0000625,2057,5137.0,29.083122445006815,40.21802608526377,51.605995717344754,66.82888845629745,220.0,4.2826552,1042.0,20.284214,0.0,0.0,2057,PRJNA950922,4,1,Pulmonary Hypertension,ontology,pulmonary hypertension,MONDO:0005149,True,False,,True,,MONDO:0005149,52,66405.0
SRX19836244_24,1406,3657.0,1500,3772.9998,1530,3772.9993,SRX19836244,macrophage,CL:0000235,1406,3657.0,35.438884331419196,46.869018321028165,58.90073831009024,75.22559474979491,124.0,3.3907573,488.0,13.344272,0.0,0.0,1406,PRJNA950922,39,24,Pulmonary Hypertension,ontology,pulmonary hypertension,MONDO:0005149,True,False,,True,,MONDO:0005149,10,43257.0
SRX19836244_26,1510,4175.0,1600,4338.0,1634,4337.9985,SRX19836244,macrophage,CL:0000235,1510,4175.0,34.49101796407186,47.49700598802396,60.40718562874251,75.80838323353294,186.0,4.45509,842.0,20.167665,0.0,0.0,1510,PRJNA950922,39,26,Pulmonary Hypertension,ontology,pulmonary hypertension,MONDO:0005149,True,False,,True,,MONDO:0005149,33,131222.0
SRX19836244_36,1832,4918.0,1928,5162.0,1965,5161.9995,SRX19836244,endothelial cell,CL:0000115,1832,4918.0,31.638877592517282,45.56730378202521,57.1370475803172,71.59414396095974,151.0,3.0703537,1446.0,29.402197,0.0,0.0,1832,PRJNA950922,16,36,Pulmonary Hypertension,ontology,pulmonary hypertension,MONDO:0005149,True,False,,True,,MONDO:0005149,11,33609.0
SRX19836244_5,720,1335.0,752,1392.0,768,1392.0,SRX19836244,"CD8-positive, alpha-beta T cell",CL:0000625,720,1335.0,35.80524344569289,47.265917602996254,61.04868913857678,83.52059925093633,35.0,2.6217227,292.0,21.87266,0.0,0.0,720,PRJNA950922,4,5,Pulmonary Hypertension,ontology,pulmonary hypertension,MONDO:0005149,True,False,,True,,MONDO:0005149,33,49947.0
SRX19836244_60,2544,7544.0,2735,7796.001,2801,7796.0015,SRX19836244,smooth muscle cell,CL:0000192,2544,7544.0,30.1033934252386,40.38971367974549,51.8425238600212,66.82131495227995,198.0,2.6246023,1007.0,13.348356,0.0,0.0,2544,PRJNA950922,59,60,Pulmonary Hypertension,ontology,pulmonary hypertension,MONDO:0005149,True,False,,True,,MONDO:0005149,23,119726.0
SRX19836244_9,2524,8578.0,2667,8856.0,2709,8855.999,SRX19836244,macrophage,CL:0000235,2524,8578.0,32.956400093261834,43.69316857076242,56.08533457682443,70.55257635812544,272.0,3.1709023,1223.0,14.257402,0.0,0.0,2524,PRJNA950922,52,9,Pulmonary Hypertension,ontology,pulmonary hypertension,MONDO:0005149,True,False,,True,,MONDO:0005149,12,47851.0
SRX19836245_1,1351,2510.0,1440,2622.0,1468,2622.0,SRX19836245,"CD8-positive, alpha-beta T cell",CL:0000625,1351,2510.0,28.247011952191237,37.09163346613546,47.450199203187246,66.09561752988049,76.0,3.0278883,362.0,14.422311,0.0,0.0,1351,PRJNA950922,4,1,Pulmonary Hypertension,ontology,pulmonary hypertension,MONDO:0005149,True,False,,True,,MONDO:0005149,20,39553.0
SRX19836245_26,2928,10511.0,3117,10935.004,3187,10935.003,SRX19836245,macrophage,CL:0000235,2928,10511.0,32.72761868518695,43.78270383407858,55.484730282561124,69.47959280753496,608.0,5.784416,1534.0,14.594234,1.0,0.009513843,2928,PRJNA950922,39,26,Pulmonary Hypertension,ontology,pulmonary hypertension,MONDO:0005149,True,False,,True,,MONDO:0005149,11,92331.0
SRX19836245_36,1810,3526.0,1897,3647.0002,1923,3647.0007,SRX19836245,capillary endothelial cell,CL:0002144,1810,3526.0,25.297787861599545,33.40896199659671,43.64719228587634,62.081678956324446,158.0,4.480998,360.0,10.209869,0.0,0.0,1810,PRJNA950922,16,36,Pulmonary Hypertension,ontology,pulmonary hypertension,MONDO:0005149,True,False,,True,,MONDO:0005149,14,79735.0
SRX19844814_9,678,1034.0,709,1082.0,715,1082.0,SRX19844814,plasma cell,CL:0000786,678,1034.0,29.110251450676984,40.42553191489361,53.77176015473888,82.7852998065764,29.0,2.8046422,127.0,12.282398,0.0,0.0,678,PRJNA945854,39,9,Other,missing_ontology,,,False,True,explicitControl,True,,,85,305741.0
SRX19844815_34,2488,7344.0,2615,7641.9995,2653,7642.0,SRX19844815,intermediate monocyte,CL:0002393,2488,7344.0,31.05936819172113,40.713507625272335,51.66122004357299,66.96623093681917,478.0,6.5087147,777.0,10.580065,0.0,0.0,2488,PRJNA945854,43,34,Other,missing_ontology,,,False,True,explicitControl,True,,,40,65095.0
SRX19844817_9,487,697.0,537,838.0,542,838.0,SRX19844817,macrophage,CL:0000235,487,697.0,32.281205164992826,44.47632711621234,58.82352941176471,100.0,1.0,0.14347203,76.0,10.903874,0.0,0.0,487,PRJNA945854,39,9,Other,missing_ontology,,,False,True,explicitControl,True,,,12,30274.0
SRX19844818_26,1903,5108.0,2017,5268.0005,2051,5268.001,SRX19844818,macrophage,CL:0000235,1903,5108.0,37.5293657008614,45.73218480814409,55.090054815974945,69.57713390759592,231.0,4.522318,304.0,5.9514484,0.0,0.0,1903,PRJNA945854,39,26,Interstitial Lung Disease,ontology,interstitial lung disease,MONDO:0015925,True,False,,True,,MONDO:0015925,17,49949.0
SRX19844818_9,406,563.0,435,585.0,439,585.0,SRX19844818,plasma cell,CL:0000786,406,563.0,33.39253996447602,45.64831261101243,63.41030195381882,100.0,24.0,4.2628775,48.0,8.525755,0.0,0.0,406,PRJNA945854,39,9,Interstitial Lung Disease,ontology,interstitial lung disease,MONDO:0015925,True,False,,True,,MONDO:0015925,12,12054.0
SRX19844819_24,2947,9053.0,3088,9314.001,3129,9313.998,SRX19844819,classical monocyte,CL:0000860,2947,9053.0,29.868551861261462,39.34607312493096,49.685187230752234,64.2880812990169,361.0,3.9876287,1036.0,11.44372,0.0,0.0,2947,PRJNA945854,39,24,Interstitial Lung Disease,ontology,interstitial lung disease,MONDO:0015925,True,False,,True,,MONDO:0015925,12,64146.0
SRX19844819_26,2434,6624.0,2552,7069.0015,2593,7069.002,SRX19844819,macrophage,CL:0000235,2434,6624.0,28.970410628019323,37.71135265700483,48.460144927536234,64.64371980676329,315.0,4.755435,485.0,7.32186,0.0,0.0,2434,PRJNA945854,39,26,Interstitial Lung Disease,ontology,interstitial lung disease,MONDO:0015925,True,False,,True,,MONDO:0015925,15,43480.0
SRX19844819_9,404,531.0,432,556.0,435,556.0,SRX19844819,plasma cell,CL:0000786,404,531.0,31.826741996233523,42.749529190207156,61.5819209039548,100.0,29.0,5.461394,53.0,9.981167,0.0,0.0,404,PRJNA945854,39,9,Interstitial Lung Disease,ontology,interstitial lung disease,MONDO:0015925,True,False,,True,,MONDO:0015925,10,13618.0
SRX19844820_9,487,686.0,523,727.99994,527,728.0,SRX19844820,B cell,CL:0000236,487,686.0,31.778425655976676,43.58600583090379,58.16326530612245,100.0,23.0,3.3527699,61.0,8.892129,0.0,0.0,487,PRJNA945854,39,9,IPF / Pulmonary Fibrosis,ontology,idiopathic pulmonary fibrosis,MONDO:0800504,True,False,,True,,MONDO:0800504,77,191349.0
SRX19844821_26,2869,10162.0,3035,10621.0,3093,10620.999,SRX19844821,macrophage,CL:0000235,2869,10162.0,32.36567604802204,43.997244636882506,55.85514662468019,69.42530997835071,631.0,6.209408,1702.0,16.74867,0.0,0.0,2869,PRJNA945854,39,26,IPF / Pulmonary Fibrosis,ontology,idiopathic pulmonary fibrosis,MONDO:0800504,True,False,,True,,MONDO:0800504,12,108597.0
SRX19844821_66,961,1585.0,1049,1688.0002,1059,1688.0001,SRX19844821,capillary endothelial cell,CL:0002144,961,1585.0,29.716088328075706,39.17981072555205,51.798107255520506,70.91482649842271,91.0,5.741325,149.0,9.400631,0.0,0.0,961,PRJNA945854,41,66,IPF / Pulmonary Fibrosis,ontology,idiopathic pulmonary fibrosis,MONDO:0800504,True,False,,True,,MONDO:0800504,52,85708.0
SRX19844821_9,3650,13302.0,3814,13697.0,3867,13696.999,SRX19844821,macrophage,CL:0000235,3650,13302.0,32.822132010224024,41.81326116373478,50.55630732220718,63.283716734325665,807.0,6.0667567,277.0,2.0823936,0.0,0.0,3650,PRJNA945854,49,9,IPF / Pulmonary Fibrosis,ontology,idiopathic pulmonary fibrosis,MONDO:0800504,True,False,,True,,MONDO:0800504,29,261529.0
SRX19844822_9,656,892.0,704,982.00006,713,981.9999,SRX19844822,plasma cell,CL:0000786,656,892.0,26.681614349775785,37.66816143497758,48.87892376681614,82.51121076233184,31.0,3.4753363,104.0,11.659193,0.0,0.0,656,PRJNA945854,39,9,IPF / Pulmonary Fibrosis,ontology,idiopathic pulmonary fibrosis,MONDO:0800504,True,False,,True,,MONDO:0800504,50,47276.0
SRX19844823_13,427,566.0,471,591.0,471,591.0,SRX19844823,plasma cell,CL:0000786,427,566.0,29.151943462897528,42.226148409893995,59.8939929328622,100.0,23.0,4.0636044,49.0,8.657244,0.0,0.0,427,PRJNA945854,42,13,IPF / Pulmonary Fibrosis,ontology,idiopathic pulmonary fibrosis,MONDO:0800504,True,False,,True,,MONDO:0800504,25,23423.0
SRX19844823_9,550,717.0,593,830.0,599,830.00006,SRX19844823,plasma cell,CL:0000786,550,717.0,25.523012552301257,37.238493723849366,51.185495118549504,93.02649930264994,33.0,4.6025105,87.0,12.133891,0.0,0.0,550,PRJNA945854,39,9,IPF / Pulmonary Fibrosis,ontology,idiopathic pulmonary fibrosis,MONDO:0800504,True,False,,True,,MONDO:0800504,44,49970.0
SRX19844824_9,476,632.0,515,726.00006,523,726.0002,SRX19844824,lung multiciliated epithelial cell,CL:1000271,476,632.0,29.58860759493671,40.50632911392405,56.32911392405063,100.0,29.0,4.588608,66.0,10.443038,0.0,0.0,476,PRJNA945854,39,9,IPF / Pulmonary Fibrosis,ontology,idiopathic pulmonary fibrosis,MONDO:0800504,True,False,,True,,MONDO:0800504,11,16761.0
SRX19844828_8,1506,5348.0,1582,5567.0,1608,5567.0005,SRX19844828,pulmonary alveolar type 2 cell,CL:0002063,1506,5348.0,49.15856394913987,60.86387434554974,69.72700074794315,81.18922961854899,74.0,1.3836948,1354.0,25.317875,0.0,0.0,1506,PRJNA945854,26,8,IPF / Pulmonary Fibrosis,ontology,pulmonary fibrosis,MONDO:0002771,False,True,explicitControl,True,,MONDO:0002771,58,287359.0
SRX19844828_9,1330,4129.0,1392,4305.0,1422,4305.0,SRX19844828,macrophage,CL:0000235,1330,4129.0,41.24485347541778,52.5550980867038,64.27706466456769,79.89828045531607,225.0,5.449261,578.0,13.998548,0.0,0.0,1330,PRJNA945854,52,9,IPF / Pulmonary Fibrosis,ontology,pulmonary fibrosis,MONDO:0002771,False,True,explicitControl,True,,MONDO:0002771,14,60844.0
SRX19844829_36,445,591.0,497,628.0,498,628.00006,SRX19844829,capillary endothelial cell,CL:0002144,445,591.0,30.79526226734349,41.62436548223351,58.544839255499156,100.0,17.0,2.8764806,20.0,3.3840947,0.0,0.0,445,PRJNA945854,16,36,Other,missing_ontology,,,False,True,explicitControl,True,,,15,24766.0
SRX19844831_4,1614,2920.0,1699,3050.0,1723,3049.9995,SRX19844831,mature NK T cell,CL:0000814,1614,2920.0,22.636986301369863,30.47945205479452,41.64383561643836,61.84931506849315,91.0,3.1164384,252.0,8.630137,0.0,0.0,1614,PRJNA945854,6,4,IPF / Pulmonary Fibrosis,ontology,idiopathic pulmonary fibrosis,MONDO:0800504,True,False,,True,,MONDO:0800504,12,46448.0
SRX19844831_5,1628,3110.0,1718,3238.9995,1743,3238.9998,SRX19844831,"CD4-positive, alpha-beta T cell",CL:0000624,1628,3110.0,24.758842443729904,33.247588424437296,44.08360128617363,63.729903536977496,67.0,2.1543407,251.0,8.07074,0.0,0.0,1628,PRJNA945854,5,5,IPF / Pulmonary Fibrosis,ontology,idiopathic pulmonary fibrosis,MONDO:0800504,True,False,,True,,MONDO:0800504,13,46400.0
SRX19844832_1,1180,3123.0,1263,3332.0,1289,3332.0,SRX19844832,"CD4-positive, alpha-beta T cell",CL:0000624,1180,3123.0,41.17835414665386,54.88312520012808,65.35382644892731,78.2260646813961,167.0,5.3474226,1125.0,36.023052,0.0,0.0,1180,PRJNA945854,5,1,IPF / Pulmonary Fibrosis,ontology,idiopathic pulmonary fibrosis,MONDO:0800504,True,False,,True,,MONDO:0800504,26,100215.0
SRX19844832_5,1777,3240.0,1899,3418.9995,1924,3418.9995,SRX19844832,"CD8-positive, alpha-beta T cell",CL:0000625,1777,3240.0,22.623456790123456,31.265432098765434,41.79012345679013,60.58641975308642,89.0,2.7469137,376.0,11.604938,0.0,0.0,1777,PRJNA945854,5,5,IPF / Pulmonary Fibrosis,ontology,idiopathic pulmonary fibrosis,MONDO:0800504,True,False,,True,,MONDO:0800504,14,47992.0
SRX19844833_20,1888,4718.0,1989,5071.001,2033,5071.0,SRX19844833,club cell,CL:0000158,1888,4718.0,34.23060618906316,45.48537515896566,55.68037303942348,69.8813056379822,459.0,9.728699,948.0,20.09326,0.0,0.0,1888,PRJNA945854,12,20,IPF / Pulmonary Fibrosis,ontology,idiopathic pulmonary fibrosis,MONDO:0800504,True,False,,True,,MONDO:0800504,15,78972.0
SRX19844833_36,1569,3873.0,1675,4071.0,1691,4070.9998,SRX19844833,capillary endothelial cell,CL:0002144,1569,3873.0,31.603408210689388,42.57681383940098,54.144074360960495,72.06300025819779,88.0,2.2721405,520.0,13.426285,0.0,0.0,1569,PRJNA945854,16,36,IPF / Pulmonary Fibrosis,ontology,idiopathic pulmonary fibrosis,MONDO:0800504,True,False,,True,,MONDO:0800504,23,86199.0
SRX19844833_44,3273,8223.0,3447,8596.0,3498,8596.001,SRX19844833,lung multiciliated epithelial cell,CL:1000271,3273,8223.0,23.71397300255381,30.77952085613523,39.96108476225222,55.08938343670194,1001.0,12.173173,481.0,5.849447,0.0,0.0,3273,PRJNA945854,8,44,IPF / Pulmonary Fibrosis,ontology,idiopathic pulmonary fibrosis,MONDO:0800504,True,False,,True,,MONDO:0800504,14,80804.0
SRX19844833_45,861,6799.0,886,6926.0,906,6926.001,SRX19844833,respiratory tract goblet cell,CL:0002370,861,6799.0,84.52713634357994,87.10104427121635,90.1603176937785,94.6903956464186,321.0,4.7212825,173.0,2.544492,0.0,0.0,861,PRJNA945854,12,45,IPF / Pulmonary Fibrosis,ontology,idiopathic pulmonary fibrosis,MONDO:0800504,True,False,,True,,MONDO:0800504,18,138902.0
SRX19844834_26,414,540.0,438,560.0,439,560.0,SRX19844834,plasma cell,CL:0000786,414,540.0,28.51851851851852,41.85185185185185,60.370370370370374,100.0,30.0,5.555556,71.0,13.148149,0.0,0.0,414,PRJNA945854,39,26,IPF / Pulmonary Fibrosis,ontology,idiopathic pulmonary fibrosis,MONDO:0800504,True,False,,True,,MONDO:0800504,13,62564.0
SRX19844835_26,1410,4098.0,1474,4279.0,1494,4279.0,SRX19844835,macrophage,CL:0000235,1410,4098.0,37.11566617862372,49.780380673499266,61.83504148365056,77.79404587603709,268.0,6.5397754,837.0,20.424597,0.0,0.0,1410,PRJNA945854,39,26,IPF / Pulmonary Fibrosis,ontology,idiopathic pulmonary fibrosis,MONDO:0800504,True,False,,True,,MONDO:0800504,11,63650.0
SRX19844836_24,1093,2429.0,1176,2559.0002,1197,2559.0002,SRX19844836,B cell,CL:0000236,1093,2429.0,35.19967064635652,46.93289419514203,58.17208727871552,75.58666117743927,145.0,5.969535,328.0,13.503499,0.0,0.0,1093,PRJNA945854,39,24,Interstitial Lung Disease,ontology,interstitial lung disease,MONDO:0015925,True,False,,True,,MONDO:0015925,11,59394.0
SRX19844836_26,980,2014.0,1054,2099.0002,1069,2099.0002,SRX19844836,macrophage,CL:0000235,980,2014.0,36.69314796425025,47.56703078450844,58.540218470705064,76.16683217477657,105.0,5.2135053,253.0,12.562065,0.0,0.0,980,PRJNA945854,39,26,Interstitial Lung Disease,ontology,interstitial lung disease,MONDO:0015925,True,False,,True,,MONDO:0015925,10,42605.0
SRX19844837_26,3497,10848.0,3666,11189.001,3740,11189.0,SRX19844837,macrophage,CL:0000235,3497,10848.0,31.95980825958702,39.18694690265487,47.216076696165196,60.508849557522126,968.0,8.923304,363.0,3.346239,0.0,0.0,3497,PRJNA945854,39,26,Interstitial Lung Disease,ontology,interstitial lung disease,MONDO:0015925,True,False,,True,,MONDO:0015925,12,61974.0
SRX19844837_9,502,682.0,541,713.0,542,713.0,SRX19844837,B cell,CL:0000236,502,682.0,30.35190615835777,41.05571847507331,55.718475073313776,99.70674486803519,29.0,4.2521996,64.0,9.384164,0.0,0.0,502,PRJNA945854,39,9,Interstitial Lung Disease,ontology,interstitial lung disease,MONDO:0015925,True,False,,True,,MONDO:0015925,26,41228.0
SRX19844838_20,436,621.0,474,635.0001,474,635.0001,SRX19844838,B cell,CL:0000236,436,621.0,37.84219001610306,45.893719806763286,61.99677938808373,100.0,119.0,19.162642,18.0,2.8985507,0.0,0.0,436,PRJNA945854,12,20,Interstitial Lung Disease,ontology,interstitial lung disease,MONDO:0015925,True,False,,True,,MONDO:0015925,14,51948.0
SRX19844838_9,367,545.0,376,552.0,377,552.0,SRX19844838,plasma cell,CL:0000786,367,545.0,38.1651376146789,51.00917431192661,69.35779816513762,100.0,29.0,5.321101,26.0,4.7706423,0.0,0.0,367,PRJNA945854,39,9,Interstitial Lung Disease,ontology,interstitial lung disease,MONDO:0015925,True,False,,True,,MONDO:0015925,10,38491.0
SRX19844839_9,415,567.0,450,598.0,453,598.0,SRX19844839,plasma cell,CL:0000786,415,567.0,33.50970017636684,44.44444444444444,62.08112874779541,100.0,18.0,3.1746035,74.0,13.0511465,0.0,0.0,415,PRJNA945854,39,9,Interstitial Lung Disease,ontology,interstitial lung disease,MONDO:0015925,True,False,,True,,MONDO:0015925,20,101114.0
SRX19910910_34,617,823.0,662,1080.9994,675,1081.0007,SRX19910910,B cell,CL:0000236,617,823.0,24.05832320777643,36.2089914945322,49.33171324422843,85.78371810449575,4.0,0.48602676,3.0,0.36452004,0.0,0.0,617,PRJNA953640,58,34,Lung Cancer,ontology,lung cancer,MONDO:0008903,False,True,matchedAdjacent,True,,MONDO:0008903,10,8085.0
SRX19910910_8,1117,2122.0,1196,2303.9998,1233,2303.999,SRX19910910,capillary endothelial cell,CL:0002144,1117,2122.0,28.086710650329877,37.417530631479735,49.57587181903864,70.92365692742696,0.0,0.0,19.0,0.8953817,0.0,0.0,1117,PRJNA953640,13,8,Lung Cancer,ontology,lung cancer,MONDO:0008903,False,True,matchedAdjacent,True,,MONDO:0008903,16,38328.0
SRX19910912_36,1701,3391.0,1813,3538.999,1864,3538.9985,SRX19910912,capillary endothelial cell,CL:0002144,1701,3391.0,20.495429076968446,28.693600707755824,39.69330580949572,60.42465349454438,2.0,0.058979653,10.0,0.29489827,0.0,0.0,1701,PRJNA953640,51,36,Lung Cancer,ontology,lung cancer,MONDO:0008903,False,True,matchedAdjacent,True,,MONDO:0008903,17,40300.0
SRX19910912_38,1692,3031.0,1812,3229.9993,1849,3229.9998,SRX19910912,pulmonary alveolar type 1 cell,CL:0002062,1692,3031.0,20.9171890465193,28.769383041900365,39.29396238865061,59.74925767073573,3.0,0.09897724,4.0,0.13196965,1.0,0.03299241,1692,PRJNA953640,50,38,Lung Cancer,ontology,lung cancer,MONDO:0008903,False,True,matchedAdjacent,True,,MONDO:0008903,19,71312.0
SRX19910912_8,2843,6729.0,2997,6989.0005,3086,6989.0,SRX19910912,pulmonary alveolar type 2 cell,CL:0002063,2843,6729.0,18.24936840540942,25.18947837717343,34.55193936691931,51.56784068955268,2.0,0.029722098,12.0,0.1783326,0.0,0.0,2843,PRJNA953640,68,8,Lung Cancer,ontology,lung cancer,MONDO:0008903,False,True,matchedAdjacent,True,,MONDO:0008903,12,55514.0
SRX19910914_36,827,1202.0,892,1420.0005,900,1419.9999,SRX19910914,vein endothelial cell,CL:0002543,827,1202.0,21.46422628951747,31.78036605657238,47.8369384359401,72.79534109816971,1.0,0.08319467,7.0,0.5823627,0.0,0.0,827,PRJNA953640,51,36,Lung Cancer,ontology,lung cancer,MONDO:0008903,False,True,matchedAdjacent,True,,MONDO:0008903,13,23816.0
SRX19910914_38,1647,3433.0,1735,3599.9998,1787,3599.9998,SRX19910914,pulmonary alveolar type 1 cell,CL:0002062,1647,3433.0,26.21613748907661,34.60530148558112,45.00436935624818,64.6373434314011,0.0,0.0,13.0,0.37867755,0.0,0.0,1647,PRJNA953640,50,38,Lung Cancer,ontology,lung cancer,MONDO:0008903,False,True,matchedAdjacent,True,,MONDO:0008903,10,29685.0
SRX19910914_8,1714,3341.0,1790,3441.0,1817,3440.9998,SRX19910914,capillary endothelial cell,CL:0002144,1714,3341.0,22.4483687518707,30.439988027536664,41.06554923675546,61.0595630050883,4.0,0.11972464,11.0,0.32924274,0.0,0.0,1714,PRJNA953640,68,8,Lung Cancer,ontology,lung cancer,MONDO:0008903,False,True,matchedAdjacent,True,,MONDO:0008903,39,125397.0
SRX19910918_38,956,1317.0,1009,1457.0001,1026,1457.0004,SRX19910918,pulmonary alveolar type 1 cell,CL:0002062,956,1317.0,19.893697798025816,28.473804100227788,42.59681093394077,65.37585421412301,1.0,0.07593014,3.0,0.22779045,0.0,0.0,956,PRJNA953640,50,38,Lung Cancer,ontology,lung adenocarcinoma,MONDO:0005061,False,True,matchedAdjacent,True,,MONDO:0005061,16,16896.0
SRX19910918_8,419,556.0,451,637.0,456,636.99994,SRX19910918,capillary endothelial cell,CL:0002144,419,556.0,32.73381294964029,42.62589928057554,60.61151079136691,100.0,0.0,0.0,2.0,0.35971224,0.0,0.0,419,PRJNA953640,13,8,Lung Cancer,ontology,lung adenocarcinoma,MONDO:0005061,False,True,matchedAdjacent,True,,MONDO:0005061,23,24283.0
SRX19910918_9,1795,2613.0,1900,3209.0007,1943,3208.9988,SRX19910918,macrophage,CL:0000235,1795,2613.0,14.083429008802142,20.58936088786835,30.118637581324148,50.44010715652507,1.0,0.038270187,11.0,0.42097205,0.0,0.0,1795,PRJNA953640,49,9,Lung Cancer,ontology,lung adenocarcinoma,MONDO:0005061,False,True,matchedAdjacent,True,,MONDO:0005061,10,18145.0
SRX19910923_38,767,1070.0,840,1463.9999,867,1464.0006,SRX19910923,pulmonary alveolar type 1 cell,CL:0002062,767,1070.0,24.485981308411215,33.83177570093458,47.00934579439252,75.04672897196262,4.0,0.37383178,0.0,0.0,0.0,0.0,767,PRJNA953640,50,38,Lung Cancer,ontology,lung cancer,MONDO:0008903,False,True,matchedAdjacent,True,,MONDO:0008903,12,29982.0
SRX19910925_36,942,1381.0,1007,1670.0002,1021,1669.9994,SRX19910925,capillary endothelial cell,CL:0002144,942,1381.0,21.361332367849386,30.919623461259953,45.401882693700216,67.99420709630702,4.0,0.2896452,4.0,0.2896452,0.0,0.0,942,PRJNA953640,51,36,Lung Cancer,study_consensus,,,False,True,matchedAdjacent,True,,,12,32309.0
SRX19910925_38,2372,5172.0,2533,5578.003,2624,5578.002,SRX19910925,pulmonary alveolar type 1 cell,CL:0002062,2372,5172.0,21.171693735498838,28.344934261407577,38.4184068058778,56.24516627996906,21.0,0.40603247,8.0,0.15467903,1.0,0.019334879,2372,PRJNA953640,50,38,Lung Cancer,study_consensus,,,False,True,matchedAdjacent,True,,,27,108781.0
SRX19910925_8,1324,2282.0,1431,2569.0,1473,2569.001,SRX19910925,"CD4-positive, alpha-beta T cell",CL:0000624,1324,2282.0,24.715162138475023,32.99737072743208,44.171779141104295,63.891323400525856,3.0,0.13146363,9.0,0.39439088,0.0,0.0,1324,PRJNA953640,68,8,Lung Cancer,study_consensus,,,False,True,matchedAdjacent,True,,,21,76984.0
SRX19910927_38,1683,2972.0,1794,3216.0005,1838,3216.0005,SRX19910927,pulmonary alveolar type 1 cell,CL:0002062,1683,2972.0,22.24091520861373,29.71063257065949,40.242261103633915,60.195154777927314,1.0,0.033647373,1.0,0.033647373,0.0,0.0,1683,PRJNA953640,50,38,Lung Cancer,ontology,lung adenocarcinoma,MONDO:0005061,False,True,matchedAdjacent,True,,MONDO:0005061,16,39838.0
SRX19910927_8,1294,2260.0,1379,2405.0002,1406,2404.9998,SRX19910927,capillary endothelial cell,CL:0002144,1294,2260.0,24.424778761061948,33.230088495575224,44.38053097345133,64.86725663716814,1.0,0.044247787,9.0,0.39823008,0.0,0.0,1294,PRJNA953640,68,8,Lung Cancer,ontology,lung adenocarcinoma,MONDO:0005061,False,True,matchedAdjacent,True,,MONDO:0005061,21,47842.0
SRX19910929_38,822,1210.0,875,1381.0001,899,1381.0002,SRX19910929,pulmonary alveolar type 1 cell,CL:0002062,822,1210.0,26.694214876033058,35.86776859504132,48.595041322314046,73.38842975206612,0.0,0.0,3.0,0.24793388,0.0,0.0,822,PRJNA953640,50,38,Lung Cancer,ontology,lung cancer,MONDO:0008903,False,True,matchedAdjacent,True,,MONDO:0008903,14,15244.0
SRX19910929_8,915,1321.0,980,1448.0002,993,1448.0004,SRX19910929,capillary endothelial cell,CL:0002144,915,1321.0,24.451173353520062,32.626797880393646,45.87433762301287,68.58440575321725,0.0,0.0,4.0,0.3028009,0.0,0.0,915,PRJNA953640,68,8,Lung Cancer,ontology,lung cancer,MONDO:0008903,False,True,matchedAdjacent,True,,MONDO:0008903,14,15804.0
SRX19910933_8,951,1339.0,1064,1500.0,1086,1499.9996,SRX19910933,B cell,CL:0000236,951,1339.0,22.10604929051531,30.32113517550411,43.913368185212846,66.31814787154593,2.0,0.1493652,1.0,0.0746826,0.0,0.0,951,PRJNA953640,13,8,Lung Cancer,ontology,lung cancer,MONDO:0008903,False,True,matchedAdjacent,True,,MONDO:0008903,31,22171.0
SRX19910935_36,1721,3662.0,1855,3822.999,1907,3822.999,SRX19910935,endothelial cell of artery,CL:1000413,1721,3662.0,20.34407427635172,29.41015838339705,41.61660294920808,62.15182960131076,5.0,0.1365374,18.0,0.49153468,0.0,0.0,1721,PRJNA953640,51,36,Lung Cancer,ontology,lung cancer,MONDO:0008903,False,True,matchedAdjacent,True,,MONDO:0008903,19,50924.0
SRX19910935_38,2063,5836.0,2157,6012.0005,2217,6012.0015,SRX19910935,pulmonary alveolar type 1 cell,CL:0002062,2063,5836.0,23.869088416723784,33.37902673063742,45.8190541466758,65.31871144619602,12.0,0.20562029,14.0,0.23989032,0.0,0.0,2063,PRJNA953640,50,38,Lung Cancer,ontology,lung cancer,MONDO:0008903,False,True,matchedAdjacent,True,,MONDO:0008903,16,121856.0
SRX19910935_8,2279,5121.0,2412,5282.0005,2464,5282.0005,SRX19910935,pulmonary alveolar type 2 cell,CL:0002063,2279,5121.0,21.831673501269282,29.77933997266159,40.24604569420035,57.85979300917789,12.0,0.23432924,10.0,0.19527437,0.0,0.0,2279,PRJNA953640,68,8,Lung Cancer,ontology,lung cancer,MONDO:0008903,False,True,matchedAdjacent,True,,MONDO:0008903,11,73847.0
SRX19910941_14,2096,4844.0,2201,5044.0015,2247,5044.0015,SRX19910941,macrophage,CL:0000235,2096,4844.0,21.34599504541701,29.91329479768786,41.10239471511148,59.991742361684565,2.0,0.041288193,42.0,0.867052,0.0,0.0,2096,PRJNA953640,13,14,Lung Cancer,ontology,lung cancer,MONDO:0008903,False,True,matchedAdjacent,True,,MONDO:0008903,12,19063.0
SRX19910941_36,1205,2640.0,1285,2717.0,1302,2717.0,SRX19910941,vein endothelial cell,CL:0002543,1205,2640.0,31.022727272727273,41.060606060606055,53.29545454545455,73.29545454545455,4.0,0.15151514,20.0,0.75757575,1.0,0.037878785,1205,PRJNA953640,51,36,Lung Cancer,ontology,lung cancer,MONDO:0008903,False,True,matchedAdjacent,True,,MONDO:0008903,10,20112.0
SRX19910941_38,2393,5005.0,2524,5275.0,2600,5275.0005,SRX19910941,pulmonary alveolar type 1 cell,CL:0002062,2393,5005.0,19.420579420579422,26.47352647352647,36.103896103896105,54.065934065934066,7.0,0.13986014,17.0,0.33966035,0.0,0.0,2393,PRJNA953640,50,38,Lung Cancer,ontology,lung cancer,MONDO:0008903,False,True,matchedAdjacent,True,,MONDO:0008903,13,52542.0
SRX19910941_52,2973,7079.0,3105,7302.0,3158,7302.0005,SRX19910941,pulmonary alveolar type 2 cell,CL:0002063,2973,7079.0,18.025144794462495,24.76338465885012,34.185619437773695,51.30668173470829,7.0,0.098884024,45.0,0.635683,1.0,0.01412629,2973,PRJNA953640,68,52,Lung Cancer,ontology,lung cancer,MONDO:0008903,False,True,matchedAdjacent,True,,MONDO:0008903,24,37735.0
SRX19910941_8,478,541.0,529,585.99994,531,586.0001,SRX19910941,"CD4-positive, alpha-beta T cell",CL:0000624,478,541.0,20.88724584103512,30.129390018484287,48.613678373382626,100.0,11.0,2.0332716,16.0,2.9574862,0.0,0.0,478,PRJNA953640,13,8,Lung Cancer,ontology,lung cancer,MONDO:0008903,False,True,matchedAdjacent,True,,MONDO:0008903,34,89718.0
SRX20407493_1,1636,3272.0,1719,3385.0,1744,3385.0002,SRX20407493,"CD4-positive, alpha-beta T cell",CL:0000624,1636,3272.0,23.441320293398533,33.43520782396088,45.26283618581907,64.94498777506112,122.0,3.7286062,530.0,16.198044,0.0,0.0,1636,PRJNA973717,4,1,Lung Cancer,ontology,lung adenocarcinoma,MONDO:0005061,True,False,,True,,MONDO:0005061,31,120268.0
SRX20407493_36,481,695.0,495,717.00006,498,716.99994,SRX20407493,capillary endothelial cell,CL:0002144,481,695.0,30.79136690647482,45.17985611510792,59.56834532374101,100.0,36.0,5.179856,11.0,1.5827338,0.0,0.0,481,PRJNA973717,51,36,Lung Cancer,ontology,lung adenocarcinoma,MONDO:0005061,True,False,,True,,MONDO:0005061,23,143507.0
SRX20407493_4,2077,4410.0,2178,4550.0,2212,4550.0,SRX20407493,"CD8-positive, alpha-beta T cell",CL:0000625,2077,4410.0,24.331065759637188,32.40362811791383,42.358276643990926,59.183673469387756,211.0,4.78458,552.0,12.517007,0.0,0.0,2077,PRJNA973717,6,4,Lung Cancer,ontology,lung adenocarcinoma,MONDO:0005061,True,False,,True,,MONDO:0005061,21,104105.0
SRX20407494_0,1349,2249.0,1439,2321.0,1454,2321.0,SRX20407494,B cell,CL:0000236,1349,2249.0,26.100489106269453,33.57047576700756,43.4415295686972,62.249888839484214,167.0,7.425523,173.0,7.692308,0.0,0.0,1349,PRJNA973717,42,0,Lung Cancer,ontology,lung adenocarcinoma,MONDO:0005061,True,False,,True,,MONDO:0005061,10,38867.0
SRX20407494_1,1623,3136.0,1712,3221.9995,1738,3221.9998,SRX20407494,"CD4-positive, alpha-beta T cell",CL:0000624,1623,3136.0,24.20280612244898,31.377551020408163,41.54974489795919,62.37244897959183,241.0,7.684949,108.0,3.4438775,0.0,0.0,1623,PRJNA973717,4,1,Lung Cancer,ontology,lung adenocarcinoma,MONDO:0005061,True,False,,True,,MONDO:0005061,13,68081.0
SRX20407494_13,477,675.0,511,691.00006,514,691.00006,SRX20407494,B cell,CL:0000236,477,675.0,32.592592592592595,44.148148148148145,58.96296296296296,100.0,43.0,6.37037,32.0,4.740741,0.0,0.0,477,PRJNA973717,42,13,Lung Cancer,ontology,lung adenocarcinoma,MONDO:0005061,True,False,,True,,MONDO:0005061,12,24047.0
SRX20407494_14,2247,5355.0,2397,5544.0015,2429,5544.001,SRX20407494,alveolar adventitial fibroblast,CL:4028006,2247,5355.0,23.95891690009337,31.932773109243694,42.14752567693744,60.093370681605975,120.0,2.2408965,204.0,3.809524,0.0,0.0,2247,PRJNA973717,29,14,Lung Cancer,ontology,lung adenocarcinoma,MONDO:0005061,True,False,,True,,MONDO:0005061,11,65385.0
SRX20407494_36,1093,2196.0,1136,2339.0,1149,2339.0,SRX20407494,vein endothelial cell,CL:0002543,1093,2196.0,34.244080145719494,43.30601092896175,54.735883424408016,72.99635701275045,355.0,16.165756,119.0,5.4189434,0.0,0.0,1093,PRJNA973717,16,36,Lung Cancer,ontology,lung adenocarcinoma,MONDO:0005061,True,False,,True,,MONDO:0005061,28,131167.0
SRX20407494_4,2026,4198.0,2143,4334.0005,2173,4334.0,SRX20407494,"CD8-positive, alpha-beta T cell",CL:0000625,2026,4198.0,22.224868985231062,29.96665078608861,40.40019056693664,58.62315388280134,195.0,4.645069,386.0,9.194855,0.0,0.0,2026,PRJNA973717,6,4,Lung Cancer,ontology,lung adenocarcinoma,MONDO:0005061,True,False,,True,,MONDO:0005061,25,107535.0
SRX20407496_13,776,1117.0,813,1186.0,824,1185.9999,SRX20407496,capillary endothelial cell,CL:0002144,776,1117.0,25.514771709937335,34.46732318710833,48.433303491495074,75.29095792300807,28.0,2.5067146,35.0,3.133393,0.0,0.0,776,PRJNA973717,42,13,Lung Cancer,ontology,lung adenocarcinoma,MONDO:0005061,True,False,,True,,MONDO:0005061,41,123985.0
SRX20407496_26,2699,7470.0,2830,7743.0005,2885,7742.999,SRX20407496,macrophage,CL:0000235,2699,7470.0,29.598393574297187,36.41231593038822,45.55555555555556,60.80321285140562,1301.0,17.416332,145.0,1.9410977,0.0,0.0,2699,PRJNA973717,49,26,Lung Cancer,ontology,lung adenocarcinoma,MONDO:0005061,True,False,,True,,MONDO:0005061,17,146544.0
SRX20407496_36,2172,4245.0,2283,4439.9995,2317,4439.999,SRX20407496,endothelial cell of artery,CL:1000413,2172,4245.0,18.680800942285043,26.548881036513546,36.7962308598351,54.67608951707892,190.0,4.475854,138.0,3.2508836,0.0,0.0,2172,PRJNA973717,15,36,Lung Cancer,ontology,lung adenocarcinoma,MONDO:0005061,True,False,,True,,MONDO:0005061,10,35989.0
SRX20407496_9,3034,7041.0,3176,7363.999,3232,7364.0005,SRX20407496,macrophage,CL:0000235,3034,7041.0,25.010651896037494,30.563840363584717,38.31842067888084,53.25948018747337,790.0,11.219997,224.0,3.1813662,0.0,0.0,3034,PRJNA973717,49,9,Lung Cancer,ontology,lung adenocarcinoma,MONDO:0005061,True,False,,True,,MONDO:0005061,24,277587.0
SRX20407497_1,1809,4378.0,1879,4525.0005,1917,4525.001,SRX20407497,"CD4-positive, alpha-beta T cell",CL:0000624,1809,4378.0,21.630881681132937,31.33851073549566,44.221105527638194,64.80127912288717,117.0,2.6724532,414.0,9.456373,0.0,0.0,1809,PRJNA973717,4,1,Lung Cancer,ontology,lung adenocarcinoma,MONDO:0005061,True,False,,True,,MONDO:0005061,33,82530.0
SRX20407497_13,1125,2530.0,1178,2620.9998,1190,2621.0,SRX20407497,basophil,CL:0000767,1125,2530.0,33.67588932806324,45.92885375494071,58.30039525691699,75.29644268774703,140.0,5.533597,490.0,19.36759,0.0,0.0,1125,PRJNA973717,42,13,Lung Cancer,ontology,lung adenocarcinoma,MONDO:0005061,True,False,,True,,MONDO:0005061,16,49305.0
SRX20407497_20,1837,3897.0,1955,4043.9998,1975,4044.0,SRX20407497,"CD4-positive, alpha-beta T cell",CL:0000624,1837,3897.0,26.815499101873236,35.617141390813444,45.90710803181935,63.690017962535286,280.0,7.1850142,453.0,11.624327,0.0,0.0,1837,PRJNA973717,12,20,Lung Cancer,ontology,lung adenocarcinoma,MONDO:0005061,True,False,,True,,MONDO:0005061,11,74025.0
SRX20407497_36,2405,5628.0,2510,5802.999,2536,5803.002,SRX20407497,vein endothelial cell,CL:0002543,2405,5628.0,21.321961620469082,30.810234541577824,42.16417910447761,59.914712153518124,222.0,3.9445627,689.0,12.24236,0.0,0.0,2405,PRJNA973717,16,36,Lung Cancer,ontology,lung adenocarcinoma,MONDO:0005061,True,False,,True,,MONDO:0005061,10,66772.0
SRX20407497_4,430,597.0,469,630.0,471,630.0,SRX20407497,B cell,CL:0000236,430,597.0,35.175879396984925,44.72361809045226,61.47403685092128,100.0,91.0,15.242881,25.0,4.187605,0.0,0.0,430,PRJNA973717,6,4,Lung Cancer,ontology,lung adenocarcinoma,MONDO:0005061,True,False,,True,,MONDO:0005061,31,94931.0
SRX20407497_5,2686,6203.0,2823,6454.0,2864,6454.0,SRX20407497,"CD4-positive, alpha-beta T cell",CL:0000624,2686,6203.0,27.567306142189263,36.38561986135741,44.91375141060777,58.8102531033371,390.0,6.2872806,1052.0,16.959536,0.0,0.0,2686,PRJNA973717,6,5,Lung Cancer,ontology,lung adenocarcinoma,MONDO:0005061,True,False,,True,,MONDO:0005061,25,75960.0
SRX20407498_1,1492,3002.0,1595,3121.0002,1611,3120.9993,SRX20407498,"CD4-positive, alpha-beta T cell",CL:0000624,1492,3002.0,25.349766822118585,35.27648234510327,46.835443037974684,66.95536309127247,83.0,2.7648234,516.0,17.188541,0.0,0.0,1492,PRJNA973717,4,1,Lung Cancer,ontology,lung adenocarcinoma,MONDO:0005061,True,False,,True,,MONDO:0005061,43,119876.0
SRX20407498_20,5902,19053.0,6174,19777.008,6339,19777.002,SRX20407498,club cell,CL:0000158,5902,19053.0,18.47478087440298,24.563060935285783,31.926730698577654,45.56762714533144,976.0,5.122553,1336.0,7.012019,0.0,0.0,5902,PRJNA973717,12,20,Lung Cancer,ontology,lung adenocarcinoma,MONDO:0005061,True,False,,True,,MONDO:0005061,14,137178.0
SRX20407498_5,1321,2592.0,1414,2714.9998,1434,2714.9993,SRX20407498,"CD4-positive, alpha-beta T cell",CL:0000624,1321,2592.0,28.973765432098762,39.08179012345679,50.42438271604939,68.3256172839506,113.0,4.359568,484.0,18.672838,0.0,0.0,1321,PRJNA973717,4,5,Lung Cancer,ontology,lung adenocarcinoma,MONDO:0005061,True,False,,True,,MONDO:0005061,13,43975.0
SRX20407499_1,2365,5740.0,2497,5937.0,2548,5937.001,SRX20407499,"CD4-positive, alpha-beta T cell",CL:0000624,2365,5740.0,19.878048780487806,28.118466898954704,39.146341463414636,58.2404181184669,147.0,2.5609756,744.0,12.961672,0.0,0.0,2365,PRJNA973717,4,1,Lung Cancer,ontology,lung adenocarcinoma,MONDO:0005061,True,False,,True,,MONDO:0005061,32,105761.0
SRX20407499_4,1212,1852.0,1284,1917.0,1299,1917.0001,SRX20407499,B cell,CL:0000236,1212,1852.0,22.300215982721383,30.399568034557234,41.30669546436285,61.55507559395248,109.0,5.885529,162.0,8.7473,0.0,0.0,1212,PRJNA973717,6,4,Lung Cancer,ontology,lung adenocarcinoma,MONDO:0005061,True,False,,True,,MONDO:0005061,13,39466.0
SRX20407499_8,4474,14186.0,4655,14668.002,4758,14667.999,SRX20407499,pulmonary alveolar type 2 cell,CL:0002063,4474,14186.0,23.65712674467785,29.930917806287887,37.72028760750035,51.445086705202314,1106.0,7.7964187,944.0,6.654448,0.0,0.0,4474,PRJNA973717,12,8,Lung Cancer,ontology,lung adenocarcinoma,MONDO:0005061,True,False,,True,,MONDO:0005061,23,412142.0
SRX20811745_26,2183,5265.0,2288,6082.9985,2325,6082.9995,SRX20811745,macrophage,CL:0000235,2183,5265.0,28.888888888888886,36.90408357075024,46.894586894586894,62.88698955365623,172.0,3.2668564,390.0,7.4074073,0.0,0.0,2183,PRJNA988459,39,26,COVID-19 / SARS-CoV-2,ontology,COVID-19,MONDO:0100096,True,False,,True,,MONDO:0100096,11,40554.0
SRX20811753_34,293,455.0,303,468.0,305,468.0,SRX20811753,neutrophil,CL:0000775,293,455.0,45.27472527472528,57.58241758241758,79.56043956043956,100.0,0.0,0.0,2.0,0.43956047,0.0,0.0,293,PRJNA988459,58,34,COVID-19 / SARS-CoV-2,ontology,COVID-19,MONDO:0100096,True,False,,True,,MONDO:0100096,15,6697.0
SRX20811756_1,1400,3388.0,1470,3519.9998,1488,3519.9993,SRX20811756,B cell,CL:0000236,1400,3388.0,30.844155844155846,41.91263282172373,54.66351829988194,73.43565525383707,98.0,2.892562,610.0,18.004723,0.0,0.0,1400,PRJNA988459,47,1,COVID-19 / SARS-CoV-2,ontology,COVID-19,MONDO:0100096,True,False,,True,,MONDO:0100096,12,68718.0
SRX20811756_17,2819,9466.0,2956,9821.999,2993,9821.999,SRX20811756,"CD8-positive, alpha-beta T cell",CL:0000625,2819,9466.0,26.241284597506866,37.32305091907881,49.23938305514473,65.49757025142615,228.0,2.4086204,1770.0,18.6985,0.0,0.0,2819,PRJNA988459,47,17,COVID-19 / SARS-CoV-2,ontology,COVID-19,MONDO:0100096,True,False,,True,,MONDO:0100096,17,143243.0
SRX21203377_14,2638,6630.0,2792,6832.0005,2833,6832.0015,SRX21203377,adventitial cell,CL:0002503,2638,6630.0,27.88838612368024,38.02413273001508,48.46153846153846,62.368024132730014,264.0,3.9819007,1083.0,16.334843,0.0,0.0,2638,PRJNA1000503,29,14,IPF / Pulmonary Fibrosis,ontology,pulmonary fibrosis,MONDO:0002771,True,False,,True,,MONDO:0002771,32,379620.0
SRX21203377_20,2414,5184.0,2551,5360.0,2604,5359.9995,SRX21203377,pulmonary alveolar type 2 cell,CL:0002063,2414,5184.0,25.154320987654323,32.71604938271605,41.85956790123457,57.48456790123457,323.0,6.2307096,531.0,10.243055,0.0,0.0,2414,PRJNA1000503,12,20,IPF / Pulmonary Fibrosis,ontology,pulmonary fibrosis,MONDO:0002771,True,False,,True,,MONDO:0002771,12,142681.0
SRX21203377_31,6263,29179.0,6519,30122.0,6714,30122.008,SRX21203377,basal cell,CL:0000646,6263,29179.0,23.773947016690087,34.898385825422395,45.734946365536864,57.42143322252304,898.0,3.077556,5773.0,19.784777,0.0,0.0,6263,PRJNA1000503,17,31,IPF / Pulmonary Fibrosis,ontology,pulmonary fibrosis,MONDO:0002771,True,False,,True,,MONDO:0002771,12,167682.0
SRX21203377_8,2270,5914.0,2407,6121.002,2451,6121.0015,SRX21203377,pulmonary alveolar type 2 cell,CL:0002063,2270,5914.0,35.93168752113628,44.200202908353056,52.8576259722692,66.30030436252959,208.0,3.5170782,815.0,13.780859,0.0,0.0,2270,PRJNA1000503,26,8,IPF / Pulmonary Fibrosis,ontology,pulmonary fibrosis,MONDO:0002771,True,False,,True,,MONDO:0002771,10,115443.0
SRX21311407_1,3468,10528.0,3647,10935.999,3731,10935.999,SRX21311407,natural killer cell,CL:0000623,3468,10528.0,20.792173252279635,28.18199088145897,38.012917933130694,54.35980243161094,604.0,5.737082,891.0,8.463146,0.0,0.0,3468,PRJNA1003807,6,1,IPF / Pulmonary Fibrosis,ontology,pulmonary fibrosis,MONDO:0002771,True,False,,True,,MONDO:0002771,15,134892.0
SRX21311407_4,3680,13274.0,3855,13753.998,3948,13754.002,SRX21311407,natural killer cell,CL:0000623,3680,13274.0,20.257646527045353,27.693234895284014,37.49434985686304,54.602983275576314,372.0,2.8024712,610.0,4.5954494,0.0,0.0,3680,PRJNA1003807,6,4,IPF / Pulmonary Fibrosis,ontology,pulmonary fibrosis,MONDO:0002771,True,False,,True,,MONDO:0002771,10,92689.0
SRX21311407_5,1973,3704.0,2102,3845.999,2124,3845.9988,SRX21311407,"CD8-positive, alpha-beta T cell",CL:0000625,1973,3704.0,20.869330453563713,28.482721382289416,38.39092872570195,56.857451403887694,221.0,5.9665227,287.0,7.74838,0.0,0.0,1973,PRJNA1003807,6,5,IPF / Pulmonary Fibrosis,ontology,pulmonary fibrosis,MONDO:0002771,True,False,,True,,MONDO:0002771,12,71500.0
SRX21311408_1,4381,14029.0,4585,14819.001,4695,14819.001,SRX21311408,natural killer cell,CL:0000623,4381,14029.0,18.304939767624205,25.874973269655715,35.932710813315275,51.69292180483285,219.0,1.5610521,1401.0,9.986457,0.0,0.0,4381,PRJNA1003807,6,1,IPF / Pulmonary Fibrosis,study_consensus,,,,False,,True,,,11,90226.0
SRX21311408_4,3397,8247.0,3559,8577.0,3629,8577.001,SRX21311408,natural killer cell,CL:0000623,3397,8247.0,17.509397356614524,24.699890869407056,33.74560446222869,49.69079665332848,231.0,2.8010185,771.0,9.348854,0.0,0.0,3397,PRJNA1003807,6,4,IPF / Pulmonary Fibrosis,study_consensus,,,,False,,True,,,14,111821.0
SRX21460093_1,3184,8053.0,3323,8951.999,3423,8952.0,SRX21460093,"CD4-positive, alpha-beta T cell",CL:0000624,3184,8053.0,16.999875822674777,23.928970569973924,33.10567490376257,50.751272817583505,303.0,3.762573,309.0,3.8370793,0.0,0.0,3184,PRJNA1008237,83,1,Lung Cancer,disease_text,lung cancer susceptibility 1,MONDO:0012159,False,True,matchedAdjacent,True,,MONDO:0012159,10,37883.0
SRX21460093_20,3204,11723.0,3383,12800.002,3508,12800.0,SRX21460093,respiratory tract goblet cell,CL:0002370,3204,11723.0,30.171457817964686,37.29420796724388,46.37891324746226,61.94660069947966,669.0,5.7067304,317.0,2.704086,0.0,0.0,3204,PRJNA1008237,19,20,Lung Cancer,disease_text,lung cancer susceptibility 1,MONDO:0012159,False,True,matchedAdjacent,True,,MONDO:0012159,24,327508.0
SRX21460093_36,9640,68350.0,9973,78298.984,10457,78298.92,SRX21460093,vein endothelial cell,CL:0002543,9640,68350.0,18.245793708851497,23.72787125091441,30.981711777615217,44.27212874908559,2221.0,3.2494516,1692.0,2.4754937,0.0,0.0,9640,PRJNA1008237,15,36,Lung Cancer,disease_text,lung cancer susceptibility 1,MONDO:0012159,False,True,matchedAdjacent,True,,MONDO:0012159,12,190903.0
SRX21460093_4,2447,5010.0,2584,5582.0,2678,5582.0,SRX21460093,"CD8-positive, alpha-beta T cell",CL:0000625,2447,5010.0,18.38323353293413,25.189620758483034,34.87025948103793,53.11377245508982,233.0,4.6506987,317.0,6.3273454,0.0,0.0,2447,PRJNA1008237,83,4,Lung Cancer,disease_text,lung cancer susceptibility 1,MONDO:0012159,False,True,matchedAdjacent,True,,MONDO:0012159,15,55487.0
SRX21460093_59,4109,10216.0,4294,11553.996,4438,11553.999,SRX21460093,endothelial cell of lymphatic vessel,CL:0002138,4109,10216.0,15.563821456538761,21.52505873140172,29.96280344557557,45.41895066562255,386.0,3.7783868,421.0,4.1209865,0.0,0.0,4109,PRJNA1008237,15,59,Lung Cancer,disease_text,lung cancer susceptibility 1,MONDO:0012159,False,True,matchedAdjacent,True,,MONDO:0012159,28,341310.0
SRX21460093_8,5341,21118.0,5562,23145.99,5763,23146.008,SRX21460093,pulmonary alveolar type 2 cell,CL:0002063,5341,21118.0,20.03977649398617,26.422956719386303,34.95596173880102,50.45932379960224,1181.0,5.592386,920.0,4.3564734,0.0,0.0,5341,PRJNA1008237,19,8,Lung Cancer,disease_text,lung cancer susceptibility 1,MONDO:0012159,False,True,matchedAdjacent,True,,MONDO:0012159,17,260918.0
SRX21460094_1,1256,2072.0,1362,2665.0007,1395,2665.001,SRX21460094,"CD4-positive, alpha-beta T cell",CL:0000624,1256,2072.0,21.525096525096522,30.405405405405407,42.084942084942085,63.51351351351351,119.0,5.743243,124.0,5.9845557,0.0,0.0,1256,PRJNA1008237,83,1,Lung Cancer,disease_text,lung cancer susceptibility 1,MONDO:0012159,False,True,matchedAdjacent,True,,MONDO:0012159,17,35515.0
SRX21460094_20,2971,7840.0,3137,8767.001,3240,8767.004,SRX21460094,club cell,CL:0000158,2971,7840.0,25.344387755102044,32.589285714285715,42.066326530612244,58.2780612244898,638.0,8.137755,344.0,4.387755,0.0,0.0,2971,PRJNA1008237,19,20,Lung Cancer,disease_text,lung cancer susceptibility 1,MONDO:0012159,False,True,matchedAdjacent,True,,MONDO:0012159,21,179580.0
SRX21460094_36,2568,5948.0,2698,6833.999,2778,6834.0005,SRX21460094,vein endothelial cell,CL:0002543,2568,5948.0,20.62878278412912,28.379287155346333,38.55077336919973,56.17014122394082,386.0,6.4895763,293.0,4.9260254,0.0,0.0,2568,PRJNA1008237,15,36,Lung Cancer,disease_text,lung cancer susceptibility 1,MONDO:0012159,False,True,matchedAdjacent,True,,MONDO:0012159,23,181600.0
SRX21460094_38,1961,3564.0,2079,4194.999,2114,4194.9985,SRX21460094,pulmonary alveolar type 1 cell,CL:0002062,1961,3564.0,20.117845117845118,28.08641975308642,37.79461279461279,56.3692480359147,154.0,4.3209877,176.0,4.9382715,0.0,0.0,1961,PRJNA1008237,50,38,Lung Cancer,disease_text,lung cancer susceptibility 1,MONDO:0012159,False,True,matchedAdjacent,True,,MONDO:0012159,10,25941.0
SRX21460094_4,1509,2856.0,1590,3294.0,1620,3293.999,SRX21460094,natural killer cell,CL:0000623,1509,2856.0,23.35434173669468,31.72268907563025,43.17226890756303,64.67086834733894,219.0,7.6680675,119.0,4.166667,0.0,0.0,1509,PRJNA1008237,83,4,Lung Cancer,disease_text,lung cancer susceptibility 1,MONDO:0012159,False,True,matchedAdjacent,True,,MONDO:0012159,14,34166.0
SRX21460094_59,3718,9545.0,3890,10833.998,4004,10834.002,SRX21460094,endothelial cell of lymphatic vessel,CL:0002138,3718,9545.0,16.31220534311158,23.59350445259298,32.95966474594028,49.14614981665794,341.0,3.5725513,513.0,5.3745413,0.0,0.0,3718,PRJNA1008237,15,59,Lung Cancer,disease_text,lung cancer susceptibility 1,MONDO:0012159,False,True,matchedAdjacent,True,,MONDO:0012159,14,93803.0
SRX21460094_9,3743,13746.0,3942,15371.001,4105,15370.999,SRX21460094,macrophage,CL:0000235,3743,13746.0,32.74407100247345,38.956787429070275,47.08278772006402,61.13051069402008,2592.0,18.856394,207.0,1.5058926,0.0,0.0,3743,PRJNA1008237,49,9,Lung Cancer,disease_text,lung cancer susceptibility 1,MONDO:0012159,False,True,matchedAdjacent,True,,MONDO:0012159,14,130877.0
SRX21460095_20,2272,4694.0,2403,5024.0,2466,5024.0,SRX21460095,club cell,CL:0000158,2272,4694.0,18.83255219429058,26.736259054111635,36.62121857690669,55.45377077119728,89.0,1.8960376,109.0,2.3221133,0.0,0.0,2272,PRJNA1008237,19,20,Lung Cancer,study_consensus,childhood absence epilepsy,MONDO:0010826,False,True,matchedAdjacent,True,,MONDO:0010826,12,108388.0
SRX21460095_36,3051,7986.0,3191,8968.0,3271,8968.002,SRX21460095,vein endothelial cell,CL:0002543,3051,7986.0,23.516153268219384,30.879038317054846,40.33308289506637,56.58652642123716,701.0,8.777862,491.0,6.148259,0.0,0.0,3051,PRJNA1008237,16,36,Lung Cancer,study_consensus,childhood absence epilepsy,MONDO:0010826,False,True,matchedAdjacent,True,,MONDO:0010826,35,262593.0
SRX21460095_43,628,802.0,679,1096.9999,688,1097.0007,SRX21460095,B cell,CL:0000236,628,802.0,24.81296758104738,34.1645885286783,46.633416458852864,84.03990024937656,16.0,1.9950125,56.0,6.9825435,0.0,0.0,628,PRJNA1008237,15,43,Lung Cancer,study_consensus,childhood absence epilepsy,MONDO:0010826,False,True,matchedAdjacent,True,,MONDO:0010826,24,100401.0
SRX21460095_44,4565,12152.0,4780,13948.996,4946,13948.996,SRX21460095,lung multiciliated epithelial cell,CL:1000271,4565,12152.0,16.351217906517444,22.30085582620145,30.414746543778804,45.16129032258064,511.0,4.205069,380.0,3.127057,0.0,0.0,4565,PRJNA1008237,8,44,Lung Cancer,study_consensus,childhood absence epilepsy,MONDO:0010826,False,True,matchedAdjacent,True,,MONDO:0010826,12,136332.0
SRX21460095_59,5590,20762.0,5819,22562.004,6011,22562.002,SRX21460095,endothelial cell of lymphatic vessel,CL:0002138,5590,20762.0,15.711395819285231,21.626047586937673,29.8429823716405,45.45323186590887,1057.0,5.0910316,889.0,4.281861,0.0,0.0,5590,PRJNA1008237,15,59,Lung Cancer,study_consensus,childhood absence epilepsy,MONDO:0010826,False,True,matchedAdjacent,True,,MONDO:0010826,25,126711.0
SRX21460097_1,1886,3457.0,1985,3775.0,2035,3775.0005,SRX21460097,"CD4-positive, alpha-beta T cell",CL:0000624,1886,3457.0,18.773503037315592,25.77379230546717,36.01388487127567,56.03124096037027,192.0,5.5539484,195.0,5.640729,0.0,0.0,1886,PRJNA1008237,83,1,Lung Cancer,ontology,lung cancer,MONDO:0008903,False,True,matchedAdjacent,True,,MONDO:0008903,20,38434.0
SRX21460097_32,2093,5470.0,2219,5822.999,2269,5823.0,SRX21460097,B cell,CL:0000236,2093,5470.0,25.850091407678242,33.96709323583181,44.89945155393053,63.98537477148081,484.0,8.848264,327.0,5.978062,0.0,0.0,2093,PRJNA1008237,64,32,Lung Cancer,ontology,lung cancer,MONDO:0008903,False,True,matchedAdjacent,True,,MONDO:0008903,14,165426.0
SRX21460097_44,3501,9421.0,3688,9971.001,3796,9971.0,SRX21460097,lung multiciliated epithelial cell,CL:1000271,3501,9421.0,16.091710009553125,23.224710752574037,32.72476382549623,50.48296359197537,210.0,2.2290626,157.0,1.6664898,0.0,0.0,3501,PRJNA1008237,8,44,Lung Cancer,ontology,lung cancer,MONDO:0008903,False,True,matchedAdjacent,True,,MONDO:0008903,11,62317.0
SRX21460097_59,3628,9560.0,3830,10392.003,3938,10392.006,SRX21460097,endothelial cell of lymphatic vessel,CL:0002138,3628,9560.0,17.803347280334727,24.29916317991632,33.294979079497914,49.83263598326359,466.0,4.8744774,384.0,4.0167365,0.0,0.0,3628,PRJNA1008237,15,59,Lung Cancer,ontology,lung cancer,MONDO:0008903,False,True,matchedAdjacent,True,,MONDO:0008903,22,106293.0
SRX21460106_1,1391,2689.0,1446,3085.0005,1485,3084.9998,SRX21460106,"CD4-positive, alpha-beta T cell",CL:0000624,1391,2689.0,21.904053551506138,31.238378579397548,43.73373001115656,66.8650055782819,96.0,3.5701003,160.0,5.950167,0.0,0.0,1391,PRJNA1008237,83,1,Lung Cancer,disease_text,lung cancer susceptibility 1,MONDO:0012159,False,True,matchedAdjacent,True,,MONDO:0012159,12,29986.0
SRX21460106_20,2749,8584.0,2883,9775.0,2995,9775.0,SRX21460106,respiratory tract goblet cell,CL:0002370,2749,8584.0,25.349487418452938,33.20130475302889,43.54613233923579,61.801025163094124,514.0,5.9878845,238.0,2.7726002,0.0,0.0,2749,PRJNA1008237,19,20,Lung Cancer,disease_text,lung cancer susceptibility 1,MONDO:0012159,False,True,matchedAdjacent,True,,MONDO:0012159,12,97948.0
SRX21460106_21,545,748.0,588,1357.0004,604,1356.9998,SRX21460106,plasma cell,CL:0000786,545,748.0,27.406417112299465,40.50802139037433,53.87700534759359,93.98395721925134,14.0,1.8716577,99.0,13.235294,0.0,0.0,545,PRJNA1008237,15,21,Lung Cancer,disease_text,lung cancer susceptibility 1,MONDO:0012159,False,True,matchedAdjacent,True,,MONDO:0012159,11,8932.0
SRX21460106_36,1256,2251.0,1374,2957.9993,1398,2958.0007,SRX21460106,endothelial cell of artery,CL:1000413,1256,2251.0,21.90137716570413,32.0746334962239,44.824522434473565,66.41492669924477,77.0,3.420702,97.0,4.309196,0.0,0.0,1256,PRJNA1008237,15,36,Lung Cancer,disease_text,lung cancer susceptibility 1,MONDO:0012159,False,True,matchedAdjacent,True,,MONDO:0012159,27,217888.0
SRX21460106_38,480,658.0,507,1078.9995,517,1079.0007,SRX21460106,pulmonary alveolar type 1 cell,CL:0002062,480,658.0,30.851063829787233,42.24924012158054,57.446808510638306,100.0,51.0,7.75076,64.0,9.726444,0.0,0.0,480,PRJNA1008237,15,38,Lung Cancer,disease_text,lung cancer susceptibility 1,MONDO:0012159,False,True,matchedAdjacent,True,,MONDO:0012159,50,291894.0
SRX21460106_4,1573,2751.0,1661,3383.0,1706,3383.0,SRX21460106,"CD8-positive, alpha-beta T cell",CL:0000625,1573,2751.0,19.01126862958924,27.444565612504547,39.331152308251546,60.99600145401672,64.0,2.3264267,220.0,7.997092,0.0,0.0,1573,PRJNA1008237,83,4,Lung Cancer,disease_text,lung cancer susceptibility 1,MONDO:0012159,False,True,matchedAdjacent,True,,MONDO:0012159,11,24182.0
SRX21460106_5,899,1384.0,980,1940.0001,1001,1939.999,SRX21460106,"CD4-positive, alpha-beta T cell",CL:0000624,899,1384.0,25.072254335260112,34.898843930635834,49.34971098265896,71.17052023121387,103.0,7.4421964,164.0,11.849711,0.0,0.0,899,PRJNA1008237,83,5,Lung Cancer,disease_text,lung cancer susceptibility 1,MONDO:0012159,False,True,matchedAdjacent,True,,MONDO:0012159,15,33342.0
SRX21460106_59,2257,3704.0,2368,4493.0,2427,4492.9985,SRX21460106,endothelial cell of lymphatic vessel,CL:0002138,2257,3704.0,14.497840172786178,20.734341252699785,29.96760259179266,48.35313174946004,29.0,0.78293735,135.0,3.6447086,0.0,0.0,2257,PRJNA1008237,15,59,Lung Cancer,disease_text,lung cancer susceptibility 1,MONDO:0012159,False,True,matchedAdjacent,True,,MONDO:0012159,29,218992.0
SRX21460106_8,3090,9983.0,3236,11477.004,3356,11476.999,SRX21460106,pulmonary alveolar type 2 cell,CL:0002063,3090,9983.0,27.95752779725533,35.72072523289592,45.09666432935992,61.26414905339076,407.0,4.076931,236.0,2.3640187,0.0,0.0,3090,PRJNA1008237,19,8,Lung Cancer,disease_text,lung cancer susceptibility 1,MONDO:0012159,False,True,matchedAdjacent,True,,MONDO:0012159,22,197157.0
SRX21460107_1,1760,3513.0,1870,4592.001,1918,4591.9995,SRX21460107,"CD4-positive, alpha-beta T cell",CL:0000624,1760,3513.0,21.548534016510104,29.29120409906063,40.27896384856248,60.88812980358668,177.0,5.038429,213.0,6.063194,0.0,0.0,1760,PRJNA1008237,83,1,Lung Cancer,disease_text,lung cancer susceptibility 1,MONDO:0012159,False,True,matchedAdjacent,True,,MONDO:0012159,11,36203.0
SRX21460107_20,2696,6336.0,2878,7000.0,2952,7000.001,SRX21460107,"CD4-positive, alpha-beta T cell",CL:0000624,2696,6336.0,23.974116161616163,30.666035353535353,39.83585858585859,56.72348484848485,565.0,8.917298,273.0,4.308712,0.0,0.0,2696,PRJNA1008237,19,20,Lung Cancer,disease_text,lung cancer susceptibility 1,MONDO:0012159,False,True,matchedAdjacent,True,,MONDO:0012159,23,311666.0
SRX21460107_38,3229,7388.0,3431,8802.002,3540,8802.002,SRX21460107,pulmonary alveolar type 1 cell,CL:0002062,3229,7388.0,19.612885760693015,26.50243638332431,35.530590146183,51.299404439631836,398.0,5.3871145,526.0,7.119653,0.0,0.0,3229,PRJNA1008237,19,38,Lung Cancer,disease_text,lung cancer susceptibility 1,MONDO:0012159,False,True,matchedAdjacent,True,,MONDO:0012159,11,68308.0
SRX21460107_4,1616,2794.0,1701,3289.0,1731,3289.0007,SRX21460107,"CD4-positive, alpha-beta T cell",CL:0000624,1616,2794.0,19.54187544738726,27.308518253400145,38.47530422333572,60.05726556907659,122.0,4.3664994,129.0,4.6170363,0.0,0.0,1616,PRJNA1008237,83,4,Lung Cancer,disease_text,lung cancer susceptibility 1,MONDO:0012159,False,True,matchedAdjacent,True,,MONDO:0012159,12,36102.0
SRX21460107_59,2725,6564.0,2865,8055.996,2946,8056.002,SRX21460107,endothelial cell of lymphatic vessel,CL:0002138,2725,6564.0,20.978062157221206,27.757464960390006,37.111517367458866,54.58561852528946,521.0,7.937233,232.0,3.5344303,0.0,0.0,2725,PRJNA1008237,15,59,Lung Cancer,disease_text,lung cancer susceptibility 1,MONDO:0012159,False,True,matchedAdjacent,True,,MONDO:0012159,10,106909.0
SRX21460107_8,3928,11754.0,4107,12767.998,4245,12768.0,SRX21460107,pulmonary alveolar type 2 cell,CL:0002063,3928,11754.0,23.75361579036924,29.555895865237364,37.60421984005445,52.87561681129828,967.0,8.226986,395.0,3.360558,0.0,0.0,3928,PRJNA1008237,19,8,Lung Cancer,disease_text,lung cancer susceptibility 1,MONDO:0012159,False,True,matchedAdjacent,True,,MONDO:0012159,25,287297.0
SRX21460107_9,696,975.0,739,1519.0005,753,1519.0007,SRX21460107,B cell,CL:0000236,696,975.0,25.23076923076923,35.58974358974359,49.128205128205124,79.8974358974359,23.0,2.3589742,94.0,9.641026,0.0,0.0,696,PRJNA1008237,15,9,Lung Cancer,disease_text,lung cancer susceptibility 1,MONDO:0012159,False,True,matchedAdjacent,True,,MONDO:0012159,15,155159.0
SRX21460108_26,3686,13685.0,3885,16437.002,4017,16436.996,SRX21460108,macrophage,CL:0000235,3686,13685.0,31.019364267446107,38.16587504567045,46.79576178297406,61.074168797953966,1972.0,14.409939,189.0,1.3810742,0.0,0.0,3686,PRJNA1008237,39,26,Lung Cancer,study_consensus,,,False,True,matchedAdjacent,True,,,21,225162.0
SRX21460108_36,7350,48350.0,7672,54636.99,8017,54636.93,SRX21460108,endothelial cell of artery,CL:1000413,7350,48350.0,18.715615305067217,25.629782833505686,33.888314374353676,48.60599793174767,716.0,1.4808687,958.0,1.9813858,0.0,0.0,7350,PRJNA1008237,15,36,Lung Cancer,study_consensus,,,False,True,matchedAdjacent,True,,,19,201871.0
SRX21460108_38,918,1387.0,977,1924.0002,986,1924.0,SRX21460108,pulmonary alveolar type 1 cell,CL:0002062,918,1387.0,23.43186733958183,33.95818312905551,48.23359769286229,69.86301369863014,79.0,5.695746,127.0,9.156453,0.0,0.0,918,PRJNA1008237,15,38,Lung Cancer,study_consensus,,,False,True,matchedAdjacent,True,,,26,260016.0
SRX21460108_59,2943,7517.0,3108,8366.002,3249,8366.004,SRX21460108,endothelial cell of lymphatic vessel,CL:0002138,2943,7517.0,16.88173473460157,24.7439137953971,34.96075562059332,53.265930557403216,240.0,3.192763,110.0,1.4633497,0.0,0.0,2943,PRJNA1008237,15,59,Lung Cancer,study_consensus,,,False,True,matchedAdjacent,True,,,10,51225.0
SRX21460115_20,2837,10043.0,2982,10965.0,3065,10965.0,SRX21460115,respiratory tract goblet cell,CL:0002370,2837,10043.0,38.60400278801155,45.83291845066215,54.43592552026287,67.93786717116399,1264.0,12.585881,482.0,4.7993627,0.0,0.0,2837,PRJNA1008237,19,20,Lung Cancer,ontology,lung cancer,MONDO:0008903,False,True,matchedAdjacent,True,,MONDO:0008903,44,410205.0
SRX21460115_21,705,913.0,744,1210.9999,756,1210.9995,SRX21460115,"CD4-positive, alpha-beta T cell",CL:0000624,705,913.0,22.453450164293535,33.406352683461115,44.687842278203725,77.54654983570646,26.0,2.8477545,70.0,7.667032,0.0,0.0,705,PRJNA1008237,15,21,Lung Cancer,ontology,lung cancer,MONDO:0008903,False,True,matchedAdjacent,True,,MONDO:0008903,10,8745.0
SRX21460115_36,2103,4384.0,2267,4840.9995,2311,4841.0,SRX21460115,endothelial cell of artery,CL:1000413,2103,4384.0,17.312956204379564,25.250912408759124,36.01733576642336,56.181569343065696,156.0,3.5583944,194.0,4.4251823,0.0,0.0,2103,PRJNA1008237,15,36,Lung Cancer,ontology,lung cancer,MONDO:0008903,False,True,matchedAdjacent,True,,MONDO:0008903,15,129175.0
SRX21460115_38,1049,1633.0,1112,2151.9998,1133,2151.9995,SRX21460115,pulmonary alveolar type 1 cell,CL:0002062,1049,1633.0,23.14758113900796,33.435394978567054,46.172688303735455,66.38089406001225,100.0,6.1236987,183.0,11.206368,0.0,0.0,1049,PRJNA1008237,50,38,Lung Cancer,ontology,lung cancer,MONDO:0008903,False,True,matchedAdjacent,True,,MONDO:0008903,12,79666.0
SRX21460115_4,2050,4750.0,2180,5403.999,2237,5404.001,SRX21460115,natural killer cell,CL:0000623,2050,4750.0,18.905263157894737,27.410526315789475,39.17894736842105,59.68421052631578,167.0,3.5157897,131.0,2.7578948,0.0,0.0,2050,PRJNA1008237,83,4,Lung Cancer,ontology,lung cancer,MONDO:0008903,False,True,matchedAdjacent,True,,MONDO:0008903,17,57179.0
SRX21460115_59,1391,2278.0,1476,3382.9995,1506,3383.0,SRX21460115,endothelial cell of lymphatic vessel,CL:0002138,1391,2278.0,24.451273046532044,32.265144863915715,42.31782265144864,60.88674275680421,132.0,5.7945566,169.0,7.4187884,0.0,0.0,1391,PRJNA1008237,15,59,Lung Cancer,ontology,lung cancer,MONDO:0008903,False,True,matchedAdjacent,True,,MONDO:0008903,17,170589.0
SRX21460115_8,3077,9676.0,3250,10706.0,3357,10706.0,SRX21460115,pulmonary alveolar type 2 cell,CL:0002063,3077,9676.0,30.890863993385697,37.74286895411327,46.403472509301366,61.86440677966102,499.0,5.1570897,268.0,2.7697396,0.0,0.0,3077,PRJNA1008237,19,8,Lung Cancer,ontology,lung cancer,MONDO:0008903,False,True,matchedAdjacent,True,,MONDO:0008903,16,201032.0
SRX21460116_1,2240,5245.0,2372,5908.0005,2434,5908.0005,SRX21460116,"CD4-positive, alpha-beta T cell",CL:0000624,2240,5245.0,22.917063870352717,30.56244041944709,41.16301239275501,60.0,363.0,6.920877,201.0,3.832221,0.0,0.0,2240,PRJNA1008237,83,1,Lung Cancer,disease_text,lung cancer susceptibility 1,MONDO:0012159,False,True,matchedAdjacent,True,,MONDO:0012159,11,36965.0
SRX21460116_36,2942,6915.0,3131,7812.0005,3215,7811.9995,SRX21460116,endothelial cell of artery,CL:1000413,2942,6915.0,17.599421547360812,24.569775849602312,34.28778018799711,51.51120751988431,141.0,2.0390456,345.0,4.989154,0.0,0.0,2942,PRJNA1008237,15,36,Lung Cancer,disease_text,lung cancer susceptibility 1,MONDO:0012159,False,True,matchedAdjacent,True,,MONDO:0012159,13,90664.0
SRX21460116_38,799,1392.0,833,1751.0002,851,1750.9999,SRX21460116,pulmonary alveolar type 1 cell,CL:0002062,799,1392.0,35.12931034482759,44.252873563218394,56.9683908045977,78.52011494252874,218.0,15.660919,153.0,10.99138,0.0,0.0,799,PRJNA1008237,15,38,Lung Cancer,disease_text,lung cancer susceptibility 1,MONDO:0012159,False,True,matchedAdjacent,True,,MONDO:0012159,30,135433.0
SRX21460116_4,1807,3786.0,1900,4223.0,1943,4222.9985,SRX21460116,natural killer cell,CL:0000623,1807,3786.0,20.91917591125198,29.582673005810882,41.36291600633915,61.72741679873217,153.0,4.0412045,234.0,6.1806655,0.0,0.0,1807,PRJNA1008237,83,4,Lung Cancer,disease_text,lung cancer susceptibility 1,MONDO:0012159,False,True,matchedAdjacent,True,,MONDO:0012159,13,39221.0
SRX21460116_59,612,785.0,672,1187.9995,679,1187.9993,SRX21460116,plasma cell,CL:0000786,612,785.0,22.67515923566879,34.77707006369427,47.51592356687898,85.73248407643312,14.0,1.7834395,37.0,4.713376,0.0,0.0,612,PRJNA1008237,15,59,Lung Cancer,disease_text,lung cancer susceptibility 1,MONDO:0012159,False,True,matchedAdjacent,True,,MONDO:0012159,24,212060.0
SRX21460116_8,3120,9134.0,3298,9861.999,3393,9862.003,SRX21460116,pulmonary alveolar type 2 cell,CL:0002063,3120,9134.0,25.95795927304576,32.97569520472958,41.97503831837092,57.7622071381651,342.0,3.7442524,203.0,2.2224655,0.0,0.0,3120,PRJNA1008237,19,8,Lung Cancer,disease_text,lung cancer susceptibility 1,MONDO:0012159,False,True,matchedAdjacent,True,,MONDO:0012159,10,81618.0
SRX21460116_9,4759,18999.0,4989,21085.004,5166,21084.994,SRX21460116,macrophage,CL:0000235,4759,18999.0,24.964471814306016,31.64903415969261,40.20211590083689,54.7344597084057,1906.0,10.032107,573.0,3.0159483,0.0,0.0,4759,PRJNA1008237,49,9,Lung Cancer,disease_text,lung cancer susceptibility 1,MONDO:0012159,False,True,matchedAdjacent,True,,MONDO:0012159,11,178118.0
SRX21460117_20,2482,5570.0,2668,6166.0,2736,6166.0024,SRX21460117,club cell,CL:0000158,2482,5570.0,25.11669658886894,31.81328545780969,40.66427289048474,57.0197486535009,550.0,9.874327,157.0,2.8186715,0.0,0.0,2482,PRJNA1008237,19,20,Lung Cancer,disease_text,lung cancer susceptibility 1,MONDO:0012159,False,True,matchedAdjacent,True,,MONDO:0012159,13,150195.0
SRX21460117_36,2965,8023.0,3111,8790.0,3189,8790.0,SRX21460117,vein endothelial cell,CL:0002543,2965,8023.0,20.977190577090866,27.994515767169386,38.01570484856039,55.68989156175994,432.0,5.384519,237.0,2.9540074,0.0,0.0,2965,PRJNA1008237,15,36,Lung Cancer,disease_text,lung cancer susceptibility 1,MONDO:0012159,False,True,matchedAdjacent,True,,MONDO:0012159,10,78968.0
SRX21460117_8,4612,18149.0,4828,20153.994,4990,20154.0,SRX21460117,pulmonary alveolar type 2 cell,CL:0002063,4612,18149.0,30.712435946884124,36.53644828916194,44.1842525758995,57.54587029588407,1178.0,6.4907155,385.0,2.1213288,0.0,0.0,4612,PRJNA1008237,19,8,Lung Cancer,disease_text,lung cancer susceptibility 1,MONDO:0012159,False,True,matchedAdjacent,True,,MONDO:0012159,59,720990.0
SRX21460119_21,334,513.0,361,885.9995,362,886.0,SRX21460119,plasma cell,CL:0000786,334,513.0,41.91033138401559,54.385964912280706,73.87914230019493,100.0,15.0,2.9239767,81.0,15.789473,0.0,0.0,334,PRJNA1008237,15,21,Lung Cancer,ontology,lung cancer,MONDO:0008903,False,True,matchedAdjacent,True,,MONDO:0008903,11,10109.0
SRX21460119_36,1127,2012.0,1275,6395.0044,1315,6395.007,SRX21460119,B cell,CL:0000236,1127,2012.0,31.510934393638173,40.30815109343936,51.04373757455269,68.83697813121272,120.0,5.964215,264.0,13.121273,0.0,0.0,1127,PRJNA1008237,15,36,Lung Cancer,ontology,lung cancer,MONDO:0008903,False,True,matchedAdjacent,True,,MONDO:0008903,11,81709.0
SRX21460119_5,1175,1971.0,1240,2275.9993,1267,2275.9998,SRX21460119,B cell,CL:0000236,1175,1971.0,24.45459157787925,32.67376966007103,44.39370877727042,65.75342465753424,116.0,5.8853374,163.0,8.269914,0.0,0.0,1175,PRJNA1008237,83,5,Lung Cancer,ontology,lung cancer,MONDO:0008903,False,True,matchedAdjacent,True,,MONDO:0008903,16,40827.0
SRX21460119_59,1835,3441.0,1952,3892.0,2010,3891.999,SRX21460119,endothelial cell of lymphatic vessel,CL:0002138,1835,3441.0,21.91223481546062,31.386224934612034,42.16797442603894,60.68003487358327,138.0,4.010462,453.0,13.164778,0.0,0.0,1835,PRJNA1008237,15,59,Lung Cancer,ontology,lung cancer,MONDO:0008903,False,True,matchedAdjacent,True,,MONDO:0008903,18,210968.0
SRX21460119_8,3708,10835.0,3879,12630.998,3988,12631.0,SRX21460119,pulmonary alveolar type 2 cell,CL:0002063,3708,10835.0,31.056760498384868,36.71435163820951,44.46700507614213,58.07106598984772,588.0,5.4268575,586.0,5.4083986,0.0,0.0,3708,PRJNA1008237,19,8,Lung Cancer,ontology,lung cancer,MONDO:0008903,False,True,matchedAdjacent,True,,MONDO:0008903,16,157305.0
SRX21460119_9,5369,25272.0,5611,28060.0,5813,28060.002,SRX21460119,macrophage,CL:0000235,5369,25272.0,25.174105729661285,32.75957581513137,41.82890155112378,56.707027540360876,2425.0,9.5956,1160.0,4.59006,0.0,0.0,5369,PRJNA1008237,49,9,Lung Cancer,ontology,lung cancer,MONDO:0008903,False,True,matchedAdjacent,True,,MONDO:0008903,13,153051.0
SRX21460120_36,3150,9177.0,3344,9891.0,3435,9891.002,SRX21460120,vein endothelial cell,CL:0002543,3150,9177.0,17.696414950419527,24.91010134030729,35.08771929824561,53.31807780320366,184.0,2.0050125,158.0,1.7216957,0.0,0.0,3150,PRJNA1008237,15,36,Lung Cancer,disease_text,lung cancer susceptibility 1,MONDO:0012159,False,True,matchedAdjacent,True,,MONDO:0012159,18,161458.0
SRX21460120_38,1681,3638.0,1798,4063.999,1841,4064.0002,SRX21460120,pulmonary alveolar type 1 cell,CL:0002062,1681,3638.0,33.342495876855416,40.46179219351292,49.697636063771306,67.31720725673446,558.0,15.338098,214.0,5.882353,0.0,0.0,1681,PRJNA1008237,50,38,Lung Cancer,disease_text,lung cancer susceptibility 1,MONDO:0012159,False,True,matchedAdjacent,True,,MONDO:0012159,31,128167.0
SRX21460120_4,1435,2415.0,1538,2643.0007,1563,2643.0002,SRX21460120,"CD8-positive, alpha-beta T cell",CL:0000625,1435,2415.0,24.1407867494824,31.51138716356108,41.98757763975156,61.28364389233955,225.0,9.31677,131.0,5.4244304,0.0,0.0,1435,PRJNA1008237,83,4,Lung Cancer,disease_text,lung cancer susceptibility 1,MONDO:0012159,False,True,matchedAdjacent,True,,MONDO:0012159,13,39931.0
SRX21460120_59,2440,5118.0,2609,5595.9985,2686,5595.9985,SRX21460120,endothelial cell of lymphatic vessel,CL:0002138,2440,5118.0,17.917155138726066,25.009769441187963,35.03321610003908,53.51699882766706,310.0,6.0570536,291.0,5.685815,0.0,0.0,2440,PRJNA1008237,15,59,Lung Cancer,disease_text,lung cancer susceptibility 1,MONDO:0012159,False,True,matchedAdjacent,True,,MONDO:0012159,16,139874.0
SRX21460121_1,1851,4305.0,1954,4708.0,1998,4707.9995,SRX21460121,"CD4-positive, alpha-beta T cell",CL:0000624,1851,4305.0,19.953542392566785,29.38443670150987,41.44018583042973,62.299651567944245,112.0,2.601626,34.0,0.7897793,0.0,0.0,1851,PRJNA1008237,4,1,Lung Cancer,ontology,lung cancer,MONDO:0008903,False,True,matchedAdjacent,True,,MONDO:0008903,13,36890.0
SRX21460121_20,2429,6732.0,2578,7568.0005,2684,7568.0005,SRX21460121,B cell,CL:0000236,2429,6732.0,32.69459298871064,39.884135472370765,48.58882947118241,64.06714200831848,978.0,14.527629,38.0,0.5644682,0.0,0.0,2429,PRJNA1008237,19,20,Lung Cancer,ontology,lung cancer,MONDO:0008903,False,True,matchedAdjacent,True,,MONDO:0008903,10,93523.0
SRX21460121_8,5387,28767.0,5607,35174.0,5932,35174.016,SRX21460121,macrophage,CL:0000235,5387,28767.0,35.29738936976396,41.022699621093615,48.38877880905204,60.684117217645216,5184.0,18.020649,136.0,0.47276393,0.0,0.0,5387,PRJNA1008237,19,8,Lung Cancer,ontology,lung cancer,MONDO:0008903,False,True,matchedAdjacent,True,,MONDO:0008903,11,108089.0
SRX21897868_1,3820,9629.0,4012,12799.995,4133,12800.005,SRX21897868,"CD4-positive, alpha-beta T cell",CL:0000624,3820,9629.0,23.366912451968012,28.16491847543878,35.195762799875375,49.506698514902894,1145.0,11.891163,269.0,2.7936442,0.0,0.0,3820,PRJNA1021137,4,1,Lung Cancer,study_consensus,depressive disorder,MONDO:0002050,,False,,True,,MONDO:0002050,25,264183.0
SRX21897868_17,4970,14517.0,5209,16265.0,5426,16264.997,SRX21897868,"CD4-positive, alpha-beta T cell",CL:0000624,4970,14517.0,14.989322862850452,20.431218571330163,28.208307501549907,42.96342219466832,694.0,4.780602,810.0,5.579665,0.0,0.0,4970,PRJNA1021137,47,17,Lung Cancer,study_consensus,depressive disorder,MONDO:0002050,,False,,True,,MONDO:0002050,25,561634.0
SRX21897868_4,5334,19632.0,5579,20953.996,5850,20953.988,SRX21897868,"CD4-positive, alpha-beta T cell",CL:0000624,5334,19632.0,17.344132029339853,23.62469437652812,32.0140586797066,46.582110839445804,1013.0,5.1599426,1084.0,5.5215974,0.0,0.0,5334,PRJNA1021137,4,4,Lung Cancer,study_consensus,depressive disorder,MONDO:0002050,,False,,True,,MONDO:0002050,16,202733.0
SRX21897868_5,4481,12927.0,4674,13924.0,4867,13923.997,SRX21897868,"CD4-positive, alpha-beta T cell",CL:0000624,4481,12927.0,15.378664810087415,21.551790825404193,30.23129883190222,45.42430571671695,606.0,4.6878624,884.0,6.8384,0.0,0.0,4481,PRJNA1021137,47,5,Lung Cancer,study_consensus,depressive disorder,MONDO:0002050,,False,,True,,MONDO:0002050,20,258037.0
SRX21897874_1,1531,3215.0,1631,3606.0007,1677,3606.0007,SRX21897874,"CD4-positive, alpha-beta T cell",CL:0000624,1531,3215.0,26.500777604976673,37.66718506998445,49.08242612752722,67.93157076205287,108.0,3.3592534,563.0,17.511663,0.0,0.0,1531,PRJNA1021137,4,1,Lung Cancer,ontology,lung adenocarcinoma,MONDO:0005061,True,False,,True,,MONDO:0005061,46,421663.0
SRX21897874_5,2980,6860.0,3177,7487.002,3279,7487.0015,SRX21897874,"CD4-positive, alpha-beta T cell",CL:0000624,2980,6860.0,20.276967930029155,27.24489795918367,36.12244897959184,51.90962099125365,462.0,6.734694,759.0,11.064139,0.0,0.0,2980,PRJNA1021137,4,5,Lung Cancer,ontology,lung adenocarcinoma,MONDO:0005061,True,False,,True,,MONDO:0005061,11,97293.0
SRX21897876_1,2092,4614.0,2298,4913.9995,2400,4913.9976,SRX21897876,"CD4-positive, alpha-beta T cell",CL:0000624,2092,4614.0,21.954919809276117,29.30212397052449,39.72691807542263,58.43086259211097,504.0,10.923277,16.0,0.3467707,0.0,0.0,2092,PRJNA1021137,4,1,Lung Cancer,ontology,lung adenocarcinoma,MONDO:0005061,True,False,,True,,MONDO:0005061,83,595001.0
SRX21897876_5,2983,7064.0,3182,7522.001,3306,7522.002,SRX21897876,"CD4-positive, alpha-beta T cell",CL:0000624,2983,7064.0,20.56908267270668,27.194224235560586,36.26840317100793,52.88788221970555,418.0,5.9173274,538.0,7.6160817,0.0,0.0,2983,PRJNA1021137,4,5,Lung Cancer,ontology,lung adenocarcinoma,MONDO:0005061,True,False,,True,,MONDO:0005061,25,161333.0
SRX21897877_1,3538,9742.0,3689,10335.998,3809,10336.001,SRX21897877,"CD4-positive, alpha-beta T cell",CL:0000624,3538,9742.0,16.39293779511394,23.044549373845204,32.45740094436461,49.609936358037366,329.0,3.3771298,811.0,8.3247795,0.0,0.0,3538,PRJNA1021137,4,1,Lung Cancer,study_consensus,experimental autoimmune encephalomyelitis,MONDO:0005134,,False,,True,,MONDO:0005134,66,586939.0
SRX21897877_5,2478,5928.0,2593,6365.9995,2680,6366.001,SRX21897877,"CD4-positive, alpha-beta T cell",CL:0000624,2478,5928.0,23.279352226720647,32.101889338731446,41.98717948717949,58.77192982456141,393.0,6.6295547,833.0,14.051957,0.0,0.0,2478,PRJNA1021137,4,5,Lung Cancer,study_consensus,experimental autoimmune encephalomyelitis,MONDO:0005134,,False,,True,,MONDO:0005134,16,105801.0
SRX22226502_21,626,839.0,710,879.9997,712,879.9997,SRX22226502,capillary endothelial cell,CL:0002144,626,839.0,22.884386174016687,34.80333730631705,49.225268176400476,84.98212157330155,0.0,0.0,74.0,8.8200245,1.0,0.11918951,626,PRJNA1032112,16,21,COVID-19 / SARS-CoV-2,disease_text,acute respiratory distress syndrome,MONDO:0006502,True,False,,True,,MONDO:0006502,18,12391.0
SRX22226505_26,3944,11165.0,4167,11771.0,4258,11770.999,SRX22226505,classical monocyte,CL:0000860,3944,11165.0,29.037169726824903,37.25033587102553,46.19793999104344,58.710255261979405,946.0,8.472906,1223.0,10.953874,21.0,0.18808778,3944,PRJNA1032112,31,26,COVID-19 / SARS-CoV-2,ontology,COVID-19,MONDO:0100096,True,False,,True,,MONDO:0100096,24,186714.0
SRX22226507_26,3293,7953.0,3484,8442.999,3562,8443.001,SRX22226507,macrophage,CL:0000235,3293,7953.0,28.54268829372564,35.79781214635987,44.22230604803219,57.311706274361875,922.0,11.593109,611.0,7.682636,14.0,0.1760342,3293,PRJNA1032112,31,26,COVID-19 / SARS-CoV-2,study_consensus,,,,False,,True,,,21,190467.0
SRX22538049_20,2102,4950.0,2247,5139.9985,2303,5139.998,SRX22538049,respiratory tract goblet cell,CL:0002370,2102,4950.0,35.17171717171717,42.04040404040404,50.46464646464647,64.72727272727272,888.0,17.939394,553.0,11.171718,0.0,0.0,2102,PRJNA1010235,17,20,Other,unmapped_ontology,influenza,MONDO:0005812,False,True,healthy,True,,MONDO:0005812,14,101249.0
SRX22538049_23,2034,4864.0,2158,5192.001,2205,5192.0005,SRX22538049,respiratory tract goblet cell,CL:0002370,2034,4864.0,33.79934210526316,41.13898026315789,50.67845394736842,65.7483552631579,904.0,18.585527,483.0,9.930099,0.0,0.0,2034,PRJNA1010235,17,23,Other,unmapped_ontology,influenza,MONDO:0005812,False,True,healthy,True,,MONDO:0005812,12,147863.0
SRX22538049_31,2967,8097.0,3163,8511.002,3263,8511.004,SRX22538049,basal cell,CL:0000646,2967,8097.0,30.282820797826353,38.70569346671607,47.64727676917377,61.33135729282451,1180.0,14.573298,1091.0,13.474126,0.0,0.0,2967,PRJNA1010235,17,31,Other,unmapped_ontology,influenza,MONDO:0005812,False,True,healthy,True,,MONDO:0005812,27,219125.0
SRX22836419_20,6794,27326.0,7081,29018.996,7352,29019.014,SRX22836419,respiratory tract goblet cell,CL:0002370,6794,27326.0,18.411037107516652,25.2616555661275,33.44067920661641,46.02210349118056,1539.0,5.631999,2740.0,10.027081,0.0,0.0,6794,PRJNA1050294,20,20,Other,missing_ontology,,,False,True,healthy,True,,,15,477837.0
SRX22996311_4,1015,1752.0,1110,1821.9995,1122,1821.9999,SRX22996311,B cell,CL:0000236,1015,1752.0,29.22374429223744,39.15525114155251,51.31278538812786,70.60502283105022,68.0,3.8812785,319.0,18.207764,0.0,0.0,1015,PRJNA1055415,6,4,Lung Cancer,ontology,lung adenocarcinoma,MONDO:0005061,True,False,,True,,MONDO:0005061,10,20427.0
SRX22996313_1,1554,3490.0,1634,3595.9998,1646,3595.9995,SRX22996313,"CD4-positive, alpha-beta T cell",CL:0000624,1554,3490.0,29.942693409742123,40.2865329512894,51.232091690544415,69.65616045845272,81.0,2.320917,739.0,21.174786,0.0,0.0,1554,PRJNA1055415,4,1,Lung Cancer,ontology,lung adenocarcinoma,MONDO:0005061,True,False,,True,,MONDO:0005061,19,66970.0
SRX22996314_9,3554,13924.0,3696,14233.998,3749,14233.997,SRX22996314,macrophage,CL:0000235,3554,13924.0,34.243033611031315,43.53634013214594,53.44010341855788,67.10715311692043,595.0,4.2731977,1251.0,8.984488,0.0,0.0,3554,PRJNA1055415,49,9,Lung Cancer,ontology,lung adenocarcinoma,MONDO:0005061,True,False,,True,,MONDO:0005061,13,105948.0
SRX22996315_1,904,1861.0,950,1920.9999,956,1920.9999,SRX22996315,"CD4-positive, alpha-beta T cell",CL:0000624,904,1861.0,35.034927458355725,48.03868887694788,60.61257388500806,78.29124126813541,83.0,4.4599676,536.0,28.801718,0.0,0.0,904,PRJNA1055415,4,1,Lung Cancer,ontology,lung adenocarcinoma,MONDO:0005061,True,False,,True,,MONDO:0005061,14,39219.0
SRX22996315_5,1926,4850.0,2056,5004.999,2084,5004.999,SRX22996315,"CD4-positive, alpha-beta T cell",CL:0000624,1926,4850.0,30.515463917525775,41.58762886597938,52.26804123711341,67.7319587628866,195.0,4.0206184,902.0,18.597939,0.0,0.0,1926,PRJNA1055415,4,5,Lung Cancer,ontology,lung adenocarcinoma,MONDO:0005061,True,False,,True,,MONDO:0005061,19,70187.0
SRX22996315_9,3366,13689.0,3530,14002.999,3585,14002.998,SRX22996315,macrophage,CL:0000235,3366,13689.0,34.90393746804003,44.33486741179049,54.93461903718314,68.36876324055811,772.0,5.6395645,1628.0,11.89276,0.0,0.0,3366,PRJNA1055415,49,9,Lung Cancer,ontology,lung adenocarcinoma,MONDO:0005061,True,False,,True,,MONDO:0005061,11,253775.0
SRX22996316_1,766,1492.0,823,1538.0001,840,1538.0004,SRX22996316,"CD4-positive, alpha-beta T cell",CL:0000624,766,1492.0,39.343163538873995,50.26809651474531,62.06434316353887,82.171581769437,42.0,2.8150134,356.0,23.86059,0.0,0.0,766,PRJNA1055415,3,1,Lung Cancer,ontology,lung adenocarcinoma,MONDO:0005061,True,False,,True,,MONDO:0005061,12,35087.0
SRX22996316_5,1286,2977.0,1343,3067.9998,1367,3067.9998,SRX22996316,"CD4-positive, alpha-beta T cell",CL:0000624,1286,2977.0,34.36345314074571,45.414847161572055,56.90292240510581,73.59758145784346,153.0,5.139402,655.0,22.002016,0.0,0.0,1286,PRJNA1055415,4,5,Lung Cancer,ontology,lung adenocarcinoma,MONDO:0005061,True,False,,True,,MONDO:0005061,15,55837.0
SRX22996316_9,4163,24940.0,4353,25397.006,4431,25397.006,SRX22996316,macrophage,CL:0000235,4163,24940.0,40.87810745789896,50.7457898957498,61.31916599839615,73.45629510825982,1275.0,5.1122694,3026.0,12.13312,0.0,0.0,4163,PRJNA1055415,49,9,Lung Cancer,ontology,lung adenocarcinoma,MONDO:0005061,True,False,,True,,MONDO:0005061,12,225454.0
SRX22996317_6,1138,3299.0,1237,3473.9998,1266,3473.9993,SRX22996317,B cell,CL:0000236,1138,3299.0,44.2861473173689,59.533191876326164,67.99030009093666,80.66080630494089,108.0,3.273719,1337.0,40.52743,0.0,0.0,1138,PRJNA1055415,1,6,Lung Cancer,ontology,lung adenocarcinoma,MONDO:0005061,True,False,,True,,MONDO:0005061,10,37701.0
SRX22996318_6,889,1885.0,964,1965.0001,980,1965.0004,SRX22996318,B cell,CL:0000236,889,1885.0,36.39257294429708,49.602122015915114,61.43236074270557,79.36339522546419,93.0,4.9336867,477.0,25.305038,0.0,0.0,889,PRJNA1055415,1,6,Lung Cancer,ontology,lung adenocarcinoma,MONDO:0005061,True,False,,True,,MONDO:0005061,10,39238.0
SRX22996319_1,995,2444.0,1064,2560.9995,1086,2560.9998,SRX22996319,"CD4-positive, alpha-beta T cell",CL:0000624,995,2444.0,40.63011456628478,53.273322422258595,64.23895253682488,79.74631751227496,44.0,1.8003274,893.0,36.53846,0.0,0.0,995,PRJNA1055415,4,1,Lung Cancer,ontology,lung adenocarcinoma,MONDO:0005061,True,False,,True,,MONDO:0005061,10,28500.0
SRX22996319_6,1134,3500.0,1213,3668.9998,1237,3668.9998,SRX22996319,B cell,CL:0000236,1134,3500.0,42.48571428571429,58.31428571428572,69.54285714285714,81.88571428571429,143.0,4.0857143,1418.0,40.514286,0.0,0.0,1134,PRJNA1055415,1,6,Lung Cancer,ontology,lung adenocarcinoma,MONDO:0005061,True,False,,True,,MONDO:0005061,14,45419.0
SRX22996320_1,1034,2592.0,1086,2724.9998,1106,2725.0,SRX22996320,"CD4-positive, alpha-beta T cell",CL:0000624,1034,2592.0,41.04938271604938,54.513888888888886,64.39043209876543,79.39814814814815,55.0,2.1219137,939.0,36.226852,0.0,0.0,1034,PRJNA1055415,4,1,Lung Cancer,ontology,lung adenocarcinoma,MONDO:0005061,True,False,,True,,MONDO:0005061,10,29126.0
SRX22996325_1,902,1714.0,960,1768.0001,970,1768.0002,SRX22996325,"CD4-positive, alpha-beta T cell",CL:0000624,902,1714.0,35.41423570595099,46.32438739789965,58.40140023337222,76.5460910151692,72.0,4.2007003,392.0,22.870478,0.0,0.0,902,PRJNA1055415,3,1,Lung Cancer,ontology,lung adenocarcinoma,MONDO:0005061,True,False,,True,,MONDO:0005061,13,35225.0
SRX22996327_1,1378,2795.0,1467,2899.0,1474,2899.0002,SRX22996327,"CD4-positive, alpha-beta T cell",CL:0000624,1378,2795.0,27.65652951699463,38.24686940966011,50.55456171735242,68.58676207513416,91.0,3.2558138,579.0,20.715563,0.0,0.0,1378,PRJNA1055415,4,1,Lung Cancer,ontology,lung adenocarcinoma,MONDO:0005061,True,False,,True,,MONDO:0005061,12,47691.0
SRX22996329_1,1093,2158.0,1168,2246.0,1179,2245.9998,SRX22996329,"CD4-positive, alpha-beta T cell",CL:0000624,1093,2158.0,29.981464318813718,41.519925857275254,54.54124189063948,72.52085264133457,40.0,1.8535681,456.0,21.130676,0.0,0.0,1093,PRJNA1055415,4,1,Lung Cancer,ontology,lung adenocarcinoma,MONDO:0005061,True,False,,True,,MONDO:0005061,13,36482.0
SRX22996330_1,1007,2255.0,1062,2313.0,1075,2312.9998,SRX22996330,"CD4-positive, alpha-beta T cell",CL:0000624,1007,2255.0,35.78713968957871,48.647450110864746,60.75388026607539,77.51662971175166,78.0,3.45898,709.0,31.441242,0.0,0.0,1007,PRJNA1055415,4,1,Lung Cancer,ontology,lung adenocarcinoma,MONDO:0005061,True,False,,True,,MONDO:0005061,14,45484.0
SRX22996330_6,1492,4098.0,1563,4240.0,1588,4240.0,SRX22996330,B cell,CL:0000236,1492,4098.0,38.189360663738405,51.220107369448506,62.15226939970717,75.79306979014153,102.0,2.489019,1260.0,30.746704,0.0,0.0,1492,PRJNA1055415,1,6,Lung Cancer,ontology,lung adenocarcinoma,MONDO:0005061,True,False,,True,,MONDO:0005061,10,52310.0
SRX22996331_1,1913,4460.0,2021,4635.0,2055,4635.0,SRX22996331,"CD4-positive, alpha-beta T cell",CL:0000624,1913,4460.0,26.838565022421523,37.89237668161435,49.79820627802691,66.05381165919283,130.0,2.9147983,963.0,21.591928,0.0,0.0,1913,PRJNA1055415,4,1,Lung Cancer,ontology,lung adenocarcinoma,MONDO:0005061,True,False,,True,,MONDO:0005061,13,45504.0
SRX22996332_1,829,1775.0,884,1838.0001,895,1838.0001,SRX22996332,"CD4-positive, alpha-beta T cell",CL:0000624,829,1775.0,39.04225352112676,51.267605633802816,63.94366197183099,81.46478873239437,49.0,2.7605634,551.0,31.042253,0.0,0.0,829,PRJNA1055415,4,1,Lung Cancer,study_consensus,,,,False,,True,,,13,43217.0
SRX22996334_1,1089,2480.0,1151,2553.9995,1158,2553.9995,SRX22996334,"CD4-positive, alpha-beta T cell",CL:0000624,1089,2480.0,36.12903225806451,48.95161290322581,60.84677419354839,76.25,48.0,1.9354839,626.0,25.241936,0.0,0.0,1089,PRJNA1055415,4,1,Lung Cancer,ontology,lung adenocarcinoma,MONDO:0005061,True,False,,True,,MONDO:0005061,19,64996.0
SRX22996334_5,965,2184.0,1032,2255.0,1043,2255.0002,SRX22996334,"CD8-positive, alpha-beta T cell",CL:0000625,965,2184.0,37.77472527472527,50.18315018315018,61.95054945054945,78.70879120879121,58.0,2.6556778,556.0,25.457876,0.0,0.0,965,PRJNA1055415,4,5,Lung Cancer,ontology,lung adenocarcinoma,MONDO:0005061,True,False,,True,,MONDO:0005061,26,78574.0
SRX22996335_1,1658,3641.0,1745,3740.9998,1762,3740.999,SRX22996335,"CD4-positive, alpha-beta T cell",CL:0000624,1658,3641.0,32.82065366657512,42.87283713265586,52.815160670145566,68.19555067289205,210.0,5.7676463,649.0,17.824774,0.0,0.0,1658,PRJNA1055415,3,1,Lung Cancer,ontology,lung adenocarcinoma,MONDO:0005061,True,False,,True,,MONDO:0005061,25,81324.0
SRX22996335_5,1457,3552.0,1541,3677.0,1563,3676.9998,SRX22996335,"CD4-positive, alpha-beta T cell",CL:0000624,1457,3552.0,31.447072072072075,43.721846846846844,55.7713963963964,73.05743243243244,86.0,2.4211712,913.0,25.703829,0.0,0.0,1457,PRJNA1055415,4,5,Lung Cancer,ontology,lung adenocarcinoma,MONDO:0005061,True,False,,True,,MONDO:0005061,29,84570.0
SRX22996335_6,1871,6615.0,1960,6798.0,1995,6798.0015,SRX22996335,B cell,CL:0000236,1871,6615.0,40.302343159486014,56.02418745275888,66.09221466364323,77.23356009070295,163.0,2.4640968,2592.0,39.183674,0.0,0.0,1871,PRJNA1055415,1,6,Lung Cancer,ontology,lung adenocarcinoma,MONDO:0005061,True,False,,True,,MONDO:0005061,14,68658.0
SRX22996336_1,1652,3745.0,1762,3879.9998,1782,3879.9995,SRX22996336,"CD4-positive, alpha-beta T cell",CL:0000624,1652,3745.0,29.986648865153537,40.961281708945265,52.12283044058745,69.23898531375167,84.0,2.2429905,826.0,22.056074,0.0,0.0,1652,PRJNA1055415,4,1,Lung Cancer,ontology,lung adenocarcinoma,MONDO:0005061,True,False,,True,,MONDO:0005061,24,100881.0
SRX22996336_5,1423,3537.0,1507,3654.0,1529,3653.9998,SRX22996336,B cell,CL:0000236,1423,3537.0,35.31241164828951,47.55442465366129,58.55244557534633,73.90443878993497,123.0,3.4775236,1030.0,29.120722,0.0,0.0,1423,PRJNA1055415,4,5,Lung Cancer,ontology,lung adenocarcinoma,MONDO:0005061,True,False,,True,,MONDO:0005061,20,69758.0
SRX22996337_1,790,1659.0,838,1704.0001,843,1704.0001,SRX22996337,"CD4-positive, alpha-beta T cell",CL:0000624,790,1659.0,39.66244725738397,50.874020494273665,63.83363471971067,82.51959011452682,51.0,3.074141,345.0,20.79566,0.0,0.0,790,PRJNA1055415,4,1,Lung Cancer,ontology,lung adenocarcinoma,MONDO:0005061,True,False,,True,,MONDO:0005061,16,46261.0
SRX22996337_5,835,1599.0,891,1647.0,899,1647.0,SRX22996337,"CD8-positive, alpha-beta T cell",CL:0000625,835,1599.0,35.7098186366479,47.091932457786115,60.0375234521576,79.04940587867418,60.0,3.7523453,372.0,23.264542,0.0,0.0,835,PRJNA1055415,4,5,Lung Cancer,ontology,lung adenocarcinoma,MONDO:0005061,True,False,,True,,MONDO:0005061,15,44668.0
SRX22996337_9,2743,8556.0,2865,8762.0,2906,8762.0,SRX22996337,macrophage,CL:0000235,2743,8556.0,34.45535296867695,43.93408134642357,54.38288920056101,67.46143057503507,445.0,5.201029,1190.0,13.908368,0.0,0.0,2743,PRJNA1055415,39,9,Lung Cancer,ontology,lung adenocarcinoma,MONDO:0005061,True,False,,True,,MONDO:0005061,13,201163.0
SRX22996338_1,1016,2755.0,1055,2844.0002,1071,2843.9998,SRX22996338,"CD4-positive, alpha-beta T cell",CL:0000624,1016,2755.0,42.686025408348456,55.027223230490016,66.56987295825772,81.27041742286751,45.0,1.6333938,860.0,31.215971,0.0,0.0,1016,PRJNA1055415,4,1,Lung Cancer,ontology,lung adenocarcinoma,MONDO:0005061,True,False,,True,,MONDO:0005061,20,77035.0
SRX22996340_36,967,1762.0,1010,1812.0,1011,1812.0,SRX22996340,capillary endothelial cell,CL:0002144,967,1762.0,34.50624290578887,43.35981838819523,54.88081725312145,73.49602724177072,31.0,1.7593642,132.0,7.4914875,0.0,0.0,967,PRJNA1055415,16,36,Lung Cancer,ontology,lung adenocarcinoma,MONDO:0005061,True,False,,True,,MONDO:0005061,12,25075.0
SRX22996342_1,1484,4090.0,1560,4196.0,1581,4196.0,SRX22996342,"CD4-positive, alpha-beta T cell",CL:0000624,1484,4090.0,36.11246943765281,47.848410757946205,59.31540342298288,75.94132029339853,56.0,1.3691932,1096.0,26.797066,0.0,0.0,1484,PRJNA1055415,4,1,Lung Cancer,ontology,lung adenocarcinoma,MONDO:0005061,True,False,,True,,MONDO:0005061,15,65325.0
SRX22996343_1,1205,3012.0,1259,3139.0002,1281,3139.0,SRX22996343,"CD4-positive, alpha-beta T cell",CL:0000624,1205,3012.0,39.54183266932271,52.35723771580345,62.94820717131474,76.59362549800797,34.0,1.128818,1022.0,33.930943,0.0,0.0,1205,PRJNA1055415,4,1,Lung Cancer,ontology,lung adenocarcinoma,MONDO:0005061,True,False,,True,,MONDO:0005061,11,20677.0
SRX22996344_1,1317,3674.0,1391,3772.9998,1413,3773.0002,SRX22996344,"CD4-positive, alpha-beta T cell",CL:0000624,1317,3674.0,38.40500816548721,50.27218290691344,62.357103973870444,77.76265650517148,36.0,0.97985846,877.0,23.870441,0.0,0.0,1317,PRJNA1055415,4,1,Lung Cancer,ontology,lung adenocarcinoma,MONDO:0005061,True,False,,True,,MONDO:0005061,23,81503.0
SRX22996344_6,1743,5354.0,1823,5485.001,1850,5485.0005,SRX22996344,B cell,CL:0000236,1743,5354.0,37.50466940605155,51.23272319760927,62.308554351886436,75.70041090773255,172.0,3.2125514,1745.0,32.592453,0.0,0.0,1743,PRJNA1055415,1,6,Lung Cancer,ontology,lung adenocarcinoma,MONDO:0005061,True,False,,True,,MONDO:0005061,14,77516.0
SRX22996345_1,1134,4924.0,1179,5042.9995,1200,5043.0,SRX22996345,"CD4-positive, alpha-beta T cell",CL:0000624,1134,4924.0,49.004874086108856,67.89195775792038,77.61982128350934,87.12428919577579,77.0,1.5637692,2603.0,52.863525,0.0,0.0,1134,PRJNA1055415,4,1,Lung Cancer,ontology,lung adenocarcinoma,MONDO:0005061,True,False,,True,,MONDO:0005061,19,72551.0
SRX22996345_26,1714,6725.0,1811,6888.0,1835,6888.0005,SRX22996345,macrophage,CL:0000235,1714,6725.0,37.353159851301115,51.64312267657992,64.96654275092936,79.00371747211896,349.0,5.189591,1402.0,20.847584,0.0,0.0,1714,PRJNA1055415,39,26,Lung Cancer,ontology,lung adenocarcinoma,MONDO:0005061,True,False,,True,,MONDO:0005061,11,154763.0
SRX22996345_5,1275,3428.0,1348,3517.9995,1363,3517.9995,SRX22996345,"CD4-positive, alpha-beta T cell",CL:0000624,1275,3428.0,35.58926487747958,48.68728121353559,61.289381563593935,77.39206534422404,221.0,6.4469075,784.0,22.870478,0.0,0.0,1275,PRJNA1055415,4,5,Lung Cancer,ontology,lung adenocarcinoma,MONDO:0005061,True,False,,True,,MONDO:0005061,10,39194.0
SRX22996345_6,1700,4713.0,1808,4825.0,1825,4824.9995,SRX22996345,B cell,CL:0000236,1700,4713.0,33.75769149161892,47.20984510927222,59.516231699554424,73.98684489709315,133.0,2.8219817,1064.0,22.575853,0.0,0.0,1700,PRJNA1055415,1,6,Lung Cancer,ontology,lung adenocarcinoma,MONDO:0005061,True,False,,True,,MONDO:0005061,11,79281.0
SRX22996350_1,1332,3393.0,1424,3526.0005,1448,3525.9988,SRX22996350,"CD4-positive, alpha-beta T cell",CL:0000624,1332,3393.0,34.27645151783083,45.32861774241085,57.38284703801945,75.47892720306514,54.0,1.591512,816.0,24.049513,1.0,0.029472442,1332,PRJNA1055415,4,1,Lung Cancer,ontology,lung adenocarcinoma,MONDO:0005061,True,False,,True,,MONDO:0005061,16,57894.0
SRX22996351_1,1801,5235.0,1899,5427.9995,1943,5427.9995,SRX22996351,"CD4-positive, alpha-beta T cell",CL:0000624,1801,5235.0,35.05253104106972,47.60267430754537,57.917860553963706,72.225405921681,84.0,1.6045846,1797.0,34.32665,0.0,0.0,1801,PRJNA1055415,4,1,Lung Cancer,ontology,lung adenocarcinoma,MONDO:0005061,True,False,,True,,MONDO:0005061,16,60767.0
SRX22996351_4,1647,3323.0,1701,3391.0,1725,3390.9998,SRX22996351,"CD8-positive, alpha-beta T cell",CL:0000625,1647,3323.0,25.850135419801383,34.246163105627446,44.71862774601264,64.36954559133314,140.0,4.2130604,365.0,10.984051,0.0,0.0,1647,PRJNA1055415,6,4,Lung Cancer,ontology,lung adenocarcinoma,MONDO:0005061,True,False,,True,,MONDO:0005061,10,34483.0
SRX22996352_4,1133,2217.0,1204,2295.0005,1224,2295.0,SRX22996352,plasma cell,CL:0000786,1133,2217.0,33.28822733423545,42.625169147496614,53.63103292737934,71.44790257104194,99.0,4.465494,320.0,14.43392,0.0,0.0,1133,PRJNA1055415,6,4,Lung Cancer,ontology,lung adenocarcinoma,MONDO:0005061,True,False,,True,,MONDO:0005061,11,30055.0
SRX22996354_1,1245,2721.0,1354,2804.0005,1371,2804.0005,SRX22996354,"CD4-positive, alpha-beta T cell",CL:0000624,1245,2721.0,32.81881661153987,44.06468210216832,55.89856670341786,72.62036016170525,228.0,8.379272,547.0,20.102903,0.0,0.0,1245,PRJNA1055415,4,1,Lung Cancer,ontology,lung adenocarcinoma,MONDO:0005061,True,False,,True,,MONDO:0005061,12,39722.0
SRX22996354_4,1387,2515.0,1456,2586.0,1471,2586.0,SRX22996354,"CD8-positive, alpha-beta T cell",CL:0000625,1387,2515.0,26.75944333996024,35.188866799204774,45.84493041749503,64.73161033797217,109.0,4.333996,250.0,9.940357,2.0,0.07952286,1387,PRJNA1055415,6,4,Lung Cancer,ontology,lung adenocarcinoma,MONDO:0005061,True,False,,True,,MONDO:0005061,16,53239.0
SRX22996355_1,1004,2318.0,1078,2399.0,1088,2399.0,SRX22996355,"CD4-positive, alpha-beta T cell",CL:0000624,1004,2318.0,40.12079378774806,51.07851596203624,61.90681622088007,78.25711820534944,34.0,1.4667817,620.0,26.747196,0.0,0.0,1004,PRJNA1055415,4,1,Lung Cancer,ontology,lung adenocarcinoma,MONDO:0005061,True,False,,True,,MONDO:0005061,22,70471.0
SRX22996356_1,2100,6325.0,2218,6521.999,2267,6521.999,SRX22996356,"CD4-positive, alpha-beta T cell",CL:0000624,2100,6325.0,33.83399209486166,46.07114624505929,56.80632411067194,70.81422924901186,165.0,2.6086955,1534.0,24.252964,0.0,0.0,2100,PRJNA1055415,4,1,Lung Cancer,ontology,lung adenocarcinoma,MONDO:0005061,True,False,,True,,MONDO:0005061,21,60911.0
SRX22996359_20,3125,11695.0,3308,12023.0,3345,12023.001,SRX22996359,club cell,CL:0000158,3125,11695.0,41.45361265498076,50.41470713980334,58.99102180418983,70.16673792218897,1838.0,15.716118,2274.0,19.444206,0.0,0.0,3125,PRJNA1055415,12,20,Lung Cancer,ontology,lung adenocarcinoma,MONDO:0005061,True,False,,True,,MONDO:0005061,11,113465.0
SRX22996363_1,1140,2461.0,1210,2551.0,1228,2550.9998,SRX22996363,"CD4-positive, alpha-beta T cell",CL:0000624,1140,2461.0,32.100772043884604,44.290938642828124,56.39983746444535,73.99431125558716,71.0,2.8850062,534.0,21.698498,0.0,0.0,1140,PRJNA1055415,4,1,Lung Cancer,ontology,lung adenocarcinoma,MONDO:0005061,True,False,,True,,MONDO:0005061,11,28854.0
SRX22996365_1,1295,3348.0,1375,3452.9998,1396,3452.9995,SRX22996365,"CD4-positive, alpha-beta T cell",CL:0000624,1295,3348.0,37.15651135005974,49.313022700119475,60.752688172043015,76.25448028673834,38.0,1.135006,1011.0,30.197132,0.0,0.0,1295,PRJNA1055415,4,1,Lung Cancer,ontology,lung adenocarcinoma,MONDO:0005061,True,False,,True,,MONDO:0005061,10,33107.0
SRX22996366_4,1255,2152.0,1337,2231.0,1353,2231.0,SRX22996366,"CD8-positive, alpha-beta T cell",CL:0000625,1255,2152.0,27.602230483271374,37.0817843866171,47.67657992565056,64.91635687732342,106.0,4.9256506,375.0,17.42565,0.0,0.0,1255,PRJNA1055415,6,4,Lung Cancer,ontology,lung adenocarcinoma,MONDO:0005061,True,False,,True,,MONDO:0005061,11,20149.0
SRX22996367_1,1276,2918.0,1350,3010.9998,1364,3011.0,SRX22996367,"CD4-positive, alpha-beta T cell",CL:0000624,1276,2918.0,36.257710760795064,46.367374914324884,56.819739547635365,73.40644276901988,88.0,3.0157642,618.0,21.17889,0.0,0.0,1276,PRJNA1055415,4,1,Lung Cancer,ontology,lung adenocarcinoma,MONDO:0005061,True,False,,True,,MONDO:0005061,38,128263.0
SRX22996367_6,1552,4899.0,1632,5055.9995,1658,5055.9995,SRX22996367,B cell,CL:0000236,1552,4899.0,41.31455399061033,56.31761583996734,66.13594611145132,78.52622984282507,133.0,2.7148397,1817.0,37.089203,0.0,0.0,1552,PRJNA1055415,1,6,Lung Cancer,ontology,lung adenocarcinoma,MONDO:0005061,True,False,,True,,MONDO:0005061,31,135132.0
SRX22996368_1,1071,3254.0,1149,3348.9995,1163,3348.9993,SRX22996368,"CD4-positive, alpha-beta T cell",CL:0000624,1071,3254.0,44.37615242778119,59.31161647203442,69.69883220651506,82.45236631837739,89.0,2.7350953,1300.0,39.95083,0.0,0.0,1071,PRJNA1055415,4,1,Lung Cancer,ontology,lung adenocarcinoma,MONDO:0005061,True,False,,True,,MONDO:0005061,33,120345.0
SRX22996368_6,1076,2661.0,1140,2730.0002,1150,2730.0,SRX22996368,B cell,CL:0000236,1076,2661.0,40.81172491544532,54.039834648628336,64.2239759488914,78.35400225479144,152.0,5.712138,690.0,25.930101,0.0,0.0,1076,PRJNA1055415,1,6,Lung Cancer,ontology,lung adenocarcinoma,MONDO:0005061,True,False,,True,,MONDO:0005061,27,133508.0
SRX22996369_1,1143,3170.0,1200,3279.0002,1223,3279.0005,SRX22996369,"CD4-positive, alpha-beta T cell",CL:0000624,1143,3170.0,39.08517350157729,53.4384858044164,65.61514195583597,79.71608832807571,85.0,2.681388,1084.0,34.195583,0.0,0.0,1143,PRJNA1055415,4,1,Lung Cancer,ontology,lung adenocarcinoma,MONDO:0005061,True,False,,True,,MONDO:0005061,34,107761.0
SRX22996369_6,2026,6433.0,2124,6631.0,2167,6631.0005,SRX22996369,"CD4-positive, alpha-beta T cell",CL:0000624,2026,6433.0,39.01756567697808,52.69703093424529,61.85294574848438,74.05565055184206,195.0,3.031245,2077.0,32.286648,0.0,0.0,2026,PRJNA1055415,1,6,Lung Cancer,ontology,lung adenocarcinoma,MONDO:0005061,True,False,,True,,MONDO:0005061,34,142878.0
SRX22996374_1,780,1414.0,852,1464.0001,854,1464.0001,SRX22996374,"CD4-positive, alpha-beta T cell",CL:0000624,780,1414.0,35.5021216407355,45.33239038189533,58.981612446958984,80.19801980198021,18.0,1.2729844,271.0,19.165487,0.0,0.0,780,PRJNA1055415,4,1,Lung Cancer,ontology,lung adenocarcinoma,MONDO:0005061,True,False,,True,,MONDO:0005061,14,53466.0
SRX22996374_5,1041,2195.0,1118,2255.0,1124,2254.9998,SRX22996374,"CD4-positive, alpha-beta T cell",CL:0000624,1041,2195.0,34.30523917995444,45.83143507972665,57.85876993166287,75.35307517084281,75.0,3.4168563,500.0,22.779043,0.0,0.0,1041,PRJNA1055415,4,5,Lung Cancer,ontology,lung adenocarcinoma,MONDO:0005061,True,False,,True,,MONDO:0005061,10,21112.0
SRX22996376_1,1603,3670.0,1661,3804.0005,1693,3804.0,SRX22996376,"CD4-positive, alpha-beta T cell",CL:0000624,1603,3670.0,28.664850136239785,38.44686648501362,50.35422343324251,68.93732970027247,72.0,1.9618528,665.0,18.11989,0.0,0.0,1603,PRJNA1055415,4,1,Lung Cancer,ontology,lung adenocarcinoma,MONDO:0005061,True,False,,True,,MONDO:0005061,17,53513.0
SRX22996376_5,1021,2231.0,1090,2305.0002,1109,2304.9998,SRX22996376,"CD4-positive, alpha-beta T cell",CL:0000624,1021,2231.0,37.20304796055581,48.49843119677274,59.79381443298969,76.64724338861497,20.0,0.896459,546.0,24.47333,0.0,0.0,1021,PRJNA1055415,4,5,Lung Cancer,ontology,lung adenocarcinoma,MONDO:0005061,True,False,,True,,MONDO:0005061,11,25688.0
SRX22996377_1,932,2251.0,987,2335.0,997,2335.0,SRX22996377,"CD4-positive, alpha-beta T cell",CL:0000624,932,2251.0,40.915148822745444,53.75388716126166,64.72678809418036,80.80852954242559,49.0,2.1768103,584.0,25.944025,0.0,0.0,932,PRJNA1055415,4,1,Lung Cancer,ontology,lung adenocarcinoma,MONDO:0005061,True,False,,True,,MONDO:0005061,15,40088.0
SRX22996377_5,943,2369.0,987,2431.0005,999,2431.0,SRX22996377,"CD4-positive, alpha-beta T cell",CL:0000624,943,2369.0,39.80582524271845,53.102574926129165,65.42845082313212,81.30012663571127,85.0,3.5880117,697.0,29.421696,0.0,0.0,943,PRJNA1055415,4,5,Lung Cancer,ontology,lung adenocarcinoma,MONDO:0005061,True,False,,True,,MONDO:0005061,13,24755.0
SRX22996378_4,636,1029.0,692,1063.0,695,1063.0,SRX22996378,B cell,CL:0000236,636,1029.0,36.83187560738581,46.55004859086492,57.6287657920311,86.78328474246841,18.0,1.7492712,93.0,9.037901,0.0,0.0,636,PRJNA1055415,6,4,Lung Cancer,ontology,lung adenocarcinoma,MONDO:0005061,True,False,,True,,MONDO:0005061,11,23879.0
SRX22996379_14,2974,10159.0,3149,10460.997,3192,10461.0,SRX22996379,adventitial cell,CL:0002503,2974,10159.0,30.5246579387735,42.24825278078551,53.59779505856876,67.29008760704794,412.0,4.055517,1849.0,18.200611,0.0,0.0,2974,PRJNA1055415,29,14,Lung Cancer,ontology,lung adenocarcinoma,MONDO:0005061,True,False,,True,,MONDO:0005061,16,171782.0
SRX22996380_14,3235,12061.0,3413,12418.999,3469,12418.997,SRX22996380,adventitial cell,CL:0002503,3235,12061.0,31.912776718348397,45.79222286709228,57.23406019401376,69.22311582787498,416.0,3.4491334,3099.0,25.694387,0.0,0.0,3235,PRJNA1055415,29,14,Lung Cancer,ontology,lung adenocarcinoma,MONDO:0005061,True,False,,True,,MONDO:0005061,14,156872.0
SRX22996381_14,2471,8702.0,2612,8947.001,2662,8947.002,SRX22996381,adventitial cell,CL:0002503,2471,8702.0,30.85497586761664,45.357389105952656,58.30843484256493,72.06389335784877,412.0,4.734544,2016.0,23.16709,0.0,0.0,2471,PRJNA1055415,29,14,Lung Cancer,ontology,lung adenocarcinoma,MONDO:0005061,True,False,,True,,MONDO:0005061,14,169186.0
SRX22996382_14,3744,15097.0,3957,15485.997,4011,15485.997,SRX22996382,adventitial cell,CL:0002503,3744,15097.0,28.025435516990132,40.98165198383785,53.87163012519044,67.46373451679142,487.0,3.2258062,3070.0,20.335167,0.0,0.0,3744,PRJNA1055415,29,14,Lung Cancer,ontology,lung adenocarcinoma,MONDO:0005061,True,False,,True,,MONDO:0005061,11,145815.0
SRX22996383_1,1312,3600.0,1396,3732.0002,1414,3732.0005,SRX22996383,"CD4-positive, alpha-beta T cell",CL:0000624,1312,3600.0,37.97222222222222,50.16666666666667,61.611111111111114,77.44444444444444,100.0,2.777778,1033.0,28.694445,0.0,0.0,1312,PRJNA1055415,4,1,Lung Cancer,ontology,lung adenocarcinoma,MONDO:0005061,True,False,,True,,MONDO:0005061,26,93728.0
SRX22996384_1,1201,3367.0,1263,3496.0,1282,3495.9998,SRX22996384,"CD4-positive, alpha-beta T cell",CL:0000624,1201,3367.0,39.411939411939414,54.054054054054056,65.013365013365,79.18027918027917,112.0,3.3264034,1131.0,33.590733,0.0,0.0,1201,PRJNA1055415,4,1,Lung Cancer,ontology,lung adenocarcinoma,MONDO:0005061,True,False,,True,,MONDO:0005061,27,78353.0
SRX22996385_1,924,2712.0,975,2774.9995,984,2775.0,SRX22996385,"CD4-positive, alpha-beta T cell",CL:0000624,924,2712.0,45.53834808259587,59.51327433628318,70.20648967551622,84.36578171091446,186.0,6.858407,846.0,31.19469,0.0,0.0,924,PRJNA1055415,4,1,Lung Cancer,ontology,lung adenocarcinoma,MONDO:0005061,True,False,,True,,MONDO:0005061,23,64002.0
SRX22996386_8,2394,8781.0,2524,8981.0,2563,8981.002,SRX22996386,pulmonary alveolar type 2 cell,CL:0002063,2394,8781.0,38.78829290513609,51.19006946816991,61.4166951372281,73.96651861974718,1283.0,14.611093,2149.0,24.473295,0.0,0.0,2394,PRJNA1055415,26,8,Lung Cancer,ontology,lung adenocarcinoma,MONDO:0005061,True,False,,True,,MONDO:0005061,22,207140.0
SRX22996387_8,2361,8816.0,2454,9031.002,2488,9031.001,SRX22996387,pulmonary alveolar type 2 cell,CL:0002063,2361,8816.0,39.813974591651544,53.35753176043557,63.033121597096184,74.8638838475499,457.0,5.183757,2227.0,25.26089,0.0,0.0,2361,PRJNA1055415,26,8,Lung Cancer,ontology,lung adenocarcinoma,MONDO:0005061,True,False,,True,,MONDO:0005061,14,116140.0
SRX22996388_8,2745,11406.0,2884,11681.002,2944,11681.002,SRX22996388,pulmonary alveolar type 2 cell,CL:0002063,2745,11406.0,41.408030860950376,53.612133964580046,62.7739786077503,74.1977906365071,719.0,6.3037,2555.0,22.400492,0.0,0.0,2745,PRJNA1055415,26,8,Lung Cancer,ontology,lung adenocarcinoma,MONDO:0005061,True,False,,True,,MONDO:0005061,20,170010.0
SRX22996389_4,1290,2398.0,1384,2489.0002,1408,2489.0,SRX22996389,mature NK T cell,CL:0000814,1290,2398.0,28.940783986655543,37.90658882402001,48.790658882402,67.05587989991659,35.0,1.4595497,378.0,15.763135,0.0,0.0,1290,PRJNA1055415,6,4,Lung Cancer,ontology,lung adenocarcinoma,MONDO:0005061,True,False,,True,,MONDO:0005061,14,32443.0
SRX22996390_8,2109,8099.0,2211,8275.0,2238,8274.999,SRX22996390,pulmonary alveolar type 2 cell,CL:0002063,2109,8099.0,44.22768242992962,56.8465242622546,66.2057044079516,77.28114582047166,317.0,3.9140635,2166.0,26.744043,0.0,0.0,2109,PRJNA1055415,26,8,Lung Cancer,ontology,lung adenocarcinoma,MONDO:0005061,True,False,,True,,MONDO:0005061,21,208504.0
SRX22996391_8,2186,6650.0,2293,6794.0,2320,6793.999,SRX22996391,pulmonary alveolar type 2 cell,CL:0002063,2186,6650.0,37.24812030075188,47.95488721804511,58.03007518796992,71.02255639097744,328.0,4.932331,1235.0,18.571428,0.0,0.0,2186,PRJNA1055415,26,8,Lung Cancer,ontology,lung adenocarcinoma,MONDO:0005061,True,False,,True,,MONDO:0005061,15,187567.0
SRX22996392_1,497,916.0,519,945.0,525,945.0,SRX22996392,"CD4-positive, alpha-beta T cell",CL:0000624,497,916.0,41.26637554585153,54.25764192139738,67.57641921397381,100.0,13.0,1.419214,343.0,37.445415,0.0,0.0,497,PRJNA1055415,4,1,Lung Cancer,ontology,lung adenocarcinoma,MONDO:0005061,True,False,,True,,MONDO:0005061,29,92111.0
SRX22996392_5,1158,2762.0,1239,2849.0002,1255,2848.9998,SRX22996392,"CD4-positive, alpha-beta T cell",CL:0000624,1158,2762.0,33.5264301230992,46.23461259956553,59.12382331643736,76.17668356263577,85.0,3.07748,672.0,24.330196,0.0,0.0,1158,PRJNA1055415,4,5,Lung Cancer,ontology,lung adenocarcinoma,MONDO:0005061,True,False,,True,,MONDO:0005061,10,32369.0
SRX22996392_6,1814,5725.0,1880,5863.0015,1908,5863.0005,SRX22996392,B cell,CL:0000236,1814,5725.0,41.7467248908297,51.86026200873363,61.502183406113545,75.02183406113538,996.0,17.39738,1072.0,18.724892,0.0,0.0,1814,PRJNA1055415,1,6,Lung Cancer,ontology,lung adenocarcinoma,MONDO:0005061,True,False,,True,,MONDO:0005061,37,164938.0
SRX22996393_8,2630,9330.0,2741,9517.0,2766,9517.0,SRX22996393,pulmonary alveolar type 2 cell,CL:0002063,2630,9330.0,42.13290460878885,50.37513397642015,59.131832797427656,71.28617363344051,347.0,3.7191854,1271.0,13.622722,1.0,0.010718114,2630,PRJNA1055415,26,8,Lung Cancer,ontology,lung adenocarcinoma,MONDO:0005061,True,False,,True,,MONDO:0005061,10,111997.0
SRX22996394_8,1939,6660.0,2034,6817.998,2062,6818.0015,SRX22996394,pulmonary alveolar type 2 cell,CL:0002063,1939,6660.0,43.13813813813814,51.95195195195195,61.33633633633634,74.62462462462463,168.0,2.5225227,1000.0,15.015015,2.0,0.03003003,1939,PRJNA1055415,26,8,Lung Cancer,ontology,lung adenocarcinoma,MONDO:0005061,True,False,,True,,MONDO:0005061,11,90449.0
SRX23231247_1,1929,4632.0,2029,5123.001,2053,5122.999,SRX23231247,"CD4-positive, alpha-beta T cell",CL:0000624,1929,4632.0,26.360103626943005,38.12607944732297,50.604490500863555,66.70984455958549,107.0,2.3100173,859.0,18.544905,0.0,0.0,1929,PRJNA1065377,5,1,IPF / Pulmonary Fibrosis,ontology,idiopathic pulmonary fibrosis,MONDO:0800504,True,False,,True,,MONDO:0800504,32,82403.0
SRX23231247_4,1532,3286.0,1609,3615.9998,1624,3615.9995,SRX23231247,mature NK T cell,CL:0000814,1532,3286.0,27.236762020693856,38.770541692026775,50.88253195374315,68.59403530127814,93.0,2.8301888,660.0,20.085209,0.0,0.0,1532,PRJNA1065377,6,4,IPF / Pulmonary Fibrosis,ontology,idiopathic pulmonary fibrosis,MONDO:0800504,True,False,,True,,MONDO:0800504,13,52626.0
SRX23231247_5,2030,5006.0,2118,5358.0,2137,5357.9995,SRX23231247,"CD8-positive, alpha-beta T cell",CL:0000625,2030,5006.0,31.282461046743908,42.38913304035158,52.73671594087096,66.93967239312825,140.0,2.796644,1148.0,22.932482,0.0,0.0,2030,PRJNA1065377,5,5,IPF / Pulmonary Fibrosis,ontology,idiopathic pulmonary fibrosis,MONDO:0800504,True,False,,True,,MONDO:0800504,27,92969.0
SRX23331461_31,3378,8621.0,3572,9135.999,3693,9136.001,SRX23331461,basal cell,CL:0000646,3378,8621.0,22.78157986312493,32.293237443452036,42.02528708966477,55.898387658044314,542.0,6.2869735,1419.0,16.459808,0.0,0.0,3378,PRJNA1066790,60,31,COVID-19 / SARS-CoV-2,study_consensus,,,,False,,True,,,40,372474.0
SRX23331461_43,2054,4500.0,2236,4738.999,2290,4738.999,SRX23331461,basal cell,CL:0000646,2054,4500.0,33.31111111111112,41.97777777777778,50.93333333333333,65.2,386.0,8.577778,720.0,16.0,0.0,0.0,2054,PRJNA1066790,9,43,COVID-19 / SARS-CoV-2,study_consensus,,,,False,,True,,,17,158165.0
SRX23331461_44,4883,13090.0,5123,13640.999,5280,13640.998,SRX23331461,lung multiciliated epithelial cell,CL:1000271,4883,13090.0,14.866310160427807,20.771581359816654,29.02979373567609,44.27807486631016,567.0,4.3315506,568.0,4.33919,0.0,0.0,4883,PRJNA1066790,9,44,COVID-19 / SARS-CoV-2,study_consensus,,,,False,,True,,,12,106397.0
SRX23331461_45,4050,11160.0,4288,11692.0,4416,11692.004,SRX23331461,respiratory tract goblet cell,CL:0002370,4050,11160.0,31.899641577060933,36.218637992831546,42.22222222222222,54.068100358422946,1698.0,15.2150545,383.0,3.4318995,0.0,0.0,4050,PRJNA1066790,60,45,COVID-19 / SARS-CoV-2,study_consensus,,,,False,,True,,,22,145771.0
SRX23331462_43,534,669.0,578,697.9999,578,697.9999,SRX23331462,lung multiciliated epithelial cell,CL:1000271,534,669.0,24.51420029895366,35.1270553064275,50.074738415545596,94.91778774289985,52.0,7.772795,30.0,4.484305,0.0,0.0,534,PRJNA1066790,24,43,COVID-19 / SARS-CoV-2,ontology,COVID-19,MONDO:0100096,True,False,,True,,MONDO:0100096,33,164006.0
SRX23331462_44,2005,3915.0,2129,4094.0,2171,4093.9993,SRX23331462,lung multiciliated epithelial cell,CL:1000271,2005,3915.0,23.218390804597703,30.932311621966797,41.27713920817369,58.77394636015326,371.0,9.476373,291.0,7.4329505,0.0,0.0,2005,PRJNA1066790,24,44,COVID-19 / SARS-CoV-2,ontology,COVID-19,MONDO:0100096,True,False,,True,,MONDO:0100096,23,474849.0
SRX23331462_45,1144,1926.0,1238,2110.0002,1256,2110.0,SRX23331462,respiratory tract goblet cell,CL:0002370,1144,1926.0,31.412253374870197,38.992731048805815,49.37694704049844,66.56282450674973,43.0,2.2326064,159.0,8.255452,0.0,0.0,1144,PRJNA1066790,80,45,COVID-19 / SARS-CoV-2,ontology,COVID-19,MONDO:0100096,True,False,,True,,MONDO:0100096,46,204281.0
SRX23331463_31,2503,5194.0,2685,5545.0,2754,5544.9995,SRX23331463,basal cell,CL:0000646,2503,5194.0,25.54871005005776,32.576049287639584,41.605698883326916,56.372737774355016,573.0,11.03196,513.0,9.8767805,0.0,0.0,2503,PRJNA1066790,60,31,COVID-19 / SARS-CoV-2,ontology,COVID-19,MONDO:0100096,True,False,,True,,MONDO:0100096,43,377276.0
SRX23331463_43,5148,14528.0,5370,15180.0,5541,15179.995,SRX23331463,respiratory tract goblet cell,CL:0002370,5148,14528.0,22.68034140969163,27.422907488986787,33.831222466960355,46.38628854625551,1887.0,12.988712,294.0,2.0236785,0.0,0.0,5148,PRJNA1066790,9,43,COVID-19 / SARS-CoV-2,ontology,COVID-19,MONDO:0100096,True,False,,True,,MONDO:0100096,12,208154.0
SRX23331463_44,4859,14692.0,5085,15316.001,5292,15315.992,SRX23331463,respiratory tract goblet cell,CL:0002370,4859,14692.0,25.68744895181051,30.75142934930574,37.51701606316363,49.938742172610944,2021.0,13.755785,201.0,1.3680915,0.0,0.0,4859,PRJNA1066790,9,44,COVID-19 / SARS-CoV-2,ontology,COVID-19,MONDO:0100096,True,False,,True,,MONDO:0100096,25,272750.0
SRX23331463_45,2696,6484.0,2851,6775.0,2939,6775.003,SRX23331463,respiratory tract goblet cell,CL:0002370,2696,6484.0,33.189389265885254,38.37137569401604,45.40407156076496,59.02220851326342,1261.0,19.447872,183.0,2.822332,0.0,0.0,2696,PRJNA1066790,60,45,COVID-19 / SARS-CoV-2,ontology,COVID-19,MONDO:0100096,True,False,,True,,MONDO:0100096,26,191569.0
SRX23331464_20,4990,15817.0,5250,16874.996,5449,16874.992,SRX23331464,basal cell,CL:0000646,4990,15817.0,28.342922172346206,33.14155655307581,39.874818233546186,52.10849086425997,2332.0,14.74363,619.0,3.913511,1.0,0.0063223117,4990,PRJNA1066790,60,20,COVID-19 / SARS-CoV-2,study_consensus,,,,False,,True,,,10,115289.0
SRX23331464_31,4665,13098.0,4916,13735.0,5063,13735.001,SRX23331464,basal cell,CL:0000646,4665,13098.0,24.17162925637502,29.409070087036188,36.677355321423114,49.79386165826844,1310.0,10.001527,776.0,5.9245687,0.0,0.0,4665,PRJNA1066790,60,31,COVID-19 / SARS-CoV-2,study_consensus,,,,False,,True,,,14,136376.0
SRX23331464_44,6277,22346.0,6557,23360.014,6853,23360.01,SRX23331464,respiratory tract goblet cell,CL:0002370,6277,22346.0,21.0104716727826,26.02702944598586,32.882842566902355,45.75315492705629,2128.0,9.522958,707.0,3.163877,0.0,0.0,6277,PRJNA1066790,9,44,COVID-19 / SARS-CoV-2,study_consensus,,,,False,,True,,,37,478167.0
SRX23331464_45,3170,7817.0,3355,8249.0,3456,8249.003,SRX23331464,respiratory tract goblet cell,CL:0002370,3170,7817.0,26.826148138672124,32.01995650505309,39.38851221696303,53.95931943200717,643.0,8.225662,149.0,1.9061022,1.0,0.012792631,3170,PRJNA1066790,60,45,COVID-19 / SARS-CoV-2,study_consensus,,,,False,,True,,,29,210351.0
SRX23331465_31,2865,6123.0,3022,6416.0015,3092,6415.9995,SRX23331465,basal cell,CL:0000646,2865,6123.0,23.10958680385432,28.744079699493714,37.1223256573575,52.800914584354075,562.0,9.178507,227.0,3.7073328,1.0,0.016331863,2865,PRJNA1066790,60,31,COVID-19 / SARS-CoV-2,study_consensus,,,,False,,True,,,19,181934.0
SRX23331465_44,5104,15225.0,5345,15996.999,5530,15996.996,SRX23331465,lung multiciliated epithelial cell,CL:1000271,5104,15225.0,19.165845648604268,25.070607553366177,33.28735632183908,47.6256157635468,1295.0,8.505748,722.0,4.7422004,0.0,0.0,5104,PRJNA1066790,9,44,COVID-19 / SARS-CoV-2,study_consensus,,,,False,,True,,,38,654989.0
SRX23331465_45,2389,5531.0,2525,5844.999,2591,5844.999,SRX23331465,respiratory tract goblet cell,CL:0002370,2389,5531.0,33.10432109925872,38.61869463026578,46.26649792080998,60.477309708913396,999.0,18.061832,70.0,1.2655939,0.0,0.0,2389,PRJNA1066790,60,45,COVID-19 / SARS-CoV-2,study_consensus,,,,False,,True,,,23,170463.0
SRX23331466_31,2737,5826.0,2920,6096.9995,3004,6097.0,SRX23331466,basal cell,CL:0000646,2737,5826.0,24.442155853072435,31.136285616203224,39.7185032612427,55.080672845863376,516.0,8.856849,354.0,6.07621,0.0,0.0,2737,PRJNA1066790,60,31,COVID-19 / SARS-CoV-2,study_consensus,,,,False,,True,,,30,249041.0
SRX23331466_43,1744,3075.0,1857,3243.0,1893,3243.0,SRX23331466,basal cell,CL:0000646,1744,3075.0,23.219512195121954,30.341463414634145,40.32520325203252,59.54471544715447,67.0,2.1788619,96.0,3.121951,0.0,0.0,1744,PRJNA1066790,8,43,COVID-19 / SARS-CoV-2,study_consensus,,,,False,,True,,,18,183201.0
SRX23331466_44,4362,12830.0,4576,13529.001,4771,13529.004,SRX23331466,lung multiciliated epithelial cell,CL:1000271,4362,12830.0,25.183164458300855,30.919719407638347,38.44115354637568,52.10444271239283,1821.0,14.193296,80.0,0.62353855,0.0,0.0,4362,PRJNA1066790,9,44,COVID-19 / SARS-CoV-2,study_consensus,,,,False,,True,,,38,402392.0
SRX23331466_45,2868,7031.0,3035,7306.0005,3122,7306.0,SRX23331466,respiratory tract goblet cell,CL:0002370,2868,7031.0,33.338074242639735,38.572038116910825,45.71184753235671,59.20921632769165,1171.0,16.654816,142.0,2.0196273,0.0,0.0,2868,PRJNA1066790,60,45,COVID-19 / SARS-CoV-2,study_consensus,,,,False,,True,,,22,140349.0
SRX23331469_39,6657,31092.0,6957,33023.004,7311,33023.008,SRX23331469,basal cell,CL:0000646,6657,31092.0,29.57352373600926,34.19529139328444,40.61173292165187,52.142030104206874,5880.0,18.911617,1190.0,3.8273509,0.0,0.0,6657,PRJNA1066790,23,39,COVID-19 / SARS-CoV-2,study_consensus,,,,False,,True,,,42,1290801.0
SRX23331470_20,4753,20657.0,5094,21830.996,5444,21830.996,SRX23331470,respiratory tract goblet cell,CL:0002370,4753,20657.0,31.22912329960788,38.89238514789176,47.412499394878246,61.07372803408045,2657.0,12.862468,101.0,0.4889384,0.0,0.0,4753,PRJNA1066790,23,20,COVID-19 / SARS-CoV-2,study_consensus,,,,False,,True,,,19,315748.0
SRX23331470_39,2977,7614.0,3207,8307.0,3379,8307.004,SRX23331470,respiratory tract goblet cell,CL:0002370,2977,7614.0,29.8923036511689,35.50039401103231,43.433149461518255,57.880220646178095,785.0,10.309956,38.0,0.49908063,0.0,0.0,2977,PRJNA1066790,23,39,COVID-19 / SARS-CoV-2,study_consensus,,,,False,,True,,,71,1324174.0
SRX23331470_43,6866,32123.0,7166,34533.01,7482,34533.01,SRX23331470,lung multiciliated epithelial cell,CL:1000271,6866,32123.0,26.5105998817047,32.56856457989603,39.6600566572238,51.704386265292776,3240.0,10.086231,736.0,2.2911932,0.0,0.0,6866,PRJNA1066790,23,43,COVID-19 / SARS-CoV-2,study_consensus,,,,False,,True,,,15,506963.0
SRX23331471_20,5518,25502.0,5820,26929.004,6176,26929.023,SRX23331471,respiratory tract goblet cell,CL:0002370,5518,25502.0,30.154497686455965,35.832483726766526,43.45933652262568,56.70143518155438,3108.0,12.18728,162.0,0.63524425,0.0,0.0,5518,PRJNA1066790,23,20,COVID-19 / SARS-CoV-2,ontology,COVID-19,MONDO:0100096,True,False,,True,,MONDO:0100096,11,304400.0
SRX23331471_39,7203,36040.0,7519,37889.984,7944,37889.99,SRX23331471,basal cell,CL:0000646,7203,36040.0,22.683129855715872,28.504439511653718,35.77968923418424,48.873473917869035,2028.0,5.6270814,216.0,0.59933406,0.0,0.0,7203,PRJNA1066790,23,39,COVID-19 / SARS-CoV-2,ontology,COVID-19,MONDO:0100096,True,False,,True,,MONDO:0100096,18,289052.0
SRX23331471_43,6625,25652.0,6945,27417.012,7305,27417.04,SRX23331471,respiratory tract goblet cell,CL:0002370,6625,25652.0,19.561827537813816,25.191018244191486,32.28598159987525,45.2089505691564,1275.0,4.9703727,441.0,1.7191643,0.0,0.0,6625,PRJNA1066790,23,43,COVID-19 / SARS-CoV-2,ontology,COVID-19,MONDO:0100096,True,False,,True,,MONDO:0100096,12,528119.0
SRX23331471_44,9589,57804.0,9957,60513.0,10551,60512.895,SRX23331471,respiratory tract goblet cell,CL:0002370,9589,57804.0,16.030032523700783,20.993356861116876,27.702235139436716,40.215210020067815,3294.0,5.6985674,1357.0,2.3475883,0.0,0.0,9589,PRJNA1066790,23,44,COVID-19 / SARS-CoV-2,ontology,COVID-19,MONDO:0100096,True,False,,True,,MONDO:0100096,19,560966.0
SRX23331472_44,6275,25593.0,6566,26671.992,6863,26672.004,SRX23331472,lung multiciliated epithelial cell,CL:1000271,6275,25593.0,22.048997772828507,27.890438791857147,35.48626577579807,48.88836791310124,2197.0,8.584378,284.0,1.1096784,0.0,0.0,6275,PRJNA1066790,23,44,COVID-19 / SARS-CoV-2,ontology,COVID-19,MONDO:0100096,True,False,,True,,MONDO:0100096,13,200631.0
SRX23331472_45,2761,7976.0,2890,8178.0015,2964,8178.002,SRX23331472,respiratory tract goblet cell,CL:0002370,2761,7976.0,36.55967903711134,42.37713139418255,49.97492477432297,63.45285857572718,1192.0,14.944835,129.0,1.6173521,0.0,0.0,2761,PRJNA1066790,23,45,COVID-19 / SARS-CoV-2,ontology,COVID-19,MONDO:0100096,True,False,,True,,MONDO:0100096,15,244654.0
SRX23331473_31,8083,47618.0,8344,49683.99,8693,49683.965,SRX23331473,basal cell,CL:0000646,8083,47618.0,28.16371960183124,33.911546054013186,40.946700827418205,52.24704943508757,3347.0,7.028855,2838.0,5.959931,0.0,0.0,8083,PRJNA1066790,23,31,COVID-19 / SARS-CoV-2,study_consensus,,,,False,,True,,,11,248302.0
SRX23395179_43,711,1073.0,774,1669.9995,785,1670.0006,SRX23395179,lung multiciliated epithelial cell,CL:1000271,711,1073.0,27.77260018639329,38.769804287045666,52.37651444547996,80.33550792171482,95.0,8.853682,167.0,15.56384,0.0,0.0,711,PRJNA1069102,24,43,COVID-19 / SARS-CoV-2,ontology,COVID-19,MONDO:0100096,True,False,,True,,MONDO:0100096,41,30990.0
SRX23395179_44,4507,10825.0,4768,11692.999,4906,11692.997,SRX23395179,lung multiciliated epithelial cell,CL:1000271,4507,10825.0,15.953810623556583,21.99538106235566,30.42956120092379,45.200923787528865,365.0,3.3718243,684.0,6.318707,0.0,0.0,4507,PRJNA1069102,8,44,COVID-19 / SARS-CoV-2,ontology,COVID-19,MONDO:0100096,True,False,,True,,MONDO:0100096,26,381337.0
SRX23395181_43,1098,1721.0,1208,1972.0,1232,1971.9998,SRX23395181,respiratory tract goblet cell,CL:0002370,1098,1721.0,28.23939570017432,35.735037768739105,47.356188262638,65.2527600232423,176.0,10.226612,78.0,4.5322485,0.0,0.0,1098,PRJNA1069102,24,43,COVID-19 / SARS-CoV-2,study_consensus,acute coronary syndrome,MONDO:0005542,False,False,,True,,MONDO:0005542,10,8425.0
SRX23395181_44,3117,5877.0,3334,8014.9985,3423,8015.0024,SRX23395181,respiratory tract goblet cell,CL:0002370,3117,5877.0,20.980091883614087,26.629232601667518,33.91185979241109,47.71141738982474,202.0,3.4371278,302.0,5.138676,0.0,0.0,3117,PRJNA1069102,24,44,COVID-19 / SARS-CoV-2,study_consensus,acute coronary syndrome,MONDO:0005542,False,False,,True,,MONDO:0005542,14,99964.0
SRX23395183_43,1427,2870.0,1513,3048.0005,1544,3047.9995,SRX23395183,respiratory tract goblet cell,CL:0002370,1427,2870.0,31.21951219512195,39.51219512195122,50.24390243902439,67.70034843205575,275.0,9.5818815,346.0,12.05575,1.0,0.034843206,1427,PRJNA1069102,24,43,COVID-19 / SARS-CoV-2,study_consensus,,,False,False,,True,,,12,55977.0
SRX23395185_20,3578,8367.0,3808,9074.0,3941,9074.002,SRX23395185,basal cell,CL:0000646,3578,8367.0,17.867814031313493,23.81976813672762,32.00669296043983,47.615632843313016,410.0,4.900203,162.0,1.936178,0.0,0.0,3578,PRJNA1069102,62,20,COVID-19 / SARS-CoV-2,disease_text,,,False,False,,True,,,11,87469.0
SRX23395185_43,417,548.0,460,846.9997,466,846.99994,SRX23395185,B cell,CL:0000236,417,548.0,30.656934306569344,42.153284671532845,60.4014598540146,100.0,33.0,6.021898,84.0,15.328466,0.0,0.0,417,PRJNA1069102,24,43,COVID-19 / SARS-CoV-2,disease_text,,,False,False,,True,,,57,43694.0
SRX23395185_44,609,844.0,644,1168.0004,655,1168.0009,SRX23395185,lung multiciliated epithelial cell,CL:1000271,609,844.0,26.540284360189574,38.388625592417064,51.54028436018957,87.08530805687204,52.0,6.161137,85.0,10.07109,0.0,0.0,609,PRJNA1069102,24,44,COVID-19 / SARS-CoV-2,disease_text,,,False,False,,True,,,27,447065.0
SRX23395186_43,402,550.0,453,804.00055,463,804.00006,SRX23395186,plasma cell,CL:0000786,402,550.0,30.181818181818183,45.09090909090909,63.272727272727266,100.0,18.0,3.272727,91.0,16.545456,0.0,0.0,402,PRJNA1069102,24,43,COVID-19 / SARS-CoV-2,ontology,COVID-19,MONDO:0100096,True,False,,True,,MONDO:0100096,24,15823.0
SRX23395186_44,5643,17935.0,5941,19123.0,6148,19123.0,SRX23395186,respiratory tract goblet cell,CL:0002370,5643,17935.0,24.349038193476442,31.129077223306385,38.951770281572344,50.961806523557286,1009.0,5.625871,1757.0,9.796488,0.0,0.0,5643,PRJNA1069102,24,44,COVID-19 / SARS-CoV-2,ontology,COVID-19,MONDO:0100096,True,False,,True,,MONDO:0100096,12,372043.0
SRX23395187_43,454,724.0,490,997.9998,500,997.9994,SRX23395187,plasma cell,CL:0000786,454,724.0,34.944751381215475,49.72375690607735,64.9171270718232,100.0,40.0,5.524862,172.0,23.756907,0.0,0.0,454,PRJNA1069102,24,43,COVID-19 / SARS-CoV-2,study_consensus,,,False,False,,True,,,56,44774.0
SRX23395187_44,5977,21541.0,6231,22623.992,6456,22624.002,SRX23395187,lung multiciliated epithelial cell,CL:1000271,5977,21541.0,20.17547931850889,25.741609024650664,33.09502808597558,47.09159277656562,958.0,4.4473333,742.0,3.4445941,0.0,0.0,5977,PRJNA1069102,8,44,COVID-19 / SARS-CoV-2,study_consensus,,,False,False,,True,,,15,501721.0
SRX23395188_43,654,1046.0,703,1558.0002,719,1557.9995,SRX23395188,respiratory tract goblet cell,CL:0002370,654,1046.0,30.401529636711285,41.87380497131931,56.59655831739961,85.27724665391969,53.0,5.0669217,218.0,20.841301,0.0,0.0,654,PRJNA1069102,24,43,COVID-19 / SARS-CoV-2,ontology,COVID-19,MONDO:0100096,True,False,,True,,MONDO:0100096,57,44912.0
SRX23395188_44,693,1045.0,744,1400.0,766,1400.0007,SRX23395188,lung multiciliated epithelial cell,CL:1000271,693,1045.0,26.02870813397129,36.9377990430622,52.822966507177036,81.5311004784689,37.0,3.5406697,180.0,17.22488,0.0,0.0,693,PRJNA1069102,24,44,COVID-19 / SARS-CoV-2,ontology,COVID-19,MONDO:0100096,True,False,,True,,MONDO:0100096,18,254115.0
SRX23395189_43,859,1303.0,923,1636.9998,940,1636.9999,SRX23395189,lung multiciliated epithelial cell,CL:1000271,859,1303.0,24.09823484267076,34.151957022256326,49.424405218726015,72.44819646968534,67.0,5.14198,136.0,10.437452,0.0,0.0,859,PRJNA1069102,24,43,COVID-19 / SARS-CoV-2,study_consensus,,,False,False,,True,,,18,15040.0
SRX23395189_44,5972,19427.0,6249,21173.002,6487,21173.0,SRX23395189,respiratory tract goblet cell,CL:0002370,5972,19427.0,20.672260256344263,26.555824368147423,33.94759870283626,46.58979770422608,384.0,1.9766304,1438.0,7.402069,1.0,0.0051474753,5972,PRJNA1069102,24,44,COVID-19 / SARS-CoV-2,study_consensus,,,False,False,,True,,,13,96529.0
SRX23395190_43,501,717.0,551,1188.9998,565,1189.0,SRX23395190,lung multiciliated epithelial cell,CL:1000271,501,717.0,31.520223152022314,44.07252440725244,58.019525801952575,99.86052998605301,43.0,5.9972105,108.0,15.062761,0.0,0.0,501,PRJNA1069102,24,43,COVID-19 / SARS-CoV-2,ontology,COVID-19,MONDO:0100096,True,False,,True,,MONDO:0100096,40,62329.0
SRX23395190_44,6834,31290.0,7164,33250.0,7443,33250.008,SRX23395190,lung multiciliated epithelial cell,CL:1000271,6834,31290.0,19.578139980824545,27.031000319590927,36.30233301374241,50.46340683924576,713.0,2.2786834,3365.0,10.754234,2.0,0.006391818,6834,PRJNA1069102,24,44,COVID-19 / SARS-CoV-2,ontology,COVID-19,MONDO:0100096,True,False,,True,,MONDO:0100096,17,502761.0
SRX23395190_45,4802,15756.0,5089,17208.006,5259,17208.004,SRX23395190,respiratory tract goblet cell,CL:0002370,4802,15756.0,30.356689515105355,37.89032749428789,45.46204620462046,56.96242701193196,254.0,1.6120844,2099.0,13.321909,0.0,0.0,4802,PRJNA1069102,62,45,COVID-19 / SARS-CoV-2,ontology,COVID-19,MONDO:0100096,True,False,,True,,MONDO:0100096,10,308865.0
SRX23395191_43,462,580.0,490,611.00006,493,610.99994,SRX23395191,lung multiciliated epithelial cell,CL:1000271,462,580.0,23.448275862068964,37.58620689655172,54.82758620689655,100.0,21.0,3.6206896,54.0,9.310345,1.0,0.1724138,462,PRJNA1069102,24,43,COVID-19 / SARS-CoV-2,ontology,COVID-19,MONDO:0100096,False,False,,True,,MONDO:0100096,11,14391.0
SRX23395192_43,404,505.0,421,527.0,424,527.0,SRX23395192,lung multiciliated epithelial cell,CL:1000271,404,505.0,26.534653465346537,39.801980198019805,59.603960396039604,100.0,9.0,1.7821782,50.0,9.9009905,0.0,0.0,404,PRJNA1069102,24,43,COVID-19 / SARS-CoV-2,ontology,COVID-19,MONDO:0100096,True,False,,True,,MONDO:0100096,16,46792.0
SRX23395192_44,7978,41975.0,8298,43531.0,8571,43530.992,SRX23395192,lung multiciliated epithelial cell,CL:1000271,7978,41975.0,16.72900536033353,23.03513996426444,31.52590827873734,45.94163192376415,884.0,2.1060157,2216.0,5.2793326,21.0,0.05002978,7978,PRJNA1069102,8,44,COVID-19 / SARS-CoV-2,ontology,COVID-19,MONDO:0100096,True,False,,True,,MONDO:0100096,10,197400.0
SRX23457975_20,4151,12704.0,4363,13927.999,4510,13928.0,SRX23457975,respiratory tract goblet cell,CL:0002370,4151,12704.0,31.82462216624685,36.0595088161209,42.09697732997481,53.97512594458438,58.0,0.45654914,367.0,2.8888538,0.0,0.0,4151,PRJNA1071273,63,20,COVID-19 / SARS-CoV-2,study_consensus,,,False,True,healthy,True,,,11,98233.0
SRX23724073_1,1210,1931.0,1301,2046.0002,1330,2045.9999,SRX23724073,"CD4-positive, alpha-beta T cell",CL:0000624,1210,1931.0,22.941481097876746,31.27912998446401,42.51683065769031,63.23148627654065,68.0,3.5214915,285.0,14.7591915,0.0,0.0,1210,PRJNA847631,4,1,COVID-19 / SARS-CoV-2,ontology,COVID-19,MONDO:0100096,True,False,,True,,MONDO:0100096,21,46351.0
SRX23724073_10,2449,6614.0,2583,6976.9985,2641,6977.0005,SRX23724073,macrophage,CL:0000235,2449,6614.0,30.934381614756578,40.20260054429997,50.151194436044754,65.22527970970668,324.0,4.8986998,832.0,12.579377,0.0,0.0,2449,PRJNA847631,49,10,COVID-19 / SARS-CoV-2,ontology,COVID-19,MONDO:0100096,True,False,,True,,MONDO:0100096,40,425390.0
SRX23724073_24,3732,10062.0,3901,10413.001,4004,10413.002,SRX23724073,macrophage,CL:0000235,3732,10062.0,24.259590538660305,30.799045915324985,39.02802623732856,53.329357980520776,502.0,4.989068,734.0,7.2947726,0.0,0.0,3732,PRJNA847631,39,24,COVID-19 / SARS-CoV-2,ontology,COVID-19,MONDO:0100096,True,False,,True,,MONDO:0100096,15,86638.0
SRX23724073_34,955,1496.0,1019,1554.0001,1028,1554.0001,SRX23724073,intermediate monocyte,CL:0002393,955,1496.0,24.79946524064171,34.29144385026738,47.660427807486634,69.5855614973262,51.0,3.409091,77.0,5.147059,0.0,0.0,955,PRJNA847631,43,34,COVID-19 / SARS-CoV-2,ontology,COVID-19,MONDO:0100096,True,False,,True,,MONDO:0100096,57,256130.0
SRX23724073_36,1470,2427.0,1582,2516.0005,1604,2516.0005,SRX23724073,capillary endothelial cell,CL:0002144,1470,2427.0,23.279769262463947,30.655129789864027,41.03831891223733,60.03296250515039,52.0,2.1425629,105.0,4.3263288,0.0,0.0,1470,PRJNA847631,16,36,COVID-19 / SARS-CoV-2,ontology,COVID-19,MONDO:0100096,True,False,,True,,MONDO:0100096,33,73791.0
SRX23724073_4,1299,2115.0,1367,2187.0,1385,2187.0002,SRX23724073,B cell,CL:0000236,1299,2115.0,22.411347517730494,30.969267139479907,42.45862884160756,62.22222222222222,119.0,5.6264777,220.0,10.401891,0.0,0.0,1299,PRJNA847631,6,4,COVID-19 / SARS-CoV-2,ontology,COVID-19,MONDO:0100096,True,False,,True,,MONDO:0100096,15,32082.0
SRX23724073_7,3718,9703.0,3897,10065.002,4001,10065.003,SRX23724073,intermediate monocyte,CL:0002393,3718,9703.0,20.07626507265794,28.145934247140058,37.689374420282384,52.8187158610739,306.0,3.1536639,1206.0,12.429146,0.0,0.0,3718,PRJNA847631,16,7,COVID-19 / SARS-CoV-2,ontology,COVID-19,MONDO:0100096,True,False,,True,,MONDO:0100096,21,133610.0
SRX23724074_1,731,1062.0,788,1108.0,797,1107.9998,SRX23724074,"CD4-positive, alpha-beta T cell",CL:0000624,731,1062.0,25.800376647834273,35.49905838041431,50.0,78.24858757062147,74.0,6.9679847,15.0,1.4124293,0.0,0.0,731,PRJNA847631,4,1,COVID-19 / SARS-CoV-2,study_consensus,,,False,True,healthy,True,,,25,52689.0
SRX23724074_10,4457,14321.0,4697,15034.997,4830,15034.997,SRX23724074,macrophage,CL:0000235,4457,14321.0,23.210669645974445,31.47824872564765,40.80022344808324,54.66098736121779,634.0,4.4270654,1459.0,10.187836,0.0,0.0,4457,PRJNA847631,49,10,COVID-19 / SARS-CoV-2,study_consensus,,,False,True,healthy,True,,,47,612231.0
SRX23724074_24,3366,9635.0,3534,10030.999,3641,10031.001,SRX23724074,classical monocyte,CL:0000860,3366,9635.0,24.85729112610275,35.10119356512714,45.01297353399066,59.00363258951739,312.0,3.238194,1409.0,14.623767,0.0,0.0,3366,PRJNA847631,39,24,COVID-19 / SARS-CoV-2,study_consensus,,,False,True,healthy,True,,,20,143764.0
SRX23724074_34,1539,3175.0,1630,3315.9998,1659,3316.0,SRX23724074,classical monocyte,CL:0000860,1539,3175.0,26.897637795275593,36.69291338582677,48.44094488188976,67.2755905511811,61.0,1.9212598,411.0,12.944881,0.0,0.0,1539,PRJNA847631,43,34,COVID-19 / SARS-CoV-2,study_consensus,,,False,True,healthy,True,,,73,296026.0
SRX23724074_36,604,895.0,650,971.0,657,971.0,SRX23724074,capillary endothelial cell,CL:0002144,604,895.0,27.48603351955307,39.77653631284917,54.86033519553073,88.37988826815642,48.0,5.363128,112.0,12.513967,0.0,0.0,604,PRJNA847631,16,36,COVID-19 / SARS-CoV-2,study_consensus,,,False,True,healthy,True,,,24,52008.0
SRX23724074_4,1272,2132.0,1343,2222.0,1370,2222.0,SRX23724074,"CD8-positive, alpha-beta T cell",CL:0000625,1272,2132.0,25.046904315197,33.630393996247655,44.746716697936215,63.789868667917446,121.0,5.675422,215.0,10.084428,0.0,0.0,1272,PRJNA847631,6,4,COVID-19 / SARS-CoV-2,study_consensus,,,False,True,healthy,True,,,18,36350.0
SRX23724074_7,6094,27794.0,6340,28852.004,6585,28852.0,SRX23724074,macrophage,CL:0000235,6094,27794.0,21.565805569547383,28.995466647477876,37.911059940994456,51.87450528891128,842.0,3.0294309,2421.0,8.710513,0.0,0.0,6094,PRJNA847631,16,7,COVID-19 / SARS-CoV-2,study_consensus,,,False,True,healthy,True,,,20,244155.0
SRX23724081_10,2872,7945.0,3108,8945.999,3243,8946.002,SRX23724081,macrophage,CL:0000235,2872,7945.0,32.33480176211454,39.72309628697294,48.78539962240403,62.63058527375708,196.0,2.4669604,550.0,6.922593,0.0,0.0,2872,PRJNA847631,35,10,COVID-19 / SARS-CoV-2,ontology,COVID-19,MONDO:0100096,True,False,,True,,MONDO:0100096,18,239897.0
SRX23724082_14,1739,3043.0,1892,3263.9993,1937,3263.999,SRX23724082,macrophage,CL:0000235,1739,3043.0,25.79691094314821,33.81531383503122,42.72099901413079,59.28360170883996,102.0,3.3519554,342.0,11.238909,0.0,0.0,1739,PRJNA847631,35,14,COVID-19 / SARS-CoV-2,ontology,COVID-19,MONDO:0100096,True,False,,True,,MONDO:0100096,21,76874.0
SRX23724082_26,1387,2444.0,1504,2577.0002,1521,2577.0,SRX23724082,macrophage,CL:0000235,1387,2444.0,33.5924713584288,39.8936170212766,48.15875613747954,63.707037643207855,322.0,13.175122,109.0,4.459902,0.0,0.0,1387,PRJNA847631,35,26,COVID-19 / SARS-CoV-2,ontology,COVID-19,MONDO:0100096,True,False,,True,,MONDO:0100096,16,67661.0
SRX23724082_8,4527,11316.0,4784,11973.004,4908,11973.004,SRX23724082,macrophage,CL:0000235,4527,11316.0,22.81724991162955,29.436196535878402,37.59278897136797,50.123718628490636,677.0,5.9826794,1088.0,9.614704,0.0,0.0,4527,PRJNA847631,35,8,COVID-19 / SARS-CoV-2,ontology,COVID-19,MONDO:0100096,True,False,,True,,MONDO:0100096,43,309161.0
SRX23724082_9,1436,2145.0,1588,2361.0002,1629,2361.0,SRX23724082,macrophage,CL:0000235,1436,2145.0,22.05128205128205,28.997668997668995,38.32167832167832,56.36363636363636,132.0,6.1538463,166.0,7.738928,0.0,0.0,1436,PRJNA847631,35,9,COVID-19 / SARS-CoV-2,ontology,COVID-19,MONDO:0100096,True,False,,True,,MONDO:0100096,79,385227.0
SRX23724083_17,5158,13950.0,5407,14723.0,5572,14722.996,SRX23724083,basal cell,CL:0000646,5158,13950.0,23.14695340501792,28.580645161290324,35.06093189964158,46.86021505376344,703.0,5.039427,1090.0,7.8136196,0.0,0.0,5158,PRJNA847631,35,17,COVID-19 / SARS-CoV-2,ontology,COVID-19,MONDO:0100096,True,False,,True,,MONDO:0100096,16,92026.0
SRX23724083_26,2434,4385.0,2606,4649.0,2654,4649.0005,SRX23724083,macrophage,CL:0000235,2434,4385.0,21.345496009122005,27.297605473204108,35.84948688711517,51.63055872291904,192.0,4.378563,140.0,3.1927023,0.0,0.0,2434,PRJNA847631,35,26,COVID-19 / SARS-CoV-2,ontology,COVID-19,MONDO:0100096,True,False,,True,,MONDO:0100096,11,61123.0
SRX23724083_8,3033,5842.0,3195,6302.0005,3290,6302.0024,SRX23724083,macrophage,CL:0000235,3033,5842.0,23.159876754536118,28.27798699075659,35.55289284491612,49.263950701814444,487.0,8.336186,292.0,4.998288,0.0,0.0,3033,PRJNA847631,35,8,COVID-19 / SARS-CoV-2,ontology,COVID-19,MONDO:0100096,True,False,,True,,MONDO:0100096,49,341662.0
SRX23724083_9,2517,4349.0,2688,4714.0,2745,4713.9995,SRX23724083,macrophage,CL:0000235,2517,4349.0,19.337778799724077,26.166934927569557,34.21476201425615,49.68958381237066,215.0,4.943665,363.0,8.346746,0.0,0.0,2517,PRJNA847631,35,9,COVID-19 / SARS-CoV-2,ontology,COVID-19,MONDO:0100096,True,False,,True,,MONDO:0100096,87,395209.0
SRX23724084_26,6162,29963.0,6416,32045.002,6722,32045.008,SRX23724084,macrophage,CL:0000235,6162,29963.0,21.81690751927377,27.036678570236628,33.78833895137336,47.031338651002905,319.0,1.0646465,592.0,1.9757701,0.0,0.0,6162,PRJNA847631,35,26,COVID-19 / SARS-CoV-2,disease_text,,,,False,,True,,,13,292254.0
SRX23724085_26,4687,14614.0,4917,15293.998,5083,15294.001,SRX23724085,macrophage,CL:0000235,4687,14614.0,26.67305323662242,31.84617490078007,38.49048857260161,50.889557958122346,1266.0,8.662926,201.0,1.3753935,0.0,0.0,4687,PRJNA847631,35,26,COVID-19 / SARS-CoV-2,ontology,COVID-19,MONDO:0100096,True,False,,True,,MONDO:0100096,10,227583.0
SRX23724088_26,434,556.0,468,648.0,477,648.0,SRX23724088,plasma cell,CL:0000786,434,556.0,30.935251798561154,39.92805755395683,57.9136690647482,100.0,52.0,9.352518,35.0,6.2949643,0.0,0.0,434,PRJNA847631,35,26,COVID-19 / SARS-CoV-2,ontology,COVID-19,MONDO:0100096,True,False,,True,,MONDO:0100096,10,140358.0
SRX23724088_9,1640,3176.0,1814,3521.9998,1862,3521.9995,SRX23724088,capillary endothelial cell,CL:0002144,1640,3176.0,32.43073047858942,39.704030226700255,48.52015113350126,64.1057934508816,77.0,2.4244332,224.0,7.052897,0.0,0.0,1640,PRJNA847631,35,9,COVID-19 / SARS-CoV-2,ontology,COVID-19,MONDO:0100096,True,False,,True,,MONDO:0100096,10,58018.0
SRX23724090_26,3255,8115.0,3404,9437.001,3526,9437.004,SRX23724090,macrophage,CL:0000235,3255,8115.0,25.779420825631544,31.20147874306839,38.79235982747998,53.09919901417128,4.0,0.049291436,463.0,5.7054834,0.0,0.0,3255,PRJNA847631,35,26,COVID-19 / SARS-CoV-2,ontology,COVID-19,MONDO:0100096,True,False,,True,,MONDO:0100096,10,156527.0
SRX23724091_66,4092,9906.0,4350,10379.001,4452,10379.004,SRX23724091,macrophage,CL:0000235,4092,9906.0,22.64284272158288,29.870785382596406,38.22935594589138,51.342620633959214,505.0,5.0979204,1035.0,10.448213,1.0,0.010094892,4092,PRJNA847631,105,66,COVID-19 / SARS-CoV-2,ontology,COVID-19,MONDO:0100096,True,False,,True,,MONDO:0100096,359,2445059.0
SRX23724094_1,1397,1987.0,1591,2184.0005,1630,2184.0005,SRX23724094,"CD4-positive, alpha-beta T cell",CL:0000624,1397,1987.0,19.879214896829392,26.623049823855062,36.68847508807247,54.8565676899849,134.0,6.743835,32.0,1.6104679,0.0,0.0,1397,PRJNA847631,4,1,COVID-19 / SARS-CoV-2,ontology,COVID-19,MONDO:0100096,True,False,,True,,MONDO:0100096,10,41538.0
SRX23724094_10,6746,31157.0,7077,32920.996,7528,32921.02,SRX23724094,macrophage,CL:0000235,6746,31157.0,21.94370446448631,27.75941201014218,34.97448406457618,47.966749045158394,2120.0,6.8042493,1137.0,3.64926,0.0,0.0,6746,PRJNA847631,49,10,COVID-19 / SARS-CoV-2,ontology,COVID-19,MONDO:0100096,True,False,,True,,MONDO:0100096,21,592687.0
SRX23724094_52,593,1027.0,720,1189.0,765,1189.0,SRX23724094,plasma cell,CL:0000786,593,1027.0,40.50632911392405,51.02239532619279,61.733203505355405,90.94449853943524,156.0,15.189873,18.0,1.7526778,0.0,0.0,593,PRJNA847631,14,52,COVID-19 / SARS-CoV-2,ontology,COVID-19,MONDO:0100096,True,False,,True,,MONDO:0100096,13,12287.0
SRX23724096_21,505,660.0,610,1581.0001,642,1581.0002,SRX23724096,plasma cell,CL:0000786,505,660.0,28.333333333333332,38.63636363636363,53.78787878787878,99.24242424242425,26.0,3.939394,37.0,5.6060605,0.0,0.0,505,PRJNA847631,14,21,COVID-19 / SARS-CoV-2,ontology,COVID-19,MONDO:0100096,True,False,,True,,MONDO:0100096,17,142455.0
SRX23724096_38,1244,2082.0,1399,2591.0,1450,2590.9995,SRX23724096,pulmonary alveolar type 1 cell,CL:0002062,1244,2082.0,24.30355427473583,32.564841498559076,43.900096061479346,64.26512968299711,15.0,0.7204611,121.0,5.8117194,0.0,0.0,1244,PRJNA847631,14,38,COVID-19 / SARS-CoV-2,ontology,COVID-19,MONDO:0100096,True,False,,True,,MONDO:0100096,17,65720.0
SRX23724096_52,577,670.0,768,944.9995,807,944.9997,SRX23724096,plasma cell,CL:0000786,577,670.0,20.746268656716417,28.805970149253728,43.73134328358209,88.50746268656717,16.0,2.3880596,21.0,3.1343286,0.0,0.0,577,PRJNA847631,14,52,COVID-19 / SARS-CoV-2,ontology,COVID-19,MONDO:0100096,True,False,,True,,MONDO:0100096,33,34236.0
SRX23724097_26,1140,1668.0,1222,1809.9996,1241,1809.9996,SRX23724097,capillary endothelial cell,CL:0002144,1140,1668.0,24.34052757793765,32.014388489208635,43.645083932853716,61.63069544364509,71.0,4.2565947,103.0,6.17506,1.0,0.05995204,1140,PRJNA847631,35,26,COVID-19 / SARS-CoV-2,study_consensus,,,False,True,healthy,True,,,21,116425.0
SRX23724098_10,1207,2325.0,1364,3292.0,1435,3291.9998,SRX23724098,macrophage,CL:0000235,1207,2325.0,40.60215053763441,46.53763440860215,55.13978494623656,69.59139784946237,426.0,18.32258,19.0,0.81720424,0.0,0.0,1207,PRJNA847631,14,10,COVID-19 / SARS-CoV-2,ontology,COVID-19,MONDO:0100096,True,False,,True,,MONDO:0100096,13,347265.0
SRX23724098_21,981,1510.0,1138,2784.9998,1227,2785.0,SRX23724098,plasma cell,CL:0000786,981,1510.0,24.56953642384106,33.443708609271525,46.688741721854306,68.1456953642384,18.0,1.192053,46.0,3.0463576,0.0,0.0,981,PRJNA847631,14,21,COVID-19 / SARS-CoV-2,ontology,COVID-19,MONDO:0100096,True,False,,True,,MONDO:0100096,14,37635.0
SRX23724098_36,4666,13753.0,4877,14906.999,5047,14906.993,SRX23724098,endothelial cell of artery,CL:1000413,4666,13753.0,17.62524540100342,25.03453791899949,33.97804115465717,48.73845706391332,236.0,1.7159892,1461.0,10.6231365,0.0,0.0,4666,PRJNA847631,16,36,COVID-19 / SARS-CoV-2,ontology,COVID-19,MONDO:0100096,True,False,,True,,MONDO:0100096,13,71492.0
SRX23724098_38,1427,2559.0,1563,3209.0002,1653,3208.9993,SRX23724098,pulmonary alveolar type 1 cell,CL:0002062,1427,2559.0,26.807346619773348,34.54474404064087,44.97850722938648,63.77491207502931,4.0,0.15631106,183.0,7.1512313,0.0,0.0,1427,PRJNA847631,14,38,COVID-19 / SARS-CoV-2,ontology,COVID-19,MONDO:0100096,True,False,,True,,MONDO:0100096,14,42725.0
SRX23724098_52,570,629.0,767,1034.9998,845,1034.9993,SRX23724098,B cell,CL:0000236,570,629.0,17.329093799682035,25.27821939586645,41.17647058823529,88.87122416534181,12.0,1.9077901,7.0,1.1128776,0.0,0.0,570,PRJNA847631,14,52,COVID-19 / SARS-CoV-2,ontology,COVID-19,MONDO:0100096,True,False,,True,,MONDO:0100096,10,7228.0
SRX23724100_21,677,855.0,851,1319.9998,898,1319.9996,SRX23724100,plasma cell,CL:0000786,677,855.0,21.637426900584796,32.514619883040936,44.21052631578947,79.2982456140351,14.0,1.637427,40.0,4.678363,0.0,0.0,677,PRJNA847631,14,21,COVID-19 / SARS-CoV-2,ontology,COVID-19,MONDO:0100096,True,False,,True,,MONDO:0100096,16,25206.0
SRX23724100_26,2856,6796.0,3075,7329.001,3156,7329.002,SRX23724100,macrophage,CL:0000235,2856,6796.0,23.881695114773397,30.768098881695117,39.68510888758093,55.45909358446145,26.0,0.382578,111.0,1.6333137,0.0,0.0,2856,PRJNA847631,35,26,COVID-19 / SARS-CoV-2,ontology,COVID-19,MONDO:0100096,True,False,,True,,MONDO:0100096,10,101680.0
SRX23724100_36,2501,4693.0,2721,5107.002,2828,5107.002,SRX23724100,capillary endothelial cell,CL:0002144,2501,4693.0,18.32516513956957,24.31280630726614,33.11314724057106,49.92542083954826,49.0,1.0441083,58.0,1.2358832,0.0,0.0,2501,PRJNA847631,16,36,COVID-19 / SARS-CoV-2,ontology,COVID-19,MONDO:0100096,True,False,,True,,MONDO:0100096,10,80770.0
SRX23724100_38,1274,2272.0,1456,3165.9998,1543,3165.9995,SRX23724100,B cell,CL:0000236,1274,2272.0,32.61443661971831,39.348591549295776,48.28345070422535,65.9330985915493,18.0,0.7922535,114.0,5.017606,0.0,0.0,1274,PRJNA847631,14,38,COVID-19 / SARS-CoV-2,ontology,COVID-19,MONDO:0100096,True,False,,True,,MONDO:0100096,14,41365.0
SRX23724100_4,1329,2049.0,1485,2339.0,1525,2338.9995,SRX23724100,B cell,CL:0000236,1329,2049.0,23.32845290385554,31.234748657881894,41.58125915080527,59.541239629087364,69.0,3.3674963,227.0,11.078575,0.0,0.0,1329,PRJNA847631,6,4,COVID-19 / SARS-CoV-2,ontology,COVID-19,MONDO:0100096,True,False,,True,,MONDO:0100096,13,45419.0
SRX23724100_52,896,999.0,1130,1217.9999,1192,1217.9998,SRX23724100,B cell,CL:0000236,896,999.0,12.612612612612612,20.32032032032032,30.33033033033033,60.36036036036037,6.0,0.6006006,19.0,1.9019018,0.0,0.0,896,PRJNA847631,14,52,COVID-19 / SARS-CoV-2,ontology,COVID-19,MONDO:0100096,True,False,,True,,MONDO:0100096,27,21910.0
SRX23724101_21,385,512.0,490,716.0002,501,716.00006,SRX23724101,plasma cell,CL:0000786,385,512.0,34.5703125,44.3359375,63.8671875,100.0,83.0,16.210938,14.0,2.734375,0.0,0.0,385,PRJNA847631,14,21,COVID-19 / SARS-CoV-2,ontology,COVID-19,MONDO:0100096,True,False,,True,,MONDO:0100096,16,19930.0
SRX23724101_36,3116,6431.0,3312,6867.0015,3450,6867.002,SRX23724101,capillary endothelial cell,CL:0002144,3116,6431.0,15.891774218628518,22.20494479863163,30.990514694448763,47.442077437412536,51.0,0.7930337,83.0,1.2906235,0.0,0.0,3116,PRJNA847631,16,36,COVID-19 / SARS-CoV-2,ontology,COVID-19,MONDO:0100096,True,False,,True,,MONDO:0100096,11,83148.0
SRX23724101_38,767,1058.0,887,1602.0,914,1601.9991,SRX23724101,plasma cell,CL:0000786,767,1058.0,24.574669187145556,34.02646502835538,46.40831758034027,74.76370510396976,15.0,1.4177694,59.0,5.5765595,0.0,0.0,767,PRJNA847631,14,38,COVID-19 / SARS-CoV-2,ontology,COVID-19,MONDO:0100096,True,False,,True,,MONDO:0100096,10,31835.0
SRX23724101_52,551,628.0,730,776.00006,747,776.0,SRX23724101,B cell,CL:0000236,551,628.0,19.745222929936308,28.18471337579618,44.10828025477707,91.87898089171973,21.0,3.343949,18.0,2.8662422,0.0,0.0,551,PRJNA847631,14,52,COVID-19 / SARS-CoV-2,ontology,COVID-19,MONDO:0100096,True,False,,True,,MONDO:0100096,14,9603.0
SRX23724102_1,3959,9487.0,4143,11519.005,4335,11519.001,SRX23724102,"CD4-positive, alpha-beta T cell",CL:0000624,3959,9487.0,12.75429535153368,18.29872457046485,26.235901760303577,42.08917466006113,273.0,2.8776221,503.0,5.3019924,0.0,0.0,3959,PRJNA847631,4,1,COVID-19 / SARS-CoV-2,study_consensus,,,False,True,healthy,True,,,32,183670.0
SRX23724102_36,9584,67814.0,9848,71248.99,10335,71249.0,SRX23724102,vein endothelial cell,CL:0002543,9584,67814.0,14.004482850148936,20.458902291562215,28.668121626802723,41.95593830182558,1323.0,1.9509246,5550.0,8.184151,0.0,0.0,9584,PRJNA847631,16,36,COVID-19 / SARS-CoV-2,study_consensus,,,False,True,healthy,True,,,12,187180.0
SRX23724104_1,3143,7117.0,3300,8123.001,3390,8123.0044,SRX23724104,"CD4-positive, alpha-beta T cell",CL:0000624,3143,7117.0,20.444007306449347,28.087677392159616,37.41745117324716,52.49402838274554,271.0,3.8077843,754.0,10.594352,0.0,0.0,3143,PRJNA847631,4,1,COVID-19 / SARS-CoV-2,ontology,COVID-19,MONDO:0100096,True,False,,True,,MONDO:0100096,21,144570.0
SRX23724105_1,464,606.0,526,2145.002,535,2145.0,SRX23724105,"CD4-positive, alpha-beta T cell",CL:0000624,464,606.0,31.353135313531354,39.93399339933993,56.43564356435643,100.0,15.0,2.4752476,36.0,5.940594,0.0,0.0,464,PRJNA847631,4,1,COVID-19 / SARS-CoV-2,ontology,COVID-19,MONDO:0100096,True,False,,True,,MONDO:0100096,21,117687.0
SRX23724105_21,512,658.0,643,932.0001,662,932.00006,SRX23724105,B cell,CL:0000236,512,658.0,28.57142857142857,37.38601823708207,52.58358662613982,98.17629179331307,81.0,12.31003,10.0,1.5197569,0.0,0.0,512,PRJNA847631,14,21,COVID-19 / SARS-CoV-2,ontology,COVID-19,MONDO:0100096,True,False,,True,,MONDO:0100096,10,14799.0
SRX23724105_26,5528,21224.0,5761,24119.01,5971,24119.004,SRX23724105,macrophage,CL:0000235,5528,21224.0,22.253109687146626,28.123822088202033,35.74726724462872,48.869204673954016,525.0,2.4736147,422.0,1.988315,0.0,0.0,5528,PRJNA847631,35,26,COVID-19 / SARS-CoV-2,ontology,COVID-19,MONDO:0100096,True,False,,True,,MONDO:0100096,16,199087.0
SRX23724106_1,2314,5286.0,2466,6431.0015,2531,6431.0,SRX23724106,"CD4-positive, alpha-beta T cell",CL:0000624,2314,5286.0,31.990162693908434,38.83844116534242,47.35149451381007,61.256148316307225,911.0,17.234203,577.0,10.915626,0.0,0.0,2314,PRJNA847631,4,1,COVID-19 / SARS-CoV-2,ontology,COVID-19,MONDO:0100096,True,False,,True,,MONDO:0100096,22,118127.0
SRX23724106_36,9388,61734.0,9688,65606.03,10125,65605.96,SRX23724106,vein endothelial cell,CL:0002543,9388,61734.0,15.205559335212362,21.47277027245926,29.782615738490946,43.368322156348206,1854.0,3.0032072,4387.0,7.1062946,0.0,0.0,9388,PRJNA847631,16,36,COVID-19 / SARS-CoV-2,ontology,COVID-19,MONDO:0100096,True,False,,True,,MONDO:0100096,10,157142.0
SRX23724107_1,1886,3090.0,2006,3603.999,2056,3603.9998,SRX23724107,"CD4-positive, alpha-beta T cell",CL:0000624,1886,3090.0,17.216828478964402,24.660194174757283,35.016181229773466,54.95145631067962,78.0,2.5242717,363.0,11.747573,0.0,0.0,1886,PRJNA847631,4,1,COVID-19 / SARS-CoV-2,ontology,COVID-19,MONDO:0100096,True,False,,True,,MONDO:0100096,19,81879.0
SRX23724107_10,1576,2478.0,1659,2775.0002,1682,2774.9998,SRX23724107,B cell,CL:0000236,1576,2478.0,23.284907183212265,30.669895076674734,40.19370460048426,56.57788539144472,177.0,7.1428576,207.0,8.353511,0.0,0.0,1576,PRJNA847631,35,10,COVID-19 / SARS-CoV-2,ontology,COVID-19,MONDO:0100096,True,False,,True,,MONDO:0100096,65,443459.0
SRX23724107_36,1920,3121.0,2056,3774.9998,2094,3774.9993,SRX23724107,B cell,CL:0000236,1920,3121.0,21.403396347324573,28.292214033963475,37.13553348285806,54.50176225568728,240.0,7.689843,266.0,8.522909,0.0,0.0,1920,PRJNA847631,35,36,COVID-19 / SARS-CoV-2,ontology,COVID-19,MONDO:0100096,True,False,,True,,MONDO:0100096,11,69551.0
SRX23724107_39,1613,2396.0,1748,2773.9995,1773,2774.0,SRX23724107,mature NK T cell,CL:0000814,1613,2396.0,18.030050083472453,25.292153589315525,35.10016694490818,53.54757929883138,106.0,4.42404,180.0,7.512521,0.0,0.0,1613,PRJNA847631,35,39,COVID-19 / SARS-CoV-2,ontology,COVID-19,MONDO:0100096,True,False,,True,,MONDO:0100096,65,320903.0
SRX23724107_43,4086,8862.0,4307,9748.003,4420,9748.0,SRX23724107,lung multiciliated epithelial cell,CL:1000271,4086,8862.0,18.799368088467613,25.761679079214623,33.27691266079892,46.31008801624915,549.0,6.1949897,720.0,8.124577,0.0,0.0,4086,PRJNA847631,35,43,COVID-19 / SARS-CoV-2,ontology,COVID-19,MONDO:0100096,True,False,,True,,MONDO:0100096,10,61944.0
SRX23724109_1,2235,5077.0,2381,6253.0,2420,6253.0005,SRX23724109,"CD4-positive, alpha-beta T cell",CL:0000624,2235,5077.0,29.80106362024818,40.161512704352965,49.06440811502856,62.87177467008076,176.0,3.466614,1341.0,26.413235,0.0,0.0,2235,PRJNA847631,4,1,COVID-19 / SARS-CoV-2,ontology,COVID-19,MONDO:0100096,True,False,,True,,MONDO:0100096,13,127685.0
SRX23724110_21,611,875.0,710,1025.9998,734,1025.9996,SRX23724110,plasma cell,CL:0000786,611,875.0,33.14285714285714,41.6,53.028571428571425,87.31428571428572,11.0,1.2571429,44.0,5.0285716,0.0,0.0,611,PRJNA847631,14,21,COVID-19 / SARS-CoV-2,ontology,COVID-19,MONDO:0100096,True,False,,True,,MONDO:0100096,11,16795.0
SRX23724111_10,7576,59530.0,7911,62202.99,8364,62202.91,SRX23724111,macrophage,CL:0000235,7576,59530.0,27.04182764992441,34.58424323870318,43.90223416764656,57.4920208298337,3525.0,5.9213843,4282.0,7.1930118,0.0,0.0,7576,PRJNA847631,49,10,COVID-19 / SARS-CoV-2,ontology,COVID-19,MONDO:0100096,True,False,,True,,MONDO:0100096,21,674982.0
SRX23724111_36,1345,2288.0,1478,2466.9995,1502,2466.9995,SRX23724111,capillary endothelial cell,CL:0002144,1345,2288.0,21.853146853146853,31.25,42.43881118881119,63.06818181818182,36.0,1.5734266,52.0,2.2727273,0.0,0.0,1345,PRJNA847631,16,36,COVID-19 / SARS-CoV-2,ontology,COVID-19,MONDO:0100096,True,False,,True,,MONDO:0100096,10,29167.0
SRX23724116_26,905,1305.0,1006,1380.0001,1014,1380.0001,SRX23724116,"CD4-positive, alpha-beta T cell",CL:0000624,905,1305.0,25.90038314176245,34.099616858237546,45.97701149425287,68.96551724137932,87.0,6.666667,94.0,7.203065,2.0,0.15325671,905,PRJNA847631,35,26,COVID-19 / SARS-CoV-2,study_consensus,,,False,True,healthy,True,,,38,108491.0
SRX23724118_1,2846,5395.0,2984,6901.0005,3093,6901.002,SRX23724118,"CD4-positive, alpha-beta T cell",CL:0000624,2846,5395.0,13.382761816496755,19.240037071362373,27.72937905468026,45.7645968489342,119.0,2.2057462,116.0,2.150139,0.0,0.0,2846,PRJNA847631,4,1,COVID-19 / SARS-CoV-2,study_consensus,,,,False,,True,,,11,53369.0
SRX23724120_34,1071,3503.0,1124,3692.0002,1176,3692.0,SRX23724120,neutrophil,CL:0000775,1071,3503.0,34.0565229803026,46.502997430773625,61.68998001712818,83.67113902369397,8.0,0.22837569,16.0,0.45675138,0.0,0.0,1071,PRJNA847631,58,34,COVID-19 / SARS-CoV-2,study_consensus,,,,False,,True,,,23,97822.0
SRX23724120_36,1054,1750.0,1137,2169.9995,1157,2169.9993,SRX23724120,capillary endothelial cell,CL:0002144,1054,1750.0,28.45714285714286,37.028571428571425,48.91428571428572,68.34285714285714,16.0,0.9142857,38.0,2.1714284,0.0,0.0,1054,PRJNA847631,16,36,COVID-19 / SARS-CoV-2,study_consensus,,,,False,,True,,,11,86461.0
SRX23724121_14,2449,5089.0,2579,5442.0015,2652,5441.999,SRX23724121,macrophage,CL:0000235,2449,5089.0,21.123992925918646,28.198074277854197,37.19787777559442,54.6865788956573,81.0,1.5916682,548.0,10.768324,0.0,0.0,2449,PRJNA847631,29,14,COVID-19 / SARS-CoV-2,ontology,COVID-19,MONDO:0100096,True,False,,True,,MONDO:0100096,16,83028.0
SRX23724121_21,922,1370.0,1001,1478.0,1015,1478.0001,SRX23724121,B cell,CL:0000236,922,1370.0,28.686131386861312,36.934306569343065,47.2992700729927,69.1970802919708,136.0,9.927008,177.0,12.919707,0.0,0.0,922,PRJNA847631,35,21,COVID-19 / SARS-CoV-2,ontology,COVID-19,MONDO:0100096,True,False,,True,,MONDO:0100096,10,16190.0
SRX23724121_59,3757,7497.0,3960,8030.002,4052,8030.004,SRX23724121,macrophage,CL:0000235,3757,7497.0,18.79418434040283,24.35640923035881,31.425903694811257,45.071361878084566,250.0,3.3346672,540.0,7.202881,0.0,0.0,3757,PRJNA847631,35,59,COVID-19 / SARS-CoV-2,ontology,COVID-19,MONDO:0100096,True,False,,True,,MONDO:0100096,10,44325.0
SRX23724121_8,4315,10055.0,4540,10586.999,4656,10587.0,SRX23724121,macrophage,CL:0000235,4315,10055.0,20.139234211834907,26.65340626553953,34.18199900546991,47.011437095972155,387.0,3.8488314,869.0,8.642467,0.0,0.0,4315,PRJNA847631,35,8,COVID-19 / SARS-CoV-2,ontology,COVID-19,MONDO:0100096,True,False,,True,,MONDO:0100096,38,247850.0
SRX23724121_9,8928,45517.0,9235,47487.984,9565,47487.977,SRX23724121,macrophage,CL:0000235,8928,45517.0,26.829536217237514,33.29964628600303,39.61816464178219,49.410110508161786,2889.0,6.347079,4204.0,9.236109,1.0,0.0021969813,8928,PRJNA847631,35,9,COVID-19 / SARS-CoV-2,ontology,COVID-19,MONDO:0100096,True,False,,True,,MONDO:0100096,52,272745.0
SRX23724123_21,2959,8406.0,3108,9326.002,3199,9326.001,SRX23724123,pulmonary alveolar type 1 cell,CL:0002062,2959,8406.0,29.907209136331193,38.88888888888889,48.0728051391863,62.06281227694503,805.0,9.576492,1205.0,14.334999,0.0,0.0,2959,PRJNA847631,14,21,COVID-19 / SARS-CoV-2,ontology,COVID-19,MONDO:0100096,True,False,,True,,MONDO:0100096,10,57787.0
SRX23724123_26,5596,22458.0,5860,23371.008,6067,23371.021,SRX23724123,intermediate monocyte,CL:0002393,5596,22458.0,18.81289518211773,24.60147831507703,32.371537982010864,46.7405824205183,679.0,3.0234215,535.0,2.3822246,0.0,0.0,5596,PRJNA847631,35,26,COVID-19 / SARS-CoV-2,ontology,COVID-19,MONDO:0100096,True,False,,True,,MONDO:0100096,18,358537.0
SRX23724125_1,2292,5879.0,2436,6461.0005,2550,6460.9995,SRX23724125,"CD4-positive, alpha-beta T cell",CL:0000624,2292,5879.0,21.313148494641947,30.889607076033336,42.79639394454839,61.30294267732608,160.0,2.7215512,830.0,14.118047,0.0,0.0,2292,PRJNA847631,4,1,COVID-19 / SARS-CoV-2,ontology,COVID-19,MONDO:0100096,True,False,,True,,MONDO:0100096,30,201421.0
SRX23724125_10,6846,41673.0,7190,44030.004,7522,44029.992,SRX23724125,macrophage,CL:0000235,6846,41673.0,23.708396323758787,31.190459050224366,41.254529311544644,55.90430254601301,2929.0,7.028532,3224.0,7.7364244,0.0,0.0,6846,PRJNA847631,49,10,COVID-19 / SARS-CoV-2,ontology,COVID-19,MONDO:0100096,True,False,,True,,MONDO:0100096,12,467632.0
SRX23724125_13,3350,10987.0,3560,11778.998,3728,11779.0,SRX23724125,basophil,CL:0000767,3350,10987.0,21.46172749613179,30.344953126422137,41.467188495494675,58.869573131883136,590.0,5.3699827,937.0,8.528261,0.0,0.0,3350,PRJNA847631,42,13,COVID-19 / SARS-CoV-2,ontology,COVID-19,MONDO:0100096,True,False,,True,,MONDO:0100096,11,151316.0
SRX23724125_34,1379,3885.0,1471,4198.0,1538,4198.0,SRX23724125,neutrophil,CL:0000775,1379,3885.0,26.254826254826252,37.45173745173745,52.0978120978121,74.62033462033462,139.0,3.5778635,15.0,0.38610038,0.0,0.0,1379,PRJNA847631,58,34,COVID-19 / SARS-CoV-2,ontology,COVID-19,MONDO:0100096,True,False,,True,,MONDO:0100096,16,160936.0
SRX23724125_36,2484,5381.0,2663,7441.9985,2748,7441.999,SRX23724125,capillary endothelial cell,CL:0002144,2484,5381.0,25.49711949451775,32.280245307563646,40.75450659728675,56.4021557331351,488.0,9.068947,154.0,2.8619215,0.0,0.0,2484,PRJNA847631,16,36,COVID-19 / SARS-CoV-2,ontology,COVID-19,MONDO:0100096,True,False,,True,,MONDO:0100096,22,101972.0
SRX23724125_4,1846,3239.0,1978,3738.9995,2029,3738.999,SRX23724125,natural killer cell,CL:0000623,1846,3239.0,21.364618709478233,28.558196974374805,38.56128434702069,57.76474220438407,263.0,8.11979,252.0,7.7801795,0.0,0.0,1846,PRJNA847631,83,4,COVID-19 / SARS-CoV-2,ontology,COVID-19,MONDO:0100096,True,False,,True,,MONDO:0100096,18,96817.0
SRX23724132_1,2268,4050.0,2415,4561.999,2500,4561.998,SRX23724132,"CD4-positive, alpha-beta T cell",CL:0000624,2268,4050.0,18.02469135802469,25.25925925925926,34.71604938271605,51.901234567901234,178.0,4.3950615,471.0,11.62963,0.0,0.0,2268,PRJNA847631,4,1,COVID-19 / SARS-CoV-2,study_consensus,,,False,True,healthy,True,,,18,94284.0
SRX23724132_9,5716,17458.0,5998,18952.004,6192,18952.002,SRX23724132,macrophage,CL:0000235,5716,17458.0,26.81292244243327,34.44266238973536,42.1411387329591,52.89838469469584,1397.0,8.002062,1872.0,10.7228775,0.0,0.0,5716,PRJNA847631,35,9,COVID-19 / SARS-CoV-2,study_consensus,,,False,True,healthy,True,,,40,207373.0
SRX23724133_1,1983,4143.0,2100,4876.9995,2167,4876.999,SRX23724133,"CD4-positive, alpha-beta T cell",CL:0000624,1983,4143.0,25.56118754525706,34.03330919623461,44.243301955105,61.01858556601496,400.0,9.6548395,614.0,14.820179,0.0,0.0,1983,PRJNA847631,4,1,COVID-19 / SARS-CoV-2,study_consensus,,,False,True,healthy,True,,,22,108099.0
SRX23724133_36,5210,15718.0,5422,16831.0,5569,16831.0,SRX23724133,capillary endothelial cell,CL:0002144,5210,15718.0,14.397506044025956,20.19340883064003,28.25423081817025,43.28158798829367,155.0,0.98613054,698.0,4.4407682,0.0,0.0,5210,PRJNA847631,16,36,COVID-19 / SARS-CoV-2,study_consensus,,,False,True,healthy,True,,,10,115172.0
SRX23802728_1,595,783.0,656,875.99994,662,875.99994,SRX23802728,"CD4-positive, alpha-beta T cell",CL:0000624,595,783.0,23.627075351213282,36.39846743295019,49.55300127713921,87.86717752234993,33.0,4.2145596,37.0,4.7254148,0.0,0.0,595,PRJNA847631,4,1,COVID-19 / SARS-CoV-2,ontology,COVID-19,MONDO:0100096,True,False,,True,,MONDO:0100096,17,37980.0
SRX23802728_21,2744,18299.0,2892,19477.996,2984,19477.996,SRX23802728,pulmonary alveolar type 2 cell,CL:0002063,2744,18299.0,43.60347559975955,60.041532324170724,71.0421334499153,81.63287611344883,253.0,1.3825892,6801.0,37.165966,0.0,0.0,2744,PRJNA847631,12,21,COVID-19 / SARS-CoV-2,ontology,COVID-19,MONDO:0100096,True,False,,True,,MONDO:0100096,12,34153.0
SRX23802728_26,3615,9603.0,3801,10254.001,3904,10254.003,SRX23802728,macrophage,CL:0000235,3615,9603.0,23.18025616994689,30.469644902634595,39.33145891908779,54.16015828386962,332.0,3.457253,845.0,8.799334,0.0,0.0,3615,PRJNA847631,39,26,COVID-19 / SARS-CoV-2,ontology,COVID-19,MONDO:0100096,True,False,,True,,MONDO:0100096,20,119957.0
SRX23802728_36,3779,8560.0,4022,9160.002,4143,9160.005,SRX23802728,endothelial cell of artery,CL:1000413,3779,8560.0,16.822429906542055,24.415887850467293,32.89719626168225,47.19626168224299,124.0,1.4485981,1035.0,12.091122,0.0,0.0,3779,PRJNA847631,16,36,COVID-19 / SARS-CoV-2,ontology,COVID-19,MONDO:0100096,True,False,,True,,MONDO:0100096,37,211432.0
SRX23802728_38,822,1185.0,895,1285.0,900,1285.0,SRX23802728,pulmonary alveolar type 1 cell,CL:0002062,822,1185.0,22.531645569620252,32.65822784810127,47.51054852320675,72.82700421940929,20.0,1.6877637,68.0,5.7383966,0.0,0.0,822,PRJNA847631,12,38,COVID-19 / SARS-CoV-2,ontology,COVID-19,MONDO:0100096,True,False,,True,,MONDO:0100096,10,28837.0
SRX23802728_4,760,1043.0,834,1170.9999,842,1171.0,SRX23802728,B cell,CL:0000236,760,1043.0,23.29817833173538,32.88590604026846,46.308724832214764,75.071907957814,35.0,3.3557045,87.0,8.341323,0.0,0.0,760,PRJNA847631,6,4,COVID-19 / SARS-CoV-2,ontology,COVID-19,MONDO:0100096,True,False,,True,,MONDO:0100096,12,27890.0
SRX23802728_5,1341,2238.0,1476,2408.0,1514,2407.9998,SRX23802728,"CD4-positive, alpha-beta T cell",CL:0000624,1341,2238.0,21.179624664879356,30.741733690795353,42.403932082216265,62.42180518319928,53.0,2.3681858,393.0,17.560322,0.0,0.0,1341,PRJNA847631,4,5,COVID-19 / SARS-CoV-2,ontology,COVID-19,MONDO:0100096,True,False,,True,,MONDO:0100096,14,47104.0
SRX23802729_10,4685,20629.0,4905,21289.008,5034,21289.0,SRX23802729,macrophage,CL:0000235,4685,20629.0,33.036017257259196,40.28309661156624,49.154103446604296,62.35881526007078,1079.0,5.2305007,1404.0,6.8059525,2.0,0.009695089,4685,PRJNA847631,49,10,COVID-19 / SARS-CoV-2,study_consensus,,,,False,,True,,,14,305015.0
SRX23802729_26,3492,10580.0,3650,10890.0,3741,10890.001,SRX23802729,macrophage,CL:0000235,3492,10580.0,31.78638941398866,39.53686200378072,48.2703213610586,60.992438563327035,356.0,3.3648393,679.0,6.4177694,0.0,0.0,3492,PRJNA847631,35,26,COVID-19 / SARS-CoV-2,study_consensus,,,,False,,True,,,51,258195.0
SRX23802729_34,875,1475.0,933,1546.0001,954,1546.0002,SRX23802729,neutrophil,CL:0000775,875,1475.0,28.067796610169495,37.83050847457627,51.389830508474574,74.57627118644068,19.0,1.2881356,18.0,1.220339,0.0,0.0,875,PRJNA847631,58,34,COVID-19 / SARS-CoV-2,study_consensus,,,,False,,True,,,30,68047.0
SRX23802729_36,4805,12642.0,5038,13247.003,5211,13247.0,SRX23802729,vein endothelial cell,CL:0002543,4805,12642.0,17.37857933871223,22.812846068660022,30.026894478721722,43.561145388387914,348.0,2.752729,843.0,6.6682487,0.0,0.0,4805,PRJNA847631,16,36,COVID-19 / SARS-CoV-2,study_consensus,,,,False,,True,,,25,153022.0
SRX23802729_5,1260,1970.0,1333,2076.0,1352,2076.0,SRX23802729,"CD4-positive, alpha-beta T cell",CL:0000624,1260,1970.0,22.944162436548226,31.827411167512693,42.84263959390863,61.42131979695431,38.0,1.9289341,371.0,18.832487,0.0,0.0,1260,PRJNA847631,4,5,COVID-19 / SARS-CoV-2,study_consensus,,,,False,,True,,,22,54795.0
SRX23802729_8,1003,1967.0,1069,2074.0,1095,2073.9998,SRX23802729,"CD4-positive, alpha-beta T cell",CL:0000624,1003,1967.0,33.909506863243514,44.83985765124555,57.14285714285714,74.42806304016268,63.0,3.202847,292.0,14.844942,0.0,0.0,1003,PRJNA847631,36,8,COVID-19 / SARS-CoV-2,study_consensus,,,,False,,True,,,12,149274.0
SRX23802729_9,2092,8158.0,2200,8410.0,2241,8410.0,SRX23802729,macrophage,CL:0000235,2092,8158.0,44.14072076489335,54.52316744300073,64.55013483696985,77.06545721990685,69.0,0.8457955,1265.0,15.506251,0.0,0.0,2092,PRJNA847631,39,9,COVID-19 / SARS-CoV-2,study_consensus,,,,False,,True,,,10,151223.0
SRX23802730_26,853,1236.0,920,1422.9995,935,1422.9998,SRX23802730,macrophage,CL:0000235,853,1236.0,22.89644012944984,32.605177993527505,47.16828478964401,71.44012944983818,42.0,3.3980582,31.0,2.5080907,0.0,0.0,853,PRJNA847631,35,26,COVID-19 / SARS-CoV-2,study_consensus,,,False,True,healthy,True,,,30,240398.0
SRX23802730_36,831,1221.0,893,1429.0002,907,1428.9998,SRX23802730,B cell,CL:0000236,831,1221.0,24.57002457002457,34.07043407043407,48.32104832104832,72.8910728910729,11.0,0.9009009,159.0,13.022113,0.0,0.0,831,PRJNA847631,16,36,COVID-19 / SARS-CoV-2,study_consensus,,,False,True,healthy,True,,,28,123856.0
SRX23802730_38,498,624.0,548,762.99994,558,763.0,SRX23802730,plasma cell,CL:0000786,498,624.0,26.121794871794872,36.217948717948715,52.243589743589745,100.0,33.0,5.2884617,39.0,6.25,0.0,0.0,498,PRJNA847631,14,38,COVID-19 / SARS-CoV-2,study_consensus,,,False,True,healthy,True,,,14,35340.0
SRX23802730_5,1300,2050.0,1396,2237.9995,1412,2238.0002,SRX23802730,"CD8-positive, alpha-beta T cell",CL:0000625,1300,2050.0,22.53658536585366,30.78048780487805,41.609756097560975,60.97560975609756,121.0,5.902439,338.0,16.487806,0.0,0.0,1300,PRJNA847631,4,5,COVID-19 / SARS-CoV-2,study_consensus,,,False,True,healthy,True,,,10,34202.0
SRX23802731_1,2094,4338.0,2206,4617.999,2248,4618.0005,SRX23802731,"CD4-positive, alpha-beta T cell",CL:0000624,2094,4338.0,23.74366067312125,32.68787459658829,42.43891194098663,58.99031811894883,150.0,3.457815,803.0,18.510836,0.0,0.0,2094,PRJNA847631,4,1,COVID-19 / SARS-CoV-2,ontology,COVID-19,MONDO:0100096,True,False,,True,,MONDO:0100096,16,43355.0
SRX23802731_10,4491,21812.0,4680,22513.004,4838,22513.002,SRX23802731,macrophage,CL:0000235,4491,21812.0,33.28901522097928,41.88520080689529,52.33816247936915,65.44104162846139,576.0,2.6407483,2129.0,9.760682,0.0,0.0,4491,PRJNA847631,49,10,COVID-19 / SARS-CoV-2,ontology,COVID-19,MONDO:0100096,True,False,,True,,MONDO:0100096,13,312650.0
SRX23802731_26,1668,2889.0,1798,3280.999,1846,3280.9995,SRX23802731,macrophage,CL:0000235,1668,2889.0,25.164416753201802,32.91796469366563,42.60989961924541,59.570785739010034,136.0,4.707511,240.0,8.307373,3.0,0.10384216,1668,PRJNA847631,35,26,COVID-19 / SARS-CoV-2,ontology,COVID-19,MONDO:0100096,True,False,,True,,MONDO:0100096,107,353978.0
SRX23802731_36,2596,6836.0,2710,7197.0015,2768,7197.0,SRX23802731,capillary endothelial cell,CL:0002144,2596,6836.0,25.731421884142776,33.46986541837332,43.5927442949093,60.29842012873026,133.0,1.9455823,500.0,7.3142185,0.0,0.0,2596,PRJNA847631,16,36,COVID-19 / SARS-CoV-2,ontology,COVID-19,MONDO:0100096,True,False,,True,,MONDO:0100096,22,98724.0
SRX23802731_38,1918,4146.0,2070,4381.999,2109,4381.999,SRX23802731,pulmonary alveolar type 1 cell,CL:0002062,1918,4146.0,24.457308248914618,33.260974433188615,44.64544138929089,62.44573082489146,94.0,2.2672455,77.0,1.8572118,2.0,0.04823927,1918,PRJNA847631,14,38,COVID-19 / SARS-CoV-2,ontology,COVID-19,MONDO:0100096,True,False,,True,,MONDO:0100096,10,40649.0
SRX23802731_5,728,989.0,774,1068.0,783,1067.9999,SRX23802731,"CD4-positive, alpha-beta T cell",CL:0000624,728,989.0,22.649140546006066,33.26592517694641,46.61274014155713,76.9464105156724,42.0,4.246714,153.0,15.470173,0.0,0.0,728,PRJNA847631,4,5,COVID-19 / SARS-CoV-2,ontology,COVID-19,MONDO:0100096,True,False,,True,,MONDO:0100096,13,43988.0
SRX23802731_9,5103,29800.0,5329,30954.992,5513,30955.0,SRX23802731,macrophage,CL:0000235,5103,29800.0,35.41275167785235,45.21476510067114,55.17114093959732,67.32214765100672,384.0,1.2885906,4512.0,15.140941,0.0,0.0,5103,PRJNA847631,49,9,COVID-19 / SARS-CoV-2,ontology,COVID-19,MONDO:0100096,True,False,,True,,MONDO:0100096,33,132878.0
SRX23802732_1,2196,4575.0,2317,4874.0005,2370,4874.0,SRX23802732,"CD4-positive, alpha-beta T cell",CL:0000624,2196,4575.0,24.021857923497265,32.65573770491803,42.36065573770492,58.295081967213115,82.0,1.7923497,938.0,20.502733,0.0,0.0,2196,PRJNA847631,4,1,COVID-19 / SARS-CoV-2,ontology,COVID-19,MONDO:0100096,,False,,True,,MONDO:0100096,18,66239.0
SRX23802732_10,2928,8709.0,3102,9067.002,3174,9067.001,SRX23802732,macrophage,CL:0000235,2928,8709.0,32.7132851073602,41.658054885750374,50.9702606499024,64.24388563554943,38.0,0.4363302,1237.0,14.203697,0.0,0.0,2928,PRJNA847631,49,10,COVID-19 / SARS-CoV-2,ontology,COVID-19,MONDO:0100096,,False,,True,,MONDO:0100096,14,350037.0
SRX23802732_26,4342,15170.0,4539,15812.999,4676,15812.995,SRX23802732,macrophage,CL:0000235,4342,15170.0,23.375082399472642,30.98220171390903,40.63941990771259,55.46473302570863,171.0,1.1272248,1257.0,8.286091,0.0,0.0,4342,PRJNA847631,35,26,COVID-19 / SARS-CoV-2,ontology,COVID-19,MONDO:0100096,,False,,True,,MONDO:0100096,21,244120.0
SRX23802732_36,454,575.0,522,661.99994,536,662.0,SRX23802732,plasma cell,CL:0000786,454,575.0,29.391304347826086,38.43478260869565,55.826086956521735,100.0,58.0,10.086957,47.0,8.173913,0.0,0.0,454,PRJNA847631,14,36,COVID-19 / SARS-CoV-2,ontology,COVID-19,MONDO:0100096,,False,,True,,MONDO:0100096,33,188886.0
SRX23802732_38,747,1091.0,806,1391.0004,833,1390.9998,SRX23802732,pulmonary alveolar type 1 cell,CL:0002062,747,1091.0,26.48945921173236,36.663611365719525,49.86251145737855,77.3602199816682,51.0,4.6746106,67.0,6.141155,0.0,0.0,747,PRJNA847631,12,38,COVID-19 / SARS-CoV-2,ontology,COVID-19,MONDO:0100096,,False,,True,,MONDO:0100096,13,35878.0
SRX23802734_10,6845,45020.0,7162,46525.992,7387,46525.98,SRX23802734,macrophage,CL:0000235,6845,45020.0,32.01021768103065,39.24255886272768,47.74322523322967,60.17769880053309,1983.0,4.4047093,3161.0,7.0213237,0.0,0.0,6845,PRJNA847631,49,10,COVID-19 / SARS-CoV-2,study_consensus,,,False,True,healthy,True,,,11,380286.0
SRX23802734_26,2108,3917.0,2219,4143.9995,2254,4144.0,SRX23802734,macrophage,CL:0000235,2108,3917.0,24.508552463620116,32.01429665560378,41.15394434516212,57.824865968853715,138.0,3.5231042,374.0,9.548124,0.0,0.0,2108,PRJNA847631,35,26,COVID-19 / SARS-CoV-2,study_consensus,,,False,True,healthy,True,,,89,701584.0
SRX23802735_1,436,651.0,478,743.0,480,743.0,SRX23802735,B cell,CL:0000236,436,651.0,36.098310291858674,48.38709677419355,63.74807987711214,100.0,117.0,17.972351,52.0,7.9877114,0.0,0.0,436,PRJNA847631,4,1,COVID-19 / SARS-CoV-2,ontology,COVID-19,MONDO:0100096,True,False,,True,,MONDO:0100096,13,19874.0
SRX23802735_10,2999,9082.0,3180,9526.0,3287,9526.0,SRX23802735,macrophage,CL:0000235,2999,9082.0,26.469940541730896,35.78506936798062,46.37744990090288,61.61638405637525,250.0,2.7526977,945.0,10.405197,0.0,0.0,2999,PRJNA847631,49,10,COVID-19 / SARS-CoV-2,ontology,COVID-19,MONDO:0100096,True,False,,True,,MONDO:0100096,17,267747.0
SRX23802735_26,1292,2013.0,1382,2136.0005,1400,2136.0,SRX23802735,macrophage,CL:0000235,1292,2013.0,24.739195230998508,32.63785394932936,42.77198211624441,60.65573770491803,72.0,3.576751,132.0,6.557377,0.0,0.0,1292,PRJNA847631,35,26,COVID-19 / SARS-CoV-2,ontology,COVID-19,MONDO:0100096,True,False,,True,,MONDO:0100096,68,313878.0
SRX23802735_34,1755,4001.0,1852,4175.0,1892,4174.999,SRX23802735,"CD4-positive, alpha-beta T cell",CL:0000624,1755,4001.0,30.917270682329416,40.68982754311422,51.28717820544863,68.0829792551862,53.0,1.3246688,496.0,12.396901,0.0,0.0,1755,PRJNA847631,35,34,COVID-19 / SARS-CoV-2,ontology,COVID-19,MONDO:0100096,True,False,,True,,MONDO:0100096,10,23151.0
SRX23802735_36,3739,10695.0,3956,11252.0,4053,11252.001,SRX23802735,vein endothelial cell,CL:0002543,3739,10695.0,25.20804114071996,35.2127162225339,44.684431977559605,57.72791023842917,293.0,2.7395978,2458.0,22.982702,0.0,0.0,3739,PRJNA847631,16,36,COVID-19 / SARS-CoV-2,ontology,COVID-19,MONDO:0100096,True,False,,True,,MONDO:0100096,26,105343.0
SRX23802735_38,1270,1968.0,1366,2082.9995,1394,2082.9995,SRX23802735,capillary endothelial cell,CL:0002144,1270,1968.0,17.98780487804878,26.321138211382113,38.56707317073171,60.8739837398374,31.0,1.5752032,17.0,0.86382115,0.0,0.0,1270,PRJNA847631,14,38,COVID-19 / SARS-CoV-2,ontology,COVID-19,MONDO:0100096,True,False,,True,,MONDO:0100096,11,29908.0
SRX23802735_5,916,1387.0,984,1489.0004,998,1489.0002,SRX23802735,"CD8-positive, alpha-beta T cell",CL:0000625,916,1387.0,26.09949531362653,35.544340302811825,48.37779379956741,70.00720980533526,52.0,3.7490985,232.0,16.72675,0.0,0.0,916,PRJNA847631,4,5,COVID-19 / SARS-CoV-2,ontology,COVID-19,MONDO:0100096,True,False,,True,,MONDO:0100096,18,41773.0
SRX23802735_9,4098,15657.0,4302,16265.999,4422,16265.996,SRX23802735,macrophage,CL:0000235,4098,15657.0,32.01124097847608,39.273168550807945,47.89550999552915,61.35913648847161,119.0,0.7600434,1733.0,11.068532,0.0,0.0,4098,PRJNA847631,35,9,COVID-19 / SARS-CoV-2,ontology,COVID-19,MONDO:0100096,True,False,,True,,MONDO:0100096,18,209545.0
SRX23802736_1,1624,2653.0,1732,2833.0005,1771,2833.0005,SRX23802736,"CD4-positive, alpha-beta T cell",CL:0000624,1624,2653.0,21.598190727478325,28.19449679607991,37.58009800226159,57.632868450810406,178.0,6.709386,94.0,3.5431585,0.0,0.0,1624,PRJNA847631,4,1,COVID-19 / SARS-CoV-2,ontology,COVID-19,MONDO:0100096,True,False,,True,,MONDO:0100096,17,43260.0
SRX23802736_21,2879,8370.0,3047,9021.0,3147,9021.002,SRX23802736,B cell,CL:0000236,2879,8370.0,35.24492234169653,46.79808841099164,54.121863799283155,65.44802867383513,65.0,0.7765831,2976.0,35.555557,0.0,0.0,2879,PRJNA847631,1,21,COVID-19 / SARS-CoV-2,ontology,COVID-19,MONDO:0100096,True,False,,True,,MONDO:0100096,19,30967.0
SRX23802736_26,1684,2639.0,1810,2933.0,1842,2933.0002,SRX23802736,macrophage,CL:0000235,1684,2639.0,21.220159151193634,27.965138309965898,36.94581280788177,55.13452065176203,99.0,3.751421,190.0,7.199697,0.0,0.0,1684,PRJNA847631,35,26,COVID-19 / SARS-CoV-2,ontology,COVID-19,MONDO:0100096,True,False,,True,,MONDO:0100096,30,220009.0
SRX23802736_36,2631,5135.0,2805,5553.0005,2873,5553.0005,SRX23802736,endothelial cell of artery,CL:1000413,2631,5135.0,18.675754625121712,26.543330087633887,36.241480038948396,52.249269717624145,153.0,2.979552,615.0,11.976631,0.0,0.0,2631,PRJNA847631,16,36,COVID-19 / SARS-CoV-2,ontology,COVID-19,MONDO:0100096,True,False,,True,,MONDO:0100096,39,261688.0
SRX23802736_5,884,1259.0,956,1414.9999,978,1415.0,SRX23802736,"CD4-positive, alpha-beta T cell",CL:0000624,884,1259.0,24.86100079428118,32.9626687847498,45.671167593328036,69.49960285941224,19.0,1.5091342,173.0,13.741064,0.0,0.0,884,PRJNA847631,4,5,COVID-19 / SARS-CoV-2,ontology,COVID-19,MONDO:0100096,True,False,,True,,MONDO:0100096,13,40425.0
SRX23802736_8,3267,11482.0,3427,12023.999,3538,12024.0,SRX23802736,pulmonary alveolar type 2 cell,CL:0002063,3267,11482.0,31.14439993032573,37.88538582128549,46.385647099808395,61.71398711025954,94.0,0.81867266,472.0,4.110782,0.0,0.0,3267,PRJNA847631,35,8,COVID-19 / SARS-CoV-2,ontology,COVID-19,MONDO:0100096,True,False,,True,,MONDO:0100096,11,420722.0
SRX23825222_14,2045,4125.0,2188,4838.001,2211,4838.0005,SRX23825222,alveolar adventitial fibroblast,CL:4028006,2045,4125.0,23.854545454545452,34.32727272727273,45.018181818181816,61.09090909090909,71.0,1.721212,782.0,18.957577,0.0,0.0,2045,PRJNA1083452,2,14,Other,missing_ontology,,,False,True,healthy,True,,,104,800029.0
SRX23825222_17,3351,8474.0,3531,8876.002,3577,8876.003,SRX23825222,pericyte,CL:0000669,3351,8474.0,21.949492565494452,31.519943356148218,41.47982062780269,55.73518999291952,245.0,2.8911967,1361.0,16.060892,0.0,0.0,3351,PRJNA1083452,2,17,Other,missing_ontology,,,False,True,healthy,True,,,14,161804.0
SRX23825222_20,5608,19765.0,5827,20549.004,5950,20549.004,SRX23825222,basal cell,CL:0000646,5608,19765.0,16.615228940045533,24.280293448014167,33.569440930938526,48.64659752087023,240.0,1.2142677,2424.0,12.264104,0.0,0.0,5608,PRJNA1083452,94,20,Other,missing_ontology,,,False,True,healthy,True,,,21,187891.0
SRX23825222_23,5460,18953.0,5695,20127.998,5820,20128.01,SRX23825222,basal cell,CL:0000646,5460,18953.0,24.560755553210573,35.909882340526565,45.7341845618108,57.05165409170052,627.0,3.3081834,4383.0,23.125626,0.0,0.0,5460,PRJNA1083452,2,23,Other,missing_ontology,,,False,True,healthy,True,,,10,132104.0
SRX23825222_52,3862,7958.0,4056,8692.999,4123,8693.001,SRX23825222,pericyte,CL:0000669,3862,7958.0,11.221412415179694,16.486554410655945,24.302588590098015,40.22367429002262,132.0,1.6587082,288.0,3.6189995,2.0,0.025131943,3862,PRJNA1083452,2,52,Other,missing_ontology,,,False,True,healthy,True,,,12,90207.0
SRX23825224_14,2548,5982.0,2710,6270.999,2737,6270.999,SRX23825224,alveolar adventitial fibroblast,CL:4028006,2548,5982.0,27.0979605483116,38.482113005683715,47.7432296890672,61.26713473754597,123.0,2.0561686,1557.0,26.028084,0.0,0.0,2548,PRJNA1083452,2,14,Other,missing_ontology,,,False,True,healthy,True,,,71,432616.0
SRX23825224_60,4383,14198.0,4588,14980.999,4663,14981.0,SRX23825224,alveolar adventitial fibroblast,CL:4028006,4383,14198.0,27.01084659811241,38.287082687702494,47.2249612621496,58.80405690942386,325.0,2.2890546,3538.0,24.919003,0.0,0.0,4383,PRJNA1083452,2,60,Other,missing_ontology,,,False,True,healthy,True,,,14,130618.0
SRX23825225_14,1678,4478.0,1817,4856.0005,1834,4856.0,SRX23825225,adventitial cell,CL:0002503,1678,4478.0,35.171951764180434,49.46404644930772,59.37918713711478,73.51496203662349,178.0,3.9749887,1594.0,35.59625,0.0,0.0,1678,PRJNA1083452,2,14,Other,missing_ontology,,,False,True,healthy,True,,,54,206270.0
SRX23825225_34,794,2913.0,850,3174.0,855,3174.0,SRX23825225,B cell,CL:0000236,794,2913.0,64.91589426707861,71.30106419498799,78.71610024030208,89.90731204943357,9.0,0.30895984,219.0,7.5180225,0.0,0.0,794,PRJNA1083452,58,34,Other,missing_ontology,,,False,True,healthy,True,,,11,38018.0
SRX23825225_60,1857,5012.0,1960,6360.9995,1983,6361.0015,SRX23825225,bronchial smooth muscle cell,CL:0002598,1857,5012.0,33.75897845171588,47.7853152434158,58.45969672785315,72.16679968076616,124.0,2.4740624,1681.0,33.539505,0.0,0.0,1857,PRJNA1083452,2,60,Other,missing_ontology,,,False,True,healthy,True,,,14,71128.0
SRX23825226_14,2082,4774.0,2201,5003.0005,2227,5003.0005,SRX23825226,adventitial cell,CL:0002503,2082,4774.0,25.073313782991203,35.944700460829495,47.29786342689569,63.23837452869711,82.0,1.7176373,990.0,20.737328,1.0,0.020946795,2082,PRJNA1083452,2,14,Other,missing_ontology,,,False,True,healthy,True,,,10,56414.0
SRX23825227_14,3148,11071.0,3270,11550.0,3311,11550.0,SRX23825227,adventitial cell,CL:0002503,3148,11071.0,39.71637611778521,48.69478818534911,57.655135037485316,68.9910577183633,121.0,1.0929455,1472.0,13.296,0.0,0.0,3148,PRJNA1083452,29,14,Other,missing_ontology,,,False,True,healthy,True,,,17,105728.0
SRX23825228_9,5450,40642.0,5647,41932.996,5749,41932.992,SRX23825228,macrophage,CL:0000235,5450,40642.0,35.02780374981546,44.31130357757984,54.61837507996654,68.23483096304315,856.0,2.1061954,3136.0,7.716156,0.0,0.0,5450,PRJNA1083452,52,9,Other,missing_ontology,,,False,True,healthy,True,,,16,528869.0
SRX23825229_4,1200,2108.0,1253,3694.0,1264,3693.9993,SRX23825229,"CD8-positive, alpha-beta T cell",CL:0000625,1200,2108.0,26.66034155597723,36.385199240986715,48.0550284629981,66.79316888045541,68.0,3.2258062,324.0,15.370019,0.0,0.0,1200,PRJNA1083452,6,4,Other,missing_ontology,,,False,True,healthy,True,,,11,39294.0
SRX23825230_24,1402,2634.0,1460,2820.0002,1469,2820.0,SRX23825230,"CD8-positive, alpha-beta T cell",CL:0000625,1402,2634.0,26.11996962794229,35.95292331055429,48.101746393318145,65.75550493545937,63.0,2.3917994,456.0,17.312073,0.0,0.0,1402,PRJNA1083452,39,24,Other,missing_ontology,,,False,True,healthy,True,,,11,29892.0
SRX23825230_26,898,2142.0,940,2203.9998,946,2204.0,SRX23825230,macrophage,CL:0000235,898,2142.0,39.82259570494865,51.68067226890757,63.912231559290376,81.41923436041083,62.0,2.8944912,208.0,9.710551,1.0,0.04668534,898,PRJNA1083452,57,26,Other,missing_ontology,,,False,True,healthy,True,,,13,53831.0
SRX23825230_43,410,535.0,423,641.0,427,640.99994,SRX23825230,UNKNOWN,,410,535.0,32.71028037383177,42.05607476635514,60.747663551401864,100.0,38.0,7.1028037,37.0,6.9158883,0.0,0.0,410,PRJNA1083452,8,43,Other,missing_ontology,,,False,True,healthy,True,,,84,231446.0
SRX23825230_44,445,570.0,464,596.0,465,596.0,SRX23825230,lung multiciliated epithelial cell,CL:1000271,445,570.0,28.421052631578945,39.473684210526315,57.01754385964912,100.0,26.0,4.5614033,21.0,3.6842103,0.0,0.0,445,PRJNA1083452,8,44,Other,missing_ontology,,,False,True,healthy,True,,,47,143455.0
SRX23825230_5,576,797.0,618,890.99994,620,890.9999,SRX23825230,lung multiciliated epithelial cell,CL:1000271,576,797.0,28.356336260978672,40.276035131744045,52.82308657465495,90.4642409033877,37.0,4.6424093,123.0,15.432874,0.0,0.0,576,PRJNA1083452,8,5,Other,missing_ontology,,,False,True,healthy,True,,,25,26377.0
SRX23825230_9,721,1320.0,758,1415.9999,764,1415.9999,SRX23825230,macrophage,CL:0000235,721,1320.0,35.984848484848484,47.27272727272727,60.53030303030303,83.25757575757575,35.0,2.6515152,219.0,16.59091,0.0,0.0,721,PRJNA1083452,39,9,Other,missing_ontology,,,False,True,healthy,True,,,25,86395.0
SRX23825231_5,1695,4816.0,1762,5434.9995,1773,5434.999,SRX23825231,"CD4-positive, alpha-beta T cell",CL:0000624,1695,4816.0,31.021594684385384,44.0406976744186,56.852159468438536,72.73671096345515,57.0,1.1835548,1255.0,26.05897,0.0,0.0,1695,PRJNA1083452,5,5,Other,missing_ontology,,,False,True,healthy,True,,,12,43207.0
SRX23902409_26,2066,5098.0,2190,5306.0,2252,5306.0,SRX23902409,macrophage,CL:0000235,2066,5098.0,28.42291094546881,37.11259317379365,48.13652412710867,64.61357395056885,227.0,4.452727,515.0,10.102001,0.0,0.0,2066,PRJNA1086544,57,26,COPD,ontology,chronic obstructive pulmonary disease,MONDO:0005002,True,False,,True,,MONDO:0005002,41,140017.0
SRX23902409_9,1426,3225.0,1512,3374.0,1543,3373.9993,SRX23902409,macrophage,CL:0000235,1426,3225.0,33.922480620155035,43.44186046511628,54.821705426356594,71.28682170542636,147.0,4.55814,317.0,9.829457,0.0,0.0,1426,PRJNA1086544,57,9,COPD,ontology,chronic obstructive pulmonary disease,MONDO:0005002,True,False,,True,,MONDO:0005002,63,250406.0
SRX23902410_26,1694,4684.0,1810,4880.999,1860,4880.9995,SRX23902410,macrophage,CL:0000235,1694,4684.0,37.788215200683176,46.733561058923996,57.365499573014525,73.05721605465413,197.0,4.2058067,306.0,6.532878,0.0,0.0,1694,PRJNA1086544,57,26,COPD,study_consensus,viral respiratory tract infection,MONDO:0024352,,False,,True,,MONDO:0024352,87,400529.0
SRX23902410_9,1427,3654.0,1522,3811.0,1559,3811.0002,SRX23902410,macrophage,CL:0000235,1427,3654.0,34.48275862068966,45.073891625615765,57.58073344280241,74.63054187192118,93.0,2.545156,386.0,10.563766,0.0,0.0,1427,PRJNA1086544,57,9,COPD,study_consensus,viral respiratory tract infection,MONDO:0024352,,False,,True,,MONDO:0024352,19,99232.0
SRX23902411_1,662,922.0,710,999.0,724,998.99976,SRX23902411,"CD4-positive, alpha-beta T cell",CL:0000624,662,922.0,26.030368763557483,36.8763557483731,49.891540130151846,82.4295010845987,26.0,2.8199565,111.0,12.039045,0.0,0.0,662,PRJNA1086544,4,1,COPD,ontology,chronic obstructive pulmonary disease,MONDO:0005002,,False,,True,,MONDO:0005002,11,8280.0
SRX23902411_26,1390,3086.0,1484,3252.9995,1519,3252.999,SRX23902411,macrophage,CL:0000235,1390,3086.0,34.08943616331821,42.67660401814647,53.33765392093325,71.1600777705768,126.0,4.0829554,75.0,2.4303305,0.0,0.0,1390,PRJNA1086544,57,26,COPD,ontology,chronic obstructive pulmonary disease,MONDO:0005002,,False,,True,,MONDO:0005002,52,294963.0
SRX23902411_9,1969,5077.0,2096,5286.0015,2153,5286.0005,SRX23902411,macrophage,CL:0000235,1969,5077.0,29.998030332873743,39.29485916880047,51.21134528264724,67.24443569036833,82.0,1.615127,529.0,10.419539,0.0,0.0,1969,PRJNA1086544,57,9,COPD,ontology,chronic obstructive pulmonary disease,MONDO:0005002,,False,,True,,MONDO:0005002,43,256619.0
SRX23902412_1,470,618.0,511,677.0,529,677.00006,SRX23902412,"CD4-positive, alpha-beta T cell",CL:0000624,470,618.0,28.802588996763756,40.1294498381877,56.310679611650485,100.0,31.0,5.0161815,74.0,11.97411,0.0,0.0,470,PRJNA1086544,4,1,COPD,ontology,chronic obstructive pulmonary disease,MONDO:0005002,True,False,,True,,MONDO:0005002,33,29352.0
SRX23902412_26,908,1579.0,975,2015.0002,991,2015.0009,SRX23902412,macrophage,CL:0000235,908,1579.0,33.31222292590247,41.60861304623179,54.27485750474984,74.16086130462318,233.0,14.756174,12.0,0.75997466,0.0,0.0,908,PRJNA1086544,49,26,COPD,ontology,chronic obstructive pulmonary disease,MONDO:0005002,True,False,,True,,MONDO:0005002,14,48585.0
SRX23902412_5,402,514.0,433,550.0,440,550.0,SRX23902412,B cell,CL:0000236,402,514.0,30.544747081712064,41.245136186770424,60.70038910505836,100.0,33.0,6.4202332,73.0,14.202334,0.0,0.0,402,PRJNA1086544,4,5,COPD,ontology,chronic obstructive pulmonary disease,MONDO:0005002,True,False,,True,,MONDO:0005002,14,12004.0
SRX23902412_9,3091,7739.0,3257,8094.001,3370,8094.004,SRX23902412,macrophage,CL:0000235,3091,7739.0,25.545936167463495,32.69156221734074,42.07261920144722,56.85489081276651,449.0,5.801783,574.0,7.4169793,0.0,0.0,3091,PRJNA1086544,49,9,COPD,ontology,chronic obstructive pulmonary disease,MONDO:0005002,True,False,,True,,MONDO:0005002,44,251530.0
SRX23902413_1,484,682.0,522,729.00006,527,729.00006,SRX23902413,"CD4-positive, alpha-beta T cell",CL:0000624,484,682.0,35.483870967741936,43.6950146627566,58.35777126099707,100.0,90.0,13.19648,2.0,0.29325512,0.0,0.0,484,PRJNA1086544,4,1,COPD,ontology,chronic obstructive pulmonary disease,MONDO:0005002,,False,,True,,MONDO:0005002,23,25972.0
SRX23902413_26,2814,13136.0,2976,13589.001,3048,13588.999,SRX23902413,macrophage,CL:0000235,2814,13136.0,39.84470158343483,49.63459196102315,60.59683313032886,74.24634591961023,518.0,3.9433618,1001.0,7.6202803,0.0,0.0,2814,PRJNA1086544,57,26,COPD,ontology,chronic obstructive pulmonary disease,MONDO:0005002,,False,,True,,MONDO:0005002,33,252925.0
SRX23902413_9,3751,12161.0,3967,12764.999,4115,12764.995,SRX23902413,macrophage,CL:0000235,3751,12161.0,27.02080421018008,33.77189375873695,42.48828221363375,57.24035852314777,865.0,7.1129017,616.0,5.065373,0.0,0.0,3751,PRJNA1086544,57,9,COPD,ontology,chronic obstructive pulmonary disease,MONDO:0005002,,False,,True,,MONDO:0005002,11,84284.0
SRX24073308_14,669,967.0,719,1240.9995,732,1240.9999,SRX24073308,alveolar adventitial fibroblast,CL:4028006,669,967.0,21.509824198552224,33.50568769389866,51.499482936918305,82.52326783867632,6.0,0.6204757,98.0,10.134437,1.0,0.10341261,669,PRJNA1092571,29,14,Other,missing_ontology,,,False,True,healthy,True,,,10,128002.0
SRX24073308_36,2761,8698.0,2897,9252.002,2995,9252.004,SRX24073308,capillary endothelial cell,CL:0002144,2761,8698.0,24.01701540584042,32.6856748677857,43.61922280984134,61.70383996320994,532.0,6.1163483,96.0,1.103702,1.0,0.011496896,2761,PRJNA1092571,16,36,Other,missing_ontology,,,False,True,healthy,True,,,19,232809.0
SRX24073319_20,6296,23666.0,6581,25481.008,6921,25481.018,SRX24073319,basal cell,CL:0000646,6296,23666.0,12.562325699315474,18.90898335164371,27.858531226231726,43.08290374376743,275.0,1.1620046,1911.0,8.074875,0.0,0.0,6296,PRJNA1092571,17,20,Other,missing_ontology,,,False,True,healthy,True,,,17,264153.0
SRX24073319_45,6662,25513.0,6962,27085.002,7288,27085.018,SRX24073319,respiratory tract goblet cell,CL:0002370,6662,25513.0,14.161407909693096,20.942264727785833,29.706424175910318,43.71888840983028,813.0,3.1866107,2322.0,9.101243,0.0,0.0,6662,PRJNA1092571,17,45,Other,missing_ontology,,,False,True,healthy,True,,,10,241638.0
SRX24312770_14,3995,10729.0,4218,11917.994,4308,11917.999,SRX24312770,alveolar adventitial fibroblast,CL:4028006,3995,10729.0,16.031316991331902,24.1588218846118,34.6537421940535,50.461366390157515,263.0,2.4513001,1199.0,11.17532,2.0,0.018641066,3995,PRJNA1102355,2,14,Other,missing_ontology,,,False,True,healthy,True,,,41,344351.0
SRX24312770_20,1788,3289.0,1941,3710.0002,2003,3709.9998,SRX24312770,B cell,CL:0000236,1788,3289.0,18.57707509881423,27.120705381574943,38.431134083307995,58.55883247187595,3.0,0.09121314,39.0,1.1857708,1.0,0.03040438,1788,PRJNA1102355,94,20,Other,missing_ontology,,,False,True,healthy,True,,,15,124414.0
SRX24312770_52,567,699.0,613,1253.9999,621,1254.0009,SRX24312770,B cell,CL:0000236,567,699.0,22.603719599427755,33.190271816881264,47.4964234620887,90.41487839771102,20.0,2.8612304,40.0,5.7224607,0.0,0.0,567,PRJNA1102355,2,52,Other,missing_ontology,,,False,True,healthy,True,,,16,165620.0
SRX24312770_60,3596,10419.0,3756,11716.003,3853,11716.001,SRX24312770,bronchial smooth muscle cell,CL:0002598,3596,10419.0,20.45301852385066,27.70899318552644,37.23006046645551,54.31423361167098,414.0,3.97351,877.0,8.417315,1.0,0.00959785,3596,PRJNA1102355,2,60,Other,missing_ontology,,,False,True,healthy,True,,,18,192349.0
SRX24312770_8,437,523.0,475,1045.9998,484,1045.9993,SRX24312770,B cell,CL:0000236,437,523.0,25.430210325047803,35.5640535372849,54.684512428298284,100.0,15.0,2.8680687,39.0,7.4569793,3.0,0.57361376,437,PRJNA1102355,2,8,Other,missing_ontology,,,False,True,healthy,True,,,15,252785.0
SRX24312778_14,2286,4798.0,2426,5227.0005,2487,5226.999,SRX24312778,alveolar adventitial fibroblast,CL:4028006,2286,4798.0,23.363901625677368,33.13880783659858,43.22634431012922,58.35764902042517,173.0,3.605669,1024.0,21.342226,3.0,0.062526055,2286,PRJNA1102355,2,14,Other,missing_ontology,,,False,True,healthy,True,,,42,196005.0
SRX24312778_36,470,553.0,519,639.99994,526,640.00006,SRX24312778,B cell,CL:0000236,470,553.0,22.78481012658228,33.09222423146474,51.17540687160941,100.0,17.0,3.074141,66.0,11.9349,1.0,0.18083183,470,PRJNA1102355,2,36,Other,missing_ontology,,,False,True,healthy,True,,,23,29799.0
SRX24312778_60,9831,84097.0,10126,88544.01,10543,88543.97,SRX24312778,vein endothelial cell,CL:0002543,9831,84097.0,25.308869519721274,35.24501468542279,43.95043818447745,55.30042688799838,5037.0,5.989512,16933.0,20.135082,172.0,0.20452572,9831,PRJNA1102355,2,60,Other,missing_ontology,,,False,True,healthy,True,,,14,132513.0
SRX24312779_14,3228,7197.0,3438,7931.0034,3518,7931.0015,SRX24312779,alveolar adventitial fibroblast,CL:4028006,3228,7197.0,16.840350145894124,25.85799638738363,36.26511046269279,51.72988745310546,222.0,3.0846186,1096.0,15.228568,1.0,0.013894678,3228,PRJNA1102355,2,14,Other,missing_ontology,,,False,True,healthy,True,,,47,539476.0
SRX24312779_4,1693,3930.0,1805,4410.001,1839,4410.0,SRX24312779,mature NK T cell,CL:0000814,1693,3930.0,28.091603053435115,39.21119592875318,50.941475826972,68.21882951653944,216.0,5.496183,746.0,18.98219,0.0,0.0,1693,PRJNA1102355,6,4,Other,missing_ontology,,,False,True,healthy,True,,,12,61920.0
SRX24312786_14,2536,5510.0,2710,5848.0005,2739,5848.0015,SRX24312786,alveolar adventitial fibroblast,CL:4028006,2536,5510.0,26.261343012704174,33.811252268602544,42.9038112522686,57.6950998185118,176.0,3.1941924,813.0,14.754992,13.0,0.23593467,2536,PRJNA1102355,2,14,Other,missing_ontology,,,False,True,healthy,True,,,42,319992.0
SRX24475786_1,920,1641.0,990,1870.0005,1010,1870.0001,SRX24475786,"CD4-positive, alpha-beta T cell",CL:0000624,920,1641.0,31.26142595978062,42.230347349177336,55.08836075563681,74.40585009140767,53.0,3.229738,391.0,23.826935,0.0,0.0,920,PRJNA1108287,5,1,Other,unmapped_ontology,HIV infectious disease,MONDO:0005109,False,False,,True,,MONDO:0005109,15,32300.0
SRX24475786_9,6108,38033.0,6324,41832.004,6462,41831.996,SRX24475786,macrophage,CL:0000235,6108,38033.0,33.88636184366208,42.47364131149265,52.42026661057503,64.89364499250651,1406.0,3.6967895,2835.0,7.4540534,0.0,0.0,6108,PRJNA1108287,52,9,Other,unmapped_ontology,HIV infectious disease,MONDO:0005109,False,False,,True,,MONDO:0005109,40,1084667.0
SRX24475787_26,3393,8540.0,3527,10437.996,3620,10437.999,SRX24475787,macrophage,CL:0000235,3393,8540.0,23.25526932084309,29.28571428571429,37.15456674473068,51.8384074941452,918.0,10.749414,150.0,1.7564403,0.0,0.0,3393,PRJNA1108287,49,26,Other,unmapped_ontology,HIV infectious disease; tuberculosis,"MONDO:0005109,MONDO:0018076",False,False,,True,,"MONDO:0005109,MONDO:0018076",12,90121.0
SRX24475787_9,3361,15916.0,3521,16805.002,3592,16805.004,SRX24475787,macrophage,CL:0000235,3361,15916.0,37.77959286252827,49.10781603417944,59.83287258105051,73.04599145513949,587.0,3.6881127,2615.0,16.430006,0.0,0.0,3361,PRJNA1108287,52,9,Other,unmapped_ontology,HIV infectious disease; tuberculosis,"MONDO:0005109,MONDO:0018076",False,False,,True,,"MONDO:0005109,MONDO:0018076",53,1071829.0
SRX24475789_9,4309,22630.0,4518,23702.998,4600,23702.996,SRX24475789,macrophage,CL:0000235,4309,22630.0,36.94653115333628,46.663720724701726,57.229341581970836,70.41095890410959,151.0,0.6672558,2572.0,11.365444,0.0,0.0,4309,PRJNA1108287,52,9,Other,missing_ontology,,,False,True,healthy,True,,,72,1544669.0
SRX24475790_26,2871,9985.0,2971,10918.003,3042,10918.0,SRX24475790,macrophage,CL:0000235,2871,9985.0,31.477215823735605,38.748122183274916,48.21231847771658,63.56534802203305,1581.0,15.833751,260.0,2.603906,0.0,0.0,2871,PRJNA1108287,49,26,Other,missing_ontology,,,False,True,healthy,True,,,20,461236.0
SRX24475791_9,4070,21139.0,4301,22962.002,4370,22961.996,SRX24475791,macrophage,CL:0000235,4070,21139.0,37.48521689767728,47.3248498036804,57.542930129145184,70.41014239084157,448.0,2.1193056,1905.0,9.011779,0.0,0.0,4070,PRJNA1108287,52,9,Other,missing_ontology,,,False,True,healthy,True,,,29,679210.0
SRX24475792_26,3384,21227.0,3567,22840.002,3642,22840.0,SRX24475792,macrophage,CL:0000235,3384,21227.0,40.56625995194799,51.02934941348283,62.45819004098554,75.62067178593301,649.0,3.0574267,2246.0,10.580864,0.0,0.0,3384,PRJNA1108287,57,26,Other,missing_ontology,,,False,True,healthy,True,,,19,550161.0
SRX24475797_26,4140,16533.0,4351,17926.002,4447,17926.0,SRX24475797,macrophage,CL:0000235,4140,16533.0,28.893727696122905,40.216536623722256,52.011129256638235,65.20292747837658,455.0,2.7520716,3081.0,18.635456,0.0,0.0,4140,PRJNA1108287,39,26,Other,unmapped_ontology,HIV infectious disease,MONDO:0005109,False,False,,True,,MONDO:0005109,19,193636.0
SRX24475797_34,1851,3620.0,1947,4151.9995,1969,4151.999,SRX24475797,macrophage,CL:0000235,1851,3620.0,23.83977900552486,33.14917127071823,44.171270718232044,62.4585635359116,118.0,3.2596686,389.0,10.745856,0.0,0.0,1851,PRJNA1108287,39,34,Other,unmapped_ontology,HIV infectious disease,MONDO:0005109,False,False,,True,,MONDO:0005109,22,212162.0
SRX24475797_9,3445,16139.0,3631,17467.004,3716,17466.998,SRX24475797,macrophage,CL:0000235,3445,16139.0,32.82731272073858,44.41415205403061,56.69496251316686,71.11964805750046,223.0,1.3817462,2589.0,16.041887,0.0,0.0,3445,PRJNA1108287,52,9,Other,unmapped_ontology,HIV infectious disease,MONDO:0005109,False,False,,True,,MONDO:0005109,80,1628273.0
SRX24475802_26,3302,11841.0,3485,12822.996,3553,12822.997,SRX24475802,macrophage,CL:0000235,3302,11841.0,31.205134701461024,39.4561270162993,49.6410776116882,64.00641837682628,547.0,4.619542,1006.0,8.495904,0.0,0.0,3302,PRJNA1108287,57,26,Other,missing_ontology,,,False,True,healthy,True,,,50,468399.0
SRX24732576_1,2352,5045.0,2559,5448.001,2682,5448.003,SRX24732576,"CD4-positive, alpha-beta T cell",CL:0000624,2352,5045.0,22.338949454905848,30.069375619425177,39.781962338949455,56.82854311199207,72.0,1.4271556,715.0,14.172448,0.0,0.0,2352,PRJNA1117768,4,1,COPD,ontology,chronic obstructive pulmonary disease,MONDO:0005002,False,False,,True,,MONDO:0005002,17,71078.0
SRX24841614_1,844,1859.0,915,2474.0007,926,2474.0,SRX24841614,"CD4-positive, alpha-beta T cell",CL:0000624,844,1859.0,38.67670790747714,52.071005917159766,64.33566433566433,81.4954276492738,54.0,2.9047875,659.0,35.449165,0.0,0.0,844,PRJNA1121368,5,1,COPD,ontology,chronic obstructive pulmonary disease,MONDO:0005002,True,False,,True,,MONDO:0005002,13,14689.0
SRX24841614_26,1854,3676.0,1939,4189.0005,1969,4189.0005,SRX24841614,macrophage,CL:0000235,1854,3676.0,26.4417845484222,32.78019586507072,41.70293797606093,59.79325353645266,575.0,15.642002,19.0,0.51686615,0.0,0.0,1854,PRJNA1121368,49,26,COPD,ontology,chronic obstructive pulmonary disease,MONDO:0005002,True,False,,True,,MONDO:0005002,16,75925.0
SRX24841614_43,2861,6830.0,2997,7568.9995,3036,7569.001,SRX24841614,lung multiciliated epithelial cell,CL:1000271,2861,6830.0,29.32650073206442,35.988286969253295,44.099560761347,58.22840409956076,522.0,7.6427526,412.0,6.032211,0.0,0.0,2861,PRJNA1121368,24,43,COPD,ontology,chronic obstructive pulmonary disease,MONDO:0005002,True,False,,True,,MONDO:0005002,10,51986.0
SRX24841614_8,901,1753.0,955,2292.0005,968,2291.9995,SRX24841614,"CD4-positive, alpha-beta T cell",CL:0000624,901,1753.0,39.0188248716486,47.803764974329724,59.212778094694805,77.124928693668,152.0,8.67085,169.0,9.640616,0.0,0.0,901,PRJNA1121368,26,8,COPD,ontology,chronic obstructive pulmonary disease,MONDO:0005002,True,False,,True,,MONDO:0005002,35,178376.0
SRX24841614_9,1748,4132.0,1843,5002.0005,1866,5002.0,SRX24841614,macrophage,CL:0000235,1748,4132.0,32.69603097773475,42.0135527589545,52.05711519845111,68.6108422071636,304.0,7.357212,367.0,8.881898,0.0,0.0,1748,PRJNA1121368,49,9,COPD,ontology,chronic obstructive pulmonary disease,MONDO:0005002,True,False,,True,,MONDO:0005002,27,144609.0
SRX24841615_1,644,1105.0,695,1300.9999,702,1301.0001,SRX24841615,"CD4-positive, alpha-beta T cell",CL:0000624,644,1105.0,35.02262443438914,46.15384615384615,59.81900452488688,86.96832579185521,24.0,2.1719458,343.0,31.040726,0.0,0.0,644,PRJNA1121368,5,1,COPD,ontology,chronic obstructive pulmonary disease,MONDO:0005002,True,False,,True,,MONDO:0005002,56,68860.0
SRX24841615_20,1700,3187.0,1807,3766.999,1831,3767.0002,SRX24841615,"CD4-positive, alpha-beta T cell",CL:0000624,1700,3187.0,25.729526200188264,34.546595544399125,44.74427361154691,62.34703482899279,234.0,7.342328,360.0,11.295889,0.0,0.0,1700,PRJNA1121368,12,20,COPD,ontology,chronic obstructive pulmonary disease,MONDO:0005002,True,False,,True,,MONDO:0005002,17,64934.0
SRX24841615_5,623,914.0,660,1027.0,664,1027.0,SRX24841615,"CD4-positive, alpha-beta T cell",CL:0000624,623,914.0,30.85339168490153,41.79431072210066,53.7199124726477,86.54266958424508,82.0,8.971553,76.0,8.315098,0.0,0.0,623,PRJNA1121368,5,5,COPD,ontology,chronic obstructive pulmonary disease,MONDO:0005002,True,False,,True,,MONDO:0005002,42,61414.0
SRX24841615_8,2565,7735.0,2695,9539.005,2732,9539.0,SRX24841615,pulmonary alveolar type 2 cell,CL:0002063,2565,7735.0,40.31027795733678,48.70071105365223,56.845507433742725,68.45507433742728,238.0,3.0769231,917.0,11.855204,0.0,0.0,2565,PRJNA1121368,26,8,COPD,ontology,chronic obstructive pulmonary disease,MONDO:0005002,True,False,,True,,MONDO:0005002,45,269156.0
SRX24841616_1,843,1815.0,885,2057.0005,895,2057.0,SRX24841616,"CD4-positive, alpha-beta T cell",CL:0000624,843,1815.0,39.72451790633609,52.67217630853994,64.40771349862258,81.10192837465566,72.0,3.966942,575.0,31.68044,0.0,0.0,843,PRJNA1121368,5,1,COPD,ontology,chronic obstructive pulmonary disease,MONDO:0005002,True,False,,True,,MONDO:0005002,16,25703.0
SRX24841616_43,2410,4496.0,2554,5233.0005,2579,5232.999,SRX24841616,lung multiciliated epithelial cell,CL:1000271,2410,4496.0,20.885231316725978,28.91459074733096,38.43416370106761,54.114768683274015,216.0,4.8042703,611.0,13.589857,0.0,0.0,2410,PRJNA1121368,8,43,COPD,ontology,chronic obstructive pulmonary disease,MONDO:0005002,True,False,,True,,MONDO:0005002,15,116149.0
SRX24841616_44,3683,8834.0,3900,9514.004,3958,9514.004,SRX24841616,lung multiciliated epithelial cell,CL:1000271,3683,8834.0,16.425175458455964,23.545392800543354,33.02014942268508,49.73964229114784,387.0,4.380801,587.0,6.6447816,0.0,0.0,3683,PRJNA1121368,8,44,COPD,ontology,chronic obstructive pulmonary disease,MONDO:0005002,True,False,,True,,MONDO:0005002,16,98469.0
SRX24841616_8,2358,6529.0,2500,7199.0,2543,7198.9985,SRX24841616,pulmonary alveolar type 2 cell,CL:0002063,2358,6529.0,38.336651860928164,47.541736866288865,56.24138459182111,68.20340021442793,242.0,3.70654,1115.0,17.077654,0.0,0.0,2358,PRJNA1121368,26,8,COPD,ontology,chronic obstructive pulmonary disease,MONDO:0005002,True,False,,True,,MONDO:0005002,10,67586.0
SRX24841616_9,3309,14357.0,3488,16202.994,3529,16202.999,SRX24841616,macrophage,CL:0000235,3309,14357.0,37.59838406352302,46.7855401546284,57.35877968935015,70.5370202688584,467.0,3.2527685,1100.0,7.661768,0.0,0.0,3309,PRJNA1121368,52,9,COPD,ontology,chronic obstructive pulmonary disease,MONDO:0005002,True,False,,True,,MONDO:0005002,12,179348.0
SRX24841617_44,8183,38647.0,8465,41665.992,8679,41666.004,SRX24841617,lung multiciliated epithelial cell,CL:1000271,8183,38647.0,15.703676870132222,22.15954666597666,30.364581985665122,43.97754030067017,2209.0,5.715838,2802.0,7.25024,0.0,0.0,8183,PRJNA1121368,8,44,COPD,ontology,chronic obstructive pulmonary disease,MONDO:0005002,True,False,,True,,MONDO:0005002,15,186148.0
SRX24841617_8,613,951.0,641,1381.0,646,1381.0,SRX24841617,macrophage,CL:0000235,613,951.0,35.856992639327025,46.05678233438486,56.57202944269191,88.11777076761304,70.0,7.360673,64.0,6.729758,0.0,0.0,613,PRJNA1121368,8,8,COPD,ontology,chronic obstructive pulmonary disease,MONDO:0005002,True,False,,True,,MONDO:0005002,10,41456.0
SRX24841617_9,1882,4667.0,1986,7959.0034,2010,7959.0054,SRX24841617,macrophage,CL:0000235,1882,4667.0,33.87615170344975,42.446968073709016,52.21769873580458,67.90229269337904,538.0,11.527748,315.0,6.7495184,0.0,0.0,1882,PRJNA1121368,49,9,COPD,ontology,chronic obstructive pulmonary disease,MONDO:0005002,True,False,,True,,MONDO:0005002,28,328147.0
SRX24841618_43,3738,9793.0,3928,10888.0,3984,10888.002,SRX24841618,lung multiciliated epithelial cell,CL:1000271,3738,9793.0,17.8290615745941,25.83477994485857,36.18911467374655,52.13928316144185,255.0,2.603901,1158.0,11.824773,0.0,0.0,3738,PRJNA1121368,8,43,COPD,ontology,chronic obstructive pulmonary disease,MONDO:0005002,True,False,,True,,MONDO:0005002,11,140960.0
SRX24841618_9,3183,12548.0,3342,15580.996,3385,15580.994,SRX24841618,macrophage,CL:0000235,3183,12548.0,39.22537456168313,48.28657953458719,57.690468600573794,69.82786101370736,684.0,5.451068,821.0,6.542876,0.0,0.0,3183,PRJNA1121368,52,9,COPD,ontology,chronic obstructive pulmonary disease,MONDO:0005002,True,False,,True,,MONDO:0005002,12,152490.0
SRX24841619_9,5513,30570.0,5723,32275.006,5812,32275.006,SRX24841619,macrophage,CL:0000235,5513,30570.0,29.934576382073928,38.83218842001963,49.123323519790645,62.89826627412496,795.0,2.6005888,2448.0,8.007851,0.0,0.0,5513,PRJNA1121368,52,9,COPD,ontology,chronic obstructive pulmonary disease,MONDO:0005002,True,False,,True,,MONDO:0005002,36,430929.0
SRX25038164_4,3418,9506.0,3626,10904.997,3702,10904.997,SRX25038164,natural killer cell,CL:0000623,3418,9506.0,27.151272880286136,37.891857774037454,47.475278771302335,59.90953082263834,276.0,2.9034295,2079.0,21.870398,0.0,0.0,3418,PRJNA1127657,4,4,COPD,ontology,chronic obstructive pulmonary disease,MONDO:0005002,True,False,,True,,MONDO:0005002,15,57055.0
SRX25038170_26,5401,28046.0,5639,29288.994,5766,29289.002,SRX25038170,macrophage,CL:0000235,5401,28046.0,30.699565000356554,39.00377950509877,48.94102545817585,62.49732582186408,309.0,1.1017615,2291.0,8.168723,0.0,0.0,5401,PRJNA1127657,52,26,COPD,ontology,chronic obstructive pulmonary disease,MONDO:0005002,True,False,,True,,MONDO:0005002,10,84618.0
SRX25038170_4,1630,3877.0,1739,4101.0,1768,4101.0,SRX25038170,"CD8-positive, alpha-beta T cell",CL:0000625,1630,3877.0,29.17204023729688,39.360330152179515,51.328346659788494,69.53830281145216,87.0,2.244003,417.0,10.755738,0.0,0.0,1630,PRJNA1127657,6,4,COPD,ontology,chronic obstructive pulmonary disease,MONDO:0005002,True,False,,True,,MONDO:0005002,11,30176.0
SRX25038170_5,525,797.0,560,862.00006,570,861.99994,SRX25038170,plasma cell,CL:0000786,525,797.0,32.49686323713927,46.42409033877039,59.222082810539526,96.86323713927227,2.0,0.25094104,172.0,21.580929,0.0,0.0,525,PRJNA1127657,5,5,COPD,ontology,chronic obstructive pulmonary disease,MONDO:0005002,True,False,,True,,MONDO:0005002,13,42558.0
SRX25038170_9,4079,17413.0,4270,18458.998,4359,18459.0,SRX25038170,macrophage,CL:0000235,4079,17413.0,33.0385344283007,42.232814563831624,52.66180439901223,66.11726870728766,155.0,0.8901396,1656.0,9.510137,0.0,0.0,4079,PRJNA1127657,52,9,COPD,ontology,chronic obstructive pulmonary disease,MONDO:0005002,True,False,,True,,MONDO:0005002,10,131783.0
SRX25261711_1,2133,3645.0,2240,4102.0,2289,4101.999,SRX25261711,"CD4-positive, alpha-beta T cell",CL:0000624,2133,3645.0,20.0,26.776406035665296,36.13168724279836,53.388203017832645,82.0,2.249657,357.0,9.794239,0.0,0.0,2133,PRJNA1133168,5,1,Interstitial Lung Disease,ontology,fibrotic hypersensitivity pneumonitis,MONDO:0975896,True,False,,True,,MONDO:0975896,48,138821.0
SRX25261711_5,3174,7008.0,3334,7925.999,3396,7925.9985,SRX25261711,"CD8-positive, alpha-beta T cell",CL:0000625,3174,7008.0,19.320776255707763,26.15582191780822,35.01712328767123,50.68493150684932,126.0,1.7979453,665.0,9.489156,0.0,0.0,3174,PRJNA1133168,5,5,Interstitial Lung Disease,ontology,fibrotic hypersensitivity pneumonitis,MONDO:0975896,True,False,,True,,MONDO:0975896,14,51997.0
SRX25261712_1,1284,2069.0,1383,2808.9995,1410,2808.9993,SRX25261712,"CD4-positive, alpha-beta T cell",CL:0000624,1284,2069.0,24.649589173513775,32.866118898018364,43.30594490091832,62.107298211696474,88.0,4.2532625,215.0,10.391493,0.0,0.0,1284,PRJNA1133168,5,1,Interstitial Lung Disease,ontology,fibrotic hypersensitivity pneumonitis,MONDO:0975896,True,False,,True,,MONDO:0975896,28,75582.0
SRX25261712_26,3840,24119.0,4036,24945.004,4125,24945.002,SRX25261712,macrophage,CL:0000235,3840,24119.0,47.08321240515776,55.54542062274555,63.87909946515195,75.51308097350636,128.0,0.53070194,1431.0,5.9330816,0.0,0.0,3840,PRJNA1133168,39,26,Interstitial Lung Disease,ontology,fibrotic hypersensitivity pneumonitis,MONDO:0975896,True,False,,True,,MONDO:0975896,10,158006.0
SRX25261712_4,2003,3935.0,2116,4636.0005,2172,4635.999,SRX25261712,"CD8-positive, alpha-beta T cell",CL:0000625,2003,3935.0,23.32909783989835,32.554002541296065,42.94790343074968,60.02541296060991,88.0,2.2363405,603.0,15.324016,0.0,0.0,2003,PRJNA1133168,5,4,Interstitial Lung Disease,ontology,fibrotic hypersensitivity pneumonitis,MONDO:0975896,True,False,,True,,MONDO:0975896,18,38642.0
SRX25261712_5,1869,3494.0,1969,3927.9995,2008,3928.0002,SRX25261712,"CD8-positive, alpha-beta T cell",CL:0000625,1869,3494.0,22.23812249570693,30.56668574699485,40.89868345735547,59.673726388093876,68.0,1.9461936,469.0,13.423011,0.0,0.0,1869,PRJNA1133168,5,5,Interstitial Lung Disease,ontology,fibrotic hypersensitivity pneumonitis,MONDO:0975896,True,False,,True,,MONDO:0975896,15,40282.0
SRX25261713_26,772,1193.0,820,1361.9999,824,1362.0,SRX25261713,macrophage,CL:0000235,772,1193.0,31.852472757753564,40.2347024308466,52.053646269907794,77.20033528918692,209.0,17.51886,8.0,0.67057836,0.0,0.0,772,PRJNA1133168,49,26,Interstitial Lung Disease,ontology,fibrotic hypersensitivity pneumonitis,MONDO:0975896,True,False,,True,,MONDO:0975896,14,85913.0
SRX25261713_9,3799,14915.0,3978,16042.995,4069,16042.994,SRX25261713,macrophage,CL:0000235,3799,14915.0,36.868923902111966,45.86657727120348,54.58933959101575,66.8990948709353,685.0,4.592692,1136.0,7.616493,0.0,0.0,3799,PRJNA1133168,52,9,Interstitial Lung Disease,ontology,fibrotic hypersensitivity pneumonitis,MONDO:0975896,True,False,,True,,MONDO:0975896,36,457360.0
SRX25261716_9,5421,34724.0,5626,36702.004,5738,36702.004,SRX25261716,macrophage,CL:0000235,5421,34724.0,35.58633797949545,43.94367008409169,53.864762124179244,66.96809123372883,566.0,1.6299965,2772.0,7.982951,0.0,0.0,5421,PRJNA1133168,52,9,Interstitial Lung Disease,ontology,fibrotic hypersensitivity pneumonitis,MONDO:0975896,True,False,,True,,MONDO:0975896,10,403285.0
SRX25261718_26,731,1105.0,775,1905.9998,790,1905.9995,SRX25261718,macrophage,CL:0000235,731,1105.0,34.660633484162894,42.89592760180995,51.94570135746607,79.09502262443439,220.0,19.909502,40.0,3.6199098,0.0,0.0,731,PRJNA1133168,49,26,Interstitial Lung Disease,ontology,fibrotic hypersensitivity pneumonitis,MONDO:0975896,True,False,,True,,MONDO:0975896,16,80000.0
SRX25261718_5,643,910.0,700,1030.0,709,1030.0,SRX25261718,B cell,CL:0000236,643,910.0,28.79120879120879,39.89010989010989,51.318681318681314,84.28571428571429,6.0,0.6593407,136.0,14.945056,0.0,0.0,643,PRJNA1133168,5,5,Interstitial Lung Disease,ontology,fibrotic hypersensitivity pneumonitis,MONDO:0975896,True,False,,True,,MONDO:0975896,10,10664.0
SRX25261718_9,1915,5323.0,2046,5733.999,2075,5733.9985,SRX25261718,macrophage,CL:0000235,1915,5323.0,35.97595340973135,44.86191996994176,54.987788840879205,70.2423445425512,36.0,0.67631036,283.0,5.3165507,0.0,0.0,1915,PRJNA1133168,52,9,Interstitial Lung Disease,ontology,fibrotic hypersensitivity pneumonitis,MONDO:0975896,True,False,,True,,MONDO:0975896,122,777067.0
SRX25261735_26,558,768.0,604,1047.9998,615,1047.9994,SRX25261735,macrophage,CL:0000235,558,768.0,28.385416666666668,40.36458333333333,53.385416666666664,92.44791666666666,92.0,11.979166,27.0,3.515625,0.0,0.0,558,PRJNA1133168,49,26,Interstitial Lung Disease,ontology,fibrotic hypersensitivity pneumonitis,MONDO:0975896,True,False,,True,,MONDO:0975896,12,68446.0
SRX25261735_9,5031,28455.0,5273,31398.014,5398,31398.006,SRX25261735,macrophage,CL:0000235,5031,28455.0,37.093656650852225,45.80917237743806,55.33298190124758,67.66824811105255,149.0,0.5236338,2253.0,7.9177647,0.0,0.0,5031,PRJNA1133168,52,9,Interstitial Lung Disease,ontology,fibrotic hypersensitivity pneumonitis,MONDO:0975896,True,False,,True,,MONDO:0975896,38,554335.0
SRX25261737_26,2888,9260.0,3056,10340.0,3110,10340.0,SRX25261737,macrophage,CL:0000235,2888,9260.0,32.926565874730024,41.30669546436285,51.13390928725702,65.17278617710583,174.0,1.8790497,427.0,4.611231,0.0,0.0,2888,PRJNA1133168,52,26,Interstitial Lung Disease,ontology,fibrotic hypersensitivity pneumonitis,MONDO:0975896,True,False,,True,,MONDO:0975896,16,118334.0
SRX25261737_9,2617,8141.0,2759,8848.999,2811,8849.0,SRX25261737,macrophage,CL:0000235,2617,8141.0,32.76010318142734,41.899029603242845,52.46284240265323,67.42414936739958,204.0,2.5058346,640.0,7.861442,0.0,0.0,2617,PRJNA1133168,52,9,Interstitial Lung Disease,ontology,fibrotic hypersensitivity pneumonitis,MONDO:0975896,True,False,,True,,MONDO:0975896,69,647197.0
SRX25261738_9,5624,26756.0,5884,28682.004,6029,28682.006,SRX25261738,macrophage,CL:0000235,5624,26756.0,33.91015099416953,41.92330692181193,50.96800717596053,63.19703991628046,929.0,3.4721184,2166.0,8.095381,0.0,0.0,5624,PRJNA1133168,52,9,Interstitial Lung Disease,ontology,fibrotic hypersensitivity pneumonitis,MONDO:0975896,True,False,,True,,MONDO:0975896,29,462277.0
SRX25261766_24,3425,9724.0,3595,12401.004,3675,12401.0,SRX25261766,macrophage,CL:0000235,3425,9724.0,28.815302344714112,36.425339366515836,45.43397778691896,58.94693541752365,363.0,3.7330317,519.0,5.33731,0.0,0.0,3425,PRJNA1133168,53,24,Interstitial Lung Disease,ontology,fibrotic hypersensitivity pneumonitis,MONDO:0975896,True,False,,True,,MONDO:0975896,10,71692.0
SRX25261766_26,2349,6356.0,2503,7322.0005,2536,7322.0015,SRX25261766,macrophage,CL:0000235,2349,6356.0,31.02580239144116,40.32410320956576,50.393329137822526,65.52863436123349,116.0,1.8250473,466.0,7.331655,0.0,0.0,2349,PRJNA1133168,52,26,Interstitial Lung Disease,ontology,fibrotic hypersensitivity pneumonitis,MONDO:0975896,True,False,,True,,MONDO:0975896,23,186656.0
SRX25261766_9,3406,14764.0,3602,15927.0,3678,15926.999,SRX25261766,macrophage,CL:0000235,3406,14764.0,39.73855323760498,48.970468707667294,59.14386345163912,71.63370360335952,417.0,2.8244379,1315.0,8.9068,0.0,0.0,3406,PRJNA1133168,52,9,Interstitial Lung Disease,ontology,fibrotic hypersensitivity pneumonitis,MONDO:0975896,True,False,,True,,MONDO:0975896,41,403345.0
SRX25261767_1,1571,3164.0,1683,3654.9993,1713,3654.9998,SRX25261767,"CD4-positive, alpha-beta T cell",CL:0000624,1571,3164.0,27.4968394437421,38.36915297092288,49.46270543615676,66.1504424778761,57.0,1.801517,683.0,21.5866,0.0,0.0,1571,PRJNA1133168,5,1,Interstitial Lung Disease,ontology,fibrotic hypersensitivity pneumonitis,MONDO:0975896,True,False,,True,,MONDO:0975896,15,40885.0
SRX25261767_26,6247,32601.0,6527,35512.004,6715,35512.004,SRX25261767,macrophage,CL:0000235,6247,32601.0,30.60028833471366,38.29330388638385,47.14272568326125,59.85705959939879,949.0,2.9109535,2040.0,6.257477,0.0,0.0,6247,PRJNA1133168,52,26,Interstitial Lung Disease,ontology,fibrotic hypersensitivity pneumonitis,MONDO:0975896,True,False,,True,,MONDO:0975896,12,310386.0
SRX25261767_5,979,1663.0,1050,1880.0002,1063,1879.9999,SRX25261767,B cell,CL:0000236,979,1663.0,26.819001803968735,37.52254960914011,50.87191822008419,71.19663259170174,71.0,4.269393,274.0,16.476248,0.0,0.0,979,PRJNA1133168,5,5,Interstitial Lung Disease,ontology,fibrotic hypersensitivity pneumonitis,MONDO:0975896,True,False,,True,,MONDO:0975896,16,39755.0
SRX25318272_20,5234,19884.0,5453,20501.01,5558,20501.004,SRX25318272,basal cell,CL:0000646,5234,19884.0,24.929591631462483,33.7809293904647,42.92395896197948,55.687990343995175,1220.0,6.1355863,2811.0,14.136993,0.0,0.0,5234,PRJNA1135480,17,20,Lung Cancer,ontology,lung cancer,MONDO:0008903,True,False,,True,,MONDO:0008903,79,782055.0
SRX25318272_21,1207,3621.0,1293,3793.0,1309,3792.9993,SRX25318272,basal cell,CL:0000646,1207,3621.0,40.016570008285,55.97901132283899,67.55040044186688,80.47500690417012,4.0,0.11046672,1427.0,39.409004,0.0,0.0,1207,PRJNA1135480,36,21,Lung Cancer,ontology,lung cancer,MONDO:0008903,True,False,,True,,MONDO:0008903,10,60638.0
SRX25318272_23,2882,8202.0,3023,8469.998,3065,8470.0,SRX25318272,respiratory tract goblet cell,CL:0002370,2882,8202.0,31.297244574494027,41.611801999512316,51.53621068032187,64.7037307973665,601.0,7.3274813,1302.0,15.874177,0.0,0.0,2882,PRJNA1135480,17,23,Lung Cancer,ontology,lung cancer,MONDO:0008903,True,False,,True,,MONDO:0008903,30,284755.0
SRX25318272_31,3119,9237.0,3267,9595.001,3345,9595.004,SRX25318272,basal cell,CL:0000646,3119,9237.0,32.46725127205803,42.827757930063875,52.01905380534806,64.14420266320235,1098.0,11.886976,1787.0,19.346107,0.0,0.0,3119,PRJNA1135480,17,31,Lung Cancer,ontology,lung cancer,MONDO:0008903,True,False,,True,,MONDO:0008903,136,1374470.0
SRX25318272_45,3390,14402.0,3534,14801.0,3606,14800.996,SRX25318272,respiratory tract goblet cell,CL:0002370,3390,14402.0,38.12664907651715,46.38939036244966,56.36717122621858,69.0251353978614,257.0,1.7844744,1547.0,10.741564,0.0,0.0,3390,PRJNA1135480,17,45,Lung Cancer,ontology,lung cancer,MONDO:0008903,True,False,,True,,MONDO:0008903,77,972880.0
SRX25319034_20,7123,30087.0,7405,31080.008,7624,31080.01,SRX25319034,basal cell,CL:0000646,7123,30087.0,14.787117359656996,20.503872104231064,28.204872536311363,41.99488151028684,1448.0,4.81271,2106.0,6.9997005,0.0,0.0,7123,PRJNA1135481,81,20,Other,missing_ontology,,,False,True,healthy,True,,,33,307381.0
SRX25319034_21,489,586.0,533,611.0,535,611.0,SRX25319034,UNKNOWN,,489,586.0,23.72013651877133,33.617747440273035,50.68259385665529,100.0,41.0,6.996587,41.0,6.996587,0.0,0.0,489,PRJNA1135481,81,21,Other,missing_ontology,,,False,True,healthy,True,,,16,10480.0
SRX25319034_31,4034,10301.0,4183,10612.999,4275,10613.002,SRX25319034,basal cell,CL:0000646,4034,10301.0,17.105135423745267,23.46374138433162,31.996893505484902,47.645859625279094,585.0,5.67906,703.0,6.8245797,0.0,0.0,4034,PRJNA1135481,81,31,Other,missing_ontology,,,False,True,healthy,True,,,31,273897.0
SRX25319034_43,876,1185.0,926,1229.0,933,1229.0001,SRX25319034,respiratory tract goblet cell,CL:0002370,876,1185.0,23.037974683544306,31.476793248945146,42.95358649789029,68.27004219409282,110.0,9.282701,93.0,7.848101,0.0,0.0,876,PRJNA1135481,81,43,Other,missing_ontology,,,False,True,healthy,True,,,118,200738.0
SRX25319034_44,3620,8295.0,3797,8565.0,3867,8565.0,SRX25319034,lung multiciliated epithelial cell,CL:1000271,3620,8295.0,21.15732368896926,26.654611211573236,34.63532248342375,48.92103676913804,1080.0,13.019891,336.0,4.050633,0.0,0.0,3620,PRJNA1135481,9,44,Other,missing_ontology,,,False,True,healthy,True,,,27,218254.0
SRX25319034_45,3635,8391.0,3820,8695.0,3925,8695.0,SRX25319034,respiratory tract goblet cell,CL:0002370,3635,8391.0,18.388749851030866,24.359432725539268,32.55869383863663,47.81313311881778,535.0,6.3758793,508.0,6.0541058,0.0,0.0,3635,PRJNA1135481,81,45,Other,missing_ontology,,,False,True,healthy,True,,,21,225469.0
SRX25319035_20,3631,8805.0,3809,9127.0,3877,9127.002,SRX25319035,basal cell,CL:0000646,3631,8805.0,18.796138557637708,25.167518455423053,33.70812038614424,49.6763202725724,638.0,7.2458835,727.0,8.256672,0.0,0.0,3631,PRJNA1135481,81,20,Other,missing_ontology,,,False,True,healthy,True,,,18,286834.0
SRX25319035_31,5436,17835.0,5640,18384.002,5783,18384.0,SRX25319035,basal cell,CL:0000646,5436,17835.0,21.721334454723856,27.72638071208298,35.54247266610597,48.80291561536305,1502.0,8.421643,1280.0,7.176899,0.0,0.0,5436,PRJNA1135481,81,31,Other,missing_ontology,,,False,True,healthy,True,,,11,145896.0
SRX25319035_44,4632,12132.0,4844,12586.999,4958,12586.996,SRX25319035,lung multiciliated epithelial cell,CL:1000271,4632,12132.0,16.584240026376527,22.263435542367294,29.73953181668315,44.45268710847346,949.0,7.822288,441.0,3.635015,0.0,0.0,4632,PRJNA1135481,9,44,Other,missing_ontology,,,False,True,healthy,True,,,32,420685.0
SRX25319035_45,3719,9957.0,3949,10459.0,4030,10458.999,SRX25319035,respiratory tract goblet cell,CL:0002370,3719,9957.0,25.519734859897557,31.42512805061766,39.47976298081752,53.951993572361154,956.0,9.601285,550.0,5.523752,0.0,0.0,3719,PRJNA1135481,81,45,Other,missing_ontology,,,False,True,healthy,True,,,12,155704.0
SRX25319036_20,4196,10333.0,4388,10668.998,4462,10668.998,SRX25319036,basal cell,CL:0000646,4196,10333.0,17.477983160747122,24.136262460079358,33.05913093970773,47.19829671924901,523.0,5.061454,951.0,9.203523,0.0,0.0,4196,PRJNA1135481,81,20,Other,unmapped_ontology,malignant testicular germ cell tumor,MONDO:0003510,False,True,healthy,True,,MONDO:0003510,11,131036.0
SRX25319036_31,4606,14543.0,4802,15032.998,4899,15032.997,SRX25319036,basal cell,CL:0000646,4606,14543.0,18.331843498590388,25.30427009557863,34.75899057966031,50.24410369249811,899.0,6.1816683,1468.0,10.094203,0.0,0.0,4606,PRJNA1135481,81,31,Other,unmapped_ontology,malignant testicular germ cell tumor,MONDO:0003510,False,True,healthy,True,,MONDO:0003510,33,370408.0
SRX25319036_43,5472,16874.0,5700,17494.002,5826,17493.996,SRX25319036,respiratory tract goblet cell,CL:0002370,5472,16874.0,21.204219509304256,28.45205641815811,36.630318833708664,49.06364821619059,1527.0,9.049425,1834.0,10.868793,0.0,0.0,5472,PRJNA1135481,81,43,Other,unmapped_ontology,malignant testicular germ cell tumor,MONDO:0003510,False,True,healthy,True,,MONDO:0003510,10,72016.0
SRX25319036_45,7315,29906.0,7589,30814.99,7804,30815.023,SRX25319036,respiratory tract goblet cell,CL:0002370,7315,29906.0,21.67123654116231,28.673175951314118,36.21681267972982,47.726208787534276,2751.0,9.198823,3358.0,11.228516,1.0,0.0033438108,7315,PRJNA1135481,81,45,Other,unmapped_ontology,malignant testicular germ cell tumor,MONDO:0003510,False,True,healthy,True,,MONDO:0003510,23,340446.0
SRX25319037_31,6000,20286.0,6271,20930.996,6407,20930.994,SRX25319037,basal cell,CL:0000646,6000,20286.0,22.14827960169575,28.748890860692107,37.02060534358671,49.2260672384896,1114.0,5.4914722,1898.0,9.356206,0.0,0.0,6000,PRJNA1135481,81,31,Other,missing_ontology,,,False,True,healthy,True,,,21,413643.0
SRX25319037_44,4300,10447.0,4522,10791.0,4595,10791.0,SRX25319037,lung multiciliated epithelial cell,CL:1000271,4300,10447.0,17.09581698095147,23.279410357040298,31.616732076194122,46.44395520245047,607.0,5.8102803,794.0,7.600268,0.0,0.0,4300,PRJNA1135481,9,44,Other,missing_ontology,,,False,True,healthy,True,,,23,435649.0
SRX25319037_45,7209,29159.0,7495,30041.006,7701,30041.012,SRX25319037,respiratory tract goblet cell,CL:0002370,7209,29159.0,18.947837717342843,24.719640591241127,31.880379985596214,44.09273294694606,1631.0,5.59347,1990.0,6.8246512,0.0,0.0,7209,PRJNA1135481,81,45,Other,missing_ontology,,,False,True,healthy,True,,,16,399648.0
SRX25319038_31,3681,8805.0,3905,9121.999,3953,9121.998,SRX25319038,basal cell,CL:0000646,3681,8805.0,20.30664395229983,27.98409994321408,37.160704145371945,51.720613287904605,376.0,4.270301,811.0,9.210676,0.0,0.0,3681,PRJNA1135481,81,31,Other,missing_ontology,,,False,True,healthy,True,,,27,526812.0
SRX25319038_44,6173,20730.0,6461,21413.002,6623,21412.998,SRX25319038,lung multiciliated epithelial cell,CL:1000271,6173,20730.0,17.163531114327064,22.73999035214665,29.96140858658948,43.338157260009645,1751.0,8.446695,914.0,4.409069,0.0,0.0,6173,PRJNA1135481,9,44,Other,missing_ontology,,,False,True,healthy,True,,,15,363439.0
SRX25319038_45,9242,59743.0,9571,61566.004,9899,61565.992,SRX25319038,respiratory tract goblet cell,CL:0002370,9242,59743.0,23.100614297909377,30.139095793649467,37.4504126006394,48.457559881492394,3711.0,6.2116065,6340.0,10.612122,0.0,0.0,9242,PRJNA1135481,81,45,Other,missing_ontology,,,False,True,healthy,True,,,18,496046.0
SRX25363535_14,4329,11936.0,4595,12649.998,4714,12649.995,SRX25363535,alveolar adventitial fibroblast,CL:4028006,4329,11936.0,21.053954423592494,29.607908847184987,37.91052278820376,51.60020107238606,320.0,2.6809652,2006.0,16.8063,1.0,0.008378017,4329,PRJNA1136930,2,14,Other,missing_ontology,,,False,True,explicitControl,True,,,38,451227.0
SRX25737227_20,5904,20624.0,6123,21311.0,6309,21311.004,SRX25737227,basal cell,CL:0000646,5904,20624.0,16.446858029480218,22.556245151280063,30.736035686578745,44.72459270752521,1253.0,6.075446,1439.0,6.977308,0.0,0.0,5904,PRJNA1149046,81,20,Other,missing_ontology,,,False,True,healthy,True,,,34,455142.0
SRX25737227_31,5762,19684.0,5979,20329.998,6147,20330.006,SRX25737227,basal cell,CL:0000646,5762,19684.0,17.592968908758383,23.318431213168054,31.258890469416784,45.61064824222719,1605.0,8.153831,1233.0,6.2639704,0.0,0.0,5762,PRJNA1149046,81,31,Other,missing_ontology,,,False,True,healthy,True,,,33,462475.0
SRX25737227_43,1901,2793.0,2024,2892.0002,2037,2892.0002,SRX25737227,respiratory tract goblet cell,CL:0002370,1901,2793.0,16.684568564267813,22.699606158252774,31.47153598281418,49.838882921589686,170.0,6.086645,155.0,5.549588,0.0,0.0,1901,PRJNA1149046,81,43,Other,missing_ontology,,,False,True,healthy,True,,,126,294574.0
SRX25737227_44,5143,14373.0,5383,14831.0,5482,14830.996,SRX25737227,lung multiciliated epithelial cell,CL:1000271,5143,14373.0,16.43359076045363,21.957837612189522,29.381479162318236,43.58867320670702,1170.0,8.140263,659.0,4.5849857,0.0,0.0,5143,PRJNA1149046,9,44,Other,missing_ontology,,,False,True,healthy,True,,,31,367959.0
SRX25737227_45,1720,3271.0,1862,3405.0007,1893,3405.0007,SRX25737227,respiratory tract goblet cell,CL:0002370,1720,3271.0,28.187098746560686,35.40201773158056,45.27667380006115,62.702537450321,496.0,15.163559,296.0,9.04922,0.0,0.0,1720,PRJNA1149046,81,45,Other,missing_ontology,,,False,True,healthy,True,,,16,175080.0
SRX25737229_20,2317,5260.0,2424,5426.0,2476,5425.9995,SRX25737229,respiratory tract goblet cell,CL:0002370,2317,5260.0,32.11026615969582,37.98479087452471,46.00760456273764,60.45627376425855,1039.0,19.752851,66.0,1.2547529,0.0,0.0,2317,PRJNA1149046,81,20,Other,missing_ontology,,,False,True,healthy,True,,,12,200749.0
SRX25737229_31,5271,17350.0,5485,17960.998,5589,17960.998,SRX25737229,basal cell,CL:0000646,5271,17350.0,22.253602305475503,30.89337175792507,39.23919308357349,51.757925072046106,1094.0,6.3054757,2512.0,14.478386,0.0,0.0,5271,PRJNA1149046,81,31,Other,missing_ontology,,,False,True,healthy,True,,,54,1072452.0
SRX25737229_45,9125,60733.0,9400,62748.996,9757,62748.953,SRX25737229,respiratory tract goblet cell,CL:0002370,9125,60733.0,18.44631419491874,24.74437291093804,32.667577758385065,45.12867798396259,3331.0,5.484662,4987.0,8.211351,0.0,0.0,9125,PRJNA1149046,81,45,Other,missing_ontology,,,False,True,healthy,True,,,27,801446.0
SRX25737231_31,6020,22701.0,6279,23335.0,6399,23335.0,SRX25737231,basal cell,CL:0000646,6020,22701.0,22.302982247478084,28.747632262895905,37.09528214616096,50.6233205585657,1164.0,5.1275277,1544.0,6.801462,0.0,0.0,6020,PRJNA1149046,81,31,Other,missing_ontology,,,False,True,healthy,True,,,16,781011.0
SRX25737231_45,10486,88646.0,10819,91746.01,11185,91745.99,SRX25737231,respiratory tract goblet cell,CL:0002370,10486,88646.0,23.160661507569433,33.680030683843604,41.59014507140762,51.892922410486655,4701.0,5.303116,16650.0,18.782574,0.0,0.0,10486,PRJNA1149046,81,45,Other,missing_ontology,,,False,True,healthy,True,,,17,1077010.0
SRX25737232_21,8685,55166.0,8973,57038.0,9242,57037.99,SRX25737232,respiratory tract goblet cell,CL:0002370,8685,55166.0,25.59185005256861,35.772033498894245,43.844034368995395,54.55715476924192,4408.0,7.990429,10179.0,18.451582,0.0,0.0,8685,PRJNA1149046,17,21,Other,missing_ontology,,,False,True,healthy,True,,,12,240059.0
SRX25737232_43,1232,2607.0,1320,2803.0,1332,2802.9995,SRX25737232,respiratory tract goblet cell,CL:0002370,1232,2607.0,37.66781741465286,45.9915611814346,55.7729190640583,71.92174913693901,433.0,16.609129,263.0,10.088224,0.0,0.0,1232,PRJNA1149046,24,43,Other,missing_ontology,,,False,True,healthy,True,,,16,375419.0
SRX25737232_44,8873,44559.0,9186,46045.016,9491,46044.98,SRX25737232,lung multiciliated epithelial cell,CL:1000271,8873,44559.0,15.657891783926928,21.506317466729506,29.116452344083125,41.899504028366884,1939.0,4.351534,2695.0,6.0481606,4.0,0.008976862,8873,PRJNA1149046,24,44,Other,missing_ontology,,,False,True,healthy,True,,,24,705720.0
SRX26487560_1,1363,2135.0,1430,2430.9995,1448,2430.9998,SRX26487560,"CD4-positive, alpha-beta T cell",CL:0000624,1363,2135.0,21.35831381733021,28.384074941451992,38.68852459016394,59.57845433255269,115.0,5.386417,26.0,1.2177986,0.0,0.0,1363,PRJNA1177414,4,1,Lung Cancer,ontology,non-small cell lung carcinoma,MONDO:0005233,False,True,matchedAdjacent,True,,MONDO:0005233,72,318200.0
SRX26487560_5,2578,6653.0,2716,7566.9995,2764,7567.0,SRX26487560,"CD8-positive, alpha-beta T cell",CL:0000625,2578,6653.0,24.019239440853752,33.18803547271907,44.41605290846235,61.59627235833458,234.0,3.51721,750.0,11.273109,0.0,0.0,2578,PRJNA1177414,5,5,Lung Cancer,ontology,non-small cell lung carcinoma,MONDO:0005233,False,True,matchedAdjacent,True,,MONDO:0005233,24,118595.0
SRX26487562_1,1475,3130.0,1585,3485.999,1616,3485.9993,SRX26487562,"CD4-positive, alpha-beta T cell",CL:0000624,1475,3130.0,28.626198083067095,39.456869009584665,50.894568690095845,68.84984025559106,102.0,3.258786,462.0,14.760384,0.0,0.0,1475,PRJNA1177414,5,1,Lung Cancer,ontology,lung adenocarcinoma,MONDO:0005061,True,False,,True,,MONDO:0005061,87,273375.0
SRX26487562_5,1405,2760.0,1510,3902.9995,1547,3902.9998,SRX26487562,"CD4-positive, alpha-beta T cell",CL:0000624,1405,2760.0,29.601449275362317,39.85507246376812,50.21739130434783,67.21014492753623,94.0,3.405797,295.0,10.688405,0.0,0.0,1405,PRJNA1177414,5,5,Lung Cancer,ontology,lung adenocarcinoma,MONDO:0005061,True,False,,True,,MONDO:0005061,64,257299.0
SRX26487567_1,1602,4102.0,1694,4508.0,1721,4507.9985,SRX26487567,"CD4-positive, alpha-beta T cell",CL:0000624,1602,4102.0,32.52072159921989,45.39249146757679,57.26474890297416,73.13505607020966,33.0,0.8044857,999.0,24.353973,0.0,0.0,1602,PRJNA1177414,5,1,Lung Cancer,ontology,non-small cell lung carcinoma,MONDO:0005233,True,False,,True,,MONDO:0005233,11,28085.0
SRX26487567_20,5246,16309.0,5502,18503.002,5613,18503.008,SRX26487567,respiratory tract goblet cell,CL:0002370,5246,16309.0,22.245385983199462,29.247654669201058,37.55595070206634,50.89827702495554,849.0,5.2057147,1659.0,10.1722975,1.0,0.0061315843,5246,PRJNA1177414,12,20,Lung Cancer,ontology,non-small cell lung carcinoma,MONDO:0005233,True,False,,True,,MONDO:0005233,21,207105.0
SRX26487569_1,1275,1946.0,1359,2382.0002,1381,2382.001,SRX26487569,"CD4-positive, alpha-beta T cell",CL:0000624,1275,1946.0,21.223021582733814,28.82836587872559,39.105858170606375,60.17471736896197,64.0,3.2887976,31.0,1.5930113,0.0,0.0,1275,PRJNA1177414,4,1,Lung Cancer,ontology,lung adenocarcinoma,MONDO:0005061,True,False,,True,,MONDO:0005061,40,171286.0
SRX26487569_5,1522,2875.0,1605,3728.9995,1633,3728.9995,SRX26487569,"CD4-positive, alpha-beta T cell",CL:0000624,1522,2875.0,29.495652173913044,37.913043478260875,47.547826086956526,64.45217391304348,60.0,2.0869565,403.0,14.017391,0.0,0.0,1522,PRJNA1177414,5,5,Lung Cancer,ontology,lung adenocarcinoma,MONDO:0005061,True,False,,True,,MONDO:0005061,16,61361.0
SRX26487570_1,1026,1792.0,1072,1963.0005,1093,1963.0,SRX26487570,"CD4-positive, alpha-beta T cell",CL:0000624,1026,1792.0,31.58482142857143,40.011160714285715,51.171875,70.64732142857143,75.0,4.185268,80.0,4.464286,0.0,0.0,1026,PRJNA1177414,5,1,Lung Cancer,disease_text,,,False,True,matchedAdjacent,True,,,58,219222.0
SRX26487570_5,1055,1946.0,1107,2208.0002,1117,2207.9993,SRX26487570,"CD4-positive, alpha-beta T cell",CL:0000624,1055,1946.0,30.52415210688592,41.82939362795478,53.49434737923947,71.47995889003084,126.0,6.4748197,438.0,22.507708,0.0,0.0,1055,PRJNA1177414,5,5,Lung Cancer,disease_text,,,False,True,matchedAdjacent,True,,,67,322323.0
SRX26487571_1,200,235.0,214,509.99988,217,509.99933,SRX26487571,"CD4-positive, alpha-beta T cell",CL:0000624,200,235.0,36.17021276595745,57.446808510638306,100.0,100.0,1.0,0.4255319,1.0,0.4255319,0.0,0.0,200,PRJNA1177414,5,1,Lung Cancer,ontology,non-small cell lung carcinoma,MONDO:0005233,False,True,matchedAdjacent,True,,MONDO:0005233,15,7101.0
SRX26487571_21,244,315.0,264,362.00003,266,362.00006,SRX26487571,"CD4-positive, alpha-beta T cell",CL:0000624,244,315.0,38.41269841269842,54.285714285714285,86.03174603174604,100.0,3.0,0.952381,6.0,1.904762,0.0,0.0,244,PRJNA1177414,5,21,Lung Cancer,ontology,non-small cell lung carcinoma,MONDO:0005233,False,True,matchedAdjacent,True,,MONDO:0005233,16,5205.0
SRX26487572_1,1108,2025.0,1169,2253.0,1184,2253.0005,SRX26487572,"CD4-positive, alpha-beta T cell",CL:0000624,1108,2025.0,27.60493827160494,36.93827160493827,49.08641975308642,69.9753086419753,143.0,7.061728,29.0,1.4320987,0.0,0.0,1108,PRJNA1177414,4,1,Lung Cancer,ontology,non-small cell lung carcinoma,MONDO:0005233,True,False,,True,,MONDO:0005233,54,219843.0
SRX26487572_5,2237,5447.0,2336,6208.0005,2384,6208.0,SRX26487572,"CD8-positive, alpha-beta T cell",CL:0000625,2237,5447.0,24.80264365705893,35.487424270240496,46.521020745364424,62.78685514962364,53.0,0.9730127,894.0,16.412704,0.0,0.0,2237,PRJNA1177414,5,5,Lung Cancer,ontology,non-small cell lung carcinoma,MONDO:0005233,True,False,,True,,MONDO:0005233,41,235395.0
SRX26487573_1,260,340.0,279,469.00003,284,468.99997,SRX26487573,plasma cell,CL:0000786,260,340.0,38.23529411764706,52.94117647058824,82.35294117647058,100.0,3.0,0.882353,8.0,2.3529413,0.0,0.0,260,PRJNA1177414,5,1,Lung Cancer,ontology,non-small cell lung carcinoma,MONDO:0005233,True,False,,True,,MONDO:0005233,13,6155.0
SRX26487573_21,261,375.0,286,596.0002,291,596.00037,SRX26487573,B cell,CL:0000236,261,375.0,43.733333333333334,57.06666666666666,83.73333333333333,100.0,0.0,0.0,4.0,1.0666666,0.0,0.0,261,PRJNA1177414,47,21,Lung Cancer,ontology,non-small cell lung carcinoma,MONDO:0005233,True,False,,True,,MONDO:0005233,12,4559.0
SRX26487574_1,1266,2124.0,1345,2308.0002,1377,2307.9995,SRX26487574,"CD4-positive, alpha-beta T cell",CL:0000624,1266,2124.0,18.314500941619585,27.401129943502823,40.536723163841806,63.93596986817326,18.0,0.84745765,11.0,0.5178908,0.0,0.0,1266,PRJNA1177414,4,1,Lung Cancer,ontology,lung adenocarcinoma,MONDO:0005061,True,False,,True,,MONDO:0005061,75,322498.0
SRX26487574_4,2087,5022.0,2191,6195.004,2218,6195.001,SRX26487574,"CD4-positive, alpha-beta T cell",CL:0000624,2087,5022.0,32.1784149741139,42.63241736360016,52.09080047789725,66.268418956591,13.0,0.258861,1148.0,22.859419,0.0,0.0,2087,PRJNA1177414,5,4,Lung Cancer,ontology,lung adenocarcinoma,MONDO:0005061,True,False,,True,,MONDO:0005061,21,69539.0
SRX26487576_1,1708,4342.0,1790,5292.9966,1817,5292.999,SRX26487576,"CD4-positive, alpha-beta T cell",CL:0000624,1708,4342.0,33.69415016121603,43.11377245508982,53.707968678028564,70.03684937816675,136.0,3.1321974,706.0,16.259789,0.0,0.0,1708,PRJNA1177414,5,1,Lung Cancer,ontology,lung adenocarcinoma,MONDO:0005061,False,True,matchedAdjacent,True,,MONDO:0005061,75,282750.0
SRX26487576_5,2598,7583.0,2731,8294.0,2775,8294.0,SRX26487576,"CD8-positive, alpha-beta T cell",CL:0000625,2598,7583.0,30.97718581036529,42.45021759198207,53.22431755241988,66.88645654754055,277.0,3.6529078,1480.0,19.517342,0.0,0.0,2598,PRJNA1177414,5,5,Lung Cancer,ontology,lung adenocarcinoma,MONDO:0005061,False,True,matchedAdjacent,True,,MONDO:0005061,42,196563.0
SRX26487578_34,2412,7275.0,2510,8084.0005,2570,8083.999,SRX26487578,intermediate monocyte,CL:0002393,2412,7275.0,27.793814432989688,37.52577319587629,49.2233676975945,66.21305841924399,161.0,2.2130585,942.0,12.948454,0.0,0.0,2412,PRJNA1177414,43,34,Lung Cancer,ontology,non-small cell lung carcinoma,MONDO:0005233,False,True,matchedAdjacent,True,,MONDO:0005233,12,73302.0
SRX26487580_1,867,1639.0,912,1826.9994,927,1826.9998,SRX26487580,"CD4-positive, alpha-beta T cell",CL:0000624,867,1639.0,33.80109823062843,43.624161073825505,56.5588773642465,77.60829774252593,105.0,6.4063454,10.0,0.61012816,0.0,0.0,867,PRJNA1177414,4,1,Lung Cancer,ontology,non-small cell lung carcinoma,MONDO:0005233,True,False,,True,,MONDO:0005233,16,53590.0
SRX26487580_5,1253,2510.0,1322,2731.0002,1337,2731.0002,SRX26487580,"CD4-positive, alpha-beta T cell",CL:0000624,1253,2510.0,33.386454183266935,44.06374501992032,54.42231075697212,70.0,33.0,1.314741,593.0,23.625498,0.0,0.0,1253,PRJNA1177414,5,5,Lung Cancer,ontology,non-small cell lung carcinoma,MONDO:0005233,True,False,,True,,MONDO:0005233,10,34182.0
SRX26487583_1,1127,2442.0,1196,2629.9995,1207,2629.9998,SRX26487583,"CD4-positive, alpha-beta T cell",CL:0000624,1127,2442.0,31.85913185913186,45.82309582309582,58.47665847665847,74.32432432432432,34.0,1.3923013,614.0,25.143326,0.0,0.0,1127,PRJNA1177414,5,1,Lung Cancer,ontology,lung adenocarcinoma,MONDO:0005061,False,True,matchedAdjacent,True,,MONDO:0005061,23,71618.0
SRX26487583_38,980,1795.0,1031,1934.9999,1056,1934.9999,SRX26487583,pulmonary alveolar type 1 cell,CL:0002062,980,1795.0,27.465181058495823,37.99442896935933,51.977715877437326,73.25905292479109,70.0,3.8997214,6.0,0.33426183,0.0,0.0,980,PRJNA1177414,12,38,Lung Cancer,ontology,lung adenocarcinoma,MONDO:0005061,False,True,matchedAdjacent,True,,MONDO:0005061,10,38639.0
SRX26487583_8,2960,10221.0,3108,11716.002,3152,11715.999,SRX26487583,pulmonary alveolar type 2 cell,CL:0002063,2960,10221.0,39.8004109186968,48.26337931709226,57.20575286175521,69.12239506897564,300.0,2.9351335,1384.0,13.54075,0.0,0.0,2960,PRJNA1177414,26,8,Lung Cancer,ontology,lung adenocarcinoma,MONDO:0005061,False,True,matchedAdjacent,True,,MONDO:0005061,16,132653.0
SRX26487585_1,260,318.0,281,614.00037,289,613.9993,SRX26487585,"CD4-positive, alpha-beta T cell",CL:0000624,260,318.0,33.9622641509434,49.685534591194966,81.13207547169812,100.0,2.0,0.6289308,6.0,1.8867924,0.0,0.0,260,PRJNA1177414,5,1,Lung Cancer,ontology,non-small cell lung carcinoma,MONDO:0005233,False,True,matchedAdjacent,True,,MONDO:0005233,11,4091.0
SRX26487586_1,1858,4962.0,1963,5374.0,2008,5373.9995,SRX26487586,"CD4-positive, alpha-beta T cell",CL:0000624,1858,4962.0,33.35348649738009,46.0298266827892,56.852075775896814,71.26158806932689,128.0,2.579605,1331.0,26.82386,0.0,0.0,1858,PRJNA1177414,5,1,Lung Cancer,study_consensus,mesothelioma,MONDO:0005065,True,False,,True,,MONDO:0005065,53,251110.0
SRX26487586_5,1396,2859.0,1478,3253.9998,1502,3254.0002,SRX26487586,"CD8-positive, alpha-beta T cell",CL:0000625,1396,2859.0,29.660720531654423,40.223854494578525,51.696397341727874,68.66037075900665,62.0,2.1685903,510.0,17.838406,0.0,0.0,1396,PRJNA1177414,5,5,Lung Cancer,study_consensus,mesothelioma,MONDO:0005065,True,False,,True,,MONDO:0005065,32,150776.0
SRX26487588_1,523,792.0,551,1224.9998,560,1225.0007,SRX26487588,"CD4-positive, alpha-beta T cell",CL:0000624,523,792.0,33.207070707070706,45.83333333333333,59.21717171717171,97.09595959595958,17.0,2.1464646,130.0,16.414143,0.0,0.0,523,PRJNA1177414,5,1,Lung Cancer,ontology,lung adenocarcinoma,MONDO:0005061,False,True,matchedAdjacent,True,,MONDO:0005061,59,264614.0
SRX26487588_4,1497,4088.0,1570,5050.001,1602,5050.0,SRX26487588,"CD4-positive, alpha-beta T cell",CL:0000624,1497,4088.0,37.23091976516634,50.85616438356164,61.88845401174168,75.61154598825833,152.0,3.7181995,1208.0,29.549902,0.0,0.0,1497,PRJNA1177414,5,4,Lung Cancer,ontology,lung adenocarcinoma,MONDO:0005061,False,True,matchedAdjacent,True,,MONDO:0005061,34,162429.0
SRX26487588_5,1557,3733.0,1646,4431.0,1669,4431.0005,SRX26487588,"CD8-positive, alpha-beta T cell",CL:0000625,1557,3733.0,31.127779266005895,43.61103669970533,55.15671042057326,71.68497187248862,85.0,2.276989,769.0,20.600054,0.0,0.0,1557,PRJNA1177414,5,5,Lung Cancer,ontology,lung adenocarcinoma,MONDO:0005061,False,True,matchedAdjacent,True,,MONDO:0005061,36,173016.0
SRX26487590_1,1627,3843.0,1717,6834.0015,1744,6833.993,SRX26487590,"CD4-positive, alpha-beta T cell",CL:0000624,1627,3843.0,36.03955243299505,44.88680718188915,54.592766068175905,70.67395264116576,27.0,0.7025761,734.0,19.09966,0.0,0.0,1627,PRJNA1177414,5,1,Lung Cancer,ontology,lung adenocarcinoma,MONDO:0005061,True,False,,True,,MONDO:0005061,81,272855.0
SRX26487590_5,1732,4273.0,1811,5963.999,1847,5964.003,SRX26487590,"CD4-positive, alpha-beta T cell",CL:0000624,1732,4273.0,33.27872688977299,42.897261876901474,53.82635150947812,70.067868008425,29.0,0.67868006,640.0,14.977768,0.0,0.0,1732,PRJNA1177414,5,5,Lung Cancer,ontology,lung adenocarcinoma,MONDO:0005061,True,False,,True,,MONDO:0005061,47,181283.0
SRX26487593_20,1282,2102.0,1359,3927.0034,1384,3927.0032,SRX26487593,B cell,CL:0000236,1282,2102.0,29.82873453853473,36.96479543292103,46.47954329210276,62.797335870599426,31.0,1.4747859,19.0,0.9039011,0.0,0.0,1282,PRJNA1177414,7,20,Lung Cancer,ontology,non-small cell lung carcinoma,MONDO:0005233,True,False,,True,,MONDO:0005233,12,39200.0
SRX26487598_1,1904,6072.0,1986,6753.0005,2024,6753.0005,SRX26487598,"CD4-positive, alpha-beta T cell",CL:0000624,1904,6072.0,32.83926218708827,46.34387351778656,59.18972332015811,73.74835309617919,185.0,3.046772,1563.0,25.741106,0.0,0.0,1904,PRJNA1177414,5,1,Lung Cancer,ontology,lung adenocarcinoma,MONDO:0005061,True,False,,True,,MONDO:0005061,10,53066.0
SRX26487598_34,542,878.0,575,1006.0001,590,1006.0,SRX26487598,neutrophil,CL:0000775,542,878.0,31.09339407744875,43.394077448747154,61.04783599088838,95.21640091116174,9.0,1.025057,2.0,0.22779045,0.0,0.0,542,PRJNA1177414,58,34,Lung Cancer,ontology,lung adenocarcinoma,MONDO:0005061,True,False,,True,,MONDO:0005061,17,28795.0
SRX26487600_13,458,673.0,476,1005.9997,484,1005.9994,SRX26487600,B cell,CL:0000236,458,673.0,35.21545319465082,46.80534918276374,61.664190193164934,100.0,17.0,2.526003,28.0,4.1604753,0.0,0.0,458,PRJNA1177414,32,13,Lung Cancer,ontology,lung adenocarcinoma,MONDO:0005061,False,True,matchedAdjacent,True,,MONDO:0005061,14,9218.0
SRX26487600_14,748,1264.0,787,1716.9998,799,1717.0009,SRX26487600,adventitial cell,CL:0002503,748,1264.0,30.61708860759494,42.24683544303797,56.64556962025317,80.37974683544303,46.0,3.6392405,139.0,10.996836,1.0,0.07911392,748,PRJNA1177414,32,14,Lung Cancer,ontology,lung adenocarcinoma,MONDO:0005061,False,True,matchedAdjacent,True,,MONDO:0005061,10,7606.0
SRX26487600_45,506,793.0,533,1398.0002,540,1398.0001,SRX26487600,B cell,CL:0000236,506,793.0,37.57881462799496,48.80201765447667,61.412358133669606,99.24337957124843,32.0,4.035309,82.0,10.340479,0.0,0.0,506,PRJNA1177414,32,45,Lung Cancer,ontology,lung adenocarcinoma,MONDO:0005061,False,True,matchedAdjacent,True,,MONDO:0005061,15,11148.0
SRX26735834_20,4948,13574.0,5214,14244.997,5398,14244.993,SRX26735834,basal cell,CL:0000646,4948,13574.0,20.583468395461914,26.23397672020038,33.82937969647856,46.97951966995727,1317.0,9.702373,1180.0,8.69309,0.0,0.0,4948,PRJNA1186577,92,20,IPF / Pulmonary Fibrosis,study_consensus,,,False,True,healthy,True,,,26,270162.0
SRX26735834_31,4475,13006.0,4713,13521.998,4894,13521.999,SRX26735834,basal cell,CL:0000646,4475,13006.0,28.087036752268187,32.9847762571121,39.56635399046594,51.829924650161466,2193.0,16.861448,746.0,5.735814,0.0,0.0,4475,PRJNA1186577,92,31,IPF / Pulmonary Fibrosis,study_consensus,,,False,True,healthy,True,,,22,206315.0
SRX27113449_1,724,1001.0,789,1067.9999,813,1068.0001,SRX27113449,"CD4-positive, alpha-beta T cell",CL:0000624,724,1001.0,25.674325674325676,35.66433566433567,47.65234765234766,77.62237762237763,1.0,0.0999001,1.0,0.0999001,0.0,0.0,724,PRJNA1172658,69,1,IPF / Pulmonary Fibrosis,ontology,idiopathic pulmonary fibrosis,MONDO:0800504,True,False,,True,,MONDO:0800504,11,19279.0
SRX27113450_36,1959,4196.0,2123,4409.9995,2190,4409.9985,SRX27113450,vein endothelial cell,CL:0002543,1959,4196.0,33.15061963775024,39.156339370829365,47.330791229742616,62.89323164918971,1.0,0.023832222,5.0,0.11916111,0.0,0.0,1959,PRJNA1172658,51,36,IPF / Pulmonary Fibrosis,ontology,idiopathic pulmonary fibrosis,MONDO:0800504,True,False,,True,,MONDO:0800504,16,69547.0
SRX27113451_20,2814,6221.0,3011,6678.0015,3135,6678.0034,SRX27113451,macrophage,CL:0000235,2814,6221.0,28.998553287252854,34.029898730107696,40.99019450249156,54.87863687510046,1.0,0.016074585,21.0,0.33756632,0.0,0.0,2814,PRJNA1172658,69,20,IPF / Pulmonary Fibrosis,ontology,idiopathic pulmonary fibrosis,MONDO:0800504,True,False,,True,,MONDO:0800504,14,73036.0
SRX27113451_44,2984,7126.0,3192,7477.0024,3336,7477.0054,SRX27113451,lung multiciliated epithelial cell,CL:1000271,2984,7126.0,26.43839461128263,32.33230423800168,40.597810833567216,55.4448498456357,0.0,0.0,6.0,0.084198706,0.0,0.0,2984,PRJNA1172658,70,44,IPF / Pulmonary Fibrosis,ontology,idiopathic pulmonary fibrosis,MONDO:0800504,True,False,,True,,MONDO:0800504,11,62824.0
SRX27113452_20,1801,3241.0,1916,3486.9998,2001,3486.9985,SRX27113452,respiratory tract goblet cell,CL:0002370,1801,3241.0,28.694847269361308,34.24868867633447,42.45603208886146,59.858068497377346,2.0,0.061709348,15.0,0.4628201,0.0,0.0,1801,PRJNA1172658,69,20,IPF / Pulmonary Fibrosis,ontology,idiopathic pulmonary fibrosis,MONDO:0800504,True,False,,True,,MONDO:0800504,15,115144.0
SRX27113453_20,2259,5555.0,2441,5889.0,2579,5889.0063,SRX27113453,lung multiciliated epithelial cell,CL:1000271,2259,5555.0,42.016201620162015,46.66066606660666,52.87128712871287,65.18451845184518,2.0,0.0360036,6.0,0.1080108,0.0,0.0,2259,PRJNA1172658,69,20,IPF / Pulmonary Fibrosis,ontology,idiopathic pulmonary fibrosis,MONDO:0800504,True,False,,True,,MONDO:0800504,22,79951.0
SRX27113453_43,1368,2911.0,1479,3127.0005,1557,3126.9976,SRX27113453,lung multiciliated epithelial cell,CL:1000271,1368,2911.0,43.868086568189625,49.02095499828238,56.30367571281346,70.18206801786327,2.0,0.06870491,8.0,0.27481964,0.0,0.0,1368,PRJNA1172658,70,43,IPF / Pulmonary Fibrosis,ontology,idiopathic pulmonary fibrosis,MONDO:0800504,True,False,,True,,MONDO:0800504,11,53966.0
SRX27113453_44,2190,5184.0,2370,5484.004,2507,5483.9956,SRX27113453,lung multiciliated epithelial cell,CL:1000271,2190,5184.0,35.532407407407405,41.338734567901234,49.45987654320987,63.38734567901234,2.0,0.038580246,6.0,0.11574074,0.0,0.0,2190,PRJNA1172658,70,44,IPF / Pulmonary Fibrosis,ontology,idiopathic pulmonary fibrosis,MONDO:0800504,True,False,,True,,MONDO:0800504,14,66147.0
SRX27113454_20,2829,6679.0,3011,7004.001,3159,7004.0063,SRX27113454,club cell,CL:0000158,2829,6679.0,27.983231022608173,33.64276089234915,41.59305285222339,56.22099116634227,0.0,0.0,14.0,0.20961222,0.0,0.0,2829,PRJNA1172658,69,20,IPF / Pulmonary Fibrosis,ontology,idiopathic pulmonary fibrosis,MONDO:0800504,True,False,,True,,MONDO:0800504,29,147776.0
SRX27113454_8,3787,11779.0,4002,12286.994,4204,12286.988,SRX27113454,lung multiciliated epithelial cell,CL:1000271,3787,11779.0,32.33721028949826,37.685711860089995,44.96986161813397,57.91663129297903,0.0,0.0,34.0,0.2886493,0.0,0.0,3787,PRJNA1172658,69,8,IPF / Pulmonary Fibrosis,ontology,idiopathic pulmonary fibrosis,MONDO:0800504,True,False,,True,,MONDO:0800504,11,46251.0
SRX27113455_20,2909,7092.0,3111,7596.005,3263,7596.0054,SRX27113455,respiratory tract goblet cell,CL:0002370,2909,7092.0,36.35081782289904,40.84884376762549,47.0107163000564,59.02425267907502,2.0,0.02820079,17.0,0.23970671,0.0,0.0,2909,PRJNA1172658,69,20,IPF / Pulmonary Fibrosis,study_consensus,,,False,True,healthy,True,,,17,65603.0
SRX27113455_43,1489,2261.0,1580,2411.9998,1623,2411.9998,SRX27113455,lung multiciliated epithelial cell,CL:1000271,1489,2261.0,24.10437859354268,30.340557275541798,39.18620079610792,56.25829279080053,2.0,0.08845644,10.0,0.44228217,0.0,0.0,1489,PRJNA1172658,70,43,IPF / Pulmonary Fibrosis,study_consensus,,,False,True,healthy,True,,,21,85470.0
SRX27113456_20,2142,4790.0,2361,5144.999,2484,5144.9976,SRX27113456,macrophage,CL:0000235,2142,4790.0,41.962421711899786,46.32567849686848,52.48434237995825,65.01043841336117,1.0,0.020876827,13.0,0.27139872,0.0,0.0,2142,PRJNA1172658,69,20,IPF / Pulmonary Fibrosis,ontology,idiopathic pulmonary fibrosis,MONDO:0800504,True,False,,True,,MONDO:0800504,20,103186.0
SRX27113456_36,802,1971.0,910,2201.0,963,2201.0,SRX27113456,capillary endothelial cell,CL:0002144,802,1971.0,58.19381024860477,63.267376966007106,69.45712836123795,84.67782851344495,2.0,0.101471335,2.0,0.101471335,0.0,0.0,802,PRJNA1172658,51,36,IPF / Pulmonary Fibrosis,ontology,idiopathic pulmonary fibrosis,MONDO:0800504,True,False,,True,,MONDO:0800504,14,26465.0
SRX27113459_14,2224,5116.0,2377,5473.001,2482,5473.0034,SRX27113459,alveolar adventitial fibroblast,CL:4028006,2224,5116.0,25.8209538702111,33.42455043002345,43.295543393276,60.06645817044566,37.0,0.72322124,14.0,0.27365127,0.0,0.0,2224,PRJNA1172658,69,14,IPF / Pulmonary Fibrosis,ontology,idiopathic pulmonary fibrosis,MONDO:0800504,True,False,,True,,MONDO:0800504,16,87971.0
SRX27113459_36,1359,2641.0,1462,2753.9998,1492,2753.9995,SRX27113459,capillary endothelial cell,CL:0002144,1359,2641.0,25.48277167739493,35.02461188943582,46.914047709201064,67.47444149943203,3.0,0.11359333,5.0,0.18932222,0.0,0.0,1359,PRJNA1172658,51,36,IPF / Pulmonary Fibrosis,ontology,idiopathic pulmonary fibrosis,MONDO:0800504,True,False,,True,,MONDO:0800504,40,168271.0
SRX27113460_20,956,1507.0,1044,1595.9998,1073,1596.0005,SRX27113460,basal cell,CL:0000646,956,1507.0,28.931652289316524,36.496350364963504,49.767750497677504,69.74120769741208,6.0,0.39814198,11.0,0.729927,0.0,0.0,956,PRJNA1172658,69,20,IPF / Pulmonary Fibrosis,ontology,idiopathic pulmonary fibrosis,MONDO:0800504,True,False,,True,,MONDO:0800504,28,106753.0
SRX27113460_44,1440,2927.0,1569,3041.0,1614,3040.9985,SRX27113460,lung multiciliated epithelial cell,CL:1000271,1440,2927.0,34.267167748548,41.54424325247694,50.93952852750257,67.88520669627604,6.0,0.20498803,11.0,0.3758114,0.0,0.0,1440,PRJNA1172658,70,44,IPF / Pulmonary Fibrosis,ontology,idiopathic pulmonary fibrosis,MONDO:0800504,True,False,,True,,MONDO:0800504,11,44636.0
SRX27113461_14,1770,3722.0,1914,4003.9993,1971,4003.9978,SRX27113461,alveolar adventitial fibroblast,CL:4028006,1770,3722.0,35.73347662547018,41.456206340677056,49.73132724341752,65.85169263836647,1.0,0.026867276,12.0,0.3224073,0.0,0.0,1770,PRJNA1172658,69,14,IPF / Pulmonary Fibrosis,ontology,idiopathic pulmonary fibrosis,MONDO:0800504,True,False,,True,,MONDO:0800504,32,156305.0
SRX27113461_8,2426,6429.0,2625,6853.001,2734,6853.007,SRX27113461,pulmonary alveolar type 2 cell,CL:0002063,2426,6429.0,43.47487945248095,48.42121636335355,54.70524187276404,66.15336755327422,2.0,0.031109039,26.0,0.40441746,0.0,0.0,2426,PRJNA1172658,69,8,IPF / Pulmonary Fibrosis,ontology,idiopathic pulmonary fibrosis,MONDO:0800504,True,False,,True,,MONDO:0800504,20,137971.0
SRX27113462_36,728,1145.0,799,1199.0004,820,1199.0002,SRX27113462,capillary endothelial cell,CL:0002144,728,1145.0,30.393013100436683,40.174672489082965,53.88646288209606,80.08733624454149,7.0,0.6113537,8.0,0.69869,0.0,0.0,728,PRJNA1172658,51,36,IPF / Pulmonary Fibrosis,ontology,idiopathic pulmonary fibrosis,MONDO:0800504,True,False,,True,,MONDO:0800504,16,58440.0
SRX27113462_44,3360,8229.0,3566,8617.001,3727,8617.007,SRX27113462,lung multiciliated epithelial cell,CL:1000271,3360,8229.0,19.771539676752948,26.84408798152874,35.3870458135861,51.257746992344146,19.0,0.23089075,17.0,0.20658647,0.0,0.0,3360,PRJNA1172658,70,44,IPF / Pulmonary Fibrosis,ontology,idiopathic pulmonary fibrosis,MONDO:0800504,True,False,,True,,MONDO:0800504,12,94974.0
SRX27113463_36,1489,2823.0,1594,2968.999,1647,2968.9988,SRX27113463,capillary endothelial cell,CL:0002144,1489,2823.0,25.89443854055969,34.254339355295784,45.55437477860432,64.96634785688984,9.0,0.31880978,16.0,0.56677294,0.0,0.0,1489,PRJNA1172658,51,36,IPF / Pulmonary Fibrosis,ontology,idiopathic pulmonary fibrosis,MONDO:0800504,True,False,,True,,MONDO:0800504,10,18243.0
SRX27113463_44,1728,3186.0,1841,3319.9993,1898,3319.999,SRX27113463,lung multiciliated epithelial cell,CL:1000271,1728,3186.0,21.720025109855616,29.409918392969242,40.11299435028249,60.32642812303829,3.0,0.09416196,5.0,0.1569366,0.0,0.0,1728,PRJNA1172658,70,44,IPF / Pulmonary Fibrosis,ontology,idiopathic pulmonary fibrosis,MONDO:0800504,True,False,,True,,MONDO:0800504,10,41123.0
SRX27113464_44,1426,2827.0,1526,3037.0,1607,3036.9988,SRX27113464,lung multiciliated epithelial cell,CL:1000271,1426,2827.0,36.045277679518925,42.483197736116026,51.29112133003184,67.24442872302795,0.0,0.0,6.0,0.21223913,0.0,0.0,1426,PRJNA1172658,70,44,IPF / Pulmonary Fibrosis,ontology,idiopathic pulmonary fibrosis,MONDO:0800504,True,False,,True,,MONDO:0800504,15,64155.0
SRX27113464_45,981,1707.0,1069,1833.0001,1116,1833.0001,SRX27113464,"CD4-positive, alpha-beta T cell",CL:0000624,981,1707.0,37.7270064440539,43.878148799062686,54.24721734036321,71.82190978324546,0.0,0.0,3.0,0.17574693,0.0,0.0,981,PRJNA1172658,69,45,IPF / Pulmonary Fibrosis,ontology,idiopathic pulmonary fibrosis,MONDO:0800504,True,False,,True,,MONDO:0800504,13,44885.0
SRX27113465_6,493,1034.0,587,1383.9994,603,1383.999,SRX27113465,B cell,CL:0000236,493,1034.0,56.86653771760155,61.992263056092845,71.66344294003868,100.0,1.0,0.0967118,2.0,0.1934236,0.0,0.0,493,PRJNA1172658,69,6,IPF / Pulmonary Fibrosis,ontology,idiopathic pulmonary fibrosis,MONDO:0800504,True,False,,True,,MONDO:0800504,10,15098.0
SRX27113466_14,2002,3762.0,2157,3923.999,2231,3923.9973,SRX27113466,alveolar adventitial fibroblast,CL:4028006,2002,3762.0,29.292929292929294,35.24720893141946,43.51408825093036,59.80861244019139,3.0,0.079744816,17.0,0.4518873,0.0,0.0,2002,PRJNA1172658,69,14,IPF / Pulmonary Fibrosis,ontology,idiopathic pulmonary fibrosis,MONDO:0800504,,False,,True,,MONDO:0800504,13,68054.0
SRX27113466_36,1630,3591.0,1731,3729.999,1770,3729.999,SRX27113466,vein endothelial cell,CL:0002543,1630,3591.0,31.746031746031743,39.71038707880813,49.735449735449734,68.0590364800891,0.0,0.0,16.0,0.44555837,0.0,0.0,1630,PRJNA1172658,51,36,IPF / Pulmonary Fibrosis,ontology,idiopathic pulmonary fibrosis,MONDO:0800504,,False,,True,,MONDO:0800504,22,59102.0
SRX27113466_8,2499,6189.0,2718,6487.0,2842,6487.008,SRX27113466,B cell,CL:0000236,2499,6189.0,40.959767329132326,45.241557602197446,51.09064469219583,62.96655356277267,2.0,0.032315396,13.0,0.21005009,0.0,0.0,2499,PRJNA1172658,69,8,IPF / Pulmonary Fibrosis,ontology,idiopathic pulmonary fibrosis,MONDO:0800504,,False,,True,,MONDO:0800504,16,94048.0
SRX27113466_9,1866,3224.0,2018,3400.999,2068,3400.9983,SRX27113466,macrophage,CL:0000235,1866,3224.0,25.651364764267992,31.327543424317618,39.98138957816377,57.6302729528536,7.0,0.21712159,27.0,0.837469,0.0,0.0,1866,PRJNA1172658,49,9,IPF / Pulmonary Fibrosis,ontology,idiopathic pulmonary fibrosis,MONDO:0800504,,False,,True,,MONDO:0800504,10,50870.0
SRX27113467_36,1603,3032.0,1734,3351.9995,1802,3351.9983,SRX27113467,capillary endothelial cell,CL:0002144,1603,3032.0,30.441952506596305,36.510554089709764,45.844327176781,63.62137203166227,0.0,0.0,46.0,1.5171504,0.0,0.0,1603,PRJNA1172658,51,36,IPF / Pulmonary Fibrosis,ontology,idiopathic pulmonary fibrosis,MONDO:0800504,,False,,True,,MONDO:0800504,18,26757.0
SRX27113467_38,2352,4855.0,2472,5174.999,2567,5175.0015,SRX27113467,pulmonary alveolar type 1 cell,CL:0002062,2352,4855.0,26.941297631307933,32.48197734294542,40.432543769309994,55.7157569515963,1.0,0.020597322,15.0,0.30895984,0.0,0.0,2352,PRJNA1172658,13,38,IPF / Pulmonary Fibrosis,ontology,idiopathic pulmonary fibrosis,MONDO:0800504,,False,,True,,MONDO:0800504,25,104884.0
SRX27113467_8,3751,10455.0,3959,11071.996,4148,11071.994,SRX27113467,pulmonary alveolar type 1 cell,CL:0002062,3751,10455.0,30.463892874222857,35.16977522716404,41.6260162601626,54.815877570540415,0.0,0.0,28.0,0.26781446,0.0,0.0,3751,PRJNA1172658,13,8,IPF / Pulmonary Fibrosis,ontology,idiopathic pulmonary fibrosis,MONDO:0800504,,False,,True,,MONDO:0800504,30,173609.0
SRX27113469_36,1267,2488.0,1376,2595.0,1416,2594.9998,SRX27113469,capillary endothelial cell,CL:0002144,1267,2488.0,27.652733118971064,36.29421221864952,48.31189710610933,69.17202572347267,6.0,0.24115755,7.0,0.28135046,0.0,0.0,1267,PRJNA1172658,51,36,IPF / Pulmonary Fibrosis,study_consensus,,,False,True,healthy,True,,,21,48858.0
SRX27113469_38,1945,4944.0,2088,5150.001,2169,5150.0024,SRX27113469,pulmonary alveolar type 1 cell,CL:0002062,1945,4944.0,30.906148867313917,38.713592233009706,48.56391585760518,65.65533980582524,0.0,0.0,10.0,0.20226538,0.0,0.0,1945,PRJNA1172658,50,38,IPF / Pulmonary Fibrosis,study_consensus,,,False,True,healthy,True,,,15,54671.0
SRX27113469_8,2042,4611.0,2140,4777.0005,2206,4777.0015,SRX27113469,lung multiciliated epithelial cell,CL:1000271,2042,4611.0,30.166991975710257,36.54304923010193,45.65170245066146,61.67859466493169,0.0,0.0,26.0,0.563869,0.0,0.0,2042,PRJNA1172658,69,8,IPF / Pulmonary Fibrosis,study_consensus,,,False,True,healthy,True,,,21,129091.0
SRX27113470_21,536,1871.0,599,1989.004,623,1988.9973,SRX27113470,plasma cell,CL:0000786,536,1871.0,72.79529663281667,76.69695350080171,82.04168893639765,98.07589524318546,0.0,0.0,6.0,0.3206841,0.0,0.0,536,PRJNA1172658,69,21,IPF / Pulmonary Fibrosis,disease_text,,,,False,,True,,,15,38217.0
SRX27113472_8,1873,4047.0,2022,4250.9995,2092,4250.998,SRX27113472,capillary endothelial cell,CL:0002144,1873,4047.0,34.66765505312577,40.20261922411663,48.15913021991599,64.19570051890288,0.0,0.0,18.0,0.4447739,0.0,0.0,1873,PRJNA1172658,69,8,IPF / Pulmonary Fibrosis,study_consensus,,,False,True,healthy,True,,,22,80541.0
SRX27113473_14,1024,2461.0,1171,2683.0,1233,2682.9988,SRX27113473,capillary endothelial cell,CL:0002144,1024,2461.0,53.59609914668834,58.35026412027631,66.47704185290533,78.70784234051199,0.0,0.0,3.0,0.12190166,0.0,0.0,1024,PRJNA1172658,69,14,IPF / Pulmonary Fibrosis,study_consensus,,,False,True,healthy,True,,,11,25941.0
SRX27113473_36,446,1175.0,505,1306.0002,548,1306.0002,SRX27113473,capillary endothelial cell,CL:0002144,446,1175.0,64.68085106382979,70.5531914893617,79.06382978723404,100.0,0.0,0.0,3.0,0.25531915,0.0,0.0,446,PRJNA1172658,69,36,IPF / Pulmonary Fibrosis,study_consensus,,,False,True,healthy,True,,,10,10906.0
SRX27113473_38,1046,2436.0,1138,2601.9998,1199,2601.999,SRX27113473,capillary endothelial cell,CL:0002144,1046,2436.0,51.43678160919541,56.65024630541872,64.86042692939245,77.58620689655173,0.0,0.0,6.0,0.24630542,0.0,0.0,1046,PRJNA1172658,69,38,IPF / Pulmonary Fibrosis,study_consensus,,,False,True,healthy,True,,,15,39326.0
SRX27113473_8,901,2069.0,993,2261.9998,1050,2262.0,SRX27113473,B cell,CL:0000236,901,2069.0,54.32576123731271,59.15901401643306,66.11889801836635,80.61865635572741,0.0,0.0,5.0,0.24166264,0.0,0.0,901,PRJNA1172658,69,8,IPF / Pulmonary Fibrosis,study_consensus,,,False,True,healthy,True,,,17,54709.0
SRX27113474_36,578,1526.0,665,1701.9996,712,1701.9994,SRX27113474,capillary endothelial cell,CL:0002144,578,1526.0,62.45085190039319,68.67627785058977,75.22935779816514,94.88859764089122,2.0,0.1310616,2.0,0.1310616,0.0,0.0,578,PRJNA1172658,51,36,IPF / Pulmonary Fibrosis,study_consensus,,,False,True,healthy,True,,,12,26961.0
SRX27113475_34,802,1142.0,867,1198.9999,890,1198.9998,SRX27113475,intermediate monocyte,CL:0002393,802,1142.0,25.569176882662,34.50087565674256,47.285464098073554,73.5551663747811,2.0,0.17513135,6.0,0.525394,0.0,0.0,802,PRJNA1172658,69,34,IPF / Pulmonary Fibrosis,disease_text,,,,False,,True,,,10,11038.0
SRX27113475_36,965,1563.0,1066,1632.0002,1077,1632.0,SRX27113475,capillary endothelial cell,CL:0002144,965,1563.0,26.67946257197697,35.82853486884197,48.624440179142674,70.24952015355086,5.0,0.31989765,10.0,0.6397953,0.0,0.0,965,PRJNA1172658,51,36,IPF / Pulmonary Fibrosis,disease_text,,,,False,,True,,,12,26425.0
SRX27113475_52,2879,5994.0,3033,6195.0005,3122,6195.0,SRX27113475,alveolar adventitial fibroblast,CL:4028006,2879,5994.0,19.86986986986987,25.792459125792462,34.33433433433433,50.9009009009009,6.0,0.1001001,28.0,0.4671338,0.0,0.0,2879,PRJNA1172658,13,52,IPF / Pulmonary Fibrosis,disease_text,,,,False,,True,,,13,221608.0
SRX27113475_8,1391,2583.0,1506,2679.9993,1551,2679.999,SRX27113475,pulmonary alveolar type 2 cell,CL:0002063,1391,2583.0,29.036004645760745,36.00464576074332,46.41889276035617,65.50522648083623,8.0,0.3097174,18.0,0.6968641,0.0,0.0,1391,PRJNA1172658,69,8,IPF / Pulmonary Fibrosis,disease_text,,,,False,,True,,,19,155243.0
SRX27113476_8,2839,9372.0,2964,9847.999,3103,9848.004,SRX27113476,pulmonary alveolar type 2 cell,CL:0002063,2839,9372.0,34.99786598378148,41.46393512590696,49.647887323943664,64.09517712334613,0.0,0.0,54.0,0.5761844,0.0,0.0,2839,PRJNA1172658,69,8,IPF / Pulmonary Fibrosis,study_consensus,,,False,True,healthy,True,,,23,94993.0
SRX27208868_1,781,1246.0,828,2436.0005,841,2435.9995,SRX27208868,B cell,CL:0000236,781,1246.0,32.82504012841091,41.3322632423756,53.37078651685393,77.44783306581058,84.0,6.741573,60.0,4.815409,0.0,0.0,781,PRJNA1204132,5,1,Interstitial Lung Disease,ontology,bronchiolitis obliterans syndrome,MONDO:0015265,True,False,,True,,MONDO:0015265,24,121987.0
SRX27208868_4,4712,15739.0,4929,17822.002,5027,17822.006,SRX27208868,"CD8-positive, alpha-beta T cell",CL:0000625,4712,15739.0,26.66624309041235,37.25141368574877,45.72717453459559,57.697439481542666,167.0,1.0610585,3270.0,20.776415,0.0,0.0,4712,PRJNA1204132,6,4,Interstitial Lung Disease,ontology,bronchiolitis obliterans syndrome,MONDO:0015265,True,False,,True,,MONDO:0015265,21,130276.0
SRX27208868_5,1885,5048.0,1957,6931.9976,1993,6932.0005,SRX27208868,"CD4-positive, alpha-beta T cell",CL:0000624,1885,5048.0,31.67591125198098,43.383518225039616,54.17987321711569,69.6513470681458,2.0,0.039619654,1053.0,20.859747,0.0,0.0,1885,PRJNA1204132,5,5,Interstitial Lung Disease,ontology,bronchiolitis obliterans syndrome,MONDO:0015265,True,False,,True,,MONDO:0015265,26,140999.0
SRX27208877_1,468,700.0,497,933.00024,510,933.00006,SRX27208877,UNKNOWN,,468,700.0,35.0,47.42857142857143,61.71428571428571,100.0,20.0,2.857143,117.0,16.714285,0.0,0.0,468,PRJNA1204132,5,1,Interstitial Lung Disease,ontology,bronchiolitis obliterans syndrome,MONDO:0015265,True,False,,True,,MONDO:0015265,161,352154.0
SRX27208877_24,679,1186.0,711,1323.9996,730,1323.9999,SRX27208877,UNKNOWN,,679,1186.0,32.96795952782462,44.8566610455312,59.61214165261383,84.90725126475547,25.0,2.1079257,196.0,16.526138,0.0,0.0,679,PRJNA1204132,5,24,Interstitial Lung Disease,ontology,bronchiolitis obliterans syndrome,MONDO:0015265,True,False,,True,,MONDO:0015265,16,38015.0
SRX27208877_4,976,2186.0,1041,2626.0,1066,2625.9998,SRX27208877,UNKNOWN,,976,2186.0,35.4071363220494,47.80420860018298,60.43000914913084,78.22506861848125,42.0,1.9213176,493.0,22.552608,0.0,0.0,976,PRJNA1204132,5,4,Interstitial Lung Disease,ontology,bronchiolitis obliterans syndrome,MONDO:0015265,True,False,,True,,MONDO:0015265,21,51564.0
SRX27208877_5,447,675.0,479,850.0003,488,850.0,SRX27208877,UNKNOWN,,447,675.0,35.851851851851855,48.592592592592595,63.40740740740741,100.0,17.0,2.5185184,143.0,21.185184,0.0,0.0,447,PRJNA1204132,5,5,Interstitial Lung Disease,ontology,bronchiolitis obliterans syndrome,MONDO:0015265,True,False,,True,,MONDO:0015265,40,71126.0
SRX27291550_14,1631,2683.0,1751,2767.0005,1776,2767.0007,SRX27291550,alveolar adventitial fibroblast,CL:4028006,1631,2683.0,17.81587774878867,26.01565411852404,36.67536339918002,57.845695117405896,0.0,0.0,6.0,0.22363026,0.0,0.0,1631,PRJNA1208088,13,14,IPF / Pulmonary Fibrosis,ontology,idiopathic pulmonary fibrosis,MONDO:0800504,False,True,explicitControl,True,,MONDO:0800504,17,44964.0
SRX27291550_35,1395,1889.0,1491,1961.0004,1509,1961.0002,SRX27291550,"CD4-positive, alpha-beta T cell",CL:0000624,1395,1889.0,13.340391741662255,21.069348861831656,31.656961355214396,52.620434092112234,0.0,0.0,11.0,0.5823187,0.0,0.0,1395,PRJNA1208088,13,35,IPF / Pulmonary Fibrosis,ontology,idiopathic pulmonary fibrosis,MONDO:0800504,False,True,explicitControl,True,,MONDO:0800504,10,14777.0
SRX27291550_36,3077,5952.0,3289,6156.0034,3367,6156.0073,SRX27291550,alveolar adventitial fibroblast,CL:4028006,3077,5952.0,14.482526881720432,20.3125,28.897849462365592,45.648521505376344,0.0,0.0,23.0,0.38642472,0.0,0.0,3077,PRJNA1208088,13,36,IPF / Pulmonary Fibrosis,ontology,idiopathic pulmonary fibrosis,MONDO:0800504,False,True,explicitControl,True,,MONDO:0800504,44,112944.0
SRX27291550_52,1805,2748.0,1927,2839.999,1953,2839.999,SRX27291550,capillary endothelial cell,CL:0002144,1805,2748.0,14.41048034934498,21.106259097525474,31.04075691411936,52.51091703056768,0.0,0.0,8.0,0.29112083,0.0,0.0,1805,PRJNA1208088,13,52,IPF / Pulmonary Fibrosis,ontology,idiopathic pulmonary fibrosis,MONDO:0800504,False,True,explicitControl,True,,MONDO:0800504,46,480568.0
SRX27291550_59,1747,2844.0,1830,2920.9995,1860,2920.9993,SRX27291550,alveolar adventitial fibroblast,CL:4028006,1747,2844.0,17.018284106891702,24.156118143459913,34.70464135021097,55.80168776371308,0.0,0.0,12.0,0.42194092,0.0,0.0,1747,PRJNA1208088,15,59,IPF / Pulmonary Fibrosis,ontology,idiopathic pulmonary fibrosis,MONDO:0800504,False,True,explicitControl,True,,MONDO:0800504,12,36850.0
SRX27291550_8,2525,5138.0,2657,5263.0034,2709,5263.0034,SRX27291550,macrophage,CL:0000235,2525,5138.0,22.51848968470222,28.824445309458934,37.54379135850526,53.85363954846244,0.0,0.0,12.0,0.23355392,0.0,0.0,2525,PRJNA1208088,13,8,IPF / Pulmonary Fibrosis,ontology,idiopathic pulmonary fibrosis,MONDO:0800504,False,True,explicitControl,True,,MONDO:0800504,26,82520.0
SRX27291551_14,568,673.0,602,702.99994,611,702.99994,SRX27291551,alveolar adventitial fibroblast,CL:4028006,568,673.0,21.39673105497771,30.460624071322435,45.31946508172363,89.8959881129272,0.0,0.0,1.0,0.1485884,0.0,0.0,568,PRJNA1208088,13,14,IPF / Pulmonary Fibrosis,ontology,idiopathic pulmonary fibrosis,MONDO:0800504,False,True,explicitControl,True,,MONDO:0800504,18,15853.0
SRX27291551_36,412,546.0,456,573.0,458,573.0,SRX27291551,capillary endothelial cell,CL:0002144,412,546.0,32.05128205128205,42.857142857142854,61.172161172161175,100.0,0.0,0.0,1.0,0.18315019,0.0,0.0,412,PRJNA1208088,51,36,IPF / Pulmonary Fibrosis,ontology,idiopathic pulmonary fibrosis,MONDO:0800504,False,True,explicitControl,True,,MONDO:0800504,14,8189.0
SRX27291551_38,480,616.0,508,635.9999,510,635.9999,SRX27291551,pulmonary alveolar type 1 cell,CL:0002062,480,616.0,25.324675324675322,38.311688311688314,54.54545454545454,100.0,0.0,0.0,4.0,0.64935064,0.0,0.0,480,PRJNA1208088,13,38,IPF / Pulmonary Fibrosis,ontology,idiopathic pulmonary fibrosis,MONDO:0800504,False,True,explicitControl,True,,MONDO:0800504,16,11860.0
SRX27291551_8,775,1075.0,835,1117.9999,843,1117.9999,SRX27291551,"CD4-positive, alpha-beta T cell",CL:0000624,775,1075.0,23.348837209302324,32.651162790697676,46.51162790697674,74.4186046511628,0.0,0.0,4.0,0.37209302,0.0,0.0,775,PRJNA1208088,13,8,IPF / Pulmonary Fibrosis,ontology,idiopathic pulmonary fibrosis,MONDO:0800504,False,True,explicitControl,True,,MONDO:0800504,35,38668.0
SRX27291552_14,1406,1818.0,1496,1885.0002,1513,1885.0004,SRX27291552,"CD4-positive, alpha-beta T cell",CL:0000624,1406,1818.0,13.916391639163916,20.407040704070408,31.40814081408141,50.165016501650165,4.0,0.22002201,32.0,1.7601761,0.0,0.0,1406,PRJNA1208088,13,14,IPF / Pulmonary Fibrosis,ontology,idiopathic pulmonary fibrosis,MONDO:0800504,False,True,explicitControl,True,,MONDO:0800504,18,28629.0
SRX27291552_35,783,928.0,826,958.0,826,958.0,SRX27291552,"CD4-positive, alpha-beta T cell",CL:0000624,783,928.0,15.517241379310345,26.29310344827586,37.17672413793103,69.50431034482759,0.0,0.0,11.0,1.1853448,0.0,0.0,783,PRJNA1208088,13,35,IPF / Pulmonary Fibrosis,ontology,idiopathic pulmonary fibrosis,MONDO:0800504,False,True,explicitControl,True,,MONDO:0800504,19,22747.0
SRX27291552_36,722,847.0,777,882.0,784,882.0,SRX27291552,"CD4-positive, alpha-beta T cell",CL:0000624,722,847.0,16.883116883116884,26.564344746162927,38.370720188902006,73.78984651711924,1.0,0.11806375,15.0,1.7709563,0.0,0.0,722,PRJNA1208088,13,36,IPF / Pulmonary Fibrosis,ontology,idiopathic pulmonary fibrosis,MONDO:0800504,False,True,explicitControl,True,,MONDO:0800504,25,47146.0
SRX27291552_52,2035,2966.0,2165,3089.9995,2224,3089.999,SRX27291552,macrophage,CL:0000235,2035,2966.0,12.811867835468643,18.94807821982468,27.9838165879973,48.21308159136885,0.0,0.0,8.0,0.26972353,0.0,0.0,2035,PRJNA1208088,13,52,IPF / Pulmonary Fibrosis,ontology,idiopathic pulmonary fibrosis,MONDO:0800504,False,True,explicitControl,True,,MONDO:0800504,28,127585.0
SRX27291552_8,1490,2049.0,1602,2132.0,1619,2132.0,SRX27291552,B cell,CL:0000236,1490,2049.0,15.178135675939483,21.96193265007321,31.7227916056613,51.68374816983895,1.0,0.048804294,12.0,0.5856515,0.0,0.0,1490,PRJNA1208088,13,8,IPF / Pulmonary Fibrosis,ontology,idiopathic pulmonary fibrosis,MONDO:0800504,False,True,explicitControl,True,,MONDO:0800504,26,52401.0
SRX27291553_14,682,849.0,757,911.9998,766,911.99976,SRX27291553,B cell,CL:0000236,682,849.0,18.256772673733803,30.03533568904594,43.227326266195526,78.56301531213192,1.0,0.11778563,24.0,2.8268552,0.0,0.0,682,PRJNA1208088,13,14,IPF / Pulmonary Fibrosis,ontology,idiopathic pulmonary fibrosis,MONDO:0800504,False,True,explicitControl,True,,MONDO:0800504,18,68895.0
SRX27291553_26,1133,1641.0,1223,1743.0001,1242,1743.0001,SRX27291553,macrophage,CL:0000235,1133,1641.0,18.951858622790983,27.666057282145033,39.853747714808044,61.425959780621575,5.0,0.30469227,18.0,1.0968921,0.0,0.0,1133,PRJNA1208088,49,26,IPF / Pulmonary Fibrosis,ontology,idiopathic pulmonary fibrosis,MONDO:0800504,False,True,explicitControl,True,,MONDO:0800504,16,34390.0
SRX27291553_36,974,1350.0,1058,1418.9999,1067,1418.9998,SRX27291553,capillary endothelial cell,CL:0002144,974,1350.0,19.25925925925926,28.074074074074073,42.66666666666667,64.88888888888889,2.0,0.14814815,28.0,2.074074,0.0,0.0,974,PRJNA1208088,51,36,IPF / Pulmonary Fibrosis,ontology,idiopathic pulmonary fibrosis,MONDO:0800504,False,True,explicitControl,True,,MONDO:0800504,29,51360.0
SRX27291553_60,2283,3738.0,2432,3950.999,2480,3950.9983,SRX27291553,pericyte,CL:0000669,2283,3738.0,13.777421080791868,20.010700909577313,29.186730872124127,47.43178170144463,36.0,0.9630819,150.0,4.012841,0.0,0.0,2283,PRJNA1208088,13,60,IPF / Pulmonary Fibrosis,ontology,idiopathic pulmonary fibrosis,MONDO:0800504,False,True,explicitControl,True,,MONDO:0800504,17,48017.0
SRX27291553_8,974,1591.0,1064,1691.0004,1077,1691.0004,SRX27291553,B cell,CL:0000236,974,1591.0,28.724072910119418,36.706473915776236,49.277184160905094,70.20741671904463,6.0,0.3771213,27.0,1.6970459,0.0,0.0,974,PRJNA1208088,13,8,IPF / Pulmonary Fibrosis,ontology,idiopathic pulmonary fibrosis,MONDO:0800504,False,True,explicitControl,True,,MONDO:0800504,15,48260.0
SRX27291554_36,2278,3711.0,2398,3835.9993,2438,3835.9993,SRX27291554,macrophage,CL:0000235,2278,3711.0,13.689032605766641,19.83292912961466,28.99488008623013,47.264888170304495,0.0,0.0,9.0,0.24252224,0.0,0.0,2278,PRJNA1208088,13,36,IPF / Pulmonary Fibrosis,study_consensus,,,False,True,explicitControl,True,,,44,64691.0
SRX27291554_7,954,1229.0,1020,1275.0004,1029,1275.0004,SRX27291554,capillary endothelial cell,CL:0002144,954,1229.0,17.737998372660698,25.874694873881204,38.6493083807974,63.05939788445891,0.0,0.0,5.0,0.4068348,0.0,0.0,954,PRJNA1208088,13,7,IPF / Pulmonary Fibrosis,study_consensus,,,False,True,explicitControl,True,,,25,46542.0
SRX27291554_8,2376,4644.0,2537,4799.9995,2587,4799.999,SRX27291554,pulmonary alveolar type 2 cell,CL:0002063,2376,4644.0,21.339362618432386,27.756244616709736,37.03703703703704,53.85443583118001,0.0,0.0,19.0,0.40913007,0.0,0.0,2376,PRJNA1208088,13,8,IPF / Pulmonary Fibrosis,study_consensus,,,False,True,explicitControl,True,,,29,178059.0
SRX27291555_14,1736,2527.0,1852,2662.9998,1892,2662.9995,SRX27291555,macrophage,CL:0000235,1736,2527.0,14.800158290463001,21.013058963197466,30.43134151167392,51.088246933122285,0.0,0.0,9.0,0.35615355,0.0,0.0,1736,PRJNA1208088,13,14,IPF / Pulmonary Fibrosis,study_consensus,,,False,True,explicitControl,True,,,14,32960.0
SRX27291555_36,1414,1906.0,1493,1987.0002,1523,1987.0,SRX27291555,capillary endothelial cell,CL:0002144,1414,1906.0,13.903462749213011,21.720881427072403,32.21406086044071,52.04616998950682,1.0,0.052465893,5.0,0.2623295,0.0,0.0,1414,PRJNA1208088,51,36,IPF / Pulmonary Fibrosis,study_consensus,,,False,True,explicitControl,True,,,39,79219.0
SRX27291555_8,1737,2511.0,1872,2639.9995,1910,2639.9993,SRX27291555,macrophage,CL:0000235,1737,2511.0,14.774990043807248,21.306252489048187,30.824372759856633,50.73675826363998,0.0,0.0,7.0,0.2787734,0.0,0.0,1737,PRJNA1208088,13,8,IPF / Pulmonary Fibrosis,study_consensus,,,False,True,explicitControl,True,,,62,262047.0
SRX27291556_14,589,718.0,632,741.9996,637,741.9995,SRX27291556,"CD4-positive, alpha-beta T cell",CL:0000624,589,718.0,23.119777158774372,31.894150417827298,45.82172701949861,87.60445682451254,0.0,0.0,3.0,0.4178273,0.0,0.0,589,PRJNA1208088,13,14,IPF / Pulmonary Fibrosis,ontology,idiopathic pulmonary fibrosis,MONDO:0800504,False,True,explicitControl,True,,MONDO:0800504,18,27899.0
SRX27291556_8,778,1003.0,855,1038.0002,861,1038.0,SRX27291556,capillary endothelial cell,CL:0002144,778,1003.0,22.43270189431705,32.40279162512463,42.3728813559322,72.28315054835494,0.0,0.0,5.0,0.49850446,0.0,0.0,778,PRJNA1208088,13,8,IPF / Pulmonary Fibrosis,ontology,idiopathic pulmonary fibrosis,MONDO:0800504,False,True,explicitControl,True,,MONDO:0800504,25,34046.0
SRX27291557_14,3456,7021.0,3633,7310.0024,3776,7310.007,SRX27291557,alveolar adventitial fibroblast,CL:4028006,3456,7021.0,13.915396667141433,19.655319755020653,27.87352229027204,43.797179888904715,2.0,0.02848597,14.0,0.1994018,0.0,0.0,3456,PRJNA1208088,13,14,IPF / Pulmonary Fibrosis,study_consensus,,,False,True,explicitControl,True,,,17,48205.0
SRX27291557_35,1260,1688.0,1347,1756.0001,1372,1756.0001,SRX27291557,capillary endothelial cell,CL:0002144,1260,1688.0,15.52132701421801,22.511848341232227,34.360189573459714,54.976303317535546,0.0,0.0,8.0,0.47393367,0.0,0.0,1260,PRJNA1208088,13,35,IPF / Pulmonary Fibrosis,study_consensus,,,False,True,explicitControl,True,,,22,35862.0
SRX27291557_36,1848,3040.0,1973,3157.0,2008,3156.9995,SRX27291557,capillary endothelial cell,CL:0002144,1848,3040.0,17.00657894736842,23.848684210526315,33.94736842105263,54.276315789473685,0.0,0.0,12.0,0.39473683,0.0,0.0,1848,PRJNA1208088,51,36,IPF / Pulmonary Fibrosis,study_consensus,,,False,True,explicitControl,True,,,36,96521.0
SRX27291557_52,8557,39753.0,8825,41247.984,9336,41247.95,SRX27291557,macrophage,CL:0000235,8557,39753.0,13.764998868009961,18.650164767438934,25.49493120016099,38.73921465046663,3.0,0.0075466,78.0,0.1962116,0.0,0.0,8557,PRJNA1208088,13,52,IPF / Pulmonary Fibrosis,study_consensus,,,False,True,explicitControl,True,,,16,159026.0
SRX27291557_7,3610,8422.0,3785,8729.002,3874,8729.003,SRX27291557,macrophage,CL:0000235,3610,8422.0,15.80384706720494,21.669437188316316,29.79102350985514,45.986701496081686,3.0,0.035620995,26.0,0.30871528,0.0,0.0,3610,PRJNA1208088,13,7,IPF / Pulmonary Fibrosis,study_consensus,,,False,True,explicitControl,True,,,11,27168.0
SRX27291557_8,994,1243.0,1059,1288.9998,1063,1288.9999,SRX27291557,capillary endothelial cell,CL:0002144,994,1243.0,15.205148833467415,23.25020112630732,36.12228479485117,60.257441673370884,1.0,0.08045053,11.0,0.88495576,0.0,0.0,994,PRJNA1208088,13,8,IPF / Pulmonary Fibrosis,study_consensus,,,False,True,explicitControl,True,,,17,75569.0
SRX27291558_14,1501,2136.0,1597,2203.9995,1629,2203.9995,SRX27291558,"CD4-positive, alpha-beta T cell",CL:0000624,1501,2136.0,15.496254681647939,22.5187265917603,32.256554307116104,53.13670411985019,1.0,0.04681648,6.0,0.28089887,0.0,0.0,1501,PRJNA1208088,13,14,IPF / Pulmonary Fibrosis,ontology,idiopathic pulmonary fibrosis,MONDO:0800504,False,True,explicitControl,True,,MONDO:0800504,15,39850.0
SRX27291558_35,889,1095.0,976,1151.0001,987,1151.0,SRX27291558,"CD4-positive, alpha-beta T cell",CL:0000624,889,1095.0,17.26027397260274,26.392694063926943,37.077625570776256,64.47488584474887,0.0,0.0,4.0,0.3652968,0.0,0.0,889,PRJNA1208088,13,35,IPF / Pulmonary Fibrosis,ontology,idiopathic pulmonary fibrosis,MONDO:0800504,False,True,explicitControl,True,,MONDO:0800504,15,22774.0
SRX27291558_36,1176,1561.0,1248,1611.0002,1260,1611.0004,SRX27291558,capillary endothelial cell,CL:0002144,1176,1561.0,14.541960281870594,22.35746316463805,35.169762972453555,56.6944266495836,0.0,0.0,9.0,0.57655346,0.0,0.0,1176,PRJNA1208088,13,36,IPF / Pulmonary Fibrosis,ontology,idiopathic pulmonary fibrosis,MONDO:0800504,False,True,explicitControl,True,,MONDO:0800504,26,60504.0
SRX27291558_52,2460,3919.0,2647,4060.999,2680,4060.9985,SRX27291558,capillary endothelial cell,CL:0002144,2460,3919.0,13.396274559836693,19.239601939270223,27.736667517223783,44.93493238070936,1.0,0.025516713,21.0,0.535851,0.0,0.0,2460,PRJNA1208088,13,52,IPF / Pulmonary Fibrosis,ontology,idiopathic pulmonary fibrosis,MONDO:0800504,False,True,explicitControl,True,,MONDO:0800504,36,229800.0
SRX27291558_7,1161,1555.0,1227,1606.0001,1236,1606.0002,SRX27291558,B cell,CL:0000236,1161,1555.0,16.784565916398712,24.630225080385852,37.491961414791,57.49196141479099,1.0,0.06430868,6.0,0.3858521,0.0,0.0,1161,PRJNA1208088,13,7,IPF / Pulmonary Fibrosis,ontology,idiopathic pulmonary fibrosis,MONDO:0800504,False,True,explicitControl,True,,MONDO:0800504,11,16985.0
SRX27291558_8,4016,9272.0,4245,9583.001,4379,9583.007,SRX27291558,macrophage,CL:0000235,4016,9272.0,15.44434857635893,21.27911993097498,29.303278688524593,44.628990509059534,0.0,0.0,38.0,0.40983605,0.0,0.0,4016,PRJNA1208088,13,8,IPF / Pulmonary Fibrosis,ontology,idiopathic pulmonary fibrosis,MONDO:0800504,False,True,explicitControl,True,,MONDO:0800504,14,55526.0
SRX27291559_14,429,481.0,453,494.0,454,494.0,SRX27291559,plasma cell,CL:0000786,429,481.0,21.205821205821206,31.600831600831604,52.390852390852395,100.0,0.0,0.0,12.0,2.4948025,0.0,0.0,429,PRJNA1208088,13,14,IPF / Pulmonary Fibrosis,ontology,idiopathic pulmonary fibrosis,MONDO:0800504,False,True,explicitControl,True,,MONDO:0800504,18,11648.0
SRX27291559_36,898,1113.0,951,1155.0,971,1154.9999,SRX27291559,capillary endothelial cell,CL:0002144,898,1113.0,15.902964959568733,24.887690925426774,37.28661275831087,64.240790655885,0.0,0.0,3.0,0.26954177,0.0,0.0,898,PRJNA1208088,13,36,IPF / Pulmonary Fibrosis,ontology,idiopathic pulmonary fibrosis,MONDO:0800504,False,True,explicitControl,True,,MONDO:0800504,40,32021.0
SRX27291559_8,910,1119.0,967,1158.9999,985,1158.9999,SRX27291559,B cell,CL:0000236,910,1119.0,16.264521894548704,25.201072386058982,36.550491510277034,63.360142984807865,0.0,0.0,5.0,0.44682753,0.0,0.0,910,PRJNA1208088,13,8,IPF / Pulmonary Fibrosis,ontology,idiopathic pulmonary fibrosis,MONDO:0800504,False,True,explicitControl,True,,MONDO:0800504,27,25647.0
SRX27291560_14,1141,1690.0,1213,1742.9999,1239,1742.9999,SRX27291560,alveolar adventitial fibroblast,CL:4028006,1141,1690.0,20.76923076923077,29.3491124260355,41.18343195266272,62.07100591715976,0.0,0.0,7.0,0.4142012,0.0,0.0,1141,PRJNA1208088,13,14,IPF / Pulmonary Fibrosis,ontology,idiopathic pulmonary fibrosis,MONDO:0800504,False,True,explicitControl,True,,MONDO:0800504,10,11907.0
SRX27291560_36,1682,2560.0,1775,2631.9995,1798,2631.9993,SRX27291560,capillary endothelial cell,CL:0002144,1682,2560.0,14.6875,22.03125,32.5,53.82812500000001,0.0,0.0,14.0,0.546875,0.0,0.0,1682,PRJNA1208088,51,36,IPF / Pulmonary Fibrosis,ontology,idiopathic pulmonary fibrosis,MONDO:0800504,False,True,explicitControl,True,,MONDO:0800504,21,28894.0
SRX27291561_36,2063,3158.0,2190,3296.9993,2232,3296.9988,SRX27291561,lung multiciliated epithelial cell,CL:1000271,2063,3158.0,13.10956301456618,19.822672577580747,29.449018366054464,49.05003166561115,0.0,0.0,12.0,0.37998733,0.0,0.0,2063,PRJNA1208088,28,36,IPF / Pulmonary Fibrosis,study_consensus,,,False,True,explicitControl,True,,,13,16778.0
SRX27291562_43,852,1089.0,916,1132.0,932,1131.9999,SRX27291562,lung multiciliated epithelial cell,CL:1000271,852,1089.0,18.365472910927455,27.548209366391184,40.12855831037649,67.67676767676768,0.0,0.0,9.0,0.82644624,0.0,0.0,852,PRJNA1208088,28,43,IPF / Pulmonary Fibrosis,ontology,idiopathic pulmonary fibrosis,MONDO:0800504,False,True,explicitControl,True,,MONDO:0800504,31,102984.0
SRX27291562_52,1060,1384.0,1127,1427.9999,1143,1427.9998,SRX27291562,B cell,CL:0000236,1060,1384.0,16.835260115606935,24.49421965317919,37.861271676300575,59.53757225433526,0.0,0.0,9.0,0.650289,0.0,0.0,1060,PRJNA1208088,28,52,IPF / Pulmonary Fibrosis,ontology,idiopathic pulmonary fibrosis,MONDO:0800504,False,True,explicitControl,True,,MONDO:0800504,18,108766.0
SRX27291563_43,2942,4755.0,3119,5064.0015,3216,5064.001,SRX27291563,lung multiciliated epithelial cell,CL:1000271,2942,4755.0,10.998948475289168,16.214511041009462,24.079915878023133,40.23133543638275,6.0,0.12618296,43.0,0.90431124,0.0,0.0,2942,PRJNA1208088,28,43,IPF / Pulmonary Fibrosis,ontology,idiopathic pulmonary fibrosis,MONDO:0800504,False,True,explicitControl,True,,MONDO:0800504,21,91091.0
SRX27291563_52,1619,2177.0,1738,2319.0,1766,2319.0002,SRX27291563,B cell,CL:0000236,1619,2177.0,13.596692696371154,20.0734956361966,29.260450160771708,48.5989894350023,11.0,0.5052825,41.0,1.8833257,0.0,0.0,1619,PRJNA1208088,28,52,IPF / Pulmonary Fibrosis,ontology,idiopathic pulmonary fibrosis,MONDO:0800504,False,True,explicitControl,True,,MONDO:0800504,430,1108875.0
SRX27291563_7,1313,1726.0,1397,1811.0002,1416,1811.0006,SRX27291563,B cell,CL:0000236,1313,1726.0,14.600231749710312,21.2630359212051,32.850521436848204,52.89687137891078,0.0,0.0,19.0,1.1008111,0.0,0.0,1313,PRJNA1208088,28,7,IPF / Pulmonary Fibrosis,ontology,idiopathic pulmonary fibrosis,MONDO:0800504,False,True,explicitControl,True,,MONDO:0800504,30,82203.0
SRX27291564_36,1116,1509.0,1187,1567.0001,1195,1567.0,SRX27291564,capillary endothelial cell,CL:0002144,1116,1509.0,17.09741550695825,24.784625579854207,38.03843605036448,59.178263750828364,0.0,0.0,6.0,0.3976143,0.0,0.0,1116,PRJNA1208088,51,36,IPF / Pulmonary Fibrosis,ontology,idiopathic pulmonary fibrosis,MONDO:0800504,False,True,explicitControl,True,,MONDO:0800504,11,19436.0
SRX27291564_52,2164,3819.0,2301,3945.9998,2349,3945.9983,SRX27291564,capillary endothelial cell,CL:0002144,2164,3819.0,18.093741817229642,24.142445666404818,32.992930086410055,51.08667190363969,0.0,0.0,15.0,0.39277294,0.0,0.0,2164,PRJNA1208088,13,52,IPF / Pulmonary Fibrosis,ontology,idiopathic pulmonary fibrosis,MONDO:0800504,False,True,explicitControl,True,,MONDO:0800504,24,134305.0
SRX27291564_8,2971,5883.0,3165,6106.001,3261,6106.002,SRX27291564,capillary endothelial cell,CL:0002144,2971,5883.0,19.666836647968726,25.327214006459293,33.40132585415604,49.44756076831548,0.0,0.0,18.0,0.30596635,0.0,0.0,2971,PRJNA1208088,13,8,IPF / Pulmonary Fibrosis,ontology,idiopathic pulmonary fibrosis,MONDO:0800504,False,True,explicitControl,True,,MONDO:0800504,10,25870.0
SRX27291565_14,590,720.0,637,753.0,643,752.99994,SRX27291565,B cell,CL:0000236,590,720.0,24.02777777777778,31.944444444444443,45.83333333333333,87.5,0.0,0.0,6.0,0.8333334,0.0,0.0,590,PRJNA1208088,13,14,IPF / Pulmonary Fibrosis,ontology,idiopathic pulmonary fibrosis,MONDO:0800504,False,True,explicitControl,True,,MONDO:0800504,16,14797.0
SRX27291565_43,1360,1957.0,1469,2028.0,1486,2028.0001,SRX27291565,alveolar adventitial fibroblast,CL:4028006,1360,1957.0,19.46857434849259,26.724578436382217,36.9443025038324,56.05518650996423,0.0,0.0,12.0,0.61318344,0.0,0.0,1360,PRJNA1208088,28,43,IPF / Pulmonary Fibrosis,ontology,idiopathic pulmonary fibrosis,MONDO:0800504,False,True,explicitControl,True,,MONDO:0800504,11,14814.0
SRX27291565_8,888,1172.0,972,1219.0,985,1219.0001,SRX27291565,capillary endothelial cell,CL:0002144,888,1172.0,23.037542662116042,31.569965870307165,41.29692832764505,66.89419795221842,0.0,0.0,6.0,0.5119454,0.0,0.0,888,PRJNA1208088,13,8,IPF / Pulmonary Fibrosis,ontology,idiopathic pulmonary fibrosis,MONDO:0800504,False,True,explicitControl,True,,MONDO:0800504,29,24481.0
SRX27291566_14,1061,1415.0,1167,1470.9998,1174,1470.9998,SRX27291566,capillary endothelial cell,CL:0002144,1061,1415.0,21.766784452296818,28.833922261484098,39.15194346289753,60.35335689045937,0.0,0.0,5.0,0.3533569,0.0,0.0,1061,PRJNA1208088,13,14,IPF / Pulmonary Fibrosis,ontology,idiopathic pulmonary fibrosis,MONDO:0800504,False,True,explicitControl,True,,MONDO:0800504,12,15005.0
SRX27291566_36,800,949.0,858,985.99994,865,986.0,SRX27291566,capillary endothelial cell,CL:0002144,800,949.0,16.96522655426765,26.23814541622761,36.775553213909376,68.38777660695469,6.0,0.63224447,14.0,1.4752371,0.0,0.0,800,PRJNA1208088,13,36,IPF / Pulmonary Fibrosis,ontology,idiopathic pulmonary fibrosis,MONDO:0800504,False,True,explicitControl,True,,MONDO:0800504,31,24256.0
SRX27291566_38,1063,1381.0,1136,1428.9999,1156,1428.9995,SRX27291566,capillary endothelial cell,CL:0002144,1063,1381.0,18.682114409847937,25.923244026068065,37.50905141202028,59.23244026068066,0.0,0.0,6.0,0.43446776,0.0,0.0,1063,PRJNA1208088,13,38,IPF / Pulmonary Fibrosis,ontology,idiopathic pulmonary fibrosis,MONDO:0800504,False,True,explicitControl,True,,MONDO:0800504,10,12533.0
SRX27291566_43,521,590.0,547,604.0,547,604.0,SRX27291566,lung multiciliated epithelial cell,CL:1000271,521,590.0,20.16949152542373,28.644067796610166,45.593220338983045,96.4406779661017,0.0,0.0,1.0,0.16949153,0.0,0.0,521,PRJNA1208088,28,43,IPF / Pulmonary Fibrosis,ontology,idiopathic pulmonary fibrosis,MONDO:0800504,False,True,explicitControl,True,,MONDO:0800504,10,19058.0
SRX27291566_8,947,1250.0,1036,1307.0,1052,1306.9999,SRX27291566,"CD4-positive, alpha-beta T cell",CL:0000624,947,1250.0,22.88,30.880000000000003,40.239999999999995,64.24,0.0,0.0,9.0,0.71999997,0.0,0.0,947,PRJNA1208088,13,8,IPF / Pulmonary Fibrosis,ontology,idiopathic pulmonary fibrosis,MONDO:0800504,False,True,explicitControl,True,,MONDO:0800504,10,25533.0
SRX27291566_9,488,603.0,538,628.0,538,628.0,SRX27291566,macrophage,CL:0000235,488,603.0,27.363184079601986,35.65505804311774,52.23880597014925,100.0,0.0,0.0,5.0,0.8291874,0.0,0.0,488,PRJNA1208088,13,9,IPF / Pulmonary Fibrosis,ontology,idiopathic pulmonary fibrosis,MONDO:0800504,False,True,explicitControl,True,,MONDO:0800504,14,10383.0
SRX27291567_38,923,1177.0,982,1208.9998,990,1208.9998,SRX27291567,capillary endothelial cell,CL:0002144,923,1177.0,19.456244689889548,27.952421410365336,38.57264231096007,64.06117247238743,0.0,0.0,10.0,0.84961766,0.0,0.0,923,PRJNA1208088,13,38,IPF / Pulmonary Fibrosis,ontology,idiopathic pulmonary fibrosis,MONDO:0800504,False,True,explicitControl,True,,MONDO:0800504,12,10912.0
SRX27291567_8,1347,2305.0,1461,2387.0005,1481,2387.0,SRX27291567,capillary endothelial cell,CL:0002144,1347,2305.0,31.23644251626898,37.78741865509762,46.68112798264642,63.253796095444685,22.0,0.95444685,98.0,4.251627,0.0,0.0,1347,PRJNA1208088,26,8,IPF / Pulmonary Fibrosis,ontology,idiopathic pulmonary fibrosis,MONDO:0800504,False,True,explicitControl,True,,MONDO:0800504,28,26194.0
SRX27291568_14,705,907.0,749,942.9999,761,942.99994,SRX27291568,B cell,CL:0000236,705,907.0,19.955898566703418,30.98125689084895,44.321940463065054,77.39801543550165,0.0,0.0,3.0,0.33076075,0.0,0.0,705,PRJNA1208088,13,14,IPF / Pulmonary Fibrosis,ontology,idiopathic pulmonary fibrosis,MONDO:0800504,False,True,explicitControl,True,,MONDO:0800504,15,19539.0
SRX27291568_36,2002,3179.0,2153,3313.999,2199,3313.9993,SRX27291568,capillary endothelial cell,CL:0002144,2002,3179.0,15.319282793331238,21.92513368983957,31.393519974834856,50.73922617175213,0.0,0.0,8.0,0.25165147,0.0,0.0,2002,PRJNA1208088,13,36,IPF / Pulmonary Fibrosis,ontology,idiopathic pulmonary fibrosis,MONDO:0800504,False,True,explicitControl,True,,MONDO:0800504,28,46959.0
SRX27291569_36,514,653.0,556,680.99994,558,680.99994,SRX27291569,capillary endothelial cell,CL:0002144,514,653.0,25.57427258805513,36.60030627871363,51.91424196018377,97.85604900459418,1.0,0.15313937,1.0,0.15313937,0.0,0.0,514,PRJNA1208088,51,36,IPF / Pulmonary Fibrosis,ontology,idiopathic pulmonary fibrosis,MONDO:0800504,False,True,explicitControl,True,,MONDO:0800504,18,15379.0
SRX27291569_8,2706,5020.0,2864,5187.0015,2931,5187.002,SRX27291569,pulmonary alveolar type 2 cell,CL:0002063,2706,5020.0,17.270916334661354,23.46613545816733,32.17131474103586,48.22709163346614,0.0,0.0,19.0,0.37848604,0.0,0.0,2706,PRJNA1208088,13,8,IPF / Pulmonary Fibrosis,ontology,idiopathic pulmonary fibrosis,MONDO:0800504,False,True,explicitControl,True,,MONDO:0800504,11,40955.0
SRX27291570_0,582,918.0,629,975.00006,633,974.99994,SRX27291570,plasma cell,CL:0000786,582,918.0,39.651416122004356,47.49455337690632,58.387799564270146,91.06753812636165,2.0,0.21786492,23.0,2.5054467,0.0,0.0,582,PRJNA1208088,13,0,IPF / Pulmonary Fibrosis,ontology,idiopathic pulmonary fibrosis,MONDO:0800504,True,False,,True,,MONDO:0800504,53,89948.0
SRX27291570_14,1065,1575.0,1138,1653.0001,1160,1653.0002,SRX27291570,macrophage,CL:0000235,1065,1575.0,20.57142857142857,29.523809523809526,42.22222222222222,64.12698412698413,3.0,0.1904762,9.0,0.57142854,0.0,0.0,1065,PRJNA1208088,13,14,IPF / Pulmonary Fibrosis,ontology,idiopathic pulmonary fibrosis,MONDO:0800504,True,False,,True,,MONDO:0800504,13,23376.0
SRX27291570_36,788,964.0,825,1006.00006,834,1005.99994,SRX27291570,capillary endothelial cell,CL:0002144,788,964.0,17.842323651452283,28.21576763485477,39.004149377593365,70.12448132780082,3.0,0.31120333,12.0,1.2448133,0.0,0.0,788,PRJNA1208088,13,36,IPF / Pulmonary Fibrosis,ontology,idiopathic pulmonary fibrosis,MONDO:0800504,True,False,,True,,MONDO:0800504,36,48411.0
SRX27291570_43,5747,16024.0,6010,16718.002,6255,16717.996,SRX27291570,lung multiciliated epithelial cell,CL:1000271,5747,16024.0,12.325262106839741,17.579880179730402,25.14353469795307,39.38467299051423,8.0,0.04992511,101.0,0.6303045,0.0,0.0,5747,PRJNA1208088,28,43,IPF / Pulmonary Fibrosis,ontology,idiopathic pulmonary fibrosis,MONDO:0800504,True,False,,True,,MONDO:0800504,13,63324.0
SRX27291570_44,2368,4177.0,2505,4350.999,2560,4351.0,SRX27291570,lung multiciliated epithelial cell,CL:1000271,2368,4177.0,18.075173569547523,24.41943978932248,33.30141249700742,50.442901604022026,2.0,0.047881257,38.0,0.90974385,0.0,0.0,2368,PRJNA1208088,28,44,IPF / Pulmonary Fibrosis,ontology,idiopathic pulmonary fibrosis,MONDO:0800504,True,False,,True,,MONDO:0800504,29,53696.0
SRX27291570_8,2345,5646.0,2483,5874.0015,2543,5874.0015,SRX27291570,capillary endothelial cell,CL:0002144,2345,5646.0,27.948990435706694,34.53772582359193,43.30499468650372,60.237336167198016,2.0,0.03542331,27.0,0.47821468,0.0,0.0,2345,PRJNA1208088,13,8,IPF / Pulmonary Fibrosis,ontology,idiopathic pulmonary fibrosis,MONDO:0800504,True,False,,True,,MONDO:0800504,11,38996.0
SRX27291571_14,1285,1770.0,1363,1837.0001,1378,1837.0001,SRX27291571,capillary endothelial cell,CL:0002144,1285,1770.0,16.497175141242938,23.785310734463277,35.08474576271187,55.6497175141243,1.0,0.056497175,20.0,1.1299435,0.0,0.0,1285,PRJNA1208088,13,14,IPF / Pulmonary Fibrosis,ontology,idiopathic pulmonary fibrosis,MONDO:0800504,True,False,,True,,MONDO:0800504,20,51305.0
SRX27291571_36,728,946.0,792,988.9997,805,988.9998,SRX27291571,capillary endothelial cell,CL:0002144,728,946.0,20.190274841437635,30.76109936575053,44.18604651162791,75.8985200845666,2.0,0.21141648,6.0,0.6342495,0.0,0.0,728,PRJNA1208088,51,36,IPF / Pulmonary Fibrosis,ontology,idiopathic pulmonary fibrosis,MONDO:0800504,True,False,,True,,MONDO:0800504,99,186494.0
SRX27291571_52,1139,1649.0,1199,1721.0,1220,1721.0,SRX27291571,capillary endothelial cell,CL:0002144,1139,1649.0,21.04305639781686,28.805336567616735,40.933899332929045,61.24924196482717,0.0,0.0,9.0,0.54578537,0.0,0.0,1139,PRJNA1208088,13,52,IPF / Pulmonary Fibrosis,ontology,idiopathic pulmonary fibrosis,MONDO:0800504,True,False,,True,,MONDO:0800504,12,104167.0
SRX27291571_8,1727,3219.0,1824,3301.999,1849,3301.9993,SRX27291571,pulmonary alveolar type 2 cell,CL:0002063,1727,3219.0,27.77260018639329,34.234234234234236,43.864554209381794,61.88257222739981,10.0,0.31065547,48.0,1.4911463,0.0,0.0,1727,PRJNA1208088,13,8,IPF / Pulmonary Fibrosis,ontology,idiopathic pulmonary fibrosis,MONDO:0800504,True,False,,True,,MONDO:0800504,25,110600.0
SRX27291572_38,1095,1742.0,1171,1867.9999,1210,1867.9996,SRX27291572,pulmonary alveolar type 1 cell,CL:0002062,1095,1742.0,23.99540757749713,32.60619977037887,44.60390355912744,65.84385763490242,18.0,1.033295,5.0,0.2870264,0.0,0.0,1095,PRJNA1208088,50,38,IPF / Pulmonary Fibrosis,ontology,idiopathic pulmonary fibrosis,MONDO:0800504,False,True,explicitControl,True,,MONDO:0800504,22,71293.0
SRX27291572_54,1106,1629.0,1250,1861.0009,1285,1861.0004,SRX27291572,pulmonary alveolar type 2 cell,CL:0002063,1106,1629.0,23.8182934315531,31.491712707182316,43.76918354818907,62.79926335174954,34.0,2.0871701,7.0,0.4297115,0.0,0.0,1106,PRJNA1208088,68,54,IPF / Pulmonary Fibrosis,ontology,idiopathic pulmonary fibrosis,MONDO:0800504,False,True,explicitControl,True,,MONDO:0800504,12,26308.0
SRX27291574_38,986,1444.0,1050,1509.0,1075,1508.9998,SRX27291574,pulmonary alveolar type 1 cell,CL:0002062,986,1444.0,20.15235457063712,29.155124653739612,43.00554016620499,66.34349030470914,4.0,0.2770083,4.0,0.2770083,0.0,0.0,986,PRJNA1208088,50,38,IPF / Pulmonary Fibrosis,ontology,idiopathic pulmonary fibrosis,MONDO:0800504,False,True,explicitControl,True,,MONDO:0800504,32,63191.0
SRX27291574_54,2594,5288.0,2738,5489.002,2807,5489.003,SRX27291574,pulmonary alveolar type 1 cell,CL:0002062,2594,5288.0,18.38124054462935,25.170196671709533,34.152798789712556,51.85325264750378,47.0,0.8888048,20.0,0.37821484,0.0,0.0,2594,PRJNA1208088,50,54,IPF / Pulmonary Fibrosis,ontology,idiopathic pulmonary fibrosis,MONDO:0800504,False,True,explicitControl,True,,MONDO:0800504,19,55079.0
SRX27291574_8,1084,1894.0,1181,1974.9999,1200,1975.0,SRX27291574,pulmonary alveolar type 2 cell,CL:0002063,1084,1894.0,27.13833157338965,36.219640971488914,47.36008447729672,69.16578669482577,22.0,1.1615628,9.0,0.4751848,0.0,0.0,1084,PRJNA1208088,68,8,IPF / Pulmonary Fibrosis,ontology,idiopathic pulmonary fibrosis,MONDO:0800504,False,True,explicitControl,True,,MONDO:0800504,27,63135.0
SRX27291576_38,866,1201.0,951,1557.0002,984,1556.9994,SRX27291576,pulmonary alveolar type 1 cell,CL:0002062,866,1201.0,22.98084929225645,31.307243963363863,44.546211490424646,69.52539550374688,4.0,0.3330558,0.0,0.0,0.0,0.0,866,PRJNA1208088,50,38,IPF / Pulmonary Fibrosis,disease_text,,,False,True,explicitControl,True,,,20,38303.0
SRX27291576_54,1345,1977.0,1455,2503.9998,1497,2504.0005,SRX27291576,"CD4-positive, alpha-beta T cell",CL:0000624,1345,1977.0,21.193727870510877,28.072837632776938,38.189175518462314,57.25847243297926,26.0,1.3151239,6.0,0.30349013,0.0,0.0,1345,PRJNA1208088,13,54,IPF / Pulmonary Fibrosis,disease_text,,,False,True,explicitControl,True,,,26,98682.0
SRX27291580_54,874,1129.0,986,1347.9994,1010,1348.0001,SRX27291580,B cell,CL:0000236,874,1129.0,20.460584588131088,29.317980513728966,40.30115146147033,66.87333923826395,19.0,1.6829053,3.0,0.2657219,0.0,0.0,874,PRJNA1208088,13,54,IPF / Pulmonary Fibrosis,ontology,idiopathic pulmonary fibrosis,MONDO:0800504,True,False,,True,,MONDO:0800504,12,23413.0
SRX27291582_2,1363,3036.0,1445,3179.0002,1488,3178.9993,SRX27291582,"CD4-positive, alpha-beta T cell",CL:0000624,1363,3036.0,26.58102766798419,36.42951251646904,48.616600790513836,71.04743083003953,140.0,4.611331,19.0,0.62582344,0.0,0.0,1363,PRJNA1208088,4,2,IPF / Pulmonary Fibrosis,ontology,idiopathic pulmonary fibrosis,MONDO:0800504,True,False,,True,,MONDO:0800504,15,19376.0
SRX27291582_36,3330,8404.0,3542,9088.005,3673,9088.006,SRX27291582,macrophage,CL:0000235,3330,8404.0,24.405045216563543,30.68776772965255,38.755354593050924,53.510233222275104,870.0,10.352213,140.0,1.6658734,1.0,0.011899096,3330,PRJNA1208088,51,36,IPF / Pulmonary Fibrosis,ontology,idiopathic pulmonary fibrosis,MONDO:0800504,True,False,,True,,MONDO:0800504,12,39084.0
SRX27291582_38,1468,3513.0,1561,3709.9998,1609,3709.9988,SRX27291582,pulmonary alveolar type 1 cell,CL:0002062,1468,3513.0,28.92115001423285,38.79874750925135,50.81127241673783,70.68033020210646,86.0,2.44805,16.0,0.4554512,0.0,0.0,1468,PRJNA1208088,50,38,IPF / Pulmonary Fibrosis,ontology,idiopathic pulmonary fibrosis,MONDO:0800504,True,False,,True,,MONDO:0800504,25,77220.0
SRX27291582_54,1466,3090.0,1536,3211.9995,1562,3211.9998,SRX27291582,pulmonary alveolar type 2 cell,CL:0002063,1466,3090.0,27.119741100323623,35.88996763754045,47.11974110032362,68.57605177993527,48.0,1.5533981,26.0,0.841424,1.0,0.032362457,1466,PRJNA1208088,68,54,IPF / Pulmonary Fibrosis,ontology,idiopathic pulmonary fibrosis,MONDO:0800504,True,False,,True,,MONDO:0800504,41,248606.0
SRX27291584_54,857,1334.0,953,1742.9999,981,1742.9995,SRX27291584,B cell,CL:0000236,857,1334.0,32.68365817091454,40.17991004497751,50.7496251874063,73.2383808095952,44.0,3.2983508,5.0,0.37481257,0.0,0.0,857,PRJNA1208088,13,54,IPF / Pulmonary Fibrosis,ontology,idiopathic pulmonary fibrosis,MONDO:0800504,True,False,,True,,MONDO:0800504,11,40805.0
SRX27291587_14,1579,2257.0,1685,2339.0002,1718,2339.0005,SRX27291587,macrophage,CL:0000235,1579,2257.0,18.254319893664157,24.900310146211783,33.983163491360216,52.193176783340725,0.0,0.0,18.0,0.7975188,0.0,0.0,1579,PRJNA1208088,13,14,IPF / Pulmonary Fibrosis,ontology,idiopathic pulmonary fibrosis,MONDO:0800504,False,True,explicitControl,True,,MONDO:0800504,26,77213.0
SRX27291587_36,861,1191.0,921,1237.0,930,1236.9999,SRX27291587,capillary endothelial cell,CL:0002144,861,1191.0,24.09739714525609,32.49370277078086,44.500419815281276,69.68933669185559,1.0,0.08396305,13.0,1.0915197,0.0,0.0,861,PRJNA1208088,51,36,IPF / Pulmonary Fibrosis,ontology,idiopathic pulmonary fibrosis,MONDO:0800504,False,True,explicitControl,True,,MONDO:0800504,96,258766.0
SRX27291587_38,1804,2988.0,1933,3084.0,1964,3083.9998,SRX27291587,capillary endothelial cell,CL:0002144,1804,2988.0,21.653279785809907,27.91164658634538,37.148594377510044,56.35876840696118,2.0,0.06693441,21.0,0.70281124,0.0,0.0,1804,PRJNA1208088,13,38,IPF / Pulmonary Fibrosis,ontology,idiopathic pulmonary fibrosis,MONDO:0800504,False,True,explicitControl,True,,MONDO:0800504,18,67471.0
SRX27291587_52,3183,6112.0,3339,6298.0024,3418,6298.0024,SRX27291587,pericyte,CL:0000669,3183,6112.0,20.6151832460733,25.507198952879577,32.57526178010471,47.25130890052356,0.0,0.0,31.0,0.507199,0.0,0.0,3183,PRJNA1208088,13,52,IPF / Pulmonary Fibrosis,ontology,idiopathic pulmonary fibrosis,MONDO:0800504,False,True,explicitControl,True,,MONDO:0800504,24,267492.0
SRX27291587_60,3647,7865.0,3832,8148.0,3946,8148.002,SRX27291587,pericyte,CL:0000669,3647,7865.0,16.935791481246028,22.059758423394786,29.904640813731724,45.02225047679593,0.0,0.0,37.0,0.47043866,0.0,0.0,3647,PRJNA1208088,13,60,IPF / Pulmonary Fibrosis,ontology,idiopathic pulmonary fibrosis,MONDO:0800504,False,True,explicitControl,True,,MONDO:0800504,27,93729.0
SRX27291587_8,2810,5421.0,2999,5604.9995,3057,5605.001,SRX27291587,natural killer cell,CL:0000623,2810,5421.0,22.33905183545471,27.375023058476295,34.845969378343476,49.43737317838037,31.0,0.57185024,216.0,3.9845045,0.0,0.0,2810,PRJNA1208088,13,8,IPF / Pulmonary Fibrosis,ontology,idiopathic pulmonary fibrosis,MONDO:0800504,False,True,explicitControl,True,,MONDO:0800504,30,129792.0
SRX27291588_10,938,1677.0,1026,1857.0001,1041,1857.0004,SRX27291588,macrophage,CL:0000235,938,1677.0,27.549194991055455,38.10375670840787,51.81872391174716,73.8819320214669,115.0,6.857484,2.0,0.11926058,0.0,0.0,938,PRJNA1208088,49,10,IPF / Pulmonary Fibrosis,ontology,idiopathic pulmonary fibrosis,MONDO:0800504,True,False,,True,,MONDO:0800504,12,41997.0
SRX27291588_38,1227,2426.0,1343,2657.9998,1384,2657.9993,SRX27291588,pulmonary alveolar type 1 cell,CL:0002062,1227,2426.0,28.730420445177245,37.88128606760099,50.082440230832646,70.03297609233306,207.0,8.532563,5.0,0.20610057,0.0,0.0,1227,PRJNA1208088,50,38,IPF / Pulmonary Fibrosis,ontology,idiopathic pulmonary fibrosis,MONDO:0800504,True,False,,True,,MONDO:0800504,28,63805.0
SRX27291588_54,2425,6084.0,2557,6492.0005,2658,6492.0024,SRX27291588,lung multiciliated epithelial cell,CL:1000271,2425,6084.0,23.454963839579225,31.147271531886915,41.600920447074294,59.451019066403674,22.0,0.36160418,17.0,0.27942142,0.0,0.0,2425,PRJNA1208088,13,54,IPF / Pulmonary Fibrosis,ontology,idiopathic pulmonary fibrosis,MONDO:0800504,True,False,,True,,MONDO:0800504,46,256081.0
SRX27291590_36,1184,1522.0,1290,1636.0001,1308,1636.0002,SRX27291590,capillary endothelial cell,CL:0002144,1184,1522.0,14.848883048620237,21.81340341655716,34.95400788436268,55.05913272010512,0.0,0.0,10.0,0.6570302,0.0,0.0,1184,PRJNA1208088,13,36,IPF / Pulmonary Fibrosis,ontology,idiopathic pulmonary fibrosis,MONDO:0800504,False,True,explicitControl,True,,MONDO:0800504,26,43811.0
SRX27291590_52,2207,3438.0,2349,3667.0002,2399,3666.9985,SRX27291590,pericyte,CL:0000669,2207,3438.0,13.001745200698082,19.342641070389764,28.47585805700989,47.265852239674224,0.0,0.0,18.0,0.5235602,0.0,0.0,2207,PRJNA1208088,13,52,IPF / Pulmonary Fibrosis,ontology,idiopathic pulmonary fibrosis,MONDO:0800504,False,True,explicitControl,True,,MONDO:0800504,24,71094.0
SRX27291590_8,2172,3902.0,2321,4071.9983,2377,4071.9978,SRX27291590,capillary endothelial cell,CL:0002144,2172,3902.0,22.270630445925164,28.60071758072783,37.1604305484367,53.79292670425423,0.0,0.0,17.0,0.435674,0.0,0.0,2172,PRJNA1208088,68,8,IPF / Pulmonary Fibrosis,ontology,idiopathic pulmonary fibrosis,MONDO:0800504,False,True,explicitControl,True,,MONDO:0800504,33,71814.0
SRX27291591_0,591,1386.0,632,1446.9998,642,1446.9996,SRX27291591,plasma cell,CL:0000786,591,1386.0,58.730158730158735,64.57431457431457,71.78932178932179,93.43434343434343,9.0,0.64935064,65.0,4.6897545,0.0,0.0,591,PRJNA1208088,13,0,IPF / Pulmonary Fibrosis,ontology,idiopathic pulmonary fibrosis,MONDO:0800504,False,True,explicitControl,True,,MONDO:0800504,11,11831.0
SRX27291591_14,3511,7131.0,3667,7398.001,3786,7398.005,SRX27291591,alveolar adventitial fibroblast,CL:4028006,3511,7131.0,15.621932407796942,21.091011078390128,28.761744495863134,43.82274575795821,3.0,0.042069837,66.0,0.92553633,0.0,0.0,3511,PRJNA1208088,13,14,IPF / Pulmonary Fibrosis,ontology,idiopathic pulmonary fibrosis,MONDO:0800504,False,True,explicitControl,True,,MONDO:0800504,20,41957.0
SRX27291591_36,1061,1357.0,1146,1470.9999,1154,1471.0,SRX27291591,capillary endothelial cell,CL:0002144,1061,1357.0,17.686072218128224,25.05526897568165,36.551215917464994,58.658806190125276,6.0,0.4421518,47.0,3.4635224,0.0,0.0,1061,PRJNA1208088,51,36,IPF / Pulmonary Fibrosis,ontology,idiopathic pulmonary fibrosis,MONDO:0800504,False,True,explicitControl,True,,MONDO:0800504,36,85242.0
SRX27291591_43,739,891.0,809,957.99994,817,957.9999,SRX27291591,B cell,CL:0000236,739,891.0,17.17171717171717,28.28282828282828,39.50617283950617,73.17620650953984,5.0,0.5611672,43.0,4.8260384,0.0,0.0,739,PRJNA1208088,13,43,IPF / Pulmonary Fibrosis,ontology,idiopathic pulmonary fibrosis,MONDO:0800504,False,True,explicitControl,True,,MONDO:0800504,23,66036.0
SRX27291591_44,2306,4019.0,2456,4187.9995,2511,4187.999,SRX27291591,lung multiciliated epithelial cell,CL:1000271,2306,4019.0,15.824832047773077,22.841502861408312,32.69470017417268,50.36078626524011,14.0,0.34834534,36.0,0.8957452,1.0,0.02488181,2306,PRJNA1208088,28,44,IPF / Pulmonary Fibrosis,ontology,idiopathic pulmonary fibrosis,MONDO:0800504,False,True,explicitControl,True,,MONDO:0800504,18,100149.0
SRX27291591_60,4940,11603.0,5188,12163.996,5363,12163.998,SRX27291591,macrophage,CL:0000235,4940,11603.0,10.143928294406619,15.220201671981384,22.709644057571317,37.59372576057916,64.0,0.5515815,218.0,1.8788245,0.0,0.0,4940,PRJNA1208088,13,60,IPF / Pulmonary Fibrosis,ontology,idiopathic pulmonary fibrosis,MONDO:0800504,False,True,explicitControl,True,,MONDO:0800504,12,32874.0
SRX27291591_8,972,1284.0,1033,1361.9998,1049,1361.9998,SRX27291591,lung multiciliated epithelial cell,CL:1000271,972,1284.0,18.847352024922117,26.635514018691588,39.875389408099686,63.2398753894081,3.0,0.23364486,56.0,4.3613706,0.0,0.0,972,PRJNA1208088,13,8,IPF / Pulmonary Fibrosis,ontology,idiopathic pulmonary fibrosis,MONDO:0800504,False,True,explicitControl,True,,MONDO:0800504,26,76429.0
SRX27291592_43,3166,5572.0,3344,5782.0,3426,5782.0015,SRX27291592,lung multiciliated epithelial cell,CL:1000271,3166,5572.0,16.529073941134243,21.80545585068198,29.594400574300074,43.89806173725771,1.0,0.017946877,10.0,0.17946877,0.0,0.0,3166,PRJNA1208088,28,43,IPF / Pulmonary Fibrosis,ontology,idiopathic pulmonary fibrosis,MONDO:0800504,False,True,explicitControl,True,,MONDO:0800504,22,51295.0
SRX27291592_44,627,777.0,690,814.99994,696,815.0,SRX27291592,lung multiciliated epithelial cell,CL:1000271,627,777.0,22.393822393822393,32.17503217503218,45.04504504504504,83.65508365508364,0.0,0.0,4.0,0.51480055,0.0,0.0,627,PRJNA1208088,28,44,IPF / Pulmonary Fibrosis,ontology,idiopathic pulmonary fibrosis,MONDO:0800504,False,True,explicitControl,True,,MONDO:0800504,15,24540.0
SRX27291593_14,1130,1368.0,1227,1429.0001,1241,1429.0004,SRX27291593,intermediate monocyte,CL:0002393,1130,1368.0,14.839181286549707,22.149122807017545,32.01754385964912,53.94736842105263,0.0,0.0,17.0,1.2426901,0.0,0.0,1130,PRJNA1208088,13,14,IPF / Pulmonary Fibrosis,study_consensus,,,False,True,explicitControl,True,,,15,39092.0
SRX27291593_36,556,661.0,610,682.99994,610,682.99994,SRX27291593,capillary endothelial cell,CL:0002144,556,661.0,21.936459909228443,31.01361573373676,46.14220877458396,91.52798789712556,0.0,0.0,7.0,1.0590014,0.0,0.0,556,PRJNA1208088,13,36,IPF / Pulmonary Fibrosis,study_consensus,,,False,True,explicitControl,True,,,25,17988.0
SRX27291593_8,1116,2096.0,1187,2148.0,1199,2148.0002,SRX27291593,B cell,CL:0000236,1116,2096.0,38.645038167938935,45.276717557251914,54.81870229007634,70.61068702290076,0.0,0.0,12.0,0.5725191,0.0,0.0,1116,PRJNA1208088,68,8,IPF / Pulmonary Fibrosis,study_consensus,,,False,True,explicitControl,True,,,15,35705.0
SRX27291594_21,304,379.0,329,390.00003,329,390.00003,SRX27291594,plasma cell,CL:0000786,304,379.0,32.98153034300791,46.17414248021108,72.55936675461741,100.0,0.0,0.0,7.0,1.8469658,0.0,0.0,304,PRJNA1208088,13,21,IPF / Pulmonary Fibrosis,ontology,idiopathic pulmonary fibrosis,MONDO:0800504,False,True,explicitControl,True,,MONDO:0800504,10,7162.0
SRX27291594_36,343,388.0,367,395.9999,367,395.9999,SRX27291594,plasma cell,CL:0000786,343,388.0,24.484536082474225,37.371134020618555,63.144329896907216,100.0,0.0,0.0,9.0,2.3195875,0.0,0.0,343,PRJNA1208088,13,36,IPF / Pulmonary Fibrosis,ontology,idiopathic pulmonary fibrosis,MONDO:0800504,False,True,explicitControl,True,,MONDO:0800504,19,10541.0
SRX27291594_38,541,679.0,598,709.9999,605,709.9999,SRX27291594,capillary endothelial cell,CL:0002144,541,679.0,26.50957290132548,35.051546391752574,49.779086892488955,93.96170839469808,0.0,0.0,6.0,0.88365245,0.0,0.0,541,PRJNA1208088,13,38,IPF / Pulmonary Fibrosis,ontology,idiopathic pulmonary fibrosis,MONDO:0800504,False,True,explicitControl,True,,MONDO:0800504,15,10295.0
SRX27291594_8,700,901.0,755,930.99994,760,931.0,SRX27291594,capillary endothelial cell,CL:0002144,700,901.0,26.082130965593787,33.40732519422864,44.50610432852386,77.80244173140954,0.0,0.0,10.0,1.1098778,0.0,0.0,700,PRJNA1208088,13,8,IPF / Pulmonary Fibrosis,ontology,idiopathic pulmonary fibrosis,MONDO:0800504,False,True,explicitControl,True,,MONDO:0800504,59,41502.0
SRX27291595_36,1271,1661.0,1351,1718.9996,1364,1718.9996,SRX27291595,"CD4-positive, alpha-beta T cell",CL:0000624,1271,1661.0,13.847080072245635,20.891029500301023,32.9319686935581,53.58217940999398,0.0,0.0,16.0,0.96327513,0.0,0.0,1271,PRJNA1208088,51,36,IPF / Pulmonary Fibrosis,ontology,idiopathic pulmonary fibrosis,MONDO:0800504,False,True,explicitControl,True,,MONDO:0800504,51,181079.0
SRX27291595_43,2739,4731.0,2885,4890.0005,2951,4890.0,SRX27291595,lung multiciliated epithelial cell,CL:1000271,2739,4731.0,12.344113295286409,18.241386599027688,27.07672796448954,44.17670682730924,0.0,0.0,13.0,0.27478334,0.0,0.0,2739,PRJNA1208088,28,43,IPF / Pulmonary Fibrosis,ontology,idiopathic pulmonary fibrosis,MONDO:0800504,False,True,explicitControl,True,,MONDO:0800504,13,119545.0
SRX27291595_52,1431,2181.0,1519,2258.0,1529,2258.0,SRX27291595,capillary endothelial cell,CL:0002144,1431,2181.0,19.02796882164145,26.5474552957359,36.86382393397524,57.31315910132967,1.0,0.045850527,15.0,0.6877579,0.0,0.0,1431,PRJNA1208088,13,52,IPF / Pulmonary Fibrosis,ontology,idiopathic pulmonary fibrosis,MONDO:0800504,False,True,explicitControl,True,,MONDO:0800504,22,202553.0
SRX27291595_60,1389,1960.0,1486,2037.0004,1516,2037.0004,SRX27291595,pericyte,CL:0000669,1389,1960.0,15.96938775510204,23.622448979591837,34.23469387755102,54.64285714285714,2.0,0.10204081,10.0,0.5102041,0.0,0.0,1389,PRJNA1208088,13,60,IPF / Pulmonary Fibrosis,ontology,idiopathic pulmonary fibrosis,MONDO:0800504,False,True,explicitControl,True,,MONDO:0800504,10,33981.0
SRX27291595_8,1682,2638.0,1791,2732.9998,1819,2732.9998,SRX27291595,"CD4-positive, alpha-beta T cell",CL:0000624,1682,2638.0,19.863532979529946,26.497346474601972,36.01213040181956,55.193328278999246,2.0,0.075815015,16.0,0.6065201,0.0,0.0,1682,PRJNA1208088,13,8,IPF / Pulmonary Fibrosis,ontology,idiopathic pulmonary fibrosis,MONDO:0800504,False,True,explicitControl,True,,MONDO:0800504,10,53986.0
SRX27291597_14,1001,1383.0,1056,1434.0,1064,1434.0,SRX27291597,alveolar adventitial fibroblast,CL:4028006,1001,1383.0,18.944323933477946,27.114967462039047,41.57628344179321,63.77440347071583,0.0,0.0,2.0,0.14461316,0.0,0.0,1001,PRJNA1208088,13,14,IPF / Pulmonary Fibrosis,study_consensus,,,False,True,explicitControl,True,,,10,10628.0
SRX27291597_36,1186,1583.0,1268,1644.9998,1278,1645.0,SRX27291597,macrophage,CL:0000235,1186,1583.0,16.67719519898926,23.81554011370815,36.44977890082123,56.664560960202145,0.0,0.0,7.0,0.44219834,0.0,0.0,1186,PRJNA1208088,13,36,IPF / Pulmonary Fibrosis,study_consensus,,,False,True,explicitControl,True,,,39,48736.0
SRX27291597_52,1985,2940.0,2104,3073.9993,2163,3073.9995,SRX27291597,capillary endothelial cell,CL:0002144,1985,2940.0,12.925170068027212,19.48979591836735,29.217687074829936,49.48979591836735,5.0,0.17006803,24.0,0.8163265,0.0,0.0,1985,PRJNA1208088,13,52,IPF / Pulmonary Fibrosis,study_consensus,,,False,True,explicitControl,True,,,10,44181.0
SRX27291597_8,1136,1419.0,1240,1498.0002,1254,1498.0001,SRX27291597,capillary endothelial cell,CL:0002144,1136,1419.0,15.151515151515152,22.198731501057082,34.038054968287526,55.17970401691332,1.0,0.07047216,11.0,0.7751938,0.0,0.0,1136,PRJNA1208088,13,8,IPF / Pulmonary Fibrosis,study_consensus,,,False,True,explicitControl,True,,,37,48291.0
SRX27291598_20,1016,1242.0,1114,1376.0002,1137,1375.9999,SRX27291598,lung multiciliated epithelial cell,CL:1000271,1016,1242.0,15.136876006441224,23.18840579710145,34.29951690821256,58.454106280193244,3.0,0.24154589,6.0,0.48309177,1.0,0.080515295,1016,PRJNA1208088,13,20,IPF / Pulmonary Fibrosis,ontology,idiopathic pulmonary fibrosis,MONDO:0800504,True,False,,True,,MONDO:0800504,27,39663.0
SRX27291598_43,1566,2078.0,1697,2262.0002,1730,2262.0005,SRX27291598,lung multiciliated epithelial cell,CL:1000271,1566,2078.0,13.089509143407122,19.58614051973051,29.210779595765157,48.700673724735324,3.0,0.14436959,5.0,0.240616,0.0,0.0,1566,PRJNA1208088,28,43,IPF / Pulmonary Fibrosis,ontology,idiopathic pulmonary fibrosis,MONDO:0800504,True,False,,True,,MONDO:0800504,20,34781.0
SRX27291600_36,594,726.0,657,755.0001,657,755.0001,SRX27291600,B cell,CL:0000236,594,726.0,22.865013774104685,31.955922865013775,45.73002754820937,87.05234159779614,3.0,0.41322312,17.0,2.3415978,0.0,0.0,594,PRJNA1208088,13,36,IPF / Pulmonary Fibrosis,ontology,idiopathic pulmonary fibrosis,MONDO:0800504,True,False,,True,,MONDO:0800504,11,8147.0
SRX27291600_38,717,901.0,780,935.0001,782,935.0001,SRX27291600,plasma cell,CL:0000786,717,901.0,21.420643729189788,31.520532741398444,42.61931187569367,75.91564927857935,2.0,0.2219756,14.0,1.5538291,0.0,0.0,717,PRJNA1208088,13,38,IPF / Pulmonary Fibrosis,ontology,idiopathic pulmonary fibrosis,MONDO:0800504,True,False,,True,,MONDO:0800504,12,8202.0
SRX27291600_43,753,1036.0,793,1064.0,804,1063.9999,SRX27291600,lung multiciliated epithelial cell,CL:1000271,753,1036.0,26.640926640926644,36.293436293436294,46.62162162162162,75.57915057915058,4.0,0.38610038,13.0,1.2548262,0.0,0.0,753,PRJNA1208088,28,43,IPF / Pulmonary Fibrosis,ontology,idiopathic pulmonary fibrosis,MONDO:0800504,True,False,,True,,MONDO:0800504,32,32198.0
SRX27291600_44,609,745.0,653,767.99994,653,767.99994,SRX27291600,lung multiciliated epithelial cell,CL:1000271,609,745.0,22.416107382550337,31.67785234899329,45.100671140939596,85.36912751677852,2.0,0.2684564,8.0,1.0738256,0.0,0.0,609,PRJNA1208088,28,44,IPF / Pulmonary Fibrosis,ontology,idiopathic pulmonary fibrosis,MONDO:0800504,True,False,,True,,MONDO:0800504,11,13759.0
SRX27291600_45,987,1498.0,1102,1567.0,1106,1567.0002,SRX27291600,respiratory tract goblet cell,CL:0002370,987,1498.0,31.108144192256344,37.78371161548731,47.46328437917223,67.48998664886516,5.0,0.33377838,48.0,3.2042723,0.0,0.0,987,PRJNA1208088,12,45,IPF / Pulmonary Fibrosis,ontology,idiopathic pulmonary fibrosis,MONDO:0800504,True,False,,True,,MONDO:0800504,23,40466.0
SRX27291600_8,944,1259.0,1019,1302.9998,1032,1302.9998,SRX27291600,B cell,CL:0000236,944,1259.0,25.496425734710087,32.9626687847498,40.9054805401112,64.7339158061954,3.0,0.23828435,14.0,1.1119937,0.0,0.0,944,PRJNA1208088,13,8,IPF / Pulmonary Fibrosis,ontology,idiopathic pulmonary fibrosis,MONDO:0800504,True,False,,True,,MONDO:0800504,13,13374.0
SRX27291603_14,2277,3176.0,2429,3521.001,2486,3521.0002,SRX27291603,"CD4-positive, alpha-beta T cell",CL:0000624,2277,3176.0,13.318639798488666,18.261964735516372,25.94458438287154,44.04911838790932,3.0,0.09445844,30.0,0.9445844,0.0,0.0,2277,PRJNA1208088,13,14,IPF / Pulmonary Fibrosis,ontology,idiopathic pulmonary fibrosis,MONDO:0800504,True,False,,True,,MONDO:0800504,63,225085.0
SRX27291603_36,1080,1407.0,1153,1506.0,1172,1505.9996,SRX27291603,capillary endothelial cell,CL:0002144,1080,1407.0,16.48898365316276,23.738450604122246,37.45557924662402,58.7775408670931,2.0,0.14214641,17.0,1.2082444,0.0,0.0,1080,PRJNA1208088,13,36,IPF / Pulmonary Fibrosis,ontology,idiopathic pulmonary fibrosis,MONDO:0800504,True,False,,True,,MONDO:0800504,14,31949.0
SRX27291603_52,4389,10423.0,4598,11040.004,4759,11040.002,SRX27291603,alveolar adventitial fibroblast,CL:4028006,4389,10423.0,15.072435958936966,20.023026000191884,27.09392689244939,41.619495346829126,4.0,0.038376667,64.0,0.61402667,0.0,0.0,4389,PRJNA1208088,13,52,IPF / Pulmonary Fibrosis,ontology,idiopathic pulmonary fibrosis,MONDO:0800504,True,False,,True,,MONDO:0800504,15,80154.0
SRX27291604_14,384,519.0,406,529.0,406,529.0,SRX27291604,plasma cell,CL:0000786,384,519.0,35.26011560693642,45.27938342967245,64.54720616570327,100.0,0.0,0.0,0.0,0.0,0.0,0.0,384,PRJNA1208088,13,14,IPF / Pulmonary Fibrosis,ontology,idiopathic pulmonary fibrosis,MONDO:0800504,True,False,,True,,MONDO:0800504,36,31577.0
SRX27291604_36,454,559.0,492,579.0,497,579.0,SRX27291604,plasma cell,CL:0000786,454,559.0,27.72808586762075,36.67262969588551,54.56171735241503,100.0,1.0,0.17889087,10.0,1.7889088,0.0,0.0,454,PRJNA1208088,13,36,IPF / Pulmonary Fibrosis,ontology,idiopathic pulmonary fibrosis,MONDO:0800504,True,False,,True,,MONDO:0800504,11,6712.0
SRX27291604_8,1576,3041.0,1690,3138.9995,1716,3138.9988,SRX27291604,pulmonary alveolar type 2 cell,CL:0002063,1576,3041.0,33.048339362051955,39.42781979611969,48.207826372903654,64.61690233475831,4.0,0.13153568,36.0,1.1838211,0.0,0.0,1576,PRJNA1208088,68,8,IPF / Pulmonary Fibrosis,ontology,idiopathic pulmonary fibrosis,MONDO:0800504,True,False,,True,,MONDO:0800504,11,9937.0
SRX27291605_10,745,987.0,809,1063.0,824,1063.0,SRX27291605,B cell,CL:0000236,745,987.0,20.972644376899694,31.10435663627153,44.782168186423505,75.177304964539,15.0,1.5197569,3.0,0.30395138,0.0,0.0,745,PRJNA1208088,13,10,IPF / Pulmonary Fibrosis,ontology,idiopathic pulmonary fibrosis,MONDO:0800504,True,False,,True,,MONDO:0800504,15,60425.0
SRX27291607_10,1167,1785.0,1293,1899.9998,1316,1900.0002,SRX27291607,macrophage,CL:0000235,1167,1785.0,19.88795518207283,28.68347338935574,40.22408963585434,62.63305322128851,32.0,1.7927172,6.0,0.33613446,0.0,0.0,1167,PRJNA1208088,49,10,IPF / Pulmonary Fibrosis,ontology,idiopathic pulmonary fibrosis,MONDO:0800504,True,False,,True,,MONDO:0800504,13,69224.0
SRX27291607_36,1239,2548.0,1339,2681.9998,1379,2681.999,SRX27291607,capillary endothelial cell,CL:0002144,1239,2548.0,25.43171114599686,35.32182103610675,48.46938775510204,70.99686028257457,17.0,0.66718996,4.0,0.15698588,0.0,0.0,1239,PRJNA1208088,51,36,IPF / Pulmonary Fibrosis,ontology,idiopathic pulmonary fibrosis,MONDO:0800504,True,False,,True,,MONDO:0800504,13,37478.0
SRX27291607_38,1629,3220.0,1723,3401.9998,1774,3402.0,SRX27291607,pulmonary alveolar type 1 cell,CL:0002062,1629,3220.0,26.987577639751553,34.40993788819876,45.0,64.72049689440993,18.0,0.5590062,4.0,0.1242236,0.0,0.0,1629,PRJNA1208088,50,38,IPF / Pulmonary Fibrosis,ontology,idiopathic pulmonary fibrosis,MONDO:0800504,True,False,,True,,MONDO:0800504,19,61444.0
SRX27291607_44,2126,4432.0,2266,4605.999,2335,4605.9985,SRX27291607,lung multiciliated epithelial cell,CL:1000271,2126,4432.0,19.291516245487365,27.166064981949457,38.10920577617328,57.26534296028881,5.0,0.11281589,5.0,0.11281589,0.0,0.0,2126,PRJNA1208088,28,44,IPF / Pulmonary Fibrosis,ontology,idiopathic pulmonary fibrosis,MONDO:0800504,True,False,,True,,MONDO:0800504,10,61966.0
SRX27291607_54,2276,6188.0,2416,6469.0005,2494,6469.004,SRX27291607,pulmonary alveolar type 2 cell,CL:0002063,2276,6188.0,28.070458952811894,35.58500323206206,45.70135746606335,62.91208791208791,64.0,1.0342599,7.0,0.11312218,0.0,0.0,2276,PRJNA1208088,68,54,IPF / Pulmonary Fibrosis,ontology,idiopathic pulmonary fibrosis,MONDO:0800504,True,False,,True,,MONDO:0800504,26,255940.0
SRX27291609_14,1221,1712.0,1316,1803.0004,1338,1803.0002,SRX27291609,B cell,CL:0000236,1221,1712.0,17.114485981308412,25.4088785046729,37.0911214953271,57.88551401869159,0.0,0.0,5.0,0.29205608,0.0,0.0,1221,PRJNA1208088,13,14,IPF / Pulmonary Fibrosis,ontology,idiopathic pulmonary fibrosis,MONDO:0800504,True,False,,True,,MONDO:0800504,27,62726.0
SRX27291609_36,2339,4177.0,2487,4391.999,2556,4391.9995,SRX27291609,capillary endothelial cell,CL:0002144,2339,4177.0,15.585348336126406,22.192961455590137,31.697390471630353,49.65286090495571,2.0,0.047881257,10.0,0.23940627,0.0,0.0,2339,PRJNA1208088,13,36,IPF / Pulmonary Fibrosis,ontology,idiopathic pulmonary fibrosis,MONDO:0800504,True,False,,True,,MONDO:0800504,10,25233.0
SRX27291609_52,1878,2993.0,2031,3175.9988,2086,3175.9978,SRX27291609,B cell,CL:0000236,1878,2993.0,17.574340126962916,24.85800200467758,34.58068827263615,53.95923822251921,0.0,0.0,29.0,0.9689275,0.0,0.0,1878,PRJNA1208088,13,52,IPF / Pulmonary Fibrosis,ontology,idiopathic pulmonary fibrosis,MONDO:0800504,True,False,,True,,MONDO:0800504,30,96627.0
SRX27291610_14,1316,1768.0,1385,1839.0,1408,1838.9998,SRX27291610,B cell,CL:0000236,1316,1768.0,14.14027149321267,21.60633484162896,32.918552036199095,53.84615384615385,3.0,0.16968326,17.0,0.9615385,0.0,0.0,1316,PRJNA1208088,13,14,IPF / Pulmonary Fibrosis,ontology,idiopathic pulmonary fibrosis,MONDO:0800504,True,False,,True,,MONDO:0800504,59,157837.0
SRX27291610_36,1776,2775.0,1868,2876.9995,1900,2876.9995,SRX27291610,capillary endothelial cell,CL:0002144,1776,2775.0,16.0,23.135135135135133,33.693693693693696,54.01801801801802,4.0,0.14414415,11.0,0.3963964,0.0,0.0,1776,PRJNA1208088,13,36,IPF / Pulmonary Fibrosis,ontology,idiopathic pulmonary fibrosis,MONDO:0800504,True,False,,True,,MONDO:0800504,10,24647.0
SRX27291610_43,2300,3681.0,2422,3836.9998,2480,3836.9985,SRX27291610,lung multiciliated epithelial cell,CL:1000271,2300,3681.0,12.686769899483835,18.962238522140723,28.334691659875034,46.7264330345015,1.0,0.02716653,15.0,0.40749794,0.0,0.0,2300,PRJNA1208088,28,43,IPF / Pulmonary Fibrosis,ontology,idiopathic pulmonary fibrosis,MONDO:0800504,True,False,,True,,MONDO:0800504,12,63048.0
SRX27291610_44,1594,2293.0,1716,2386.0002,1742,2386.0,SRX27291610,lung multiciliated epithelial cell,CL:1000271,1594,2293.0,15.045791539467945,21.97993894461404,31.879633667684253,52.2895769733973,2.0,0.08722198,6.0,0.26166594,0.0,0.0,1594,PRJNA1208088,28,44,IPF / Pulmonary Fibrosis,ontology,idiopathic pulmonary fibrosis,MONDO:0800504,True,False,,True,,MONDO:0800504,10,27132.0
SRX27291610_52,1329,1835.0,1398,1893.0,1410,1893.0,SRX27291610,UNKNOWN,,1329,1835.0,17.6566757493188,24.4141689373297,35.3133514986376,54.822888283378745,0.0,0.0,11.0,0.59945506,0.0,0.0,1329,PRJNA1208088,13,52,IPF / Pulmonary Fibrosis,ontology,idiopathic pulmonary fibrosis,MONDO:0800504,True,False,,True,,MONDO:0800504,37,215240.0
SRX27291611_14,1642,2285.0,1764,2400.0,1799,2399.9998,SRX27291611,capillary endothelial cell,CL:0002144,1642,2285.0,13.522975929978118,20.08752735229759,29.715536105032825,50.0218818380744,0.0,0.0,2.0,0.08752736,1.0,0.04376368,1642,PRJNA1208088,13,14,IPF / Pulmonary Fibrosis,ontology,idiopathic pulmonary fibrosis,MONDO:0800504,True,False,,True,,MONDO:0800504,10,30258.0
SRX27291611_52,1747,2517.0,1878,2665.0,1917,2664.999,SRX27291611,capillary endothelial cell,CL:0002144,1747,2517.0,14.064362336114423,20.42113627334128,29.837107667858564,50.45689312673818,2.0,0.079459675,5.0,0.1986492,0.0,0.0,1747,PRJNA1208088,13,52,IPF / Pulmonary Fibrosis,ontology,idiopathic pulmonary fibrosis,MONDO:0800504,True,False,,True,,MONDO:0800504,73,267930.0
SRX27291612_14,1973,3335.0,2084,3497.9998,2131,3497.9995,SRX27291612,B cell,CL:0000236,1973,3335.0,17.211394302848575,23.718140929535235,33.40329835082459,52.953523238380804,1.0,0.029985007,29.0,0.8695652,0.0,0.0,1973,PRJNA1208088,13,14,IPF / Pulmonary Fibrosis,ontology,idiopathic pulmonary fibrosis,MONDO:0800504,True,False,,True,,MONDO:0800504,41,113621.0
SRX27291612_35,1361,1895.0,1442,1968.0005,1458,1968.0006,SRX27291612,"CD4-positive, alpha-beta T cell",CL:0000624,1361,1895.0,14.406332453825858,21.79419525065963,32.34828496042216,54.5646437994723,3.0,0.15831135,42.0,2.216359,0.0,0.0,1361,PRJNA1208088,13,35,IPF / Pulmonary Fibrosis,ontology,idiopathic pulmonary fibrosis,MONDO:0800504,True,False,,True,,MONDO:0800504,10,18388.0
SRX27291612_36,1248,1793.0,1343,1883.0001,1361,1883.0001,SRX27291612,capillary endothelial cell,CL:0002144,1248,1793.0,17.066369213608475,25.43223647518126,36.642498605688786,58.282208588957054,5.0,0.27886224,12.0,0.6692694,0.0,0.0,1248,PRJNA1208088,51,36,IPF / Pulmonary Fibrosis,ontology,idiopathic pulmonary fibrosis,MONDO:0800504,True,False,,True,,MONDO:0800504,60,131031.0
SRX27291612_43,2697,5070.0,2833,5251.0,2904,5251.0015,SRX27291612,lung multiciliated epithelial cell,CL:1000271,2697,5070.0,14.082840236686389,20.670611439842208,30.05917159763314,48.04733727810651,4.0,0.078895465,19.0,0.37475345,0.0,0.0,2697,PRJNA1208088,28,43,IPF / Pulmonary Fibrosis,ontology,idiopathic pulmonary fibrosis,MONDO:0800504,True,False,,True,,MONDO:0800504,11,104505.0
SRX27291612_52,4855,10060.0,5095,11043.0,5257,11042.997,SRX27291612,lung multiciliated epithelial cell,CL:1000271,4855,10060.0,10.546719681908549,15.139165009940358,22.007952286282308,36.28230616302187,1.0,0.009940358,60.0,0.5964215,0.0,0.0,4855,PRJNA1208088,13,52,IPF / Pulmonary Fibrosis,ontology,idiopathic pulmonary fibrosis,MONDO:0800504,True,False,,True,,MONDO:0800504,19,336963.0
SRX27291612_60,900,1398.0,960,1439.0,965,1439.0,SRX27291612,pericyte,CL:0000669,900,1398.0,28.11158798283262,36.9098712446352,49.92846924177397,71.38769670958513,0.0,0.0,5.0,0.3576538,0.0,0.0,900,PRJNA1208088,13,60,IPF / Pulmonary Fibrosis,ontology,idiopathic pulmonary fibrosis,MONDO:0800504,True,False,,True,,MONDO:0800504,11,51723.0
SRX27291612_8,3363,8671.0,3561,8996.003,3650,8996.006,SRX27291612,pulmonary alveolar type 2 cell,CL:0002063,3363,8671.0,24.979817783415985,30.907623111521165,38.88824818360051,53.696228808672586,3.0,0.034598086,39.0,0.4497751,0.0,0.0,3363,PRJNA1208088,13,8,IPF / Pulmonary Fibrosis,ontology,idiopathic pulmonary fibrosis,MONDO:0800504,True,False,,True,,MONDO:0800504,27,142734.0
SRX27291613_14,971,1274.0,1029,1325.0002,1038,1325.0002,SRX27291613,capillary endothelial cell,CL:0002144,971,1274.0,17.739403453689167,25.82417582417583,39.48194662480377,63.029827315541596,0.0,0.0,4.0,0.31397176,0.0,0.0,971,PRJNA1208088,13,14,IPF / Pulmonary Fibrosis,ontology,idiopathic pulmonary fibrosis,MONDO:0800504,True,False,,True,,MONDO:0800504,24,55861.0
SRX27291613_35,809,1018.0,876,1071.0002,886,1071.0004,SRX27291613,B cell,CL:0000236,809,1018.0,18.56581532416503,28.388998035363457,40.17681728880157,69.64636542239685,2.0,0.19646366,13.0,1.2770138,0.0,0.0,809,PRJNA1208088,13,35,IPF / Pulmonary Fibrosis,ontology,idiopathic pulmonary fibrosis,MONDO:0800504,True,False,,True,,MONDO:0800504,14,19126.0
SRX27291613_36,868,1213.0,918,1268.0,929,1268.0,SRX27291613,B cell,CL:0000236,868,1213.0,23.16570486397362,31.4921681780709,44.92992580379225,69.66199505358614,1.0,0.082440235,12.0,0.9892828,0.0,0.0,868,PRJNA1208088,51,36,IPF / Pulmonary Fibrosis,ontology,idiopathic pulmonary fibrosis,MONDO:0800504,True,False,,True,,MONDO:0800504,67,104220.0
SRX27291613_52,3674,7700.0,3858,8078.0015,3978,8078.0034,SRX27291613,macrophage,CL:0000235,3674,7700.0,15.441558441558442,20.506493506493506,28.168831168831172,43.90909090909091,1.0,0.012987012,32.0,0.4155844,0.0,0.0,3674,PRJNA1208088,13,52,IPF / Pulmonary Fibrosis,ontology,idiopathic pulmonary fibrosis,MONDO:0800504,True,False,,True,,MONDO:0800504,14,156668.0
SRX27291613_60,1306,1957.0,1395,2044.9999,1418,2044.9996,SRX27291613,capillary endothelial cell,CL:0002144,1306,1957.0,17.22023505365355,25.344915687276444,36.9443025038324,58.81451200817578,2.0,0.10219724,6.0,0.30659172,0.0,0.0,1306,PRJNA1208088,13,60,IPF / Pulmonary Fibrosis,ontology,idiopathic pulmonary fibrosis,MONDO:0800504,True,False,,True,,MONDO:0800504,10,26946.0
SRX27291613_8,1689,3042.0,1782,3151.0,1800,3151.0,SRX27291613,respiratory tract goblet cell,CL:0002370,1689,3042.0,28.172255095332016,34.58251150558843,43.39250493096647,60.913872452334,78.0,2.5641026,27.0,0.88757396,0.0,0.0,1689,PRJNA1208088,13,8,IPF / Pulmonary Fibrosis,ontology,idiopathic pulmonary fibrosis,MONDO:0800504,True,False,,True,,MONDO:0800504,16,82655.0
SRX27291614_14,1021,1323.0,1103,1437.0004,1115,1437.0002,SRX27291614,B cell,CL:0000236,1021,1323.0,18.2161753590325,25.774754346182917,37.94406651549509,60.61980347694633,13.0,0.98261523,11.0,0.8314437,1.0,0.07558579,1021,PRJNA1208088,13,14,IPF / Pulmonary Fibrosis,ontology,idiopathic pulmonary fibrosis,MONDO:0800504,True,False,,True,,MONDO:0800504,16,31765.0
SRX27291614_20,2900,5212.0,3087,5550.0,3165,5550.0015,SRX27291614,respiratory tract goblet cell,CL:0002370,2900,5212.0,14.351496546431312,19.89639293937068,28.16577129700691,45.241749808135076,23.0,0.4412893,26.0,0.49884883,0.0,0.0,2900,PRJNA1208088,13,20,IPF / Pulmonary Fibrosis,ontology,idiopathic pulmonary fibrosis,MONDO:0800504,True,False,,True,,MONDO:0800504,12,36105.0
SRX27291614_36,1005,1279.0,1063,1362.9999,1075,1363.0,SRX27291614,plasma cell,CL:0000786,1005,1279.0,18.1391712275215,25.957779515246287,37.06020328381548,60.51602814698983,9.0,0.70367473,17.0,1.3291633,0.0,0.0,1005,PRJNA1208088,13,36,IPF / Pulmonary Fibrosis,ontology,idiopathic pulmonary fibrosis,MONDO:0800504,True,False,,True,,MONDO:0800504,10,14356.0
SRX27291614_43,5209,12047.0,5504,13191.996,5752,13191.997,SRX27291614,lung multiciliated epithelial cell,CL:1000271,5209,12047.0,10.990288038515814,15.45613015688553,22.212999086909605,36.29949364987134,8.0,0.06640658,56.0,0.46484601,2.0,0.016601644,5209,PRJNA1208088,13,43,IPF / Pulmonary Fibrosis,ontology,idiopathic pulmonary fibrosis,MONDO:0800504,True,False,,True,,MONDO:0800504,32,90117.0
SRX27291614_44,1471,2073.0,1593,2209.0,1624,2209.0002,SRX27291614,lung multiciliated epithelial cell,CL:1000271,1471,2073.0,15.581283164495899,23.058369512783404,33.188615533043894,53.15967197298601,9.0,0.43415338,11.0,0.53063196,0.0,0.0,1471,PRJNA1208088,28,44,IPF / Pulmonary Fibrosis,ontology,idiopathic pulmonary fibrosis,MONDO:0800504,True,False,,True,,MONDO:0800504,16,25113.0
SRX27291616_0,564,1534.0,606,1792.0001,618,1791.9995,SRX27291616,plasma cell,CL:0000786,564,1534.0,65.1890482398957,69.75228161668839,76.27118644067797,95.82790091264668,13.0,0.84745765,57.0,3.715776,0.0,0.0,564,PRJNA1208088,13,0,IPF / Pulmonary Fibrosis,ontology,idiopathic pulmonary fibrosis,MONDO:0800504,True,False,,True,,MONDO:0800504,81,130715.0
SRX27291616_44,668,899.0,721,1034.0,731,1034.0,SRX27291616,lung multiciliated epithelial cell,CL:1000271,668,899.0,26.362625139043384,36.818687430478306,47.94215795328142,81.31256952169078,12.0,1.3348165,60.0,6.6740828,0.0,0.0,668,PRJNA1208088,13,44,IPF / Pulmonary Fibrosis,ontology,idiopathic pulmonary fibrosis,MONDO:0800504,True,False,,True,,MONDO:0800504,22,65594.0
SRX27291617_14,2583,4036.0,2727,4187.0,2773,4186.9995,SRX27291617,macrophage,CL:0000235,2583,4036.0,16.50148662041625,21.580773042616453,29.06342913776016,44.62338949454906,5.0,0.12388503,60.0,1.4866204,0.0,0.0,2583,PRJNA1208088,13,14,IPF / Pulmonary Fibrosis,ontology,idiopathic pulmonary fibrosis,MONDO:0800504,True,False,,True,,MONDO:0800504,21,32618.0
SRX27291617_20,1046,1347.0,1105,1391.0,1112,1391.0,SRX27291617,capillary endothelial cell,CL:0002144,1046,1347.0,18.70824053452116,26.13214550853749,37.193763919821826,59.46547884187082,0.0,0.0,12.0,0.8908686,0.0,0.0,1046,PRJNA1208088,13,20,IPF / Pulmonary Fibrosis,ontology,idiopathic pulmonary fibrosis,MONDO:0800504,True,False,,True,,MONDO:0800504,10,13640.0
SRX27291617_36,760,951.0,803,974.9999,803,974.9999,SRX27291617,capillary endothelial cell,CL:0002144,760,951.0,21.240799158780234,30.5993690851735,41.11461619348054,72.66035751840168,0.0,0.0,8.0,0.8412197,0.0,0.0,760,PRJNA1208088,51,36,IPF / Pulmonary Fibrosis,ontology,idiopathic pulmonary fibrosis,MONDO:0800504,True,False,,True,,MONDO:0800504,26,30715.0
SRX27291617_43,3553,6332.0,3792,6609.001,3883,6609.0015,SRX27291617,lung multiciliated epithelial cell,CL:1000271,3553,6332.0,15.36639292482628,20.214782059380923,27.10044219835755,41.7877447883765,13.0,0.20530638,59.0,0.9317751,0.0,0.0,3553,PRJNA1208088,13,43,IPF / Pulmonary Fibrosis,ontology,idiopathic pulmonary fibrosis,MONDO:0800504,True,False,,True,,MONDO:0800504,36,88929.0
SRX27291617_8,1654,2291.0,1781,2387.0,1807,2386.9998,SRX27291617,macrophage,CL:0000235,1654,2291.0,17.06678306416412,23.264949803579224,31.994762112614577,49.628982976866,6.0,0.26189438,33.0,1.4404191,0.0,0.0,1654,PRJNA1208088,13,8,IPF / Pulmonary Fibrosis,ontology,idiopathic pulmonary fibrosis,MONDO:0800504,True,False,,True,,MONDO:0800504,27,65304.0
SRX27291619_14,1675,2827.0,1792,3099.9993,1819,3099.9985,SRX27291619,B cell,CL:0000236,1675,2827.0,17.438981252210827,25.3979483551468,36.54050229925716,58.295012380615496,2.0,0.07074638,22.0,0.7782101,0.0,0.0,1675,PRJNA1208088,13,14,IPF / Pulmonary Fibrosis,ontology,idiopathic pulmonary fibrosis,MONDO:0800504,True,False,,True,,MONDO:0800504,51,109921.0
SRX27291619_36,939,1306.0,1021,1400.0002,1034,1400.0001,SRX27291619,B cell,CL:0000236,939,1306.0,20.29096477794793,28.407350689127103,43.415007656967845,66.38591117917305,3.0,0.22970903,12.0,0.9188361,0.0,0.0,939,PRJNA1208088,13,36,IPF / Pulmonary Fibrosis,ontology,idiopathic pulmonary fibrosis,MONDO:0800504,True,False,,True,,MONDO:0800504,13,26647.0
SRX27291619_60,2167,4028.0,2295,4248.9995,2342,4248.9995,SRX27291619,B cell,CL:0000236,2167,4028.0,17.999006951340615,24.528301886792452,34.061569016881826,52.53227408142999,4.0,0.09930486,14.0,0.34756702,0.0,0.0,2167,PRJNA1208088,13,60,IPF / Pulmonary Fibrosis,ontology,idiopathic pulmonary fibrosis,MONDO:0800504,True,False,,True,,MONDO:0800504,10,31753.0
SRX27291620_14,439,515.0,465,530.0,466,530.00006,SRX27291620,"CD4-positive, alpha-beta T cell",CL:0000624,439,515.0,24.466019417475728,34.1747572815534,53.592233009708735,100.0,3.0,0.58252424,12.0,2.330097,0.0,0.0,439,PRJNA1208088,13,14,IPF / Pulmonary Fibrosis,ontology,idiopathic pulmonary fibrosis,MONDO:0800504,True,False,,True,,MONDO:0800504,22,24968.0
SRX27291620_36,1052,1537.0,1117,1589.0002,1135,1589.0002,SRX27291620,capillary endothelial cell,CL:0002144,1052,1537.0,27.325959661678596,33.83214053350683,44.56733897202342,64.08588158750813,1.0,0.06506181,16.0,1.0409889,0.0,0.0,1052,PRJNA1208088,13,36,IPF / Pulmonary Fibrosis,ontology,idiopathic pulmonary fibrosis,MONDO:0800504,True,False,,True,,MONDO:0800504,11,8812.0
SRX27291621_14,1009,1245.0,1106,1321.9999,1125,1321.9996,SRX27291621,plasma cell,CL:0000786,1009,1245.0,16.14457831325301,24.176706827309236,35.02008032128514,59.11646586345382,4.0,0.32128516,9.0,0.72289157,0.0,0.0,1009,PRJNA1208088,13,14,IPF / Pulmonary Fibrosis,ontology,idiopathic pulmonary fibrosis,MONDO:0800504,True,False,,True,,MONDO:0800504,81,113619.0
SRX27291621_20,1752,2368.0,1884,2482.0002,1909,2482.0,SRX27291621,macrophage,CL:0000235,1752,2368.0,15.076013513513514,20.819256756756758,29.2652027027027,47.12837837837838,2.0,0.08445946,13.0,0.5489865,0.0,0.0,1752,PRJNA1208088,13,20,IPF / Pulmonary Fibrosis,ontology,idiopathic pulmonary fibrosis,MONDO:0800504,True,False,,True,,MONDO:0800504,13,20245.0
SRX27291622_14,802,960.0,867,1006.00006,879,1005.99994,SRX27291622,lung multiciliated epithelial cell,CL:1000271,802,960.0,17.916666666666668,26.875,37.291666666666664,68.54166666666667,1.0,0.10416667,12.0,1.25,0.0,0.0,802,PRJNA1208088,13,14,IPF / Pulmonary Fibrosis,ontology,idiopathic pulmonary fibrosis,MONDO:0800504,True,False,,True,,MONDO:0800504,33,69861.0
SRX27291622_43,505,586.0,545,606.0,550,606.00006,SRX27291622,B cell,CL:0000236,505,586.0,22.35494880546075,30.887372013651877,47.95221843003413,99.14675767918088,2.0,0.3412969,7.0,1.1945393,0.0,0.0,505,PRJNA1208088,13,43,IPF / Pulmonary Fibrosis,ontology,idiopathic pulmonary fibrosis,MONDO:0800504,True,False,,True,,MONDO:0800504,12,19055.0
SRX27291623_14,826,967.0,878,1048.0,893,1047.9999,SRX27291623,"CD4-positive, alpha-beta T cell",CL:0000624,826,967.0,14.167528438469493,24.50879007238883,35.263702171664946,66.28748707342295,11.0,1.1375388,15.0,1.5511893,0.0,0.0,826,PRJNA1208088,13,14,IPF / Pulmonary Fibrosis,ontology,idiopathic pulmonary fibrosis,MONDO:0800504,True,False,,True,,MONDO:0800504,25,58020.0
SRX27291623_20,1781,2525.0,1899,2651.9993,1944,2651.9988,SRX27291623,respiratory tract goblet cell,CL:0002370,1781,2525.0,13.306930693069308,19.722772277227723,29.425742574257423,49.26732673267327,2.0,0.07920792,7.0,0.27722773,0.0,0.0,1781,PRJNA1208088,13,20,IPF / Pulmonary Fibrosis,ontology,idiopathic pulmonary fibrosis,MONDO:0800504,True,False,,True,,MONDO:0800504,34,94396.0
SRX27291623_36,3492,6749.0,3690,7096.0005,3802,7096.0015,SRX27291623,macrophage,CL:0000235,3492,6749.0,13.45384501407616,18.432360349681435,26.077937472218103,41.6209808860572,1.0,0.014817011,24.0,0.35560825,0.0,0.0,3492,PRJNA1208088,13,36,IPF / Pulmonary Fibrosis,ontology,idiopathic pulmonary fibrosis,MONDO:0800504,True,False,,True,,MONDO:0800504,11,29192.0
SRX27291623_52,2940,5129.0,3157,5400.9995,3250,5400.9995,SRX27291623,macrophage,CL:0000235,2940,5129.0,12.965490348995907,18.307662312341588,26.671865860791577,43.20530317800741,0.0,0.0,20.0,0.38993958,0.0,0.0,2940,PRJNA1208088,13,52,IPF / Pulmonary Fibrosis,ontology,idiopathic pulmonary fibrosis,MONDO:0800504,True,False,,True,,MONDO:0800504,15,114850.0
SRX27291624_0,814,987.0,872,1039.9999,880,1039.9998,SRX27291624,"CD4-positive, alpha-beta T cell",CL:0000624,814,987.0,19.250253292806484,27.659574468085108,37.79128672745694,68.18642350557245,2.0,0.20263426,11.0,1.1144884,0.0,0.0,814,PRJNA1208088,13,0,IPF / Pulmonary Fibrosis,ontology,idiopathic pulmonary fibrosis,MONDO:0800504,True,False,,True,,MONDO:0800504,26,26195.0
SRX27291624_14,660,883.0,728,915.99976,736,915.99976,SRX27291624,pericyte,CL:0000669,660,883.0,25.028312570781424,36.35334088335221,47.90486976217441,81.87995469988675,0.0,0.0,8.0,0.9060022,0.0,0.0,660,PRJNA1208088,13,14,IPF / Pulmonary Fibrosis,ontology,idiopathic pulmonary fibrosis,MONDO:0800504,True,False,,True,,MONDO:0800504,45,94715.0
SRX27291624_36,622,824.0,680,857.99976,687,857.9998,SRX27291624,capillary endothelial cell,CL:0002144,622,824.0,24.635922330097088,36.650485436893206,48.786407766990294,85.19417475728154,1.0,0.12135922,5.0,0.6067961,1.0,0.12135922,622,PRJNA1208088,51,36,IPF / Pulmonary Fibrosis,ontology,idiopathic pulmonary fibrosis,MONDO:0800504,True,False,,True,,MONDO:0800504,58,69212.0
SRX27291624_52,1945,3101.0,2041,3209.0002,2079,3209.0,SRX27291624,B cell,CL:0000236,1945,3101.0,18.252176717188004,24.153498871331827,33.82779748468236,53.20864237342793,1.0,0.032247663,20.0,0.64495325,0.0,0.0,1945,PRJNA1208088,13,52,IPF / Pulmonary Fibrosis,ontology,idiopathic pulmonary fibrosis,MONDO:0800504,True,False,,True,,MONDO:0800504,27,195602.0
SRX27291624_60,593,800.0,633,830.0,640,829.99994,SRX27291624,plasma cell,CL:0000786,593,800.0,27.0,38.375,50.875,88.375,2.0,0.25,11.0,1.375,0.0,0.0,593,PRJNA1208088,13,60,IPF / Pulmonary Fibrosis,ontology,idiopathic pulmonary fibrosis,MONDO:0800504,True,False,,True,,MONDO:0800504,11,12122.0
SRX27291624_8,1360,2163.0,1462,2236.0,1476,2236.0,SRX27291624,B cell,CL:0000236,1360,2163.0,24.687933425797503,31.622746185852986,41.23901987979658,60.24040684234859,0.0,0.0,15.0,0.69348127,1.0,0.046232082,1360,PRJNA1208088,13,8,IPF / Pulmonary Fibrosis,ontology,idiopathic pulmonary fibrosis,MONDO:0800504,True,False,,True,,MONDO:0800504,29,103789.0
SRX29072175_1,1208,2928.0,1281,3064.9993,1311,3064.9993,SRX29072175,"CD4-positive, alpha-beta T cell",CL:0000624,1208,2928.0,32.88934426229508,45.90163934426229,57.92349726775956,75.81967213114754,93.0,3.1762295,719.0,24.556011,0.0,0.0,1208,PRJNA1272602,4,1,Lung Cancer,ontology,non-small cell lung carcinoma,MONDO:0005233,True,False,,True,,MONDO:0005233,31,149702.0
SRX29072175_24,4913,22524.0,5131,23443.996,5306,23443.996,SRX29072175,"CD4-positive, alpha-beta T cell",CL:0000624,4913,22524.0,21.96767892026283,31.264429053454094,42.283786183626354,57.525306339904105,668.0,2.9657254,3319.0,14.735394,0.0,0.0,4913,PRJNA1272602,39,24,Lung Cancer,ontology,non-small cell lung carcinoma,MONDO:0005233,True,False,,True,,MONDO:0005233,10,335525.0
SRX29072175_6,2301,7523.0,2434,7915.0015,2489,7915.003,SRX29072175,B cell,CL:0000236,2301,7523.0,33.45739731490097,45.553635517745576,55.86866941379769,70.43732553502592,229.0,3.0439985,2353.0,31.277414,0.0,0.0,2301,PRJNA1272602,1,6,Lung Cancer,ontology,non-small cell lung carcinoma,MONDO:0005233,True,False,,True,,MONDO:0005233,42,242518.0
SRX29072176_1,1668,5075.0,1742,5311.9995,1789,5312.0,SRX29072176,"CD4-positive, alpha-beta T cell",CL:0000624,1668,5075.0,32.86699507389162,43.90147783251231,56.43349753694581,73.6551724137931,39.0,0.7684729,1158.0,22.817734,0.0,0.0,1668,PRJNA1272602,4,1,Lung Cancer,ontology,non-small cell lung carcinoma,MONDO:0005233,True,False,,True,,MONDO:0005233,13,56312.0
SRX29072176_24,2614,6707.0,2735,7303.001,2853,7303.003,SRX29072176,classical monocyte,CL:0000860,2614,6707.0,18.995079767407187,27.46384374534069,38.586551364246304,57.23870582973013,294.0,4.3834796,679.0,10.123752,0.0,0.0,2614,PRJNA1272602,39,24,Lung Cancer,ontology,non-small cell lung carcinoma,MONDO:0005233,True,False,,True,,MONDO:0005233,11,316582.0
SRX29072176_34,3440,15481.0,3615,16210.0,3735,16209.997,SRX29072176,classical monocyte,CL:0000860,3440,15481.0,25.127575738001422,34.49389574316905,45.927265680511596,63.23880886247658,289.0,1.8668045,1915.0,12.370003,0.0,0.0,3440,PRJNA1272602,43,34,Lung Cancer,ontology,non-small cell lung carcinoma,MONDO:0005233,True,False,,True,,MONDO:0005233,19,279828.0
SRX29072177_1,1282,2730.0,1371,2855.0,1386,2855.0002,SRX29072177,"CD4-positive, alpha-beta T cell",CL:0000624,1282,2730.0,29.926739926739927,41.57509157509158,53.51648351648352,71.35531135531136,31.0,1.1355312,592.0,21.684982,0.0,0.0,1282,PRJNA1272602,5,1,Lung Cancer,ontology,non-small cell lung carcinoma,MONDO:0005233,True,False,,True,,MONDO:0005233,11,53486.0
SRX29072177_24,5130,26723.0,5339,27821.004,5484,27821.004,SRX29072177,intermediate monocyte,CL:0002393,5130,26723.0,25.569733937057965,35.0147812745575,45.466452119896715,59.85854881562699,524.0,1.9608577,4120.0,15.417431,0.0,0.0,5130,PRJNA1272602,39,24,Lung Cancer,ontology,non-small cell lung carcinoma,MONDO:0005233,True,False,,True,,MONDO:0005233,10,214279.0
SRX29072177_26,872,1723.0,950,1802.0004,969,1802.0004,SRX29072177,macrophage,CL:0000235,872,1723.0,33.02379570516541,43.934997098084736,57.05165409170052,78.40975043528728,47.0,2.7278004,7.0,0.40626815,0.0,0.0,872,PRJNA1272602,39,26,Lung Cancer,ontology,non-small cell lung carcinoma,MONDO:0005233,True,False,,True,,MONDO:0005233,19,252752.0
SRX29072178_1,3487,13182.0,3667,13928.001,3781,13928.002,SRX29072178,"CD4-positive, alpha-beta T cell",CL:0000624,3487,13182.0,37.194659384008496,51.03170990744955,58.541951145501436,68.47974510696405,407.0,3.0875437,5048.0,38.294643,0.0,0.0,3487,PRJNA1272602,5,1,Lung Cancer,ontology,non-small cell lung carcinoma,MONDO:0005233,True,False,,True,,MONDO:0005233,20,98496.0
SRX29072178_24,4703,17522.0,4933,18284.0,5066,18284.002,SRX29072178,intermediate monocyte,CL:0002393,4703,17522.0,20.277365597534526,28.05615797283415,38.11779477228627,53.72674352242895,523.0,2.984819,1807.0,10.31275,0.0,0.0,4703,PRJNA1272602,39,24,Lung Cancer,ontology,non-small cell lung carcinoma,MONDO:0005233,True,False,,True,,MONDO:0005233,11,187426.0
SRX29072178_34,2028,6170.0,2146,6485.001,2209,6485.001,SRX29072178,classical monocyte,CL:0000860,2028,6170.0,26.32090761750405,35.76985413290114,48.49270664505673,68.0064829821718,93.0,1.5072933,421.0,6.8233385,0.0,0.0,2028,PRJNA1272602,43,34,Lung Cancer,ontology,non-small cell lung carcinoma,MONDO:0005233,True,False,,True,,MONDO:0005233,19,239824.0
SRX29072178_4,1795,4581.0,1905,4783.0,1951,4782.999,SRX29072178,"CD8-positive, alpha-beta T cell",CL:0000625,1795,4581.0,32.15455140798952,43.200174634359314,53.52543112857455,69.41715782580222,12.0,0.26195154,1212.0,26.457104,0.0,0.0,1795,PRJNA1272602,4,4,Lung Cancer,ontology,non-small cell lung carcinoma,MONDO:0005233,True,False,,True,,MONDO:0005233,19,86050.0
SRX29072178_5,1366,3233.0,1443,3358.0,1464,3357.9998,SRX29072178,"CD4-positive, alpha-beta T cell",CL:0000624,1366,3233.0,32.044540674296314,43.086916176925456,55.24280853696257,73.2137333745747,138.0,4.2684813,652.0,20.167027,0.0,0.0,1366,PRJNA1272602,4,5,Lung Cancer,ontology,non-small cell lung carcinoma,MONDO:0005233,True,False,,True,,MONDO:0005233,12,43895.0
SRX29072178_6,1399,4069.0,1487,4312.9995,1514,4313.0,SRX29072178,B cell,CL:0000236,1399,4069.0,41.48439420004915,54.042762349471616,63.65200294912755,77.90611943966577,125.0,3.072008,1365.0,33.546326,0.0,0.0,1399,PRJNA1272602,1,6,Lung Cancer,ontology,non-small cell lung carcinoma,MONDO:0005233,True,False,,True,,MONDO:0005233,14,83644.0
SRX29072179_24,5362,22027.0,5586,24566.002,5707,24565.994,SRX29072179,intermediate monocyte,CL:0002393,5362,22027.0,23.15340264221183,33.5815135969492,44.58164979343533,57.72461070504381,616.0,2.7965677,3367.0,15.285786,0.0,0.0,5362,PRJNA1272602,39,24,Lung Cancer,ontology,non-small cell lung carcinoma,MONDO:0005233,True,False,,True,,MONDO:0005233,15,350065.0
SRX29072179_5,1750,5093.0,1862,5619.9995,1896,5620.0,SRX29072179,"CD4-positive, alpha-beta T cell",CL:0000624,1750,5093.0,34.04673080698999,45.611623797368935,57.82446495189476,73.3163165128608,85.0,1.6689575,898.0,17.632044,0.0,0.0,1750,PRJNA1272602,5,5,Lung Cancer,ontology,non-small cell lung carcinoma,MONDO:0005233,True,False,,True,,MONDO:0005233,12,50076.0
SRX7347523_20,3556,10743.0,3737,11079.001,3826,11079.002,SRX7347523,basal cell,CL:0000646,3556,10743.0,28.80945732104626,36.26547519314903,45.56455366285023,59.99255329051475,1496.0,13.925346,1120.0,10.425393,0.0,0.0,3556,PRJNA554141,17,20,Other,missing_ontology,,,False,True,healthy,True,,,10,128239.0
SRX7347524_31,3352,10452.0,3546,10778.0,3620,10777.999,SRX7347524,basal cell,CL:0000646,3352,10452.0,28.530424799081516,39.65748182166093,49.33027171833142,62.28473019517795,749.0,7.166093,2267.0,21.689629,0.0,0.0,3352,PRJNA554141,17,31,Other,missing_ontology,,,False,True,healthy,True,,,19,259611.0
SRX8008855_1,1314,3104.0,1389,3635.9998,1421,3635.9998,SRX8008855,"CD4-positive, alpha-beta T cell",CL:0000624,1314,3104.0,41.881443298969074,50.35438144329897,59.08505154639175,73.7757731958763,23.0,0.7409794,36.0,1.1597937,0.0,0.0,1314,PRJNA613670,32,1,Other,missing_ontology,,,False,True,healthy,True,,,31,45319.0
SRX8008855_26,688,1919.0,741,2382.0,753,2382.0,SRX8008855,plasma cell,CL:0000786,688,1919.0,55.393434080250124,64.35643564356435,74.57008858780615,90.20323084940073,2.0,0.10422094,3.0,0.15633142,0.0,0.0,688,PRJNA613670,32,26,Other,missing_ontology,,,False,True,healthy,True,,,12,29357.0
SRX8008855_34,1720,4236.0,1813,4725.9995,1858,4725.999,SRX8008855,B cell,CL:0000236,1720,4236.0,39.7780925401322,47.82813975448536,56.32672332389046,71.19924457034938,59.0,1.3928235,31.0,0.7318225,0.0,0.0,1720,PRJNA613670,32,34,Other,missing_ontology,,,False,True,healthy,True,,,17,43626.0
SRX8008855_5,690,1451.0,731,1595.0,744,1595.0001,SRX8008855,"CD4-positive, alpha-beta T cell",CL:0000624,690,1451.0,45.34803583735355,55.06547208821503,66.2301860785665,86.90558235699517,3.0,0.20675395,9.0,0.6202619,0.0,0.0,690,PRJNA613670,32,5,Other,missing_ontology,,,False,True,healthy,True,,,16,21107.0
SRX8008855_9,1062,2572.0,1123,2948.0005,1153,2947.9993,SRX8008855,B cell,CL:0000236,1062,2572.0,44.284603421461895,53.6158631415241,62.908242612752716,78.14930015552099,6.0,0.2332815,44.0,1.710731,0.0,0.0,1062,PRJNA613670,32,9,Other,missing_ontology,,,False,True,healthy,True,,,11,25714.0
SRX8349949_8,3630,13859.0,3823,14488.003,3952,14487.999,SRX8349949,pulmonary alveolar type 2 cell,CL:0002063,3630,13859.0,26.885056641893357,36.18587199653655,47.31943141640811,62.919402554296845,495.0,3.5716863,1831.0,13.211632,0.0,0.0,3630,PRJNA633134,26,8,Cystic Fibrosis,study_consensus,,,False,True,healthy,True,,,11,289433.0
SRX8349950_43,5867,29319.0,6142,30281.0,6280,30280.992,SRX8349950,lung multiciliated epithelial cell,CL:1000271,5867,29319.0,22.766806507725367,31.187966847436815,42.03417579044306,57.78505406050684,957.0,3.2640948,3086.0,10.525598,0.0,0.0,5867,PRJNA633134,24,43,Cystic Fibrosis,disease_text,,,,False,,True,,,11,153178.0
SRX8349958_8,2970,11845.0,3133,12091.998,3191,12092.001,SRX8349958,pulmonary alveolar type 2 cell,CL:0002063,2970,11845.0,38.98691430983538,48.88138455044322,59.459687631912196,71.86998733642888,183.0,1.5449556,1735.0,14.64753,0.0,0.0,2970,PRJNA633134,26,8,Cystic Fibrosis,ontology,cystic fibrosis,MONDO:0009061,True,False,,True,,MONDO:0009061,22,252463.0
SRX8349959_44,3645,9223.0,3885,9563.003,4007,9563.005,SRX8349959,lung multiciliated epithelial cell,CL:1000271,3645,9223.0,25.165347500813184,30.673316708229425,38.39314756586794,52.694351078824674,1396.0,15.136073,405.0,4.391196,0.0,0.0,3645,PRJNA633134,8,44,Cystic Fibrosis,ontology,cystic fibrosis,MONDO:0009061,True,False,,True,,MONDO:0009061,11,155843.0
SRX8349964_31,2024,5644.0,2118,5831.999,2159,5832.0,SRX8349964,basal cell,CL:0000646,2024,5644.0,33.664068036853294,49.11410347271439,59.231041814316086,71.33238837703756,220.0,3.897945,1962.0,34.76258,0.0,0.0,2024,PRJNA633134,17,31,Cystic Fibrosis,disease_text,,,,False,,True,,,16,113335.0
SRX8349970_31,2017,5420.0,2169,5637.0015,2208,5637.0015,SRX8349970,basal cell,CL:0000646,2017,5420.0,34.33579335793358,46.82656826568265,57.08487084870849,70.01845018450184,374.0,6.900369,1377.0,25.405905,0.0,0.0,2017,PRJNA633134,60,31,Cystic Fibrosis,ontology,cystic fibrosis,MONDO:0009061,True,False,,True,,MONDO:0009061,12,94479.0
SRX8349970_45,3927,15815.0,4126,16345.997,4224,16345.998,SRX8349970,respiratory tract goblet cell,CL:0002370,3927,15815.0,34.51786278849194,44.90673411318369,54.32816945937401,66.58868163136263,1085.0,6.860575,2927.0,18.507746,0.0,0.0,3927,PRJNA633134,60,45,Cystic Fibrosis,ontology,cystic fibrosis,MONDO:0009061,True,False,,True,,MONDO:0009061,22,275789.0
SRX8349972_45,5432,31405.0,5668,32145.01,5814,32145.006,SRX8349972,respiratory tract goblet cell,CL:0002370,5432,31405.0,49.63540837446266,55.33195351058748,61.652603088680145,70.10985511861169,2461.0,7.8363314,2690.0,8.5655155,0.0,0.0,5432,PRJNA633134,60,45,Cystic Fibrosis,disease_text,,,,False,,True,,,11,287944.0
SRX8372491_1,815,1298.0,880,1460.9999,891,1461.0001,SRX8372491,"CD4-positive, alpha-beta T cell",CL:0000624,815,1298.0,28.582434514637907,39.67642526964561,52.61941448382126,75.73189522342064,52.0,4.0061636,225.0,17.33436,0.0,0.0,815,PRJNA634159,4,1,Lung Cancer,ontology,non-small cell lung carcinoma,MONDO:0005233,True,False,,True,,MONDO:0005233,16,36709.0
SRX8372491_20,2735,6128.0,2888,6591.0005,2925,6590.999,SRX8372491,club cell,CL:0000158,2735,6128.0,24.18407310704961,32.31070496083551,42.16710182767624,57.0985639686684,416.0,6.7885118,797.0,13.005875,0.0,0.0,2735,PRJNA634159,12,20,Lung Cancer,ontology,non-small cell lung carcinoma,MONDO:0005233,True,False,,True,,MONDO:0005233,24,144180.0
SRX8372491_24,1820,4895.0,1907,5150.9995,1931,5151.0,SRX8372491,B cell,CL:0000236,1820,4895.0,32.747701736465785,44.47395301327886,56.05720122574055,71.33810010214503,254.0,5.188968,900.0,18.386108,0.0,0.0,1820,PRJNA634159,39,24,Lung Cancer,ontology,non-small cell lung carcinoma,MONDO:0005233,True,False,,True,,MONDO:0005233,23,187634.0
SRX8372491_26,2241,5299.0,2330,5642.0005,2364,5642.0,SRX8372491,macrophage,CL:0000235,2241,5299.0,28.703528967729756,35.9124363087375,45.10284959426307,61.011511605963385,811.0,15.304774,56.0,1.0568032,0.0,0.0,2241,PRJNA634159,49,26,Lung Cancer,ontology,non-small cell lung carcinoma,MONDO:0005233,True,False,,True,,MONDO:0005233,28,282339.0
SRX8372491_5,781,1523.0,841,1896.0,850,1895.9998,SRX8372491,"CD4-positive, alpha-beta T cell",CL:0000624,781,1523.0,37.75443204202232,49.967170059093895,61.851608667104394,81.54957321076822,184.0,12.081418,259.0,17.00591,0.0,0.0,781,PRJNA634159,5,5,Lung Cancer,ontology,non-small cell lung carcinoma,MONDO:0005233,True,False,,True,,MONDO:0005233,17,30516.0
SRX8372491_8,1561,2857.0,1660,3284.0,1677,3283.9988,SRX8372491,"CD4-positive, alpha-beta T cell",CL:0000624,1561,2857.0,29.19145957297865,35.63178158907945,44.73223661183059,62.86314315715785,380.0,13.300665,41.0,1.4350718,0.0,0.0,1561,PRJNA634159,12,8,Lung Cancer,ontology,non-small cell lung carcinoma,MONDO:0005233,True,False,,True,,MONDO:0005233,23,195550.0
SRX8372491_9,2662,7414.0,2806,7832.999,2845,7832.9995,SRX8372491,macrophage,CL:0000235,2662,7414.0,30.806582141893713,39.573779336390615,49.379552198543294,64.04100350687888,202.0,2.724575,651.0,8.780685,0.0,0.0,2662,PRJNA634159,39,9,Lung Cancer,ontology,non-small cell lung carcinoma,MONDO:0005233,True,False,,True,,MONDO:0005233,32,377713.0
SRX8372494_6,1621,4351.0,1714,4507.0,1748,4507.0,SRX8372494,B cell,CL:0000236,1621,4351.0,35.41714548379683,50.33325672259251,60.49184095610205,74.235807860262,145.0,3.3325672,1543.0,35.46311,1.0,0.022983221,1621,PRJNA634159,1,6,Lung Cancer,ontology,non-small cell lung carcinoma,MONDO:0005233,True,False,,True,,MONDO:0005233,16,69170.0
SRX8372495_1,1981,4503.0,2068,4646.0,2106,4645.9985,SRX8372495,"CD4-positive, alpha-beta T cell",CL:0000624,1981,4503.0,29.313790806129248,39.61803242282922,48.72307350655119,64.0683988452143,117.0,2.5982678,1119.0,24.8501,0.0,0.0,1981,PRJNA634159,4,1,Lung Cancer,ontology,non-small cell lung carcinoma,MONDO:0005233,True,False,,True,,MONDO:0005233,23,76475.0
SRX8372496_0,952,1718.0,1040,1919.0004,1061,1918.9999,SRX8372496,B cell,CL:0000236,952,1718.0,37.36903376018626,44.70314318975553,56.22817229336437,73.69033760186264,63.0,3.6670547,73.0,4.249127,0.0,0.0,952,PRJNA634159,42,0,Lung Cancer,ontology,non-small cell lung carcinoma,MONDO:0005233,True,False,,True,,MONDO:0005233,94,396757.0
SRX8372496_1,1605,2811.0,1698,2969.0,1735,2969.0,SRX8372496,"CD4-positive, alpha-beta T cell",CL:0000624,1605,2811.0,21.237993596584843,28.850942725008892,39.985770188545,60.690145855567415,133.0,4.7314124,143.0,5.0871577,0.0,0.0,1605,PRJNA634159,42,1,Lung Cancer,ontology,non-small cell lung carcinoma,MONDO:0005233,True,False,,True,,MONDO:0005233,30,99602.0
SRX8372496_13,3581,11279.0,3749,11708.003,3845,11708.005,SRX8372496,basophil,CL:0000767,3581,11279.0,19.496409256139728,27.93687383633301,38.86869403315897,55.15559890061176,507.0,4.4950795,1141.0,10.116145,0.0,0.0,3581,PRJNA634159,42,13,Lung Cancer,ontology,non-small cell lung carcinoma,MONDO:0005233,True,False,,True,,MONDO:0005233,43,129518.0
SRX8372496_6,931,1505.0,973,1647.0,997,1647.0002,SRX8372496,B cell,CL:0000236,931,1505.0,30.29900332225914,39.00332225913621,51.42857142857142,71.36212624584718,73.0,4.850498,80.0,5.3156147,0.0,0.0,931,PRJNA634159,42,6,Lung Cancer,ontology,non-small cell lung carcinoma,MONDO:0005233,True,False,,True,,MONDO:0005233,10,32416.0
SRX8372496_60,1330,1878.0,1391,2036.0,1406,2035.9998,SRX8372496,pericyte,CL:0000669,1330,1878.0,20.394036208732693,26.996805111821086,37.646432374866876,55.80404685835995,62.0,3.3013842,75.0,3.9936104,0.0,0.0,1330,PRJNA634159,59,60,Lung Cancer,ontology,non-small cell lung carcinoma,MONDO:0005233,True,False,,True,,MONDO:0005233,10,32763.0
SRX8372496_9,818,1183.0,868,1310.0,876,1310.0002,SRX8372496,B cell,CL:0000236,818,1183.0,27.387996618765847,35.841081994928146,47.759932375316986,73.11918850380388,122.0,10.312764,104.0,8.791209,0.0,0.0,818,PRJNA634159,42,9,Lung Cancer,ontology,non-small cell lung carcinoma,MONDO:0005233,True,False,,True,,MONDO:0005233,19,93660.0
SRX8953166_9,2979,10708.0,3169,11075.001,3233,11075.001,SRX8953166,macrophage,CL:0000235,2979,10708.0,35.66492342174075,46.47926783713112,57.31228987672768,69.78894284646992,492.0,4.5946956,1628.0,15.203587,0.0,0.0,2979,PRJNA657422,49,9,IPF / Pulmonary Fibrosis,ontology,idiopathic pulmonary fibrosis,MONDO:0800504,True,False,,True,,MONDO:0800504,11,163398.0
SRX8953167_1,1117,2282.0,1186,2380.0,1207,2379.9998,SRX8953167,"CD4-positive, alpha-beta T cell",CL:0000624,1117,2282.0,32.07712532865907,42.15600350569676,54.51358457493427,72.96231375985978,36.0,1.5775635,402.0,17.616125,0.0,0.0,1117,PRJNA657422,4,1,IPF / Pulmonary Fibrosis,ontology,idiopathic pulmonary fibrosis,MONDO:0800504,True,False,,True,,MONDO:0800504,11,15661.0
SRX8953167_26,3824,20080.0,4032,20698.996,4138,20698.992,SRX8953167,macrophage,CL:0000235,3824,20080.0,37.05677290836654,47.90338645418327,59.93525896414342,72.48505976095618,2284.0,11.374502,2774.0,13.814741,0.0,0.0,3824,PRJNA657422,39,26,IPF / Pulmonary Fibrosis,ontology,idiopathic pulmonary fibrosis,MONDO:0800504,True,False,,True,,MONDO:0800504,10,87613.0
SRX9058141_34,1098,3532.0,1153,3608.9998,1181,3608.9993,SRX9058141,neutrophil,CL:0000775,1098,3532.0,34.42808607021517,46.460928652321634,60.673839184597966,82.41789354473387,12.0,0.33975086,8.0,0.22650056,0.0,0.0,1098,PRJNA661032,58,34,COVID-19 / SARS-CoV-2,ontology,COVID-19,MONDO:0100096,True,False,,True,,MONDO:0100096,30,87361.0
SRX9058149_34,728,1860.0,763,1905.0,782,1904.9998,SRX9058149,neutrophil,CL:0000775,728,1860.0,42.90322580645161,53.97849462365591,67.47311827956989,87.74193548387098,14.0,0.75268817,8.0,0.43010753,0.0,0.0,728,PRJNA661032,58,34,COVID-19 / SARS-CoV-2,ontology,COVID-19,MONDO:0100096,True,False,,True,,MONDO:0100096,11,16470.0
SRX9058149_49,6735,43802.0,6987,45235.004,7221,45234.99,SRX9058149,macrophage,CL:0000235,6735,43802.0,29.934706177800102,37.24259166248117,46.40199077667687,58.49047988676316,2245.0,5.1253366,3855.0,8.800968,0.0,0.0,6735,PRJNA661032,49,49,COVID-19 / SARS-CoV-2,ontology,COVID-19,MONDO:0100096,True,False,,True,,MONDO:0100096,20,889633.0
SRX9058150_34,2468,12843.0,2599,13192.999,2727,13192.996,SRX9058150,neutrophil,CL:0000775,2468,12843.0,35.84053570038153,45.49560071634353,57.13618313478159,73.63544343221989,207.0,1.6117729,52.0,0.40488982,0.0,0.0,2468,PRJNA661032,58,34,COVID-19 / SARS-CoV-2,ontology,COVID-19,MONDO:0100096,True,False,,True,,MONDO:0100096,10,47409.0
SRX9058151_34,921,2265.0,993,2372.0,1018,2372.0002,SRX9058151,neutrophil,CL:0000775,921,2265.0,34.03973509933775,45.916114790286976,60.441501103752756,81.41280353200882,22.0,0.9713024,19.0,0.8388521,0.0,0.0,921,PRJNA661032,58,34,COVID-19 / SARS-CoV-2,ontology,COVID-19,MONDO:0100096,True,False,,True,,MONDO:0100096,12,20290.0
SRX9058152_26,860,2392.0,938,2480.0,953,2479.9998,SRX9058152,neutrophil,CL:0000775,860,2392.0,37.24916387959866,49.5819397993311,64.4648829431438,84.94983277591973,26.0,1.0869565,7.0,0.29264215,0.0,0.0,860,PRJNA661032,58,26,COVID-19 / SARS-CoV-2,ontology,COVID-19,MONDO:0100096,True,False,,True,,MONDO:0100096,18,46786.0
SRX9058152_34,954,3478.0,1014,3599.9998,1066,3599.9995,SRX9058152,neutrophil,CL:0000775,954,3478.0,38.499137435307645,51.46635997699828,66.04370327774583,86.94652098907419,45.0,1.2938471,3.0,0.086256474,0.0,0.0,954,PRJNA661032,58,34,COVID-19 / SARS-CoV-2,ontology,COVID-19,MONDO:0100096,True,False,,True,,MONDO:0100096,32,117839.0
SRX9058153_34,1186,3276.0,1249,3391.9998,1293,3391.9993,SRX9058153,neutrophil,CL:0000775,1186,3276.0,33.82173382173382,43.62026862026862,56.65445665445665,77.96092796092796,11.0,0.33577535,9.0,0.2747253,0.0,0.0,1186,PRJNA661032,58,34,COVID-19 / SARS-CoV-2,ontology,COVID-19,MONDO:0100096,True,False,,True,,MONDO:0100096,26,64443.0
SRX9058154_34,1729,8582.0,1825,8833.999,1885,8833.998,SRX9058154,neutrophil,CL:0000775,1729,8582.0,38.289443020274994,49.0794686553251,61.60568632020508,78.89769284549057,29.0,0.33791655,52.0,0.60591936,0.0,0.0,1729,PRJNA661032,58,34,COVID-19 / SARS-CoV-2,ontology,COVID-19,MONDO:0100096,True,False,,True,,MONDO:0100096,37,252949.0
SRX9058156_34,569,1079.0,621,1132.0,628,1132.0,SRX9058156,neutrophil,CL:0000775,569,1079.0,39.94439295644115,51.15848007414272,65.80166821130676,93.60518999073216,22.0,2.038925,15.0,1.390176,0.0,0.0,569,PRJNA661032,58,34,COVID-19 / SARS-CoV-2,ontology,COVID-19,MONDO:0100096,True,False,,True,,MONDO:0100096,36,68344.0
SRX9058158_34,616,1223.0,661,1281.0,687,1281.0001,SRX9058158,neutrophil,CL:0000775,616,1223.0,40.39247751430908,51.18560915780866,65.9852820932134,90.51512673753066,14.0,1.1447262,1.0,0.08176614,0.0,0.0,616,PRJNA661032,58,34,COVID-19 / SARS-CoV-2,ontology,COVID-19,MONDO:0100096,True,False,,True,,MONDO:0100096,20,41059.0
SRX9058159_34,460,937.0,524,994.0001,536,993.99994,SRX9058159,neutrophil,CL:0000775,460,937.0,42.902881536819635,56.35005336179295,72.25186766275347,100.0,13.0,1.3874066,6.0,0.6403415,0.0,0.0,460,PRJNA661032,58,34,COVID-19 / SARS-CoV-2,ontology,COVID-19,MONDO:0100096,True,False,,True,,MONDO:0100096,11,17836.0
SRX9058161_26,2343,15172.0,2482,15517.002,2583,15517.001,SRX9058161,neutrophil,CL:0000775,2343,15172.0,42.5322963353546,53.223042446612176,64.45425784339572,79.34352755075138,135.0,0.889797,113.0,0.74479306,3.0,0.019773265,2343,PRJNA661032,58,26,COVID-19 / SARS-CoV-2,ontology,COVID-19,MONDO:0100096,True,False,,True,,MONDO:0100096,10,39314.0
SRX9058161_34,555,1119.0,580,1174.0,593,1174.0,SRX9058161,neutrophil,CL:0000775,555,1119.0,42.71671134941912,54.42359249329759,68.27524575513851,95.08489722966935,10.0,0.89365506,5.0,0.44682753,3.0,0.26809654,555,PRJNA661032,58,34,COVID-19 / SARS-CoV-2,ontology,COVID-19,MONDO:0100096,True,False,,True,,MONDO:0100096,14,39728.0
SRX9058162_34,1106,3046.0,1170,3177.9995,1206,3177.9995,SRX9058162,neutrophil,CL:0000775,1106,3046.0,34.208798424162836,44.87852921864741,57.91201575837164,80.10505581089954,18.0,0.5909389,13.0,0.42678922,1.0,0.03282994,1106,PRJNA661032,58,34,COVID-19 / SARS-CoV-2,ontology,COVID-19,MONDO:0100096,True,False,,True,,MONDO:0100096,23,106998.0
SRX9058165_34,1386,5312.0,1450,5509.9995,1509,5510.0015,SRX9058165,neutrophil,CL:0000775,1386,5312.0,33.52786144578313,44.80421686746988,58.471385542168676,79.27334337349397,33.0,0.62123495,12.0,0.2259036,0.0,0.0,1386,PRJNA661032,58,34,COVID-19 / SARS-CoV-2,study_consensus,,,True,False,,True,,,22,94863.0
SRX9058167_26,1439,8516.0,1510,9036.0,1600,9036.004,SRX9058167,neutrophil,CL:0000775,1439,8516.0,40.17144199154533,52.50117426021607,65.47674964772193,83.39596054485673,121.0,1.4208549,18.0,0.21136685,0.0,0.0,1439,PRJNA661032,58,26,COVID-19 / SARS-CoV-2,ontology,COVID-19,MONDO:0100096,True,False,,True,,MONDO:0100096,15,71673.0
SRX9058167_34,1196,4417.0,1280,4677.999,1349,4677.9985,SRX9058167,neutrophil,CL:0000775,1196,4417.0,42.47226624405705,54.0185646366312,66.19877745075843,83.17862802807335,166.0,3.7582068,18.0,0.4075164,0.0,0.0,1196,PRJNA661032,58,34,COVID-19 / SARS-CoV-2,ontology,COVID-19,MONDO:0100096,True,False,,True,,MONDO:0100096,24,126064.0
SRX9058167_49,4825,30902.0,5023,32025.996,5223,32026.014,SRX9058167,macrophage,CL:0000235,4825,30902.0,29.768299786421593,39.146333570642675,50.00970810950748,64.84693547343214,2162.0,6.996311,3365.0,10.889263,0.0,0.0,4825,PRJNA661032,35,49,COVID-19 / SARS-CoV-2,ontology,COVID-19,MONDO:0100096,True,False,,True,,MONDO:0100096,12,184341.0
SRX9058168_34,1122,2916.0,1196,3012.0002,1216,3011.9993,SRX9058168,neutrophil,CL:0000775,1122,2916.0,35.66529492455419,45.781893004115226,58.093278463648836,78.66941015089162,7.0,0.24005486,16.0,0.5486968,0.0,0.0,1122,PRJNA661032,58,34,COVID-19 / SARS-CoV-2,ontology,COVID-19,MONDO:0100096,True,False,,True,,MONDO:0100096,21,70087.0
SRX9058169_34,873,2209.0,920,2284.9998,942,2284.9998,SRX9058169,neutrophil,CL:0000775,873,2209.0,37.61883205070167,48.166591217745584,62.38116794929832,83.11453146220009,17.0,0.769579,18.0,0.8148484,0.0,0.0,873,PRJNA661032,58,34,COVID-19 / SARS-CoV-2,ontology,COVID-19,MONDO:0100096,True,False,,True,,MONDO:0100096,34,72925.0
SRX9058169_49,4219,20896.0,4393,21508.0,4504,21507.998,SRX9058169,macrophage,CL:0000235,4219,20896.0,28.804555895865235,38.16998468606432,48.82752679938744,64.23238897396631,1253.0,5.9963627,2177.0,10.418262,0.0,0.0,4219,PRJNA661032,39,49,COVID-19 / SARS-CoV-2,ontology,COVID-19,MONDO:0100096,True,False,,True,,MONDO:0100096,10,262945.0
SRX9058186_34,597,904.0,632,934.00006,638,934.00006,SRX9058186,neutrophil,CL:0000775,597,904.0,27.654867256637168,39.15929203539823,56.084070796460175,89.26991150442478,15.0,1.659292,0.0,0.0,0.0,0.0,597,PRJNA661032,58,34,COVID-19 / SARS-CoV-2,ontology,COVID-19,MONDO:0100096,True,False,,True,,MONDO:0100096,11,13552.0
SRX9127134_21,7428,59661.0,7693,61418.004,7949,61417.945,SRX9127134,pulmonary alveolar type 2 cell,CL:0002063,7428,59661.0,34.597140510551284,42.56884732069526,51.499304403211475,63.06800087159116,806.0,1.3509663,7743.0,12.978327,0.0,0.0,7428,PRJNA663601,67,21,IPF / Pulmonary Fibrosis,study_consensus,,,False,True,healthy,True,,,16,818912.0
SRX9127134_8,2340,8310.0,2487,8617.999,2543,8618.002,SRX9127134,pulmonary alveolar type 2 cell,CL:0002063,2340,8310.0,39.39831528279182,51.179302045728036,61.29963898916968,73.58604091456077,221.0,2.6594465,1799.0,21.648615,0.0,0.0,2340,PRJNA663601,26,8,IPF / Pulmonary Fibrosis,study_consensus,,,False,True,healthy,True,,,46,285100.0
SRX9127135_21,7721,60106.0,7973,62184.984,8253,62184.96,SRX9127135,pulmonary alveolar type 2 cell,CL:0002063,7721,60106.0,32.432702226067285,43.1953548730576,52.24104082787077,63.10518084717,1204.0,2.0031278,13980.0,23.25891,0.0,0.0,7721,PRJNA663601,67,21,IPF / Pulmonary Fibrosis,study_consensus,,,False,True,healthy,True,,,20,592297.0
SRX9127138_21,1263,2297.0,1345,2384.0,1363,2384.0,SRX9127138,plasma cell,CL:0000786,1263,2297.0,30.561602089682193,39.0509360034828,49.58641706573792,66.78276012189814,12.0,0.5224205,304.0,13.234654,0.0,0.0,1263,PRJNA663601,67,21,IPF / Pulmonary Fibrosis,study_consensus,,,False,True,healthy,True,,,26,717654.0
SRX9127139_20,1771,4451.0,1842,4575.0005,1868,4575.0005,SRX9127139,basal cell,CL:0000646,1771,4451.0,38.84520332509548,49.04515839137272,57.89710177488205,71.44461918669963,579.0,13.008313,882.0,19.815771,1.0,0.022466863,1771,PRJNA663601,17,20,IPF / Pulmonary Fibrosis,ontology,idiopathic pulmonary fibrosis,MONDO:0800504,True,False,,True,,MONDO:0800504,22,288379.0
SRX9127139_44,4398,11887.0,4590,12199.001,4666,12199.003,SRX9127139,lung multiciliated epithelial cell,CL:1000271,4398,11887.0,18.507613359131824,24.64036342222596,32.87625136703962,47.875830739463275,470.0,3.9538991,764.0,6.42719,0.0,0.0,4398,PRJNA663601,8,44,IPF / Pulmonary Fibrosis,ontology,idiopathic pulmonary fibrosis,MONDO:0800504,True,False,,True,,MONDO:0800504,15,241058.0
SRX9127141_31,6508,35666.0,6826,36953.016,7019,36952.992,SRX9127141,basal cell,CL:0000646,6508,35666.0,26.521056468345204,35.89132507149667,46.341053103796334,59.765603095384954,791.0,2.2177985,5549.0,15.558235,0.0,0.0,6508,PRJNA663601,67,31,IPF / Pulmonary Fibrosis,ontology,idiopathic pulmonary fibrosis,MONDO:0800504,True,False,,True,,MONDO:0800504,32,1291500.0
SRX9127141_8,2948,11488.0,3125,11762.002,3195,11762.001,SRX9127141,pulmonary alveolar type 2 cell,CL:0002063,2948,11488.0,45.95229805013928,52.78551532033426,60.558844011142064,71.78795264623955,434.0,3.7778552,1169.0,10.175836,0.0,0.0,2948,PRJNA663601,26,8,IPF / Pulmonary Fibrosis,ontology,idiopathic pulmonary fibrosis,MONDO:0800504,True,False,,True,,MONDO:0800504,10,104529.0
SRX9127143_31,7165,44633.0,7485,46114.973,7720,46114.97,SRX9127143,basal cell,CL:0000646,7165,44633.0,25.071135706764053,34.877781014047905,45.560459749512695,58.95637756816705,1852.0,4.1493964,6188.0,13.8641815,0.0,0.0,7165,PRJNA663601,67,31,IPF / Pulmonary Fibrosis,ontology,idiopathic pulmonary fibrosis,MONDO:0800504,True,False,,True,,MONDO:0800504,20,754121.0
SRX9127144_20,1926,4198.0,2059,4329.0,2112,4328.999,SRX9127144,B cell,CL:0000236,1926,4198.0,32.18199142448785,39.280609814197234,48.28489757027155,64.29252024773702,704.0,16.76989,34.0,0.8099095,1.0,0.023820866,1926,PRJNA663601,82,20,IPF / Pulmonary Fibrosis,ontology,idiopathic pulmonary fibrosis,MONDO:0800504,True,False,,True,,MONDO:0800504,15,338671.0
SRX9127144_23,1140,1873.0,1225,1947.0002,1240,1947.0001,SRX9127144,basal cell,CL:0000646,1140,1873.0,25.78750667378537,35.61131873998932,47.090229578216764,65.83021890016018,73.0,3.8974907,299.0,15.963695,0.0,0.0,1140,PRJNA663601,67,23,IPF / Pulmonary Fibrosis,ontology,idiopathic pulmonary fibrosis,MONDO:0800504,True,False,,True,,MONDO:0800504,14,361012.0
SRX9127144_31,6324,34930.0,6595,36093.01,6786,36093.008,SRX9127144,basal cell,CL:0000646,6324,34930.0,26.269682221586027,34.62639564843973,44.88405382192958,58.43973661608932,1437.0,4.113942,3725.0,10.664186,0.0,0.0,6324,PRJNA663601,67,31,IPF / Pulmonary Fibrosis,ontology,idiopathic pulmonary fibrosis,MONDO:0800504,True,False,,True,,MONDO:0800504,11,294178.0
SRX9246189_43,6107,24094.0,6407,25190.0,6597,25189.998,SRX9246189,respiratory tract goblet cell,CL:0002370,6107,24094.0,22.163194156221465,30.107080600979497,39.275338258487594,53.01319830663236,1749.0,7.2590685,2317.0,9.616503,0.0,0.0,6107,PRJNA667491,9,43,Cystic Fibrosis,ontology,cystic fibrosis,MONDO:0009061,,False,,True,,MONDO:0009061,18,376319.0
SRX9246189_44,5123,16115.0,5388,16825.998,5554,16825.992,SRX9246189,lung multiciliated epithelial cell,CL:1000271,5123,16115.0,18.65342848278002,25.572448029785917,34.96742165684145,49.74868135277691,863.0,5.355259,1309.0,8.122867,0.0,0.0,5123,PRJNA667491,9,44,Cystic Fibrosis,ontology,cystic fibrosis,MONDO:0009061,,False,,True,,MONDO:0009061,14,201690.0
SRX9246189_45,3600,10523.0,3784,10930.0,3865,10930.001,SRX9246189,respiratory tract goblet cell,CL:0002370,3600,10523.0,27.910291741898696,36.1683930438088,45.39579967689822,59.45072697899838,537.0,5.1031075,1079.0,10.25373,0.0,0.0,3600,PRJNA667491,60,45,Cystic Fibrosis,ontology,cystic fibrosis,MONDO:0009061,,False,,True,,MONDO:0009061,66,1212949.0
SRX9246191_31,5100,19531.0,5378,20434.998,5521,20435.0,SRX9246191,basal cell,CL:0000646,5100,19531.0,27.704674619835135,37.98576621780759,47.36060621575956,59.30059904766781,1462.0,7.4855356,3517.0,18.00727,0.0,0.0,5100,PRJNA667491,60,31,Cystic Fibrosis,ontology,cystic fibrosis,MONDO:0009061,True,False,,True,,MONDO:0009061,10,249772.0
SRX9246191_44,6413,22308.0,6729,23127.998,6951,23128.0,SRX9246191,lung multiciliated epithelial cell,CL:1000271,6413,22308.0,21.400394477317555,26.470324547247625,33.454366146673834,46.31522323830016,2576.0,11.547427,974.0,4.3661466,0.0,0.0,6413,PRJNA667491,9,44,Cystic Fibrosis,ontology,cystic fibrosis,MONDO:0009061,True,False,,True,,MONDO:0009061,11,251763.0
SRX9246192_43,5924,19858.0,6232,20600.992,6410,20601.0,SRX9246192,respiratory tract goblet cell,CL:0002370,5924,19858.0,23.104038674589585,28.61315338906234,35.89988921341525,48.871991137073216,2388.0,12.02538,982.0,4.9451103,0.0,0.0,5924,PRJNA667491,9,43,Cystic Fibrosis,ontology,cystic fibrosis,MONDO:0009061,True,False,,True,,MONDO:0009061,10,312622.0
SRX9246192_44,5944,19079.0,6240,19842.006,6433,19842.006,SRX9246192,lung multiciliated epithelial cell,CL:1000271,5944,19079.0,18.30808742596572,24.278001991718643,32.39163478169716,46.008700665653336,1488.0,7.799151,1207.0,6.3263273,0.0,0.0,5944,PRJNA667491,9,44,Cystic Fibrosis,ontology,cystic fibrosis,MONDO:0009061,True,False,,True,,MONDO:0009061,14,265349.0
SRX9246193_31,4437,18235.0,4701,19279.996,4844,19279.996,SRX9246193,basal cell,CL:0000646,4437,18235.0,30.74856046065259,44.162325198793525,53.81409377570606,65.12201809706607,1184.0,6.493008,4727.0,25.922676,0.0,0.0,4437,PRJNA667491,60,31,Cystic Fibrosis,study_consensus,,,False,True,explicitControl,True,,,14,238734.0
SRX9246193_44,2913,6650.0,3113,6888.0015,3187,6888.002,SRX9246193,lung multiciliated epithelial cell,CL:1000271,2913,6650.0,27.804511278195488,33.59398496240601,41.35338345864661,55.92481203007519,1029.0,15.473684,133.0,2.0,0.0,0.0,2913,PRJNA667491,9,44,Cystic Fibrosis,study_consensus,,,False,True,explicitControl,True,,,17,339882.0
SRX9246194_31,6460,29103.0,6749,30474.004,7046,30474.016,SRX9246194,basal cell,CL:0000646,6460,29103.0,23.513039892794556,31.330103425763667,39.995876713740856,52.994536645706624,3075.0,10.565921,3762.0,12.926502,0.0,0.0,6460,PRJNA667491,60,31,Cystic Fibrosis,ontology,cystic fibrosis,MONDO:0009061,True,False,,True,,MONDO:0009061,16,344997.0
SRX9246194_44,4973,16287.0,5210,16889.008,5407,16889.004,SRX9246194,lung multiciliated epithelial cell,CL:1000271,4973,16287.0,22.61926689998158,28.783692515503162,37.10935101614785,51.67311352612513,1964.0,12.058697,855.0,5.2495856,0.0,0.0,4973,PRJNA667491,9,44,Cystic Fibrosis,ontology,cystic fibrosis,MONDO:0009061,True,False,,True,,MONDO:0009061,10,174909.0
SRX9246195_31,4037,13668.0,4300,14256.0,4419,14256.003,SRX9246195,basal cell,CL:0000646,4037,13668.0,32.49926836406205,42.28124085455078,51.14135206321334,62.510974539069366,2013.0,14.727831,2299.0,16.82031,0.0,0.0,4037,PRJNA667491,60,31,Cystic Fibrosis,ontology,cystic fibrosis,MONDO:0009061,True,False,,True,,MONDO:0009061,11,175544.0
SRX9246195_45,9375,72167.0,9712,75024.016,10160,75023.94,SRX9246195,respiratory tract goblet cell,CL:0002370,9375,72167.0,30.702398603239704,38.046475535909764,45.50972050937409,55.93969542865853,8734.0,12.102485,8832.0,12.23828,0.0,0.0,9375,PRJNA667491,60,45,Cystic Fibrosis,ontology,cystic fibrosis,MONDO:0009061,True,False,,True,,MONDO:0009061,10,251504.0
SRX9246196_31,3958,14157.0,4207,14825.998,4368,14825.996,SRX9246196,basal cell,CL:0000646,3958,14157.0,31.40495867768595,41.00445009535918,49.897577170304444,63.17016317016317,1723.0,12.170657,2243.0,15.843752,0.0,0.0,3958,PRJNA667491,60,31,Cystic Fibrosis,ontology,cystic fibrosis,MONDO:0009061,,False,,True,,MONDO:0009061,16,248755.0
SRX9246196_45,3587,13163.0,3832,13562.006,3929,13562.006,SRX9246196,respiratory tract goblet cell,CL:0002370,3587,13163.0,46.28124287776343,51.43964141912938,58.269391476107266,68.30509762212262,1281.0,9.731824,717.0,5.447087,0.0,0.0,3587,PRJNA667491,60,45,Cystic Fibrosis,ontology,cystic fibrosis,MONDO:0009061,,False,,True,,MONDO:0009061,18,415998.0
SRX9246197_45,6605,45041.0,6895,46523.0,7133,46522.99,SRX9246197,respiratory tract goblet cell,CL:0002370,6605,45041.0,41.413378921427146,48.289336382407136,55.94014342487955,66.16416154170645,3454.0,7.668569,4384.0,9.733355,0.0,0.0,6605,PRJNA667491,60,45,Cystic Fibrosis,ontology,cystic fibrosis,MONDO:0009061,True,False,,True,,MONDO:0009061,13,480257.0
SRX9246199_20,8844,89257.0,9196,92164.98,9586,92164.945,SRX9246199,respiratory tract goblet cell,CL:0002370,8844,89257.0,42.36978612321723,48.851070504274176,55.75809180232363,65.70353025533011,6560.0,7.3495636,9744.0,10.916791,0.0,0.0,8844,PRJNA667491,60,20,Cystic Fibrosis,ontology,cystic fibrosis,MONDO:0009061,True,False,,True,,MONDO:0009061,12,701453.0
SRX9246199_45,4826,27329.0,5050,28100.006,5192,28099.996,SRX9246199,respiratory tract goblet cell,CL:0002370,4826,27329.0,51.136155732006294,56.785831900179296,63.02096673862929,71.99312086062424,1733.0,6.3412495,2058.0,7.530462,0.0,0.0,4826,PRJNA667491,60,45,Cystic Fibrosis,ontology,cystic fibrosis,MONDO:0009061,True,False,,True,,MONDO:0009061,15,609782.0
SRX9246200_45,6437,31916.0,6706,33262.004,6984,33262.02,SRX9246200,respiratory tract goblet cell,CL:0002370,6437,31916.0,28.866399298157663,36.32974056899361,45.350294523123196,57.829928562476496,2130.0,6.673769,3287.0,10.29891,0.0,0.0,6437,PRJNA667491,60,45,Cystic Fibrosis,ontology,cystic fibrosis,MONDO:0009061,True,False,,True,,MONDO:0009061,19,695649.0
SRX9246201_20,8721,89648.0,9051,92247.055,9513,92246.984,SRX9246201,respiratory tract goblet cell,CL:0002370,8721,89648.0,43.13091201142245,49.006112796716046,56.01351954310191,66.29372657504908,4962.0,5.5349813,7916.0,8.830091,0.0,0.0,8721,PRJNA667491,60,20,Cystic Fibrosis,ontology,cystic fibrosis,MONDO:0009061,True,False,,True,,MONDO:0009061,14,1011780.0
SRX9246202_20,7017,40678.0,7348,42029.992,7634,42030.008,SRX9246202,respiratory tract goblet cell,CL:0002370,7017,40678.0,40.14209154825704,46.26087811593491,52.85166429027976,62.77103102414081,2740.0,6.735828,4047.0,9.948867,0.0,0.0,7017,PRJNA667491,9,20,Cystic Fibrosis,ontology,cystic fibrosis,MONDO:0009061,True,False,,True,,MONDO:0009061,29,639574.0
SRX9246202_21,2578,11520.0,2734,11794.999,2813,11795.003,SRX9246202,respiratory tract goblet cell,CL:0002370,2578,11520.0,58.70659722222222,63.72395833333333,69.44444444444444,78.36805555555556,523.0,4.5399303,715.0,6.2065973,0.0,0.0,2578,PRJNA667491,60,21,Cystic Fibrosis,ontology,cystic fibrosis,MONDO:0009061,True,False,,True,,MONDO:0009061,19,201362.0
SRX9246202_23,2607,7453.0,2743,7684.0,2806,7683.9995,SRX9246202,basal cell,CL:0000646,2607,7453.0,38.816583925935866,45.35086542331947,53.28055816449751,66.34912115926473,345.0,4.6290083,630.0,8.452972,0.0,0.0,2607,PRJNA667491,60,23,Cystic Fibrosis,ontology,cystic fibrosis,MONDO:0009061,True,False,,True,,MONDO:0009061,21,220685.0
SRX9246202_31,4214,12586.0,4518,13143.0,4671,13142.996,SRX9246202,basal cell,CL:0000646,4214,12586.0,26.1798824090259,33.79151438105832,42.16589861751152,55.74447799141904,982.0,7.8023205,1206.0,9.582075,0.0,0.0,4214,PRJNA667491,60,31,Cystic Fibrosis,ontology,cystic fibrosis,MONDO:0009061,True,False,,True,,MONDO:0009061,28,213599.0
SRX9246202_43,375,502.0,419,540.0,424,540.0,SRX9246202,lung multiciliated epithelial cell,CL:1000271,375,502.0,33.067729083665334,45.21912350597609,65.13944223107569,100.0,12.0,2.3904383,57.0,11.354582,0.0,0.0,375,PRJNA667491,24,43,Cystic Fibrosis,ontology,cystic fibrosis,MONDO:0009061,True,False,,True,,MONDO:0009061,13,116202.0
SRX9246202_44,3400,7723.0,3578,8021.001,3657,8021.003,SRX9246202,lung multiciliated epithelial cell,CL:1000271,3400,7723.0,21.727308040916743,28.34390780784669,36.78622297034831,51.34015279036643,684.0,8.856662,447.0,5.7879066,2.0,0.025896672,3400,PRJNA667491,9,44,Cystic Fibrosis,ontology,cystic fibrosis,MONDO:0009061,True,False,,True,,MONDO:0009061,29,210115.0
SRX9246202_45,4306,18122.0,4528,18722.004,4674,18722.004,SRX9246202,respiratory tract goblet cell,CL:0002370,4306,18122.0,42.56704557995806,48.9074053636464,55.909943714821765,67.10076150535261,1026.0,5.661627,1709.0,9.430526,0.0,0.0,4306,PRJNA667491,60,45,Cystic Fibrosis,ontology,cystic fibrosis,MONDO:0009061,True,False,,True,,MONDO:0009061,30,383839.0
SRX9246203_20,5236,19456.0,5481,20240.998,5678,20240.996,SRX9246203,respiratory tract goblet cell,CL:0002370,5236,19456.0,25.699013157894733,32.498972039473685,41.108141447368425,54.764597039473685,1601.0,8.228825,1651.0,8.485814,0.0,0.0,5236,PRJNA667491,60,20,Cystic Fibrosis,ontology,cystic fibrosis,MONDO:0009061,True,False,,True,,MONDO:0009061,16,381551.0
SRX9246204_20,4288,18862.0,4548,19653.014,4710,19653.006,SRX9246204,respiratory tract goblet cell,CL:0002370,4288,18862.0,38.675644152263814,46.79249284275262,54.930548192132335,66.80097550630897,2055.0,10.89492,2402.0,12.734598,0.0,0.0,4288,PRJNA667491,60,20,Cystic Fibrosis,ontology,cystic fibrosis,MONDO:0009061,True,False,,True,,MONDO:0009061,13,507532.0
SRX9246206_31,2632,5830.0,2806,6042.9995,2884,6043.0024,SRX9246206,basal cell,CL:0000646,2632,5830.0,31.286449399656945,37.06689536878216,44.76843910806175,58.1303602058319,951.0,16.31218,240.0,4.116638,0.0,0.0,2632,PRJNA667491,60,31,Cystic Fibrosis,ontology,cystic fibrosis,MONDO:0009061,True,False,,True,,MONDO:0009061,10,108657.0
SRX9246206_44,4464,11973.0,4680,12413.999,4814,12414.002,SRX9246206,lung multiciliated epithelial cell,CL:1000271,4464,11973.0,18.60853587237952,25.31529274200284,34.02655975945878,48.89334335588407,843.0,7.040842,668.0,5.57922,0.0,0.0,4464,PRJNA667491,9,44,Cystic Fibrosis,ontology,cystic fibrosis,MONDO:0009061,True,False,,True,,MONDO:0009061,14,194950.0
SRX9246206_45,4601,21773.0,4859,22480.996,5001,22480.998,SRX9246206,respiratory tract goblet cell,CL:0002370,4601,21773.0,46.73678409038718,52.3354613512148,58.586322509530156,68.46553070316446,926.0,4.252974,1663.0,7.6379004,0.0,0.0,4601,PRJNA667491,60,45,Cystic Fibrosis,ontology,cystic fibrosis,MONDO:0009061,True,False,,True,,MONDO:0009061,39,665960.0
SRX9246208_44,4498,13739.0,4753,14277.998,4897,14277.998,SRX9246208,lung multiciliated epithelial cell,CL:1000271,4498,13739.0,21.45716573258607,28.051532134798745,36.785792270179776,51.76504840235825,1497.0,10.895989,887.0,6.456074,0.0,0.0,4498,PRJNA667491,9,44,Cystic Fibrosis,ontology,cystic fibrosis,MONDO:0009061,True,False,,True,,MONDO:0009061,12,223049.0
SRX9246208_45,7140,40657.0,7447,42173.992,7803,42173.992,SRX9246208,respiratory tract goblet cell,CL:0002370,7140,40657.0,30.732715153602086,37.12029908748801,44.813931180362545,57.11685564601422,3515.0,8.645498,3267.0,8.035517,0.0,0.0,7140,PRJNA667491,60,45,Cystic Fibrosis,ontology,cystic fibrosis,MONDO:0009061,True,False,,True,,MONDO:0009061,34,655922.0
SRX9276291_26,2997,12231.0,3154,12497.999,3215,12497.997,SRX9276291,macrophage,CL:0000235,2997,12231.0,32.23775652031723,42.62120840487286,54.33733954705258,69.65906303654647,97.0,0.7930668,1436.0,11.740659,0.0,0.0,2997,PRJNA668609,39,26,Interstitial Lung Disease,disease_text,systemic sclerosis,MONDO:0005100,True,False,,True,,MONDO:0005100,10,82746.0
SRX9276291_9,1894,7209.0,1981,7369.9995,2032,7369.9995,SRX9276291,macrophage,CL:0000235,1894,7209.0,42.62727146622278,52.58704397281176,63.712026633374954,77.69454848106534,173.0,2.399778,1150.0,15.952282,0.0,0.0,1894,PRJNA668609,39,9,Interstitial Lung Disease,disease_text,systemic sclerosis,MONDO:0005100,True,False,,True,,MONDO:0005100,12,81174.0
SRX9276292_14,964,2148.0,1026,2207.9995,1039,2207.9995,SRX9276292,adventitial cell,CL:0002503,964,2148.0,31.471135940409685,44.97206703910614,59.357541899441344,78.39851024208566,31.0,1.443203,539.0,25.09311,0.0,0.0,964,PRJNA668609,29,14,Interstitial Lung Disease,disease_text,systemic sclerosis,MONDO:0005100,True,False,,True,,MONDO:0005100,19,111303.0
SRX9276292_60,1880,4499.0,1970,4624.0,2012,4624.0,SRX9276292,pericyte,CL:0000669,1880,4499.0,32.05156701489219,39.764392087130474,49.98888641920427,66.52589464325406,24.0,0.5334519,295.0,6.5570126,0.0,0.0,1880,PRJNA668609,59,60,Interstitial Lung Disease,disease_text,systemic sclerosis,MONDO:0005100,True,False,,True,,MONDO:0005100,17,63481.0
SRX9276293_20,2009,4475.0,2133,4635.0,2171,4634.999,SRX9276293,basal cell,CL:0000646,2009,4475.0,26.59217877094972,38.391061452513966,49.47486033519553,64.71508379888267,140.0,3.1284916,1066.0,23.821228,0.0,0.0,2009,PRJNA668609,12,20,Interstitial Lung Disease,disease_text,systemic sclerosis,MONDO:0005100,True,False,,True,,MONDO:0005100,12,44965.0
SRX9276293_45,2669,9098.0,2824,9303.999,2870,9304.0,SRX9276293,respiratory tract goblet cell,CL:0002370,2669,9098.0,48.966805891404704,55.02308199604309,62.17850076939987,72.09276764123983,47.0,0.51659703,1037.0,11.398109,0.0,0.0,2669,PRJNA668609,12,45,Interstitial Lung Disease,disease_text,systemic sclerosis,MONDO:0005100,True,False,,True,,MONDO:0005100,12,86706.0
SRX9276308_36,1984,4256.0,2060,4390.0,2097,4389.9995,SRX9276308,vein endothelial cell,CL:0002543,1984,4256.0,22.697368421052634,31.508458646616543,42.43421052631579,60.6203007518797,82.0,1.9266917,448.0,10.526316,0.0,0.0,1984,PRJNA668609,16,36,IPF / Pulmonary Fibrosis,ontology,idiopathic pulmonary fibrosis,MONDO:0800504,True,False,,True,,MONDO:0800504,61,365665.0
SRX9276308_59,1578,2942.0,1669,3022.9998,1685,3022.9995,SRX9276308,endothelial cell of lymphatic vessel,CL:0002138,1578,2942.0,23.89530931339225,32.800815771583956,44.01767505098572,63.35825968728756,15.0,0.50985724,472.0,16.043509,0.0,0.0,1578,PRJNA668609,15,59,IPF / Pulmonary Fibrosis,ontology,idiopathic pulmonary fibrosis,MONDO:0800504,True,False,,True,,MONDO:0800504,15,65792.0
SRX9276312_8,4559,25260.0,4805,25948.0,4913,25948.008,SRX9276312,pulmonary alveolar type 2 cell,CL:0002063,4559,25260.0,37.593032462391136,48.45605700712589,57.8147268408551,69.04592240696755,229.0,0.9065716,5173.0,20.479017,0.0,0.0,4559,PRJNA668609,26,8,Other,missing_ontology,,,False,True,explicitControl,True,,,26,444777.0
SRX9276315_31,2649,7621.0,2819,7871.001,2865,7871.001,SRX9276315,basal cell,CL:0000646,2649,7621.0,27.699776932161136,39.16808817740454,50.20338538249574,64.95210602283164,139.0,1.8239075,1600.0,20.99462,0.0,0.0,2649,PRJNA668609,17,31,Interstitial Lung Disease,disease_text,systemic sclerosis,MONDO:0005100,True,False,,True,,MONDO:0005100,27,188439.0
SRX9276315_44,6776,23139.0,7090,23836.002,7298,23836.018,SRX9276315,lung multiciliated epithelial cell,CL:1000271,6776,23139.0,11.889018540127058,17.606638143394267,25.532650503478976,39.96715501966377,396.0,1.7113963,1224.0,5.2897706,0.0,0.0,6776,PRJNA668609,8,44,Interstitial Lung Disease,disease_text,systemic sclerosis,MONDO:0005100,True,False,,True,,MONDO:0005100,24,123971.0
SRX9276315_45,1785,7491.0,1909,7610.002,1931,7610.0015,SRX9276315,respiratory tract goblet cell,CL:0002370,1785,7491.0,65.69216393004939,69.64357228674409,74.47603791216126,82.8460819650247,73.0,0.9745027,391.0,5.219597,0.0,0.0,1785,PRJNA668609,12,45,Interstitial Lung Disease,disease_text,systemic sclerosis,MONDO:0005100,True,False,,True,,MONDO:0005100,17,108809.0
SRX9276316_45,2156,4720.0,2270,4860.0,2306,4860.0,SRX9276316,respiratory tract goblet cell,CL:0002370,2156,4720.0,25.127118644067796,34.21610169491525,44.57627118644068,60.57203389830509,40.0,0.84745765,686.0,14.533898,0.0,0.0,2156,PRJNA668609,12,45,Interstitial Lung Disease,disease_text,systemic sclerosis,MONDO:0005100,True,False,,True,,MONDO:0005100,10,54334.0
SRX9276318_36,2649,7649.0,2770,7864.0015,2824,7864.002,SRX9276318,vein endothelial cell,CL:0002543,2649,7649.0,29.480977905608576,40.54124722185907,50.97398352725847,65.38109556804811,97.0,1.2681397,1985.0,25.951105,0.0,0.0,2649,PRJNA668609,16,36,Interstitial Lung Disease,disease_text,systemic sclerosis,MONDO:0005100,True,False,,True,,MONDO:0005100,63,396255.0
SRX9276321_6,824,1592.0,886,1658.9998,912,1658.9999,SRX9276321,B cell,CL:0000236,824,1592.0,34.17085427135678,46.92211055276382,60.61557788944724,79.64824120603015,15.0,0.94221103,475.0,29.836685,0.0,0.0,824,PRJNA668609,1,6,IPF / Pulmonary Fibrosis,ontology,idiopathic pulmonary fibrosis,MONDO:0800504,True,False,,True,,MONDO:0800504,10,17735.0
SRX9276323_20,603,858.0,640,881.9999,644,881.9999,SRX9276323,basal cell,CL:0000646,603,858.0,30.186480186480185,41.375291375291376,53.03030303030303,87.99533799533799,108.0,12.587413,19.0,2.2144523,0.0,0.0,603,PRJNA668609,12,20,IPF / Pulmonary Fibrosis,ontology,idiopathic pulmonary fibrosis,MONDO:0800504,True,False,,True,,MONDO:0800504,16,73518.0
SRX9276323_44,2347,4146.0,2496,4275.0,2527,4274.9995,SRX9276323,lung multiciliated epithelial cell,CL:1000271,2347,4146.0,17.26965750120598,23.733719247467437,32.82682103232031,50.16883743367101,194.0,4.6792088,288.0,6.946454,0.0,0.0,2347,PRJNA668609,8,44,IPF / Pulmonary Fibrosis,ontology,idiopathic pulmonary fibrosis,MONDO:0800504,True,False,,True,,MONDO:0800504,15,97247.0
SRX9276323_45,1320,2729.0,1406,2806.0,1419,2806.0,SRX9276323,respiratory tract goblet cell,CL:0002370,1320,2729.0,34.95786002198608,43.642359838768776,53.7925980212532,69.9523635031147,225.0,8.244779,312.0,11.432759,0.0,0.0,1320,PRJNA668609,12,45,IPF / Pulmonary Fibrosis,ontology,idiopathic pulmonary fibrosis,MONDO:0800504,True,False,,True,,MONDO:0800504,25,285144.0
SRX9276324_36,1461,2653.0,1536,2726.0002,1550,2726.0002,SRX9276324,endothelial cell of artery,CL:1000413,1461,2653.0,29.13682623445156,36.7885412740294,46.73954014323407,63.77685638899359,16.0,0.6030908,128.0,4.8247266,0.0,0.0,1461,PRJNA668609,16,36,IPF / Pulmonary Fibrosis,ontology,idiopathic pulmonary fibrosis,MONDO:0800504,True,False,,True,,MONDO:0800504,44,131666.0
SRX9276325_26,2876,9581.0,3031,9794.999,3079,9795.0,SRX9276325,macrophage,CL:0000235,2876,9581.0,29.99686880283895,39.51570817242459,50.506210207702736,66.01607347876005,151.0,1.5760359,1033.0,10.781755,0.0,0.0,2876,PRJNA668609,39,26,IPF / Pulmonary Fibrosis,ontology,idiopathic pulmonary fibrosis,MONDO:0800504,True,False,,True,,MONDO:0800504,17,63331.0
SRX9276327_14,1786,3882.0,1919,4012.9993,1953,4012.9983,SRX9276327,adventitial cell,CL:0002503,1786,3882.0,24.832560535806287,35.522926326635755,47.655847501287994,65.48171045852654,64.0,1.6486347,677.0,17.439465,0.0,0.0,1786,PRJNA668609,29,14,Other,missing_ontology,,,False,True,explicitControl,True,,,20,72908.0
SRX9276331_8,1563,4172.0,1649,4263.0,1674,4263.0005,SRX9276331,pulmonary alveolar type 2 cell,CL:0002063,1563,4172.0,38.710450623202306,48.20230105465005,59.10834132310643,74.52061361457335,33.0,0.79098755,700.0,16.778524,0.0,0.0,1563,PRJNA668609,26,8,Other,missing_ontology,,,False,True,explicitControl,True,,,11,45132.0
SRX9276331_9,1144,2498.0,1213,2559.9998,1236,2559.9998,SRX9276331,macrophage,CL:0000235,1144,2498.0,34.267413931144915,44.55564451561249,57.04563650920736,74.21937550040032,29.0,1.1609287,410.0,16.41313,0.0,0.0,1144,PRJNA668609,49,9,Other,missing_ontology,,,False,True,explicitControl,True,,,10,21450.0
SRX9276336_26,1801,4646.0,1902,4767.9995,1939,4767.9995,SRX9276336,macrophage,CL:0000235,1801,4646.0,27.034007748600946,38.613861386138616,51.549720189410245,69.37150236762807,58.0,1.2483857,701.0,15.088248,0.0,0.0,1801,PRJNA668609,39,26,IPF / Pulmonary Fibrosis,ontology,idiopathic pulmonary fibrosis,MONDO:0800504,True,False,,True,,MONDO:0800504,11,38824.0
SRX9461573_20,4051,13607.0,4289,14060.999,4400,14060.998,SRX9461573,respiratory tract goblet cell,CL:0002370,4051,13607.0,37.0838538987286,43.10281472771368,50.14330859116632,61.453663555522894,813.0,5.974866,683.0,5.019475,0.0,0.0,4051,PRJNA675538,79,20,Other,missing_ontology,,,False,True,healthy,True,,,10,83364.0
SRX9461573_45,956,1899.0,1058,2007.0002,1076,2007.0005,SRX9461573,basal cell,CL:0000646,956,1899.0,31.174302264349656,42.65402843601896,56.02948920484465,75.98736176935229,113.0,5.9505005,286.0,15.060559,0.0,0.0,956,PRJNA675538,79,45,Other,missing_ontology,,,False,True,healthy,True,,,13,141359.0
SRX9461574_20,1165,1773.0,1248,1855.9998,1262,1855.9998,SRX9461574,basal cell,CL:0000646,1165,1773.0,22.89904117315285,31.415679639029893,42.69599548787366,62.49294980259448,30.0,1.6920474,143.0,8.065426,0.0,0.0,1165,PRJNA675538,79,20,Other,missing_ontology,,,False,True,healthy,True,,,23,111884.0
SRX9461574_21,540,921.0,571,963.0,582,962.99994,SRX9461574,basal cell,CL:0000646,540,921.0,38.54505971769815,49.9457111834962,63.08360477741585,95.65689467969598,13.0,1.4115093,158.0,17.155266,0.0,0.0,540,PRJNA675538,79,21,Other,missing_ontology,,,False,True,healthy,True,,,23,27416.0
SRX9461574_23,4998,23719.0,5273,24882.996,5400,24883.0,SRX9461574,basal cell,CL:0000646,4998,23719.0,32.79227623424259,41.15687845187402,50.76520932585691,63.919220877777306,628.0,2.6476665,3254.0,13.71896,0.0,0.0,4998,PRJNA675538,79,23,Other,missing_ontology,,,False,True,healthy,True,,,14,125590.0
SRX9461574_31,2962,7450.0,3153,7818.0,3222,7818.002,SRX9461574,basal cell,CL:0000646,2962,7450.0,26.684563758389263,33.87919463087248,42.83221476510067,57.852348993288594,49.0,0.6577181,621.0,8.33557,0.0,0.0,2962,PRJNA675538,79,31,Other,missing_ontology,,,False,True,healthy,True,,,20,143465.0
SRX9461574_43,1978,3944.0,2097,4103.0,2117,4103.0,SRX9461574,basal cell,CL:0000646,1978,3944.0,27.687626774847867,35.31947261663286,44.700811359026375,61.308316430020284,117.0,2.9665313,386.0,9.787019,0.0,0.0,1978,PRJNA675538,79,43,Other,missing_ontology,,,False,True,healthy,True,,,15,28465.0
SRX9461574_45,713,1233.0,777,1294.9999,783,1295.0,SRX9461574,basal cell,CL:0000646,713,1233.0,32.92781832927819,43.876723438767236,58.3941605839416,82.7250608272506,13.0,1.054339,199.0,16.139498,0.0,0.0,713,PRJNA675538,79,45,Other,missing_ontology,,,False,True,healthy,True,,,30,118060.0
SRX9461575_31,6015,28817.0,6293,29884.992,6468,29885.002,SRX9461575,basal cell,CL:0000646,6015,28817.0,29.98230211333588,38.33154041017455,46.79529444425165,58.60082590137766,1686.0,5.850713,3781.0,13.120728,0.0,0.0,6015,PRJNA675538,79,31,Other,missing_ontology,,,False,True,healthy,True,,,15,267634.0
SRX9816696_31,3480,9521.0,3656,9911.998,3734,9912.001,SRX9816696,basal cell,CL:0000646,3480,9521.0,24.09410776178973,33.89349858208172,43.65087700871757,57.38892973427161,762.0,8.003361,1318.0,13.843083,0.0,0.0,3480,PRJNA691041,67,31,Other,missing_ontology,,,False,True,healthy,True,,,37,688126.0
SRX9849883_17,6592,26098.0,6865,27335.998,7173,27336.006,SRX9849883,vein endothelial cell,CL:0002543,6592,26098.0,15.338340102689862,22.101310445244845,30.600045980534908,44.47467238868879,1459.0,5.590467,2376.0,9.104146,0.0,0.0,6592,PRJNA692173,30,17,Other,missing_ontology,,,False,True,explicitControl,True,,,13,246302.0
SRX9849883_36,4099,10080.0,4305,10574.001,4465,10574.004,SRX9849883,vein endothelial cell,CL:0002543,4099,10080.0,14.077380952380953,20.4265873015873,29.275793650793652,45.11904761904762,538.0,5.3373017,761.0,7.5496035,0.0,0.0,4099,PRJNA692173,30,36,Other,missing_ontology,,,False,True,explicitControl,True,,,54,695882.0
SRX9849883_59,5637,19457.0,5904,20383.006,6190,20383.014,SRX9849883,vein endothelial cell,CL:0002543,5637,19457.0,14.621986945572289,20.78943310890682,29.35190419900293,44.91442668448373,883.0,4.5382123,1110.0,5.7048874,0.0,0.0,5637,PRJNA692173,30,59,Other,missing_ontology,,,False,True,explicitControl,True,,,15,203030.0
SRX9849885_14,6513,31602.0,6815,33044.016,7128,33044.01,SRX9849885,vein endothelial cell,CL:0002543,6513,31602.0,22.925764192139738,30.85564204797165,39.46585659135498,52.34795266122397,2730.0,8.638694,3956.0,12.518194,0.0,0.0,6513,PRJNA692173,30,14,Other,missing_ontology,,,False,True,explicitControl,True,,,14,312974.0
SRX9849885_17,2192,3670.0,2320,3878.0,2366,3877.9993,SRX9849885,endothelial cell of artery,CL:1000413,2192,3670.0,15.776566757493187,23.405994550408717,33.02452316076294,51.03542234332426,134.0,3.6512263,417.0,11.362398,0.0,0.0,2192,PRJNA692173,30,17,Other,missing_ontology,,,False,True,explicitControl,True,,,10,215689.0
SRX9927818_0,1748,6324.0,1848,7858.0005,1902,7858.001,SRX9927818,B cell,CL:0000236,1748,6324.0,48.37128399746995,55.961416824794426,64.70588235294117,77.71979759645794,214.0,3.383934,57.0,0.9013283,0.0,0.0,1748,PRJNA694436,0,0,Lung Cancer,disease_text,lung neoplasm,MONDO:0021117,True,False,,True,,MONDO:0021117,21,328733.0
SRX9927818_1,1844,5958.0,1948,6255.0015,1997,6254.9995,SRX9927818,"CD4-positive, alpha-beta T cell",CL:0000624,1844,5958.0,29.305135951661633,42.84994964753273,56.982208794897616,73.3467606579389,248.0,4.162471,1414.0,23.732796,0.0,0.0,1844,PRJNA694436,4,1,Lung Cancer,disease_text,lung neoplasm,MONDO:0021117,True,False,,True,,MONDO:0021117,41,177591.0
SRX9927818_24,4849,28471.0,5069,29405.014,5286,29405.023,SRX9927818,macrophage,CL:0000235,4849,28471.0,25.218643532015033,34.88110709142636,46.26110779389555,62.544343366934775,569.0,1.9985248,1378.0,4.8400126,0.0,0.0,4849,PRJNA694436,39,24,Lung Cancer,disease_text,lung neoplasm,MONDO:0021117,True,False,,True,,MONDO:0021117,17,358107.0
SRX9927818_26,4669,23909.0,4882,24693.01,5046,24693.0,SRX9927818,macrophage,CL:0000235,4669,23909.0,29.90505667321929,38.75109791291982,48.228700489355475,63.1895938767828,633.0,2.6475387,1103.0,4.6133256,0.0,0.0,4669,PRJNA694436,39,26,Lung Cancer,disease_text,lung neoplasm,MONDO:0021117,True,False,,True,,MONDO:0021117,22,537690.0
SRX9927818_5,1908,4387.0,2024,4575.9995,2081,4575.9995,SRX9927818,"CD8-positive, alpha-beta T cell",CL:0000625,1908,4387.0,24.754957829952133,34.19193070435377,45.74880328242535,63.89332117620241,90.0,2.0515158,611.0,13.927513,0.0,0.0,1908,PRJNA694436,4,5,Lung Cancer,disease_text,lung neoplasm,MONDO:0021117,True,False,,True,,MONDO:0021117,24,96573.0
