position,srx,status,gs_uri,r2_key,md5,timestamp,error
1/1048,SRX19162061,failed,gs://arc-institute-virtual-cell-atlas/scbasecount/2026-01-12/h5ad/GeneFull/Homo_sapiens/SRX19162061.h5ad,arc-institute-virtual-cell-atlas/scbasecount/2026-01-12/h5ad/GeneFull/Homo_sapiens/SRX19162061.h5ad,,2026-07-30 14:53:14,OSError: Project was not passed and could not be determined from the environment.
2/1048,SRX19162060,failed,gs://arc-institute-virtual-cell-atlas/scbasecount/2026-01-12/h5ad/GeneFull/Homo_sapiens/SRX19162060.h5ad,arc-institute-virtual-cell-atlas/scbasecount/2026-01-12/h5ad/GeneFull/Homo_sapiens/SRX19162060.h5ad,,2026-07-30 14:53:14,OSError: Project was not passed and could not be determined from the environment.
3/1048,SRX19162058,failed,gs://arc-institute-virtual-cell-atlas/scbasecount/2026-01-12/h5ad/GeneFull/Homo_sapiens/SRX19162058.h5ad,arc-institute-virtual-cell-atlas/scbasecount/2026-01-12/h5ad/GeneFull/Homo_sapiens/SRX19162058.h5ad,,2026-07-30 14:53:14,OSError: Project was not passed and could not be determined from the environment.
4/1048,SRX19162062,failed,gs://arc-institute-virtual-cell-atlas/scbasecount/2026-01-12/h5ad/GeneFull/Homo_sapiens/SRX19162062.h5ad,arc-institute-virtual-cell-atlas/scbasecount/2026-01-12/h5ad/GeneFull/Homo_sapiens/SRX19162062.h5ad,,2026-07-30 14:53:14,OSError: Project was not passed and could not be determined from the environment.
5/1048,SRX19162064,failed,gs://arc-institute-virtual-cell-atlas/scbasecount/2026-01-12/h5ad/GeneFull/Homo_sapiens/SRX19162064.h5ad,arc-institute-virtual-cell-atlas/scbasecount/2026-01-12/h5ad/GeneFull/Homo_sapiens/SRX19162064.h5ad,,2026-07-30 14:53:14,OSError: Project was not passed and could not be determined from the environment.
6/1048,SRX19162063,failed,gs://arc-institute-virtual-cell-atlas/scbasecount/2026-01-12/h5ad/GeneFull/Homo_sapiens/SRX19162063.h5ad,arc-institute-virtual-cell-atlas/scbasecount/2026-01-12/h5ad/GeneFull/Homo_sapiens/SRX19162063.h5ad,,2026-07-30 14:53:14,OSError: Project was not passed and could not be determined from the environment.
7/1048,SRX19233502,failed,gs://arc-institute-virtual-cell-atlas/scbasecount/2026-01-12/h5ad/GeneFull/Homo_sapiens/SRX19233502.h5ad,arc-institute-virtual-cell-atlas/scbasecount/2026-01-12/h5ad/GeneFull/Homo_sapiens/SRX19233502.h5ad,,2026-07-30 14:53:14,OSError: Project was not passed and could not be determined from the environment.
8/1048,ERX11662380,failed,gs://arc-institute-virtual-cell-atlas/scbasecount/2026-01-12/h5ad/GeneFull/Homo_sapiens/ERX11662380.h5ad,arc-institute-virtual-cell-atlas/scbasecount/2026-01-12/h5ad/GeneFull/Homo_sapiens/ERX11662380.h5ad,,2026-07-30 14:53:14,OSError: Project was not passed and could not be determined from the environment.
9/1048,SRX19780691,failed,gs://arc-institute-virtual-cell-atlas/scbasecount/2026-01-12/h5ad/GeneFull/Homo_sapiens/SRX19780691.h5ad,arc-institute-virtual-cell-atlas/scbasecount/2026-01-12/h5ad/GeneFull/Homo_sapiens/SRX19780691.h5ad,,2026-07-30 14:53:14,OSError: Project was not passed and could not be determined from the environment.
10/1048,SRX19780690,failed,gs://arc-institute-virtual-cell-atlas/scbasecount/2026-01-12/h5ad/GeneFull/Homo_sapiens/SRX19780690.h5ad,arc-institute-virtual-cell-atlas/scbasecount/2026-01-12/h5ad/GeneFull/Homo_sapiens/SRX19780690.h5ad,,2026-07-30 14:53:14,OSError: Project was not passed and could not be determined from the environment.
11/1048,SRX19780688,failed,gs://arc-institute-virtual-cell-atlas/scbasecount/2026-01-12/h5ad/GeneFull/Homo_sapiens/SRX19780688.h5ad,arc-institute-virtual-cell-atlas/scbasecount/2026-01-12/h5ad/GeneFull/Homo_sapiens/SRX19780688.h5ad,,2026-07-30 14:53:14,OSError: Project was not passed and could not be determined from the environment.
12/1048,SRX19780694,failed,gs://arc-institute-virtual-cell-atlas/scbasecount/2026-01-12/h5ad/GeneFull/Homo_sapiens/SRX19780694.h5ad,arc-institute-virtual-cell-atlas/scbasecount/2026-01-12/h5ad/GeneFull/Homo_sapiens/SRX19780694.h5ad,,2026-07-30 14:53:14,OSError: Project was not passed and could not be determined from the environment.
13/1048,SRX19162057,failed,gs://arc-institute-virtual-cell-atlas/scbasecount/2026-01-12/h5ad/GeneFull/Homo_sapiens/SRX19162057.h5ad,arc-institute-virtual-cell-atlas/scbasecount/2026-01-12/h5ad/GeneFull/Homo_sapiens/SRX19162057.h5ad,,2026-07-30 14:53:14,OSError: Project was not passed and could not be determined from the environment.
14/1048,SRX18965987,failed,gs://arc-institute-virtual-cell-atlas/scbasecount/2026-01-12/h5ad/GeneFull/Homo_sapiens/SRX18965987.h5ad,arc-institute-virtual-cell-atlas/scbasecount/2026-01-12/h5ad/GeneFull/Homo_sapiens/SRX18965987.h5ad,,2026-07-30 14:53:14,OSError: Project was not passed and could not be determined from the environment.
15/1048,SRX23886062,failed,gs://arc-institute-virtual-cell-atlas/scbasecount/2026-01-12/h5ad/GeneFull/Homo_sapiens/SRX23886062.h5ad,arc-institute-virtual-cell-atlas/scbasecount/2026-01-12/h5ad/GeneFull/Homo_sapiens/SRX23886062.h5ad,,2026-07-30 14:53:14,OSError: Project was not passed and could not be determined from the environment.
16/1048,SRX23886064,failed,gs://arc-institute-virtual-cell-atlas/scbasecount/2026-01-12/h5ad/GeneFull/Homo_sapiens/SRX23886064.h5ad,arc-institute-virtual-cell-atlas/scbasecount/2026-01-12/h5ad/GeneFull/Homo_sapiens/SRX23886064.h5ad,,2026-07-30 14:53:14,OSError: Project was not passed and could not be determined from the environment.
17/1048,SRX23886065,failed,gs://arc-institute-virtual-cell-atlas/scbasecount/2026-01-12/h5ad/GeneFull/Homo_sapiens/SRX23886065.h5ad,arc-institute-virtual-cell-atlas/scbasecount/2026-01-12/h5ad/GeneFull/Homo_sapiens/SRX23886065.h5ad,,2026-07-30 14:53:14,OSError: Project was not passed and could not be determined from the environment.
18/1048,SRX23886063,failed,gs://arc-institute-virtual-cell-atlas/scbasecount/2026-01-12/h5ad/GeneFull/Homo_sapiens/SRX23886063.h5ad,arc-institute-virtual-cell-atlas/scbasecount/2026-01-12/h5ad/GeneFull/Homo_sapiens/SRX23886063.h5ad,,2026-07-30 14:53:14,OSError: Project was not passed and could not be determined from the environment.
19/1048,SRX23886061,failed,gs://arc-institute-virtual-cell-atlas/scbasecount/2026-01-12/h5ad/GeneFull/Homo_sapiens/SRX23886061.h5ad,arc-institute-virtual-cell-atlas/scbasecount/2026-01-12/h5ad/GeneFull/Homo_sapiens/SRX23886061.h5ad,,2026-07-30 14:53:14,OSError: Project was not passed and could not be determined from the environment.
20/1048,SRX23886066,failed,gs://arc-institute-virtual-cell-atlas/scbasecount/2026-01-12/h5ad/GeneFull/Homo_sapiens/SRX23886066.h5ad,arc-institute-virtual-cell-atlas/scbasecount/2026-01-12/h5ad/GeneFull/Homo_sapiens/SRX23886066.h5ad,,2026-07-30 14:53:14,OSError: Project was not passed and could not be determined from the environment.
21/1048,SRX23907174,failed,gs://arc-institute-virtual-cell-atlas/scbasecount/2026-01-12/h5ad/GeneFull/Homo_sapiens/SRX23907174.h5ad,arc-institute-virtual-cell-atlas/scbasecount/2026-01-12/h5ad/GeneFull/Homo_sapiens/SRX23907174.h5ad,,2026-07-30 14:53:14,OSError: Project was not passed and could not be determined from the environment.
22/1048,ERX11876766,failed,gs://arc-institute-virtual-cell-atlas/scbasecount/2026-01-12/h5ad/GeneFull/Homo_sapiens/ERX11876766.h5ad,arc-institute-virtual-cell-atlas/scbasecount/2026-01-12/h5ad/GeneFull/Homo_sapiens/ERX11876766.h5ad,,2026-07-30 14:53:14,OSError: Project was not passed and could not be determined from the environment.
23/1048,SRX24476193,failed,gs://arc-institute-virtual-cell-atlas/scbasecount/2026-01-12/h5ad/GeneFull/Homo_sapiens/SRX24476193.h5ad,arc-institute-virtual-cell-atlas/scbasecount/2026-01-12/h5ad/GeneFull/Homo_sapiens/SRX24476193.h5ad,,2026-07-30 14:53:14,OSError: Project was not passed and could not be determined from the environment.
24/1048,SRX26524302,failed,gs://arc-institute-virtual-cell-atlas/scbasecount/2026-01-12/h5ad/GeneFull/Homo_sapiens/SRX26524302.h5ad,arc-institute-virtual-cell-atlas/scbasecount/2026-01-12/h5ad/GeneFull/Homo_sapiens/SRX26524302.h5ad,,2026-07-30 14:53:14,OSError: Project was not passed and could not be determined from the environment.
25/1048,SRX27123183,failed,gs://arc-institute-virtual-cell-atlas/scbasecount/2026-01-12/h5ad/GeneFull/Homo_sapiens/SRX27123183.h5ad,arc-institute-virtual-cell-atlas/scbasecount/2026-01-12/h5ad/GeneFull/Homo_sapiens/SRX27123183.h5ad,,2026-07-30 14:53:14,OSError: Project was not passed and could not be determined from the environment.
26/1048,SRX26524301,failed,gs://arc-institute-virtual-cell-atlas/scbasecount/2026-01-12/h5ad/GeneFull/Homo_sapiens/SRX26524301.h5ad,arc-institute-virtual-cell-atlas/scbasecount/2026-01-12/h5ad/GeneFull/Homo_sapiens/SRX26524301.h5ad,,2026-07-30 14:53:14,OSError: Project was not passed and could not be determined from the environment.
27/1048,SRX25319045,failed,gs://arc-institute-virtual-cell-atlas/scbasecount/2026-01-12/h5ad/GeneFull/Homo_sapiens/SRX25319045.h5ad,arc-institute-virtual-cell-atlas/scbasecount/2026-01-12/h5ad/GeneFull/Homo_sapiens/SRX25319045.h5ad,,2026-07-30 14:53:14,OSError: Project was not passed and could not be determined from the environment.
28/1048,SRX26487588,failed,gs://arc-institute-virtual-cell-atlas/scbasecount/2026-01-12/h5ad/GeneFull/Homo_sapiens/SRX26487588.h5ad,arc-institute-virtual-cell-atlas/scbasecount/2026-01-12/h5ad/GeneFull/Homo_sapiens/SRX26487588.h5ad,,2026-07-30 14:53:14,OSError: Project was not passed and could not be determined from the environment.
29/1048,SRX19907929,failed,gs://arc-institute-virtual-cell-atlas/scbasecount/2026-01-12/h5ad/GeneFull/Homo_sapiens/SRX19907929.h5ad,arc-institute-virtual-cell-atlas/scbasecount/2026-01-12/h5ad/GeneFull/Homo_sapiens/SRX19907929.h5ad,,2026-07-30 14:53:14,OSError: Project was not passed and could not be determined from the environment.
30/1048,SRX26524299,failed,gs://arc-institute-virtual-cell-atlas/scbasecount/2026-01-12/h5ad/GeneFull/Homo_sapiens/SRX26524299.h5ad,arc-institute-virtual-cell-atlas/scbasecount/2026-01-12/h5ad/GeneFull/Homo_sapiens/SRX26524299.h5ad,,2026-07-30 14:53:14,OSError: Project was not passed and could not be determined from the environment.
31/1048,SRX25261711,failed,gs://arc-institute-virtual-cell-atlas/scbasecount/2026-01-12/h5ad/GeneFull/Homo_sapiens/SRX25261711.h5ad,arc-institute-virtual-cell-atlas/scbasecount/2026-01-12/h5ad/GeneFull/Homo_sapiens/SRX25261711.h5ad,,2026-07-30 14:53:14,OSError: Project was not passed and could not be determined from the environment.
32/1048,SRX25319046,failed,gs://arc-institute-virtual-cell-atlas/scbasecount/2026-01-12/h5ad/GeneFull/Homo_sapiens/SRX25319046.h5ad,arc-institute-virtual-cell-atlas/scbasecount/2026-01-12/h5ad/GeneFull/Homo_sapiens/SRX25319046.h5ad,,2026-07-30 14:53:14,OSError: Project was not passed and could not be determined from the environment.
33/1048,SRX25319040,failed,gs://arc-institute-virtual-cell-atlas/scbasecount/2026-01-12/h5ad/GeneFull/Homo_sapiens/SRX25319040.h5ad,arc-institute-virtual-cell-atlas/scbasecount/2026-01-12/h5ad/GeneFull/Homo_sapiens/SRX25319040.h5ad,,2026-07-30 14:53:14,OSError: Project was not passed and could not be determined from the environment.
34/1048,SRX25363536,failed,gs://arc-institute-virtual-cell-atlas/scbasecount/2026-01-12/h5ad/GeneFull/Homo_sapiens/SRX25363536.h5ad,arc-institute-virtual-cell-atlas/scbasecount/2026-01-12/h5ad/GeneFull/Homo_sapiens/SRX25363536.h5ad,,2026-07-30 14:53:14,OSError: Project was not passed and could not be determined from the environment.
35/1048,SRX23457976,failed,gs://arc-institute-virtual-cell-atlas/scbasecount/2026-01-12/h5ad/GeneFull/Homo_sapiens/SRX23457976.h5ad,arc-institute-virtual-cell-atlas/scbasecount/2026-01-12/h5ad/GeneFull/Homo_sapiens/SRX23457976.h5ad,,2026-07-30 14:53:14,OSError: Project was not passed and could not be determined from the environment.
36/1048,SRX20221196,failed,gs://arc-institute-virtual-cell-atlas/scbasecount/2026-01-12/h5ad/GeneFull/Homo_sapiens/SRX20221196.h5ad,arc-institute-virtual-cell-atlas/scbasecount/2026-01-12/h5ad/GeneFull/Homo_sapiens/SRX20221196.h5ad,,2026-07-30 14:53:14,OSError: Project was not passed and could not be determined from the environment.
37/1048,SRX21460121,failed,gs://arc-institute-virtual-cell-atlas/scbasecount/2026-01-12/h5ad/GeneFull/Homo_sapiens/SRX21460121.h5ad,arc-institute-virtual-cell-atlas/scbasecount/2026-01-12/h5ad/GeneFull/Homo_sapiens/SRX21460121.h5ad,,2026-07-30 14:53:14,OSError: Project was not passed and could not be determined from the environment.
38/1048,SRX20811753,failed,gs://arc-institute-virtual-cell-atlas/scbasecount/2026-01-12/h5ad/GeneFull/Homo_sapiens/SRX20811753.h5ad,arc-institute-virtual-cell-atlas/scbasecount/2026-01-12/h5ad/GeneFull/Homo_sapiens/SRX20811753.h5ad,,2026-07-30 14:53:14,OSError: Project was not passed and could not be determined from the environment.
39/1048,SRX25363533,failed,gs://arc-institute-virtual-cell-atlas/scbasecount/2026-01-12/h5ad/GeneFull/Homo_sapiens/SRX25363533.h5ad,arc-institute-virtual-cell-atlas/scbasecount/2026-01-12/h5ad/GeneFull/Homo_sapiens/SRX25363533.h5ad,,2026-07-30 14:53:14,OSError: Project was not passed and could not be determined from the environment.
40/1048,SRX24312776,failed,gs://arc-institute-virtual-cell-atlas/scbasecount/2026-01-12/h5ad/GeneFull/Homo_sapiens/SRX24312776.h5ad,arc-institute-virtual-cell-atlas/scbasecount/2026-01-12/h5ad/GeneFull/Homo_sapiens/SRX24312776.h5ad,,2026-07-30 14:53:14,OSError: Project was not passed and could not be determined from the environment.
41/1048,SRX25261767,failed,gs://arc-institute-virtual-cell-atlas/scbasecount/2026-01-12/h5ad/GeneFull/Homo_sapiens/SRX25261767.h5ad,arc-institute-virtual-cell-atlas/scbasecount/2026-01-12/h5ad/GeneFull/Homo_sapiens/SRX25261767.h5ad,,2026-07-30 14:53:14,OSError: Project was not passed and could not be determined from the environment.
42/1048,SRX25319037,failed,gs://arc-institute-virtual-cell-atlas/scbasecount/2026-01-12/h5ad/GeneFull/Homo_sapiens/SRX25319037.h5ad,arc-institute-virtual-cell-atlas/scbasecount/2026-01-12/h5ad/GeneFull/Homo_sapiens/SRX25319037.h5ad,,2026-07-30 14:53:14,OSError: Project was not passed and could not be determined from the environment.
43/1048,SRX23457979,failed,gs://arc-institute-virtual-cell-atlas/scbasecount/2026-01-12/h5ad/GeneFull/Homo_sapiens/SRX23457979.h5ad,arc-institute-virtual-cell-atlas/scbasecount/2026-01-12/h5ad/GeneFull/Homo_sapiens/SRX23457979.h5ad,,2026-07-30 14:53:14,OSError: Project was not passed and could not be determined from the environment.
44/1048,SRX22146400,failed,gs://arc-institute-virtual-cell-atlas/scbasecount/2026-01-12/h5ad/GeneFull/Homo_sapiens/SRX22146400.h5ad,arc-institute-virtual-cell-atlas/scbasecount/2026-01-12/h5ad/GeneFull/Homo_sapiens/SRX22146400.h5ad,,2026-07-30 14:53:14,OSError: Project was not passed and could not be determined from the environment.
45/1048,SRX25595936,failed,gs://arc-institute-virtual-cell-atlas/scbasecount/2026-01-12/h5ad/GeneFull/Homo_sapiens/SRX25595936.h5ad,arc-institute-virtual-cell-atlas/scbasecount/2026-01-12/h5ad/GeneFull/Homo_sapiens/SRX25595936.h5ad,,2026-07-30 14:53:14,OSError: Project was not passed and could not be determined from the environment.
46/1048,SRX19907928,failed,gs://arc-institute-virtual-cell-atlas/scbasecount/2026-01-12/h5ad/GeneFull/Homo_sapiens/SRX19907928.h5ad,arc-institute-virtual-cell-atlas/scbasecount/2026-01-12/h5ad/GeneFull/Homo_sapiens/SRX19907928.h5ad,,2026-07-30 14:53:14,OSError: Project was not passed and could not be determined from the environment.
47/1048,SRX24312774,failed,gs://arc-institute-virtual-cell-atlas/scbasecount/2026-01-12/h5ad/GeneFull/Homo_sapiens/SRX24312774.h5ad,arc-institute-virtual-cell-atlas/scbasecount/2026-01-12/h5ad/GeneFull/Homo_sapiens/SRX24312774.h5ad,,2026-07-30 14:53:14,OSError: Project was not passed and could not be determined from the environment.
48/1048,SRX23902410,failed,gs://arc-institute-virtual-cell-atlas/scbasecount/2026-01-12/h5ad/GeneFull/Homo_sapiens/SRX23902410.h5ad,arc-institute-virtual-cell-atlas/scbasecount/2026-01-12/h5ad/GeneFull/Homo_sapiens/SRX23902410.h5ad,,2026-07-30 14:53:14,OSError: Project was not passed and could not be determined from the environment.
49/1048,SRX21311406,failed,gs://arc-institute-virtual-cell-atlas/scbasecount/2026-01-12/h5ad/GeneFull/Homo_sapiens/SRX21311406.h5ad,arc-institute-virtual-cell-atlas/scbasecount/2026-01-12/h5ad/GeneFull/Homo_sapiens/SRX21311406.h5ad,,2026-07-30 14:53:14,OSError: Project was not passed and could not be determined from the environment.
50/1048,SRX25261713,failed,gs://arc-institute-virtual-cell-atlas/scbasecount/2026-01-12/h5ad/GeneFull/Homo_sapiens/SRX25261713.h5ad,arc-institute-virtual-cell-atlas/scbasecount/2026-01-12/h5ad/GeneFull/Homo_sapiens/SRX25261713.h5ad,,2026-07-30 14:53:14,OSError: Project was not passed and could not be determined from the environment.
51/1048,SRX25319041,failed,gs://arc-institute-virtual-cell-atlas/scbasecount/2026-01-12/h5ad/GeneFull/Homo_sapiens/SRX25319041.h5ad,arc-institute-virtual-cell-atlas/scbasecount/2026-01-12/h5ad/GeneFull/Homo_sapiens/SRX25319041.h5ad,,2026-07-30 14:53:14,OSError: Project was not passed and could not be determined from the environment.
52/1048,SRX25261764,failed,gs://arc-institute-virtual-cell-atlas/scbasecount/2026-01-12/h5ad/GeneFull/Homo_sapiens/SRX25261764.h5ad,arc-institute-virtual-cell-atlas/scbasecount/2026-01-12/h5ad/GeneFull/Homo_sapiens/SRX25261764.h5ad,,2026-07-30 14:53:14,OSError: Project was not passed and could not be determined from the environment.
53/1048,SRX20221195,failed,gs://arc-institute-virtual-cell-atlas/scbasecount/2026-01-12/h5ad/GeneFull/Homo_sapiens/SRX20221195.h5ad,arc-institute-virtual-cell-atlas/scbasecount/2026-01-12/h5ad/GeneFull/Homo_sapiens/SRX20221195.h5ad,,2026-07-30 14:53:14,OSError: Project was not passed and could not be determined from the environment.
54/1048,SRX24312786,failed,gs://arc-institute-virtual-cell-atlas/scbasecount/2026-01-12/h5ad/GeneFull/Homo_sapiens/SRX24312786.h5ad,arc-institute-virtual-cell-atlas/scbasecount/2026-01-12/h5ad/GeneFull/Homo_sapiens/SRX24312786.h5ad,,2026-07-30 14:53:14,OSError: Project was not passed and could not be determined from the environment.
55/1048,SRX22558191,failed,gs://arc-institute-virtual-cell-atlas/scbasecount/2026-01-12/h5ad/GeneFull/Homo_sapiens/SRX22558191.h5ad,arc-institute-virtual-cell-atlas/scbasecount/2026-01-12/h5ad/GeneFull/Homo_sapiens/SRX22558191.h5ad,,2026-07-30 14:53:14,OSError: Project was not passed and could not be determined from the environment.
56/1048,SRX25261736,failed,gs://arc-institute-virtual-cell-atlas/scbasecount/2026-01-12/h5ad/GeneFull/Homo_sapiens/SRX25261736.h5ad,arc-institute-virtual-cell-atlas/scbasecount/2026-01-12/h5ad/GeneFull/Homo_sapiens/SRX25261736.h5ad,,2026-07-30 14:53:14,OSError: Project was not passed and could not be determined from the environment.
57/1048,SRX22226507,failed,gs://arc-institute-virtual-cell-atlas/scbasecount/2026-01-12/h5ad/GeneFull/Homo_sapiens/SRX22226507.h5ad,arc-institute-virtual-cell-atlas/scbasecount/2026-01-12/h5ad/GeneFull/Homo_sapiens/SRX22226507.h5ad,,2026-07-30 14:53:14,OSError: Project was not passed and could not be determined from the environment.
58/1048,SRX20811764,failed,gs://arc-institute-virtual-cell-atlas/scbasecount/2026-01-12/h5ad/GeneFull/Homo_sapiens/SRX20811764.h5ad,arc-institute-virtual-cell-atlas/scbasecount/2026-01-12/h5ad/GeneFull/Homo_sapiens/SRX20811764.h5ad,,2026-07-30 14:53:14,OSError: Project was not passed and could not be determined from the environment.
59/1048,SRX22556482,failed,gs://arc-institute-virtual-cell-atlas/scbasecount/2026-01-12/h5ad/GeneFull/Homo_sapiens/SRX22556482.h5ad,arc-institute-virtual-cell-atlas/scbasecount/2026-01-12/h5ad/GeneFull/Homo_sapiens/SRX22556482.h5ad,,2026-07-30 14:53:14,OSError: Project was not passed and could not be determined from the environment.
60/1048,SRX24312779,failed,gs://arc-institute-virtual-cell-atlas/scbasecount/2026-01-12/h5ad/GeneFull/Homo_sapiens/SRX24312779.h5ad,arc-institute-virtual-cell-atlas/scbasecount/2026-01-12/h5ad/GeneFull/Homo_sapiens/SRX24312779.h5ad,,2026-07-30 14:53:14,OSError: Project was not passed and could not be determined from the environment.
61/1048,SRX22226506,failed,gs://arc-institute-virtual-cell-atlas/scbasecount/2026-01-12/h5ad/GeneFull/Homo_sapiens/SRX22226506.h5ad,arc-institute-virtual-cell-atlas/scbasecount/2026-01-12/h5ad/GeneFull/Homo_sapiens/SRX22226506.h5ad,,2026-07-30 14:53:14,OSError: Project was not passed and could not be determined from the environment.
62/1048,SRX22556483,failed,gs://arc-institute-virtual-cell-atlas/scbasecount/2026-01-12/h5ad/GeneFull/Homo_sapiens/SRX22556483.h5ad,arc-institute-virtual-cell-atlas/scbasecount/2026-01-12/h5ad/GeneFull/Homo_sapiens/SRX22556483.h5ad,,2026-07-30 14:53:14,OSError: Project was not passed and could not be determined from the environment.
63/1048,SRX22556485,failed,gs://arc-institute-virtual-cell-atlas/scbasecount/2026-01-12/h5ad/GeneFull/Homo_sapiens/SRX22556485.h5ad,arc-institute-virtual-cell-atlas/scbasecount/2026-01-12/h5ad/GeneFull/Homo_sapiens/SRX22556485.h5ad,,2026-07-30 14:53:14,OSError: Project was not passed and could not be determined from the environment.
64/1048,SRX22556484,failed,gs://arc-institute-virtual-cell-atlas/scbasecount/2026-01-12/h5ad/GeneFull/Homo_sapiens/SRX22556484.h5ad,arc-institute-virtual-cell-atlas/scbasecount/2026-01-12/h5ad/GeneFull/Homo_sapiens/SRX22556484.h5ad,,2026-07-30 14:53:14,OSError: Project was not passed and could not be determined from the environment.
65/1048,SRX22836419,failed,gs://arc-institute-virtual-cell-atlas/scbasecount/2026-01-12/h5ad/GeneFull/Homo_sapiens/SRX22836419.h5ad,arc-institute-virtual-cell-atlas/scbasecount/2026-01-12/h5ad/GeneFull/Homo_sapiens/SRX22836419.h5ad,,2026-07-30 14:53:14,OSError: Project was not passed and could not be determined from the environment.
66/1048,SRX23825227,failed,gs://arc-institute-virtual-cell-atlas/scbasecount/2026-01-12/h5ad/GeneFull/Homo_sapiens/SRX23825227.h5ad,arc-institute-virtual-cell-atlas/scbasecount/2026-01-12/h5ad/GeneFull/Homo_sapiens/SRX23825227.h5ad,,2026-07-30 14:53:14,OSError: Project was not passed and could not be determined from the environment.
67/1048,SRX17689202,failed,gs://arc-institute-virtual-cell-atlas/scbasecount/2026-01-12/h5ad/GeneFull/Homo_sapiens/SRX17689202.h5ad,arc-institute-virtual-cell-atlas/scbasecount/2026-01-12/h5ad/GeneFull/Homo_sapiens/SRX17689202.h5ad,,2026-07-30 14:53:14,OSError: Project was not passed and could not be determined from the environment.
68/1048,SRX23457975,failed,gs://arc-institute-virtual-cell-atlas/scbasecount/2026-01-12/h5ad/GeneFull/Homo_sapiens/SRX23457975.h5ad,arc-institute-virtual-cell-atlas/scbasecount/2026-01-12/h5ad/GeneFull/Homo_sapiens/SRX23457975.h5ad,,2026-07-30 14:53:14,OSError: Project was not passed and could not be determined from the environment.
69/1048,SRX19844845,failed,gs://arc-institute-virtual-cell-atlas/scbasecount/2026-01-12/h5ad/GeneFull/Homo_sapiens/SRX19844845.h5ad,arc-institute-virtual-cell-atlas/scbasecount/2026-01-12/h5ad/GeneFull/Homo_sapiens/SRX19844845.h5ad,,2026-07-30 14:53:14,OSError: Project was not passed and could not be determined from the environment.
70/1048,SRX19693841,failed,gs://arc-institute-virtual-cell-atlas/scbasecount/2026-01-12/h5ad/GeneFull/Homo_sapiens/SRX19693841.h5ad,arc-institute-virtual-cell-atlas/scbasecount/2026-01-12/h5ad/GeneFull/Homo_sapiens/SRX19693841.h5ad,,2026-07-30 14:53:14,OSError: Project was not passed and could not be determined from the environment.
71/1048,SRX19844816,failed,gs://arc-institute-virtual-cell-atlas/scbasecount/2026-01-12/h5ad/GeneFull/Homo_sapiens/SRX19844816.h5ad,arc-institute-virtual-cell-atlas/scbasecount/2026-01-12/h5ad/GeneFull/Homo_sapiens/SRX19844816.h5ad,,2026-07-30 14:53:14,OSError: Project was not passed and could not be determined from the environment.
72/1048,SRX23825224,failed,gs://arc-institute-virtual-cell-atlas/scbasecount/2026-01-12/h5ad/GeneFull/Homo_sapiens/SRX23825224.h5ad,arc-institute-virtual-cell-atlas/scbasecount/2026-01-12/h5ad/GeneFull/Homo_sapiens/SRX23825224.h5ad,,2026-07-30 14:53:14,OSError: Project was not passed and could not be determined from the environment.
73/1048,SRX19910919,failed,gs://arc-institute-virtual-cell-atlas/scbasecount/2026-01-12/h5ad/GeneFull/Homo_sapiens/SRX19910919.h5ad,arc-institute-virtual-cell-atlas/scbasecount/2026-01-12/h5ad/GeneFull/Homo_sapiens/SRX19910919.h5ad,,2026-07-30 14:53:14,OSError: Project was not passed and could not be determined from the environment.
74/1048,SRX19162052,failed,gs://arc-institute-virtual-cell-atlas/scbasecount/2026-01-12/h5ad/GeneFull/Homo_sapiens/SRX19162052.h5ad,arc-institute-virtual-cell-atlas/scbasecount/2026-01-12/h5ad/GeneFull/Homo_sapiens/SRX19162052.h5ad,,2026-07-30 14:53:14,OSError: Project was not passed and could not be determined from the environment.
75/1048,SRX25261716,failed,gs://arc-institute-virtual-cell-atlas/scbasecount/2026-01-12/h5ad/GeneFull/Homo_sapiens/SRX25261716.h5ad,arc-institute-virtual-cell-atlas/scbasecount/2026-01-12/h5ad/GeneFull/Homo_sapiens/SRX25261716.h5ad,,2026-07-30 14:53:14,OSError: Project was not passed and could not be determined from the environment.
76/1048,SRX19704174,failed,gs://arc-institute-virtual-cell-atlas/scbasecount/2026-01-12/h5ad/GeneFull/Homo_sapiens/SRX19704174.h5ad,arc-institute-virtual-cell-atlas/scbasecount/2026-01-12/h5ad/GeneFull/Homo_sapiens/SRX19704174.h5ad,,2026-07-30 14:53:14,OSError: Project was not passed and could not be determined from the environment.
77/1048,SRX19693843,failed,gs://arc-institute-virtual-cell-atlas/scbasecount/2026-01-12/h5ad/GeneFull/Homo_sapiens/SRX19693843.h5ad,arc-institute-virtual-cell-atlas/scbasecount/2026-01-12/h5ad/GeneFull/Homo_sapiens/SRX19693843.h5ad,,2026-07-30 14:53:14,OSError: Project was not passed and could not be determined from the environment.
78/1048,SRX22834769,failed,gs://arc-institute-virtual-cell-atlas/scbasecount/2026-01-12/h5ad/GeneFull/Homo_sapiens/SRX22834769.h5ad,arc-institute-virtual-cell-atlas/scbasecount/2026-01-12/h5ad/GeneFull/Homo_sapiens/SRX22834769.h5ad,,2026-07-30 14:53:14,OSError: Project was not passed and could not be determined from the environment.
79/1048,SRX25319038,failed,gs://arc-institute-virtual-cell-atlas/scbasecount/2026-01-12/h5ad/GeneFull/Homo_sapiens/SRX25319038.h5ad,arc-institute-virtual-cell-atlas/scbasecount/2026-01-12/h5ad/GeneFull/Homo_sapiens/SRX25319038.h5ad,,2026-07-30 14:53:14,OSError: Project was not passed and could not be determined from the environment.
80/1048,SRX23386174,failed,gs://arc-institute-virtual-cell-atlas/scbasecount/2026-01-12/h5ad/GeneFull/Homo_sapiens/SRX23386174.h5ad,arc-institute-virtual-cell-atlas/scbasecount/2026-01-12/h5ad/GeneFull/Homo_sapiens/SRX23386174.h5ad,,2026-07-30 14:53:14,OSError: Project was not passed and could not be determined from the environment.
81/1048,SRX21460107,failed,gs://arc-institute-virtual-cell-atlas/scbasecount/2026-01-12/h5ad/GeneFull/Homo_sapiens/SRX21460107.h5ad,arc-institute-virtual-cell-atlas/scbasecount/2026-01-12/h5ad/GeneFull/Homo_sapiens/SRX21460107.h5ad,,2026-07-30 14:53:14,OSError: Project was not passed and could not be determined from the environment.
82/1048,SRX20180656,failed,gs://arc-institute-virtual-cell-atlas/scbasecount/2026-01-12/h5ad/GeneFull/Homo_sapiens/SRX20180656.h5ad,arc-institute-virtual-cell-atlas/scbasecount/2026-01-12/h5ad/GeneFull/Homo_sapiens/SRX20180656.h5ad,,2026-07-30 14:53:14,OSError: Project was not passed and could not be determined from the environment.
83/1048,SRX19910925,failed,gs://arc-institute-virtual-cell-atlas/scbasecount/2026-01-12/h5ad/GeneFull/Homo_sapiens/SRX19910925.h5ad,arc-institute-virtual-cell-atlas/scbasecount/2026-01-12/h5ad/GeneFull/Homo_sapiens/SRX19910925.h5ad,,2026-07-30 14:53:14,OSError: Project was not passed and could not be determined from the environment.
84/1048,SRX25363534,failed,gs://arc-institute-virtual-cell-atlas/scbasecount/2026-01-12/h5ad/GeneFull/Homo_sapiens/SRX25363534.h5ad,arc-institute-virtual-cell-atlas/scbasecount/2026-01-12/h5ad/GeneFull/Homo_sapiens/SRX25363534.h5ad,,2026-07-30 14:53:14,OSError: Project was not passed and could not be determined from the environment.
85/1048,SRX21460120,failed,gs://arc-institute-virtual-cell-atlas/scbasecount/2026-01-12/h5ad/GeneFull/Homo_sapiens/SRX21460120.h5ad,arc-institute-virtual-cell-atlas/scbasecount/2026-01-12/h5ad/GeneFull/Homo_sapiens/SRX21460120.h5ad,,2026-07-30 14:53:14,OSError: Project was not passed and could not be determined from the environment.
86/1048,SRX18235832,failed,gs://arc-institute-virtual-cell-atlas/scbasecount/2026-01-12/h5ad/GeneFull/Homo_sapiens/SRX18235832.h5ad,arc-institute-virtual-cell-atlas/scbasecount/2026-01-12/h5ad/GeneFull/Homo_sapiens/SRX18235832.h5ad,,2026-07-30 14:53:14,OSError: Project was not passed and could not be determined from the environment.
87/1048,SRX23457978,failed,gs://arc-institute-virtual-cell-atlas/scbasecount/2026-01-12/h5ad/GeneFull/Homo_sapiens/SRX23457978.h5ad,arc-institute-virtual-cell-atlas/scbasecount/2026-01-12/h5ad/GeneFull/Homo_sapiens/SRX23457978.h5ad,,2026-07-30 14:53:14,OSError: Project was not passed and could not be determined from the environment.
88/1048,SRX19162053,failed,gs://arc-institute-virtual-cell-atlas/scbasecount/2026-01-12/h5ad/GeneFull/Homo_sapiens/SRX19162053.h5ad,arc-institute-virtual-cell-atlas/scbasecount/2026-01-12/h5ad/GeneFull/Homo_sapiens/SRX19162053.h5ad,,2026-07-30 14:53:14,OSError: Project was not passed and could not be determined from the environment.
89/1048,SRX26487570,failed,gs://arc-institute-virtual-cell-atlas/scbasecount/2026-01-12/h5ad/GeneFull/Homo_sapiens/SRX26487570.h5ad,arc-institute-virtual-cell-atlas/scbasecount/2026-01-12/h5ad/GeneFull/Homo_sapiens/SRX26487570.h5ad,,2026-07-30 14:53:14,OSError: Project was not passed and could not be determined from the environment.
90/1048,SRX23457980,failed,gs://arc-institute-virtual-cell-atlas/scbasecount/2026-01-12/h5ad/GeneFull/Homo_sapiens/SRX23457980.h5ad,arc-institute-virtual-cell-atlas/scbasecount/2026-01-12/h5ad/GeneFull/Homo_sapiens/SRX23457980.h5ad,,2026-07-30 14:53:14,OSError: Project was not passed and could not be determined from the environment.
91/1048,SRX23115055,failed,gs://arc-institute-virtual-cell-atlas/scbasecount/2026-01-12/h5ad/GeneFull/Homo_sapiens/SRX23115055.h5ad,arc-institute-virtual-cell-atlas/scbasecount/2026-01-12/h5ad/GeneFull/Homo_sapiens/SRX23115055.h5ad,,2026-07-30 14:53:14,OSError: Project was not passed and could not be determined from the environment.
92/1048,SRX17949765,failed,gs://arc-institute-virtual-cell-atlas/scbasecount/2026-01-12/h5ad/GeneFull/Homo_sapiens/SRX17949765.h5ad,arc-institute-virtual-cell-atlas/scbasecount/2026-01-12/h5ad/GeneFull/Homo_sapiens/SRX17949765.h5ad,,2026-07-30 14:53:14,OSError: Project was not passed and could not be determined from the environment.
93/1048,SRX25261769,failed,gs://arc-institute-virtual-cell-atlas/scbasecount/2026-01-12/h5ad/GeneFull/Homo_sapiens/SRX25261769.h5ad,arc-institute-virtual-cell-atlas/scbasecount/2026-01-12/h5ad/GeneFull/Homo_sapiens/SRX25261769.h5ad,,2026-07-30 14:53:14,OSError: Project was not passed and could not be determined from the environment.
94/1048,SRX23902413,failed,gs://arc-institute-virtual-cell-atlas/scbasecount/2026-01-12/h5ad/GeneFull/Homo_sapiens/SRX23902413.h5ad,arc-institute-virtual-cell-atlas/scbasecount/2026-01-12/h5ad/GeneFull/Homo_sapiens/SRX23902413.h5ad,,2026-07-30 14:53:14,OSError: Project was not passed and could not be determined from the environment.
95/1048,SRX19910918,failed,gs://arc-institute-virtual-cell-atlas/scbasecount/2026-01-12/h5ad/GeneFull/Homo_sapiens/SRX19910918.h5ad,arc-institute-virtual-cell-atlas/scbasecount/2026-01-12/h5ad/GeneFull/Homo_sapiens/SRX19910918.h5ad,,2026-07-30 14:53:14,OSError: Project was not passed and could not be determined from the environment.
96/1048,SRX18965975,failed,gs://arc-institute-virtual-cell-atlas/scbasecount/2026-01-12/h5ad/GeneFull/Homo_sapiens/SRX18965975.h5ad,arc-institute-virtual-cell-atlas/scbasecount/2026-01-12/h5ad/GeneFull/Homo_sapiens/SRX18965975.h5ad,,2026-07-30 14:53:14,OSError: Project was not passed and could not be determined from the environment.
97/1048,SRX22226501,failed,gs://arc-institute-virtual-cell-atlas/scbasecount/2026-01-12/h5ad/GeneFull/Homo_sapiens/SRX22226501.h5ad,arc-institute-virtual-cell-atlas/scbasecount/2026-01-12/h5ad/GeneFull/Homo_sapiens/SRX22226501.h5ad,,2026-07-30 14:53:14,OSError: Project was not passed and could not be determined from the environment.
98/1048,SRX19730969,failed,gs://arc-institute-virtual-cell-atlas/scbasecount/2026-01-12/h5ad/GeneFull/Homo_sapiens/SRX19730969.h5ad,arc-institute-virtual-cell-atlas/scbasecount/2026-01-12/h5ad/GeneFull/Homo_sapiens/SRX19730969.h5ad,,2026-07-30 14:53:14,OSError: Project was not passed and could not be determined from the environment.
99/1048,SRX24312777,failed,gs://arc-institute-virtual-cell-atlas/scbasecount/2026-01-12/h5ad/GeneFull/Homo_sapiens/SRX24312777.h5ad,arc-institute-virtual-cell-atlas/scbasecount/2026-01-12/h5ad/GeneFull/Homo_sapiens/SRX24312777.h5ad,,2026-07-30 14:53:14,OSError: Project was not passed and could not be determined from the environment.
100/1048,SRX19693839,failed,gs://arc-institute-virtual-cell-atlas/scbasecount/2026-01-12/h5ad/GeneFull/Homo_sapiens/SRX19693839.h5ad,arc-institute-virtual-cell-atlas/scbasecount/2026-01-12/h5ad/GeneFull/Homo_sapiens/SRX19693839.h5ad,,2026-07-30 14:53:14,OSError: Project was not passed and could not be determined from the environment.
101/1048,SRX22226503,failed,gs://arc-institute-virtual-cell-atlas/scbasecount/2026-01-12/h5ad/GeneFull/Homo_sapiens/SRX22226503.h5ad,arc-institute-virtual-cell-atlas/scbasecount/2026-01-12/h5ad/GeneFull/Homo_sapiens/SRX22226503.h5ad,,2026-07-30 14:53:14,OSError: Project was not passed and could not be determined from the environment.
102/1048,SRX17689195,failed,gs://arc-institute-virtual-cell-atlas/scbasecount/2026-01-12/h5ad/GeneFull/Homo_sapiens/SRX17689195.h5ad,arc-institute-virtual-cell-atlas/scbasecount/2026-01-12/h5ad/GeneFull/Homo_sapiens/SRX17689195.h5ad,,2026-07-30 14:53:14,OSError: Project was not passed and could not be determined from the environment.
103/1048,SRX17689207,failed,gs://arc-institute-virtual-cell-atlas/scbasecount/2026-01-12/h5ad/GeneFull/Homo_sapiens/SRX17689207.h5ad,arc-institute-virtual-cell-atlas/scbasecount/2026-01-12/h5ad/GeneFull/Homo_sapiens/SRX17689207.h5ad,,2026-07-30 14:53:14,OSError: Project was not passed and could not be determined from the environment.
104/1048,SRX17689211,failed,gs://arc-institute-virtual-cell-atlas/scbasecount/2026-01-12/h5ad/GeneFull/Homo_sapiens/SRX17689211.h5ad,arc-institute-virtual-cell-atlas/scbasecount/2026-01-12/h5ad/GeneFull/Homo_sapiens/SRX17689211.h5ad,,2026-07-30 14:53:14,OSError: Project was not passed and could not be determined from the environment.
105/1048,SRX17689212,failed,gs://arc-institute-virtual-cell-atlas/scbasecount/2026-01-12/h5ad/GeneFull/Homo_sapiens/SRX17689212.h5ad,arc-institute-virtual-cell-atlas/scbasecount/2026-01-12/h5ad/GeneFull/Homo_sapiens/SRX17689212.h5ad,,2026-07-30 14:53:14,OSError: Project was not passed and could not be determined from the environment.
106/1048,SRX19704168,failed,gs://arc-institute-virtual-cell-atlas/scbasecount/2026-01-12/h5ad/GeneFull/Homo_sapiens/SRX19704168.h5ad,arc-institute-virtual-cell-atlas/scbasecount/2026-01-12/h5ad/GeneFull/Homo_sapiens/SRX19704168.h5ad,,2026-07-30 14:53:14,OSError: Project was not passed and could not be determined from the environment.
107/1048,SRX19727427,failed,gs://arc-institute-virtual-cell-atlas/scbasecount/2026-01-12/h5ad/GeneFull/Homo_sapiens/SRX19727427.h5ad,arc-institute-virtual-cell-atlas/scbasecount/2026-01-12/h5ad/GeneFull/Homo_sapiens/SRX19727427.h5ad,,2026-07-30 14:53:14,OSError: Project was not passed and could not be determined from the environment.
108/1048,SRX24312787,failed,gs://arc-institute-virtual-cell-atlas/scbasecount/2026-01-12/h5ad/GeneFull/Homo_sapiens/SRX24312787.h5ad,arc-institute-virtual-cell-atlas/scbasecount/2026-01-12/h5ad/GeneFull/Homo_sapiens/SRX24312787.h5ad,,2026-07-30 14:53:14,OSError: Project was not passed and could not be determined from the environment.
109/1048,SRX17772371,failed,gs://arc-institute-virtual-cell-atlas/scbasecount/2026-01-12/h5ad/GeneFull/Homo_sapiens/SRX17772371.h5ad,arc-institute-virtual-cell-atlas/scbasecount/2026-01-12/h5ad/GeneFull/Homo_sapiens/SRX17772371.h5ad,,2026-07-30 14:53:14,OSError: Project was not passed and could not be determined from the environment.
110/1048,SRX17689206,failed,gs://arc-institute-virtual-cell-atlas/scbasecount/2026-01-12/h5ad/GeneFull/Homo_sapiens/SRX17689206.h5ad,arc-institute-virtual-cell-atlas/scbasecount/2026-01-12/h5ad/GeneFull/Homo_sapiens/SRX17689206.h5ad,,2026-07-30 14:53:14,OSError: Project was not passed and could not be determined from the environment.
111/1048,SRX17896693,failed,gs://arc-institute-virtual-cell-atlas/scbasecount/2026-01-12/h5ad/GeneFull/Homo_sapiens/SRX17896693.h5ad,arc-institute-virtual-cell-atlas/scbasecount/2026-01-12/h5ad/GeneFull/Homo_sapiens/SRX17896693.h5ad,,2026-07-30 14:53:14,OSError: Project was not passed and could not be determined from the environment.
112/1048,SRX23886072,failed,gs://arc-institute-virtual-cell-atlas/scbasecount/2026-01-12/h5ad/GeneFull/Homo_sapiens/SRX23886072.h5ad,arc-institute-virtual-cell-atlas/scbasecount/2026-01-12/h5ad/GeneFull/Homo_sapiens/SRX23886072.h5ad,,2026-07-30 14:53:14,OSError: Project was not passed and could not be determined from the environment.
113/1048,SRX23886073,failed,gs://arc-institute-virtual-cell-atlas/scbasecount/2026-01-12/h5ad/GeneFull/Homo_sapiens/SRX23886073.h5ad,arc-institute-virtual-cell-atlas/scbasecount/2026-01-12/h5ad/GeneFull/Homo_sapiens/SRX23886073.h5ad,,2026-07-30 14:53:14,OSError: Project was not passed and could not be determined from the environment.
114/1048,SRX17150748,failed,gs://arc-institute-virtual-cell-atlas/scbasecount/2026-01-12/h5ad/GeneFull/Homo_sapiens/SRX17150748.h5ad,arc-institute-virtual-cell-atlas/scbasecount/2026-01-12/h5ad/GeneFull/Homo_sapiens/SRX17150748.h5ad,,2026-07-30 14:53:14,OSError: Project was not passed and could not be determined from the environment.
115/1048,SRX17035590,failed,gs://arc-institute-virtual-cell-atlas/scbasecount/2026-01-12/h5ad/GeneFull/Homo_sapiens/SRX17035590.h5ad,arc-institute-virtual-cell-atlas/scbasecount/2026-01-12/h5ad/GeneFull/Homo_sapiens/SRX17035590.h5ad,,2026-07-30 14:53:14,OSError: Project was not passed and could not be determined from the environment.
116/1048,SRX17949771,failed,gs://arc-institute-virtual-cell-atlas/scbasecount/2026-01-12/h5ad/GeneFull/Homo_sapiens/SRX17949771.h5ad,arc-institute-virtual-cell-atlas/scbasecount/2026-01-12/h5ad/GeneFull/Homo_sapiens/SRX17949771.h5ad,,2026-07-30 14:53:14,OSError: Project was not passed and could not be determined from the environment.
117/1048,SRX17949772,failed,gs://arc-institute-virtual-cell-atlas/scbasecount/2026-01-12/h5ad/GeneFull/Homo_sapiens/SRX17949772.h5ad,arc-institute-virtual-cell-atlas/scbasecount/2026-01-12/h5ad/GeneFull/Homo_sapiens/SRX17949772.h5ad,,2026-07-30 14:53:14,OSError: Project was not passed and could not be determined from the environment.
118/1048,SRX17949768,failed,gs://arc-institute-virtual-cell-atlas/scbasecount/2026-01-12/h5ad/GeneFull/Homo_sapiens/SRX17949768.h5ad,arc-institute-virtual-cell-atlas/scbasecount/2026-01-12/h5ad/GeneFull/Homo_sapiens/SRX17949768.h5ad,,2026-07-30 14:53:14,OSError: Project was not passed and could not be determined from the environment.
119/1048,SRX17949766,failed,gs://arc-institute-virtual-cell-atlas/scbasecount/2026-01-12/h5ad/GeneFull/Homo_sapiens/SRX17949766.h5ad,arc-institute-virtual-cell-atlas/scbasecount/2026-01-12/h5ad/GeneFull/Homo_sapiens/SRX17949766.h5ad,,2026-07-30 14:53:14,OSError: Project was not passed and could not be determined from the environment.
120/1048,SRX17949764,failed,gs://arc-institute-virtual-cell-atlas/scbasecount/2026-01-12/h5ad/GeneFull/Homo_sapiens/SRX17949764.h5ad,arc-institute-virtual-cell-atlas/scbasecount/2026-01-12/h5ad/GeneFull/Homo_sapiens/SRX17949764.h5ad,,2026-07-30 14:53:14,OSError: Project was not passed and could not be determined from the environment.
121/1048,SRX17949767,failed,gs://arc-institute-virtual-cell-atlas/scbasecount/2026-01-12/h5ad/GeneFull/Homo_sapiens/SRX17949767.h5ad,arc-institute-virtual-cell-atlas/scbasecount/2026-01-12/h5ad/GeneFull/Homo_sapiens/SRX17949767.h5ad,,2026-07-30 14:53:14,OSError: Project was not passed and could not be determined from the environment.
122/1048,SRX16757154,failed,gs://arc-institute-virtual-cell-atlas/scbasecount/2026-01-12/h5ad/GeneFull/Homo_sapiens/SRX16757154.h5ad,arc-institute-virtual-cell-atlas/scbasecount/2026-01-12/h5ad/GeneFull/Homo_sapiens/SRX16757154.h5ad,,2026-07-30 14:53:14,OSError: Project was not passed and could not be determined from the environment.
123/1048,SRX24073315,failed,gs://arc-institute-virtual-cell-atlas/scbasecount/2026-01-12/h5ad/GeneFull/Homo_sapiens/SRX24073315.h5ad,arc-institute-virtual-cell-atlas/scbasecount/2026-01-12/h5ad/GeneFull/Homo_sapiens/SRX24073315.h5ad,,2026-07-30 14:53:14,OSError: Project was not passed and could not be determined from the environment.
124/1048,SRX24073311,failed,gs://arc-institute-virtual-cell-atlas/scbasecount/2026-01-12/h5ad/GeneFull/Homo_sapiens/SRX24073311.h5ad,arc-institute-virtual-cell-atlas/scbasecount/2026-01-12/h5ad/GeneFull/Homo_sapiens/SRX24073311.h5ad,,2026-07-30 14:53:14,OSError: Project was not passed and could not be determined from the environment.
125/1048,SRX24073309,failed,gs://arc-institute-virtual-cell-atlas/scbasecount/2026-01-12/h5ad/GeneFull/Homo_sapiens/SRX24073309.h5ad,arc-institute-virtual-cell-atlas/scbasecount/2026-01-12/h5ad/GeneFull/Homo_sapiens/SRX24073309.h5ad,,2026-07-30 14:53:14,OSError: Project was not passed and could not be determined from the environment.
126/1048,SRX24073303,failed,gs://arc-institute-virtual-cell-atlas/scbasecount/2026-01-12/h5ad/GeneFull/Homo_sapiens/SRX24073303.h5ad,arc-institute-virtual-cell-atlas/scbasecount/2026-01-12/h5ad/GeneFull/Homo_sapiens/SRX24073303.h5ad,,2026-07-30 14:53:14,OSError: Project was not passed and could not be determined from the environment.
127/1048,SRX24073302,failed,gs://arc-institute-virtual-cell-atlas/scbasecount/2026-01-12/h5ad/GeneFull/Homo_sapiens/SRX24073302.h5ad,arc-institute-virtual-cell-atlas/scbasecount/2026-01-12/h5ad/GeneFull/Homo_sapiens/SRX24073302.h5ad,,2026-07-30 14:53:14,OSError: Project was not passed and could not be determined from the environment.
128/1048,SRX15325286,failed,gs://arc-institute-virtual-cell-atlas/scbasecount/2026-01-12/h5ad/GeneFull/Homo_sapiens/SRX15325286.h5ad,arc-institute-virtual-cell-atlas/scbasecount/2026-01-12/h5ad/GeneFull/Homo_sapiens/SRX15325286.h5ad,,2026-07-30 14:53:14,OSError: Project was not passed and could not be determined from the environment.
129/1048,SRX24073323,failed,gs://arc-institute-virtual-cell-atlas/scbasecount/2026-01-12/h5ad/GeneFull/Homo_sapiens/SRX24073323.h5ad,arc-institute-virtual-cell-atlas/scbasecount/2026-01-12/h5ad/GeneFull/Homo_sapiens/SRX24073323.h5ad,,2026-07-30 14:53:14,OSError: Project was not passed and could not be determined from the environment.
130/1048,SRX24073324,failed,gs://arc-institute-virtual-cell-atlas/scbasecount/2026-01-12/h5ad/GeneFull/Homo_sapiens/SRX24073324.h5ad,arc-institute-virtual-cell-atlas/scbasecount/2026-01-12/h5ad/GeneFull/Homo_sapiens/SRX24073324.h5ad,,2026-07-30 14:53:14,OSError: Project was not passed and could not be determined from the environment.
131/1048,SRX24073304,failed,gs://arc-institute-virtual-cell-atlas/scbasecount/2026-01-12/h5ad/GeneFull/Homo_sapiens/SRX24073304.h5ad,arc-institute-virtual-cell-atlas/scbasecount/2026-01-12/h5ad/GeneFull/Homo_sapiens/SRX24073304.h5ad,,2026-07-30 14:53:14,OSError: Project was not passed and could not be determined from the environment.
132/1048,SRX24073308,failed,gs://arc-institute-virtual-cell-atlas/scbasecount/2026-01-12/h5ad/GeneFull/Homo_sapiens/SRX24073308.h5ad,arc-institute-virtual-cell-atlas/scbasecount/2026-01-12/h5ad/GeneFull/Homo_sapiens/SRX24073308.h5ad,,2026-07-30 14:53:14,OSError: Project was not passed and could not be determined from the environment.
133/1048,SRX24073322,failed,gs://arc-institute-virtual-cell-atlas/scbasecount/2026-01-12/h5ad/GeneFull/Homo_sapiens/SRX24073322.h5ad,arc-institute-virtual-cell-atlas/scbasecount/2026-01-12/h5ad/GeneFull/Homo_sapiens/SRX24073322.h5ad,,2026-07-30 14:53:14,OSError: Project was not passed and could not be determined from the environment.
134/1048,SRX24073320,failed,gs://arc-institute-virtual-cell-atlas/scbasecount/2026-01-12/h5ad/GeneFull/Homo_sapiens/SRX24073320.h5ad,arc-institute-virtual-cell-atlas/scbasecount/2026-01-12/h5ad/GeneFull/Homo_sapiens/SRX24073320.h5ad,,2026-07-30 14:53:14,OSError: Project was not passed and could not be determined from the environment.
135/1048,SRX24073321,failed,gs://arc-institute-virtual-cell-atlas/scbasecount/2026-01-12/h5ad/GeneFull/Homo_sapiens/SRX24073321.h5ad,arc-institute-virtual-cell-atlas/scbasecount/2026-01-12/h5ad/GeneFull/Homo_sapiens/SRX24073321.h5ad,,2026-07-30 14:53:14,OSError: Project was not passed and could not be determined from the environment.
136/1048,SRX24073314,failed,gs://arc-institute-virtual-cell-atlas/scbasecount/2026-01-12/h5ad/GeneFull/Homo_sapiens/SRX24073314.h5ad,arc-institute-virtual-cell-atlas/scbasecount/2026-01-12/h5ad/GeneFull/Homo_sapiens/SRX24073314.h5ad,,2026-07-30 14:53:14,OSError: Project was not passed and could not be determined from the environment.
137/1048,SRX24073313,failed,gs://arc-institute-virtual-cell-atlas/scbasecount/2026-01-12/h5ad/GeneFull/Homo_sapiens/SRX24073313.h5ad,arc-institute-virtual-cell-atlas/scbasecount/2026-01-12/h5ad/GeneFull/Homo_sapiens/SRX24073313.h5ad,,2026-07-30 14:53:14,OSError: Project was not passed and could not be determined from the environment.
138/1048,SRX24073325,failed,gs://arc-institute-virtual-cell-atlas/scbasecount/2026-01-12/h5ad/GeneFull/Homo_sapiens/SRX24073325.h5ad,arc-institute-virtual-cell-atlas/scbasecount/2026-01-12/h5ad/GeneFull/Homo_sapiens/SRX24073325.h5ad,,2026-07-30 14:53:14,OSError: Project was not passed and could not be determined from the environment.
139/1048,SRX24073317,failed,gs://arc-institute-virtual-cell-atlas/scbasecount/2026-01-12/h5ad/GeneFull/Homo_sapiens/SRX24073317.h5ad,arc-institute-virtual-cell-atlas/scbasecount/2026-01-12/h5ad/GeneFull/Homo_sapiens/SRX24073317.h5ad,,2026-07-30 14:53:14,OSError: Project was not passed and could not be determined from the environment.
140/1048,SRX24028452,failed,gs://arc-institute-virtual-cell-atlas/scbasecount/2026-01-12/h5ad/GeneFull/Homo_sapiens/SRX24028452.h5ad,arc-institute-virtual-cell-atlas/scbasecount/2026-01-12/h5ad/GeneFull/Homo_sapiens/SRX24028452.h5ad,,2026-07-30 14:53:14,OSError: Project was not passed and could not be determined from the environment.
141/1048,SRX24073312,failed,gs://arc-institute-virtual-cell-atlas/scbasecount/2026-01-12/h5ad/GeneFull/Homo_sapiens/SRX24073312.h5ad,arc-institute-virtual-cell-atlas/scbasecount/2026-01-12/h5ad/GeneFull/Homo_sapiens/SRX24073312.h5ad,,2026-07-30 14:53:14,OSError: Project was not passed and could not be determined from the environment.
142/1048,SRX24073318,failed,gs://arc-institute-virtual-cell-atlas/scbasecount/2026-01-12/h5ad/GeneFull/Homo_sapiens/SRX24073318.h5ad,arc-institute-virtual-cell-atlas/scbasecount/2026-01-12/h5ad/GeneFull/Homo_sapiens/SRX24073318.h5ad,,2026-07-30 14:53:14,OSError: Project was not passed and could not be determined from the environment.
143/1048,SRX15325285,failed,gs://arc-institute-virtual-cell-atlas/scbasecount/2026-01-12/h5ad/GeneFull/Homo_sapiens/SRX15325285.h5ad,arc-institute-virtual-cell-atlas/scbasecount/2026-01-12/h5ad/GeneFull/Homo_sapiens/SRX15325285.h5ad,,2026-07-30 14:53:14,OSError: Project was not passed and could not be determined from the environment.
144/1048,SRX24073319,failed,gs://arc-institute-virtual-cell-atlas/scbasecount/2026-01-12/h5ad/GeneFull/Homo_sapiens/SRX24073319.h5ad,arc-institute-virtual-cell-atlas/scbasecount/2026-01-12/h5ad/GeneFull/Homo_sapiens/SRX24073319.h5ad,,2026-07-30 14:53:14,OSError: Project was not passed and could not be determined from the environment.
145/1048,SRX15805161,failed,gs://arc-institute-virtual-cell-atlas/scbasecount/2026-01-12/h5ad/GeneFull/Homo_sapiens/SRX15805161.h5ad,arc-institute-virtual-cell-atlas/scbasecount/2026-01-12/h5ad/GeneFull/Homo_sapiens/SRX15805161.h5ad,,2026-07-30 14:53:14,OSError: Project was not passed and could not be determined from the environment.
146/1048,SRX24073310,failed,gs://arc-institute-virtual-cell-atlas/scbasecount/2026-01-12/h5ad/GeneFull/Homo_sapiens/SRX24073310.h5ad,arc-institute-virtual-cell-atlas/scbasecount/2026-01-12/h5ad/GeneFull/Homo_sapiens/SRX24073310.h5ad,,2026-07-30 14:53:14,OSError: Project was not passed and could not be determined from the environment.
147/1048,SRX24073305,failed,gs://arc-institute-virtual-cell-atlas/scbasecount/2026-01-12/h5ad/GeneFull/Homo_sapiens/SRX24073305.h5ad,arc-institute-virtual-cell-atlas/scbasecount/2026-01-12/h5ad/GeneFull/Homo_sapiens/SRX24073305.h5ad,,2026-07-30 14:53:14,OSError: Project was not passed and could not be determined from the environment.
148/1048,SRX15325287,failed,gs://arc-institute-virtual-cell-atlas/scbasecount/2026-01-12/h5ad/GeneFull/Homo_sapiens/SRX15325287.h5ad,arc-institute-virtual-cell-atlas/scbasecount/2026-01-12/h5ad/GeneFull/Homo_sapiens/SRX15325287.h5ad,,2026-07-30 14:53:14,OSError: Project was not passed and could not be determined from the environment.
149/1048,SRX16757153,failed,gs://arc-institute-virtual-cell-atlas/scbasecount/2026-01-12/h5ad/GeneFull/Homo_sapiens/SRX16757153.h5ad,arc-institute-virtual-cell-atlas/scbasecount/2026-01-12/h5ad/GeneFull/Homo_sapiens/SRX16757153.h5ad,,2026-07-30 14:53:14,OSError: Project was not passed and could not be determined from the environment.
150/1048,SRX15805174,failed,gs://arc-institute-virtual-cell-atlas/scbasecount/2026-01-12/h5ad/GeneFull/Homo_sapiens/SRX15805174.h5ad,arc-institute-virtual-cell-atlas/scbasecount/2026-01-12/h5ad/GeneFull/Homo_sapiens/SRX15805174.h5ad,,2026-07-30 14:53:14,OSError: Project was not passed and could not be determined from the environment.
151/1048,SRX12868716,failed,gs://arc-institute-virtual-cell-atlas/scbasecount/2026-01-12/h5ad/GeneFull/Homo_sapiens/SRX12868716.h5ad,arc-institute-virtual-cell-atlas/scbasecount/2026-01-12/h5ad/GeneFull/Homo_sapiens/SRX12868716.h5ad,,2026-07-30 14:53:14,OSError: Project was not passed and could not be determined from the environment.
152/1048,SRX24073316,failed,gs://arc-institute-virtual-cell-atlas/scbasecount/2026-01-12/h5ad/GeneFull/Homo_sapiens/SRX24073316.h5ad,arc-institute-virtual-cell-atlas/scbasecount/2026-01-12/h5ad/GeneFull/Homo_sapiens/SRX24073316.h5ad,,2026-07-30 14:53:14,OSError: Project was not passed and could not be determined from the environment.
153/1048,SRX24073307,failed,gs://arc-institute-virtual-cell-atlas/scbasecount/2026-01-12/h5ad/GeneFull/Homo_sapiens/SRX24073307.h5ad,arc-institute-virtual-cell-atlas/scbasecount/2026-01-12/h5ad/GeneFull/Homo_sapiens/SRX24073307.h5ad,,2026-07-30 14:53:14,OSError: Project was not passed and could not be determined from the environment.
154/1048,SRX24073306,failed,gs://arc-institute-virtual-cell-atlas/scbasecount/2026-01-12/h5ad/GeneFull/Homo_sapiens/SRX24073306.h5ad,arc-institute-virtual-cell-atlas/scbasecount/2026-01-12/h5ad/GeneFull/Homo_sapiens/SRX24073306.h5ad,,2026-07-30 14:53:14,OSError: Project was not passed and could not be determined from the environment.
155/1048,SRX17035588,failed,gs://arc-institute-virtual-cell-atlas/scbasecount/2026-01-12/h5ad/GeneFull/Homo_sapiens/SRX17035588.h5ad,arc-institute-virtual-cell-atlas/scbasecount/2026-01-12/h5ad/GeneFull/Homo_sapiens/SRX17035588.h5ad,,2026-07-30 14:53:14,OSError: Project was not passed and could not be determined from the environment.
156/1048,SRX18221589,failed,gs://arc-institute-virtual-cell-atlas/scbasecount/2026-01-12/h5ad/GeneFull/Homo_sapiens/SRX18221589.h5ad,arc-institute-virtual-cell-atlas/scbasecount/2026-01-12/h5ad/GeneFull/Homo_sapiens/SRX18221589.h5ad,,2026-07-30 14:53:14,OSError: Project was not passed and could not be determined from the environment.
157/1048,SRX18221588,failed,gs://arc-institute-virtual-cell-atlas/scbasecount/2026-01-12/h5ad/GeneFull/Homo_sapiens/SRX18221588.h5ad,arc-institute-virtual-cell-atlas/scbasecount/2026-01-12/h5ad/GeneFull/Homo_sapiens/SRX18221588.h5ad,,2026-07-30 14:53:14,OSError: Project was not passed and could not be determined from the environment.
158/1048,SRX18235831,failed,gs://arc-institute-virtual-cell-atlas/scbasecount/2026-01-12/h5ad/GeneFull/Homo_sapiens/SRX18235831.h5ad,arc-institute-virtual-cell-atlas/scbasecount/2026-01-12/h5ad/GeneFull/Homo_sapiens/SRX18235831.h5ad,,2026-07-30 14:53:14,OSError: Project was not passed and could not be determined from the environment.
159/1048,SRX17137141,failed,gs://arc-institute-virtual-cell-atlas/scbasecount/2026-01-12/h5ad/GeneFull/Homo_sapiens/SRX17137141.h5ad,arc-institute-virtual-cell-atlas/scbasecount/2026-01-12/h5ad/GeneFull/Homo_sapiens/SRX17137141.h5ad,,2026-07-30 14:53:14,OSError: Project was not passed and could not be determined from the environment.
160/1048,SRX12868711,failed,gs://arc-institute-virtual-cell-atlas/scbasecount/2026-01-12/h5ad/GeneFull/Homo_sapiens/SRX12868711.h5ad,arc-institute-virtual-cell-atlas/scbasecount/2026-01-12/h5ad/GeneFull/Homo_sapiens/SRX12868711.h5ad,,2026-07-30 14:53:14,OSError: Project was not passed and could not be determined from the environment.
161/1048,SRX16757152,failed,gs://arc-institute-virtual-cell-atlas/scbasecount/2026-01-12/h5ad/GeneFull/Homo_sapiens/SRX16757152.h5ad,arc-institute-virtual-cell-atlas/scbasecount/2026-01-12/h5ad/GeneFull/Homo_sapiens/SRX16757152.h5ad,,2026-07-30 14:53:14,OSError: Project was not passed and could not be determined from the environment.
162/1048,SRX15805165,failed,gs://arc-institute-virtual-cell-atlas/scbasecount/2026-01-12/h5ad/GeneFull/Homo_sapiens/SRX15805165.h5ad,arc-institute-virtual-cell-atlas/scbasecount/2026-01-12/h5ad/GeneFull/Homo_sapiens/SRX15805165.h5ad,,2026-07-30 14:53:14,OSError: Project was not passed and could not be determined from the environment.
163/1048,SRX15772262,failed,gs://arc-institute-virtual-cell-atlas/scbasecount/2026-01-12/h5ad/GeneFull/Homo_sapiens/SRX15772262.h5ad,arc-institute-virtual-cell-atlas/scbasecount/2026-01-12/h5ad/GeneFull/Homo_sapiens/SRX15772262.h5ad,,2026-07-30 14:53:14,OSError: Project was not passed and could not be determined from the environment.
164/1048,SRX15325288,failed,gs://arc-institute-virtual-cell-atlas/scbasecount/2026-01-12/h5ad/GeneFull/Homo_sapiens/SRX15325288.h5ad,arc-institute-virtual-cell-atlas/scbasecount/2026-01-12/h5ad/GeneFull/Homo_sapiens/SRX15325288.h5ad,,2026-07-30 14:53:14,OSError: Project was not passed and could not be determined from the environment.
165/1048,SRX15805163,failed,gs://arc-institute-virtual-cell-atlas/scbasecount/2026-01-12/h5ad/GeneFull/Homo_sapiens/SRX15805163.h5ad,arc-institute-virtual-cell-atlas/scbasecount/2026-01-12/h5ad/GeneFull/Homo_sapiens/SRX15805163.h5ad,,2026-07-30 14:53:14,OSError: Project was not passed and could not be determined from the environment.
166/1048,SRX18965974,failed,gs://arc-institute-virtual-cell-atlas/scbasecount/2026-01-12/h5ad/GeneFull/Homo_sapiens/SRX18965974.h5ad,arc-institute-virtual-cell-atlas/scbasecount/2026-01-12/h5ad/GeneFull/Homo_sapiens/SRX18965974.h5ad,,2026-07-30 14:53:14,OSError: Project was not passed and could not be determined from the environment.
167/1048,SRX18965978,failed,gs://arc-institute-virtual-cell-atlas/scbasecount/2026-01-12/h5ad/GeneFull/Homo_sapiens/SRX18965978.h5ad,arc-institute-virtual-cell-atlas/scbasecount/2026-01-12/h5ad/GeneFull/Homo_sapiens/SRX18965978.h5ad,,2026-07-30 14:53:14,OSError: Project was not passed and could not be determined from the environment.
168/1048,SRX14891768,failed,gs://arc-institute-virtual-cell-atlas/scbasecount/2026-01-12/h5ad/GeneFull/Homo_sapiens/SRX14891768.h5ad,arc-institute-virtual-cell-atlas/scbasecount/2026-01-12/h5ad/GeneFull/Homo_sapiens/SRX14891768.h5ad,,2026-07-30 14:53:14,OSError: Project was not passed and could not be determined from the environment.
169/1048,SRX18965984,failed,gs://arc-institute-virtual-cell-atlas/scbasecount/2026-01-12/h5ad/GeneFull/Homo_sapiens/SRX18965984.h5ad,arc-institute-virtual-cell-atlas/scbasecount/2026-01-12/h5ad/GeneFull/Homo_sapiens/SRX18965984.h5ad,,2026-07-30 14:53:14,OSError: Project was not passed and could not be determined from the environment.
170/1048,SRX15325289,failed,gs://arc-institute-virtual-cell-atlas/scbasecount/2026-01-12/h5ad/GeneFull/Homo_sapiens/SRX15325289.h5ad,arc-institute-virtual-cell-atlas/scbasecount/2026-01-12/h5ad/GeneFull/Homo_sapiens/SRX15325289.h5ad,,2026-07-30 14:53:14,OSError: Project was not passed and could not be determined from the environment.
171/1048,SRX19162051,failed,gs://arc-institute-virtual-cell-atlas/scbasecount/2026-01-12/h5ad/GeneFull/Homo_sapiens/SRX19162051.h5ad,arc-institute-virtual-cell-atlas/scbasecount/2026-01-12/h5ad/GeneFull/Homo_sapiens/SRX19162051.h5ad,,2026-07-30 14:53:14,OSError: Project was not passed and could not be determined from the environment.
172/1048,SRX19162054,failed,gs://arc-institute-virtual-cell-atlas/scbasecount/2026-01-12/h5ad/GeneFull/Homo_sapiens/SRX19162054.h5ad,arc-institute-virtual-cell-atlas/scbasecount/2026-01-12/h5ad/GeneFull/Homo_sapiens/SRX19162054.h5ad,,2026-07-30 14:53:14,OSError: Project was not passed and could not be determined from the environment.
173/1048,SRX19162055,failed,gs://arc-institute-virtual-cell-atlas/scbasecount/2026-01-12/h5ad/GeneFull/Homo_sapiens/SRX19162055.h5ad,arc-institute-virtual-cell-atlas/scbasecount/2026-01-12/h5ad/GeneFull/Homo_sapiens/SRX19162055.h5ad,,2026-07-30 14:53:14,OSError: Project was not passed and could not be determined from the environment.
174/1048,SRX18965983,failed,gs://arc-institute-virtual-cell-atlas/scbasecount/2026-01-12/h5ad/GeneFull/Homo_sapiens/SRX18965983.h5ad,arc-institute-virtual-cell-atlas/scbasecount/2026-01-12/h5ad/GeneFull/Homo_sapiens/SRX18965983.h5ad,,2026-07-30 14:53:14,OSError: Project was not passed and could not be determined from the environment.
175/1048,SRX19215443,failed,gs://arc-institute-virtual-cell-atlas/scbasecount/2026-01-12/h5ad/GeneFull/Homo_sapiens/SRX19215443.h5ad,arc-institute-virtual-cell-atlas/scbasecount/2026-01-12/h5ad/GeneFull/Homo_sapiens/SRX19215443.h5ad,,2026-07-30 14:53:14,OSError: Project was not passed and could not be determined from the environment.
176/1048,SRX19704132,failed,gs://arc-institute-virtual-cell-atlas/scbasecount/2026-01-12/h5ad/GeneFull/Homo_sapiens/SRX19704132.h5ad,arc-institute-virtual-cell-atlas/scbasecount/2026-01-12/h5ad/GeneFull/Homo_sapiens/SRX19704132.h5ad,,2026-07-30 14:53:14,OSError: Project was not passed and could not be determined from the environment.
177/1048,SRX19704133,failed,gs://arc-institute-virtual-cell-atlas/scbasecount/2026-01-12/h5ad/GeneFull/Homo_sapiens/SRX19704133.h5ad,arc-institute-virtual-cell-atlas/scbasecount/2026-01-12/h5ad/GeneFull/Homo_sapiens/SRX19704133.h5ad,,2026-07-30 14:53:14,OSError: Project was not passed and could not be determined from the environment.
178/1048,SRX19704136,failed,gs://arc-institute-virtual-cell-atlas/scbasecount/2026-01-12/h5ad/GeneFull/Homo_sapiens/SRX19704136.h5ad,arc-institute-virtual-cell-atlas/scbasecount/2026-01-12/h5ad/GeneFull/Homo_sapiens/SRX19704136.h5ad,,2026-07-30 14:53:14,OSError: Project was not passed and could not be determined from the environment.
179/1048,SRX19704134,failed,gs://arc-institute-virtual-cell-atlas/scbasecount/2026-01-12/h5ad/GeneFull/Homo_sapiens/SRX19704134.h5ad,arc-institute-virtual-cell-atlas/scbasecount/2026-01-12/h5ad/GeneFull/Homo_sapiens/SRX19704134.h5ad,,2026-07-30 14:53:14,OSError: Project was not passed and could not be determined from the environment.
180/1048,SRX19704138,failed,gs://arc-institute-virtual-cell-atlas/scbasecount/2026-01-12/h5ad/GeneFull/Homo_sapiens/SRX19704138.h5ad,arc-institute-virtual-cell-atlas/scbasecount/2026-01-12/h5ad/GeneFull/Homo_sapiens/SRX19704138.h5ad,,2026-07-30 14:53:14,OSError: Project was not passed and could not be determined from the environment.
181/1048,SRX19704140,failed,gs://arc-institute-virtual-cell-atlas/scbasecount/2026-01-12/h5ad/GeneFull/Homo_sapiens/SRX19704140.h5ad,arc-institute-virtual-cell-atlas/scbasecount/2026-01-12/h5ad/GeneFull/Homo_sapiens/SRX19704140.h5ad,,2026-07-30 14:53:14,OSError: Project was not passed and could not be determined from the environment.
182/1048,SRX19693846,failed,gs://arc-institute-virtual-cell-atlas/scbasecount/2026-01-12/h5ad/GeneFull/Homo_sapiens/SRX19693846.h5ad,arc-institute-virtual-cell-atlas/scbasecount/2026-01-12/h5ad/GeneFull/Homo_sapiens/SRX19693846.h5ad,,2026-07-30 14:53:14,OSError: Project was not passed and could not be determined from the environment.
183/1048,SRX19704125,failed,gs://arc-institute-virtual-cell-atlas/scbasecount/2026-01-12/h5ad/GeneFull/Homo_sapiens/SRX19704125.h5ad,arc-institute-virtual-cell-atlas/scbasecount/2026-01-12/h5ad/GeneFull/Homo_sapiens/SRX19704125.h5ad,,2026-07-30 14:53:14,OSError: Project was not passed and could not be determined from the environment.
184/1048,SRX19704167,failed,gs://arc-institute-virtual-cell-atlas/scbasecount/2026-01-12/h5ad/GeneFull/Homo_sapiens/SRX19704167.h5ad,arc-institute-virtual-cell-atlas/scbasecount/2026-01-12/h5ad/GeneFull/Homo_sapiens/SRX19704167.h5ad,,2026-07-30 14:53:14,OSError: Project was not passed and could not be determined from the environment.
185/1048,SRX19704135,failed,gs://arc-institute-virtual-cell-atlas/scbasecount/2026-01-12/h5ad/GeneFull/Homo_sapiens/SRX19704135.h5ad,arc-institute-virtual-cell-atlas/scbasecount/2026-01-12/h5ad/GeneFull/Homo_sapiens/SRX19704135.h5ad,,2026-07-30 14:53:14,OSError: Project was not passed and could not be determined from the environment.
186/1048,SRX19704137,failed,gs://arc-institute-virtual-cell-atlas/scbasecount/2026-01-12/h5ad/GeneFull/Homo_sapiens/SRX19704137.h5ad,arc-institute-virtual-cell-atlas/scbasecount/2026-01-12/h5ad/GeneFull/Homo_sapiens/SRX19704137.h5ad,,2026-07-30 14:53:14,OSError: Project was not passed and could not be determined from the environment.
187/1048,SRX19704155,failed,gs://arc-institute-virtual-cell-atlas/scbasecount/2026-01-12/h5ad/GeneFull/Homo_sapiens/SRX19704155.h5ad,arc-institute-virtual-cell-atlas/scbasecount/2026-01-12/h5ad/GeneFull/Homo_sapiens/SRX19704155.h5ad,,2026-07-30 14:53:14,OSError: Project was not passed and could not be determined from the environment.
188/1048,SRX19704202,failed,gs://arc-institute-virtual-cell-atlas/scbasecount/2026-01-12/h5ad/GeneFull/Homo_sapiens/SRX19704202.h5ad,arc-institute-virtual-cell-atlas/scbasecount/2026-01-12/h5ad/GeneFull/Homo_sapiens/SRX19704202.h5ad,,2026-07-30 14:53:14,OSError: Project was not passed and could not be determined from the environment.
189/1048,SRX19704201,failed,gs://arc-institute-virtual-cell-atlas/scbasecount/2026-01-12/h5ad/GeneFull/Homo_sapiens/SRX19704201.h5ad,arc-institute-virtual-cell-atlas/scbasecount/2026-01-12/h5ad/GeneFull/Homo_sapiens/SRX19704201.h5ad,,2026-07-30 14:53:14,OSError: Project was not passed and could not be determined from the environment.
190/1048,SRX19704163,failed,gs://arc-institute-virtual-cell-atlas/scbasecount/2026-01-12/h5ad/GeneFull/Homo_sapiens/SRX19704163.h5ad,arc-institute-virtual-cell-atlas/scbasecount/2026-01-12/h5ad/GeneFull/Homo_sapiens/SRX19704163.h5ad,,2026-07-30 14:53:14,OSError: Project was not passed and could not be determined from the environment.
191/1048,SRX19704176,failed,gs://arc-institute-virtual-cell-atlas/scbasecount/2026-01-12/h5ad/GeneFull/Homo_sapiens/SRX19704176.h5ad,arc-institute-virtual-cell-atlas/scbasecount/2026-01-12/h5ad/GeneFull/Homo_sapiens/SRX19704176.h5ad,,2026-07-30 14:53:14,OSError: Project was not passed and could not be determined from the environment.
192/1048,SRX19704901,failed,gs://arc-institute-virtual-cell-atlas/scbasecount/2026-01-12/h5ad/GeneFull/Homo_sapiens/SRX19704901.h5ad,arc-institute-virtual-cell-atlas/scbasecount/2026-01-12/h5ad/GeneFull/Homo_sapiens/SRX19704901.h5ad,,2026-07-30 14:53:14,OSError: Project was not passed and could not be determined from the environment.
193/1048,SRX19693840,failed,gs://arc-institute-virtual-cell-atlas/scbasecount/2026-01-12/h5ad/GeneFull/Homo_sapiens/SRX19693840.h5ad,arc-institute-virtual-cell-atlas/scbasecount/2026-01-12/h5ad/GeneFull/Homo_sapiens/SRX19693840.h5ad,,2026-07-30 14:53:14,OSError: Project was not passed and could not be determined from the environment.
194/1048,SRX19704130,failed,gs://arc-institute-virtual-cell-atlas/scbasecount/2026-01-12/h5ad/GeneFull/Homo_sapiens/SRX19704130.h5ad,arc-institute-virtual-cell-atlas/scbasecount/2026-01-12/h5ad/GeneFull/Homo_sapiens/SRX19704130.h5ad,,2026-07-30 14:53:14,OSError: Project was not passed and could not be determined from the environment.
195/1048,SRX19704898,failed,gs://arc-institute-virtual-cell-atlas/scbasecount/2026-01-12/h5ad/GeneFull/Homo_sapiens/SRX19704898.h5ad,arc-institute-virtual-cell-atlas/scbasecount/2026-01-12/h5ad/GeneFull/Homo_sapiens/SRX19704898.h5ad,,2026-07-30 14:53:14,OSError: Project was not passed and could not be determined from the environment.
196/1048,SRX19704900,failed,gs://arc-institute-virtual-cell-atlas/scbasecount/2026-01-12/h5ad/GeneFull/Homo_sapiens/SRX19704900.h5ad,arc-institute-virtual-cell-atlas/scbasecount/2026-01-12/h5ad/GeneFull/Homo_sapiens/SRX19704900.h5ad,,2026-07-30 14:53:14,OSError: Project was not passed and could not be determined from the environment.
197/1048,SRX19727425,failed,gs://arc-institute-virtual-cell-atlas/scbasecount/2026-01-12/h5ad/GeneFull/Homo_sapiens/SRX19727425.h5ad,arc-institute-virtual-cell-atlas/scbasecount/2026-01-12/h5ad/GeneFull/Homo_sapiens/SRX19727425.h5ad,,2026-07-30 14:53:14,OSError: Project was not passed and could not be determined from the environment.
198/1048,SRX19693844,failed,gs://arc-institute-virtual-cell-atlas/scbasecount/2026-01-12/h5ad/GeneFull/Homo_sapiens/SRX19693844.h5ad,arc-institute-virtual-cell-atlas/scbasecount/2026-01-12/h5ad/GeneFull/Homo_sapiens/SRX19693844.h5ad,,2026-07-30 14:53:14,OSError: Project was not passed and could not be determined from the environment.
199/1048,SRX19730932,failed,gs://arc-institute-virtual-cell-atlas/scbasecount/2026-01-12/h5ad/GeneFull/Homo_sapiens/SRX19730932.h5ad,arc-institute-virtual-cell-atlas/scbasecount/2026-01-12/h5ad/GeneFull/Homo_sapiens/SRX19730932.h5ad,,2026-07-30 14:53:14,OSError: Project was not passed and could not be determined from the environment.
200/1048,SRX19704177,failed,gs://arc-institute-virtual-cell-atlas/scbasecount/2026-01-12/h5ad/GeneFull/Homo_sapiens/SRX19704177.h5ad,arc-institute-virtual-cell-atlas/scbasecount/2026-01-12/h5ad/GeneFull/Homo_sapiens/SRX19704177.h5ad,,2026-07-30 14:53:14,OSError: Project was not passed and could not be determined from the environment.
201/1048,SRX19780681,failed,gs://arc-institute-virtual-cell-atlas/scbasecount/2026-01-12/h5ad/GeneFull/Homo_sapiens/SRX19780681.h5ad,arc-institute-virtual-cell-atlas/scbasecount/2026-01-12/h5ad/GeneFull/Homo_sapiens/SRX19780681.h5ad,,2026-07-30 14:53:14,OSError: Project was not passed and could not be determined from the environment.
202/1048,SRX19704184,failed,gs://arc-institute-virtual-cell-atlas/scbasecount/2026-01-12/h5ad/GeneFull/Homo_sapiens/SRX19704184.h5ad,arc-institute-virtual-cell-atlas/scbasecount/2026-01-12/h5ad/GeneFull/Homo_sapiens/SRX19704184.h5ad,,2026-07-30 14:53:14,OSError: Project was not passed and could not be determined from the environment.
203/1048,SRX19780677,failed,gs://arc-institute-virtual-cell-atlas/scbasecount/2026-01-12/h5ad/GeneFull/Homo_sapiens/SRX19780677.h5ad,arc-institute-virtual-cell-atlas/scbasecount/2026-01-12/h5ad/GeneFull/Homo_sapiens/SRX19780677.h5ad,,2026-07-30 14:53:14,OSError: Project was not passed and could not be determined from the environment.
204/1048,SRX19844843,failed,gs://arc-institute-virtual-cell-atlas/scbasecount/2026-01-12/h5ad/GeneFull/Homo_sapiens/SRX19844843.h5ad,arc-institute-virtual-cell-atlas/scbasecount/2026-01-12/h5ad/GeneFull/Homo_sapiens/SRX19844843.h5ad,,2026-07-30 14:53:14,OSError: Project was not passed and could not be determined from the environment.
205/1048,SRX19844817,failed,gs://arc-institute-virtual-cell-atlas/scbasecount/2026-01-12/h5ad/GeneFull/Homo_sapiens/SRX19844817.h5ad,arc-institute-virtual-cell-atlas/scbasecount/2026-01-12/h5ad/GeneFull/Homo_sapiens/SRX19844817.h5ad,,2026-07-30 14:53:14,OSError: Project was not passed and could not be determined from the environment.
206/1048,SRX19844844,failed,gs://arc-institute-virtual-cell-atlas/scbasecount/2026-01-12/h5ad/GeneFull/Homo_sapiens/SRX19844844.h5ad,arc-institute-virtual-cell-atlas/scbasecount/2026-01-12/h5ad/GeneFull/Homo_sapiens/SRX19844844.h5ad,,2026-07-30 14:53:14,OSError: Project was not passed and could not be determined from the environment.
207/1048,SRX19844826,failed,gs://arc-institute-virtual-cell-atlas/scbasecount/2026-01-12/h5ad/GeneFull/Homo_sapiens/SRX19844826.h5ad,arc-institute-virtual-cell-atlas/scbasecount/2026-01-12/h5ad/GeneFull/Homo_sapiens/SRX19844826.h5ad,,2026-07-30 14:53:14,OSError: Project was not passed and could not be determined from the environment.
208/1048,SRX19844840,failed,gs://arc-institute-virtual-cell-atlas/scbasecount/2026-01-12/h5ad/GeneFull/Homo_sapiens/SRX19844840.h5ad,arc-institute-virtual-cell-atlas/scbasecount/2026-01-12/h5ad/GeneFull/Homo_sapiens/SRX19844840.h5ad,,2026-07-30 14:53:14,OSError: Project was not passed and could not be determined from the environment.
209/1048,SRX25737230,failed,gs://arc-institute-virtual-cell-atlas/scbasecount/2026-01-12/h5ad/GeneFull/Homo_sapiens/SRX25737230.h5ad,arc-institute-virtual-cell-atlas/scbasecount/2026-01-12/h5ad/GeneFull/Homo_sapiens/SRX25737230.h5ad,,2026-07-30 14:53:14,OSError: Project was not passed and could not be determined from the environment.
210/1048,SRX19780685,failed,gs://arc-institute-virtual-cell-atlas/scbasecount/2026-01-12/h5ad/GeneFull/Homo_sapiens/SRX19780685.h5ad,arc-institute-virtual-cell-atlas/scbasecount/2026-01-12/h5ad/GeneFull/Homo_sapiens/SRX19780685.h5ad,,2026-07-30 14:53:14,OSError: Project was not passed and could not be determined from the environment.
211/1048,SRX19844829,failed,gs://arc-institute-virtual-cell-atlas/scbasecount/2026-01-12/h5ad/GeneFull/Homo_sapiens/SRX19844829.h5ad,arc-institute-virtual-cell-atlas/scbasecount/2026-01-12/h5ad/GeneFull/Homo_sapiens/SRX19844829.h5ad,,2026-07-30 14:53:14,OSError: Project was not passed and could not be determined from the environment.
212/1048,SRX19844841,failed,gs://arc-institute-virtual-cell-atlas/scbasecount/2026-01-12/h5ad/GeneFull/Homo_sapiens/SRX19844841.h5ad,arc-institute-virtual-cell-atlas/scbasecount/2026-01-12/h5ad/GeneFull/Homo_sapiens/SRX19844841.h5ad,,2026-07-30 14:53:14,OSError: Project was not passed and could not be determined from the environment.
213/1048,SRX19836242,failed,gs://arc-institute-virtual-cell-atlas/scbasecount/2026-01-12/h5ad/GeneFull/Homo_sapiens/SRX19836242.h5ad,arc-institute-virtual-cell-atlas/scbasecount/2026-01-12/h5ad/GeneFull/Homo_sapiens/SRX19836242.h5ad,,2026-07-30 14:53:14,OSError: Project was not passed and could not be determined from the environment.
214/1048,SRX18965980,failed,gs://arc-institute-virtual-cell-atlas/scbasecount/2026-01-12/h5ad/GeneFull/Homo_sapiens/SRX18965980.h5ad,arc-institute-virtual-cell-atlas/scbasecount/2026-01-12/h5ad/GeneFull/Homo_sapiens/SRX18965980.h5ad,,2026-07-30 14:53:14,OSError: Project was not passed and could not be determined from the environment.
215/1048,SRX18965985,failed,gs://arc-institute-virtual-cell-atlas/scbasecount/2026-01-12/h5ad/GeneFull/Homo_sapiens/SRX18965985.h5ad,arc-institute-virtual-cell-atlas/scbasecount/2026-01-12/h5ad/GeneFull/Homo_sapiens/SRX18965985.h5ad,,2026-07-30 14:53:14,OSError: Project was not passed and could not be determined from the environment.
216/1048,SRX18965986,failed,gs://arc-institute-virtual-cell-atlas/scbasecount/2026-01-12/h5ad/GeneFull/Homo_sapiens/SRX18965986.h5ad,arc-institute-virtual-cell-atlas/scbasecount/2026-01-12/h5ad/GeneFull/Homo_sapiens/SRX18965986.h5ad,,2026-07-30 14:53:14,OSError: Project was not passed and could not be determined from the environment.
217/1048,SRX18965976,failed,gs://arc-institute-virtual-cell-atlas/scbasecount/2026-01-12/h5ad/GeneFull/Homo_sapiens/SRX18965976.h5ad,arc-institute-virtual-cell-atlas/scbasecount/2026-01-12/h5ad/GeneFull/Homo_sapiens/SRX18965976.h5ad,,2026-07-30 14:53:14,OSError: Project was not passed and could not be determined from the environment.
218/1048,SRX19844814,failed,gs://arc-institute-virtual-cell-atlas/scbasecount/2026-01-12/h5ad/GeneFull/Homo_sapiens/SRX19844814.h5ad,arc-institute-virtual-cell-atlas/scbasecount/2026-01-12/h5ad/GeneFull/Homo_sapiens/SRX19844814.h5ad,,2026-07-30 14:53:14,OSError: Project was not passed and could not be determined from the environment.
219/1048,SRX19844815,failed,gs://arc-institute-virtual-cell-atlas/scbasecount/2026-01-12/h5ad/GeneFull/Homo_sapiens/SRX19844815.h5ad,arc-institute-virtual-cell-atlas/scbasecount/2026-01-12/h5ad/GeneFull/Homo_sapiens/SRX19844815.h5ad,,2026-07-30 14:53:14,OSError: Project was not passed and could not be determined from the environment.
220/1048,SRX19780686,failed,gs://arc-institute-virtual-cell-atlas/scbasecount/2026-01-12/h5ad/GeneFull/Homo_sapiens/SRX19780686.h5ad,arc-institute-virtual-cell-atlas/scbasecount/2026-01-12/h5ad/GeneFull/Homo_sapiens/SRX19780686.h5ad,,2026-07-30 14:53:14,OSError: Project was not passed and could not be determined from the environment.
221/1048,SRX25737229,failed,gs://arc-institute-virtual-cell-atlas/scbasecount/2026-01-12/h5ad/GeneFull/Homo_sapiens/SRX25737229.h5ad,arc-institute-virtual-cell-atlas/scbasecount/2026-01-12/h5ad/GeneFull/Homo_sapiens/SRX25737229.h5ad,,2026-07-30 14:53:14,OSError: Project was not passed and could not be determined from the environment.
222/1048,SRX19844813,failed,gs://arc-institute-virtual-cell-atlas/scbasecount/2026-01-12/h5ad/GeneFull/Homo_sapiens/SRX19844813.h5ad,arc-institute-virtual-cell-atlas/scbasecount/2026-01-12/h5ad/GeneFull/Homo_sapiens/SRX19844813.h5ad,,2026-07-30 14:53:14,OSError: Project was not passed and could not be determined from the environment.
223/1048,SRX19844812,failed,gs://arc-institute-virtual-cell-atlas/scbasecount/2026-01-12/h5ad/GeneFull/Homo_sapiens/SRX19844812.h5ad,arc-institute-virtual-cell-atlas/scbasecount/2026-01-12/h5ad/GeneFull/Homo_sapiens/SRX19844812.h5ad,,2026-07-30 14:53:14,OSError: Project was not passed and could not be determined from the environment.
224/1048,SRX19844842,failed,gs://arc-institute-virtual-cell-atlas/scbasecount/2026-01-12/h5ad/GeneFull/Homo_sapiens/SRX19844842.h5ad,arc-institute-virtual-cell-atlas/scbasecount/2026-01-12/h5ad/GeneFull/Homo_sapiens/SRX19844842.h5ad,,2026-07-30 14:53:14,OSError: Project was not passed and could not be determined from the environment.
225/1048,SRX19836241,failed,gs://arc-institute-virtual-cell-atlas/scbasecount/2026-01-12/h5ad/GeneFull/Homo_sapiens/SRX19836241.h5ad,arc-institute-virtual-cell-atlas/scbasecount/2026-01-12/h5ad/GeneFull/Homo_sapiens/SRX19836241.h5ad,,2026-07-30 14:53:14,OSError: Project was not passed and could not be determined from the environment.
226/1048,SRX19886026,failed,gs://arc-institute-virtual-cell-atlas/scbasecount/2026-01-12/h5ad/GeneFull/Homo_sapiens/SRX19886026.h5ad,arc-institute-virtual-cell-atlas/scbasecount/2026-01-12/h5ad/GeneFull/Homo_sapiens/SRX19886026.h5ad,,2026-07-30 14:53:14,OSError: Project was not passed and could not be determined from the environment.
227/1048,SRX19844850,failed,gs://arc-institute-virtual-cell-atlas/scbasecount/2026-01-12/h5ad/GeneFull/Homo_sapiens/SRX19844850.h5ad,arc-institute-virtual-cell-atlas/scbasecount/2026-01-12/h5ad/GeneFull/Homo_sapiens/SRX19844850.h5ad,,2026-07-30 14:53:14,OSError: Project was not passed and could not be determined from the environment.
228/1048,SRX25737227,failed,gs://arc-institute-virtual-cell-atlas/scbasecount/2026-01-12/h5ad/GeneFull/Homo_sapiens/SRX25737227.h5ad,arc-institute-virtual-cell-atlas/scbasecount/2026-01-12/h5ad/GeneFull/Homo_sapiens/SRX25737227.h5ad,,2026-07-30 14:53:14,OSError: Project was not passed and could not be determined from the environment.
229/1048,SRX25737232,failed,gs://arc-institute-virtual-cell-atlas/scbasecount/2026-01-12/h5ad/GeneFull/Homo_sapiens/SRX25737232.h5ad,arc-institute-virtual-cell-atlas/scbasecount/2026-01-12/h5ad/GeneFull/Homo_sapiens/SRX25737232.h5ad,,2026-07-30 14:53:14,OSError: Project was not passed and could not be determined from the environment.
230/1048,SRX19844847,failed,gs://arc-institute-virtual-cell-atlas/scbasecount/2026-01-12/h5ad/GeneFull/Homo_sapiens/SRX19844847.h5ad,arc-institute-virtual-cell-atlas/scbasecount/2026-01-12/h5ad/GeneFull/Homo_sapiens/SRX19844847.h5ad,,2026-07-30 14:53:14,OSError: Project was not passed and could not be determined from the environment.
231/1048,SRX19886041,failed,gs://arc-institute-virtual-cell-atlas/scbasecount/2026-01-12/h5ad/GeneFull/Homo_sapiens/SRX19886041.h5ad,arc-institute-virtual-cell-atlas/scbasecount/2026-01-12/h5ad/GeneFull/Homo_sapiens/SRX19886041.h5ad,,2026-07-30 14:53:14,OSError: Project was not passed and could not be determined from the environment.
232/1048,SRX19704116,failed,gs://arc-institute-virtual-cell-atlas/scbasecount/2026-01-12/h5ad/GeneFull/Homo_sapiens/SRX19704116.h5ad,arc-institute-virtual-cell-atlas/scbasecount/2026-01-12/h5ad/GeneFull/Homo_sapiens/SRX19704116.h5ad,,2026-07-30 14:53:14,OSError: Project was not passed and could not be determined from the environment.
233/1048,SRX19910927,failed,gs://arc-institute-virtual-cell-atlas/scbasecount/2026-01-12/h5ad/GeneFull/Homo_sapiens/SRX19910927.h5ad,arc-institute-virtual-cell-atlas/scbasecount/2026-01-12/h5ad/GeneFull/Homo_sapiens/SRX19910927.h5ad,,2026-07-30 14:53:14,OSError: Project was not passed and could not be determined from the environment.
234/1048,SRX19910935,failed,gs://arc-institute-virtual-cell-atlas/scbasecount/2026-01-12/h5ad/GeneFull/Homo_sapiens/SRX19910935.h5ad,arc-institute-virtual-cell-atlas/scbasecount/2026-01-12/h5ad/GeneFull/Homo_sapiens/SRX19910935.h5ad,,2026-07-30 14:53:14,OSError: Project was not passed and could not be determined from the environment.
235/1048,SRX19910933,failed,gs://arc-institute-virtual-cell-atlas/scbasecount/2026-01-12/h5ad/GeneFull/Homo_sapiens/SRX19910933.h5ad,arc-institute-virtual-cell-atlas/scbasecount/2026-01-12/h5ad/GeneFull/Homo_sapiens/SRX19910933.h5ad,,2026-07-30 14:53:14,OSError: Project was not passed and could not be determined from the environment.
236/1048,SRX19907930,failed,gs://arc-institute-virtual-cell-atlas/scbasecount/2026-01-12/h5ad/GeneFull/Homo_sapiens/SRX19907930.h5ad,arc-institute-virtual-cell-atlas/scbasecount/2026-01-12/h5ad/GeneFull/Homo_sapiens/SRX19907930.h5ad,,2026-07-30 14:53:14,OSError: Project was not passed and could not be determined from the environment.
237/1048,SRX19910912,failed,gs://arc-institute-virtual-cell-atlas/scbasecount/2026-01-12/h5ad/GeneFull/Homo_sapiens/SRX19910912.h5ad,arc-institute-virtual-cell-atlas/scbasecount/2026-01-12/h5ad/GeneFull/Homo_sapiens/SRX19910912.h5ad,,2026-07-30 14:53:14,OSError: Project was not passed and could not be determined from the environment.
238/1048,SRX19907927,failed,gs://arc-institute-virtual-cell-atlas/scbasecount/2026-01-12/h5ad/GeneFull/Homo_sapiens/SRX19907927.h5ad,arc-institute-virtual-cell-atlas/scbasecount/2026-01-12/h5ad/GeneFull/Homo_sapiens/SRX19907927.h5ad,,2026-07-30 14:53:14,OSError: Project was not passed and could not be determined from the environment.
239/1048,SRX19910941,failed,gs://arc-institute-virtual-cell-atlas/scbasecount/2026-01-12/h5ad/GeneFull/Homo_sapiens/SRX19910941.h5ad,arc-institute-virtual-cell-atlas/scbasecount/2026-01-12/h5ad/GeneFull/Homo_sapiens/SRX19910941.h5ad,,2026-07-30 14:53:14,OSError: Project was not passed and could not be determined from the environment.
240/1048,SRX19704154,failed,gs://arc-institute-virtual-cell-atlas/scbasecount/2026-01-12/h5ad/GeneFull/Homo_sapiens/SRX19704154.h5ad,arc-institute-virtual-cell-atlas/scbasecount/2026-01-12/h5ad/GeneFull/Homo_sapiens/SRX19704154.h5ad,,2026-07-30 14:53:14,OSError: Project was not passed and could not be determined from the environment.
241/1048,SRX19704153,failed,gs://arc-institute-virtual-cell-atlas/scbasecount/2026-01-12/h5ad/GeneFull/Homo_sapiens/SRX19704153.h5ad,arc-institute-virtual-cell-atlas/scbasecount/2026-01-12/h5ad/GeneFull/Homo_sapiens/SRX19704153.h5ad,,2026-07-30 14:53:14,OSError: Project was not passed and could not be determined from the environment.
242/1048,SRX20180659,failed,gs://arc-institute-virtual-cell-atlas/scbasecount/2026-01-12/h5ad/GeneFull/Homo_sapiens/SRX20180659.h5ad,arc-institute-virtual-cell-atlas/scbasecount/2026-01-12/h5ad/GeneFull/Homo_sapiens/SRX20180659.h5ad,,2026-07-30 14:53:14,OSError: Project was not passed and could not be determined from the environment.
243/1048,SRX20180655,failed,gs://arc-institute-virtual-cell-atlas/scbasecount/2026-01-12/h5ad/GeneFull/Homo_sapiens/SRX20180655.h5ad,arc-institute-virtual-cell-atlas/scbasecount/2026-01-12/h5ad/GeneFull/Homo_sapiens/SRX20180655.h5ad,,2026-07-30 14:53:14,OSError: Project was not passed and could not be determined from the environment.
244/1048,SRX10606547,failed,gs://arc-institute-virtual-cell-atlas/scbasecount/2026-01-12/h5ad/GeneFull/Homo_sapiens/SRX10606547.h5ad,arc-institute-virtual-cell-atlas/scbasecount/2026-01-12/h5ad/GeneFull/Homo_sapiens/SRX10606547.h5ad,,2026-07-30 14:53:14,OSError: Project was not passed and could not be determined from the environment.
245/1048,SRX25737234,failed,gs://arc-institute-virtual-cell-atlas/scbasecount/2026-01-12/h5ad/GeneFull/Homo_sapiens/SRX25737234.h5ad,arc-institute-virtual-cell-atlas/scbasecount/2026-01-12/h5ad/GeneFull/Homo_sapiens/SRX25737234.h5ad,,2026-07-30 14:53:14,OSError: Project was not passed and could not be determined from the environment.
246/1048,SRX20180654,failed,gs://arc-institute-virtual-cell-atlas/scbasecount/2026-01-12/h5ad/GeneFull/Homo_sapiens/SRX20180654.h5ad,arc-institute-virtual-cell-atlas/scbasecount/2026-01-12/h5ad/GeneFull/Homo_sapiens/SRX20180654.h5ad,,2026-07-30 14:53:14,OSError: Project was not passed and could not be determined from the environment.
247/1048,SRX19693847,failed,gs://arc-institute-virtual-cell-atlas/scbasecount/2026-01-12/h5ad/GeneFull/Homo_sapiens/SRX19693847.h5ad,arc-institute-virtual-cell-atlas/scbasecount/2026-01-12/h5ad/GeneFull/Homo_sapiens/SRX19693847.h5ad,,2026-07-30 14:53:14,OSError: Project was not passed and could not be determined from the environment.
248/1048,SRX25737231,failed,gs://arc-institute-virtual-cell-atlas/scbasecount/2026-01-12/h5ad/GeneFull/Homo_sapiens/SRX25737231.h5ad,arc-institute-virtual-cell-atlas/scbasecount/2026-01-12/h5ad/GeneFull/Homo_sapiens/SRX25737231.h5ad,,2026-07-30 14:53:14,OSError: Project was not passed and could not be determined from the environment.
249/1048,SRX19704175,failed,gs://arc-institute-virtual-cell-atlas/scbasecount/2026-01-12/h5ad/GeneFull/Homo_sapiens/SRX19704175.h5ad,arc-institute-virtual-cell-atlas/scbasecount/2026-01-12/h5ad/GeneFull/Homo_sapiens/SRX19704175.h5ad,,2026-07-30 14:53:14,OSError: Project was not passed and could not be determined from the environment.
250/1048,SRX19727433,failed,gs://arc-institute-virtual-cell-atlas/scbasecount/2026-01-12/h5ad/GeneFull/Homo_sapiens/SRX19727433.h5ad,arc-institute-virtual-cell-atlas/scbasecount/2026-01-12/h5ad/GeneFull/Homo_sapiens/SRX19727433.h5ad,,2026-07-30 14:53:14,OSError: Project was not passed and could not be determined from the environment.
251/1048,SRX19727426,failed,gs://arc-institute-virtual-cell-atlas/scbasecount/2026-01-12/h5ad/GeneFull/Homo_sapiens/SRX19727426.h5ad,arc-institute-virtual-cell-atlas/scbasecount/2026-01-12/h5ad/GeneFull/Homo_sapiens/SRX19727426.h5ad,,2026-07-30 14:53:14,OSError: Project was not passed and could not be determined from the environment.
252/1048,SRX19704173,failed,gs://arc-institute-virtual-cell-atlas/scbasecount/2026-01-12/h5ad/GeneFull/Homo_sapiens/SRX19704173.h5ad,arc-institute-virtual-cell-atlas/scbasecount/2026-01-12/h5ad/GeneFull/Homo_sapiens/SRX19704173.h5ad,,2026-07-30 14:53:14,OSError: Project was not passed and could not be determined from the environment.
253/1048,SRX19780680,failed,gs://arc-institute-virtual-cell-atlas/scbasecount/2026-01-12/h5ad/GeneFull/Homo_sapiens/SRX19780680.h5ad,arc-institute-virtual-cell-atlas/scbasecount/2026-01-12/h5ad/GeneFull/Homo_sapiens/SRX19780680.h5ad,,2026-07-30 14:53:14,OSError: Project was not passed and could not be determined from the environment.
254/1048,SRX19704172,failed,gs://arc-institute-virtual-cell-atlas/scbasecount/2026-01-12/h5ad/GeneFull/Homo_sapiens/SRX19704172.h5ad,arc-institute-virtual-cell-atlas/scbasecount/2026-01-12/h5ad/GeneFull/Homo_sapiens/SRX19704172.h5ad,,2026-07-30 14:53:14,OSError: Project was not passed and could not be determined from the environment.
255/1048,SRX25737235,failed,gs://arc-institute-virtual-cell-atlas/scbasecount/2026-01-12/h5ad/GeneFull/Homo_sapiens/SRX25737235.h5ad,arc-institute-virtual-cell-atlas/scbasecount/2026-01-12/h5ad/GeneFull/Homo_sapiens/SRX25737235.h5ad,,2026-07-30 14:53:14,OSError: Project was not passed and could not be determined from the environment.
256/1048,SRX19780682,failed,gs://arc-institute-virtual-cell-atlas/scbasecount/2026-01-12/h5ad/GeneFull/Homo_sapiens/SRX19780682.h5ad,arc-institute-virtual-cell-atlas/scbasecount/2026-01-12/h5ad/GeneFull/Homo_sapiens/SRX19780682.h5ad,,2026-07-30 14:53:14,OSError: Project was not passed and could not be determined from the environment.
257/1048,SRX19780683,failed,gs://arc-institute-virtual-cell-atlas/scbasecount/2026-01-12/h5ad/GeneFull/Homo_sapiens/SRX19780683.h5ad,arc-institute-virtual-cell-atlas/scbasecount/2026-01-12/h5ad/GeneFull/Homo_sapiens/SRX19780683.h5ad,,2026-07-30 14:53:14,OSError: Project was not passed and could not be determined from the environment.
258/1048,SRX19780684,failed,gs://arc-institute-virtual-cell-atlas/scbasecount/2026-01-12/h5ad/GeneFull/Homo_sapiens/SRX19780684.h5ad,arc-institute-virtual-cell-atlas/scbasecount/2026-01-12/h5ad/GeneFull/Homo_sapiens/SRX19780684.h5ad,,2026-07-30 14:53:14,OSError: Project was not passed and could not be determined from the environment.
259/1048,SRX19780678,failed,gs://arc-institute-virtual-cell-atlas/scbasecount/2026-01-12/h5ad/GeneFull/Homo_sapiens/SRX19780678.h5ad,arc-institute-virtual-cell-atlas/scbasecount/2026-01-12/h5ad/GeneFull/Homo_sapiens/SRX19780678.h5ad,,2026-07-30 14:53:14,OSError: Project was not passed and could not be determined from the environment.
260/1048,SRX19704903,failed,gs://arc-institute-virtual-cell-atlas/scbasecount/2026-01-12/h5ad/GeneFull/Homo_sapiens/SRX19704903.h5ad,arc-institute-virtual-cell-atlas/scbasecount/2026-01-12/h5ad/GeneFull/Homo_sapiens/SRX19704903.h5ad,,2026-07-30 14:53:14,OSError: Project was not passed and could not be determined from the environment.
261/1048,SRX20811756,failed,gs://arc-institute-virtual-cell-atlas/scbasecount/2026-01-12/h5ad/GeneFull/Homo_sapiens/SRX20811756.h5ad,arc-institute-virtual-cell-atlas/scbasecount/2026-01-12/h5ad/GeneFull/Homo_sapiens/SRX20811756.h5ad,,2026-07-30 14:53:14,OSError: Project was not passed and could not be determined from the environment.
262/1048,SRX20811757,failed,gs://arc-institute-virtual-cell-atlas/scbasecount/2026-01-12/h5ad/GeneFull/Homo_sapiens/SRX20811757.h5ad,arc-institute-virtual-cell-atlas/scbasecount/2026-01-12/h5ad/GeneFull/Homo_sapiens/SRX20811757.h5ad,,2026-07-30 14:53:14,OSError: Project was not passed and could not be determined from the environment.
263/1048,SRX20811755,failed,gs://arc-institute-virtual-cell-atlas/scbasecount/2026-01-12/h5ad/GeneFull/Homo_sapiens/SRX20811755.h5ad,arc-institute-virtual-cell-atlas/scbasecount/2026-01-12/h5ad/GeneFull/Homo_sapiens/SRX20811755.h5ad,,2026-07-30 14:53:14,OSError: Project was not passed and could not be determined from the environment.
264/1048,SRX20970828,failed,gs://arc-institute-virtual-cell-atlas/scbasecount/2026-01-12/h5ad/GeneFull/Homo_sapiens/SRX20970828.h5ad,arc-institute-virtual-cell-atlas/scbasecount/2026-01-12/h5ad/GeneFull/Homo_sapiens/SRX20970828.h5ad,,2026-07-30 14:53:14,OSError: Project was not passed and could not be determined from the environment.
265/1048,SRX20811747,failed,gs://arc-institute-virtual-cell-atlas/scbasecount/2026-01-12/h5ad/GeneFull/Homo_sapiens/SRX20811747.h5ad,arc-institute-virtual-cell-atlas/scbasecount/2026-01-12/h5ad/GeneFull/Homo_sapiens/SRX20811747.h5ad,,2026-07-30 14:53:14,OSError: Project was not passed and could not be determined from the environment.
266/1048,SRX20811748,failed,gs://arc-institute-virtual-cell-atlas/scbasecount/2026-01-12/h5ad/GeneFull/Homo_sapiens/SRX20811748.h5ad,arc-institute-virtual-cell-atlas/scbasecount/2026-01-12/h5ad/GeneFull/Homo_sapiens/SRX20811748.h5ad,,2026-07-30 14:53:14,OSError: Project was not passed and could not be determined from the environment.
267/1048,SRX20811749,failed,gs://arc-institute-virtual-cell-atlas/scbasecount/2026-01-12/h5ad/GeneFull/Homo_sapiens/SRX20811749.h5ad,arc-institute-virtual-cell-atlas/scbasecount/2026-01-12/h5ad/GeneFull/Homo_sapiens/SRX20811749.h5ad,,2026-07-30 14:53:14,OSError: Project was not passed and could not be determined from the environment.
268/1048,SRX20811743,failed,gs://arc-institute-virtual-cell-atlas/scbasecount/2026-01-12/h5ad/GeneFull/Homo_sapiens/SRX20811743.h5ad,arc-institute-virtual-cell-atlas/scbasecount/2026-01-12/h5ad/GeneFull/Homo_sapiens/SRX20811743.h5ad,,2026-07-30 14:53:14,OSError: Project was not passed and could not be determined from the environment.
269/1048,SRX21311408,failed,gs://arc-institute-virtual-cell-atlas/scbasecount/2026-01-12/h5ad/GeneFull/Homo_sapiens/SRX21311408.h5ad,arc-institute-virtual-cell-atlas/scbasecount/2026-01-12/h5ad/GeneFull/Homo_sapiens/SRX21311408.h5ad,,2026-07-30 14:53:14,OSError: Project was not passed and could not be determined from the environment.
270/1048,SRX21460116,failed,gs://arc-institute-virtual-cell-atlas/scbasecount/2026-01-12/h5ad/GeneFull/Homo_sapiens/SRX21460116.h5ad,arc-institute-virtual-cell-atlas/scbasecount/2026-01-12/h5ad/GeneFull/Homo_sapiens/SRX21460116.h5ad,,2026-07-30 14:53:14,OSError: Project was not passed and could not be determined from the environment.
271/1048,SRX21460117,failed,gs://arc-institute-virtual-cell-atlas/scbasecount/2026-01-12/h5ad/GeneFull/Homo_sapiens/SRX21460117.h5ad,arc-institute-virtual-cell-atlas/scbasecount/2026-01-12/h5ad/GeneFull/Homo_sapiens/SRX21460117.h5ad,,2026-07-30 14:53:14,OSError: Project was not passed and could not be determined from the environment.
272/1048,SRX21460106,failed,gs://arc-institute-virtual-cell-atlas/scbasecount/2026-01-12/h5ad/GeneFull/Homo_sapiens/SRX21460106.h5ad,arc-institute-virtual-cell-atlas/scbasecount/2026-01-12/h5ad/GeneFull/Homo_sapiens/SRX21460106.h5ad,,2026-07-30 14:53:14,OSError: Project was not passed and could not be determined from the environment.
273/1048,SRX19366526,failed,gs://arc-institute-virtual-cell-atlas/scbasecount/2026-01-12/h5ad/GeneFull/Homo_sapiens/SRX19366526.h5ad,arc-institute-virtual-cell-atlas/scbasecount/2026-01-12/h5ad/GeneFull/Homo_sapiens/SRX19366526.h5ad,,2026-07-30 14:53:14,OSError: Project was not passed and could not be determined from the environment.
274/1048,SRX21460094,failed,gs://arc-institute-virtual-cell-atlas/scbasecount/2026-01-12/h5ad/GeneFull/Homo_sapiens/SRX21460094.h5ad,arc-institute-virtual-cell-atlas/scbasecount/2026-01-12/h5ad/GeneFull/Homo_sapiens/SRX21460094.h5ad,,2026-07-30 14:53:14,OSError: Project was not passed and could not be determined from the environment.
275/1048,SRX21460115,failed,gs://arc-institute-virtual-cell-atlas/scbasecount/2026-01-12/h5ad/GeneFull/Homo_sapiens/SRX21460115.h5ad,arc-institute-virtual-cell-atlas/scbasecount/2026-01-12/h5ad/GeneFull/Homo_sapiens/SRX21460115.h5ad,,2026-07-30 14:53:14,OSError: Project was not passed and could not be determined from the environment.
276/1048,SRX21460093,failed,gs://arc-institute-virtual-cell-atlas/scbasecount/2026-01-12/h5ad/GeneFull/Homo_sapiens/SRX21460093.h5ad,arc-institute-virtual-cell-atlas/scbasecount/2026-01-12/h5ad/GeneFull/Homo_sapiens/SRX21460093.h5ad,,2026-07-30 14:53:14,OSError: Project was not passed and could not be determined from the environment.
277/1048,SRX21808828,failed,gs://arc-institute-virtual-cell-atlas/scbasecount/2026-01-12/h5ad/GeneFull/Homo_sapiens/SRX21808828.h5ad,arc-institute-virtual-cell-atlas/scbasecount/2026-01-12/h5ad/GeneFull/Homo_sapiens/SRX21808828.h5ad,,2026-07-30 14:53:14,OSError: Project was not passed and could not be determined from the environment.
278/1048,SRX25737228,failed,gs://arc-institute-virtual-cell-atlas/scbasecount/2026-01-12/h5ad/GeneFull/Homo_sapiens/SRX25737228.h5ad,arc-institute-virtual-cell-atlas/scbasecount/2026-01-12/h5ad/GeneFull/Homo_sapiens/SRX25737228.h5ad,,2026-07-30 14:53:14,OSError: Project was not passed and could not be determined from the environment.
279/1048,SRX21897877,failed,gs://arc-institute-virtual-cell-atlas/scbasecount/2026-01-12/h5ad/GeneFull/Homo_sapiens/SRX21897877.h5ad,arc-institute-virtual-cell-atlas/scbasecount/2026-01-12/h5ad/GeneFull/Homo_sapiens/SRX21897877.h5ad,,2026-07-30 14:53:14,OSError: Project was not passed and could not be determined from the environment.
280/1048,SRX21897874,failed,gs://arc-institute-virtual-cell-atlas/scbasecount/2026-01-12/h5ad/GeneFull/Homo_sapiens/SRX21897874.h5ad,arc-institute-virtual-cell-atlas/scbasecount/2026-01-12/h5ad/GeneFull/Homo_sapiens/SRX21897874.h5ad,,2026-07-30 14:53:14,OSError: Project was not passed and could not be determined from the environment.
281/1048,SRX21897868,failed,gs://arc-institute-virtual-cell-atlas/scbasecount/2026-01-12/h5ad/GeneFull/Homo_sapiens/SRX21897868.h5ad,arc-institute-virtual-cell-atlas/scbasecount/2026-01-12/h5ad/GeneFull/Homo_sapiens/SRX21897868.h5ad,,2026-07-30 14:53:14,OSError: Project was not passed and could not be determined from the environment.
282/1048,SRX22558190,failed,gs://arc-institute-virtual-cell-atlas/scbasecount/2026-01-12/h5ad/GeneFull/Homo_sapiens/SRX22558190.h5ad,arc-institute-virtual-cell-atlas/scbasecount/2026-01-12/h5ad/GeneFull/Homo_sapiens/SRX22558190.h5ad,,2026-07-30 14:53:14,OSError: Project was not passed and could not be determined from the environment.
283/1048,SRX22558193,failed,gs://arc-institute-virtual-cell-atlas/scbasecount/2026-01-12/h5ad/GeneFull/Homo_sapiens/SRX22558193.h5ad,arc-institute-virtual-cell-atlas/scbasecount/2026-01-12/h5ad/GeneFull/Homo_sapiens/SRX22558193.h5ad,,2026-07-30 14:53:14,OSError: Project was not passed and could not be determined from the environment.
284/1048,SRX22538049,failed,gs://arc-institute-virtual-cell-atlas/scbasecount/2026-01-12/h5ad/GeneFull/Homo_sapiens/SRX22538049.h5ad,arc-institute-virtual-cell-atlas/scbasecount/2026-01-12/h5ad/GeneFull/Homo_sapiens/SRX22538049.h5ad,,2026-07-30 14:53:14,OSError: Project was not passed and could not be determined from the environment.
285/1048,SRX22836418,failed,gs://arc-institute-virtual-cell-atlas/scbasecount/2026-01-12/h5ad/GeneFull/Homo_sapiens/SRX22836418.h5ad,arc-institute-virtual-cell-atlas/scbasecount/2026-01-12/h5ad/GeneFull/Homo_sapiens/SRX22836418.h5ad,,2026-07-30 14:53:14,OSError: Project was not passed and could not be determined from the environment.
286/1048,SRX22836421,failed,gs://arc-institute-virtual-cell-atlas/scbasecount/2026-01-12/h5ad/GeneFull/Homo_sapiens/SRX22836421.h5ad,arc-institute-virtual-cell-atlas/scbasecount/2026-01-12/h5ad/GeneFull/Homo_sapiens/SRX22836421.h5ad,,2026-07-30 14:53:14,OSError: Project was not passed and could not be determined from the environment.
287/1048,SRX23341417,failed,gs://arc-institute-virtual-cell-atlas/scbasecount/2026-01-12/h5ad/GeneFull/Homo_sapiens/SRX23341417.h5ad,arc-institute-virtual-cell-atlas/scbasecount/2026-01-12/h5ad/GeneFull/Homo_sapiens/SRX23341417.h5ad,,2026-07-30 14:53:14,OSError: Project was not passed and could not be determined from the environment.
288/1048,SRX23341416,failed,gs://arc-institute-virtual-cell-atlas/scbasecount/2026-01-12/h5ad/GeneFull/Homo_sapiens/SRX23341416.h5ad,arc-institute-virtual-cell-atlas/scbasecount/2026-01-12/h5ad/GeneFull/Homo_sapiens/SRX23341416.h5ad,,2026-07-30 14:53:14,OSError: Project was not passed and could not be determined from the environment.
289/1048,SRX23341414,failed,gs://arc-institute-virtual-cell-atlas/scbasecount/2026-01-12/h5ad/GeneFull/Homo_sapiens/SRX23341414.h5ad,arc-institute-virtual-cell-atlas/scbasecount/2026-01-12/h5ad/GeneFull/Homo_sapiens/SRX23341414.h5ad,,2026-07-30 14:53:14,OSError: Project was not passed and could not be determined from the environment.
290/1048,SRX23331467,failed,gs://arc-institute-virtual-cell-atlas/scbasecount/2026-01-12/h5ad/GeneFull/Homo_sapiens/SRX23331467.h5ad,arc-institute-virtual-cell-atlas/scbasecount/2026-01-12/h5ad/GeneFull/Homo_sapiens/SRX23331467.h5ad,,2026-07-30 14:53:14,OSError: Project was not passed and could not be determined from the environment.
291/1048,SRX23341415,failed,gs://arc-institute-virtual-cell-atlas/scbasecount/2026-01-12/h5ad/GeneFull/Homo_sapiens/SRX23341415.h5ad,arc-institute-virtual-cell-atlas/scbasecount/2026-01-12/h5ad/GeneFull/Homo_sapiens/SRX23341415.h5ad,,2026-07-30 14:53:14,OSError: Project was not passed and could not be determined from the environment.
292/1048,SRX23331461,failed,gs://arc-institute-virtual-cell-atlas/scbasecount/2026-01-12/h5ad/GeneFull/Homo_sapiens/SRX23331461.h5ad,arc-institute-virtual-cell-atlas/scbasecount/2026-01-12/h5ad/GeneFull/Homo_sapiens/SRX23331461.h5ad,,2026-07-30 14:53:14,OSError: Project was not passed and could not be determined from the environment.
293/1048,SRX23331464,failed,gs://arc-institute-virtual-cell-atlas/scbasecount/2026-01-12/h5ad/GeneFull/Homo_sapiens/SRX23331464.h5ad,arc-institute-virtual-cell-atlas/scbasecount/2026-01-12/h5ad/GeneFull/Homo_sapiens/SRX23331464.h5ad,,2026-07-30 14:53:14,OSError: Project was not passed and could not be determined from the environment.
294/1048,SRX23331473,failed,gs://arc-institute-virtual-cell-atlas/scbasecount/2026-01-12/h5ad/GeneFull/Homo_sapiens/SRX23331473.h5ad,arc-institute-virtual-cell-atlas/scbasecount/2026-01-12/h5ad/GeneFull/Homo_sapiens/SRX23331473.h5ad,,2026-07-30 14:53:14,OSError: Project was not passed and could not be determined from the environment.
295/1048,SRX23395181,failed,gs://arc-institute-virtual-cell-atlas/scbasecount/2026-01-12/h5ad/GeneFull/Homo_sapiens/SRX23395181.h5ad,arc-institute-virtual-cell-atlas/scbasecount/2026-01-12/h5ad/GeneFull/Homo_sapiens/SRX23395181.h5ad,,2026-07-30 14:53:14,OSError: Project was not passed and could not be determined from the environment.
296/1048,SRX23395180,failed,gs://arc-institute-virtual-cell-atlas/scbasecount/2026-01-12/h5ad/GeneFull/Homo_sapiens/SRX23395180.h5ad,arc-institute-virtual-cell-atlas/scbasecount/2026-01-12/h5ad/GeneFull/Homo_sapiens/SRX23395180.h5ad,,2026-07-30 14:53:14,OSError: Project was not passed and could not be determined from the environment.
297/1048,SRX23331470,failed,gs://arc-institute-virtual-cell-atlas/scbasecount/2026-01-12/h5ad/GeneFull/Homo_sapiens/SRX23331470.h5ad,arc-institute-virtual-cell-atlas/scbasecount/2026-01-12/h5ad/GeneFull/Homo_sapiens/SRX23331470.h5ad,,2026-07-30 14:53:14,OSError: Project was not passed and could not be determined from the environment.
298/1048,SRX23331469,failed,gs://arc-institute-virtual-cell-atlas/scbasecount/2026-01-12/h5ad/GeneFull/Homo_sapiens/SRX23331469.h5ad,arc-institute-virtual-cell-atlas/scbasecount/2026-01-12/h5ad/GeneFull/Homo_sapiens/SRX23331469.h5ad,,2026-07-30 14:53:14,OSError: Project was not passed and could not be determined from the environment.
299/1048,SRX23395182,failed,gs://arc-institute-virtual-cell-atlas/scbasecount/2026-01-12/h5ad/GeneFull/Homo_sapiens/SRX23395182.h5ad,arc-institute-virtual-cell-atlas/scbasecount/2026-01-12/h5ad/GeneFull/Homo_sapiens/SRX23395182.h5ad,,2026-07-30 14:53:14,OSError: Project was not passed and could not be determined from the environment.
300/1048,SRX23395185,failed,gs://arc-institute-virtual-cell-atlas/scbasecount/2026-01-12/h5ad/GeneFull/Homo_sapiens/SRX23395185.h5ad,arc-institute-virtual-cell-atlas/scbasecount/2026-01-12/h5ad/GeneFull/Homo_sapiens/SRX23395185.h5ad,,2026-07-30 14:53:14,OSError: Project was not passed and could not be determined from the environment.
301/1048,SRX23395189,failed,gs://arc-institute-virtual-cell-atlas/scbasecount/2026-01-12/h5ad/GeneFull/Homo_sapiens/SRX23395189.h5ad,arc-institute-virtual-cell-atlas/scbasecount/2026-01-12/h5ad/GeneFull/Homo_sapiens/SRX23395189.h5ad,,2026-07-30 14:53:14,OSError: Project was not passed and could not be determined from the environment.
302/1048,SRX23457973,failed,gs://arc-institute-virtual-cell-atlas/scbasecount/2026-01-12/h5ad/GeneFull/Homo_sapiens/SRX23457973.h5ad,arc-institute-virtual-cell-atlas/scbasecount/2026-01-12/h5ad/GeneFull/Homo_sapiens/SRX23457973.h5ad,,2026-07-30 14:53:14,OSError: Project was not passed and could not be determined from the environment.
303/1048,SRX23457969,failed,gs://arc-institute-virtual-cell-atlas/scbasecount/2026-01-12/h5ad/GeneFull/Homo_sapiens/SRX23457969.h5ad,arc-institute-virtual-cell-atlas/scbasecount/2026-01-12/h5ad/GeneFull/Homo_sapiens/SRX23457969.h5ad,,2026-07-30 14:53:14,OSError: Project was not passed and could not be determined from the environment.
304/1048,SRX23386175,failed,gs://arc-institute-virtual-cell-atlas/scbasecount/2026-01-12/h5ad/GeneFull/Homo_sapiens/SRX23386175.h5ad,arc-institute-virtual-cell-atlas/scbasecount/2026-01-12/h5ad/GeneFull/Homo_sapiens/SRX23386175.h5ad,,2026-07-30 14:53:14,OSError: Project was not passed and could not be determined from the environment.
305/1048,SRX23902409,failed,gs://arc-institute-virtual-cell-atlas/scbasecount/2026-01-12/h5ad/GeneFull/Homo_sapiens/SRX23902409.h5ad,arc-institute-virtual-cell-atlas/scbasecount/2026-01-12/h5ad/GeneFull/Homo_sapiens/SRX23902409.h5ad,,2026-07-30 14:53:14,OSError: Project was not passed and could not be determined from the environment.
306/1048,SRX23826524,failed,gs://arc-institute-virtual-cell-atlas/scbasecount/2026-01-12/h5ad/GeneFull/Homo_sapiens/SRX23826524.h5ad,arc-institute-virtual-cell-atlas/scbasecount/2026-01-12/h5ad/GeneFull/Homo_sapiens/SRX23826524.h5ad,,2026-07-30 14:53:14,OSError: Project was not passed and could not be determined from the environment.
307/1048,SRX23825229,failed,gs://arc-institute-virtual-cell-atlas/scbasecount/2026-01-12/h5ad/GeneFull/Homo_sapiens/SRX23825229.h5ad,arc-institute-virtual-cell-atlas/scbasecount/2026-01-12/h5ad/GeneFull/Homo_sapiens/SRX23825229.h5ad,,2026-07-30 14:53:14,OSError: Project was not passed and could not be determined from the environment.
308/1048,SRX23825228,failed,gs://arc-institute-virtual-cell-atlas/scbasecount/2026-01-12/h5ad/GeneFull/Homo_sapiens/SRX23825228.h5ad,arc-institute-virtual-cell-atlas/scbasecount/2026-01-12/h5ad/GeneFull/Homo_sapiens/SRX23825228.h5ad,,2026-07-30 14:53:14,OSError: Project was not passed and could not be determined from the environment.
309/1048,SRX23825230,failed,gs://arc-institute-virtual-cell-atlas/scbasecount/2026-01-12/h5ad/GeneFull/Homo_sapiens/SRX23825230.h5ad,arc-institute-virtual-cell-atlas/scbasecount/2026-01-12/h5ad/GeneFull/Homo_sapiens/SRX23825230.h5ad,,2026-07-30 14:53:14,OSError: Project was not passed and could not be determined from the environment.
310/1048,SRX23826525,failed,gs://arc-institute-virtual-cell-atlas/scbasecount/2026-01-12/h5ad/GeneFull/Homo_sapiens/SRX23826525.h5ad,arc-institute-virtual-cell-atlas/scbasecount/2026-01-12/h5ad/GeneFull/Homo_sapiens/SRX23826525.h5ad,,2026-07-30 14:53:14,OSError: Project was not passed and could not be determined from the environment.
311/1048,SRX23825226,failed,gs://arc-institute-virtual-cell-atlas/scbasecount/2026-01-12/h5ad/GeneFull/Homo_sapiens/SRX23825226.h5ad,arc-institute-virtual-cell-atlas/scbasecount/2026-01-12/h5ad/GeneFull/Homo_sapiens/SRX23825226.h5ad,,2026-07-30 14:53:14,OSError: Project was not passed and could not be determined from the environment.
312/1048,SRX23825225,failed,gs://arc-institute-virtual-cell-atlas/scbasecount/2026-01-12/h5ad/GeneFull/Homo_sapiens/SRX23825225.h5ad,arc-institute-virtual-cell-atlas/scbasecount/2026-01-12/h5ad/GeneFull/Homo_sapiens/SRX23825225.h5ad,,2026-07-30 14:53:14,OSError: Project was not passed and could not be determined from the environment.
313/1048,SRX24312780,failed,gs://arc-institute-virtual-cell-atlas/scbasecount/2026-01-12/h5ad/GeneFull/Homo_sapiens/SRX24312780.h5ad,arc-institute-virtual-cell-atlas/scbasecount/2026-01-12/h5ad/GeneFull/Homo_sapiens/SRX24312780.h5ad,,2026-07-30 14:53:14,OSError: Project was not passed and could not be determined from the environment.
314/1048,SRX24312783,failed,gs://arc-institute-virtual-cell-atlas/scbasecount/2026-01-12/h5ad/GeneFull/Homo_sapiens/SRX24312783.h5ad,arc-institute-virtual-cell-atlas/scbasecount/2026-01-12/h5ad/GeneFull/Homo_sapiens/SRX24312783.h5ad,,2026-07-30 14:53:14,OSError: Project was not passed and could not be determined from the environment.
315/1048,SRX24312782,failed,gs://arc-institute-virtual-cell-atlas/scbasecount/2026-01-12/h5ad/GeneFull/Homo_sapiens/SRX24312782.h5ad,arc-institute-virtual-cell-atlas/scbasecount/2026-01-12/h5ad/GeneFull/Homo_sapiens/SRX24312782.h5ad,,2026-07-30 14:53:14,OSError: Project was not passed and could not be determined from the environment.
316/1048,SRX24312784,failed,gs://arc-institute-virtual-cell-atlas/scbasecount/2026-01-12/h5ad/GeneFull/Homo_sapiens/SRX24312784.h5ad,arc-institute-virtual-cell-atlas/scbasecount/2026-01-12/h5ad/GeneFull/Homo_sapiens/SRX24312784.h5ad,,2026-07-30 14:53:14,OSError: Project was not passed and could not be determined from the environment.
317/1048,SRX24312768,failed,gs://arc-institute-virtual-cell-atlas/scbasecount/2026-01-12/h5ad/GeneFull/Homo_sapiens/SRX24312768.h5ad,arc-institute-virtual-cell-atlas/scbasecount/2026-01-12/h5ad/GeneFull/Homo_sapiens/SRX24312768.h5ad,,2026-07-30 14:53:14,OSError: Project was not passed and could not be determined from the environment.
318/1048,SRX23395183,failed,gs://arc-institute-virtual-cell-atlas/scbasecount/2026-01-12/h5ad/GeneFull/Homo_sapiens/SRX23395183.h5ad,arc-institute-virtual-cell-atlas/scbasecount/2026-01-12/h5ad/GeneFull/Homo_sapiens/SRX23395183.h5ad,,2026-07-30 14:53:14,OSError: Project was not passed and could not be determined from the environment.
319/1048,SRX22996332,failed,gs://arc-institute-virtual-cell-atlas/scbasecount/2026-01-12/h5ad/GeneFull/Homo_sapiens/SRX22996332.h5ad,arc-institute-virtual-cell-atlas/scbasecount/2026-01-12/h5ad/GeneFull/Homo_sapiens/SRX22996332.h5ad,,2026-07-30 14:53:14,OSError: Project was not passed and could not be determined from the environment.
320/1048,SRX23331466,failed,gs://arc-institute-virtual-cell-atlas/scbasecount/2026-01-12/h5ad/GeneFull/Homo_sapiens/SRX23331466.h5ad,arc-institute-virtual-cell-atlas/scbasecount/2026-01-12/h5ad/GeneFull/Homo_sapiens/SRX23331466.h5ad,,2026-07-30 14:53:14,OSError: Project was not passed and could not be determined from the environment.
321/1048,SRX23457972,failed,gs://arc-institute-virtual-cell-atlas/scbasecount/2026-01-12/h5ad/GeneFull/Homo_sapiens/SRX23457972.h5ad,arc-institute-virtual-cell-atlas/scbasecount/2026-01-12/h5ad/GeneFull/Homo_sapiens/SRX23457972.h5ad,,2026-07-30 14:53:14,OSError: Project was not passed and could not be determined from the environment.
322/1048,SRX23457970,failed,gs://arc-institute-virtual-cell-atlas/scbasecount/2026-01-12/h5ad/GeneFull/Homo_sapiens/SRX23457970.h5ad,arc-institute-virtual-cell-atlas/scbasecount/2026-01-12/h5ad/GeneFull/Homo_sapiens/SRX23457970.h5ad,,2026-07-30 14:53:14,OSError: Project was not passed and could not be determined from the environment.
323/1048,SRX23457983,failed,gs://arc-institute-virtual-cell-atlas/scbasecount/2026-01-12/h5ad/GeneFull/Homo_sapiens/SRX23457983.h5ad,arc-institute-virtual-cell-atlas/scbasecount/2026-01-12/h5ad/GeneFull/Homo_sapiens/SRX23457983.h5ad,,2026-07-30 14:53:14,OSError: Project was not passed and could not be determined from the environment.
324/1048,SRX23457982,failed,gs://arc-institute-virtual-cell-atlas/scbasecount/2026-01-12/h5ad/GeneFull/Homo_sapiens/SRX23457982.h5ad,arc-institute-virtual-cell-atlas/scbasecount/2026-01-12/h5ad/GeneFull/Homo_sapiens/SRX23457982.h5ad,,2026-07-30 14:53:14,OSError: Project was not passed and could not be determined from the environment.
325/1048,SRX23825222,failed,gs://arc-institute-virtual-cell-atlas/scbasecount/2026-01-12/h5ad/GeneFull/Homo_sapiens/SRX23825222.h5ad,arc-institute-virtual-cell-atlas/scbasecount/2026-01-12/h5ad/GeneFull/Homo_sapiens/SRX23825222.h5ad,,2026-07-30 14:53:14,OSError: Project was not passed and could not be determined from the environment.
326/1048,SRX24312785,failed,gs://arc-institute-virtual-cell-atlas/scbasecount/2026-01-12/h5ad/GeneFull/Homo_sapiens/SRX24312785.h5ad,arc-institute-virtual-cell-atlas/scbasecount/2026-01-12/h5ad/GeneFull/Homo_sapiens/SRX24312785.h5ad,,2026-07-30 14:53:14,OSError: Project was not passed and could not be determined from the environment.
327/1048,SRX24476190,failed,gs://arc-institute-virtual-cell-atlas/scbasecount/2026-01-12/h5ad/GeneFull/Homo_sapiens/SRX24476190.h5ad,arc-institute-virtual-cell-atlas/scbasecount/2026-01-12/h5ad/GeneFull/Homo_sapiens/SRX24476190.h5ad,,2026-07-30 14:53:14,OSError: Project was not passed and could not be determined from the environment.
328/1048,SRX24476192,failed,gs://arc-institute-virtual-cell-atlas/scbasecount/2026-01-12/h5ad/GeneFull/Homo_sapiens/SRX24476192.h5ad,arc-institute-virtual-cell-atlas/scbasecount/2026-01-12/h5ad/GeneFull/Homo_sapiens/SRX24476192.h5ad,,2026-07-30 14:53:14,OSError: Project was not passed and could not be determined from the environment.
329/1048,SRX24475802,failed,gs://arc-institute-virtual-cell-atlas/scbasecount/2026-01-12/h5ad/GeneFull/Homo_sapiens/SRX24475802.h5ad,arc-institute-virtual-cell-atlas/scbasecount/2026-01-12/h5ad/GeneFull/Homo_sapiens/SRX24475802.h5ad,,2026-07-30 14:53:14,OSError: Project was not passed and could not be determined from the environment.
330/1048,SRX24475794,failed,gs://arc-institute-virtual-cell-atlas/scbasecount/2026-01-12/h5ad/GeneFull/Homo_sapiens/SRX24475794.h5ad,arc-institute-virtual-cell-atlas/scbasecount/2026-01-12/h5ad/GeneFull/Homo_sapiens/SRX24475794.h5ad,,2026-07-30 14:53:14,OSError: Project was not passed and could not be determined from the environment.
331/1048,SRX24475786,failed,gs://arc-institute-virtual-cell-atlas/scbasecount/2026-01-12/h5ad/GeneFull/Homo_sapiens/SRX24475786.h5ad,arc-institute-virtual-cell-atlas/scbasecount/2026-01-12/h5ad/GeneFull/Homo_sapiens/SRX24475786.h5ad,,2026-07-30 14:53:14,OSError: Project was not passed and could not be determined from the environment.
332/1048,SRX24475787,failed,gs://arc-institute-virtual-cell-atlas/scbasecount/2026-01-12/h5ad/GeneFull/Homo_sapiens/SRX24475787.h5ad,arc-institute-virtual-cell-atlas/scbasecount/2026-01-12/h5ad/GeneFull/Homo_sapiens/SRX24475787.h5ad,,2026-07-30 14:53:14,OSError: Project was not passed and could not be determined from the environment.
333/1048,SRX24475788,failed,gs://arc-institute-virtual-cell-atlas/scbasecount/2026-01-12/h5ad/GeneFull/Homo_sapiens/SRX24475788.h5ad,arc-institute-virtual-cell-atlas/scbasecount/2026-01-12/h5ad/GeneFull/Homo_sapiens/SRX24475788.h5ad,,2026-07-30 14:53:14,OSError: Project was not passed and could not be determined from the environment.
334/1048,SRX24475800,failed,gs://arc-institute-virtual-cell-atlas/scbasecount/2026-01-12/h5ad/GeneFull/Homo_sapiens/SRX24475800.h5ad,arc-institute-virtual-cell-atlas/scbasecount/2026-01-12/h5ad/GeneFull/Homo_sapiens/SRX24475800.h5ad,,2026-07-30 14:53:14,OSError: Project was not passed and could not be determined from the environment.
335/1048,SRX24475799,failed,gs://arc-institute-virtual-cell-atlas/scbasecount/2026-01-12/h5ad/GeneFull/Homo_sapiens/SRX24475799.h5ad,arc-institute-virtual-cell-atlas/scbasecount/2026-01-12/h5ad/GeneFull/Homo_sapiens/SRX24475799.h5ad,,2026-07-30 14:53:14,OSError: Project was not passed and could not be determined from the environment.
336/1048,SRX24475790,failed,gs://arc-institute-virtual-cell-atlas/scbasecount/2026-01-12/h5ad/GeneFull/Homo_sapiens/SRX24475790.h5ad,arc-institute-virtual-cell-atlas/scbasecount/2026-01-12/h5ad/GeneFull/Homo_sapiens/SRX24475790.h5ad,,2026-07-30 14:53:14,OSError: Project was not passed and could not be determined from the environment.
337/1048,SRX24475789,failed,gs://arc-institute-virtual-cell-atlas/scbasecount/2026-01-12/h5ad/GeneFull/Homo_sapiens/SRX24475789.h5ad,arc-institute-virtual-cell-atlas/scbasecount/2026-01-12/h5ad/GeneFull/Homo_sapiens/SRX24475789.h5ad,,2026-07-30 14:53:14,OSError: Project was not passed and could not be determined from the environment.
338/1048,SRX24475795,failed,gs://arc-institute-virtual-cell-atlas/scbasecount/2026-01-12/h5ad/GeneFull/Homo_sapiens/SRX24475795.h5ad,arc-institute-virtual-cell-atlas/scbasecount/2026-01-12/h5ad/GeneFull/Homo_sapiens/SRX24475795.h5ad,,2026-07-30 14:53:14,OSError: Project was not passed and could not be determined from the environment.
339/1048,SRX24476191,failed,gs://arc-institute-virtual-cell-atlas/scbasecount/2026-01-12/h5ad/GeneFull/Homo_sapiens/SRX24476191.h5ad,arc-institute-virtual-cell-atlas/scbasecount/2026-01-12/h5ad/GeneFull/Homo_sapiens/SRX24476191.h5ad,,2026-07-30 14:53:14,OSError: Project was not passed and could not be determined from the environment.
340/1048,SRX24475798,failed,gs://arc-institute-virtual-cell-atlas/scbasecount/2026-01-12/h5ad/GeneFull/Homo_sapiens/SRX24475798.h5ad,arc-institute-virtual-cell-atlas/scbasecount/2026-01-12/h5ad/GeneFull/Homo_sapiens/SRX24475798.h5ad,,2026-07-30 14:53:14,OSError: Project was not passed and could not be determined from the environment.
341/1048,SRX24475785,failed,gs://arc-institute-virtual-cell-atlas/scbasecount/2026-01-12/h5ad/GeneFull/Homo_sapiens/SRX24475785.h5ad,arc-institute-virtual-cell-atlas/scbasecount/2026-01-12/h5ad/GeneFull/Homo_sapiens/SRX24475785.h5ad,,2026-07-30 14:53:14,OSError: Project was not passed and could not be determined from the environment.
342/1048,SRX24475797,failed,gs://arc-institute-virtual-cell-atlas/scbasecount/2026-01-12/h5ad/GeneFull/Homo_sapiens/SRX24475797.h5ad,arc-institute-virtual-cell-atlas/scbasecount/2026-01-12/h5ad/GeneFull/Homo_sapiens/SRX24475797.h5ad,,2026-07-30 14:53:14,OSError: Project was not passed and could not be determined from the environment.
343/1048,SRX24285425,failed,gs://arc-institute-virtual-cell-atlas/scbasecount/2026-01-12/h5ad/GeneFull/Homo_sapiens/SRX24285425.h5ad,arc-institute-virtual-cell-atlas/scbasecount/2026-01-12/h5ad/GeneFull/Homo_sapiens/SRX24285425.h5ad,,2026-07-30 14:53:14,OSError: Project was not passed and could not be determined from the environment.
344/1048,SRX25261714,failed,gs://arc-institute-virtual-cell-atlas/scbasecount/2026-01-12/h5ad/GeneFull/Homo_sapiens/SRX25261714.h5ad,arc-institute-virtual-cell-atlas/scbasecount/2026-01-12/h5ad/GeneFull/Homo_sapiens/SRX25261714.h5ad,,2026-07-30 14:53:14,OSError: Project was not passed and could not be determined from the environment.
345/1048,SRX25261715,failed,gs://arc-institute-virtual-cell-atlas/scbasecount/2026-01-12/h5ad/GeneFull/Homo_sapiens/SRX25261715.h5ad,arc-institute-virtual-cell-atlas/scbasecount/2026-01-12/h5ad/GeneFull/Homo_sapiens/SRX25261715.h5ad,,2026-07-30 14:53:14,OSError: Project was not passed and could not be determined from the environment.
346/1048,SRX25261720,failed,gs://arc-institute-virtual-cell-atlas/scbasecount/2026-01-12/h5ad/GeneFull/Homo_sapiens/SRX25261720.h5ad,arc-institute-virtual-cell-atlas/scbasecount/2026-01-12/h5ad/GeneFull/Homo_sapiens/SRX25261720.h5ad,,2026-07-30 14:53:14,OSError: Project was not passed and could not be determined from the environment.
347/1048,SRX25261738,failed,gs://arc-institute-virtual-cell-atlas/scbasecount/2026-01-12/h5ad/GeneFull/Homo_sapiens/SRX25261738.h5ad,arc-institute-virtual-cell-atlas/scbasecount/2026-01-12/h5ad/GeneFull/Homo_sapiens/SRX25261738.h5ad,,2026-07-30 14:53:14,OSError: Project was not passed and could not be determined from the environment.
348/1048,SRX25261763,failed,gs://arc-institute-virtual-cell-atlas/scbasecount/2026-01-12/h5ad/GeneFull/Homo_sapiens/SRX25261763.h5ad,arc-institute-virtual-cell-atlas/scbasecount/2026-01-12/h5ad/GeneFull/Homo_sapiens/SRX25261763.h5ad,,2026-07-30 14:53:14,OSError: Project was not passed and could not be determined from the environment.
349/1048,SRX25289879,failed,gs://arc-institute-virtual-cell-atlas/scbasecount/2026-01-12/h5ad/GeneFull/Homo_sapiens/SRX25289879.h5ad,arc-institute-virtual-cell-atlas/scbasecount/2026-01-12/h5ad/GeneFull/Homo_sapiens/SRX25289879.h5ad,,2026-07-30 14:53:14,OSError: Project was not passed and could not be determined from the environment.
350/1048,SRX10327369,failed,gs://arc-institute-virtual-cell-atlas/scbasecount/2026-01-12/h5ad/GeneFull/Homo_sapiens/SRX10327369.h5ad,arc-institute-virtual-cell-atlas/scbasecount/2026-01-12/h5ad/GeneFull/Homo_sapiens/SRX10327369.h5ad,,2026-07-30 14:53:14,OSError: Project was not passed and could not be determined from the environment.
351/1048,SRX26487571,failed,gs://arc-institute-virtual-cell-atlas/scbasecount/2026-01-12/h5ad/GeneFull/Homo_sapiens/SRX26487571.h5ad,arc-institute-virtual-cell-atlas/scbasecount/2026-01-12/h5ad/GeneFull/Homo_sapiens/SRX26487571.h5ad,,2026-07-30 14:53:14,OSError: Project was not passed and could not be determined from the environment.
352/1048,SRX25319035,failed,gs://arc-institute-virtual-cell-atlas/scbasecount/2026-01-12/h5ad/GeneFull/Homo_sapiens/SRX25319035.h5ad,arc-institute-virtual-cell-atlas/scbasecount/2026-01-12/h5ad/GeneFull/Homo_sapiens/SRX25319035.h5ad,,2026-07-30 14:53:14,OSError: Project was not passed and could not be determined from the environment.
353/1048,SRX26487579,failed,gs://arc-institute-virtual-cell-atlas/scbasecount/2026-01-12/h5ad/GeneFull/Homo_sapiens/SRX26487579.h5ad,arc-institute-virtual-cell-atlas/scbasecount/2026-01-12/h5ad/GeneFull/Homo_sapiens/SRX26487579.h5ad,,2026-07-30 14:53:14,OSError: Project was not passed and could not be determined from the environment.
354/1048,SRX10327367,failed,gs://arc-institute-virtual-cell-atlas/scbasecount/2026-01-12/h5ad/GeneFull/Homo_sapiens/SRX10327367.h5ad,arc-institute-virtual-cell-atlas/scbasecount/2026-01-12/h5ad/GeneFull/Homo_sapiens/SRX10327367.h5ad,,2026-07-30 14:53:14,OSError: Project was not passed and could not be determined from the environment.
355/1048,SRX25363535,failed,gs://arc-institute-virtual-cell-atlas/scbasecount/2026-01-12/h5ad/GeneFull/Homo_sapiens/SRX25363535.h5ad,arc-institute-virtual-cell-atlas/scbasecount/2026-01-12/h5ad/GeneFull/Homo_sapiens/SRX25363535.h5ad,,2026-07-30 14:53:14,OSError: Project was not passed and could not be determined from the environment.
356/1048,SRX26487596,failed,gs://arc-institute-virtual-cell-atlas/scbasecount/2026-01-12/h5ad/GeneFull/Homo_sapiens/SRX26487596.h5ad,arc-institute-virtual-cell-atlas/scbasecount/2026-01-12/h5ad/GeneFull/Homo_sapiens/SRX26487596.h5ad,,2026-07-30 14:53:14,OSError: Project was not passed and could not be determined from the environment.
357/1048,SRX25319034,failed,gs://arc-institute-virtual-cell-atlas/scbasecount/2026-01-12/h5ad/GeneFull/Homo_sapiens/SRX25319034.h5ad,arc-institute-virtual-cell-atlas/scbasecount/2026-01-12/h5ad/GeneFull/Homo_sapiens/SRX25319034.h5ad,,2026-07-30 14:53:14,OSError: Project was not passed and could not be determined from the environment.
358/1048,SRX26487589,failed,gs://arc-institute-virtual-cell-atlas/scbasecount/2026-01-12/h5ad/GeneFull/Homo_sapiens/SRX26487589.h5ad,arc-institute-virtual-cell-atlas/scbasecount/2026-01-12/h5ad/GeneFull/Homo_sapiens/SRX26487589.h5ad,,2026-07-30 14:53:14,OSError: Project was not passed and could not be determined from the environment.
359/1048,SRX25319042,failed,gs://arc-institute-virtual-cell-atlas/scbasecount/2026-01-12/h5ad/GeneFull/Homo_sapiens/SRX25319042.h5ad,arc-institute-virtual-cell-atlas/scbasecount/2026-01-12/h5ad/GeneFull/Homo_sapiens/SRX25319042.h5ad,,2026-07-30 14:53:14,OSError: Project was not passed and could not be determined from the environment.
360/1048,SRX26487597,failed,gs://arc-institute-virtual-cell-atlas/scbasecount/2026-01-12/h5ad/GeneFull/Homo_sapiens/SRX26487597.h5ad,arc-institute-virtual-cell-atlas/scbasecount/2026-01-12/h5ad/GeneFull/Homo_sapiens/SRX26487597.h5ad,,2026-07-30 14:53:14,OSError: Project was not passed and could not be determined from the environment.
361/1048,SRX25363532,failed,gs://arc-institute-virtual-cell-atlas/scbasecount/2026-01-12/h5ad/GeneFull/Homo_sapiens/SRX25363532.h5ad,arc-institute-virtual-cell-atlas/scbasecount/2026-01-12/h5ad/GeneFull/Homo_sapiens/SRX25363532.h5ad,,2026-07-30 14:53:14,OSError: Project was not passed and could not be determined from the environment.
362/1048,SRX25363540,failed,gs://arc-institute-virtual-cell-atlas/scbasecount/2026-01-12/h5ad/GeneFull/Homo_sapiens/SRX25363540.h5ad,arc-institute-virtual-cell-atlas/scbasecount/2026-01-12/h5ad/GeneFull/Homo_sapiens/SRX25363540.h5ad,,2026-07-30 14:53:14,OSError: Project was not passed and could not be determined from the environment.
363/1048,SRX25363537,failed,gs://arc-institute-virtual-cell-atlas/scbasecount/2026-01-12/h5ad/GeneFull/Homo_sapiens/SRX25363537.h5ad,arc-institute-virtual-cell-atlas/scbasecount/2026-01-12/h5ad/GeneFull/Homo_sapiens/SRX25363537.h5ad,,2026-07-30 14:53:14,OSError: Project was not passed and could not be determined from the environment.
364/1048,SRX26487601,failed,gs://arc-institute-virtual-cell-atlas/scbasecount/2026-01-12/h5ad/GeneFull/Homo_sapiens/SRX26487601.h5ad,arc-institute-virtual-cell-atlas/scbasecount/2026-01-12/h5ad/GeneFull/Homo_sapiens/SRX26487601.h5ad,,2026-07-30 14:53:14,OSError: Project was not passed and could not be determined from the environment.
365/1048,SRX26487576,failed,gs://arc-institute-virtual-cell-atlas/scbasecount/2026-01-12/h5ad/GeneFull/Homo_sapiens/SRX26487576.h5ad,arc-institute-virtual-cell-atlas/scbasecount/2026-01-12/h5ad/GeneFull/Homo_sapiens/SRX26487576.h5ad,,2026-07-30 14:53:14,OSError: Project was not passed and could not be determined from the environment.
366/1048,SRX26487560,failed,gs://arc-institute-virtual-cell-atlas/scbasecount/2026-01-12/h5ad/GeneFull/Homo_sapiens/SRX26487560.h5ad,arc-institute-virtual-cell-atlas/scbasecount/2026-01-12/h5ad/GeneFull/Homo_sapiens/SRX26487560.h5ad,,2026-07-30 14:53:14,OSError: Project was not passed and could not be determined from the environment.
367/1048,SRX26487590,failed,gs://arc-institute-virtual-cell-atlas/scbasecount/2026-01-12/h5ad/GeneFull/Homo_sapiens/SRX26487590.h5ad,arc-institute-virtual-cell-atlas/scbasecount/2026-01-12/h5ad/GeneFull/Homo_sapiens/SRX26487590.h5ad,,2026-07-30 14:53:14,OSError: Project was not passed and could not be determined from the environment.
368/1048,SRX26487600,failed,gs://arc-institute-virtual-cell-atlas/scbasecount/2026-01-12/h5ad/GeneFull/Homo_sapiens/SRX26487600.h5ad,arc-institute-virtual-cell-atlas/scbasecount/2026-01-12/h5ad/GeneFull/Homo_sapiens/SRX26487600.h5ad,,2026-07-30 14:53:14,OSError: Project was not passed and could not be determined from the environment.
369/1048,SRX25507043,failed,gs://arc-institute-virtual-cell-atlas/scbasecount/2026-01-12/h5ad/GeneFull/Homo_sapiens/SRX25507043.h5ad,arc-institute-virtual-cell-atlas/scbasecount/2026-01-12/h5ad/GeneFull/Homo_sapiens/SRX25507043.h5ad,,2026-07-30 14:53:14,OSError: Project was not passed and could not be determined from the environment.
370/1048,SRX25507031,failed,gs://arc-institute-virtual-cell-atlas/scbasecount/2026-01-12/h5ad/GeneFull/Homo_sapiens/SRX25507031.h5ad,arc-institute-virtual-cell-atlas/scbasecount/2026-01-12/h5ad/GeneFull/Homo_sapiens/SRX25507031.h5ad,,2026-07-30 14:53:14,OSError: Project was not passed and could not be determined from the environment.
371/1048,SRX25507041,failed,gs://arc-institute-virtual-cell-atlas/scbasecount/2026-01-12/h5ad/GeneFull/Homo_sapiens/SRX25507041.h5ad,arc-institute-virtual-cell-atlas/scbasecount/2026-01-12/h5ad/GeneFull/Homo_sapiens/SRX25507041.h5ad,,2026-07-30 14:53:14,OSError: Project was not passed and could not be determined from the environment.
372/1048,SRX25507055,failed,gs://arc-institute-virtual-cell-atlas/scbasecount/2026-01-12/h5ad/GeneFull/Homo_sapiens/SRX25507055.h5ad,arc-institute-virtual-cell-atlas/scbasecount/2026-01-12/h5ad/GeneFull/Homo_sapiens/SRX25507055.h5ad,,2026-07-30 14:53:14,OSError: Project was not passed and could not be determined from the environment.
373/1048,SRX25507051,failed,gs://arc-institute-virtual-cell-atlas/scbasecount/2026-01-12/h5ad/GeneFull/Homo_sapiens/SRX25507051.h5ad,arc-institute-virtual-cell-atlas/scbasecount/2026-01-12/h5ad/GeneFull/Homo_sapiens/SRX25507051.h5ad,,2026-07-30 14:53:14,OSError: Project was not passed and could not be determined from the environment.
374/1048,SRX26524303,failed,gs://arc-institute-virtual-cell-atlas/scbasecount/2026-01-12/h5ad/GeneFull/Homo_sapiens/SRX26524303.h5ad,arc-institute-virtual-cell-atlas/scbasecount/2026-01-12/h5ad/GeneFull/Homo_sapiens/SRX26524303.h5ad,,2026-07-30 14:53:14,OSError: Project was not passed and could not be determined from the environment.
375/1048,SRX25507049,failed,gs://arc-institute-virtual-cell-atlas/scbasecount/2026-01-12/h5ad/GeneFull/Homo_sapiens/SRX25507049.h5ad,arc-institute-virtual-cell-atlas/scbasecount/2026-01-12/h5ad/GeneFull/Homo_sapiens/SRX25507049.h5ad,,2026-07-30 14:53:14,OSError: Project was not passed and could not be determined from the environment.
376/1048,SRX25507048,failed,gs://arc-institute-virtual-cell-atlas/scbasecount/2026-01-12/h5ad/GeneFull/Homo_sapiens/SRX25507048.h5ad,arc-institute-virtual-cell-atlas/scbasecount/2026-01-12/h5ad/GeneFull/Homo_sapiens/SRX25507048.h5ad,,2026-07-30 14:53:14,OSError: Project was not passed and could not be determined from the environment.
377/1048,SRX25507054,failed,gs://arc-institute-virtual-cell-atlas/scbasecount/2026-01-12/h5ad/GeneFull/Homo_sapiens/SRX25507054.h5ad,arc-institute-virtual-cell-atlas/scbasecount/2026-01-12/h5ad/GeneFull/Homo_sapiens/SRX25507054.h5ad,,2026-07-30 14:53:14,OSError: Project was not passed and could not be determined from the environment.
378/1048,SRX25507050,failed,gs://arc-institute-virtual-cell-atlas/scbasecount/2026-01-12/h5ad/GeneFull/Homo_sapiens/SRX25507050.h5ad,arc-institute-virtual-cell-atlas/scbasecount/2026-01-12/h5ad/GeneFull/Homo_sapiens/SRX25507050.h5ad,,2026-07-30 14:53:14,OSError: Project was not passed and could not be determined from the environment.
379/1048,SRX25507052,failed,gs://arc-institute-virtual-cell-atlas/scbasecount/2026-01-12/h5ad/GeneFull/Homo_sapiens/SRX25507052.h5ad,arc-institute-virtual-cell-atlas/scbasecount/2026-01-12/h5ad/GeneFull/Homo_sapiens/SRX25507052.h5ad,,2026-07-30 14:53:14,OSError: Project was not passed and could not be determined from the environment.
380/1048,SRX25507058,failed,gs://arc-institute-virtual-cell-atlas/scbasecount/2026-01-12/h5ad/GeneFull/Homo_sapiens/SRX25507058.h5ad,arc-institute-virtual-cell-atlas/scbasecount/2026-01-12/h5ad/GeneFull/Homo_sapiens/SRX25507058.h5ad,,2026-07-30 14:53:14,OSError: Project was not passed and could not be determined from the environment.
381/1048,SRX25507056,failed,gs://arc-institute-virtual-cell-atlas/scbasecount/2026-01-12/h5ad/GeneFull/Homo_sapiens/SRX25507056.h5ad,arc-institute-virtual-cell-atlas/scbasecount/2026-01-12/h5ad/GeneFull/Homo_sapiens/SRX25507056.h5ad,,2026-07-30 14:53:14,OSError: Project was not passed and could not be determined from the environment.
382/1048,SRX25507061,failed,gs://arc-institute-virtual-cell-atlas/scbasecount/2026-01-12/h5ad/GeneFull/Homo_sapiens/SRX25507061.h5ad,arc-institute-virtual-cell-atlas/scbasecount/2026-01-12/h5ad/GeneFull/Homo_sapiens/SRX25507061.h5ad,,2026-07-30 14:53:14,OSError: Project was not passed and could not be determined from the environment.
383/1048,SRX25507036,failed,gs://arc-institute-virtual-cell-atlas/scbasecount/2026-01-12/h5ad/GeneFull/Homo_sapiens/SRX25507036.h5ad,arc-institute-virtual-cell-atlas/scbasecount/2026-01-12/h5ad/GeneFull/Homo_sapiens/SRX25507036.h5ad,,2026-07-30 14:53:14,OSError: Project was not passed and could not be determined from the environment.
384/1048,SRX25507057,failed,gs://arc-institute-virtual-cell-atlas/scbasecount/2026-01-12/h5ad/GeneFull/Homo_sapiens/SRX25507057.h5ad,arc-institute-virtual-cell-atlas/scbasecount/2026-01-12/h5ad/GeneFull/Homo_sapiens/SRX25507057.h5ad,,2026-07-30 14:53:14,OSError: Project was not passed and could not be determined from the environment.
385/1048,SRX25507063,failed,gs://arc-institute-virtual-cell-atlas/scbasecount/2026-01-12/h5ad/GeneFull/Homo_sapiens/SRX25507063.h5ad,arc-institute-virtual-cell-atlas/scbasecount/2026-01-12/h5ad/GeneFull/Homo_sapiens/SRX25507063.h5ad,,2026-07-30 14:53:14,OSError: Project was not passed and could not be determined from the environment.
386/1048,SRX25507062,failed,gs://arc-institute-virtual-cell-atlas/scbasecount/2026-01-12/h5ad/GeneFull/Homo_sapiens/SRX25507062.h5ad,arc-institute-virtual-cell-atlas/scbasecount/2026-01-12/h5ad/GeneFull/Homo_sapiens/SRX25507062.h5ad,,2026-07-30 14:53:14,OSError: Project was not passed and could not be determined from the environment.
387/1048,SRX25507069,failed,gs://arc-institute-virtual-cell-atlas/scbasecount/2026-01-12/h5ad/GeneFull/Homo_sapiens/SRX25507069.h5ad,arc-institute-virtual-cell-atlas/scbasecount/2026-01-12/h5ad/GeneFull/Homo_sapiens/SRX25507069.h5ad,,2026-07-30 14:53:14,OSError: Project was not passed and could not be determined from the environment.
388/1048,SRX25507072,failed,gs://arc-institute-virtual-cell-atlas/scbasecount/2026-01-12/h5ad/GeneFull/Homo_sapiens/SRX25507072.h5ad,arc-institute-virtual-cell-atlas/scbasecount/2026-01-12/h5ad/GeneFull/Homo_sapiens/SRX25507072.h5ad,,2026-07-30 14:53:14,OSError: Project was not passed and could not be determined from the environment.
389/1048,SRX25507070,failed,gs://arc-institute-virtual-cell-atlas/scbasecount/2026-01-12/h5ad/GeneFull/Homo_sapiens/SRX25507070.h5ad,arc-institute-virtual-cell-atlas/scbasecount/2026-01-12/h5ad/GeneFull/Homo_sapiens/SRX25507070.h5ad,,2026-07-30 14:53:14,OSError: Project was not passed and could not be determined from the environment.
390/1048,SRX26487583,failed,gs://arc-institute-virtual-cell-atlas/scbasecount/2026-01-12/h5ad/GeneFull/Homo_sapiens/SRX26487583.h5ad,arc-institute-virtual-cell-atlas/scbasecount/2026-01-12/h5ad/GeneFull/Homo_sapiens/SRX26487583.h5ad,,2026-07-30 14:53:14,OSError: Project was not passed and could not be determined from the environment.
391/1048,SRX25507029,failed,gs://arc-institute-virtual-cell-atlas/scbasecount/2026-01-12/h5ad/GeneFull/Homo_sapiens/SRX25507029.h5ad,arc-institute-virtual-cell-atlas/scbasecount/2026-01-12/h5ad/GeneFull/Homo_sapiens/SRX25507029.h5ad,,2026-07-30 14:53:14,OSError: Project was not passed and could not be determined from the environment.
392/1048,SRX25507026,failed,gs://arc-institute-virtual-cell-atlas/scbasecount/2026-01-12/h5ad/GeneFull/Homo_sapiens/SRX25507026.h5ad,arc-institute-virtual-cell-atlas/scbasecount/2026-01-12/h5ad/GeneFull/Homo_sapiens/SRX25507026.h5ad,,2026-07-30 14:53:14,OSError: Project was not passed and could not be determined from the environment.
393/1048,SRX26524304,failed,gs://arc-institute-virtual-cell-atlas/scbasecount/2026-01-12/h5ad/GeneFull/Homo_sapiens/SRX26524304.h5ad,arc-institute-virtual-cell-atlas/scbasecount/2026-01-12/h5ad/GeneFull/Homo_sapiens/SRX26524304.h5ad,,2026-07-30 14:53:14,OSError: Project was not passed and could not be determined from the environment.
394/1048,SRX25507028,failed,gs://arc-institute-virtual-cell-atlas/scbasecount/2026-01-12/h5ad/GeneFull/Homo_sapiens/SRX25507028.h5ad,arc-institute-virtual-cell-atlas/scbasecount/2026-01-12/h5ad/GeneFull/Homo_sapiens/SRX25507028.h5ad,,2026-07-30 14:53:14,OSError: Project was not passed and could not be determined from the environment.
395/1048,SRX25507027,failed,gs://arc-institute-virtual-cell-atlas/scbasecount/2026-01-12/h5ad/GeneFull/Homo_sapiens/SRX25507027.h5ad,arc-institute-virtual-cell-atlas/scbasecount/2026-01-12/h5ad/GeneFull/Homo_sapiens/SRX25507027.h5ad,,2026-07-30 14:53:14,OSError: Project was not passed and could not be determined from the environment.
396/1048,SRX25507032,failed,gs://arc-institute-virtual-cell-atlas/scbasecount/2026-01-12/h5ad/GeneFull/Homo_sapiens/SRX25507032.h5ad,arc-institute-virtual-cell-atlas/scbasecount/2026-01-12/h5ad/GeneFull/Homo_sapiens/SRX25507032.h5ad,,2026-07-30 14:53:14,OSError: Project was not passed and could not be determined from the environment.
397/1048,SRX26524298,failed,gs://arc-institute-virtual-cell-atlas/scbasecount/2026-01-12/h5ad/GeneFull/Homo_sapiens/SRX26524298.h5ad,arc-institute-virtual-cell-atlas/scbasecount/2026-01-12/h5ad/GeneFull/Homo_sapiens/SRX26524298.h5ad,,2026-07-30 14:53:14,OSError: Project was not passed and could not be determined from the environment.
398/1048,SRX25507023,failed,gs://arc-institute-virtual-cell-atlas/scbasecount/2026-01-12/h5ad/GeneFull/Homo_sapiens/SRX25507023.h5ad,arc-institute-virtual-cell-atlas/scbasecount/2026-01-12/h5ad/GeneFull/Homo_sapiens/SRX25507023.h5ad,,2026-07-30 14:53:14,OSError: Project was not passed and could not be determined from the environment.
399/1048,SRX25507035,failed,gs://arc-institute-virtual-cell-atlas/scbasecount/2026-01-12/h5ad/GeneFull/Homo_sapiens/SRX25507035.h5ad,arc-institute-virtual-cell-atlas/scbasecount/2026-01-12/h5ad/GeneFull/Homo_sapiens/SRX25507035.h5ad,,2026-07-30 14:53:14,OSError: Project was not passed and could not be determined from the environment.
400/1048,SRX25507034,failed,gs://arc-institute-virtual-cell-atlas/scbasecount/2026-01-12/h5ad/GeneFull/Homo_sapiens/SRX25507034.h5ad,arc-institute-virtual-cell-atlas/scbasecount/2026-01-12/h5ad/GeneFull/Homo_sapiens/SRX25507034.h5ad,,2026-07-30 14:53:14,OSError: Project was not passed and could not be determined from the environment.
401/1048,SRX25507024,failed,gs://arc-institute-virtual-cell-atlas/scbasecount/2026-01-12/h5ad/GeneFull/Homo_sapiens/SRX25507024.h5ad,arc-institute-virtual-cell-atlas/scbasecount/2026-01-12/h5ad/GeneFull/Homo_sapiens/SRX25507024.h5ad,,2026-07-30 14:53:14,OSError: Project was not passed and could not be determined from the environment.
402/1048,SRX25507040,failed,gs://arc-institute-virtual-cell-atlas/scbasecount/2026-01-12/h5ad/GeneFull/Homo_sapiens/SRX25507040.h5ad,arc-institute-virtual-cell-atlas/scbasecount/2026-01-12/h5ad/GeneFull/Homo_sapiens/SRX25507040.h5ad,,2026-07-30 14:53:14,OSError: Project was not passed and could not be determined from the environment.
403/1048,SRX25507038,failed,gs://arc-institute-virtual-cell-atlas/scbasecount/2026-01-12/h5ad/GeneFull/Homo_sapiens/SRX25507038.h5ad,arc-institute-virtual-cell-atlas/scbasecount/2026-01-12/h5ad/GeneFull/Homo_sapiens/SRX25507038.h5ad,,2026-07-30 14:53:14,OSError: Project was not passed and could not be determined from the environment.
404/1048,SRX25507042,failed,gs://arc-institute-virtual-cell-atlas/scbasecount/2026-01-12/h5ad/GeneFull/Homo_sapiens/SRX25507042.h5ad,arc-institute-virtual-cell-atlas/scbasecount/2026-01-12/h5ad/GeneFull/Homo_sapiens/SRX25507042.h5ad,,2026-07-30 14:53:14,OSError: Project was not passed and could not be determined from the environment.
405/1048,SRX25507044,failed,gs://arc-institute-virtual-cell-atlas/scbasecount/2026-01-12/h5ad/GeneFull/Homo_sapiens/SRX25507044.h5ad,arc-institute-virtual-cell-atlas/scbasecount/2026-01-12/h5ad/GeneFull/Homo_sapiens/SRX25507044.h5ad,,2026-07-30 14:53:14,OSError: Project was not passed and could not be determined from the environment.
406/1048,SRX26524297,failed,gs://arc-institute-virtual-cell-atlas/scbasecount/2026-01-12/h5ad/GeneFull/Homo_sapiens/SRX26524297.h5ad,arc-institute-virtual-cell-atlas/scbasecount/2026-01-12/h5ad/GeneFull/Homo_sapiens/SRX26524297.h5ad,,2026-07-30 14:53:14,OSError: Project was not passed and could not be determined from the environment.
407/1048,SRX25507071,failed,gs://arc-institute-virtual-cell-atlas/scbasecount/2026-01-12/h5ad/GeneFull/Homo_sapiens/SRX25507071.h5ad,arc-institute-virtual-cell-atlas/scbasecount/2026-01-12/h5ad/GeneFull/Homo_sapiens/SRX25507071.h5ad,,2026-07-30 14:53:14,OSError: Project was not passed and could not be determined from the environment.
408/1048,SRX26524300,failed,gs://arc-institute-virtual-cell-atlas/scbasecount/2026-01-12/h5ad/GeneFull/Homo_sapiens/SRX26524300.h5ad,arc-institute-virtual-cell-atlas/scbasecount/2026-01-12/h5ad/GeneFull/Homo_sapiens/SRX26524300.h5ad,,2026-07-30 14:53:14,OSError: Project was not passed and could not be determined from the environment.
409/1048,SRX25507065,failed,gs://arc-institute-virtual-cell-atlas/scbasecount/2026-01-12/h5ad/GeneFull/Homo_sapiens/SRX25507065.h5ad,arc-institute-virtual-cell-atlas/scbasecount/2026-01-12/h5ad/GeneFull/Homo_sapiens/SRX25507065.h5ad,,2026-07-30 14:53:14,OSError: Project was not passed and could not be determined from the environment.
410/1048,SRX25507068,failed,gs://arc-institute-virtual-cell-atlas/scbasecount/2026-01-12/h5ad/GeneFull/Homo_sapiens/SRX25507068.h5ad,arc-institute-virtual-cell-atlas/scbasecount/2026-01-12/h5ad/GeneFull/Homo_sapiens/SRX25507068.h5ad,,2026-07-30 14:53:14,OSError: Project was not passed and could not be determined from the environment.
411/1048,SRX25507064,failed,gs://arc-institute-virtual-cell-atlas/scbasecount/2026-01-12/h5ad/GeneFull/Homo_sapiens/SRX25507064.h5ad,arc-institute-virtual-cell-atlas/scbasecount/2026-01-12/h5ad/GeneFull/Homo_sapiens/SRX25507064.h5ad,,2026-07-30 14:53:14,OSError: Project was not passed and could not be determined from the environment.
412/1048,SRX25507066,failed,gs://arc-institute-virtual-cell-atlas/scbasecount/2026-01-12/h5ad/GeneFull/Homo_sapiens/SRX25507066.h5ad,arc-institute-virtual-cell-atlas/scbasecount/2026-01-12/h5ad/GeneFull/Homo_sapiens/SRX25507066.h5ad,,2026-07-30 14:53:14,OSError: Project was not passed and could not be determined from the environment.
413/1048,SRX25595938,failed,gs://arc-institute-virtual-cell-atlas/scbasecount/2026-01-12/h5ad/GeneFull/Homo_sapiens/SRX25595938.h5ad,arc-institute-virtual-cell-atlas/scbasecount/2026-01-12/h5ad/GeneFull/Homo_sapiens/SRX25595938.h5ad,,2026-07-30 14:53:14,OSError: Project was not passed and could not be determined from the environment.
414/1048,SRX11515819,failed,gs://arc-institute-virtual-cell-atlas/scbasecount/2026-01-12/h5ad/GeneFull/Homo_sapiens/SRX11515819.h5ad,arc-institute-virtual-cell-atlas/scbasecount/2026-01-12/h5ad/GeneFull/Homo_sapiens/SRX11515819.h5ad,,2026-07-30 14:53:14,OSError: Project was not passed and could not be determined from the environment.
415/1048,SRX11515871,failed,gs://arc-institute-virtual-cell-atlas/scbasecount/2026-01-12/h5ad/GeneFull/Homo_sapiens/SRX11515871.h5ad,arc-institute-virtual-cell-atlas/scbasecount/2026-01-12/h5ad/GeneFull/Homo_sapiens/SRX11515871.h5ad,,2026-07-30 14:53:14,OSError: Project was not passed and could not be determined from the environment.
416/1048,SRX11071624,failed,gs://arc-institute-virtual-cell-atlas/scbasecount/2026-01-12/h5ad/GeneFull/Homo_sapiens/SRX11071624.h5ad,arc-institute-virtual-cell-atlas/scbasecount/2026-01-12/h5ad/GeneFull/Homo_sapiens/SRX11071624.h5ad,,2026-07-30 14:53:14,OSError: Project was not passed and could not be determined from the environment.
417/1048,SRX11515851,failed,gs://arc-institute-virtual-cell-atlas/scbasecount/2026-01-12/h5ad/GeneFull/Homo_sapiens/SRX11515851.h5ad,arc-institute-virtual-cell-atlas/scbasecount/2026-01-12/h5ad/GeneFull/Homo_sapiens/SRX11515851.h5ad,,2026-07-30 14:53:14,OSError: Project was not passed and could not be determined from the environment.
418/1048,SRX12150516,failed,gs://arc-institute-virtual-cell-atlas/scbasecount/2026-01-12/h5ad/GeneFull/Homo_sapiens/SRX12150516.h5ad,arc-institute-virtual-cell-atlas/scbasecount/2026-01-12/h5ad/GeneFull/Homo_sapiens/SRX12150516.h5ad,,2026-07-30 14:53:14,OSError: Project was not passed and could not be determined from the environment.
419/1048,SRX25261766,failed,gs://arc-institute-virtual-cell-atlas/scbasecount/2026-01-12/h5ad/GeneFull/Homo_sapiens/SRX25261766.h5ad,arc-institute-virtual-cell-atlas/scbasecount/2026-01-12/h5ad/GeneFull/Homo_sapiens/SRX25261766.h5ad,,2026-07-30 14:53:14,OSError: Project was not passed and could not be determined from the environment.
420/1048,SRX10984886,failed,gs://arc-institute-virtual-cell-atlas/scbasecount/2026-01-12/h5ad/GeneFull/Homo_sapiens/SRX10984886.h5ad,arc-institute-virtual-cell-atlas/scbasecount/2026-01-12/h5ad/GeneFull/Homo_sapiens/SRX10984886.h5ad,,2026-07-30 14:53:14,OSError: Project was not passed and could not be determined from the environment.
421/1048,SRX10984889,failed,gs://arc-institute-virtual-cell-atlas/scbasecount/2026-01-12/h5ad/GeneFull/Homo_sapiens/SRX10984889.h5ad,arc-institute-virtual-cell-atlas/scbasecount/2026-01-12/h5ad/GeneFull/Homo_sapiens/SRX10984889.h5ad,,2026-07-30 14:53:14,OSError: Project was not passed and could not be determined from the environment.
422/1048,SRX11987894,failed,gs://arc-institute-virtual-cell-atlas/scbasecount/2026-01-12/h5ad/GeneFull/Homo_sapiens/SRX11987894.h5ad,arc-institute-virtual-cell-atlas/scbasecount/2026-01-12/h5ad/GeneFull/Homo_sapiens/SRX11987894.h5ad,,2026-07-30 14:53:14,OSError: Project was not passed and could not be determined from the environment.
423/1048,SRX11987895,failed,gs://arc-institute-virtual-cell-atlas/scbasecount/2026-01-12/h5ad/GeneFull/Homo_sapiens/SRX11987895.h5ad,arc-institute-virtual-cell-atlas/scbasecount/2026-01-12/h5ad/GeneFull/Homo_sapiens/SRX11987895.h5ad,,2026-07-30 14:53:14,OSError: Project was not passed and could not be determined from the environment.
424/1048,SRX11987893,failed,gs://arc-institute-virtual-cell-atlas/scbasecount/2026-01-12/h5ad/GeneFull/Homo_sapiens/SRX11987893.h5ad,arc-institute-virtual-cell-atlas/scbasecount/2026-01-12/h5ad/GeneFull/Homo_sapiens/SRX11987893.h5ad,,2026-07-30 14:53:14,OSError: Project was not passed and could not be determined from the environment.
425/1048,SRX11987898,failed,gs://arc-institute-virtual-cell-atlas/scbasecount/2026-01-12/h5ad/GeneFull/Homo_sapiens/SRX11987898.h5ad,arc-institute-virtual-cell-atlas/scbasecount/2026-01-12/h5ad/GeneFull/Homo_sapiens/SRX11987898.h5ad,,2026-07-30 14:53:14,OSError: Project was not passed and could not be determined from the environment.
426/1048,SRX11987911,failed,gs://arc-institute-virtual-cell-atlas/scbasecount/2026-01-12/h5ad/GeneFull/Homo_sapiens/SRX11987911.h5ad,arc-institute-virtual-cell-atlas/scbasecount/2026-01-12/h5ad/GeneFull/Homo_sapiens/SRX11987911.h5ad,,2026-07-30 14:53:14,OSError: Project was not passed and could not be determined from the environment.
427/1048,SRX12457899,failed,gs://arc-institute-virtual-cell-atlas/scbasecount/2026-01-12/h5ad/GeneFull/Homo_sapiens/SRX12457899.h5ad,arc-institute-virtual-cell-atlas/scbasecount/2026-01-12/h5ad/GeneFull/Homo_sapiens/SRX12457899.h5ad,,2026-07-30 14:53:14,OSError: Project was not passed and could not be determined from the environment.
428/1048,SRX12509395,failed,gs://arc-institute-virtual-cell-atlas/scbasecount/2026-01-12/h5ad/GeneFull/Homo_sapiens/SRX12509395.h5ad,arc-institute-virtual-cell-atlas/scbasecount/2026-01-12/h5ad/GeneFull/Homo_sapiens/SRX12509395.h5ad,,2026-07-30 14:53:14,OSError: Project was not passed and could not be determined from the environment.
429/1048,SRX12509393,failed,gs://arc-institute-virtual-cell-atlas/scbasecount/2026-01-12/h5ad/GeneFull/Homo_sapiens/SRX12509393.h5ad,arc-institute-virtual-cell-atlas/scbasecount/2026-01-12/h5ad/GeneFull/Homo_sapiens/SRX12509393.h5ad,,2026-07-30 14:53:15,OSError: Project was not passed and could not be determined from the environment.
430/1048,SRX12571162,failed,gs://arc-institute-virtual-cell-atlas/scbasecount/2026-01-12/h5ad/GeneFull/Homo_sapiens/SRX12571162.h5ad,arc-institute-virtual-cell-atlas/scbasecount/2026-01-12/h5ad/GeneFull/Homo_sapiens/SRX12571162.h5ad,,2026-07-30 14:53:15,OSError: Project was not passed and could not be determined from the environment.
431/1048,SRX12509397,failed,gs://arc-institute-virtual-cell-atlas/scbasecount/2026-01-12/h5ad/GeneFull/Homo_sapiens/SRX12509397.h5ad,arc-institute-virtual-cell-atlas/scbasecount/2026-01-12/h5ad/GeneFull/Homo_sapiens/SRX12509397.h5ad,,2026-07-30 14:53:15,OSError: Project was not passed and could not be determined from the environment.
432/1048,SRX12571164,failed,gs://arc-institute-virtual-cell-atlas/scbasecount/2026-01-12/h5ad/GeneFull/Homo_sapiens/SRX12571164.h5ad,arc-institute-virtual-cell-atlas/scbasecount/2026-01-12/h5ad/GeneFull/Homo_sapiens/SRX12571164.h5ad,,2026-07-30 14:53:15,OSError: Project was not passed and could not be determined from the environment.
433/1048,SRX12457900,failed,gs://arc-institute-virtual-cell-atlas/scbasecount/2026-01-12/h5ad/GeneFull/Homo_sapiens/SRX12457900.h5ad,arc-institute-virtual-cell-atlas/scbasecount/2026-01-12/h5ad/GeneFull/Homo_sapiens/SRX12457900.h5ad,,2026-07-30 14:53:15,OSError: Project was not passed and could not be determined from the environment.
434/1048,SRX12571171,failed,gs://arc-institute-virtual-cell-atlas/scbasecount/2026-01-12/h5ad/GeneFull/Homo_sapiens/SRX12571171.h5ad,arc-institute-virtual-cell-atlas/scbasecount/2026-01-12/h5ad/GeneFull/Homo_sapiens/SRX12571171.h5ad,,2026-07-30 14:53:15,OSError: Project was not passed and could not be determined from the environment.
435/1048,SRX12571174,failed,gs://arc-institute-virtual-cell-atlas/scbasecount/2026-01-12/h5ad/GeneFull/Homo_sapiens/SRX12571174.h5ad,arc-institute-virtual-cell-atlas/scbasecount/2026-01-12/h5ad/GeneFull/Homo_sapiens/SRX12571174.h5ad,,2026-07-30 14:53:15,OSError: Project was not passed and could not be determined from the environment.
436/1048,SRX12635179,failed,gs://arc-institute-virtual-cell-atlas/scbasecount/2026-01-12/h5ad/GeneFull/Homo_sapiens/SRX12635179.h5ad,arc-institute-virtual-cell-atlas/scbasecount/2026-01-12/h5ad/GeneFull/Homo_sapiens/SRX12635179.h5ad,,2026-07-30 14:53:15,OSError: Project was not passed and could not be determined from the environment.
437/1048,SRX12708371,failed,gs://arc-institute-virtual-cell-atlas/scbasecount/2026-01-12/h5ad/GeneFull/Homo_sapiens/SRX12708371.h5ad,arc-institute-virtual-cell-atlas/scbasecount/2026-01-12/h5ad/GeneFull/Homo_sapiens/SRX12708371.h5ad,,2026-07-30 14:53:15,OSError: Project was not passed and could not be determined from the environment.
438/1048,SRX12708372,failed,gs://arc-institute-virtual-cell-atlas/scbasecount/2026-01-12/h5ad/GeneFull/Homo_sapiens/SRX12708372.h5ad,arc-institute-virtual-cell-atlas/scbasecount/2026-01-12/h5ad/GeneFull/Homo_sapiens/SRX12708372.h5ad,,2026-07-30 14:53:15,OSError: Project was not passed and could not be determined from the environment.
439/1048,SRX12708373,failed,gs://arc-institute-virtual-cell-atlas/scbasecount/2026-01-12/h5ad/GeneFull/Homo_sapiens/SRX12708373.h5ad,arc-institute-virtual-cell-atlas/scbasecount/2026-01-12/h5ad/GeneFull/Homo_sapiens/SRX12708373.h5ad,,2026-07-30 14:53:15,OSError: Project was not passed and could not be determined from the environment.
440/1048,SRX12708370,failed,gs://arc-institute-virtual-cell-atlas/scbasecount/2026-01-12/h5ad/GeneFull/Homo_sapiens/SRX12708370.h5ad,arc-institute-virtual-cell-atlas/scbasecount/2026-01-12/h5ad/GeneFull/Homo_sapiens/SRX12708370.h5ad,,2026-07-30 14:53:15,OSError: Project was not passed and could not be determined from the environment.
441/1048,SRX12708360,failed,gs://arc-institute-virtual-cell-atlas/scbasecount/2026-01-12/h5ad/GeneFull/Homo_sapiens/SRX12708360.h5ad,arc-institute-virtual-cell-atlas/scbasecount/2026-01-12/h5ad/GeneFull/Homo_sapiens/SRX12708360.h5ad,,2026-07-30 14:53:15,OSError: Project was not passed and could not be determined from the environment.
442/1048,SRX12708362,failed,gs://arc-institute-virtual-cell-atlas/scbasecount/2026-01-12/h5ad/GeneFull/Homo_sapiens/SRX12708362.h5ad,arc-institute-virtual-cell-atlas/scbasecount/2026-01-12/h5ad/GeneFull/Homo_sapiens/SRX12708362.h5ad,,2026-07-30 14:53:15,OSError: Project was not passed and could not be determined from the environment.
443/1048,SRX12635178,failed,gs://arc-institute-virtual-cell-atlas/scbasecount/2026-01-12/h5ad/GeneFull/Homo_sapiens/SRX12635178.h5ad,arc-institute-virtual-cell-atlas/scbasecount/2026-01-12/h5ad/GeneFull/Homo_sapiens/SRX12635178.h5ad,,2026-07-30 14:53:15,OSError: Project was not passed and could not be determined from the environment.
444/1048,SRX11515869,failed,gs://arc-institute-virtual-cell-atlas/scbasecount/2026-01-12/h5ad/GeneFull/Homo_sapiens/SRX11515869.h5ad,arc-institute-virtual-cell-atlas/scbasecount/2026-01-12/h5ad/GeneFull/Homo_sapiens/SRX11515869.h5ad,,2026-07-30 14:53:15,OSError: Project was not passed and could not be determined from the environment.
445/1048,SRX12708358,failed,gs://arc-institute-virtual-cell-atlas/scbasecount/2026-01-12/h5ad/GeneFull/Homo_sapiens/SRX12708358.h5ad,arc-institute-virtual-cell-atlas/scbasecount/2026-01-12/h5ad/GeneFull/Homo_sapiens/SRX12708358.h5ad,,2026-07-30 14:53:15,OSError: Project was not passed and could not be determined from the environment.
446/1048,SRX12708364,failed,gs://arc-institute-virtual-cell-atlas/scbasecount/2026-01-12/h5ad/GeneFull/Homo_sapiens/SRX12708364.h5ad,arc-institute-virtual-cell-atlas/scbasecount/2026-01-12/h5ad/GeneFull/Homo_sapiens/SRX12708364.h5ad,,2026-07-30 14:53:15,OSError: Project was not passed and could not be determined from the environment.
447/1048,SRX12457903,failed,gs://arc-institute-virtual-cell-atlas/scbasecount/2026-01-12/h5ad/GeneFull/Homo_sapiens/SRX12457903.h5ad,arc-institute-virtual-cell-atlas/scbasecount/2026-01-12/h5ad/GeneFull/Homo_sapiens/SRX12457903.h5ad,,2026-07-30 14:53:15,OSError: Project was not passed and could not be determined from the environment.
448/1048,SRX10984891,failed,gs://arc-institute-virtual-cell-atlas/scbasecount/2026-01-12/h5ad/GeneFull/Homo_sapiens/SRX10984891.h5ad,arc-institute-virtual-cell-atlas/scbasecount/2026-01-12/h5ad/GeneFull/Homo_sapiens/SRX10984891.h5ad,,2026-07-30 14:53:15,OSError: Project was not passed and could not be determined from the environment.
449/1048,SRX11515858,failed,gs://arc-institute-virtual-cell-atlas/scbasecount/2026-01-12/h5ad/GeneFull/Homo_sapiens/SRX11515858.h5ad,arc-institute-virtual-cell-atlas/scbasecount/2026-01-12/h5ad/GeneFull/Homo_sapiens/SRX11515858.h5ad,,2026-07-30 14:53:15,OSError: Project was not passed and could not be determined from the environment.
450/1048,SRX11515807,failed,gs://arc-institute-virtual-cell-atlas/scbasecount/2026-01-12/h5ad/GeneFull/Homo_sapiens/SRX11515807.h5ad,arc-institute-virtual-cell-atlas/scbasecount/2026-01-12/h5ad/GeneFull/Homo_sapiens/SRX11515807.h5ad,,2026-07-30 14:53:15,OSError: Project was not passed and could not be determined from the environment.
451/1048,SRX11438983,failed,gs://arc-institute-virtual-cell-atlas/scbasecount/2026-01-12/h5ad/GeneFull/Homo_sapiens/SRX11438983.h5ad,arc-institute-virtual-cell-atlas/scbasecount/2026-01-12/h5ad/GeneFull/Homo_sapiens/SRX11438983.h5ad,,2026-07-30 14:53:15,OSError: Project was not passed and could not be determined from the environment.
452/1048,SRX12457904,failed,gs://arc-institute-virtual-cell-atlas/scbasecount/2026-01-12/h5ad/GeneFull/Homo_sapiens/SRX12457904.h5ad,arc-institute-virtual-cell-atlas/scbasecount/2026-01-12/h5ad/GeneFull/Homo_sapiens/SRX12457904.h5ad,,2026-07-30 14:53:15,OSError: Project was not passed and could not be determined from the environment.
453/1048,SRX11987897,failed,gs://arc-institute-virtual-cell-atlas/scbasecount/2026-01-12/h5ad/GeneFull/Homo_sapiens/SRX11987897.h5ad,arc-institute-virtual-cell-atlas/scbasecount/2026-01-12/h5ad/GeneFull/Homo_sapiens/SRX11987897.h5ad,,2026-07-30 14:53:15,OSError: Project was not passed and could not be determined from the environment.
454/1048,SRX11515825,failed,gs://arc-institute-virtual-cell-atlas/scbasecount/2026-01-12/h5ad/GeneFull/Homo_sapiens/SRX11515825.h5ad,arc-institute-virtual-cell-atlas/scbasecount/2026-01-12/h5ad/GeneFull/Homo_sapiens/SRX11515825.h5ad,,2026-07-30 14:53:15,OSError: Project was not passed and could not be determined from the environment.
455/1048,SRX11438988,failed,gs://arc-institute-virtual-cell-atlas/scbasecount/2026-01-12/h5ad/GeneFull/Homo_sapiens/SRX11438988.h5ad,arc-institute-virtual-cell-atlas/scbasecount/2026-01-12/h5ad/GeneFull/Homo_sapiens/SRX11438988.h5ad,,2026-07-30 14:53:15,OSError: Project was not passed and could not be determined from the environment.
456/1048,SRX11987901,failed,gs://arc-institute-virtual-cell-atlas/scbasecount/2026-01-12/h5ad/GeneFull/Homo_sapiens/SRX11987901.h5ad,arc-institute-virtual-cell-atlas/scbasecount/2026-01-12/h5ad/GeneFull/Homo_sapiens/SRX11987901.h5ad,,2026-07-30 14:53:15,OSError: Project was not passed and could not be determined from the environment.
457/1048,SRX11515879,failed,gs://arc-institute-virtual-cell-atlas/scbasecount/2026-01-12/h5ad/GeneFull/Homo_sapiens/SRX11515879.h5ad,arc-institute-virtual-cell-atlas/scbasecount/2026-01-12/h5ad/GeneFull/Homo_sapiens/SRX11515879.h5ad,,2026-07-30 14:53:15,OSError: Project was not passed and could not be determined from the environment.
458/1048,SRX12150517,failed,gs://arc-institute-virtual-cell-atlas/scbasecount/2026-01-12/h5ad/GeneFull/Homo_sapiens/SRX12150517.h5ad,arc-institute-virtual-cell-atlas/scbasecount/2026-01-12/h5ad/GeneFull/Homo_sapiens/SRX12150517.h5ad,,2026-07-30 14:53:15,OSError: Project was not passed and could not be determined from the environment.
459/1048,SRX11515863,failed,gs://arc-institute-virtual-cell-atlas/scbasecount/2026-01-12/h5ad/GeneFull/Homo_sapiens/SRX11515863.h5ad,arc-institute-virtual-cell-atlas/scbasecount/2026-01-12/h5ad/GeneFull/Homo_sapiens/SRX11515863.h5ad,,2026-07-30 14:53:15,OSError: Project was not passed and could not be determined from the environment.
460/1048,SRX11071620,failed,gs://arc-institute-virtual-cell-atlas/scbasecount/2026-01-12/h5ad/GeneFull/Homo_sapiens/SRX11071620.h5ad,arc-institute-virtual-cell-atlas/scbasecount/2026-01-12/h5ad/GeneFull/Homo_sapiens/SRX11071620.h5ad,,2026-07-30 14:53:15,OSError: Project was not passed and could not be determined from the environment.
461/1048,SRX11515808,failed,gs://arc-institute-virtual-cell-atlas/scbasecount/2026-01-12/h5ad/GeneFull/Homo_sapiens/SRX11515808.h5ad,arc-institute-virtual-cell-atlas/scbasecount/2026-01-12/h5ad/GeneFull/Homo_sapiens/SRX11515808.h5ad,,2026-07-30 14:53:15,OSError: Project was not passed and could not be determined from the environment.
462/1048,SRX13139340,failed,gs://arc-institute-virtual-cell-atlas/scbasecount/2026-01-12/h5ad/GeneFull/Homo_sapiens/SRX13139340.h5ad,arc-institute-virtual-cell-atlas/scbasecount/2026-01-12/h5ad/GeneFull/Homo_sapiens/SRX13139340.h5ad,,2026-07-30 14:53:15,OSError: Project was not passed and could not be determined from the environment.
463/1048,SRX12457905,failed,gs://arc-institute-virtual-cell-atlas/scbasecount/2026-01-12/h5ad/GeneFull/Homo_sapiens/SRX12457905.h5ad,arc-institute-virtual-cell-atlas/scbasecount/2026-01-12/h5ad/GeneFull/Homo_sapiens/SRX12457905.h5ad,,2026-07-30 14:53:15,OSError: Project was not passed and could not be determined from the environment.
464/1048,SRX10984893,failed,gs://arc-institute-virtual-cell-atlas/scbasecount/2026-01-12/h5ad/GeneFull/Homo_sapiens/SRX10984893.h5ad,arc-institute-virtual-cell-atlas/scbasecount/2026-01-12/h5ad/GeneFull/Homo_sapiens/SRX10984893.h5ad,,2026-07-30 14:53:15,OSError: Project was not passed and could not be determined from the environment.
465/1048,SRX11515813,failed,gs://arc-institute-virtual-cell-atlas/scbasecount/2026-01-12/h5ad/GeneFull/Homo_sapiens/SRX11515813.h5ad,arc-institute-virtual-cell-atlas/scbasecount/2026-01-12/h5ad/GeneFull/Homo_sapiens/SRX11515813.h5ad,,2026-07-30 14:53:15,OSError: Project was not passed and could not be determined from the environment.
466/1048,SRX11071619,failed,gs://arc-institute-virtual-cell-atlas/scbasecount/2026-01-12/h5ad/GeneFull/Homo_sapiens/SRX11071619.h5ad,arc-institute-virtual-cell-atlas/scbasecount/2026-01-12/h5ad/GeneFull/Homo_sapiens/SRX11071619.h5ad,,2026-07-30 14:53:15,OSError: Project was not passed and could not be determined from the environment.
467/1048,SRX11071616,failed,gs://arc-institute-virtual-cell-atlas/scbasecount/2026-01-12/h5ad/GeneFull/Homo_sapiens/SRX11071616.h5ad,arc-institute-virtual-cell-atlas/scbasecount/2026-01-12/h5ad/GeneFull/Homo_sapiens/SRX11071616.h5ad,,2026-07-30 14:53:15,OSError: Project was not passed and could not be determined from the environment.
468/1048,SRX11515812,failed,gs://arc-institute-virtual-cell-atlas/scbasecount/2026-01-12/h5ad/GeneFull/Homo_sapiens/SRX11515812.h5ad,arc-institute-virtual-cell-atlas/scbasecount/2026-01-12/h5ad/GeneFull/Homo_sapiens/SRX11515812.h5ad,,2026-07-30 14:53:15,OSError: Project was not passed and could not be determined from the environment.
469/1048,SRX11515827,failed,gs://arc-institute-virtual-cell-atlas/scbasecount/2026-01-12/h5ad/GeneFull/Homo_sapiens/SRX11515827.h5ad,arc-institute-virtual-cell-atlas/scbasecount/2026-01-12/h5ad/GeneFull/Homo_sapiens/SRX11515827.h5ad,,2026-07-30 14:53:15,OSError: Project was not passed and could not be determined from the environment.
470/1048,SRX11515830,failed,gs://arc-institute-virtual-cell-atlas/scbasecount/2026-01-12/h5ad/GeneFull/Homo_sapiens/SRX11515830.h5ad,arc-institute-virtual-cell-atlas/scbasecount/2026-01-12/h5ad/GeneFull/Homo_sapiens/SRX11515830.h5ad,,2026-07-30 14:53:15,OSError: Project was not passed and could not be determined from the environment.
471/1048,SRX11515805,failed,gs://arc-institute-virtual-cell-atlas/scbasecount/2026-01-12/h5ad/GeneFull/Homo_sapiens/SRX11515805.h5ad,arc-institute-virtual-cell-atlas/scbasecount/2026-01-12/h5ad/GeneFull/Homo_sapiens/SRX11515805.h5ad,,2026-07-30 14:53:15,OSError: Project was not passed and could not be determined from the environment.
472/1048,SRX11438986,failed,gs://arc-institute-virtual-cell-atlas/scbasecount/2026-01-12/h5ad/GeneFull/Homo_sapiens/SRX11438986.h5ad,arc-institute-virtual-cell-atlas/scbasecount/2026-01-12/h5ad/GeneFull/Homo_sapiens/SRX11438986.h5ad,,2026-07-30 14:53:15,OSError: Project was not passed and could not be determined from the environment.
473/1048,SRX13325105,failed,gs://arc-institute-virtual-cell-atlas/scbasecount/2026-01-12/h5ad/GeneFull/Homo_sapiens/SRX13325105.h5ad,arc-institute-virtual-cell-atlas/scbasecount/2026-01-12/h5ad/GeneFull/Homo_sapiens/SRX13325105.h5ad,,2026-07-30 14:53:15,OSError: Project was not passed and could not be determined from the environment.
474/1048,SRX13325102,failed,gs://arc-institute-virtual-cell-atlas/scbasecount/2026-01-12/h5ad/GeneFull/Homo_sapiens/SRX13325102.h5ad,arc-institute-virtual-cell-atlas/scbasecount/2026-01-12/h5ad/GeneFull/Homo_sapiens/SRX13325102.h5ad,,2026-07-30 14:53:15,OSError: Project was not passed and could not be determined from the environment.
475/1048,SRX11515831,failed,gs://arc-institute-virtual-cell-atlas/scbasecount/2026-01-12/h5ad/GeneFull/Homo_sapiens/SRX11515831.h5ad,arc-institute-virtual-cell-atlas/scbasecount/2026-01-12/h5ad/GeneFull/Homo_sapiens/SRX11515831.h5ad,,2026-07-30 14:53:15,OSError: Project was not passed and could not be determined from the environment.
476/1048,SRX11515859,failed,gs://arc-institute-virtual-cell-atlas/scbasecount/2026-01-12/h5ad/GeneFull/Homo_sapiens/SRX11515859.h5ad,arc-institute-virtual-cell-atlas/scbasecount/2026-01-12/h5ad/GeneFull/Homo_sapiens/SRX11515859.h5ad,,2026-07-30 14:53:15,OSError: Project was not passed and could not be determined from the environment.
477/1048,SRX11987899,failed,gs://arc-institute-virtual-cell-atlas/scbasecount/2026-01-12/h5ad/GeneFull/Homo_sapiens/SRX11987899.h5ad,arc-institute-virtual-cell-atlas/scbasecount/2026-01-12/h5ad/GeneFull/Homo_sapiens/SRX11987899.h5ad,,2026-07-30 14:53:15,OSError: Project was not passed and could not be determined from the environment.
478/1048,SRX11515866,failed,gs://arc-institute-virtual-cell-atlas/scbasecount/2026-01-12/h5ad/GeneFull/Homo_sapiens/SRX11515866.h5ad,arc-institute-virtual-cell-atlas/scbasecount/2026-01-12/h5ad/GeneFull/Homo_sapiens/SRX11515866.h5ad,,2026-07-30 14:53:15,OSError: Project was not passed and could not be determined from the environment.
479/1048,SRX11515826,failed,gs://arc-institute-virtual-cell-atlas/scbasecount/2026-01-12/h5ad/GeneFull/Homo_sapiens/SRX11515826.h5ad,arc-institute-virtual-cell-atlas/scbasecount/2026-01-12/h5ad/GeneFull/Homo_sapiens/SRX11515826.h5ad,,2026-07-30 14:53:15,OSError: Project was not passed and could not be determined from the environment.
480/1048,SRX13325101,failed,gs://arc-institute-virtual-cell-atlas/scbasecount/2026-01-12/h5ad/GeneFull/Homo_sapiens/SRX13325101.h5ad,arc-institute-virtual-cell-atlas/scbasecount/2026-01-12/h5ad/GeneFull/Homo_sapiens/SRX13325101.h5ad,,2026-07-30 14:53:15,OSError: Project was not passed and could not be determined from the environment.
481/1048,SRX10984883,failed,gs://arc-institute-virtual-cell-atlas/scbasecount/2026-01-12/h5ad/GeneFull/Homo_sapiens/SRX10984883.h5ad,arc-institute-virtual-cell-atlas/scbasecount/2026-01-12/h5ad/GeneFull/Homo_sapiens/SRX10984883.h5ad,,2026-07-30 14:53:15,OSError: Project was not passed and could not be determined from the environment.
482/1048,SRX11071614,failed,gs://arc-institute-virtual-cell-atlas/scbasecount/2026-01-12/h5ad/GeneFull/Homo_sapiens/SRX11071614.h5ad,arc-institute-virtual-cell-atlas/scbasecount/2026-01-12/h5ad/GeneFull/Homo_sapiens/SRX11071614.h5ad,,2026-07-30 14:53:15,OSError: Project was not passed and could not be determined from the environment.
483/1048,SRX13426726,failed,gs://arc-institute-virtual-cell-atlas/scbasecount/2026-01-12/h5ad/GeneFull/Homo_sapiens/SRX13426726.h5ad,arc-institute-virtual-cell-atlas/scbasecount/2026-01-12/h5ad/GeneFull/Homo_sapiens/SRX13426726.h5ad,,2026-07-30 14:53:15,OSError: Project was not passed and could not be determined from the environment.
484/1048,SRX13426727,failed,gs://arc-institute-virtual-cell-atlas/scbasecount/2026-01-12/h5ad/GeneFull/Homo_sapiens/SRX13426727.h5ad,arc-institute-virtual-cell-atlas/scbasecount/2026-01-12/h5ad/GeneFull/Homo_sapiens/SRX13426727.h5ad,,2026-07-30 14:53:15,OSError: Project was not passed and could not be determined from the environment.
485/1048,SRX13441701,failed,gs://arc-institute-virtual-cell-atlas/scbasecount/2026-01-12/h5ad/GeneFull/Homo_sapiens/SRX13441701.h5ad,arc-institute-virtual-cell-atlas/scbasecount/2026-01-12/h5ad/GeneFull/Homo_sapiens/SRX13441701.h5ad,,2026-07-30 14:53:15,OSError: Project was not passed and could not be determined from the environment.
486/1048,SRX10984890,failed,gs://arc-institute-virtual-cell-atlas/scbasecount/2026-01-12/h5ad/GeneFull/Homo_sapiens/SRX10984890.h5ad,arc-institute-virtual-cell-atlas/scbasecount/2026-01-12/h5ad/GeneFull/Homo_sapiens/SRX10984890.h5ad,,2026-07-30 14:53:15,OSError: Project was not passed and could not be determined from the environment.
487/1048,SRX11515848,failed,gs://arc-institute-virtual-cell-atlas/scbasecount/2026-01-12/h5ad/GeneFull/Homo_sapiens/SRX11515848.h5ad,arc-institute-virtual-cell-atlas/scbasecount/2026-01-12/h5ad/GeneFull/Homo_sapiens/SRX11515848.h5ad,,2026-07-30 14:53:15,OSError: Project was not passed and could not be determined from the environment.
488/1048,SRX10984882,failed,gs://arc-institute-virtual-cell-atlas/scbasecount/2026-01-12/h5ad/GeneFull/Homo_sapiens/SRX10984882.h5ad,arc-institute-virtual-cell-atlas/scbasecount/2026-01-12/h5ad/GeneFull/Homo_sapiens/SRX10984882.h5ad,,2026-07-30 14:53:15,OSError: Project was not passed and could not be determined from the environment.
489/1048,SRX11515850,failed,gs://arc-institute-virtual-cell-atlas/scbasecount/2026-01-12/h5ad/GeneFull/Homo_sapiens/SRX11515850.h5ad,arc-institute-virtual-cell-atlas/scbasecount/2026-01-12/h5ad/GeneFull/Homo_sapiens/SRX11515850.h5ad,,2026-07-30 14:53:15,OSError: Project was not passed and could not be determined from the environment.
490/1048,SRX13441702,failed,gs://arc-institute-virtual-cell-atlas/scbasecount/2026-01-12/h5ad/GeneFull/Homo_sapiens/SRX13441702.h5ad,arc-institute-virtual-cell-atlas/scbasecount/2026-01-12/h5ad/GeneFull/Homo_sapiens/SRX13441702.h5ad,,2026-07-30 14:53:15,OSError: Project was not passed and could not be determined from the environment.
491/1048,SRX11438994,failed,gs://arc-institute-virtual-cell-atlas/scbasecount/2026-01-12/h5ad/GeneFull/Homo_sapiens/SRX11438994.h5ad,arc-institute-virtual-cell-atlas/scbasecount/2026-01-12/h5ad/GeneFull/Homo_sapiens/SRX11438994.h5ad,,2026-07-30 14:53:15,OSError: Project was not passed and could not be determined from the environment.
492/1048,SRX13441698,failed,gs://arc-institute-virtual-cell-atlas/scbasecount/2026-01-12/h5ad/GeneFull/Homo_sapiens/SRX13441698.h5ad,arc-institute-virtual-cell-atlas/scbasecount/2026-01-12/h5ad/GeneFull/Homo_sapiens/SRX13441698.h5ad,,2026-07-30 14:53:15,OSError: Project was not passed and could not be determined from the environment.
493/1048,SRX11071612,failed,gs://arc-institute-virtual-cell-atlas/scbasecount/2026-01-12/h5ad/GeneFull/Homo_sapiens/SRX11071612.h5ad,arc-institute-virtual-cell-atlas/scbasecount/2026-01-12/h5ad/GeneFull/Homo_sapiens/SRX11071612.h5ad,,2026-07-30 14:53:15,OSError: Project was not passed and could not be determined from the environment.
494/1048,SRX10984879,failed,gs://arc-institute-virtual-cell-atlas/scbasecount/2026-01-12/h5ad/GeneFull/Homo_sapiens/SRX10984879.h5ad,arc-institute-virtual-cell-atlas/scbasecount/2026-01-12/h5ad/GeneFull/Homo_sapiens/SRX10984879.h5ad,,2026-07-30 14:53:15,OSError: Project was not passed and could not be determined from the environment.
495/1048,SRX11071621,failed,gs://arc-institute-virtual-cell-atlas/scbasecount/2026-01-12/h5ad/GeneFull/Homo_sapiens/SRX11071621.h5ad,arc-institute-virtual-cell-atlas/scbasecount/2026-01-12/h5ad/GeneFull/Homo_sapiens/SRX11071621.h5ad,,2026-07-30 14:53:15,OSError: Project was not passed and could not be determined from the environment.
496/1048,SRX11987907,failed,gs://arc-institute-virtual-cell-atlas/scbasecount/2026-01-12/h5ad/GeneFull/Homo_sapiens/SRX11987907.h5ad,arc-institute-virtual-cell-atlas/scbasecount/2026-01-12/h5ad/GeneFull/Homo_sapiens/SRX11987907.h5ad,,2026-07-30 14:53:15,OSError: Project was not passed and could not be determined from the environment.
497/1048,SRX13814623,failed,gs://arc-institute-virtual-cell-atlas/scbasecount/2026-01-12/h5ad/GeneFull/Homo_sapiens/SRX13814623.h5ad,arc-institute-virtual-cell-atlas/scbasecount/2026-01-12/h5ad/GeneFull/Homo_sapiens/SRX13814623.h5ad,,2026-07-30 14:53:15,OSError: Project was not passed and could not be determined from the environment.
498/1048,SRX13814619,failed,gs://arc-institute-virtual-cell-atlas/scbasecount/2026-01-12/h5ad/GeneFull/Homo_sapiens/SRX13814619.h5ad,arc-institute-virtual-cell-atlas/scbasecount/2026-01-12/h5ad/GeneFull/Homo_sapiens/SRX13814619.h5ad,,2026-07-30 14:53:15,OSError: Project was not passed and could not be determined from the environment.
499/1048,SRX13814617,failed,gs://arc-institute-virtual-cell-atlas/scbasecount/2026-01-12/h5ad/GeneFull/Homo_sapiens/SRX13814617.h5ad,arc-institute-virtual-cell-atlas/scbasecount/2026-01-12/h5ad/GeneFull/Homo_sapiens/SRX13814617.h5ad,,2026-07-30 14:53:15,OSError: Project was not passed and could not be determined from the environment.
500/1048,SRX13814625,failed,gs://arc-institute-virtual-cell-atlas/scbasecount/2026-01-12/h5ad/GeneFull/Homo_sapiens/SRX13814625.h5ad,arc-institute-virtual-cell-atlas/scbasecount/2026-01-12/h5ad/GeneFull/Homo_sapiens/SRX13814625.h5ad,,2026-07-30 14:53:15,OSError: Project was not passed and could not be determined from the environment.
501/1048,SRX12457896,failed,gs://arc-institute-virtual-cell-atlas/scbasecount/2026-01-12/h5ad/GeneFull/Homo_sapiens/SRX12457896.h5ad,arc-institute-virtual-cell-atlas/scbasecount/2026-01-12/h5ad/GeneFull/Homo_sapiens/SRX12457896.h5ad,,2026-07-30 14:53:15,OSError: Project was not passed and could not be determined from the environment.
502/1048,SRX12457901,failed,gs://arc-institute-virtual-cell-atlas/scbasecount/2026-01-12/h5ad/GeneFull/Homo_sapiens/SRX12457901.h5ad,arc-institute-virtual-cell-atlas/scbasecount/2026-01-12/h5ad/GeneFull/Homo_sapiens/SRX12457901.h5ad,,2026-07-30 14:53:15,OSError: Project was not passed and could not be determined from the environment.
503/1048,SRX13789895,failed,gs://arc-institute-virtual-cell-atlas/scbasecount/2026-01-12/h5ad/GeneFull/Homo_sapiens/SRX13789895.h5ad,arc-institute-virtual-cell-atlas/scbasecount/2026-01-12/h5ad/GeneFull/Homo_sapiens/SRX13789895.h5ad,,2026-07-30 14:53:15,OSError: Project was not passed and could not be determined from the environment.
504/1048,SRX13814621,failed,gs://arc-institute-virtual-cell-atlas/scbasecount/2026-01-12/h5ad/GeneFull/Homo_sapiens/SRX13814621.h5ad,arc-institute-virtual-cell-atlas/scbasecount/2026-01-12/h5ad/GeneFull/Homo_sapiens/SRX13814621.h5ad,,2026-07-30 14:53:15,OSError: Project was not passed and could not be determined from the environment.
505/1048,SRX13814627,failed,gs://arc-institute-virtual-cell-atlas/scbasecount/2026-01-12/h5ad/GeneFull/Homo_sapiens/SRX13814627.h5ad,arc-institute-virtual-cell-atlas/scbasecount/2026-01-12/h5ad/GeneFull/Homo_sapiens/SRX13814627.h5ad,,2026-07-30 14:53:15,OSError: Project was not passed and could not be determined from the environment.
506/1048,SRX13814629,failed,gs://arc-institute-virtual-cell-atlas/scbasecount/2026-01-12/h5ad/GeneFull/Homo_sapiens/SRX13814629.h5ad,arc-institute-virtual-cell-atlas/scbasecount/2026-01-12/h5ad/GeneFull/Homo_sapiens/SRX13814629.h5ad,,2026-07-30 14:53:15,OSError: Project was not passed and could not be determined from the environment.
507/1048,SRX13789894,failed,gs://arc-institute-virtual-cell-atlas/scbasecount/2026-01-12/h5ad/GeneFull/Homo_sapiens/SRX13789894.h5ad,arc-institute-virtual-cell-atlas/scbasecount/2026-01-12/h5ad/GeneFull/Homo_sapiens/SRX13789894.h5ad,,2026-07-30 14:53:15,OSError: Project was not passed and could not be determined from the environment.
508/1048,SRX13789893,failed,gs://arc-institute-virtual-cell-atlas/scbasecount/2026-01-12/h5ad/GeneFull/Homo_sapiens/SRX13789893.h5ad,arc-institute-virtual-cell-atlas/scbasecount/2026-01-12/h5ad/GeneFull/Homo_sapiens/SRX13789893.h5ad,,2026-07-30 14:53:15,OSError: Project was not passed and could not be determined from the environment.
509/1048,SRX14098305,failed,gs://arc-institute-virtual-cell-atlas/scbasecount/2026-01-12/h5ad/GeneFull/Homo_sapiens/SRX14098305.h5ad,arc-institute-virtual-cell-atlas/scbasecount/2026-01-12/h5ad/GeneFull/Homo_sapiens/SRX14098305.h5ad,,2026-07-30 14:53:15,OSError: Project was not passed and could not be determined from the environment.
510/1048,SRX13789891,failed,gs://arc-institute-virtual-cell-atlas/scbasecount/2026-01-12/h5ad/GeneFull/Homo_sapiens/SRX13789891.h5ad,arc-institute-virtual-cell-atlas/scbasecount/2026-01-12/h5ad/GeneFull/Homo_sapiens/SRX13789891.h5ad,,2026-07-30 14:53:15,OSError: Project was not passed and could not be determined from the environment.
511/1048,SRX11987905,failed,gs://arc-institute-virtual-cell-atlas/scbasecount/2026-01-12/h5ad/GeneFull/Homo_sapiens/SRX11987905.h5ad,arc-institute-virtual-cell-atlas/scbasecount/2026-01-12/h5ad/GeneFull/Homo_sapiens/SRX11987905.h5ad,,2026-07-30 14:53:15,OSError: Project was not passed and could not be determined from the environment.
512/1048,SRX11438985,failed,gs://arc-institute-virtual-cell-atlas/scbasecount/2026-01-12/h5ad/GeneFull/Homo_sapiens/SRX11438985.h5ad,arc-institute-virtual-cell-atlas/scbasecount/2026-01-12/h5ad/GeneFull/Homo_sapiens/SRX11438985.h5ad,,2026-07-30 14:53:15,OSError: Project was not passed and could not be determined from the environment.
513/1048,SRX10984887,failed,gs://arc-institute-virtual-cell-atlas/scbasecount/2026-01-12/h5ad/GeneFull/Homo_sapiens/SRX10984887.h5ad,arc-institute-virtual-cell-atlas/scbasecount/2026-01-12/h5ad/GeneFull/Homo_sapiens/SRX10984887.h5ad,,2026-07-30 14:53:15,OSError: Project was not passed and could not be determined from the environment.
514/1048,SRX12457898,failed,gs://arc-institute-virtual-cell-atlas/scbasecount/2026-01-12/h5ad/GeneFull/Homo_sapiens/SRX12457898.h5ad,arc-institute-virtual-cell-atlas/scbasecount/2026-01-12/h5ad/GeneFull/Homo_sapiens/SRX12457898.h5ad,,2026-07-30 14:53:15,OSError: Project was not passed and could not be determined from the environment.
515/1048,SRX11515833,failed,gs://arc-institute-virtual-cell-atlas/scbasecount/2026-01-12/h5ad/GeneFull/Homo_sapiens/SRX11515833.h5ad,arc-institute-virtual-cell-atlas/scbasecount/2026-01-12/h5ad/GeneFull/Homo_sapiens/SRX11515833.h5ad,,2026-07-30 14:53:15,OSError: Project was not passed and could not be determined from the environment.
516/1048,SRX10984892,failed,gs://arc-institute-virtual-cell-atlas/scbasecount/2026-01-12/h5ad/GeneFull/Homo_sapiens/SRX10984892.h5ad,arc-institute-virtual-cell-atlas/scbasecount/2026-01-12/h5ad/GeneFull/Homo_sapiens/SRX10984892.h5ad,,2026-07-30 14:53:15,OSError: Project was not passed and could not be determined from the environment.
517/1048,SRX11515820,failed,gs://arc-institute-virtual-cell-atlas/scbasecount/2026-01-12/h5ad/GeneFull/Homo_sapiens/SRX11515820.h5ad,arc-institute-virtual-cell-atlas/scbasecount/2026-01-12/h5ad/GeneFull/Homo_sapiens/SRX11515820.h5ad,,2026-07-30 14:53:15,OSError: Project was not passed and could not be determined from the environment.
518/1048,SRX11987918,failed,gs://arc-institute-virtual-cell-atlas/scbasecount/2026-01-12/h5ad/GeneFull/Homo_sapiens/SRX11987918.h5ad,arc-institute-virtual-cell-atlas/scbasecount/2026-01-12/h5ad/GeneFull/Homo_sapiens/SRX11987918.h5ad,,2026-07-30 14:53:15,OSError: Project was not passed and could not be determined from the environment.
519/1048,SRX11071617,failed,gs://arc-institute-virtual-cell-atlas/scbasecount/2026-01-12/h5ad/GeneFull/Homo_sapiens/SRX11071617.h5ad,arc-institute-virtual-cell-atlas/scbasecount/2026-01-12/h5ad/GeneFull/Homo_sapiens/SRX11071617.h5ad,,2026-07-30 14:53:15,OSError: Project was not passed and could not be determined from the environment.
520/1048,SRX11515876,failed,gs://arc-institute-virtual-cell-atlas/scbasecount/2026-01-12/h5ad/GeneFull/Homo_sapiens/SRX11515876.h5ad,arc-institute-virtual-cell-atlas/scbasecount/2026-01-12/h5ad/GeneFull/Homo_sapiens/SRX11515876.h5ad,,2026-07-30 14:53:15,OSError: Project was not passed and could not be determined from the environment.
521/1048,SRX14495318,failed,gs://arc-institute-virtual-cell-atlas/scbasecount/2026-01-12/h5ad/GeneFull/Homo_sapiens/SRX14495318.h5ad,arc-institute-virtual-cell-atlas/scbasecount/2026-01-12/h5ad/GeneFull/Homo_sapiens/SRX14495318.h5ad,,2026-07-30 14:53:15,OSError: Project was not passed and could not be determined from the environment.
522/1048,SRX11071611,failed,gs://arc-institute-virtual-cell-atlas/scbasecount/2026-01-12/h5ad/GeneFull/Homo_sapiens/SRX11071611.h5ad,arc-institute-virtual-cell-atlas/scbasecount/2026-01-12/h5ad/GeneFull/Homo_sapiens/SRX11071611.h5ad,,2026-07-30 14:53:15,OSError: Project was not passed and could not be determined from the environment.
523/1048,SRX10984881,failed,gs://arc-institute-virtual-cell-atlas/scbasecount/2026-01-12/h5ad/GeneFull/Homo_sapiens/SRX10984881.h5ad,arc-institute-virtual-cell-atlas/scbasecount/2026-01-12/h5ad/GeneFull/Homo_sapiens/SRX10984881.h5ad,,2026-07-30 14:53:15,OSError: Project was not passed and could not be determined from the environment.
524/1048,SRX11515857,failed,gs://arc-institute-virtual-cell-atlas/scbasecount/2026-01-12/h5ad/GeneFull/Homo_sapiens/SRX11515857.h5ad,arc-institute-virtual-cell-atlas/scbasecount/2026-01-12/h5ad/GeneFull/Homo_sapiens/SRX11515857.h5ad,,2026-07-30 14:53:15,OSError: Project was not passed and could not be determined from the environment.
525/1048,SRX11987916,failed,gs://arc-institute-virtual-cell-atlas/scbasecount/2026-01-12/h5ad/GeneFull/Homo_sapiens/SRX11987916.h5ad,arc-institute-virtual-cell-atlas/scbasecount/2026-01-12/h5ad/GeneFull/Homo_sapiens/SRX11987916.h5ad,,2026-07-30 14:53:15,OSError: Project was not passed and could not be determined from the environment.
526/1048,SRX14767850,failed,gs://arc-institute-virtual-cell-atlas/scbasecount/2026-01-12/h5ad/GeneFull/Homo_sapiens/SRX14767850.h5ad,arc-institute-virtual-cell-atlas/scbasecount/2026-01-12/h5ad/GeneFull/Homo_sapiens/SRX14767850.h5ad,,2026-07-30 14:53:15,OSError: Project was not passed and could not be determined from the environment.
527/1048,SRX14767849,failed,gs://arc-institute-virtual-cell-atlas/scbasecount/2026-01-12/h5ad/GeneFull/Homo_sapiens/SRX14767849.h5ad,arc-institute-virtual-cell-atlas/scbasecount/2026-01-12/h5ad/GeneFull/Homo_sapiens/SRX14767849.h5ad,,2026-07-30 14:53:15,OSError: Project was not passed and could not be determined from the environment.
528/1048,SRX11071622,failed,gs://arc-institute-virtual-cell-atlas/scbasecount/2026-01-12/h5ad/GeneFull/Homo_sapiens/SRX11071622.h5ad,arc-institute-virtual-cell-atlas/scbasecount/2026-01-12/h5ad/GeneFull/Homo_sapiens/SRX11071622.h5ad,,2026-07-30 14:53:15,OSError: Project was not passed and could not be determined from the environment.
529/1048,SRX11515875,failed,gs://arc-institute-virtual-cell-atlas/scbasecount/2026-01-12/h5ad/GeneFull/Homo_sapiens/SRX11515875.h5ad,arc-institute-virtual-cell-atlas/scbasecount/2026-01-12/h5ad/GeneFull/Homo_sapiens/SRX11515875.h5ad,,2026-07-30 14:53:15,OSError: Project was not passed and could not be determined from the environment.
530/1048,SRX11515823,failed,gs://arc-institute-virtual-cell-atlas/scbasecount/2026-01-12/h5ad/GeneFull/Homo_sapiens/SRX11515823.h5ad,arc-institute-virtual-cell-atlas/scbasecount/2026-01-12/h5ad/GeneFull/Homo_sapiens/SRX11515823.h5ad,,2026-07-30 14:53:15,OSError: Project was not passed and could not be determined from the environment.
531/1048,SRX11515811,failed,gs://arc-institute-virtual-cell-atlas/scbasecount/2026-01-12/h5ad/GeneFull/Homo_sapiens/SRX11515811.h5ad,arc-institute-virtual-cell-atlas/scbasecount/2026-01-12/h5ad/GeneFull/Homo_sapiens/SRX11515811.h5ad,,2026-07-30 14:53:15,OSError: Project was not passed and could not be determined from the environment.
532/1048,SRX10984888,failed,gs://arc-institute-virtual-cell-atlas/scbasecount/2026-01-12/h5ad/GeneFull/Homo_sapiens/SRX10984888.h5ad,arc-institute-virtual-cell-atlas/scbasecount/2026-01-12/h5ad/GeneFull/Homo_sapiens/SRX10984888.h5ad,,2026-07-30 14:53:15,OSError: Project was not passed and could not be determined from the environment.
533/1048,SRX12457902,failed,gs://arc-institute-virtual-cell-atlas/scbasecount/2026-01-12/h5ad/GeneFull/Homo_sapiens/SRX12457902.h5ad,arc-institute-virtual-cell-atlas/scbasecount/2026-01-12/h5ad/GeneFull/Homo_sapiens/SRX12457902.h5ad,,2026-07-30 14:53:15,OSError: Project was not passed and could not be determined from the environment.
534/1048,SRX11071613,failed,gs://arc-institute-virtual-cell-atlas/scbasecount/2026-01-12/h5ad/GeneFull/Homo_sapiens/SRX11071613.h5ad,arc-institute-virtual-cell-atlas/scbasecount/2026-01-12/h5ad/GeneFull/Homo_sapiens/SRX11071613.h5ad,,2026-07-30 14:53:15,OSError: Project was not passed and could not be determined from the environment.
535/1048,SRX11515818,failed,gs://arc-institute-virtual-cell-atlas/scbasecount/2026-01-12/h5ad/GeneFull/Homo_sapiens/SRX11515818.h5ad,arc-institute-virtual-cell-atlas/scbasecount/2026-01-12/h5ad/GeneFull/Homo_sapiens/SRX11515818.h5ad,,2026-07-30 14:53:15,OSError: Project was not passed and could not be determined from the environment.
536/1048,SRX11515804,failed,gs://arc-institute-virtual-cell-atlas/scbasecount/2026-01-12/h5ad/GeneFull/Homo_sapiens/SRX11515804.h5ad,arc-institute-virtual-cell-atlas/scbasecount/2026-01-12/h5ad/GeneFull/Homo_sapiens/SRX11515804.h5ad,,2026-07-30 14:53:15,OSError: Project was not passed and could not be determined from the environment.
537/1048,SRX11071615,failed,gs://arc-institute-virtual-cell-atlas/scbasecount/2026-01-12/h5ad/GeneFull/Homo_sapiens/SRX11071615.h5ad,arc-institute-virtual-cell-atlas/scbasecount/2026-01-12/h5ad/GeneFull/Homo_sapiens/SRX11071615.h5ad,,2026-07-30 14:53:15,OSError: Project was not passed and could not be determined from the environment.
538/1048,SRX10984884,failed,gs://arc-institute-virtual-cell-atlas/scbasecount/2026-01-12/h5ad/GeneFull/Homo_sapiens/SRX10984884.h5ad,arc-institute-virtual-cell-atlas/scbasecount/2026-01-12/h5ad/GeneFull/Homo_sapiens/SRX10984884.h5ad,,2026-07-30 14:53:15,OSError: Project was not passed and could not be determined from the environment.
539/1048,SRX11515880,failed,gs://arc-institute-virtual-cell-atlas/scbasecount/2026-01-12/h5ad/GeneFull/Homo_sapiens/SRX11515880.h5ad,arc-institute-virtual-cell-atlas/scbasecount/2026-01-12/h5ad/GeneFull/Homo_sapiens/SRX11515880.h5ad,,2026-07-30 14:53:15,OSError: Project was not passed and could not be determined from the environment.
540/1048,SRX11987910,failed,gs://arc-institute-virtual-cell-atlas/scbasecount/2026-01-12/h5ad/GeneFull/Homo_sapiens/SRX11987910.h5ad,arc-institute-virtual-cell-atlas/scbasecount/2026-01-12/h5ad/GeneFull/Homo_sapiens/SRX11987910.h5ad,,2026-07-30 14:53:15,OSError: Project was not passed and could not be determined from the environment.
541/1048,SRX10697704,failed,gs://arc-institute-virtual-cell-atlas/scbasecount/2026-01-12/h5ad/GeneFull/Homo_sapiens/SRX10697704.h5ad,arc-institute-virtual-cell-atlas/scbasecount/2026-01-12/h5ad/GeneFull/Homo_sapiens/SRX10697704.h5ad,,2026-07-30 14:53:15,OSError: Project was not passed and could not be determined from the environment.
542/1048,SRX10327366,failed,gs://arc-institute-virtual-cell-atlas/scbasecount/2026-01-12/h5ad/GeneFull/Homo_sapiens/SRX10327366.h5ad,arc-institute-virtual-cell-atlas/scbasecount/2026-01-12/h5ad/GeneFull/Homo_sapiens/SRX10327366.h5ad,,2026-07-30 14:53:15,OSError: Project was not passed and could not be determined from the environment.
543/1048,SRX10697703,failed,gs://arc-institute-virtual-cell-atlas/scbasecount/2026-01-12/h5ad/GeneFull/Homo_sapiens/SRX10697703.h5ad,arc-institute-virtual-cell-atlas/scbasecount/2026-01-12/h5ad/GeneFull/Homo_sapiens/SRX10697703.h5ad,,2026-07-30 14:53:15,OSError: Project was not passed and could not be determined from the environment.
544/1048,SRX15805189,failed,gs://arc-institute-virtual-cell-atlas/scbasecount/2026-01-12/h5ad/GeneFull/Homo_sapiens/SRX15805189.h5ad,arc-institute-virtual-cell-atlas/scbasecount/2026-01-12/h5ad/GeneFull/Homo_sapiens/SRX15805189.h5ad,,2026-07-30 14:53:15,OSError: Project was not passed and could not be determined from the environment.
545/1048,SRX15805169,failed,gs://arc-institute-virtual-cell-atlas/scbasecount/2026-01-12/h5ad/GeneFull/Homo_sapiens/SRX15805169.h5ad,arc-institute-virtual-cell-atlas/scbasecount/2026-01-12/h5ad/GeneFull/Homo_sapiens/SRX15805169.h5ad,,2026-07-30 14:53:15,OSError: Project was not passed and could not be determined from the environment.
546/1048,SRX15805181,failed,gs://arc-institute-virtual-cell-atlas/scbasecount/2026-01-12/h5ad/GeneFull/Homo_sapiens/SRX15805181.h5ad,arc-institute-virtual-cell-atlas/scbasecount/2026-01-12/h5ad/GeneFull/Homo_sapiens/SRX15805181.h5ad,,2026-07-30 14:53:15,OSError: Project was not passed and could not be determined from the environment.
547/1048,SRX15805177,failed,gs://arc-institute-virtual-cell-atlas/scbasecount/2026-01-12/h5ad/GeneFull/Homo_sapiens/SRX15805177.h5ad,arc-institute-virtual-cell-atlas/scbasecount/2026-01-12/h5ad/GeneFull/Homo_sapiens/SRX15805177.h5ad,,2026-07-30 14:53:15,OSError: Project was not passed and could not be determined from the environment.
548/1048,SRX16217038,failed,gs://arc-institute-virtual-cell-atlas/scbasecount/2026-01-12/h5ad/GeneFull/Homo_sapiens/SRX16217038.h5ad,arc-institute-virtual-cell-atlas/scbasecount/2026-01-12/h5ad/GeneFull/Homo_sapiens/SRX16217038.h5ad,,2026-07-30 14:53:15,OSError: Project was not passed and could not be determined from the environment.
549/1048,SRX16217034,failed,gs://arc-institute-virtual-cell-atlas/scbasecount/2026-01-12/h5ad/GeneFull/Homo_sapiens/SRX16217034.h5ad,arc-institute-virtual-cell-atlas/scbasecount/2026-01-12/h5ad/GeneFull/Homo_sapiens/SRX16217034.h5ad,,2026-07-30 14:53:15,OSError: Project was not passed and could not be determined from the environment.
550/1048,SRX18096298,failed,gs://arc-institute-virtual-cell-atlas/scbasecount/2026-01-12/h5ad/GeneFull/Homo_sapiens/SRX18096298.h5ad,arc-institute-virtual-cell-atlas/scbasecount/2026-01-12/h5ad/GeneFull/Homo_sapiens/SRX18096298.h5ad,,2026-07-30 14:53:15,OSError: Project was not passed and could not be determined from the environment.
551/1048,SRX10606548,failed,gs://arc-institute-virtual-cell-atlas/scbasecount/2026-01-12/h5ad/GeneFull/Homo_sapiens/SRX10606548.h5ad,arc-institute-virtual-cell-atlas/scbasecount/2026-01-12/h5ad/GeneFull/Homo_sapiens/SRX10606548.h5ad,,2026-07-30 14:53:15,OSError: Project was not passed and could not be determined from the environment.
552/1048,SRX18096301,failed,gs://arc-institute-virtual-cell-atlas/scbasecount/2026-01-12/h5ad/GeneFull/Homo_sapiens/SRX18096301.h5ad,arc-institute-virtual-cell-atlas/scbasecount/2026-01-12/h5ad/GeneFull/Homo_sapiens/SRX18096301.h5ad,,2026-07-30 14:53:15,OSError: Project was not passed and could not be determined from the environment.
553/1048,SRX18096300,failed,gs://arc-institute-virtual-cell-atlas/scbasecount/2026-01-12/h5ad/GeneFull/Homo_sapiens/SRX18096300.h5ad,arc-institute-virtual-cell-atlas/scbasecount/2026-01-12/h5ad/GeneFull/Homo_sapiens/SRX18096300.h5ad,,2026-07-30 14:53:15,OSError: Project was not passed and could not be determined from the environment.
554/1048,SRX18096299,failed,gs://arc-institute-virtual-cell-atlas/scbasecount/2026-01-12/h5ad/GeneFull/Homo_sapiens/SRX18096299.h5ad,arc-institute-virtual-cell-atlas/scbasecount/2026-01-12/h5ad/GeneFull/Homo_sapiens/SRX18096299.h5ad,,2026-07-30 14:53:15,OSError: Project was not passed and could not be determined from the environment.
555/1048,SRX18096297,failed,gs://arc-institute-virtual-cell-atlas/scbasecount/2026-01-12/h5ad/GeneFull/Homo_sapiens/SRX18096297.h5ad,arc-institute-virtual-cell-atlas/scbasecount/2026-01-12/h5ad/GeneFull/Homo_sapiens/SRX18096297.h5ad,,2026-07-30 14:53:15,OSError: Project was not passed and could not be determined from the environment.
556/1048,SRX22917447,failed,gs://arc-institute-virtual-cell-atlas/scbasecount/2026-01-12/h5ad/GeneFull/Homo_sapiens/SRX22917447.h5ad,arc-institute-virtual-cell-atlas/scbasecount/2026-01-12/h5ad/GeneFull/Homo_sapiens/SRX22917447.h5ad,,2026-07-30 14:53:15,OSError: Project was not passed and could not be determined from the environment.
557/1048,SRX24312775,failed,gs://arc-institute-virtual-cell-atlas/scbasecount/2026-01-12/h5ad/GeneFull/Homo_sapiens/SRX24312775.h5ad,arc-institute-virtual-cell-atlas/scbasecount/2026-01-12/h5ad/GeneFull/Homo_sapiens/SRX24312775.h5ad,,2026-07-30 14:53:15,OSError: Project was not passed and could not be determined from the environment.
558/1048,SRX25289894,failed,gs://arc-institute-virtual-cell-atlas/scbasecount/2026-01-12/h5ad/GeneFull/Homo_sapiens/SRX25289894.h5ad,arc-institute-virtual-cell-atlas/scbasecount/2026-01-12/h5ad/GeneFull/Homo_sapiens/SRX25289894.h5ad,,2026-07-30 14:53:15,OSError: Project was not passed and could not be determined from the environment.
559/1048,SRX25363538,failed,gs://arc-institute-virtual-cell-atlas/scbasecount/2026-01-12/h5ad/GeneFull/Homo_sapiens/SRX25363538.h5ad,arc-institute-virtual-cell-atlas/scbasecount/2026-01-12/h5ad/GeneFull/Homo_sapiens/SRX25363538.h5ad,,2026-07-30 14:53:15,OSError: Project was not passed and could not be determined from the environment.
560/1048,SRX25261770,failed,gs://arc-institute-virtual-cell-atlas/scbasecount/2026-01-12/h5ad/GeneFull/Homo_sapiens/SRX25261770.h5ad,arc-institute-virtual-cell-atlas/scbasecount/2026-01-12/h5ad/GeneFull/Homo_sapiens/SRX25261770.h5ad,,2026-07-30 14:53:15,OSError: Project was not passed and could not be determined from the environment.
561/1048,SRX23902411,failed,gs://arc-institute-virtual-cell-atlas/scbasecount/2026-01-12/h5ad/GeneFull/Homo_sapiens/SRX23902411.h5ad,arc-institute-virtual-cell-atlas/scbasecount/2026-01-12/h5ad/GeneFull/Homo_sapiens/SRX23902411.h5ad,,2026-07-30 14:53:15,OSError: Project was not passed and could not be determined from the environment.
562/1048,SRX24312781,failed,gs://arc-institute-virtual-cell-atlas/scbasecount/2026-01-12/h5ad/GeneFull/Homo_sapiens/SRX24312781.h5ad,arc-institute-virtual-cell-atlas/scbasecount/2026-01-12/h5ad/GeneFull/Homo_sapiens/SRX24312781.h5ad,,2026-07-30 14:53:15,OSError: Project was not passed and could not be determined from the environment.
563/1048,SRX24312773,failed,gs://arc-institute-virtual-cell-atlas/scbasecount/2026-01-12/h5ad/GeneFull/Homo_sapiens/SRX24312773.h5ad,arc-institute-virtual-cell-atlas/scbasecount/2026-01-12/h5ad/GeneFull/Homo_sapiens/SRX24312773.h5ad,,2026-07-30 14:53:15,OSError: Project was not passed and could not be determined from the environment.
564/1048,SRX24312772,failed,gs://arc-institute-virtual-cell-atlas/scbasecount/2026-01-12/h5ad/GeneFull/Homo_sapiens/SRX24312772.h5ad,arc-institute-virtual-cell-atlas/scbasecount/2026-01-12/h5ad/GeneFull/Homo_sapiens/SRX24312772.h5ad,,2026-07-30 14:53:15,OSError: Project was not passed and could not be determined from the environment.
565/1048,SRX24312778,failed,gs://arc-institute-virtual-cell-atlas/scbasecount/2026-01-12/h5ad/GeneFull/Homo_sapiens/SRX24312778.h5ad,arc-institute-virtual-cell-atlas/scbasecount/2026-01-12/h5ad/GeneFull/Homo_sapiens/SRX24312778.h5ad,,2026-07-30 14:53:15,OSError: Project was not passed and could not be determined from the environment.
566/1048,SRX19704182,failed,gs://arc-institute-virtual-cell-atlas/scbasecount/2026-01-12/h5ad/GeneFull/Homo_sapiens/SRX19704182.h5ad,arc-institute-virtual-cell-atlas/scbasecount/2026-01-12/h5ad/GeneFull/Homo_sapiens/SRX19704182.h5ad,,2026-07-30 14:53:15,OSError: Project was not passed and could not be determined from the environment.
567/1048,SRX25595940,failed,gs://arc-institute-virtual-cell-atlas/scbasecount/2026-01-12/h5ad/GeneFull/Homo_sapiens/SRX25595940.h5ad,arc-institute-virtual-cell-atlas/scbasecount/2026-01-12/h5ad/GeneFull/Homo_sapiens/SRX25595940.h5ad,,2026-07-30 14:53:15,OSError: Project was not passed and could not be determined from the environment.
568/1048,SRX23825231,failed,gs://arc-institute-virtual-cell-atlas/scbasecount/2026-01-12/h5ad/GeneFull/Homo_sapiens/SRX23825231.h5ad,arc-institute-virtual-cell-atlas/scbasecount/2026-01-12/h5ad/GeneFull/Homo_sapiens/SRX23825231.h5ad,,2026-07-30 14:53:15,OSError: Project was not passed and could not be determined from the environment.
569/1048,SRX25261737,failed,gs://arc-institute-virtual-cell-atlas/scbasecount/2026-01-12/h5ad/GeneFull/Homo_sapiens/SRX25261737.h5ad,arc-institute-virtual-cell-atlas/scbasecount/2026-01-12/h5ad/GeneFull/Homo_sapiens/SRX25261737.h5ad,,2026-07-30 14:53:15,OSError: Project was not passed and could not be determined from the environment.
570/1048,SRX23457974,failed,gs://arc-institute-virtual-cell-atlas/scbasecount/2026-01-12/h5ad/GeneFull/Homo_sapiens/SRX23457974.h5ad,arc-institute-virtual-cell-atlas/scbasecount/2026-01-12/h5ad/GeneFull/Homo_sapiens/SRX23457974.h5ad,,2026-07-30 14:53:15,OSError: Project was not passed and could not be determined from the environment.
571/1048,SRX23457971,failed,gs://arc-institute-virtual-cell-atlas/scbasecount/2026-01-12/h5ad/GeneFull/Homo_sapiens/SRX23457971.h5ad,arc-institute-virtual-cell-atlas/scbasecount/2026-01-12/h5ad/GeneFull/Homo_sapiens/SRX23457971.h5ad,,2026-07-30 14:53:15,OSError: Project was not passed and could not be determined from the environment.
572/1048,SRX19704899,failed,gs://arc-institute-virtual-cell-atlas/scbasecount/2026-01-12/h5ad/GeneFull/Homo_sapiens/SRX19704899.h5ad,arc-institute-virtual-cell-atlas/scbasecount/2026-01-12/h5ad/GeneFull/Homo_sapiens/SRX19704899.h5ad,,2026-07-30 14:53:15,OSError: Project was not passed and could not be determined from the environment.
573/1048,SRX20811754,failed,gs://arc-institute-virtual-cell-atlas/scbasecount/2026-01-12/h5ad/GeneFull/Homo_sapiens/SRX20811754.h5ad,arc-institute-virtual-cell-atlas/scbasecount/2026-01-12/h5ad/GeneFull/Homo_sapiens/SRX20811754.h5ad,,2026-07-30 14:53:15,OSError: Project was not passed and could not be determined from the environment.
574/1048,SRX20811744,failed,gs://arc-institute-virtual-cell-atlas/scbasecount/2026-01-12/h5ad/GeneFull/Homo_sapiens/SRX20811744.h5ad,arc-institute-virtual-cell-atlas/scbasecount/2026-01-12/h5ad/GeneFull/Homo_sapiens/SRX20811744.h5ad,,2026-07-30 14:53:15,OSError: Project was not passed and could not be determined from the environment.
575/1048,SRX19704146,failed,gs://arc-institute-virtual-cell-atlas/scbasecount/2026-01-12/h5ad/GeneFull/Homo_sapiens/SRX19704146.h5ad,arc-institute-virtual-cell-atlas/scbasecount/2026-01-12/h5ad/GeneFull/Homo_sapiens/SRX19704146.h5ad,,2026-07-30 14:53:15,OSError: Project was not passed and could not be determined from the environment.
576/1048,SRX19704192,failed,gs://arc-institute-virtual-cell-atlas/scbasecount/2026-01-12/h5ad/GeneFull/Homo_sapiens/SRX19704192.h5ad,arc-institute-virtual-cell-atlas/scbasecount/2026-01-12/h5ad/GeneFull/Homo_sapiens/SRX19704192.h5ad,,2026-07-30 14:53:15,OSError: Project was not passed and could not be determined from the environment.
577/1048,SRX23457977,failed,gs://arc-institute-virtual-cell-atlas/scbasecount/2026-01-12/h5ad/GeneFull/Homo_sapiens/SRX23457977.h5ad,arc-institute-virtual-cell-atlas/scbasecount/2026-01-12/h5ad/GeneFull/Homo_sapiens/SRX23457977.h5ad,,2026-07-30 14:53:15,OSError: Project was not passed and could not be determined from the environment.
578/1048,SRX22558192,failed,gs://arc-institute-virtual-cell-atlas/scbasecount/2026-01-12/h5ad/GeneFull/Homo_sapiens/SRX22558192.h5ad,arc-institute-virtual-cell-atlas/scbasecount/2026-01-12/h5ad/GeneFull/Homo_sapiens/SRX22558192.h5ad,,2026-07-30 14:53:15,OSError: Project was not passed and could not be determined from the environment.
579/1048,SRX19704199,failed,gs://arc-institute-virtual-cell-atlas/scbasecount/2026-01-12/h5ad/GeneFull/Homo_sapiens/SRX19704199.h5ad,arc-institute-virtual-cell-atlas/scbasecount/2026-01-12/h5ad/GeneFull/Homo_sapiens/SRX19704199.h5ad,,2026-07-30 14:53:15,OSError: Project was not passed and could not be determined from the environment.
580/1048,SRX17689196,failed,gs://arc-institute-virtual-cell-atlas/scbasecount/2026-01-12/h5ad/GeneFull/Homo_sapiens/SRX17689196.h5ad,arc-institute-virtual-cell-atlas/scbasecount/2026-01-12/h5ad/GeneFull/Homo_sapiens/SRX17689196.h5ad,,2026-07-30 14:53:15,OSError: Project was not passed and could not be determined from the environment.
581/1048,SRX19704178,failed,gs://arc-institute-virtual-cell-atlas/scbasecount/2026-01-12/h5ad/GeneFull/Homo_sapiens/SRX19704178.h5ad,arc-institute-virtual-cell-atlas/scbasecount/2026-01-12/h5ad/GeneFull/Homo_sapiens/SRX19704178.h5ad,,2026-07-30 14:53:15,OSError: Project was not passed and could not be determined from the environment.
582/1048,SRX17896692,failed,gs://arc-institute-virtual-cell-atlas/scbasecount/2026-01-12/h5ad/GeneFull/Homo_sapiens/SRX17896692.h5ad,arc-institute-virtual-cell-atlas/scbasecount/2026-01-12/h5ad/GeneFull/Homo_sapiens/SRX17896692.h5ad,,2026-07-30 14:53:15,OSError: Project was not passed and could not be determined from the environment.
583/1048,SRX17941757,failed,gs://arc-institute-virtual-cell-atlas/scbasecount/2026-01-12/h5ad/GeneFull/Homo_sapiens/SRX17941757.h5ad,arc-institute-virtual-cell-atlas/scbasecount/2026-01-12/h5ad/GeneFull/Homo_sapiens/SRX17941757.h5ad,,2026-07-30 14:53:15,OSError: Project was not passed and could not be determined from the environment.
584/1048,SRX17949769,failed,gs://arc-institute-virtual-cell-atlas/scbasecount/2026-01-12/h5ad/GeneFull/Homo_sapiens/SRX17949769.h5ad,arc-institute-virtual-cell-atlas/scbasecount/2026-01-12/h5ad/GeneFull/Homo_sapiens/SRX17949769.h5ad,,2026-07-30 14:53:15,OSError: Project was not passed and could not be determined from the environment.
585/1048,SRX16757155,failed,gs://arc-institute-virtual-cell-atlas/scbasecount/2026-01-12/h5ad/GeneFull/Homo_sapiens/SRX16757155.h5ad,arc-institute-virtual-cell-atlas/scbasecount/2026-01-12/h5ad/GeneFull/Homo_sapiens/SRX16757155.h5ad,,2026-07-30 14:53:15,OSError: Project was not passed and could not be determined from the environment.
586/1048,SRX12868720,failed,gs://arc-institute-virtual-cell-atlas/scbasecount/2026-01-12/h5ad/GeneFull/Homo_sapiens/SRX12868720.h5ad,arc-institute-virtual-cell-atlas/scbasecount/2026-01-12/h5ad/GeneFull/Homo_sapiens/SRX12868720.h5ad,,2026-07-30 14:53:15,OSError: Project was not passed and could not be determined from the environment.
587/1048,SRX17150747,failed,gs://arc-institute-virtual-cell-atlas/scbasecount/2026-01-12/h5ad/GeneFull/Homo_sapiens/SRX17150747.h5ad,arc-institute-virtual-cell-atlas/scbasecount/2026-01-12/h5ad/GeneFull/Homo_sapiens/SRX17150747.h5ad,,2026-07-30 14:53:15,OSError: Project was not passed and could not be determined from the environment.
588/1048,SRX14891758,failed,gs://arc-institute-virtual-cell-atlas/scbasecount/2026-01-12/h5ad/GeneFull/Homo_sapiens/SRX14891758.h5ad,arc-institute-virtual-cell-atlas/scbasecount/2026-01-12/h5ad/GeneFull/Homo_sapiens/SRX14891758.h5ad,,2026-07-30 14:53:15,OSError: Project was not passed and could not be determined from the environment.
589/1048,SRX19704191,failed,gs://arc-institute-virtual-cell-atlas/scbasecount/2026-01-12/h5ad/GeneFull/Homo_sapiens/SRX19704191.h5ad,arc-institute-virtual-cell-atlas/scbasecount/2026-01-12/h5ad/GeneFull/Homo_sapiens/SRX19704191.h5ad,,2026-07-30 14:53:15,OSError: Project was not passed and could not be determined from the environment.
590/1048,SRX19704141,failed,gs://arc-institute-virtual-cell-atlas/scbasecount/2026-01-12/h5ad/GeneFull/Homo_sapiens/SRX19704141.h5ad,arc-institute-virtual-cell-atlas/scbasecount/2026-01-12/h5ad/GeneFull/Homo_sapiens/SRX19704141.h5ad,,2026-07-30 14:53:15,OSError: Project was not passed and could not be determined from the environment.
591/1048,SRX18965982,failed,gs://arc-institute-virtual-cell-atlas/scbasecount/2026-01-12/h5ad/GeneFull/Homo_sapiens/SRX18965982.h5ad,arc-institute-virtual-cell-atlas/scbasecount/2026-01-12/h5ad/GeneFull/Homo_sapiens/SRX18965982.h5ad,,2026-07-30 14:53:15,OSError: Project was not passed and could not be determined from the environment.
592/1048,SRX18965977,failed,gs://arc-institute-virtual-cell-atlas/scbasecount/2026-01-12/h5ad/GeneFull/Homo_sapiens/SRX18965977.h5ad,arc-institute-virtual-cell-atlas/scbasecount/2026-01-12/h5ad/GeneFull/Homo_sapiens/SRX18965977.h5ad,,2026-07-30 14:53:15,OSError: Project was not passed and could not be determined from the environment.
593/1048,SRX19704189,failed,gs://arc-institute-virtual-cell-atlas/scbasecount/2026-01-12/h5ad/GeneFull/Homo_sapiens/SRX19704189.h5ad,arc-institute-virtual-cell-atlas/scbasecount/2026-01-12/h5ad/GeneFull/Homo_sapiens/SRX19704189.h5ad,,2026-07-30 14:53:15,OSError: Project was not passed and could not be determined from the environment.
594/1048,SRX19704200,failed,gs://arc-institute-virtual-cell-atlas/scbasecount/2026-01-12/h5ad/GeneFull/Homo_sapiens/SRX19704200.h5ad,arc-institute-virtual-cell-atlas/scbasecount/2026-01-12/h5ad/GeneFull/Homo_sapiens/SRX19704200.h5ad,,2026-07-30 14:53:15,OSError: Project was not passed and could not be determined from the environment.
595/1048,SRX19162056,failed,gs://arc-institute-virtual-cell-atlas/scbasecount/2026-01-12/h5ad/GeneFull/Homo_sapiens/SRX19162056.h5ad,arc-institute-virtual-cell-atlas/scbasecount/2026-01-12/h5ad/GeneFull/Homo_sapiens/SRX19162056.h5ad,,2026-07-30 14:53:15,OSError: Project was not passed and could not be determined from the environment.
596/1048,SRX19162065,failed,gs://arc-institute-virtual-cell-atlas/scbasecount/2026-01-12/h5ad/GeneFull/Homo_sapiens/SRX19162065.h5ad,arc-institute-virtual-cell-atlas/scbasecount/2026-01-12/h5ad/GeneFull/Homo_sapiens/SRX19162065.h5ad,,2026-07-30 14:53:15,OSError: Project was not passed and could not be determined from the environment.
597/1048,SRX19844827,failed,gs://arc-institute-virtual-cell-atlas/scbasecount/2026-01-12/h5ad/GeneFull/Homo_sapiens/SRX19844827.h5ad,arc-institute-virtual-cell-atlas/scbasecount/2026-01-12/h5ad/GeneFull/Homo_sapiens/SRX19844827.h5ad,,2026-07-30 14:53:15,OSError: Project was not passed and could not be determined from the environment.
598/1048,SRX19704123,failed,gs://arc-institute-virtual-cell-atlas/scbasecount/2026-01-12/h5ad/GeneFull/Homo_sapiens/SRX19704123.h5ad,arc-institute-virtual-cell-atlas/scbasecount/2026-01-12/h5ad/GeneFull/Homo_sapiens/SRX19704123.h5ad,,2026-07-30 14:53:15,OSError: Project was not passed and could not be determined from the environment.
599/1048,SRX19704129,failed,gs://arc-institute-virtual-cell-atlas/scbasecount/2026-01-12/h5ad/GeneFull/Homo_sapiens/SRX19704129.h5ad,arc-institute-virtual-cell-atlas/scbasecount/2026-01-12/h5ad/GeneFull/Homo_sapiens/SRX19704129.h5ad,,2026-07-30 14:53:15,OSError: Project was not passed and could not be determined from the environment.
600/1048,SRX20180657,failed,gs://arc-institute-virtual-cell-atlas/scbasecount/2026-01-12/h5ad/GeneFull/Homo_sapiens/SRX20180657.h5ad,arc-institute-virtual-cell-atlas/scbasecount/2026-01-12/h5ad/GeneFull/Homo_sapiens/SRX20180657.h5ad,,2026-07-30 14:53:15,OSError: Project was not passed and could not be determined from the environment.
601/1048,SRX20221193,failed,gs://arc-institute-virtual-cell-atlas/scbasecount/2026-01-12/h5ad/GeneFull/Homo_sapiens/SRX20221193.h5ad,arc-institute-virtual-cell-atlas/scbasecount/2026-01-12/h5ad/GeneFull/Homo_sapiens/SRX20221193.h5ad,,2026-07-30 14:53:15,OSError: Project was not passed and could not be determined from the environment.
602/1048,SRX19886024,failed,gs://arc-institute-virtual-cell-atlas/scbasecount/2026-01-12/h5ad/GeneFull/Homo_sapiens/SRX19886024.h5ad,arc-institute-virtual-cell-atlas/scbasecount/2026-01-12/h5ad/GeneFull/Homo_sapiens/SRX19886024.h5ad,,2026-07-30 14:53:15,OSError: Project was not passed and could not be determined from the environment.
603/1048,SRX20970825,failed,gs://arc-institute-virtual-cell-atlas/scbasecount/2026-01-12/h5ad/GeneFull/Homo_sapiens/SRX20970825.h5ad,arc-institute-virtual-cell-atlas/scbasecount/2026-01-12/h5ad/GeneFull/Homo_sapiens/SRX20970825.h5ad,,2026-07-30 14:53:15,OSError: Project was not passed and could not be determined from the environment.
604/1048,SRX20811742,failed,gs://arc-institute-virtual-cell-atlas/scbasecount/2026-01-12/h5ad/GeneFull/Homo_sapiens/SRX20811742.h5ad,arc-institute-virtual-cell-atlas/scbasecount/2026-01-12/h5ad/GeneFull/Homo_sapiens/SRX20811742.h5ad,,2026-07-30 14:53:15,OSError: Project was not passed and could not be determined from the environment.
605/1048,SRX20811751,failed,gs://arc-institute-virtual-cell-atlas/scbasecount/2026-01-12/h5ad/GeneFull/Homo_sapiens/SRX20811751.h5ad,arc-institute-virtual-cell-atlas/scbasecount/2026-01-12/h5ad/GeneFull/Homo_sapiens/SRX20811751.h5ad,,2026-07-30 14:53:15,OSError: Project was not passed and could not be determined from the environment.
606/1048,SRX20811745,failed,gs://arc-institute-virtual-cell-atlas/scbasecount/2026-01-12/h5ad/GeneFull/Homo_sapiens/SRX20811745.h5ad,arc-institute-virtual-cell-atlas/scbasecount/2026-01-12/h5ad/GeneFull/Homo_sapiens/SRX20811745.h5ad,,2026-07-30 14:53:15,OSError: Project was not passed and could not be determined from the environment.
607/1048,SRX20811750,failed,gs://arc-institute-virtual-cell-atlas/scbasecount/2026-01-12/h5ad/GeneFull/Homo_sapiens/SRX20811750.h5ad,arc-institute-virtual-cell-atlas/scbasecount/2026-01-12/h5ad/GeneFull/Homo_sapiens/SRX20811750.h5ad,,2026-07-30 14:53:15,OSError: Project was not passed and could not be determined from the environment.
608/1048,SRX21460095,failed,gs://arc-institute-virtual-cell-atlas/scbasecount/2026-01-12/h5ad/GeneFull/Homo_sapiens/SRX21460095.h5ad,arc-institute-virtual-cell-atlas/scbasecount/2026-01-12/h5ad/GeneFull/Homo_sapiens/SRX21460095.h5ad,,2026-07-30 14:53:15,OSError: Project was not passed and could not be determined from the environment.
609/1048,SRX21460108,failed,gs://arc-institute-virtual-cell-atlas/scbasecount/2026-01-12/h5ad/GeneFull/Homo_sapiens/SRX21460108.h5ad,arc-institute-virtual-cell-atlas/scbasecount/2026-01-12/h5ad/GeneFull/Homo_sapiens/SRX21460108.h5ad,,2026-07-30 14:53:15,OSError: Project was not passed and could not be determined from the environment.
610/1048,SRX21808833,failed,gs://arc-institute-virtual-cell-atlas/scbasecount/2026-01-12/h5ad/GeneFull/Homo_sapiens/SRX21808833.h5ad,arc-institute-virtual-cell-atlas/scbasecount/2026-01-12/h5ad/GeneFull/Homo_sapiens/SRX21808833.h5ad,,2026-07-30 14:53:15,OSError: Project was not passed and could not be determined from the environment.
611/1048,SRX23341418,failed,gs://arc-institute-virtual-cell-atlas/scbasecount/2026-01-12/h5ad/GeneFull/Homo_sapiens/SRX23341418.h5ad,arc-institute-virtual-cell-atlas/scbasecount/2026-01-12/h5ad/GeneFull/Homo_sapiens/SRX23341418.h5ad,,2026-07-30 14:53:15,OSError: Project was not passed and could not be determined from the environment.
612/1048,SRX23395187,failed,gs://arc-institute-virtual-cell-atlas/scbasecount/2026-01-12/h5ad/GeneFull/Homo_sapiens/SRX23395187.h5ad,arc-institute-virtual-cell-atlas/scbasecount/2026-01-12/h5ad/GeneFull/Homo_sapiens/SRX23395187.h5ad,,2026-07-30 14:53:15,OSError: Project was not passed and could not be determined from the environment.
613/1048,SRX23902412,failed,gs://arc-institute-virtual-cell-atlas/scbasecount/2026-01-12/h5ad/GeneFull/Homo_sapiens/SRX23902412.h5ad,arc-institute-virtual-cell-atlas/scbasecount/2026-01-12/h5ad/GeneFull/Homo_sapiens/SRX23902412.h5ad,,2026-07-30 14:53:15,OSError: Project was not passed and could not be determined from the environment.
614/1048,SRX24312771,failed,gs://arc-institute-virtual-cell-atlas/scbasecount/2026-01-12/h5ad/GeneFull/Homo_sapiens/SRX24312771.h5ad,arc-institute-virtual-cell-atlas/scbasecount/2026-01-12/h5ad/GeneFull/Homo_sapiens/SRX24312771.h5ad,,2026-07-30 14:53:15,OSError: Project was not passed and could not be determined from the environment.
615/1048,SRX24475791,failed,gs://arc-institute-virtual-cell-atlas/scbasecount/2026-01-12/h5ad/GeneFull/Homo_sapiens/SRX24475791.h5ad,arc-institute-virtual-cell-atlas/scbasecount/2026-01-12/h5ad/GeneFull/Homo_sapiens/SRX24475791.h5ad,,2026-07-30 14:53:15,OSError: Project was not passed and could not be determined from the environment.
616/1048,SRX24475801,failed,gs://arc-institute-virtual-cell-atlas/scbasecount/2026-01-12/h5ad/GeneFull/Homo_sapiens/SRX24475801.h5ad,arc-institute-virtual-cell-atlas/scbasecount/2026-01-12/h5ad/GeneFull/Homo_sapiens/SRX24475801.h5ad,,2026-07-30 14:53:15,OSError: Project was not passed and could not be determined from the environment.
617/1048,SRX24475792,failed,gs://arc-institute-virtual-cell-atlas/scbasecount/2026-01-12/h5ad/GeneFull/Homo_sapiens/SRX24475792.h5ad,arc-institute-virtual-cell-atlas/scbasecount/2026-01-12/h5ad/GeneFull/Homo_sapiens/SRX24475792.h5ad,,2026-07-30 14:53:15,OSError: Project was not passed and could not be determined from the environment.
618/1048,SRX25261718,failed,gs://arc-institute-virtual-cell-atlas/scbasecount/2026-01-12/h5ad/GeneFull/Homo_sapiens/SRX25261718.h5ad,arc-institute-virtual-cell-atlas/scbasecount/2026-01-12/h5ad/GeneFull/Homo_sapiens/SRX25261718.h5ad,,2026-07-30 14:53:15,OSError: Project was not passed and could not be determined from the environment.
619/1048,SRX26487578,failed,gs://arc-institute-virtual-cell-atlas/scbasecount/2026-01-12/h5ad/GeneFull/Homo_sapiens/SRX26487578.h5ad,arc-institute-virtual-cell-atlas/scbasecount/2026-01-12/h5ad/GeneFull/Homo_sapiens/SRX26487578.h5ad,,2026-07-30 14:53:15,OSError: Project was not passed and could not be determined from the environment.
620/1048,SRX24312770,failed,gs://arc-institute-virtual-cell-atlas/scbasecount/2026-01-12/h5ad/GeneFull/Homo_sapiens/SRX24312770.h5ad,arc-institute-virtual-cell-atlas/scbasecount/2026-01-12/h5ad/GeneFull/Homo_sapiens/SRX24312770.h5ad,,2026-07-30 14:53:15,OSError: Project was not passed and could not be determined from the environment.
621/1048,SRX26735834,failed,gs://arc-institute-virtual-cell-atlas/scbasecount/2026-01-12/h5ad/GeneFull/Homo_sapiens/SRX26735834.h5ad,arc-institute-virtual-cell-atlas/scbasecount/2026-01-12/h5ad/GeneFull/Homo_sapiens/SRX26735834.h5ad,,2026-07-30 14:53:15,OSError: Project was not passed and could not be determined from the environment.
622/1048,SRX10152687,failed,gs://arc-institute-virtual-cell-atlas/scbasecount/2026-01-12/h5ad/GeneFull/Homo_sapiens/SRX10152687.h5ad,arc-institute-virtual-cell-atlas/scbasecount/2026-01-12/h5ad/GeneFull/Homo_sapiens/SRX10152687.h5ad,,2026-07-30 14:53:15,OSError: Project was not passed and could not be determined from the environment.
623/1048,SRX27123182,failed,gs://arc-institute-virtual-cell-atlas/scbasecount/2026-01-12/h5ad/GeneFull/Homo_sapiens/SRX27123182.h5ad,arc-institute-virtual-cell-atlas/scbasecount/2026-01-12/h5ad/GeneFull/Homo_sapiens/SRX27123182.h5ad,,2026-07-30 14:53:15,OSError: Project was not passed and could not be determined from the environment.
624/1048,SRX27291604,failed,gs://arc-institute-virtual-cell-atlas/scbasecount/2026-01-12/h5ad/GeneFull/Homo_sapiens/SRX27291604.h5ad,arc-institute-virtual-cell-atlas/scbasecount/2026-01-12/h5ad/GeneFull/Homo_sapiens/SRX27291604.h5ad,,2026-07-30 14:53:15,OSError: Project was not passed and could not be determined from the environment.
625/1048,SRX27291593,failed,gs://arc-institute-virtual-cell-atlas/scbasecount/2026-01-12/h5ad/GeneFull/Homo_sapiens/SRX27291593.h5ad,arc-institute-virtual-cell-atlas/scbasecount/2026-01-12/h5ad/GeneFull/Homo_sapiens/SRX27291593.h5ad,,2026-07-30 14:53:15,OSError: Project was not passed and could not be determined from the environment.
626/1048,SRX27291591,failed,gs://arc-institute-virtual-cell-atlas/scbasecount/2026-01-12/h5ad/GeneFull/Homo_sapiens/SRX27291591.h5ad,arc-institute-virtual-cell-atlas/scbasecount/2026-01-12/h5ad/GeneFull/Homo_sapiens/SRX27291591.h5ad,,2026-07-30 14:53:15,OSError: Project was not passed and could not be determined from the environment.
627/1048,SRX27291597,failed,gs://arc-institute-virtual-cell-atlas/scbasecount/2026-01-12/h5ad/GeneFull/Homo_sapiens/SRX27291597.h5ad,arc-institute-virtual-cell-atlas/scbasecount/2026-01-12/h5ad/GeneFull/Homo_sapiens/SRX27291597.h5ad,,2026-07-30 14:53:15,OSError: Project was not passed and could not be determined from the environment.
628/1048,SRX27291619,failed,gs://arc-institute-virtual-cell-atlas/scbasecount/2026-01-12/h5ad/GeneFull/Homo_sapiens/SRX27291619.h5ad,arc-institute-virtual-cell-atlas/scbasecount/2026-01-12/h5ad/GeneFull/Homo_sapiens/SRX27291619.h5ad,,2026-07-30 14:53:15,OSError: Project was not passed and could not be determined from the environment.
629/1048,SRX27291617,failed,gs://arc-institute-virtual-cell-atlas/scbasecount/2026-01-12/h5ad/GeneFull/Homo_sapiens/SRX27291617.h5ad,arc-institute-virtual-cell-atlas/scbasecount/2026-01-12/h5ad/GeneFull/Homo_sapiens/SRX27291617.h5ad,,2026-07-30 14:53:15,OSError: Project was not passed and could not be determined from the environment.
630/1048,SRX27291622,failed,gs://arc-institute-virtual-cell-atlas/scbasecount/2026-01-12/h5ad/GeneFull/Homo_sapiens/SRX27291622.h5ad,arc-institute-virtual-cell-atlas/scbasecount/2026-01-12/h5ad/GeneFull/Homo_sapiens/SRX27291622.h5ad,,2026-07-30 14:53:15,OSError: Project was not passed and could not be determined from the environment.
631/1048,SRX27208875,failed,gs://arc-institute-virtual-cell-atlas/scbasecount/2026-01-12/h5ad/GeneFull/Homo_sapiens/SRX27208875.h5ad,arc-institute-virtual-cell-atlas/scbasecount/2026-01-12/h5ad/GeneFull/Homo_sapiens/SRX27208875.h5ad,,2026-07-30 14:53:15,OSError: Project was not passed and could not be determined from the environment.
632/1048,SRX27291556,failed,gs://arc-institute-virtual-cell-atlas/scbasecount/2026-01-12/h5ad/GeneFull/Homo_sapiens/SRX27291556.h5ad,arc-institute-virtual-cell-atlas/scbasecount/2026-01-12/h5ad/GeneFull/Homo_sapiens/SRX27291556.h5ad,,2026-07-30 14:53:15,OSError: Project was not passed and could not be determined from the environment.
633/1048,SRX27291561,failed,gs://arc-institute-virtual-cell-atlas/scbasecount/2026-01-12/h5ad/GeneFull/Homo_sapiens/SRX27291561.h5ad,arc-institute-virtual-cell-atlas/scbasecount/2026-01-12/h5ad/GeneFull/Homo_sapiens/SRX27291561.h5ad,,2026-07-30 14:53:15,OSError: Project was not passed and could not be determined from the environment.
634/1048,SRX27291553,failed,gs://arc-institute-virtual-cell-atlas/scbasecount/2026-01-12/h5ad/GeneFull/Homo_sapiens/SRX27291553.h5ad,arc-institute-virtual-cell-atlas/scbasecount/2026-01-12/h5ad/GeneFull/Homo_sapiens/SRX27291553.h5ad,,2026-07-30 14:53:15,OSError: Project was not passed and could not be determined from the environment.
635/1048,SRX27291552,failed,gs://arc-institute-virtual-cell-atlas/scbasecount/2026-01-12/h5ad/GeneFull/Homo_sapiens/SRX27291552.h5ad,arc-institute-virtual-cell-atlas/scbasecount/2026-01-12/h5ad/GeneFull/Homo_sapiens/SRX27291552.h5ad,,2026-07-30 14:53:15,OSError: Project was not passed and could not be determined from the environment.
636/1048,SRX27291566,failed,gs://arc-institute-virtual-cell-atlas/scbasecount/2026-01-12/h5ad/GeneFull/Homo_sapiens/SRX27291566.h5ad,arc-institute-virtual-cell-atlas/scbasecount/2026-01-12/h5ad/GeneFull/Homo_sapiens/SRX27291566.h5ad,,2026-07-30 14:53:15,OSError: Project was not passed and could not be determined from the environment.
637/1048,SRX27291554,failed,gs://arc-institute-virtual-cell-atlas/scbasecount/2026-01-12/h5ad/GeneFull/Homo_sapiens/SRX27291554.h5ad,arc-institute-virtual-cell-atlas/scbasecount/2026-01-12/h5ad/GeneFull/Homo_sapiens/SRX27291554.h5ad,,2026-07-30 14:53:15,OSError: Project was not passed and could not be determined from the environment.
638/1048,SRX27291576,failed,gs://arc-institute-virtual-cell-atlas/scbasecount/2026-01-12/h5ad/GeneFull/Homo_sapiens/SRX27291576.h5ad,arc-institute-virtual-cell-atlas/scbasecount/2026-01-12/h5ad/GeneFull/Homo_sapiens/SRX27291576.h5ad,,2026-07-30 14:53:15,OSError: Project was not passed and could not be determined from the environment.
639/1048,SRX27291550,failed,gs://arc-institute-virtual-cell-atlas/scbasecount/2026-01-12/h5ad/GeneFull/Homo_sapiens/SRX27291550.h5ad,arc-institute-virtual-cell-atlas/scbasecount/2026-01-12/h5ad/GeneFull/Homo_sapiens/SRX27291550.h5ad,,2026-07-30 14:53:15,OSError: Project was not passed and could not be determined from the environment.
640/1048,SRX27291555,failed,gs://arc-institute-virtual-cell-atlas/scbasecount/2026-01-12/h5ad/GeneFull/Homo_sapiens/SRX27291555.h5ad,arc-institute-virtual-cell-atlas/scbasecount/2026-01-12/h5ad/GeneFull/Homo_sapiens/SRX27291555.h5ad,,2026-07-30 14:53:15,OSError: Project was not passed and could not be determined from the environment.
641/1048,SRX27291557,failed,gs://arc-institute-virtual-cell-atlas/scbasecount/2026-01-12/h5ad/GeneFull/Homo_sapiens/SRX27291557.h5ad,arc-institute-virtual-cell-atlas/scbasecount/2026-01-12/h5ad/GeneFull/Homo_sapiens/SRX27291557.h5ad,,2026-07-30 14:53:15,OSError: Project was not passed and could not be determined from the environment.
642/1048,SRX27291610,failed,gs://arc-institute-virtual-cell-atlas/scbasecount/2026-01-12/h5ad/GeneFull/Homo_sapiens/SRX27291610.h5ad,arc-institute-virtual-cell-atlas/scbasecount/2026-01-12/h5ad/GeneFull/Homo_sapiens/SRX27291610.h5ad,,2026-07-30 14:53:15,OSError: Project was not passed and could not be determined from the environment.
643/1048,SRX27358284,failed,gs://arc-institute-virtual-cell-atlas/scbasecount/2026-01-12/h5ad/GeneFull/Homo_sapiens/SRX27358284.h5ad,arc-institute-virtual-cell-atlas/scbasecount/2026-01-12/h5ad/GeneFull/Homo_sapiens/SRX27358284.h5ad,,2026-07-30 14:53:15,OSError: Project was not passed and could not be determined from the environment.
644/1048,SRX27358287,failed,gs://arc-institute-virtual-cell-atlas/scbasecount/2026-01-12/h5ad/GeneFull/Homo_sapiens/SRX27358287.h5ad,arc-institute-virtual-cell-atlas/scbasecount/2026-01-12/h5ad/GeneFull/Homo_sapiens/SRX27358287.h5ad,,2026-07-30 14:53:15,OSError: Project was not passed and could not be determined from the environment.
645/1048,SRX27358292,failed,gs://arc-institute-virtual-cell-atlas/scbasecount/2026-01-12/h5ad/GeneFull/Homo_sapiens/SRX27358292.h5ad,arc-institute-virtual-cell-atlas/scbasecount/2026-01-12/h5ad/GeneFull/Homo_sapiens/SRX27358292.h5ad,,2026-07-30 14:53:15,OSError: Project was not passed and could not be determined from the environment.
646/1048,SRX27358288,failed,gs://arc-institute-virtual-cell-atlas/scbasecount/2026-01-12/h5ad/GeneFull/Homo_sapiens/SRX27358288.h5ad,arc-institute-virtual-cell-atlas/scbasecount/2026-01-12/h5ad/GeneFull/Homo_sapiens/SRX27358288.h5ad,,2026-07-30 14:53:15,OSError: Project was not passed and could not be determined from the environment.
647/1048,SRX27358291,failed,gs://arc-institute-virtual-cell-atlas/scbasecount/2026-01-12/h5ad/GeneFull/Homo_sapiens/SRX27358291.h5ad,arc-institute-virtual-cell-atlas/scbasecount/2026-01-12/h5ad/GeneFull/Homo_sapiens/SRX27358291.h5ad,,2026-07-30 14:53:15,OSError: Project was not passed and could not be determined from the environment.
648/1048,SRX27358294,failed,gs://arc-institute-virtual-cell-atlas/scbasecount/2026-01-12/h5ad/GeneFull/Homo_sapiens/SRX27358294.h5ad,arc-institute-virtual-cell-atlas/scbasecount/2026-01-12/h5ad/GeneFull/Homo_sapiens/SRX27358294.h5ad,,2026-07-30 14:53:15,OSError: Project was not passed and could not be determined from the environment.
649/1048,SRX23724095,failed,gs://arc-institute-virtual-cell-atlas/scbasecount/2026-01-12/h5ad/GeneFull/Homo_sapiens/SRX23724095.h5ad,arc-institute-virtual-cell-atlas/scbasecount/2026-01-12/h5ad/GeneFull/Homo_sapiens/SRX23724095.h5ad,,2026-07-30 14:53:15,OSError: Project was not passed and could not be determined from the environment.
650/1048,SRX23724097,failed,gs://arc-institute-virtual-cell-atlas/scbasecount/2026-01-12/h5ad/GeneFull/Homo_sapiens/SRX23724097.h5ad,arc-institute-virtual-cell-atlas/scbasecount/2026-01-12/h5ad/GeneFull/Homo_sapiens/SRX23724097.h5ad,,2026-07-30 14:53:15,OSError: Project was not passed and could not be determined from the environment.
651/1048,SRX23724120,failed,gs://arc-institute-virtual-cell-atlas/scbasecount/2026-01-12/h5ad/GeneFull/Homo_sapiens/SRX23724120.h5ad,arc-institute-virtual-cell-atlas/scbasecount/2026-01-12/h5ad/GeneFull/Homo_sapiens/SRX23724120.h5ad,,2026-07-30 14:53:15,OSError: Project was not passed and could not be determined from the environment.
652/1048,SRX23724102,failed,gs://arc-institute-virtual-cell-atlas/scbasecount/2026-01-12/h5ad/GeneFull/Homo_sapiens/SRX23724102.h5ad,arc-institute-virtual-cell-atlas/scbasecount/2026-01-12/h5ad/GeneFull/Homo_sapiens/SRX23724102.h5ad,,2026-07-30 14:53:15,OSError: Project was not passed and could not be determined from the environment.
653/1048,SRX23724084,failed,gs://arc-institute-virtual-cell-atlas/scbasecount/2026-01-12/h5ad/GeneFull/Homo_sapiens/SRX23724084.h5ad,arc-institute-virtual-cell-atlas/scbasecount/2026-01-12/h5ad/GeneFull/Homo_sapiens/SRX23724084.h5ad,,2026-07-30 14:53:15,OSError: Project was not passed and could not be determined from the environment.
654/1048,SRX23724083,failed,gs://arc-institute-virtual-cell-atlas/scbasecount/2026-01-12/h5ad/GeneFull/Homo_sapiens/SRX23724083.h5ad,arc-institute-virtual-cell-atlas/scbasecount/2026-01-12/h5ad/GeneFull/Homo_sapiens/SRX23724083.h5ad,,2026-07-30 14:53:15,OSError: Project was not passed and could not be determined from the environment.
655/1048,SRX23724087,failed,gs://arc-institute-virtual-cell-atlas/scbasecount/2026-01-12/h5ad/GeneFull/Homo_sapiens/SRX23724087.h5ad,arc-institute-virtual-cell-atlas/scbasecount/2026-01-12/h5ad/GeneFull/Homo_sapiens/SRX23724087.h5ad,,2026-07-30 14:53:15,OSError: Project was not passed and could not be determined from the environment.
656/1048,SRX23724099,failed,gs://arc-institute-virtual-cell-atlas/scbasecount/2026-01-12/h5ad/GeneFull/Homo_sapiens/SRX23724099.h5ad,arc-institute-virtual-cell-atlas/scbasecount/2026-01-12/h5ad/GeneFull/Homo_sapiens/SRX23724099.h5ad,,2026-07-30 14:53:15,OSError: Project was not passed and could not be determined from the environment.
657/1048,SRX25318271,failed,gs://arc-institute-virtual-cell-atlas/scbasecount/2026-01-12/h5ad/GeneFull/Homo_sapiens/SRX25318271.h5ad,arc-institute-virtual-cell-atlas/scbasecount/2026-01-12/h5ad/GeneFull/Homo_sapiens/SRX25318271.h5ad,,2026-07-30 14:53:15,OSError: Project was not passed and could not be determined from the environment.
658/1048,SRX25319044,failed,gs://arc-institute-virtual-cell-atlas/scbasecount/2026-01-12/h5ad/GeneFull/Homo_sapiens/SRX25319044.h5ad,arc-institute-virtual-cell-atlas/scbasecount/2026-01-12/h5ad/GeneFull/Homo_sapiens/SRX25319044.h5ad,,2026-07-30 14:53:15,OSError: Project was not passed and could not be determined from the environment.
659/1048,SRX25319043,failed,gs://arc-institute-virtual-cell-atlas/scbasecount/2026-01-12/h5ad/GeneFull/Homo_sapiens/SRX25319043.h5ad,arc-institute-virtual-cell-atlas/scbasecount/2026-01-12/h5ad/GeneFull/Homo_sapiens/SRX25319043.h5ad,,2026-07-30 14:53:15,OSError: Project was not passed and could not be determined from the environment.
660/1048,SRX25507030,failed,gs://arc-institute-virtual-cell-atlas/scbasecount/2026-01-12/h5ad/GeneFull/Homo_sapiens/SRX25507030.h5ad,arc-institute-virtual-cell-atlas/scbasecount/2026-01-12/h5ad/GeneFull/Homo_sapiens/SRX25507030.h5ad,,2026-07-30 14:53:15,OSError: Project was not passed and could not be determined from the environment.
661/1048,SRX25507022,failed,gs://arc-institute-virtual-cell-atlas/scbasecount/2026-01-12/h5ad/GeneFull/Homo_sapiens/SRX25507022.h5ad,arc-institute-virtual-cell-atlas/scbasecount/2026-01-12/h5ad/GeneFull/Homo_sapiens/SRX25507022.h5ad,,2026-07-30 14:53:15,OSError: Project was not passed and could not be determined from the environment.
662/1048,SRX23802732,failed,gs://arc-institute-virtual-cell-atlas/scbasecount/2026-01-12/h5ad/GeneFull/Homo_sapiens/SRX23802732.h5ad,arc-institute-virtual-cell-atlas/scbasecount/2026-01-12/h5ad/GeneFull/Homo_sapiens/SRX23802732.h5ad,,2026-07-30 14:53:15,OSError: Project was not passed and could not be determined from the environment.
663/1048,SRX23724074,failed,gs://arc-institute-virtual-cell-atlas/scbasecount/2026-01-12/h5ad/GeneFull/Homo_sapiens/SRX23724074.h5ad,arc-institute-virtual-cell-atlas/scbasecount/2026-01-12/h5ad/GeneFull/Homo_sapiens/SRX23724074.h5ad,,2026-07-30 14:53:15,OSError: Project was not passed and could not be determined from the environment.
664/1048,SRX25507033,failed,gs://arc-institute-virtual-cell-atlas/scbasecount/2026-01-12/h5ad/GeneFull/Homo_sapiens/SRX25507033.h5ad,arc-institute-virtual-cell-atlas/scbasecount/2026-01-12/h5ad/GeneFull/Homo_sapiens/SRX25507033.h5ad,,2026-07-30 14:53:15,OSError: Project was not passed and could not be determined from the environment.
665/1048,SRX25507045,failed,gs://arc-institute-virtual-cell-atlas/scbasecount/2026-01-12/h5ad/GeneFull/Homo_sapiens/SRX25507045.h5ad,arc-institute-virtual-cell-atlas/scbasecount/2026-01-12/h5ad/GeneFull/Homo_sapiens/SRX25507045.h5ad,,2026-07-30 14:53:15,OSError: Project was not passed and could not be determined from the environment.
666/1048,SRX25507039,failed,gs://arc-institute-virtual-cell-atlas/scbasecount/2026-01-12/h5ad/GeneFull/Homo_sapiens/SRX25507039.h5ad,arc-institute-virtual-cell-atlas/scbasecount/2026-01-12/h5ad/GeneFull/Homo_sapiens/SRX25507039.h5ad,,2026-07-30 14:53:15,OSError: Project was not passed and could not be determined from the environment.
667/1048,SRX25507053,failed,gs://arc-institute-virtual-cell-atlas/scbasecount/2026-01-12/h5ad/GeneFull/Homo_sapiens/SRX25507053.h5ad,arc-institute-virtual-cell-atlas/scbasecount/2026-01-12/h5ad/GeneFull/Homo_sapiens/SRX25507053.h5ad,,2026-07-30 14:53:15,OSError: Project was not passed and could not be determined from the environment.
668/1048,SRX25507060,failed,gs://arc-institute-virtual-cell-atlas/scbasecount/2026-01-12/h5ad/GeneFull/Homo_sapiens/SRX25507060.h5ad,arc-institute-virtual-cell-atlas/scbasecount/2026-01-12/h5ad/GeneFull/Homo_sapiens/SRX25507060.h5ad,,2026-07-30 14:53:15,OSError: Project was not passed and could not be determined from the environment.
669/1048,SRX25595935,failed,gs://arc-institute-virtual-cell-atlas/scbasecount/2026-01-12/h5ad/GeneFull/Homo_sapiens/SRX25595935.h5ad,arc-institute-virtual-cell-atlas/scbasecount/2026-01-12/h5ad/GeneFull/Homo_sapiens/SRX25595935.h5ad,,2026-07-30 14:53:15,OSError: Project was not passed and could not be determined from the environment.
670/1048,SRX25595937,failed,gs://arc-institute-virtual-cell-atlas/scbasecount/2026-01-12/h5ad/GeneFull/Homo_sapiens/SRX25595937.h5ad,arc-institute-virtual-cell-atlas/scbasecount/2026-01-12/h5ad/GeneFull/Homo_sapiens/SRX25595937.h5ad,,2026-07-30 14:53:15,OSError: Project was not passed and could not be determined from the environment.
671/1048,SRX23724086,failed,gs://arc-institute-virtual-cell-atlas/scbasecount/2026-01-12/h5ad/GeneFull/Homo_sapiens/SRX23724086.h5ad,arc-institute-virtual-cell-atlas/scbasecount/2026-01-12/h5ad/GeneFull/Homo_sapiens/SRX23724086.h5ad,,2026-07-30 14:53:15,OSError: Project was not passed and could not be determined from the environment.
672/1048,SRX23802729,failed,gs://arc-institute-virtual-cell-atlas/scbasecount/2026-01-12/h5ad/GeneFull/Homo_sapiens/SRX23802729.h5ad,arc-institute-virtual-cell-atlas/scbasecount/2026-01-12/h5ad/GeneFull/Homo_sapiens/SRX23802729.h5ad,,2026-07-30 14:53:15,OSError: Project was not passed and could not be determined from the environment.
673/1048,SRX23802734,failed,gs://arc-institute-virtual-cell-atlas/scbasecount/2026-01-12/h5ad/GeneFull/Homo_sapiens/SRX23802734.h5ad,arc-institute-virtual-cell-atlas/scbasecount/2026-01-12/h5ad/GeneFull/Homo_sapiens/SRX23802734.h5ad,,2026-07-30 14:53:15,OSError: Project was not passed and could not be determined from the environment.
674/1048,SRX27995701,failed,gs://arc-institute-virtual-cell-atlas/scbasecount/2026-01-12/h5ad/GeneFull/Homo_sapiens/SRX27995701.h5ad,arc-institute-virtual-cell-atlas/scbasecount/2026-01-12/h5ad/GeneFull/Homo_sapiens/SRX27995701.h5ad,,2026-07-30 14:53:15,OSError: Project was not passed and could not be determined from the environment.
675/1048,SRX27995730,failed,gs://arc-institute-virtual-cell-atlas/scbasecount/2026-01-12/h5ad/GeneFull/Homo_sapiens/SRX27995730.h5ad,arc-institute-virtual-cell-atlas/scbasecount/2026-01-12/h5ad/GeneFull/Homo_sapiens/SRX27995730.h5ad,,2026-07-30 14:53:15,OSError: Project was not passed and could not be determined from the environment.
676/1048,SRX17412790,failed,gs://arc-institute-virtual-cell-atlas/scbasecount/2026-01-12/h5ad/GeneFull/Homo_sapiens/SRX17412790.h5ad,arc-institute-virtual-cell-atlas/scbasecount/2026-01-12/h5ad/GeneFull/Homo_sapiens/SRX17412790.h5ad,,2026-07-30 14:53:15,OSError: Project was not passed and could not be determined from the environment.
677/1048,SRX17412793,failed,gs://arc-institute-virtual-cell-atlas/scbasecount/2026-01-12/h5ad/GeneFull/Homo_sapiens/SRX17412793.h5ad,arc-institute-virtual-cell-atlas/scbasecount/2026-01-12/h5ad/GeneFull/Homo_sapiens/SRX17412793.h5ad,,2026-07-30 14:53:15,OSError: Project was not passed and could not be determined from the environment.
678/1048,SRX17412819,failed,gs://arc-institute-virtual-cell-atlas/scbasecount/2026-01-12/h5ad/GeneFull/Homo_sapiens/SRX17412819.h5ad,arc-institute-virtual-cell-atlas/scbasecount/2026-01-12/h5ad/GeneFull/Homo_sapiens/SRX17412819.h5ad,,2026-07-30 14:53:15,OSError: Project was not passed and could not be determined from the environment.
679/1048,SRX17412826,failed,gs://arc-institute-virtual-cell-atlas/scbasecount/2026-01-12/h5ad/GeneFull/Homo_sapiens/SRX17412826.h5ad,arc-institute-virtual-cell-atlas/scbasecount/2026-01-12/h5ad/GeneFull/Homo_sapiens/SRX17412826.h5ad,,2026-07-30 14:53:15,OSError: Project was not passed and could not be determined from the environment.
680/1048,SRX17412791,failed,gs://arc-institute-virtual-cell-atlas/scbasecount/2026-01-12/h5ad/GeneFull/Homo_sapiens/SRX17412791.h5ad,arc-institute-virtual-cell-atlas/scbasecount/2026-01-12/h5ad/GeneFull/Homo_sapiens/SRX17412791.h5ad,,2026-07-30 14:53:15,OSError: Project was not passed and could not be determined from the environment.
681/1048,SRX17412777,failed,gs://arc-institute-virtual-cell-atlas/scbasecount/2026-01-12/h5ad/GeneFull/Homo_sapiens/SRX17412777.h5ad,arc-institute-virtual-cell-atlas/scbasecount/2026-01-12/h5ad/GeneFull/Homo_sapiens/SRX17412777.h5ad,,2026-07-30 14:53:15,OSError: Project was not passed and could not be determined from the environment.
682/1048,SRX17412799,failed,gs://arc-institute-virtual-cell-atlas/scbasecount/2026-01-12/h5ad/GeneFull/Homo_sapiens/SRX17412799.h5ad,arc-institute-virtual-cell-atlas/scbasecount/2026-01-12/h5ad/GeneFull/Homo_sapiens/SRX17412799.h5ad,,2026-07-30 14:53:15,OSError: Project was not passed and could not be determined from the environment.
683/1048,SRX17412782,failed,gs://arc-institute-virtual-cell-atlas/scbasecount/2026-01-12/h5ad/GeneFull/Homo_sapiens/SRX17412782.h5ad,arc-institute-virtual-cell-atlas/scbasecount/2026-01-12/h5ad/GeneFull/Homo_sapiens/SRX17412782.h5ad,,2026-07-30 14:53:15,OSError: Project was not passed and could not be determined from the environment.
684/1048,SRX17412801,failed,gs://arc-institute-virtual-cell-atlas/scbasecount/2026-01-12/h5ad/GeneFull/Homo_sapiens/SRX17412801.h5ad,arc-institute-virtual-cell-atlas/scbasecount/2026-01-12/h5ad/GeneFull/Homo_sapiens/SRX17412801.h5ad,,2026-07-30 14:53:15,OSError: Project was not passed and could not be determined from the environment.
685/1048,SRX17412798,failed,gs://arc-institute-virtual-cell-atlas/scbasecount/2026-01-12/h5ad/GeneFull/Homo_sapiens/SRX17412798.h5ad,arc-institute-virtual-cell-atlas/scbasecount/2026-01-12/h5ad/GeneFull/Homo_sapiens/SRX17412798.h5ad,,2026-07-30 14:53:15,OSError: Project was not passed and could not be determined from the environment.
686/1048,SRX17412784,failed,gs://arc-institute-virtual-cell-atlas/scbasecount/2026-01-12/h5ad/GeneFull/Homo_sapiens/SRX17412784.h5ad,arc-institute-virtual-cell-atlas/scbasecount/2026-01-12/h5ad/GeneFull/Homo_sapiens/SRX17412784.h5ad,,2026-07-30 14:53:15,OSError: Project was not passed and could not be determined from the environment.
687/1048,SRX17412778,failed,gs://arc-institute-virtual-cell-atlas/scbasecount/2026-01-12/h5ad/GeneFull/Homo_sapiens/SRX17412778.h5ad,arc-institute-virtual-cell-atlas/scbasecount/2026-01-12/h5ad/GeneFull/Homo_sapiens/SRX17412778.h5ad,,2026-07-30 14:53:15,OSError: Project was not passed and could not be determined from the environment.
688/1048,SRX17412795,failed,gs://arc-institute-virtual-cell-atlas/scbasecount/2026-01-12/h5ad/GeneFull/Homo_sapiens/SRX17412795.h5ad,arc-institute-virtual-cell-atlas/scbasecount/2026-01-12/h5ad/GeneFull/Homo_sapiens/SRX17412795.h5ad,,2026-07-30 14:53:15,OSError: Project was not passed and could not be determined from the environment.
689/1048,SRX17412797,failed,gs://arc-institute-virtual-cell-atlas/scbasecount/2026-01-12/h5ad/GeneFull/Homo_sapiens/SRX17412797.h5ad,arc-institute-virtual-cell-atlas/scbasecount/2026-01-12/h5ad/GeneFull/Homo_sapiens/SRX17412797.h5ad,,2026-07-30 14:53:15,OSError: Project was not passed and could not be determined from the environment.
690/1048,SRX17412810,failed,gs://arc-institute-virtual-cell-atlas/scbasecount/2026-01-12/h5ad/GeneFull/Homo_sapiens/SRX17412810.h5ad,arc-institute-virtual-cell-atlas/scbasecount/2026-01-12/h5ad/GeneFull/Homo_sapiens/SRX17412810.h5ad,,2026-07-30 14:53:15,OSError: Project was not passed and could not be determined from the environment.
691/1048,SRX17412796,failed,gs://arc-institute-virtual-cell-atlas/scbasecount/2026-01-12/h5ad/GeneFull/Homo_sapiens/SRX17412796.h5ad,arc-institute-virtual-cell-atlas/scbasecount/2026-01-12/h5ad/GeneFull/Homo_sapiens/SRX17412796.h5ad,,2026-07-30 14:53:15,OSError: Project was not passed and could not be determined from the environment.
692/1048,SRX17412800,failed,gs://arc-institute-virtual-cell-atlas/scbasecount/2026-01-12/h5ad/GeneFull/Homo_sapiens/SRX17412800.h5ad,arc-institute-virtual-cell-atlas/scbasecount/2026-01-12/h5ad/GeneFull/Homo_sapiens/SRX17412800.h5ad,,2026-07-30 14:53:15,OSError: Project was not passed and could not be determined from the environment.
693/1048,SRX17412781,failed,gs://arc-institute-virtual-cell-atlas/scbasecount/2026-01-12/h5ad/GeneFull/Homo_sapiens/SRX17412781.h5ad,arc-institute-virtual-cell-atlas/scbasecount/2026-01-12/h5ad/GeneFull/Homo_sapiens/SRX17412781.h5ad,,2026-07-30 14:53:15,OSError: Project was not passed and could not be determined from the environment.
694/1048,SRX17412789,failed,gs://arc-institute-virtual-cell-atlas/scbasecount/2026-01-12/h5ad/GeneFull/Homo_sapiens/SRX17412789.h5ad,arc-institute-virtual-cell-atlas/scbasecount/2026-01-12/h5ad/GeneFull/Homo_sapiens/SRX17412789.h5ad,,2026-07-30 14:53:15,OSError: Project was not passed and could not be determined from the environment.
695/1048,SRX23724118,failed,gs://arc-institute-virtual-cell-atlas/scbasecount/2026-01-12/h5ad/GeneFull/Homo_sapiens/SRX23724118.h5ad,arc-institute-virtual-cell-atlas/scbasecount/2026-01-12/h5ad/GeneFull/Homo_sapiens/SRX23724118.h5ad,,2026-07-30 14:53:15,OSError: Project was not passed and could not be determined from the environment.
696/1048,SRX23724132,failed,gs://arc-institute-virtual-cell-atlas/scbasecount/2026-01-12/h5ad/GeneFull/Homo_sapiens/SRX23724132.h5ad,arc-institute-virtual-cell-atlas/scbasecount/2026-01-12/h5ad/GeneFull/Homo_sapiens/SRX23724132.h5ad,,2026-07-30 14:53:15,OSError: Project was not passed and could not be determined from the environment.
697/1048,SRX23802730,failed,gs://arc-institute-virtual-cell-atlas/scbasecount/2026-01-12/h5ad/GeneFull/Homo_sapiens/SRX23802730.h5ad,arc-institute-virtual-cell-atlas/scbasecount/2026-01-12/h5ad/GeneFull/Homo_sapiens/SRX23802730.h5ad,,2026-07-30 14:53:15,OSError: Project was not passed and could not be determined from the environment.
698/1048,SRX23724133,failed,gs://arc-institute-virtual-cell-atlas/scbasecount/2026-01-12/h5ad/GeneFull/Homo_sapiens/SRX23724133.h5ad,arc-institute-virtual-cell-atlas/scbasecount/2026-01-12/h5ad/GeneFull/Homo_sapiens/SRX23724133.h5ad,,2026-07-30 14:53:15,OSError: Project was not passed and could not be determined from the environment.
699/1048,SRX23724116,failed,gs://arc-institute-virtual-cell-atlas/scbasecount/2026-01-12/h5ad/GeneFull/Homo_sapiens/SRX23724116.h5ad,arc-institute-virtual-cell-atlas/scbasecount/2026-01-12/h5ad/GeneFull/Homo_sapiens/SRX23724116.h5ad,,2026-07-30 14:53:15,OSError: Project was not passed and could not be determined from the environment.
700/1048,SRX17412780,failed,gs://arc-institute-virtual-cell-atlas/scbasecount/2026-01-12/h5ad/GeneFull/Homo_sapiens/SRX17412780.h5ad,arc-institute-virtual-cell-atlas/scbasecount/2026-01-12/h5ad/GeneFull/Homo_sapiens/SRX17412780.h5ad,,2026-07-30 14:53:15,OSError: Project was not passed and could not be determined from the environment.
701/1048,SRX8008855,failed,gs://arc-institute-virtual-cell-atlas/scbasecount/2026-01-12/h5ad/GeneFull/Homo_sapiens/SRX8008855.h5ad,arc-institute-virtual-cell-atlas/scbasecount/2026-01-12/h5ad/GeneFull/Homo_sapiens/SRX8008855.h5ad,,2026-07-30 14:53:15,OSError: Project was not passed and could not be determined from the environment.
702/1048,SRX8008854,failed,gs://arc-institute-virtual-cell-atlas/scbasecount/2026-01-12/h5ad/GeneFull/Homo_sapiens/SRX8008854.h5ad,arc-institute-virtual-cell-atlas/scbasecount/2026-01-12/h5ad/GeneFull/Homo_sapiens/SRX8008854.h5ad,,2026-07-30 14:53:15,OSError: Project was not passed and could not be determined from the environment.
703/1048,SRX17412783,failed,gs://arc-institute-virtual-cell-atlas/scbasecount/2026-01-12/h5ad/GeneFull/Homo_sapiens/SRX17412783.h5ad,arc-institute-virtual-cell-atlas/scbasecount/2026-01-12/h5ad/GeneFull/Homo_sapiens/SRX17412783.h5ad,,2026-07-30 14:53:15,OSError: Project was not passed and could not be determined from the environment.
704/1048,SRX11185436,failed,gs://arc-institute-virtual-cell-atlas/scbasecount/2026-01-12/h5ad/GeneFull/Homo_sapiens/SRX11185436.h5ad,arc-institute-virtual-cell-atlas/scbasecount/2026-01-12/h5ad/GeneFull/Homo_sapiens/SRX11185436.h5ad,,2026-07-30 14:53:15,OSError: Project was not passed and could not be determined from the environment.
705/1048,SRX11185438,failed,gs://arc-institute-virtual-cell-atlas/scbasecount/2026-01-12/h5ad/GeneFull/Homo_sapiens/SRX11185438.h5ad,arc-institute-virtual-cell-atlas/scbasecount/2026-01-12/h5ad/GeneFull/Homo_sapiens/SRX11185438.h5ad,,2026-07-30 14:53:15,OSError: Project was not passed and could not be determined from the environment.
706/1048,SRX12509392,failed,gs://arc-institute-virtual-cell-atlas/scbasecount/2026-01-12/h5ad/GeneFull/Homo_sapiens/SRX12509392.h5ad,arc-institute-virtual-cell-atlas/scbasecount/2026-01-12/h5ad/GeneFull/Homo_sapiens/SRX12509392.h5ad,,2026-07-30 14:53:15,OSError: Project was not passed and could not be determined from the environment.
707/1048,SRX12509394,failed,gs://arc-institute-virtual-cell-atlas/scbasecount/2026-01-12/h5ad/GeneFull/Homo_sapiens/SRX12509394.h5ad,arc-institute-virtual-cell-atlas/scbasecount/2026-01-12/h5ad/GeneFull/Homo_sapiens/SRX12509394.h5ad,,2026-07-30 14:53:15,OSError: Project was not passed and could not be determined from the environment.
708/1048,SRX13441699,failed,gs://arc-institute-virtual-cell-atlas/scbasecount/2026-01-12/h5ad/GeneFull/Homo_sapiens/SRX13441699.h5ad,arc-institute-virtual-cell-atlas/scbasecount/2026-01-12/h5ad/GeneFull/Homo_sapiens/SRX13441699.h5ad,,2026-07-30 14:53:15,OSError: Project was not passed and could not be determined from the environment.
709/1048,SRX17412794,failed,gs://arc-institute-virtual-cell-atlas/scbasecount/2026-01-12/h5ad/GeneFull/Homo_sapiens/SRX17412794.h5ad,arc-institute-virtual-cell-atlas/scbasecount/2026-01-12/h5ad/GeneFull/Homo_sapiens/SRX17412794.h5ad,,2026-07-30 14:53:15,OSError: Project was not passed and could not be determined from the environment.
710/1048,SRX17412804,failed,gs://arc-institute-virtual-cell-atlas/scbasecount/2026-01-12/h5ad/GeneFull/Homo_sapiens/SRX17412804.h5ad,arc-institute-virtual-cell-atlas/scbasecount/2026-01-12/h5ad/GeneFull/Homo_sapiens/SRX17412804.h5ad,,2026-07-30 14:53:15,OSError: Project was not passed and could not be determined from the environment.
711/1048,SRX17412788,failed,gs://arc-institute-virtual-cell-atlas/scbasecount/2026-01-12/h5ad/GeneFull/Homo_sapiens/SRX17412788.h5ad,arc-institute-virtual-cell-atlas/scbasecount/2026-01-12/h5ad/GeneFull/Homo_sapiens/SRX17412788.h5ad,,2026-07-30 14:53:15,OSError: Project was not passed and could not be determined from the environment.
712/1048,SRX17412779,failed,gs://arc-institute-virtual-cell-atlas/scbasecount/2026-01-12/h5ad/GeneFull/Homo_sapiens/SRX17412779.h5ad,arc-institute-virtual-cell-atlas/scbasecount/2026-01-12/h5ad/GeneFull/Homo_sapiens/SRX17412779.h5ad,,2026-07-30 14:53:15,OSError: Project was not passed and could not be determined from the environment.
713/1048,SRX17412785,failed,gs://arc-institute-virtual-cell-atlas/scbasecount/2026-01-12/h5ad/GeneFull/Homo_sapiens/SRX17412785.h5ad,arc-institute-virtual-cell-atlas/scbasecount/2026-01-12/h5ad/GeneFull/Homo_sapiens/SRX17412785.h5ad,,2026-07-30 14:53:15,OSError: Project was not passed and could not be determined from the environment.
714/1048,SRX17412803,failed,gs://arc-institute-virtual-cell-atlas/scbasecount/2026-01-12/h5ad/GeneFull/Homo_sapiens/SRX17412803.h5ad,arc-institute-virtual-cell-atlas/scbasecount/2026-01-12/h5ad/GeneFull/Homo_sapiens/SRX17412803.h5ad,,2026-07-30 14:53:15,OSError: Project was not passed and could not be determined from the environment.
715/1048,SRX10327363,failed,gs://arc-institute-virtual-cell-atlas/scbasecount/2026-01-12/h5ad/GeneFull/Homo_sapiens/SRX10327363.h5ad,arc-institute-virtual-cell-atlas/scbasecount/2026-01-12/h5ad/GeneFull/Homo_sapiens/SRX10327363.h5ad,,2026-07-30 14:53:15,OSError: Project was not passed and could not be determined from the environment.
716/1048,SRX19234378,failed,gs://arc-institute-virtual-cell-atlas/scbasecount/2026-01-12/h5ad/GeneFull/Homo_sapiens/SRX19234378.h5ad,arc-institute-virtual-cell-atlas/scbasecount/2026-01-12/h5ad/GeneFull/Homo_sapiens/SRX19234378.h5ad,,2026-07-30 14:53:15,OSError: Project was not passed and could not be determined from the environment.
717/1048,SRX19234377,failed,gs://arc-institute-virtual-cell-atlas/scbasecount/2026-01-12/h5ad/GeneFull/Homo_sapiens/SRX19234377.h5ad,arc-institute-virtual-cell-atlas/scbasecount/2026-01-12/h5ad/GeneFull/Homo_sapiens/SRX19234377.h5ad,,2026-07-30 14:53:15,OSError: Project was not passed and could not be determined from the environment.
718/1048,SRX19234380,failed,gs://arc-institute-virtual-cell-atlas/scbasecount/2026-01-12/h5ad/GeneFull/Homo_sapiens/SRX19234380.h5ad,arc-institute-virtual-cell-atlas/scbasecount/2026-01-12/h5ad/GeneFull/Homo_sapiens/SRX19234380.h5ad,,2026-07-30 14:53:15,OSError: Project was not passed and could not be determined from the environment.
719/1048,SRX19910910,failed,gs://arc-institute-virtual-cell-atlas/scbasecount/2026-01-12/h5ad/GeneFull/Homo_sapiens/SRX19910910.h5ad,arc-institute-virtual-cell-atlas/scbasecount/2026-01-12/h5ad/GeneFull/Homo_sapiens/SRX19910910.h5ad,,2026-07-30 14:53:15,OSError: Project was not passed and could not be determined from the environment.
720/1048,SRX19910914,failed,gs://arc-institute-virtual-cell-atlas/scbasecount/2026-01-12/h5ad/GeneFull/Homo_sapiens/SRX19910914.h5ad,arc-institute-virtual-cell-atlas/scbasecount/2026-01-12/h5ad/GeneFull/Homo_sapiens/SRX19910914.h5ad,,2026-07-30 14:53:15,OSError: Project was not passed and could not be determined from the environment.
721/1048,SRX19234376,failed,gs://arc-institute-virtual-cell-atlas/scbasecount/2026-01-12/h5ad/GeneFull/Homo_sapiens/SRX19234376.h5ad,arc-institute-virtual-cell-atlas/scbasecount/2026-01-12/h5ad/GeneFull/Homo_sapiens/SRX19234376.h5ad,,2026-07-30 14:53:15,OSError: Project was not passed and could not be determined from the environment.
722/1048,SRX19910929,failed,gs://arc-institute-virtual-cell-atlas/scbasecount/2026-01-12/h5ad/GeneFull/Homo_sapiens/SRX19910929.h5ad,arc-institute-virtual-cell-atlas/scbasecount/2026-01-12/h5ad/GeneFull/Homo_sapiens/SRX19910929.h5ad,,2026-07-30 14:53:15,OSError: Project was not passed and could not be determined from the environment.
723/1048,SRX19910921,failed,gs://arc-institute-virtual-cell-atlas/scbasecount/2026-01-12/h5ad/GeneFull/Homo_sapiens/SRX19910921.h5ad,arc-institute-virtual-cell-atlas/scbasecount/2026-01-12/h5ad/GeneFull/Homo_sapiens/SRX19910921.h5ad,,2026-07-30 14:53:15,OSError: Project was not passed and could not be determined from the environment.
724/1048,SRX19910932,failed,gs://arc-institute-virtual-cell-atlas/scbasecount/2026-01-12/h5ad/GeneFull/Homo_sapiens/SRX19910932.h5ad,arc-institute-virtual-cell-atlas/scbasecount/2026-01-12/h5ad/GeneFull/Homo_sapiens/SRX19910932.h5ad,,2026-07-30 14:53:15,OSError: Project was not passed and could not be determined from the environment.
725/1048,SRX19910923,failed,gs://arc-institute-virtual-cell-atlas/scbasecount/2026-01-12/h5ad/GeneFull/Homo_sapiens/SRX19910923.h5ad,arc-institute-virtual-cell-atlas/scbasecount/2026-01-12/h5ad/GeneFull/Homo_sapiens/SRX19910923.h5ad,,2026-07-30 14:53:15,OSError: Project was not passed and could not be determined from the environment.
726/1048,SRX23457981,failed,gs://arc-institute-virtual-cell-atlas/scbasecount/2026-01-12/h5ad/GeneFull/Homo_sapiens/SRX23457981.h5ad,arc-institute-virtual-cell-atlas/scbasecount/2026-01-12/h5ad/GeneFull/Homo_sapiens/SRX23457981.h5ad,,2026-07-30 14:53:15,OSError: Project was not passed and could not be determined from the environment.
727/1048,SRX23331465,failed,gs://arc-institute-virtual-cell-atlas/scbasecount/2026-01-12/h5ad/GeneFull/Homo_sapiens/SRX23331465.h5ad,arc-institute-virtual-cell-atlas/scbasecount/2026-01-12/h5ad/GeneFull/Homo_sapiens/SRX23331465.h5ad,,2026-07-30 14:53:15,OSError: Project was not passed and could not be determined from the environment.
728/1048,SRX24028444,failed,gs://arc-institute-virtual-cell-atlas/scbasecount/2026-01-12/h5ad/GeneFull/Homo_sapiens/SRX24028444.h5ad,arc-institute-virtual-cell-atlas/scbasecount/2026-01-12/h5ad/GeneFull/Homo_sapiens/SRX24028444.h5ad,,2026-07-30 14:53:15,OSError: Project was not passed and could not be determined from the environment.
729/1048,SRX24028453,failed,gs://arc-institute-virtual-cell-atlas/scbasecount/2026-01-12/h5ad/GeneFull/Homo_sapiens/SRX24028453.h5ad,arc-institute-virtual-cell-atlas/scbasecount/2026-01-12/h5ad/GeneFull/Homo_sapiens/SRX24028453.h5ad,,2026-07-30 14:53:15,OSError: Project was not passed and could not be determined from the environment.
730/1048,SRX25261768,failed,gs://arc-institute-virtual-cell-atlas/scbasecount/2026-01-12/h5ad/GeneFull/Homo_sapiens/SRX25261768.h5ad,arc-institute-virtual-cell-atlas/scbasecount/2026-01-12/h5ad/GeneFull/Homo_sapiens/SRX25261768.h5ad,,2026-07-30 14:53:15,OSError: Project was not passed and could not be determined from the environment.
731/1048,SRX25261712,failed,gs://arc-institute-virtual-cell-atlas/scbasecount/2026-01-12/h5ad/GeneFull/Homo_sapiens/SRX25261712.h5ad,arc-institute-virtual-cell-atlas/scbasecount/2026-01-12/h5ad/GeneFull/Homo_sapiens/SRX25261712.h5ad,,2026-07-30 14:53:15,OSError: Project was not passed and could not be determined from the environment.
732/1048,SRX25261735,failed,gs://arc-institute-virtual-cell-atlas/scbasecount/2026-01-12/h5ad/GeneFull/Homo_sapiens/SRX25261735.h5ad,arc-institute-virtual-cell-atlas/scbasecount/2026-01-12/h5ad/GeneFull/Homo_sapiens/SRX25261735.h5ad,,2026-07-30 14:53:15,OSError: Project was not passed and could not be determined from the environment.
733/1048,SRX24028450,failed,gs://arc-institute-virtual-cell-atlas/scbasecount/2026-01-12/h5ad/GeneFull/Homo_sapiens/SRX24028450.h5ad,arc-institute-virtual-cell-atlas/scbasecount/2026-01-12/h5ad/GeneFull/Homo_sapiens/SRX24028450.h5ad,,2026-07-30 14:53:15,OSError: Project was not passed and could not be determined from the environment.
734/1048,SRX24028459,failed,gs://arc-institute-virtual-cell-atlas/scbasecount/2026-01-12/h5ad/GeneFull/Homo_sapiens/SRX24028459.h5ad,arc-institute-virtual-cell-atlas/scbasecount/2026-01-12/h5ad/GeneFull/Homo_sapiens/SRX24028459.h5ad,,2026-07-30 14:53:15,OSError: Project was not passed and could not be determined from the environment.
735/1048,SRX24028456,failed,gs://arc-institute-virtual-cell-atlas/scbasecount/2026-01-12/h5ad/GeneFull/Homo_sapiens/SRX24028456.h5ad,arc-institute-virtual-cell-atlas/scbasecount/2026-01-12/h5ad/GeneFull/Homo_sapiens/SRX24028456.h5ad,,2026-07-30 14:53:15,OSError: Project was not passed and could not be determined from the environment.
736/1048,SRX26213237,failed,gs://arc-institute-virtual-cell-atlas/scbasecount/2026-01-12/h5ad/GeneFull/Homo_sapiens/SRX26213237.h5ad,arc-institute-virtual-cell-atlas/scbasecount/2026-01-12/h5ad/GeneFull/Homo_sapiens/SRX26213237.h5ad,,2026-07-30 14:53:15,OSError: Project was not passed and could not be determined from the environment.
737/1048,SRX25363539,failed,gs://arc-institute-virtual-cell-atlas/scbasecount/2026-01-12/h5ad/GeneFull/Homo_sapiens/SRX25363539.h5ad,arc-institute-virtual-cell-atlas/scbasecount/2026-01-12/h5ad/GeneFull/Homo_sapiens/SRX25363539.h5ad,,2026-07-30 14:53:15,OSError: Project was not passed and could not be determined from the environment.
738/1048,SRX26213238,failed,gs://arc-institute-virtual-cell-atlas/scbasecount/2026-01-12/h5ad/GeneFull/Homo_sapiens/SRX26213238.h5ad,arc-institute-virtual-cell-atlas/scbasecount/2026-01-12/h5ad/GeneFull/Homo_sapiens/SRX26213238.h5ad,,2026-07-30 14:53:15,OSError: Project was not passed and could not be determined from the environment.
739/1048,SRX9474643,failed,gs://arc-institute-virtual-cell-atlas/scbasecount/2026-01-12/h5ad/GeneFull/Homo_sapiens/SRX9474643.h5ad,arc-institute-virtual-cell-atlas/scbasecount/2026-01-12/h5ad/GeneFull/Homo_sapiens/SRX9474643.h5ad,,2026-07-30 14:53:15,OSError: Project was not passed and could not be determined from the environment.
740/1048,SRX9670790,failed,gs://arc-institute-virtual-cell-atlas/scbasecount/2026-01-12/h5ad/GeneFull/Homo_sapiens/SRX9670790.h5ad,arc-institute-virtual-cell-atlas/scbasecount/2026-01-12/h5ad/GeneFull/Homo_sapiens/SRX9670790.h5ad,,2026-07-30 14:53:15,OSError: Project was not passed and could not be determined from the environment.
741/1048,SRX9768484,failed,gs://arc-institute-virtual-cell-atlas/scbasecount/2026-01-12/h5ad/GeneFull/Homo_sapiens/SRX9768484.h5ad,arc-institute-virtual-cell-atlas/scbasecount/2026-01-12/h5ad/GeneFull/Homo_sapiens/SRX9768484.h5ad,,2026-07-30 14:53:15,OSError: Project was not passed and could not be determined from the environment.
742/1048,SRX9474644,failed,gs://arc-institute-virtual-cell-atlas/scbasecount/2026-01-12/h5ad/GeneFull/Homo_sapiens/SRX9474644.h5ad,arc-institute-virtual-cell-atlas/scbasecount/2026-01-12/h5ad/GeneFull/Homo_sapiens/SRX9474644.h5ad,,2026-07-30 14:53:15,OSError: Project was not passed and could not be determined from the environment.
743/1048,SRX9127138,failed,gs://arc-institute-virtual-cell-atlas/scbasecount/2026-01-12/h5ad/GeneFull/Homo_sapiens/SRX9127138.h5ad,arc-institute-virtual-cell-atlas/scbasecount/2026-01-12/h5ad/GeneFull/Homo_sapiens/SRX9127138.h5ad,,2026-07-30 14:53:15,OSError: Project was not passed and could not be determined from the environment.
744/1048,SRX9670791,failed,gs://arc-institute-virtual-cell-atlas/scbasecount/2026-01-12/h5ad/GeneFull/Homo_sapiens/SRX9670791.h5ad,arc-institute-virtual-cell-atlas/scbasecount/2026-01-12/h5ad/GeneFull/Homo_sapiens/SRX9670791.h5ad,,2026-07-30 14:53:15,OSError: Project was not passed and could not be determined from the environment.
745/1048,SRX9718439,failed,gs://arc-institute-virtual-cell-atlas/scbasecount/2026-01-12/h5ad/GeneFull/Homo_sapiens/SRX9718439.h5ad,arc-institute-virtual-cell-atlas/scbasecount/2026-01-12/h5ad/GeneFull/Homo_sapiens/SRX9718439.h5ad,,2026-07-30 14:53:15,OSError: Project was not passed and could not be determined from the environment.
746/1048,SRX9127133,failed,gs://arc-institute-virtual-cell-atlas/scbasecount/2026-01-12/h5ad/GeneFull/Homo_sapiens/SRX9127133.h5ad,arc-institute-virtual-cell-atlas/scbasecount/2026-01-12/h5ad/GeneFull/Homo_sapiens/SRX9127133.h5ad,,2026-07-30 14:53:15,OSError: Project was not passed and could not be determined from the environment.
747/1048,SRX10048381,failed,gs://arc-institute-virtual-cell-atlas/scbasecount/2026-01-12/h5ad/GeneFull/Homo_sapiens/SRX10048381.h5ad,arc-institute-virtual-cell-atlas/scbasecount/2026-01-12/h5ad/GeneFull/Homo_sapiens/SRX10048381.h5ad,,2026-07-30 14:53:15,OSError: Project was not passed and could not be determined from the environment.
748/1048,SRX9127135,failed,gs://arc-institute-virtual-cell-atlas/scbasecount/2026-01-12/h5ad/GeneFull/Homo_sapiens/SRX9127135.h5ad,arc-institute-virtual-cell-atlas/scbasecount/2026-01-12/h5ad/GeneFull/Homo_sapiens/SRX9127135.h5ad,,2026-07-30 14:53:15,OSError: Project was not passed and could not be determined from the environment.
749/1048,SRX9768481,failed,gs://arc-institute-virtual-cell-atlas/scbasecount/2026-01-12/h5ad/GeneFull/Homo_sapiens/SRX9768481.h5ad,arc-institute-virtual-cell-atlas/scbasecount/2026-01-12/h5ad/GeneFull/Homo_sapiens/SRX9768481.h5ad,,2026-07-30 14:53:15,OSError: Project was not passed and could not be determined from the environment.
750/1048,SRX10100447,failed,gs://arc-institute-virtual-cell-atlas/scbasecount/2026-01-12/h5ad/GeneFull/Homo_sapiens/SRX10100447.h5ad,arc-institute-virtual-cell-atlas/scbasecount/2026-01-12/h5ad/GeneFull/Homo_sapiens/SRX10100447.h5ad,,2026-07-30 14:53:15,OSError: Project was not passed and could not be determined from the environment.
751/1048,SRX9863287,failed,gs://arc-institute-virtual-cell-atlas/scbasecount/2026-01-12/h5ad/GeneFull/Homo_sapiens/SRX9863287.h5ad,arc-institute-virtual-cell-atlas/scbasecount/2026-01-12/h5ad/GeneFull/Homo_sapiens/SRX9863287.h5ad,,2026-07-30 14:53:15,OSError: Project was not passed and could not be determined from the environment.
752/1048,SRX10048388,failed,gs://arc-institute-virtual-cell-atlas/scbasecount/2026-01-12/h5ad/GeneFull/Homo_sapiens/SRX10048388.h5ad,arc-institute-virtual-cell-atlas/scbasecount/2026-01-12/h5ad/GeneFull/Homo_sapiens/SRX10048388.h5ad,,2026-07-30 14:53:15,OSError: Project was not passed and could not be determined from the environment.
753/1048,SRX10075291,failed,gs://arc-institute-virtual-cell-atlas/scbasecount/2026-01-12/h5ad/GeneFull/Homo_sapiens/SRX10075291.h5ad,arc-institute-virtual-cell-atlas/scbasecount/2026-01-12/h5ad/GeneFull/Homo_sapiens/SRX10075291.h5ad,,2026-07-30 14:53:15,OSError: Project was not passed and could not be determined from the environment.
754/1048,SRX9461573,failed,gs://arc-institute-virtual-cell-atlas/scbasecount/2026-01-12/h5ad/GeneFull/Homo_sapiens/SRX9461573.h5ad,arc-institute-virtual-cell-atlas/scbasecount/2026-01-12/h5ad/GeneFull/Homo_sapiens/SRX9461573.h5ad,,2026-07-30 14:53:15,OSError: Project was not passed and could not be determined from the environment.
755/1048,SRX10100446,failed,gs://arc-institute-virtual-cell-atlas/scbasecount/2026-01-12/h5ad/GeneFull/Homo_sapiens/SRX10100446.h5ad,arc-institute-virtual-cell-atlas/scbasecount/2026-01-12/h5ad/GeneFull/Homo_sapiens/SRX10100446.h5ad,,2026-07-30 14:53:15,OSError: Project was not passed and could not be determined from the environment.
756/1048,SRX9127139,failed,gs://arc-institute-virtual-cell-atlas/scbasecount/2026-01-12/h5ad/GeneFull/Homo_sapiens/SRX9127139.h5ad,arc-institute-virtual-cell-atlas/scbasecount/2026-01-12/h5ad/GeneFull/Homo_sapiens/SRX9127139.h5ad,,2026-07-30 14:53:15,OSError: Project was not passed and could not be determined from the environment.
757/1048,SRX9127134,failed,gs://arc-institute-virtual-cell-atlas/scbasecount/2026-01-12/h5ad/GeneFull/Homo_sapiens/SRX9127134.h5ad,arc-institute-virtual-cell-atlas/scbasecount/2026-01-12/h5ad/GeneFull/Homo_sapiens/SRX9127134.h5ad,,2026-07-30 14:53:15,OSError: Project was not passed and could not be determined from the environment.
758/1048,SRX10100445,failed,gs://arc-institute-virtual-cell-atlas/scbasecount/2026-01-12/h5ad/GeneFull/Homo_sapiens/SRX10100445.h5ad,arc-institute-virtual-cell-atlas/scbasecount/2026-01-12/h5ad/GeneFull/Homo_sapiens/SRX10100445.h5ad,,2026-07-30 14:53:15,OSError: Project was not passed and could not be determined from the environment.
759/1048,SRX9474645,failed,gs://arc-institute-virtual-cell-atlas/scbasecount/2026-01-12/h5ad/GeneFull/Homo_sapiens/SRX9474645.h5ad,arc-institute-virtual-cell-atlas/scbasecount/2026-01-12/h5ad/GeneFull/Homo_sapiens/SRX9474645.h5ad,,2026-07-30 14:53:15,OSError: Project was not passed and could not be determined from the environment.
760/1048,SRX10048384,failed,gs://arc-institute-virtual-cell-atlas/scbasecount/2026-01-12/h5ad/GeneFull/Homo_sapiens/SRX10048384.h5ad,arc-institute-virtual-cell-atlas/scbasecount/2026-01-12/h5ad/GeneFull/Homo_sapiens/SRX10048384.h5ad,,2026-07-30 14:53:15,OSError: Project was not passed and could not be determined from the environment.
761/1048,SRX9849883,failed,gs://arc-institute-virtual-cell-atlas/scbasecount/2026-01-12/h5ad/GeneFull/Homo_sapiens/SRX9849883.h5ad,arc-institute-virtual-cell-atlas/scbasecount/2026-01-12/h5ad/GeneFull/Homo_sapiens/SRX9849883.h5ad,,2026-07-30 14:53:15,OSError: Project was not passed and could not be determined from the environment.
762/1048,SRX9127140,failed,gs://arc-institute-virtual-cell-atlas/scbasecount/2026-01-12/h5ad/GeneFull/Homo_sapiens/SRX9127140.h5ad,arc-institute-virtual-cell-atlas/scbasecount/2026-01-12/h5ad/GeneFull/Homo_sapiens/SRX9127140.h5ad,,2026-07-30 14:53:15,OSError: Project was not passed and could not be determined from the environment.
763/1048,SRX10048377,failed,gs://arc-institute-virtual-cell-atlas/scbasecount/2026-01-12/h5ad/GeneFull/Homo_sapiens/SRX10048377.h5ad,arc-institute-virtual-cell-atlas/scbasecount/2026-01-12/h5ad/GeneFull/Homo_sapiens/SRX10048377.h5ad,,2026-07-30 14:53:15,OSError: Project was not passed and could not be determined from the environment.
764/1048,SRX9461575,failed,gs://arc-institute-virtual-cell-atlas/scbasecount/2026-01-12/h5ad/GeneFull/Homo_sapiens/SRX9461575.h5ad,arc-institute-virtual-cell-atlas/scbasecount/2026-01-12/h5ad/GeneFull/Homo_sapiens/SRX9461575.h5ad,,2026-07-30 14:53:15,OSError: Project was not passed and could not be determined from the environment.
765/1048,SRX9127136,failed,gs://arc-institute-virtual-cell-atlas/scbasecount/2026-01-12/h5ad/GeneFull/Homo_sapiens/SRX9127136.h5ad,arc-institute-virtual-cell-atlas/scbasecount/2026-01-12/h5ad/GeneFull/Homo_sapiens/SRX9127136.h5ad,,2026-07-30 14:53:15,OSError: Project was not passed and could not be determined from the environment.
766/1048,SRX9670792,failed,gs://arc-institute-virtual-cell-atlas/scbasecount/2026-01-12/h5ad/GeneFull/Homo_sapiens/SRX9670792.h5ad,arc-institute-virtual-cell-atlas/scbasecount/2026-01-12/h5ad/GeneFull/Homo_sapiens/SRX9670792.h5ad,,2026-07-30 14:53:15,OSError: Project was not passed and could not be determined from the environment.
767/1048,SRX10075292,failed,gs://arc-institute-virtual-cell-atlas/scbasecount/2026-01-12/h5ad/GeneFull/Homo_sapiens/SRX10075292.h5ad,arc-institute-virtual-cell-atlas/scbasecount/2026-01-12/h5ad/GeneFull/Homo_sapiens/SRX10075292.h5ad,,2026-07-30 14:53:15,OSError: Project was not passed and could not be determined from the environment.
768/1048,SRX9768487,failed,gs://arc-institute-virtual-cell-atlas/scbasecount/2026-01-12/h5ad/GeneFull/Homo_sapiens/SRX9768487.h5ad,arc-institute-virtual-cell-atlas/scbasecount/2026-01-12/h5ad/GeneFull/Homo_sapiens/SRX9768487.h5ad,,2026-07-30 14:53:15,OSError: Project was not passed and could not be determined from the environment.
769/1048,SRX9127141,failed,gs://arc-institute-virtual-cell-atlas/scbasecount/2026-01-12/h5ad/GeneFull/Homo_sapiens/SRX9127141.h5ad,arc-institute-virtual-cell-atlas/scbasecount/2026-01-12/h5ad/GeneFull/Homo_sapiens/SRX9127141.h5ad,,2026-07-30 14:53:15,OSError: Project was not passed and could not be determined from the environment.
770/1048,SRX27113469,failed,gs://arc-institute-virtual-cell-atlas/scbasecount/2026-01-12/h5ad/GeneFull/Homo_sapiens/SRX27113469.h5ad,arc-institute-virtual-cell-atlas/scbasecount/2026-01-12/h5ad/GeneFull/Homo_sapiens/SRX27113469.h5ad,,2026-07-30 14:53:15,OSError: Project was not passed and could not be determined from the environment.
771/1048,SRX27113470,failed,gs://arc-institute-virtual-cell-atlas/scbasecount/2026-01-12/h5ad/GeneFull/Homo_sapiens/SRX27113470.h5ad,arc-institute-virtual-cell-atlas/scbasecount/2026-01-12/h5ad/GeneFull/Homo_sapiens/SRX27113470.h5ad,,2026-07-30 14:53:15,OSError: Project was not passed and could not be determined from the environment.
772/1048,SRX27113473,failed,gs://arc-institute-virtual-cell-atlas/scbasecount/2026-01-12/h5ad/GeneFull/Homo_sapiens/SRX27113473.h5ad,arc-institute-virtual-cell-atlas/scbasecount/2026-01-12/h5ad/GeneFull/Homo_sapiens/SRX27113473.h5ad,,2026-07-30 14:53:15,OSError: Project was not passed and could not be determined from the environment.
773/1048,SRX27113475,failed,gs://arc-institute-virtual-cell-atlas/scbasecount/2026-01-12/h5ad/GeneFull/Homo_sapiens/SRX27113475.h5ad,arc-institute-virtual-cell-atlas/scbasecount/2026-01-12/h5ad/GeneFull/Homo_sapiens/SRX27113475.h5ad,,2026-07-30 14:53:15,OSError: Project was not passed and could not be determined from the environment.
774/1048,SRX27113476,failed,gs://arc-institute-virtual-cell-atlas/scbasecount/2026-01-12/h5ad/GeneFull/Homo_sapiens/SRX27113476.h5ad,arc-institute-virtual-cell-atlas/scbasecount/2026-01-12/h5ad/GeneFull/Homo_sapiens/SRX27113476.h5ad,,2026-07-30 14:53:15,OSError: Project was not passed and could not be determined from the environment.
775/1048,SRX27113467,failed,gs://arc-institute-virtual-cell-atlas/scbasecount/2026-01-12/h5ad/GeneFull/Homo_sapiens/SRX27113467.h5ad,arc-institute-virtual-cell-atlas/scbasecount/2026-01-12/h5ad/GeneFull/Homo_sapiens/SRX27113467.h5ad,,2026-07-30 14:53:15,OSError: Project was not passed and could not be determined from the environment.
776/1048,SRX27113455,failed,gs://arc-institute-virtual-cell-atlas/scbasecount/2026-01-12/h5ad/GeneFull/Homo_sapiens/SRX27113455.h5ad,arc-institute-virtual-cell-atlas/scbasecount/2026-01-12/h5ad/GeneFull/Homo_sapiens/SRX27113455.h5ad,,2026-07-30 14:53:15,OSError: Project was not passed and could not be determined from the environment.
777/1048,SRX27995674,failed,gs://arc-institute-virtual-cell-atlas/scbasecount/2026-01-12/h5ad/GeneFull/Homo_sapiens/SRX27995674.h5ad,arc-institute-virtual-cell-atlas/scbasecount/2026-01-12/h5ad/GeneFull/Homo_sapiens/SRX27995674.h5ad,,2026-07-30 14:53:15,OSError: Project was not passed and could not be determined from the environment.
778/1048,SRX9816697,failed,gs://arc-institute-virtual-cell-atlas/scbasecount/2026-01-12/h5ad/GeneFull/Homo_sapiens/SRX9816697.h5ad,arc-institute-virtual-cell-atlas/scbasecount/2026-01-12/h5ad/GeneFull/Homo_sapiens/SRX9816697.h5ad,,2026-07-30 14:53:15,OSError: Project was not passed and could not be determined from the environment.
779/1048,SRX9816696,failed,gs://arc-institute-virtual-cell-atlas/scbasecount/2026-01-12/h5ad/GeneFull/Homo_sapiens/SRX9816696.h5ad,arc-institute-virtual-cell-atlas/scbasecount/2026-01-12/h5ad/GeneFull/Homo_sapiens/SRX9816696.h5ad,,2026-07-30 14:53:15,OSError: Project was not passed and could not be determined from the environment.
780/1048,SRX10048390,failed,gs://arc-institute-virtual-cell-atlas/scbasecount/2026-01-12/h5ad/GeneFull/Homo_sapiens/SRX10048390.h5ad,arc-institute-virtual-cell-atlas/scbasecount/2026-01-12/h5ad/GeneFull/Homo_sapiens/SRX10048390.h5ad,,2026-07-30 14:53:15,OSError: Project was not passed and could not be determined from the environment.
781/1048,SRX9849885,failed,gs://arc-institute-virtual-cell-atlas/scbasecount/2026-01-12/h5ad/GeneFull/Homo_sapiens/SRX9849885.h5ad,arc-institute-virtual-cell-atlas/scbasecount/2026-01-12/h5ad/GeneFull/Homo_sapiens/SRX9849885.h5ad,,2026-07-30 14:53:15,OSError: Project was not passed and could not be determined from the environment.
782/1048,SRX9461574,failed,gs://arc-institute-virtual-cell-atlas/scbasecount/2026-01-12/h5ad/GeneFull/Homo_sapiens/SRX9461574.h5ad,arc-institute-virtual-cell-atlas/scbasecount/2026-01-12/h5ad/GeneFull/Homo_sapiens/SRX9461574.h5ad,,2026-07-30 14:53:15,OSError: Project was not passed and could not be determined from the environment.
783/1048,SRX9058158,failed,gs://arc-institute-virtual-cell-atlas/scbasecount/2026-01-12/h5ad/GeneFull/Homo_sapiens/SRX9058158.h5ad,arc-institute-virtual-cell-atlas/scbasecount/2026-01-12/h5ad/GeneFull/Homo_sapiens/SRX9058158.h5ad,,2026-07-30 14:53:15,OSError: Project was not passed and could not be determined from the environment.
784/1048,SRX9058160,failed,gs://arc-institute-virtual-cell-atlas/scbasecount/2026-01-12/h5ad/GeneFull/Homo_sapiens/SRX9058160.h5ad,arc-institute-virtual-cell-atlas/scbasecount/2026-01-12/h5ad/GeneFull/Homo_sapiens/SRX9058160.h5ad,,2026-07-30 14:53:15,OSError: Project was not passed and could not be determined from the environment.
785/1048,SRX9078406,failed,gs://arc-institute-virtual-cell-atlas/scbasecount/2026-01-12/h5ad/GeneFull/Homo_sapiens/SRX9078406.h5ad,arc-institute-virtual-cell-atlas/scbasecount/2026-01-12/h5ad/GeneFull/Homo_sapiens/SRX9078406.h5ad,,2026-07-30 14:53:15,OSError: Project was not passed and could not be determined from the environment.
786/1048,SRX9276327,failed,gs://arc-institute-virtual-cell-atlas/scbasecount/2026-01-12/h5ad/GeneFull/Homo_sapiens/SRX9276327.h5ad,arc-institute-virtual-cell-atlas/scbasecount/2026-01-12/h5ad/GeneFull/Homo_sapiens/SRX9276327.h5ad,,2026-07-30 14:53:15,OSError: Project was not passed and could not be determined from the environment.
787/1048,SRX9058157,failed,gs://arc-institute-virtual-cell-atlas/scbasecount/2026-01-12/h5ad/GeneFull/Homo_sapiens/SRX9058157.h5ad,arc-institute-virtual-cell-atlas/scbasecount/2026-01-12/h5ad/GeneFull/Homo_sapiens/SRX9058157.h5ad,,2026-07-30 14:53:15,OSError: Project was not passed and could not be determined from the environment.
788/1048,SRX9058187,failed,gs://arc-institute-virtual-cell-atlas/scbasecount/2026-01-12/h5ad/GeneFull/Homo_sapiens/SRX9058187.h5ad,arc-institute-virtual-cell-atlas/scbasecount/2026-01-12/h5ad/GeneFull/Homo_sapiens/SRX9058187.h5ad,,2026-07-30 14:53:15,OSError: Project was not passed and could not be determined from the environment.
789/1048,SRX9058165,failed,gs://arc-institute-virtual-cell-atlas/scbasecount/2026-01-12/h5ad/GeneFull/Homo_sapiens/SRX9058165.h5ad,arc-institute-virtual-cell-atlas/scbasecount/2026-01-12/h5ad/GeneFull/Homo_sapiens/SRX9058165.h5ad,,2026-07-30 14:53:15,OSError: Project was not passed and could not be determined from the environment.
790/1048,SRX9276321,failed,gs://arc-institute-virtual-cell-atlas/scbasecount/2026-01-12/h5ad/GeneFull/Homo_sapiens/SRX9276321.h5ad,arc-institute-virtual-cell-atlas/scbasecount/2026-01-12/h5ad/GeneFull/Homo_sapiens/SRX9276321.h5ad,,2026-07-30 14:53:15,OSError: Project was not passed and could not be determined from the environment.
791/1048,SRX9296016,failed,gs://arc-institute-virtual-cell-atlas/scbasecount/2026-01-12/h5ad/GeneFull/Homo_sapiens/SRX9296016.h5ad,arc-institute-virtual-cell-atlas/scbasecount/2026-01-12/h5ad/GeneFull/Homo_sapiens/SRX9296016.h5ad,,2026-07-30 14:53:15,OSError: Project was not passed and could not be determined from the environment.
792/1048,SRX9058155,failed,gs://arc-institute-virtual-cell-atlas/scbasecount/2026-01-12/h5ad/GeneFull/Homo_sapiens/SRX9058155.h5ad,arc-institute-virtual-cell-atlas/scbasecount/2026-01-12/h5ad/GeneFull/Homo_sapiens/SRX9058155.h5ad,,2026-07-30 14:53:15,OSError: Project was not passed and could not be determined from the environment.
793/1048,SRX9276300,failed,gs://arc-institute-virtual-cell-atlas/scbasecount/2026-01-12/h5ad/GeneFull/Homo_sapiens/SRX9276300.h5ad,arc-institute-virtual-cell-atlas/scbasecount/2026-01-12/h5ad/GeneFull/Homo_sapiens/SRX9276300.h5ad,,2026-07-30 14:53:15,OSError: Project was not passed and could not be determined from the environment.
794/1048,SRX9058162,failed,gs://arc-institute-virtual-cell-atlas/scbasecount/2026-01-12/h5ad/GeneFull/Homo_sapiens/SRX9058162.h5ad,arc-institute-virtual-cell-atlas/scbasecount/2026-01-12/h5ad/GeneFull/Homo_sapiens/SRX9058162.h5ad,,2026-07-30 14:53:15,OSError: Project was not passed and could not be determined from the environment.
795/1048,SRX9276299,failed,gs://arc-institute-virtual-cell-atlas/scbasecount/2026-01-12/h5ad/GeneFull/Homo_sapiens/SRX9276299.h5ad,arc-institute-virtual-cell-atlas/scbasecount/2026-01-12/h5ad/GeneFull/Homo_sapiens/SRX9276299.h5ad,,2026-07-30 14:53:15,OSError: Project was not passed and could not be determined from the environment.
796/1048,SRX9276314,failed,gs://arc-institute-virtual-cell-atlas/scbasecount/2026-01-12/h5ad/GeneFull/Homo_sapiens/SRX9276314.h5ad,arc-institute-virtual-cell-atlas/scbasecount/2026-01-12/h5ad/GeneFull/Homo_sapiens/SRX9276314.h5ad,,2026-07-30 14:53:15,OSError: Project was not passed and could not be determined from the environment.
797/1048,SRX9058167,failed,gs://arc-institute-virtual-cell-atlas/scbasecount/2026-01-12/h5ad/GeneFull/Homo_sapiens/SRX9058167.h5ad,arc-institute-virtual-cell-atlas/scbasecount/2026-01-12/h5ad/GeneFull/Homo_sapiens/SRX9058167.h5ad,,2026-07-30 14:53:15,OSError: Project was not passed and could not be determined from the environment.
798/1048,SRX9058170,failed,gs://arc-institute-virtual-cell-atlas/scbasecount/2026-01-12/h5ad/GeneFull/Homo_sapiens/SRX9058170.h5ad,arc-institute-virtual-cell-atlas/scbasecount/2026-01-12/h5ad/GeneFull/Homo_sapiens/SRX9058170.h5ad,,2026-07-30 14:53:15,OSError: Project was not passed and could not be determined from the environment.
799/1048,SRX9058154,failed,gs://arc-institute-virtual-cell-atlas/scbasecount/2026-01-12/h5ad/GeneFull/Homo_sapiens/SRX9058154.h5ad,arc-institute-virtual-cell-atlas/scbasecount/2026-01-12/h5ad/GeneFull/Homo_sapiens/SRX9058154.h5ad,,2026-07-30 14:53:15,OSError: Project was not passed and could not be determined from the environment.
800/1048,SRX9058143,failed,gs://arc-institute-virtual-cell-atlas/scbasecount/2026-01-12/h5ad/GeneFull/Homo_sapiens/SRX9058143.h5ad,arc-institute-virtual-cell-atlas/scbasecount/2026-01-12/h5ad/GeneFull/Homo_sapiens/SRX9058143.h5ad,,2026-07-30 14:53:15,OSError: Project was not passed and could not be determined from the environment.
801/1048,SRX9058150,failed,gs://arc-institute-virtual-cell-atlas/scbasecount/2026-01-12/h5ad/GeneFull/Homo_sapiens/SRX9058150.h5ad,arc-institute-virtual-cell-atlas/scbasecount/2026-01-12/h5ad/GeneFull/Homo_sapiens/SRX9058150.h5ad,,2026-07-30 14:53:15,OSError: Project was not passed and could not be determined from the environment.
802/1048,SRX9058184,failed,gs://arc-institute-virtual-cell-atlas/scbasecount/2026-01-12/h5ad/GeneFull/Homo_sapiens/SRX9058184.h5ad,arc-institute-virtual-cell-atlas/scbasecount/2026-01-12/h5ad/GeneFull/Homo_sapiens/SRX9058184.h5ad,,2026-07-30 14:53:15,OSError: Project was not passed and could not be determined from the environment.
803/1048,SRX9062366,failed,gs://arc-institute-virtual-cell-atlas/scbasecount/2026-01-12/h5ad/GeneFull/Homo_sapiens/SRX9062366.h5ad,arc-institute-virtual-cell-atlas/scbasecount/2026-01-12/h5ad/GeneFull/Homo_sapiens/SRX9062366.h5ad,,2026-07-30 14:53:15,OSError: Project was not passed and could not be determined from the environment.
804/1048,SRX9246189,failed,gs://arc-institute-virtual-cell-atlas/scbasecount/2026-01-12/h5ad/GeneFull/Homo_sapiens/SRX9246189.h5ad,arc-institute-virtual-cell-atlas/scbasecount/2026-01-12/h5ad/GeneFull/Homo_sapiens/SRX9246189.h5ad,,2026-07-30 14:53:15,OSError: Project was not passed and could not be determined from the environment.
805/1048,SRX9058161,failed,gs://arc-institute-virtual-cell-atlas/scbasecount/2026-01-12/h5ad/GeneFull/Homo_sapiens/SRX9058161.h5ad,arc-institute-virtual-cell-atlas/scbasecount/2026-01-12/h5ad/GeneFull/Homo_sapiens/SRX9058161.h5ad,,2026-07-30 14:53:15,OSError: Project was not passed and could not be determined from the environment.
806/1048,SRX9078404,failed,gs://arc-institute-virtual-cell-atlas/scbasecount/2026-01-12/h5ad/GeneFull/Homo_sapiens/SRX9078404.h5ad,arc-institute-virtual-cell-atlas/scbasecount/2026-01-12/h5ad/GeneFull/Homo_sapiens/SRX9078404.h5ad,,2026-07-30 14:53:15,OSError: Project was not passed and could not be determined from the environment.
807/1048,SRX9276301,failed,gs://arc-institute-virtual-cell-atlas/scbasecount/2026-01-12/h5ad/GeneFull/Homo_sapiens/SRX9276301.h5ad,arc-institute-virtual-cell-atlas/scbasecount/2026-01-12/h5ad/GeneFull/Homo_sapiens/SRX9276301.h5ad,,2026-07-30 14:53:15,OSError: Project was not passed and could not be determined from the environment.
808/1048,SRX9058151,failed,gs://arc-institute-virtual-cell-atlas/scbasecount/2026-01-12/h5ad/GeneFull/Homo_sapiens/SRX9058151.h5ad,arc-institute-virtual-cell-atlas/scbasecount/2026-01-12/h5ad/GeneFull/Homo_sapiens/SRX9058151.h5ad,,2026-07-30 14:53:15,OSError: Project was not passed and could not be determined from the environment.
809/1048,SRX9058152,failed,gs://arc-institute-virtual-cell-atlas/scbasecount/2026-01-12/h5ad/GeneFull/Homo_sapiens/SRX9058152.h5ad,arc-institute-virtual-cell-atlas/scbasecount/2026-01-12/h5ad/GeneFull/Homo_sapiens/SRX9058152.h5ad,,2026-07-30 14:53:15,OSError: Project was not passed and could not be determined from the environment.
810/1048,SRX9058153,failed,gs://arc-institute-virtual-cell-atlas/scbasecount/2026-01-12/h5ad/GeneFull/Homo_sapiens/SRX9058153.h5ad,arc-institute-virtual-cell-atlas/scbasecount/2026-01-12/h5ad/GeneFull/Homo_sapiens/SRX9058153.h5ad,,2026-07-30 14:53:15,OSError: Project was not passed and could not be determined from the environment.
811/1048,SRX9062365,failed,gs://arc-institute-virtual-cell-atlas/scbasecount/2026-01-12/h5ad/GeneFull/Homo_sapiens/SRX9062365.h5ad,arc-institute-virtual-cell-atlas/scbasecount/2026-01-12/h5ad/GeneFull/Homo_sapiens/SRX9062365.h5ad,,2026-07-30 14:53:15,OSError: Project was not passed and could not be determined from the environment.
812/1048,SRX9058141,failed,gs://arc-institute-virtual-cell-atlas/scbasecount/2026-01-12/h5ad/GeneFull/Homo_sapiens/SRX9058141.h5ad,arc-institute-virtual-cell-atlas/scbasecount/2026-01-12/h5ad/GeneFull/Homo_sapiens/SRX9058141.h5ad,,2026-07-30 14:53:15,OSError: Project was not passed and could not be determined from the environment.
813/1048,SRX9058186,failed,gs://arc-institute-virtual-cell-atlas/scbasecount/2026-01-12/h5ad/GeneFull/Homo_sapiens/SRX9058186.h5ad,arc-institute-virtual-cell-atlas/scbasecount/2026-01-12/h5ad/GeneFull/Homo_sapiens/SRX9058186.h5ad,,2026-07-30 14:53:15,OSError: Project was not passed and could not be determined from the environment.
814/1048,SRX9058156,failed,gs://arc-institute-virtual-cell-atlas/scbasecount/2026-01-12/h5ad/GeneFull/Homo_sapiens/SRX9058156.h5ad,arc-institute-virtual-cell-atlas/scbasecount/2026-01-12/h5ad/GeneFull/Homo_sapiens/SRX9058156.h5ad,,2026-07-30 14:53:15,OSError: Project was not passed and could not be determined from the environment.
815/1048,SRX9058168,failed,gs://arc-institute-virtual-cell-atlas/scbasecount/2026-01-12/h5ad/GeneFull/Homo_sapiens/SRX9058168.h5ad,arc-institute-virtual-cell-atlas/scbasecount/2026-01-12/h5ad/GeneFull/Homo_sapiens/SRX9058168.h5ad,,2026-07-30 14:53:15,OSError: Project was not passed and could not be determined from the environment.
816/1048,SRX9058149,failed,gs://arc-institute-virtual-cell-atlas/scbasecount/2026-01-12/h5ad/GeneFull/Homo_sapiens/SRX9058149.h5ad,arc-institute-virtual-cell-atlas/scbasecount/2026-01-12/h5ad/GeneFull/Homo_sapiens/SRX9058149.h5ad,,2026-07-30 14:53:15,OSError: Project was not passed and could not be determined from the environment.
817/1048,SRX9078405,failed,gs://arc-institute-virtual-cell-atlas/scbasecount/2026-01-12/h5ad/GeneFull/Homo_sapiens/SRX9078405.h5ad,arc-institute-virtual-cell-atlas/scbasecount/2026-01-12/h5ad/GeneFull/Homo_sapiens/SRX9078405.h5ad,,2026-07-30 14:53:15,OSError: Project was not passed and could not be determined from the environment.
818/1048,SRX9062363,failed,gs://arc-institute-virtual-cell-atlas/scbasecount/2026-01-12/h5ad/GeneFull/Homo_sapiens/SRX9062363.h5ad,arc-institute-virtual-cell-atlas/scbasecount/2026-01-12/h5ad/GeneFull/Homo_sapiens/SRX9062363.h5ad,,2026-07-30 14:53:15,OSError: Project was not passed and could not be determined from the environment.
819/1048,SRX9058189,failed,gs://arc-institute-virtual-cell-atlas/scbasecount/2026-01-12/h5ad/GeneFull/Homo_sapiens/SRX9058189.h5ad,arc-institute-virtual-cell-atlas/scbasecount/2026-01-12/h5ad/GeneFull/Homo_sapiens/SRX9058189.h5ad,,2026-07-30 14:53:15,OSError: Project was not passed and could not be determined from the environment.
820/1048,SRX9058166,failed,gs://arc-institute-virtual-cell-atlas/scbasecount/2026-01-12/h5ad/GeneFull/Homo_sapiens/SRX9058166.h5ad,arc-institute-virtual-cell-atlas/scbasecount/2026-01-12/h5ad/GeneFull/Homo_sapiens/SRX9058166.h5ad,,2026-07-30 14:53:15,OSError: Project was not passed and could not be determined from the environment.
821/1048,SRX9863288,failed,gs://arc-institute-virtual-cell-atlas/scbasecount/2026-01-12/h5ad/GeneFull/Homo_sapiens/SRX9863288.h5ad,arc-institute-virtual-cell-atlas/scbasecount/2026-01-12/h5ad/GeneFull/Homo_sapiens/SRX9863288.h5ad,,2026-07-30 14:53:15,OSError: Project was not passed and could not be determined from the environment.
822/1048,SRX27113477,failed,gs://arc-institute-virtual-cell-atlas/scbasecount/2026-01-12/h5ad/GeneFull/Homo_sapiens/SRX27113477.h5ad,arc-institute-virtual-cell-atlas/scbasecount/2026-01-12/h5ad/GeneFull/Homo_sapiens/SRX27113477.h5ad,,2026-07-30 14:53:15,OSError: Project was not passed and could not be determined from the environment.
823/1048,SRX9246193,failed,gs://arc-institute-virtual-cell-atlas/scbasecount/2026-01-12/h5ad/GeneFull/Homo_sapiens/SRX9246193.h5ad,arc-institute-virtual-cell-atlas/scbasecount/2026-01-12/h5ad/GeneFull/Homo_sapiens/SRX9246193.h5ad,,2026-07-30 14:53:15,OSError: Project was not passed and could not be determined from the environment.
824/1048,SRX9276328,failed,gs://arc-institute-virtual-cell-atlas/scbasecount/2026-01-12/h5ad/GeneFull/Homo_sapiens/SRX9276328.h5ad,arc-institute-virtual-cell-atlas/scbasecount/2026-01-12/h5ad/GeneFull/Homo_sapiens/SRX9276328.h5ad,,2026-07-30 14:53:15,OSError: Project was not passed and could not be determined from the environment.
825/1048,SRX9058159,failed,gs://arc-institute-virtual-cell-atlas/scbasecount/2026-01-12/h5ad/GeneFull/Homo_sapiens/SRX9058159.h5ad,arc-institute-virtual-cell-atlas/scbasecount/2026-01-12/h5ad/GeneFull/Homo_sapiens/SRX9058159.h5ad,,2026-07-30 14:53:15,OSError: Project was not passed and could not be determined from the environment.
826/1048,SRX9078407,failed,gs://arc-institute-virtual-cell-atlas/scbasecount/2026-01-12/h5ad/GeneFull/Homo_sapiens/SRX9078407.h5ad,arc-institute-virtual-cell-atlas/scbasecount/2026-01-12/h5ad/GeneFull/Homo_sapiens/SRX9078407.h5ad,,2026-07-30 14:53:15,OSError: Project was not passed and could not be determined from the environment.
827/1048,SRX9276296,failed,gs://arc-institute-virtual-cell-atlas/scbasecount/2026-01-12/h5ad/GeneFull/Homo_sapiens/SRX9276296.h5ad,arc-institute-virtual-cell-atlas/scbasecount/2026-01-12/h5ad/GeneFull/Homo_sapiens/SRX9276296.h5ad,,2026-07-30 14:53:15,OSError: Project was not passed and could not be determined from the environment.
828/1048,SRX27113474,failed,gs://arc-institute-virtual-cell-atlas/scbasecount/2026-01-12/h5ad/GeneFull/Homo_sapiens/SRX27113474.h5ad,arc-institute-virtual-cell-atlas/scbasecount/2026-01-12/h5ad/GeneFull/Homo_sapiens/SRX27113474.h5ad,,2026-07-30 14:53:15,OSError: Project was not passed and could not be determined from the environment.
829/1048,SRX27113468,failed,gs://arc-institute-virtual-cell-atlas/scbasecount/2026-01-12/h5ad/GeneFull/Homo_sapiens/SRX27113468.h5ad,arc-institute-virtual-cell-atlas/scbasecount/2026-01-12/h5ad/GeneFull/Homo_sapiens/SRX27113468.h5ad,,2026-07-30 14:53:15,OSError: Project was not passed and could not be determined from the environment.
830/1048,SRX27113472,failed,gs://arc-institute-virtual-cell-atlas/scbasecount/2026-01-12/h5ad/GeneFull/Homo_sapiens/SRX27113472.h5ad,arc-institute-virtual-cell-atlas/scbasecount/2026-01-12/h5ad/GeneFull/Homo_sapiens/SRX27113472.h5ad,,2026-07-30 14:53:15,OSError: Project was not passed and could not be determined from the environment.
831/1048,SRX27113466,failed,gs://arc-institute-virtual-cell-atlas/scbasecount/2026-01-12/h5ad/GeneFull/Homo_sapiens/SRX27113466.h5ad,arc-institute-virtual-cell-atlas/scbasecount/2026-01-12/h5ad/GeneFull/Homo_sapiens/SRX27113466.h5ad,,2026-07-30 14:53:15,OSError: Project was not passed and could not be determined from the environment.
832/1048,SRX9058146,failed,gs://arc-institute-virtual-cell-atlas/scbasecount/2026-01-12/h5ad/GeneFull/Homo_sapiens/SRX9058146.h5ad,arc-institute-virtual-cell-atlas/scbasecount/2026-01-12/h5ad/GeneFull/Homo_sapiens/SRX9058146.h5ad,,2026-07-30 14:53:15,OSError: Project was not passed and could not be determined from the environment.
833/1048,SRX9062358,failed,gs://arc-institute-virtual-cell-atlas/scbasecount/2026-01-12/h5ad/GeneFull/Homo_sapiens/SRX9062358.h5ad,arc-institute-virtual-cell-atlas/scbasecount/2026-01-12/h5ad/GeneFull/Homo_sapiens/SRX9062358.h5ad,,2026-07-30 14:53:15,OSError: Project was not passed and could not be determined from the environment.
834/1048,SRX9058169,failed,gs://arc-institute-virtual-cell-atlas/scbasecount/2026-01-12/h5ad/GeneFull/Homo_sapiens/SRX9058169.h5ad,arc-institute-virtual-cell-atlas/scbasecount/2026-01-12/h5ad/GeneFull/Homo_sapiens/SRX9058169.h5ad,,2026-07-30 14:53:15,OSError: Project was not passed and could not be determined from the environment.
835/1048,SRX9062357,failed,gs://arc-institute-virtual-cell-atlas/scbasecount/2026-01-12/h5ad/GeneFull/Homo_sapiens/SRX9062357.h5ad,arc-institute-virtual-cell-atlas/scbasecount/2026-01-12/h5ad/GeneFull/Homo_sapiens/SRX9062357.h5ad,,2026-07-30 14:53:15,OSError: Project was not passed and could not be determined from the environment.
836/1048,SRX9276313,failed,gs://arc-institute-virtual-cell-atlas/scbasecount/2026-01-12/h5ad/GeneFull/Homo_sapiens/SRX9276313.h5ad,arc-institute-virtual-cell-atlas/scbasecount/2026-01-12/h5ad/GeneFull/Homo_sapiens/SRX9276313.h5ad,,2026-07-30 14:53:15,OSError: Project was not passed and could not be determined from the environment.
837/1048,SRX9276331,failed,gs://arc-institute-virtual-cell-atlas/scbasecount/2026-01-12/h5ad/GeneFull/Homo_sapiens/SRX9276331.h5ad,arc-institute-virtual-cell-atlas/scbasecount/2026-01-12/h5ad/GeneFull/Homo_sapiens/SRX9276331.h5ad,,2026-07-30 14:53:15,OSError: Project was not passed and could not be determined from the environment.
838/1048,SRX9062364,failed,gs://arc-institute-virtual-cell-atlas/scbasecount/2026-01-12/h5ad/GeneFull/Homo_sapiens/SRX9062364.h5ad,arc-institute-virtual-cell-atlas/scbasecount/2026-01-12/h5ad/GeneFull/Homo_sapiens/SRX9062364.h5ad,,2026-07-30 14:53:15,OSError: Project was not passed and could not be determined from the environment.
839/1048,SRX9276329,failed,gs://arc-institute-virtual-cell-atlas/scbasecount/2026-01-12/h5ad/GeneFull/Homo_sapiens/SRX9276329.h5ad,arc-institute-virtual-cell-atlas/scbasecount/2026-01-12/h5ad/GeneFull/Homo_sapiens/SRX9276329.h5ad,,2026-07-30 14:53:15,OSError: Project was not passed and could not be determined from the environment.
840/1048,SRX9276297,failed,gs://arc-institute-virtual-cell-atlas/scbasecount/2026-01-12/h5ad/GeneFull/Homo_sapiens/SRX9276297.h5ad,arc-institute-virtual-cell-atlas/scbasecount/2026-01-12/h5ad/GeneFull/Homo_sapiens/SRX9276297.h5ad,,2026-07-30 14:53:15,OSError: Project was not passed and could not be determined from the environment.
841/1048,SRX9058196,failed,gs://arc-institute-virtual-cell-atlas/scbasecount/2026-01-12/h5ad/GeneFull/Homo_sapiens/SRX9058196.h5ad,arc-institute-virtual-cell-atlas/scbasecount/2026-01-12/h5ad/GeneFull/Homo_sapiens/SRX9058196.h5ad,,2026-07-30 14:53:15,OSError: Project was not passed and could not be determined from the environment.
842/1048,SRX9058164,failed,gs://arc-institute-virtual-cell-atlas/scbasecount/2026-01-12/h5ad/GeneFull/Homo_sapiens/SRX9058164.h5ad,arc-institute-virtual-cell-atlas/scbasecount/2026-01-12/h5ad/GeneFull/Homo_sapiens/SRX9058164.h5ad,,2026-07-30 14:53:15,OSError: Project was not passed and could not be determined from the environment.
843/1048,SRX9276330,failed,gs://arc-institute-virtual-cell-atlas/scbasecount/2026-01-12/h5ad/GeneFull/Homo_sapiens/SRX9276330.h5ad,arc-institute-virtual-cell-atlas/scbasecount/2026-01-12/h5ad/GeneFull/Homo_sapiens/SRX9276330.h5ad,,2026-07-30 14:53:15,OSError: Project was not passed and could not be determined from the environment.
844/1048,SRX8349957,failed,gs://arc-institute-virtual-cell-atlas/scbasecount/2026-01-12/h5ad/GeneFull/Homo_sapiens/SRX8349957.h5ad,arc-institute-virtual-cell-atlas/scbasecount/2026-01-12/h5ad/GeneFull/Homo_sapiens/SRX8349957.h5ad,,2026-07-30 14:53:15,OSError: Project was not passed and could not be determined from the environment.
845/1048,SRX8349949,failed,gs://arc-institute-virtual-cell-atlas/scbasecount/2026-01-12/h5ad/GeneFull/Homo_sapiens/SRX8349949.h5ad,arc-institute-virtual-cell-atlas/scbasecount/2026-01-12/h5ad/GeneFull/Homo_sapiens/SRX8349949.h5ad,,2026-07-30 14:53:15,OSError: Project was not passed and could not be determined from the environment.
846/1048,SRX8349962,failed,gs://arc-institute-virtual-cell-atlas/scbasecount/2026-01-12/h5ad/GeneFull/Homo_sapiens/SRX8349962.h5ad,arc-institute-virtual-cell-atlas/scbasecount/2026-01-12/h5ad/GeneFull/Homo_sapiens/SRX8349962.h5ad,,2026-07-30 14:53:15,OSError: Project was not passed and could not be determined from the environment.
847/1048,SRX9296019,failed,gs://arc-institute-virtual-cell-atlas/scbasecount/2026-01-12/h5ad/GeneFull/Homo_sapiens/SRX9296019.h5ad,arc-institute-virtual-cell-atlas/scbasecount/2026-01-12/h5ad/GeneFull/Homo_sapiens/SRX9296019.h5ad,,2026-07-30 14:53:15,OSError: Project was not passed and could not be determined from the environment.
848/1048,SRX9062360,failed,gs://arc-institute-virtual-cell-atlas/scbasecount/2026-01-12/h5ad/GeneFull/Homo_sapiens/SRX9062360.h5ad,arc-institute-virtual-cell-atlas/scbasecount/2026-01-12/h5ad/GeneFull/Homo_sapiens/SRX9062360.h5ad,,2026-07-30 14:53:15,OSError: Project was not passed and could not be determined from the environment.
849/1048,SRX9276312,failed,gs://arc-institute-virtual-cell-atlas/scbasecount/2026-01-12/h5ad/GeneFull/Homo_sapiens/SRX9276312.h5ad,arc-institute-virtual-cell-atlas/scbasecount/2026-01-12/h5ad/GeneFull/Homo_sapiens/SRX9276312.h5ad,,2026-07-30 14:53:15,OSError: Project was not passed and could not be determined from the environment.
850/1048,SRX9246196,failed,gs://arc-institute-virtual-cell-atlas/scbasecount/2026-01-12/h5ad/GeneFull/Homo_sapiens/SRX9246196.h5ad,arc-institute-virtual-cell-atlas/scbasecount/2026-01-12/h5ad/GeneFull/Homo_sapiens/SRX9246196.h5ad,,2026-07-30 14:53:15,OSError: Project was not passed and could not be determined from the environment.
851/1048,SRX8349948,failed,gs://arc-institute-virtual-cell-atlas/scbasecount/2026-01-12/h5ad/GeneFull/Homo_sapiens/SRX8349948.h5ad,arc-institute-virtual-cell-atlas/scbasecount/2026-01-12/h5ad/GeneFull/Homo_sapiens/SRX8349948.h5ad,,2026-07-30 14:53:15,OSError: Project was not passed and could not be determined from the environment.
852/1048,SRX8349970,failed,gs://arc-institute-virtual-cell-atlas/scbasecount/2026-01-12/h5ad/GeneFull/Homo_sapiens/SRX8349970.h5ad,arc-institute-virtual-cell-atlas/scbasecount/2026-01-12/h5ad/GeneFull/Homo_sapiens/SRX8349970.h5ad,,2026-07-30 14:53:15,OSError: Project was not passed and could not be determined from the environment.
853/1048,SRX9276298,failed,gs://arc-institute-virtual-cell-atlas/scbasecount/2026-01-12/h5ad/GeneFull/Homo_sapiens/SRX9276298.h5ad,arc-institute-virtual-cell-atlas/scbasecount/2026-01-12/h5ad/GeneFull/Homo_sapiens/SRX9276298.h5ad,,2026-07-30 14:53:15,OSError: Project was not passed and could not be determined from the environment.
854/1048,SRX9276317,failed,gs://arc-institute-virtual-cell-atlas/scbasecount/2026-01-12/h5ad/GeneFull/Homo_sapiens/SRX9276317.h5ad,arc-institute-virtual-cell-atlas/scbasecount/2026-01-12/h5ad/GeneFull/Homo_sapiens/SRX9276317.h5ad,,2026-07-30 14:53:15,OSError: Project was not passed and could not be determined from the environment.
855/1048,SRX9078408,failed,gs://arc-institute-virtual-cell-atlas/scbasecount/2026-01-12/h5ad/GeneFull/Homo_sapiens/SRX9078408.h5ad,arc-institute-virtual-cell-atlas/scbasecount/2026-01-12/h5ad/GeneFull/Homo_sapiens/SRX9078408.h5ad,,2026-07-30 14:53:15,OSError: Project was not passed and could not be determined from the environment.
856/1048,SRX8288949,failed,gs://arc-institute-virtual-cell-atlas/scbasecount/2026-01-12/h5ad/GeneFull/Homo_sapiens/SRX8288949.h5ad,arc-institute-virtual-cell-atlas/scbasecount/2026-01-12/h5ad/GeneFull/Homo_sapiens/SRX8288949.h5ad,,2026-07-30 14:53:15,OSError: Project was not passed and could not be determined from the environment.
857/1048,SRX8349950,failed,gs://arc-institute-virtual-cell-atlas/scbasecount/2026-01-12/h5ad/GeneFull/Homo_sapiens/SRX8349950.h5ad,arc-institute-virtual-cell-atlas/scbasecount/2026-01-12/h5ad/GeneFull/Homo_sapiens/SRX8349950.h5ad,,2026-07-30 14:53:15,OSError: Project was not passed and could not be determined from the environment.
858/1048,SRX8349963,failed,gs://arc-institute-virtual-cell-atlas/scbasecount/2026-01-12/h5ad/GeneFull/Homo_sapiens/SRX8349963.h5ad,arc-institute-virtual-cell-atlas/scbasecount/2026-01-12/h5ad/GeneFull/Homo_sapiens/SRX8349963.h5ad,,2026-07-30 14:53:15,OSError: Project was not passed and could not be determined from the environment.
859/1048,SRX8349967,failed,gs://arc-institute-virtual-cell-atlas/scbasecount/2026-01-12/h5ad/GeneFull/Homo_sapiens/SRX8349967.h5ad,arc-institute-virtual-cell-atlas/scbasecount/2026-01-12/h5ad/GeneFull/Homo_sapiens/SRX8349967.h5ad,,2026-07-30 14:53:15,OSError: Project was not passed and could not be determined from the environment.
860/1048,SRX8349964,failed,gs://arc-institute-virtual-cell-atlas/scbasecount/2026-01-12/h5ad/GeneFull/Homo_sapiens/SRX8349964.h5ad,arc-institute-virtual-cell-atlas/scbasecount/2026-01-12/h5ad/GeneFull/Homo_sapiens/SRX8349964.h5ad,,2026-07-30 14:53:15,OSError: Project was not passed and could not be determined from the environment.
861/1048,SRX8349955,failed,gs://arc-institute-virtual-cell-atlas/scbasecount/2026-01-12/h5ad/GeneFull/Homo_sapiens/SRX8349955.h5ad,arc-institute-virtual-cell-atlas/scbasecount/2026-01-12/h5ad/GeneFull/Homo_sapiens/SRX8349955.h5ad,,2026-07-30 14:53:15,OSError: Project was not passed and could not be determined from the environment.
862/1048,SRX8349960,failed,gs://arc-institute-virtual-cell-atlas/scbasecount/2026-01-12/h5ad/GeneFull/Homo_sapiens/SRX8349960.h5ad,arc-institute-virtual-cell-atlas/scbasecount/2026-01-12/h5ad/GeneFull/Homo_sapiens/SRX8349960.h5ad,,2026-07-30 14:53:15,OSError: Project was not passed and could not be determined from the environment.
863/1048,SRX8349968,failed,gs://arc-institute-virtual-cell-atlas/scbasecount/2026-01-12/h5ad/GeneFull/Homo_sapiens/SRX8349968.h5ad,arc-institute-virtual-cell-atlas/scbasecount/2026-01-12/h5ad/GeneFull/Homo_sapiens/SRX8349968.h5ad,,2026-07-30 14:53:15,OSError: Project was not passed and could not be determined from the environment.
864/1048,SRX8353570,failed,gs://arc-institute-virtual-cell-atlas/scbasecount/2026-01-12/h5ad/GeneFull/Homo_sapiens/SRX8353570.h5ad,arc-institute-virtual-cell-atlas/scbasecount/2026-01-12/h5ad/GeneFull/Homo_sapiens/SRX8353570.h5ad,,2026-07-30 14:53:15,OSError: Project was not passed and could not be determined from the environment.
865/1048,SRX8349972,failed,gs://arc-institute-virtual-cell-atlas/scbasecount/2026-01-12/h5ad/GeneFull/Homo_sapiens/SRX8349972.h5ad,arc-institute-virtual-cell-atlas/scbasecount/2026-01-12/h5ad/GeneFull/Homo_sapiens/SRX8349972.h5ad,,2026-07-30 14:53:15,OSError: Project was not passed and could not be determined from the environment.
866/1048,SRX8353567,failed,gs://arc-institute-virtual-cell-atlas/scbasecount/2026-01-12/h5ad/GeneFull/Homo_sapiens/SRX8353567.h5ad,arc-institute-virtual-cell-atlas/scbasecount/2026-01-12/h5ad/GeneFull/Homo_sapiens/SRX8353567.h5ad,,2026-07-30 14:53:15,OSError: Project was not passed and could not be determined from the environment.
867/1048,SRX7347524,failed,gs://arc-institute-virtual-cell-atlas/scbasecount/2026-01-12/h5ad/GeneFull/Homo_sapiens/SRX7347524.h5ad,arc-institute-virtual-cell-atlas/scbasecount/2026-01-12/h5ad/GeneFull/Homo_sapiens/SRX7347524.h5ad,,2026-07-30 14:53:15,OSError: Project was not passed and could not be determined from the environment.
868/1048,SRX7347523,failed,gs://arc-institute-virtual-cell-atlas/scbasecount/2026-01-12/h5ad/GeneFull/Homo_sapiens/SRX7347523.h5ad,arc-institute-virtual-cell-atlas/scbasecount/2026-01-12/h5ad/GeneFull/Homo_sapiens/SRX7347523.h5ad,,2026-07-30 14:53:15,OSError: Project was not passed and could not be determined from the environment.
869/1048,SRX7347525,failed,gs://arc-institute-virtual-cell-atlas/scbasecount/2026-01-12/h5ad/GeneFull/Homo_sapiens/SRX7347525.h5ad,arc-institute-virtual-cell-atlas/scbasecount/2026-01-12/h5ad/GeneFull/Homo_sapiens/SRX7347525.h5ad,,2026-07-30 14:53:15,OSError: Project was not passed and could not be determined from the environment.
870/1048,SRX6812456,failed,gs://arc-institute-virtual-cell-atlas/scbasecount/2026-01-12/h5ad/GeneFull/Homo_sapiens/SRX6812456.h5ad,arc-institute-virtual-cell-atlas/scbasecount/2026-01-12/h5ad/GeneFull/Homo_sapiens/SRX6812456.h5ad,,2026-07-30 14:53:15,OSError: Project was not passed and could not be determined from the environment.
871/1048,ERX12558782,failed,gs://arc-institute-virtual-cell-atlas/scbasecount/2026-01-12/h5ad/GeneFull/Homo_sapiens/ERX12558782.h5ad,arc-institute-virtual-cell-atlas/scbasecount/2026-01-12/h5ad/GeneFull/Homo_sapiens/ERX12558782.h5ad,,2026-07-30 14:53:15,OSError: Project was not passed and could not be determined from the environment.
872/1048,ERX9138787,failed,gs://arc-institute-virtual-cell-atlas/scbasecount/2026-01-12/h5ad/GeneFull/Homo_sapiens/ERX9138787.h5ad,arc-institute-virtual-cell-atlas/scbasecount/2026-01-12/h5ad/GeneFull/Homo_sapiens/ERX9138787.h5ad,,2026-07-30 14:53:15,OSError: Project was not passed and could not be determined from the environment.
873/1048,ERX12558795,failed,gs://arc-institute-virtual-cell-atlas/scbasecount/2026-01-12/h5ad/GeneFull/Homo_sapiens/ERX12558795.h5ad,arc-institute-virtual-cell-atlas/scbasecount/2026-01-12/h5ad/GeneFull/Homo_sapiens/ERX12558795.h5ad,,2026-07-30 14:53:15,OSError: Project was not passed and could not be determined from the environment.
874/1048,ERX9138805,failed,gs://arc-institute-virtual-cell-atlas/scbasecount/2026-01-12/h5ad/GeneFull/Homo_sapiens/ERX9138805.h5ad,arc-institute-virtual-cell-atlas/scbasecount/2026-01-12/h5ad/GeneFull/Homo_sapiens/ERX9138805.h5ad,,2026-07-30 14:53:15,OSError: Project was not passed and could not be determined from the environment.
875/1048,ERX9138738,failed,gs://arc-institute-virtual-cell-atlas/scbasecount/2026-01-12/h5ad/GeneFull/Homo_sapiens/ERX9138738.h5ad,arc-institute-virtual-cell-atlas/scbasecount/2026-01-12/h5ad/GeneFull/Homo_sapiens/ERX9138738.h5ad,,2026-07-30 14:53:15,OSError: Project was not passed and could not be determined from the environment.
876/1048,SRX5329388,failed,gs://arc-institute-virtual-cell-atlas/scbasecount/2026-01-12/h5ad/GeneFull/Homo_sapiens/SRX5329388.h5ad,arc-institute-virtual-cell-atlas/scbasecount/2026-01-12/h5ad/GeneFull/Homo_sapiens/SRX5329388.h5ad,,2026-07-30 14:53:15,OSError: Project was not passed and could not be determined from the environment.
877/1048,ERX12558776,failed,gs://arc-institute-virtual-cell-atlas/scbasecount/2026-01-12/h5ad/GeneFull/Homo_sapiens/ERX12558776.h5ad,arc-institute-virtual-cell-atlas/scbasecount/2026-01-12/h5ad/GeneFull/Homo_sapiens/ERX12558776.h5ad,,2026-07-30 14:53:15,OSError: Project was not passed and could not be determined from the environment.
878/1048,ERX9138871,failed,gs://arc-institute-virtual-cell-atlas/scbasecount/2026-01-12/h5ad/GeneFull/Homo_sapiens/ERX9138871.h5ad,arc-institute-virtual-cell-atlas/scbasecount/2026-01-12/h5ad/GeneFull/Homo_sapiens/ERX9138871.h5ad,,2026-07-30 14:53:15,OSError: Project was not passed and could not be determined from the environment.
879/1048,ERX9138867,failed,gs://arc-institute-virtual-cell-atlas/scbasecount/2026-01-12/h5ad/GeneFull/Homo_sapiens/ERX9138867.h5ad,arc-institute-virtual-cell-atlas/scbasecount/2026-01-12/h5ad/GeneFull/Homo_sapiens/ERX9138867.h5ad,,2026-07-30 14:53:15,OSError: Project was not passed and could not be determined from the environment.
880/1048,SRX11169657,failed,gs://arc-institute-virtual-cell-atlas/scbasecount/2026-01-12/h5ad/GeneFull/Homo_sapiens/SRX11169657.h5ad,arc-institute-virtual-cell-atlas/scbasecount/2026-01-12/h5ad/GeneFull/Homo_sapiens/SRX11169657.h5ad,,2026-07-30 14:53:15,OSError: Project was not passed and could not be determined from the environment.
881/1048,ERX12558793,failed,gs://arc-institute-virtual-cell-atlas/scbasecount/2026-01-12/h5ad/GeneFull/Homo_sapiens/ERX12558793.h5ad,arc-institute-virtual-cell-atlas/scbasecount/2026-01-12/h5ad/GeneFull/Homo_sapiens/ERX12558793.h5ad,,2026-07-30 14:53:15,OSError: Project was not passed and could not be determined from the environment.
882/1048,ERX9138888,failed,gs://arc-institute-virtual-cell-atlas/scbasecount/2026-01-12/h5ad/GeneFull/Homo_sapiens/ERX9138888.h5ad,arc-institute-virtual-cell-atlas/scbasecount/2026-01-12/h5ad/GeneFull/Homo_sapiens/ERX9138888.h5ad,,2026-07-30 14:53:15,OSError: Project was not passed and could not be determined from the environment.
883/1048,ERX9138869,failed,gs://arc-institute-virtual-cell-atlas/scbasecount/2026-01-12/h5ad/GeneFull/Homo_sapiens/ERX9138869.h5ad,arc-institute-virtual-cell-atlas/scbasecount/2026-01-12/h5ad/GeneFull/Homo_sapiens/ERX9138869.h5ad,,2026-07-30 14:53:15,OSError: Project was not passed and could not be determined from the environment.
884/1048,ERX9138862,failed,gs://arc-institute-virtual-cell-atlas/scbasecount/2026-01-12/h5ad/GeneFull/Homo_sapiens/ERX9138862.h5ad,arc-institute-virtual-cell-atlas/scbasecount/2026-01-12/h5ad/GeneFull/Homo_sapiens/ERX9138862.h5ad,,2026-07-30 14:53:15,OSError: Project was not passed and could not be determined from the environment.
885/1048,ERX9138845,failed,gs://arc-institute-virtual-cell-atlas/scbasecount/2026-01-12/h5ad/GeneFull/Homo_sapiens/ERX9138845.h5ad,arc-institute-virtual-cell-atlas/scbasecount/2026-01-12/h5ad/GeneFull/Homo_sapiens/ERX9138845.h5ad,,2026-07-30 14:53:15,OSError: Project was not passed and could not be determined from the environment.
886/1048,ERX9138808,failed,gs://arc-institute-virtual-cell-atlas/scbasecount/2026-01-12/h5ad/GeneFull/Homo_sapiens/ERX9138808.h5ad,arc-institute-virtual-cell-atlas/scbasecount/2026-01-12/h5ad/GeneFull/Homo_sapiens/ERX9138808.h5ad,,2026-07-30 14:53:15,OSError: Project was not passed and could not be determined from the environment.
887/1048,ERX12558773,failed,gs://arc-institute-virtual-cell-atlas/scbasecount/2026-01-12/h5ad/GeneFull/Homo_sapiens/ERX12558773.h5ad,arc-institute-virtual-cell-atlas/scbasecount/2026-01-12/h5ad/GeneFull/Homo_sapiens/ERX12558773.h5ad,,2026-07-30 14:53:15,OSError: Project was not passed and could not be determined from the environment.
888/1048,ERX12558765,failed,gs://arc-institute-virtual-cell-atlas/scbasecount/2026-01-12/h5ad/GeneFull/Homo_sapiens/ERX12558765.h5ad,arc-institute-virtual-cell-atlas/scbasecount/2026-01-12/h5ad/GeneFull/Homo_sapiens/ERX12558765.h5ad,,2026-07-30 14:53:15,OSError: Project was not passed and could not be determined from the environment.
889/1048,ERX9138798,failed,gs://arc-institute-virtual-cell-atlas/scbasecount/2026-01-12/h5ad/GeneFull/Homo_sapiens/ERX9138798.h5ad,arc-institute-virtual-cell-atlas/scbasecount/2026-01-12/h5ad/GeneFull/Homo_sapiens/ERX9138798.h5ad,,2026-07-30 14:53:15,OSError: Project was not passed and could not be determined from the environment.
890/1048,ERX9138761,failed,gs://arc-institute-virtual-cell-atlas/scbasecount/2026-01-12/h5ad/GeneFull/Homo_sapiens/ERX9138761.h5ad,arc-institute-virtual-cell-atlas/scbasecount/2026-01-12/h5ad/GeneFull/Homo_sapiens/ERX9138761.h5ad,,2026-07-30 14:53:15,OSError: Project was not passed and could not be determined from the environment.
891/1048,SRX7347526,failed,gs://arc-institute-virtual-cell-atlas/scbasecount/2026-01-12/h5ad/GeneFull/Homo_sapiens/SRX7347526.h5ad,arc-institute-virtual-cell-atlas/scbasecount/2026-01-12/h5ad/GeneFull/Homo_sapiens/SRX7347526.h5ad,,2026-07-30 14:53:15,OSError: Project was not passed and could not be determined from the environment.
892/1048,ERX12558780,failed,gs://arc-institute-virtual-cell-atlas/scbasecount/2026-01-12/h5ad/GeneFull/Homo_sapiens/ERX12558780.h5ad,arc-institute-virtual-cell-atlas/scbasecount/2026-01-12/h5ad/GeneFull/Homo_sapiens/ERX12558780.h5ad,,2026-07-30 14:53:15,OSError: Project was not passed and could not be determined from the environment.
893/1048,SRX5329391,failed,gs://arc-institute-virtual-cell-atlas/scbasecount/2026-01-12/h5ad/GeneFull/Homo_sapiens/SRX5329391.h5ad,arc-institute-virtual-cell-atlas/scbasecount/2026-01-12/h5ad/GeneFull/Homo_sapiens/SRX5329391.h5ad,,2026-07-30 14:53:15,OSError: Project was not passed and could not be determined from the environment.
894/1048,SRX7347533,failed,gs://arc-institute-virtual-cell-atlas/scbasecount/2026-01-12/h5ad/GeneFull/Homo_sapiens/SRX7347533.h5ad,arc-institute-virtual-cell-atlas/scbasecount/2026-01-12/h5ad/GeneFull/Homo_sapiens/SRX7347533.h5ad,,2026-07-30 14:53:15,OSError: Project was not passed and could not be determined from the environment.
895/1048,ERX9138903,failed,gs://arc-institute-virtual-cell-atlas/scbasecount/2026-01-12/h5ad/GeneFull/Homo_sapiens/ERX9138903.h5ad,arc-institute-virtual-cell-atlas/scbasecount/2026-01-12/h5ad/GeneFull/Homo_sapiens/ERX9138903.h5ad,,2026-07-30 14:53:15,OSError: Project was not passed and could not be determined from the environment.
896/1048,ERX9138803,failed,gs://arc-institute-virtual-cell-atlas/scbasecount/2026-01-12/h5ad/GeneFull/Homo_sapiens/ERX9138803.h5ad,arc-institute-virtual-cell-atlas/scbasecount/2026-01-12/h5ad/GeneFull/Homo_sapiens/ERX9138803.h5ad,,2026-07-30 14:53:15,OSError: Project was not passed and could not be determined from the environment.
897/1048,ERX9138847,failed,gs://arc-institute-virtual-cell-atlas/scbasecount/2026-01-12/h5ad/GeneFull/Homo_sapiens/ERX9138847.h5ad,arc-institute-virtual-cell-atlas/scbasecount/2026-01-12/h5ad/GeneFull/Homo_sapiens/ERX9138847.h5ad,,2026-07-30 14:53:15,OSError: Project was not passed and could not be determined from the environment.
898/1048,ERX12558785,failed,gs://arc-institute-virtual-cell-atlas/scbasecount/2026-01-12/h5ad/GeneFull/Homo_sapiens/ERX12558785.h5ad,arc-institute-virtual-cell-atlas/scbasecount/2026-01-12/h5ad/GeneFull/Homo_sapiens/ERX12558785.h5ad,,2026-07-30 14:53:15,OSError: Project was not passed and could not be determined from the environment.
899/1048,ERX9138865,failed,gs://arc-institute-virtual-cell-atlas/scbasecount/2026-01-12/h5ad/GeneFull/Homo_sapiens/ERX9138865.h5ad,arc-institute-virtual-cell-atlas/scbasecount/2026-01-12/h5ad/GeneFull/Homo_sapiens/ERX9138865.h5ad,,2026-07-30 14:53:15,OSError: Project was not passed and could not be determined from the environment.
900/1048,ERX9138832,failed,gs://arc-institute-virtual-cell-atlas/scbasecount/2026-01-12/h5ad/GeneFull/Homo_sapiens/ERX9138832.h5ad,arc-institute-virtual-cell-atlas/scbasecount/2026-01-12/h5ad/GeneFull/Homo_sapiens/ERX9138832.h5ad,,2026-07-30 14:53:15,OSError: Project was not passed and could not be determined from the environment.
901/1048,ERX9138778,failed,gs://arc-institute-virtual-cell-atlas/scbasecount/2026-01-12/h5ad/GeneFull/Homo_sapiens/ERX9138778.h5ad,arc-institute-virtual-cell-atlas/scbasecount/2026-01-12/h5ad/GeneFull/Homo_sapiens/ERX9138778.h5ad,,2026-07-30 14:53:15,OSError: Project was not passed and could not be determined from the environment.
902/1048,ERX9138840,failed,gs://arc-institute-virtual-cell-atlas/scbasecount/2026-01-12/h5ad/GeneFull/Homo_sapiens/ERX9138840.h5ad,arc-institute-virtual-cell-atlas/scbasecount/2026-01-12/h5ad/GeneFull/Homo_sapiens/ERX9138840.h5ad,,2026-07-30 14:53:15,OSError: Project was not passed and could not be determined from the environment.
903/1048,ERX9138744,failed,gs://arc-institute-virtual-cell-atlas/scbasecount/2026-01-12/h5ad/GeneFull/Homo_sapiens/ERX9138744.h5ad,arc-institute-virtual-cell-atlas/scbasecount/2026-01-12/h5ad/GeneFull/Homo_sapiens/ERX9138744.h5ad,,2026-07-30 14:53:15,OSError: Project was not passed and could not be determined from the environment.
904/1048,SRX6726370,failed,gs://arc-institute-virtual-cell-atlas/scbasecount/2026-01-12/h5ad/GeneFull/Homo_sapiens/SRX6726370.h5ad,arc-institute-virtual-cell-atlas/scbasecount/2026-01-12/h5ad/GeneFull/Homo_sapiens/SRX6726370.h5ad,,2026-07-30 14:53:15,OSError: Project was not passed and could not be determined from the environment.
905/1048,ERX9138762,failed,gs://arc-institute-virtual-cell-atlas/scbasecount/2026-01-12/h5ad/GeneFull/Homo_sapiens/ERX9138762.h5ad,arc-institute-virtual-cell-atlas/scbasecount/2026-01-12/h5ad/GeneFull/Homo_sapiens/ERX9138762.h5ad,,2026-07-30 14:53:15,OSError: Project was not passed and could not be determined from the environment.
906/1048,SRX5329395,failed,gs://arc-institute-virtual-cell-atlas/scbasecount/2026-01-12/h5ad/GeneFull/Homo_sapiens/SRX5329395.h5ad,arc-institute-virtual-cell-atlas/scbasecount/2026-01-12/h5ad/GeneFull/Homo_sapiens/SRX5329395.h5ad,,2026-07-30 14:53:15,OSError: Project was not passed and could not be determined from the environment.
907/1048,ERX9138817,failed,gs://arc-institute-virtual-cell-atlas/scbasecount/2026-01-12/h5ad/GeneFull/Homo_sapiens/ERX9138817.h5ad,arc-institute-virtual-cell-atlas/scbasecount/2026-01-12/h5ad/GeneFull/Homo_sapiens/ERX9138817.h5ad,,2026-07-30 14:53:15,OSError: Project was not passed and could not be determined from the environment.
908/1048,ERX9138842,failed,gs://arc-institute-virtual-cell-atlas/scbasecount/2026-01-12/h5ad/GeneFull/Homo_sapiens/ERX9138842.h5ad,arc-institute-virtual-cell-atlas/scbasecount/2026-01-12/h5ad/GeneFull/Homo_sapiens/ERX9138842.h5ad,,2026-07-30 14:53:16,OSError: Project was not passed and could not be determined from the environment.
909/1048,ERX9138752,failed,gs://arc-institute-virtual-cell-atlas/scbasecount/2026-01-12/h5ad/GeneFull/Homo_sapiens/ERX9138752.h5ad,arc-institute-virtual-cell-atlas/scbasecount/2026-01-12/h5ad/GeneFull/Homo_sapiens/ERX9138752.h5ad,,2026-07-30 14:53:16,OSError: Project was not passed and could not be determined from the environment.
910/1048,ERX12558808,failed,gs://arc-institute-virtual-cell-atlas/scbasecount/2026-01-12/h5ad/GeneFull/Homo_sapiens/ERX12558808.h5ad,arc-institute-virtual-cell-atlas/scbasecount/2026-01-12/h5ad/GeneFull/Homo_sapiens/ERX12558808.h5ad,,2026-07-30 14:53:16,OSError: Project was not passed and could not be determined from the environment.
911/1048,SRX7347530,failed,gs://arc-institute-virtual-cell-atlas/scbasecount/2026-01-12/h5ad/GeneFull/Homo_sapiens/SRX7347530.h5ad,arc-institute-virtual-cell-atlas/scbasecount/2026-01-12/h5ad/GeneFull/Homo_sapiens/SRX7347530.h5ad,,2026-07-30 14:53:16,OSError: Project was not passed and could not be determined from the environment.
912/1048,ERX12558763,failed,gs://arc-institute-virtual-cell-atlas/scbasecount/2026-01-12/h5ad/GeneFull/Homo_sapiens/ERX12558763.h5ad,arc-institute-virtual-cell-atlas/scbasecount/2026-01-12/h5ad/GeneFull/Homo_sapiens/ERX12558763.h5ad,,2026-07-30 14:53:16,OSError: Project was not passed and could not be determined from the environment.
913/1048,SRX6726373,failed,gs://arc-institute-virtual-cell-atlas/scbasecount/2026-01-12/h5ad/GeneFull/Homo_sapiens/SRX6726373.h5ad,arc-institute-virtual-cell-atlas/scbasecount/2026-01-12/h5ad/GeneFull/Homo_sapiens/SRX6726373.h5ad,,2026-07-30 14:53:16,OSError: Project was not passed and could not be determined from the environment.
914/1048,ERX12558792,failed,gs://arc-institute-virtual-cell-atlas/scbasecount/2026-01-12/h5ad/GeneFull/Homo_sapiens/ERX12558792.h5ad,arc-institute-virtual-cell-atlas/scbasecount/2026-01-12/h5ad/GeneFull/Homo_sapiens/ERX12558792.h5ad,,2026-07-30 14:53:16,OSError: Project was not passed and could not be determined from the environment.
915/1048,ERX9138816,failed,gs://arc-institute-virtual-cell-atlas/scbasecount/2026-01-12/h5ad/GeneFull/Homo_sapiens/ERX9138816.h5ad,arc-institute-virtual-cell-atlas/scbasecount/2026-01-12/h5ad/GeneFull/Homo_sapiens/ERX9138816.h5ad,,2026-07-30 14:53:16,OSError: Project was not passed and could not be determined from the environment.
916/1048,ERX12558758,failed,gs://arc-institute-virtual-cell-atlas/scbasecount/2026-01-12/h5ad/GeneFull/Homo_sapiens/ERX12558758.h5ad,arc-institute-virtual-cell-atlas/scbasecount/2026-01-12/h5ad/GeneFull/Homo_sapiens/ERX12558758.h5ad,,2026-07-30 14:53:16,OSError: Project was not passed and could not be determined from the environment.
917/1048,ERX9138870,failed,gs://arc-institute-virtual-cell-atlas/scbasecount/2026-01-12/h5ad/GeneFull/Homo_sapiens/ERX9138870.h5ad,arc-institute-virtual-cell-atlas/scbasecount/2026-01-12/h5ad/GeneFull/Homo_sapiens/ERX9138870.h5ad,,2026-07-30 14:53:16,OSError: Project was not passed and could not be determined from the environment.
918/1048,ERX12558757,failed,gs://arc-institute-virtual-cell-atlas/scbasecount/2026-01-12/h5ad/GeneFull/Homo_sapiens/ERX12558757.h5ad,arc-institute-virtual-cell-atlas/scbasecount/2026-01-12/h5ad/GeneFull/Homo_sapiens/ERX12558757.h5ad,,2026-07-30 14:53:16,OSError: Project was not passed and could not be determined from the environment.
919/1048,ERX9138828,failed,gs://arc-institute-virtual-cell-atlas/scbasecount/2026-01-12/h5ad/GeneFull/Homo_sapiens/ERX9138828.h5ad,arc-institute-virtual-cell-atlas/scbasecount/2026-01-12/h5ad/GeneFull/Homo_sapiens/ERX9138828.h5ad,,2026-07-30 14:53:16,OSError: Project was not passed and could not be determined from the environment.
920/1048,ERX12558760,failed,gs://arc-institute-virtual-cell-atlas/scbasecount/2026-01-12/h5ad/GeneFull/Homo_sapiens/ERX12558760.h5ad,arc-institute-virtual-cell-atlas/scbasecount/2026-01-12/h5ad/GeneFull/Homo_sapiens/ERX12558760.h5ad,,2026-07-30 14:53:16,OSError: Project was not passed and could not be determined from the environment.
921/1048,ERX9138827,failed,gs://arc-institute-virtual-cell-atlas/scbasecount/2026-01-12/h5ad/GeneFull/Homo_sapiens/ERX9138827.h5ad,arc-institute-virtual-cell-atlas/scbasecount/2026-01-12/h5ad/GeneFull/Homo_sapiens/ERX9138827.h5ad,,2026-07-30 14:53:16,OSError: Project was not passed and could not be determined from the environment.
922/1048,SRX5329392,failed,gs://arc-institute-virtual-cell-atlas/scbasecount/2026-01-12/h5ad/GeneFull/Homo_sapiens/SRX5329392.h5ad,arc-institute-virtual-cell-atlas/scbasecount/2026-01-12/h5ad/GeneFull/Homo_sapiens/SRX5329392.h5ad,,2026-07-30 14:53:16,OSError: Project was not passed and could not be determined from the environment.
923/1048,SRX5329382,failed,gs://arc-institute-virtual-cell-atlas/scbasecount/2026-01-12/h5ad/GeneFull/Homo_sapiens/SRX5329382.h5ad,arc-institute-virtual-cell-atlas/scbasecount/2026-01-12/h5ad/GeneFull/Homo_sapiens/SRX5329382.h5ad,,2026-07-30 14:53:16,OSError: Project was not passed and could not be determined from the environment.
924/1048,ERX12558800,failed,gs://arc-institute-virtual-cell-atlas/scbasecount/2026-01-12/h5ad/GeneFull/Homo_sapiens/ERX12558800.h5ad,arc-institute-virtual-cell-atlas/scbasecount/2026-01-12/h5ad/GeneFull/Homo_sapiens/ERX12558800.h5ad,,2026-07-30 14:53:16,OSError: Project was not passed and could not be determined from the environment.
925/1048,ERX9138876,failed,gs://arc-institute-virtual-cell-atlas/scbasecount/2026-01-12/h5ad/GeneFull/Homo_sapiens/ERX9138876.h5ad,arc-institute-virtual-cell-atlas/scbasecount/2026-01-12/h5ad/GeneFull/Homo_sapiens/ERX9138876.h5ad,,2026-07-30 14:53:16,OSError: Project was not passed and could not be determined from the environment.
926/1048,SRX6726377,failed,gs://arc-institute-virtual-cell-atlas/scbasecount/2026-01-12/h5ad/GeneFull/Homo_sapiens/SRX6726377.h5ad,arc-institute-virtual-cell-atlas/scbasecount/2026-01-12/h5ad/GeneFull/Homo_sapiens/SRX6726377.h5ad,,2026-07-30 14:53:16,OSError: Project was not passed and could not be determined from the environment.
927/1048,ERX9138819,failed,gs://arc-institute-virtual-cell-atlas/scbasecount/2026-01-12/h5ad/GeneFull/Homo_sapiens/ERX9138819.h5ad,arc-institute-virtual-cell-atlas/scbasecount/2026-01-12/h5ad/GeneFull/Homo_sapiens/ERX9138819.h5ad,,2026-07-30 14:53:16,OSError: Project was not passed and could not be determined from the environment.
928/1048,ERX12558789,failed,gs://arc-institute-virtual-cell-atlas/scbasecount/2026-01-12/h5ad/GeneFull/Homo_sapiens/ERX12558789.h5ad,arc-institute-virtual-cell-atlas/scbasecount/2026-01-12/h5ad/GeneFull/Homo_sapiens/ERX12558789.h5ad,,2026-07-30 14:53:16,OSError: Project was not passed and could not be determined from the environment.
929/1048,ERX9138772,failed,gs://arc-institute-virtual-cell-atlas/scbasecount/2026-01-12/h5ad/GeneFull/Homo_sapiens/ERX9138772.h5ad,arc-institute-virtual-cell-atlas/scbasecount/2026-01-12/h5ad/GeneFull/Homo_sapiens/ERX9138772.h5ad,,2026-07-30 14:53:16,OSError: Project was not passed and could not be determined from the environment.
930/1048,ERX9138792,failed,gs://arc-institute-virtual-cell-atlas/scbasecount/2026-01-12/h5ad/GeneFull/Homo_sapiens/ERX9138792.h5ad,arc-institute-virtual-cell-atlas/scbasecount/2026-01-12/h5ad/GeneFull/Homo_sapiens/ERX9138792.h5ad,,2026-07-30 14:53:16,OSError: Project was not passed and could not be determined from the environment.
931/1048,ERX12558809,failed,gs://arc-institute-virtual-cell-atlas/scbasecount/2026-01-12/h5ad/GeneFull/Homo_sapiens/ERX12558809.h5ad,arc-institute-virtual-cell-atlas/scbasecount/2026-01-12/h5ad/GeneFull/Homo_sapiens/ERX12558809.h5ad,,2026-07-30 14:53:16,OSError: Project was not passed and could not be determined from the environment.
932/1048,ERX9138799,failed,gs://arc-institute-virtual-cell-atlas/scbasecount/2026-01-12/h5ad/GeneFull/Homo_sapiens/ERX9138799.h5ad,arc-institute-virtual-cell-atlas/scbasecount/2026-01-12/h5ad/GeneFull/Homo_sapiens/ERX9138799.h5ad,,2026-07-30 14:53:16,OSError: Project was not passed and could not be determined from the environment.
933/1048,SRX6726381,failed,gs://arc-institute-virtual-cell-atlas/scbasecount/2026-01-12/h5ad/GeneFull/Homo_sapiens/SRX6726381.h5ad,arc-institute-virtual-cell-atlas/scbasecount/2026-01-12/h5ad/GeneFull/Homo_sapiens/SRX6726381.h5ad,,2026-07-30 14:53:16,OSError: Project was not passed and could not be determined from the environment.
934/1048,ERX12558766,failed,gs://arc-institute-virtual-cell-atlas/scbasecount/2026-01-12/h5ad/GeneFull/Homo_sapiens/ERX12558766.h5ad,arc-institute-virtual-cell-atlas/scbasecount/2026-01-12/h5ad/GeneFull/Homo_sapiens/ERX12558766.h5ad,,2026-07-30 14:53:16,OSError: Project was not passed and could not be determined from the environment.
935/1048,SRX7347529,failed,gs://arc-institute-virtual-cell-atlas/scbasecount/2026-01-12/h5ad/GeneFull/Homo_sapiens/SRX7347529.h5ad,arc-institute-virtual-cell-atlas/scbasecount/2026-01-12/h5ad/GeneFull/Homo_sapiens/SRX7347529.h5ad,,2026-07-30 14:53:16,OSError: Project was not passed and could not be determined from the environment.
936/1048,ERX9138797,failed,gs://arc-institute-virtual-cell-atlas/scbasecount/2026-01-12/h5ad/GeneFull/Homo_sapiens/ERX9138797.h5ad,arc-institute-virtual-cell-atlas/scbasecount/2026-01-12/h5ad/GeneFull/Homo_sapiens/ERX9138797.h5ad,,2026-07-30 14:53:16,OSError: Project was not passed and could not be determined from the environment.
937/1048,ERX9138746,failed,gs://arc-institute-virtual-cell-atlas/scbasecount/2026-01-12/h5ad/GeneFull/Homo_sapiens/ERX9138746.h5ad,arc-institute-virtual-cell-atlas/scbasecount/2026-01-12/h5ad/GeneFull/Homo_sapiens/ERX9138746.h5ad,,2026-07-30 14:53:16,OSError: Project was not passed and could not be determined from the environment.
938/1048,SRX7347534,failed,gs://arc-institute-virtual-cell-atlas/scbasecount/2026-01-12/h5ad/GeneFull/Homo_sapiens/SRX7347534.h5ad,arc-institute-virtual-cell-atlas/scbasecount/2026-01-12/h5ad/GeneFull/Homo_sapiens/SRX7347534.h5ad,,2026-07-30 14:53:16,OSError: Project was not passed and could not be determined from the environment.
939/1048,ERX12558799,failed,gs://arc-institute-virtual-cell-atlas/scbasecount/2026-01-12/h5ad/GeneFull/Homo_sapiens/ERX12558799.h5ad,arc-institute-virtual-cell-atlas/scbasecount/2026-01-12/h5ad/GeneFull/Homo_sapiens/ERX12558799.h5ad,,2026-07-30 14:53:16,OSError: Project was not passed and could not be determined from the environment.
940/1048,ERX9138810,failed,gs://arc-institute-virtual-cell-atlas/scbasecount/2026-01-12/h5ad/GeneFull/Homo_sapiens/ERX9138810.h5ad,arc-institute-virtual-cell-atlas/scbasecount/2026-01-12/h5ad/GeneFull/Homo_sapiens/ERX9138810.h5ad,,2026-07-30 14:53:16,OSError: Project was not passed and could not be determined from the environment.
941/1048,SRX7347527,failed,gs://arc-institute-virtual-cell-atlas/scbasecount/2026-01-12/h5ad/GeneFull/Homo_sapiens/SRX7347527.h5ad,arc-institute-virtual-cell-atlas/scbasecount/2026-01-12/h5ad/GeneFull/Homo_sapiens/SRX7347527.h5ad,,2026-07-30 14:53:16,OSError: Project was not passed and could not be determined from the environment.
942/1048,ERX9138739,failed,gs://arc-institute-virtual-cell-atlas/scbasecount/2026-01-12/h5ad/GeneFull/Homo_sapiens/ERX9138739.h5ad,arc-institute-virtual-cell-atlas/scbasecount/2026-01-12/h5ad/GeneFull/Homo_sapiens/ERX9138739.h5ad,,2026-07-30 14:53:16,OSError: Project was not passed and could not be determined from the environment.
943/1048,ERX9138782,failed,gs://arc-institute-virtual-cell-atlas/scbasecount/2026-01-12/h5ad/GeneFull/Homo_sapiens/ERX9138782.h5ad,arc-institute-virtual-cell-atlas/scbasecount/2026-01-12/h5ad/GeneFull/Homo_sapiens/ERX9138782.h5ad,,2026-07-30 14:53:16,OSError: Project was not passed and could not be determined from the environment.
944/1048,ERX9138785,failed,gs://arc-institute-virtual-cell-atlas/scbasecount/2026-01-12/h5ad/GeneFull/Homo_sapiens/ERX9138785.h5ad,arc-institute-virtual-cell-atlas/scbasecount/2026-01-12/h5ad/GeneFull/Homo_sapiens/ERX9138785.h5ad,,2026-07-30 14:53:16,OSError: Project was not passed and could not be determined from the environment.
945/1048,ERX9138833,failed,gs://arc-institute-virtual-cell-atlas/scbasecount/2026-01-12/h5ad/GeneFull/Homo_sapiens/ERX9138833.h5ad,arc-institute-virtual-cell-atlas/scbasecount/2026-01-12/h5ad/GeneFull/Homo_sapiens/ERX9138833.h5ad,,2026-07-30 14:53:16,OSError: Project was not passed and could not be determined from the environment.
946/1048,ERX12558774,failed,gs://arc-institute-virtual-cell-atlas/scbasecount/2026-01-12/h5ad/GeneFull/Homo_sapiens/ERX12558774.h5ad,arc-institute-virtual-cell-atlas/scbasecount/2026-01-12/h5ad/GeneFull/Homo_sapiens/ERX12558774.h5ad,,2026-07-30 14:53:16,OSError: Project was not passed and could not be determined from the environment.
947/1048,ERX9138768,failed,gs://arc-institute-virtual-cell-atlas/scbasecount/2026-01-12/h5ad/GeneFull/Homo_sapiens/ERX9138768.h5ad,arc-institute-virtual-cell-atlas/scbasecount/2026-01-12/h5ad/GeneFull/Homo_sapiens/ERX9138768.h5ad,,2026-07-30 14:53:16,OSError: Project was not passed and could not be determined from the environment.
948/1048,SRX6726376,failed,gs://arc-institute-virtual-cell-atlas/scbasecount/2026-01-12/h5ad/GeneFull/Homo_sapiens/SRX6726376.h5ad,arc-institute-virtual-cell-atlas/scbasecount/2026-01-12/h5ad/GeneFull/Homo_sapiens/SRX6726376.h5ad,,2026-07-30 14:53:16,OSError: Project was not passed and could not be determined from the environment.
949/1048,ERX9138875,failed,gs://arc-institute-virtual-cell-atlas/scbasecount/2026-01-12/h5ad/GeneFull/Homo_sapiens/ERX9138875.h5ad,arc-institute-virtual-cell-atlas/scbasecount/2026-01-12/h5ad/GeneFull/Homo_sapiens/ERX9138875.h5ad,,2026-07-30 14:53:16,OSError: Project was not passed and could not be determined from the environment.
950/1048,ERX9138897,failed,gs://arc-institute-virtual-cell-atlas/scbasecount/2026-01-12/h5ad/GeneFull/Homo_sapiens/ERX9138897.h5ad,arc-institute-virtual-cell-atlas/scbasecount/2026-01-12/h5ad/GeneFull/Homo_sapiens/ERX9138897.h5ad,,2026-07-30 14:53:16,OSError: Project was not passed and could not be determined from the environment.
951/1048,ERX12558772,failed,gs://arc-institute-virtual-cell-atlas/scbasecount/2026-01-12/h5ad/GeneFull/Homo_sapiens/ERX12558772.h5ad,arc-institute-virtual-cell-atlas/scbasecount/2026-01-12/h5ad/GeneFull/Homo_sapiens/ERX12558772.h5ad,,2026-07-30 14:53:16,OSError: Project was not passed and could not be determined from the environment.
952/1048,ERX9138854,failed,gs://arc-institute-virtual-cell-atlas/scbasecount/2026-01-12/h5ad/GeneFull/Homo_sapiens/ERX9138854.h5ad,arc-institute-virtual-cell-atlas/scbasecount/2026-01-12/h5ad/GeneFull/Homo_sapiens/ERX9138854.h5ad,,2026-07-30 14:53:16,OSError: Project was not passed and could not be determined from the environment.
953/1048,SRX6726396,failed,gs://arc-institute-virtual-cell-atlas/scbasecount/2026-01-12/h5ad/GeneFull/Homo_sapiens/SRX6726396.h5ad,arc-institute-virtual-cell-atlas/scbasecount/2026-01-12/h5ad/GeneFull/Homo_sapiens/SRX6726396.h5ad,,2026-07-30 14:53:16,OSError: Project was not passed and could not be determined from the environment.
954/1048,ERX9138773,failed,gs://arc-institute-virtual-cell-atlas/scbasecount/2026-01-12/h5ad/GeneFull/Homo_sapiens/ERX9138773.h5ad,arc-institute-virtual-cell-atlas/scbasecount/2026-01-12/h5ad/GeneFull/Homo_sapiens/ERX9138773.h5ad,,2026-07-30 14:53:16,OSError: Project was not passed and could not be determined from the environment.
955/1048,ERX9138863,failed,gs://arc-institute-virtual-cell-atlas/scbasecount/2026-01-12/h5ad/GeneFull/Homo_sapiens/ERX9138863.h5ad,arc-institute-virtual-cell-atlas/scbasecount/2026-01-12/h5ad/GeneFull/Homo_sapiens/ERX9138863.h5ad,,2026-07-30 14:53:16,OSError: Project was not passed and could not be determined from the environment.
956/1048,ERX12558784,failed,gs://arc-institute-virtual-cell-atlas/scbasecount/2026-01-12/h5ad/GeneFull/Homo_sapiens/ERX12558784.h5ad,arc-institute-virtual-cell-atlas/scbasecount/2026-01-12/h5ad/GeneFull/Homo_sapiens/ERX12558784.h5ad,,2026-07-30 14:53:16,OSError: Project was not passed and could not be determined from the environment.
957/1048,ERX9138763,failed,gs://arc-institute-virtual-cell-atlas/scbasecount/2026-01-12/h5ad/GeneFull/Homo_sapiens/ERX9138763.h5ad,arc-institute-virtual-cell-atlas/scbasecount/2026-01-12/h5ad/GeneFull/Homo_sapiens/ERX9138763.h5ad,,2026-07-30 14:53:16,OSError: Project was not passed and could not be determined from the environment.
958/1048,ERX9138769,failed,gs://arc-institute-virtual-cell-atlas/scbasecount/2026-01-12/h5ad/GeneFull/Homo_sapiens/ERX9138769.h5ad,arc-institute-virtual-cell-atlas/scbasecount/2026-01-12/h5ad/GeneFull/Homo_sapiens/ERX9138769.h5ad,,2026-07-30 14:53:16,OSError: Project was not passed and could not be determined from the environment.
959/1048,ERX12558815,failed,gs://arc-institute-virtual-cell-atlas/scbasecount/2026-01-12/h5ad/GeneFull/Homo_sapiens/ERX12558815.h5ad,arc-institute-virtual-cell-atlas/scbasecount/2026-01-12/h5ad/GeneFull/Homo_sapiens/ERX12558815.h5ad,,2026-07-30 14:53:16,OSError: Project was not passed and could not be determined from the environment.
960/1048,ERX9138824,failed,gs://arc-institute-virtual-cell-atlas/scbasecount/2026-01-12/h5ad/GeneFull/Homo_sapiens/ERX9138824.h5ad,arc-institute-virtual-cell-atlas/scbasecount/2026-01-12/h5ad/GeneFull/Homo_sapiens/ERX9138824.h5ad,,2026-07-30 14:53:16,OSError: Project was not passed and could not be determined from the environment.
961/1048,ERX12558777,failed,gs://arc-institute-virtual-cell-atlas/scbasecount/2026-01-12/h5ad/GeneFull/Homo_sapiens/ERX12558777.h5ad,arc-institute-virtual-cell-atlas/scbasecount/2026-01-12/h5ad/GeneFull/Homo_sapiens/ERX12558777.h5ad,,2026-07-30 14:53:16,OSError: Project was not passed and could not be determined from the environment.
962/1048,ERX9138892,failed,gs://arc-institute-virtual-cell-atlas/scbasecount/2026-01-12/h5ad/GeneFull/Homo_sapiens/ERX9138892.h5ad,arc-institute-virtual-cell-atlas/scbasecount/2026-01-12/h5ad/GeneFull/Homo_sapiens/ERX9138892.h5ad,,2026-07-30 14:53:16,OSError: Project was not passed and could not be determined from the environment.
963/1048,ERX9138873,failed,gs://arc-institute-virtual-cell-atlas/scbasecount/2026-01-12/h5ad/GeneFull/Homo_sapiens/ERX9138873.h5ad,arc-institute-virtual-cell-atlas/scbasecount/2026-01-12/h5ad/GeneFull/Homo_sapiens/ERX9138873.h5ad,,2026-07-30 14:53:16,OSError: Project was not passed and could not be determined from the environment.
964/1048,ERX9138822,failed,gs://arc-institute-virtual-cell-atlas/scbasecount/2026-01-12/h5ad/GeneFull/Homo_sapiens/ERX9138822.h5ad,arc-institute-virtual-cell-atlas/scbasecount/2026-01-12/h5ad/GeneFull/Homo_sapiens/ERX9138822.h5ad,,2026-07-30 14:53:16,OSError: Project was not passed and could not be determined from the environment.
965/1048,ERX9138856,failed,gs://arc-institute-virtual-cell-atlas/scbasecount/2026-01-12/h5ad/GeneFull/Homo_sapiens/ERX9138856.h5ad,arc-institute-virtual-cell-atlas/scbasecount/2026-01-12/h5ad/GeneFull/Homo_sapiens/ERX9138856.h5ad,,2026-07-30 14:53:16,OSError: Project was not passed and could not be determined from the environment.
966/1048,SRX7347537,failed,gs://arc-institute-virtual-cell-atlas/scbasecount/2026-01-12/h5ad/GeneFull/Homo_sapiens/SRX7347537.h5ad,arc-institute-virtual-cell-atlas/scbasecount/2026-01-12/h5ad/GeneFull/Homo_sapiens/SRX7347537.h5ad,,2026-07-30 14:53:16,OSError: Project was not passed and could not be determined from the environment.
967/1048,ERX12558779,failed,gs://arc-institute-virtual-cell-atlas/scbasecount/2026-01-12/h5ad/GeneFull/Homo_sapiens/ERX12558779.h5ad,arc-institute-virtual-cell-atlas/scbasecount/2026-01-12/h5ad/GeneFull/Homo_sapiens/ERX12558779.h5ad,,2026-07-30 14:53:16,OSError: Project was not passed and could not be determined from the environment.
968/1048,ERX9138804,failed,gs://arc-institute-virtual-cell-atlas/scbasecount/2026-01-12/h5ad/GeneFull/Homo_sapiens/ERX9138804.h5ad,arc-institute-virtual-cell-atlas/scbasecount/2026-01-12/h5ad/GeneFull/Homo_sapiens/ERX9138804.h5ad,,2026-07-30 14:53:16,OSError: Project was not passed and could not be determined from the environment.
969/1048,ERX9138757,failed,gs://arc-institute-virtual-cell-atlas/scbasecount/2026-01-12/h5ad/GeneFull/Homo_sapiens/ERX9138757.h5ad,arc-institute-virtual-cell-atlas/scbasecount/2026-01-12/h5ad/GeneFull/Homo_sapiens/ERX9138757.h5ad,,2026-07-30 14:53:16,OSError: Project was not passed and could not be determined from the environment.
970/1048,ERX9138800,failed,gs://arc-institute-virtual-cell-atlas/scbasecount/2026-01-12/h5ad/GeneFull/Homo_sapiens/ERX9138800.h5ad,arc-institute-virtual-cell-atlas/scbasecount/2026-01-12/h5ad/GeneFull/Homo_sapiens/ERX9138800.h5ad,,2026-07-30 14:53:16,OSError: Project was not passed and could not be determined from the environment.
971/1048,ERX9138751,failed,gs://arc-institute-virtual-cell-atlas/scbasecount/2026-01-12/h5ad/GeneFull/Homo_sapiens/ERX9138751.h5ad,arc-institute-virtual-cell-atlas/scbasecount/2026-01-12/h5ad/GeneFull/Homo_sapiens/ERX9138751.h5ad,,2026-07-30 14:53:16,OSError: Project was not passed and could not be determined from the environment.
972/1048,ERX12558764,failed,gs://arc-institute-virtual-cell-atlas/scbasecount/2026-01-12/h5ad/GeneFull/Homo_sapiens/ERX12558764.h5ad,arc-institute-virtual-cell-atlas/scbasecount/2026-01-12/h5ad/GeneFull/Homo_sapiens/ERX12558764.h5ad,,2026-07-30 14:53:16,OSError: Project was not passed and could not be determined from the environment.
973/1048,SRX5329389,failed,gs://arc-institute-virtual-cell-atlas/scbasecount/2026-01-12/h5ad/GeneFull/Homo_sapiens/SRX5329389.h5ad,arc-institute-virtual-cell-atlas/scbasecount/2026-01-12/h5ad/GeneFull/Homo_sapiens/SRX5329389.h5ad,,2026-07-30 14:53:16,OSError: Project was not passed and could not be determined from the environment.
974/1048,ERX12558798,failed,gs://arc-institute-virtual-cell-atlas/scbasecount/2026-01-12/h5ad/GeneFull/Homo_sapiens/ERX12558798.h5ad,arc-institute-virtual-cell-atlas/scbasecount/2026-01-12/h5ad/GeneFull/Homo_sapiens/ERX12558798.h5ad,,2026-07-30 14:53:16,OSError: Project was not passed and could not be determined from the environment.
975/1048,ERX9138790,failed,gs://arc-institute-virtual-cell-atlas/scbasecount/2026-01-12/h5ad/GeneFull/Homo_sapiens/ERX9138790.h5ad,arc-institute-virtual-cell-atlas/scbasecount/2026-01-12/h5ad/GeneFull/Homo_sapiens/ERX9138790.h5ad,,2026-07-30 14:53:16,OSError: Project was not passed and could not be determined from the environment.
976/1048,SRX6726388,failed,gs://arc-institute-virtual-cell-atlas/scbasecount/2026-01-12/h5ad/GeneFull/Homo_sapiens/SRX6726388.h5ad,arc-institute-virtual-cell-atlas/scbasecount/2026-01-12/h5ad/GeneFull/Homo_sapiens/SRX6726388.h5ad,,2026-07-30 14:53:16,OSError: Project was not passed and could not be determined from the environment.
977/1048,ERX12558810,failed,gs://arc-institute-virtual-cell-atlas/scbasecount/2026-01-12/h5ad/GeneFull/Homo_sapiens/ERX12558810.h5ad,arc-institute-virtual-cell-atlas/scbasecount/2026-01-12/h5ad/GeneFull/Homo_sapiens/ERX12558810.h5ad,,2026-07-30 14:53:16,OSError: Project was not passed and could not be determined from the environment.
978/1048,SRX6726392,failed,gs://arc-institute-virtual-cell-atlas/scbasecount/2026-01-12/h5ad/GeneFull/Homo_sapiens/SRX6726392.h5ad,arc-institute-virtual-cell-atlas/scbasecount/2026-01-12/h5ad/GeneFull/Homo_sapiens/SRX6726392.h5ad,,2026-07-30 14:53:16,OSError: Project was not passed and could not be determined from the environment.
979/1048,ERX9138750,failed,gs://arc-institute-virtual-cell-atlas/scbasecount/2026-01-12/h5ad/GeneFull/Homo_sapiens/ERX9138750.h5ad,arc-institute-virtual-cell-atlas/scbasecount/2026-01-12/h5ad/GeneFull/Homo_sapiens/ERX9138750.h5ad,,2026-07-30 14:53:16,OSError: Project was not passed and could not be determined from the environment.
980/1048,ERX9138789,failed,gs://arc-institute-virtual-cell-atlas/scbasecount/2026-01-12/h5ad/GeneFull/Homo_sapiens/ERX9138789.h5ad,arc-institute-virtual-cell-atlas/scbasecount/2026-01-12/h5ad/GeneFull/Homo_sapiens/ERX9138789.h5ad,,2026-07-30 14:53:16,OSError: Project was not passed and could not be determined from the environment.
981/1048,ERX12558762,failed,gs://arc-institute-virtual-cell-atlas/scbasecount/2026-01-12/h5ad/GeneFull/Homo_sapiens/ERX12558762.h5ad,arc-institute-virtual-cell-atlas/scbasecount/2026-01-12/h5ad/GeneFull/Homo_sapiens/ERX12558762.h5ad,,2026-07-30 14:53:16,OSError: Project was not passed and could not be determined from the environment.
982/1048,SRX6726393,failed,gs://arc-institute-virtual-cell-atlas/scbasecount/2026-01-12/h5ad/GeneFull/Homo_sapiens/SRX6726393.h5ad,arc-institute-virtual-cell-atlas/scbasecount/2026-01-12/h5ad/GeneFull/Homo_sapiens/SRX6726393.h5ad,,2026-07-30 14:53:16,OSError: Project was not passed and could not be determined from the environment.
983/1048,ERX12558794,failed,gs://arc-institute-virtual-cell-atlas/scbasecount/2026-01-12/h5ad/GeneFull/Homo_sapiens/ERX12558794.h5ad,arc-institute-virtual-cell-atlas/scbasecount/2026-01-12/h5ad/GeneFull/Homo_sapiens/ERX12558794.h5ad,,2026-07-30 14:53:16,OSError: Project was not passed and could not be determined from the environment.
984/1048,ERX9138861,failed,gs://arc-institute-virtual-cell-atlas/scbasecount/2026-01-12/h5ad/GeneFull/Homo_sapiens/ERX9138861.h5ad,arc-institute-virtual-cell-atlas/scbasecount/2026-01-12/h5ad/GeneFull/Homo_sapiens/ERX9138861.h5ad,,2026-07-30 14:53:16,OSError: Project was not passed and could not be determined from the environment.
985/1048,SRX11169659,failed,gs://arc-institute-virtual-cell-atlas/scbasecount/2026-01-12/h5ad/GeneFull/Homo_sapiens/SRX11169659.h5ad,arc-institute-virtual-cell-atlas/scbasecount/2026-01-12/h5ad/GeneFull/Homo_sapiens/SRX11169659.h5ad,,2026-07-30 14:53:16,OSError: Project was not passed and could not be determined from the environment.
986/1048,ERX9138793,failed,gs://arc-institute-virtual-cell-atlas/scbasecount/2026-01-12/h5ad/GeneFull/Homo_sapiens/ERX9138793.h5ad,arc-institute-virtual-cell-atlas/scbasecount/2026-01-12/h5ad/GeneFull/Homo_sapiens/ERX9138793.h5ad,,2026-07-30 14:53:16,OSError: Project was not passed and could not be determined from the environment.
987/1048,ERX9138826,failed,gs://arc-institute-virtual-cell-atlas/scbasecount/2026-01-12/h5ad/GeneFull/Homo_sapiens/ERX9138826.h5ad,arc-institute-virtual-cell-atlas/scbasecount/2026-01-12/h5ad/GeneFull/Homo_sapiens/ERX9138826.h5ad,,2026-07-30 14:53:16,OSError: Project was not passed and could not be determined from the environment.
988/1048,ERX12558787,failed,gs://arc-institute-virtual-cell-atlas/scbasecount/2026-01-12/h5ad/GeneFull/Homo_sapiens/ERX12558787.h5ad,arc-institute-virtual-cell-atlas/scbasecount/2026-01-12/h5ad/GeneFull/Homo_sapiens/ERX12558787.h5ad,,2026-07-30 14:53:16,OSError: Project was not passed and could not be determined from the environment.
989/1048,ERX9138779,failed,gs://arc-institute-virtual-cell-atlas/scbasecount/2026-01-12/h5ad/GeneFull/Homo_sapiens/ERX9138779.h5ad,arc-institute-virtual-cell-atlas/scbasecount/2026-01-12/h5ad/GeneFull/Homo_sapiens/ERX9138779.h5ad,,2026-07-30 14:53:16,OSError: Project was not passed and could not be determined from the environment.
990/1048,ERX9138839,failed,gs://arc-institute-virtual-cell-atlas/scbasecount/2026-01-12/h5ad/GeneFull/Homo_sapiens/ERX9138839.h5ad,arc-institute-virtual-cell-atlas/scbasecount/2026-01-12/h5ad/GeneFull/Homo_sapiens/ERX9138839.h5ad,,2026-07-30 14:53:16,OSError: Project was not passed and could not be determined from the environment.
991/1048,ERX9138764,failed,gs://arc-institute-virtual-cell-atlas/scbasecount/2026-01-12/h5ad/GeneFull/Homo_sapiens/ERX9138764.h5ad,arc-institute-virtual-cell-atlas/scbasecount/2026-01-12/h5ad/GeneFull/Homo_sapiens/ERX9138764.h5ad,,2026-07-30 14:53:16,OSError: Project was not passed and could not be determined from the environment.
992/1048,ERX9138887,failed,gs://arc-institute-virtual-cell-atlas/scbasecount/2026-01-12/h5ad/GeneFull/Homo_sapiens/ERX9138887.h5ad,arc-institute-virtual-cell-atlas/scbasecount/2026-01-12/h5ad/GeneFull/Homo_sapiens/ERX9138887.h5ad,,2026-07-30 14:53:16,OSError: Project was not passed and could not be determined from the environment.
993/1048,ERX9138811,failed,gs://arc-institute-virtual-cell-atlas/scbasecount/2026-01-12/h5ad/GeneFull/Homo_sapiens/ERX9138811.h5ad,arc-institute-virtual-cell-atlas/scbasecount/2026-01-12/h5ad/GeneFull/Homo_sapiens/ERX9138811.h5ad,,2026-07-30 14:53:16,OSError: Project was not passed and could not be determined from the environment.
994/1048,ERX9138883,failed,gs://arc-institute-virtual-cell-atlas/scbasecount/2026-01-12/h5ad/GeneFull/Homo_sapiens/ERX9138883.h5ad,arc-institute-virtual-cell-atlas/scbasecount/2026-01-12/h5ad/GeneFull/Homo_sapiens/ERX9138883.h5ad,,2026-07-30 14:53:16,OSError: Project was not passed and could not be determined from the environment.
995/1048,ERX9138771,failed,gs://arc-institute-virtual-cell-atlas/scbasecount/2026-01-12/h5ad/GeneFull/Homo_sapiens/ERX9138771.h5ad,arc-institute-virtual-cell-atlas/scbasecount/2026-01-12/h5ad/GeneFull/Homo_sapiens/ERX9138771.h5ad,,2026-07-30 14:53:16,OSError: Project was not passed and could not be determined from the environment.
996/1048,ERX9138758,failed,gs://arc-institute-virtual-cell-atlas/scbasecount/2026-01-12/h5ad/GeneFull/Homo_sapiens/ERX9138758.h5ad,arc-institute-virtual-cell-atlas/scbasecount/2026-01-12/h5ad/GeneFull/Homo_sapiens/ERX9138758.h5ad,,2026-07-30 14:53:16,OSError: Project was not passed and could not be determined from the environment.
997/1048,ERX9138745,failed,gs://arc-institute-virtual-cell-atlas/scbasecount/2026-01-12/h5ad/GeneFull/Homo_sapiens/ERX9138745.h5ad,arc-institute-virtual-cell-atlas/scbasecount/2026-01-12/h5ad/GeneFull/Homo_sapiens/ERX9138745.h5ad,,2026-07-30 14:53:16,OSError: Project was not passed and could not be determined from the environment.
998/1048,ERX9138880,failed,gs://arc-institute-virtual-cell-atlas/scbasecount/2026-01-12/h5ad/GeneFull/Homo_sapiens/ERX9138880.h5ad,arc-institute-virtual-cell-atlas/scbasecount/2026-01-12/h5ad/GeneFull/Homo_sapiens/ERX9138880.h5ad,,2026-07-30 14:53:16,OSError: Project was not passed and could not be determined from the environment.
999/1048,ERX9138848,failed,gs://arc-institute-virtual-cell-atlas/scbasecount/2026-01-12/h5ad/GeneFull/Homo_sapiens/ERX9138848.h5ad,arc-institute-virtual-cell-atlas/scbasecount/2026-01-12/h5ad/GeneFull/Homo_sapiens/ERX9138848.h5ad,,2026-07-30 14:53:16,OSError: Project was not passed and could not be determined from the environment.
1000/1048,ERX9138737,failed,gs://arc-institute-virtual-cell-atlas/scbasecount/2026-01-12/h5ad/GeneFull/Homo_sapiens/ERX9138737.h5ad,arc-institute-virtual-cell-atlas/scbasecount/2026-01-12/h5ad/GeneFull/Homo_sapiens/ERX9138737.h5ad,,2026-07-30 14:53:16,OSError: Project was not passed and could not be determined from the environment.
1001/1048,ERX9138877,failed,gs://arc-institute-virtual-cell-atlas/scbasecount/2026-01-12/h5ad/GeneFull/Homo_sapiens/ERX9138877.h5ad,arc-institute-virtual-cell-atlas/scbasecount/2026-01-12/h5ad/GeneFull/Homo_sapiens/ERX9138877.h5ad,,2026-07-30 14:53:16,OSError: Project was not passed and could not be determined from the environment.
1002/1048,ERX9138815,failed,gs://arc-institute-virtual-cell-atlas/scbasecount/2026-01-12/h5ad/GeneFull/Homo_sapiens/ERX9138815.h5ad,arc-institute-virtual-cell-atlas/scbasecount/2026-01-12/h5ad/GeneFull/Homo_sapiens/ERX9138815.h5ad,,2026-07-30 14:53:16,OSError: Project was not passed and could not be determined from the environment.
1003/1048,ERX12558791,failed,gs://arc-institute-virtual-cell-atlas/scbasecount/2026-01-12/h5ad/GeneFull/Homo_sapiens/ERX12558791.h5ad,arc-institute-virtual-cell-atlas/scbasecount/2026-01-12/h5ad/GeneFull/Homo_sapiens/ERX12558791.h5ad,,2026-07-30 14:53:16,OSError: Project was not passed and could not be determined from the environment.
1004/1048,ERX9138795,failed,gs://arc-institute-virtual-cell-atlas/scbasecount/2026-01-12/h5ad/GeneFull/Homo_sapiens/ERX9138795.h5ad,arc-institute-virtual-cell-atlas/scbasecount/2026-01-12/h5ad/GeneFull/Homo_sapiens/ERX9138795.h5ad,,2026-07-30 14:53:16,OSError: Project was not passed and could not be determined from the environment.
1005/1048,ERX9138866,failed,gs://arc-institute-virtual-cell-atlas/scbasecount/2026-01-12/h5ad/GeneFull/Homo_sapiens/ERX9138866.h5ad,arc-institute-virtual-cell-atlas/scbasecount/2026-01-12/h5ad/GeneFull/Homo_sapiens/ERX9138866.h5ad,,2026-07-30 14:53:16,OSError: Project was not passed and could not be determined from the environment.
1006/1048,SRX7347528,failed,gs://arc-institute-virtual-cell-atlas/scbasecount/2026-01-12/h5ad/GeneFull/Homo_sapiens/SRX7347528.h5ad,arc-institute-virtual-cell-atlas/scbasecount/2026-01-12/h5ad/GeneFull/Homo_sapiens/SRX7347528.h5ad,,2026-07-30 14:53:16,OSError: Project was not passed and could not be determined from the environment.
1007/1048,ERX12558781,failed,gs://arc-institute-virtual-cell-atlas/scbasecount/2026-01-12/h5ad/GeneFull/Homo_sapiens/ERX12558781.h5ad,arc-institute-virtual-cell-atlas/scbasecount/2026-01-12/h5ad/GeneFull/Homo_sapiens/ERX12558781.h5ad,,2026-07-30 14:53:16,OSError: Project was not passed and could not be determined from the environment.
1008/1048,ERX9138894,failed,gs://arc-institute-virtual-cell-atlas/scbasecount/2026-01-12/h5ad/GeneFull/Homo_sapiens/ERX9138894.h5ad,arc-institute-virtual-cell-atlas/scbasecount/2026-01-12/h5ad/GeneFull/Homo_sapiens/ERX9138894.h5ad,,2026-07-30 14:53:16,OSError: Project was not passed and could not be determined from the environment.
1009/1048,ERX9138743,failed,gs://arc-institute-virtual-cell-atlas/scbasecount/2026-01-12/h5ad/GeneFull/Homo_sapiens/ERX9138743.h5ad,arc-institute-virtual-cell-atlas/scbasecount/2026-01-12/h5ad/GeneFull/Homo_sapiens/ERX9138743.h5ad,,2026-07-30 14:53:16,OSError: Project was not passed and could not be determined from the environment.
1010/1048,ERX9138860,failed,gs://arc-institute-virtual-cell-atlas/scbasecount/2026-01-12/h5ad/GeneFull/Homo_sapiens/ERX9138860.h5ad,arc-institute-virtual-cell-atlas/scbasecount/2026-01-12/h5ad/GeneFull/Homo_sapiens/ERX9138860.h5ad,,2026-07-30 14:53:16,OSError: Project was not passed and could not be determined from the environment.
1011/1048,ERX9138786,failed,gs://arc-institute-virtual-cell-atlas/scbasecount/2026-01-12/h5ad/GeneFull/Homo_sapiens/ERX9138786.h5ad,arc-institute-virtual-cell-atlas/scbasecount/2026-01-12/h5ad/GeneFull/Homo_sapiens/ERX9138786.h5ad,,2026-07-30 14:53:16,OSError: Project was not passed and could not be determined from the environment.
1012/1048,ERX9138742,failed,gs://arc-institute-virtual-cell-atlas/scbasecount/2026-01-12/h5ad/GeneFull/Homo_sapiens/ERX9138742.h5ad,arc-institute-virtual-cell-atlas/scbasecount/2026-01-12/h5ad/GeneFull/Homo_sapiens/ERX9138742.h5ad,,2026-07-30 14:53:16,OSError: Project was not passed and could not be determined from the environment.
1013/1048,ERX12558797,failed,gs://arc-institute-virtual-cell-atlas/scbasecount/2026-01-12/h5ad/GeneFull/Homo_sapiens/ERX12558797.h5ad,arc-institute-virtual-cell-atlas/scbasecount/2026-01-12/h5ad/GeneFull/Homo_sapiens/ERX12558797.h5ad,,2026-07-30 14:53:16,OSError: Project was not passed and could not be determined from the environment.
1014/1048,ERX9138879,failed,gs://arc-institute-virtual-cell-atlas/scbasecount/2026-01-12/h5ad/GeneFull/Homo_sapiens/ERX9138879.h5ad,arc-institute-virtual-cell-atlas/scbasecount/2026-01-12/h5ad/GeneFull/Homo_sapiens/ERX9138879.h5ad,,2026-07-30 14:53:16,OSError: Project was not passed and could not be determined from the environment.
1015/1048,ERX12558759,failed,gs://arc-institute-virtual-cell-atlas/scbasecount/2026-01-12/h5ad/GeneFull/Homo_sapiens/ERX12558759.h5ad,arc-institute-virtual-cell-atlas/scbasecount/2026-01-12/h5ad/GeneFull/Homo_sapiens/ERX12558759.h5ad,,2026-07-30 14:53:16,OSError: Project was not passed and could not be determined from the environment.
1016/1048,ERX9138765,failed,gs://arc-institute-virtual-cell-atlas/scbasecount/2026-01-12/h5ad/GeneFull/Homo_sapiens/ERX9138765.h5ad,arc-institute-virtual-cell-atlas/scbasecount/2026-01-12/h5ad/GeneFull/Homo_sapiens/ERX9138765.h5ad,,2026-07-30 14:53:16,OSError: Project was not passed and could not be determined from the environment.
1017/1048,ERX12558812,failed,gs://arc-institute-virtual-cell-atlas/scbasecount/2026-01-12/h5ad/GeneFull/Homo_sapiens/ERX12558812.h5ad,arc-institute-virtual-cell-atlas/scbasecount/2026-01-12/h5ad/GeneFull/Homo_sapiens/ERX12558812.h5ad,,2026-07-30 14:53:16,OSError: Project was not passed and could not be determined from the environment.
1018/1048,SRX6726384,failed,gs://arc-institute-virtual-cell-atlas/scbasecount/2026-01-12/h5ad/GeneFull/Homo_sapiens/SRX6726384.h5ad,arc-institute-virtual-cell-atlas/scbasecount/2026-01-12/h5ad/GeneFull/Homo_sapiens/SRX6726384.h5ad,,2026-07-30 14:53:16,OSError: Project was not passed and could not be determined from the environment.
1019/1048,ERX12558788,failed,gs://arc-institute-virtual-cell-atlas/scbasecount/2026-01-12/h5ad/GeneFull/Homo_sapiens/ERX12558788.h5ad,arc-institute-virtual-cell-atlas/scbasecount/2026-01-12/h5ad/GeneFull/Homo_sapiens/ERX12558788.h5ad,,2026-07-30 14:53:16,OSError: Project was not passed and could not be determined from the environment.
1020/1048,ERX9138783,failed,gs://arc-institute-virtual-cell-atlas/scbasecount/2026-01-12/h5ad/GeneFull/Homo_sapiens/ERX9138783.h5ad,arc-institute-virtual-cell-atlas/scbasecount/2026-01-12/h5ad/GeneFull/Homo_sapiens/ERX9138783.h5ad,,2026-07-30 14:53:16,OSError: Project was not passed and could not be determined from the environment.
1021/1048,SRX6726391,failed,gs://arc-institute-virtual-cell-atlas/scbasecount/2026-01-12/h5ad/GeneFull/Homo_sapiens/SRX6726391.h5ad,arc-institute-virtual-cell-atlas/scbasecount/2026-01-12/h5ad/GeneFull/Homo_sapiens/SRX6726391.h5ad,,2026-07-30 14:53:16,OSError: Project was not passed and could not be determined from the environment.
1022/1048,ERX9138859,failed,gs://arc-institute-virtual-cell-atlas/scbasecount/2026-01-12/h5ad/GeneFull/Homo_sapiens/ERX9138859.h5ad,arc-institute-virtual-cell-atlas/scbasecount/2026-01-12/h5ad/GeneFull/Homo_sapiens/ERX9138859.h5ad,,2026-07-30 14:53:16,OSError: Project was not passed and could not be determined from the environment.
1023/1048,ERX12558783,failed,gs://arc-institute-virtual-cell-atlas/scbasecount/2026-01-12/h5ad/GeneFull/Homo_sapiens/ERX12558783.h5ad,arc-institute-virtual-cell-atlas/scbasecount/2026-01-12/h5ad/GeneFull/Homo_sapiens/ERX12558783.h5ad,,2026-07-30 14:53:16,OSError: Project was not passed and could not be determined from the environment.
1024/1048,ERX9138898,failed,gs://arc-institute-virtual-cell-atlas/scbasecount/2026-01-12/h5ad/GeneFull/Homo_sapiens/ERX9138898.h5ad,arc-institute-virtual-cell-atlas/scbasecount/2026-01-12/h5ad/GeneFull/Homo_sapiens/ERX9138898.h5ad,,2026-07-30 14:53:16,OSError: Project was not passed and could not be determined from the environment.
1025/1048,ERX9138829,failed,gs://arc-institute-virtual-cell-atlas/scbasecount/2026-01-12/h5ad/GeneFull/Homo_sapiens/ERX9138829.h5ad,arc-institute-virtual-cell-atlas/scbasecount/2026-01-12/h5ad/GeneFull/Homo_sapiens/ERX9138829.h5ad,,2026-07-30 14:53:16,OSError: Project was not passed and could not be determined from the environment.
1026/1048,ERX12558756,failed,gs://arc-institute-virtual-cell-atlas/scbasecount/2026-01-12/h5ad/GeneFull/Homo_sapiens/ERX12558756.h5ad,arc-institute-virtual-cell-atlas/scbasecount/2026-01-12/h5ad/GeneFull/Homo_sapiens/ERX12558756.h5ad,,2026-07-30 14:53:16,OSError: Project was not passed and could not be determined from the environment.
1027/1048,ERX9138781,failed,gs://arc-institute-virtual-cell-atlas/scbasecount/2026-01-12/h5ad/GeneFull/Homo_sapiens/ERX9138781.h5ad,arc-institute-virtual-cell-atlas/scbasecount/2026-01-12/h5ad/GeneFull/Homo_sapiens/ERX9138781.h5ad,,2026-07-30 14:53:16,OSError: Project was not passed and could not be determined from the environment.
1028/1048,ERX9138775,failed,gs://arc-institute-virtual-cell-atlas/scbasecount/2026-01-12/h5ad/GeneFull/Homo_sapiens/ERX9138775.h5ad,arc-institute-virtual-cell-atlas/scbasecount/2026-01-12/h5ad/GeneFull/Homo_sapiens/ERX9138775.h5ad,,2026-07-30 14:53:16,OSError: Project was not passed and could not be determined from the environment.
1029/1048,ERX9138818,failed,gs://arc-institute-virtual-cell-atlas/scbasecount/2026-01-12/h5ad/GeneFull/Homo_sapiens/ERX9138818.h5ad,arc-institute-virtual-cell-atlas/scbasecount/2026-01-12/h5ad/GeneFull/Homo_sapiens/ERX9138818.h5ad,,2026-07-30 14:53:16,OSError: Project was not passed and could not be determined from the environment.
1030/1048,ERX9138807,failed,gs://arc-institute-virtual-cell-atlas/scbasecount/2026-01-12/h5ad/GeneFull/Homo_sapiens/ERX9138807.h5ad,arc-institute-virtual-cell-atlas/scbasecount/2026-01-12/h5ad/GeneFull/Homo_sapiens/ERX9138807.h5ad,,2026-07-30 14:53:16,OSError: Project was not passed and could not be determined from the environment.
1031/1048,ERX12558775,failed,gs://arc-institute-virtual-cell-atlas/scbasecount/2026-01-12/h5ad/GeneFull/Homo_sapiens/ERX12558775.h5ad,arc-institute-virtual-cell-atlas/scbasecount/2026-01-12/h5ad/GeneFull/Homo_sapiens/ERX12558775.h5ad,,2026-07-30 14:53:16,OSError: Project was not passed and could not be determined from the environment.
1032/1048,ERX12558801,failed,gs://arc-institute-virtual-cell-atlas/scbasecount/2026-01-12/h5ad/GeneFull/Homo_sapiens/ERX12558801.h5ad,arc-institute-virtual-cell-atlas/scbasecount/2026-01-12/h5ad/GeneFull/Homo_sapiens/ERX12558801.h5ad,,2026-07-30 14:53:16,OSError: Project was not passed and could not be determined from the environment.
1033/1048,SRX6726369,failed,gs://arc-institute-virtual-cell-atlas/scbasecount/2026-01-12/h5ad/GeneFull/Homo_sapiens/SRX6726369.h5ad,arc-institute-virtual-cell-atlas/scbasecount/2026-01-12/h5ad/GeneFull/Homo_sapiens/SRX6726369.h5ad,,2026-07-30 14:53:16,OSError: Project was not passed and could not be determined from the environment.
1034/1048,ERX9138857,failed,gs://arc-institute-virtual-cell-atlas/scbasecount/2026-01-12/h5ad/GeneFull/Homo_sapiens/ERX9138857.h5ad,arc-institute-virtual-cell-atlas/scbasecount/2026-01-12/h5ad/GeneFull/Homo_sapiens/ERX9138857.h5ad,,2026-07-30 14:53:16,OSError: Project was not passed and could not be determined from the environment.
1035/1048,ERX9138784,failed,gs://arc-institute-virtual-cell-atlas/scbasecount/2026-01-12/h5ad/GeneFull/Homo_sapiens/ERX9138784.h5ad,arc-institute-virtual-cell-atlas/scbasecount/2026-01-12/h5ad/GeneFull/Homo_sapiens/ERX9138784.h5ad,,2026-07-30 14:53:16,OSError: Project was not passed and could not be determined from the environment.
1036/1048,ERX9138881,failed,gs://arc-institute-virtual-cell-atlas/scbasecount/2026-01-12/h5ad/GeneFull/Homo_sapiens/ERX9138881.h5ad,arc-institute-virtual-cell-atlas/scbasecount/2026-01-12/h5ad/GeneFull/Homo_sapiens/ERX9138881.h5ad,,2026-07-30 14:53:16,OSError: Project was not passed and could not be determined from the environment.
1037/1048,ERX9138796,failed,gs://arc-institute-virtual-cell-atlas/scbasecount/2026-01-12/h5ad/GeneFull/Homo_sapiens/ERX9138796.h5ad,arc-institute-virtual-cell-atlas/scbasecount/2026-01-12/h5ad/GeneFull/Homo_sapiens/ERX9138796.h5ad,,2026-07-30 14:53:16,OSError: Project was not passed and could not be determined from the environment.
1038/1048,ERX9138900,failed,gs://arc-institute-virtual-cell-atlas/scbasecount/2026-01-12/h5ad/GeneFull/Homo_sapiens/ERX9138900.h5ad,arc-institute-virtual-cell-atlas/scbasecount/2026-01-12/h5ad/GeneFull/Homo_sapiens/ERX9138900.h5ad,,2026-07-30 14:53:16,OSError: Project was not passed and could not be determined from the environment.
1039/1048,ERX9138754,failed,gs://arc-institute-virtual-cell-atlas/scbasecount/2026-01-12/h5ad/GeneFull/Homo_sapiens/ERX9138754.h5ad,arc-institute-virtual-cell-atlas/scbasecount/2026-01-12/h5ad/GeneFull/Homo_sapiens/ERX9138754.h5ad,,2026-07-30 14:53:16,OSError: Project was not passed and could not be determined from the environment.
1040/1048,ERX9138836,failed,gs://arc-institute-virtual-cell-atlas/scbasecount/2026-01-12/h5ad/GeneFull/Homo_sapiens/ERX9138836.h5ad,arc-institute-virtual-cell-atlas/scbasecount/2026-01-12/h5ad/GeneFull/Homo_sapiens/ERX9138836.h5ad,,2026-07-30 14:53:16,OSError: Project was not passed and could not be determined from the environment.
1041/1048,ERX9138830,failed,gs://arc-institute-virtual-cell-atlas/scbasecount/2026-01-12/h5ad/GeneFull/Homo_sapiens/ERX9138830.h5ad,arc-institute-virtual-cell-atlas/scbasecount/2026-01-12/h5ad/GeneFull/Homo_sapiens/ERX9138830.h5ad,,2026-07-30 14:53:16,OSError: Project was not passed and could not be determined from the environment.
1042/1048,ERX12558768,failed,gs://arc-institute-virtual-cell-atlas/scbasecount/2026-01-12/h5ad/GeneFull/Homo_sapiens/ERX12558768.h5ad,arc-institute-virtual-cell-atlas/scbasecount/2026-01-12/h5ad/GeneFull/Homo_sapiens/ERX12558768.h5ad,,2026-07-30 14:53:16,OSError: Project was not passed and could not be determined from the environment.
1043/1048,ERX9138882,failed,gs://arc-institute-virtual-cell-atlas/scbasecount/2026-01-12/h5ad/GeneFull/Homo_sapiens/ERX9138882.h5ad,arc-institute-virtual-cell-atlas/scbasecount/2026-01-12/h5ad/GeneFull/Homo_sapiens/ERX9138882.h5ad,,2026-07-30 14:53:16,OSError: Project was not passed and could not be determined from the environment.
1044/1048,ERX12558767,failed,gs://arc-institute-virtual-cell-atlas/scbasecount/2026-01-12/h5ad/GeneFull/Homo_sapiens/ERX12558767.h5ad,arc-institute-virtual-cell-atlas/scbasecount/2026-01-12/h5ad/GeneFull/Homo_sapiens/ERX12558767.h5ad,,2026-07-30 14:53:16,OSError: Project was not passed and could not be determined from the environment.
1045/1048,ERX9138759,failed,gs://arc-institute-virtual-cell-atlas/scbasecount/2026-01-12/h5ad/GeneFull/Homo_sapiens/ERX9138759.h5ad,arc-institute-virtual-cell-atlas/scbasecount/2026-01-12/h5ad/GeneFull/Homo_sapiens/ERX9138759.h5ad,,2026-07-30 14:53:16,OSError: Project was not passed and could not be determined from the environment.
1046/1048,ERX9138825,failed,gs://arc-institute-virtual-cell-atlas/scbasecount/2026-01-12/h5ad/GeneFull/Homo_sapiens/ERX9138825.h5ad,arc-institute-virtual-cell-atlas/scbasecount/2026-01-12/h5ad/GeneFull/Homo_sapiens/ERX9138825.h5ad,,2026-07-30 14:53:16,OSError: Project was not passed and could not be determined from the environment.
1047/1048,ERX9138885,failed,gs://arc-institute-virtual-cell-atlas/scbasecount/2026-01-12/h5ad/GeneFull/Homo_sapiens/ERX9138885.h5ad,arc-institute-virtual-cell-atlas/scbasecount/2026-01-12/h5ad/GeneFull/Homo_sapiens/ERX9138885.h5ad,,2026-07-30 14:53:16,OSError: Project was not passed and could not be determined from the environment.
1048/1048,ERX9138760,failed,gs://arc-institute-virtual-cell-atlas/scbasecount/2026-01-12/h5ad/GeneFull/Homo_sapiens/ERX9138760.h5ad,arc-institute-virtual-cell-atlas/scbasecount/2026-01-12/h5ad/GeneFull/Homo_sapiens/ERX9138760.h5ad,,2026-07-30 14:53:16,OSError: Project was not passed and could not be determined from the environment.
